,capture_id,donor_id,n_genes_by_counts,total_counts,total_counts_mt,pct_counts_mt,total_counts_hemoglobin,pct_counts_hemoglobin,total_counts_stress,pct_counts_stress,total_counts_cycling,pct_counts_cycling,total_counts_ribosomal,pct_counts_ribosomal,fails_low_genes,fails_low_umis,fails_mt,passes_core_qc,review_high_hemoglobin,review_high_stress,review_high_cycling,review_high_ribosomal,review_high_umis,sample_id,clinical_subtype,treatment_status,timepoint,capture_scope,chemistry_status,malignancy_status,doublet_score,doublet_class,doublet_partition,passes_QC,qc_failure_reasons,miqc_prob_compromised,miqc_candidate_keep,miqc_alternate_candidate_keep,author_compartment
CID3941_AAAGTAGTCCTTGCCA,CID3941-sample-proxy,CID3941,1092,2252,144,6.394316163410302,0,0.0,19,0.8436944937833037,0,0.0,433,19.22735346358792,False,False,False,True,False,False,False,False,False,CID3941,ER+,pre-treatment primary tumor (study-level methods),baseline primary tumor,sample_proxy_unresolved,unresolved,not_assessed,0.334412160504156,singlet,CID3941-sample-proxy,True,,0.52001200475559,True,True,Endothelial
CID3941_ACAGCCGAGCTCTCGG,CID3941-sample-proxy,CID3941,2456,6685,578,8.646222887060585,0,0.0,79,1.1817501869857892,1,0.014958863126402395,985,14.734480179506356,False,False,False,True,False,False,True,False,False,CID3941,ER+,pre-treatment primary tumor (study-level methods),baseline primary tumor,sample_proxy_unresolved,unresolved,not_assessed,0.385629990416744,singlet,CID3941-sample-proxy,True,,0.858818368041403,False,False,Endothelial
CID3941_ACGCAGCAGGACCACA,CID3941-sample-proxy,CID3941,2335,6818,335,4.913464359049575,0,0.0,54,0.792021120563215,1,0.014667057788207686,1343,19.69785860956292,False,False,False,True,False,False,True,False,False,CID3941,ER+,pre-treatment primary tumor (study-level methods),baseline primary tumor,sample_proxy_unresolved,unresolved,not_assessed,0.45816779048053,singlet,CID3941-sample-proxy,True,,0.0825498886003675,True,True,Endothelial
CID3941_ACGCAGCCAGCTGTAT,CID3941-sample-proxy,CID3941,2305,7904,740,9.362348178137651,0,0.0,180,2.277327935222672,1,0.012651821862348178,1362,17.231781376518217,False,False,False,True,False,False,True,False,True,CID3941,ER+,pre-treatment primary tumor (study-level methods),baseline primary tumor,sample_proxy_unresolved,unresolved,not_assessed,0.397245520222228,singlet,CID3941-sample-proxy,True,,0.958194437626755,False,False,Endothelial
CID3941_ACTTTCACAGCCTGTG,CID3941-sample-proxy,CID3941,1517,3683,202,5.484659245180559,0,0.0,17,0.4615802335052946,0,0.0,853,23.160467010589194,False,False,False,True,False,False,False,False,False,CID3941,ER+,pre-treatment primary tumor (study-level methods),baseline primary tumor,sample_proxy_unresolved,unresolved,not_assessed,0.441793897845507,singlet,CID3941-sample-proxy,True,,0.261335269697699,True,True,Endothelial
CID3941_AGCTCCTAGGTCGGAT,CID3941-sample-proxy,CID3941,912,2137,108,5.053813757604118,0,0.0,17,0.7955077211043519,1,0.04679457182966776,462,21.619092185306503,False,False,False,True,False,False,True,False,False,CID3941,ER+,pre-treatment primary tumor (study-level methods),baseline primary tumor,sample_proxy_unresolved,unresolved,not_assessed,0.318348307777649,singlet,CID3941-sample-proxy,True,,0.285680129893755,True,True,Endothelial
CID3941_ATCACGAGTAGCTCCG,CID3941-sample-proxy,CID3941,1536,3817,186,4.872936861409484,0,0.0,18,0.47157453497511137,0,0.0,869,22.76657060518732,False,False,False,True,False,False,False,False,False,CID3941,ER+,pre-treatment primary tumor (study-level methods),baseline primary tumor,sample_proxy_unresolved,unresolved,not_assessed,0.362387485228987,singlet,CID3941-sample-proxy,True,,0.179919220106228,True,True,Endothelial
CID3941_CATGACAGTAGAGCTG,CID3941-sample-proxy,CID3941,1944,4935,251,5.086119554204661,0,0.0,124,2.5126646403242145,0,0.0,927,18.784194528875382,False,False,False,True,False,False,False,False,False,CID3941,ER+,pre-treatment primary tumor (study-level methods),baseline primary tumor,sample_proxy_unresolved,unresolved,not_assessed,0.414659502434072,singlet,CID3941-sample-proxy,True,,0.143613979473976,True,True,Endothelial
CID3941_CCTTCGAGTTCGTGAT,CID3941-sample-proxy,CID3941,3539,14602,502,3.4378852212025754,0,0.0,152,1.0409532940693056,0,0.0,3654,25.023969319271334,False,False,False,True,False,False,False,False,True,CID3941,ER+,pre-treatment primary tumor (study-level methods),baseline primary tumor,sample_proxy_unresolved,unresolved,not_assessed,0.551723049601002,singlet,CID3941-sample-proxy,True,,0.0040515195866514,True,True,Endothelial
CID3941_CGAACATTCCCAACGG,CID3941-sample-proxy,CID3941,1492,3354,277,8.258795468097793,0,0.0,147,4.382826475849732,0,0.0,453,13.506261180679784,False,False,False,True,False,True,False,False,False,CID3941,ER+,pre-treatment primary tumor (study-level methods),baseline primary tumor,sample_proxy_unresolved,unresolved,not_assessed,0.418230929052886,singlet,CID3941-sample-proxy,True,,0.886346135660319,False,False,Endothelial
CID3941_CGATCGGCACTACAGT,CID3941-sample-proxy,CID3941,1779,5561,283,5.089012767487862,0,0.0,28,0.5035065635677036,0,0.0,1666,29.95864053227837,False,False,False,True,False,False,False,False,False,CID3941,ER+,pre-treatment primary tumor (study-level methods),baseline primary tumor,sample_proxy_unresolved,unresolved,not_assessed,0.49405809201831,singlet,CID3941-sample-proxy,True,,0.167613768860027,True,True,Endothelial
CID3941_CGGGTCAGTTCAGCGC,CID3941-sample-proxy,CID3941,2042,6641,345,5.195000752898659,0,0.0,268,4.035536816744466,0,0.0,1496,22.526727902424334,False,False,False,True,False,True,False,False,False,CID3941,ER+,pre-treatment primary tumor (study-level methods),baseline primary tumor,sample_proxy_unresolved,unresolved,not_assessed,0.491160403477927,singlet,CID3941-sample-proxy,True,,0.140188368241348,True,True,Endothelial
CID3941_CGTAGCGCACATAACC,CID3941-sample-proxy,CID3941,2547,8525,266,3.120234604105572,2,0.02346041055718475,206,2.4164222873900294,2,0.02346041055718475,2082,24.422287390029325,False,False,False,True,True,False,True,False,True,CID3941,ER+,pre-treatment primary tumor (study-level methods),baseline primary tumor,sample_proxy_unresolved,unresolved,not_assessed,0.452642485725017,singlet,CID3941-sample-proxy,True,,0.0222227834930813,True,True,Endothelial
CID3941_CGTCCATTCGCCATAA,CID3941-sample-proxy,CID3941,2176,6504,192,2.952029520295203,0,0.0,92,1.4145141451414514,0,0.0,1586,24.3849938499385,False,False,False,True,False,False,False,False,False,CID3941,ER+,pre-treatment primary tumor (study-level methods),baseline primary tumor,sample_proxy_unresolved,unresolved,not_assessed,0.471848945435032,singlet,CID3941-sample-proxy,True,,0.0364974172602609,True,True,Endothelial
CID3941_CTAGAGTGTAAAGGAG,CID3941-sample-proxy,CID3941,1353,3263,375,11.492491572172847,0,0.0,15,0.4596996628869139,0,0.0,600,18.387986515476555,False,False,True,False,False,False,False,False,False,CID3941,ER+,pre-treatment primary tumor (study-level methods),baseline primary tumor,sample_proxy_unresolved,unresolved,not_assessed,,not_called_core_qc_fail,CID3941-sample-proxy,False,fails_mt,0.999557901956882,False,False,Endothelial
CID3941_CTTACCGAGACTAGGC,CID3941-sample-proxy,CID3941,2215,6252,177,2.831094049904031,0,0.0,82,1.3115802943058221,1,0.01599488163787588,1444,23.09660908509277,False,False,False,True,False,False,True,False,False,CID3941,ER+,pre-treatment primary tumor (study-level methods),baseline primary tumor,sample_proxy_unresolved,unresolved,not_assessed,0.47450534822704,singlet,CID3941-sample-proxy,True,,0.0332252182279839,True,True,Endothelial
CID3941_GGATTACTCTCTGTCG,CID3941-sample-proxy,CID3941,1365,3273,231,7.057745187901008,0,0.0,161,4.919034524900702,0,0.0,396,12.098991750687443,False,False,False,True,False,True,False,False,False,CID3941,ER+,pre-treatment primary tumor (study-level methods),baseline primary tumor,sample_proxy_unresolved,unresolved,not_assessed,0.378812416939437,singlet,CID3941-sample-proxy,True,,0.648429068544434,True,True,Endothelial
CID3941_GTAACTGCAGCTGTGC,CID3941-sample-proxy,CID3941,1599,4342,166,3.8231229847996318,0,0.0,36,0.8291110087517274,0,0.0,1368,31.506218332565638,False,False,False,True,False,False,False,False,False,CID3941,ER+,pre-treatment primary tumor (study-level methods),baseline primary tumor,sample_proxy_unresolved,unresolved,not_assessed,0.44162435824266,singlet,CID3941-sample-proxy,True,,0.100610796713219,True,True,Endothelial
CID3941_GTAGTCAGTGCAGGTA,CID3941-sample-proxy,CID3941,4634,19734,824,4.175534610317219,1,0.005067396371744198,382,1.9357454140062835,3,0.015202189115232594,4068,20.614168440255394,False,False,False,True,True,False,True,False,True,CID3941,ER+,pre-treatment primary tumor (study-level methods),baseline primary tumor,sample_proxy_unresolved,unresolved,not_assessed,0.54778206101535,singlet,CID3941-sample-proxy,True,,0.0004883051346358,True,True,Endothelial
CID3941_TAGCCGGAGCACCGCT,CID3941-sample-proxy,CID3941,1392,2830,175,6.18374558303887,0,0.0,13,0.45936395759717313,1,0.0353356890459364,467,16.501766784452297,False,False,False,True,False,False,True,False,False,CID3941,ER+,pre-treatment primary tumor (study-level methods),baseline primary tumor,sample_proxy_unresolved,unresolved,not_assessed,0.35172648716869,singlet,CID3941-sample-proxy,True,,0.420877588535288,True,True,Endothelial
CID3941_TCTCTAAGTAGCGTCC,CID3941-sample-proxy,CID3941,1323,2714,255,9.39572586588062,0,0.0,32,1.1790714812085483,0,0.0,348,12.822402358142963,False,False,False,True,False,False,False,False,False,CID3941,ER+,pre-treatment primary tumor (study-level methods),baseline primary tumor,sample_proxy_unresolved,unresolved,not_assessed,0.303682420387796,singlet,CID3941-sample-proxy,True,,0.979378172381689,False,False,Endothelial
CID3941_TCTGGAATCTGTACGA,CID3941-sample-proxy,CID3941,1949,4872,244,5.008210180623974,0,0.0,162,3.32512315270936,0,0.0,663,13.608374384236452,False,False,False,True,False,False,False,False,False,CID3941,ER+,pre-treatment primary tumor (study-level methods),baseline primary tumor,sample_proxy_unresolved,unresolved,not_assessed,0.371932468443767,singlet,CID3941-sample-proxy,True,,0.13578514054211,True,True,Endothelial
CID3941_TTCGGTCCATGCAATC,CID3941-sample-proxy,CID3941,3720,16542,704,4.255833635594245,0,0.0,96,0.5803409503083061,0,0.0,3937,23.80002418087293,False,False,False,True,False,False,False,False,True,CID3941,ER+,pre-treatment primary tumor (study-level methods),baseline primary tumor,sample_proxy_unresolved,unresolved,not_assessed,0.486210108828122,singlet,CID3941-sample-proxy,True,,0.0047056496909351,True,True,Endothelial
CID3941_TTCTCCTCAACACCTA,CID3941-sample-proxy,CID3941,1705,4218,328,7.77619724988146,0,0.0,39,0.9246088193456615,0,0.0,808,19.155998103366525,False,False,False,True,False,False,False,False,False,CID3941,ER+,pre-treatment primary tumor (study-level methods),baseline primary tumor,sample_proxy_unresolved,unresolved,not_assessed,0.388811447130989,singlet,CID3941-sample-proxy,True,,0.77747277771986,False,False,Endothelial
CID3941_CTTCTCTCATCCGGGT,CID3941-sample-proxy,CID3941,1801,4028,101,2.5074478649453824,0,0.0,11,0.2730883813306852,0,0.0,772,19.165839126117177,False,False,False,True,False,False,False,False,False,CID3941,ER+,pre-treatment primary tumor (study-level methods),baseline primary tumor,sample_proxy_unresolved,unresolved,not_assessed,0.380792882647758,singlet,CID3941-sample-proxy,True,,0.0530918809710744,True,True,Endothelial
CID3941_ACACTGAAGTTCGATC,CID3941-sample-proxy,CID3941,840,1686,183,10.85409252669039,0,0.0,4,0.2372479240806643,0,0.0,305,18.09015421115065,False,False,True,False,False,False,False,False,False,CID3941,ER+,pre-treatment primary tumor (study-level methods),baseline primary tumor,sample_proxy_unresolved,unresolved,not_assessed,,not_called_core_qc_fail,CID3941-sample-proxy,False,fails_mt,0.99854567617548,False,False,Endothelial
CID3941_AGACGTTTCTTTACGT,CID3941-sample-proxy,CID3941,1386,2948,147,4.986431478968792,0,0.0,127,4.308005427408412,0,0.0,218,7.3948439620081405,False,False,False,True,False,True,False,False,False,CID3941,ER+,pre-treatment primary tumor (study-level methods),baseline primary tumor,sample_proxy_unresolved,unresolved,not_assessed,0.349066724396799,singlet,CID3941-sample-proxy,True,,0.213523286130006,True,True,Endothelial
CID3941_CCAATCCAGTATGACA,CID3941-sample-proxy,CID3941,2847,9017,416,4.613507818564933,0,0.0,183,2.0294998336475545,0,0.0,1129,12.520794055672619,False,False,False,True,False,False,False,False,True,CID3941,ER+,pre-treatment primary tumor (study-level methods),baseline primary tumor,sample_proxy_unresolved,unresolved,not_assessed,0.514756553683147,singlet,CID3941-sample-proxy,True,,0.0319149084164223,True,True,Endothelial
CID3941_CCATTCGAGTTGAGAT,CID3941-sample-proxy,CID3941,1061,1816,41,2.2577092511013213,0,0.0,21,1.1563876651982379,0,0.0,259,14.262114537444933,False,False,False,True,False,False,False,False,False,CID3941,ER+,pre-treatment primary tumor (study-level methods),baseline primary tumor,sample_proxy_unresolved,unresolved,not_assessed,0.449334015514738,singlet,CID3941-sample-proxy,True,,0.109062706813806,True,True,Endothelial
CID3941_CCTTCCCGTGTTCGAT,CID3941-sample-proxy,CID3941,951,1675,146,8.716417910447761,0,0.0,15,0.8955223880597015,0,0.0,206,12.298507462686567,False,False,False,True,False,False,False,False,False,CID3941,ER+,pre-treatment primary tumor (study-level methods),baseline primary tumor,sample_proxy_unresolved,unresolved,not_assessed,0.384624445668986,singlet,CID3941-sample-proxy,True,,0.950158009904147,False,False,Endothelial
CID3941_CGGCTAGAGTGCTGCC,CID3941-sample-proxy,CID3941,2072,6488,863,13.301479654747226,0,0.0,222,3.4217016029593097,0,0.0,791,12.19173859432799,False,False,True,False,False,True,False,False,False,CID3941,ER+,pre-treatment primary tumor (study-level methods),baseline primary tumor,sample_proxy_unresolved,unresolved,not_assessed,,not_called_core_qc_fail,CID3941-sample-proxy,False,fails_mt,0.999990943814757,False,False,Endothelial
CID3941_GATCAGTCAAGTAATG,CID3941-sample-proxy,CID3941,1599,3160,190,6.012658227848101,0,0.0,3,0.09493670886075949,1,0.03164556962025317,279,8.829113924050633,False,False,False,True,False,False,True,False,False,CID3941,ER+,pre-treatment primary tumor (study-level methods),baseline primary tumor,sample_proxy_unresolved,unresolved,not_assessed,0.328677270878816,singlet,CID3941-sample-proxy,True,,0.343412360555713,True,True,Endothelial
CID3941_TCCACACAGGAGTAGA,CID3941-sample-proxy,CID3941,2308,5456,155,2.840909090909091,0,0.0,133,2.437683284457478,1,0.018328445747800588,499,9.145894428152493,False,False,False,True,False,False,True,False,False,CID3941,ER+,pre-treatment primary tumor (study-level methods),baseline primary tumor,sample_proxy_unresolved,unresolved,not_assessed,0.512908104214349,singlet,CID3941-sample-proxy,True,,0.0290840690491781,True,True,Endothelial
CID3941_CACTCCATCAGCACAT,CID3941-sample-proxy,CID3941,921,1554,99,6.370656370656371,0,0.0,2,0.1287001287001287,0,0.0,140,9.00900900900901,False,False,False,True,False,False,False,False,False,CID3941,ER+,pre-treatment primary tumor (study-level methods),baseline primary tumor,sample_proxy_unresolved,unresolved,not_assessed,0.24958263005317,singlet,CID3941-sample-proxy,True,,0.536561290415966,True,True,Endothelial
CID3941_ACGATACAGTAGCGGT,CID3941-sample-proxy,CID3941,1073,2300,251,10.91304347826087,0,0.0,49,2.130434782608696,1,0.043478260869565216,340,14.782608695652174,False,False,True,False,False,False,True,False,False,CID3941,ER+,pre-treatment primary tumor (study-level methods),baseline primary tumor,sample_proxy_unresolved,unresolved,not_assessed,,not_called_core_qc_fail,CID3941-sample-proxy,False,fails_mt,0.998672190266922,False,False,Endothelial
CID3941_CTCAGAAAGCCGGTAA,CID3941-sample-proxy,CID3941,2943,8435,234,2.774155305275637,0,0.0,130,1.5411973918197985,0,0.0,1152,13.657379964433906,False,False,False,True,False,False,False,False,True,CID3941,ER+,pre-treatment primary tumor (study-level methods),baseline primary tumor,sample_proxy_unresolved,unresolved,not_assessed,0.575037144745784,singlet,CID3941-sample-proxy,True,,0.0097875589084628,True,True,Endothelial
CID3941_CTGCCTAAGAAACCTA,CID3941-sample-proxy,CID3941,685,1036,60,5.7915057915057915,0,0.0,0,0.0,0,0.0,93,8.976833976833976,False,False,False,True,False,False,False,False,False,CID3941,ER+,pre-treatment primary tumor (study-level methods),baseline primary tumor,sample_proxy_unresolved,unresolved,not_assessed,0.310518978795813,singlet,CID3941-sample-proxy,True,,0.435703599750946,True,True,Endothelial
CID3941_GATCGATAGAAACCTA,CID3941-sample-proxy,CID3941,1095,2329,90,3.864319450407901,0,0.0,22,0.9446114212108201,0,0.0,290,12.451696006869902,False,False,False,True,False,False,False,False,False,CID3941,ER+,pre-treatment primary tumor (study-level methods),baseline primary tumor,sample_proxy_unresolved,unresolved,not_assessed,0.356609479020872,singlet,CID3941-sample-proxy,True,,0.154159993412561,True,True,Endothelial
CID3941_GCTCTGTAGCTGCGAA,CID3941-sample-proxy,CID3941,2834,7399,169,2.28409244492499,0,0.0,140,1.8921475875118259,1,0.013515339910798757,843,11.393431544803352,False,False,False,True,False,False,True,False,True,CID3941,ER+,pre-treatment primary tumor (study-level methods),baseline primary tumor,sample_proxy_unresolved,unresolved,not_assessed,0.504652799518669,singlet,CID3941-sample-proxy,True,,0.0102796539637527,True,True,Endothelial
CID3941_TCCACACTCGATCCCT,CID3941-sample-proxy,CID3941,974,1983,73,3.681290973272819,0,0.0,115,5.799293998991427,0,0.0,299,15.07816439737771,False,False,False,True,False,True,False,False,False,CID3941,ER+,pre-treatment primary tumor (study-level methods),baseline primary tumor,sample_proxy_unresolved,unresolved,not_assessed,0.444551803823634,singlet,CID3941-sample-proxy,True,,0.156489379028324,True,True,Endothelial
CID3941_TCGAGGCTCCCTCTTT,CID3941-sample-proxy,CID3941,1024,1911,42,2.197802197802198,0,0.0,16,0.837257980115123,0,0.0,185,9.680795395081109,False,False,False,True,False,False,False,False,False,CID3941,ER+,pre-treatment primary tumor (study-level methods),baseline primary tumor,sample_proxy_unresolved,unresolved,not_assessed,0.399087328125919,singlet,CID3941-sample-proxy,True,,0.111870652200704,True,True,Endothelial
CID3941_TGACTTTAGTAGCCGA,CID3941-sample-proxy,CID3941,3752,13760,318,2.311046511627907,0,0.0,588,4.273255813953488,3,0.02180232558139535,1691,12.289244186046512,False,False,False,True,False,True,True,False,True,CID3941,ER+,pre-treatment primary tumor (study-level methods),baseline primary tumor,sample_proxy_unresolved,unresolved,not_assessed,0.484160549846009,singlet,CID3941-sample-proxy,True,,0.0015036298555411,True,True,Endothelial
CID3941_TTAGTTCTCTACTCAT,CID3941-sample-proxy,CID3941,650,1163,8,0.6878761822871883,0,0.0,1,0.08598452278589853,0,0.0,159,13.671539122957869,False,False,False,True,False,False,False,False,False,CID3941,ER+,pre-treatment primary tumor (study-level methods),baseline primary tumor,sample_proxy_unresolved,unresolved,not_assessed,0.38792263656548,singlet,CID3941-sample-proxy,True,,0.168200745374432,True,True,Endothelial
CID3941_AGTGTCATCCGTTGTC,CID3941-sample-proxy,CID3941,221,324,10,3.0864197530864197,0,0.0,0,0.0,0,0.0,84,25.925925925925924,True,True,False,False,False,False,False,False,False,CID3941,ER+,pre-treatment primary tumor (study-level methods),baseline primary tumor,sample_proxy_unresolved,unresolved,not_assessed,,not_called_core_qc_fail,CID3941-sample-proxy,False,fails_low_genes;fails_low_umis,0.193451703879079,True,True,Fibroblast
CID3941_CTGAAACGTCTAAAGA,CID3941-sample-proxy,CID3941,1214,2555,56,2.191780821917808,0,0.0,184,7.201565557729942,0,0.0,215,8.414872798434441,False,False,False,True,False,True,False,False,False,CID3941,ER+,pre-treatment primary tumor (study-level methods),baseline primary tumor,sample_proxy_unresolved,unresolved,not_assessed,0.445594192596683,singlet,CID3941-sample-proxy,True,,0.0949951880686247,True,True,Fibroblast
CID3941_GCTTGAAGTTATGTGC,CID3941-sample-proxy,CID3941,237,376,14,3.723404255319149,1,0.26595744680851063,0,0.0,0,0.0,143,38.03191489361702,True,True,False,False,True,False,False,False,False,CID3941,ER+,pre-treatment primary tumor (study-level methods),baseline primary tumor,sample_proxy_unresolved,unresolved,not_assessed,,not_called_core_qc_fail,CID3941-sample-proxy,False,fails_low_genes;fails_low_umis,0.219844134396782,True,True,Fibroblast
CID3941_CGAGCACCATGTAAGA,CID3941-sample-proxy,CID3941,287,471,23,4.8832271762208075,2,0.42462845010615713,2,0.42462845010615713,0,0.0,83,17.62208067940552,True,True,False,False,True,False,False,False,False,CID3941,ER+,pre-treatment primary tumor (study-level methods),baseline primary tumor,sample_proxy_unresolved,unresolved,not_assessed,,not_called_core_qc_fail,CID3941-sample-proxy,False,fails_low_genes;fails_low_umis,0.319855303097351,True,True,Fibroblast
CID3941_GCGAGAATCCCGGATG,CID3941-sample-proxy,CID3941,2156,5525,325,5.88235294117647,0,0.0,190,3.4389140271493215,1,0.018099547511312215,552,9.990950226244344,False,False,False,True,False,True,True,False,False,CID3941,ER+,pre-treatment primary tumor (study-level methods),baseline primary tumor,sample_proxy_unresolved,unresolved,not_assessed,0.393600952576396,singlet,CID3941-sample-proxy,True,,0.206938752147241,True,True,Fibroblast
CID3941_GGAATAAAGGCATTGG,CID3941-sample-proxy,CID3941,275,513,9,1.7543859649122806,0,0.0,0,0.0,0,0.0,165,32.16374269005848,True,True,False,False,False,False,False,False,False,CID3941,ER+,pre-treatment primary tumor (study-level methods),baseline primary tumor,sample_proxy_unresolved,unresolved,not_assessed,,not_called_core_qc_fail,CID3941-sample-proxy,False,fails_low_genes;fails_low_umis,0.178270902387656,True,True,Fibroblast
CID3941_ACGTCAAGTAAACCTC,CID3941-sample-proxy,CID3941,2915,10090,298,2.953419226957384,0,0.0,64,0.6342913776015857,0,0.0,1960,19.425173439048564,False,False,False,True,False,False,False,False,True,CID3941,ER+,pre-treatment primary tumor (study-level methods),baseline primary tumor,sample_proxy_unresolved,unresolved,not_assessed,0.481827639849567,singlet,CID3941-sample-proxy,True,,0.0110458502302694,True,True,Fibroblast
CID3941_GTGTGCGTCTGGCGTG,CID3941-sample-proxy,CID3941,1091,2454,125,5.093724531377343,0,0.0,27,1.1002444987775062,1,0.040749796251018745,291,11.858190709046456,False,False,False,True,False,False,True,False,False,CID3941,ER+,pre-treatment primary tumor (study-level methods),baseline primary tumor,sample_proxy_unresolved,unresolved,not_assessed,0.410687557070607,singlet,CID3941-sample-proxy,True,,0.268352628484827,True,True,Fibroblast
CID3941_AAACCTGCACCCAGTG,CID3941-sample-proxy,CID3941,1436,4197,196,4.670002382654277,0,0.0,167,3.979032642363593,0,0.0,726,17.29807005003574,False,False,False,True,False,True,False,False,False,CID3941,ER+,pre-treatment primary tumor (study-level methods),baseline primary tumor,sample_proxy_unresolved,unresolved,not_assessed,0.338106235649345,singlet,CID3941-sample-proxy,True,,0.173752984102682,True,True,Perivascular
CID3941_ACGCCGATCACCACCT,CID3941-sample-proxy,CID3941,779,1577,225,14.267596702599874,0,0.0,55,3.487634749524413,0,0.0,173,10.970196575776791,False,False,True,False,False,True,False,False,False,CID3941,ER+,pre-treatment primary tumor (study-level methods),baseline primary tumor,sample_proxy_unresolved,unresolved,not_assessed,,not_called_core_qc_fail,CID3941-sample-proxy,False,fails_mt,0.999999313407664,False,False,Perivascular
CID3941_AGATCTGGTCCAGTAT,CID3941-sample-proxy,CID3941,746,1558,41,2.631578947368421,0,0.0,115,7.381258023106548,1,0.06418485237483953,214,13.735558408215661,False,False,False,True,False,True,True,False,False,CID3941,ER+,pre-treatment primary tumor (study-level methods),baseline primary tumor,sample_proxy_unresolved,unresolved,not_assessed,0.248633224446004,singlet,CID3941-sample-proxy,True,,0.142166150734341,True,True,Perivascular
CID3941_CGATCGGGTACTCTCC,CID3941-sample-proxy,CID3941,1788,4181,60,1.435063381966037,0,0.0,22,0.5261899067208802,0,0.0,428,10.236785458024396,False,False,False,True,False,False,False,False,False,CID3941,ER+,pre-treatment primary tumor (study-level methods),baseline primary tumor,sample_proxy_unresolved,unresolved,not_assessed,0.330711700832468,singlet,CID3941-sample-proxy,True,,0.0487454937957942,True,True,Perivascular
CID3941_CTCCTAGTCGTCCAGG,CID3941-sample-proxy,CID3941,2658,8532,362,4.242850445382091,0,0.0,175,2.0511017346460383,0,0.0,1753,20.546179090482887,False,False,False,True,False,False,False,False,True,CID3941,ER+,pre-treatment primary tumor (study-level methods),baseline primary tumor,sample_proxy_unresolved,unresolved,not_assessed,0.454522189922028,singlet,CID3941-sample-proxy,True,,0.0334096721168883,True,True,Perivascular
CID3941_GCATGTATCCGCAGTG,CID3941-sample-proxy,CID3941,1490,3540,170,4.80225988700565,0,0.0,153,4.322033898305085,0,0.0,443,12.514124293785311,False,False,False,True,False,True,False,False,False,CID3941,ER+,pre-treatment primary tumor (study-level methods),baseline primary tumor,sample_proxy_unresolved,unresolved,not_assessed,0.268190210595959,singlet,CID3941-sample-proxy,True,,0.179151590004772,True,True,Perivascular
CID3941_GGAACTTGTCTAAACC,CID3941-sample-proxy,CID3941,799,1712,197,11.507009345794392,0,0.0,18,1.0514018691588785,0,0.0,275,16.063084112149532,False,False,True,False,False,False,False,False,False,CID3941,ER+,pre-treatment primary tumor (study-level methods),baseline primary tumor,sample_proxy_unresolved,unresolved,not_assessed,,not_called_core_qc_fail,CID3941-sample-proxy,False,fails_mt,0.999593911488534,False,False,Perivascular
CID3941_GGCCGATGTAGAAGGA,CID3941-sample-proxy,CID3941,1689,3955,146,3.6915297092288246,0,0.0,73,1.8457648546144123,0,0.0,608,15.372945638432364,False,False,False,True,False,False,False,False,False,CID3941,ER+,pre-treatment primary tumor (study-level methods),baseline primary tumor,sample_proxy_unresolved,unresolved,not_assessed,0.399281532947077,singlet,CID3941-sample-proxy,True,,0.0870427393510366,True,True,Perivascular
CID3941_GTAACGTGTGAGTGAC,CID3941-sample-proxy,CID3941,1819,5213,353,6.771532706694801,0,0.0,188,3.6063686936504893,0,0.0,973,18.664876270861306,False,False,False,True,False,True,False,False,False,CID3941,ER+,pre-treatment primary tumor (study-level methods),baseline primary tumor,sample_proxy_unresolved,unresolved,not_assessed,0.407911582327942,singlet,CID3941-sample-proxy,True,,0.483179780436496,True,True,Perivascular
CID3941_GTCACAAAGGCATGTG,CID3941-sample-proxy,CID3941,844,1771,221,12.478825522303783,0,0.0,65,3.6702428006775834,0,0.0,229,12.93054771315641,False,False,True,False,False,True,False,False,False,CID3941,ER+,pre-treatment primary tumor (study-level methods),baseline primary tumor,sample_proxy_unresolved,unresolved,not_assessed,,not_called_core_qc_fail,CID3941-sample-proxy,False,fails_mt,0.999948807359976,False,False,Perivascular
CID3941_TCCACACCATTGTGCA,CID3941-sample-proxy,CID3941,603,1088,124,11.397058823529411,0,0.0,29,2.6654411764705883,0,0.0,127,11.67279411764706,False,False,True,False,False,False,False,False,False,CID3941,ER+,pre-treatment primary tumor (study-level methods),baseline primary tumor,sample_proxy_unresolved,unresolved,not_assessed,,not_called_core_qc_fail,CID3941-sample-proxy,False,fails_mt,0.999484238903924,False,False,Perivascular
CID3941_TTGGCAACAAAGCGGT,CID3941-sample-proxy,CID3941,374,591,21,3.5532994923857872,0,0.0,39,6.598984771573605,0,0.0,97,16.412859560067684,False,True,False,False,False,True,False,False,False,CID3941,ER+,pre-treatment primary tumor (study-level methods),baseline primary tumor,sample_proxy_unresolved,unresolved,not_assessed,,not_called_core_qc_fail,CID3941-sample-proxy,False,fails_low_umis,0.201909043705023,True,True,Perivascular
CID3941_ATCCGAACATTTCAGG,CID3941-sample-proxy,CID3941,2710,9117,360,3.948667324777887,0,0.0,137,1.5026872874849182,0,0.0,1802,19.765273664582647,False,False,False,True,False,False,False,False,True,CID3941,ER+,pre-treatment primary tumor (study-level methods),baseline primary tumor,sample_proxy_unresolved,unresolved,not_assessed,0.346566375856704,singlet,CID3941-sample-proxy,True,,0.0257249313135368,True,True,Perivascular
CID3941_CACATTTAGCGTAGTG,CID3941-sample-proxy,CID3941,1149,2659,231,8.687476494922903,0,0.0,30,1.1282437006393382,0,0.0,432,16.246709289206468,False,False,False,True,False,False,False,False,False,CID3941,ER+,pre-treatment primary tumor (study-level methods),baseline primary tumor,sample_proxy_unresolved,unresolved,not_assessed,0.34943342452004,singlet,CID3941-sample-proxy,True,,0.944749342866147,False,False,Perivascular
CID3941_CACTCCAGTGCAGGTA,CID3941-sample-proxy,CID3941,1664,4240,156,3.6792452830188678,0,0.0,180,4.245283018867925,0,0.0,585,13.797169811320757,False,False,False,True,False,True,False,False,False,CID3941,ER+,pre-treatment primary tumor (study-level methods),baseline primary tumor,sample_proxy_unresolved,unresolved,not_assessed,0.32466939680584,singlet,CID3941-sample-proxy,True,,0.088847965128879,True,True,Perivascular
CID3941_CATGGCGCAGCTCCGA,CID3941-sample-proxy,CID3941,1360,2789,58,2.0795984223736106,0,0.0,95,3.4062387952671207,0,0.0,421,15.095016134815346,False,False,False,True,False,False,False,False,False,CID3941,ER+,pre-treatment primary tumor (study-level methods),baseline primary tumor,sample_proxy_unresolved,unresolved,not_assessed,0.318351748666543,singlet,CID3941-sample-proxy,True,,0.0818279842984937,True,True,Perivascular
CID3941_CGTCTACGTCTAGTCA,CID3941-sample-proxy,CID3941,396,649,65,10.015408320493066,0,0.0,0,0.0,0,0.0,112,17.257318952234208,False,True,True,False,False,False,False,False,False,CID3941,ER+,pre-treatment primary tumor (study-level methods),baseline primary tumor,sample_proxy_unresolved,unresolved,not_assessed,,not_called_core_qc_fail,CID3941-sample-proxy,False,fails_low_umis;fails_mt,0.993413496773637,False,False,Perivascular
CID3941_CGTTGGGAGGCTATCT,CID3941-sample-proxy,CID3941,2111,6606,312,4.72297910990009,0,0.0,248,3.754162882228277,0,0.0,1272,19.255222524977295,False,False,False,True,False,True,False,False,False,CID3941,ER+,pre-treatment primary tumor (study-level methods),baseline primary tumor,sample_proxy_unresolved,unresolved,not_assessed,0.369444713850578,singlet,CID3941-sample-proxy,True,,0.0949318974481956,True,True,Perivascular
CID3941_GACTGCGAGTGGAGAA,CID3941-sample-proxy,CID3941,1975,5121,195,3.8078500292911546,0,0.0,163,3.182972075766452,0,0.0,852,16.637375512595195,False,False,False,True,False,False,False,False,False,CID3941,ER+,pre-treatment primary tumor (study-level methods),baseline primary tumor,sample_proxy_unresolved,unresolved,not_assessed,0.330215089930772,singlet,CID3941-sample-proxy,True,,0.0667528482012009,True,True,Perivascular
CID3941_TTGTAGGGTCCGAACC,CID3941-sample-proxy,CID3941,2798,9627,403,4.1861431390879815,0,0.0,316,3.2824348187389636,0,0.0,1346,13.981510335514699,False,False,False,True,False,False,False,False,True,CID3941,ER+,pre-treatment primary tumor (study-level methods),baseline primary tumor,sample_proxy_unresolved,unresolved,not_assessed,0.412530759347071,singlet,CID3941-sample-proxy,True,,0.0257932314225015,True,True,Perivascular
CID3941_AACGTTGTCGTGACAT,CID3941-sample-proxy,CID3941,1278,2688,137,5.096726190476191,0,0.0,24,0.8928571428571428,1,0.03720238095238095,331,12.313988095238097,False,False,False,True,False,False,True,False,False,CID3941,ER+,pre-treatment primary tumor (study-level methods),baseline primary tumor,sample_proxy_unresolved,unresolved,not_assessed,0.306818793092065,singlet,CID3941-sample-proxy,True,,0.242729727885086,True,True,Perivascular
CID3941_ACTGTCCTCTGCTGTC,CID3941-sample-proxy,CID3941,2274,7016,163,2.3232611174458384,0,0.0,248,3.534777651083238,0,0.0,1064,15.16533637400228,False,False,False,True,False,True,False,False,False,CID3941,ER+,pre-treatment primary tumor (study-level methods),baseline primary tumor,sample_proxy_unresolved,unresolved,not_assessed,0.299049594278873,singlet,CID3941-sample-proxy,True,,0.0266761756699636,True,True,Perivascular
CID3941_CACATTTGTGTGCGTC,CID3941-sample-proxy,CID3941,1584,4181,128,3.061468548194212,0,0.0,174,4.1616838077015075,1,0.02391772303276728,837,20.019134178426214,False,False,False,True,False,True,True,False,False,CID3941,ER+,pre-treatment primary tumor (study-level methods),baseline primary tumor,sample_proxy_unresolved,unresolved,not_assessed,0.476269988171533,singlet,CID3941-sample-proxy,True,,0.0777851298240729,True,True,Perivascular
CID3941_GATCGCGAGAGTGACC,CID3941-sample-proxy,CID3941,1612,3823,182,4.760659168192519,0,0.0,47,1.2294009939837824,1,0.02615746795710175,503,13.157206382422181,False,False,False,True,False,False,True,False,False,CID3941,ER+,pre-treatment primary tumor (study-level methods),baseline primary tumor,sample_proxy_unresolved,unresolved,not_assessed,0.31178719137025,singlet,CID3941-sample-proxy,True,,0.158860735734455,True,True,Perivascular
CID3941_TTGCGTCGTAATCACC,CID3941-sample-proxy,CID3941,3011,8994,503,5.592617300422504,0,0.0,203,2.257060262397154,2,0.022237046920169,1202,13.36446519902157,False,False,False,True,False,False,True,False,True,CID3941,ER+,pre-treatment primary tumor (study-level methods),baseline primary tumor,sample_proxy_unresolved,unresolved,not_assessed,0.549377047729485,singlet,CID3941-sample-proxy,True,,0.0551594921075827,True,True,Endothelial
CID3941_CTCGTACGTCACACGC,CID3941-sample-proxy,CID3941,2107,4845,339,6.996904024767801,0,0.0,43,0.8875128998968008,5,0.10319917440660474,391,8.070175438596491,False,False,False,True,False,False,True,False,False,CID3941,ER+,pre-treatment primary tumor (study-level methods),baseline primary tumor,sample_proxy_unresolved,unresolved,not_assessed,0.434388012843589,singlet,CID3941-sample-proxy,True,,0.476903222570337,True,True,Perivascular
CID3941_TCCACACGTGCTTCTC,CID3941-sample-proxy,CID3941,814,2294,81,3.530950305143853,0,0.0,118,5.143853530950305,0,0.0,626,27.28857890148213,False,False,False,True,False,True,False,False,False,CID3941,ER+,pre-treatment primary tumor (study-level methods),baseline primary tumor,sample_proxy_unresolved,unresolved,not_assessed,0.400343736839554,singlet,CID3941-sample-proxy,True,,0.164407828349083,True,True,B cells
CID3941_AGCTCCTTCTGCAGTA,CID3941-sample-proxy,CID3941,456,1041,60,5.763688760806916,0,0.0,0,0.0,0,0.0,387,37.17579250720461,False,False,False,True,False,False,False,False,False,CID3941,ER+,pre-treatment primary tumor (study-level methods),baseline primary tumor,sample_proxy_unresolved,unresolved,not_assessed,0.170987688274074,singlet,CID3941-sample-proxy,True,,0.449571965050124,True,True,B cells
CID3941_AGCTTGAAGGGCTTCC,CID3941-sample-proxy,CID3941,623,1821,28,1.5376166941241076,0,0.0,0,0.0,0,0.0,870,47.77594728171334,False,False,False,True,False,False,False,False,False,CID3941,ER+,pre-treatment primary tumor (study-level methods),baseline primary tumor,sample_proxy_unresolved,unresolved,not_assessed,0.272821936735122,singlet,CID3941-sample-proxy,True,,0.150076392344275,True,True,B cells
CID3941_AGTTGGTTCATGGTCA,CID3941-sample-proxy,CID3941,873,1872,58,3.0982905982905984,0,0.0,19,1.014957264957265,0,0.0,542,28.952991452991455,False,False,False,True,False,False,False,False,False,CID3941,ER+,pre-treatment primary tumor (study-level methods),baseline primary tumor,sample_proxy_unresolved,unresolved,not_assessed,0.28645909115144,singlet,CID3941-sample-proxy,True,,0.142251841788218,True,True,B cells
CID3941_ATTCTACCATGAACCT,CID3941-sample-proxy,CID3941,820,2122,65,3.0631479736098024,0,0.0,20,0.9425070688030159,0,0.0,731,34.448633364750236,False,False,False,True,False,False,False,False,False,CID3941,ER+,pre-treatment primary tumor (study-level methods),baseline primary tumor,sample_proxy_unresolved,unresolved,not_assessed,0.301368978836787,singlet,CID3941-sample-proxy,True,,0.145953007975024,True,True,B cells
CID3941_CTCTAATTCCGCGCAA,CID3941-sample-proxy,CID3941,208,392,11,2.806122448979592,0,0.0,1,0.25510204081632654,0,0.0,186,47.44897959183674,True,True,False,False,False,False,False,False,False,CID3941,ER+,pre-treatment primary tumor (study-level methods),baseline primary tumor,sample_proxy_unresolved,unresolved,not_assessed,,not_called_core_qc_fail,CID3941-sample-proxy,False,fails_low_genes;fails_low_umis,0.187168723852611,True,True,B cells
CID3941_CTGCCTAAGAGGACGG,CID3941-sample-proxy,CID3941,510,1502,108,7.1904127829560585,0,0.0,1,0.06657789613848203,0,0.0,684,45.539280958721704,False,False,False,True,False,False,False,False,False,CID3941,ER+,pre-treatment primary tumor (study-level methods),baseline primary tumor,sample_proxy_unresolved,unresolved,not_assessed,0.15329693163889,singlet,CID3941-sample-proxy,True,,0.75338185412983,False,False,B cells
CID3941_GACCAATTCTAAGCCA,CID3941-sample-proxy,CID3941,756,1660,44,2.6506024096385543,0,0.0,18,1.0843373493975903,0,0.0,437,26.32530120481928,False,False,False,True,False,False,False,False,False,CID3941,ER+,pre-treatment primary tumor (study-level methods),baseline primary tumor,sample_proxy_unresolved,unresolved,not_assessed,0.319331884081364,singlet,CID3941-sample-proxy,True,,0.141632460154383,True,True,B cells
CID3941_GCTGCGAAGCCAACAG,CID3941-sample-proxy,CID3941,274,731,25,3.4199726402188784,0,0.0,0,0.0,0,0.0,359,49.11080711354309,True,False,False,False,False,False,False,False,False,CID3941,ER+,pre-treatment primary tumor (study-level methods),baseline primary tumor,sample_proxy_unresolved,unresolved,not_assessed,,not_called_core_qc_fail,CID3941-sample-proxy,False,fails_low_genes,0.202410150302705,True,True,B cells
CID3941_GGCTGGTGTGCATCTA,CID3941-sample-proxy,CID3941,917,2394,156,6.516290726817042,0,0.0,36,1.5037593984962405,0,0.0,711,29.69924812030075,False,False,False,True,False,False,False,False,False,CID3941,ER+,pre-treatment primary tumor (study-level methods),baseline primary tumor,sample_proxy_unresolved,unresolved,not_assessed,0.344172208820864,singlet,CID3941-sample-proxy,True,,0.571745075745641,True,True,B cells
CID3941_GTGTTAGCAAAGGAAG,CID3941-sample-proxy,CID3941,245,929,61,6.566200215285253,0,0.0,0,0.0,0,0.0,538,57.91173304628633,True,False,False,False,False,False,False,True,False,CID3941,ER+,pre-treatment primary tumor (study-level methods),baseline primary tumor,sample_proxy_unresolved,unresolved,not_assessed,,not_called_core_qc_fail,CID3941-sample-proxy,False,fails_low_genes,0.628130630492117,True,True,B cells
CID3941_GTTACAGAGATACACA,CID3941-sample-proxy,CID3941,757,1719,172,10.005817335660268,0,0.0,10,0.5817335660267597,0,0.0,478,27.80686445607912,False,False,True,False,False,False,False,False,False,CID3941,ER+,pre-treatment primary tumor (study-level methods),baseline primary tumor,sample_proxy_unresolved,unresolved,not_assessed,,not_called_core_qc_fail,CID3941-sample-proxy,False,fails_mt,0.993388672754637,False,False,B cells
CID3941_TAAGTGCAGGAGCGTT,CID3941-sample-proxy,CID3941,391,816,126,15.441176470588236,0,0.0,2,0.24509803921568626,0,0.0,245,30.024509803921568,False,False,True,False,False,False,False,False,False,CID3941,ER+,pre-treatment primary tumor (study-level methods),baseline primary tumor,sample_proxy_unresolved,unresolved,not_assessed,,not_called_core_qc_fail,CID3941-sample-proxy,False,fails_mt,0.999999965840543,False,False,B cells
CID3941_TGAGGGAGTGCAGACA,CID3941-sample-proxy,CID3941,391,721,90,12.482662968099861,0,0.0,1,0.13869625520110956,0,0.0,203,28.155339805825243,False,False,True,False,False,False,False,False,False,CID3941,ER+,pre-treatment primary tumor (study-level methods),baseline primary tumor,sample_proxy_unresolved,unresolved,not_assessed,,not_called_core_qc_fail,CID3941-sample-proxy,False,fails_mt,0.999943569438966,False,False,B cells
CID3941_AGTGTCAAGCGTGAGT,CID3941-sample-proxy,CID3941,763,2165,86,3.9722863741339496,0,0.0,67,3.094688221709007,0,0.0,741,34.22632794457275,False,False,False,True,False,False,False,False,False,CID3941,ER+,pre-treatment primary tumor (study-level methods),baseline primary tumor,sample_proxy_unresolved,unresolved,not_assessed,0.300912465638753,singlet,CID3941-sample-proxy,True,,0.194202393942538,True,True,B cells
CID3941_ATAAGAGCAGCGTAAG,CID3941-sample-proxy,CID3941,771,1994,52,2.6078234704112337,0,0.0,97,4.864593781344032,0,0.0,499,25.02507522567703,False,False,False,True,False,True,False,False,False,CID3941,ER+,pre-treatment primary tumor (study-level methods),baseline primary tumor,sample_proxy_unresolved,unresolved,not_assessed,0.346715267308594,singlet,CID3941-sample-proxy,True,,0.139556330813534,True,True,B cells
CID3941_GCATGTATCTCAACTT,CID3941-sample-proxy,CID3941,658,1684,68,4.038004750593824,0,0.0,83,4.92874109263658,0,0.0,504,29.928741092636578,False,False,False,True,False,True,False,False,False,CID3941,ER+,pre-treatment primary tumor (study-level methods),baseline primary tumor,sample_proxy_unresolved,unresolved,not_assessed,0.355820798087552,singlet,CID3941-sample-proxy,True,,0.208486398468382,True,True,B cells
CID3941_GCTCCTAAGTGTACCT,CID3941-sample-proxy,CID3941,538,1661,46,2.7694160144491273,0,0.0,70,4.214328717639976,0,0.0,581,34.9789283564118,False,False,False,True,False,True,False,False,False,CID3941,ER+,pre-treatment primary tumor (study-level methods),baseline primary tumor,sample_proxy_unresolved,unresolved,not_assessed,0.30413371828517,singlet,CID3941-sample-proxy,True,,0.16243998455088,True,True,B cells
CID3941_GGACAAGTCAGCTGGC,CID3941-sample-proxy,CID3941,797,2399,62,2.5844101709045435,2,0.08336807002917883,77,3.2096706961233847,0,0.0,911,37.97415589829096,False,False,False,True,True,False,False,False,False,CID3941,ER+,pre-treatment primary tumor (study-level methods),baseline primary tumor,sample_proxy_unresolved,unresolved,not_assessed,0.395857190729936,singlet,CID3941-sample-proxy,True,,0.136865806850797,True,True,B cells
CID3941_TTTACTGAGTACGACG,CID3941-sample-proxy,CID3941,943,2391,127,5.311585110832287,0,0.0,43,1.7984107068172315,0,0.0,754,31.534922626516103,False,False,False,True,False,False,False,False,False,CID3941,ER+,pre-treatment primary tumor (study-level methods),baseline primary tumor,sample_proxy_unresolved,unresolved,not_assessed,0.336119266051188,singlet,CID3941-sample-proxy,True,,0.319912339606415,True,True,B cells
CID3941_ACATACGAGATGCCTT,CID3941-sample-proxy,CID3941,744,2043,78,3.81791483113069,0,0.0,23,1.1257953989231522,0,0.0,756,37.00440528634361,False,False,False,True,False,False,False,False,False,CID3941,ER+,pre-treatment primary tumor (study-level methods),baseline primary tumor,sample_proxy_unresolved,unresolved,not_assessed,0.372966964687005,singlet,CID3941-sample-proxy,True,,0.186170138797072,True,True,B cells
CID3941_ACTGAGTGTGGTACAG,CID3941-sample-proxy,CID3941,905,2790,89,3.1899641577060933,0,0.0,20,0.7168458781362007,0,0.0,1086,38.924731182795696,False,False,False,True,False,False,False,False,False,CID3941,ER+,pre-treatment primary tumor (study-level methods),baseline primary tumor,sample_proxy_unresolved,unresolved,not_assessed,0.324402361228661,singlet,CID3941-sample-proxy,True,,0.142309586578923,True,True,B cells
CID3941_AGTGTCATCGCCATAA,CID3941-sample-proxy,CID3941,709,2286,180,7.874015748031496,0,0.0,75,3.2808398950131235,0,0.0,806,35.2580927384077,False,False,False,True,False,False,False,False,False,CID3941,ER+,pre-treatment primary tumor (study-level methods),baseline primary tumor,sample_proxy_unresolved,unresolved,not_assessed,0.304426190265255,singlet,CID3941-sample-proxy,True,,0.866904020498602,False,False,B cells
CID3941_ATCATCTGTTCCGTCT,CID3941-sample-proxy,CID3941,1019,3186,167,5.241682360326428,0,0.0,17,0.5335844318895167,0,0.0,1113,34.93408662900188,False,False,False,True,False,False,False,False,False,CID3941,ER+,pre-treatment primary tumor (study-level methods),baseline primary tumor,sample_proxy_unresolved,unresolved,not_assessed,0.458705941775685,singlet,CID3941-sample-proxy,True,,0.299234383684785,True,True,B cells
CID3941_ATCCGAAGTCGACTGC,CID3941-sample-proxy,CID3941,703,2085,81,3.884892086330935,0,0.0,22,1.0551558752997603,0,0.0,619,29.688249400479616,False,False,False,True,False,False,False,False,False,CID3941,ER+,pre-treatment primary tumor (study-level methods),baseline primary tumor,sample_proxy_unresolved,unresolved,not_assessed,0.38049403766887,singlet,CID3941-sample-proxy,True,,0.194069312125264,True,True,B cells
CID3941_CCAATCCGTAGGCTGA,CID3941-sample-proxy,CID3941,1067,4065,216,5.313653136531365,0,0.0,6,0.14760147601476015,0,0.0,1749,43.025830258302584,False,False,False,True,False,False,False,False,False,CID3941,ER+,pre-treatment primary tumor (study-level methods),baseline primary tumor,sample_proxy_unresolved,unresolved,not_assessed,0.447700677153931,singlet,CID3941-sample-proxy,True,,0.303838381024289,True,True,B cells
CID3941_CGTCCATAGAATTCCC,CID3941-sample-proxy,CID3941,635,2253,96,4.26098535286285,0,0.0,55,2.4411895250776743,0,0.0,1007,44.6959609409676,False,False,False,True,False,False,False,False,False,CID3941,ER+,pre-treatment primary tumor (study-level methods),baseline primary tumor,sample_proxy_unresolved,unresolved,not_assessed,0.313489696576668,singlet,CID3941-sample-proxy,True,,0.227929390885151,True,True,B cells
CID3941_CGTCCATCATGTAAGA,CID3941-sample-proxy,CID3941,1244,4027,162,4.022845790911348,0,0.0,38,0.9436304941643903,0,0.0,1426,35.41097591259002,False,False,False,True,False,False,False,False,False,CID3941,ER+,pre-treatment primary tumor (study-level methods),baseline primary tumor,sample_proxy_unresolved,unresolved,not_assessed,0.518942733149679,singlet,CID3941-sample-proxy,True,,0.147716504950008,True,True,B cells
CID3941_CTAGAGTTCCAGTATG,CID3941-sample-proxy,CID3941,616,2111,100,4.737091425864519,0,0.0,83,3.9317858834675508,0,0.0,901,42.68119374703932,False,False,False,True,False,True,False,False,False,CID3941,ER+,pre-treatment primary tumor (study-level methods),baseline primary tumor,sample_proxy_unresolved,unresolved,not_assessed,0.282295924127577,singlet,CID3941-sample-proxy,True,,0.277066395871162,True,True,B cells
CID3941_CTGCCTAAGTCACGCC,CID3941-sample-proxy,CID3941,859,2427,134,5.521219612690564,0,0.0,10,0.4120313143798929,0,0.0,862,35.517099299546764,False,False,False,True,False,False,False,False,False,CID3941,ER+,pre-treatment primary tumor (study-level methods),baseline primary tumor,sample_proxy_unresolved,unresolved,not_assessed,0.326670225982903,singlet,CID3941-sample-proxy,True,,0.365572822296194,True,True,B cells
CID3941_GAACGGAAGCGATCCC,CID3941-sample-proxy,CID3941,508,1045,70,6.698564593301436,0,0.0,7,0.6698564593301436,0,0.0,309,29.569377990430624,False,False,False,True,False,False,False,False,False,CID3941,ER+,pre-treatment primary tumor (study-level methods),baseline primary tumor,sample_proxy_unresolved,unresolved,not_assessed,0.240463446667753,singlet,CID3941-sample-proxy,True,,0.647575164549264,True,True,B cells
CID3941_GAATAAGCAGTATGCT,CID3941-sample-proxy,CID3941,898,2990,248,8.294314381270903,0,0.0,46,1.5384615384615385,0,0.0,787,26.321070234113712,False,False,False,True,False,False,False,False,False,CID3941,ER+,pre-treatment primary tumor (study-level methods),baseline primary tumor,sample_proxy_unresolved,unresolved,not_assessed,0.405028513490386,singlet,CID3941-sample-proxy,True,,0.914638352113947,False,False,B cells
CID3941_GAATAAGTCATATCGG,CID3941-sample-proxy,CID3941,1000,3022,98,3.242885506287227,0,0.0,36,1.1912640635340834,0,0.0,1236,40.90006618133686,False,False,False,True,False,False,False,False,False,CID3941,ER+,pre-treatment primary tumor (study-level methods),baseline primary tumor,sample_proxy_unresolved,unresolved,not_assessed,0.413935163353921,singlet,CID3941-sample-proxy,True,,0.135314804224422,True,True,B cells
CID3941_GAATGAATCATCTGTT,CID3941-sample-proxy,CID3941,946,2152,135,6.273234200743493,0,0.0,15,0.6970260223048327,0,0.0,540,25.092936802973973,False,False,False,True,False,False,False,False,False,CID3941,ER+,pre-treatment primary tumor (study-level methods),baseline primary tumor,sample_proxy_unresolved,unresolved,not_assessed,0.362378273290712,singlet,CID3941-sample-proxy,True,,0.510658246814617,True,True,B cells
CID3941_GACTAACCACAACTGT,CID3941-sample-proxy,CID3941,719,2819,136,4.824405817665839,0,0.0,40,1.4189428875487762,0,0.0,1356,48.10216388790351,False,False,False,True,False,False,False,False,False,CID3941,ER+,pre-treatment primary tumor (study-level methods),baseline primary tumor,sample_proxy_unresolved,unresolved,not_assessed,0.276553152163384,singlet,CID3941-sample-proxy,True,,0.277450290788226,True,True,B cells
CID3941_GATGCTACAGGTGGAT,CID3941-sample-proxy,CID3941,589,1505,142,9.435215946843854,0,0.0,33,2.1926910299003324,0,0.0,439,29.169435215946844,False,False,False,True,False,False,False,False,False,CID3941,ER+,pre-treatment primary tumor (study-level methods),baseline primary tumor,sample_proxy_unresolved,unresolved,not_assessed,0.278901389244727,singlet,CID3941-sample-proxy,True,,0.983484188341716,False,False,B cells
CID3941_GCTTGAAAGCGATATA,CID3941-sample-proxy,CID3941,991,2859,153,5.351521511017839,0,0.0,12,0.4197271773347324,0,0.0,1056,36.93599160545645,False,False,False,True,False,False,False,False,False,CID3941,ER+,pre-treatment primary tumor (study-level methods),baseline primary tumor,sample_proxy_unresolved,unresolved,not_assessed,0.429802626207323,singlet,CID3941-sample-proxy,True,,0.320092521966509,True,True,B cells
CID3941_GGCGACTCATTGGCGC,CID3941-sample-proxy,CID3941,811,2191,86,3.925148334094021,0,0.0,25,1.1410314924691922,0,0.0,767,35.00684618895482,False,False,False,True,False,False,False,False,False,CID3941,ER+,pre-treatment primary tumor (study-level methods),baseline primary tumor,sample_proxy_unresolved,unresolved,not_assessed,0.343957637697805,singlet,CID3941-sample-proxy,True,,0.186500281251551,True,True,B cells
CID3941_GTAACTGAGATGTCGG,CID3941-sample-proxy,CID3941,901,3196,104,3.254067584480601,0,0.0,27,0.8448060075093867,0,0.0,1118,34.981226533166456,False,False,False,True,False,False,False,False,False,CID3941,ER+,pre-treatment primary tumor (study-level methods),baseline primary tumor,sample_proxy_unresolved,unresolved,not_assessed,0.401448171069708,singlet,CID3941-sample-proxy,True,,0.144918413906401,True,True,B cells
CID3941_GTGTGCGCATTGCGGC,CID3941-sample-proxy,CID3941,612,1831,68,3.713817586018569,0,0.0,35,1.9115237575095576,0,0.0,812,44.347351174221735,False,False,False,True,False,False,False,False,False,CID3941,ER+,pre-treatment primary tumor (study-level methods),baseline primary tumor,sample_proxy_unresolved,unresolved,not_assessed,0.276227111890199,singlet,CID3941-sample-proxy,True,,0.19185814992401,True,True,B cells
CID3941_TACCTTAAGAATCTCC,CID3941-sample-proxy,CID3941,760,2186,77,3.5224153705397985,0,0.0,13,0.5946935041171089,0,0.0,751,34.35498627630375,False,False,False,True,False,False,False,False,False,CID3941,ER+,pre-treatment primary tumor (study-level methods),baseline primary tumor,sample_proxy_unresolved,unresolved,not_assessed,0.306132494532864,singlet,CID3941-sample-proxy,True,,0.168954648108662,True,True,B cells
CID3941_TACCTTAAGACGACGT,CID3941-sample-proxy,CID3941,1326,3440,252,7.325581395348838,0,0.0,4,0.11627906976744186,0,0.0,1001,29.098837209302324,False,False,False,True,False,False,False,False,False,CID3941,ER+,pre-treatment primary tumor (study-level methods),baseline primary tumor,sample_proxy_unresolved,unresolved,not_assessed,0.482238113723147,singlet,CID3941-sample-proxy,True,,0.720675458830348,True,True,B cells
CID3941_TGCCCATCACAAGACG,CID3941-sample-proxy,CID3941,738,2350,74,3.148936170212766,0,0.0,42,1.7872340425531916,1,0.0425531914893617,926,39.40425531914894,False,False,False,True,False,False,True,False,False,CID3941,ER+,pre-treatment primary tumor (study-level methods),baseline primary tumor,sample_proxy_unresolved,unresolved,not_assessed,0.378770527074889,singlet,CID3941-sample-proxy,True,,0.15596743928745,True,True,B cells
CID3941_TGCTACCCACTGCCAG,CID3941-sample-proxy,CID3941,684,1707,72,4.21792618629174,0,0.0,32,1.8746338605741066,0,0.0,540,31.63444639718805,False,False,False,True,False,False,False,False,False,CID3941,ER+,pre-treatment primary tumor (study-level methods),baseline primary tumor,sample_proxy_unresolved,unresolved,not_assessed,0.304604532266677,singlet,CID3941-sample-proxy,True,,0.219869647664086,True,True,B cells
CID3941_TTGACTTCATGCCTTC,CID3941-sample-proxy,CID3941,556,1386,64,4.617604617604617,0,0.0,23,1.6594516594516595,0,0.0,540,38.961038961038966,False,False,False,True,False,False,False,False,False,CID3941,ER+,pre-treatment primary tumor (study-level methods),baseline primary tumor,sample_proxy_unresolved,unresolved,not_assessed,0.240024397336203,singlet,CID3941-sample-proxy,True,,0.269062650223761,True,True,B cells
CID3941_ATCCACCTCAAGGCTT,CID3941-sample-proxy,CID3941,490,871,27,3.0998851894374284,0,0.0,5,0.5740528128587831,0,0.0,227,26.061997703788748,False,False,False,True,False,False,False,False,False,CID3941,ER+,pre-treatment primary tumor (study-level methods),baseline primary tumor,sample_proxy_unresolved,unresolved,not_assessed,0.187360137488563,singlet,CID3941-sample-proxy,True,,0.174992498370282,True,True,B cells
CID3941_CCAATCCGTTCTCATT,CID3941-sample-proxy,CID3941,429,672,4,0.5952380952380952,0,0.0,0,0.0,0,0.0,139,20.684523809523807,False,False,False,True,False,False,False,False,False,CID3941,ER+,pre-treatment primary tumor (study-level methods),baseline primary tumor,sample_proxy_unresolved,unresolved,not_assessed,0.170386990215111,singlet,CID3941-sample-proxy,True,,0.198187639105133,True,True,B cells
CID3941_CTGCCTATCCATGAAC,CID3941-sample-proxy,CID3941,561,1396,51,3.6532951289398286,0,0.0,8,0.5730659025787965,0,0.0,493,35.31518624641834,False,False,False,True,False,False,False,False,False,CID3941,ER+,pre-treatment primary tumor (study-level methods),baseline primary tumor,sample_proxy_unresolved,unresolved,not_assessed,0.176582059309505,singlet,CID3941-sample-proxy,True,,0.19280126434194,True,True,B cells
CID3941_TAAACCGGTCGAGATG,CID3941-sample-proxy,CID3941,625,1319,42,3.184230477634572,0,0.0,15,1.1372251705837757,1,0.0758150113722517,463,35.10235026535254,False,False,False,True,False,False,True,False,False,CID3941,ER+,pre-treatment primary tumor (study-level methods),baseline primary tumor,sample_proxy_unresolved,unresolved,not_assessed,0.250162974108721,singlet,CID3941-sample-proxy,True,,0.166890673766881,True,True,B cells
CID3941_AAATGCCCACCTGGTG,CID3941-sample-proxy,CID3941,771,1991,103,5.173279758915118,0,0.0,14,0.7031642390758412,0,0.0,716,35.9618282270216,False,False,False,True,False,False,False,False,False,CID3941,ER+,pre-treatment primary tumor (study-level methods),baseline primary tumor,sample_proxy_unresolved,unresolved,not_assessed,0.319115850078419,singlet,CID3941-sample-proxy,True,,0.318991186447487,True,True,B cells
CID3941_ATCTACTAGTCTTGCA,CID3941-sample-proxy,CID3941,593,1585,99,6.246056782334384,0,0.0,31,1.9558359621451102,0,0.0,637,40.18927444794952,False,False,False,True,False,False,False,False,False,CID3941,ER+,pre-treatment primary tumor (study-level methods),baseline primary tumor,sample_proxy_unresolved,unresolved,not_assessed,0.261859575736888,singlet,CID3941-sample-proxy,True,,0.540136811575119,True,True,B cells
CID3941_GGATTACCAGCCAATT,CID3941-sample-proxy,CID3941,561,1592,159,9.987437185929648,5,0.314070351758794,35,2.198492462311558,0,0.0,556,34.92462311557789,False,False,True,False,True,False,False,False,False,CID3941,ER+,pre-treatment primary tumor (study-level methods),baseline primary tumor,sample_proxy_unresolved,unresolved,not_assessed,,not_called_core_qc_fail,CID3941-sample-proxy,False,fails_mt,0.993196016280487,False,False,B cells
CID3941_GGGAGATGTAGGCATG,CID3941-sample-proxy,CID3941,578,1195,56,4.686192468619247,0,0.0,8,0.6694560669456067,0,0.0,332,27.78242677824268,False,False,False,True,False,False,False,False,False,CID3941,ER+,pre-treatment primary tumor (study-level methods),baseline primary tumor,sample_proxy_unresolved,unresolved,not_assessed,0.184306147733334,singlet,CID3941-sample-proxy,True,,0.274688284218039,True,True,B cells
CID3941_TGCACCTGTACTCTCC,CID3941-sample-proxy,CID3941,625,1983,81,4.084720121028744,0,0.0,16,0.8068582955118508,0,0.0,952,48.00806858295512,False,False,False,True,False,False,False,False,False,CID3941,ER+,pre-treatment primary tumor (study-level methods),baseline primary tumor,sample_proxy_unresolved,unresolved,not_assessed,0.278238790744121,singlet,CID3941-sample-proxy,True,,0.214838170246301,True,True,B cells
CID3941_TTAACTCCACACCGCA,CID3941-sample-proxy,CID3941,622,1716,146,8.508158508158509,0,0.0,71,4.137529137529137,0,0.0,618,36.01398601398601,False,False,False,True,False,True,False,False,False,CID3941,ER+,pre-treatment primary tumor (study-level methods),baseline primary tumor,sample_proxy_unresolved,unresolved,not_assessed,0.299376654959307,singlet,CID3941-sample-proxy,True,,0.938245340795961,False,False,B cells
CID3941_GTAGGCCGTTCCACAA,CID3941-sample-proxy,CID3941,898,2824,106,3.7535410764872523,0,0.0,139,4.922096317280453,0,0.0,816,28.89518413597734,False,False,False,True,False,True,False,False,False,CID3941,ER+,pre-treatment primary tumor (study-level methods),baseline primary tumor,sample_proxy_unresolved,unresolved,not_assessed,0.522259970131351,singlet,CID3941-sample-proxy,True,,0.167788170560181,True,True,T / NK
CID3941_AGATTGCTCTGCGGCA,CID3941-sample-proxy,CID3941,947,3106,107,3.4449452672247265,0,0.0,120,3.8634900193174504,0,0.0,948,30.52157115260786,False,False,False,True,False,True,False,False,False,CID3941,ER+,pre-treatment primary tumor (study-level methods),baseline primary tumor,sample_proxy_unresolved,unresolved,not_assessed,0.523671569381684,singlet,CID3941-sample-proxy,True,,0.148079668078974,True,True,T / NK
CID3941_AGTCTTTGTCAGATAA,CID3941-sample-proxy,CID3941,822,2275,159,6.989010989010989,0,0.0,86,3.7802197802197806,0,0.0,449,19.736263736263737,False,False,False,True,False,True,False,False,False,CID3941,ER+,pre-treatment primary tumor (study-level methods),baseline primary tumor,sample_proxy_unresolved,unresolved,not_assessed,0.406571818204502,singlet,CID3941-sample-proxy,True,,0.692847856853474,True,True,T / NK
CID3941_ATTTCTGTCTCTGTCG,CID3941-sample-proxy,CID3941,752,1720,57,3.3139534883720927,0,0.0,16,0.9302325581395349,0,0.0,435,25.290697674418606,False,False,False,True,False,False,False,False,False,CID3941,ER+,pre-treatment primary tumor (study-level methods),baseline primary tumor,sample_proxy_unresolved,unresolved,not_assessed,0.430708109000562,singlet,CID3941-sample-proxy,True,,0.160710452391375,True,True,T / NK
CID3941_CACACCTCATTGGCGC,CID3941-sample-proxy,CID3941,701,1800,63,3.5000000000000004,0,0.0,82,4.555555555555555,0,0.0,404,22.444444444444443,False,False,False,True,False,True,False,False,False,CID3941,ER+,pre-treatment primary tumor (study-level methods),baseline primary tumor,sample_proxy_unresolved,unresolved,not_assessed,0.394845635626669,singlet,CID3941-sample-proxy,True,,0.173183790107707,True,True,T / NK
CID3941_CGAACATAGCATGGCA,CID3941-sample-proxy,CID3941,624,1430,97,6.783216783216783,0,0.0,31,2.1678321678321675,0,0.0,387,27.062937062937063,False,False,False,True,False,False,False,False,False,CID3941,ER+,pre-treatment primary tumor (study-level methods),baseline primary tumor,sample_proxy_unresolved,unresolved,not_assessed,0.248957949155034,singlet,CID3941-sample-proxy,True,,0.660021414176467,True,True,T / NK
CID3941_CGTAGCGTCTACGAGT,CID3941-sample-proxy,CID3941,757,1960,101,5.153061224489796,0,0.0,41,2.0918367346938775,0,0.0,438,22.346938775510203,False,False,False,True,False,False,False,False,False,CID3941,ER+,pre-treatment primary tumor (study-level methods),baseline primary tumor,sample_proxy_unresolved,unresolved,not_assessed,0.527864661428045,singlet,CID3941-sample-proxy,True,,0.317523118600727,True,True,T / NK
CID3941_TGTCCCAAGCCTCGTG,CID3941-sample-proxy,CID3941,776,1462,66,4.514363885088919,0,0.0,50,3.4199726402188784,0,0.0,269,18.399452804377564,False,False,False,True,False,True,False,False,False,CID3941,ER+,pre-treatment primary tumor (study-level methods),baseline primary tumor,sample_proxy_unresolved,unresolved,not_assessed,0.388837280318622,singlet,CID3941-sample-proxy,True,,0.237547280663019,True,True,T / NK
CID3941_AGGGAGTTCGTACCGG,CID3941-sample-proxy,CID3941,473,1243,136,10.94127111826227,0,0.0,14,1.1263073209975865,0,0.0,467,37.570394207562344,False,False,True,False,False,False,False,False,False,CID3941,ER+,pre-treatment primary tumor (study-level methods),baseline primary tumor,sample_proxy_unresolved,unresolved,not_assessed,,not_called_core_qc_fail,CID3941-sample-proxy,False,fails_mt,0.99873289504679,False,False,T / NK
CID3941_AGGCCACGTATAAACG,CID3941-sample-proxy,CID3941,712,2004,92,4.590818363273453,0,0.0,93,4.640718562874251,1,0.049900199600798396,584,29.141716566866265,False,False,False,True,False,True,True,False,False,CID3941,ER+,pre-treatment primary tumor (study-level methods),baseline primary tumor,sample_proxy_unresolved,unresolved,not_assessed,0.380580241135045,singlet,CID3941-sample-proxy,True,,0.251766464394607,True,True,T / NK
CID3941_GCATGCGTCAAGAAGT,CID3941-sample-proxy,CID3941,712,1774,72,4.058624577226606,0,0.0,62,3.494926719278467,0,0.0,488,27.50845546786922,False,False,False,True,False,True,False,False,False,CID3941,ER+,pre-treatment primary tumor (study-level methods),baseline primary tumor,sample_proxy_unresolved,unresolved,not_assessed,0.484566422930894,singlet,CID3941-sample-proxy,True,,0.205026886070177,True,True,T / NK
CID3941_GGACAAGCAAGCGTAG,CID3941-sample-proxy,CID3941,657,1383,35,2.5307302964569773,0,0.0,39,2.8199566160520604,0,0.0,409,29.57339117859725,False,False,False,True,False,False,False,False,False,CID3941,ER+,pre-treatment primary tumor (study-level methods),baseline primary tumor,sample_proxy_unresolved,unresolved,not_assessed,0.447736668333398,singlet,CID3941-sample-proxy,True,,0.148244623400881,True,True,T / NK
CID3941_CCTCTGATCAACGGCC,CID3941-sample-proxy,CID3941,785,2094,57,2.722063037249284,0,0.0,32,1.5281757402101241,1,0.04775549188156638,537,25.644699140401144,False,False,False,True,False,False,True,False,False,CID3941,ER+,pre-treatment primary tumor (study-level methods),baseline primary tumor,sample_proxy_unresolved,unresolved,not_assessed,0.393123535784822,singlet,CID3941-sample-proxy,True,,0.140459907971633,True,True,T / NK
CID3941_TCTTTCCAGTGGCACA,CID3941-sample-proxy,CID3941,620,1605,91,5.669781931464175,0,0.0,22,1.3707165109034267,0,0.0,368,22.92834890965732,False,False,False,True,False,False,False,False,False,CID3941,ER+,pre-treatment primary tumor (study-level methods),baseline primary tumor,sample_proxy_unresolved,unresolved,not_assessed,0.393034161241426,singlet,CID3941-sample-proxy,True,,0.418348360523831,True,True,T / NK
CID3941_AAACGGGTCGTCCGTT,CID3941-sample-proxy,CID3941,614,1278,42,3.286384976525822,0,0.0,46,3.599374021909233,0,0.0,226,17.683881064162755,False,False,False,True,False,True,False,False,False,CID3941,ER+,pre-treatment primary tumor (study-level methods),baseline primary tumor,sample_proxy_unresolved,unresolved,not_assessed,0.324746722156826,singlet,CID3941-sample-proxy,True,,0.171568660149403,True,True,T / NK
CID3941_GTACGTAAGTTTGCGT,CID3941-sample-proxy,CID3941,740,1743,39,2.2375215146299485,0,0.0,54,3.098106712564544,0,0.0,365,20.940906483075157,False,False,False,True,False,False,False,False,False,CID3941,ER+,pre-treatment primary tumor (study-level methods),baseline primary tumor,sample_proxy_unresolved,unresolved,not_assessed,0.447134057883249,singlet,CID3941-sample-proxy,True,,0.137779623264218,True,True,T / NK
CID3941_CAGCGACTCTATCCCG,CID3941-sample-proxy,CID3941,784,2079,97,4.6657046657046655,1,0.0481000481000481,25,1.2025012025012025,1,0.0481000481000481,576,27.705627705627705,False,False,False,True,True,False,True,False,False,CID3941,ER+,pre-treatment primary tumor (study-level methods),baseline primary tumor,sample_proxy_unresolved,unresolved,not_assessed,0.600450511823331,doublet,CID3941-sample-proxy,False,scDblFinder_doublet,0.252441418777158,True,True,T / NK
CID3941_CTGTGCTCACCGATAT,CID3941-sample-proxy,CID3941,865,2283,92,4.029785370127026,0,0.0,87,3.8107752956636007,0,0.0,641,28.077091546211125,False,False,False,True,False,True,False,False,False,CID3941,ER+,pre-treatment primary tumor (study-level methods),baseline primary tumor,sample_proxy_unresolved,unresolved,not_assessed,0.550138572243659,singlet,CID3941-sample-proxy,True,,0.188158062760909,True,True,T / NK
CID3941_AAACGGGAGATCCTGT,CID3941-sample-proxy,CID3941,995,2134,157,7.357075913776945,0,0.0,35,1.640112464854733,0,0.0,385,18.04123711340206,False,False,False,True,False,False,False,False,False,CID3941,ER+,pre-treatment primary tumor (study-level methods),baseline primary tumor,sample_proxy_unresolved,unresolved,not_assessed,0.428973228030898,singlet,CID3941-sample-proxy,True,,0.760654290987402,False,False,T / NK
CID3941_ACATCAGTCATCGATG,CID3941-sample-proxy,CID3941,1093,2792,109,3.9040114613180514,0,0.0,10,0.35816618911174786,0,0.0,721,25.823782234957022,False,False,False,True,False,False,False,False,False,CID3941,ER+,pre-treatment primary tumor (study-level methods),baseline primary tumor,sample_proxy_unresolved,unresolved,not_assessed,0.541543840157466,singlet,CID3941-sample-proxy,True,,0.156665531158585,True,True,T / NK
CID3941_ACTTTCAAGAGTACCG,CID3941-sample-proxy,CID3941,1387,3278,100,3.0506406345332517,0,0.0,78,2.3794996949359364,0,0.0,481,14.673581452104942,False,False,False,True,False,False,False,False,False,CID3941,ER+,pre-treatment primary tumor (study-level methods),baseline primary tumor,sample_proxy_unresolved,unresolved,not_assessed,0.638687927827448,doublet,CID3941-sample-proxy,False,scDblFinder_doublet,0.0941401198594045,True,True,T / NK
CID3941_CACAAACGTGCTCTTC,CID3941-sample-proxy,CID3941,682,1445,47,3.2525951557093427,0,0.0,52,3.598615916955018,0,0.0,302,20.899653979238757,False,False,False,True,False,True,False,False,False,CID3941,ER+,pre-treatment primary tumor (study-level methods),baseline primary tumor,sample_proxy_unresolved,unresolved,not_assessed,0.37484216695117,singlet,CID3941-sample-proxy,True,,0.16450560830923,True,True,T / NK
CID3941_CACACAATCATGTCTT,CID3941-sample-proxy,CID3941,1087,2438,126,5.1681706316652996,0,0.0,25,1.0254306808859721,0,0.0,489,20.057424118129614,False,False,False,True,False,False,False,False,False,CID3941,ER+,pre-treatment primary tumor (study-level methods),baseline primary tumor,sample_proxy_unresolved,unresolved,not_assessed,0.436865272260445,singlet,CID3941-sample-proxy,True,,0.279306957829118,True,True,T / NK
CID3941_CTGGTCTTCCACGAAT,CID3941-sample-proxy,CID3941,819,1902,106,5.573080967402734,0,0.0,25,1.3144058885383807,0,0.0,351,18.454258675078865,False,False,False,True,False,False,False,False,False,CID3941,ER+,pre-treatment primary tumor (study-level methods),baseline primary tumor,sample_proxy_unresolved,unresolved,not_assessed,0.372437643232538,singlet,CID3941-sample-proxy,True,,0.379630759228796,True,True,T / NK
CID3941_GATGAGGGTGAAAGAG,CID3941-sample-proxy,CID3941,1242,2949,178,6.035944387928112,0,0.0,26,0.8816547982366905,0,0.0,509,17.26008816547982,False,False,False,True,False,False,False,False,False,CID3941,ER+,pre-treatment primary tumor (study-level methods),baseline primary tumor,sample_proxy_unresolved,unresolved,not_assessed,0.574259344371226,singlet,CID3941-sample-proxy,True,,0.413403597183748,True,True,T / NK
CID3941_GCGCCAACATTGTGCA,CID3941-sample-proxy,CID3941,1003,2690,126,4.684014869888476,0,0.0,30,1.1152416356877324,0,0.0,697,25.910780669144984,False,False,False,True,False,False,False,False,False,CID3941,ER+,pre-treatment primary tumor (study-level methods),baseline primary tumor,sample_proxy_unresolved,unresolved,not_assessed,0.576504295770624,singlet,CID3941-sample-proxy,True,,0.229832907446775,True,True,T / NK
CID3941_TTGCCGTAGAACTGTA,CID3941-sample-proxy,CID3941,1013,2076,94,4.527938342967245,0,0.0,6,0.2890173410404624,0,0.0,404,19.460500963391137,False,False,False,True,False,False,False,False,False,CID3941,ER+,pre-treatment primary tumor (study-level methods),baseline primary tumor,sample_proxy_unresolved,unresolved,not_assessed,0.428078326339258,singlet,CID3941-sample-proxy,True,,0.212910709611527,True,True,T / NK
CID3941_TTGGCAACATTAGCCA,CID3941-sample-proxy,CID3941,844,2169,100,4.610419548178885,0,0.0,62,2.8584601198709083,0,0.0,418,19.27155371138774,False,False,False,True,False,False,False,False,False,CID3941,ER+,pre-treatment primary tumor (study-level methods),baseline primary tumor,sample_proxy_unresolved,unresolved,not_assessed,0.442276182260955,singlet,CID3941-sample-proxy,True,,0.240143600051683,True,True,T / NK
CID3941_AACTCTTAGAGAGCTC,CID3941-sample-proxy,CID3941,788,1664,72,4.326923076923077,2,0.1201923076923077,26,1.5625,0,0.0,494,29.6875,False,False,False,True,True,False,False,False,False,CID3941,ER+,pre-treatment primary tumor (study-level methods),baseline primary tumor,sample_proxy_unresolved,unresolved,not_assessed,0.407468135749393,singlet,CID3941-sample-proxy,True,,0.21896018169641,True,True,T / NK
CID3941_ATAGACCTCTCTTATG,CID3941-sample-proxy,CID3941,892,1821,129,7.0840197693574956,0,0.0,56,3.0752333882482152,0,0.0,342,18.780889621087315,False,False,False,True,False,False,False,False,False,CID3941,ER+,pre-treatment primary tumor (study-level methods),baseline primary tumor,sample_proxy_unresolved,unresolved,not_assessed,0.418921826977192,singlet,CID3941-sample-proxy,True,,0.708842698422121,True,True,T / NK
CID3941_CACAGGCTCCGTTGCT,CID3941-sample-proxy,CID3941,531,1202,59,4.908485856905158,0,0.0,20,1.6638935108153077,0,0.0,421,35.02495840266223,False,False,False,True,False,False,False,False,False,CID3941,ER+,pre-treatment primary tumor (study-level methods),baseline primary tumor,sample_proxy_unresolved,unresolved,not_assessed,0.269310135361311,singlet,CID3941-sample-proxy,True,,0.305540675760107,True,True,T / NK
CID3941_CATCAAGGTTGAGGTG,CID3941-sample-proxy,CID3941,748,1849,71,3.839913466738778,0,0.0,28,1.5143320713899404,0,0.0,480,25.959978366684695,False,False,False,True,False,False,False,False,False,CID3941,ER+,pre-treatment primary tumor (study-level methods),baseline primary tumor,sample_proxy_unresolved,unresolved,not_assessed,0.458778462199409,singlet,CID3941-sample-proxy,True,,0.187129049814547,True,True,T / NK
CID3941_CCATGTCCAGTAAGCG,CID3941-sample-proxy,CID3941,530,1257,52,4.136833731105807,0,0.0,8,0.6364359586316627,0,0.0,362,28.798727128082735,False,False,False,True,False,False,False,False,False,CID3941,ER+,pre-treatment primary tumor (study-level methods),baseline primary tumor,sample_proxy_unresolved,unresolved,not_assessed,0.370317496612128,singlet,CID3941-sample-proxy,True,,0.226897631639374,True,True,T / NK
CID3941_CCGGTAGCACGCGAAA,CID3941-sample-proxy,CID3941,815,1861,123,6.609349811929071,0,0.0,22,1.182160128962923,2,0.10746910263299302,443,23.804406233207953,False,False,False,True,False,False,True,False,False,CID3941,ER+,pre-treatment primary tumor (study-level methods),baseline primary tumor,sample_proxy_unresolved,unresolved,not_assessed,0.27508262550566,singlet,CID3941-sample-proxy,True,,0.604572924478866,True,True,T / NK
CID3941_CCTAAAGAGTCCGTAT,CID3941-sample-proxy,CID3941,835,2047,103,5.031753786028334,0,0.0,11,0.537371763556424,1,0.048851978505129456,588,28.72496336101612,False,False,False,True,False,False,True,False,False,CID3941,ER+,pre-treatment primary tumor (study-level methods),baseline primary tumor,sample_proxy_unresolved,unresolved,not_assessed,0.438228398299537,singlet,CID3941-sample-proxy,True,,0.29167846978033,True,True,T / NK
CID3941_GAATAAGTCCGAACGC,CID3941-sample-proxy,CID3941,829,2403,106,4.411152725759467,0,0.0,128,5.326674989596338,0,0.0,577,24.01165210153974,False,False,False,True,False,True,False,False,False,CID3941,ER+,pre-treatment primary tumor (study-level methods),baseline primary tumor,sample_proxy_unresolved,unresolved,not_assessed,0.444427407869103,singlet,CID3941-sample-proxy,True,,0.222258971742209,True,True,T / NK
CID3941_GATCAGTAGGGAGTAA,CID3941-sample-proxy,CID3941,620,1579,71,4.496516782773908,0,0.0,84,5.319822672577581,0,0.0,411,26.029132362254593,False,False,False,True,False,True,False,False,False,CID3941,ER+,pre-treatment primary tumor (study-level methods),baseline primary tumor,sample_proxy_unresolved,unresolved,not_assessed,0.347276622761358,singlet,CID3941-sample-proxy,True,,0.25087162582143,True,True,T / NK
CID3941_GTAGTCATCAACGGCC,CID3941-sample-proxy,CID3941,726,1765,76,4.305949008498584,0,0.0,37,2.096317280453258,0,0.0,471,26.68555240793201,False,False,False,True,False,False,False,False,False,CID3941,ER+,pre-treatment primary tumor (study-level methods),baseline primary tumor,sample_proxy_unresolved,unresolved,not_assessed,0.425105206323861,singlet,CID3941-sample-proxy,True,,0.223262848046676,True,True,T / NK
CID3941_GTCACAATCACCATAG,CID3941-sample-proxy,CID3941,824,2097,86,4.101096804959465,0,0.0,95,4.530281354315689,1,0.04768717215069146,426,20.314735336194563,False,False,False,True,False,True,True,False,False,CID3941,ER+,pre-treatment primary tumor (study-level methods),baseline primary tumor,sample_proxy_unresolved,unresolved,not_assessed,0.431926453218957,singlet,CID3941-sample-proxy,True,,0.19732272625367,True,True,T / NK
CID3941_CAGAATCTCATTGCCC,CID3941-sample-proxy,CID3941,407,764,38,4.973821989528796,0,0.0,7,0.9162303664921465,0,0.0,216,28.272251308900525,False,False,False,True,False,False,False,False,False,CID3941,ER+,pre-treatment primary tumor (study-level methods),baseline primary tumor,sample_proxy_unresolved,unresolved,not_assessed,0.1159380507057,singlet,CID3941-sample-proxy,True,,0.32379715954297,True,True,T / NK
CID3941_TTCTCAAGTACTCAAC,CID3941-sample-proxy,CID3941,1067,2863,174,6.077541040866224,0,0.0,100,3.4928396786587497,0,0.0,704,24.589591337757597,False,False,False,True,False,True,False,False,False,CID3941,ER+,pre-treatment primary tumor (study-level methods),baseline primary tumor,sample_proxy_unresolved,unresolved,not_assessed,0.520231907030659,singlet,CID3941-sample-proxy,True,,0.449655383175772,True,True,T / NK
CID3941_CGACCTTTCTTGTATC,CID3941-sample-proxy,CID3941,744,1624,47,2.894088669950739,0,0.0,99,6.096059113300493,0,0.0,321,19.766009852216747,False,False,False,True,False,True,False,False,False,CID3941,ER+,pre-treatment primary tumor (study-level methods),baseline primary tumor,sample_proxy_unresolved,unresolved,not_assessed,0.355660465182805,singlet,CID3941-sample-proxy,True,,0.147976482957673,True,True,T / NK
CID3941_GGTGCGTTCCTAGAAC,CID3941-sample-proxy,CID3941,417,744,17,2.28494623655914,0,0.0,12,1.6129032258064515,0,0.0,188,25.268817204301076,False,False,False,True,False,False,False,False,False,CID3941,ER+,pre-treatment primary tumor (study-level methods),baseline primary tumor,sample_proxy_unresolved,unresolved,not_assessed,0.180953965915041,singlet,CID3941-sample-proxy,True,,0.165516044343076,True,True,T / NK
CID3941_TCAGCTCCAATGCCAT,CID3941-sample-proxy,CID3941,609,1399,65,4.6461758398856325,0,0.0,76,5.432451751250893,0,0.0,299,21.37240886347391,False,False,False,True,False,True,False,False,False,CID3941,ER+,pre-treatment primary tumor (study-level methods),baseline primary tumor,sample_proxy_unresolved,unresolved,not_assessed,0.377751526199283,singlet,CID3941-sample-proxy,True,,0.267471430353614,True,True,T / NK
CID3941_ACGGAGATCTTATCTG,CID3941-sample-proxy,CID3941,663,1864,117,6.276824034334765,0,0.0,136,7.296137339055794,0,0.0,418,22.42489270386266,False,False,False,True,False,True,False,False,False,CID3941,ER+,pre-treatment primary tumor (study-level methods),baseline primary tumor,sample_proxy_unresolved,unresolved,not_assessed,0.335837260606756,singlet,CID3941-sample-proxy,True,,0.541295229503204,True,True,T / NK
CID3941_CCGTACTTCAGGTAAA,CID3941-sample-proxy,CID3941,537,1364,123,9.017595307917889,0,0.0,54,3.9589442815249267,0,0.0,335,24.560117302052788,False,False,False,True,False,True,False,False,False,CID3941,ER+,pre-treatment primary tumor (study-level methods),baseline primary tumor,sample_proxy_unresolved,unresolved,not_assessed,0.337909207212585,singlet,CID3941-sample-proxy,True,,0.969326336931309,False,False,T / NK
CID3941_GGTATTGTCACAGTAC,CID3941-sample-proxy,CID3941,691,1658,117,7.056694813027745,0,0.0,80,4.8250904704463204,0,0.0,247,14.897466827503017,False,False,False,True,False,True,False,False,False,CID3941,ER+,pre-treatment primary tumor (study-level methods),baseline primary tumor,sample_proxy_unresolved,unresolved,not_assessed,0.3199801547106,singlet,CID3941-sample-proxy,True,,0.71693664823033,True,True,T / NK
CID3941_GAACGGAAGATGAGAG,CID3941-sample-proxy,CID3941,855,1886,109,5.779427359490986,0,0.0,29,1.5376458112407212,0,0.0,305,16.171792152704136,False,False,False,True,False,False,False,False,False,CID3941,ER+,pre-treatment primary tumor (study-level methods),baseline primary tumor,sample_proxy_unresolved,unresolved,not_assessed,0.376643663961115,singlet,CID3941-sample-proxy,True,,0.414689527595891,True,True,T / NK
CID3941_AGATCTGCACGGTAGA,CID3941-sample-proxy,CID3941,933,2488,100,4.019292604501608,0,0.0,21,0.8440514469453377,0,0.0,854,34.32475884244373,False,False,False,True,False,False,False,False,False,CID3941,ER+,pre-treatment primary tumor (study-level methods),baseline primary tumor,sample_proxy_unresolved,unresolved,not_assessed,0.538779280305666,singlet,CID3941-sample-proxy,True,,0.180541808294216,True,True,T / NK
CID3941_ACATGGTGTCCTCCAT,CID3941-sample-proxy,CID3941,403,729,61,8.367626886145404,0,0.0,0,0.0,0,0.0,194,26.611796982167352,False,False,False,True,False,False,False,False,False,CID3941,ER+,pre-treatment primary tumor (study-level methods),baseline primary tumor,sample_proxy_unresolved,unresolved,not_assessed,0.119734790495248,singlet,CID3941-sample-proxy,True,,0.927371544618653,False,False,T / NK
CID3941_CCAATCCAGCGCTCCA,CID3941-sample-proxy,CID3941,466,934,79,8.458244111349037,0,0.0,2,0.21413276231263384,0,0.0,207,22.1627408993576,False,False,False,True,False,False,False,False,False,CID3941,ER+,pre-treatment primary tumor (study-level methods),baseline primary tumor,sample_proxy_unresolved,unresolved,not_assessed,0.254266228675505,singlet,CID3941-sample-proxy,True,,0.934998542005432,False,False,T / NK
CID3941_AAATGCCAGACGCTTT,CID3941-sample-proxy,CID3941,368,609,52,8.538587848932677,0,0.0,0,0.0,0,0.0,133,21.839080459770116,False,True,False,False,False,False,False,False,False,CID3941,ER+,pre-treatment primary tumor (study-level methods),baseline primary tumor,sample_proxy_unresolved,unresolved,not_assessed,,not_called_core_qc_fail,CID3941-sample-proxy,False,fails_low_umis,0.941390715353183,False,False,T / NK
CID3941_AACGTTGTCTTAACCT,CID3941-sample-proxy,CID3941,790,1748,51,2.917620137299771,0,0.0,6,0.34324942791762014,1,0.057208237986270026,493,28.20366132723112,False,False,False,True,False,False,True,False,False,CID3941,ER+,pre-treatment primary tumor (study-level methods),baseline primary tumor,sample_proxy_unresolved,unresolved,not_assessed,0.38974543104262,singlet,CID3941-sample-proxy,True,,0.144532675895114,True,True,T / NK
CID3941_AAGGTTCAGATAGTCA,CID3941-sample-proxy,CID3941,889,1786,70,3.9193729003359463,0,0.0,14,0.7838745800671892,0,0.0,325,18.197088465845464,False,False,False,True,False,False,False,False,False,CID3941,ER+,pre-treatment primary tumor (study-level methods),baseline primary tumor,sample_proxy_unresolved,unresolved,not_assessed,0.546903670688328,singlet,CID3941-sample-proxy,True,,0.178476932639307,True,True,T / NK
CID3941_ACCAGTATCGGAATCT,CID3941-sample-proxy,CID3941,709,1593,26,1.6321406151914626,0,0.0,60,3.766478342749529,0,0.0,365,22.912743251726305,False,False,False,True,False,True,False,False,False,CID3941,ER+,pre-treatment primary tumor (study-level methods),baseline primary tumor,sample_proxy_unresolved,unresolved,not_assessed,0.433502533181253,singlet,CID3941-sample-proxy,True,,0.140888550503913,True,True,T / NK
CID3941_ACGAGCCGTCTAGTCA,CID3941-sample-proxy,CID3941,723,1893,109,5.758055995773904,0,0.0,12,0.6339144215530903,0,0.0,448,23.666138404648706,False,False,False,True,False,False,False,False,False,CID3941,ER+,pre-treatment primary tumor (study-level methods),baseline primary tumor,sample_proxy_unresolved,unresolved,not_assessed,0.416412108271547,singlet,CID3941-sample-proxy,True,,0.425248488203558,True,True,T / NK
CID3941_ATAAGAGCATTGTGCA,CID3941-sample-proxy,CID3941,988,2340,87,3.717948717948718,0,0.0,12,0.5128205128205128,0,0.0,717,30.641025641025642,False,False,False,True,False,False,False,False,False,CID3941,ER+,pre-treatment primary tumor (study-level methods),baseline primary tumor,sample_proxy_unresolved,unresolved,not_assessed,0.4233303411215,singlet,CID3941-sample-proxy,True,,0.15700409307037,True,True,T / NK
CID3941_ATCCGAATCGAGGTAG,CID3941-sample-proxy,CID3941,969,2809,83,2.9547881808472765,0,0.0,7,0.2491990032039872,0,0.0,1035,36.84585261658954,False,False,False,True,False,False,False,False,False,CID3941,ER+,pre-treatment primary tumor (study-level methods),baseline primary tumor,sample_proxy_unresolved,unresolved,not_assessed,0.437980811997158,singlet,CID3941-sample-proxy,True,,0.129394181600338,True,True,T / NK
CID3941_CACAGGCTCCTTTCTC,CID3941-sample-proxy,CID3941,814,1883,56,2.973977695167286,0,0.0,10,0.5310674455655868,0,0.0,470,24.96016994158258,False,False,False,True,False,False,False,False,False,CID3941,ER+,pre-treatment primary tumor (study-level methods),baseline primary tumor,sample_proxy_unresolved,unresolved,not_assessed,0.369219833488812,singlet,CID3941-sample-proxy,True,,0.14390880513217,True,True,T / NK
CID3941_CACCACTGTCAAAGAT,CID3941-sample-proxy,CID3941,814,1573,38,2.4157660521296886,0,0.0,11,0.6993006993006993,0,0.0,327,20.788302606484425,False,False,False,True,False,False,False,False,False,CID3941,ER+,pre-treatment primary tumor (study-level methods),baseline primary tumor,sample_proxy_unresolved,unresolved,not_assessed,0.390888470581336,singlet,CID3941-sample-proxy,True,,0.132932648943767,True,True,T / NK
CID3941_CACCAGGTCTGCCCTA,CID3941-sample-proxy,CID3941,461,1003,47,4.685942173479561,0,0.0,37,3.688933200398804,0,0.0,223,22.233300099700898,False,False,False,True,False,True,False,False,False,CID3941,ER+,pre-treatment primary tumor (study-level methods),baseline primary tumor,sample_proxy_unresolved,unresolved,not_assessed,0.273648849490841,singlet,CID3941-sample-proxy,True,,0.284377122482444,True,True,T / NK
CID3941_CAGTAACTCCGTCATC,CID3941-sample-proxy,CID3941,538,980,21,2.142857142857143,0,0.0,5,0.5102040816326531,0,0.0,232,23.6734693877551,False,False,False,True,False,False,False,False,False,CID3941,ER+,pre-treatment primary tumor (study-level methods),baseline primary tumor,sample_proxy_unresolved,unresolved,not_assessed,0.236657841455196,singlet,CID3941-sample-proxy,True,,0.154926939616522,True,True,T / NK
CID3941_CAGTCCTTCGGAATCT,CID3941-sample-proxy,CID3941,853,2070,82,3.961352657004831,0,0.0,52,2.5120772946859904,1,0.04830917874396135,458,22.125603864734302,False,False,False,True,False,False,True,False,False,CID3941,ER+,pre-treatment primary tumor (study-level methods),baseline primary tumor,sample_proxy_unresolved,unresolved,not_assessed,0.447817590045588,singlet,CID3941-sample-proxy,True,,0.184749372851565,True,True,T / NK
CID3941_CCAGCGATCCTGTAGA,CID3941-sample-proxy,CID3941,551,1264,23,1.8196202531645569,0,0.0,53,4.193037974683545,1,0.07911392405063292,326,25.79113924050633,False,False,False,True,False,True,True,False,False,CID3941,ER+,pre-treatment primary tumor (study-level methods),baseline primary tumor,sample_proxy_unresolved,unresolved,not_assessed,0.382185517787044,singlet,CID3941-sample-proxy,True,,0.154205488390087,True,True,T / NK
CID3941_CCTTCGAGTGATAAAC,CID3941-sample-proxy,CID3941,903,1776,57,3.209459459459459,0,0.0,26,1.4639639639639639,0,0.0,278,15.653153153153154,False,False,False,True,False,False,False,False,False,CID3941,ER+,pre-treatment primary tumor (study-level methods),baseline primary tumor,sample_proxy_unresolved,unresolved,not_assessed,0.427997896395226,singlet,CID3941-sample-proxy,True,,0.143160386349553,True,True,T / NK
CID3941_CCTTCGATCCGCGCAA,CID3941-sample-proxy,CID3941,446,908,32,3.524229074889868,0,0.0,18,1.9823788546255507,0,0.0,279,30.726872246696036,False,False,False,True,False,False,False,False,False,CID3941,ER+,pre-treatment primary tumor (study-level methods),baseline primary tumor,sample_proxy_unresolved,unresolved,not_assessed,0.22541094471599,singlet,CID3941-sample-proxy,True,,0.195258183426904,True,True,T / NK
CID3941_CCTTTCTGTGGTTTCA,CID3941-sample-proxy,CID3941,670,1373,38,2.7676620538965766,0,0.0,14,1.0196649672250546,0,0.0,370,26.9482884195193,False,False,False,True,False,False,False,False,False,CID3941,ER+,pre-treatment primary tumor (study-level methods),baseline primary tumor,sample_proxy_unresolved,unresolved,not_assessed,0.448232440944621,singlet,CID3941-sample-proxy,True,,0.151411672738854,True,True,T / NK
CID3941_CGGACACGTGGGTCAA,CID3941-sample-proxy,CID3941,875,1837,78,4.246053347849755,0,0.0,35,1.905280348394121,1,0.05443658138268917,313,17.03864997278171,False,False,False,True,False,False,True,False,False,CID3941,ER+,pre-treatment primary tumor (study-level methods),baseline primary tumor,sample_proxy_unresolved,unresolved,not_assessed,0.49769444770304,singlet,CID3941-sample-proxy,True,,0.203282636754795,True,True,T / NK
CID3941_CTAACTTGTCGCTTCT,CID3941-sample-proxy,CID3941,933,2119,49,2.3124115148655027,0,0.0,20,0.9438414346389806,1,0.04719207173194903,585,27.607361963190186,False,False,False,True,False,False,True,False,False,CID3941,ER+,pre-treatment primary tumor (study-level methods),baseline primary tumor,sample_proxy_unresolved,unresolved,not_assessed,0.402279233139674,singlet,CID3941-sample-proxy,True,,0.121097708415461,True,True,T / NK
CID3941_CTCGTACAGCTGGAAC,CID3941-sample-proxy,CID3941,436,933,23,2.465166130760986,0,0.0,4,0.4287245444801715,0,0.0,266,28.510182207931408,False,False,False,True,False,False,False,False,False,CID3941,ER+,pre-treatment primary tumor (study-level methods),baseline primary tumor,sample_proxy_unresolved,unresolved,not_assessed,0.21672076206137,singlet,CID3941-sample-proxy,True,,0.165582307414453,True,True,T / NK
CID3941_CTGCGGAAGCAAATCA,CID3941-sample-proxy,CID3941,597,1572,29,1.8447837150127224,0,0.0,29,1.8447837150127224,0,0.0,560,35.6234096692112,False,False,False,True,False,False,False,False,False,CID3941,ER+,pre-treatment primary tumor (study-level methods),baseline primary tumor,sample_proxy_unresolved,unresolved,not_assessed,0.226265050534528,singlet,CID3941-sample-proxy,True,,0.149943569102698,True,True,T / NK
CID3941_CTGTGCTAGCCGATTT,CID3941-sample-proxy,CID3941,823,2254,55,2.440106477373558,0,0.0,121,5.368234250221828,0,0.0,525,23.29192546583851,False,False,False,True,False,True,False,False,False,CID3941,ER+,pre-treatment primary tumor (study-level methods),baseline primary tumor,sample_proxy_unresolved,unresolved,not_assessed,0.449060106507626,singlet,CID3941-sample-proxy,True,,0.132435328738757,True,True,T / NK
CID3941_GAACATCCATGCCACG,CID3941-sample-proxy,CID3941,506,912,66,7.236842105263158,0,0.0,0,0.0,0,0.0,229,25.109649122807014,False,False,False,True,False,False,False,False,False,CID3941,ER+,pre-treatment primary tumor (study-level methods),baseline primary tumor,sample_proxy_unresolved,unresolved,not_assessed,0.166511438243768,singlet,CID3941-sample-proxy,True,,0.762802590149342,False,False,T / NK
CID3941_GAACGGACACGGTGTC,CID3941-sample-proxy,CID3941,558,1435,32,2.229965156794425,0,0.0,9,0.627177700348432,0,0.0,591,41.18466898954704,False,False,False,True,False,False,False,False,False,CID3941,ER+,pre-treatment primary tumor (study-level methods),baseline primary tumor,sample_proxy_unresolved,unresolved,not_assessed,0.371864602194306,singlet,CID3941-sample-proxy,True,,0.153610537036586,True,True,T / NK
CID3941_GAATAAGGTAAGCACG,CID3941-sample-proxy,CID3941,947,2324,49,2.108433734939759,0,0.0,62,2.667814113597246,0,0.0,442,19.01893287435456,False,False,False,True,False,False,False,False,False,CID3941,ER+,pre-treatment primary tumor (study-level methods),baseline primary tumor,sample_proxy_unresolved,unresolved,not_assessed,0.5491944439122,singlet,CID3941-sample-proxy,True,,0.118239442969015,True,True,T / NK
CID3941_GCTGCGACATAGACTC,CID3941-sample-proxy,CID3941,593,1345,33,2.453531598513011,0,0.0,17,1.2639405204460967,0,0.0,353,26.245353159851305,False,False,False,True,False,False,False,False,False,CID3941,ER+,pre-treatment primary tumor (study-level methods),baseline primary tumor,sample_proxy_unresolved,unresolved,not_assessed,0.341855496359191,singlet,CID3941-sample-proxy,True,,0.152650751261478,True,True,T / NK
CID3941_GGAGCAAAGTGCAAGC,CID3941-sample-proxy,CID3941,685,1524,32,2.099737532808399,0,0.0,4,0.26246719160104987,0,0.0,449,29.46194225721785,False,False,False,True,False,False,False,False,False,CID3941,ER+,pre-treatment primary tumor (study-level methods),baseline primary tumor,sample_proxy_unresolved,unresolved,not_assessed,0.306242871284987,singlet,CID3941-sample-proxy,True,,0.141942709873484,True,True,T / NK
CID3941_GGCCGATAGCCCAGCT,CID3941-sample-proxy,CID3941,1324,2837,50,1.7624250969333801,0,0.0,33,1.163200563976031,1,0.035248501938667604,679,23.933732816355306,False,False,False,True,False,False,True,False,False,CID3941,ER+,pre-treatment primary tumor (study-level methods),baseline primary tumor,sample_proxy_unresolved,unresolved,not_assessed,0.649422649644292,doublet,CID3941-sample-proxy,False,scDblFinder_doublet,0.0836568872791272,True,True,T / NK
CID3941_GGGAATGTCTCGATGA,CID3941-sample-proxy,CID3941,733,1451,27,1.8607856650585803,0,0.0,6,0.41350792556857335,1,0.06891798759476223,349,24.05237767057202,False,False,False,True,False,False,True,False,False,CID3941,ER+,pre-treatment primary tumor (study-level methods),baseline primary tumor,sample_proxy_unresolved,unresolved,not_assessed,0.279031851553959,singlet,CID3941-sample-proxy,True,,0.137442942274835,True,True,T / NK
CID3941_GGGAGATAGTCCAGGA,CID3941-sample-proxy,CID3941,858,1946,77,3.9568345323741005,0,0.0,15,0.7708119218910586,0,0.0,441,22.66187050359712,False,False,False,True,False,False,False,False,False,CID3941,ER+,pre-treatment primary tumor (study-level methods),baseline primary tumor,sample_proxy_unresolved,unresolved,not_assessed,0.426879932866037,singlet,CID3941-sample-proxy,True,,0.183959132350726,True,True,T / NK
CID3941_GGGCACTCACTGTCGG,CID3941-sample-proxy,CID3941,784,1680,104,6.190476190476191,0,0.0,0,0.0,0,0.0,480,28.57142857142857,False,False,False,True,False,False,False,False,False,CID3941,ER+,pre-treatment primary tumor (study-level methods),baseline primary tumor,sample_proxy_unresolved,unresolved,not_assessed,0.207968830788209,singlet,CID3941-sample-proxy,True,,0.510297195852571,True,True,T / NK
CID3941_GGGTTGCCAGCGTAAG,CID3941-sample-proxy,CID3941,907,2203,106,4.811620517476169,0,0.0,19,0.8624602814344077,0,0.0,528,23.967317294598274,False,False,False,True,False,False,False,False,False,CID3941,ER+,pre-treatment primary tumor (study-level methods),baseline primary tumor,sample_proxy_unresolved,unresolved,not_assessed,0.501514682763999,singlet,CID3941-sample-proxy,True,,0.255430884045625,True,True,T / NK
CID3941_GTAACGTGTTAGAACA,CID3941-sample-proxy,CID3941,925,2038,92,4.5142296368989205,0,0.0,6,0.2944062806673209,2,0.09813542688910697,395,19.381746810598628,False,False,False,True,False,False,True,False,False,CID3941,ER+,pre-treatment primary tumor (study-level methods),baseline primary tumor,sample_proxy_unresolved,unresolved,not_assessed,0.427882399813528,singlet,CID3941-sample-proxy,True,,0.221591462699415,True,True,T / NK
CID3941_GTCACAATCTTTACAC,CID3941-sample-proxy,CID3941,579,993,41,4.128902316213495,0,0.0,2,0.2014098690835851,0,0.0,220,22.15508559919436,False,False,False,True,False,False,False,False,False,CID3941,ER+,pre-treatment primary tumor (study-level methods),baseline primary tumor,sample_proxy_unresolved,unresolved,not_assessed,0.173654508524028,singlet,CID3941-sample-proxy,True,,0.222181257532451,True,True,T / NK
CID3941_GTCTCGTGTTATTCTC,CID3941-sample-proxy,CID3941,620,1068,27,2.528089887640449,0,0.0,14,1.3108614232209739,0,0.0,215,20.131086142322097,False,False,False,True,False,False,False,False,False,CID3941,ER+,pre-treatment primary tumor (study-level methods),baseline primary tumor,sample_proxy_unresolved,unresolved,not_assessed,0.335203353348703,singlet,CID3941-sample-proxy,True,,0.151361010490458,True,True,T / NK
CID3941_GTGAAGGTCTCTAAGG,CID3941-sample-proxy,CID3941,965,2070,136,6.570048309178745,0,0.0,4,0.1932367149758454,0,0.0,469,22.657004830917874,False,False,False,True,False,False,False,False,False,CID3941,ER+,pre-treatment primary tumor (study-level methods),baseline primary tumor,sample_proxy_unresolved,unresolved,not_assessed,0.570855793986945,singlet,CID3941-sample-proxy,True,,0.579193308298566,True,True,T / NK
CID3941_GTGCATATCTGTCTCG,CID3941-sample-proxy,CID3941,585,1242,67,5.394524959742351,0,0.0,47,3.784219001610306,0,0.0,308,24.798711755233494,False,False,False,True,False,True,False,False,False,CID3941,ER+,pre-treatment primary tumor (study-level methods),baseline primary tumor,sample_proxy_unresolved,unresolved,not_assessed,0.289333319436166,singlet,CID3941-sample-proxy,True,,0.372570343463672,True,True,T / NK
CID3941_GTTCTCGTCGCATGAT,CID3941-sample-proxy,CID3941,631,1416,55,3.8841807909604524,0,0.0,9,0.6355932203389831,0,0.0,422,29.80225988700565,False,False,False,True,False,False,False,False,False,CID3941,ER+,pre-treatment primary tumor (study-level methods),baseline primary tumor,sample_proxy_unresolved,unresolved,not_assessed,0.383675919120382,singlet,CID3941-sample-proxy,True,,0.200445557346947,True,True,T / NK
CID3941_TAAACCGTCTAACTTC,CID3941-sample-proxy,CID3941,640,1262,104,8.240887480190175,0,0.0,12,0.9508716323296356,0,0.0,288,22.820919175911254,False,False,False,True,False,False,False,False,False,CID3941,ER+,pre-treatment primary tumor (study-level methods),baseline primary tumor,sample_proxy_unresolved,unresolved,not_assessed,0.197816916189677,singlet,CID3941-sample-proxy,True,,0.913589225899195,False,False,T / NK
CID3941_TAGGCATAGCGATATA,CID3941-sample-proxy,CID3941,794,1595,17,1.0658307210031348,0,0.0,12,0.7523510971786834,1,0.06269592476489029,371,23.260188087774296,False,False,False,True,False,False,True,False,False,CID3941,ER+,pre-treatment primary tumor (study-level methods),baseline primary tumor,sample_proxy_unresolved,unresolved,not_assessed,0.39267555522001,singlet,CID3941-sample-proxy,True,,0.140833707834956,True,True,T / NK
CID3941_TCAATCTGTTCCCGAG,CID3941-sample-proxy,CID3941,642,1583,91,5.7485786481364505,0,0.0,25,1.5792798483891344,0,0.0,460,29.058749210360073,False,False,False,True,False,False,False,False,False,CID3941,ER+,pre-treatment primary tumor (study-level methods),baseline primary tumor,sample_proxy_unresolved,unresolved,not_assessed,0.429278034826817,singlet,CID3941-sample-proxy,True,,0.431409698684796,True,True,T / NK
CID3941_TCCCGATAGGCCGAAT,CID3941-sample-proxy,CID3941,329,596,21,3.523489932885906,0,0.0,3,0.5033557046979865,0,0.0,153,25.671140939597315,True,True,False,False,False,False,False,False,False,CID3941,ER+,pre-treatment primary tumor (study-level methods),baseline primary tumor,sample_proxy_unresolved,unresolved,not_assessed,,not_called_core_qc_fail,CID3941-sample-proxy,False,fails_low_genes;fails_low_umis,0.203549636342626,True,True,T / NK
CID3941_TCGCGTTAGCTAGTGG,CID3941-sample-proxy,CID3941,420,812,48,5.911330049261084,0,0.0,2,0.24630541871921183,0,0.0,267,32.88177339901478,False,False,False,True,False,False,False,False,False,CID3941,ER+,pre-treatment primary tumor (study-level methods),baseline primary tumor,sample_proxy_unresolved,unresolved,not_assessed,0.229994950924601,singlet,CID3941-sample-proxy,True,,0.481119991151494,True,True,T / NK
CID3941_TCTGGAATCAGTCCCT,CID3941-sample-proxy,CID3941,644,1496,83,5.548128342245989,0,0.0,41,2.740641711229946,0,0.0,369,24.665775401069517,False,False,False,True,False,False,False,False,False,CID3941,ER+,pre-treatment primary tumor (study-level methods),baseline primary tumor,sample_proxy_unresolved,unresolved,not_assessed,0.387170613571115,singlet,CID3941-sample-proxy,True,,0.393695293911021,True,True,T / NK
CID3941_TGACTAGGTGTAATGA,CID3941-sample-proxy,CID3941,534,1207,56,4.63960231980116,0,0.0,24,1.9884009942004972,0,0.0,347,28.74896437448219,False,False,False,True,False,False,False,False,False,CID3941,ER+,pre-treatment primary tumor (study-level methods),baseline primary tumor,sample_proxy_unresolved,unresolved,not_assessed,0.379767119171141,singlet,CID3941-sample-proxy,True,,0.273324103105611,True,True,T / NK
CID3941_TGATTTCCACCGTTGG,CID3941-sample-proxy,CID3941,834,2309,82,3.5513209181463834,0,0.0,14,0.606323083585968,0,0.0,604,26.158510177566047,False,False,False,True,False,False,False,False,False,CID3941,ER+,pre-treatment primary tumor (study-level methods),baseline primary tumor,sample_proxy_unresolved,unresolved,not_assessed,0.408886842479167,singlet,CID3941-sample-proxy,True,,0.163510288325615,True,True,T / NK
CID3941_TGATTTCTCCTTCAAT,CID3941-sample-proxy,CID3941,745,1552,49,3.1572164948453607,0,0.0,26,1.675257731958763,0,0.0,402,25.902061855670105,False,False,False,True,False,False,False,False,False,CID3941,ER+,pre-treatment primary tumor (study-level methods),baseline primary tumor,sample_proxy_unresolved,unresolved,not_assessed,0.313560486852456,singlet,CID3941-sample-proxy,True,,0.155629578955725,True,True,T / NK
CID3941_TGGACGCGTAAGTAGT,CID3941-sample-proxy,CID3941,376,689,40,5.805515239477503,0,0.0,4,0.5805515239477503,0,0.0,221,32.075471698113205,False,False,False,True,False,False,False,False,False,CID3941,ER+,pre-treatment primary tumor (study-level methods),baseline primary tumor,sample_proxy_unresolved,unresolved,not_assessed,0.337345580856052,singlet,CID3941-sample-proxy,True,,0.462807790381944,True,True,T / NK
CID3941_TTATGCTCACGGTAAG,CID3941-sample-proxy,CID3941,715,1493,41,2.7461486939048894,0,0.0,11,0.7367716008037508,0,0.0,324,21.701272605492296,False,False,False,True,False,False,False,False,False,CID3941,ER+,pre-treatment primary tumor (study-level methods),baseline primary tumor,sample_proxy_unresolved,unresolved,not_assessed,0.345669679193063,singlet,CID3941-sample-proxy,True,,0.147081239506216,True,True,T / NK
CID3941_TTGACTTTCCTTGGTC,CID3941-sample-proxy,CID3941,715,1345,63,4.684014869888476,0,0.0,5,0.37174721189591076,0,0.0,251,18.66171003717472,False,False,False,True,False,False,False,False,False,CID3941,ER+,pre-treatment primary tumor (study-level methods),baseline primary tumor,sample_proxy_unresolved,unresolved,not_assessed,0.391437865697125,singlet,CID3941-sample-proxy,True,,0.261528325130443,True,True,T / NK
CID3941_TTGCCGTTCGAATCCA,CID3941-sample-proxy,CID3941,799,2158,96,4.448563484708063,0,0.0,60,2.7803521779425395,1,0.04633920296570899,493,22.84522706209453,False,False,False,True,False,False,True,False,False,CID3941,ER+,pre-treatment primary tumor (study-level methods),baseline primary tumor,sample_proxy_unresolved,unresolved,not_assessed,0.425995470310625,singlet,CID3941-sample-proxy,True,,0.228837328358349,True,True,T / NK
CID3941_TTTCCTCTCGTCCAGG,CID3941-sample-proxy,CID3941,867,2069,61,2.9482841952634122,0,0.0,18,0.8699855002416627,0,0.0,519,25.08458192363461,False,False,False,True,False,False,False,False,False,CID3941,ER+,pre-treatment primary tumor (study-level methods),baseline primary tumor,sample_proxy_unresolved,unresolved,not_assessed,0.431592739260719,singlet,CID3941-sample-proxy,True,,0.13846380444461,True,True,T / NK
CID3941_CGCGTTTCACCGATAT,CID3941-sample-proxy,CID3941,642,1592,64,4.0201005025125625,0,0.0,17,1.0678391959798994,0,0.0,398,25.0,False,False,False,True,False,False,False,False,False,CID3941,ER+,pre-treatment primary tumor (study-level methods),baseline primary tumor,sample_proxy_unresolved,unresolved,not_assessed,0.38269171378818,singlet,CID3941-sample-proxy,True,,0.208639727203679,True,True,T / NK
CID3941_AACCATGCACTAGTAC,CID3941-sample-proxy,CID3941,879,1954,85,4.350051177072672,0,0.0,50,2.5588536335721597,1,0.0511770726714432,389,19.907881269191403,False,False,False,True,False,False,True,False,False,CID3941,ER+,pre-treatment primary tumor (study-level methods),baseline primary tumor,sample_proxy_unresolved,unresolved,not_assessed,0.449957835270388,singlet,CID3941-sample-proxy,True,,0.211562326707656,True,True,T / NK
CID3941_TGGCCAGGTAAGGGAA,CID3941-sample-proxy,CID3941,1066,2472,64,2.5889967637540456,0,0.0,10,0.40453074433656955,1,0.04045307443365696,547,22.127831715210355,False,False,False,True,False,False,True,False,False,CID3941,ER+,pre-treatment primary tumor (study-level methods),baseline primary tumor,sample_proxy_unresolved,unresolved,not_assessed,0.535651160083305,singlet,CID3941-sample-proxy,True,,0.112864423868749,True,True,T / NK
CID3941_TCCACACGTGTCCTCT,CID3941-sample-proxy,CID3941,382,667,42,6.296851574212893,0,0.0,1,0.14992503748125938,0,0.0,186,27.886056971514243,False,False,False,True,False,False,False,False,False,CID3941,ER+,pre-treatment primary tumor (study-level methods),baseline primary tumor,sample_proxy_unresolved,unresolved,not_assessed,0.0501286911618191,singlet,CID3941-sample-proxy,True,,0.564522354537204,True,True,T / NK
CID3941_AGCTCCTAGGCGACAT,CID3941-sample-proxy,CID3941,618,1741,78,4.480183802412407,0,0.0,64,3.676048248133257,0,0.0,555,31.878230901780586,False,False,False,True,False,True,False,False,False,CID3941,ER+,pre-treatment primary tumor (study-level methods),baseline primary tumor,sample_proxy_unresolved,unresolved,not_assessed,0.407530607763287,singlet,CID3941-sample-proxy,True,,0.249441719467912,True,True,T / NK
CID3941_GTTTCTAGTTCGGGCT,CID3941-sample-proxy,CID3941,856,2288,104,4.545454545454546,0,0.0,33,1.4423076923076923,1,0.043706293706293704,604,26.3986013986014,False,False,False,True,False,False,True,False,False,CID3941,ER+,pre-treatment primary tumor (study-level methods),baseline primary tumor,sample_proxy_unresolved,unresolved,not_assessed,0.479262686886061,singlet,CID3941-sample-proxy,True,,0.23221919960567,True,True,T / NK
CID3941_GTAACGTCACCGCTAG,CID3941-sample-proxy,CID3941,305,613,49,7.99347471451876,0,0.0,6,0.9787928221859705,1,0.1631321370309951,151,24.63295269168026,True,True,False,False,False,False,True,False,False,CID3941,ER+,pre-treatment primary tumor (study-level methods),baseline primary tumor,sample_proxy_unresolved,unresolved,not_assessed,,not_called_core_qc_fail,CID3941-sample-proxy,False,fails_low_genes;fails_low_umis,0.887816696435594,False,False,T / NK
CID3941_TGGACGCTCGCCAAAT,CID3941-sample-proxy,CID3941,642,1573,134,8.518753973299429,0,0.0,70,4.4500953591862675,0,0.0,276,17.546090273363003,False,False,False,True,False,True,False,False,False,CID3941,ER+,pre-treatment primary tumor (study-level methods),baseline primary tumor,sample_proxy_unresolved,unresolved,not_assessed,0.352382007229625,singlet,CID3941-sample-proxy,True,,0.938936536149493,False,False,T / NK
CID3941_AAAGATGCATGCCACG,CID3941-sample-proxy,CID3941,498,961,95,9.88553590010406,0,0.0,27,2.8095733610822062,0,0.0,183,19.042663891779394,False,False,True,False,False,False,False,False,False,CID3941,ER+,pre-treatment primary tumor (study-level methods),baseline primary tumor,sample_proxy_unresolved,unresolved,not_assessed,,not_called_core_qc_fail,CID3941-sample-proxy,False,fails_mt,0.991919300968239,False,False,T / NK
CID3941_ACCAGTATCATAAAGG,CID3941-sample-proxy,CID3941,569,1018,71,6.974459724950884,0,0.0,27,2.6522593320235757,0,0.0,169,16.601178781925345,False,False,False,True,False,False,False,False,False,CID3941,ER+,pre-treatment primary tumor (study-level methods),baseline primary tumor,sample_proxy_unresolved,unresolved,not_assessed,0.0846489727409578,singlet,CID3941-sample-proxy,True,,0.705617429371415,True,True,T / NK
CID3941_ACGCCGATCATCACCC,CID3941-sample-proxy,CID3941,374,746,65,8.713136729222521,0,0.0,13,1.742627345844504,0,0.0,199,26.675603217158177,False,False,False,True,False,False,False,False,False,CID3941,ER+,pre-treatment primary tumor (study-level methods),baseline primary tumor,sample_proxy_unresolved,unresolved,not_assessed,0.216535125104173,singlet,CID3941-sample-proxy,True,,0.953331868463711,False,False,T / NK
CID3941_ATGCGATAGCAGACTG,CID3941-sample-proxy,CID3941,683,1253,77,6.145251396648044,0,0.0,50,3.9904229848363926,1,0.07980845969672785,203,16.201117318435752,False,False,False,True,False,True,True,False,False,CID3941,ER+,pre-treatment primary tumor (study-level methods),baseline primary tumor,sample_proxy_unresolved,unresolved,not_assessed,0.272788773792026,singlet,CID3941-sample-proxy,True,,0.510182655416652,True,True,T / NK
CID3941_CAACCAAAGCTGCCCA,CID3941-sample-proxy,CID3941,462,763,57,7.470511140235911,0,0.0,0,0.0,0,0.0,121,15.858453473132371,False,False,False,True,False,False,False,False,False,CID3941,ER+,pre-treatment primary tumor (study-level methods),baseline primary tumor,sample_proxy_unresolved,unresolved,not_assessed,0.130447945592056,singlet,CID3941-sample-proxy,True,,0.80787202716864,False,False,T / NK
CID3941_GGAATAATCGCGGATC,CID3941-sample-proxy,CID3941,454,815,64,7.85276073619632,0,0.0,1,0.1226993865030675,0,0.0,149,18.282208588957054,False,False,False,True,False,False,False,False,False,CID3941,ER+,pre-treatment primary tumor (study-level methods),baseline primary tumor,sample_proxy_unresolved,unresolved,not_assessed,0.0950799291413972,singlet,CID3941-sample-proxy,True,,0.868598240313869,False,False,T / NK
CID3941_TACCTATAGCTGTTCA,CID3941-sample-proxy,CID3941,409,798,130,16.290726817042607,0,0.0,4,0.5012531328320802,0,0.0,159,19.924812030075188,False,False,True,False,False,False,False,False,False,CID3941,ER+,pre-treatment primary tumor (study-level methods),baseline primary tumor,sample_proxy_unresolved,unresolved,not_assessed,,not_called_core_qc_fail,CID3941-sample-proxy,False,fails_mt,0.999999997143777,False,False,T / NK
CID3941_TCATTACTCGTCACGG,CID3941-sample-proxy,CID3941,434,746,44,5.898123324396782,0,0.0,39,5.227882037533512,0,0.0,134,17.962466487935657,False,False,False,True,False,True,False,False,False,CID3941,ER+,pre-treatment primary tumor (study-level methods),baseline primary tumor,sample_proxy_unresolved,unresolved,not_assessed,0.117098840174402,singlet,CID3941-sample-proxy,True,,0.477572020077374,True,True,T / NK
CID3941_CAGCCGAAGTCGATAA,CID3941-sample-proxy,CID3941,722,1880,39,2.074468085106383,0,0.0,7,0.37234042553191493,0,0.0,522,27.76595744680851,False,False,False,True,False,False,False,False,False,CID3941,ER+,pre-treatment primary tumor (study-level methods),baseline primary tumor,sample_proxy_unresolved,unresolved,not_assessed,0.35115518116758,singlet,CID3941-sample-proxy,True,,0.138542174020188,True,True,T / NK
CID3941_CGTTCTGCATGACATC,CID3941-sample-proxy,CID3941,790,2061,88,4.269771955361476,0,0.0,32,1.5526443474041727,0,0.0,517,25.084910237748666,False,False,False,True,False,False,False,False,False,CID3941,ER+,pre-treatment primary tumor (study-level methods),baseline primary tumor,sample_proxy_unresolved,unresolved,not_assessed,0.458869133166912,singlet,CID3941-sample-proxy,True,,0.213903264060274,True,True,T / NK
CID3941_GATTCAGTCCGATATG,CID3941-sample-proxy,CID3941,641,1123,25,2.226179875333927,0,0.0,7,0.6233303650934996,0,0.0,116,10.329474621549421,False,False,False,True,False,False,False,False,False,CID3941,ER+,pre-treatment primary tumor (study-level methods),baseline primary tumor,sample_proxy_unresolved,unresolved,not_assessed,0.275223677231039,singlet,CID3941-sample-proxy,True,,0.146438297904006,True,True,T / NK
CID3941_GGTGAAGGTAGCTTGT,CID3941-sample-proxy,CID3941,935,2403,82,3.412401165210154,0,0.0,83,3.454015813566375,0,0.0,464,19.309196837286724,False,False,False,True,False,True,False,False,False,CID3941,ER+,pre-treatment primary tumor (study-level methods),baseline primary tumor,sample_proxy_unresolved,unresolved,not_assessed,0.534951792954336,singlet,CID3941-sample-proxy,True,,0.147856973006107,True,True,T / NK
CID3941_TAAGCGTGTAAACACA,CID3941-sample-proxy,CID3941,635,1622,72,4.438964241676942,0,0.0,24,1.4796547472256474,0,0.0,489,30.147965474722564,False,False,False,True,False,False,False,False,False,CID3941,ER+,pre-treatment primary tumor (study-level methods),baseline primary tumor,sample_proxy_unresolved,unresolved,not_assessed,0.333735245518765,singlet,CID3941-sample-proxy,True,,0.24390679128742,True,True,T / NK
CID3941_TTCCCAGAGCCCAATT,CID3941-sample-proxy,CID3941,844,2378,133,5.5929352396972245,0,0.0,92,3.8687973086627423,0,0.0,571,24.011774600504626,False,False,False,True,False,True,False,False,False,CID3941,ER+,pre-treatment primary tumor (study-level methods),baseline primary tumor,sample_proxy_unresolved,unresolved,not_assessed,0.333892975757019,singlet,CID3941-sample-proxy,True,,0.380320290253866,True,True,T / NK
CID3941_GAACGGAGTTATGTGC,CID3941-sample-proxy,CID3941,662,1387,47,3.3886085075702956,0,0.0,24,1.7303532804614274,0,0.0,408,29.41600576784427,False,False,False,True,False,False,False,False,False,CID3941,ER+,pre-treatment primary tumor (study-level methods),baseline primary tumor,sample_proxy_unresolved,unresolved,not_assessed,0.301525491293747,singlet,CID3941-sample-proxy,True,,0.171634769430179,True,True,T / NK
CID3941_CCTCTGAAGACTACAA,CID3941-sample-proxy,CID3941,371,908,24,2.643171806167401,0,0.0,3,0.3303964757709251,0,0.0,73,8.039647577092511,False,False,False,True,False,False,False,False,False,CID3941,ER+,pre-treatment primary tumor (study-level methods),baseline primary tumor,sample_proxy_unresolved,unresolved,not_assessed,0.175831562468318,singlet,CID3941-sample-proxy,True,,0.172994704408153,True,True,T / NK
CID3941_ACTGAGTGTACCCAAT,CID3941-sample-proxy,CID3941,818,3277,117,3.570338724443088,0,0.0,51,1.556301495270064,0,0.0,1381,42.14220323466586,False,False,False,True,False,False,False,False,False,CID3941,ER+,pre-treatment primary tumor (study-level methods),baseline primary tumor,sample_proxy_unresolved,unresolved,not_assessed,0.389344603901262,singlet,CID3941-sample-proxy,True,,0.165914162720627,True,True,T / NK
CID3941_AGGGAGTCACGAAACG,CID3941-sample-proxy,CID3941,422,949,51,5.374077976817703,0,0.0,29,3.0558482613277134,0,0.0,303,31.928345626975762,False,False,False,True,False,False,False,False,False,CID3941,ER+,pre-treatment primary tumor (study-level methods),baseline primary tumor,sample_proxy_unresolved,unresolved,not_assessed,0.291050774931104,singlet,CID3941-sample-proxy,True,,0.38225463371653,True,True,T / NK
CID3941_CGTCCATTCCGAGCCA,CID3941-sample-proxy,CID3941,936,2030,38,1.87192118226601,0,0.0,54,2.6600985221674875,0,0.0,517,25.467980295566502,False,False,False,True,False,False,False,False,False,CID3941,ER+,pre-treatment primary tumor (study-level methods),baseline primary tumor,sample_proxy_unresolved,unresolved,not_assessed,0.44363157174152,singlet,CID3941-sample-proxy,True,,0.118566785790743,True,True,T / NK
CID3941_GCATACAGTACGCTGC,CID3941-sample-proxy,CID3941,708,1487,34,2.2864828513786146,0,0.0,22,1.4794889038332213,0,0.0,392,26.36180228648285,False,False,False,True,False,False,False,False,False,CID3941,ER+,pre-treatment primary tumor (study-level methods),baseline primary tumor,sample_proxy_unresolved,unresolved,not_assessed,0.329209165777503,singlet,CID3941-sample-proxy,True,,0.141002339926446,True,True,T / NK
CID3941_CTGCCTAAGATCGATA,CID3941-sample-proxy,CID3941,1029,3323,82,2.467649714113753,0,0.0,21,0.6319590731266927,1,0.03009328919650918,1227,36.92446584411676,False,False,False,True,False,False,True,False,False,CID3941,ER+,pre-treatment primary tumor (study-level methods),baseline primary tumor,sample_proxy_unresolved,unresolved,not_assessed,0.48733021357904,singlet,CID3941-sample-proxy,True,,0.11433368756545,True,True,T / NK
CID3941_CCTAGCTAGTACGTAA,CID3941-sample-proxy,CID3941,743,2466,163,6.609894566098945,0,0.0,51,2.068126520681265,0,0.0,909,36.86131386861314,False,False,False,True,False,False,False,False,False,CID3941,ER+,pre-treatment primary tumor (study-level methods),baseline primary tumor,sample_proxy_unresolved,unresolved,not_assessed,0.328169428173858,singlet,CID3941-sample-proxy,True,,0.611205804910578,True,True,T / NK
CID3941_TTGAACGGTTCAGCGC,CID3941-sample-proxy,CID3941,702,1925,66,3.428571428571429,0,0.0,21,1.090909090909091,0,0.0,578,30.02597402597403,False,False,False,True,False,False,False,False,False,CID3941,ER+,pre-treatment primary tumor (study-level methods),baseline primary tumor,sample_proxy_unresolved,unresolved,not_assessed,0.394398672692118,singlet,CID3941-sample-proxy,True,,0.169875855577033,True,True,T / NK
CID3941_ACGCAGCAGTCGTACT,CID3941-sample-proxy,CID3941,765,2149,113,5.258259655653792,0,0.0,11,0.5118659841786878,0,0.0,861,40.06514657980456,False,False,False,True,False,False,False,False,False,CID3941,ER+,pre-treatment primary tumor (study-level methods),baseline primary tumor,sample_proxy_unresolved,unresolved,not_assessed,0.2643177871377,singlet,CID3941-sample-proxy,True,,0.332577309667938,True,True,T / NK
CID3941_CCACTACTCAACACGT,CID3941-sample-proxy,CID3941,899,2421,77,3.180503923998348,0,0.0,43,1.7761255679471293,0,0.0,805,33.25072284180091,False,False,False,True,False,False,False,False,False,CID3941,ER+,pre-treatment primary tumor (study-level methods),baseline primary tumor,sample_proxy_unresolved,unresolved,not_assessed,0.525691251431316,singlet,CID3941-sample-proxy,True,,0.142541327436448,True,True,T / NK
CID3941_GGGCACTTCGCGATCG,CID3941-sample-proxy,CID3941,943,2985,113,3.7855946398659968,0,0.0,45,1.507537688442211,1,0.03350083752093803,1086,36.381909547738694,False,False,False,True,False,False,True,False,False,CID3941,ER+,pre-treatment primary tumor (study-level methods),baseline primary tumor,sample_proxy_unresolved,unresolved,not_assessed,0.482184987809522,singlet,CID3941-sample-proxy,True,,0.165143339668112,True,True,T / NK
CID3941_AACTCCCTCCCGGATG,CID3941-sample-proxy,CID3941,961,3517,83,2.3599658800113734,0,0.0,45,1.279499573500142,0,0.0,1595,45.35115154961615,False,False,False,True,False,False,False,False,False,CID3941,ER+,pre-treatment primary tumor (study-level methods),baseline primary tumor,sample_proxy_unresolved,unresolved,not_assessed,0.313084728613218,singlet,CID3941-sample-proxy,True,,0.11908504482315,True,True,T / NK
CID3941_AGCGTATCACCACGTG,CID3941-sample-proxy,CID3941,985,2787,50,1.794043774668102,0,0.0,13,0.46645138141370646,0,0.0,1129,40.509508432005745,False,False,False,True,False,False,False,False,False,CID3941,ER+,pre-treatment primary tumor (study-level methods),baseline primary tumor,sample_proxy_unresolved,unresolved,not_assessed,0.42449920458057,singlet,CID3941-sample-proxy,True,,0.114042736378578,True,True,T / NK
CID3941_AGGTCCGCAGCTCCGA,CID3941-sample-proxy,CID3941,1024,3432,100,2.9137529137529135,0,0.0,92,2.6806526806526807,0,0.0,1359,39.5979020979021,False,False,False,True,False,False,False,False,False,CID3941,ER+,pre-treatment primary tumor (study-level methods),baseline primary tumor,sample_proxy_unresolved,unresolved,not_assessed,0.36082943023312,singlet,CID3941-sample-proxy,True,,0.123335649715739,True,True,T / NK
CID3941_ATTACTCAGACGCAAC,CID3941-sample-proxy,CID3941,745,2296,79,3.4407665505226483,0,0.0,28,1.2195121951219512,0,0.0,947,41.24564459930314,False,False,False,True,False,False,False,False,False,CID3941,ER+,pre-treatment primary tumor (study-level methods),baseline primary tumor,sample_proxy_unresolved,unresolved,not_assessed,0.293290991217104,singlet,CID3941-sample-proxy,True,,0.166595812721986,True,True,T / NK
CID3941_ATTACTCTCTGAAAGA,CID3941-sample-proxy,CID3941,1058,3985,160,4.0150564617314926,0,0.0,47,1.179422835633626,0,0.0,1468,36.83814303638645,False,False,False,True,False,False,False,False,False,CID3941,ER+,pre-treatment primary tumor (study-level methods),baseline primary tumor,sample_proxy_unresolved,unresolved,not_assessed,0.400362931781433,singlet,CID3941-sample-proxy,True,,0.16720645955627,True,True,T / NK
CID3941_CAGAATCAGTACTTGC,CID3941-sample-proxy,CID3941,711,2051,65,3.1691857630424183,0,0.0,20,0.9751340809361287,0,0.0,614,29.936616284739152,False,False,False,True,False,False,False,False,False,CID3941,ER+,pre-treatment primary tumor (study-level methods),baseline primary tumor,sample_proxy_unresolved,unresolved,not_assessed,0.412540686873338,singlet,CID3941-sample-proxy,True,,0.15901355278535,True,True,T / NK
CID3941_CAGAGAGGTTGGAGGT,CID3941-sample-proxy,CID3941,696,1703,62,3.6406341749853204,0,0.0,7,0.4110393423370522,0,0.0,583,34.233705226071635,False,False,False,True,False,False,False,False,False,CID3941,ER+,pre-treatment primary tumor (study-level methods),baseline primary tumor,sample_proxy_unresolved,unresolved,not_assessed,0.258613389494459,singlet,CID3941-sample-proxy,True,,0.180573617762067,True,True,T / NK
CID3941_CAGGTGCAGAGGTTGC,CID3941-sample-proxy,CID3941,823,2817,136,4.827831025914093,0,0.0,6,0.21299254526091588,0,0.0,1245,44.19595314164005,False,False,False,True,False,False,False,False,False,CID3941,ER+,pre-treatment primary tumor (study-level methods),baseline primary tumor,sample_proxy_unresolved,unresolved,not_assessed,0.276905927657691,singlet,CID3941-sample-proxy,True,,0.266852363554071,True,True,T / NK
CID3941_CCACGGAGTTACGGAG,CID3941-sample-proxy,CID3941,800,2381,78,3.275934481310374,0,0.0,14,0.5879882402351954,0,0.0,851,35.741285174296515,False,False,False,True,False,False,False,False,False,CID3941,ER+,pre-treatment primary tumor (study-level methods),baseline primary tumor,sample_proxy_unresolved,unresolved,not_assessed,0.312190722481228,singlet,CID3941-sample-proxy,True,,0.154951040952197,True,True,T / NK
CID3941_CGTCTACCAGTAAGAT,CID3941-sample-proxy,CID3941,827,2539,95,3.741630563213864,0,0.0,26,1.0240252067743205,0,0.0,818,32.217408428515164,False,False,False,True,False,False,False,False,False,CID3941,ER+,pre-treatment primary tumor (study-level methods),baseline primary tumor,sample_proxy_unresolved,unresolved,not_assessed,0.375114258594982,singlet,CID3941-sample-proxy,True,,0.17397050213614,True,True,T / NK
CID3941_GACGTTAAGACTGGGT,CID3941-sample-proxy,CID3941,791,2407,93,3.8637307852098046,0,0.0,13,0.540091400083091,0,0.0,978,40.631491483174074,False,False,False,True,False,False,False,False,False,CID3941,ER+,pre-treatment primary tumor (study-level methods),baseline primary tumor,sample_proxy_unresolved,unresolved,not_assessed,0.361128019660188,singlet,CID3941-sample-proxy,True,,0.184547748269936,True,True,T / NK
CID3941_GAGGTGATCCGTCATC,CID3941-sample-proxy,CID3941,809,2794,93,3.3285612025769504,0,0.0,21,0.7516105941302791,1,0.03579098067287043,1156,41.37437365783823,False,False,False,True,False,False,True,False,False,CID3941,ER+,pre-treatment primary tumor (study-level methods),baseline primary tumor,sample_proxy_unresolved,unresolved,not_assessed,0.258045887247927,singlet,CID3941-sample-proxy,True,,0.156156695664948,True,True,T / NK
CID3941_GGACAGATCGGATGGA,CID3941-sample-proxy,CID3941,649,1754,55,3.1356898517673892,0,0.0,28,1.596351197263398,1,0.05701254275940707,638,36.37400228050171,False,False,False,True,False,False,True,False,False,CID3941,ER+,pre-treatment primary tumor (study-level methods),baseline primary tumor,sample_proxy_unresolved,unresolved,not_assessed,0.278147798327504,singlet,CID3941-sample-proxy,True,,0.163212323244526,True,True,T / NK
CID3941_GGCTCGATCGCCCTTA,CID3941-sample-proxy,CID3941,740,2284,71,3.1085814360770576,0,0.0,34,1.4886164623467601,0,0.0,949,41.54991243432574,False,False,False,True,False,False,False,False,False,CID3941,ER+,pre-treatment primary tumor (study-level methods),baseline primary tumor,sample_proxy_unresolved,unresolved,not_assessed,0.429712892145039,singlet,CID3941-sample-proxy,True,,0.154470096107647,True,True,T / NK
CID3941_GTACGTATCTACCTGC,CID3941-sample-proxy,CID3941,800,1869,50,2.675227394328518,0,0.0,42,2.247191011235955,0,0.0,611,32.69127875869449,False,False,False,True,False,False,False,False,False,CID3941,ER+,pre-treatment primary tumor (study-level methods),baseline primary tumor,sample_proxy_unresolved,unresolved,not_assessed,0.39598482456132,singlet,CID3941-sample-proxy,True,,0.138214393891821,True,True,T / NK
CID3941_GTTCGGGTCAGCTTAG,CID3941-sample-proxy,CID3941,788,2480,56,2.258064516129032,0,0.0,8,0.3225806451612903,0,0.0,992,40.0,False,False,False,True,False,False,False,False,False,CID3941,ER+,pre-treatment primary tumor (study-level methods),baseline primary tumor,sample_proxy_unresolved,unresolved,not_assessed,0.366734119976906,singlet,CID3941-sample-proxy,True,,0.133649135252758,True,True,T / NK
CID3941_TACGGATCAGTAAGCG,CID3941-sample-proxy,CID3941,565,2089,68,3.2551460028721877,0,0.0,27,1.292484442316898,0,0.0,1068,51.124940162757305,False,False,False,True,False,False,False,False,False,CID3941,ER+,pre-treatment primary tumor (study-level methods),baseline primary tumor,sample_proxy_unresolved,unresolved,not_assessed,0.324235632920707,singlet,CID3941-sample-proxy,True,,0.174421674252987,True,True,T / NK
CID3941_TAGACCATCATTATCC,CID3941-sample-proxy,CID3941,898,2990,118,3.9464882943143813,0,0.0,43,1.4381270903010033,0,0.0,1062,35.518394648829435,False,False,False,True,False,False,False,False,False,CID3941,ER+,pre-treatment primary tumor (study-level methods),baseline primary tumor,sample_proxy_unresolved,unresolved,not_assessed,0.404201511374976,singlet,CID3941-sample-proxy,True,,0.179303481730557,True,True,T / NK
CID3941_TAGCCGGCAAGTCTAC,CID3941-sample-proxy,CID3941,811,2709,137,5.057216685123662,0,0.0,20,0.7382798080472499,0,0.0,1123,41.454411221853086,False,False,False,True,False,False,False,False,False,CID3941,ER+,pre-treatment primary tumor (study-level methods),baseline primary tumor,sample_proxy_unresolved,unresolved,not_assessed,0.302689141681807,singlet,CID3941-sample-proxy,True,,0.297888856212772,True,True,T / NK
CID3941_TAGGCATAGAAGAAGC,CID3941-sample-proxy,CID3941,668,2198,56,2.547770700636943,0,0.0,18,0.8189262966333031,0,0.0,916,41.67424931756142,False,False,False,True,False,False,False,False,False,CID3941,ER+,pre-treatment primary tumor (study-level methods),baseline primary tumor,sample_proxy_unresolved,unresolved,not_assessed,0.332021006548332,singlet,CID3941-sample-proxy,True,,0.147554462808279,True,True,T / NK
CID3941_TCACGAATCAAGCCTA,CID3941-sample-proxy,CID3941,775,2770,53,1.9133574007220218,0,0.0,38,1.371841155234657,0,0.0,1112,40.144404332129966,False,False,False,True,False,False,False,False,False,CID3941,ER+,pre-treatment primary tumor (study-level methods),baseline primary tumor,sample_proxy_unresolved,unresolved,not_assessed,0.310569384367263,singlet,CID3941-sample-proxy,True,,0.133495328243672,True,True,T / NK
CID3941_TCTGAGAAGCCAACAG,CID3941-sample-proxy,CID3941,666,1557,64,4.110468850353243,0,0.0,10,0.6422607578676942,0,0.0,542,34.81053307642903,False,False,False,True,False,False,False,False,False,CID3941,ER+,pre-treatment primary tumor (study-level methods),baseline primary tumor,sample_proxy_unresolved,unresolved,not_assessed,0.353138088080016,singlet,CID3941-sample-proxy,True,,0.213095830478242,True,True,T / NK
CID3941_TCTTCGGAGATGTAAC,CID3941-sample-proxy,CID3941,492,1083,30,2.7700831024930745,0,0.0,8,0.7386888273314866,0,0.0,424,39.150507848568786,False,False,False,True,False,False,False,False,False,CID3941,ER+,pre-treatment primary tumor (study-level methods),baseline primary tumor,sample_proxy_unresolved,unresolved,not_assessed,0.212807711965782,singlet,CID3941-sample-proxy,True,,0.166128231118279,True,True,T / NK
CID3941_TTGACTTTCGGTCTAA,CID3941-sample-proxy,CID3941,1068,3730,153,4.101876675603218,0,0.0,22,0.5898123324396782,0,0.0,1558,41.76943699731904,False,False,False,True,False,False,False,False,False,CID3941,ER+,pre-treatment primary tumor (study-level methods),baseline primary tumor,sample_proxy_unresolved,unresolved,not_assessed,0.46722894913423,singlet,CID3941-sample-proxy,True,,0.171943626269455,True,True,T / NK
CID3941_AACCGCGTCAGTGTTG,CID3941-sample-proxy,CID3941,488,1223,54,4.415372035977105,0,0.0,33,2.698282910874898,1,0.08176614881439084,380,31.07113654946852,False,False,False,True,False,False,True,False,False,CID3941,ER+,pre-treatment primary tumor (study-level methods),baseline primary tumor,sample_proxy_unresolved,unresolved,not_assessed,0.370806853053123,singlet,CID3941-sample-proxy,True,,0.254260731559174,True,True,T / NK
CID3941_ACGATACAGCCAGGAT,CID3941-sample-proxy,CID3941,1001,2466,154,6.244931062449311,0,0.0,78,3.1630170316301705,0,0.0,708,28.710462287104622,False,False,False,True,False,False,False,False,False,CID3941,ER+,pre-treatment primary tumor (study-level methods),baseline primary tumor,sample_proxy_unresolved,unresolved,not_assessed,0.518788205980586,singlet,CID3941-sample-proxy,True,,0.49699335083475,True,True,T / NK
CID3941_ACGATGTAGCGCTTAT,CID3941-sample-proxy,CID3941,725,2005,117,5.835411471321696,0,0.0,47,2.344139650872818,0,0.0,644,32.119700748129674,False,False,False,True,False,False,False,False,False,CID3941,ER+,pre-treatment primary tumor (study-level methods),baseline primary tumor,sample_proxy_unresolved,unresolved,not_assessed,0.499658279536561,singlet,CID3941-sample-proxy,True,,0.440448821846872,True,True,T / NK
CID3941_ACTGCTCTCGGAGCAA,CID3941-sample-proxy,CID3941,660,2055,119,5.790754257907542,0,0.0,64,3.1143552311435525,0,0.0,673,32.749391727493915,False,False,False,True,False,False,False,False,False,CID3941,ER+,pre-treatment primary tumor (study-level methods),baseline primary tumor,sample_proxy_unresolved,unresolved,not_assessed,0.353618288180966,singlet,CID3941-sample-proxy,True,,0.437986039140584,True,True,T / NK
CID3941_CAGATCATCCTGCAGG,CID3941-sample-proxy,CID3941,678,1630,75,4.601226993865031,0,0.0,11,0.6748466257668712,1,0.06134969325153375,512,31.41104294478528,False,False,False,True,False,False,True,False,False,CID3941,ER+,pre-treatment primary tumor (study-level methods),baseline primary tumor,sample_proxy_unresolved,unresolved,not_assessed,0.311732610459039,singlet,CID3941-sample-proxy,True,,0.256176300106681,True,True,T / NK
CID3941_CATCAAGGTTCGTGAT,CID3941-sample-proxy,CID3941,613,1986,115,5.790533736153072,0,0.0,67,3.3736153071500503,1,0.050352467270896276,699,35.196374622356494,False,False,False,True,False,False,True,False,False,CID3941,ER+,pre-treatment primary tumor (study-level methods),baseline primary tumor,sample_proxy_unresolved,unresolved,not_assessed,0.381703894941539,singlet,CID3941-sample-proxy,True,,0.442298084136286,True,True,T / NK
CID3941_CCAATCCGTTGGTGGA,CID3941-sample-proxy,CID3941,613,1910,166,8.691099476439792,0,0.0,105,5.49738219895288,0,0.0,638,33.403141361256544,False,False,False,True,False,True,False,False,False,CID3941,ER+,pre-treatment primary tumor (study-level methods),baseline primary tumor,sample_proxy_unresolved,unresolved,not_assessed,0.387310978952785,singlet,CID3941-sample-proxy,True,,0.951513440634992,False,False,T / NK
CID3941_CGTGAGCTCTTCGGTC,CID3941-sample-proxy,CID3941,734,2006,23,1.1465603190428715,1,0.049850448654037885,56,2.7916251246261217,0,0.0,750,37.387836490528414,False,False,False,True,True,False,False,False,False,CID3941,ER+,pre-treatment primary tumor (study-level methods),baseline primary tumor,sample_proxy_unresolved,unresolved,not_assessed,0.448046698969652,singlet,CID3941-sample-proxy,True,,0.145463638996969,True,True,T / NK
CID3941_CGTTAGACAAGTAGTA,CID3941-sample-proxy,CID3941,956,2708,125,4.6159527326440175,0,0.0,40,1.4771048744460855,1,0.03692762186115214,813,30.022156573116693,False,False,False,True,False,False,True,False,False,CID3941,ER+,pre-treatment primary tumor (study-level methods),baseline primary tumor,sample_proxy_unresolved,unresolved,not_assessed,0.629734617647831,doublet,CID3941-sample-proxy,False,scDblFinder_doublet,0.228208953763775,True,True,T / NK
CID3941_GACTGCGTCGCGTTTC,CID3941-sample-proxy,CID3941,509,1174,23,1.9591141396933562,0,0.0,8,0.6814310051107325,0,0.0,425,36.20102214650767,False,False,False,True,False,False,False,False,False,CID3941,ER+,pre-treatment primary tumor (study-level methods),baseline primary tumor,sample_proxy_unresolved,unresolved,not_assessed,0.264472981950701,singlet,CID3941-sample-proxy,True,,0.157339851646826,True,True,T / NK
CID3941_TATGCCCCAGGAATGC,CID3941-sample-proxy,CID3941,635,1818,39,2.145214521452145,0,0.0,38,2.0902090209020905,0,0.0,638,35.09350935093509,False,False,False,True,False,False,False,False,False,CID3941,ER+,pre-treatment primary tumor (study-level methods),baseline primary tumor,sample_proxy_unresolved,unresolved,not_assessed,0.482836782086558,singlet,CID3941-sample-proxy,True,,0.146541025134221,True,True,T / NK
CID3941_TCAGCTCGTGGCCCTA,CID3941-sample-proxy,CID3941,838,2741,84,3.0645749726377236,0,0.0,46,1.6782196278730388,0,0.0,1034,37.723458591754834,False,False,False,True,False,False,False,False,False,CID3941,ER+,pre-treatment primary tumor (study-level methods),baseline primary tumor,sample_proxy_unresolved,unresolved,not_assessed,0.459699978877824,singlet,CID3941-sample-proxy,True,,0.14437984950733,True,True,T / NK
CID3941_TGAGCATAGTAGCGGT,CID3941-sample-proxy,CID3941,941,2310,102,4.415584415584416,0,0.0,100,4.329004329004329,1,0.04329004329004329,471,20.38961038961039,False,False,False,True,False,True,True,False,False,CID3941,ER+,pre-treatment primary tumor (study-level methods),baseline primary tumor,sample_proxy_unresolved,unresolved,not_assessed,0.546509013762671,singlet,CID3941-sample-proxy,True,,0.210644481834535,True,True,T / NK
CID3941_TGAGCCGAGGGTGTGT,CID3941-sample-proxy,CID3941,740,2196,64,2.914389799635701,0,0.0,64,2.914389799635701,0,0.0,727,33.1056466302368,False,False,False,True,False,False,False,False,False,CID3941,ER+,pre-treatment primary tumor (study-level methods),baseline primary tumor,sample_proxy_unresolved,unresolved,not_assessed,0.458840222509833,singlet,CID3941-sample-proxy,True,,0.148846004522941,True,True,T / NK
CID3941_TTCGAAGTCAGTTTGG,CID3941-sample-proxy,CID3941,777,2735,158,5.776965265082267,0,0.0,96,3.510054844606947,0,0.0,1149,42.0109689213894,False,False,False,True,False,True,False,False,False,CID3941,ER+,pre-treatment primary tumor (study-level methods),baseline primary tumor,sample_proxy_unresolved,unresolved,not_assessed,0.422663127046469,singlet,CID3941-sample-proxy,True,,0.423188554635739,True,True,T / NK
CID3941_TCACAAGAGCGTTTAC,CID3941-sample-proxy,CID3941,620,1606,55,3.4246575342465753,0,0.0,19,1.1830635118306352,0,0.0,556,34.62017434620174,False,False,False,True,False,False,False,False,False,CID3941,ER+,pre-treatment primary tumor (study-level methods),baseline primary tumor,sample_proxy_unresolved,unresolved,not_assessed,0.342370518758773,singlet,CID3941-sample-proxy,True,,0.176766326626002,True,True,T / NK
CID3941_GAAACTCGTTATCGGT,CID3941-sample-proxy,CID3941,748,2128,88,4.135338345864661,0,0.0,31,1.456766917293233,0,0.0,722,33.92857142857143,False,False,False,True,False,False,False,False,False,CID3941,ER+,pre-treatment primary tumor (study-level methods),baseline primary tumor,sample_proxy_unresolved,unresolved,not_assessed,0.391762767039429,singlet,CID3941-sample-proxy,True,,0.207312494089779,True,True,T / NK
CID3941_AAAGATGTCGGTTCGG,CID3941-sample-proxy,CID3941,591,1564,60,3.8363171355498724,0,0.0,16,1.0230179028132993,0,0.0,565,36.12531969309463,False,False,False,True,False,False,False,False,False,CID3941,ER+,pre-treatment primary tumor (study-level methods),baseline primary tumor,sample_proxy_unresolved,unresolved,not_assessed,0.346095074592733,singlet,CID3941-sample-proxy,True,,0.200866446259252,True,True,T / NK
CID3941_AAGGCAGGTAGGCATG,CID3941-sample-proxy,CID3941,1042,3258,64,1.9643953345610803,0,0.0,55,1.6881522406384284,0,0.0,1100,33.76304481276857,False,False,False,True,False,False,False,False,False,CID3941,ER+,pre-treatment primary tumor (study-level methods),baseline primary tumor,sample_proxy_unresolved,unresolved,not_assessed,0.550061652582106,singlet,CID3941-sample-proxy,True,,0.108979708829422,True,True,T / NK
CID3941_ACGCCAGTCTTAGAGC,CID3941-sample-proxy,CID3941,767,2191,62,2.8297581013235966,0,0.0,20,0.9128251939753538,0,0.0,787,35.91967138293017,False,False,False,True,False,False,False,False,False,CID3941,ER+,pre-treatment primary tumor (study-level methods),baseline primary tumor,sample_proxy_unresolved,unresolved,not_assessed,0.393513639404621,singlet,CID3941-sample-proxy,True,,0.144394897033676,True,True,T / NK
CID3941_CCGTGGAGTAAAGTCA,CID3941-sample-proxy,CID3941,755,1899,50,2.632964718272775,0,0.0,26,1.369141653501843,0,0.0,524,27.593470247498686,False,False,False,True,False,False,False,False,False,CID3941,ER+,pre-treatment primary tumor (study-level methods),baseline primary tumor,sample_proxy_unresolved,unresolved,not_assessed,0.417453262088003,singlet,CID3941-sample-proxy,True,,0.141401975330785,True,True,T / NK
CID3941_GGAAAGCAGAATTGTG,CID3941-sample-proxy,CID3941,698,1854,148,7.982740021574973,0,0.0,36,1.9417475728155338,0,0.0,547,29.503775620280475,False,False,False,True,False,False,False,False,False,CID3941,ER+,pre-treatment primary tumor (study-level methods),baseline primary tumor,sample_proxy_unresolved,unresolved,not_assessed,0.495025154769263,singlet,CID3941-sample-proxy,True,,0.882176975966867,False,False,T / NK
CID3941_GGCTCGATCACAATGC,CID3941-sample-proxy,CID3941,819,1838,62,3.373231773667029,1,0.0544069640914037,16,0.8705114254624592,0,0.0,482,26.22415669205658,False,False,False,True,True,False,False,False,False,CID3941,ER+,pre-treatment primary tumor (study-level methods),baseline primary tumor,sample_proxy_unresolved,unresolved,not_assessed,0.459128503944109,singlet,CID3941-sample-proxy,True,,0.157035429317501,True,True,T / NK
CID3941_GGCTGGTGTGCTTCTC,CID3941-sample-proxy,CID3941,849,2334,117,5.012853470437018,0,0.0,124,5.312767780634105,1,0.042844901456726654,660,28.277634961439592,False,False,False,True,False,True,True,False,False,CID3941,ER+,pre-treatment primary tumor (study-level methods),baseline primary tumor,sample_proxy_unresolved,unresolved,not_assessed,0.467538468438615,singlet,CID3941-sample-proxy,True,,0.28751897340997,True,True,T / NK
CID3941_TCAATCTTCTGCTGTC,CID3941-sample-proxy,CID3941,1037,2628,59,2.2450532724505328,0,0.0,81,3.0821917808219177,0,0.0,849,32.30593607305936,False,False,False,True,False,False,False,False,False,CID3941,ER+,pre-treatment primary tumor (study-level methods),baseline primary tumor,sample_proxy_unresolved,unresolved,not_assessed,0.575529532449105,singlet,CID3941-sample-proxy,True,,0.111097803133043,True,True,T / NK
CID3941_CTTACCGAGACTTGAA,CID3941-sample-proxy,CID3941,877,2894,80,2.7643400138217,0,0.0,95,3.282653766413269,0,0.0,927,32.03178991015895,False,False,False,True,False,False,False,False,False,CID3941,ER+,pre-treatment primary tumor (study-level methods),baseline primary tumor,sample_proxy_unresolved,unresolved,not_assessed,0.527616791193118,singlet,CID3941-sample-proxy,True,,0.133157420809949,True,True,T / NK
CID3941_GTACTTTGTTGGAGGT,CID3941-sample-proxy,CID3941,835,2182,126,5.774518790100825,1,0.045829514207149404,44,2.016498625114574,0,0.0,592,27.131072410632445,False,False,False,True,True,False,False,False,False,CID3941,ER+,pre-treatment primary tumor (study-level methods),baseline primary tumor,sample_proxy_unresolved,unresolved,not_assessed,0.514160420886361,singlet,CID3941-sample-proxy,True,,0.416089437987491,True,True,T / NK
CID3941_GGCGTGTCAAAGCGGT,CID3941-sample-proxy,CID3941,893,2694,93,3.4521158129175946,0,0.0,89,3.3036377134372676,1,0.03711952487008166,856,31.7743132887899,False,False,False,True,False,False,True,False,False,CID3941,ER+,pre-treatment primary tumor (study-level methods),baseline primary tumor,sample_proxy_unresolved,unresolved,not_assessed,0.519090443225738,singlet,CID3941-sample-proxy,True,,0.1534878409175,True,True,T / NK
CID3941_CGGAGTCCAGTATGCT,CID3941-sample-proxy,CID3941,876,1927,48,2.4909185262065385,0,0.0,7,0.3632589517384536,1,0.05189413596263622,460,23.87130254281266,False,False,False,True,False,False,True,False,False,CID3941,ER+,pre-treatment primary tumor (study-level methods),baseline primary tumor,sample_proxy_unresolved,unresolved,not_assessed,0.351800428774148,singlet,CID3941-sample-proxy,True,,0.128387693801994,True,True,T / NK
CID3941_AGGCCGTTCTGGTATG,CID3941-sample-proxy,CID3941,671,1945,87,4.473007712082262,0,0.0,39,2.005141388174807,0,0.0,736,37.840616966580974,False,False,False,True,False,False,False,False,False,CID3941,ER+,pre-treatment primary tumor (study-level methods),baseline primary tumor,sample_proxy_unresolved,unresolved,not_assessed,0.337080088895868,singlet,CID3941-sample-proxy,True,,0.243835092714797,True,True,T / NK
CID3941_CAGCTAAGTTTGTTTC,CID3941-sample-proxy,CID3941,780,2722,124,4.555473916238061,0,0.0,33,1.2123438648052902,0,0.0,1117,41.03600293901543,False,False,False,True,False,False,False,False,False,CID3941,ER+,pre-treatment primary tumor (study-level methods),baseline primary tumor,sample_proxy_unresolved,unresolved,not_assessed,0.317370330734834,singlet,CID3941-sample-proxy,True,,0.241253215232231,True,True,T / NK
CID3941_GCTCCTAAGGAGTTTA,CID3941-sample-proxy,CID3941,764,2146,32,1.4911463187325256,0,0.0,41,1.9105312208760483,0,0.0,757,35.27493010251631,False,False,False,True,False,False,False,False,False,CID3941,ER+,pre-treatment primary tumor (study-level methods),baseline primary tumor,sample_proxy_unresolved,unresolved,not_assessed,0.497156294785191,singlet,CID3941-sample-proxy,True,,0.136936322256557,True,True,T / NK
CID3941_CTGGTCTGTTGGTGGA,CID3941-sample-proxy,CID3941,738,2060,109,5.29126213592233,1,0.04854368932038835,28,1.3592233009708738,0,0.0,709,34.41747572815534,False,False,False,True,True,False,False,False,False,CID3941,ER+,pre-treatment primary tumor (study-level methods),baseline primary tumor,sample_proxy_unresolved,unresolved,not_assessed,0.376208009596931,singlet,CID3941-sample-proxy,True,,0.340681353040702,True,True,T / NK
CID3941_GTATTCTCAAGACACG,CID3941-sample-proxy,CID3941,693,1755,109,6.210826210826211,0,0.0,9,0.5128205128205128,1,0.056980056980056974,564,32.136752136752136,False,False,False,True,False,False,True,False,False,CID3941,ER+,pre-treatment primary tumor (study-level methods),baseline primary tumor,sample_proxy_unresolved,unresolved,not_assessed,0.293664051610738,singlet,CID3941-sample-proxy,True,,0.523812088800154,True,True,T / NK
CID3941_GAGCAGAGTCAGAATA,CID3941-sample-proxy,CID3941,660,1479,31,2.0960108181203516,0,0.0,2,0.1352265043948614,0,0.0,533,36.03786342123056,False,False,False,True,False,False,False,False,False,CID3941,ER+,pre-treatment primary tumor (study-level methods),baseline primary tumor,sample_proxy_unresolved,unresolved,not_assessed,0.325412715463235,singlet,CID3941-sample-proxy,True,,0.144156816007166,True,True,T / NK
CID3941_GCGCCAAAGAAACGAG,CID3941-sample-proxy,CID3941,884,2438,86,3.5274815422477444,0,0.0,2,0.08203445447087777,0,0.0,905,37.12059064807219,False,False,False,True,False,False,False,False,False,CID3941,ER+,pre-treatment primary tumor (study-level methods),baseline primary tumor,sample_proxy_unresolved,unresolved,not_assessed,0.318498295588314,singlet,CID3941-sample-proxy,True,,0.15769622930209,True,True,T / NK
CID3941_GCTGCTTAGAGAACAG,CID3941-sample-proxy,CID3941,893,2060,43,2.087378640776699,0,0.0,67,3.2524271844660197,1,0.04854368932038835,417,20.24271844660194,False,False,False,True,False,False,True,False,False,CID3941,ER+,pre-treatment primary tumor (study-level methods),baseline primary tumor,sample_proxy_unresolved,unresolved,not_assessed,0.395606545534101,singlet,CID3941-sample-proxy,True,,0.123051672871776,True,True,T / NK
CID3941_ACCGTAACAAAGGCGT,CID3941-sample-proxy,CID3941,906,2146,92,4.287045666356011,0,0.0,19,0.8853681267474371,0,0.0,595,27.726001863932897,False,False,False,True,False,False,False,False,False,CID3941,ER+,pre-treatment primary tumor (study-level methods),baseline primary tumor,sample_proxy_unresolved,unresolved,not_assessed,0.388951207002743,singlet,CID3941-sample-proxy,True,,0.203367716235015,True,True,T / NK
CID3941_ACTGAGTTCAACACAC,CID3941-sample-proxy,CID3941,777,2524,167,6.616481774960381,0,0.0,22,0.8716323296354992,0,0.0,908,35.97464342313788,False,False,False,True,False,False,False,False,False,CID3941,ER+,pre-treatment primary tumor (study-level methods),baseline primary tumor,sample_proxy_unresolved,unresolved,not_assessed,0.326709441986581,singlet,CID3941-sample-proxy,True,,0.609772259843667,True,True,T / NK
CID3941_AGTGTCAGTTAAGAAC,CID3941-sample-proxy,CID3941,829,2428,141,5.8072487644151565,0,0.0,20,0.8237232289950577,0,0.0,740,30.477759472817134,False,False,False,True,False,False,False,False,False,CID3941,ER+,pre-treatment primary tumor (study-level methods),baseline primary tumor,sample_proxy_unresolved,unresolved,not_assessed,0.469632845729896,singlet,CID3941-sample-proxy,True,,0.423327517653904,True,True,T / NK
CID3941_ATGGGAGCAGTATGCT,CID3941-sample-proxy,CID3941,671,2075,115,5.542168674698795,0,0.0,10,0.48192771084337355,0,0.0,764,36.81927710843374,False,False,False,True,False,False,False,False,False,CID3941,ER+,pre-treatment primary tumor (study-level methods),baseline primary tumor,sample_proxy_unresolved,unresolved,not_assessed,0.387101874901236,singlet,CID3941-sample-proxy,True,,0.389993008534288,True,True,T / NK
CID3941_ATTGGACAGGCGTACA,CID3941-sample-proxy,CID3941,698,1924,76,3.9501039501039505,0,0.0,18,0.9355509355509356,0,0.0,667,34.66735966735966,False,False,False,True,False,False,False,False,False,CID3941,ER+,pre-treatment primary tumor (study-level methods),baseline primary tumor,sample_proxy_unresolved,unresolved,not_assessed,0.346418503814273,singlet,CID3941-sample-proxy,True,,0.198774174369446,True,True,T / NK
CID3941_CAACTAGCAAACCCAT,CID3941-sample-proxy,CID3941,764,2644,119,4.500756429652043,0,0.0,18,0.680786686838124,0,0.0,1090,41.22541603630862,False,False,False,True,False,False,False,False,False,CID3941,ER+,pre-treatment primary tumor (study-level methods),baseline primary tumor,sample_proxy_unresolved,unresolved,not_assessed,0.311815844744674,singlet,CID3941-sample-proxy,True,,0.237430609274653,True,True,T / NK
CID3941_CCTTCGATCCTTTACA,CID3941-sample-proxy,CID3941,916,2894,158,5.459571527297857,0,0.0,19,0.6565307532826538,0,0.0,984,34.00138217000691,False,False,False,True,False,False,False,False,False,CID3941,ER+,pre-treatment primary tumor (study-level methods),baseline primary tumor,sample_proxy_unresolved,unresolved,not_assessed,0.419861163754723,singlet,CID3941-sample-proxy,True,,0.347774803493384,True,True,T / NK
CID3941_CGCTATCTCGCAAACT,CID3941-sample-proxy,CID3941,778,1915,60,3.1331592689295036,0,0.0,60,3.1331592689295036,0,0.0,507,26.475195822454307,False,False,False,True,False,False,False,False,False,CID3941,ER+,pre-treatment primary tumor (study-level methods),baseline primary tumor,sample_proxy_unresolved,unresolved,not_assessed,0.3954276551747,singlet,CID3941-sample-proxy,True,,0.151909789390699,True,True,T / NK
CID3941_GAAACTCTCTTCAACT,CID3941-sample-proxy,CID3941,682,1815,67,3.691460055096419,0,0.0,34,1.8732782369146006,0,0.0,580,31.955922865013775,False,False,False,True,False,False,False,False,False,CID3941,ER+,pre-treatment primary tumor (study-level methods),baseline primary tumor,sample_proxy_unresolved,unresolved,not_assessed,0.51097797955221,singlet,CID3941-sample-proxy,True,,0.184536322838316,True,True,T / NK
CID3941_GCAAACTTCCTATTCA,CID3941-sample-proxy,CID3941,560,1368,62,4.5321637426900585,0,0.0,38,2.7777777777777777,0,0.0,282,20.614035087719298,False,False,False,True,False,False,False,False,False,CID3941,ER+,pre-treatment primary tumor (study-level methods),baseline primary tumor,sample_proxy_unresolved,unresolved,not_assessed,0.292889707059001,singlet,CID3941-sample-proxy,True,,0.259766249510246,True,True,T / NK
CID3941_GCACATATCGCCATAA,CID3941-sample-proxy,CID3941,603,1855,72,3.881401617250674,0,0.0,6,0.3234501347708895,0,0.0,801,43.18059299191375,False,False,False,True,False,False,False,False,False,CID3941,ER+,pre-treatment primary tumor (study-level methods),baseline primary tumor,sample_proxy_unresolved,unresolved,not_assessed,0.208856659730955,singlet,CID3941-sample-proxy,True,,0.202685849238826,True,True,T / NK
CID3941_TGAGAGGAGTTAGGTA,CID3941-sample-proxy,CID3941,738,2035,121,5.9459459459459465,0,0.0,24,1.1793611793611793,1,0.04914004914004914,595,29.238329238329236,False,False,False,True,False,False,True,False,False,CID3941,ER+,pre-treatment primary tumor (study-level methods),baseline primary tumor,sample_proxy_unresolved,unresolved,not_assessed,0.332790287057369,singlet,CID3941-sample-proxy,True,,0.461869449416199,True,True,T / NK
CID3941_TGATTTCGTCTTCGTC,CID3941-sample-proxy,CID3941,812,2284,127,5.560420315236427,0,0.0,30,1.3134851138353765,0,0.0,861,37.6970227670753,False,False,False,True,False,False,False,False,False,CID3941,ER+,pre-treatment primary tumor (study-level methods),baseline primary tumor,sample_proxy_unresolved,unresolved,not_assessed,0.470657703521263,singlet,CID3941-sample-proxy,True,,0.378143893744268,True,True,T / NK
CID3941_TGCTACCAGTACCGGA,CID3941-sample-proxy,CID3941,794,2236,159,7.110912343470482,0,0.0,60,2.6833631484794274,0,0.0,573,25.62611806797853,False,False,False,True,False,False,False,False,False,CID3941,ER+,pre-treatment primary tumor (study-level methods),baseline primary tumor,sample_proxy_unresolved,unresolved,not_assessed,0.396717357242863,singlet,CID3941-sample-proxy,True,,0.722215600297153,True,True,T / NK
CID3941_ACGCCGAGTTCTGGTA,CID3941-sample-proxy,CID3941,634,1290,110,8.527131782945736,0,0.0,15,1.1627906976744187,1,0.07751937984496124,239,18.527131782945734,False,False,False,True,False,False,True,False,False,CID3941,ER+,pre-treatment primary tumor (study-level methods),baseline primary tumor,sample_proxy_unresolved,unresolved,not_assessed,0.277332592103267,singlet,CID3941-sample-proxy,True,,0.939655460995032,False,False,T / NK
CID3941_ACTGAGTGTGGTCCGT,CID3941-sample-proxy,CID3941,608,1354,25,1.8463810930576072,0,0.0,3,0.22156573116691286,0,0.0,521,38.47858197932053,False,False,False,True,False,False,False,False,False,CID3941,ER+,pre-treatment primary tumor (study-level methods),baseline primary tumor,sample_proxy_unresolved,unresolved,not_assessed,0.268997416249861,singlet,CID3941-sample-proxy,True,,0.14894199590651,True,True,T / NK
CID3941_AGTTGGTAGCCCTAAT,CID3941-sample-proxy,CID3941,699,2272,77,3.389084507042254,0,0.0,30,1.3204225352112675,0,0.0,952,41.901408450704224,False,False,False,True,False,False,False,False,False,CID3941,ER+,pre-treatment primary tumor (study-level methods),baseline primary tumor,sample_proxy_unresolved,unresolved,not_assessed,0.350608075395473,singlet,CID3941-sample-proxy,True,,0.168443862050173,True,True,T / NK
CID3941_CTTAGGATCGCGCCAA,CID3941-sample-proxy,CID3941,644,1739,91,5.23289246693502,0,0.0,6,0.3450258769407705,0,0.0,654,37.60782058654399,False,False,False,True,False,False,False,False,False,CID3941,ER+,pre-treatment primary tumor (study-level methods),baseline primary tumor,sample_proxy_unresolved,unresolved,not_assessed,0.27377259852891,singlet,CID3941-sample-proxy,True,,0.341118594496204,True,True,T / NK
CID3941_TGGCCAGCATCGGTTA,CID3941-sample-proxy,CID3941,560,1761,91,5.167518455423055,0,0.0,17,0.9653605905735378,0,0.0,669,37.98977853492334,False,False,False,True,False,False,False,False,False,CID3941,ER+,pre-treatment primary tumor (study-level methods),baseline primary tumor,sample_proxy_unresolved,unresolved,not_assessed,0.212377416324695,singlet,CID3941-sample-proxy,True,,0.338960250521729,True,True,T / NK
CID3941_AACCGCGCATGGGAAC,CID3941-sample-proxy,CID3941,586,1477,93,6.296547054840894,0,0.0,20,1.3540961408259988,1,0.06770480704129993,522,35.341909275558564,False,False,False,True,False,False,True,False,False,CID3941,ER+,pre-treatment primary tumor (study-level methods),baseline primary tumor,sample_proxy_unresolved,unresolved,not_assessed,0.222621197336284,singlet,CID3941-sample-proxy,True,,0.551928253711824,True,True,T / NK
CID3941_ACACCCTGTGAGGGTT,CID3941-sample-proxy,CID3941,842,2430,111,4.567901234567901,0,0.0,37,1.5226337448559673,0,0.0,877,36.090534979423865,False,False,False,True,False,False,False,False,False,CID3941,ER+,pre-treatment primary tumor (study-level methods),baseline primary tumor,sample_proxy_unresolved,unresolved,not_assessed,0.396988529581717,singlet,CID3941-sample-proxy,True,,0.235984288716333,True,True,T / NK
CID3941_CAAGGCCTCACGAAGG,CID3941-sample-proxy,CID3941,803,2239,103,4.6002679767753465,0,0.0,17,0.7592675301473872,0,0.0,809,36.132201875837424,False,False,False,True,False,False,False,False,False,CID3941,ER+,pre-treatment primary tumor (study-level methods),baseline primary tumor,sample_proxy_unresolved,unresolved,not_assessed,0.341040317834385,singlet,CID3941-sample-proxy,True,,0.243463376542089,True,True,T / NK
CID3941_CCCAGTTAGGCAGGTT,CID3941-sample-proxy,CID3941,596,1877,83,4.421949920085242,0,0.0,25,1.3319126265316994,0,0.0,716,38.14597762386787,False,False,False,True,False,False,False,False,False,CID3941,ER+,pre-treatment primary tumor (study-level methods),baseline primary tumor,sample_proxy_unresolved,unresolved,not_assessed,0.331055904243652,singlet,CID3941-sample-proxy,True,,0.245801768282344,True,True,T / NK
CID3941_GCATGCGGTATAGTAG,CID3941-sample-proxy,CID3941,965,2343,41,1.7498932991890739,0,0.0,5,0.21340162185232608,2,0.08536064874093044,805,34.3576611182245,False,False,False,True,False,False,True,False,False,CID3941,ER+,pre-treatment primary tumor (study-level methods),baseline primary tumor,sample_proxy_unresolved,unresolved,not_assessed,0.420477027824589,singlet,CID3941-sample-proxy,True,,0.115979849986363,True,True,T / NK
CID3941_AATCCAGAGTAGCGGT,CID3941-sample-proxy,CID3941,527,1065,53,4.976525821596244,0,0.0,41,3.8497652582159625,0,0.0,236,22.15962441314554,False,False,False,True,False,True,False,False,False,CID3941,ER+,pre-treatment primary tumor (study-level methods),baseline primary tumor,sample_proxy_unresolved,unresolved,not_assessed,0.29908072722262,singlet,CID3941-sample-proxy,True,,0.314812094685345,True,True,T / NK
CID3941_CCGTGGATCTGACCTC,CID3941-sample-proxy,CID3941,789,1783,162,9.085810431856421,0,0.0,18,1.0095344924284912,0,0.0,399,22.37801458216489,False,False,False,True,False,False,False,False,False,CID3941,ER+,pre-treatment primary tumor (study-level methods),baseline primary tumor,sample_proxy_unresolved,unresolved,not_assessed,0.385932477708327,singlet,CID3941-sample-proxy,True,,0.971538892575217,False,False,T / NK
CID3941_CTCGTACTCACTTATC,CID3941-sample-proxy,CID3941,734,1792,60,3.3482142857142856,0,0.0,45,2.5111607142857144,0,0.0,454,25.33482142857143,False,False,False,True,False,False,False,False,False,CID3941,ER+,pre-treatment primary tumor (study-level methods),baseline primary tumor,sample_proxy_unresolved,unresolved,not_assessed,0.526672302387313,singlet,CID3941-sample-proxy,True,,0.163672413495133,True,True,T / NK
CID3941_CTCTGGTGTTTGTTTC,CID3941-sample-proxy,CID3941,635,1488,64,4.301075268817205,0,0.0,12,0.8064516129032258,0,0.0,492,33.064516129032256,False,False,False,True,False,False,False,False,False,CID3941,ER+,pre-treatment primary tumor (study-level methods),baseline primary tumor,sample_proxy_unresolved,unresolved,not_assessed,0.422592097438073,singlet,CID3941-sample-proxy,True,,0.231359205321166,True,True,T / NK
CID3941_GCACATAGTGTGCGTC,CID3941-sample-proxy,CID3941,1330,3548,145,4.086809470124013,0,0.0,23,0.6482525366403608,1,0.02818489289740699,818,23.055242390078917,False,False,False,True,False,False,True,False,False,CID3941,ER+,pre-treatment primary tumor (study-level methods),baseline primary tumor,sample_proxy_unresolved,unresolved,not_assessed,0.637791889030064,doublet,CID3941-sample-proxy,False,scDblFinder_doublet,0.142252783189905,True,True,T / NK
CID3941_TACAGTGGTTGTTTGG,CID3941-sample-proxy,CID3941,514,986,5,0.5070993914807302,0,0.0,20,2.028397565922921,0,0.0,286,29.006085192697768,False,False,False,True,False,False,False,False,False,CID3941,ER+,pre-treatment primary tumor (study-level methods),baseline primary tumor,sample_proxy_unresolved,unresolved,not_assessed,0.388105391681348,singlet,CID3941-sample-proxy,True,,0.192476609178452,True,True,T / NK
CID3941_TACGGGCAGAAGGTGA,CID3941-sample-proxy,CID3941,2385,6910,194,2.8075253256150505,1,0.01447178002894356,45,0.6512301013024602,2,0.02894356005788712,1281,18.5383502170767,False,False,False,True,True,False,True,False,False,CID3941,ER+,pre-treatment primary tumor (study-level methods),baseline primary tumor,sample_proxy_unresolved,unresolved,not_assessed,0.796957794691463,doublet,CID3941-sample-proxy,False,scDblFinder_doublet,0.0256048889760691,True,True,T / NK
CID3941_TCTTTCCGTCTAAAGA,CID3941-sample-proxy,CID3941,928,2536,87,3.4305993690851735,0,0.0,4,0.15772870662460567,0,0.0,911,35.92271293375394,False,False,False,True,False,False,False,False,False,CID3941,ER+,pre-treatment primary tumor (study-level methods),baseline primary tumor,sample_proxy_unresolved,unresolved,not_assessed,0.317573079029145,singlet,CID3941-sample-proxy,True,,0.149274885795924,True,True,T / NK
CID3941_TGTGGTAGTACAAGTA,CID3941-sample-proxy,CID3941,671,1720,314,18.255813953488374,0,0.0,17,0.9883720930232558,0,0.0,332,19.302325581395348,False,False,True,False,False,False,False,False,False,CID3941,ER+,pre-treatment primary tumor (study-level methods),baseline primary tumor,sample_proxy_unresolved,unresolved,not_assessed,,not_called_core_qc_fail,CID3941-sample-proxy,False,fails_mt,0.999999999995731,False,False,T / NK
CID3941_TTAGTTCAGTTTGCGT,CID3941-sample-proxy,CID3941,712,1623,39,2.4029574861367835,0,0.0,6,0.36968576709796674,0,0.0,535,32.963647566235366,False,False,False,True,False,False,False,False,False,CID3941,ER+,pre-treatment primary tumor (study-level methods),baseline primary tumor,sample_proxy_unresolved,unresolved,not_assessed,0.331345400704787,singlet,CID3941-sample-proxy,True,,0.141806449617737,True,True,T / NK
CID3941_CGTCTACTCAAGCCTA,CID3941-sample-proxy,CID3941,522,1144,9,0.7867132867132868,0,0.0,1,0.08741258741258741,1,0.08741258741258741,470,41.08391608391608,False,False,False,True,False,False,True,False,False,CID3941,ER+,pre-treatment primary tumor (study-level methods),baseline primary tumor,sample_proxy_unresolved,unresolved,not_assessed,0.31432855336257,singlet,CID3941-sample-proxy,True,,0.179120143045907,True,True,T / NK
CID3941_CCGGGATAGCGAGAAA,CID3941-sample-proxy,CID3941,856,1927,60,3.113648157758173,0,0.0,32,1.660612350804359,0,0.0,509,26.414115204981837,False,False,False,True,False,False,False,False,False,CID3941,ER+,pre-treatment primary tumor (study-level methods),baseline primary tumor,sample_proxy_unresolved,unresolved,not_assessed,0.512670343528146,singlet,CID3941-sample-proxy,True,,0.14427655834933,True,True,T / NK
CID3941_CGTCACTTCCGATATG,CID3941-sample-proxy,CID3941,879,2274,140,6.156552330694811,0,0.0,10,0.43975373790677225,0,0.0,688,30.255057167985928,False,False,False,True,False,False,False,False,False,CID3941,ER+,pre-treatment primary tumor (study-level methods),baseline primary tumor,sample_proxy_unresolved,unresolved,not_assessed,0.38558941706806,singlet,CID3941-sample-proxy,True,,0.492063363483938,True,True,T / NK
CID3941_AGAGCTTTCCTTTCGG,CID3941-sample-proxy,CID3941,666,1447,62,4.2847270214236355,0,0.0,19,1.3130615065653075,0,0.0,397,27.436074637180376,False,False,False,True,False,False,False,False,False,CID3941,ER+,pre-treatment primary tumor (study-level methods),baseline primary tumor,sample_proxy_unresolved,unresolved,not_assessed,0.372361520108662,singlet,CID3941-sample-proxy,True,,0.22711473802432,True,True,T / NK
CID3941_ATCCGAAAGACTAAGT,CID3941-sample-proxy,CID3941,693,1296,27,2.083333333333333,0,0.0,81,6.25,0,0.0,233,17.978395061728396,False,False,False,True,False,True,False,False,False,CID3941,ER+,pre-treatment primary tumor (study-level methods),baseline primary tumor,sample_proxy_unresolved,unresolved,not_assessed,0.390985031853633,singlet,CID3941-sample-proxy,True,,0.141174705518516,True,True,T / NK
CID3941_ATTCTACTCGTAGGAG,CID3941-sample-proxy,CID3941,694,1749,83,4.745568896512293,0,0.0,24,1.3722126929674099,0,0.0,562,32.13264722698685,False,False,False,True,False,False,False,False,False,CID3941,ER+,pre-treatment primary tumor (study-level methods),baseline primary tumor,sample_proxy_unresolved,unresolved,not_assessed,0.379443583739708,singlet,CID3941-sample-proxy,True,,0.270602807261906,True,True,T / NK
CID3941_CAAGATCAGGGTCTCC,CID3941-sample-proxy,CID3941,529,1272,96,7.547169811320755,0,0.0,53,4.166666666666666,0,0.0,215,16.90251572327044,False,False,False,True,False,True,False,False,False,CID3941,ER+,pre-treatment primary tumor (study-level methods),baseline primary tumor,sample_proxy_unresolved,unresolved,not_assessed,0.366985434296131,singlet,CID3941-sample-proxy,True,,0.819764561465471,False,False,T / NK
CID3941_CATGACAAGAACTCGG,CID3941-sample-proxy,CID3941,647,1358,105,7.731958762886598,0,0.0,11,0.8100147275405009,1,0.07363770250368189,356,26.215022091310754,False,False,False,True,False,False,True,False,False,CID3941,ER+,pre-treatment primary tumor (study-level methods),baseline primary tumor,sample_proxy_unresolved,unresolved,not_assessed,0.342154262040391,singlet,CID3941-sample-proxy,True,,0.8471662932187,False,False,T / NK
CID3941_CCACTACTCGTTTATC,CID3941-sample-proxy,CID3941,880,1969,105,5.332656170644998,0,0.0,20,1.015744032503809,1,0.050787201625190445,389,19.756221432199087,False,False,False,True,False,False,True,False,False,CID3941,ER+,pre-treatment primary tumor (study-level methods),baseline primary tumor,sample_proxy_unresolved,unresolved,not_assessed,0.368910044099527,singlet,CID3941-sample-proxy,True,,0.331100586593473,True,True,T / NK
CID3941_CCTAAAGAGCCCAATT,CID3941-sample-proxy,CID3941,600,1650,66,4.0,0,0.0,22,1.3333333333333335,0,0.0,645,39.09090909090909,False,False,False,True,False,False,False,False,False,CID3941,ER+,pre-treatment primary tumor (study-level methods),baseline primary tumor,sample_proxy_unresolved,unresolved,not_assessed,0.376901982814944,singlet,CID3941-sample-proxy,True,,0.21089483174593,True,True,T / NK
CID3941_CTGAAGTCACGTCTCT,CID3941-sample-proxy,CID3941,763,2022,50,2.472799208704253,0,0.0,59,2.917903066271019,0,0.0,603,29.821958456973295,False,False,False,True,False,False,False,False,False,CID3941,ER+,pre-treatment primary tumor (study-level methods),baseline primary tumor,sample_proxy_unresolved,unresolved,not_assessed,0.490584641929433,singlet,CID3941-sample-proxy,True,,0.13819295361792,True,True,T / NK
CID3941_GACACGCAGTCATGCT,CID3941-sample-proxy,CID3941,1025,2647,88,3.324518322629392,0,0.0,71,2.682281828485077,0,0.0,490,18.511522478277296,False,False,False,True,False,False,False,False,False,CID3941,ER+,pre-treatment primary tumor (study-level methods),baseline primary tumor,sample_proxy_unresolved,unresolved,not_assessed,0.49105071966028,singlet,CID3941-sample-proxy,True,,0.135901410903999,True,True,T / NK
CID3941_GATCGTAAGAAGGACA,CID3941-sample-proxy,CID3941,781,1667,51,3.059388122375525,0,0.0,34,2.039592081583683,0,0.0,326,19.556088782243553,False,False,False,True,False,False,False,False,False,CID3941,ER+,pre-treatment primary tumor (study-level methods),baseline primary tumor,sample_proxy_unresolved,unresolved,not_assessed,0.378948540604163,singlet,CID3941-sample-proxy,True,,0.149316513549135,True,True,T / NK
CID3941_GATGAGGCAAAGGTGC,CID3941-sample-proxy,CID3941,682,1809,159,8.7893864013267,0,0.0,14,0.7739082365948038,1,0.055279159756771695,590,32.6147042564953,False,False,False,True,False,False,True,False,False,CID3941,ER+,pre-treatment primary tumor (study-level methods),baseline primary tumor,sample_proxy_unresolved,unresolved,not_assessed,0.297941762297929,singlet,CID3941-sample-proxy,True,,0.957253534243399,False,False,T / NK
CID3941_GGCTCGAAGTGCTGCC,CID3941-sample-proxy,CID3941,562,1196,24,2.0066889632107023,0,0.0,14,1.1705685618729096,0,0.0,342,28.595317725752505,False,False,False,True,False,False,False,False,False,CID3941,ER+,pre-treatment primary tumor (study-level methods),baseline primary tumor,sample_proxy_unresolved,unresolved,not_assessed,0.314795294371477,singlet,CID3941-sample-proxy,True,,0.152671725061885,True,True,T / NK
CID3941_GGGTCTGTCGTGGACC,CID3941-sample-proxy,CID3941,783,1540,64,4.1558441558441555,0,0.0,77,5.0,0,0.0,280,18.181818181818183,False,False,False,True,False,True,False,False,False,CID3941,ER+,pre-treatment primary tumor (study-level methods),baseline primary tumor,sample_proxy_unresolved,unresolved,not_assessed,0.494905356295964,singlet,CID3941-sample-proxy,True,,0.205482455128359,True,True,T / NK
CID3941_GGTATTGAGACACTAA,CID3941-sample-proxy,CID3941,696,1470,125,8.503401360544217,0,0.0,10,0.6802721088435374,1,0.06802721088435373,324,22.040816326530614,False,False,False,True,False,False,True,False,False,CID3941,ER+,pre-treatment primary tumor (study-level methods),baseline primary tumor,sample_proxy_unresolved,unresolved,not_assessed,0.37636000546855,singlet,CID3941-sample-proxy,True,,0.93723746627495,False,False,T / NK
CID3941_GTCATTTGTTCCGTCT,CID3941-sample-proxy,CID3941,733,2104,105,4.990494296577947,0,0.0,92,4.3726235741444865,0,0.0,598,28.422053231939167,False,False,False,True,False,True,False,False,False,CID3941,ER+,pre-treatment primary tumor (study-level methods),baseline primary tumor,sample_proxy_unresolved,unresolved,not_assessed,0.398474870211865,singlet,CID3941-sample-proxy,True,,0.297222741711365,True,True,T / NK
CID3941_TAAGAGACATTCGACA,CID3941-sample-proxy,CID3941,1193,2878,80,2.779708130646282,0,0.0,31,1.0771369006254343,0,0.0,616,21.403752605976372,False,False,False,True,False,False,False,False,False,CID3941,ER+,pre-treatment primary tumor (study-level methods),baseline primary tumor,sample_proxy_unresolved,unresolved,not_assessed,0.588596989982732,singlet,CID3941-sample-proxy,True,,0.105076064486432,True,True,T / NK
CID3941_TCAGATGCACCCTATC,CID3941-sample-proxy,CID3941,542,1204,38,3.1561461794019934,0,0.0,85,7.059800664451828,0,0.0,349,28.98671096345515,False,False,False,True,False,True,False,False,False,CID3941,ER+,pre-treatment primary tumor (study-level methods),baseline primary tumor,sample_proxy_unresolved,unresolved,not_assessed,0.357170600632353,singlet,CID3941-sample-proxy,True,,0.172738743655234,True,True,T / NK
CID3941_TTTATGCCACAGCGTC,CID3941-sample-proxy,CID3941,512,968,29,2.9958677685950414,0,0.0,19,1.962809917355372,0,0.0,194,20.041322314049587,False,False,False,True,False,False,False,False,False,CID3941,ER+,pre-treatment primary tumor (study-level methods),baseline primary tumor,sample_proxy_unresolved,unresolved,not_assessed,0.2459554199718,singlet,CID3941-sample-proxy,True,,0.170127702210654,True,True,T / NK
CID3941_ACCAGTAGTCCCTACT,CID3941-sample-proxy,CID3941,602,1373,98,7.137654770575383,0,0.0,26,1.8936635105608157,0,0.0,395,28.769118718135474,False,False,False,True,False,False,False,False,False,CID3941,ER+,pre-treatment primary tumor (study-level methods),baseline primary tumor,sample_proxy_unresolved,unresolved,not_assessed,0.365676216173785,singlet,CID3941-sample-proxy,True,,0.73888644033111,True,True,T / NK
CID3941_CGTTCTGAGATACACA,CID3941-sample-proxy,CID3941,799,2069,178,8.603189946834219,0,0.0,12,0.5799903334944417,0,0.0,574,27.7428709521508,False,False,False,True,False,False,False,False,False,CID3941,ER+,pre-treatment primary tumor (study-level methods),baseline primary tumor,sample_proxy_unresolved,unresolved,not_assessed,0.434946527366933,singlet,CID3941-sample-proxy,True,,0.943929920555704,False,False,T / NK
CID3941_AGAATAGGTCTCCATC,CID3941-sample-proxy,CID3941,1170,2871,162,5.6426332288401255,0,0.0,53,1.8460466736328804,0,0.0,554,19.296412399860678,False,False,False,True,False,False,False,False,False,CID3941,ER+,pre-treatment primary tumor (study-level methods),baseline primary tumor,sample_proxy_unresolved,unresolved,not_assessed,0.622952568966034,doublet,CID3941-sample-proxy,False,scDblFinder_doublet,0.345054986688984,True,True,T / NK
CID3941_CATTATCGTATTCTCT,CID3941-sample-proxy,CID3941,2049,7656,299,3.9054336468129573,0,0.0,163,2.1290491118077326,0,0.0,2317,30.26384535005225,False,False,False,True,False,False,False,False,True,CID3941,ER+,pre-treatment primary tumor (study-level methods),baseline primary tumor,sample_proxy_unresolved,unresolved,not_assessed,0.852781591404596,doublet,CID3941-sample-proxy,False,scDblFinder_doublet,0.0640217407183355,True,True,T / NK
CID3941_CTCATTACACCTCGTT,CID3941-sample-proxy,CID3941,786,1809,41,2.2664455500276395,0,0.0,20,1.105583195135434,0,0.0,418,23.106688778330568,False,False,False,True,False,False,False,False,False,CID3941,ER+,pre-treatment primary tumor (study-level methods),baseline primary tumor,sample_proxy_unresolved,unresolved,not_assessed,0.403732807918899,singlet,CID3941-sample-proxy,True,,0.133897471181687,True,True,T / NK
CID3941_AACTCTTCATGGTCAT,CID3941-sample-proxy,CID3941,745,1402,51,3.637660485021398,0,0.0,2,0.14265335235378032,0,0.0,336,23.96576319543509,False,False,False,True,False,False,False,False,False,CID3941,ER+,pre-treatment primary tumor (study-level methods),baseline primary tumor,sample_proxy_unresolved,unresolved,not_assessed,0.213708609768614,singlet,CID3941-sample-proxy,True,,0.176011422398394,True,True,T / NK
CID3941_CTCTAATCACGGACAA,CID3941-sample-proxy,CID3941,868,1934,75,3.877973112719752,0,0.0,1,0.0517063081695967,0,0.0,530,27.404343329886245,False,False,False,True,False,False,False,False,False,CID3941,ER+,pre-treatment primary tumor (study-level methods),baseline primary tumor,sample_proxy_unresolved,unresolved,not_assessed,0.352743324103074,singlet,CID3941-sample-proxy,True,,0.177978590833153,True,True,T / NK
CID3941_CCTATTATCAGATAAG,CID3941-sample-proxy,CID3941,299,503,31,6.163021868787276,0,0.0,18,3.5785288270377733,0,0.0,75,14.910536779324055,True,True,False,False,False,True,False,False,False,CID3941,ER+,pre-treatment primary tumor (study-level methods),baseline primary tumor,sample_proxy_unresolved,unresolved,not_assessed,,not_called_core_qc_fail,CID3941-sample-proxy,False,fails_low_genes;fails_low_umis,0.539441415251922,True,True,T / NK
CID3941_CTAACTTTCAGTGCAT,CID3941-sample-proxy,CID3941,812,1608,94,5.845771144278607,0,0.0,4,0.24875621890547264,0,0.0,329,20.460199004975124,False,False,False,True,False,False,False,False,False,CID3941,ER+,pre-treatment primary tumor (study-level methods),baseline primary tumor,sample_proxy_unresolved,unresolved,not_assessed,0.369206815302928,singlet,CID3941-sample-proxy,True,,0.433083794173953,True,True,T / NK
CID3941_CTTGGCTAGCATGGCA,CID3941-sample-proxy,CID3941,689,1237,60,4.8504446240905414,0,0.0,14,1.131770412287793,0,0.0,147,11.883589329021827,False,False,False,True,False,False,False,False,False,CID3941,ER+,pre-treatment primary tumor (study-level methods),baseline primary tumor,sample_proxy_unresolved,unresolved,not_assessed,0.219872354734137,singlet,CID3941-sample-proxy,True,,0.283655106050891,True,True,T / NK
CID3941_GCGCGATCAATAGAGT,CID3941-sample-proxy,CID3941,942,2021,58,2.8698664027709055,0,0.0,2,0.09896091044037605,0,0.0,478,23.651657595249876,False,False,False,True,False,False,False,False,False,CID3941,ER+,pre-treatment primary tumor (study-level methods),baseline primary tumor,sample_proxy_unresolved,unresolved,not_assessed,0.468627638877506,singlet,CID3941-sample-proxy,True,,0.129704694326444,True,True,T / NK
CID3941_TTTGCGCAGATGTGGC,CID3941-sample-proxy,CID3941,1009,2112,116,5.492424242424242,0,0.0,1,0.04734848484848485,0,0.0,476,22.53787878787879,False,False,False,True,False,False,False,False,False,CID3941,ER+,pre-treatment primary tumor (study-level methods),baseline primary tumor,sample_proxy_unresolved,unresolved,not_assessed,0.232833545703007,singlet,CID3941-sample-proxy,True,,0.341292158447426,True,True,T / NK
CID3941_CTCTACGTCACCGTAA,CID3941-sample-proxy,CID3941,553,926,24,2.591792656587473,0,0.0,2,0.21598272138228944,0,0.0,211,22.786177105831534,False,False,False,True,False,False,False,False,False,CID3941,ER+,pre-treatment primary tumor (study-level methods),baseline primary tumor,sample_proxy_unresolved,unresolved,not_assessed,0.140597343558151,singlet,CID3941-sample-proxy,True,,0.157922839198737,True,True,T / NK
CID3941_GTAACTGCACGAGGTA,CID3941-sample-proxy,CID3941,681,1458,100,6.858710562414267,0,0.0,33,2.263374485596708,0,0.0,382,26.200274348422496,False,False,False,True,False,False,False,False,False,CID3941,ER+,pre-treatment primary tumor (study-level methods),baseline primary tumor,sample_proxy_unresolved,unresolved,not_assessed,0.378111880721484,singlet,CID3941-sample-proxy,True,,0.673447366304172,True,True,T / NK
CID3941_GTGTGCGCAACGATCT,CID3941-sample-proxy,CID3941,1391,5156,157,3.0449961210240497,0,0.0,248,4.809930178432894,1,0.019394879751745538,714,13.847944142746316,False,False,False,True,False,True,True,False,False,CID3941,ER+,pre-treatment primary tumor (study-level methods),baseline primary tumor,sample_proxy_unresolved,unresolved,not_assessed,0.514882113936577,singlet,CID3941-sample-proxy,True,,0.0936515177379003,True,True,Myeloid
CID3941_TCGAGGCGTTTGTGTG,CID3941-sample-proxy,CID3941,1954,6897,257,3.7262577932434393,0,0.0,330,4.784688995215311,1,0.01449905756125852,717,10.395824271422358,False,False,False,True,False,True,True,False,False,CID3941,ER+,pre-treatment primary tumor (study-level methods),baseline primary tumor,sample_proxy_unresolved,unresolved,not_assessed,0.621369147207758,doublet,CID3941-sample-proxy,False,scDblFinder_doublet,0.0659053915454254,True,True,Myeloid
CID3941_TGGTTAGTCTTGAGGT,CID3941-sample-proxy,CID3941,1571,5351,276,5.157914408521772,0,0.0,315,5.886750140160717,1,0.018688095683049896,630,11.773500280321434,False,False,False,True,False,True,True,False,False,CID3941,ER+,pre-treatment primary tumor (study-level methods),baseline primary tumor,sample_proxy_unresolved,unresolved,not_assessed,0.538044762295424,singlet,CID3941-sample-proxy,True,,0.206813354672283,True,True,Myeloid
CID3941_GTCGTAAAGTACGTTC,CID3941-sample-proxy,CID3941,3016,12097,360,2.9759444490369513,0,0.0,317,2.6204844176242044,0,0.0,1508,12.465900636521452,False,False,False,True,False,False,False,False,True,CID3941,ER+,pre-treatment primary tumor (study-level methods),baseline primary tumor,sample_proxy_unresolved,unresolved,not_assessed,0.811151838159927,doublet,CID3941-sample-proxy,False,scDblFinder_doublet,0.0092407114406959,True,True,Myeloid
CID3941_AACCGCGTCCTCCTAG,CID3941-sample-proxy,CID3941,205,341,19,5.571847507331378,0,0.0,0,0.0,0,0.0,104,30.498533724340177,True,True,False,False,False,False,False,False,False,CID3941,ER+,pre-treatment primary tumor (study-level methods),baseline primary tumor,sample_proxy_unresolved,unresolved,not_assessed,,not_called_core_qc_fail,CID3941-sample-proxy,False,fails_low_genes;fails_low_umis,0.427987499568526,True,True,Myeloid
CID3941_TACGGTAAGCCAGTAG,CID3941-sample-proxy,CID3941,2320,8646,411,4.753643303261624,0,0.0,90,1.040943789035392,1,0.011566042100393246,1694,19.59287531806616,False,False,False,True,False,False,True,False,True,CID3941,ER+,pre-treatment primary tumor (study-level methods),baseline primary tumor,sample_proxy_unresolved,unresolved,not_assessed,0.83576235219296,doublet,CID3941-sample-proxy,False,scDblFinder_doublet,0.0753097475496533,True,True,Myeloid
CID3941_TCATTTGAGATATACG,CID3941-sample-proxy,CID3941,2048,7319,429,5.86145648312611,2,0.027326137450471376,130,1.7761989342806392,1,0.013663068725235688,1660,22.680694083891243,False,False,False,True,True,False,True,False,True,CID3941,ER+,pre-treatment primary tumor (study-level methods),baseline primary tumor,sample_proxy_unresolved,unresolved,not_assessed,0.780201328257715,doublet,CID3941-sample-proxy,False,scDblFinder_doublet,0.224659729345773,True,True,Myeloid
CID3941_TGACAACTCGTTACGA,CID3941-sample-proxy,CID3941,353,754,1,0.1326259946949602,0,0.0,0,0.0,0,0.0,222,29.44297082228117,False,False,False,True,False,False,False,False,False,CID3941,ER+,pre-treatment primary tumor (study-level methods),baseline primary tumor,sample_proxy_unresolved,unresolved,not_assessed,0.298496185298898,singlet,CID3941-sample-proxy,True,,0.236254060745629,True,True,Myeloid
CID3941_GTTCTCGTCACGCGGT,CID3941-sample-proxy,CID3941,2005,6928,401,5.78810623556582,0,0.0,257,3.709584295612009,1,0.014434180138568129,1373,19.81812933025404,False,False,False,True,False,True,True,False,False,CID3941,ER+,pre-treatment primary tumor (study-level methods),baseline primary tumor,sample_proxy_unresolved,unresolved,not_assessed,0.766561470719692,doublet,CID3941-sample-proxy,False,scDblFinder_doublet,0.221117203954588,True,True,Myeloid
CID3941_GTACTTTTCCCATTAT,CID3941-sample-proxy,CID3941,202,305,0,0.0,0,0.0,0,0.0,0,0.0,73,23.934426229508198,True,True,False,False,False,False,False,False,False,CID3941,ER+,pre-treatment primary tumor (study-level methods),baseline primary tumor,sample_proxy_unresolved,unresolved,not_assessed,,not_called_core_qc_fail,CID3941-sample-proxy,False,fails_low_genes;fails_low_umis,0.266972997136899,True,True,Myeloid
CID3941_AGGTCATAGCCACGTC,CID3941-sample-proxy,CID3941,228,302,6,1.9867549668874174,0,0.0,0,0.0,0,0.0,49,16.225165562913908,True,True,False,False,False,False,False,False,False,CID3941,ER+,pre-treatment primary tumor (study-level methods),baseline primary tumor,sample_proxy_unresolved,unresolved,not_assessed,,not_called_core_qc_fail,CID3941-sample-proxy,False,fails_low_genes;fails_low_umis,0.17984237975011,True,True,Myeloid
CID3941_ATCTACTAGGTGCTAG,CID3941-sample-proxy,CID3941,272,474,35,7.383966244725738,0,0.0,0,0.0,0,0.0,43,9.071729957805907,True,True,False,False,False,False,False,False,False,CID3941,ER+,pre-treatment primary tumor (study-level methods),baseline primary tumor,sample_proxy_unresolved,unresolved,not_assessed,,not_called_core_qc_fail,CID3941-sample-proxy,False,fails_low_genes;fails_low_umis,0.794971523620212,False,False,Myeloid
CID3941_CAGGTGCAGCGATATA,CID3941-sample-proxy,CID3941,283,343,12,3.498542274052478,0,0.0,1,0.2915451895043732,0,0.0,18,5.247813411078718,True,True,False,False,False,False,False,False,False,CID3941,ER+,pre-treatment primary tumor (study-level methods),baseline primary tumor,sample_proxy_unresolved,unresolved,not_assessed,,not_called_core_qc_fail,CID3941-sample-proxy,False,fails_low_genes;fails_low_umis,0.205384238528078,True,True,Myeloid
CID3941_CATCAGATCACCGGGT,CID3941-sample-proxy,CID3941,1702,5197,268,5.156821243024822,0,0.0,154,2.963248027708293,2,0.03848374061958822,768,14.777756397921879,False,False,False,True,False,False,True,False,False,CID3941,ER+,pre-treatment primary tumor (study-level methods),baseline primary tumor,sample_proxy_unresolved,unresolved,not_assessed,0.596978505338362,singlet,CID3941-sample-proxy,True,,0.186644563820284,True,True,Myeloid
CID3941_TCATTTGCAAGTACCT,CID3941-sample-proxy,CID3941,266,455,6,1.3186813186813187,0,0.0,0,0.0,0,0.0,73,16.043956043956044,True,True,False,False,False,False,False,False,False,CID3941,ER+,pre-treatment primary tumor (study-level methods),baseline primary tumor,sample_proxy_unresolved,unresolved,not_assessed,,not_called_core_qc_fail,CID3941-sample-proxy,False,fails_low_genes;fails_low_umis,0.187368861377051,True,True,Myeloid
CID3941_AAGCCGCGTATTACCG,CID3941-sample-proxy,CID3941,1774,6000,368,6.133333333333333,0,0.0,48,0.8,3,0.05,884,14.733333333333334,False,False,False,True,False,False,True,False,False,CID3941,ER+,pre-treatment primary tumor (study-level methods),baseline primary tumor,sample_proxy_unresolved,unresolved,not_assessed,0.627077928593589,doublet,CID3941-sample-proxy,False,scDblFinder_doublet,0.333456110836405,True,True,Myeloid
CID3941_ACATCAGTCGTCGTTC,CID3941-sample-proxy,CID3941,293,441,30,6.802721088435375,0,0.0,0,0.0,0,0.0,74,16.780045351473923,True,True,False,False,False,False,False,False,False,CID3941,ER+,pre-treatment primary tumor (study-level methods),baseline primary tumor,sample_proxy_unresolved,unresolved,not_assessed,,not_called_core_qc_fail,CID3941-sample-proxy,False,fails_low_genes;fails_low_umis,0.678312830941308,True,True,Myeloid
CID3941_ACTGAACGTTGGACCC,CID3941-sample-proxy,CID3941,339,1264,81,6.408227848101265,0,0.0,0,0.0,0,0.0,454,35.91772151898734,True,False,False,False,False,False,False,False,False,CID3941,ER+,pre-treatment primary tumor (study-level methods),baseline primary tumor,sample_proxy_unresolved,unresolved,not_assessed,,not_called_core_qc_fail,CID3941-sample-proxy,False,fails_low_genes,0.590731648782066,True,True,Myeloid
CID3941_AGGGTGAAGGCCCGTT,CID3941-sample-proxy,CID3941,275,458,10,2.1834061135371177,0,0.0,5,1.0917030567685588,0,0.0,111,24.23580786026201,True,True,False,False,False,False,False,False,False,CID3941,ER+,pre-treatment primary tumor (study-level methods),baseline primary tumor,sample_proxy_unresolved,unresolved,not_assessed,,not_called_core_qc_fail,CID3941-sample-proxy,False,fails_low_genes;fails_low_umis,0.175984852727272,True,True,Myeloid
CID3941_CACATAGAGCAGCCTC,CID3941-sample-proxy,CID3941,376,753,3,0.398406374501992,0,0.0,6,0.796812749003984,0,0.0,226,30.0132802124834,False,False,False,True,False,False,False,False,False,CID3941,ER+,pre-treatment primary tumor (study-level methods),baseline primary tumor,sample_proxy_unresolved,unresolved,not_assessed,0.316453721754772,singlet,CID3941-sample-proxy,True,,0.215322899912102,True,True,Myeloid
CID3941_CGGACACAGGCCCGTT,CID3941-sample-proxy,CID3941,397,580,20,3.4482758620689653,0,0.0,1,0.1724137931034483,0,0.0,103,17.75862068965517,False,True,False,False,False,False,False,False,False,CID3941,ER+,pre-treatment primary tumor (study-level methods),baseline primary tumor,sample_proxy_unresolved,unresolved,not_assessed,,not_called_core_qc_fail,CID3941-sample-proxy,False,fails_low_umis,0.195315630043029,True,True,Myeloid
CID3941_CTACATTTCCCTAACC,CID3941-sample-proxy,CID3941,639,972,6,0.6172839506172839,0,0.0,10,1.02880658436214,0,0.0,158,16.255144032921812,False,False,False,True,False,False,False,False,False,CID3941,ER+,pre-treatment primary tumor (study-level methods),baseline primary tumor,sample_proxy_unresolved,unresolved,not_assessed,0.323861260678915,singlet,CID3941-sample-proxy,True,,0.172311654713677,True,True,Myeloid
CID3941_CTGTTTACAAGGTTCT,CID3941-sample-proxy,CID3941,601,1155,13,1.1255411255411256,0,0.0,3,0.2597402597402597,0,0.0,237,20.51948051948052,False,False,False,True,False,False,False,False,False,CID3941,ER+,pre-treatment primary tumor (study-level methods),baseline primary tumor,sample_proxy_unresolved,unresolved,not_assessed,0.256026283399051,singlet,CID3941-sample-proxy,True,,0.159870917775008,True,True,Myeloid
CID3941_GACACGCCACCGAATT,CID3941-sample-proxy,CID3941,437,852,30,3.5211267605633805,0,0.0,0,0.0,0,0.0,191,22.417840375586852,False,False,False,True,False,False,False,False,False,CID3941,ER+,pre-treatment primary tumor (study-level methods),baseline primary tumor,sample_proxy_unresolved,unresolved,not_assessed,0.272096221801659,singlet,CID3941-sample-proxy,True,,0.195781040727279,True,True,Myeloid
CID3941_GGTATTGTCTCGATGA,CID3941-sample-proxy,CID3941,248,308,9,2.922077922077922,0,0.0,1,0.3246753246753247,0,0.0,38,12.337662337662337,True,True,False,False,False,False,False,False,False,CID3941,ER+,pre-treatment primary tumor (study-level methods),baseline primary tumor,sample_proxy_unresolved,unresolved,not_assessed,,not_called_core_qc_fail,CID3941-sample-proxy,False,fails_low_genes;fails_low_umis,0.187228733865102,True,True,Myeloid
CID3941_GTAGGCCAGGGCTCTC,CID3941-sample-proxy,CID3941,719,1569,23,1.4659018483110262,0,0.0,21,1.338432122370937,0,0.0,276,17.590822179732314,False,False,False,True,False,False,False,False,False,CID3941,ER+,pre-treatment primary tumor (study-level methods),baseline primary tumor,sample_proxy_unresolved,unresolved,not_assessed,0.425723628729145,singlet,CID3941-sample-proxy,True,,0.141651146137067,True,True,Myeloid
CID3941_GTGCGGTTCAGCATGT,CID3941-sample-proxy,CID3941,271,454,3,0.6607929515418502,0,0.0,1,0.22026431718061676,0,0.0,118,25.991189427312776,True,True,False,False,False,False,False,False,False,CID3941,ER+,pre-treatment primary tumor (study-level methods),baseline primary tumor,sample_proxy_unresolved,unresolved,not_assessed,,not_called_core_qc_fail,CID3941-sample-proxy,False,fails_low_genes;fails_low_umis,0.2125073389574,True,True,Myeloid
CID3941_TACCTATAGGCTAGCA,CID3941-sample-proxy,CID3941,353,876,5,0.5707762557077625,0,0.0,0,0.0,0,0.0,213,24.315068493150687,False,False,False,True,False,False,False,False,False,CID3941,ER+,pre-treatment primary tumor (study-level methods),baseline primary tumor,sample_proxy_unresolved,unresolved,not_assessed,0.319575699783178,singlet,CID3941-sample-proxy,True,,0.208201104493088,True,True,Myeloid
CID3941_TGACTAGAGTTAGGTA,CID3941-sample-proxy,CID3941,390,701,10,1.4265335235378032,0,0.0,0,0.0,0,0.0,95,13.55206847360913,False,False,False,True,False,False,False,False,False,CID3941,ER+,pre-treatment primary tumor (study-level methods),baseline primary tumor,sample_proxy_unresolved,unresolved,not_assessed,0.272013211134012,singlet,CID3941-sample-proxy,True,,0.173726115832357,True,True,Myeloid
CID3941_TTCGGTCTCCAAGTAC,CID3941-sample-proxy,CID3941,332,920,75,8.152173913043478,0,0.0,0,0.0,0,0.0,233,25.32608695652174,True,False,False,False,False,False,False,False,False,CID3941,ER+,pre-treatment primary tumor (study-level methods),baseline primary tumor,sample_proxy_unresolved,unresolved,not_assessed,,not_called_core_qc_fail,CID3941-sample-proxy,False,fails_low_genes,0.906177169200621,False,False,Myeloid
CID3941_CGAACATTCGAACTGT,CID3941-sample-proxy,CID3941,1467,4696,424,9.028960817717206,0,0.0,13,0.2768313458262351,2,0.04258943781942078,495,10.540885860306643,False,False,False,True,False,False,True,False,False,CID3941,ER+,pre-treatment primary tumor (study-level methods),baseline primary tumor,sample_proxy_unresolved,unresolved,not_assessed,0.516910485554188,singlet,CID3941-sample-proxy,True,,0.961136103988859,False,False,Myeloid
CID3941_GGCGACTCAGAAGCAC,CID3941-sample-proxy,CID3941,421,1500,84,5.6000000000000005,0,0.0,0,0.0,0,0.0,369,24.6,False,False,False,True,False,False,False,False,False,CID3941,ER+,pre-treatment primary tumor (study-level methods),baseline primary tumor,sample_proxy_unresolved,unresolved,not_assessed,0.303663793263394,singlet,CID3941-sample-proxy,True,,0.421340573325504,True,True,Myeloid
CID3941_CACCTTGCAGCGATCC,CID3941-sample-proxy,CID3941,739,1407,86,6.112295664534471,0,0.0,9,0.6396588486140725,0,0.0,121,8.599857853589196,False,False,False,True,False,False,False,False,False,CID3941,ER+,pre-treatment primary tumor (study-level methods),baseline primary tumor,sample_proxy_unresolved,unresolved,not_assessed,0.424787725669817,singlet,CID3941-sample-proxy,True,,0.497531457414345,True,True,Myeloid
CID3941_GCATGCGGTTAAAGAC,CID3941-sample-proxy,CID3941,2287,9541,318,3.332983963945079,0,0.0,457,4.789854312965098,0,0.0,1932,20.2494497432135,False,False,False,True,False,True,False,False,True,CID3941,ER+,pre-treatment primary tumor (study-level methods),baseline primary tumor,sample_proxy_unresolved,unresolved,not_assessed,0.789048602995425,doublet,CID3941-sample-proxy,False,scDblFinder_doublet,0.0359484976821431,True,True,Myeloid
CID3941_GGCAATTAGATCCGAG,CID3941-sample-proxy,CID3941,2101,9635,360,3.7363777893098082,0,0.0,108,1.1209133367929425,0,0.0,2201,22.843798650752465,False,False,False,True,False,False,False,False,True,CID3941,ER+,pre-treatment primary tumor (study-level methods),baseline primary tumor,sample_proxy_unresolved,unresolved,not_assessed,0.780742695070899,doublet,CID3941-sample-proxy,False,scDblFinder_doublet,0.0552866537976213,True,True,Myeloid
CID3941_TGACGGCCAGACGCTC,CID3941-sample-proxy,CID3941,564,1297,81,6.245181187355436,0,0.0,0,0.0,0,0.0,217,16.730917501927525,False,False,False,True,False,False,False,False,False,CID3941,ER+,pre-treatment primary tumor (study-level methods),baseline primary tumor,sample_proxy_unresolved,unresolved,not_assessed,0.336857344487536,singlet,CID3941-sample-proxy,True,,0.542133341406911,True,True,Myeloid
CID3941_TGGGCGTTCGGAGCAA,CID3941-sample-proxy,CID3941,384,1038,10,0.9633911368015413,0,0.0,0,0.0,0,0.0,324,31.213872832369944,False,False,False,True,False,False,False,False,False,CID3941,ER+,pre-treatment primary tumor (study-level methods),baseline primary tumor,sample_proxy_unresolved,unresolved,not_assessed,0.19594860993763,singlet,CID3941-sample-proxy,True,,0.187307538370438,True,True,Myeloid
CID3941_GACTAACTCGGTTAAC,CID3941-sample-proxy,CID3941,654,1509,9,0.5964214711729622,0,0.0,0,0.0,0,0.0,605,40.09277667329357,False,False,False,True,False,False,False,False,False,CID3941,ER+,pre-treatment primary tumor (study-level methods),baseline primary tumor,sample_proxy_unresolved,unresolved,not_assessed,0.140200242440092,singlet,CID3941-sample-proxy,True,,0.171368464792404,True,True,Epithelial
CID3941_GGACGTCCAATCCAAC,CID3941-sample-proxy,CID3941,569,955,9,0.9424083769633508,0,0.0,49,5.130890052356021,0,0.0,141,14.764397905759164,False,False,False,True,False,True,False,False,False,CID3941,ER+,pre-treatment primary tumor (study-level methods),baseline primary tumor,sample_proxy_unresolved,unresolved,not_assessed,0.401812203299991,singlet,CID3941-sample-proxy,True,,0.168449313979976,True,True,Epithelial
CID3941_TTTACTGAGACTGGGT,CID3941-sample-proxy,CID3941,1246,3241,24,0.7405121875964209,0,0.0,12,0.37025609379821045,1,0.030854674483184203,1134,34.98920086393088,False,False,False,True,False,False,True,False,False,CID3941,ER+,pre-treatment primary tumor (study-level methods),baseline primary tumor,sample_proxy_unresolved,unresolved,not_assessed,0.289222152914334,singlet,CID3941-sample-proxy,True,,0.0992176680275633,True,True,Epithelial
CID3941_ACCTTTAAGGCCCGTT,CID3941-sample-proxy,CID3941,3759,26405,4174,15.807612194660104,0,0.0,251,0.9505775421321719,0,0.0,7991,30.263207725809504,False,False,True,False,False,False,False,False,True,CID3941,ER+,pre-treatment primary tumor (study-level methods),baseline primary tumor,sample_proxy_unresolved,unresolved,not_assessed,,not_called_core_qc_fail,CID3941-sample-proxy,False,fails_mt,0.999999972257131,False,False,Epithelial
CID3941_CTAGCCTCAGCTTAAC,CID3941-sample-proxy,CID3941,1582,4799,27,0.5626172119191498,0,0.0,30,0.625130235465722,8,0.16670139612419255,1560,32.506772244217544,False,False,False,True,False,False,True,False,False,CID3941,ER+,pre-treatment primary tumor (study-level methods),baseline primary tumor,sample_proxy_unresolved,unresolved,not_assessed,0.2901572713003,singlet,CID3941-sample-proxy,True,,0.0698319607194626,True,True,Epithelial
CID3941_GACTGCGTCGCCAGCA,CID3941-sample-proxy,CID3941,3197,14042,1561,11.116650049850449,0,0.0,527,3.753026634382567,0,0.0,3404,24.241561031192138,False,False,True,False,False,True,False,False,True,CID3941,ER+,pre-treatment primary tumor (study-level methods),baseline primary tumor,sample_proxy_unresolved,unresolved,not_assessed,,not_called_core_qc_fail,CID3941-sample-proxy,False,fails_mt,0.996044222487088,False,False,Epithelial
CID3941_GATCAGTTCAGCTGGC,CID3941-sample-proxy,CID3941,2125,7543,1,0.013257324671881213,0,0.0,46,0.6098369349065358,16,0.2121171947500994,2249,29.81572318706085,False,False,False,True,False,False,True,False,True,CID3941,ER+,pre-treatment primary tumor (study-level methods),baseline primary tumor,sample_proxy_unresolved,unresolved,not_assessed,0.356256241779322,singlet,CID3941-sample-proxy,True,,0.0363274380653274,True,True,Epithelial
CID3941_GGGCACTGTTCATGGT,CID3941-sample-proxy,CID3941,3547,22758,2824,12.408823270937692,0,0.0,107,0.4701643378152738,7,0.030758414623429126,7968,35.01186395992618,False,False,True,False,False,False,True,False,True,CID3941,ER+,pre-treatment primary tumor (study-level methods),baseline primary tumor,sample_proxy_unresolved,unresolved,not_assessed,,not_called_core_qc_fail,CID3941-sample-proxy,False,fails_mt,0.999682066729783,False,False,Epithelial
CID3941_TCCACACGTTGGTTTG,CID3941-sample-proxy,CID3941,1081,3432,66,1.9230769230769231,0,0.0,2,0.05827505827505827,0,0.0,1412,41.142191142191145,False,False,False,True,False,False,False,False,False,CID3941,ER+,pre-treatment primary tumor (study-level methods),baseline primary tumor,sample_proxy_unresolved,unresolved,not_assessed,0.233604996808375,singlet,CID3941-sample-proxy,True,,0.10532730793566,True,True,Epithelial
CID3941_AAACCTGGTGGACGAT,CID3941-sample-proxy,CID3941,2404,10695,1708,15.970079476390836,0,0.0,219,2.047685834502104,1,0.009350163627863489,3173,29.668069191210844,False,False,True,False,False,False,True,False,True,CID3941,ER+,pre-treatment primary tumor (study-level methods),baseline primary tumor,sample_proxy_unresolved,unresolved,not_assessed,,not_called_core_qc_fail,CID3941-sample-proxy,False,fails_mt,0.999999994229582,False,False,Epithelial
CID3941_AAACGGGCAGTATAAG,CID3941-sample-proxy,CID3941,648,1492,6,0.40214477211796246,0,0.0,17,1.1394101876675604,0,0.0,537,35.99195710455764,False,False,False,True,False,False,False,False,False,CID3941,ER+,pre-treatment primary tumor (study-level methods),baseline primary tumor,sample_proxy_unresolved,unresolved,not_assessed,0.20257796079496,singlet,CID3941-sample-proxy,True,,0.180937541417455,True,True,Epithelial
CID3941_AAAGCAAAGCTCTCGG,CID3941-sample-proxy,CID3941,2840,14660,1870,12.75579809004093,0,0.0,165,1.125511596180082,0,0.0,5178,35.320600272851294,False,False,True,False,False,False,False,False,True,CID3941,ER+,pre-treatment primary tumor (study-level methods),baseline primary tumor,sample_proxy_unresolved,unresolved,not_assessed,,not_called_core_qc_fail,CID3941-sample-proxy,False,fails_mt,0.999939486347422,False,False,Epithelial
CID3941_AAAGCAATCGCAGGCT,CID3941-sample-proxy,CID3941,1617,5726,21,0.36674816625916873,0,0.0,2,0.0349283967865875,0,0.0,1967,34.3520782396088,False,False,False,True,False,False,False,False,False,CID3941,ER+,pre-treatment primary tumor (study-level methods),baseline primary tumor,sample_proxy_unresolved,unresolved,not_assessed,0.252067305103154,singlet,CID3941-sample-proxy,True,,0.0697116106598176,True,True,Epithelial
CID3941_AACACGTCATTAGCCA,CID3941-sample-proxy,CID3941,2914,10770,1351,12.544103992571959,0,0.0,226,2.0984215413184772,4,0.03714020427112349,2687,24.948932219127204,False,False,True,False,False,False,True,False,True,CID3941,ER+,pre-treatment primary tumor (study-level methods),baseline primary tumor,sample_proxy_unresolved,unresolved,not_assessed,,not_called_core_qc_fail,CID3941-sample-proxy,False,fails_mt,0.999890846944081,False,False,Epithelial
CID3941_AACCATGGTTTGACAC,CID3941-sample-proxy,CID3941,509,2244,7,0.31194295900178254,0,0.0,1,0.044563279857397504,0,0.0,1246,55.525846702317295,False,False,False,True,False,False,False,True,False,CID3941,ER+,pre-treatment primary tumor (study-level methods),baseline primary tumor,sample_proxy_unresolved,unresolved,not_assessed,0.102867926685043,singlet,CID3941-sample-proxy,True,,0.203781440200713,True,True,Epithelial
CID3941_AACGTTGCATAAGACA,CID3941-sample-proxy,CID3941,2648,12006,1735,14.451107779443612,0,0.0,340,2.83191737464601,0,0.0,2858,23.804764284524403,False,False,True,False,False,False,False,False,True,CID3941,ER+,pre-treatment primary tumor (study-level methods),baseline primary tumor,sample_proxy_unresolved,unresolved,not_assessed,,not_called_core_qc_fail,CID3941-sample-proxy,False,fails_mt,0.99999940960679,False,False,Epithelial
CID3941_AACGTTGTCGAGAACG,CID3941-sample-proxy,CID3941,2136,10111,1567,15.497972505192365,0,0.0,26,0.2571456829195925,0,0.0,3542,35.03115418850757,False,False,True,False,False,False,False,False,True,CID3941,ER+,pre-treatment primary tumor (study-level methods),baseline primary tumor,sample_proxy_unresolved,unresolved,not_assessed,,not_called_core_qc_fail,CID3941-sample-proxy,False,fails_mt,0.999999977918132,False,False,Epithelial
CID3941_ACCGTAATCGGAGCAA,CID3941-sample-proxy,CID3941,637,1915,19,0.9921671018276762,0,0.0,49,2.5587467362924285,0,0.0,765,39.947780678851174,False,False,False,True,False,False,False,False,False,CID3941,ER+,pre-treatment primary tumor (study-level methods),baseline primary tumor,sample_proxy_unresolved,unresolved,not_assessed,0.259949476496952,singlet,CID3941-sample-proxy,True,,0.15958964207783,True,True,Epithelial
CID3941_ACGGGCTGTGCACGAA,CID3941-sample-proxy,CID3941,1046,2849,107,3.7557037557037556,0,0.0,6,0.2106002106002106,2,0.0702000702000702,1017,35.6967356967357,False,False,False,True,False,False,True,False,False,CID3941,ER+,pre-treatment primary tumor (study-level methods),baseline primary tumor,sample_proxy_unresolved,unresolved,not_assessed,0.212505328245579,singlet,CID3941-sample-proxy,True,,0.153191011019536,True,True,Epithelial
CID3941_ACTGAGTCAAGCTGAG,CID3941-sample-proxy,CID3941,2348,10566,1417,13.410940753359835,0,0.0,57,0.5394662123793299,0,0.0,3323,31.449933749763392,False,False,True,False,False,False,False,False,True,CID3941,ER+,pre-treatment primary tumor (study-level methods),baseline primary tumor,sample_proxy_unresolved,unresolved,not_assessed,,not_called_core_qc_fail,CID3941-sample-proxy,False,fails_mt,0.999992037486249,False,False,Epithelial
CID3941_ACTTGTTCAGCTCGCA,CID3941-sample-proxy,CID3941,518,1583,0,0.0,0,0.0,18,1.137081490840177,0,0.0,781,49.33670246367656,False,False,False,True,False,False,False,False,False,CID3941,ER+,pre-treatment primary tumor (study-level methods),baseline primary tumor,sample_proxy_unresolved,unresolved,not_assessed,0.15304667157059,singlet,CID3941-sample-proxy,True,,0.223377347258322,True,True,Epithelial
CID3941_ACTTGTTGTTTGCATG,CID3941-sample-proxy,CID3941,2314,14149,31,0.21909675595448444,0,0.0,106,0.7491695526185597,0,0.0,6980,49.332108276203265,False,False,False,True,False,False,False,False,True,CID3941,ER+,pre-treatment primary tumor (study-level methods),baseline primary tumor,sample_proxy_unresolved,unresolved,not_assessed,0.331011801782746,singlet,CID3941-sample-proxy,True,,0.0251404616710176,True,True,Epithelial
CID3941_AGAGCGAGTGTAATGA,CID3941-sample-proxy,CID3941,772,2075,2,0.09638554216867469,0,0.0,32,1.542168674698795,0,0.0,928,44.72289156626506,False,False,False,True,False,False,False,False,False,CID3941,ER+,pre-treatment primary tumor (study-level methods),baseline primary tumor,sample_proxy_unresolved,unresolved,not_assessed,0.162237532441307,singlet,CID3941-sample-proxy,True,,0.18050730104672,True,True,Epithelial
CID3941_AGAGCGATCGGCGCAT,CID3941-sample-proxy,CID3941,543,1369,9,0.6574141709276844,0,0.0,16,1.1687363038714391,0,0.0,553,40.394448502556614,False,False,False,True,False,False,False,False,False,CID3941,ER+,pre-treatment primary tumor (study-level methods),baseline primary tumor,sample_proxy_unresolved,unresolved,not_assessed,0.142664772384188,singlet,CID3941-sample-proxy,True,,0.182004176010908,True,True,Epithelial
CID3941_AGAGCTTCATCACAAC,CID3941-sample-proxy,CID3941,1790,7392,19,0.25703463203463206,0,0.0,170,2.2997835497835495,0,0.0,2833,38.325216450216445,False,False,False,True,False,False,False,False,True,CID3941,ER+,pre-treatment primary tumor (study-level methods),baseline primary tumor,sample_proxy_unresolved,unresolved,not_assessed,0.323479684066919,singlet,CID3941-sample-proxy,True,,0.0566935571310886,True,True,Epithelial
CID3941_AGATTGCCAGGGAGAG,CID3941-sample-proxy,CID3941,2491,11612,1736,14.950051670685498,0,0.0,159,1.369273165690665,0,0.0,3974,34.22321736135033,False,False,True,False,False,False,False,False,True,CID3941,ER+,pre-treatment primary tumor (study-level methods),baseline primary tumor,sample_proxy_unresolved,unresolved,not_assessed,,not_called_core_qc_fail,CID3941-sample-proxy,False,fails_mt,0.999999871014882,False,False,Epithelial
CID3941_AGATTGCCAGGTTTCA,CID3941-sample-proxy,CID3941,673,3186,206,6.465787821720024,0,0.0,1,0.031387319522912745,0,0.0,1733,54.394224733207786,False,False,False,True,False,False,False,True,False,CID3941,ER+,pre-treatment primary tumor (study-level methods),baseline primary tumor,sample_proxy_unresolved,unresolved,not_assessed,0.286959809974984,singlet,CID3941-sample-proxy,True,,0.583568818313498,True,True,Epithelial
CID3941_AGCGGTCAGCCCTAAT,CID3941-sample-proxy,CID3941,1411,4434,5,0.11276499774470004,0,0.0,142,3.2025259359494815,0,0.0,1318,29.724853405502934,False,False,False,True,False,False,False,False,False,CID3941,ER+,pre-treatment primary tumor (study-level methods),baseline primary tumor,sample_proxy_unresolved,unresolved,not_assessed,0.372139677841532,singlet,CID3941-sample-proxy,True,,0.0961675773127598,True,True,Epithelial
CID3941_AGCGTATCACCTCGTT,CID3941-sample-proxy,CID3941,2722,15526,2957,19.04547211129718,0,0.0,362,2.331572845549401,0,0.0,5063,32.609815792863586,False,False,True,False,False,False,False,False,True,CID3941,ER+,pre-treatment primary tumor (study-level methods),baseline primary tumor,sample_proxy_unresolved,unresolved,not_assessed,,not_called_core_qc_fail,CID3941-sample-proxy,False,fails_mt,0.999999999999839,False,False,Epithelial
CID3941_AGCGTCGCAAGTCTAC,CID3941-sample-proxy,CID3941,631,1688,6,0.35545023696682465,0,0.0,21,1.2440758293838863,0,0.0,732,43.3649289099526,False,False,False,True,False,False,False,False,False,CID3941,ER+,pre-treatment primary tumor (study-level methods),baseline primary tumor,sample_proxy_unresolved,unresolved,not_assessed,0.270296642238955,singlet,CID3941-sample-proxy,True,,0.185504237858733,True,True,Epithelial
CID3941_AGCTTGAAGCCCGAAA,CID3941-sample-proxy,CID3941,1374,5106,51,0.9988249118683901,0,0.0,16,0.3133568350959655,0,0.0,2184,42.773207990599296,False,False,False,True,False,False,False,False,False,CID3941,ER+,pre-treatment primary tumor (study-level methods),baseline primary tumor,sample_proxy_unresolved,unresolved,not_assessed,0.280270639986301,singlet,CID3941-sample-proxy,True,,0.0830101700104379,True,True,Epithelial
CID3941_AGCTTGACAGCTGGCT,CID3941-sample-proxy,CID3941,2298,11849,2117,17.866486623343743,0,0.0,27,0.22786733057641997,1,0.008439530762089628,4223,35.6401384083045,False,False,True,False,False,False,True,False,True,CID3941,ER+,pre-treatment primary tumor (study-level methods),baseline primary tumor,sample_proxy_unresolved,unresolved,not_assessed,,not_called_core_qc_fail,CID3941-sample-proxy,False,fails_mt,0.999999999989376,False,False,Epithelial
CID3941_AGGCCACTCAGTTCGA,CID3941-sample-proxy,CID3941,2739,13330,1190,8.927231807951989,0,0.0,712,5.341335333833459,0,0.0,1948,14.613653413353338,False,False,False,True,False,True,False,False,True,CID3941,ER+,pre-treatment primary tumor (study-level methods),baseline primary tumor,sample_proxy_unresolved,unresolved,not_assessed,0.473206842926401,singlet,CID3941-sample-proxy,True,,0.873277421130198,False,False,Epithelial
CID3941_AGGGAGTTCAGTCAGT,CID3941-sample-proxy,CID3941,3839,28077,4784,17.038857427787867,0,0.0,186,0.6624639384549632,0,0.0,10453,37.229761014353386,False,False,True,False,False,False,False,False,True,CID3941,ER+,pre-treatment primary tumor (study-level methods),baseline primary tumor,sample_proxy_unresolved,unresolved,not_assessed,,not_called_core_qc_fail,CID3941-sample-proxy,False,fails_mt,0.999999999496907,False,False,Epithelial
CID3941_AGGGAGTTCCACTGGG,CID3941-sample-proxy,CID3941,2290,8679,1262,14.540845719552944,0,0.0,75,0.8641548565502939,1,0.011522064754003919,2667,30.72934669892845,False,False,True,False,False,False,True,False,True,CID3941,ER+,pre-treatment primary tumor (study-level methods),baseline primary tumor,sample_proxy_unresolved,unresolved,not_assessed,,not_called_core_qc_fail,CID3941-sample-proxy,False,fails_mt,0.999999626678762,False,False,Epithelial
CID3941_AGGTCCGAGACGCTTT,CID3941-sample-proxy,CID3941,808,2645,10,0.3780718336483932,0,0.0,32,1.2098298676748582,0,0.0,1166,44.083175803402646,False,False,False,True,False,False,False,False,False,CID3941,ER+,pre-treatment primary tumor (study-level methods),baseline primary tumor,sample_proxy_unresolved,unresolved,not_assessed,0.296209787140796,singlet,CID3941-sample-proxy,True,,0.161438940189618,True,True,Epithelial
CID3941_AGTGTCACATATACCG,CID3941-sample-proxy,CID3941,897,2946,502,17.040054310930074,0,0.0,12,0.40733197556008144,0,0.0,990,33.604887983706725,False,False,True,False,False,False,False,False,False,CID3941,ER+,pre-treatment primary tumor (study-level methods),baseline primary tumor,sample_proxy_unresolved,unresolved,not_assessed,,not_called_core_qc_fail,CID3941-sample-proxy,False,fails_mt,0.999999999789901,False,False,Epithelial
CID3941_ATCACGAAGGCGTACA,CID3941-sample-proxy,CID3941,955,2679,18,0.6718924972004479,0,0.0,0,0.0,0,0.0,1071,39.97760358342665,False,False,False,True,False,False,False,False,False,CID3941,ER+,pre-treatment primary tumor (study-level methods),baseline primary tumor,sample_proxy_unresolved,unresolved,not_assessed,0.274142823247647,singlet,CID3941-sample-proxy,True,,0.132869830186098,True,True,Epithelial
CID3941_ATCACGATCCGTACAA,CID3941-sample-proxy,CID3941,2294,11332,31,0.2735615954818214,0,0.0,53,0.46770208259795265,0,0.0,5003,44.1493116837275,False,False,False,True,False,False,False,False,True,CID3941,ER+,pre-treatment primary tumor (study-level methods),baseline primary tumor,sample_proxy_unresolved,unresolved,not_assessed,0.393463876265881,singlet,CID3941-sample-proxy,True,,0.0257215652535658,True,True,Epithelial
CID3941_ATCCACCCAAGTTGTC,CID3941-sample-proxy,CID3941,2379,9827,88,0.8954920118042128,0,0.0,67,0.6817950544418439,0,0.0,3719,37.844713544316676,False,False,False,True,False,False,False,False,True,CID3941,ER+,pre-treatment primary tumor (study-level methods),baseline primary tumor,sample_proxy_unresolved,unresolved,not_assessed,0.323983247659502,singlet,CID3941-sample-proxy,True,,0.0203739745721007,True,True,Epithelial
CID3941_ATCCACCCAGCTGTAT,CID3941-sample-proxy,CID3941,3430,18423,1936,10.508603376214515,0,0.0,416,2.2580470064593174,1,0.005427997611681051,5912,32.09032188025837,False,False,True,False,False,False,True,False,True,CID3941,ER+,pre-treatment primary tumor (study-level methods),baseline primary tumor,sample_proxy_unresolved,unresolved,not_assessed,,not_called_core_qc_fail,CID3941-sample-proxy,False,fails_mt,0.98080232559665,False,False,Epithelial
CID3941_ATCGAGTGTAGCGTAG,CID3941-sample-proxy,CID3941,3267,19058,3201,16.79609612761045,0,0.0,132,0.6926225207262042,0,0.0,6667,34.98268443698184,False,False,True,False,False,False,False,False,True,CID3941,ER+,pre-treatment primary tumor (study-level methods),baseline primary tumor,sample_proxy_unresolved,unresolved,not_assessed,,not_called_core_qc_fail,CID3941-sample-proxy,False,fails_mt,0.999999999327782,False,False,Epithelial
CID3941_ATCTGCCTCGTTTATC,CID3941-sample-proxy,CID3941,1888,7080,1231,17.387005649717512,0,0.0,48,0.6779661016949152,0,0.0,2082,29.40677966101695,False,False,True,False,False,False,False,False,False,CID3941,ER+,pre-treatment primary tumor (study-level methods),baseline primary tumor,sample_proxy_unresolved,unresolved,not_assessed,,not_called_core_qc_fail,CID3941-sample-proxy,False,fails_mt,0.99999999994708,False,False,Epithelial
CID3941_ATTGGTGGTTTGGCGC,CID3941-sample-proxy,CID3941,560,1140,40,3.508771929824561,0,0.0,0,0.0,0,0.0,397,34.82456140350877,False,False,False,True,False,False,False,False,False,CID3941,ER+,pre-treatment primary tumor (study-level methods),baseline primary tumor,sample_proxy_unresolved,unresolved,not_assessed,0.126992802448971,singlet,CID3941-sample-proxy,True,,0.185585078363806,True,True,Epithelial
CID3941_CAACTAGAGGTGCTAG,CID3941-sample-proxy,CID3941,785,3058,3,0.09810333551340746,0,0.0,7,0.22890778286461738,1,0.032701111837802485,1666,54.480052321778935,False,False,False,True,False,False,True,True,False,CID3941,ER+,pre-treatment primary tumor (study-level methods),baseline primary tumor,sample_proxy_unresolved,unresolved,not_assessed,0.149427131344696,singlet,CID3941-sample-proxy,True,,0.178566369616976,True,True,Epithelial
CID3941_CAAGTTGTCAACTCTT,CID3941-sample-proxy,CID3941,906,2781,1,0.03595828838547285,0,0.0,35,1.2585400934915498,0,0.0,1229,44.19273642574613,False,False,False,True,False,False,False,False,False,CID3941,ER+,pre-treatment primary tumor (study-level methods),baseline primary tumor,sample_proxy_unresolved,unresolved,not_assessed,0.207154662444872,singlet,CID3941-sample-proxy,True,,0.164764937322342,True,True,Epithelial
CID3941_CACACTCCAAAGGAAG,CID3941-sample-proxy,CID3941,2253,10714,1817,16.959118909837596,0,0.0,434,4.050774687324996,1,0.009333582228859437,2787,26.01269367183125,False,False,True,False,False,True,True,False,True,CID3941,ER+,pre-treatment primary tumor (study-level methods),baseline primary tumor,sample_proxy_unresolved,unresolved,not_assessed,,not_called_core_qc_fail,CID3941-sample-proxy,False,fails_mt,0.999999999769535,False,False,Epithelial
CID3941_CACATAGAGGAGTTGC,CID3941-sample-proxy,CID3941,2085,8806,1539,17.47672041789689,0,0.0,7,0.0794912559618442,0,0.0,2275,25.834658187599363,False,False,True,False,False,False,False,False,True,CID3941,ER+,pre-treatment primary tumor (study-level methods),baseline primary tumor,sample_proxy_unresolved,unresolved,not_assessed,,not_called_core_qc_fail,CID3941-sample-proxy,False,fails_mt,0.999999999960489,False,False,Epithelial
CID3941_CACATAGAGGGTATCG,CID3941-sample-proxy,CID3941,1998,6919,1192,17.227923110276052,0,0.0,60,0.867177337765573,0,0.0,1430,20.66772655007949,False,False,True,False,False,False,False,False,False,CID3941,ER+,pre-treatment primary tumor (study-level methods),baseline primary tumor,sample_proxy_unresolved,unresolved,not_assessed,,not_called_core_qc_fail,CID3941-sample-proxy,False,fails_mt,0.9999999999094,False,False,Epithelial
CID3941_CACCAGGCAGTAAGAT,CID3941-sample-proxy,CID3941,1128,3598,30,0.8337965536409117,0,0.0,34,0.9449694274596998,0,0.0,1522,42.301278488048915,False,False,False,True,False,False,False,False,False,CID3941,ER+,pre-treatment primary tumor (study-level methods),baseline primary tumor,sample_proxy_unresolved,unresolved,not_assessed,0.362418447207929,singlet,CID3941-sample-proxy,True,,0.109790087357674,True,True,Epithelial
CID3941_CAGAGAGTCTTGGGTA,CID3941-sample-proxy,CID3941,1701,6145,25,0.40683482506102525,0,0.0,26,0.4231082180634662,0,0.0,2399,39.03986981285598,False,False,False,True,False,False,False,False,False,CID3941,ER+,pre-treatment primary tumor (study-level methods),baseline primary tumor,sample_proxy_unresolved,unresolved,not_assessed,0.281230234842046,singlet,CID3941-sample-proxy,True,,0.0618439263784549,True,True,Epithelial
CID3941_CAGCCGAAGGCCGAAT,CID3941-sample-proxy,CID3941,538,1038,24,2.312138728323699,0,0.0,41,3.94990366088632,0,0.0,253,24.373795761079,False,False,False,True,False,True,False,False,False,CID3941,ER+,pre-treatment primary tumor (study-level methods),baseline primary tumor,sample_proxy_unresolved,unresolved,not_assessed,0.342695981805888,singlet,CID3941-sample-proxy,True,,0.155850848109828,True,True,Epithelial
CID3941_CAGCGACAGGCACATG,CID3941-sample-proxy,CID3941,2837,13342,2243,16.81157247788937,0,0.0,509,3.81502023684605,1,0.007495128166691651,2762,20.70154399640234,False,False,True,False,False,True,True,False,True,CID3941,ER+,pre-treatment primary tumor (study-level methods),baseline primary tumor,sample_proxy_unresolved,unresolved,not_assessed,,not_called_core_qc_fail,CID3941-sample-proxy,False,fails_mt,0.999999999524133,False,False,Epithelial
CID3941_CAGGTGCGTAAGTAGT,CID3941-sample-proxy,CID3941,2127,8334,623,7.475401967842572,0,0.0,250,2.9997600191984644,0,0.0,2773,33.27333813294936,False,False,False,True,False,False,False,False,True,CID3941,ER+,pre-treatment primary tumor (study-level methods),baseline primary tumor,sample_proxy_unresolved,unresolved,not_assessed,0.421210151714876,singlet,CID3941-sample-proxy,True,,0.61777309256214,True,True,Epithelial
CID3941_CATCCACGTGTGCGTC,CID3941-sample-proxy,CID3941,2934,13518,2340,17.310252996005325,0,0.0,133,0.9838733540464566,0,0.0,3852,28.495339547270305,False,False,True,False,False,False,False,False,True,CID3941,ER+,pre-treatment primary tumor (study-level methods),baseline primary tumor,sample_proxy_unresolved,unresolved,not_assessed,,not_called_core_qc_fail,CID3941-sample-proxy,False,fails_mt,0.999999999906878,False,False,Epithelial
CID3941_CATTATCCAGTATAAG,CID3941-sample-proxy,CID3941,616,1649,11,0.667070952092177,0,0.0,13,0.7883565797453002,0,0.0,741,44.936325045482114,False,False,False,True,False,False,False,False,False,CID3941,ER+,pre-treatment primary tumor (study-level methods),baseline primary tumor,sample_proxy_unresolved,unresolved,not_assessed,0.193144332836827,singlet,CID3941-sample-proxy,True,,0.173021414011856,True,True,Epithelial
CID3941_CATTCGCAGTGAAGTT,CID3941-sample-proxy,CID3941,2260,10637,1167,10.971138478894424,0,0.0,278,2.613518849299614,0,0.0,3267,30.713547052740438,False,False,True,False,False,False,False,False,True,CID3941,ER+,pre-treatment primary tumor (study-level methods),baseline primary tumor,sample_proxy_unresolved,unresolved,not_assessed,,not_called_core_qc_fail,CID3941-sample-proxy,False,fails_mt,0.997943481763483,False,False,Epithelial
CID3941_CATTCGCTCCAGTATG,CID3941-sample-proxy,CID3941,2668,13745,2089,15.198253910512912,0,0.0,143,1.0403783193888687,0,0.0,4531,32.964714441615136,False,False,True,False,False,False,False,False,True,CID3941,ER+,pre-treatment primary tumor (study-level methods),baseline primary tumor,sample_proxy_unresolved,unresolved,not_assessed,,not_called_core_qc_fail,CID3941-sample-proxy,False,fails_mt,0.999999930962616,False,False,Epithelial
CID3941_CCACCTACAGCTCGCA,CID3941-sample-proxy,CID3941,799,2003,5,0.24962556165751376,0,0.0,53,2.6460309535696456,0,0.0,741,36.99450823764354,False,False,False,True,False,False,False,False,False,CID3941,ER+,pre-treatment primary tumor (study-level methods),baseline primary tumor,sample_proxy_unresolved,unresolved,not_assessed,0.255797982935921,singlet,CID3941-sample-proxy,True,,0.168613970487304,True,True,Epithelial
CID3941_CCACTACCAGGAACGT,CID3941-sample-proxy,CID3941,1546,6274,1134,18.07459356072681,0,0.0,266,4.239719477207523,0,0.0,1624,25.884603124003824,False,False,True,False,False,True,False,False,False,CID3941,ER+,pre-treatment primary tumor (study-level methods),baseline primary tumor,sample_proxy_unresolved,unresolved,not_assessed,,not_called_core_qc_fail,CID3941-sample-proxy,False,fails_mt,0.999999999994754,False,False,Epithelial
CID3941_CCATGTCCACAGAGGT,CID3941-sample-proxy,CID3941,1142,4670,3,0.06423982869379015,0,0.0,51,1.0920770877944324,0,0.0,2318,49.63597430406852,False,False,False,True,False,False,False,False,False,CID3941,ER+,pre-treatment primary tumor (study-level methods),baseline primary tumor,sample_proxy_unresolved,unresolved,not_assessed,0.163541442783866,singlet,CID3941-sample-proxy,True,,0.130905636295459,True,True,Epithelial
CID3941_CCATGTCGTCTTGATG,CID3941-sample-proxy,CID3941,1082,3854,603,15.64608199273482,0,0.0,17,0.44110015568240785,0,0.0,1449,37.597301504929945,False,False,True,False,False,False,False,False,False,CID3941,ER+,pre-treatment primary tumor (study-level methods),baseline primary tumor,sample_proxy_unresolved,unresolved,not_assessed,,not_called_core_qc_fail,CID3941-sample-proxy,False,fails_mt,0.999999986044301,False,False,Epithelial
CID3941_CCATGTCGTGGCGAAT,CID3941-sample-proxy,CID3941,3386,17527,1613,9.202944029212073,0,0.0,153,0.8729388942774006,2,0.011410965938266675,6217,35.470987619101955,False,False,False,True,False,False,True,False,True,CID3941,ER+,pre-treatment primary tumor (study-level methods),baseline primary tumor,sample_proxy_unresolved,unresolved,not_assessed,0.460344080440269,singlet,CID3941-sample-proxy,True,,0.818694064219812,False,False,Epithelial
CID3941_CCATTCGCAGGTCGTC,CID3941-sample-proxy,CID3941,2567,14848,2318,15.611530172413794,0,0.0,201,1.3537176724137931,1,0.006734913793103448,4975,33.50619612068966,False,False,True,False,False,False,True,False,True,CID3941,ER+,pre-treatment primary tumor (study-level methods),baseline primary tumor,sample_proxy_unresolved,unresolved,not_assessed,,not_called_core_qc_fail,CID3941-sample-proxy,False,fails_mt,0.999999981214052,False,False,Epithelial
CID3941_CCCAATCGTGTATGGG,CID3941-sample-proxy,CID3941,2075,7894,9,0.11401064099315936,0,0.0,118,1.4948061819103116,0,0.0,2852,36.12870534583228,False,False,False,True,False,False,False,False,True,CID3941,ER+,pre-treatment primary tumor (study-level methods),baseline primary tumor,sample_proxy_unresolved,unresolved,not_assessed,0.342800079397545,singlet,CID3941-sample-proxy,True,,0.0383385215115312,True,True,Epithelial
CID3941_CCCAGTTTCGGCGCAT,CID3941-sample-proxy,CID3941,599,1894,14,0.7391763463569165,0,0.0,17,0.8975712777191129,0,0.0,956,50.475184794086594,False,False,False,True,False,False,False,False,False,CID3941,ER+,pre-treatment primary tumor (study-level methods),baseline primary tumor,sample_proxy_unresolved,unresolved,not_assessed,0.188890175595128,singlet,CID3941-sample-proxy,True,,0.172183955253811,True,True,Epithelial
CID3941_CCGTACTCAATGAATG,CID3941-sample-proxy,CID3941,1425,6097,31,0.5084467771034935,0,0.0,120,1.9681810726586848,0,0.0,2813,46.13744464490733,False,False,False,True,False,False,False,False,False,CID3941,ER+,pre-treatment primary tumor (study-level methods),baseline primary tumor,sample_proxy_unresolved,unresolved,not_assessed,0.221317983800435,singlet,CID3941-sample-proxy,True,,0.0854156607018117,True,True,Epithelial
CID3941_CCGTTCAAGTTCGATC,CID3941-sample-proxy,CID3941,1357,4417,3,0.06791940230925968,0,0.0,81,1.8338238623500112,1,0.022639800769753225,1661,37.60470907856011,False,False,False,True,False,False,True,False,False,CID3941,ER+,pre-treatment primary tumor (study-level methods),baseline primary tumor,sample_proxy_unresolved,unresolved,not_assessed,0.3363572714563,singlet,CID3941-sample-proxy,True,,0.103765825725868,True,True,Epithelial
CID3941_CCTACCATCCTCATTA,CID3941-sample-proxy,CID3941,928,3072,45,1.46484375,0,0.0,14,0.4557291666666667,0,0.0,1157,37.66276041666667,False,False,False,True,False,False,False,False,False,CID3941,ER+,pre-treatment primary tumor (study-level methods),baseline primary tumor,sample_proxy_unresolved,unresolved,not_assessed,0.271190684363752,singlet,CID3941-sample-proxy,True,,0.121093106383787,True,True,Epithelial
CID3941_CCTATTACAAAGGCGT,CID3941-sample-proxy,CID3941,2222,10961,846,7.718273880120427,0,0.0,35,0.31931393121065593,1,0.009123255177447312,4147,37.83413922087401,False,False,False,True,False,False,True,False,True,CID3941,ER+,pre-treatment primary tumor (study-level methods),baseline primary tumor,sample_proxy_unresolved,unresolved,not_assessed,0.312570105002244,singlet,CID3941-sample-proxy,True,,0.668715964082697,True,True,Epithelial
CID3941_CCTTACGAGACACTAA,CID3941-sample-proxy,CID3941,985,3720,366,9.838709677419356,2,0.053763440860215055,141,3.790322580645161,0,0.0,897,24.112903225806452,False,False,True,False,True,True,False,False,False,CID3941,ER+,pre-treatment primary tumor (study-level methods),baseline primary tumor,sample_proxy_unresolved,unresolved,not_assessed,,not_called_core_qc_fail,CID3941-sample-proxy,False,fails_mt,0.9909787676259,False,False,Epithelial
CID3941_CCTTTCTCAGTGGGAT,CID3941-sample-proxy,CID3941,4621,25411,3899,15.343748770217621,3,0.011805910826020227,249,0.9798905985596789,0,0.0,7391,29.08582897170517,False,False,True,False,True,False,False,False,True,CID3941,ER+,pre-treatment primary tumor (study-level methods),baseline primary tumor,sample_proxy_unresolved,unresolved,not_assessed,,not_called_core_qc_fail,CID3941-sample-proxy,False,fails_mt,0.999999592539786,False,False,Epithelial
CID3941_CGAACATAGAGCTTCT,CID3941-sample-proxy,CID3941,972,3178,12,0.3775959723096287,0,0.0,29,0.9125235997482695,0,0.0,1557,48.993077407174326,False,False,False,True,False,False,False,False,False,CID3941,ER+,pre-treatment primary tumor (study-level methods),baseline primary tumor,sample_proxy_unresolved,unresolved,not_assessed,0.25578577248836,singlet,CID3941-sample-proxy,True,,0.140525052495115,True,True,Epithelial
CID3941_CGACCTTGTACCGTTA,CID3941-sample-proxy,CID3941,2809,13723,1331,9.699045398236537,0,0.0,84,0.6121110544341616,0,0.0,4665,33.994024630182906,False,False,False,True,False,False,False,False,True,CID3941,ER+,pre-treatment primary tumor (study-level methods),baseline primary tumor,sample_proxy_unresolved,unresolved,not_assessed,0.34661890288172,singlet,CID3941-sample-proxy,True,,0.960329300978755,False,False,Epithelial
CID3941_CGATCGGGTCTAAAGA,CID3941-sample-proxy,CID3941,1043,3782,658,17.398202009518773,2,0.052882072977260705,16,0.42305658381808564,0,0.0,1360,35.95980962453728,False,False,True,False,True,False,False,False,False,CID3941,ER+,pre-treatment primary tumor (study-level methods),baseline primary tumor,sample_proxy_unresolved,unresolved,not_assessed,,not_called_core_qc_fail,CID3941-sample-proxy,False,fails_mt,0.99999999993861,False,False,Epithelial
CID3941_CGCGGTAAGTATCGAA,CID3941-sample-proxy,CID3941,1884,7365,1156,15.695858791581808,0,0.0,351,4.765784114052953,0,0.0,579,7.861507128309572,False,False,True,False,False,True,False,False,True,CID3941,ER+,pre-treatment primary tumor (study-level methods),baseline primary tumor,sample_proxy_unresolved,unresolved,not_assessed,,not_called_core_qc_fail,CID3941-sample-proxy,False,fails_mt,0.999999988487381,False,False,Epithelial
CID3941_CGCGGTATCTAACTCT,CID3941-sample-proxy,CID3941,891,1933,43,2.224521469218831,0,0.0,54,2.793585100879462,0,0.0,583,30.160372478013453,False,False,False,True,False,False,False,False,False,CID3941,ER+,pre-treatment primary tumor (study-level methods),baseline primary tumor,sample_proxy_unresolved,unresolved,not_assessed,0.494558503852882,singlet,CID3941-sample-proxy,True,,0.124098114518727,True,True,Epithelial
CID3941_CGGCTAGCATCGTCGG,CID3941-sample-proxy,CID3941,3240,20332,3545,17.43556954554397,0,0.0,97,0.4770804642927405,0,0.0,6378,31.369270116073185,False,False,True,False,False,False,False,False,True,CID3941,ER+,pre-treatment primary tumor (study-level methods),baseline primary tumor,sample_proxy_unresolved,unresolved,not_assessed,,not_called_core_qc_fail,CID3941-sample-proxy,False,fails_mt,0.999999999926396,False,False,Epithelial
CID3941_CGTCCATTCGCCCTTA,CID3941-sample-proxy,CID3941,825,2599,73,2.8087726048480186,0,0.0,33,1.269719122739515,0,0.0,929,35.744517121969984,False,False,False,True,False,False,False,False,False,CID3941,ER+,pre-treatment primary tumor (study-level methods),baseline primary tumor,sample_proxy_unresolved,unresolved,not_assessed,0.299247198385863,singlet,CID3941-sample-proxy,True,,0.138780759738594,True,True,Epithelial
CID3941_CGTCTACGTCGCGAAA,CID3941-sample-proxy,CID3941,2281,10438,1163,11.14198122245641,0,0.0,4,0.03832151753209427,1,0.009580379383023568,3668,35.140831576930445,False,False,True,False,False,False,True,False,True,CID3941,ER+,pre-treatment primary tumor (study-level methods),baseline primary tumor,sample_proxy_unresolved,unresolved,not_assessed,,not_called_core_qc_fail,CID3941-sample-proxy,False,fails_mt,0.998528855232729,False,False,Epithelial
CID3941_CGTGTAAAGGAGTTTA,CID3941-sample-proxy,CID3941,684,1664,16,0.9615384615384616,0,0.0,7,0.4206730769230769,0,0.0,729,43.81009615384615,False,False,False,True,False,False,False,False,False,CID3941,ER+,pre-treatment primary tumor (study-level methods),baseline primary tumor,sample_proxy_unresolved,unresolved,not_assessed,0.165333893397026,singlet,CID3941-sample-proxy,True,,0.155332801403966,True,True,Epithelial
CID3941_CGTTGGGGTCATCGGC,CID3941-sample-proxy,CID3941,926,2158,2,0.09267840593141798,0,0.0,9,0.41705282669138094,0,0.0,438,20.296570898980537,False,False,False,True,False,False,False,False,False,CID3941,ER+,pre-treatment primary tumor (study-level methods),baseline primary tumor,sample_proxy_unresolved,unresolved,not_assessed,0.312560002130281,singlet,CID3941-sample-proxy,True,,0.159013506735153,True,True,Epithelial
CID3941_CTACCCAAGACTGTAA,CID3941-sample-proxy,CID3941,1926,8793,841,9.564426248151939,0,0.0,179,2.035710224041851,0,0.0,2695,30.649380188786534,False,False,False,True,False,False,False,False,True,CID3941,ER+,pre-treatment primary tumor (study-level methods),baseline primary tumor,sample_proxy_unresolved,unresolved,not_assessed,0.429280667113266,singlet,CID3941-sample-proxy,True,,0.978025216840031,False,False,Epithelial
CID3941_CTAGTGAAGCCCTAAT,CID3941-sample-proxy,CID3941,1627,5190,859,16.55105973025048,0,0.0,37,0.7129094412331407,0,0.0,1403,27.03275529865125,False,False,True,False,False,False,False,False,False,CID3941,ER+,pre-treatment primary tumor (study-level methods),baseline primary tumor,sample_proxy_unresolved,unresolved,not_assessed,,not_called_core_qc_fail,CID3941-sample-proxy,False,fails_mt,0.99999999918603,False,False,Epithelial
CID3941_CTCACACCAGTCTTCC,CID3941-sample-proxy,CID3941,792,2960,36,1.2162162162162162,0,0.0,13,0.4391891891891892,0,0.0,1380,46.62162162162162,False,False,False,True,False,False,False,False,False,CID3941,ER+,pre-treatment primary tumor (study-level methods),baseline primary tumor,sample_proxy_unresolved,unresolved,not_assessed,0.29096155875894,singlet,CID3941-sample-proxy,True,,0.138069704697315,True,True,Epithelial
CID3941_CTCAGAAAGGACCACA,CID3941-sample-proxy,CID3941,524,1127,4,0.354924578527063,0,0.0,23,2.0408163265306123,0,0.0,419,37.17834960070985,False,False,False,True,False,False,False,False,False,CID3941,ER+,pre-treatment primary tumor (study-level methods),baseline primary tumor,sample_proxy_unresolved,unresolved,not_assessed,0.1,singlet,CID3941-sample-proxy,True,,0.199357541660996,True,True,Epithelial
CID3941_CTCATTAGTGTTTGTG,CID3941-sample-proxy,CID3941,1902,8033,1327,16.519357649695007,0,0.0,23,0.28631893439561806,0,0.0,2975,37.034731731607124,False,False,True,False,False,False,False,False,True,CID3941,ER+,pre-treatment primary tumor (study-level methods),baseline primary tumor,sample_proxy_unresolved,unresolved,not_assessed,,not_called_core_qc_fail,CID3941-sample-proxy,False,fails_mt,0.999999999095666,False,False,Epithelial
CID3941_CTCGAGGTCGCATGAT,CID3941-sample-proxy,CID3941,532,1135,5,0.4405286343612335,0,0.0,18,1.5859030837004406,0,0.0,390,34.36123348017621,False,False,False,True,False,False,False,False,False,CID3941,ER+,pre-treatment primary tumor (study-level methods),baseline primary tumor,sample_proxy_unresolved,unresolved,not_assessed,0.242520829188284,singlet,CID3941-sample-proxy,True,,0.193676602350541,True,True,Epithelial
CID3941_CTCGGAGAGTTCGCAT,CID3941-sample-proxy,CID3941,1511,6428,20,0.3111387678904792,0,0.0,113,1.7579340385812072,1,0.015556938394523958,2755,42.8593652769135,False,False,False,True,False,False,True,False,False,CID3941,ER+,pre-treatment primary tumor (study-level methods),baseline primary tumor,sample_proxy_unresolved,unresolved,not_assessed,0.343620117518897,singlet,CID3941-sample-proxy,True,,0.0807610307089832,True,True,Epithelial
CID3941_CTGCGGAAGGGAGTAA,CID3941-sample-proxy,CID3941,576,1647,34,2.0643594414086217,0,0.0,9,0.546448087431694,0,0.0,629,38.1906496660595,False,False,False,True,False,False,False,False,False,CID3941,ER+,pre-treatment primary tumor (study-level methods),baseline primary tumor,sample_proxy_unresolved,unresolved,not_assessed,0.222723598381348,singlet,CID3941-sample-proxy,True,,0.151479072416481,True,True,Epithelial
CID3941_CTGTGCTTCACTCTTA,CID3941-sample-proxy,CID3941,2369,11839,1145,9.671424951431709,0,0.0,117,0.9882591435087422,0,0.0,4052,34.22586367091815,False,False,False,True,False,False,False,False,True,CID3941,ER+,pre-treatment primary tumor (study-level methods),baseline primary tumor,sample_proxy_unresolved,unresolved,not_assessed,0.438879893581901,singlet,CID3941-sample-proxy,True,,0.973638365687911,False,False,Epithelial
CID3941_CTTAGGATCAGCACAT,CID3941-sample-proxy,CID3941,1437,5669,575,10.142882342564826,0,0.0,103,1.816898923972482,0,0.0,2166,38.20779678955724,False,False,True,False,False,False,False,False,False,CID3941,ER+,pre-treatment primary tumor (study-level methods),baseline primary tumor,sample_proxy_unresolved,unresolved,not_assessed,,not_called_core_qc_fail,CID3941-sample-proxy,False,fails_mt,0.993876391884717,False,False,Epithelial
CID3941_CTTCTCTTCTGGAGCC,CID3941-sample-proxy,CID3941,935,3159,14,0.4431782209559987,0,0.0,41,1.2978790756568535,0,0.0,1395,44.15954415954416,False,False,False,True,False,False,False,False,False,CID3941,ER+,pre-treatment primary tumor (study-level methods),baseline primary tumor,sample_proxy_unresolved,unresolved,not_assessed,0.268751255961608,singlet,CID3941-sample-proxy,True,,0.142721358235104,True,True,Epithelial
CID3941_CTTTGCGTCACCAGGC,CID3941-sample-proxy,CID3941,3210,19392,3138,16.181930693069308,0,0.0,134,0.691006600660066,2,0.010313531353135313,6605,34.06043729372937,False,False,True,False,False,False,True,False,True,CID3941,ER+,pre-treatment primary tumor (study-level methods),baseline primary tumor,sample_proxy_unresolved,unresolved,not_assessed,,not_called_core_qc_fail,CID3941-sample-proxy,False,fails_mt,0.999999995149508,False,False,Epithelial
CID3941_CTTTGCGTCCACGTGG,CID3941-sample-proxy,CID3941,1668,8277,20,0.24163344206838225,0,0.0,161,1.9451492086504774,0,0.0,3831,46.284885828198625,False,False,False,True,False,False,False,False,True,CID3941,ER+,pre-treatment primary tumor (study-level methods),baseline primary tumor,sample_proxy_unresolved,unresolved,not_assessed,0.340629777847932,singlet,CID3941-sample-proxy,True,,0.0672517827004971,True,True,Epithelial
CID3941_GAACCTAGTTATCGGT,CID3941-sample-proxy,CID3941,867,2205,0,0.0,0,0.0,20,0.9070294784580499,0,0.0,806,36.55328798185941,False,False,False,True,False,False,False,False,False,CID3941,ER+,pre-treatment primary tumor (study-level methods),baseline primary tumor,sample_proxy_unresolved,unresolved,not_assessed,0.281892218754634,singlet,CID3941-sample-proxy,True,,0.172362649161245,True,True,Epithelial
CID3941_GACAGAGAGCGATCCC,CID3941-sample-proxy,CID3941,815,2436,8,0.3284072249589491,0,0.0,53,2.1756978653530377,0,0.0,1062,43.5960591133005,False,False,False,True,False,False,False,False,False,CID3941,ER+,pre-treatment primary tumor (study-level methods),baseline primary tumor,sample_proxy_unresolved,unresolved,not_assessed,0.262560569228685,singlet,CID3941-sample-proxy,True,,0.162750760621527,True,True,Epithelial
CID3941_GACAGAGAGGGATCTG,CID3941-sample-proxy,CID3941,908,2576,22,0.8540372670807453,0,0.0,9,0.34937888198757766,1,0.03881987577639751,1084,42.08074534161491,False,False,False,True,False,False,True,False,False,CID3941,ER+,pre-treatment primary tumor (study-level methods),baseline primary tumor,sample_proxy_unresolved,unresolved,not_assessed,0.229386924299968,singlet,CID3941-sample-proxy,True,,0.133330921963679,True,True,Epithelial
CID3941_GACAGAGTCGTAGGAG,CID3941-sample-proxy,CID3941,4460,28762,3721,12.937208817189347,0,0.0,1142,3.9705166539183643,1,0.003476809679438147,8108,28.1899728808845,False,False,True,False,False,True,True,False,True,CID3941,ER+,pre-treatment primary tumor (study-level methods),baseline primary tumor,sample_proxy_unresolved,unresolved,not_assessed,,not_called_core_qc_fail,CID3941-sample-proxy,False,fails_mt,0.999656843777995,False,False,Epithelial
CID3941_GACCAATAGCTGCAAG,CID3941-sample-proxy,CID3941,3100,17643,2046,11.596667233463696,0,0.0,682,3.865555744487899,0,0.0,4105,23.267018080825256,False,False,True,False,False,True,False,False,True,CID3941,ER+,pre-treatment primary tumor (study-level methods),baseline primary tumor,sample_proxy_unresolved,unresolved,not_assessed,,not_called_core_qc_fail,CID3941-sample-proxy,False,fails_mt,0.998775800921017,False,False,Epithelial
CID3941_GACGCGTTCATTTGGG,CID3941-sample-proxy,CID3941,719,2112,2,0.0946969696969697,0,0.0,31,1.4678030303030303,0,0.0,825,39.0625,False,False,False,True,False,False,False,False,False,CID3941,ER+,pre-treatment primary tumor (study-level methods),baseline primary tumor,sample_proxy_unresolved,unresolved,not_assessed,0.22331226695717,singlet,CID3941-sample-proxy,True,,0.18813543464332,True,True,Epithelial
CID3941_GACGTTATCCATGCTC,CID3941-sample-proxy,CID3941,3195,15905,1247,7.840301791889343,0,0.0,205,1.2889028607356179,0,0.0,5523,34.72492926752594,False,False,False,True,False,False,False,False,True,CID3941,ER+,pre-treatment primary tumor (study-level methods),baseline primary tumor,sample_proxy_unresolved,unresolved,not_assessed,0.456181301085743,singlet,CID3941-sample-proxy,True,,0.401674368941934,True,True,Epithelial
CID3941_GACTACATCGTTGACA,CID3941-sample-proxy,CID3941,609,1652,36,2.1791767554479415,0,0.0,32,1.937046004842615,0,0.0,714,43.22033898305085,False,False,False,True,False,False,False,False,False,CID3941,ER+,pre-treatment primary tumor (study-level methods),baseline primary tumor,sample_proxy_unresolved,unresolved,not_assessed,0.202986898647961,singlet,CID3941-sample-proxy,True,,0.148962814985952,True,True,Epithelial
CID3941_GACTGCGGTAACGTTC,CID3941-sample-proxy,CID3941,3674,19977,1338,6.697702357711369,0,0.0,80,0.40046052960905043,3,0.01501726986033939,7207,36.07648796115533,False,False,False,True,False,False,True,False,True,CID3941,ER+,pre-treatment primary tumor (study-level methods),baseline primary tumor,sample_proxy_unresolved,unresolved,not_assessed,0.345037191782123,singlet,CID3941-sample-proxy,True,,0.0577054098262933,True,True,Epithelial
CID3941_GAGTCCGGTGAAAGAG,CID3941-sample-proxy,CID3941,601,1552,28,1.804123711340206,0,0.0,1,0.06443298969072164,0,0.0,695,44.78092783505155,False,False,False,True,False,False,False,False,False,CID3941,ER+,pre-treatment primary tumor (study-level methods),baseline primary tumor,sample_proxy_unresolved,unresolved,not_assessed,0.122063945528441,singlet,CID3941-sample-proxy,True,,0.149777791651424,True,True,Epithelial
CID3941_GATCAGTTCAGTTGAC,CID3941-sample-proxy,CID3941,2509,12789,1490,11.650637266400814,0,0.0,100,0.7819219641879741,1,0.00781921964187974,5045,39.44796309328329,False,False,True,False,False,False,True,False,True,CID3941,ER+,pre-treatment primary tumor (study-level methods),baseline primary tumor,sample_proxy_unresolved,unresolved,not_assessed,,not_called_core_qc_fail,CID3941-sample-proxy,False,fails_mt,0.999403719944804,False,False,Epithelial
CID3941_GATCGCGTCTTACCGC,CID3941-sample-proxy,CID3941,639,1718,35,2.037252619324796,0,0.0,19,1.1059371362048895,0,0.0,698,40.62863795110594,False,False,False,True,False,False,False,False,False,CID3941,ER+,pre-treatment primary tumor (study-level methods),baseline primary tumor,sample_proxy_unresolved,unresolved,not_assessed,0.265336460802182,singlet,CID3941-sample-proxy,True,,0.145894950059005,True,True,Epithelial
CID3941_GATCGTACAGCGTAAG,CID3941-sample-proxy,CID3941,3542,19446,1795,9.230690116219273,0,0.0,703,3.615139360279749,0,0.0,5553,28.55600123418698,False,False,False,True,False,True,False,False,True,CID3941,ER+,pre-treatment primary tumor (study-level methods),baseline primary tumor,sample_proxy_unresolved,unresolved,not_assessed,0.441152687240404,singlet,CID3941-sample-proxy,True,,0.787478107217929,False,False,Epithelial
CID3941_GCAATCATCTGTCCGT,CID3941-sample-proxy,CID3941,646,1615,16,0.9907120743034057,0,0.0,48,2.9721362229102164,0,0.0,603,37.3374613003096,False,False,False,True,False,False,False,False,False,CID3941,ER+,pre-treatment primary tumor (study-level methods),baseline primary tumor,sample_proxy_unresolved,unresolved,not_assessed,0.249763947739544,singlet,CID3941-sample-proxy,True,,0.15865634371759,True,True,Epithelial
CID3941_GCACTCTAGAGTCTGG,CID3941-sample-proxy,CID3941,882,3648,11,0.3015350877192982,0,0.0,17,0.46600877192982454,0,0.0,1853,50.79495614035088,False,False,False,True,False,False,False,False,False,CID3941,ER+,pre-treatment primary tumor (study-level methods),baseline primary tumor,sample_proxy_unresolved,unresolved,not_assessed,0.216646478326257,singlet,CID3941-sample-proxy,True,,0.1551696630535,True,True,Epithelial
CID3941_GCAGCCAAGATATGCA,CID3941-sample-proxy,CID3941,638,1605,18,1.1214953271028036,0,0.0,21,1.3084112149532712,1,0.06230529595015576,690,42.99065420560748,False,False,False,True,False,False,True,False,False,CID3941,ER+,pre-treatment primary tumor (study-level methods),baseline primary tumor,sample_proxy_unresolved,unresolved,not_assessed,0.28384572868745,singlet,CID3941-sample-proxy,True,,0.156104674988505,True,True,Epithelial
CID3941_GCAGCCATCAGGCGAA,CID3941-sample-proxy,CID3941,1427,5072,35,0.6900630914826498,0,0.0,68,1.3406940063091484,0,0.0,1848,36.435331230283914,False,False,False,True,False,False,False,False,False,CID3941,ER+,pre-treatment primary tumor (study-level methods),baseline primary tumor,sample_proxy_unresolved,unresolved,not_assessed,0.3526198137125,singlet,CID3941-sample-proxy,True,,0.0821218513953532,True,True,Epithelial
CID3941_GCATACATCTGAGGGA,CID3941-sample-proxy,CID3941,2248,8896,1663,18.693794964028775,0,0.0,559,6.283723021582734,0,0.0,784,8.81294964028777,False,False,True,False,False,True,False,False,True,CID3941,ER+,pre-treatment primary tumor (study-level methods),baseline primary tumor,sample_proxy_unresolved,unresolved,not_assessed,,not_called_core_qc_fail,CID3941-sample-proxy,False,fails_mt,0.999999999999456,False,False,Epithelial
CID3941_GCATGATGTCCAACTA,CID3941-sample-proxy,CID3941,885,2322,21,0.9043927648578811,0,0.0,19,0.818260120585702,0,0.0,903,38.88888888888889,False,False,False,True,False,False,False,False,False,CID3941,ER+,pre-treatment primary tumor (study-level methods),baseline primary tumor,sample_proxy_unresolved,unresolved,not_assessed,0.26804496978922,singlet,CID3941-sample-proxy,True,,0.134649746362394,True,True,Epithelial
CID3941_GCATGCGCACAAGCCC,CID3941-sample-proxy,CID3941,2125,9387,1823,19.420475125173112,0,0.0,430,4.5808032385213595,1,0.010653030787258976,1673,17.822520507084267,False,False,True,False,False,True,True,False,True,CID3941,ER+,pre-treatment primary tumor (study-level methods),baseline primary tumor,sample_proxy_unresolved,unresolved,not_assessed,,not_called_core_qc_fail,CID3941-sample-proxy,False,fails_mt,0.999999999999964,False,False,Epithelial
CID3941_GCATGTATCAGCGATT,CID3941-sample-proxy,CID3941,1761,7620,3,0.03937007874015748,0,0.0,64,0.8398950131233596,0,0.0,3157,41.43044619422572,False,False,False,True,False,False,False,False,True,CID3941,ER+,pre-treatment primary tumor (study-level methods),baseline primary tumor,sample_proxy_unresolved,unresolved,not_assessed,0.317741952740273,singlet,CID3941-sample-proxy,True,,0.0626112954806967,True,True,Epithelial
CID3941_GCGACCAAGGGATACC,CID3941-sample-proxy,CID3941,1153,5964,139,2.33065057008719,0,0.0,12,0.2012072434607646,1,0.01676727028839705,3245,54.409792085848416,False,False,False,True,False,False,True,True,False,CID3941,ER+,pre-treatment primary tumor (study-level methods),baseline primary tumor,sample_proxy_unresolved,unresolved,not_assessed,0.250206816902579,singlet,CID3941-sample-proxy,True,,0.101634151975626,True,True,Epithelial
CID3941_GCGCAGTGTAGGGACT,CID3941-sample-proxy,CID3941,600,1741,49,2.8144744399770247,0,0.0,2,0.11487650775416428,0,0.0,817,46.927053417576104,False,False,False,True,False,False,False,False,False,CID3941,ER+,pre-treatment primary tumor (study-level methods),baseline primary tumor,sample_proxy_unresolved,unresolved,not_assessed,0.12063712897353,singlet,CID3941-sample-proxy,True,,0.158349608344259,True,True,Epithelial
CID3941_GCGCAGTGTGACGGTA,CID3941-sample-proxy,CID3941,642,1604,5,0.3117206982543641,0,0.0,10,0.6234413965087282,0,0.0,676,42.14463840399002,False,False,False,True,False,False,False,False,False,CID3941,ER+,pre-treatment primary tumor (study-level methods),baseline primary tumor,sample_proxy_unresolved,unresolved,not_assessed,0.14242273590257,singlet,CID3941-sample-proxy,True,,0.186375179942772,True,True,Epithelial
CID3941_GCGCCAAAGTACGTAA,CID3941-sample-proxy,CID3941,1071,3568,15,0.4204035874439462,0,0.0,97,2.7186098654708517,0,0.0,1387,38.87331838565022,False,False,False,True,False,False,False,False,False,CID3941,ER+,pre-treatment primary tumor (study-level methods),baseline primary tumor,sample_proxy_unresolved,unresolved,not_assessed,0.364686597918262,singlet,CID3941-sample-proxy,True,,0.126825999868694,True,True,Epithelial
CID3941_GCGCCAATCGGTCCGA,CID3941-sample-proxy,CID3941,590,1720,221,12.848837209302324,0,0.0,43,2.5,0,0.0,550,31.976744186046513,False,False,True,False,False,False,False,False,False,CID3941,ER+,pre-treatment primary tumor (study-level methods),baseline primary tumor,sample_proxy_unresolved,unresolved,not_assessed,,not_called_core_qc_fail,CID3941-sample-proxy,False,fails_mt,0.999976676572396,False,False,Epithelial
CID3941_GCTCCTAAGTTGCAGG,CID3941-sample-proxy,CID3941,2074,9035,1353,14.975096845600444,0,0.0,162,1.7930271167681238,0,0.0,1877,20.774764803541782,False,False,True,False,False,False,False,False,True,CID3941,ER+,pre-treatment primary tumor (study-level methods),baseline primary tumor,sample_proxy_unresolved,unresolved,not_assessed,,not_called_core_qc_fail,CID3941-sample-proxy,False,fails_mt,0.999999899946832,False,False,Epithelial
CID3941_GCTGCAGGTGACCAAG,CID3941-sample-proxy,CID3941,1793,7846,812,10.349222533775173,0,0.0,114,1.4529696660718838,0,0.0,2927,37.30563344379302,False,False,True,False,False,False,False,False,True,CID3941,ER+,pre-treatment primary tumor (study-level methods),baseline primary tumor,sample_proxy_unresolved,unresolved,not_assessed,,not_called_core_qc_fail,CID3941-sample-proxy,False,fails_mt,0.994977318639975,False,False,Epithelial
CID3941_GCTGGGTCAGCCACCA,CID3941-sample-proxy,CID3941,857,3030,28,0.9240924092409241,0,0.0,43,1.419141914191419,0,0.0,1236,40.79207920792079,False,False,False,True,False,False,False,False,False,CID3941,ER+,pre-treatment primary tumor (study-level methods),baseline primary tumor,sample_proxy_unresolved,unresolved,not_assessed,0.329910687862079,singlet,CID3941-sample-proxy,True,,0.137261766412757,True,True,Epithelial
CID3941_GGAACTTTCGTTTGCC,CID3941-sample-proxy,CID3941,813,3191,4,0.12535255405828893,0,0.0,8,0.25070510811657787,0,0.0,1612,50.51707928549044,False,False,False,True,False,False,False,False,False,CID3941,ER+,pre-treatment primary tumor (study-level methods),baseline primary tumor,sample_proxy_unresolved,unresolved,not_assessed,0.128769950196359,singlet,CID3941-sample-proxy,True,,0.173115259201034,True,True,Epithelial
CID3941_GGAATAAGTTTGTTTC,CID3941-sample-proxy,CID3941,803,2520,22,0.873015873015873,0,0.0,49,1.9444444444444444,0,0.0,1068,42.38095238095238,False,False,False,True,False,False,False,False,False,CID3941,ER+,pre-treatment primary tumor (study-level methods),baseline primary tumor,sample_proxy_unresolved,unresolved,not_assessed,0.242682466806629,singlet,CID3941-sample-proxy,True,,0.144578511716245,True,True,Epithelial
CID3941_GGACAGAGTTTGTGTG,CID3941-sample-proxy,CID3941,948,2608,8,0.3067484662576687,0,0.0,43,1.6487730061349692,0,0.0,921,35.31441717791411,False,False,False,True,False,False,False,False,False,CID3941,ER+,pre-treatment primary tumor (study-level methods),baseline primary tumor,sample_proxy_unresolved,unresolved,not_assessed,0.269551623455715,singlet,CID3941-sample-proxy,True,,0.146356397374481,True,True,Epithelial
CID3941_GGACATTTCTGTGCAA,CID3941-sample-proxy,CID3941,928,4473,140,3.1298904538341157,0,0.0,0,0.0,0,0.0,2380,53.20813771517997,False,False,False,True,False,False,False,True,False,CID3941,ER+,pre-treatment primary tumor (study-level methods),baseline primary tumor,sample_proxy_unresolved,unresolved,not_assessed,0.191117948084783,singlet,CID3941-sample-proxy,True,,0.138224100718752,True,True,Epithelial
CID3941_GGAGCAAAGGCCCTCA,CID3941-sample-proxy,CID3941,1330,5160,17,0.32945736434108525,0,0.0,57,1.1046511627906976,0,0.0,2413,46.76356589147287,False,False,False,True,False,False,False,False,False,CID3941,ER+,pre-treatment primary tumor (study-level methods),baseline primary tumor,sample_proxy_unresolved,unresolved,not_assessed,0.254283320970643,singlet,CID3941-sample-proxy,True,,0.0993600087104408,True,True,Epithelial
CID3941_GGAGCAAGTCGCGTGT,CID3941-sample-proxy,CID3941,1696,6827,35,0.5126702797714955,0,0.0,66,0.9667496704262488,0,0.0,2794,40.925736048044534,False,False,False,True,False,False,False,False,False,CID3941,ER+,pre-treatment primary tumor (study-level methods),baseline primary tumor,sample_proxy_unresolved,unresolved,not_assessed,0.408662258204088,singlet,CID3941-sample-proxy,True,,0.0608675854727656,True,True,Epithelial
CID3941_GGATGTTCATCGACGC,CID3941-sample-proxy,CID3941,656,2189,17,0.7766103243490179,0,0.0,0,0.0,0,0.0,1094,49.97715851987209,False,False,False,True,False,False,False,False,False,CID3941,ER+,pre-treatment primary tumor (study-level methods),baseline primary tumor,sample_proxy_unresolved,unresolved,not_assessed,0.144947969984886,singlet,CID3941-sample-proxy,True,,0.164261512525109,True,True,Epithelial
CID3941_GGCAATTTCTTAGCCC,CID3941-sample-proxy,CID3941,679,2165,1,0.046189376443418015,0,0.0,7,0.3233256351039261,0,0.0,995,45.95842956120092,False,False,False,True,False,False,False,False,False,CID3941,ER+,pre-treatment primary tumor (study-level methods),baseline primary tumor,sample_proxy_unresolved,unresolved,not_assessed,0.245564374018033,singlet,CID3941-sample-proxy,True,,0.196879001701937,True,True,Epithelial
CID3941_GGCCGATCACGGACAA,CID3941-sample-proxy,CID3941,2436,13039,2169,16.634711250862797,0,0.0,192,1.4725055602423498,1,0.007669299792928905,4779,36.65158371040724,False,False,True,False,False,False,True,False,True,CID3941,ER+,pre-treatment primary tumor (study-level methods),baseline primary tumor,sample_proxy_unresolved,unresolved,not_assessed,,not_called_core_qc_fail,CID3941-sample-proxy,False,fails_mt,0.999999999294281,False,False,Epithelial
CID3941_GGGAATGTCCCATTTA,CID3941-sample-proxy,CID3941,1651,8548,1006,11.76883481516144,0,0.0,94,1.0996724379971923,1,0.01169864295741694,3558,41.62377164248947,False,False,True,False,False,False,True,False,True,CID3941,ER+,pre-treatment primary tumor (study-level methods),baseline primary tumor,sample_proxy_unresolved,unresolved,not_assessed,,not_called_core_qc_fail,CID3941-sample-proxy,False,fails_mt,0.999728960647101,False,False,Epithelial
CID3941_GGGTCTGCACCACCAG,CID3941-sample-proxy,CID3941,578,1643,31,1.8867924528301887,0,0.0,6,0.36518563603164944,0,0.0,717,43.63968350578211,False,False,False,True,False,False,False,False,False,CID3941,ER+,pre-treatment primary tumor (study-level methods),baseline primary tumor,sample_proxy_unresolved,unresolved,not_assessed,0.262581232678177,singlet,CID3941-sample-proxy,True,,0.151487042895722,True,True,Epithelial
CID3941_GGTGCGTAGATATACG,CID3941-sample-proxy,CID3941,727,1685,165,9.792284866468842,0,0.0,35,2.0771513353115725,0,0.0,414,24.56973293768546,False,False,True,False,False,False,False,False,False,CID3941,ER+,pre-treatment primary tumor (study-level methods),baseline primary tumor,sample_proxy_unresolved,unresolved,not_assessed,,not_called_core_qc_fail,CID3941-sample-proxy,False,fails_mt,0.990583322112764,False,False,Epithelial
CID3941_GTAACGTGTCGGCTCA,CID3941-sample-proxy,CID3941,2488,13373,61,0.456142974650415,0,0.0,190,1.4207731997308009,0,0.0,5539,41.41927764899424,False,False,False,True,False,False,False,False,True,CID3941,ER+,pre-treatment primary tumor (study-level methods),baseline primary tumor,sample_proxy_unresolved,unresolved,not_assessed,0.367928319897244,singlet,CID3941-sample-proxy,True,,0.0176728801481145,True,True,Epithelial
CID3941_GTAACGTTCTGACCTC,CID3941-sample-proxy,CID3941,769,3158,5,0.15832805573147563,0,0.0,14,0.44331855604813175,0,0.0,1646,52.12159594680177,False,False,False,True,False,False,False,True,False,CID3941,ER+,pre-treatment primary tumor (study-level methods),baseline primary tumor,sample_proxy_unresolved,unresolved,not_assessed,0.164984822649007,singlet,CID3941-sample-proxy,True,,0.177462982004904,True,True,Epithelial
CID3941_GTACTTTTCGTTGACA,CID3941-sample-proxy,CID3941,974,2952,2,0.06775067750677506,0,0.0,34,1.151761517615176,0,0.0,1222,41.39566395663957,False,False,False,True,False,False,False,False,False,CID3941,ER+,pre-treatment primary tumor (study-level methods),baseline primary tumor,sample_proxy_unresolved,unresolved,not_assessed,0.278046927813685,singlet,CID3941-sample-proxy,True,,0.153561853368193,True,True,Epithelial
CID3941_GTAGGCCAGAGAACAG,CID3941-sample-proxy,CID3941,582,970,84,8.65979381443299,0,0.0,0,0.0,1,0.10309278350515465,170,17.525773195876287,False,False,False,True,False,False,True,False,False,CID3941,ER+,pre-treatment primary tumor (study-level methods),baseline primary tumor,sample_proxy_unresolved,unresolved,not_assessed,0.323629438802695,singlet,CID3941-sample-proxy,True,,0.949583148113985,False,False,Epithelial
CID3941_GTCACAAGTTACGCGC,CID3941-sample-proxy,CID3941,1453,6681,21,0.3143242029636282,0,0.0,97,1.4518784613081874,0,0.0,3063,45.84643017512349,False,False,False,True,False,False,False,False,False,CID3941,ER+,pre-treatment primary tumor (study-level methods),baseline primary tumor,sample_proxy_unresolved,unresolved,not_assessed,0.367913134031059,singlet,CID3941-sample-proxy,True,,0.0865608638648118,True,True,Epithelial
CID3941_GTCATTTAGAACTCGG,CID3941-sample-proxy,CID3941,2522,13058,2255,17.269107060805634,0,0.0,250,1.91453515086537,0,0.0,3451,26.428243222545568,False,False,True,False,False,False,False,False,True,CID3941,ER+,pre-treatment primary tumor (study-level methods),baseline primary tumor,sample_proxy_unresolved,unresolved,not_assessed,,not_called_core_qc_fail,CID3941-sample-proxy,False,fails_mt,0.999999999911542,False,False,Epithelial
CID3941_GTCTCGTTCGGAATCT,CID3941-sample-proxy,CID3941,954,4702,14,0.2977456401531263,0,0.0,15,0.31901318587834965,0,0.0,2601,55.316886431305825,False,False,False,True,False,False,False,True,False,CID3941,ER+,pre-treatment primary tumor (study-level methods),baseline primary tumor,sample_proxy_unresolved,unresolved,not_assessed,0.151999829097012,singlet,CID3941-sample-proxy,True,,0.145948374600743,True,True,Epithelial
CID3941_GTTACAGTCACCCGAG,CID3941-sample-proxy,CID3941,3376,20724,2489,12.010229685388921,0,0.0,368,1.7757189731712024,0,0.0,7364,35.53368075661069,False,False,True,False,False,False,False,False,True,CID3941,ER+,pre-treatment primary tumor (study-level methods),baseline primary tumor,sample_proxy_unresolved,unresolved,not_assessed,,not_called_core_qc_fail,CID3941-sample-proxy,False,fails_mt,0.999336604224789,False,False,Epithelial
CID3941_GTTTCTATCTAAGCCA,CID3941-sample-proxy,CID3941,3790,20994,2057,9.798037534533677,0,0.0,119,0.5668286177002952,2,0.00952653138992093,7432,35.40059064494617,False,False,True,False,False,False,True,False,True,CID3941,ER+,pre-treatment primary tumor (study-level methods),baseline primary tumor,sample_proxy_unresolved,unresolved,not_assessed,,not_called_core_qc_fail,CID3941-sample-proxy,False,fails_mt,0.875644400319048,False,False,Epithelial
CID3941_TAAACCGTCATATCGG,CID3941-sample-proxy,CID3941,1038,6457,109,1.68809044447886,0,0.0,8,0.12389654638376955,0,0.0,3720,57.61189406845284,False,False,False,True,False,False,False,True,False,CID3941,ER+,pre-treatment primary tumor (study-level methods),baseline primary tumor,sample_proxy_unresolved,unresolved,not_assessed,0.190188126839736,singlet,CID3941-sample-proxy,True,,0.109296844812734,True,True,Epithelial
CID3941_TAAGAGACAGCTGCAC,CID3941-sample-proxy,CID3941,765,3452,8,0.2317497103128621,0,0.0,5,0.14484356894553882,0,0.0,1828,52.954808806489,False,False,False,True,False,False,False,True,False,CID3941,ER+,pre-treatment primary tumor (study-level methods),baseline primary tumor,sample_proxy_unresolved,unresolved,not_assessed,0.230769812314508,singlet,CID3941-sample-proxy,True,,0.174110643689923,True,True,Epithelial
CID3941_TACACGAGTAGGAGTC,CID3941-sample-proxy,CID3941,769,2341,7,0.299017513882956,0,0.0,51,2.1785561725758225,0,0.0,1056,45.10892780862879,False,False,False,True,False,False,False,False,False,CID3941,ER+,pre-treatment primary tumor (study-level methods),baseline primary tumor,sample_proxy_unresolved,unresolved,not_assessed,0.165816526489468,singlet,CID3941-sample-proxy,True,,0.170200322573481,True,True,Epithelial
CID3941_TACCTTATCGGATGGA,CID3941-sample-proxy,CID3941,1083,3770,18,0.47745358090185674,0,0.0,56,1.4854111405835544,0,0.0,1547,41.03448275862069,False,False,False,True,False,False,False,False,False,CID3941,ER+,pre-treatment primary tumor (study-level methods),baseline primary tumor,sample_proxy_unresolved,unresolved,not_assessed,0.319958799136731,singlet,CID3941-sample-proxy,True,,0.123608637472553,True,True,Epithelial
CID3941_TACGGGCAGTTAACGA,CID3941-sample-proxy,CID3941,708,1910,2,0.10471204188481677,1,0.052356020942408384,49,2.5654450261780104,0,0.0,746,39.05759162303665,False,False,False,True,True,False,False,False,False,CID3941,ER+,pre-treatment primary tumor (study-level methods),baseline primary tumor,sample_proxy_unresolved,unresolved,not_assessed,0.187960944123288,singlet,CID3941-sample-proxy,True,,0.189096453459356,True,True,Epithelial
CID3941_TACTCATGTGACTACT,CID3941-sample-proxy,CID3941,3556,20189,2210,10.946555054732775,0,0.0,231,1.1441874287978602,0,0.0,7118,35.25682302243796,False,False,True,False,False,False,False,False,True,CID3941,ER+,pre-treatment primary tumor (study-level methods),baseline primary tumor,sample_proxy_unresolved,unresolved,not_assessed,,not_called_core_qc_fail,CID3941-sample-proxy,False,fails_mt,0.990704373313462,False,False,Epithelial
CID3941_TACTCATTCCAAACAC,CID3941-sample-proxy,CID3941,783,1845,7,0.3794037940379404,0,0.0,45,2.4390243902439024,0,0.0,679,36.80216802168022,False,False,False,True,False,False,False,False,False,CID3941,ER+,pre-treatment primary tumor (study-level methods),baseline primary tumor,sample_proxy_unresolved,unresolved,not_assessed,0.243965508321871,singlet,CID3941-sample-proxy,True,,0.164608039134,True,True,Epithelial
CID3941_TAGACCAGTAAGGGCT,CID3941-sample-proxy,CID3941,2429,14322,1560,10.892333472978635,0,0.0,38,0.2653260717776847,0,0.0,5109,35.67239212400503,False,False,True,False,False,False,False,False,True,CID3941,ER+,pre-treatment primary tumor (study-level methods),baseline primary tumor,sample_proxy_unresolved,unresolved,not_assessed,,not_called_core_qc_fail,CID3941-sample-proxy,False,fails_mt,0.997222907495654,False,False,Epithelial
CID3941_TAGAGCTTCCGCATAA,CID3941-sample-proxy,CID3941,1794,7725,887,11.482200647249192,0,0.0,242,3.132686084142395,1,0.012944983818770225,2409,31.184466019417478,False,False,True,False,False,False,True,False,True,CID3941,ER+,pre-treatment primary tumor (study-level methods),baseline primary tumor,sample_proxy_unresolved,unresolved,not_assessed,,not_called_core_qc_fail,CID3941-sample-proxy,False,fails_mt,0.999468881980051,False,False,Epithelial
CID3941_TAGTGGTCACCGATAT,CID3941-sample-proxy,CID3941,618,1495,11,0.7357859531772575,0,0.0,6,0.4013377926421404,0,0.0,646,43.21070234113712,False,False,False,True,False,False,False,False,False,CID3941,ER+,pre-treatment primary tumor (study-level methods),baseline primary tumor,sample_proxy_unresolved,unresolved,not_assessed,0.203318220442267,singlet,CID3941-sample-proxy,True,,0.170118040293223,True,True,Epithelial
CID3941_TAGTGGTGTGGCAAAC,CID3941-sample-proxy,CID3941,653,2199,10,0.45475216007276037,0,0.0,17,0.7730786721236926,0,0.0,1075,48.885857207821736,False,False,False,True,False,False,False,False,False,CID3941,ER+,pre-treatment primary tumor (study-level methods),baseline primary tumor,sample_proxy_unresolved,unresolved,not_assessed,0.140564617052628,singlet,CID3941-sample-proxy,True,,0.17776222626303,True,True,Epithelial
CID3941_TAGTGGTTCGTGGGAA,CID3941-sample-proxy,CID3941,695,3480,6,0.1724137931034483,0,0.0,8,0.22988505747126436,0,0.0,2037,58.53448275862069,False,False,False,True,False,False,False,True,False,CID3941,ER+,pre-treatment primary tumor (study-level methods),baseline primary tumor,sample_proxy_unresolved,unresolved,not_assessed,0.161124711440036,singlet,CID3941-sample-proxy,True,,0.186942802181052,True,True,Epithelial
CID3941_TAGTTGGAGTTGAGAT,CID3941-sample-proxy,CID3941,987,2942,9,0.30591434398368456,0,0.0,12,0.4078857919782461,1,0.03399048266485384,1205,40.95853161114888,False,False,False,True,False,False,True,False,False,CID3941,ER+,pre-treatment primary tumor (study-level methods),baseline primary tumor,sample_proxy_unresolved,unresolved,not_assessed,0.247534094992011,singlet,CID3941-sample-proxy,True,,0.141370372360577,True,True,Epithelial
CID3941_TCAATCTGTGCAACTT,CID3941-sample-proxy,CID3941,2122,7776,70,0.9002057613168725,0,0.0,131,1.684670781893004,0,0.0,2728,35.08230452674897,False,False,False,True,False,False,False,False,True,CID3941,ER+,pre-treatment primary tumor (study-level methods),baseline primary tumor,sample_proxy_unresolved,unresolved,not_assessed,0.461888111144941,singlet,CID3941-sample-proxy,True,,0.0310173023759404,True,True,Epithelial
CID3941_TCAATCTTCCGTAGGC,CID3941-sample-proxy,CID3941,2039,10571,1755,16.602024406394854,0,0.0,489,4.625863210670703,0,0.0,2474,23.403651499385113,False,False,True,False,False,True,False,False,True,CID3941,ER+,pre-treatment primary tumor (study-level methods),baseline primary tumor,sample_proxy_unresolved,unresolved,not_assessed,,not_called_core_qc_fail,CID3941-sample-proxy,False,fails_mt,0.999999999293519,False,False,Epithelial
CID3941_TCACAAGCAAAGTCAA,CID3941-sample-proxy,CID3941,584,1712,2,0.11682242990654204,0,0.0,15,0.8761682242990654,0,0.0,839,49.007009345794394,False,False,False,True,False,False,False,False,False,CID3941,ER+,pre-treatment primary tumor (study-level methods),baseline primary tumor,sample_proxy_unresolved,unresolved,not_assessed,0.12167184563709,singlet,CID3941-sample-proxy,True,,0.205824515357725,True,True,Epithelial
CID3941_TCAGATGTCGCATGGC,CID3941-sample-proxy,CID3941,888,2719,8,0.2942258183155572,0,0.0,38,1.3975726369988968,0,0.0,1192,43.83964692901802,False,False,False,True,False,False,False,False,False,CID3941,ER+,pre-treatment primary tumor (study-level methods),baseline primary tumor,sample_proxy_unresolved,unresolved,not_assessed,0.265546154724738,singlet,CID3941-sample-proxy,True,,0.154702930124067,True,True,Epithelial
CID3941_TCAGCAAAGTCACGCC,CID3941-sample-proxy,CID3941,974,3190,23,0.7210031347962382,0,0.0,2,0.06269592476489029,0,0.0,1457,45.673981191222566,False,False,False,True,False,False,False,False,False,CID3941,ER+,pre-treatment primary tumor (study-level methods),baseline primary tumor,sample_proxy_unresolved,unresolved,not_assessed,0.206656567875469,singlet,CID3941-sample-proxy,True,,0.129326517717789,True,True,Epithelial
CID3941_TCAGCTCAGCGTGTCC,CID3941-sample-proxy,CID3941,3323,16057,1034,6.439559070810239,0,0.0,527,3.28205766955222,0,0.0,3607,22.463722986859313,False,False,False,True,False,False,False,False,True,CID3941,ER+,pre-treatment primary tumor (study-level methods),baseline primary tumor,sample_proxy_unresolved,unresolved,not_assessed,0.478554848372822,singlet,CID3941-sample-proxy,True,,0.0784985101869985,True,True,Epithelial
CID3941_TCAGCTCTCAAGCCTA,CID3941-sample-proxy,CID3941,537,1586,3,0.18915510718789408,0,0.0,15,0.9457755359394703,0,0.0,768,48.423707440100884,False,False,False,True,False,False,False,False,False,CID3941,ER+,pre-treatment primary tumor (study-level methods),baseline primary tumor,sample_proxy_unresolved,unresolved,not_assessed,0.240093453610903,singlet,CID3941-sample-proxy,True,,0.207629067316973,True,True,Epithelial
CID3941_TCAGCTCTCGTTACAG,CID3941-sample-proxy,CID3941,3416,16131,1943,12.045130494079723,0,0.0,396,2.454900502138739,0,0.0,4771,29.576591655817992,False,False,True,False,False,False,False,False,True,CID3941,ER+,pre-treatment primary tumor (study-level methods),baseline primary tumor,sample_proxy_unresolved,unresolved,not_assessed,,not_called_core_qc_fail,CID3941-sample-proxy,False,fails_mt,0.999356678891029,False,False,Epithelial
CID3941_TCATTACCACTTAACG,CID3941-sample-proxy,CID3941,616,1358,7,0.5154639175257731,0,0.0,14,1.0309278350515463,0,0.0,519,38.2179675994109,False,False,False,True,False,False,False,False,False,CID3941,ER+,pre-treatment primary tumor (study-level methods),baseline primary tumor,sample_proxy_unresolved,unresolved,not_assessed,0.130160209488335,singlet,CID3941-sample-proxy,True,,0.179552455775934,True,True,Epithelial
CID3941_TCCCGATAGGATGTAT,CID3941-sample-proxy,CID3941,2401,13008,2119,16.289975399754,0,0.0,230,1.7681426814268142,0,0.0,4806,36.94649446494465,False,False,True,False,False,False,False,False,True,CID3941,ER+,pre-treatment primary tumor (study-level methods),baseline primary tumor,sample_proxy_unresolved,unresolved,not_assessed,,not_called_core_qc_fail,CID3941-sample-proxy,False,fails_mt,0.999999997890769,False,False,Epithelial
CID3941_TCGCGTTTCCGAATGT,CID3941-sample-proxy,CID3941,953,2877,22,0.764685436218283,0,0.0,14,0.48661800486618007,0,0.0,1211,42.092457420924575,False,False,False,True,False,False,False,False,False,CID3941,ER+,pre-treatment primary tumor (study-level methods),baseline primary tumor,sample_proxy_unresolved,unresolved,not_assessed,0.274080913283307,singlet,CID3941-sample-proxy,True,,0.130556209853428,True,True,Epithelial
CID3941_TCGGGACCATCTACGA,CID3941-sample-proxy,CID3941,1497,6217,36,0.5790574231944668,0,0.0,54,0.8685861347917002,0,0.0,2832,45.55251729129806,False,False,False,True,False,False,False,False,False,CID3941,ER+,pre-treatment primary tumor (study-level methods),baseline primary tumor,sample_proxy_unresolved,unresolved,not_assessed,0.300666955384705,singlet,CID3941-sample-proxy,True,,0.0772723567398756,True,True,Epithelial
CID3941_TCTGAGATCTGGAGCC,CID3941-sample-proxy,CID3941,2409,16038,3026,18.867689238059608,0,0.0,334,2.0825539344057864,0,0.0,5424,33.81967826412271,False,False,True,False,False,False,False,False,True,CID3941,ER+,pre-treatment primary tumor (study-level methods),baseline primary tumor,sample_proxy_unresolved,unresolved,not_assessed,,not_called_core_qc_fail,CID3941-sample-proxy,False,fails_mt,0.999999999999709,False,False,Epithelial
CID3941_TGACTAGGTTCCCGAG,CID3941-sample-proxy,CID3941,890,2905,18,0.6196213425129088,0,0.0,18,0.6196213425129088,0,0.0,1345,46.29948364888124,False,False,False,True,False,False,False,False,False,CID3941,ER+,pre-treatment primary tumor (study-level methods),baseline primary tumor,sample_proxy_unresolved,unresolved,not_assessed,0.164585434177208,singlet,CID3941-sample-proxy,True,,0.142098994714534,True,True,Epithelial
CID3941_TGAGAGGCAGATGGGT,CID3941-sample-proxy,CID3941,1063,3858,44,1.1404872991187145,0,0.0,85,2.2032141005702437,0,0.0,1769,45.85277345775013,False,False,False,True,False,False,False,False,False,CID3941,ER+,pre-treatment primary tumor (study-level methods),baseline primary tumor,sample_proxy_unresolved,unresolved,not_assessed,0.248823933577753,singlet,CID3941-sample-proxy,True,,0.111386188789684,True,True,Epithelial
CID3941_TGAGAGGCAGGCAGTA,CID3941-sample-proxy,CID3941,2281,10806,479,4.432722561539886,0,0.0,11,0.10179529890801406,0,0.0,4508,41.71756431612067,False,False,False,True,False,False,False,False,True,CID3941,ER+,pre-treatment primary tumor (study-level methods),baseline primary tumor,sample_proxy_unresolved,unresolved,not_assessed,0.340318056509128,singlet,CID3941-sample-proxy,True,,0.0642554057067195,True,True,Epithelial
CID3941_TGAGCATTCGAACTGT,CID3941-sample-proxy,CID3941,1141,3254,8,0.2458512599877074,0,0.0,4,0.1229256299938537,0,0.0,1128,34.66502765826675,False,False,False,True,False,False,False,False,False,CID3941,ER+,pre-treatment primary tumor (study-level methods),baseline primary tumor,sample_proxy_unresolved,unresolved,not_assessed,0.275870314064907,singlet,CID3941-sample-proxy,True,,0.124132154788864,True,True,Epithelial
CID3941_TGCACCTAGGGCATGT,CID3941-sample-proxy,CID3941,836,2243,43,1.9170753455193936,0,0.0,9,0.4012483281319661,0,0.0,958,42.71065537226928,False,False,False,True,False,False,False,False,False,CID3941,ER+,pre-treatment primary tumor (study-level methods),baseline primary tumor,sample_proxy_unresolved,unresolved,not_assessed,0.222707312860035,singlet,CID3941-sample-proxy,True,,0.127855108544474,True,True,Epithelial
CID3941_TGCCAAATCACAGTAC,CID3941-sample-proxy,CID3941,1241,4518,45,0.9960159362549801,0,0.0,12,0.2656042496679947,0,0.0,2018,44.66578131916778,False,False,False,True,False,False,False,False,False,CID3941,ER+,pre-treatment primary tumor (study-level methods),baseline primary tumor,sample_proxy_unresolved,unresolved,not_assessed,0.276474447506096,singlet,CID3941-sample-proxy,True,,0.0956314822907002,True,True,Epithelial
CID3941_TGCCAAATCTATCCTA,CID3941-sample-proxy,CID3941,3048,14584,2292,15.71585298957762,0,0.0,148,1.0148107515085025,1,0.006856829402084477,4545,31.164289632473945,False,False,True,False,False,False,True,False,True,CID3941,ER+,pre-treatment primary tumor (study-level methods),baseline primary tumor,sample_proxy_unresolved,unresolved,not_assessed,,not_called_core_qc_fail,CID3941-sample-proxy,False,fails_mt,0.999999981338558,False,False,Epithelial
CID3941_TGCCCTACACGGCTAC,CID3941-sample-proxy,CID3941,4318,14981,1057,7.0556037647687075,2,0.013350243641946466,36,0.24030438555503636,0,0.0,1137,7.589613510446566,False,False,False,True,True,False,False,False,True,CID3941,ER+,pre-treatment primary tumor (study-level methods),baseline primary tumor,sample_proxy_unresolved,unresolved,not_assessed,0.517088071466979,singlet,CID3941-sample-proxy,True,,0.0252167323265996,True,True,Epithelial
CID3941_TGCCCTACATGTAAGA,CID3941-sample-proxy,CID3941,1444,6310,0,0.0,0,0.0,120,1.9017432646592711,1,0.01584786053882726,3001,47.5594294770206,False,False,False,True,False,False,True,False,False,CID3941,ER+,pre-treatment primary tumor (study-level methods),baseline primary tumor,sample_proxy_unresolved,unresolved,not_assessed,0.187086208779514,singlet,CID3941-sample-proxy,True,,0.0957011782777981,True,True,Epithelial
CID3941_TGCGCAGCACTCTGTC,CID3941-sample-proxy,CID3941,1114,4121,16,0.3882552778451832,0,0.0,18,0.4367871875758311,0,0.0,1865,45.25600582382916,False,False,False,True,False,False,False,False,False,CID3941,ER+,pre-treatment primary tumor (study-level methods),baseline primary tumor,sample_proxy_unresolved,unresolved,not_assessed,0.331892276000133,singlet,CID3941-sample-proxy,True,,0.122676537970883,True,True,Epithelial
CID3941_TGCGTGGAGCAATCTC,CID3941-sample-proxy,CID3941,1021,4670,83,1.7773019271948607,0,0.0,24,0.5139186295503212,0,0.0,2412,51.64882226980728,False,False,False,True,False,False,False,False,False,CID3941,ER+,pre-treatment primary tumor (study-level methods),baseline primary tumor,sample_proxy_unresolved,unresolved,not_assessed,0.213522961587108,singlet,CID3941-sample-proxy,True,,0.110714739239792,True,True,Epithelial
CID3941_TGGCCAGAGTGTGGCA,CID3941-sample-proxy,CID3941,2632,10616,1474,13.884702336096458,0,0.0,266,2.505651846269781,1,0.009419743782969104,2766,26.055011303692538,False,False,True,False,False,False,True,False,True,CID3941,ER+,pre-treatment primary tumor (study-level methods),baseline primary tumor,sample_proxy_unresolved,unresolved,not_assessed,,not_called_core_qc_fail,CID3941-sample-proxy,False,fails_mt,0.999997228858418,False,False,Epithelial
CID3941_TGGCCAGGTTCCCGAG,CID3941-sample-proxy,CID3941,936,3862,6,0.15535991714137753,0,0.0,7,0.18125323666494045,0,0.0,1942,50.284826514759196,False,False,False,True,False,False,False,False,False,CID3941,ER+,pre-treatment primary tumor (study-level methods),baseline primary tumor,sample_proxy_unresolved,unresolved,not_assessed,0.210306567664677,singlet,CID3941-sample-proxy,True,,0.154594312436598,True,True,Epithelial
CID3941_TGGCTGGAGTCTTGCA,CID3941-sample-proxy,CID3941,1534,5400,1048,19.407407407407405,0,0.0,43,0.7962962962962963,0,0.0,1544,28.59259259259259,False,False,True,False,False,False,False,False,False,CID3941,ER+,pre-treatment primary tumor (study-level methods),baseline primary tumor,sample_proxy_unresolved,unresolved,not_assessed,,not_called_core_qc_fail,CID3941-sample-proxy,False,fails_mt,0.999999999999957,False,False,Epithelial
CID3941_TGGTTAGGTACTTAGC,CID3941-sample-proxy,CID3941,871,2950,13,0.4406779661016949,0,0.0,36,1.2203389830508475,0,0.0,1431,48.50847457627119,False,False,False,True,False,False,False,False,False,CID3941,ER+,pre-treatment primary tumor (study-level methods),baseline primary tumor,sample_proxy_unresolved,unresolved,not_assessed,0.233147508487737,singlet,CID3941-sample-proxy,True,,0.150815494149355,True,True,Epithelial
CID3941_TGTCCCACAAGCCGCT,CID3941-sample-proxy,CID3941,3422,10454,800,7.6525731777310115,0,0.0,434,4.1515209489190745,1,0.009565716472163765,866,8.28391046489382,False,False,False,True,False,True,True,False,True,CID3941,ER+,pre-treatment primary tumor (study-level methods),baseline primary tumor,sample_proxy_unresolved,unresolved,not_assessed,0.493724964228136,singlet,CID3941-sample-proxy,True,,0.260745179170266,True,True,Epithelial
CID3941_TGTGTTTTCTCTGAGA,CID3941-sample-proxy,CID3941,3452,18067,2601,14.396413350307192,0,0.0,556,3.0774339956827363,1,0.0055349532296452095,5168,28.604638290806445,False,False,True,False,False,False,True,False,True,CID3941,ER+,pre-treatment primary tumor (study-level methods),baseline primary tumor,sample_proxy_unresolved,unresolved,not_assessed,,not_called_core_qc_fail,CID3941-sample-proxy,False,fails_mt,0.999998583447617,False,False,Epithelial
CID3941_TTAGTTCAGATCCGAG,CID3941-sample-proxy,CID3941,630,1623,4,0.24645717806531117,0,0.0,3,0.18484288354898337,0,0.0,752,46.3339494762785,False,False,False,True,False,False,False,False,False,CID3941,ER+,pre-treatment primary tumor (study-level methods),baseline primary tumor,sample_proxy_unresolved,unresolved,not_assessed,0.103180113899373,singlet,CID3941-sample-proxy,True,,0.191583504046986,True,True,Epithelial
CID3941_TTAGTTCGTCTAGTCA,CID3941-sample-proxy,CID3941,2691,14484,2124,14.664457332228666,0,0.0,161,1.111571389119028,1,0.006904170118751726,4989,34.444904722452364,False,False,True,False,False,False,True,False,True,CID3941,ER+,pre-treatment primary tumor (study-level methods),baseline primary tumor,sample_proxy_unresolved,unresolved,not_assessed,,not_called_core_qc_fail,CID3941-sample-proxy,False,fails_mt,0.99999966795973,False,False,Epithelial
CID3941_TTCCCAGAGCAGCCTC,CID3941-sample-proxy,CID3941,1282,4101,10,0.243842965130456,0,0.0,100,2.43842965130456,0,0.0,1255,30.60229212387223,False,False,False,True,False,False,False,False,False,CID3941,ER+,pre-treatment primary tumor (study-level methods),baseline primary tumor,sample_proxy_unresolved,unresolved,not_assessed,0.379534960670152,singlet,CID3941-sample-proxy,True,,0.107187728097523,True,True,Epithelial
CID3941_TTCGGTCAGTTCCACA,CID3941-sample-proxy,CID3941,533,1212,24,1.9801980198019802,0,0.0,41,3.382838283828383,0,0.0,466,38.448844884488445,False,False,False,True,False,False,False,False,False,CID3941,ER+,pre-treatment primary tumor (study-level methods),baseline primary tumor,sample_proxy_unresolved,unresolved,not_assessed,0.227869997932812,singlet,CID3941-sample-proxy,True,,0.155221766780365,True,True,Epithelial
CID3941_TTGGCAACATCCCATC,CID3941-sample-proxy,CID3941,2005,10077,790,7.839634811948,0,0.0,9,0.08931229532598987,0,0.0,4192,41.59968244517218,False,False,False,True,False,False,False,False,True,CID3941,ER+,pre-treatment primary tumor (study-level methods),baseline primary tumor,sample_proxy_unresolved,unresolved,not_assessed,0.328890220426108,singlet,CID3941-sample-proxy,True,,0.746757934700091,True,True,Epithelial
CID3941_TTTACTGAGTAACCCT,CID3941-sample-proxy,CID3941,855,2654,73,2.750565184626978,0,0.0,26,0.9796533534287867,0,0.0,1112,41.89902034664657,False,False,False,True,False,False,False,False,False,CID3941,ER+,pre-treatment primary tumor (study-level methods),baseline primary tumor,sample_proxy_unresolved,unresolved,not_assessed,0.365934186033436,singlet,CID3941-sample-proxy,True,,0.1348333177501,True,True,Epithelial
CID3941_TTTACTGCACCTGGTG,CID3941-sample-proxy,CID3941,1644,7623,54,0.7083825265643447,0,0.0,37,0.4853732126459399,0,0.0,3618,47.4616292798111,False,False,False,True,False,False,False,False,True,CID3941,ER+,pre-treatment primary tumor (study-level methods),baseline primary tumor,sample_proxy_unresolved,unresolved,not_assessed,0.284746014914862,singlet,CID3941-sample-proxy,True,,0.0628236836391431,True,True,Epithelial
CID3941_TTTCCTCGTAACGCGA,CID3941-sample-proxy,CID3941,2509,8937,1642,18.373055835291485,0,0.0,53,0.593040170079445,0,0.0,1730,19.35772630636679,False,False,True,False,False,False,False,False,True,CID3941,ER+,pre-treatment primary tumor (study-level methods),baseline primary tumor,sample_proxy_unresolved,unresolved,not_assessed,,not_called_core_qc_fail,CID3941-sample-proxy,False,fails_mt,0.999999999998169,False,False,Epithelial
