"barcode","doublet_score","doublet_class"
"AAACCCACAGGCTTGC-1",0.0291095594454027,"singlet"
"AAACCCAGTAGTTAGA-1",0.128077367092355,"singlet"
"AAACGAAGTAACGATA-1",0.139530511333272,"singlet"
"AAACGAAGTGGATCAG-1",0.085627633968652,"singlet"
"AAACGAATCATGAGAA-1",0.0553046688419547,"singlet"
"AAACGAATCGTCCTTG-1",0.0896876431521674,"singlet"
"AAACGCTAGGATAATC-1",0.130163349304247,"singlet"
"AAACGCTTCTGTCGTC-1",0.0680334309340484,"singlet"
"AAAGAACAGGAGGTTC-1",0.119493787509304,"singlet"
"AAAGAACCACTTCATT-1",0.223639307726949,"singlet"
"AAAGAACTCTTGGTCC-1",0.222009169586644,"singlet"
"AAAGGATAGCCGGATA-1",0.0783984094129318,"singlet"
"AAAGGATGTACAGTAA-1",0.109328006474358,"singlet"
"AAAGGATTCCGAGTGC-1",0.13404641124439,"singlet"
"AAAGGGCAGTGCTAGG-1",0.185545187755188,"singlet"
"AAAGGGCCACTTCTCG-1",0.137922231365247,"singlet"
"AAAGGGCCATTGTGCA-1",0.0838651659250969,"singlet"
"AAAGGGCGTCGGCCTA-1",0.604939476627892,"doublet"
"AAAGGTAAGCGACATG-1",0.106013654079937,"singlet"
"AAAGGTAAGGTGCTTT-1",0.0585505976579971,"singlet"
"AAAGGTAGTAAGTTAG-1",0.0730142968383471,"singlet"
"AAAGGTATCATTTACC-1",0.129189466451708,"singlet"
"AAAGGTATCTGTCCCA-1",0.168437047148193,"singlet"
"AAAGTCCAGTTAGTGA-1",0.0698638546753066,"singlet"
"AAAGTCCGTTCCGCTT-1",0.130571968638951,"singlet"
"AAAGTCCTCCACAGGC-1",0.131570407191836,"singlet"
"AAAGTGAAGAAAGCGA-1",0.0413292297546436,"singlet"
"AAAGTGACATGCGGTC-1",0.221162158606389,"singlet"
"AAAGTGAGTACGAAAT-1",0.217095237397745,"singlet"
"AAAGTGATCCTCTTTC-1",0.16500955510711,"singlet"
"AAATGGAAGTTCATGC-1",0.0926365725667948,"singlet"
"AAATGGAGTTCAAAGA-1",0.0393018019621285,"singlet"
"AACAAAGAGAGTGTGC-1",0.0303853958617827,"singlet"
"AACAAAGAGGTAACTA-1",0.149046533321668,"singlet"
"AACAAAGAGTAATCCC-1",0.0561770952086346,"singlet"
"AACAAAGAGTCTGGAG-1",0.0361563416602335,"singlet"
"AACAAAGGTTGGGACA-1",0.0869179741571683,"singlet"
"AACAAAGTCGCAGTGC-1",0.162196767921854,"singlet"
"AACAAAGTCTTACCGC-1",0.239553541538332,"singlet"
"AACAACCGTAAGTTGA-1",0.258260243824793,"singlet"
"AACAACCGTCTCAGGC-1",0.148894308507329,"singlet"
"AACAAGAAGTCATAGA-1",0.0752513003408028,"singlet"
"AACAAGACAACCTATG-1",0.144227435188087,"singlet"
"AACAAGACACGTTCGG-1",0.325659144720181,"singlet"
"AACAAGATCAACTCTT-1",0.3988983952487,"doublet"
"AACAAGATCCTGATAG-1",0.173853579348634,"singlet"
"AACAAGATCGTGGCGT-1",0.149976214137599,"singlet"
"AACACACAGGGTCAAC-1",0.137362729697897,"singlet"
"AACACACCAATCCTAG-1",0.0565021434259909,"singlet"
"AACACACCACACGTGC-1",0.221198390601449,"singlet"
"AACACACTCTAAGCCA-1",0.271165175715316,"singlet"
"AACAGGGAGCGAAACC-1",0.442733104139087,"doublet"
"AACAGGGCACCAGGTC-1",0.205017673165676,"singlet"
"AACAGGGGTGAATATG-1",0.158521485386457,"singlet"
"AACAGGGTCCCTGTTG-1",0.194378487930467,"singlet"
"AACAGGGTCGAAGCCC-1",0.298867984111714,"singlet"
"AACCAACCAAGACCTT-1",0.33013056599438,"singlet"
"AACCAACGTACGGGAT-1",0.14170745121256,"singlet"
"AACCAACGTTACTCAG-1",0.228674377485127,"singlet"
"AACCAACTCGAGTACT-1",0.280985818014474,"singlet"
"AACCACACATGACACT-1",0.140825481849711,"singlet"
"AACCACAGTTAAACCC-1",0.18895347271977,"singlet"
"AACCACATCAAGGACG-1",0.118677561108311,"singlet"
"AACCACATCACCATAG-1",0.125650788679072,"singlet"
"AACCATGAGATTAGTG-1",0.124190201810634,"singlet"
"AACCATGAGGTGATAT-1",0.23924204802563,"singlet"
"AACCATGCAAAGACGC-1",0.49538259905439,"doublet"
"AACCATGCAATGCAAA-1",0.211754344776787,"singlet"
"AACCATGGTGCATACT-1",0.339518747501957,"singlet"
"AACCCAAAGGGTTAAT-1",0.0796463501388049,"singlet"
"AACCCAACAGCTGTTA-1",0.275209745929636,"singlet"
"AACCCAAGTACTAAGA-1",0.0440882173203882,"singlet"
"AACCCAATCTCCCTAG-1",0.193533010527553,"singlet"
"AACCTGACAATAGTGA-1",0.15386205904623,"singlet"
"AACCTGAGTCATACCA-1",0.0390793127494189,"singlet"
"AACCTGAGTTCGTACA-1",0.195830446919049,"singlet"
"AACCTTTAGTGTTGTC-1",0.305601649264855,"singlet"
"AACGGGAAGCGGGTTA-1",0.0298376125151026,"singlet"
"AACGGGAGTGAGATAT-1",0.113005412087946,"singlet"
"AACGGGAGTTAGGGTG-1",0.234811040160742,"singlet"
"AACGTCAAGACATCAA-1",0.231573248182734,"singlet"
"AACGTCAAGTGAGGCT-1",0.0313898221066547,"singlet"
"AACGTCAGTTCTCTAT-1",0.344767438218169,"singlet"
"AACGTCATCACAATGC-1",0.260266632794085,"singlet"
"AACGTCATCCATTGCC-1",0.102365006247286,"singlet"
"AACTTCTAGAAATTCG-1",0.245693038629554,"singlet"
"AACTTCTCAGTTGGTT-1",0.0443833688443408,"singlet"
"AACTTCTGTTCCTACC-1",0.664110435174503,"doublet"
"AACTTCTGTTGTACGT-1",0.103596226693871,"singlet"
"AAGAACAGTTAATCGC-1",0.187127138488892,"singlet"
"AAGAACATCCCGAGGT-1",0.0489933552866911,"singlet"
"AAGACAACAATGCTCA-1",0.255713970726424,"singlet"
"AAGACTCCAAAGCTAA-1",0.0355903855606849,"singlet"
"AAGACTCTCACTTGGA-1",0.165708144247305,"singlet"
"AAGATAGAGTAGAATC-1",0.392195643616513,"doublet"
"AAGATAGCATGCGTGC-1",0.715743226639706,"doublet"
"AAGCATCAGATTAGAC-1",0.0628673099367587,"singlet"
"AAGCATCCAATGCTCA-1",0.125044302077539,"singlet"
"AAGCATCGTGGAGGTT-1",0.113136963970924,"singlet"
"AAGCATCTCCACGTAA-1",0.170758403381298,"singlet"
"AAGCCATAGTCTTCCC-1",0.28643344374829,"singlet"
"AAGCCATGTAAGCAAT-1",0.0621996906840786,"singlet"
"AAGCGAGCAACGCATT-1",0.214406524211735,"singlet"
"AAGCGAGGTTGCATAC-1",0.104240322105793,"singlet"
"AAGCGTTCACTGGCGT-1",0.0771609975284825,"singlet"
"AAGCGTTCAGGTACGA-1",0.180455706859868,"singlet"
"AAGCGTTGTCTCTCAC-1",0.0834647192511769,"singlet"
"AAGCGTTGTGTCACAT-1",0.195395799004078,"singlet"
"AAGGAATCACGGTGAA-1",0.0316508155549437,"singlet"
"AAGGAATCAGCTGAAG-1",0.214475160611821,"singlet"
"AAGGAATCATGGAAGC-1",0.112204912048072,"singlet"
"AAGGAATCATGGCTGC-1",0.276221096665114,"singlet"
"AAGGAATTCACAATGC-1",0.279317232305244,"singlet"
"AAGGTAAAGAAACTGT-1",0.0450950533718652,"singlet"
"AAGGTAAAGTTATGGA-1",0.110847801998421,"singlet"
"AAGGTAAGTCCTATAG-1",0.0561126409843773,"singlet"
"AAGGTAATCGATACTG-1",0.196325954646502,"singlet"
"AAGTACCTCAACTCTT-1",0.630617648802404,"doublet"
"AAGTACCTCGCCTTTG-1",0.290546119064689,"singlet"
"AAGTACCTCTAGCATG-1",0.155217430618306,"singlet"
"AAGTCGTGTCAACGCC-1",0.22541017976516,"singlet"
"AAGTCGTGTCAGGAGT-1",0.0740075102155176,"singlet"
"AAGTCGTGTGACCGAA-1",0.153804577024684,"singlet"
"AAGTCGTTCCACATAG-1",0.124480520967791,"singlet"
"AAGTCGTTCTGAGGCC-1",0.11895357552459,"singlet"
"AAGTGAACAAGAGATT-1",0.13979886862309,"singlet"
"AAGTGAACAAGTGGGT-1",0.222432385148839,"singlet"
"AAGTGAACATCGGATT-1",0.198444211262178,"singlet"
"AAGTGAAGTAGCTTTG-1",0.17987109915404,"singlet"
"AAGTGAAGTAGGTTTC-1",0.146561251865977,"singlet"
"AAGTGAAGTTGCGGAA-1",0.0632569721322584,"singlet"
"AAGTGAATCTTCTGGC-1",0.308217414166429,"singlet"
"AAGTTCGGTAGTGCGA-1",0.183976777922977,"singlet"
"AAGTTCGGTTAAACCC-1",0.132068415657268,"singlet"
"AATAGAGAGGAAGTGA-1",0.0864097899641035,"singlet"
"AATAGAGCACACTGGC-1",0.309012252131354,"singlet"
"AATAGAGCAGATCCAT-1",0.193760107472036,"singlet"
"AATCACGAGTTGGGAC-1",0.223430271206094,"singlet"
"AATCACGCAGGAAGTC-1",0.125061510158578,"singlet"
"AATCACGGTTACAGCT-1",0.185589188145334,"singlet"
"AATCACGTCACTCCGT-1",0.309606697478677,"singlet"
"AATCGACGTCCGGTGT-1",0.0890332731129615,"singlet"
"AATCGTGAGCTTGTTG-1",0.118419409242183,"singlet"
"AATCGTGCAGAACTAA-1",0.0983014813591488,"singlet"
"AATCGTGGTATCATGC-1",0.138261995869714,"singlet"
"AATGAAGAGATCCCAT-1",0.117369039351694,"singlet"
"AATGAAGCAGATGCGA-1",0.0846821151366147,"singlet"
"AATGAAGCAGTGTGGA-1",0.175057377165576,"singlet"
"AATGAAGCATAACTCG-1",0.169506662407522,"singlet"
"AATGAAGGTTGACGGA-1",0.278130887403353,"singlet"
"AATGAAGTCCCTAGGG-1",0.107040592896846,"singlet"
"AATGACCCAGCCCACA-1",0.397003773911809,"doublet"
"AATGACCTCGGCTATA-1",0.0564453084436936,"singlet"
"AATGACCTCGGCTGGT-1",0.191700631166776,"singlet"
"AATGACCTCTTACCGC-1",0.363945609053216,"doublet"
"AATGCCAGTTCGCGTG-1",0.174987976945879,"singlet"
"AATGCCATCAAATAGG-1",0.279953500863574,"singlet"
"AATGCCATCTGCCTCA-1",0.164044435540973,"singlet"
"AATGGAAAGATCGACG-1",0.105607805588933,"singlet"
"AATGGAAAGCGTGCTC-1",0.228916819945964,"singlet"
"AATGGAATCGCCCAGA-1",0.335353078402941,"singlet"
"AATGGCTGTACCTAAC-1",0.293626797670365,"singlet"
"AATGGCTTCACTGCTC-1",0.0760038367473835,"singlet"
"AATGGCTTCAGAGCGA-1",0.156688901078575,"singlet"
"AATGGCTTCCCTGGTT-1",0.0921111958606347,"singlet"
"AATGGCTTCGAACGGA-1",0.189094777556041,"singlet"
"AATGGCTTCTCCGAGG-1",0.166541800351557,"singlet"
"AATTCCTAGCAGATAT-1",0.161728193417721,"singlet"
"AATTCCTAGCCTGTGC-1",0.250159078416857,"singlet"
"AATTCCTAGCGTGAAC-1",0.0636560210669487,"singlet"
"AATTCCTTCGGCATAT-1",0.231086823848759,"singlet"
"AATTTCCCAAGCTACT-1",0.147515102424737,"singlet"
"AATTTCCCACCCTGTT-1",0.061932430870869,"singlet"
"AATTTCCCAGTGTATC-1",0.070037959281384,"singlet"
"AATTTCCGTTGCTCAA-1",0.0716158994481359,"singlet"
"AATTTCCGTTTATGCG-1",0.162237441426796,"singlet"
"AATTTCCTCTCGGGAC-1",0.374570460457563,"doublet"
"ACAAAGAAGCGCCTCA-1",0.164172881855246,"singlet"
"ACAAAGAAGTCTGCAT-1",0.149999899454837,"singlet"
"ACAAAGACAACTTGCA-1",0.138478084340864,"singlet"
"ACAACCAAGCTCCCTT-1",0.0949925916882809,"singlet"
"ACAACCACAGGTGACA-1",0.0725100332415947,"singlet"
"ACAACCATCACAACCA-1",0.423085897748513,"doublet"
"ACAACCATCGTCTAAG-1",0.127025216174537,"singlet"
"ACAAGCTAGATCGGTG-1",0.115929143240959,"singlet"
"ACAAGCTAGGTAGTAT-1",0.104613335935542,"singlet"
"ACAAGCTCATTCCTCG-1",0.159863152757914,"singlet"
"ACACAGTAGCCTCTCT-1",0.180489686455487,"singlet"
"ACACAGTAGTCGAAAT-1",0.066641120568556,"singlet"
"ACACAGTGTCTTGGTA-1",0.0809404714902207,"singlet"
"ACACAGTTCACAAGAA-1",0.304047165184688,"singlet"
"ACACCAAAGGTTCTAC-1",0.20542497606964,"singlet"
"ACACCAACAATAGGGC-1",0.15400124128072,"singlet"
"ACACCAAGTTTCGATG-1",0.258977289395217,"singlet"
"ACACGCGCAGCATTGT-1",0.0993949958939889,"singlet"
"ACACGCGGTATGCGTT-1",0.260591096781198,"singlet"
"ACACTGAAGCGCCTAC-1",0.14625154996063,"singlet"
"ACACTGAAGTGCCGAA-1",0.121647586333213,"singlet"
"ACACTGAGTTGACTGT-1",0.148592862792804,"singlet"
"ACACTGATCATTACCT-1",0.215000819721234,"singlet"
"ACAGAAAAGTTGCTGT-1",0.060903183346463,"singlet"
"ACAGAAAGTCACTACA-1",0.351578667333726,"singlet"
"ACAGCCGAGCTAAACA-1",0.0402624789812436,"singlet"
"ACAGCCGCACCTGCGA-1",0.139791138629745,"singlet"
"ACAGCCGGTGTTCCTC-1",0.149074174146513,"singlet"
"ACAGCCGGTTCTAAGC-1",0.305293880007228,"singlet"
"ACAGCCGTCCAAGGGA-1",0.240667689272788,"singlet"
"ACAGGGAAGAGTCAGC-1",0.123416378693769,"singlet"
"ACAGGGACACGCGTCA-1",0.210856356795554,"singlet"
"ACAGGGAGTTTGTGGT-1",0.119567767046025,"singlet"
"ACAGGGATCCAATGCA-1",0.193821096185543,"singlet"
"ACATCCCCAAACGGCA-1",0.0735880284567653,"singlet"
"ACATCCCCAAATAGCA-1",0.261271562872553,"singlet"
"ACATCCCGTGAATTGA-1",0.0731850267834844,"singlet"
"ACATCCCTCTCTCAAT-1",0.1686730993712,"singlet"
"ACATCGAAGGGTTGCA-1",0.13536070305609,"singlet"
"ACATCGACAGAACTTC-1",0.861568975603676,"doublet"
"ACATCGAGTCGTATGT-1",0.20435370414495,"singlet"
"ACATCGATCGTGTGAT-1",0.0351060431766151,"singlet"
"ACATCGATCTACTTCA-1",0.112169559997274,"singlet"
"ACATGCACAGAGATTA-1",0.0240019600147416,"singlet"
"ACATGCACAGTGAGCA-1",0.183181942491811,"singlet"
"ACATGCAGTATAATGG-1",0.0349965361267629,"singlet"
"ACATGCAGTTTACACG-1",0.376914566174857,"doublet"
"ACATTTCAGCCGAATG-1",0.383769951449219,"doublet"
"ACATTTCAGCTGACAG-1",0.147521315288946,"singlet"
"ACATTTCAGTAACAGT-1",0.713073471802145,"doublet"
"ACATTTCCAGCTGTGC-1",0.194091695004606,"singlet"
"ACATTTCGTAAGACCG-1",0.222070369789649,"singlet"
"ACATTTCGTAAGGCTG-1",0.115879894291222,"singlet"
"ACATTTCTCCCAAGCG-1",0.167406831335851,"singlet"
"ACATTTCTCGCCGAGT-1",0.226884948337401,"singlet"
"ACATTTCTCGGAAACG-1",0.142971788009738,"singlet"
"ACCAAACCACGTCGGT-1",0.47351119776599,"doublet"
"ACCAAACCAGCTGTGC-1",0.263551670778796,"singlet"
"ACCAAACTCAGGACGA-1",0.0709477727590039,"singlet"
"ACCAAACTCATTTGCT-1",0.159310175325981,"singlet"
"ACCAAACTCGTAACAC-1",0.0613194533918536,"singlet"
"ACCAACAAGCAGATAT-1",0.0639794172229176,"singlet"
"ACCAACAAGCTAGAAT-1",0.311545922718125,"singlet"
"ACCAACACAGGCTATT-1",0.290804625409956,"singlet"
"ACCAACACATCGTCCT-1",0.162702652543786,"singlet"
"ACCAACAGTACTTGTG-1",0.0898968528744823,"singlet"
"ACCAACAGTCCAGTTA-1",0.0704425863934451,"singlet"
"ACCAACATCACTTGTT-1",0.123487210210577,"singlet"
"ACCAACATCGTTCTCG-1",0.150812851051972,"singlet"
"ACCACAAGTCCCTCAT-1",0.258655744939637,"singlet"
"ACCACAAGTTGCTCGG-1",0.0402231305680048,"singlet"
"ACCACAATCAACGAGG-1",0.0727544070989121,"singlet"
"ACCACAATCACCGCTT-1",0.0875084757864924,"singlet"
"ACCACAATCTAGACAC-1",0.213228631172067,"singlet"
"ACCACAATCTCTATGT-1",0.130592242200386,"singlet"
"ACCATTTCAGTACTAC-1",0.314017695516724,"singlet"
"ACCATTTCATCCCGTT-1",0.20313724026106,"singlet"
"ACCATTTTCGTTCATT-1",0.174916621791062,"singlet"
"ACCCAAAAGCGACAGT-1",0.0985709370125161,"singlet"
"ACCCAAAAGGGTACAC-1",0.0846608088654864,"singlet"
"ACCCAAAAGTGTAGTA-1",0.118532853674917,"singlet"
"ACCCAAAGTATGAAAC-1",0.176880379038565,"singlet"
"ACCCAAAGTCTCGGAC-1",0.184322945446727,"singlet"
"ACCCAAATCAGTAGGG-1",0.307828614959466,"singlet"
"ACCCTCAAGGGCAGTT-1",0.099050811002756,"singlet"
"ACCCTCAGTTCCGTTC-1",0.0944307277181539,"singlet"
"ACCCTCATCATTGCGA-1",0.323001221430738,"singlet"
"ACCCTCATCTAGTCAG-1",0.0152007510117423,"singlet"
"ACCCTTGAGAAGTCAT-1",0.216387198939228,"singlet"
"ACCCTTGAGAGAACCC-1",0.132792263771999,"singlet"
"ACCCTTGAGTTCCGTA-1",0.241065562600136,"singlet"
"ACCCTTGTCACTGTTT-1",0.15690481068077,"singlet"
"ACCGTTCAGTGAGTTA-1",0.0724456594854416,"singlet"
"ACCGTTCCACCAGCGT-1",0.265727197971542,"singlet"
"ACCGTTCCACGCGCTA-1",0.0386080922903725,"singlet"
"ACCGTTCCAGGCCTGT-1",0.158241552180977,"singlet"
"ACCGTTCCATCATCCC-1",0.0698306636896587,"singlet"
"ACCGTTCGTAAGTAGT-1",0.0580784346973969,"singlet"
"ACCGTTCGTAGTTACC-1",0.100139664257571,"singlet"
"ACCGTTCTCTATGCCC-1",0.290483280014042,"singlet"
"ACCTACCAGAAACTGT-1",0.083873272567725,"singlet"
"ACCTACCGTGGAACAC-1",0.0721556682843953,"singlet"
"ACCTGAACAGCACGAA-1",0.308172055697477,"singlet"
"ACCTGAAGTCTCGACG-1",0.191860641966885,"singlet"
"ACCTGAAGTGGAAATT-1",0.178994251955764,"singlet"
"ACCTGTCAGGACTAAT-1",0.132000177928624,"singlet"
"ACCTGTCCACCGTCTT-1",0.208304319540742,"singlet"
"ACGATCACAGTTGTCA-1",0.0336600427335964,"singlet"
"ACGATCACATGCAGGA-1",0.17570390336607,"singlet"
"ACGATCAGTTATGACC-1",0.347630210328737,"singlet"
"ACGATCATCGGAGTGA-1",0.156430613859943,"singlet"
"ACGATCATCGGCTCTT-1",0.258090777930888,"singlet"
"ACGATGTAGGGTAATT-1",0.146420856191775,"singlet"
"ACGATGTCAAAGGCTG-1",0.0378134738130456,"singlet"
"ACGCACGAGCATTGAA-1",0.134582865689212,"singlet"
"ACGCACGAGGTGCTGA-1",0.0450601168794864,"singlet"
"ACGCACGAGTAGCCAG-1",0.170179329169984,"singlet"
"ACGCACGAGTGATTCC-1",0.120046398218053,"singlet"
"ACGCACGTCTCATTGT-1",0.128992875187055,"singlet"
"ACGGAAGAGGACAGTC-1",0.171590751536163,"singlet"
"ACGGAAGCATGGCCCA-1",0.288269753916277,"singlet"
"ACGGAAGGTATGGTAA-1",0.0508750690038623,"singlet"
"ACGGAAGTCGTTACCC-1",0.137422958363679,"singlet"
"ACGGGTCTCTGCTGAA-1",0.115959884984297,"singlet"
"ACGGTCGAGTAACCGG-1",0.0555574592716436,"singlet"
"ACGGTCGCAACGGCCT-1",0.236681794610911,"singlet"
"ACGGTCGCACAAATGA-1",0.178032163616809,"singlet"
"ACGGTCGGTTGTAAAG-1",0.210666801900879,"singlet"
"ACGGTTAAGACTTCCA-1",0.107345793891592,"singlet"
"ACGGTTAAGTTCAACC-1",0.16465890099663,"singlet"
"ACGGTTACATGGAACG-1",0.184439351038613,"singlet"
"ACGGTTAGTACGAAAT-1",0.12418734349521,"singlet"
"ACGGTTATCGTCGATA-1",0.0642831625667608,"singlet"
"ACGTAACAGGGTCAAC-1",0.318535147634348,"singlet"
"ACGTAACTCAGGACAG-1",0.138584794746941,"singlet"
"ACGTAACTCTAGTTCT-1",0.197389234424945,"singlet"
"ACGTACAAGTAACGTA-1",0.133670824769837,"singlet"
"ACGTACACAGGCTCTG-1",0.0881796126673041,"singlet"
"ACGTACACATTCAGGT-1",0.165216398793745,"singlet"
"ACGTACAGTCTCCCTA-1",0.255010532421952,"singlet"
"ACGTACATCACACCGG-1",0.214312468601815,"singlet"
"ACGTACATCATTGAGC-1",0.15077655306173,"singlet"
"ACGTAGTGTATCACGT-1",0.12496582168466,"singlet"
"ACGTAGTGTATCGATC-1",0.185426521765374,"singlet"
"ACGTAGTTCCACTGGG-1",0.184021668529544,"singlet"
"ACGTCCTAGTAGTCTC-1",0.139395198295302,"singlet"
"ACGTCCTGTAACGTTC-1",0.0966267463608633,"singlet"
"ACGTCCTTCACCCTGT-1",0.077623799688145,"singlet"
"ACGTCCTTCACCCTTG-1",0.248691899331688,"singlet"
"ACGTCCTTCGTTCCTG-1",0.134540566883716,"singlet"
"ACGTCCTTCTACGGTA-1",0.432032710683645,"doublet"
"ACGTTCCAGTAAGCAT-1",0.0294130603285967,"singlet"
"ACGTTCCCACTACTTT-1",0.171710908062056,"singlet"
"ACGTTCCCATAGAGGC-1",0.211721942616278,"singlet"
"ACGTTCCGTGCTGATT-1",0.139920664871294,"singlet"
"ACTACGAAGCCTGCCA-1",0.334449307263146,"singlet"
"ACTACGACAGTCACGC-1",0.780304899648084,"doublet"
"ACTACGACATGCCGCA-1",0.111329398153242,"singlet"
"ACTACGATCCACAGGC-1",0.0590949220846537,"singlet"
"ACTACGATCTACGCGG-1",0.0914754250532334,"singlet"
"ACTACGATCTTGGATG-1",0.24345246234987,"singlet"
"ACTATCTAGCTGGCCT-1",0.188115827078565,"singlet"
"ACTATCTAGTGCACTT-1",0.07274865947181,"singlet"
"ACTATCTGTACGCTTA-1",0.201305347022942,"singlet"
"ACTATCTGTCTACGTA-1",0.157617672831881,"singlet"
"ACTATCTTCTGCCTGT-1",0.191118543117568,"singlet"
"ACTATCTTCTTCTGGC-1",0.138606059279662,"singlet"
"ACTATGGAGGACCCAA-1",0.20008522647162,"singlet"
"ACTATGGGTCTACTGA-1",0.297395622054734,"singlet"
"ACTATTCGTTAATGAG-1",0.182208778575772,"singlet"
"ACTCCCAAGCCATATC-1",0.23996810916359,"singlet"
"ACTCCCAAGCTACTAC-1",0.0504641655202089,"singlet"
"ACTCCCAAGTTACGAA-1",0.14443410451899,"singlet"
"ACTCCCACACAGTCGC-1",0.235523571578361,"singlet"
"ACTCCCACATCTTCGC-1",0.138343715680783,"singlet"
"ACTCCCAGTCACTACA-1",0.243531246543282,"singlet"
"ACTCCCATCAGGAGAC-1",0.126045048512061,"singlet"
"ACTCCCATCCGTATAG-1",0.164012579376223,"singlet"
"ACTCCCATCGATTCCC-1",0.301959554206965,"singlet"
"ACTCTCGAGTAACAGT-1",0.160330863313599,"singlet"
"ACTCTCGGTATGCTTG-1",0.222281361319406,"singlet"
"ACTCTCGGTCGCGTTG-1",0.0558970080773906,"singlet"
"ACTGATGGTCTAGGTT-1",0.160401310922796,"singlet"
"ACTGATGTCAGCTAGT-1",0.30461603107198,"singlet"
"ACTGATGTCTCACTCG-1",0.173291680017048,"singlet"
"ACTGATGTCTCTGACC-1",0.163536976423406,"singlet"
"ACTGCAAAGGGCCTCT-1",0.169375616745464,"singlet"
"ACTGCAACAAATCGTC-1",0.175016576757587,"singlet"
"ACTGCAAGTATTGGCT-1",0.619967850622125,"doublet"
"ACTGCAAGTGATTCAC-1",0.53189882149563,"doublet"
"ACTGTCCAGGCCGCTT-1",0.244520831658945,"singlet"
"ACTGTCCGTTTCGACA-1",0.038389396063642,"singlet"
"ACTGTCCTCCAAGCTA-1",0.176023578247485,"singlet"
"ACTGTCCTCCAGCACG-1",0.0120738500084675,"singlet"
"ACTGTCCTCCCATAAG-1",0.0712405670055386,"singlet"
"ACTGTCCTCGTAACAC-1",0.152223396154942,"singlet"
"ACTGTCCTCTCTGCTG-1",0.190044960811714,"singlet"
"ACTGTGAAGCATGCAG-1",0.648285851843518,"doublet"
"ACTGTGAAGCTGAGTG-1",0.0681438586899244,"singlet"
"ACTGTGAAGTATGCAA-1",0.337497496348899,"singlet"
"ACTGTGACAAGAGGTC-1",0.0792882970504076,"singlet"
"ACTGTGAGTCAGTCTA-1",0.0960643077735262,"singlet"
"ACTGTGATCAACACGT-1",0.114376352153245,"singlet"
"ACTGTGATCGTCAACA-1",0.428877035332711,"doublet"
"ACTGTGATCTTTGCTA-1",0.144472213046163,"singlet"
"ACTTAGGCACCGGTCA-1",0.0802847500473183,"singlet"
"ACTTAGGTCCCGAACG-1",0.227483824658697,"singlet"
"ACTTAGGTCTAGACCA-1",0.188946678250737,"singlet"
"ACTTATCAGTATGACA-1",0.170916682892623,"singlet"
"ACTTATCCACAGCTGC-1",0.195483186158573,"singlet"
"ACTTATCGTGACAACG-1",0.185504794765121,"singlet"
"ACTTATCTCAGAACCT-1",0.306170091264881,"singlet"
"ACTTCCGCAACAGCCC-1",0.810548880957689,"doublet"
"ACTTCCGGTATGAGAT-1",0.0446520418880233,"singlet"
"ACTTCCGGTCCGGTGT-1",0.0711421853631606,"singlet"
"ACTTCCGTCACGGGCT-1",0.164698371332005,"singlet"
"ACTTCCGTCCTCTCGA-1",0.15965105267799,"singlet"
"ACTTCGCAGACAACTA-1",0.174007594200613,"singlet"
"ACTTCGCAGAGTCTGG-1",0.0578751997136344,"singlet"
"ACTTCGCAGGTAAGTT-1",0.203091609487623,"singlet"
"ACTTCGCCACTTGGGC-1",0.152149823696489,"singlet"
"ACTTCGCGTCGTTGGC-1",0.0623006557696242,"singlet"
"ACTTCGCTCTCCGTGT-1",0.266230564969685,"singlet"
"ACTTTCAAGTCCCAGC-1",0.0285558772699103,"singlet"
"ACTTTCAAGTCTGGAG-1",0.117123434436156,"singlet"
"ACTTTCACATGAGTAA-1",0.0238011318117105,"singlet"
"ACTTTCAGTACATACC-1",0.16211980331959,"singlet"
"ACTTTCAGTTTCAGAC-1",0.188382726991388,"singlet"
"ACTTTCATCCGTCACT-1",0.134098878818165,"singlet"
"ACTTTGTAGGATGAGA-1",0.0938836988296844,"singlet"
"ACTTTGTAGGTCGTGA-1",0.109037462991644,"singlet"
"ACTTTGTCACCAGCCA-1",0.19921486650057,"singlet"
"ACTTTGTTCCGCTGTT-1",0.390979802118112,"doublet"
"ACTTTGTTCGGCTATA-1",0.112718530350591,"singlet"
"AGAAATGAGTGCACTT-1",0.0518308231391555,"singlet"
"AGAAATGTCCACAGGC-1",0.263471650826989,"singlet"
"AGAACAAGTACAAAGT-1",0.21602433794474,"singlet"
"AGAACAAGTGGAAGTC-1",0.173823762948177,"singlet"
"AGAACAATCCGCGAGT-1",0.116547359641526,"singlet"
"AGAACAATCTAGCAAC-1",0.12730173992533,"singlet"
"AGAACAATCTGGTGGC-1",0.196625025661465,"singlet"
"AGAACCTAGAGCATAT-1",0.0656081877954832,"singlet"
"AGAACCTAGTTGTCAC-1",0.213604852028317,"singlet"
"AGAACCTCACTGCATA-1",0.172247980973981,"singlet"
"AGAACCTCAGTCAGCC-1",0.224255889722276,"singlet"
"AGAACCTCATCCGGCA-1",0.00770323551812836,"singlet"
"AGAACCTCATTGTCGA-1",0.430889013829989,"doublet"
"AGAACCTTCATTGTTC-1",0.0449567623588687,"singlet"
"AGAAGCGAGTGACCTT-1",0.0836607986497715,"singlet"
"AGAAGCGCAGCAGTGA-1",0.11328505944282,"singlet"
"AGAAGCGCATAGATGA-1",0.326347822037771,"singlet"
"AGAAGCGTCGAGCACC-1",0.0609764046487808,"singlet"
"AGAAGTACAAGACAAT-1",0.241754510690048,"singlet"
"AGAAGTACAATCGCGC-1",0.263683369450106,"singlet"
"AGAAGTACACCTCTAC-1",0.222976820821342,"singlet"
"AGAAGTAGTAGGCAGT-1",0.0729210695571562,"singlet"
"AGAAGTAGTCTTCCGT-1",0.0351451675071308,"singlet"
"AGAAGTATCTCAACGA-1",0.0838474687101861,"singlet"
"AGAAGTATCTGTGTGA-1",0.0669011738087334,"singlet"
"AGACAAAAGGCTGTAG-1",0.0293890188515766,"singlet"
"AGACAAAAGTCCCAAT-1",0.111255031000498,"singlet"
"AGACAAAAGTTTCGAC-1",0.418859275004177,"doublet"
"AGACAAACATGCAGCC-1",0.79872730847953,"doublet"
"AGACAAAGTGTCTTCC-1",0.800549050145903,"doublet"
"AGACAAAGTTACCGTA-1",0.0413420830239594,"singlet"
"AGACACTAGAGCGACT-1",0.198368666371569,"singlet"
"AGACACTAGGCAGGGA-1",0.0594137015651222,"singlet"
"AGACACTCAAAGCAAT-1",0.0702039080942382,"singlet"
"AGACACTCACCAGGTC-1",0.145744298588017,"singlet"
"AGACACTCAGTCTGGC-1",0.09836173487914,"singlet"
"AGACACTGTATCGTGT-1",0.0662933799189577,"singlet"
"AGACACTTCATCGACA-1",0.196424776624929,"singlet"
"AGACACTTCGCTGTCT-1",0.118904673022658,"singlet"
"AGACAGGAGAATCGTA-1",0.0706732658798487,"singlet"
"AGACAGGCAACCCTCT-1",0.0347936631384234,"singlet"
"AGACAGGGTAAGTCAA-1",0.206387055789831,"singlet"
"AGACAGGGTAGGACCA-1",0.138092404173021,"singlet"
"AGACAGGGTGGGCTTC-1",0.169239475709317,"singlet"
"AGACAGGGTTCTGACA-1",0.234170140676395,"singlet"
"AGACCATGTAGTGGCA-1",0.134564282934978,"singlet"
"AGACCATGTATCTTCT-1",0.154060639077275,"singlet"
"AGACCATGTGGGTATG-1",0.18506041211196,"singlet"
"AGACCCGCAATCACGT-1",0.0301249579427127,"singlet"
"AGACCCGGTAAGGTCG-1",0.103670157616364,"singlet"
"AGACCCGTCCACAAGT-1",0.103600035166859,"singlet"
"AGACTCAAGACTACGG-1",0.144466087444692,"singlet"
"AGACTCAAGCGACTTT-1",0.0539492841575108,"singlet"
"AGACTCAGTATCCTTT-1",0.382103579555976,"doublet"
"AGACTCATCTCTGCTG-1",0.169506502290038,"singlet"
"AGAGAATAGACATAGT-1",0.348651056097595,"singlet"
"AGAGAATAGCGTTACT-1",0.179135840044847,"singlet"
"AGAGAATCAATCGAAA-1",0.15782719181462,"singlet"
"AGAGAATCACGTATAC-1",0.140966662615647,"singlet"
"AGAGAATGTATGCGTT-1",0.165111033558477,"singlet"
"AGAGAATGTTAAAGTG-1",0.0479318810668234,"singlet"
"AGAGAATTCACCCTCA-1",0.228788776598028,"singlet"
"AGAGAGCAGCACCGAA-1",0.0766074892427213,"singlet"
"AGAGAGCAGCTGGCTC-1",0.0840960681538222,"singlet"
"AGAGAGCAGGGTGAGG-1",0.14217491935741,"singlet"
"AGAGAGCAGGTAGCAC-1",0.0741761208553377,"singlet"
"AGAGAGCGTCTGCAAT-1",0.085688744043245,"singlet"
"AGAGAGCTCTGGGCCA-1",0.0672659856040395,"singlet"
"AGAGCAGCAAACGTGG-1",0.0803500078180225,"singlet"
"AGAGCAGTCGACCTAA-1",0.648462418352976,"doublet"
"AGAGCCCAGCGTCTGC-1",0.165382755006759,"singlet"
"AGAGCCCAGTACGAGC-1",0.118624883918295,"singlet"
"AGAGCCCAGTTCGCAT-1",0.0894794439145382,"singlet"
"AGAGCCCCAACCACGC-1",0.168315911975435,"singlet"
"AGAGCCCTCCGATAAC-1",0.23878904530142,"singlet"
"AGAGCCCTCTAAGCCA-1",0.117551042406982,"singlet"
"AGAGCCCTCTTACCGC-1",0.13349772765703,"singlet"
"AGATAGAAGTCTACCA-1",0.266643008105451,"singlet"
"AGATAGACAAGAGAGA-1",0.132190149927776,"singlet"
"AGATAGACATCTAGAC-1",0.131806243835623,"singlet"
"AGATAGATCATCGGGC-1",0.0889945039275862,"singlet"
"AGATCCAAGGATTTCC-1",0.0127058397708774,"singlet"
"AGATCCAAGTCGCCAC-1",0.312739082629006,"singlet"
"AGATCCAAGTTCCTGA-1",0.213820176390765,"singlet"
"AGATCCAGTTTCGCTC-1",0.0827754829512856,"singlet"
"AGATCGTCAAGTTCGT-1",0.0874198562552041,"singlet"
"AGATCGTTCGTTCCTG-1",0.192962702855342,"singlet"
"AGATGAAAGAATCGAT-1",0.090560938362168,"singlet"
"AGATGAAAGAATCGTA-1",0.0932111206220693,"singlet"
"AGATGAACAACTAGAA-1",0.126894025508943,"singlet"
"AGATGAACACTCCTTG-1",0.218951449245077,"singlet"
"AGATGAACAGGAACCA-1",0.0798925222338012,"singlet"
"AGATGAACATGAGGGT-1",0.13418384769531,"singlet"
"AGATGCTCACCAGGTC-1",0.132317705250928,"singlet"
"AGATGCTCACTTGAAC-1",0.280406642444476,"singlet"
"AGATGCTCATTGACCA-1",0.171342220514383,"singlet"
"AGATGCTTCGCATGAT-1",0.123061015352263,"singlet"
"AGATGCTTCGTTCTCG-1",0.231378914551135,"singlet"
"AGCATCAAGATCGACG-1",0.0711905826186303,"singlet"
"AGCATCACATTGCAAC-1",0.301513282113595,"singlet"
"AGCATCAGTTGGCCGT-1",0.167425270028615,"singlet"
"AGCATCATCGCAGTTA-1",0.188847699834821,"singlet"
"AGCCAATCACCAAATC-1",0.232397369750043,"singlet"
"AGCCAATCAGCTCCTT-1",0.103326326540452,"singlet"
"AGCCAATCATTCTGTT-1",0.342390282181899,"singlet"
"AGCCAATGTTCTCTCG-1",0.313203844581972,"singlet"
"AGCCACGAGCCGGATA-1",0.215799990401128,"singlet"
"AGCCACGCAATCTCGA-1",0.225004140894789,"singlet"
"AGCCACGCACATGGTT-1",0.192909927376071,"singlet"
"AGCCACGCAGAACATA-1",0.105145019425436,"singlet"
"AGCCACGCATGTACGT-1",0.0715897136508058,"singlet"
"AGCCACGTCCGTCAAA-1",0.117240421562483,"singlet"
"AGCCACGTCTACGCGG-1",0.117539579538984,"singlet"
"AGCCAGCCACACGGAA-1",0.145977406229821,"singlet"
"AGCCAGCCAGTAGATA-1",0.346051662780887,"singlet"
"AGCCAGCCAGTTGAAA-1",0.361476329002388,"doublet"
"AGCCAGCTCCGTGGTG-1",0.252960694628958,"singlet"
"AGCCAGCTCTTCCTAA-1",0.0717691114323849,"singlet"
"AGCGATTAGTCTGCAT-1",0.051058203451376,"singlet"
"AGCGATTGTACTAACC-1",0.07335483471906,"singlet"
"AGCGATTTCCGTGGGT-1",0.136688256295708,"singlet"
"AGCGCCAGTACCCGCA-1",0.0937258531411173,"singlet"
"AGCGCCAGTCTTGCGG-1",0.0991873875236913,"singlet"
"AGCGCCATCGCCAGAC-1",0.336911897588633,"singlet"
"AGCGCTGTCATCGCTC-1",0.289493263903403,"singlet"
"AGCGCTGTCCCGAGTG-1",0.178241896135305,"singlet"
"AGCGTATAGCAGGCAT-1",0.0440351747261618,"singlet"
"AGCGTATAGCCGAACA-1",0.0353571088264374,"singlet"
"AGCGTATAGGCTCCCA-1",0.429253153802355,"doublet"
"AGCGTATCATCTATCT-1",0.108976104579114,"singlet"
"AGCGTATGTGTCCTAA-1",0.146394715406623,"singlet"
"AGCGTATTCAACACGT-1",0.0792747057302564,"singlet"
"AGCGTATTCACACCGG-1",0.0946071236923856,"singlet"
"AGCGTATTCCAAACCA-1",0.10479606441225,"singlet"
"AGCGTCGGTCCCGCAA-1",0.0857950793952803,"singlet"
"AGCTACAGTATGCTTG-1",0.0498677905715887,"singlet"
"AGCTCAAAGCACTCCG-1",0.140777820340136,"singlet"
"AGCTCAAAGTGCAGCA-1",0.190138594536049,"singlet"
"AGCTCAACATGAATAG-1",0.215233912392515,"singlet"
"AGCTCAAGTACCCGCA-1",0.0254540026973511,"singlet"
"AGGAAATAGGCTTAAA-1",0.187465959456074,"singlet"
"AGGAAATCATGGTGGA-1",0.0642638951255331,"singlet"
"AGGAAATGTTAGAGAT-1",0.0855820108485806,"singlet"
"AGGAATAAGAGTTGAT-1",0.0446904746082557,"singlet"
"AGGAATAAGCTCGTGC-1",0.168312818236752,"singlet"
"AGGAATACAACTCCCT-1",0.0845172127013617,"singlet"
"AGGAATACAAGATCCT-1",0.22925262454755,"singlet"
"AGGAATACACTGGAAG-1",0.0790131219836576,"singlet"
"AGGAATACAGGGAATC-1",0.12170159183699,"singlet"
"AGGAATAGTTCCAAAC-1",0.0522551343809324,"singlet"
"AGGACGAAGAGTGTGC-1",0.101341872375158,"singlet"
"AGGACGAGTAGCCAGA-1",0.103766027540544,"singlet"
"AGGACTTGTTGCAACT-1",0.653387460350234,"doublet"
"AGGACTTTCATGGGAG-1",0.103245124676648,"singlet"
"AGGAGGTCACTGAGGA-1",0.202182031952507,"singlet"
"AGGAGGTCAGCCTACG-1",0.0975407092849669,"singlet"
"AGGAGGTTCCAACACA-1",0.21697427742802,"singlet"
"AGGATAAAGGTCCCTG-1",0.453008655161715,"doublet"
"AGGATAAAGTATAGGT-1",0.113745410086174,"singlet"
"AGGATAACACATGACT-1",0.175319786510183,"singlet"
"AGGATAACAGCAGAAC-1",0.447386437246711,"doublet"
"AGGATAATCACGGAGA-1",0.182734442869188,"singlet"
"AGGATAATCCATCACC-1",0.0707964820882684,"singlet"
"AGGATCTAGCTCAGAG-1",0.186860019354435,"singlet"
"AGGATCTCAATGAACA-1",0.0675679302666399,"singlet"
"AGGATCTGTTGGGACA-1",0.117134388516185,"singlet"
"AGGATCTTCGAGCACC-1",0.0568585531120075,"singlet"
"AGGCATTAGCGTATAA-1",0.218566902187974,"singlet"
"AGGCATTAGTCCCAAT-1",0.27234119594966,"singlet"
"AGGCATTCAAGTGGTG-1",0.0317555962154015,"singlet"
"AGGCATTCATCCGTTC-1",0.0725192401608202,"singlet"
"AGGCATTTCGGTAACT-1",0.0963558210184983,"singlet"
"AGGCCACAGGAGCAAA-1",0.0212153583439449,"singlet"
"AGGCCACAGGCATCAG-1",0.1313115806528,"singlet"
"AGGCCACCAGACTGCC-1",0.164049494496077,"singlet"
"AGGCCACCATCATCTT-1",0.171670134567509,"singlet"
"AGGCCACGTGTAGCAG-1",0.0864080745101394,"singlet"
"AGGCCACTCCCATAAG-1",0.113955380907638,"singlet"
"AGGCTGCCAAAGCTCT-1",0.0643586433613418,"singlet"
"AGGCTGCCAGAGGCAT-1",0.373093651832126,"doublet"
"AGGGAGTTCGCCATAA-1",0.0470478271090048,"singlet"
"AGGGCCTAGTACAGCG-1",0.152885075270997,"singlet"
"AGGGCCTCACTCCTTG-1",0.0521000938018774,"singlet"
"AGGGCCTCAGTAGATA-1",0.178349060547053,"singlet"
"AGGGCCTCAGTTGTTG-1",0.280027992568488,"singlet"
"AGGGCCTGTTTAGACC-1",0.159547395441701,"singlet"
"AGGGCCTTCGATAACC-1",0.218645541707149,"singlet"
"AGGGCTCAGTTGGAGC-1",0.164633002965318,"singlet"
"AGGGCTCCACGATTCA-1",0.144225088343922,"singlet"
"AGGGCTCGTATGCTAC-1",0.232978510718732,"singlet"
"AGGGCTCGTCGGCCTA-1",0.139614154774607,"singlet"
"AGGGCTCTCTTGGTCC-1",0.225162321670216,"singlet"
"AGGGTCCAGCAGGTCA-1",0.114410694593691,"singlet"
"AGGGTCCCACTCAGAT-1",0.203344681611059,"singlet"
"AGGGTCCCAGACACCC-1",0.249262193450064,"singlet"
"AGGGTCCTCACTCACC-1",0.201579771601053,"singlet"
"AGGGTGAAGGTAGTCG-1",0.139223209547509,"singlet"
"AGGGTGAAGTTGCTCA-1",0.0973633548069561,"singlet"
"AGGGTGAGTCGAATTC-1",0.103499707644622,"singlet"
"AGGGTGAGTTGCATAC-1",0.0471228910657767,"singlet"
"AGGGTTTAGAATCTAG-1",0.0592106096911472,"singlet"
"AGGGTTTAGCATTTCG-1",0.35990785806856,"doublet"
"AGGGTTTCAGGTTCAT-1",0.326144236015506,"singlet"
"AGGGTTTCATGAGGGT-1",0.164919700986852,"singlet"
"AGGGTTTGTATTAAGG-1",0.451757158407527,"doublet"
"AGGTAGGAGCTAGTTC-1",0.276137107279208,"singlet"
"AGGTAGGAGGGTCTTT-1",0.140567587987016,"singlet"
"AGGTAGGAGTGGTTCT-1",0.0818778209889647,"singlet"
"AGGTAGGCATACCATG-1",0.324676813319889,"singlet"
"AGGTAGGGTCGATGCC-1",0.141572139215756,"singlet"
"AGGTAGGTCAAAGAAC-1",0.192681129112805,"singlet"
"AGGTCATAGATTGACA-1",0.0696834578615826,"singlet"
"AGGTCATCAAATACAG-1",0.181567467090919,"singlet"
"AGGTCATCACTGCTTC-1",0.0560590480369449,"singlet"
"AGGTCATGTCAGGTGA-1",0.072187788737247,"singlet"
"AGGTCTACAGCCCAGT-1",0.162145632036656,"singlet"
"AGGTCTAGTACAAAGT-1",0.252221206506726,"singlet"
"AGGTCTAGTCGCTTAA-1",0.227688791772991,"singlet"
"AGGTCTATCCGAGGCT-1",0.109174434787248,"singlet"
"AGGTCTATCCGTGTGG-1",0.0939290630394584,"singlet"
"AGGTGTTCAACTAGAA-1",0.119966426766044,"singlet"
"AGGTGTTCAGCGTACC-1",0.169304246454961,"singlet"
"AGGTGTTTCTCATGGA-1",0.120739634265399,"singlet"
"AGGTTACGTCGTACTA-1",0.199352629187688,"singlet"
"AGGTTACTCCGTAGTA-1",0.15032792531374,"singlet"
"AGGTTACTCTTCCACG-1",0.151850211617837,"singlet"
"AGGTTGTTCCGAGGCT-1",0.0557495716685604,"singlet"
"AGGTTGTTCTCGCAGG-1",0.419814116779976,"doublet"
"AGTAACCAGGCGTTGA-1",0.218295278940628,"singlet"
"AGTAACCAGTCATAGA-1",0.370268093886486,"doublet"
"AGTAACCCAATTGAGA-1",0.055629244221153,"singlet"
"AGTAACCCAGAGATGC-1",0.161430574935551,"singlet"
"AGTAACCGTATGACAA-1",0.131302832689691,"singlet"
"AGTAACCGTATGGAAT-1",0.127948044356775,"singlet"
"AGTAACCGTTTCGACA-1",0.206318567052941,"singlet"
"AGTAACCTCTTAAGGC-1",0.171930859463794,"singlet"
"AGTACCAAGCGTTACT-1",0.163352293032656,"singlet"
"AGTACCAGTACGTACT-1",0.210016734333743,"singlet"
"AGTACCAGTAGAGATT-1",0.238787564669847,"singlet"
"AGTACCAGTTGTGTAC-1",0.190484538567034,"singlet"
"AGTACCATCCATAAGC-1",0.103002850102764,"singlet"
"AGTACTGAGTCTCCTC-1",0.320193886025048,"singlet"
"AGTACTGCACCTATCC-1",0.201017328899713,"singlet"
"AGTACTGTCTGTGCAA-1",0.189678786685606,"singlet"
"AGTAGCTCAACTCGAT-1",0.166293650975033,"singlet"
"AGTAGCTCAATCGAAA-1",0.0527882812662943,"singlet"
"AGTAGTCAGAAACACT-1",0.0542147269568241,"singlet"
"AGTAGTCTCATACAGC-1",0.167063204802875,"singlet"
"AGTAGTCTCTCAGTCC-1",0.148341302241019,"singlet"
"AGTCAACAGTGCACTT-1",0.309906172451547,"singlet"
"AGTCAACGTCAGGTGA-1",0.0668200164524143,"singlet"
"AGTCAACGTCGTAATC-1",0.0485743336754955,"singlet"
"AGTCACACACTGGAAG-1",0.0930372767587817,"singlet"
"AGTCACACAGTAGGAC-1",0.133853946673308,"singlet"
"AGTCACAGTTCAAGGG-1",0.0960045864153355,"singlet"
"AGTCATGCAGTCAGCC-1",0.0939059203934889,"singlet"
"AGTCATGGTAGGCAGT-1",0.0496229329286698,"singlet"
"AGTCATGGTCAAGCCC-1",0.042259879063624,"singlet"
"AGTCATGTCACTTGTT-1",0.177880176119338,"singlet"
"AGTCTCCAGACATAAC-1",0.209766990040119,"singlet"
"AGTCTCCAGCACTCAT-1",0.190210903390118,"singlet"
"AGTCTCCAGTAAACGT-1",0.0414029098865444,"singlet"
"AGTCTCCAGTTGGAAT-1",0.0736556766719576,"singlet"
"AGTCTCCCACCAGCCA-1",0.0687925070692719,"singlet"
"AGTCTCCCAGGCCTGT-1",0.0339171023616035,"singlet"
"AGTCTCCGTAAGTCAA-1",0.142068356990122,"singlet"
"AGTCTCCGTGATACCT-1",0.0311432193675968,"singlet"
"AGTCTCCTCGCTGATA-1",0.231622989669691,"singlet"
"AGTCTCCTCGTGTCAA-1",0.167217986207141,"singlet"
"AGTGACTAGAGAACCC-1",0.102901178611865,"singlet"
"AGTGACTCAGAGTGTG-1",0.0500644088746434,"singlet"
"AGTGACTGTCCATCTC-1",0.242214898913629,"singlet"
"AGTGACTGTCCCTCAT-1",0.527625285395799,"doublet"
"AGTGATCAGACATAGT-1",0.115176140145391,"singlet"
"AGTGATCAGCCGTTGC-1",0.0857870370269869,"singlet"
"AGTGATCAGGTCTACT-1",0.0625867583401871,"singlet"
"AGTGATCCACGAAGAC-1",0.789445909333506,"doublet"
"AGTGATCGTGATGAAT-1",0.0711574702263677,"singlet"
"AGTGATCGTGGGCTTC-1",0.0943980348651149,"singlet"
"AGTGCCGAGGTACCTT-1",0.418932018133907,"doublet"
"AGTGCCGCACCAGCTG-1",0.300022749284495,"singlet"
"AGTGCCGTCGTCTACC-1",0.165530903618843,"singlet"
"AGTGCCGTCTCAGAAC-1",0.224697826539854,"singlet"
"AGTGTTGAGCGTCAAG-1",0.126676742732233,"singlet"
"AGTGTTGAGCTCTATG-1",0.261807110729222,"singlet"
"AGTGTTGAGGTACTGG-1",0.0646559096103892,"singlet"
"AGTGTTGAGTGGAAGA-1",0.0731097903617728,"singlet"
"AGTGTTGGTTACACTG-1",0.162694664341184,"singlet"
"AGTTAGCCACTTTAGG-1",0.295978945311635,"singlet"
"AGTTAGCGTCGGCTAC-1",0.312703966521607,"singlet"
"AGTTAGCGTGCTGATT-1",0.119791584320895,"singlet"
"AGTTAGCTCACCTGGG-1",0.139957645600954,"singlet"
"AGTTAGCTCGATTGAC-1",0.180642526921688,"singlet"
"AGTTAGCTCTCCTACG-1",0.16307616861053,"singlet"
"AGTTAGCTCTGGACTA-1",0.107591451204278,"singlet"
"AGTTAGCTCTTCGACC-1",0.0920414220827201,"singlet"
"AGTTCCCAGGAACTCG-1",0.125051816152864,"singlet"
"AGTTCCCGTATGAGAT-1",0.138565126983381,"singlet"
"AGTTCGAAGACTGAGC-1",0.223600481010194,"singlet"
"AGTTCGAAGCAAATGT-1",0.223893709970478,"singlet"
"AGTTCGAAGGAACATT-1",0.179929734510019,"singlet"
"AGTTCGAAGTAAATGC-1",0.298607519172548,"singlet"
"AGTTCGACACCCTAAA-1",0.0818467508067231,"singlet"
"AGTTCGAGTCATCCGG-1",0.131681736170524,"singlet"
"ATACCGAGTACCACGC-1",0.114352720730144,"singlet"
"ATACCGAGTCGATGCC-1",0.288276795751182,"singlet"
"ATACCGAGTGTCCACG-1",0.113584720960039,"singlet"
"ATACCTTAGACCTCAT-1",0.15835901054011,"singlet"
"ATACCTTCACAGACGA-1",0.182741479941942,"singlet"
"ATACCTTCAGCTCGGT-1",0.0839884228401905,"singlet"
"ATACCTTCAGGCCCTA-1",0.112215463944548,"singlet"
"ATACCTTCATTAAGCC-1",0.119920241949792,"singlet"
"ATACCTTGTATTTCGG-1",0.567485564453799,"doublet"
"ATACCTTGTCGTGCCA-1",0.107736050454491,"singlet"
"ATACCTTGTGTTTCTT-1",0.154281246904094,"singlet"
"ATACTTCAGTTGCCTA-1",0.138802119388235,"singlet"
"ATACTTCTCGCAGTGC-1",0.250513308057069,"singlet"
"ATAGACCAGCCTCTGG-1",0.134975581566861,"singlet"
"ATAGACCCATCCGAAT-1",0.343714729187506,"singlet"
"ATAGACCTCTAGGCAT-1",0.157586164936028,"singlet"
"ATAGAGAAGTGCGACA-1",0.053957218080298,"singlet"
"ATAGAGACAATACGCT-1",0.228667104167888,"singlet"
"ATAGAGACAATTGCGT-1",0.164967629166361,"singlet"
"ATAGAGACAGAACTTC-1",0.210818565443331,"singlet"
"ATAGAGAGTCGACTGC-1",0.129303501314434,"singlet"
"ATAGAGAGTGAGTAAT-1",0.055765264198895,"singlet"
"ATAGGCTAGACCTCAT-1",0.145035922991991,"singlet"
"ATAGGCTCAGGTGTGA-1",0.129933787466982,"singlet"
"ATAGGCTGTCGTGTTA-1",0.0384635940874896,"singlet"
"ATAGGCTGTTAAACCC-1",0.111143668709055,"singlet"
"ATAGGCTTCCATCTCG-1",0.109881428901583,"singlet"
"ATAGGCTTCTATTCGT-1",0.111761578034176,"singlet"
"ATATCCTAGGGCAGAG-1",0.121943000165195,"singlet"
"ATATCCTGTTGGAGAC-1",0.0983553108588762,"singlet"
"ATCACAGAGACTCCGC-1",0.0521758532375413,"singlet"
"ATCACAGAGGGAGGGT-1",0.107537445075914,"singlet"
"ATCACAGCAACCAATC-1",0.0468311615162738,"singlet"
"ATCACAGGTCCAGAAG-1",0.0521269152785117,"singlet"
"ATCACAGTCGCACGGT-1",0.0354901755988358,"singlet"
"ATCACGAAGAGCATTA-1",0.196121236184143,"singlet"
"ATCACGAAGATTAGTG-1",0.318082914880375,"singlet"
"ATCACGACAGTCTCTC-1",0.170477425504115,"singlet"
"ATCACGACATGGCTGC-1",0.13140044636913,"singlet"
"ATCACGATCACTGTCC-1",0.247711428917182,"singlet"
"ATCACGATCCGAAATC-1",0.102482376173826,"singlet"
"ATCACTTCAGCCCAGT-1",0.0890909488622137,"singlet"
"ATCACTTCATCGCCTT-1",0.417909128746007,"doublet"
"ATCACTTCATGAATAG-1",0.235339798188219,"singlet"
"ATCACTTGTTAACCTG-1",0.182656134263599,"singlet"
"ATCAGGTGTGAGGATC-1",0.159687495636328,"singlet"
"ATCAGGTGTGCCGTTG-1",0.104128497163587,"singlet"
"ATCAGGTTCACGAACT-1",0.159729975376326,"singlet"
"ATCAGGTTCATACAGC-1",0.305225624552808,"singlet"
"ATCATTCAGCCTCAAT-1",0.363925277254107,"doublet"
"ATCATTCCACATAGCT-1",0.219870526172186,"singlet"
"ATCATTCGTCGCTGCA-1",0.108108889255118,"singlet"
"ATCATTCGTGAACGGT-1",0.0590358148887134,"singlet"
"ATCATTCTCCCGTTGT-1",0.171614560774512,"singlet"
"ATCCACCAGGAATCGC-1",0.0890198941848141,"singlet"
"ATCCACCAGGCAGTCA-1",0.188918642992464,"singlet"
"ATCCACCAGTGTTCAC-1",0.113654901917641,"singlet"
"ATCCATTTCTGGCCAG-1",0.178993885991388,"singlet"
"ATCCCTGAGGGACAGG-1",0.0918589072078715,"singlet"
"ATCCCTGCATCAGCAT-1",0.200180898619224,"singlet"
"ATCCCTGGTTTGGCTA-1",0.270613441569562,"singlet"
"ATCCCTGTCTAAGCCA-1",0.0903933094226182,"singlet"
"ATCCGTCGTTTGAACC-1",0.119219561233127,"singlet"
"ATCCTATAGGACCCAA-1",0.0111966660610677,"singlet"
"ATCCTATGTCACTTCC-1",0.177637838473301,"singlet"
"ATCCTATTCCTTTGAT-1",0.0424442600427372,"singlet"
"ATCCTATTCTTGGATG-1",0.143311605695187,"singlet"
"ATCGATGCAGTCGGAA-1",0.180904347295936,"singlet"
"ATCGATGCATGGCTAT-1",0.11550371854491,"singlet"
"ATCGATGGTGGTCAAG-1",0.134024662793225,"singlet"
"ATCGATGTCTACCCAC-1",0.11408346735736,"singlet"
"ATCGATGTCTGGTGGC-1",0.0939563681457447,"singlet"
"ATCGCCTAGTCAAGCG-1",0.13817556367171,"singlet"
"ATCGCCTTCGTAGCTA-1",0.17168902204706,"singlet"
"ATCGGATAGTGCAGCA-1",0.0248401608278969,"singlet"
"ATCGGATCAACACGAG-1",0.212241585308166,"singlet"
"ATCGGATCAGGTCTCG-1",0.0627456116451695,"singlet"
"ATCGGATTCAAGGCTT-1",0.132866034263243,"singlet"
"ATCGGATTCTCGTCGT-1",0.115590754861881,"singlet"
"ATCGGCGGTTCAAACC-1",0.102599107810011,"singlet"
"ATCGGCGTCACCTCGT-1",0.59734651549877,"doublet"
"ATCGGCGTCGGTAACT-1",0.174009782196852,"singlet"
"ATCGGCGTCGGTATGT-1",0.0574852677466605,"singlet"
"ATCGTAGAGACCAAAT-1",0.0639622265225551,"singlet"
"ATCGTAGAGGGCAACT-1",0.084360254117521,"singlet"
"ATCGTAGGTCATTCCC-1",0.358655426561124,"doublet"
"ATCGTCCAGACTCATC-1",0.103271796762238,"singlet"
"ATCGTCCAGTCACACT-1",0.104793014389619,"singlet"
"ATCGTCCCAAGAGGCT-1",0.0969232094884913,"singlet"
"ATCGTCCCAATGACCT-1",0.0749799177123332,"singlet"
"ATCGTCCCATCCTTCG-1",0.433141875054404,"doublet"
"ATCGTCCGTCCAGTTA-1",0.234773318668789,"singlet"
"ATCGTGACAACCCTCT-1",0.236123362943742,"singlet"
"ATCGTGAGTCGTACTA-1",0.111114717662666,"singlet"
"ATCTCTATCCAAGCAT-1",0.213858064225136,"singlet"
"ATCTCTATCGAATCCA-1",0.0534544687589246,"singlet"
"ATCTTCAAGGTAGATT-1",0.178975228187726,"singlet"
"ATCTTCACAACAGCTT-1",0.135823649298859,"singlet"
"ATCTTCACACGGATCC-1",0.19950975450589,"singlet"
"ATCTTCACATGGGTCC-1",0.168586183320736,"singlet"
"ATCTTCAGTACAGTCT-1",0.295527077343317,"singlet"
"ATCTTCAGTGTAGCAG-1",0.100427994054563,"singlet"
"ATGAAAGGTAGTCCTA-1",0.183641796200026,"singlet"
"ATGAAAGGTATGAGAT-1",0.232217180646703,"singlet"
"ATGACCACACAGCTGC-1",0.134646282047376,"singlet"
"ATGACCACATACTGAC-1",0.160966083484548,"singlet"
"ATGACCAGTCCTTAAG-1",0.0743463854594683,"singlet"
"ATGACCATCCTTGACC-1",0.355301656466323,"singlet"
"ATGAGGGTCTATCACT-1",0.187154376877757,"singlet"
"ATGAGTCAGCAACAAT-1",0.418503178633841,"doublet"
"ATGAGTCCAAAGAACT-1",0.325599617578456,"singlet"
"ATGAGTCGTACCGTGC-1",0.0653444066718076,"singlet"
"ATGAGTCTCCACTGGG-1",0.219102347162667,"singlet"
"ATGAGTCTCTCCGCAT-1",0.138427124287302,"singlet"
"ATGATCGAGAGTCAAT-1",0.0625468339299498,"singlet"
"ATGATCGAGCCTTGAT-1",0.11450342720256,"singlet"
"ATGATCGAGTCGCGAA-1",0.0329688195917598,"singlet"
"ATGATCGCAGCAGACA-1",0.081676519665988,"singlet"
"ATGATCGCATGACACT-1",0.0918016937432352,"singlet"
"ATGATCGTCAAGAGTA-1",0.122654057761315,"singlet"
"ATGATCGTCACTCGAA-1",0.23560062010956,"singlet"
"ATGATCGTCGCTTGAA-1",0.083802314287583,"singlet"
"ATGCATGAGCTGGCCT-1",0.319457726838503,"singlet"
"ATGCATGGTCTCAGGC-1",0.0839572217268074,"singlet"
"ATGCCTCAGTTACGAA-1",0.0247761318427122,"singlet"
"ATGCCTCCACGATAGG-1",0.151834983121404,"singlet"
"ATGCCTCTCGTGCTCT-1",0.0950056781901826,"singlet"
"ATGCGATTCGCTTACC-1",0.0664023978999835,"singlet"
"ATGGAGGGTATGGTTC-1",0.12486783816992,"singlet"
"ATGGATCAGAGTTGCG-1",0.147781947537505,"singlet"
"ATGGATCTCACCATGA-1",0.267335228810223,"singlet"
"ATGGGAGAGAGTAACT-1",0.0731428330266305,"singlet"
"ATGGGAGCACAAGCAG-1",0.0801175319280357,"singlet"
"ATGGGAGGTTCTGAGT-1",0.113357837876993,"singlet"
"ATGGGAGGTTGGGTTT-1",0.0564075116698941,"singlet"
"ATGGGAGTCAGTCCGG-1",0.282482937603394,"singlet"
"ATGGGAGTCCAGCTCT-1",0.0459198901157264,"singlet"
"ATGGGTTAGCTGAGCA-1",0.577880248447867,"doublet"
"ATGGGTTTCGAATGCT-1",0.115401149655637,"singlet"
"ATGGTTGAGTCGCTAT-1",0.0280642417560008,"singlet"
"ATGGTTGCAGAACATA-1",0.052342002487936,"singlet"
"ATGGTTGCAGAGGCAT-1",0.0943247963560637,"singlet"
"ATGGTTGGTCTTCCGT-1",0.13352013455281,"singlet"
"ATGTCCCAGAGAGCAA-1",0.0986197765765572,"singlet"
"ATGTCCCAGCCTGCCA-1",0.0854144882224088,"singlet"
"ATGTCCCAGGCGAAGG-1",0.206623334534802,"singlet"
"ATGTCCCAGGCTGGAT-1",0.163426477115675,"singlet"
"ATGTCCCAGTCGTCTA-1",0.029773291719858,"singlet"
"ATGTCCCCACCGCTAG-1",0.118266903961517,"singlet"
"ATGTCCCCAGTCAACT-1",0.0284296705943946,"singlet"
"ATGTCCCCATCGCTGG-1",0.105687661145787,"singlet"
"ATGTCCCCATGAGTAA-1",0.311672713813102,"singlet"
"ATGTCCCGTTGAGAGC-1",0.163287755568459,"singlet"
"ATGTCCCTCCTGTAAG-1",0.285097103719696,"singlet"
"ATGTCCCTCGCAGTTA-1",0.0504536229034927,"singlet"
"ATGTCCCTCGTAGGGA-1",0.284610462009408,"singlet"
"ATGTCTTAGGCCTAGA-1",0.0285898473887053,"singlet"
"ATGTCTTCAGCTGGTC-1",0.073406378209229,"singlet"
"ATGTCTTTCAGCTAGT-1",0.139735306114217,"singlet"
"ATGTCTTTCAGGGTAG-1",0.0379425737131856,"singlet"
"ATTACCTAGAAGTCAT-1",0.0712184454244137,"singlet"
"ATTACCTAGGAACGAA-1",0.5023270798526,"doublet"
"ATTACCTCAAGTAGTA-1",0.124361570013492,"singlet"
"ATTACCTTCGAAGAAT-1",0.0579445802647056,"singlet"
"ATTACCTTCGCGTGAC-1",0.0611544406874541,"singlet"
"ATTACCTTCTGACAGT-1",0.135916935269638,"singlet"
"ATTACTCAGGAAAGTG-1",0.146714032435922,"singlet"
"ATTACTCCACAGGATG-1",0.16272097688228,"singlet"
"ATTACTCCAGGACAGT-1",0.0547982606957893,"singlet"
"ATTACTCGTCGAACGA-1",0.242948032218629,"singlet"
"ATTACTCTCAGCAATC-1",0.0515183159046586,"singlet"
"ATTATCCAGATGCTGG-1",0.165388836891998,"singlet"
"ATTATCCCAAAGTGTA-1",0.136731644582237,"singlet"
"ATTATCCCATCCTTCG-1",0.150327454498418,"singlet"
"ATTATCCCATCTAGAC-1",0.122564316121175,"singlet"
"ATTATCCGTCAAGCCC-1",0.0890813868933442,"singlet"
"ATTATCCGTTGGGTTT-1",0.118414571826638,"singlet"
"ATTATCCTCGCAGTGC-1",0.194290599469112,"singlet"
"ATTCACTCACACAGAG-1",0.177428566139084,"singlet"
"ATTCACTCATGTACGT-1",0.136494397665616,"singlet"
"ATTCAGGAGCCTCTGG-1",0.25844723781611,"singlet"
"ATTCAGGTCTTACACT-1",0.133752618896381,"singlet"
"ATTCATCAGCCAAGTG-1",0.246096767676813,"singlet"
"ATTCATCCAACGCCCA-1",0.0460560304555068,"singlet"
"ATTCATCCATACCGTA-1",0.214312282532417,"singlet"
"ATTCATCGTGCCGTTG-1",0.112760514990981,"singlet"
"ATTCATCTCAAGTCGT-1",0.161932986716288,"singlet"
"ATTCATCTCGAGAAAT-1",0.0867428554976366,"singlet"
"ATTCCATTCAGCCTCT-1",0.0276114215169678,"singlet"
"ATTCCATTCTACACAG-1",0.114589881378182,"singlet"
"ATTCCCGAGTATGTAG-1",0.0915293967227309,"singlet"
"ATTCCCGCAAACTAAG-1",0.174821086589738,"singlet"
"ATTCCCGCATTCGGGC-1",0.107658284533407,"singlet"
"ATTCCCGGTCATTCCC-1",0.0496927680336898,"singlet"
"ATTCCCGGTGAGTTGG-1",0.0809137665921079,"singlet"
"ATTCCCGTCATTGTGG-1",0.116239336474579,"singlet"
"ATTCCTATCTGGTTGA-1",0.279199018850723,"singlet"
"ATTCGTTCAAATGGCG-1",0.040849781879788,"singlet"
"ATTCGTTGTCGGTGTC-1",0.176110519381822,"singlet"
"ATTCGTTGTTGTTTGG-1",0.0511902965724647,"singlet"
"ATTCTACCAACAAAGT-1",0.102528819665721,"singlet"
"ATTCTACGTTTGGCTA-1",0.1477789838931,"singlet"
"ATTCTACTCCATTCAT-1",0.136123278351976,"singlet"
"ATTCTTGAGGACGCAT-1",0.171460579772491,"singlet"
"ATTCTTGAGGAGGCAG-1",0.0475940735961517,"singlet"
"ATTCTTGCAGAGTCTT-1",0.194768714064726,"singlet"
"ATTCTTGGTCCAGCCA-1",0.163767794766078,"singlet"
"ATTGGGTAGACGATAT-1",0.10084948445476,"singlet"
"ATTGGGTCAATAAGGT-1",0.186787905707574,"singlet"
"ATTGGGTCACGGGTAA-1",0.194912544881246,"singlet"
"ATTGGGTCATGACCCG-1",0.183725969564165,"singlet"
"ATTGGGTTCCAAATGC-1",0.0768677001435083,"singlet"
"ATTGGGTTCCACTGGG-1",0.31439243525079,"singlet"
"ATTGGGTTCTGAACGT-1",0.372445917966435,"doublet"
"ATTGTTCAGATACATG-1",0.225895937311043,"singlet"
"ATTGTTCCAACCACAT-1",0.165703860193424,"singlet"
"ATTGTTCGTAGCTTTG-1",0.351997542811091,"singlet"
"ATTGTTCGTGAGTAGC-1",0.1005989339757,"singlet"
"ATTGTTCGTGGACAGT-1",0.289938463412857,"singlet"
"ATTGTTCGTTCAACGT-1",0.0557253863904323,"singlet"
"ATTGTTCGTTGTGGAG-1",0.0747459503967382,"singlet"
"ATTGTTCTCCGAACGC-1",0.487964146142643,"doublet"
"ATTTACCAGCGGGTAT-1",0.231332153979929,"singlet"
"ATTTACCTCGTGGAAG-1",0.212352666307608,"singlet"
"ATTTCACCAGTACTAC-1",0.361563079021205,"doublet"
"ATTTCACCATTCAGGT-1",0.154643017589203,"singlet"
"ATTTCACGTAGAGCTG-1",0.181354311513156,"singlet"
"ATTTCACGTCCTTTGC-1",0.0766904505568185,"singlet"
"ATTTCACGTGCTCTTC-1",0.121762502417091,"singlet"
"ATTTCACTCAAGAATG-1",0.134110062870319,"singlet"
"ATTTCACTCTAGCCTC-1",0.0773070718975848,"singlet"
"ATTTCTGAGGGTTTCT-1",0.0565869762261338,"singlet"
"ATTTCTGGTAGACACG-1",0.118942886969713,"singlet"
"CAAAGAAAGGAACGTC-1",0.319728543853133,"singlet"
"CAAAGAACAACGCCCA-1",0.11643441873692,"singlet"
"CAAAGAAGTTAGGCCC-1",0.080915767294937,"singlet"
"CAAAGAATCATTTGCT-1",0.0535636666426768,"singlet"
"CAAAGAATCCATCCGT-1",0.00979483220215057,"singlet"
"CAACAACAGCGAAACC-1",0.229947493448545,"singlet"
"CAACAACAGCTCGACC-1",0.238566820054706,"singlet"
"CAACAACCATCCTGTC-1",0.102680122550468,"singlet"
"CAACAACTCCTCACCA-1",0.171930440817774,"singlet"
"CAACAGTAGAACAAGG-1",0.143190210236314,"singlet"
"CAACAGTGTGTAGTGG-1",0.299495682442066,"singlet"
"CAACAGTTCATAAGGA-1",0.239250096103724,"singlet"
"CAACAGTTCTCGGTCT-1",0.309000647363402,"singlet"
"CAACCAAAGGTGCCTC-1",0.200667451236068,"singlet"
"CAACCAAAGTCGCTAT-1",0.398399169724968,"doublet"
"CAACCAACAGAGTTGG-1",0.0529377092296252,"singlet"
"CAACCAATCACGGGAA-1",0.193636868447593,"singlet"
"CAACCTCAGGCACGAT-1",0.226306601136941,"singlet"
"CAACCTCAGGCTCAAG-1",0.164746023291546,"singlet"
"CAACCTCCAAGAGAGA-1",0.214615168847458,"singlet"
"CAACCTCGTCCCGGTA-1",0.106192045677103,"singlet"
"CAACCTCGTCTTCTAT-1",0.13619929854165,"singlet"
"CAACCTCGTGGTTCTA-1",0.117355052073008,"singlet"
"CAACCTCGTGTCCTAA-1",0.369110180007493,"doublet"
"CAACGATAGCAGCACA-1",0.177048117758855,"singlet"
"CAACGATGTAGTGCGA-1",0.033587082394458,"singlet"
"CAACGATTCACTTGTT-1",0.0454777715466745,"singlet"
"CAACGATTCCCTCGTA-1",0.294963180313973,"singlet"
"CAACGGCCAGGACAGT-1",0.136512174487555,"singlet"
"CAACGGCCATCGATGT-1",0.0803015036773465,"singlet"
"CAACGGCTCACTCTTA-1",0.146421024371488,"singlet"
"CAACGGCTCGTTCCCA-1",0.190185904395585,"singlet"
"CAAGACTCAACTCGTA-1",0.257845840148153,"singlet"
"CAAGACTCACGATAGG-1",0.0673231380816861,"singlet"
"CAAGACTGTATTGCCA-1",0.334746601055951,"singlet"
"CAAGACTGTCCAATCA-1",0.203606315130114,"singlet"
"CAAGACTGTCTCGGGT-1",0.198272630056767,"singlet"
"CAAGAGGCAACGGTAG-1",0.149266746831459,"singlet"
"CAAGAGGCACATGAAA-1",0.169483738077848,"singlet"
"CAAGAGGGTCCGAAAG-1",0.0486202735642385,"singlet"
"CAAGCTAGTAGTCGGA-1",0.0365709320138084,"singlet"
"CAAGCTAGTATCGCTA-1",0.526746312762019,"doublet"
"CAAGGGAAGACCGCCT-1",0.0207150721918709,"singlet"
"CAAGGGACACGGTGTC-1",0.444695132202509,"doublet"
"CAAGGGACACTGCGAC-1",0.0364173476135856,"singlet"
"CAAGGGAGTGCACGCT-1",0.0587360944866642,"singlet"
"CAAGGGATCTGTCTCG-1",0.0689393528315139,"singlet"
"CAATACGAGATTTGCC-1",0.257657855631311,"singlet"
"CAATACGAGGATACAT-1",0.136560033494261,"singlet"
"CAATACGCAAGACCGA-1",0.21378359653072,"singlet"
"CAATACGCACGGTAGA-1",0.288628793853341,"singlet"
"CAATACGTCGTTGTTT-1",0.0612407657688514,"singlet"
"CAATCGAAGACGAGCT-1",0.165049456293244,"singlet"
"CAATCGAAGGACTAAT-1",0.0993939960949031,"singlet"
"CAATCGAAGTGGATAT-1",0.0450791575141594,"singlet"
"CAATGACAGATGCTTC-1",0.154116074514176,"singlet"
"CAATGACCAGAGGTTG-1",0.168217079776974,"singlet"
"CAATGACTCTTTCCGG-1",0.124741000980607,"singlet"
"CAATTTCGTAATGCTC-1",0.201608681897774,"singlet"
"CAATTTCTCATGGCCG-1",0.0826798790150567,"singlet"
"CAATTTCTCGCAAGAG-1",0.0415750147542945,"singlet"
"CACAACACACACTTAG-1",0.309995154921988,"singlet"
"CACAACACAGCCTATA-1",0.60396282992184,"doublet"
"CACAACACAGCTACCG-1",0.13007198398337,"singlet"
"CACAACAGTCAGACTT-1",0.30233244605917,"singlet"
"CACAACAGTTGAGGAC-1",0.230638384081038,"singlet"
"CACAACATCTAGGCCG-1",0.140816046652112,"singlet"
"CACACAACAAATCAGA-1",0.103893111682193,"singlet"
"CACACAACAACTGAAA-1",0.111539236095872,"singlet"
"CACACAACAATAGGAT-1",0.33618937104567,"singlet"
"CACACAAGTGAAAGTT-1",0.286599384409448,"singlet"
"CACACAAGTGGAACAC-1",0.281651655259648,"singlet"
"CACACAAGTTGCCGAC-1",0.273715958786623,"singlet"
"CACACAATCGGCTGAC-1",0.305482235939706,"singlet"
"CACAGATAGCTAGATA-1",0.103957163466804,"singlet"
"CACAGATCACTCATAG-1",0.116978223288275,"singlet"
"CACAGATGTAGAAACT-1",0.344314571294759,"singlet"
"CACAGATGTCACTCGG-1",0.0589916461613469,"singlet"
"CACAGATGTCAGACGA-1",0.134571793281653,"singlet"
"CACAGATGTGCAACAG-1",0.135132135677852,"singlet"
"CACAGATGTTTACGAC-1",0.180876771977482,"singlet"
"CACAGATTCAATCTTC-1",0.215526555131875,"singlet"
"CACAGATTCGCTATTT-1",0.0900343938078003,"singlet"
"CACAGATTCTGCCCTA-1",0.286492394466999,"singlet"
"CACAGGCAGGCGTTGA-1",0.111820673184396,"singlet"
"CACAGGCCAACCCTCT-1",0.298945273466472,"singlet"
"CACAGGCCAGACAAGC-1",0.223193121608377,"singlet"
"CACAGGCGTAGTAAGT-1",0.140654357116485,"singlet"
"CACAGGCGTATAATGG-1",0.226388522924714,"singlet"
"CACATGAGTCCTGTTC-1",0.0591917994167506,"singlet"
"CACATGATCAGGACAG-1",0.273508540724524,"singlet"
"CACATGATCTTCCCAG-1",0.117354404824705,"singlet"
"CACCAAAAGACATGCG-1",0.187406075482751,"singlet"
"CACCAAAAGCACTTTG-1",0.0863769638663717,"singlet"
"CACCAAACAATTAGGA-1",0.192793823151892,"singlet"
"CACCAAACAGTCTCTC-1",0.0986906241295,"singlet"
"CACCAAAGTACAGAAT-1",0.0661330528612066,"singlet"
"CACCAAAGTGAACTAA-1",0.128610935392618,"singlet"
"CACCGTTAGCCGTTGC-1",0.301596741612927,"singlet"
"CACCGTTCACTCAGAT-1",0.2669878104138,"singlet"
"CACCGTTCAGAACCGA-1",0.162732315686879,"singlet"
"CACCGTTTCCGCACTT-1",0.0860881862158175,"singlet"
"CACGAATAGCATGAAT-1",0.0870757398003322,"singlet"
"CACGAATAGCCTTTGA-1",0.421971007933262,"doublet"
"CACGGGTAGTTCCTGA-1",0.201014730003921,"singlet"
"CACGGGTTCTCGAACA-1",0.0766592845836769,"singlet"
"CACGTGGGTTTCGATG-1",0.425450721230519,"doublet"
"CACGTGGTCCTACACC-1",0.245186636715971,"singlet"
"CACGTTCAGCGAACTG-1",0.131645014925222,"singlet"
"CACGTTCAGGTACCTT-1",0.175917988164146,"singlet"
"CACGTTCCACTGAGGA-1",0.751482397874694,"doublet"
"CACGTTCCAGCGGTTC-1",0.122787624586691,"singlet"
"CACGTTCCAGGCATTT-1",0.103937392461496,"singlet"
"CACGTTCCATTGTACG-1",0.0453390852960276,"singlet"
"CACGTTCGTACTAACC-1",0.236299673056282,"singlet"
"CACGTTCGTCAGGTGA-1",0.208393899835387,"singlet"
"CACGTTCGTTTGGAGG-1",0.389840785337609,"doublet"
"CACGTTCTCAAGCTTG-1",0.13171016456382,"singlet"
"CACGTTCTCACTACGA-1",0.0827957233527337,"singlet"
"CACTAAGAGTGTTGAA-1",0.123334719661508,"singlet"
"CACTAAGAGTTTGGCT-1",0.141263372745725,"singlet"
"CACTAAGCAAGTCGTT-1",0.22062871407688,"singlet"
"CACTAAGCACTCAAGT-1",0.285756345273482,"singlet"
"CACTAAGGTATCGGTT-1",0.136115268259534,"singlet"
"CACTAAGGTCGTACAT-1",0.25426594489899,"singlet"
"CACTAAGGTGTTGCCG-1",0.0352290449993422,"singlet"
"CACTAAGTCTTTGCTA-1",0.110484044479202,"singlet"
"CACTGAAAGCGATGGT-1",0.177409671324494,"singlet"
"CACTGAAAGTGAATAC-1",0.166711415308471,"singlet"
"CACTGAACAATTCACG-1",0.124721138658141,"singlet"
"CACTGAACACATTGTG-1",0.301441826001589,"singlet"
"CACTGAAGTTGTGGCC-1",0.0936847884873301,"singlet"
"CACTGAATCCTGGTCT-1",0.245474563568987,"singlet"
"CACTGGGAGACGGTTG-1",0.110574002860579,"singlet"
"CACTGGGCACTGGATT-1",0.182442056071966,"singlet"
"CACTGGGGTCTCAAGT-1",0.144531495151249,"singlet"
"CACTGGGGTCTCTCTG-1",0.0300768489328821,"singlet"
"CACTGGGTCTGCCTGT-1",0.10726537112333,"singlet"
"CACTGTCCAAGTCGTT-1",0.148281606450408,"singlet"
"CACTGTCGTCGCAACC-1",0.115768778155117,"singlet"
"CACTGTCGTTAGGAGC-1",0.130855282818777,"singlet"
"CACTGTCTCAACCTCC-1",0.16165622790034,"singlet"
"CACTGTCTCTAGGAAA-1",0.101528835804015,"singlet"
"CACTTCGTCCTATGGA-1",0.249514650961621,"singlet"
"CAGAGCCAGACGACGT-1",0.335508441488027,"singlet"
"CAGAGCCAGCATCAAA-1",0.0947770665004905,"singlet"
"CAGAGCCAGGTTAAAC-1",0.0262188409306233,"singlet"
"CAGAGCCCATGAGGGT-1",0.126487871567431,"singlet"
"CAGATACAGAACGCGT-1",0.112226420379114,"singlet"
"CAGATACAGACTTCGT-1",0.137568719282731,"singlet"
"CAGATACAGGGAGGCA-1",0.0192199602358679,"singlet"
"CAGATACGTGTAAACA-1",0.0761530330673746,"singlet"
"CAGATACTCTTGTTAC-1",0.347924486372325,"singlet"
"CAGATCAAGATTGAGT-1",0.10762550115164,"singlet"
"CAGATCAAGGGCTGAT-1",0.197854788912793,"singlet"
"CAGATCAGTGATAGTA-1",0.0401917016413649,"singlet"
"CAGATCAGTTCATCTT-1",0.107344092972011,"singlet"
"CAGATCAGTTGGCCTG-1",0.164194116562637,"singlet"
"CAGATCATCCATTGCC-1",0.207966827760493,"singlet"
"CAGATTGCAAACGTGG-1",0.106950300097883,"singlet"
"CAGATTGCACCTGCGA-1",0.243540667521103,"singlet"
"CAGCAATAGCAGGCAT-1",0.0569095318411897,"singlet"
"CAGCAATAGGTGCCAA-1",0.246812360098866,"singlet"
"CAGCAATGTACCAATC-1",0.0552487500170776,"singlet"
"CAGCAATGTTGATGTC-1",0.151649434767728,"singlet"
"CAGCAATGTTTCAGAC-1",0.108458466955456,"singlet"
"CAGCAATTCACCTACC-1",0.1411748638539,"singlet"
"CAGCAATTCGTGGAAG-1",0.0225289977563103,"singlet"
"CAGCACGAGCACTGGA-1",0.0352552519243945,"singlet"
"CAGCACGAGGGAGTTC-1",0.121495962345369,"singlet"
"CAGCACGAGTGAGGTC-1",0.0637734316864647,"singlet"
"CAGCACGCACGGCCAT-1",0.314381329383363,"singlet"
"CAGCACGTCCACGAAT-1",0.379626634001653,"doublet"
"CAGCAGCAGCGTCTCG-1",0.299941176001248,"singlet"
"CAGCAGCAGCGTTAGG-1",0.0911750146316745,"singlet"
"CAGCAGCAGTGAGGCT-1",0.164147546125339,"singlet"
"CAGCAGCGTCATGCAT-1",0.176448371136969,"singlet"
"CAGCAGCTCTAGACAC-1",0.11738316683754,"singlet"
"CAGCCAGAGTATTGCC-1",0.324862323515675,"singlet"
"CAGCCAGCAAGGTCGA-1",0.342047983953938,"singlet"
"CAGCCAGCAATGTCTG-1",0.1516160555948,"singlet"
"CAGCCAGTCGATACTG-1",0.105312856340547,"singlet"
"CAGCCAGTCGCAGTTA-1",0.0583922363941807,"singlet"
"CAGCCAGTCGTGGTAT-1",0.140669211185878,"singlet"
"CAGCGTGAGGCCTTGC-1",0.102864565968951,"singlet"
"CAGCGTGTCAAAGGAT-1",0.118319228458729,"singlet"
"CAGCGTGTCATTTGTC-1",0.0854456630627583,"singlet"
"CAGCGTGTCCCTATTA-1",0.15814141015536,"singlet"
"CAGGCCAAGTTCCAGT-1",0.10195167802878,"singlet"
"CAGGCCAGTTTCCCAC-1",0.0615937175980285,"singlet"
"CAGGCCATCACAACCA-1",0.112960881429706,"singlet"
"CAGGCCATCACTTGTT-1",0.226636550175526,"singlet"
"CAGGCCATCTCTGCTG-1",0.282137696606022,"singlet"
"CAGGGCTCACAGCCTG-1",0.0848177193318623,"singlet"
"CAGGGCTGTCACGCTG-1",0.185212786074887,"singlet"
"CAGGTATGTCGTTGCG-1",0.18595910413609,"singlet"
"CAGGTATTCGTCGATA-1",0.0770077934085224,"singlet"
"CAGGTATTCTCGAACA-1",0.101516787950582,"singlet"
"CAGTGCGCAAACACGG-1",0.0609393230268266,"singlet"
"CAGTGCGCAAGTGCAG-1",0.0646193911209902,"singlet"
"CAGTGCGGTCAGGTGA-1",0.149870653076504,"singlet"
"CAGTGCGGTGTTTACG-1",0.120296934011265,"singlet"
"CAGTGCGGTTCAGTAC-1",0.1931558120956,"singlet"
"CAGTGCGGTTCTCGTC-1",0.0276196971293371,"singlet"
"CAGTGCGTCTGATGGT-1",0.193854834861018,"singlet"
"CAGTTAGAGTACCCTA-1",0.0599304686334619,"singlet"
"CAGTTAGTCGCAACAT-1",0.130592351158122,"singlet"
"CAGTTAGTCTCATGGA-1",0.260588337646732,"singlet"
"CAGTTCCAGGGCAAGG-1",0.333676996872363,"singlet"
"CAGTTCCAGGGCAGAG-1",0.0612092091318879,"singlet"
"CAGTTCCCAGAATGTA-1",0.21552070556437,"singlet"
"CATAAGCCACTAGAGG-1",0.130955373492869,"singlet"
"CATAAGCGTGAGTCAG-1",0.143250341517514,"singlet"
"CATAAGCGTTGTCTAG-1",0.0416072905632332,"singlet"
"CATAAGCTCCGTTGGG-1",0.203827248446462,"singlet"
"CATACAGCATCCGTTC-1",0.761915500091937,"doublet"
"CATACAGGTACGATGG-1",0.744773017456318,"doublet"
"CATACAGGTTGGGAAC-1",0.223526721791619,"singlet"
"CATACAGTCCCGAACG-1",0.0508619365463166,"singlet"
"CATACCCAGCGAGTAC-1",0.11644863965523,"singlet"
"CATACCCCATCGATGT-1",0.214025613424839,"singlet"
"CATACCCGTGATCATC-1",0.419154296880614,"doublet"
"CATACTTAGATACAGT-1",0.0762611099674691,"singlet"
"CATACTTAGCACCTGC-1",0.0850115061368308,"singlet"
"CATACTTGTATCCCAA-1",0.120449163449074,"singlet"
"CATACTTGTTCAGCGC-1",0.20393996083773,"singlet"
"CATACTTTCGGCCCAA-1",0.133263191887249,"singlet"
"CATACTTTCTCGACCT-1",0.375001090766318,"doublet"
"CATAGACAGAGAGGTA-1",0.115588734651954,"singlet"
"CATAGACTCCGTAATG-1",0.154709290745258,"singlet"
"CATCAAGCATTGCCGG-1",0.0512327641865662,"singlet"
"CATCAAGGTCTTACTT-1",0.237534657055638,"singlet"
"CATCCACAGAGAAGGT-1",0.260690358011667,"singlet"
"CATCCACCACCAGTTA-1",0.333804437682929,"singlet"
"CATCCACCAGAGCTAG-1",0.191117350363497,"singlet"
"CATCCACCATAGCACT-1",0.186133466576325,"singlet"
"CATCCACGTGTGTGGA-1",0.115533950963358,"singlet"
"CATCCACTCGAGTTGT-1",0.492865408064189,"doublet"
"CATCCACTCGATGGAG-1",0.102736336771572,"singlet"
"CATCCCAAGCTCATAC-1",0.400212226150973,"doublet"
"CATCCCACAACACACT-1",0.157509707163759,"singlet"
"CATCCCACACATGGTT-1",0.0954764494314468,"singlet"
"CATCCCACACCGTGGT-1",0.054505176342036,"singlet"
"CATCCCACAGGAATCG-1",0.105600949441539,"singlet"
"CATCCCAGTCCGCAGT-1",0.111726624794245,"singlet"
"CATCCGTAGCAGTACG-1",0.328555134596498,"singlet"
"CATCCGTAGTGGCCTC-1",0.10495220224078,"singlet"
"CATCCGTTCATTACGG-1",0.209276327557388,"singlet"
"CATCGCTAGATGAAGG-1",0.270178008274207,"singlet"
"CATCGCTAGTGTTGAA-1",0.122217858851063,"singlet"
"CATCGCTCAAACCGGA-1",0.246311640289462,"singlet"
"CATCGCTCAGCATCTA-1",0.135336333188183,"singlet"
"CATCGGGAGGTCGACA-1",0.180074243466563,"singlet"
"CATCGGGAGTCACTAC-1",0.344591715203481,"singlet"
"CATCGGGCAAGTGGGT-1",0.0473872605275022,"singlet"
"CATCGGGTCAGACCCG-1",0.0603141955120747,"singlet"
"CATCGGGTCCACACAA-1",0.285621351110088,"singlet"
"CATCGTCAGGTGCTAG-1",0.0944355960883995,"singlet"
"CATCGTCTCAGTGGGA-1",0.0575550258216953,"singlet"
"CATGAGTAGAAGGATG-1",0.0726560555701166,"singlet"
"CATGAGTAGAGACAAG-1",0.118903521454733,"singlet"
"CATGAGTAGTGTAGTA-1",0.165356404314777,"singlet"
"CATGAGTCATTCCTCG-1",0.250393390758148,"singlet"
"CATGAGTGTAGCACGA-1",0.18827630748421,"singlet"
"CATGAGTTCATAGACC-1",0.170970602761495,"singlet"
"CATGCAAAGGCATGCA-1",0.170846897546076,"singlet"
"CATGCAAGTACAAACA-1",0.062786581300787,"singlet"
"CATGCCTCACCACTGG-1",0.532005685989477,"doublet"
"CATGCCTGTATGGAAT-1",0.148959668550064,"singlet"
"CATGCCTGTTTAGTCG-1",0.170928844286366,"singlet"
"CATGCGGAGGATTCCT-1",0.033866317198006,"singlet"
"CATGCGGAGTACAGCG-1",0.112971732842653,"singlet"
"CATGCGGCAGTTTGGT-1",0.0960866200302914,"singlet"
"CATGCGGGTGAGCGAT-1",0.069334642234436,"singlet"
"CATGCTCAGAGGACTC-1",0.184532150784567,"singlet"
"CATGCTCCACCCAACG-1",0.2004918315441,"singlet"
"CATGCTCGTTCTCTCG-1",0.154924754688119,"singlet"
"CATGCTCTCGACACCG-1",0.254954428015417,"singlet"
"CATGCTCTCGGTCGAC-1",0.0792057043401468,"singlet"
"CATGGATAGTTACGAA-1",0.149042650699103,"singlet"
"CATGGATCAATCGAAA-1",0.0463603831181253,"singlet"
"CATGGATCACAACGTT-1",0.257851554946814,"singlet"
"CATGGTAAGATTAGTG-1",0.306242138706721,"singlet"
"CATGGTAAGTTGCTGT-1",0.086225753888089,"singlet"
"CATGGTACAGCCTACG-1",0.16198959239163,"singlet"
"CATGGTACATCGAAGG-1",0.242074694563275,"singlet"
"CATGGTAGTCTTAGTG-1",0.132690988394516,"singlet"
"CATGGTAGTCTTGAAC-1",0.298352085380007,"singlet"
"CATGGTATCCGTGTAA-1",0.281453491676354,"singlet"
"CATGGTATCGCACGGT-1",0.127891984761739,"singlet"
"CATTCATAGCGTCAAG-1",0.112883930499372,"singlet"
"CATTCATAGTGCGACA-1",0.133637503318489,"singlet"
"CATTCATCACCATAAC-1",0.173128155844343,"singlet"
"CATTCATCACGCACCA-1",0.0532388715521454,"singlet"
"CATTCATCAGCCCAGT-1",0.351936566867085,"singlet"
"CATTCATCATGCGGTC-1",0.234801322867431,"singlet"
"CATTCATGTGGCCTCA-1",0.159970115272415,"singlet"
"CATTCATTCCGTTGGG-1",0.32331180562625,"singlet"
"CATTCTACACGTAGTT-1",0.0663038227161007,"singlet"
"CATTCTAGTCACCTTC-1",0.166534119699158,"singlet"
"CATTCTAGTCACGCTG-1",0.295561776527841,"singlet"
"CATTCTAGTTGCCATA-1",0.108155664627694,"singlet"
"CATTCTAGTTTCCCAC-1",0.125854758644968,"singlet"
"CATTGAGAGATCCTAC-1",0.158245416110175,"singlet"
"CATTGAGGTAGTCTGT-1",0.150730623537258,"singlet"
"CATTGAGGTCGCCTAG-1",0.264463048831296,"singlet"
"CATTGAGTCGAAGTGG-1",0.126430905090806,"singlet"
"CATTGAGTCGCAATGT-1",0.308896749566485,"singlet"
"CATTGCCAGCTCATAC-1",0.193327268994404,"singlet"
"CATTGCCCAAGGGTCA-1",0.294663974455701,"singlet"
"CATTGCCCATGGCCAC-1",0.108004719050191,"singlet"
"CATTGCCGTCGACGCT-1",0.0506134590902025,"singlet"
"CATTGCCTCACCCATC-1",0.265894129276979,"singlet"
"CATTGCCTCCTCTGCA-1",0.13815066024281,"singlet"
"CATTGCCTCGACCAAT-1",0.149934924433285,"singlet"
"CATTGCCTCTATGCCC-1",0.172778886445807,"singlet"
"CATTGTTAGCGACTAG-1",0.126790682661953,"singlet"
"CATTGTTAGTGCAACG-1",0.0896462970241159,"singlet"
"CATTGTTCAGCTGCCA-1",0.100091320366358,"singlet"
"CATTTCAAGACATAAC-1",0.974259491435814,"doublet"
"CATTTCAAGAGAGCAA-1",0.0665789450144638,"singlet"
"CATTTCAAGCTGAGCA-1",0.132192880021231,"singlet"
"CATTTCATCCACGGGT-1",0.13342119554615,"singlet"
"CCAAGCGTCACCATGA-1",0.0904844738638587,"singlet"
"CCAATGAAGTGATGGC-1",0.18954757759141,"singlet"
"CCAATGACATAGGCGA-1",0.151500450781395,"singlet"
"CCAATGAGTATTTCGG-1",0.215733816925542,"singlet"
"CCAATGATCGTAGGGA-1",0.247769589048551,"singlet"
"CCAATTTAGACAACTA-1",0.14062364352568,"singlet"
"CCAATTTAGTTAGTAG-1",0.119366735575858,"singlet"
"CCAATTTCAAGGAGTC-1",0.268314249194103,"singlet"
"CCAATTTCAGCTCGGT-1",0.248182464606834,"singlet"
"CCAATTTCATACAGGG-1",0.560726218713255,"doublet"
"CCAATTTGTGCGAACA-1",0.321850702628013,"singlet"
"CCAATTTGTGGCCCAT-1",0.228980075451821,"singlet"
"CCAATTTGTGGTCTAT-1",0.17919137438018,"singlet"
"CCAATTTTCGACGCTG-1",0.33966502001269,"singlet"
"CCAATTTTCGTAGGGA-1",0.22457246046864,"singlet"
"CCAATTTTCTGGCTGG-1",0.422887910981485,"doublet"
"CCACAAACACCTATCC-1",0.0794225862666189,"singlet"
"CCACAAACATCCGTGG-1",0.0636244073883049,"singlet"
"CCACAAAGTATGAGGC-1",0.169713995196342,"singlet"
"CCACAAATCAGTGTTG-1",0.0843632603135436,"singlet"
"CCACAAATCGTCGCTT-1",0.230665424833954,"singlet"
"CCACACTAGCACCAGA-1",0.0958731242308907,"singlet"
"CCACACTAGTTGTAAG-1",0.0262578258215937,"singlet"
"CCACACTGTGCGTCGT-1",0.40467006598697,"doublet"
"CCACACTTCTCTCAAT-1",0.020674611254971,"singlet"
"CCACCATAGCCTAGGA-1",0.157134717526135,"singlet"
"CCACCATCACGAGGAT-1",0.150304320840275,"singlet"
"CCACCATCAGACAATA-1",0.105241318596068,"singlet"
"CCACCATTCAATCGGT-1",0.109246032913065,"singlet"
"CCACCATTCGCAATTG-1",0.0994180829000123,"singlet"
"CCACCATTCTGCGGGT-1",0.0367845531530294,"singlet"
"CCACGAGAGGCTAAAT-1",0.282427773146767,"singlet"
"CCACGAGGTCCATCTC-1",0.102371855073501,"singlet"
"CCACGAGTCCGTGACG-1",0.0980847244721414,"singlet"
"CCACGAGTCGAATGCT-1",0.24558572997027,"singlet"
"CCACGAGTCGTACACA-1",0.149902096985448,"singlet"
"CCACGTTCATGTTCGA-1",0.106617098658344,"singlet"
"CCACGTTGTACAGAAT-1",0.166726906255786,"singlet"
"CCACGTTGTACCTAGT-1",0.354799280976808,"singlet"
"CCACGTTGTCGCCACA-1",0.0877764135841752,"singlet"
"CCACGTTGTTGCCGCA-1",0.0895109254699377,"singlet"
"CCACGTTTCCAGGACC-1",0.139003695915413,"singlet"
"CCACTTGAGGTAGCCA-1",0.0529137108581564,"singlet"
"CCACTTGAGTCAGCCC-1",0.217775945052632,"singlet"
"CCACTTGGTAACTTCG-1",0.0592149277374969,"singlet"
"CCACTTGTCGATCCCT-1",0.262314740788269,"singlet"
"CCACTTGTCGCCACTT-1",0.083163964414036,"singlet"
"CCATCACCATCAGTCA-1",0.119734103791488,"singlet"
"CCATCACGTAACGCGA-1",0.167428961421959,"singlet"
"CCATCACTCACGGAGA-1",0.0615572659908555,"singlet"
"CCATCACTCCGTAGTA-1",0.0889430862424129,"singlet"
"CCATCACTCTGCTCTG-1",0.09727136876852,"singlet"
"CCCAACTAGGAACATT-1",0.121505474430003,"singlet"
"CCCAACTAGGAGAGGC-1",0.0949862983001154,"singlet"
"CCCAACTCACGAAAGC-1",0.129089640301886,"singlet"
"CCCAACTCACTTTATC-1",0.234285286452262,"singlet"
"CCCAACTCATCGCCTT-1",0.089699452419983,"singlet"
"CCCAACTGTGAGAGGG-1",0.309975290047212,"singlet"
"CCCATTGAGTCATCGT-1",0.0720147552459559,"singlet"
"CCCATTGGTTCACCGG-1",0.336375201261974,"singlet"
"CCCGAAGAGAGTTCGG-1",0.036292937408818,"singlet"
"CCCGAAGTCCCGAGTG-1",0.0340948285129197,"singlet"
"CCCGAAGTCCCGATCT-1",0.247268581895564,"singlet"
"CCCGGAAAGTACCGGA-1",0.101721139630889,"singlet"
"CCCGGAACAGGCGATA-1",0.102283442384678,"singlet"
"CCCGGAAGTTGGTAGG-1",0.148656442030746,"singlet"
"CCCTAACAGACGGTCA-1",0.0768251398877651,"singlet"
"CCCTAACCAGCAATTC-1",0.296231854202311,"singlet"
"CCCTAACGTCAAAGTA-1",0.0571854405050124,"singlet"
"CCCTAACTCGTGTCAA-1",0.106269065192686,"singlet"
"CCCTAACTCTTGCAAG-1",0.0991708783113733,"singlet"
"CCCTCAAAGAAACTGT-1",0.0697367823409644,"singlet"
"CCCTCAAGTAGCGAGT-1",0.0261658925951063,"singlet"
"CCCTCAATCATAAGGA-1",0.149110781042276,"singlet"
"CCCTCAATCGAGAAAT-1",0.048368153527903,"singlet"
"CCCTCTCCAGGATCTT-1",0.364862216054949,"doublet"
"CCCTCTCTCATATGGC-1",0.349445787455029,"singlet"
"CCCTCTCTCCAGCACG-1",0.253052220891659,"singlet"
"CCCTCTCTCGACACCG-1",0.131662059920842,"singlet"
"CCCTCTCTCGGTCGAC-1",0.319417722866454,"singlet"
"CCCTCTCTCTTGATTC-1",0.0790136527265092,"singlet"
"CCCTGATTCCGAACGC-1",0.255106254620033,"singlet"
"CCCTTAGAGGAAAGAC-1",0.120779884240942,"singlet"
"CCCTTAGAGGGATCTG-1",0.137220427902758,"singlet"
"CCCTTAGGTTCTGAGT-1",0.101012648365174,"singlet"
"CCGAACGCAGTGGTGA-1",0.110100296236913,"singlet"
"CCGAACGGTGAGGAAA-1",0.269200159919254,"singlet"
"CCGAACGTCTGGGCCA-1",0.222007760667702,"singlet"
"CCGATCTAGGCCTGAA-1",0.20167766706877,"singlet"
"CCGATCTCAATATCCG-1",0.212329866621125,"singlet"
"CCGATCTTCGTGAGAG-1",0.119987298571164,"singlet"
"CCGATGGCACAAATGA-1",0.1822839188999,"singlet"
"CCGATGGCACCGTCTT-1",0.0772232339877631,"singlet"
"CCGATGGTCGCTGCGA-1",0.0847057747791687,"singlet"
"CCGCAAGAGCCGTTAT-1",0.0528890610234321,"singlet"
"CCGCAAGCATAATGCC-1",0.599986282028521,"doublet"
"CCGCAAGGTAACATCC-1",0.114395559746397,"singlet"
"CCGCAAGGTATACCCA-1",0.210864366389034,"singlet"
"CCGCAAGTCCCGAATA-1",0.126901298859948,"singlet"
"CCGGACAAGCAGAAAG-1",0.17588529842135,"singlet"
"CCGGACAAGTCAATCC-1",0.273560787342791,"singlet"
"CCGGACAGTCACCACG-1",0.0322109450778942,"singlet"
"CCGGACATCTTCGACC-1",0.164917911426962,"singlet"
"CCGGGTACAAGAGAGA-1",0.205270312097549,"singlet"
"CCGGGTACACCATTCC-1",0.0958941837987725,"singlet"
"CCGGGTACACGAGGTA-1",0.118299766028933,"singlet"
"CCGGGTACATGACGTT-1",0.0921433522963362,"singlet"
"CCGGGTAGTATGCTAC-1",0.199083099175489,"singlet"
"CCGGGTAGTGAGTGAC-1",0.11872014891908,"singlet"
"CCGGGTATCAGCACCG-1",0.259311357635804,"singlet"
"CCGGGTATCGACGATT-1",0.0814127188116399,"singlet"
"CCGGTAGCAACTACGT-1",0.177019916828381,"singlet"
"CCGGTAGTCAATCTCT-1",0.071125326675539,"singlet"
"CCGGTGAAGCTGACTT-1",0.1186817357366,"singlet"
"CCGGTGAAGGCACAAC-1",0.255399769504129,"singlet"
"CCGGTGAGTTGCAACT-1",0.0743395821902672,"singlet"
"CCGGTGATCCATCCGT-1",0.11141053687583,"singlet"
"CCGGTGATCGGTCAGC-1",0.144867257431238,"singlet"
"CCGGTGATCTCTCTAA-1",0.227162250242808,"singlet"
"CCGTAGGCACAAGGTG-1",0.203731211862944,"singlet"
"CCGTAGGCAGGTGAGT-1",0.112928578484562,"singlet"
"CCGTAGGGTGGTACAG-1",0.323977675978787,"singlet"
"CCGTGAGAGGCATGGT-1",0.0887209386393779,"singlet"
"CCGTGAGCACCCTAAA-1",0.436506595189424,"doublet"
"CCGTGAGCATTACGGT-1",0.312631219202785,"singlet"
"CCGTGAGGTGTCTTAG-1",0.201830319482376,"singlet"
"CCGTTCAAGTAAACTG-1",0.0840299248064237,"singlet"
"CCGTTCATCCACTTTA-1",0.0969258576137748,"singlet"
"CCGTTCATCGCTCTCA-1",0.184983768010626,"singlet"
"CCGTTCATCGGCATTA-1",0.0608266732467228,"singlet"
"CCTAACCAGCGGACAT-1",0.298107353961537,"singlet"
"CCTAACCCAGCATACT-1",0.16687840537771,"singlet"
"CCTAACCCAGTTAGAA-1",0.145567203631926,"singlet"
"CCTAACCGTGAACCGA-1",0.174127046090263,"singlet"
"CCTAACCTCCTAGCTC-1",0.278639174574341,"singlet"
"CCTAAGAGTACGAGTG-1",0.584822830652792,"doublet"
"CCTAAGAGTTTGAAAG-1",0.0988809769896517,"singlet"
"CCTACGTAGCGACTAG-1",0.468818162144626,"doublet"
"CCTACGTAGGGTCACA-1",0.069689282464077,"singlet"
"CCTACGTGTGTCCTAA-1",0.116544600467862,"singlet"
"CCTACGTTCAGGAACG-1",0.108240027694456,"singlet"
"CCTACGTTCCAGCTCT-1",0.0823409804482861,"singlet"
"CCTACGTTCTTACCAT-1",0.245137569030749,"singlet"
"CCTATCGAGGTGCTAG-1",0.161070583027249,"singlet"
"CCTATCGGTTCAACGT-1",0.492967250652363,"doublet"
"CCTCAACAGACGCAGT-1",0.0809516055203039,"singlet"
"CCTCACAAGAGGCCAT-1",0.322718453837205,"singlet"
"CCTCACAAGGACTATA-1",0.343016607582399,"singlet"
"CCTCACACAACGTAAA-1",0.0770834465070044,"singlet"
"CCTCACACAGGCTCTG-1",0.191362843760612,"singlet"
"CCTCACAGTGGATTTC-1",0.177685736913685,"singlet"
"CCTCACATCAACGCTA-1",0.153232059822322,"singlet"
"CCTCACATCGTCTCAC-1",0.31798872908233,"singlet"
"CCTCACATCTGTGCGG-1",0.240167758548848,"singlet"
"CCTCAGTAGCATCCCG-1",0.141504483661353,"singlet"
"CCTCAGTCAAAGGGCT-1",0.0462661001103601,"singlet"
"CCTCAGTCATAGACTC-1",0.286575043194352,"singlet"
"CCTCAGTGTCTTGAGT-1",0.0494219834538927,"singlet"
"CCTCAGTTCAATCTTC-1",0.1608325817918,"singlet"
"CCTCAGTTCGGCTTGG-1",0.259867753404016,"singlet"
"CCTCAGTTCTCCCATG-1",0.213158086839882,"singlet"
"CCTCATGCAAGGTCAG-1",0.160239917053436,"singlet"
"CCTCATGCATGACCCG-1",0.173524939832376,"singlet"
"CCTCATGGTAGTCACT-1",0.0857755021708159,"singlet"
"CCTCATGTCTTCGCTG-1",0.0740168524941451,"singlet"
"CCTCCAAAGTTGCCTA-1",0.192540408350313,"singlet"
"CCTCCAAGTAACTGCT-1",0.153663186213104,"singlet"
"CCTCCAATCATCCTGC-1",0.0623418544632784,"singlet"
"CCTCCAATCATGGATC-1",0.0960365710176224,"singlet"
"CCTCCAATCCGTACGG-1",0.153639586063646,"singlet"
"CCTCCAATCTTCGATT-1",0.063483849987535,"singlet"
"CCTCCTCAGCGCCTAC-1",0.201368964279956,"singlet"
"CCTCCTCGTACCTAGT-1",0.349009280968543,"singlet"
"CCTCCTCGTGTCACAT-1",0.215022406784415,"singlet"
"CCTCTAGAGTTTCGGT-1",0.124547501759302,"singlet"
"CCTCTAGGTCGCCACA-1",0.117975836414914,"singlet"
"CCTCTCCCAAACTCTG-1",0.163985816218044,"singlet"
"CCTCTCCCACCTGAAT-1",0.17702078214171,"singlet"
"CCTCTCCTCATGGCCG-1",0.214072893172504,"singlet"
"CCTGCATAGAAGCCAC-1",0.159148066377172,"singlet"
"CCTGCATCAGCTGCCA-1",0.0410907715854072,"singlet"
"CCTGCATGTACGAGTG-1",0.121187615044838,"singlet"
"CCTGCATTCCTCTTTC-1",0.374348047418914,"doublet"
"CCTGCATTCTATACTC-1",0.103704735179036,"singlet"
"CCTGTTGCAAATTGCC-1",0.0832903037506272,"singlet"
"CCTGTTGCACGCTTAA-1",0.121232304143297,"singlet"
"CCTGTTGCACTGCATA-1",0.322741453629539,"singlet"
"CCTGTTGTCAGCGTCG-1",0.0979456770479225,"singlet"
"CCTGTTGTCGGTCATA-1",0.152612245726372,"singlet"
"CCTTCAGAGGGTATAT-1",0.276187983477377,"singlet"
"CCTTCAGAGGTACATA-1",0.0582475479259477,"singlet"
"CCTTCAGGTGAGACCA-1",0.0358511030096266,"singlet"
"CCTTCAGTCTTACCGC-1",0.192294961950937,"singlet"
"CCTTCAGTCTTAGCTT-1",0.114665577450125,"singlet"
"CCTTGTGCAGGACTAG-1",0.0378697137092802,"singlet"
"CCTTGTGGTTTACCTT-1",0.191780923371302,"singlet"
"CCTTTGGCAAGAATAC-1",0.372913798577269,"doublet"
"CCTTTGGCAGCGAACA-1",0.19459534461048,"singlet"
"CCTTTGGCAGGATCTT-1",0.205117459284664,"singlet"
"CCTTTGGGTCAACCAT-1",0.0959003936222799,"singlet"
"CCTTTGGGTGCACGCT-1",0.206841255783978,"singlet"
"CCTTTGGTCTAGTGAC-1",0.174011434218474,"singlet"
"CCTTTGGTCTGCGGCA-1",0.30988689195149,"singlet"
"CGAAGGAAGGCTAACG-1",0.249061628782985,"singlet"
"CGAAGGACATATCTGG-1",0.107749491478104,"singlet"
"CGAAGGACATGATAGA-1",0.12872959062661,"singlet"
"CGAAGGACATGTCGTA-1",0.0977651837258603,"singlet"
"CGAAGGAGTGTGACCC-1",0.118911144762926,"singlet"
"CGAAGGATCGGCGATC-1",0.0436627719418441,"singlet"
"CGAAGTTCAATGAGCG-1",0.143265198455657,"singlet"
"CGAAGTTCAGAGCCCT-1",0.0723202031059057,"singlet"
"CGAAGTTCATACAGCT-1",0.196738146145125,"singlet"
"CGAAGTTTCAGACAAA-1",0.531363648015226,"doublet"
"CGAAGTTTCCGTAGTA-1",0.06802819819128,"singlet"
"CGAAGTTTCCTCTCGA-1",0.0986927535994803,"singlet"
"CGAAGTTTCCTCTTTC-1",0.0757952267293674,"singlet"
"CGAAGTTTCGTCCATC-1",0.154888902195209,"singlet"
"CGAATTGCAACCAGAG-1",0.226904310639507,"singlet"
"CGAATTGCACACCTGG-1",0.131565747629317,"singlet"
"CGAATTGCAGGGATAC-1",0.161232937224016,"singlet"
"CGAATTGCATGGATCT-1",0.253178395140069,"singlet"
"CGAATTGGTAGGATAT-1",0.280692827406645,"singlet"
"CGAATTGGTCAACCTA-1",0.0595598753576318,"singlet"
"CGAATTGGTTGGTACT-1",0.211748909521555,"singlet"
"CGAATTGGTTTATGCG-1",0.103428647787005,"singlet"
"CGACAGCAGAGGTGCT-1",0.0806918127499523,"singlet"
"CGACAGCAGAGTCAGC-1",0.0577388018262509,"singlet"
"CGACAGCAGGTCGAGT-1",0.0899728349099699,"singlet"
"CGACAGCTCGACCACG-1",0.21825781941975,"singlet"
"CGACAGCTCGTTGCCT-1",0.0722774702313441,"singlet"
"CGAGAAGAGGTCCCTG-1",0.137334790071312,"singlet"
"CGAGGAACACACTTAG-1",0.280089511249636,"singlet"
"CGAGGAACACCCTTGT-1",0.220824844308656,"singlet"
"CGAGGAACACTGCACG-1",0.233990080272913,"singlet"
"CGAGGAAGTTATGGTC-1",0.249881515673579,"singlet"
"CGAGGAATCACATCAG-1",0.223846227732735,"singlet"
"CGAGGCTAGGCATGGT-1",0.264396444821106,"singlet"
"CGAGGCTCAATGTTGC-1",0.180130963512243,"singlet"
"CGAGGCTCACAAAGCG-1",0.0348433765220219,"singlet"
"CGAGGCTCACCCTTGT-1",0.118024751147857,"singlet"
"CGAGGCTTCCCGAGTG-1",0.0275773452562485,"singlet"
"CGAGTGCCACTACACA-1",0.0818963813894966,"singlet"
"CGAGTGCGTAACCCTA-1",0.157129739518711,"singlet"
"CGAGTGCGTCCGTTTC-1",0.106122316770628,"singlet"
"CGAGTGCGTGTCCGGT-1",0.391029685101307,"doublet"
"CGAGTGCGTTGAATCC-1",0.308201438773714,"singlet"
"CGAGTGCGTTTCACTT-1",0.0649442523917354,"singlet"
"CGAGTGCTCACACCCT-1",0.0501510889571269,"singlet"
"CGAGTGCTCATTACCT-1",0.181501786847909,"singlet"
"CGAGTGCTCGCTGATA-1",0.0436430172769458,"singlet"
"CGAGTTAAGTAAGGGA-1",0.379796317536189,"doublet"
"CGAGTTACAGCACACC-1",0.034106754621704,"singlet"
"CGAGTTAGTAGCGCCT-1",0.135024882356962,"singlet"
"CGAGTTAGTTCCTACC-1",0.217737813594844,"singlet"
"CGAGTTAGTTTGACAC-1",0.354208342481105,"singlet"
"CGAGTTAGTTTGGGAG-1",0.0383553793072015,"singlet"
"CGATCGGGTATCCCAA-1",0.0209163748074181,"singlet"
"CGATCGGGTCGCTCGA-1",0.0978010199197913,"singlet"
"CGATCGGGTTGCCAAT-1",0.0439591171394716,"singlet"
"CGATCGGTCGGCTGAC-1",0.0786777023620378,"singlet"
"CGATGCGAGTGCAGCA-1",0.0381722002375797,"singlet"
"CGATGCGCACCTGCAG-1",0.989130434782609,"doublet"
"CGATGCGCATTAGGCT-1",0.579624602741413,"doublet"
"CGATGGCCACCAGACC-1",0.178896979944772,"singlet"
"CGATGGCGTCTGTAGT-1",0.0876699440085647,"singlet"
"CGCAGGTCAGAACATA-1",0.0292963212248703,"singlet"
"CGCAGGTCAGCAGTCC-1",0.107392041194339,"singlet"
"CGCAGGTCATAGTCAC-1",0.200163479375875,"singlet"
"CGCAGGTGTATTGGCT-1",0.2802331442081,"singlet"
"CGCATAACACAAATAG-1",0.184853215878154,"singlet"
"CGCATAACAGGCTATT-1",0.118866229128127,"singlet"
"CGCATGGAGCAATTCC-1",0.20814447224606,"singlet"
"CGCATGGAGTCACTAC-1",0.156289439168439,"singlet"
"CGCATGGAGTCTTCGA-1",0.035154541451463,"singlet"
"CGCATGGAGTTTGGCT-1",0.193254941259282,"singlet"
"CGCATGGCAACCACAT-1",0.218987448167457,"singlet"
"CGCATGGCAGCTGTCG-1",0.0391215810694878,"singlet"
"CGCATGGCATTAAAGG-1",0.356966086782158,"singlet"
"CGCATGGGTTTACTGG-1",0.288786818416876,"singlet"
"CGCATGGTCCATCAGA-1",0.111284512759961,"singlet"
"CGCATGGTCTACCAGA-1",0.0903564436418655,"singlet"
"CGCCATTCAAGCCATT-1",0.24626076826796,"singlet"
"CGCCATTCATATCTGG-1",0.176451045939837,"singlet"
"CGCCATTCATTGACTG-1",0.100433772978103,"singlet"
"CGCGTGAAGCCTGAGA-1",0.110161471429569,"singlet"
"CGCGTGACAACGTAAA-1",0.14316937270138,"singlet"
"CGCGTGACACAAAGTA-1",0.207335533048545,"singlet"
"CGCGTGACAGATTTCG-1",0.0677801593402076,"singlet"
"CGCGTGAGTTGCCAAT-1",0.155244711127239,"singlet"
"CGCGTGATCGTGGCGT-1",0.279802338167475,"singlet"
"CGCGTGATCTGGACCG-1",0.0336507992240193,"singlet"
"CGGAACCAGTGATAAC-1",0.074371764274946,"singlet"
"CGGAACCCACACGGTC-1",0.318316613211234,"singlet"
"CGGAACCCACTGCACG-1",0.191987528441287,"singlet"
"CGGAACCGTAGGTAGC-1",0.0573734248501895,"singlet"
"CGGAACCGTTAGGGAC-1",0.202742214284232,"singlet"
"CGGAACCGTTTCGGCG-1",0.150492645737462,"singlet"
"CGGAACCTCCGTGACG-1",0.244559891437827,"singlet"
"CGGAACCTCCTACGGG-1",0.184881163744602,"singlet"
"CGGAATTAGATGGTCG-1",0.132321670767548,"singlet"
"CGGAATTAGATTCGCT-1",0.493129717979104,"doublet"
"CGGAATTCAATCGTCA-1",0.165911836229696,"singlet"
"CGGACACGTGTCATGT-1",0.379718230736597,"doublet"
"CGGACACTCTAACACG-1",0.401813139400933,"doublet"
"CGGAGAAAGGCGAACT-1",0.396662930076176,"doublet"
"CGGAGAATCTAGAACC-1",0.14954216371051,"singlet"
"CGGCAGTAGAGTGTGC-1",0.0396177158535192,"singlet"
"CGGCAGTAGGCATCAG-1",0.0705462675543137,"singlet"
"CGGCAGTAGTAAGGGA-1",0.211261614311744,"singlet"
"CGGCAGTCAACTCATG-1",0.0965377200146718,"singlet"
"CGGCAGTCAATCGTCA-1",0.128968143762343,"singlet"
"CGGCAGTGTCCAATCA-1",0.0376607094393159,"singlet"
"CGGGACTAGCACTCCG-1",0.144841301259926,"singlet"
"CGGGACTAGGAGTACC-1",0.164545608483478,"singlet"
"CGGGACTCACGACCTG-1",0.0891358249660097,"singlet"
"CGGGCATAGCACTAGG-1",0.427548968111,"doublet"
"CGGGCATCAACCGCCA-1",0.293336118829353,"singlet"
"CGGGCATCACCCTGTT-1",0.142663621323055,"singlet"
"CGGGCATCAGCAGTGA-1",0.0578102743720514,"singlet"
"CGGGCATCATGCCGAC-1",0.260260528219139,"singlet"
"CGGGCATCATTCCTAT-1",0.120050502652571,"singlet"
"CGGGCATTCATTCATC-1",0.044831680152245,"singlet"
"CGGGCATTCGCAATTG-1",0.0681542576761826,"singlet"
"CGGGTCACACTCCGGA-1",0.0136933060178503,"singlet"
"CGGGTCATCTTCGTGC-1",0.149603394913844,"singlet"
"CGGGTGTAGGATTTGA-1",0.0857550630510691,"singlet"
"CGGGTGTCAGGAGACT-1",0.267856056638079,"singlet"
"CGGTCAGAGCTGGTGA-1",0.751583471363873,"doublet"
"CGGTCAGAGTGACACG-1",0.0366113319111904,"singlet"
"CGGTCAGGTATTTCCT-1",0.156843724339808,"singlet"
"CGGTCAGGTGTCTTCC-1",0.0386993788427963,"singlet"
"CGGTCAGGTTTCCATT-1",0.0769089097281162,"singlet"
"CGTAAGTAGGTACAGC-1",0.128554599290675,"singlet"
"CGTAAGTAGTACAGAT-1",0.16567553750088,"singlet"
"CGTAAGTAGTGGTCAG-1",0.114789325311617,"singlet"
"CGTAAGTGTATGGAGC-1",0.0516467683439425,"singlet"
"CGTAATGAGTTGCTCA-1",0.148228021699288,"singlet"
"CGTAATGCAACCGGAA-1",0.0875071201636125,"singlet"
"CGTAATGGTTGGGCCT-1",0.065823586420626,"singlet"
"CGTAGTAAGAAACCCG-1",0.0824197098250583,"singlet"
"CGTAGTAAGCTGGAGT-1",0.29055720275855,"singlet"
"CGTAGTAAGTGCAAAT-1",0.243677631775387,"singlet"
"CGTAGTAGTGTGTCCG-1",0.0747550980702286,"singlet"
"CGTAGTAGTTTCACTT-1",0.109922257656608,"singlet"
"CGTAGTATCGGCTATA-1",0.136344901540504,"singlet"
"CGTCAAACAAACACCT-1",0.175964508600772,"singlet"
"CGTCAAACAATGGGTG-1",0.157787802165239,"singlet"
"CGTCAAACACAAATCC-1",0.27640329178735,"singlet"
"CGTCAAAGTACCACGC-1",0.11825936454633,"singlet"
"CGTCAAAGTATCAGGG-1",0.166537433290767,"singlet"
"CGTCAAATCCCAGGAC-1",0.0926550575637596,"singlet"
"CGTCCATAGGGAGTGG-1",0.0546154167218696,"singlet"
"CGTCCATCAGTATACC-1",0.330876307154979,"singlet"
"CGTCCATTCCTCTCTT-1",0.125259415342425,"singlet"
"CGTGAATAGCGCTGCT-1",0.305405111294517,"singlet"
"CGTGAATCAATCCTTT-1",0.0291051561350225,"singlet"
"CGTGAATCACAATTCG-1",0.166247942367702,"singlet"
"CGTGAATGTATCAGCT-1",0.0937065915704664,"singlet"
"CGTGAATGTCTCCCTA-1",0.221577463207072,"singlet"
"CGTGATAAGGTGCTAG-1",0.084454820472673,"singlet"
"CGTGATAGTACAGAGC-1",0.248450185877322,"singlet"
"CGTGATAGTGTCATGT-1",0.117513450622378,"singlet"
"CGTGATAGTGTCCAAT-1",0.0574203417984986,"singlet"
"CGTGATATCATTCACT-1",0.126787440459354,"singlet"
"CGTGATATCATTGTTC-1",0.259003431917756,"singlet"
"CGTGCTTCACACTGGC-1",0.0497967448269258,"singlet"
"CGTGCTTCAGACCTGC-1",0.375171617205648,"doublet"
"CGTGCTTGTCAGCGTC-1",0.0818033091981039,"singlet"
"CGTGTCTAGACCTCAT-1",0.0690062838309184,"singlet"
"CGTGTCTAGCTGAGTG-1",0.11485352135808,"singlet"
"CGTGTCTTCGAAATCC-1",0.0289564802301301,"singlet"
"CGTTAGAAGAGGCGGA-1",0.0789877207945911,"singlet"
"CGTTCTGAGTTGGAGC-1",0.125195468549898,"singlet"
"CGTTCTGCAGGTTCGC-1",0.0508133532161768,"singlet"
"CGTTCTGGTCCCGTGA-1",0.124159598242412,"singlet"
"CGTTCTGGTCTACAAC-1",0.0296382615866407,"singlet"
"CGTTCTGTCAGCTCTC-1",0.240544343459514,"singlet"
"CGTTCTGTCGGACCAC-1",0.0982838820554032,"singlet"
"CGTTGGGAGGTCCGAA-1",0.0838704774369745,"singlet"
"CGTTGGGGTGCCTACG-1",0.0118435042630919,"singlet"
"CGTTGGGTCAGCTCTC-1",0.229721471077322,"singlet"
"CGTTGGGTCGCTTGCT-1",0.0722136700491194,"singlet"
"CTAACCCAGACTCTAC-1",0.329256895995664,"singlet"
"CTAACCCCAGGTTTAC-1",0.225216484924425,"singlet"
"CTAACCCGTGTTCATG-1",0.24906563287471,"singlet"
"CTAACCCTCACTCTTA-1",0.237552118051368,"singlet"
"CTAACCCTCTATCGCC-1",0.156290468391049,"singlet"
"CTAACTTGTCTCTCCA-1",0.200882002398807,"singlet"
"CTAACTTTCCATCTCG-1",0.852185069776993,"doublet"
"CTAACTTTCTGACCCT-1",0.255179279364051,"singlet"
"CTAAGTGAGTTTCGGT-1",0.120799081665023,"singlet"
"CTAAGTGTCATTCATC-1",0.0714498594015637,"singlet"
"CTAAGTGTCGAAGCAG-1",0.118852380880454,"singlet"
"CTACAGACAATTGAGA-1",0.153614966684632,"singlet"
"CTACAGAGTAAGATTG-1",0.0829110553273562,"singlet"
"CTACAGAGTAGTCGGA-1",0.212914166608754,"singlet"
"CTACAGAGTCACTCGG-1",0.162070330850028,"singlet"
"CTACAGAGTCTTCATT-1",0.443583522507885,"doublet"
"CTACAGATCAGTGTGT-1",0.0364686153972796,"singlet"
"CTACATTTCACCCTCA-1",0.131318572681743,"singlet"
"CTACATTTCGCCAACG-1",0.250122997159243,"singlet"
"CTACCCAAGGGCATGT-1",0.0687870464910485,"singlet"
"CTACCCACACAGCATT-1",0.209002223310118,"singlet"
"CTACCCAGTGTCCCTT-1",0.229753284881576,"singlet"
"CTACCCATCAAGTAAG-1",0.049268817570171,"singlet"
"CTACCTGAGACTAAGT-1",0.0644801483387052,"singlet"
"CTACCTGAGAGGACTC-1",0.0472340608290232,"singlet"
"CTACCTGCATGACAGG-1",0.27798687359642,"singlet"
"CTACCTGGTACGATTC-1",0.363837837854399,"doublet"
"CTACCTGTCCATCTGC-1",0.289957277925633,"singlet"
"CTACGGGGTCGTGGTC-1",0.0773779742712336,"singlet"
"CTACGGGGTTAACAGA-1",0.148550253728872,"singlet"
"CTACGGGTCGATACTG-1",0.187429484236501,"singlet"
"CTACTATCACGGCGTT-1",0.247669484440532,"singlet"
"CTACTATCACTCAAGT-1",0.0202750646675739,"singlet"
"CTACTATTCACCTGGG-1",0.0696349140516545,"singlet"
"CTACTATTCAGCCCAG-1",0.137302210320698,"singlet"
"CTAGACAAGAACCGCA-1",0.245229408049405,"singlet"
"CTAGACACAAAGAACT-1",0.263092426716736,"singlet"
"CTAGACACAGAGCGTA-1",0.0997001926627851,"singlet"
"CTAGACAGTAGTGGCA-1",0.125432373089137,"singlet"
"CTAGACATCATCTACT-1",0.140867766444719,"singlet"
"CTAGGTAAGAAGTATC-1",0.0948795240368375,"singlet"
"CTAGGTAAGTTCTACG-1",0.17018115079285,"singlet"
"CTAGGTACAGTCCGTG-1",0.28590265128245,"singlet"
"CTAGGTAGTAACACCT-1",0.212925462866074,"singlet"
"CTAGGTAGTAGGTAGC-1",0.207333028909264,"singlet"
"CTAGGTATCGACGATT-1",0.173368505977762,"singlet"
"CTATAGGAGAACAAGG-1",0.038015220505669,"singlet"
"CTATAGGCATGCAGCC-1",0.123248262674771,"singlet"
"CTATAGGGTACCGCGT-1",0.245295735813891,"singlet"
"CTATAGGGTGAGTTTC-1",0.149992820502027,"singlet"
"CTATAGGTCACGGAGA-1",0.117848014074007,"singlet"
"CTATAGGTCCCGTGAG-1",0.119193756395978,"singlet"
"CTATCCGCAGAGTCAG-1",0.0411159623389576,"singlet"
"CTATCCGGTAAGGTCG-1",0.115905551298175,"singlet"
"CTATCCGGTCTCAAGT-1",0.155987241469372,"singlet"
"CTATCCGTCTATGTGG-1",0.197797911797327,"singlet"
"CTATCCGTCTTCGACC-1",0.080309932839842,"singlet"
"CTATCTAAGCGTATGG-1",0.170647359018535,"singlet"
"CTATCTAAGTGGATAT-1",0.112180336706028,"singlet"
"CTATCTACAATCTCGA-1",0.393390303448329,"doublet"
"CTATCTAGTCGGTACC-1",0.0884180003191182,"singlet"
"CTATCTATCATGCCGG-1",0.166505543832148,"singlet"
"CTCAACCAGACCAGAC-1",0.0790335178879868,"singlet"
"CTCAACCAGTCTCTGA-1",0.172532109085971,"singlet"
"CTCAACCGTGCAACGA-1",0.0251258281207066,"singlet"
"CTCAACCTCAGTCCGG-1",0.870842298353248,"doublet"
"CTCAAGACATGAAAGT-1",0.159052688130541,"singlet"
"CTCAAGAGTATCCCTC-1",0.228193849875553,"singlet"
"CTCAAGAGTTTACCAG-1",0.0920517092996517,"singlet"
"CTCAATTAGAGTCTGG-1",0.327737020988404,"singlet"
"CTCAATTAGTTACGGG-1",0.0542131788741663,"singlet"
"CTCAATTGTTCTGAGT-1",0.173307704115173,"singlet"
"CTCAATTGTTGTCAGT-1",0.200433348914882,"singlet"
"CTCAATTTCCGCTGTT-1",0.127285765221259,"singlet"
"CTCAATTTCTACGCAA-1",0.101664197492858,"singlet"
"CTCACTGAGTTACGAA-1",0.118925420926168,"singlet"
"CTCACTGGTCAAGCCC-1",0.430691406611163,"doublet"
"CTCACTGTCCCATTCG-1",0.322503196865322,"singlet"
"CTCACTGTCCCGTGAG-1",0.134798965573773,"singlet"
"CTCACTGTCGAACGGA-1",0.160492759559857,"singlet"
"CTCACTGTCGCCATAA-1",0.223407571490256,"singlet"
"CTCAGAAGTAGCTGCC-1",0.0845549660565921,"singlet"
"CTCAGAAGTCTAACGT-1",0.219650758945528,"singlet"
"CTCAGAATCTGGTCAA-1",0.0798552025535306,"singlet"
"CTCAGGGAGTTGGCGA-1",0.178286575828902,"singlet"
"CTCAGGGCAAGGTACG-1",0.140105033284607,"singlet"
"CTCAGGGCAGTCAGTT-1",0.0629542348704638,"singlet"
"CTCAGGGGTCAACCTA-1",0.109321100094886,"singlet"
"CTCAGGGGTGAATATG-1",0.338719769352227,"singlet"
"CTCAGGGTCCCGAGGT-1",0.322758675365136,"singlet"
"CTCAGGGTCGAGTACT-1",0.0474070323088491,"singlet"
"CTCAGTCCATGACACT-1",0.0762467855276774,"singlet"
"CTCAGTCGTACTAACC-1",0.285519460600771,"singlet"
"CTCAGTCGTAGGATAT-1",0.120907807345803,"singlet"
"CTCAGTCTCGACGATT-1",0.089383921775036,"singlet"
"CTCAGTCTCTACGGGC-1",0.240379797149938,"singlet"
"CTCAGTCTCTCGGTAA-1",0.324298827034873,"singlet"
"CTCATCGAGTACAACA-1",0.0836382458386196,"singlet"
"CTCATCGGTCAAATCC-1",0.229434776342864,"singlet"
"CTCATCGGTGTACGCC-1",0.358582647755614,"doublet"
"CTCATGCCATACAGGG-1",0.157202240266572,"singlet"
"CTCATGCGTTAATCGC-1",0.181409896421341,"singlet"
"CTCATGCGTTCAAGTC-1",0.172486270258557,"singlet"
"CTCATGCTCGGCTTCT-1",0.0522581358477623,"singlet"
"CTCATTACACACCGCA-1",0.142629281866301,"singlet"
"CTCATTACACTCCACT-1",0.0882072484242169,"singlet"
"CTCATTACAGGTGGAT-1",0.0984734208544486,"singlet"
"CTCATTACATTGCCTC-1",0.291876640250022,"singlet"
"CTCATTAGTAGAGATT-1",0.499104044541398,"doublet"
"CTCATTAGTATGAAGT-1",0.168526530443568,"singlet"
"CTCATTAGTCCATAGT-1",0.109965603692937,"singlet"
"CTCCAACCAACGTATC-1",0.160791401292353,"singlet"
"CTCCAACGTAGCCCTG-1",0.0720333892822879,"singlet"
"CTCCAACGTATACAGA-1",0.251578158735239,"singlet"
"CTCCAACTCGCCCAGA-1",0.222923218765898,"singlet"
"CTCCACACATAGGCGA-1",0.441749556760279,"doublet"
"CTCCACACATCGTGCG-1",0.0508190857911522,"singlet"
"CTCCACACATTGCCGG-1",0.0834817495136635,"singlet"
"CTCCACAGTATAGGAT-1",0.194925261759299,"singlet"
"CTCCATGAGACGGATC-1",0.257942612562359,"singlet"
"CTCCATGAGCATGCAG-1",0.259970351462091,"singlet"
"CTCCATGAGGGTACAC-1",0.0729757900398467,"singlet"
"CTCCATGAGTTATGGA-1",0.171117501965462,"singlet"
"CTCCATGCAACTGAAA-1",0.303911283443637,"singlet"
"CTCCATGCACTCACTC-1",0.16178912811698,"singlet"
"CTCCATGGTACGGATG-1",0.0709763136144249,"singlet"
"CTCCATGTCGCACTCT-1",0.0515851568465736,"singlet"
"CTCCATGTCGGTCTAA-1",0.0492108083194264,"singlet"
"CTCCCAAAGCGATGAC-1",0.554629464426628,"doublet"
"CTCCCAAAGGTGCCTC-1",0.0581793014432959,"singlet"
"CTCCCAACAGTATTCG-1",0.0240878279869489,"singlet"
"CTCCCAAGTATGCTTG-1",0.338162967560237,"singlet"
"CTCCCAAGTGCTTATG-1",0.0245202939136452,"singlet"
"CTCCCTCAGCTCGAAG-1",0.106269809018895,"singlet"
"CTCCCTCAGGATTTGA-1",0.0254619323375304,"singlet"
"CTCCCTCGTCCTTAAG-1",0.603121944391068,"doublet"
"CTCCGATAGCCAGACA-1",0.136094181308121,"singlet"
"CTCCGATAGTCGAATA-1",0.337178791341396,"singlet"
"CTCCGATGTTAGCGGA-1",0.0162045493573638,"singlet"
"CTCCGATTCTCCTGAC-1",0.131955980781747,"singlet"
"CTCCTCCAGCGGGTTA-1",0.131588053742223,"singlet"
"CTCCTCCAGTATTAGG-1",0.174114096904229,"singlet"
"CTCCTCCCAGATCCAT-1",0.405669659297542,"doublet"
"CTCCTCCGTGTCTTGA-1",0.241028133461074,"singlet"
"CTCCTTTCACCATTCC-1",0.304395023280326,"singlet"
"CTCCTTTCATACGCAT-1",0.108182247296153,"singlet"
"CTCCTTTCATTGAGCT-1",0.070491855408169,"singlet"
"CTCCTTTGTAGCGTCC-1",0.280288309602986,"singlet"
"CTCCTTTGTGGTAATA-1",0.197945988536475,"singlet"
"CTCCTTTGTTAAGGAT-1",0.150027920167096,"singlet"
"CTCCTTTTCACAAGGG-1",0.243981086548496,"singlet"
"CTCCTTTTCACCCTCA-1",0.120591343023284,"singlet"
"CTCCTTTTCACGATCA-1",0.311086443599728,"singlet"
"CTCGAGGAGACATAGT-1",0.34768295436668,"singlet"
"CTCGAGGAGTGATAAC-1",0.292602557009243,"singlet"
"CTCGAGGCATCCGAAT-1",0.108030917150962,"singlet"
"CTCGAGGGTTACCTGA-1",0.182614342114048,"singlet"
"CTCGAGGGTTTACTTC-1",0.181704449504957,"singlet"
"CTCTCAGCACCATTCC-1",0.182581532144944,"singlet"
"CTCTCGAAGTGCTCGC-1",0.150954227709718,"singlet"
"CTCTCGACAATACGAA-1",0.487472619291008,"doublet"
"CTCTCGACACGCTATA-1",0.261936432688894,"singlet"
"CTCTCGAGTAGCGCCT-1",0.0850924365396356,"singlet"
"CTCTCGAGTCCACAGC-1",0.262275052847458,"singlet"
"CTCTCGAGTGAGCCAA-1",0.0998760006921362,"singlet"
"CTCTCGAGTGCCCGTA-1",0.384126869910198,"doublet"
"CTCTCGAGTGTGTGGA-1",0.7309490568326,"doublet"
"CTCTCGATCAAGTCGT-1",0.189191926756534,"singlet"
"CTCTGGTAGCAGGTCA-1",0.140698828795832,"singlet"
"CTCTGGTAGTCTGGAG-1",0.139117174466415,"singlet"
"CTCTGGTAGTGTTGTC-1",0.183142048954483,"singlet"
"CTCTGGTGTGCAGGAT-1",0.20182148355661,"singlet"
"CTCTGGTTCTCTTAAC-1",0.283465640393151,"singlet"
"CTGAATGCAAGTTGGG-1",0.0795820787932137,"singlet"
"CTGAATGCACGACGTC-1",0.112198949701793,"singlet"
"CTGAATGCACGTACTA-1",0.201988540067477,"singlet"
"CTGAATGCATTGTAGC-1",0.12922015631764,"singlet"
"CTGAATGGTACAGCGA-1",0.0793524397098792,"singlet"
"CTGAGCGAGCTGCCTG-1",0.161479652808318,"singlet"
"CTGAGCGAGTTGGCGA-1",0.145495057868474,"singlet"
"CTGAGCGCAAATCGGG-1",0.143221161164498,"singlet"
"CTGAGCGGTGGTAACG-1",0.0702865194074095,"singlet"
"CTGAGCGGTTCGAAGG-1",0.0962895445474201,"singlet"
"CTGAGCGTCAAGCCGC-1",0.115419855339954,"singlet"
"CTGAGCGTCCTCTAGC-1",0.242635244237646,"singlet"
"CTGAGGCAGAACAGGA-1",0.0108695652173913,"singlet"
"CTGAGGCAGCCACCGT-1",0.217385812339399,"singlet"
"CTGAGGCAGCCGATAG-1",0.435962896002943,"doublet"
"CTGATCCAGCCATTGT-1",0.278585332162083,"singlet"
"CTGATCCCACGCCAGT-1",0.202798203123089,"singlet"
"CTGATCCGTGCAAGAC-1",0.0910204784354267,"singlet"
"CTGATCCGTGCTCCGA-1",0.187483152340192,"singlet"
"CTGATCCGTTCTTCAT-1",0.0643217055253074,"singlet"
"CTGATCCGTTGCACGC-1",0.378181822183462,"doublet"
"CTGATCCTCACGGAGA-1",0.33041478262642,"singlet"
"CTGATCCTCTGCAGCG-1",0.113914518922457,"singlet"
"CTGCAGGAGAGTAACT-1",0.10437426975642,"singlet"
"CTGCAGGCAGCTCTGG-1",0.139372403984384,"singlet"
"CTGCAGGCATGTACGT-1",0.440741615368391,"doublet"
"CTGCAGGGTTGCTCCT-1",0.288015227600229,"singlet"
"CTGCATCCACGGTGCT-1",0.0555406066580087,"singlet"
"CTGCATCCATCGCTAA-1",0.0295901017325477,"singlet"
"CTGCATCTCAATCCAG-1",0.299390922819528,"singlet"
"CTGCATCTCCAGCCTT-1",0.261625095602365,"singlet"
"CTGCATCTCTGATTCT-1",0.229020084019355,"singlet"
"CTGCCATGTTCAGCTA-1",0.112302181117301,"singlet"
"CTGCCTAAGTCAGCCC-1",0.0399071395232199,"singlet"
"CTGCCTACAACTCCCT-1",0.201278659458518,"singlet"
"CTGCCTACAGGTCTCG-1",0.139202530775949,"singlet"
"CTGCCTAGTATGGTTC-1",0.244747613426632,"singlet"
"CTGCCTAGTCTGTGTA-1",0.0657697503601838,"singlet"
"CTGCCTAGTGTCATGT-1",0.150445295365841,"singlet"
"CTGCCTATCGATACAC-1",0.119543365267398,"singlet"
"CTGCCTATCGTCTACC-1",0.12543053018233,"singlet"
"CTGCCTATCTTAAGGC-1",0.0605243708870236,"singlet"
"CTGCGAGAGACAGCTG-1",0.247111268116292,"singlet"
"CTGCGAGCAGGGACTA-1",0.0901947462257604,"singlet"
"CTGCTCAGTTCGGCCA-1",0.0769426383357922,"singlet"
"CTGGACGAGTCTGTAC-1",0.219663484655896,"singlet"
"CTGGACGGTGGCGCTT-1",0.0940570608052921,"singlet"
"CTGGACGTCAAATGAG-1",0.094593665778203,"singlet"
"CTGGACGTCATAGGCT-1",0.0957768639979082,"singlet"
"CTGGCAGAGATAGTCA-1",0.0525773160883052,"singlet"
"CTGGCAGAGCTGCGAA-1",0.0596987276241049,"singlet"
"CTGGCAGCACTCAGAT-1",0.226578208834337,"singlet"
"CTGGCAGGTTTCAGAC-1",0.159431405302444,"singlet"
"CTGGTCTCAGGCCTGT-1",0.100823715232127,"singlet"
"CTGTACCAGGGATCTG-1",0.0334450695008079,"singlet"
"CTGTACCCAAACTAAG-1",0.310431942268782,"singlet"
"CTGTACCCAACAAGTA-1",0.104500880403468,"singlet"
"CTGTACCCAATCGTCA-1",0.157713272148712,"singlet"
"CTGTACCCAGGACGAT-1",0.237020216425593,"singlet"
"CTGTACCCATTGGATC-1",0.11886298073879,"singlet"
"CTGTACCGTAAGTCAA-1",0.258224401838528,"singlet"
"CTGTACCTCCGGCTTT-1",0.0455812643231987,"singlet"
"CTGTAGAAGAGAAGGT-1",0.21066768989058,"singlet"
"CTGTAGAAGCCTGCCA-1",0.0497832481937824,"singlet"
"CTGTAGAAGTCATTGC-1",0.120164301710694,"singlet"
"CTGTAGACAGCACAAG-1",0.154435417711009,"singlet"
"CTGTAGAGTTGTAAAG-1",0.0725107599472355,"singlet"
"CTGTATTAGGCATTTC-1",0.0992799579808813,"singlet"
"CTGTATTAGGTCGTCC-1",0.128686562967249,"singlet"
"CTGTATTCAACCTAAC-1",0.0542683620053565,"singlet"
"CTGTATTCAGTCGCTG-1",0.0487986489438497,"singlet"
"CTGTATTGTGACTATC-1",0.543041056883836,"doublet"
"CTGTATTTCCAATCCC-1",0.143169446576464,"singlet"
"CTGTATTTCGCGATCG-1",0.0730568381120841,"singlet"
"CTGTATTTCGTGGCGT-1",0.0834179435246608,"singlet"
"CTGTCGTAGGACTTCT-1",0.183294878697591,"singlet"
"CTGTCGTAGGAGCTGT-1",0.0773093544242892,"singlet"
"CTGTCGTCACGCTGTG-1",0.165407508742919,"singlet"
"CTGTCGTCACTCCCTA-1",0.194206693228688,"singlet"
"CTGTCGTGTATCTTCT-1",0.0275820079360233,"singlet"
"CTGTCGTGTTCTTGCC-1",0.0808702213544517,"singlet"
"CTGTGAACAATGAACA-1",0.116161770026887,"singlet"
"CTGTGAAGTCTTACTT-1",0.0624265883896513,"singlet"
"CTGTGGGCACCAGGTC-1",0.108192239762657,"singlet"
"CTGTGGGCACGCGCAT-1",0.109316654197505,"singlet"
"CTGTGGGCACTCCCTA-1",0.277433371827212,"singlet"
"CTGTGGGGTATGAAAC-1",0.117316286054801,"singlet"
"CTGTGGGTCCAACTAG-1",0.056805958771303,"singlet"
"CTTACCGAGTAGACCG-1",0.0814773041921861,"singlet"
"CTTACCGCATGGAGAC-1",0.357331458954291,"singlet"
"CTTACCGCATTCTCCG-1",0.235001069283945,"singlet"
"CTTACCGTCTAGACAC-1",0.0983424559240161,"singlet"
"CTTAGGAAGTTGCCCG-1",0.0973274571293771,"singlet"
"CTTAGGACAATGTGGG-1",0.411228332200593,"doublet"
"CTTAGGACACCCTAGG-1",0.0854577457827106,"singlet"
"CTTAGGACATCAGCTA-1",0.233561597919584,"singlet"
"CTTAGGATCTACCACC-1",0.196606493901676,"singlet"
"CTTCAATAGCATCAAA-1",0.169756304496246,"singlet"
"CTTCAATTCTATCGGA-1",0.274747168085508,"singlet"
"CTTCCGACACTCAGAT-1",0.101105267382924,"singlet"
"CTTCCGACACTGCTTC-1",0.120463602963181,"singlet"
"CTTCCGAGTGGCTTAT-1",0.0606645344239706,"singlet"
"CTTCCGATCCTCTAGC-1",0.255263025195366,"singlet"
"CTTCCGATCGATACGT-1",0.124958055968818,"singlet"
"CTTCCTTAGTCCCAAT-1",0.0829585694563483,"singlet"
"CTTCCTTAGTTCATCG-1",0.0805385546266647,"singlet"
"CTTCCTTCACCCTAAA-1",0.0898310628334543,"singlet"
"CTTCCTTGTACGACAG-1",0.247078295650224,"singlet"
"CTTCCTTGTGCCGTTG-1",0.0754082356072473,"singlet"
"CTTCCTTGTTCCTACC-1",0.197224751862244,"singlet"
"CTTCCTTTCCTGCTAC-1",0.395523322866342,"doublet"
"CTTCGGTAGAGAAGGT-1",0.0260713796939619,"singlet"
"CTTCGGTCAAATTGCC-1",0.210668324363771,"singlet"
"CTTCGGTCACGACAAG-1",0.208141347030545,"singlet"
"CTTCGGTGTACGACTT-1",0.134157150761117,"singlet"
"CTTCGGTGTTCTCACC-1",0.206868650938724,"singlet"
"CTTCGGTGTTTGCCGG-1",0.115241998497148,"singlet"
"CTTCTAAAGTGCTCAT-1",0.0445343240440887,"singlet"
"CTTCTAACAGCGCTTG-1",0.103239301767909,"singlet"
"CTTCTAAGTCTCAGGC-1",0.0586186027865404,"singlet"
"CTTCTAAGTTCAATCG-1",0.0611741701421393,"singlet"
"CTTCTAATCGGCATTA-1",0.13581306709381,"singlet"
"CTTCTAATCTAAACGC-1",0.272897161270576,"singlet"
"CTTCTCTCAATCGTCA-1",0.221441071236645,"singlet"
"CTTCTCTCATCCTGTC-1",0.215817954203287,"singlet"
"CTTCTCTGTCCCTGAG-1",0.0867463906774697,"singlet"
"CTTCTCTGTCTACATG-1",0.0970277922318041,"singlet"
"CTTCTCTTCCAAACCA-1",0.250782540995897,"singlet"
"CTTGAGAAGGAAGTCC-1",0.121713936834844,"singlet"
"CTTGAGACAAAGCACG-1",0.50149546609207,"doublet"
"CTTGAGACACCGTCGA-1",0.0424806429162478,"singlet"
"CTTGAGACACTGCGTG-1",0.226812659341362,"singlet"
"CTTGAGATCATAGGCT-1",0.193150596411553,"singlet"
"CTTGAGATCCACACAA-1",0.279808002017227,"singlet"
"CTTGAGATCTATTGTC-1",0.676091620301225,"doublet"
"CTTGAGATCTCATTTG-1",0.1389872710036,"singlet"
"CTTGATTAGCGACAGT-1",0.0901446144393597,"singlet"
"CTTGATTAGGACAGTC-1",0.304615474060312,"singlet"
"CTTGATTAGGAGAATG-1",0.391618883937266,"doublet"
"CTTGATTCAAGACAAT-1",0.10075006351829,"singlet"
"CTTGATTCAGACACCC-1",0.10392992179473,"singlet"
"CTTTCAAAGACCCGCT-1",0.256054304561769,"singlet"
"CTTTCAAAGAGCAGAA-1",0.0508973443574805,"singlet"
"CTTTCAAAGCGTATAA-1",0.567337205532391,"doublet"
"CTTTCAACAATTGAGA-1",0.313483573406488,"singlet"
"CTTTCAACACCGGCTA-1",0.405960871639633,"doublet"
"CTTTCAAGTCGATTCA-1",0.138558502698619,"singlet"
"CTTTCAATCCTCAGGG-1",0.185653429109314,"singlet"
"CTTTCGGAGGATGTTA-1",0.0915821498171321,"singlet"
"CTTTCGGCACCATAAC-1",0.210854347983604,"singlet"
"CTTTCGGCAGGCTCTG-1",0.0354236630191025,"singlet"
"CTTTCGGGTCAATCTG-1",0.0938958131757542,"singlet"
"CTTTCGGGTCATCGGC-1",0.0523477389338965,"singlet"
"CTTTCGGGTCTGCCTT-1",0.0290056334300201,"singlet"
"CTTTCGGTCCCGTTCA-1",0.0771182767776477,"singlet"
"GAAACCTAGCTAAATG-1",0.125053933777342,"singlet"
"GAAACCTCACTTGGGC-1",0.0932627142935762,"singlet"
"GAAACCTCATAGTCGT-1",0.11862170334084,"singlet"
"GAAACCTGTGAGTGAC-1",0.0795425622035602,"singlet"
"GAAACCTTCACTTGTT-1",0.238291741186914,"singlet"
"GAAACCTTCAGGTAAA-1",0.271073566542958,"singlet"
"GAAACCTTCGGAATTC-1",0.208009980099241,"singlet"
"GAAATGACATACACCA-1",0.23953340934511,"singlet"
"GAAATGATCACCTCAC-1",0.173074737194716,"singlet"
"GAAATGATCTGGACTA-1",0.146949168471768,"singlet"
"GAAATGATCTGGCCAG-1",0.203047162749351,"singlet"
"GAACACTCAGCAGGAT-1",0.148412282076639,"singlet"
"GAACACTCATTCGGGC-1",0.135043616506401,"singlet"
"GAACACTGTACGTACT-1",0.0616184431514786,"singlet"
"GAACACTGTATCTTCT-1",0.136329699584108,"singlet"
"GAACACTGTGCGTGCT-1",0.226453886088943,"singlet"
"GAACACTGTGGCAACA-1",0.262600508831881,"singlet"
"GAACACTTCTGATGGT-1",0.196247766114267,"singlet"
"GAACGTTAGGTTCACT-1",0.0764129772193287,"singlet"
"GAACGTTAGTCACTGT-1",0.0770172022778162,"singlet"
"GAACGTTCAACCGCTG-1",0.194011839656326,"singlet"
"GAACGTTGTATGCGGA-1",0.192852817977532,"singlet"
"GAACGTTTCAAGGAGC-1",0.0707269382375777,"singlet"
"GAACTGTCACCTCTGT-1",0.106312034453027,"singlet"
"GAACTGTCACGACCTG-1",0.196309118859181,"singlet"
"GAACTGTGTGGACCTC-1",0.0845474984033268,"singlet"
"GAACTGTGTGTCCATA-1",0.240563632454391,"singlet"
"GAACTGTGTTCTCAGA-1",0.202474857731938,"singlet"
"GAACTGTTCTTAAGGC-1",0.0321085602076088,"singlet"
"GAAGAATAGAGCACTG-1",0.111261317539325,"singlet"
"GAAGAATGTATTCCTT-1",0.113617529050703,"singlet"
"GAAGAATTCGCATTAG-1",0.128967672530888,"singlet"
"GAAGCCCAGAATAGTC-1",0.0327565993610219,"singlet"
"GAAGCCCAGGAGGCAG-1",0.0124784287023496,"singlet"
"GAAGCCCCACCAGGTC-1",0.14142641240994,"singlet"
"GAAGCCCCAGTGCGCT-1",0.0947677508053275,"singlet"
"GAAGCCCGTACACGTT-1",0.159772410017942,"singlet"
"GAAGCCCGTACTAACC-1",0.122957554595501,"singlet"
"GAAGCCCGTAGTAAGT-1",0.105070426238157,"singlet"
"GAAGCCCTCACTGATG-1",0.136764060635424,"singlet"
"GAAGCCCTCTGAGCAT-1",0.0884609344710553,"singlet"
"GAAGCGACACCCTCTA-1",0.312454327006402,"singlet"
"GAAGCGAGTATCGATC-1",0.0540484883069146,"singlet"
"GAAGCGATCAGCGTCG-1",0.0532397501198294,"singlet"
"GAAGCGATCCTGGCTT-1",0.232790059373769,"singlet"
"GAAGGACCATCCAATG-1",0.181630510797384,"singlet"
"GAAGGACGTAATTGGA-1",0.0796070075546016,"singlet"
"GAAGGACGTATGAGGC-1",0.123415405801549,"singlet"
"GAAGGACGTTCGGGTC-1",0.152302244246835,"singlet"
"GAAGGACTCGCTAATG-1",0.0366449865003936,"singlet"
"GAAGGGTGTGGATCAG-1",0.0625164109699304,"singlet"
"GAAGGGTGTGTGGACA-1",0.2321094680643,"singlet"
"GAAGGGTTCGCCGTGA-1",0.0564943602179087,"singlet"
"GAAGTAAAGCCAGAGT-1",0.108314612759878,"singlet"
"GAAGTAACAATAGAGT-1",0.168618190657286,"singlet"
"GAAGTAACATCCGCGA-1",0.251645676861246,"singlet"
"GAAGTAAGTAACAAGT-1",0.0664143695971203,"singlet"
"GAAGTAAGTACCACGC-1",0.0676646899878672,"singlet"
"GAAGTAAGTCTTCTAT-1",0.191781036935571,"singlet"
"GAAGTAAGTTTGAACC-1",0.1882358936826,"singlet"
"GAATAGAAGGTTCATC-1",0.105186594108115,"singlet"
"GAATAGAAGTCTGGAG-1",0.171491724920571,"singlet"
"GAATAGAGTACAATAG-1",0.239321294492849,"singlet"
"GAATAGAGTAGCTGAG-1",0.272775276533015,"singlet"
"GAATCACCATCGGATT-1",0.177212818804779,"singlet"
"GAATCACGTATCTCGA-1",0.0718589283904152,"singlet"
"GAATCACGTATTTCCT-1",0.246284991557795,"singlet"
"GAATCACGTCTTTATC-1",0.154269494417606,"singlet"
"GAATCACGTGCATACT-1",0.206936530400184,"singlet"
"GAATCACTCAGATGCT-1",0.182224522743738,"singlet"
"GAATCGTCAGCTGCCA-1",0.18543358603522,"singlet"
"GAATCGTCAGTGGTGA-1",0.164319154256234,"singlet"
"GAATCGTCATGGCCCA-1",0.0644288906534126,"singlet"
"GAATCGTCATTGTACG-1",0.148597049218343,"singlet"
"GAATCGTGTACTTCCC-1",0.0798463930154626,"singlet"
"GAATCGTGTCCAACGC-1",0.0775551132442303,"singlet"
"GACACGCCAGCAATTC-1",0.205054032037243,"singlet"
"GACACGCCATAGATCC-1",0.204057817045776,"singlet"
"GACACGCGTACGTGAG-1",0.0827178108466785,"singlet"
"GACACGCTCATTCATC-1",0.196078847105759,"singlet"
"GACAGCCAGATACTGA-1",0.112525549468723,"singlet"
"GACAGCCAGTCCGCCA-1",0.14330393342242,"singlet"
"GACAGCCGTAGGAGTC-1",0.0615123622334258,"singlet"
"GACAGCCTCAACGTGT-1",0.0895012582347373,"singlet"
"GACAGCCTCACCTACC-1",0.18502514024248,"singlet"
"GACATCAGTCTGTAAC-1",0.277704241079196,"singlet"
"GACATCATCCTCTAGC-1",0.17607018469095,"singlet"
"GACCAATAGGGAGGCA-1",0.164516800925128,"singlet"
"GACCAATCACATATCG-1",0.220066949021714,"singlet"
"GACCAATCACCAGACC-1",0.0998076653537923,"singlet"
"GACCAATGTATGAGAT-1",0.151778966505853,"singlet"
"GACCCAGCATCAGCAT-1",0.111008851402737,"singlet"
"GACCCAGGTGTCTAAC-1",0.0851585191733465,"singlet"
"GACCCAGTCGATACAC-1",0.327427197656069,"singlet"
"GACCCTTAGAGTCCGA-1",0.115012085404253,"singlet"
"GACCCTTAGGGCTAAC-1",0.320863928354282,"singlet"
"GACCCTTTCGAACCAT-1",0.171659466829527,"singlet"
"GACCCTTTCGGTCTGG-1",0.0618918165901302,"singlet"
"GACCGTGAGGCACGAT-1",0.079080275695061,"singlet"
"GACCGTGCACAACGCC-1",0.26237738360775,"singlet"
"GACCGTGGTCCGCAGT-1",0.303810042130139,"singlet"
"GACCGTGTCACCGGTG-1",0.05578522780081,"singlet"
"GACCGTGTCCGTAGGC-1",0.116952359959283,"singlet"
"GACCTTCAGTGTACCT-1",0.0384071757894091,"singlet"
"GACCTTCCAAATCAAG-1",0.218727012965911,"singlet"
"GACCTTCCAATCAAGA-1",0.0217028296478805,"singlet"
"GACCTTCTCCACGTAA-1",0.339144610808339,"singlet"
"GACGCTGAGGACAACC-1",0.091794532012172,"singlet"
"GACGCTGAGTCTGGAG-1",0.100639368447105,"singlet"
"GACGCTGCACTTGTGA-1",0.110296349955644,"singlet"
"GACGCTGGTGCGAACA-1",0.190167644744377,"singlet"
"GACGCTGTCATTGTGG-1",0.0770669099262976,"singlet"
"GACGCTGTCTGACGCG-1",0.0255758016281007,"singlet"
"GACGTTAAGTATTAGG-1",0.351451049412097,"singlet"
"GACGTTAAGTCACACT-1",0.200687330842208,"singlet"
"GACGTTAGTGCCTTTC-1",0.139236017721781,"singlet"
"GACGTTATCGAGCACC-1",0.682382455842235,"doublet"
"GACGTTATCGCCTTGT-1",0.350435149354475,"singlet"
"GACTATGCAACTTGCA-1",0.0625032397928709,"singlet"
"GACTATGCACAGTCAT-1",0.12548152227957,"singlet"
"GACTATGCACGCTATA-1",0.108698465343077,"singlet"
"GACTATGCACTTCATT-1",0.119902913384962,"singlet"
"GACTCAAGTTCTAAGC-1",0.0450263763542052,"singlet"
"GACTCTCCACGATAGG-1",0.11593582934927,"singlet"
"GACTCTCCAGTAACCT-1",0.199178430469179,"singlet"
"GACTCTCGTGCATACT-1",0.177610008822004,"singlet"
"GACTCTCGTGGCGCTT-1",0.329814579311631,"singlet"
"GACTCTCTCCCAATAG-1",0.245950157942516,"singlet"
"GACTCTCTCGGACGTC-1",0.0440214644655387,"singlet"
"GACTGATAGACTCTAC-1",0.159151960015259,"singlet"
"GACTGATCACAGAGAC-1",0.127828119182192,"singlet"
"GACTGATCAGATTCGT-1",0.385103862059021,"doublet"
"GACTGATCAGGGACTA-1",0.162009347850934,"singlet"
"GACTGATCAGGTAGTG-1",0.0511604739170754,"singlet"
"GACTGATGTAGCGTAG-1",0.0904723212733966,"singlet"
"GACTGATTCAGATGCT-1",0.106390030866714,"singlet"
"GACTGATTCCTGGGAC-1",0.359253868183627,"doublet"
"GACTGATTCGCACTCT-1",0.100416660876708,"singlet"
"GACTGATTCTGTGCTC-1",0.449258179136311,"doublet"
"GACTTCCCACTGCTTC-1",0.105494917618162,"singlet"
"GACTTCCGTACCATAC-1",0.28872800471162,"singlet"
"GAGAAATAGCTTGTGT-1",0.273584394309601,"singlet"
"GAGAAATAGTTGTCAC-1",0.126837771782299,"singlet"
"GAGAAATTCTAGAGCT-1",0.119418631514847,"singlet"
"GAGACCCAGCTCGCAC-1",0.0989301893201618,"singlet"
"GAGACCCAGGCCTAAG-1",0.181392096548909,"singlet"
"GAGACCCAGGCTAACG-1",0.151124498031281,"singlet"
"GAGACCCCAGCGATTT-1",0.15742436569053,"singlet"
"GAGACCCCAGTCCCGA-1",0.165958809011696,"singlet"
"GAGACCCCATATCTCT-1",0.148983801571367,"singlet"
"GAGACCCTCCCTATTA-1",0.147894313182244,"singlet"
"GAGACCCTCTCCTGCA-1",0.255167268468493,"singlet"
"GAGACTTAGTCTTCCC-1",0.0383027979596457,"singlet"
"GAGACTTCAAATCGGG-1",0.0917586363064179,"singlet"
"GAGACTTCAGCATCTA-1",0.172327083241238,"singlet"
"GAGACTTGTTCCGCTT-1",0.158831410741927,"singlet"
"GAGAGGTAGCGATCGA-1",0.0858023268727616,"singlet"
"GAGAGGTAGCTCGTGC-1",0.086430821208343,"singlet"
"GAGAGGTCACGTAGTT-1",0.0640399373162481,"singlet"
"GAGAGGTTCTATTGTC-1",0.100256376894744,"singlet"
"GAGATGGAGACAACTA-1",0.042598780257848,"singlet"
"GAGATGGAGGTCTGGA-1",0.0956415265673467,"singlet"
"GAGATGGAGTAAAGCT-1",0.0858959577436842,"singlet"
"GAGATGGCAGGGCTTC-1",0.135114002268252,"singlet"
"GAGATGGGTGAACGGT-1",0.0769604409679518,"singlet"
"GAGATGGTCACGATAC-1",0.172041405324726,"singlet"
"GAGCCTGAGCCTGGAA-1",0.114466478702887,"singlet"
"GAGCCTGGTGGCCTCA-1",0.210211749566142,"singlet"
"GAGCCTGTCTCAACGA-1",0.128357967385559,"singlet"
"GAGCTGCGTCGAAACG-1",0.168549716064749,"singlet"
"GAGCTGCGTCGGAAAC-1",0.663186037376016,"doublet"
"GAGCTGCTCATATGGC-1",0.0720633485926361,"singlet"
"GAGGCAAAGTAAGGGA-1",0.160198075133825,"singlet"
"GAGGCAAAGTTGCGAG-1",0.131898122104975,"singlet"
"GAGGCAACACGAGGAT-1",0.0496740580245957,"singlet"
"GAGGCAACACTACAGT-1",0.0608357807991039,"singlet"
"GAGGCAAGTGGTGATG-1",0.116276094590524,"singlet"
"GAGGCAATCAGTCACA-1",0.464157646659791,"doublet"
"GAGGCCTGTTGGACTT-1",0.223313543287947,"singlet"
"GAGGGATAGATAGTGT-1",0.0757577368791969,"singlet"
"GAGGGATAGCACCAGA-1",0.171698380575648,"singlet"
"GAGGGATGTATGGAGC-1",0.0765976758221071,"singlet"
"GAGGGATGTCTTCCGT-1",0.0775738148164468,"singlet"
"GAGGGATGTGGAACCA-1",0.103899591666275,"singlet"
"GAGGGATGTGGAATGC-1",0.174283293836321,"singlet"
"GAGGGATTCGTGTGAT-1",0.0548319359920945,"singlet"
"GAGGGTAAGCACTCTA-1",0.124945226285492,"singlet"
"GAGGGTAAGCTGAAGC-1",0.16578464446373,"singlet"
"GAGGGTAAGGCCTTGC-1",0.193320496359563,"singlet"
"GAGGGTACAGCAAGAC-1",0.0567770769057125,"singlet"
"GAGGGTAGTCGATGCC-1",0.0729161565394612,"singlet"
"GAGGGTAGTGGTCTTA-1",0.0348321499086275,"singlet"
"GAGGGTATCTCAACGA-1",0.141496524646392,"singlet"
"GAGTCATCAACTAGAA-1",0.189547142179481,"singlet"
"GAGTCATTCATCGCAA-1",0.0618030616248206,"singlet"
"GAGTCTAAGGGTGAGG-1",0.154651392606461,"singlet"
"GAGTCTAGTGACTGAG-1",0.123303291357559,"singlet"
"GAGTCTATCTTGAGCA-1",0.115495623960302,"singlet"
"GAGTGAGAGGACGCTA-1",0.0482139520683113,"singlet"
"GAGTGAGGTACGTAGG-1",0.0207975223962412,"singlet"
"GAGTGAGGTTTACGAC-1",0.148192916934611,"singlet"
"GAGTGAGTCGTGCATA-1",0.127652846576912,"singlet"
"GAGTGAGTCTCCAATT-1",0.204786762540079,"singlet"
"GAGTGAGTCTGACCCT-1",0.318551217565725,"singlet"
"GAGTGTTAGCGTCAGA-1",0.123228617941956,"singlet"
"GAGTGTTCAACAAGTA-1",0.238203060524585,"singlet"
"GAGTGTTGTTCGGTTA-1",0.176289707804426,"singlet"
"GAGTGTTTCTCCTGAC-1",0.0725315998787289,"singlet"
"GAGTTACAGCACTCTA-1",0.539404733693055,"doublet"
"GAGTTACAGGCTCAAG-1",0.0985597187458844,"singlet"
"GAGTTACCACACGGTC-1",0.0976027921191624,"singlet"
"GAGTTACCATGGCACC-1",0.170011926226688,"singlet"
"GAGTTACGTCCACATA-1",0.780238987554355,"doublet"
"GAGTTACTCCGTGTCT-1",0.080611666174889,"singlet"
"GAGTTGTCAATTGCTG-1",0.224738785127829,"singlet"
"GAGTTGTCATTCACAG-1",0.129964165652269,"singlet"
"GAGTTGTTCGTCCATC-1",0.126635328379081,"singlet"
"GAGTTGTTCTGTGCTC-1",0.077127065218919,"singlet"
"GAGTTTGTCGTGACTA-1",0.339823897143774,"singlet"
"GATAGAAAGACGACGT-1",0.181321524019812,"singlet"
"GATAGAACAGCTTTGA-1",0.079402365428388,"singlet"
"GATAGAAGTAACGATA-1",0.0205808944991969,"singlet"
"GATAGCTAGCGCTGCT-1",0.106368462396976,"singlet"
"GATAGCTAGGTAAACT-1",0.396376272336377,"doublet"
"GATAGCTGTCAACCTA-1",0.605299999086865,"doublet"
"GATCACAAGTATGATG-1",0.130475482991049,"singlet"
"GATCACACAAAGTATG-1",0.0369417326085641,"singlet"
"GATCACAGTAGGAGGG-1",0.157024573681506,"singlet"
"GATCACAGTATCTCTT-1",0.204153717499953,"singlet"
"GATCACAGTTGTATGC-1",0.031103353076671,"singlet"
"GATCAGTCATGGAACG-1",0.607163263477372,"doublet"
"GATCAGTGTCCTGTTC-1",0.0850758734538942,"singlet"
"GATCATGAGAATCGTA-1",0.223635454020263,"singlet"
"GATCATGAGAGCACTG-1",0.163015009164319,"singlet"
"GATCATGCACAGTATC-1",0.0468404097708979,"singlet"
"GATCATGCATGACTAC-1",0.124510840467999,"singlet"
"GATCATGCATTGCCGG-1",0.141146906849571,"singlet"
"GATCATGGTCAGATTC-1",0.213605327712291,"singlet"
"GATCATGGTTCTATCT-1",0.0727846931091427,"singlet"
"GATCATGTCAGTGGGA-1",0.144694905379535,"singlet"
"GATCCCTAGATCGCTT-1",0.0795560577970978,"singlet"
"GATCCCTAGTAAGAGG-1",0.0510969695702562,"singlet"
"GATCCCTAGTCTTCCC-1",0.901256999093009,"doublet"
"GATCCCTGTCAAGCGA-1",0.111890307117295,"singlet"
"GATCGTAAGACCACGA-1",0.0824762007160068,"singlet"
"GATCGTAAGATGACAT-1",0.301047832746009,"singlet"
"GATCGTAAGTGCAACG-1",0.0461526995751914,"singlet"
"GATCGTACAAGCTCTA-1",0.130654377729539,"singlet"
"GATCGTACACATACGT-1",0.115667819286367,"singlet"
"GATCGTATCCACGGGT-1",0.126866779435918,"singlet"
"GATGACTAGACGTCCC-1",0.119413243690959,"singlet"
"GATGACTAGAGGACTC-1",0.146278942891667,"singlet"
"GATGACTAGTCATCCA-1",0.0686743703274059,"singlet"
"GATGACTCAAACTAGA-1",0.0761637185395777,"singlet"
"GATGACTCACCCTAGG-1",0.854771723406712,"doublet"
"GATGACTGTAGACGTG-1",0.0256459968692892,"singlet"
"GATGACTGTCGACGCT-1",0.081972809975377,"singlet"
"GATGAGGAGCTAATGA-1",0.0226087498222736,"singlet"
"GATGAGGAGGCATCTT-1",0.0387915751540177,"singlet"
"GATGAGGAGGTAGCCA-1",0.113559118222148,"singlet"
"GATGAGGCAGACTCTA-1",0.103176531632274,"singlet"
"GATGAGGGTTAGAAAC-1",0.240114628275009,"singlet"
"GATGAGGTCTAGAGCT-1",0.116671658359309,"singlet"
"GATGATCCACCGGCTA-1",0.195688126057359,"singlet"
"GATGATCCAGAGTAAT-1",0.075446288539848,"singlet"
"GATGATCCATTCTCCG-1",0.175874197831717,"singlet"
"GATGATCGTGGTAATA-1",0.202887172425657,"singlet"
"GATGATCGTTGGAGAC-1",0.203732994534239,"singlet"
"GATGATCTCCTATGGA-1",0.233544923374299,"singlet"
"GATGATCTCGCCTTTG-1",0.198969981878309,"singlet"
"GATGATCTCGTCGATA-1",0.479009067821526,"doublet"
"GATGCTATCACAGTGT-1",0.0317173883103692,"singlet"
"GATGCTATCATGAGTC-1",0.301382058994611,"singlet"
"GATGCTATCGACCATA-1",0.0398569499488286,"singlet"
"GATGGAGAGGAACATT-1",0.0713120212971172,"singlet"
"GATGGAGCATTCAGGT-1",0.176297827141264,"singlet"
"GATGGAGGTGTCCATA-1",0.0511470445249896,"singlet"
"GATGTTGAGGACAACC-1",0.122199064500179,"singlet"
"GATGTTGTCAAACCTG-1",0.157722498923496,"singlet"
"GATTCGAAGGGCAGAG-1",0.281943420713789,"singlet"
"GATTCGAAGGTCGAGT-1",0.0452022877671269,"singlet"
"GATTCGAGTAATGCTC-1",0.193313219822188,"singlet"
"GATTCGATCAACGCTA-1",0.1178095545607,"singlet"
"GATTCGATCCACGGAC-1",0.206935987937125,"singlet"
"GATTCGATCTAGACCA-1",0.25534269987468,"singlet"
"GATTCTTAGTAGTGCG-1",0.130025100925247,"singlet"
"GATTCTTTCTACTATC-1",0.208786153660584,"singlet"
"GATTCTTTCTTAGGAC-1",0.177648778435153,"singlet"
"GATTGGTCAGCAGTAG-1",0.274028978342183,"singlet"
"GATTTCTCACCTGCGA-1",0.0765005806931837,"singlet"
"GATTTCTGTCCACATA-1",0.219752925104156,"singlet"
"GCAACATCAAGTGGTG-1",0.814158573659286,"doublet"
"GCAACATGTACTTCCC-1",0.0618246210022303,"singlet"
"GCAACATTCTAAACGC-1",0.0325229952284278,"singlet"
"GCAACCGAGGATGGCT-1",0.195956304925877,"singlet"
"GCAACCGCAACGCATT-1",0.176185022369571,"singlet"
"GCAACCGCACTCTAGA-1",0.334458445502892,"singlet"
"GCAACCGCAGGACATG-1",0.191398985085916,"singlet"
"GCAACCGGTACAAGCG-1",0.11091348744329,"singlet"
"GCAACCGGTATCGCAT-1",0.192891422534516,"singlet"
"GCAACCGGTGTTCGTA-1",0.100201234259982,"singlet"
"GCAACCGTCACCTTGC-1",0.177058194921555,"singlet"
"GCAACCGTCTGTGCTC-1",0.108489483385331,"singlet"
"GCACATACATGAAAGT-1",0.198417972819693,"singlet"
"GCACATATCCACTTTA-1",0.195116074319542,"singlet"
"GCACGGTAGACAACTA-1",0.0844454137381855,"singlet"
"GCACGGTAGACCCGCT-1",0.116459368003354,"singlet"
"GCACGGTCAAGAGGTC-1",0.0858647767423556,"singlet"
"GCACGGTCACCCAATA-1",0.0801997388558862,"singlet"
"GCACGGTCAGCCTTCT-1",0.206007551666119,"singlet"
"GCACGGTCAGGCTCTG-1",0.0850624348377992,"singlet"
"GCACGGTGTACGCGTC-1",0.175881873921688,"singlet"
"GCACGGTTCAAGTAAG-1",0.276226102220753,"singlet"
"GCACGTGAGTGCACTT-1",0.183754301153906,"singlet"
"GCACGTGCAACTCCAA-1",0.153908014391998,"singlet"
"GCACGTGCATTCCTCG-1",0.165322745021745,"singlet"
"GCACTAACATCGGAGA-1",0.0364474283429396,"singlet"
"GCACTAACATGATAGA-1",0.222360737929962,"singlet"
"GCACTAAGTAACTTCG-1",0.190994677520811,"singlet"
"GCACTAAGTCCAGCCA-1",0.237337800328496,"singlet"
"GCACTAAGTCGAATTC-1",0.646908491188503,"doublet"
"GCACTAAGTGATTCAC-1",0.205697497669143,"singlet"
"GCAGCCAAGCTATCCA-1",0.179518908890086,"singlet"
"GCAGCCAAGCTCGCAC-1",0.280053384418516,"singlet"
"GCAGCCAGTAGTGATA-1",0.422401836840605,"doublet"
"GCAGCCAGTCCACGCA-1",0.0620284398424506,"singlet"
"GCAGCTGCAAACGAGC-1",0.277412619221671,"singlet"
"GCAGCTGCAACGAGGT-1",0.106752530815709,"singlet"
"GCAGCTGCACTCATAG-1",0.0952308560266331,"singlet"
"GCAGCTGCATGTGTCA-1",0.0371219047770149,"singlet"
"GCAGCTGTCCCTGGTT-1",0.141146545668732,"singlet"
"GCAGGCTCACATGAAA-1",0.141772349205013,"singlet"
"GCAGGCTGTAAGATAC-1",0.321449019142689,"singlet"
"GCAGTTAAGAGGCTGT-1",0.234574221609642,"singlet"
"GCAGTTAAGTCACGCC-1",0.377710981536189,"doublet"
"GCAGTTACAATCGCCG-1",0.133690552708935,"singlet"
"GCAGTTACATGCTGCG-1",0.136482713655442,"singlet"
"GCAGTTAGTTACACAC-1",0.416119363469973,"doublet"
"GCATCGGCAAATAAGC-1",0.116812192018957,"singlet"
"GCATCGGTCTGTCCGT-1",0.0737264403679188,"singlet"
"GCATCTCAGATGCCGA-1",0.0861862529049332,"singlet"
"GCATCTCCAGTCTTCC-1",0.19544156652054,"singlet"
"GCATCTCCATAGCACT-1",0.0899558062609219,"singlet"
"GCATCTCGTATCGCTA-1",0.207194357171762,"singlet"
"GCATCTCTCCTACACC-1",0.749977939808021,"doublet"
"GCATGATAGTGGATTA-1",0.205121906839677,"singlet"
"GCATGATAGTGGCCTC-1",0.278625718637898,"singlet"
"GCATGATCAGACATCT-1",0.1137278860845,"singlet"
"GCATGATGTGTGATGG-1",0.390317568226704,"doublet"
"GCATGATTCCTCTCTT-1",0.036342180548023,"singlet"
"GCATTAGCAGAAATTG-1",0.208435003391038,"singlet"
"GCATTAGCATAGGAGC-1",0.0183317304171068,"singlet"
"GCATTAGGTAGCTGAG-1",0.210931806792545,"singlet"
"GCATTAGGTTCTCAGA-1",0.137027694639904,"singlet"
"GCATTAGTCTCAGAAC-1",0.184504537004993,"singlet"
"GCCAACGAGGTGATCG-1",0.0900651817083027,"singlet"
"GCCAACGGTGTTATCG-1",0.109711372037823,"singlet"
"GCCAGCACACTTGGCG-1",0.0600326230470001,"singlet"
"GCCAGCACAGGCATGA-1",0.168035619208765,"singlet"
"GCCAGCACATGAAAGT-1",0.368574544233029,"doublet"
"GCCAGCAGTGTAGGAC-1",0.130671219592328,"singlet"
"GCCAGCAGTTTACGAC-1",0.0359480835985527,"singlet"
"GCCAGCATCATTCATC-1",0.358276886565394,"doublet"
"GCCAGCATCGACGTCG-1",0.138783719241773,"singlet"
"GCCAGGTAGCAAATCA-1",0.25809319968008,"singlet"
"GCCAGGTTCGGATACT-1",0.182846523015518,"singlet"
"GCCAGTGAGATGCGAC-1",0.0733806054924551,"singlet"
"GCCAGTGAGCGTCAAG-1",0.115520693798549,"singlet"
"GCCAGTGGTAGGATAT-1",0.285819845299157,"singlet"
"GCCATGGCATAGGCGA-1",0.389985553699488,"doublet"
"GCCATGGTCTGTTGGA-1",0.0547248698280813,"singlet"
"GCCATTCAGAAGCGGG-1",0.0866293625586139,"singlet"
"GCCATTCTCCACTAGA-1",0.100896351311143,"singlet"
"GCCCAGACAGGCTTGC-1",0.346041793122436,"singlet"
"GCCCAGAGTGATGGCA-1",0.120553685892036,"singlet"
"GCCCAGATCAGCTGAT-1",0.231206092154153,"singlet"
"GCCCAGATCTAGCAAC-1",0.243197965735783,"singlet"
"GCCCAGATCTCTCAAT-1",0.0681635017893987,"singlet"
"GCCCGAAAGACCAGCA-1",0.0787441981365151,"singlet"
"GCCCGAAAGCATCTTG-1",0.13099606464123,"singlet"
"GCCCGAAAGCGGCTCT-1",0.0994854672847285,"singlet"
"GCCCGAAAGGGACACT-1",0.183004309335413,"singlet"
"GCCCGAACATATCTCT-1",0.0826470629849863,"singlet"
"GCCCGAATCAACGTGT-1",0.153232318784362,"singlet"
"GCCCGAATCATCCCGT-1",0.352454169405856,"singlet"
"GCCGATGAGACTACGG-1",0.0723370870596742,"singlet"
"GCCGATGCATCCGTGG-1",0.126322426964913,"singlet"
"GCCGATGTCGTCAACA-1",0.126573344148509,"singlet"
"GCCGTGACACCTGCTT-1",0.475076824245947,"doublet"
"GCCGTGACAGCACACC-1",0.154988549993711,"singlet"
"GCCGTGAGTAGTTCCA-1",0.202839207387627,"singlet"
"GCCGTGAGTGCATGAG-1",0.18239360885223,"singlet"
"GCCTGTTAGATCCCGC-1",0.217389860938023,"singlet"
"GCCTGTTAGATGCGAC-1",0.712228876473658,"doublet"
"GCCTGTTCATCCGAGC-1",0.0752433919766607,"singlet"
"GCGAGAAAGGTGCATG-1",0.0560573450921834,"singlet"
"GCGAGAACATACTGTG-1",0.108615015725401,"singlet"
"GCGAGAATCGCGTAGC-1",0.118663196646342,"singlet"
"GCGAGAATCTCCCAAC-1",0.125867977421796,"singlet"
"GCGATCGAGTGAGTTA-1",0.188615021742216,"singlet"
"GCGATCGGTCTATGAC-1",0.0531621252538623,"singlet"
"GCGATCGGTCTTCTAT-1",0.139995746199971,"singlet"
"GCGGAAAAGTACCCTA-1",0.272457435708004,"singlet"
"GCGGAAAAGTTGTAAG-1",0.129610795938611,"singlet"
"GCGGAAACAAGCGAAC-1",0.0807675093875983,"singlet"
"GCGGAAACACACCTTC-1",0.177584172631795,"singlet"
"GCGGAAACAGACGGAT-1",0.157944336292835,"singlet"
"GCGGAAATCTCCGAGG-1",0.174077686175287,"singlet"
"GCGGAAATCTGGGCAC-1",0.38405893031161,"doublet"
"GCGGATCCACCGGCTA-1",0.233787157451104,"singlet"
"GCGGATCCATCGATGT-1",0.192101376330726,"singlet"
"GCGGATCGTCCAGCAC-1",0.234827797950396,"singlet"
"GCGGATCGTGTCCTAA-1",0.287567256015582,"singlet"
"GCGGATCGTTTACCTT-1",0.0929042884955118,"singlet"
"GCGGATCTCCGATAGT-1",0.0990919387478644,"singlet"
"GCGTGCAAGGTGCATG-1",0.119167919474611,"singlet"
"GCGTGCAAGTTAGTAG-1",0.0929028709431452,"singlet"
"GCGTGCATCTGCACCT-1",0.0999947098869703,"singlet"
"GCGTTTCGTAACATAG-1",0.191462290796148,"singlet"
"GCGTTTCGTATGCGGA-1",0.344501625266008,"singlet"
"GCGTTTCTCGCGATCG-1",0.365576969977818,"doublet"
"GCGTTTCTCGCTCTCA-1",0.178455980062666,"singlet"
"GCTACAAAGAGTCAGC-1",0.0721325650600143,"singlet"
"GCTACCTAGAGAGGTA-1",0.236798087969757,"singlet"
"GCTACCTGTCCGGCAT-1",0.0888110720105794,"singlet"
"GCTACCTGTTACTCAG-1",0.122856244573591,"singlet"
"GCTCAAAAGCCTGTGC-1",0.137288226723182,"singlet"
"GCTCAAACAACACAGG-1",0.00467969197728007,"singlet"
"GCTGAATGTAGGGTAC-1",0.183493508757459,"singlet"
"GCTGAATGTCCTCAGG-1",0.217893753794667,"singlet"
"GCTGAATGTCTTTCAT-1",0.302273303141834,"singlet"
"GCTGAATTCGTAGAGG-1",0.161284941398903,"singlet"
"GCTGCAGCATTACGGT-1",0.128259579801632,"singlet"
"GCTGCAGGTGCAGTGA-1",0.357296655905881,"singlet"
"GCTGCAGGTGTCTTAG-1",0.135772024602943,"singlet"
"GCTGGGTAGAGTCACG-1",0.0321373641593549,"singlet"
"GCTGGGTAGCGACTGA-1",0.148921135356254,"singlet"
"GCTGGGTCACGTCGGT-1",0.116533786900098,"singlet"
"GCTGGGTTCATCGGGC-1",0.00490363474088023,"singlet"
"GCTGGGTTCCCATACC-1",0.406989320115553,"doublet"
"GCTGGGTTCGGAATGG-1",0.0635077006023806,"singlet"
"GCTGGGTTCGTGAGAG-1",0.10895268538652,"singlet"
"GCTTCACAGAAGGCTC-1",0.138506786380305,"singlet"
"GCTTCACAGCCGAATG-1",0.0635271940344439,"singlet"
"GCTTCACCAACCGACC-1",0.218212335534278,"singlet"
"GCTTCACGTCAACACT-1",0.315377491238347,"singlet"
"GCTTCACTCCATAAGC-1",0.185315378612508,"singlet"
"GCTTCACTCTCCGAGG-1",0.102228802765778,"singlet"
"GCTTTCGCACCTTCCA-1",0.121878068455451,"singlet"
"GCTTTCGTCTACTATC-1",0.197119650459105,"singlet"
"GGAACCCAGACTCTAC-1",0.0576075811561796,"singlet"
"GGAACCCAGTATGCAA-1",0.0789086995488517,"singlet"
"GGAACCCCATTGTAGC-1",0.0401258830895579,"singlet"
"GGAACCCGTTTACGTG-1",0.0359686637954329,"singlet"
"GGAACCCTCACACCGG-1",0.377182849576436,"doublet"
"GGAACCCTCAGACATC-1",0.0642815080807276,"singlet"
"GGAACCCTCATAGGCT-1",0.115169299769827,"singlet"
"GGAAGTGAGAGCCGAT-1",0.0784716975123732,"singlet"
"GGAAGTGAGGAGGTTC-1",0.0885095090584158,"singlet"
"GGAAGTGAGGTCACTT-1",0.120022202275574,"singlet"
"GGAAGTGGTCCTTAAG-1",0.0252397646004858,"singlet"
"GGAAGTGGTCGATTTG-1",0.114074856548656,"singlet"
"GGAAGTGGTTCACCGG-1",0.252198571522683,"singlet"
"GGAAGTGTCTTTGATC-1",0.201302707941004,"singlet"
"GGAATCTAGCACAAAT-1",0.403135333551631,"doublet"
"GGAATCTAGCACTCTA-1",0.13239412760149,"singlet"
"GGAATCTCATTCAGCA-1",0.0877693060325109,"singlet"
"GGAATCTGTAGCCCTG-1",0.114999445587018,"singlet"
"GGAATGGAGAATACAC-1",0.277373059356615,"singlet"
"GGAATGGAGTTTGGCT-1",0.20398953466268,"singlet"
"GGAATGGTCCGTGGTG-1",0.0649599307863971,"singlet"
"GGACGTCAGGTGCTTT-1",0.0634213066551278,"singlet"
"GGACGTCAGTCACGCC-1",0.108038199831677,"singlet"
"GGACGTCCAAGTTCGT-1",0.125925308482115,"singlet"
"GGACGTCTCATGGCCG-1",0.74695333201065,"doublet"
"GGACGTCTCGGAACTT-1",0.216440325248316,"singlet"
"GGAGAACAGTTCCGGC-1",0.045950666036879,"singlet"
"GGAGAACCAAGCGCAA-1",0.0438806290638642,"singlet"
"GGAGAACGTAGGGTAC-1",0.0329227936479933,"singlet"
"GGAGATGCACACCTAA-1",0.13823274924327,"singlet"
"GGAGATGCACGCGCAT-1",0.123852742023893,"singlet"
"GGAGATGCATCGATAC-1",0.0389072268179872,"singlet"
"GGAGATGGTACTTGTG-1",0.0340097918661364,"singlet"
"GGAGGATGTCACCACG-1",0.131131197786309,"singlet"
"GGAGGATGTCCTGTTC-1",0.137789341652296,"singlet"
"GGAGGTACATGAAGGC-1",0.218846243866614,"singlet"
"GGAGGTATCTCCGAAA-1",0.0989596178418991,"singlet"
"GGATCTAAGCCTTCTC-1",0.225247373930703,"singlet"
"GGATCTAAGTTAACAG-1",0.0607492312240327,"singlet"
"GGATCTACACAGAGAC-1",0.0370395705121639,"singlet"
"GGATCTACACTTCATT-1",0.0551687944871104,"singlet"
"GGATCTACACTTGTGA-1",0.259105862906261,"singlet"
"GGATCTAGTACAAAGT-1",0.0521576445113593,"singlet"
"GGATCTAGTGGACTAG-1",0.0766306167267457,"singlet"
"GGATCTAGTTAATGAG-1",0.201151306002597,"singlet"
"GGATGTTAGCATCGAG-1",0.113994769374944,"singlet"
"GGATGTTCACATCCCT-1",0.151334058893108,"singlet"
"GGATGTTTCGGCCTTT-1",0.0254476385159648,"singlet"
"GGCACGTAGCGAAACC-1",0.260712586535246,"singlet"
"GGCACGTGTGGTCTAT-1",0.0571697406210785,"singlet"
"GGCAGTCCACAAATGA-1",0.395956661860772,"doublet"
"GGCAGTCGTAGTGTGG-1",0.0996203522282164,"singlet"
"GGCAGTCGTCAAGTTC-1",0.0518165656490673,"singlet"
"GGCAGTCGTCGGATTT-1",0.250804708267637,"singlet"
"GGCAGTCGTTAGTTCG-1",0.200906739090025,"singlet"
"GGCAGTCTCGGACTTA-1",0.215549578760671,"singlet"
"GGCAGTCTCGGTGAAG-1",0.277095256064614,"singlet"
"GGCGTCAGTTACCGTA-1",0.113076674915559,"singlet"
"GGCGTCATCTAGTTCT-1",0.0832159843951155,"singlet"
"GGCTGTGAGCAAGGAA-1",0.204212253255051,"singlet"
"GGCTGTGAGCCTCGTG-1",0.10581189546623,"singlet"
"GGCTGTGGTTCTTAGG-1",0.146813495314577,"singlet"
"GGCTTGGAGGTAGCAC-1",0.185586894429172,"singlet"
"GGCTTGGAGTGAGTTA-1",0.415515174287529,"doublet"
"GGCTTGGCATCAACCA-1",0.279049318750993,"singlet"
"GGCTTGGCATCCGATA-1",0.262774333722782,"singlet"
"GGCTTGGCATGGGTTT-1",0.161184150698559,"singlet"
"GGCTTGGGTAGCCAGA-1",0.169092140753327,"singlet"
"GGCTTGGGTGATTCAC-1",0.443416144351312,"doublet"
"GGCTTGGGTGCACATT-1",0.245577454579823,"singlet"
"GGCTTGGTCACTGGTA-1",0.0774989710965449,"singlet"
"GGCTTTCAGCGAATGC-1",0.161516605741657,"singlet"
"GGCTTTCCATCTCGTC-1",0.0418645979622288,"singlet"
"GGCTTTCGTCGCTTAA-1",0.0159477978167034,"singlet"
"GGCTTTCGTCGGCTAC-1",0.366476193750133,"doublet"
"GGCTTTCGTTCAAGTC-1",0.00846048983016192,"singlet"
"GGGAAGTCAAAGGGCT-1",0.295775989034365,"singlet"
"GGGAAGTCATCGAAGG-1",0.119772679005919,"singlet"
"GGGAAGTCATGAGTAA-1",0.122281883290201,"singlet"
"GGGAAGTGTCGGTGTC-1",0.126304026415503,"singlet"
"GGGAAGTGTCTCGCGA-1",0.135330575048849,"singlet"
"GGGAAGTTCACTCTTA-1",0.266923718149108,"singlet"
"GGGACAAAGGCTATCT-1",0.201693373940657,"singlet"
"GGGACAATCTAAACGC-1",0.128003719979551,"singlet"
"GGGACAATCTTTCCAA-1",0.183092782089007,"singlet"
"GGGACCTAGACCAAGC-1",0.120067135796611,"singlet"
"GGGACCTAGCTCGAAG-1",0.0972882896317089,"singlet"
"GGGACCTCAAGACGGT-1",0.123954498474292,"singlet"
"GGGACCTGTCGAGTTT-1",0.318875276965893,"singlet"
"GGGACTCCACAAAGTA-1",0.191554055038669,"singlet"
"GGGACTCCACGAAGAC-1",0.0215099386141815,"singlet"
"GGGACTCCAGAGTGAC-1",0.258108189144182,"singlet"
"GGGACTCTCAAGTCTG-1",0.165359080791149,"singlet"
"GGGACTCTCCAAGGGA-1",0.0832836410692515,"singlet"
"GGGACTCTCCTAACAG-1",0.124630604012387,"singlet"
"GGGAGATAGTAAGCAT-1",0.277871733809788,"singlet"
"GGGAGATCAGAACCGA-1",0.212719786304119,"singlet"
"GGGAGATGTGTAACGG-1",0.192681982770024,"singlet"
"GGGAGATGTGTTCCAA-1",0.209929348460736,"singlet"
"GGGAGATTCCGATGCG-1",0.139159353289821,"singlet"
"GGGAGTACATTGTCGA-1",0.0350738597399933,"singlet"
"GGGAGTATCTACTTCA-1",0.127990279668843,"singlet"
"GGGATCCAGGGCAGTT-1",0.0611309707336641,"singlet"
"GGGATCCAGGTTACAA-1",0.0494650619542567,"singlet"
"GGGATCCAGTATAACG-1",0.195306136102337,"singlet"
"GGGATCCGTACAGCGA-1",0.0798702211237454,"singlet"
"GGGATCCTCACAACCA-1",0.237751502265478,"singlet"
"GGGATGAAGATGATTG-1",0.108508564478354,"singlet"
"GGGATGAAGGTTGCCC-1",0.259450405024778,"singlet"
"GGGATGAAGTACTGTC-1",0.158620361387265,"singlet"
"GGGATGACAAGACGGT-1",0.341842892681019,"singlet"
"GGGATGACAGCTGTGC-1",0.233016649577065,"singlet"
"GGGATGAGTTTGATCG-1",0.0459203709805179,"singlet"
"GGGCCATAGGTATAGT-1",0.112248916297356,"singlet"
"GGGCCATGTTCGAACT-1",0.0118648191888807,"singlet"
"GGGCCATTCGCGTTTC-1",0.290049578439205,"singlet"
"GGGCGTTAGATCCCAT-1",0.184083217697138,"singlet"
"GGGCGTTCAAGGGCAT-1",0.0656236591216383,"singlet"
"GGGCGTTGTTGCGGCT-1",0.111162752199815,"singlet"
"GGGCTACAGAAATTCG-1",0.0402430730055962,"singlet"
"GGGCTACAGCATCCCG-1",0.182325131576288,"singlet"
"GGGCTACCAATCCTAG-1",0.264814589511707,"singlet"
"GGGCTCAAGAGGGTGG-1",0.230219135619391,"singlet"
"GGGCTCACAAAGGGTC-1",0.089087873378085,"singlet"
"GGGCTCAGTAGCACAG-1",0.254542706973925,"singlet"
"GGGTAGAAGGCCCGTT-1",0.203142430296411,"singlet"
"GGGTAGAGTATTTCCT-1",0.213444490584459,"singlet"
"GGGTAGATCCCTTGGT-1",0.264904484178874,"singlet"
"GGGTAGATCTGACAGT-1",0.101049359222606,"singlet"
"GGGTATTAGTCGCCCA-1",0.0631358655227897,"singlet"
"GGGTATTCACGGAAGT-1",0.0724891323701769,"singlet"
"GGGTATTCAGGTCTCG-1",0.0402406882770198,"singlet"
"GGGTATTGTACCAATC-1",0.261001375944581,"singlet"
"GGGTATTGTTGGGCCT-1",0.0989424728558339,"singlet"
"GGGTATTTCCTGTTGC-1",0.0356669185660049,"singlet"
"GGGTCACAGGCTAAAT-1",0.413336959283808,"doublet"
"GGGTCACAGGTCCCGT-1",0.0995324536886521,"singlet"
"GGGTCACAGTCAGCGA-1",0.0710395044825808,"singlet"
"GGGTCACCAGAGCTAG-1",0.0223554137882609,"singlet"
"GGGTCACGTAACTTCG-1",0.178541530881388,"singlet"
"GGGTCACTCTGACGCG-1",0.255085010309473,"singlet"
"GGGTCTGAGCAAATGT-1",0.0796047929112395,"singlet"
"GGGTCTGAGTCCGTCG-1",0.152576086467897,"singlet"
"GGGTCTGAGTTTGGCT-1",0.122856214662497,"singlet"
"GGGTCTGGTGTCATGT-1",0.111656644474801,"singlet"
"GGGTCTGGTGTCTCCT-1",0.104397794203271,"singlet"
"GGGTCTGTCCAACACA-1",0.151570297471299,"singlet"
"GGGTCTGTCGTTCTCG-1",0.108184302383652,"singlet"
"GGGTGAAAGCCTGGAA-1",0.266719005435104,"singlet"
"GGGTGAAAGGTCCTGC-1",0.107697918925231,"singlet"
"GGGTGAACAATGCTCA-1",0.0374385167275347,"singlet"
"GGGTGAACAGGCCCTA-1",0.0731170875361008,"singlet"
"GGGTGAAGTACGCGTC-1",0.275886714034263,"singlet"
"GGGTGAAGTCATCCGG-1",0.0302526869793596,"singlet"
"GGGTGAATCACCATAG-1",0.226143315104836,"singlet"
"GGGTGAATCCCAATAG-1",0.0550330803122425,"singlet"
"GGGTGAATCGCATTAG-1",0.165025810600381,"singlet"
"GGGTGAATCTTGCAAG-1",0.0425421259740711,"singlet"
"GGGTGTCCAGACAAGC-1",0.296275745861559,"singlet"
"GGGTGTCCAGATTAAG-1",0.0746272398558074,"singlet"
"GGGTGTCGTCATGCAT-1",0.188329695603696,"singlet"
"GGGTGTCTCACTGGGC-1",0.277412146010828,"singlet"
"GGGTTATAGTGGTCAG-1",0.235283576511107,"singlet"
"GGGTTATCAAGCTACT-1",0.0345981236788493,"singlet"
"GGGTTATCAGTATGAA-1",0.168106429994637,"singlet"
"GGGTTATGTCGTGTTA-1",0.0783505685823705,"singlet"
"GGGTTATGTGGATCAG-1",0.348668661150097,"singlet"
"GGGTTATTCCACGTCT-1",0.10754457810899,"singlet"
"GGGTTATTCGCATGAT-1",0.313416325986436,"singlet"
"GGGTTTACACAACCGC-1",0.170385145021798,"singlet"
"GGGTTTAGTCAACACT-1",0.0381408506869896,"singlet"
"GGGTTTAGTTTGACAC-1",0.0850657468724026,"singlet"
"GGGTTTATCTACAGGT-1",0.0449099856580111,"singlet"
"GGTAACTGTGTTGACT-1",0.338974705143018,"singlet"
"GGTAACTTCACTTTGT-1",0.331434763537132,"singlet"
"GGTAACTTCTCGTGAA-1",0.0704964439243406,"singlet"
"GGTAACTTCTTCGATT-1",0.397675392967353,"doublet"
"GGTAATCCAAGTCATC-1",0.197416958047807,"singlet"
"GGTAATCGTAGCTTGT-1",0.177571507879151,"singlet"
"GGTAATCTCCTCATAT-1",0.0899244711834218,"singlet"
"GGTAGAGAGTAAATGC-1",0.0509668603754254,"singlet"
"GGTCACGGTATGCGGA-1",0.462635588910665,"doublet"
"GGTCACGGTCCGTACG-1",0.114289652209032,"singlet"
"GGTCACGGTTGCGTAT-1",0.131242756866395,"singlet"
"GGTCACGTCAAATAGG-1",0.162991908042494,"singlet"
"GGTCTGGGTAATACCC-1",0.0606919857913257,"singlet"
"GGTCTGGGTAATTAGG-1",0.0704303011567563,"singlet"
"GGTCTGGGTCACTAGT-1",0.115115530769045,"singlet"
"GGTCTGGTCCTTGACC-1",0.218112779907288,"singlet"
"GGTGAAGGTGGAAATT-1",0.0726222511895147,"singlet"
"GGTGAAGGTTTCACAG-1",0.177095500870925,"singlet"
"GGTGAAGTCACTCGAA-1",0.0930770644675014,"singlet"
"GGTGAAGTCTAAGGAA-1",0.0320814081835249,"singlet"
"GGTGATTAGCTGGCCT-1",0.0533102644343156,"singlet"
"GGTGATTCAACTGAAA-1",0.141619832130034,"singlet"
"GGTGATTCATGCACTA-1",0.213550284484526,"singlet"
"GGTGATTTCTACCTTA-1",0.129164815698407,"singlet"
"GGTGGCTAGAGCTTTC-1",0.193019731184087,"singlet"
"GGTGGCTAGCGACCCT-1",0.187145673416225,"singlet"
"GGTGGCTCAGAGCCCT-1",0.0714019917129127,"singlet"
"GGTGTCGCAAGTCGTT-1",0.145314355763867,"singlet"
"GGTGTCGTCCGGGACT-1",0.185616303688728,"singlet"
"GGTGTTAAGTGCAACG-1",0.155957828125466,"singlet"
"GGTGTTAGTCTCAGGC-1",0.149027623259956,"singlet"
"GGTGTTAGTCTTGAAC-1",0.154653718330943,"singlet"
"GGTTAACGTCAACCTA-1",0.28253491800558,"singlet"
"GGTTAACTCTCCTACG-1",0.061626801729956,"singlet"
"GGTTCTCAGTGCGCTC-1",0.187008165854345,"singlet"
"GGTTCTCCATCTTCGC-1",0.784408341339975,"doublet"
"GGTTCTCGTAGGATAT-1",0.684772493615891,"doublet"
"GGTTCTCGTAGGGAGG-1",0.147698478381948,"singlet"
"GGTTCTCGTCTTAGTG-1",0.139769089212311,"singlet"
"GGTTCTCTCCGATAGT-1",0.100677334728269,"singlet"
"GGTTCTCTCGGCCTTT-1",0.159568632382744,"singlet"
"GGTTGTAAGGTTCCAT-1",0.144351667332831,"singlet"
"GGTTGTACATTCCTCG-1",0.0907064540145406,"singlet"
"GGTTGTAGTGTACAGG-1",0.114054924428552,"singlet"
"GTAACACCAAACTGCT-1",0.11087493701823,"singlet"
"GTAACACCAAGTGGAC-1",0.252540277611451,"singlet"
"GTAACACCAGTAGTTC-1",0.269320551180897,"singlet"
"GTAACACCATACTGTG-1",0.189308819799549,"singlet"
"GTAACACTCCGATCGG-1",0.0559202620664461,"singlet"
"GTAACCAAGAAGTCCG-1",0.127590247690076,"singlet"
"GTAACCACAAGAAACT-1",0.326242459169913,"singlet"
"GTAACCACACTCAGAT-1",0.0969140346964807,"singlet"
"GTAACCACATGTAACC-1",0.0802910277657738,"singlet"
"GTAACCAGTATGAAGT-1",0.228011072102796,"singlet"
"GTAACCATCCCTATTA-1",0.204398198123968,"singlet"
"GTAACCATCCGACGGT-1",0.389088934923698,"doublet"
"GTAACCATCGCAATTG-1",0.123918836287791,"singlet"
"GTAAGTCCAGGTTCCG-1",0.208453673556995,"singlet"
"GTAAGTCTCAATCTCT-1",0.253412250805677,"singlet"
"GTAAGTCTCGTAGCTA-1",0.160164346612801,"singlet"
"GTAATCGGTCATCCGG-1",0.109005527000631,"singlet"
"GTAATCGGTTGCGGAA-1",0.0234977837139163,"singlet"
"GTAATGCAGCGACATG-1",0.0998254766074883,"singlet"
"GTAATGCAGTGCACTT-1",0.213713223907367,"singlet"
"GTAATGCCAAGAGGCT-1",0.289690291708956,"singlet"
"GTAATGCTCAGCCCAG-1",0.141168761064941,"singlet"
"GTAATGCTCCTTCTAA-1",0.266954441533567,"singlet"
"GTAATGCTCTAACGGT-1",0.283257713783558,"singlet"
"GTACAACGTCACCTTC-1",0.220434558047623,"singlet"
"GTACAACTCAGTCTTT-1",0.230703428316424,"singlet"
"GTACAACTCCATCTGC-1",0.150168871892206,"singlet"
"GTACAGTAGTTGGCGA-1",0.0800637160237647,"singlet"
"GTACAGTGTTGGTGTT-1",0.511939947713238,"doublet"
"GTACAGTTCCATAAGC-1",0.294174076045989,"singlet"
"GTAGAAACACCAGTAT-1",0.11992558521092,"singlet"
"GTAGAAAGTCCGATCG-1",0.172303064825638,"singlet"
"GTAGAAAGTTCGGCTG-1",0.129774653973881,"singlet"
"GTAGAGGAGCCTCAAT-1",0.162303976547215,"singlet"
"GTAGAGGTCAGACAAA-1",0.110290973706352,"singlet"
"GTAGAGGTCCAAATGC-1",0.0638195226770015,"singlet"
"GTAGAGGTCGCAGATT-1",0.133687614513266,"singlet"
"GTAGATCGTAACAAGT-1",0.0727714761089198,"singlet"
"GTAGATCTCCGTGGCA-1",0.0992740407885832,"singlet"
"GTAGATCTCGTTCTAT-1",0.0828035703039822,"singlet"
"GTAGCTAAGAGTCCGA-1",0.284484234001792,"singlet"
"GTAGCTACACAAACGG-1",0.0902684398760491,"singlet"
"GTAGCTAGTACGATCT-1",0.291438793258131,"singlet"
"GTAGCTAGTGACATCT-1",0.148990643768962,"singlet"
"GTAGCTATCTACCACC-1",0.101114053426923,"singlet"
"GTAGGAGAGTATAACG-1",0.315448965399022,"singlet"
"GTAGGAGGTGCTCGTG-1",0.056447991961568,"singlet"
"GTAGGAGTCCAGTACA-1",0.29420405952134,"singlet"
"GTAGGTTAGCCAAGTG-1",0.0760803694543394,"singlet"
"GTAGGTTAGCCATTCA-1",0.164478375192241,"singlet"
"GTAGGTTAGCTGGTGA-1",0.148677368215176,"singlet"
"GTAGGTTCAAGTTGGG-1",0.0302824671251693,"singlet"
"GTAGGTTGTCAAGGCA-1",0.168824310150564,"singlet"
"GTAGTACAGGTTGACG-1",0.156289439642257,"singlet"
"GTAGTACAGTGCAAAT-1",0.0266030945442022,"singlet"
"GTAGTACAGTGCACTT-1",0.530404956241999,"doublet"
"GTAGTACCAAGCCTGC-1",0.158606173597885,"singlet"
"GTAGTACCAGAACTAA-1",0.116378836465157,"singlet"
"GTAGTACCAGAGGTTG-1",0.113454047319129,"singlet"
"GTAGTACCAGGACAGT-1",0.27374850345641,"singlet"
"GTAGTACTCACGATAC-1",0.170197956235572,"singlet"
"GTAGTACTCATTCGGA-1",0.209357702633875,"singlet"
"GTAGTACTCCTATGGA-1",0.101926740615847,"singlet"
"GTATTGGAGAGGTGCT-1",0.0631336680784321,"singlet"
"GTATTGGAGCCGGATA-1",0.27655831915827,"singlet"
"GTATTGGCACGAAGAC-1",0.318539859945042,"singlet"
"GTATTGGGTGGGATTG-1",0.199589785094187,"singlet"
"GTATTGGGTTAAGTCC-1",0.269479364743129,"singlet"
"GTATTTCAGATGTTAG-1",0.318526176410377,"singlet"
"GTATTTCGTGACCGTC-1",0.241403516272699,"singlet"
"GTATTTCTCGTCAAAC-1",0.0919521284398106,"singlet"
"GTATTTCTCGTTCTCG-1",0.358560719709268,"doublet"
"GTCAAACAGAGCCGTA-1",0.067940099262063,"singlet"
"GTCAAACCACCCTTAC-1",0.222817036916958,"singlet"
"GTCAAACTCAAGATAG-1",0.146727814048523,"singlet"
"GTCAAACTCGCAAGAG-1",0.21394273763608,"singlet"
"GTCAAACTCTTGTGCC-1",0.153064256842943,"singlet"
"GTCAAGTCAACCGTGC-1",0.0951826588863023,"singlet"
"GTCAAGTCAAGCCATT-1",0.293773058904167,"singlet"
"GTCAAGTCACGTAGTT-1",0.0198521067202075,"singlet"
"GTCAAGTCAGGACAGT-1",0.111968094267529,"singlet"
"GTCAAGTGTATCTCTT-1",0.164713558563321,"singlet"
"GTCACGGAGTGCACCC-1",0.0608819880377595,"singlet"
"GTCACGGCAGGCACTC-1",0.0676891481321789,"singlet"
"GTCACGGGTGCACATT-1",0.151463940871853,"singlet"
"GTCACGGTCGAAGGAC-1",0.165007686633253,"singlet"
"GTCACGGTCTTGGAAC-1",0.205973581465766,"singlet"
"GTCACTCGTCAAAGCG-1",0.199882677651377,"singlet"
"GTCAGCGAGATAGTCA-1",0.207700523324861,"singlet"
"GTCAGCGAGCATGCGA-1",0.158579013850824,"singlet"
"GTCAGCGAGGAGAATG-1",0.238084288373977,"singlet"
"GTCAGCGAGTGATCGG-1",0.129691992750544,"singlet"
"GTCAGCGGTGGTCCGT-1",0.0453423983809781,"singlet"
"GTCAGCGTCGACCATA-1",0.12421631636767,"singlet"
"GTCATCCGTGTGTCGC-1",0.344821826091868,"singlet"
"GTCATCCGTTTACGTG-1",0.117446670989106,"singlet"
"GTCATCCTCGCGTGAC-1",0.100646045328709,"singlet"
"GTCATCCTCGGTCAGC-1",0.105836715554017,"singlet"
"GTCATGAAGACGCCAA-1",0.203317628773025,"singlet"
"GTCATGACACCGAATT-1",0.330326270070947,"singlet"
"GTCATGACACCGCTAG-1",0.0850619013817428,"singlet"
"GTCATGAGTATTTCGG-1",0.136254790429746,"singlet"
"GTCATGATCAAGCCTA-1",0.108793813999409,"singlet"
"GTCATTTAGAGAGTTT-1",0.120887626794672,"singlet"
"GTCATTTCAGGGACTA-1",0.102078830275921,"singlet"
"GTCATTTTCCGCACTT-1",0.352901154677817,"singlet"
"GTCCACTAGTCCGCCA-1",0.320957586748632,"singlet"
"GTCCACTAGTGGTTGG-1",0.122711588360428,"singlet"
"GTCCACTCACTGTCGG-1",0.238109585511964,"singlet"
"GTCCACTCAGTTTCGA-1",0.23710983029296,"singlet"
"GTCCACTCATACAGGG-1",0.00245683816221029,"singlet"
"GTCCCATCAACCTAAC-1",0.128499354292489,"singlet"
"GTCCCATGTGTTCATG-1",0.751369112818825,"doublet"
"GTCCTCAAGCGGTAGT-1",0.127927706567165,"singlet"
"GTCCTCACACAAACGG-1",0.0657612127989706,"singlet"
"GTCCTCAGTGTTACTG-1",0.236686244125087,"singlet"
"GTCCTCATCGAGATGG-1",0.869629295048065,"doublet"
"GTCCTCATCTGAGATC-1",0.232038483986585,"singlet"
"GTCGAATAGCTAAATG-1",0.196192885509176,"singlet"
"GTCGAATAGGGAGGAC-1",0.320927210992656,"singlet"
"GTCGAATCATCCCACT-1",0.0694610509717073,"singlet"
"GTCGAATGTACCTAAC-1",0.0782888415149155,"singlet"
"GTCGAATTCGCCTAGG-1",0.054524550961529,"singlet"
"GTCGAATTCGTTCAGA-1",0.16742317924977,"singlet"
"GTCGCGATCATGCAGT-1",0.105121188237773,"singlet"
"GTCGCGATCGTAATGC-1",0.29193546065115,"singlet"
"GTCGCGATCGTTGTGA-1",0.0516558671674028,"singlet"
"GTCGTAAAGGCTGAAC-1",0.00528822657935602,"singlet"
"GTCGTAAAGGTGCATG-1",0.0332256830416747,"singlet"
"GTCGTAACAATAGTGA-1",0.0844513597990255,"singlet"
"GTCGTTCCACTATCGA-1",0.121013433933317,"singlet"
"GTCGTTCGTAGCCAGA-1",0.0715319307006848,"singlet"
"GTCGTTCTCGTAGAGG-1",0.137466719449572,"singlet"
"GTCTACCAGGTCCCTG-1",0.226770158927697,"singlet"
"GTCTACCCACCTGCAG-1",0.037696796681462,"singlet"
"GTCTACCCAGTCGCTG-1",0.186141940117087,"singlet"
"GTCTACCTCGCGCCAA-1",0.135980207391803,"singlet"
"GTCTAGACATCTATCT-1",0.199447543974155,"singlet"
"GTCTCACCAATTGTGC-1",0.085646587411571,"singlet"
"GTCTCACGTCCTCATC-1",0.280105796129196,"singlet"
"GTCTCACGTGCGTTTA-1",0.12515281145066,"singlet"
"GTCTCACTCGAAGGAC-1",0.13522195609634,"singlet"
"GTCTGTCAGGTCACCC-1",0.196085755998759,"singlet"
"GTCTGTCCAGGAGGAG-1",0.153669740222291,"singlet"
"GTCTGTCTCCACTAGA-1",0.162199649895815,"singlet"
"GTCTTTACAAGTTGGG-1",0.0483344011188111,"singlet"
"GTCTTTACAGGATGAC-1",0.106776726972739,"singlet"
"GTCTTTACAGGCCTGT-1",0.0243986444807091,"singlet"
"GTCTTTACATGGAATA-1",0.191094518345451,"singlet"
"GTCTTTAGTAGCGTAG-1",0.0539554057014561,"singlet"
"GTGAGGAAGAGTGTGC-1",0.0816168234821841,"singlet"
"GTGAGGATCAGGTAAA-1",0.177672686311175,"singlet"
"GTGAGGATCCTTATGT-1",0.143803462451319,"singlet"
"GTGAGTTAGGACAAGA-1",0.344124643298627,"singlet"
"GTGAGTTAGTCATACC-1",0.175961693528064,"singlet"
"GTGAGTTTCATGAGGG-1",0.0533989505396531,"singlet"
"GTGATGTGTCTCGGGT-1",0.0200582235846857,"singlet"
"GTGCACGAGGCCCAAA-1",0.255323167151493,"singlet"
"GTGCACGGTACGGTTT-1",0.0538777451018397,"singlet"
"GTGCACGGTAGAGATT-1",0.158372753333223,"singlet"
"GTGCACGGTTAACAGA-1",0.165984170852017,"singlet"
"GTGCACGTCCACTAGA-1",0.183039635670577,"singlet"
"GTGCAGCAGTGGTGAC-1",0.129736385043696,"singlet"
"GTGCAGCGTATGAAGT-1",0.212784705845843,"singlet"
"GTGCAGCGTCGAAGCA-1",0.175722011923309,"singlet"
"GTGCAGCTCACCCTCA-1",0.21439380897173,"singlet"
"GTGCGTGAGCTCCACG-1",0.0258548832629066,"singlet"
"GTGCGTGAGGATCATA-1",0.136355872970884,"singlet"
"GTGCGTGAGGCCCAAA-1",0.134524993902116,"singlet"
"GTGCGTGCACGTAGAG-1",0.859343948016353,"doublet"
"GTGCGTGGTGGAACCA-1",0.16479261347422,"singlet"
"GTGCTGGCACATAGCT-1",0.242704271886903,"singlet"
"GTGCTGGCAGGTGGAT-1",0.127511931898017,"singlet"
"GTGCTGGGTGACCGTC-1",0.383705426772006,"doublet"
"GTGCTGGTCGTCAACA-1",0.715810269902352,"doublet"
"GTGCTGGTCTGTGCGG-1",0.153416164246743,"singlet"
"GTGCTTCAGACTTAAG-1",0.101865998163649,"singlet"
"GTGCTTCAGAGCATAT-1",0.810998111343509,"doublet"
"GTGCTTCCACCCTCTA-1",0.10197176244057,"singlet"
"GTGCTTCCATGTCTAG-1",0.0391226185025319,"singlet"
"GTGCTTCGTCCCGCAA-1",0.0793817629763921,"singlet"
"GTGCTTCTCCTAGCCT-1",0.284729541608538,"singlet"
"GTGGAAGAGGGAGGCA-1",0.112394136055319,"singlet"
"GTGGAAGCACAGTGTT-1",0.325294904470987,"singlet"
"GTGGAAGGTGCTTATG-1",0.118663219897523,"singlet"
"GTGGAAGGTGGACCTC-1",0.136838664849383,"singlet"
"GTGGAAGTCATATGGC-1",0.173994503654373,"singlet"
"GTGGAAGTCATGGAGG-1",0.14742706963672,"singlet"
"GTGGAAGTCTGAGAAA-1",0.103630307831108,"singlet"
"GTGGAGAAGCCATCCG-1",0.177514678660301,"singlet"
"GTGGAGAAGGTCATCT-1",0.393150368034616,"doublet"
"GTGGAGAGTGTGACCC-1",0.0936607764101634,"singlet"
"GTGGAGATCAAGCCCG-1",0.0776802132071704,"singlet"
"GTGGAGATCACAAGAA-1",0.131653878646535,"singlet"
"GTGGAGATCCACTGAA-1",0.0925404291192845,"singlet"
"GTGGGAAAGTGCCAGA-1",0.144637974554342,"singlet"
"GTGGGAAGTAGCGCCT-1",0.294326522409183,"singlet"
"GTGGGAAGTATTGGCT-1",0.0786510919254353,"singlet"
"GTGGGAAGTTCAAAGA-1",0.793048850125091,"doublet"
"GTGGTTACAAACTAAG-1",0.18362358289516,"singlet"
"GTGGTTACAAACTAGA-1",0.206155291827118,"singlet"
"GTGGTTATCACGAACT-1",0.0582159837918777,"singlet"
"GTGGTTATCGCTATTT-1",0.152113805270047,"singlet"
"GTGTAACAGACTTCAC-1",0.112909582200981,"singlet"
"GTGTAACAGATGGGCT-1",0.212611156129551,"singlet"
"GTGTAACAGGTTACAA-1",0.177539628448961,"singlet"
"GTGTAACCAATGCAGG-1",0.0548029716184574,"singlet"
"GTGTAACTCCGCCTAT-1",0.10316565445618,"singlet"
"GTGTCCTAGCAACCAG-1",0.0810044754602565,"singlet"
"GTGTCCTCAGAACGCA-1",0.112923434996461,"singlet"
"GTGTCCTCAGGATTCT-1",0.350710274429249,"singlet"
"GTGTCCTGTATACAGA-1",0.1147709749846,"singlet"
"GTGTCCTGTGCCTTTC-1",0.181151060494854,"singlet"
"GTGTCCTTCACCTACC-1",0.0930454336141099,"singlet"
"GTGTGATAGAGCAGTC-1",0.166024138657146,"singlet"
"GTGTGATCAACATACC-1",0.341390038335517,"singlet"
"GTGTGATCAAGATCCT-1",0.128989967771379,"singlet"
"GTGTGATCAGAGAGGG-1",0.112896700327951,"singlet"
"GTGTGATGTCCCGCAA-1",0.147753521516961,"singlet"
"GTGTGATGTGATACTC-1",0.186028172493153,"singlet"
"GTGTGATGTGCTCCGA-1",0.0449741390329733,"singlet"
"GTGTGGCCATGAGTAA-1",0.0512714088602938,"singlet"
"GTGTGGCTCCACCTGT-1",0.305301529516048,"singlet"
"GTGTGGCTCGATACGT-1",0.0630568341167685,"singlet"
"GTGTGGCTCTTCCGTG-1",0.233213251321955,"singlet"
"GTGTTAGAGCAGGCAT-1",0.129690125550676,"singlet"
"GTGTTAGTCCGTGGGT-1",0.177809185328826,"singlet"
"GTGTTCCAGAACGTGC-1",0.262267130214247,"singlet"
"GTGTTCCAGCTCTTCC-1",0.291866873177336,"singlet"
"GTGTTCCCACACCTTC-1",0.086708502470851,"singlet"
"GTGTTCCCAGTATTCG-1",0.0996951593450331,"singlet"
"GTGTTCCGTGTTGATC-1",0.0991718988799028,"singlet"
"GTGTTCCTCATGGTAC-1",0.14328369930144,"singlet"
"GTTACAGAGACATGCG-1",0.157989280943798,"singlet"
"GTTACAGCAACCCGCA-1",0.21656853774289,"singlet"
"GTTACAGCACAAATGA-1",0.328062154676627,"singlet"
"GTTACAGCAGCAGTGA-1",0.0507907109234374,"singlet"
"GTTACAGCAGCTCATA-1",0.0911119985401605,"singlet"
"GTTACAGGTCTGTAGT-1",0.114247553331216,"singlet"
"GTTACAGGTTGTGGAG-1",0.21922361469398,"singlet"
"GTTACAGTCTCCACTG-1",0.22179145972944,"singlet"
"GTTACCCCATGGAATA-1",0.685520396281992,"doublet"
"GTTACCCTCCTACAAG-1",0.113377132577941,"singlet"
"GTTACGAAGGATGCGT-1",0.0719999101042115,"singlet"
"GTTACGAAGTATTAGG-1",0.152658185469574,"singlet"
"GTTACGATCCTATTTG-1",0.41147820967497,"doublet"
"GTTACGATCTCCTGAC-1",0.052270046668861,"singlet"
"GTTAGACAGAATGTTG-1",0.0285734905054283,"singlet"
"GTTAGACCACAATTCG-1",0.103438702556207,"singlet"
"GTTAGACGTAGAATAC-1",0.0748753073590819,"singlet"
"GTTAGACTCACCATCC-1",0.185550677978596,"singlet"
"GTTAGACTCTGAGAGG-1",0.0814559993438997,"singlet"
"GTTAGTGAGTATAGAC-1",0.0522275213768922,"singlet"
"GTTAGTGCATCACGGC-1",0.11051360091718,"singlet"
"GTTAGTGGTTGCGTAT-1",0.219876303064638,"singlet"
"GTTAGTGTCCAGCAAT-1",0.342399592973708,"singlet"
"GTTATGGAGACCATTC-1",0.20981614567668,"singlet"
"GTTATGGTCTGGGAGA-1",0.120772987154133,"singlet"
"GTTCATTCAGCGTTGC-1",0.285880507374266,"singlet"
"GTTCATTGTACAAACA-1",0.132860327288623,"singlet"
"GTTCCGTAGAGGATCC-1",0.100971096340641,"singlet"
"GTTCCGTCATCGCCTT-1",0.341121855957007,"singlet"
"GTTCCGTTCACCCTCA-1",0.0735487463653557,"singlet"
"GTTCCGTTCGGCATAT-1",0.128905210715826,"singlet"
"GTTCGCTGTAGCTTAC-1",0.0966678781877533,"singlet"
"GTTCGCTGTGCCTTCT-1",0.149743725799888,"singlet"
"GTTCGCTGTTGATGTC-1",0.109323559307629,"singlet"
"GTTCTATAGCGACATG-1",0.523015700194492,"doublet"
"GTTCTATCAGTGGGTA-1",0.242665160311072,"singlet"
"GTTCTATGTTCGTACA-1",0.143093724614983,"singlet"
"GTTCTATTCTAGTACG-1",0.274188129891266,"singlet"
"GTTGAACCACATGTTG-1",0.076794577670503,"singlet"
"GTTGAACGTACCGCGT-1",0.3332908332755,"singlet"
"GTTGAACGTGAATGTA-1",0.0894252165524734,"singlet"
"GTTGAACTCCACTAGA-1",0.0827823981574158,"singlet"
"GTTGAACTCGTTTACT-1",0.0732674893118342,"singlet"
"GTTGCGGAGTAGGTTA-1",0.0828569850151555,"singlet"
"GTTGCGGTCGTGGACC-1",0.105773183561994,"singlet"
"GTTGCTCCATCAGCAT-1",0.150561587664878,"singlet"
"GTTGTAGAGCCGAATG-1",0.137190591278607,"singlet"
"GTTGTAGAGTTGCGAG-1",0.0892270661464578,"singlet"
"GTTGTAGCACGGGCTT-1",0.292281344895654,"singlet"
"GTTGTAGGTATCGCTA-1",0.155100427145762,"singlet"
"GTTGTAGGTCGATTAC-1",0.0990022551602334,"singlet"
"GTTGTAGTCCATAGGT-1",0.0398471912817396,"singlet"
"GTTGTAGTCTCTGAGA-1",0.515988409503014,"doublet"
"GTTGTCCAGAGCAACC-1",0.106842481865573,"singlet"
"GTTGTCCAGAGGCGTT-1",0.807138826486931,"doublet"
"GTTGTCCTCCACATAG-1",0.0573983978845441,"singlet"
"GTTGTCCTCCGGCTTT-1",0.0589968230196629,"singlet"
"GTTGTCCTCGGTGTTA-1",0.246671749758923,"singlet"
"GTTGTGAAGCCGAATG-1",0.0778633504602902,"singlet"
"GTTGTGATCATGAGTC-1",0.111435677361219,"singlet"
"GTTTACTAGAGGGTCT-1",0.12260600512969,"singlet"
"GTTTACTAGCGCCCAT-1",0.214479037752051,"singlet"
"GTTTACTAGTATGTAG-1",0.0920797311554644,"singlet"
"GTTTACTCATCTCGTC-1",0.113985444511943,"singlet"
"GTTTACTGTAGCTTGT-1",0.179283698155919,"singlet"
"GTTTACTGTGTGTGTT-1",0.183172035159021,"singlet"
"GTTTACTTCAGCTGTA-1",0.575160042697005,"doublet"
"GTTTGGACAAAGGTTA-1",0.188013214919356,"singlet"
"GTTTGGAGTTATGACC-1",0.119072464390428,"singlet"
"GTTTGGATCATGCCGG-1",0.105546082726926,"singlet"
"TAACACGAGAATAGTC-1",0.147627268229783,"singlet"
"TAACACGAGCGTGAGT-1",0.592033072960936,"doublet"
"TAACACGCAGAGCGTA-1",0.0348898090549309,"singlet"
"TAACACGCAGTCAGTT-1",0.129483658170666,"singlet"
"TAACCAGAGATTGGGC-1",0.140600977039497,"singlet"
"TAACCAGCACTTACAG-1",0.143845928803861,"singlet"
"TAACCAGGTCCGTTTC-1",0.32512523065634,"singlet"
"TAACCAGTCGCTGTTC-1",0.496459060839334,"doublet"
"TAACCAGTCTATTTCG-1",0.35452617445329,"singlet"
"TAACGACAGTGGTGAC-1",0.0462270347625784,"singlet"
"TAACGACAGTTAACAG-1",0.0346686531053303,"singlet"
"TAACGACCACATGGTT-1",0.205741737841698,"singlet"
"TAACGACCACGTCATA-1",0.138710555306987,"singlet"
"TAACGACCATGACTCA-1",0.216938343043548,"singlet"
"TAACGACGTTCATCTT-1",0.0437513838972414,"singlet"
"TAACGACTCATTATCC-1",0.0805019977227525,"singlet"
"TAACTTCGTCGTTGGC-1",0.0536073581858253,"singlet"
"TAACTTCTCTGATTCT-1",0.323594040143752,"singlet"
"TAACTTCTCTTTGCAT-1",0.057019364021039,"singlet"
"TAAGCACCACTGTCGG-1",0.0468238214040729,"singlet"
"TAAGCACTCAGTCCGG-1",0.236957189846341,"singlet"
"TAAGCACTCTTTGCGC-1",0.157773720672952,"singlet"
"TAAGCCACAAAGCGTG-1",0.103863627234252,"singlet"
"TAAGCCACAAGAAACT-1",0.0576979531293937,"singlet"
"TAAGCCACAATCTAGC-1",0.17968684403159,"singlet"
"TAAGCCACAGTGTATC-1",0.065090511130531,"singlet"
"TAAGCCACATCATTGG-1",0.418832143780522,"doublet"
"TAAGCCAGTCCTACAA-1",0.199192291336049,"singlet"
"TAAGCCATCCTGGCTT-1",0.301555384144042,"singlet"
"TAAGCGTCAGTACTAC-1",0.043871427398141,"singlet"
"TAAGCGTGTCCATCTC-1",0.17945584076732,"singlet"
"TAAGCGTTCCCGAGTG-1",0.147137486120336,"singlet"
"TAAGCGTTCTCTTAAC-1",0.163690598909774,"singlet"
"TAAGTCGAGTAAGAGG-1",0.158027566864124,"singlet"
"TAAGTCGAGTTAACGA-1",0.0682450543293465,"singlet"
"TAAGTCGCAGGCCCTA-1",0.269756260233376,"singlet"
"TAAGTCGGTAAGACCG-1",0.0439764004667668,"singlet"
"TAAGTCGGTAGTAAGT-1",0.194629983843826,"singlet"
"TAAGTCGTCAACTGGT-1",0.175712122393381,"singlet"
"TAAGTCGTCGGTCAGC-1",0.156859127326313,"singlet"
"TAATCTCAGGTACTGG-1",0.243236542896236,"singlet"
"TAATCTCGTACTAGCT-1",0.139957250779773,"singlet"
"TAATCTCTCTCGTTTA-1",0.162732909298951,"singlet"
"TAATTCCCAACGTAAA-1",0.258794401779042,"singlet"
"TAATTCCGTAGTATAG-1",0.291336957644269,"singlet"
"TAATTCCGTCCTCATC-1",0.0949768027497203,"singlet"
"TACAACGCACTCTCGT-1",0.124701570916376,"singlet"
"TACAACGGTGTTTACG-1",0.228094886772417,"singlet"
"TACAACGGTTTGGAAA-1",0.129844850987721,"singlet"
"TACAACGTCCGACATA-1",0.145040422986424,"singlet"
"TACACCCGTCATCACA-1",0.230169418716733,"singlet"
"TACAGGTGTTTACCTT-1",0.679777207947088,"doublet"
"TACAGGTTCCTACCGT-1",0.0562959233995677,"singlet"
"TACATTCAGCATTTGC-1",0.155708710951697,"singlet"
"TACATTCAGGCACAAC-1",0.000735470854631668,"singlet"
"TACATTCAGTGCACTT-1",0.165420159380297,"singlet"
"TACATTCAGTTTGAGA-1",0.482204064398367,"doublet"
"TACATTCGTATCTCTT-1",0.0821186115950957,"singlet"
"TACCCACAGAGCATAT-1",0.141215603970507,"singlet"
"TACCCACAGCATACTC-1",0.0586481496189286,"singlet"
"TACCCACAGGTTCATC-1",0.077428298678546,"singlet"
"TACCCACAGTCTAGCT-1",0.0647834704240072,"singlet"
"TACCCACGTTGATGTC-1",0.321129864036693,"singlet"
"TACCCACGTTTCCCAC-1",0.0753049192431228,"singlet"
"TACCCACTCAAGCCCG-1",0.0394415103555141,"singlet"
"TACCCGTAGAGTCACG-1",0.112903101623333,"singlet"
"TACCCGTAGCCTGAAG-1",0.12795700063487,"singlet"
"TACCCGTCAACCTATG-1",0.300447948975899,"singlet"
"TACCCGTCAGCTGAAG-1",0.198518177006382,"singlet"
"TACCCGTCATAGGTAA-1",0.105730100125676,"singlet"
"TACCCGTCATTATGCG-1",0.197501660524512,"singlet"
"TACCCGTTCTGTCCGT-1",0.356962825659988,"singlet"
"TACCGAAGTCGTACAT-1",0.240760347186813,"singlet"
"TACCGAAGTTTCGATG-1",0.0940280039412538,"singlet"
"TACCGAATCGATACTG-1",0.102590638572765,"singlet"
"TACCGGGAGGTAAGAG-1",0.188592269118416,"singlet"
"TACCGGGAGTGTTCAC-1",0.09307011754276,"singlet"
"TACCGGGGTACTGCCG-1",0.248409857589812,"singlet"
"TACCGGGGTAGCTCGC-1",0.157302604846661,"singlet"
"TACCGGGTCCATATGG-1",0.18570276350937,"singlet"
"TACCTCGAGAATCCCT-1",0.240054235460323,"singlet"
"TACCTCGAGTCATCGT-1",0.339451992808284,"singlet"
"TACCTCGCAAAGGCTG-1",0.092890568453056,"singlet"
"TACCTCGGTCACCACG-1",0.357094493995215,"singlet"
"TACCTCGGTGTGGACA-1",0.0281055088737963,"singlet"
"TACCTCGTCGCCAGTG-1",0.153927014792006,"singlet"
"TACCTCGTCGTGGGAA-1",0.0693885544686346,"singlet"
"TACCTGCCATCGATCA-1",0.0784073232863925,"singlet"
"TACCTGCGTGACTGTT-1",0.173144036348425,"singlet"
"TACCTGCGTGGCCCAT-1",0.188663192128691,"singlet"
"TACGCTCAGCACTCCG-1",0.115440942802316,"singlet"
"TACGCTCGTAACTAAG-1",0.765071136234265,"doublet"
"TACGCTCTCATAGCAC-1",0.341620573223482,"singlet"
"TACGCTCTCGCAGTGC-1",0.0674628343202141,"singlet"
"TACGGGCCATTCACCC-1",0.158666133383043,"singlet"
"TACGGGCGTAATGTGA-1",0.0973051203074047,"singlet"
"TACGGGCGTACTGGGA-1",0.034365222961321,"singlet"
"TACGGGCTCACCTCAC-1",0.224386605988791,"singlet"
"TACGGGCTCATTGCTT-1",0.0896661779048892,"singlet"
"TACGGGCTCCCTCTAG-1",0.218845492607697,"singlet"
"TACGGGCTCCCTGGTT-1",0.204213509999387,"singlet"
"TACGGGCTCTTCGCTG-1",0.0272932995750091,"singlet"
"TACGGTAAGCGTGAAC-1",0.156874779642176,"singlet"
"TACGGTACAATCGTCA-1",0.035632386097271,"singlet"
"TACGGTAGTCGCGTCA-1",0.0403443780587045,"singlet"
"TACGGTAGTCTCGGGT-1",0.141202094171795,"singlet"
"TACGGTAGTGTTGAGG-1",0.272034333873763,"singlet"
"TACGTCCGTATCAAGA-1",0.154420736657903,"singlet"
"TACGTCCGTTTCGACA-1",0.132955562384451,"singlet"
"TACTTACAGGCTAACG-1",0.0917847566058549,"singlet"
"TACTTACAGGTCGTCC-1",0.117868175955592,"singlet"
"TACTTACCACTCTCGT-1",0.194806883265846,"singlet"
"TACTTACTCTTGGTGA-1",0.128208373553634,"singlet"
"TACTTCAAGACCAGAC-1",0.264250726944338,"singlet"
"TACTTCAAGAGTAACT-1",0.0887567002855098,"singlet"
"TACTTCACAGAATGTA-1",0.100261638710951,"singlet"
"TACTTCAGTACGAGTG-1",0.109923952707963,"singlet"
"TACTTGTAGTGATTCC-1",0.217683133026894,"singlet"
"TACTTGTCAAGGCGTA-1",0.574083358137261,"doublet"
"TACTTGTTCTGCGTCT-1",0.0431628345656669,"singlet"
"TAGACCAAGTAGGCCA-1",0.0743614151371674,"singlet"
"TAGACCACACGACGCT-1",0.225616782322605,"singlet"
"TAGACCACAGTATACC-1",0.0972938662754597,"singlet"
"TAGACCATCCCATAAG-1",0.0353079589978504,"singlet"
"TAGACCATCGAACACT-1",0.351105713884502,"singlet"
"TAGACTGCACCAACAT-1",0.0427863043464567,"singlet"
"TAGACTGCAGTTAGAA-1",0.114272826523942,"singlet"
"TAGACTGCATAATCCG-1",0.142536132087386,"singlet"
"TAGACTGGTATTTCCT-1",0.2651026024125,"singlet"
"TAGAGTCAGCTCGGCT-1",0.295442840750308,"singlet"
"TAGAGTCCAATCTCGA-1",0.108084904288236,"singlet"
"TAGAGTCCATCCTCAC-1",0.125115725347979,"singlet"
"TAGAGTCTCACCTACC-1",0.125857600050716,"singlet"
"TAGATCGAGTGGCCTC-1",0.273510024285938,"singlet"
"TAGATCGCATACTGAC-1",0.066298927458882,"singlet"
"TAGCACAAGATTTGCC-1",0.092611402000263,"singlet"
"TAGCACACAGATGCGA-1",0.0449925108194417,"singlet"
"TAGCACACATCTCATT-1",0.110572133383584,"singlet"
"TAGCACAGTTCGGGTC-1",0.0751360144617265,"singlet"
"TAGCACATCACCACAA-1",0.123062583303235,"singlet"
"TAGCACATCTCTTGCG-1",0.231913239533896,"singlet"
"TAGGAGGAGACCAACG-1",0.138233940248071,"singlet"
"TAGGAGGAGTGCTCAT-1",0.106333868269248,"singlet"
"TAGGAGGGTCATATGC-1",0.187147526421377,"singlet"
"TAGGGTTCACCAGCCA-1",0.111779740941253,"singlet"
"TAGGGTTCAGCTCATA-1",0.0926453149018453,"singlet"
"TAGGGTTGTTCAAACC-1",0.106291576824856,"singlet"
"TAGGGTTTCATGGAGG-1",0.205775012825118,"singlet"
"TAGGGTTTCCCAGGAC-1",0.114374716045787,"singlet"
"TAGGGTTTCTGAACGT-1",0.157959661541255,"singlet"
"TAGGTACAGATGCTGG-1",0.0697318107713618,"singlet"
"TAGGTACAGCAGGGAG-1",0.0600369785178315,"singlet"
"TAGGTACCACAGCTGC-1",0.0722964700021371,"singlet"
"TAGGTACGTGTCCATA-1",0.167872421708604,"singlet"
"TAGGTTGCATGCTGCG-1",0.0880178665284153,"singlet"
"TAGGTTGGTAACATGA-1",0.0455400044253465,"singlet"
"TAGTGCAAGTGAGTGC-1",0.125073267652869,"singlet"
"TAGTGCACAGTCGCAC-1",0.220796756935384,"singlet"
"TAGTGCATCACCCTTG-1",0.0231752770425056,"singlet"
"TAGTGCATCCATTGCC-1",0.133975402755708,"singlet"
"TAGTGCATCTGGGATT-1",0.0809409576684363,"singlet"
"TATACCTCACAGTGTT-1",0.216107734798357,"singlet"
"TATACCTGTAAGCTCT-1",0.178684188711186,"singlet"
"TATACCTGTACTTGTG-1",0.195660885219665,"singlet"
"TATACCTGTCTCGACG-1",0.158336048680514,"singlet"
"TATACCTGTTCTGAGT-1",0.26333726462737,"singlet"
"TATACCTTCAGCGCAC-1",0.0821230758758476,"singlet"
"TATACCTTCCACTAGA-1",0.136798011194545,"singlet"
"TATACCTTCGCGGACT-1",0.164211146718819,"singlet"
"TATATCCCAACCACAT-1",0.148942277563554,"singlet"
"TATCAGGAGAATACAC-1",0.166768189660191,"singlet"
"TATCAGGAGCATCGAG-1",0.0590087899041528,"singlet"
"TATCAGGAGGGATCTG-1",0.316091446678382,"singlet"
"TATCAGGAGGGCAGTT-1",0.044409180218194,"singlet"
"TATCCTAAGCACCGAA-1",0.0982102058061391,"singlet"
"TATCCTAAGCCATTTG-1",0.246634995948467,"singlet"
"TATCCTACACAACGAG-1",0.0595554867389812,"singlet"
"TATCCTAGTACATACC-1",0.231541822059839,"singlet"
"TATCCTAGTACCGCGT-1",0.0797623824134046,"singlet"
"TATCCTAGTTCCTACC-1",0.260586990834716,"singlet"
"TATCGCCAGTAACAGT-1",0.0654310459276201,"singlet"
"TATCGCCAGTTGTACC-1",0.213146321167169,"singlet"
"TATCGCCCAACGCATT-1",0.170304458720066,"singlet"
"TATCGCCTCGATGCAT-1",0.13215900293971,"singlet"
"TATCTGTAGTATGGCG-1",0.175303245577396,"singlet"
"TATCTGTCATCTGTTT-1",0.183277331333595,"singlet"
"TATCTGTGTTAATGAG-1",0.119545104389752,"singlet"
"TATCTGTTCTTCGTAT-1",0.103542765189463,"singlet"
"TATCTTGAGGTCCCGT-1",0.194068328927849,"singlet"
"TATCTTGAGTTGGACG-1",0.103989021192549,"singlet"
"TATCTTGGTAGACAGC-1",0.0437369937334488,"singlet"
"TATCTTGTCAAGAATG-1",0.213251838377797,"singlet"
"TATCTTGTCACAAGAA-1",0.298538212234208,"singlet"
"TATCTTGTCCGAAGGA-1",0.0540576287183834,"singlet"
"TATCTTGTCGTAGCCG-1",0.0740452538607686,"singlet"
"TATGTTCCAGCAAGAC-1",0.230726161249025,"singlet"
"TATGTTCCATGGCCAC-1",0.133729474286717,"singlet"
"TATTCCAAGGATCACG-1",0.210216424270781,"singlet"
"TATTCCACAATGTCAC-1",0.153450361774771,"singlet"
"TATTCCAGTCCCGCAA-1",0.125528584107904,"singlet"
"TATTCCATCAAGCCAT-1",0.404798147728286,"doublet"
"TATTCCATCGCGTCGA-1",0.153255357972317,"singlet"
"TATTGCTCAGAACTTC-1",0.211364811404376,"singlet"
"TATTGCTGTCGCACGT-1",0.445186504581638,"doublet"
"TATTGCTGTTCCGGTG-1",0.126897145894423,"singlet"
"TATTGGGAGCGTCAGA-1",0.145296161343009,"singlet"
"TATTGGGCAATGTTGC-1",0.188062441273435,"singlet"
"TATTGGGGTCGTGGAA-1",0.0889956146151935,"singlet"
"TATTGGGTCAATCAGC-1",0.165026351842863,"singlet"
"TATTTCGAGCGATGAC-1",0.15518831870207,"singlet"
"TATTTCGCACGTTGGC-1",0.0529388150134085,"singlet"
"TATTTCGGTTCGGTCG-1",0.0617176302520766,"singlet"
"TATTTCGTCTTACACT-1",0.0717059172522119,"singlet"
"TCAAGACAGGCTAACG-1",0.216264516952405,"singlet"
"TCAAGACGTGGCTGAA-1",0.0375411810070227,"singlet"
"TCAAGCAAGAGCCTGA-1",0.299396639024712,"singlet"
"TCAAGCAGTATCCTTT-1",0.111287740475865,"singlet"
"TCAAGCATCGTGACTA-1",0.130112549809503,"singlet"
"TCAAGTGAGACTACGG-1",0.184070407671435,"singlet"
"TCAAGTGAGCATGAAT-1",0.161096194771172,"singlet"
"TCAATCTAGACTCGAG-1",0.362803151790918,"doublet"
"TCAATCTCAAAGGATT-1",0.119821373085581,"singlet"
"TCAATCTGTAGGCAAC-1",0.0359309755361646,"singlet"
"TCAATCTTCTGGAAGG-1",0.156833873145349,"singlet"
"TCAATCTTCTGTCTCG-1",0.157135409070411,"singlet"
"TCAATTCAGTGATAAC-1",0.158468567573443,"singlet"
"TCAATTCCAAAGGCGT-1",0.0425348517194034,"singlet"
"TCAATTCGTAACACCT-1",0.296566892902845,"singlet"
"TCAATTCTCAAGCTTG-1",0.0584400867188607,"singlet"
"TCAATTCTCTGAGTCA-1",0.0898951356491713,"singlet"
"TCACAAGAGTCTGGAG-1",0.13253676519745,"singlet"
"TCACAAGCAGTTAGAA-1",0.13020746522159,"singlet"
"TCACAAGGTCATCGCG-1",0.0251603542427795,"singlet"
"TCACAAGGTGATACCT-1",0.0734780379714779,"singlet"
"TCACAAGGTGGATCGA-1",0.0554282756270788,"singlet"
"TCACACCAGAGCATCG-1",0.0979849790934423,"singlet"
"TCACACCAGAGGCGGA-1",0.428063157038458,"doublet"
"TCACACCCAAACCATC-1",0.141108992935424,"singlet"
"TCACACCCAGGCTTGC-1",0.110577651186566,"singlet"
"TCACACCGTGATATAG-1",0.292634899556678,"singlet"
"TCACACCTCAAGTCTG-1",0.0379822652380657,"singlet"
"TCACACCTCCCAGGAC-1",0.0765598525593782,"singlet"
"TCACACCTCGCTCTAC-1",0.0537368561169848,"singlet"
"TCACATTAGTCACAGG-1",0.227201599324394,"singlet"
"TCACATTCATGGCGCT-1",0.0983535433184181,"singlet"
"TCACATTGTTATCTGG-1",0.0845460794013469,"singlet"
"TCACATTTCTGCGGGT-1",0.730287260777525,"doublet"
"TCACGCTAGCACTAGG-1",0.265774628108222,"singlet"
"TCACGCTAGTTTGCTG-1",0.107353368610524,"singlet"
"TCACGCTGTTCGTACA-1",0.286595398725728,"singlet"
"TCACGCTTCCGAAATC-1",0.134947018058818,"singlet"
"TCACGCTTCTCCCTAG-1",0.213262865164125,"singlet"
"TCACGGGAGGTTCTTG-1",0.136564087822079,"singlet"
"TCACGGGGTCTACGAT-1",0.2025021827818,"singlet"
"TCACGGGGTGATTAGA-1",0.092160463547786,"singlet"
"TCACGGGGTGGACCAA-1",0.0538260441309968,"singlet"
"TCACGGGGTGGATTTC-1",0.111802484909407,"singlet"
"TCACGGGTCGTCTACC-1",0.378235596672371,"doublet"
"TCACTATAGACCGCCT-1",0.157708283543705,"singlet"
"TCACTATAGTATGTAG-1",0.0671995179760169,"singlet"
"TCACTATAGTTACGAA-1",0.192906397535257,"singlet"
"TCACTATCAGTCAGCC-1",0.188632559671191,"singlet"
"TCACTATTCCACGTCT-1",0.130230055568659,"singlet"
"TCACTATTCGGCCTTT-1",0.236938488493955,"singlet"
"TCACTCGAGGGTAATT-1",0.112141518679204,"singlet"
"TCACTCGCATGTACGT-1",0.161664844044381,"singlet"
"TCACTCGGTCAGTCCG-1",0.169975842580078,"singlet"
"TCACTCGGTCTGTGTA-1",0.0900923231126533,"singlet"
"TCAGCAAAGAGAGTTT-1",0.124840378738315,"singlet"
"TCAGCAAAGAGGCGGA-1",0.131120287156998,"singlet"
"TCAGCAAAGCAGCCCT-1",0.208577089723416,"singlet"
"TCAGCAAAGGATGAGA-1",0.0486098130991782,"singlet"
"TCAGCAAAGGGAACAA-1",0.0636868886584007,"singlet"
"TCAGCAACAAGATGTA-1",0.187769892804967,"singlet"
"TCAGCAACAGTTGTTG-1",0.109186354267695,"singlet"
"TCAGCAATCAGTCTTT-1",0.185197256846053,"singlet"
"TCAGCAATCCGCAACG-1",0.386819488115885,"doublet"
"TCAGCCTAGCCAACCC-1",0.148430690827103,"singlet"
"TCAGCCTAGTGCGACA-1",0.331457943293011,"singlet"
"TCAGCCTTCATAGACC-1",0.085310824478717,"singlet"
"TCAGCCTTCATGAGGG-1",0.0416094937579598,"singlet"
"TCAGCCTTCGGCTTCT-1",0.0481210311057402,"singlet"
"TCAGCCTTCTAGTCAG-1",0.229607365476182,"singlet"
"TCAGCCTTCTCGGTCT-1",0.211816626433397,"singlet"
"TCAGGGCAGAGGCTGT-1",0.216173806294105,"singlet"
"TCAGGGCAGAGTTGTA-1",0.108845385415161,"singlet"
"TCAGGGCAGTGCCCGT-1",0.103053761393271,"singlet"
"TCAGGGCAGTGCGACA-1",0.0269483834029942,"singlet"
"TCAGGGCAGTTTCGGT-1",0.14397724455047,"singlet"
"TCAGGGCCATAAGCAA-1",0.106667945179206,"singlet"
"TCAGGGCGTGTACATC-1",0.216566721232977,"singlet"
"TCAGGTAAGAGGTTTA-1",0.712908972746243,"doublet"
"TCAGGTAAGCTGACCC-1",0.0554506213638397,"singlet"
"TCAGGTAAGGTGCCTC-1",0.130480681741606,"singlet"
"TCAGGTAAGTCAACAA-1",0.309563126276908,"singlet"
"TCAGGTACACTTGGCG-1",0.0454993312189264,"singlet"
"TCAGGTAGTAGTGCGA-1",0.141514908315265,"singlet"
"TCAGGTAGTCTCAGAT-1",0.0903535303019946,"singlet"
"TCAGGTAGTGTCATGT-1",0.0455880502501915,"singlet"
"TCAGGTATCTATCGGA-1",0.155388263316529,"singlet"
"TCAGGTATCTTGGTCC-1",0.246686595456559,"singlet"
"TCAGTCCCACTTCATT-1",0.228733412390485,"singlet"
"TCAGTCCCATGACAGG-1",0.0960296633569837,"singlet"
"TCAGTCCGTAGGGAGG-1",0.14024581602393,"singlet"
"TCAGTCCGTTCGGACC-1",0.242812209488744,"singlet"
"TCAGTCCTCGGCGATC-1",0.231033127397013,"singlet"
"TCAGTGAAGCAAACAT-1",0.165766829650036,"singlet"
"TCAGTGAAGTCATTGC-1",0.360349487094655,"doublet"
"TCAGTGATCCGCATAA-1",0.153906677404952,"singlet"
"TCAGTGATCGACATAC-1",0.199109413431711,"singlet"
"TCAGTGATCTCTATAC-1",0.374073299286836,"doublet"
"TCAGTTTCACCGGAAA-1",0.0427066679569572,"singlet"
"TCAGTTTCATCACCAA-1",0.127303222518139,"singlet"
"TCAGTTTGTAGGCTGA-1",0.209478574859116,"singlet"
"TCAGTTTTCAAACGTC-1",0.218945835317343,"singlet"
"TCATACTCAGCAGTTT-1",0.0914733049753148,"singlet"
"TCATACTCAGTAACGG-1",0.211310355040862,"singlet"
"TCATACTGTACCACGC-1",0.163183369508766,"singlet"
"TCATACTTCGGTGTTA-1",0.169333072810129,"singlet"
"TCATATCAGGTTGAGC-1",0.194092021154181,"singlet"
"TCATATCAGTCGCGAA-1",0.25412165599729,"singlet"
"TCATATCCAACTAGAA-1",0.134902907489206,"singlet"
"TCATATCCATACTGTG-1",0.0881182543112956,"singlet"
"TCATATCTCCATACTT-1",0.0827767466372826,"singlet"
"TCATATCTCGCTCATC-1",0.294363540013984,"singlet"
"TCATATCTCGTGGCTG-1",0.274383057303602,"singlet"
"TCATCATCAAGCCATT-1",0.140256216816542,"singlet"
"TCATCATGTTTGAAAG-1",0.113191402457841,"singlet"
"TCATCCGAGTAGAGTT-1",0.326913478255514,"singlet"
"TCATCCGCACGCAGTC-1",0.220742059275137,"singlet"
"TCATCCGCATGAGTAA-1",0.0899395308507794,"singlet"
"TCATCCGGTAGTGTGG-1",0.105305715196527,"singlet"
"TCATCCGGTCACTACA-1",0.254667815578384,"singlet"
"TCATCCGTCAAACCTG-1",0.122117467144449,"singlet"
"TCATGAGAGGGTCACA-1",0.0430650760326815,"singlet"
"TCATGAGGTGCCCGTA-1",0.267334823176024,"singlet"
"TCATGAGGTGTTAACC-1",0.324152505953703,"singlet"
"TCATGAGTCACTGAAC-1",0.117076758104483,"singlet"
"TCATGCCAGTGTAGTA-1",0.0467291408563455,"singlet"
"TCATGCCCAGGGACTA-1",0.0998280446839688,"singlet"
"TCATGCCGTTACGGAG-1",0.0694454265014162,"singlet"
"TCATGGAGTACGACAG-1",0.0916624740183406,"singlet"
"TCATGTTAGACTAAGT-1",0.061633861822634,"singlet"
"TCATGTTCATGTTACG-1",0.117242750696801,"singlet"
"TCATGTTGTGCGAACA-1",0.0799199044948504,"singlet"
"TCATGTTGTGGCTCTG-1",0.132568076697295,"singlet"
"TCATGTTGTGTGAGCA-1",0.0384237307490818,"singlet"
"TCATGTTTCTTGATTC-1",0.19978116961988,"singlet"
"TCATTACAGACTTCAC-1",0.651902059363715,"doublet"
"TCATTACAGCGATCGA-1",0.0482311819752287,"singlet"
"TCATTACAGGATACCG-1",0.0822926711088598,"singlet"
"TCATTACCACTGTGTA-1",0.295454192336343,"singlet"
"TCATTACCATGGCGCT-1",0.103948606812399,"singlet"
"TCATTACGTTGCCGCA-1",0.099178879212565,"singlet"
"TCATTACTCCACAAGT-1",0.0430334773211709,"singlet"
"TCATTACTCCACAGCG-1",0.110927051248423,"singlet"
"TCATTACTCCATTGCC-1",0.296608681900252,"singlet"
"TCATTACTCGACCACG-1",0.463450962097269,"doublet"
"TCATTCAAGCCATCCG-1",0.285705356504279,"singlet"
"TCATTCAAGTAGGATT-1",0.0500748752506437,"singlet"
"TCATTCACAACATACC-1",0.0695930341169405,"singlet"
"TCATTCACACCCTCTA-1",0.342841258815124,"singlet"
"TCATTCAGTCCATAGT-1",0.191437071226895,"singlet"
"TCATTCAGTCCTCATC-1",0.363800121016517,"doublet"
"TCATTCAGTTAAGAAC-1",0.0311925445661254,"singlet"
"TCATTCATCAGACAAA-1",0.13645862357752,"singlet"
"TCATTCATCCAACTAG-1",0.09322191741749,"singlet"
"TCATTCATCGTTCTCG-1",0.129432351029914,"singlet"
"TCATTGTAGATTGCGG-1",0.175331638322111,"singlet"
"TCATTGTAGTGTTGAA-1",0.133256094768831,"singlet"
"TCATTGTGTGTCGCTG-1",0.121280951768889,"singlet"
"TCATTGTTCCCTCGTA-1",0.236085797988933,"singlet"
"TCATTGTTCGCTTACC-1",0.110797014950267,"singlet"
"TCATTTGAGGTAGATT-1",0.115549994186411,"singlet"
"TCATTTGCAATGGCAG-1",0.215415749767367,"singlet"
"TCATTTGCATCTGGGC-1",0.122146494038818,"singlet"
"TCATTTGGTACAGAGC-1",0.240517959598673,"singlet"
"TCATTTGTCAAATGCC-1",0.429616148660202,"doublet"
"TCATTTGTCTACCTTA-1",0.33682556653177,"singlet"
"TCATTTGTCTCGGTAA-1",0.218895022809085,"singlet"
"TCATTTGTCTTGAACG-1",0.112388179515525,"singlet"
"TCCACCAGTCGGTAAG-1",0.133937858004208,"singlet"
"TCCACCAGTGGTAACG-1",0.611870591627276,"doublet"
"TCCACCAGTTAGCGGA-1",0.0496883849985916,"singlet"
"TCCACCAGTTATCTGG-1",0.122444359963998,"singlet"
"TCCACCATCCACGTGG-1",0.210411503348716,"singlet"
"TCCACGTCACAAATGA-1",0.332802276614414,"singlet"
"TCCACGTCAGACCTAT-1",0.22265261579746,"singlet"
"TCCACGTGTATCCTTT-1",0.429777702717861,"doublet"
"TCCACGTGTCATCGCG-1",0.140824331622329,"singlet"
"TCCACGTGTCATCTAG-1",0.0602762363422105,"singlet"
"TCCAGAAAGACCGCCT-1",0.151493977764349,"singlet"
"TCCAGAATCGCGTGAC-1",0.149532903919169,"singlet"
"TCCAGAATCGGATACT-1",0.143549692975203,"singlet"
"TCCATCGCATCATCCC-1",0.17532078571557,"singlet"
"TCCATCGGTAACATGA-1",0.155738726340775,"singlet"
"TCCATCGGTTAGGCCC-1",0.0834358258409936,"singlet"
"TCCATCGTCCTTCAGC-1",0.495728174482248,"doublet"
"TCCATGCAGCTGAGTG-1",0.189600514363212,"singlet"
"TCCATGCTCGTTGTGA-1",0.14868595506098,"singlet"
"TCCCACACACAATGTC-1",0.167049422172107,"singlet"
"TCCCACACAGGAGGAG-1",0.0681515888218295,"singlet"
"TCCCACACAGTCAGTT-1",0.200961452134077,"singlet"
"TCCCACAGTCCTGGTG-1",0.259088204878325,"singlet"
"TCCCAGTCACACACTA-1",0.142396330781044,"singlet"
"TCCCAGTCACATGTTG-1",0.121105240929189,"singlet"
"TCCCATGCAGTCACGC-1",0.200600556192627,"singlet"
"TCCCATGGTGGTCTGC-1",0.142306353675233,"singlet"
"TCCCATGGTTAGAAGT-1",0.083339877722255,"singlet"
"TCCGAAACAGATCACT-1",0.265288627029816,"singlet"
"TCCGAAACATAATGAG-1",0.179797157303401,"singlet"
"TCCGATCAGGGACTGT-1",0.117790682232152,"singlet"
"TCCGATCCAACAGTGG-1",0.118091731127791,"singlet"
"TCCGGGAAGACCTTTG-1",0.180166547212574,"singlet"
"TCCGGGAAGATTGTGA-1",0.153084791885189,"singlet"
"TCCGGGAAGCATCAAA-1",0.0268770621349791,"singlet"
"TCCGGGACACGCAGTC-1",0.105038115003271,"singlet"
"TCCGTGTCAGTCTTCC-1",0.141216620018602,"singlet"
"TCCGTGTGTAAGGCCA-1",0.0995362268033802,"singlet"
"TCCGTGTGTCTGTCCT-1",0.105812975122351,"singlet"
"TCCGTGTTCAGCTCTC-1",0.179313730553522,"singlet"
"TCCTAATTCACTACGA-1",0.520474442438676,"doublet"
"TCCTAATTCGAGTGGA-1",0.128505446605286,"singlet"
"TCCTAATTCTCACGAA-1",0.310036067699132,"singlet"
"TCCTCCCCATCTGGGC-1",0.144979311906965,"singlet"
"TCCTCCCTCTATTGTC-1",0.343726337096619,"singlet"
"TCCTCGAAGAGAGAAC-1",0.221046792589186,"singlet"
"TCCTCGAAGAGGGTCT-1",0.272010452169563,"singlet"
"TCCTCGAAGGGTACGT-1",0.799859638958086,"doublet"
"TCCTCGAAGGTAGCAC-1",0.09895994704749,"singlet"
"TCCTCGACACAATGTC-1",0.158016184536042,"singlet"
"TCCTCGAGTGGCTAGA-1",0.160577091439455,"singlet"
"TCCTCTTAGCACTGGA-1",0.0563263669700113,"singlet"
"TCCTCTTGTCTACACA-1",0.0777289699677291,"singlet"
"TCCTGCAAGTCACAGG-1",0.0857963955990956,"singlet"
"TCCTGCATCTTCACAT-1",0.227410887359581,"singlet"
"TCCTTCTAGTGAACAT-1",0.145859667633932,"singlet"
"TCCTTCTGTAAGTCAA-1",0.106695948300734,"singlet"
"TCCTTCTGTAGCCAGA-1",0.264608010384436,"singlet"
"TCCTTCTGTTCCGCAG-1",0.210264976063883,"singlet"
"TCCTTCTTCATCCTAT-1",0.259424729274757,"singlet"
"TCCTTCTTCGGTGCAC-1",0.810026439456392,"doublet"
"TCCTTCTTCTCCGAAA-1",0.339224680630553,"singlet"
"TCCTTTCAGATTACCC-1",0.301263594737146,"singlet"
"TCCTTTCCACACAGCC-1",0.170631619623197,"singlet"
"TCCTTTCTCAGTGTTG-1",0.103221364402896,"singlet"
"TCGAACACATTATGCG-1",0.0440447723929636,"singlet"
"TCGAAGTAGGCTTAAA-1",0.225252025328031,"singlet"
"TCGAAGTGTGACCGTC-1",0.159462369427474,"singlet"
"TCGAAGTGTTGCCGAC-1",0.678089896772042,"doublet"
"TCGAAGTTCCTAAGTG-1",0.1025632623162,"singlet"
"TCGAAGTTCCTCTAAT-1",0.316919668719883,"singlet"
"TCGACCTGTCACCCTT-1",0.0349649661980034,"singlet"
"TCGACCTGTCTAACGT-1",0.196047895291823,"singlet"
"TCGACCTTCATGTCTT-1",0.264076854473975,"singlet"
"TCGACCTTCCCGTAAA-1",0.0335950779442606,"singlet"
"TCGACGGGTCGTCAGC-1",0.114151383675207,"singlet"
"TCGACGGGTTTGTGGT-1",0.072723895217617,"singlet"
"TCGACGGTCCAGTGCG-1",0.101704027787054,"singlet"
"TCGATTTAGTGAGTTA-1",0.226963104675947,"singlet"
"TCGATTTCAGCACAGA-1",0.0987843855788469,"singlet"
"TCGATTTTCTAACACG-1",0.163110813034457,"singlet"
"TCGCACTCACAATGAA-1",0.196348821917927,"singlet"
"TCGCACTTCGTTGCCT-1",0.0269536282363639,"singlet"
"TCGCAGGCACTTACAG-1",0.165731492110594,"singlet"
"TCGCAGGGTACCCAGC-1",0.156812729839764,"singlet"
"TCGCTCAAGGCTCCCA-1",0.031739114682084,"singlet"
"TCGCTCAGTAAGACCG-1",0.101494450233469,"singlet"
"TCGCTCAGTTGCACGC-1",0.258159325408034,"singlet"
"TCGCTCATCAAGAGTA-1",0.153485934137527,"singlet"
"TCGCTCATCCACCTGT-1",0.029985250335608,"singlet"
"TCGCTCATCTCCAATT-1",0.161566244492566,"singlet"
"TCGCTTGAGAGACAAG-1",0.166132712003186,"singlet"
"TCGCTTGAGGTAGCAC-1",0.131469505999633,"singlet"
"TCGCTTGCAATGAAAC-1",0.274651569916469,"singlet"
"TCGCTTGCATGCACTA-1",0.107350618653191,"singlet"
"TCGCTTGGTCAAAGAT-1",0.472067317931409,"doublet"
"TCGCTTGTCACATTGG-1",0.138737330770491,"singlet"
"TCGGATAAGTAGGTTA-1",0.105140465798594,"singlet"
"TCGGATACACTTGAAC-1",0.294130192074885,"singlet"
"TCGGATAGTAGATCGG-1",0.0549428218197321,"singlet"
"TCGGATAGTCGGTGAA-1",0.125284281772669,"singlet"
"TCGGATAGTCTTACTT-1",0.299675160986935,"singlet"
"TCGGGACAGAAGCGCT-1",0.145496304114181,"singlet"
"TCGGGACGTATGATCC-1",0.260464874449226,"singlet"
"TCGGGACGTCACTACA-1",0.186389574694837,"singlet"
"TCGGGACTCAGCAATC-1",0.277220306679937,"singlet"
"TCGGGACTCGGCTGAC-1",0.142128698168795,"singlet"
"TCGGGACTCTAGCATG-1",0.30006001916,"singlet"
"TCGGGCACAAAGGAGA-1",0.468812573385405,"doublet"
"TCGGGCACAAGCGAGT-1",0.132800056362768,"singlet"
"TCGGGCACAGACTCTA-1",0.193293751804658,"singlet"
"TCGGGCACATGGCACC-1",0.0695370529456999,"singlet"
"TCGGGCAGTCAGTTTG-1",0.13626761340978,"singlet"
"TCGGGCATCGTCGGGT-1",0.00216623842219238,"singlet"
"TCGGGTGTCCTCTGCA-1",0.263797425674,"singlet"
"TCGGGTGTCGGCAGTC-1",0.0643686344275046,"singlet"
"TCGGGTGTCTCCATAT-1",0.454703165155601,"doublet"
"TCGGTCTAGGTTCAGG-1",0.0770905904796156,"singlet"
"TCGGTCTCAACATACC-1",0.165238674206059,"singlet"
"TCGGTCTCAACTGGTT-1",0.0965817091900422,"singlet"
"TCGGTCTCAGTTGTTG-1",0.414957727716814,"doublet"
"TCGGTCTGTCGTCAGC-1",0.159099132295557,"singlet"
"TCGGTCTGTGCTCGTG-1",0.0903944641372177,"singlet"
"TCGGTCTTCGTCCATC-1",0.0978064077461998,"singlet"
"TCGTAGAAGCCTGCCA-1",0.218249449961856,"singlet"
"TCGTAGAGTCAGCGTC-1",0.0227297853234505,"singlet"
"TCGTAGATCCACGAAT-1",0.219800011320118,"singlet"
"TCGTAGATCGAACGCC-1",0.12394015939199,"singlet"
"TCGTGCTGTAGATCGG-1",0.107140447461683,"singlet"
"TCGTGCTTCTATCGGA-1",0.102561592853251,"singlet"
"TCGTGGGAGACTGTTC-1",0.0238339487273041,"singlet"
"TCGTGGGTCATAGCAC-1",0.100326749403094,"singlet"
"TCGTGGGTCCATAGGT-1",0.0687455166094675,"singlet"
"TCGTGGGTCTGGAAGG-1",0.0987891310254206,"singlet"
"TCTAACTCAGGTCAAG-1",0.213071669020648,"singlet"
"TCTAACTGTCACTGAT-1",0.163192315424779,"singlet"
"TCTAACTGTTGGTAGG-1",0.0516626222320889,"singlet"
"TCTACATCAACTGAAA-1",0.0732285561919204,"singlet"
"TCTACATCATCAGCAT-1",0.143355479861774,"singlet"
"TCTACATCATGTCTAG-1",0.132365147834164,"singlet"
"TCTACATGTCTTGAGT-1",0.176532749179747,"singlet"
"TCTACATGTGCCTGCA-1",0.0321290583253319,"singlet"
"TCTACCGCAAGCGGAT-1",0.112153208791048,"singlet"
"TCTACCGGTATTCTCT-1",0.296999131248624,"singlet"
"TCTACCGGTCTTCTAT-1",0.294726653180218,"singlet"
"TCTACCGGTCTTGAGT-1",0.182005005774802,"singlet"
"TCTACCGGTGCATGAG-1",0.120408096662552,"singlet"
"TCTATACCAAGGCCTC-1",0.132708932207541,"singlet"
"TCTATACCATCGAGCC-1",0.249908920915593,"singlet"
"TCTATACGTCGCATTA-1",0.042323667538412,"singlet"
"TCTATACGTGTAAATG-1",0.617855067420966,"doublet"
"TCTATACGTGTTGATC-1",0.165843818218531,"singlet"
"TCTATACTCGGCCTTT-1",0.324009354462175,"singlet"
"TCTATACTCGTCCATC-1",0.220551032461341,"singlet"
"TCTATACTCTACGGGC-1",0.194666201968572,"singlet"
"TCTATCAAGGTAGACC-1",0.318848792381515,"singlet"
"TCTATCACAGATACTC-1",0.071127986597212,"singlet"
"TCTATCACAGCCGTTG-1",0.219239747116081,"singlet"
"TCTATCACATGGCTAT-1",0.111700910312187,"singlet"
"TCTATCATCTCGAACA-1",0.193496876158708,"singlet"
"TCTATCATCTGGTTGA-1",0.0332820353075704,"singlet"
"TCTCACGAGCGGGTTA-1",0.245194509025192,"singlet"
"TCTCACGCAATAGGAT-1",0.414611492825493,"doublet"
"TCTCACGGTGTTAGCT-1",0.393769047240326,"doublet"
"TCTCACGTCTCTTGCG-1",0.0736104306282415,"singlet"
"TCTCAGCAGGCGACAT-1",0.276016556337968,"singlet"
"TCTCAGCGTAGCTTAC-1",0.340830061321819,"singlet"
"TCTCCGAAGAATCGTA-1",0.124151049818171,"singlet"
"TCTCCGAAGGACTATA-1",0.45170253196314,"doublet"
"TCTCCGAGTCAGTCGC-1",0.0626221408465733,"singlet"
"TCTCCGAGTTGCGTAT-1",0.776709920345252,"doublet"
"TCTCCGATCATCCTGC-1",0.0447791695044326,"singlet"
"TCTCCGATCCATAGAC-1",0.193509711476197,"singlet"
"TCTCCGATCTACTGAG-1",0.279246220679655,"singlet"
"TCTCTGGAGCCGATTT-1",0.11848768405328,"singlet"
"TCTCTGGAGCGTCTGC-1",0.0808549657169922,"singlet"
"TCTGCCAAGATTTGCC-1",0.274384130714284,"singlet"
"TCTGCCAAGCATATGA-1",0.0664591349573696,"singlet"
"TCTGCCACAAGGCAAC-1",0.145608031059563,"singlet"
"TCTGCCACAATCGTCA-1",0.161924760411643,"singlet"
"TCTGCCACAGCCCACA-1",0.12781439587545,"singlet"
"TCTGCCAGTGTGTTTG-1",0.137990027674475,"singlet"
"TCTGGCTAGTCTTCCC-1",0.0954450835417896,"singlet"
"TCTGGCTTCCAACACA-1",0.303192897535582,"singlet"
"TCTGTCGGTACACGCC-1",0.0888173669660295,"singlet"
"TCTGTCGGTATCTTCT-1",0.0481943456324486,"singlet"
"TCTGTCGTCCTGGGAC-1",0.236299255752724,"singlet"
"TCTGTCGTCTGACCCT-1",0.140438478220672,"singlet"
"TCTTAGTAGAAGTGTT-1",0.248051157198252,"singlet"
"TCTTAGTAGGGAGATA-1",0.0715039797006458,"singlet"
"TCTTAGTCAAATTGGA-1",0.265359613255818,"singlet"
"TCTTAGTCATAGCACT-1",0.194744006631578,"singlet"
"TCTTAGTGTATAGCTC-1",0.118842356334307,"singlet"
"TCTTAGTGTTCGATTG-1",0.112650690417422,"singlet"
"TCTTCCTAGCTCGACC-1",0.30460056137847,"singlet"
"TCTTCCTCAGGTCAGA-1",0.286351216085601,"singlet"
"TCTTCCTGTCGGCTAC-1",0.0918680285358298,"singlet"
"TCTTCCTGTTACCCTC-1",0.172700407663776,"singlet"
"TCTTCCTTCATCTGTT-1",0.357600538267849,"singlet"
"TCTTGCGCATGTCGTA-1",0.163734127621854,"singlet"
"TCTTGCGGTCCTGTTC-1",0.268269531717766,"singlet"
"TCTTGCGTCGACATAC-1",0.127191400355555,"singlet"
"TCTTGCGTCGGCGATC-1",0.0784644175174829,"singlet"
"TCTTGCGTCTGAGCAT-1",0.127501188805613,"singlet"
"TCTTTGACAAGCAATA-1",0.107928510623484,"singlet"
"TCTTTGACAAGCTGCC-1",0.166846289756675,"singlet"
"TCTTTGATCCACACAA-1",0.170135003248342,"singlet"
"TCTTTGATCTAGTACG-1",0.288677632183702,"singlet"
"TCTTTGATCTTCACGC-1",0.211957297660441,"singlet"
"TGAACGTAGAAGTGTT-1",0.169867278324201,"singlet"
"TGAACGTAGCTCGAAG-1",0.160117105582461,"singlet"
"TGAACGTCAAATCAGA-1",0.246392809919298,"singlet"
"TGAACGTCACATCCCT-1",0.121611948673277,"singlet"
"TGAACGTGTCAAGTTC-1",0.0516544674411936,"singlet"
"TGAACGTGTCAGACTT-1",0.290004456833325,"singlet"
"TGAACGTTCATTTACC-1",0.122263162345793,"singlet"
"TGAATCGAGATGAACT-1",0.0992843581753631,"singlet"
"TGAATCGCACAGCCAC-1",0.254065269246212,"singlet"
"TGAATCGCAGGTTTAC-1",0.134551542911205,"singlet"
"TGAATCGGTGGTACAG-1",0.179428419157485,"singlet"
"TGAATCGGTTCCCACT-1",0.325666361950196,"singlet"
"TGAATCGTCACTCACC-1",0.0635157618210747,"singlet"
"TGAATCGTCTCATAGG-1",0.0373196981056947,"singlet"
"TGAATGCAGATGCTTC-1",0.0804271625326698,"singlet"
"TGAATGCCAAGAATAC-1",0.111080638464939,"singlet"
"TGAATGCTCTCCGAGG-1",0.132378179927355,"singlet"
"TGACAGTAGCTCGACC-1",0.0387370590344609,"singlet"
"TGACAGTCATCAGCAT-1",0.615313353996933,"doublet"
"TGACCCTAGCGTCTGC-1",0.1017566347585,"singlet"
"TGACCCTCACGGTGTC-1",0.329396592949018,"singlet"
"TGACCCTCATCGCTAA-1",0.0122038904679286,"singlet"
"TGACGCGAGCGCCGTT-1",0.0909270229659291,"singlet"
"TGACGCGCAGAAATCA-1",0.171230399687916,"singlet"
"TGACGCGTCTCGTCGT-1",0.104274782248681,"singlet"
"TGACTCCAGAAGATCT-1",0.283081032771723,"singlet"
"TGACTCCCATCCGGCA-1",0.222456770381322,"singlet"
"TGACTCCCATTGACCA-1",0.12883982802747,"singlet"
"TGACTCCTCGTAGCTA-1",0.0336325645555837,"singlet"
"TGAGACTCACACCTTC-1",0.0977351075827614,"singlet"
"TGAGACTGTGGGATTG-1",0.193137418969503,"singlet"
"TGAGACTGTTTCGTTT-1",0.0731243974710186,"singlet"
"TGAGACTTCTTAGCTT-1",0.152109461351645,"singlet"
"TGAGCATAGCGCTGCT-1",0.0929710327297351,"singlet"
"TGAGCATGTATCTCGA-1",0.0984581065504894,"singlet"
"TGAGCATTCCCTCGTA-1",0.126711060725129,"singlet"
"TGAGCGCAGAGTCTGG-1",0.133868680747371,"singlet"
"TGAGCGCAGTGCAACG-1",0.113373100435461,"singlet"
"TGAGCGCCACCTCGTT-1",0.147607618876344,"singlet"
"TGAGCGCCATACGCAT-1",0.121841145204394,"singlet"
"TGAGCGCGTCGATGCC-1",0.0246023295394949,"singlet"
"TGAGCGCGTTCAAGGG-1",0.0957581954716559,"singlet"
"TGAGCGCTCCGTGTAA-1",0.0706836711078388,"singlet"
"TGAGCGCTCCTCGATC-1",0.195197682548604,"singlet"
"TGAGCGCTCGCTGTCT-1",0.179292582360001,"singlet"
"TGAGGAGAGAAATCCA-1",0.378993805464618,"doublet"
"TGAGGAGAGTGCACAG-1",0.124241727970974,"singlet"
"TGAGGAGAGTTCTCTT-1",0.111704053850612,"singlet"
"TGAGGAGAGTTGGAAT-1",0.0895281427732742,"singlet"
"TGAGGAGCACCAGTTA-1",0.134529833717826,"singlet"
"TGAGGAGGTAGATGTA-1",0.239638736780077,"singlet"
"TGAGGAGGTAGCGAGT-1",0.119902204691744,"singlet"
"TGAGGAGGTTTCGGCG-1",0.16416591467082,"singlet"
"TGAGGAGTCACCTCTG-1",0.0797396774769538,"singlet"
"TGAGGAGTCGTGAGAG-1",0.0785193079477078,"singlet"
"TGAGGGAAGGGCAATC-1",0.0928879810907601,"singlet"
"TGAGGGACAGTTTGGT-1",0.203066790850892,"singlet"
"TGAGGGAGTCCGGTGT-1",0.33929420989725,"singlet"
"TGAGGGAGTGGCAGAT-1",0.0923714252152355,"singlet"
"TGAGGGAGTGTACATC-1",0.0789846621952446,"singlet"
"TGAGGGATCCATCACC-1",0.145711212473235,"singlet"
"TGAGGTTAGACCGCCT-1",0.130583159164374,"singlet"
"TGAGGTTAGGCGCTTC-1",0.104190630612691,"singlet"
"TGAGGTTAGGTGCTGA-1",0.0726491126816466,"singlet"
"TGAGGTTAGTCACTGT-1",0.298898191505247,"singlet"
"TGAGGTTGTTCGTACA-1",0.116856157925528,"singlet"
"TGAGTCAAGACGAGCT-1",0.167097440276182,"singlet"
"TGAGTCACAGTTCACA-1",0.267797380780906,"singlet"
"TGAGTCAGTACAGAGC-1",0.191036329136598,"singlet"
"TGAGTCATCCGTGTGG-1",0.141337579349286,"singlet"
"TGAGTCATCGGTCGAC-1",0.113163053194961,"singlet"
"TGATCAGAGATACGAT-1",0.0468792276676545,"singlet"
"TGATCAGAGCTGCGAA-1",0.118523993598359,"singlet"
"TGATCAGAGGCGTTGA-1",0.0640949900739621,"singlet"
"TGATCAGAGGTCACAG-1",0.178681991652291,"singlet"
"TGATCAGAGTCCTACA-1",0.0604669354982614,"singlet"
"TGATCAGCAACCACAT-1",0.178648318915898,"singlet"
"TGATCAGGTCCACTTC-1",0.189198406082087,"singlet"
"TGATCAGTCACCATCC-1",0.0886353378731306,"singlet"
"TGATCAGTCAGCGCAC-1",0.131573418782237,"singlet"
"TGATCAGTCTCTCGCA-1",0.153014922716699,"singlet"
"TGATCAGTCTGCGGCA-1",0.0560848489133031,"singlet"
"TGATCTTCACGTCGTG-1",0.0269236728353538,"singlet"
"TGATCTTGTAAGAACT-1",0.180415456355189,"singlet"
"TGATGCAAGAGTGGCT-1",0.0380861630130823,"singlet"
"TGATGCACAAAGTATG-1",0.215408721128448,"singlet"
"TGATGCAGTTGCCAAT-1",0.37379138120479,"doublet"
"TGATGCATCACGATCA-1",0.157430027336368,"singlet"
"TGATGCATCGAGATGG-1",0.160360691470883,"singlet"
"TGATGCATCGGTCACG-1",0.37755267616043,"doublet"
"TGATGGTCACACGCCA-1",0.108116366219181,"singlet"
"TGATGGTCAGAAGTGC-1",0.0376337193981228,"singlet"
"TGATGGTTCAAGTCTG-1",0.0876431153665804,"singlet"
"TGATTCTAGAGGTATT-1",0.203036225651743,"singlet"
"TGATTCTCAGGCTATT-1",0.133127015606591,"singlet"
"TGATTCTTCGTCCTCA-1",0.256439612453101,"singlet"
"TGATTTCAGTATGCAA-1",0.180082391483839,"singlet"
"TGATTTCAGTCACGAG-1",0.107619220368616,"singlet"
"TGATTTCGTAATACCC-1",0.407867619807544,"doublet"
"TGCACGGAGAGGTGCT-1",0.0283117115864206,"singlet"
"TGCACGGGTAGATCGG-1",0.110531454679794,"singlet"
"TGCACGGGTTTACCAG-1",0.222918219362528,"singlet"
"TGCACGGTCCACTAGA-1",0.128847271789556,"singlet"
"TGCAGATCAGCTTTCC-1",0.0250693864151287,"singlet"
"TGCAGATTCAATCAGC-1",0.145114200869562,"singlet"
"TGCAGATTCCATAGAC-1",0.247676008895209,"singlet"
"TGCAGGCAGAGTTGAT-1",0.0117751358958367,"singlet"
"TGCAGGCAGCCGATAG-1",0.190459901647824,"singlet"
"TGCAGGCGTAACAGGC-1",0.085307471708949,"singlet"
"TGCAGGCGTACAACGG-1",0.232474112802229,"singlet"
"TGCAGGCTCAAGCCTA-1",0.236169855619491,"singlet"
"TGCAGGCTCTATCCAT-1",0.116130104788491,"singlet"
"TGCAGTAAGCTGAAAT-1",0.0764700577804576,"singlet"
"TGCAGTAAGGCGACAT-1",0.200595843566328,"singlet"
"TGCAGTAAGGTCGAGT-1",0.127829497358429,"singlet"
"TGCAGTACAGAGTTGG-1",0.105314912294439,"singlet"
"TGCAGTACAGGAAGTC-1",0.183852216237684,"singlet"
"TGCAGTATCGACGAGA-1",0.207286913573038,"singlet"
"TGCAGTATCTTTACAC-1",0.635779827870364,"doublet"
"TGCATCCAGGTATCTC-1",0.114093341391637,"singlet"
"TGCATCCTCCTAGCCT-1",0.362254564270491,"doublet"
"TGCATGACACTACTTT-1",0.192866565085483,"singlet"
"TGCATGACAGAGTGAC-1",0.131188791519362,"singlet"
"TGCATGACATGGAACG-1",0.110233488902953,"singlet"
"TGCATGAGTCAGTCCG-1",0.0855169853843106,"singlet"
"TGCCGAGAGAAGTCTA-1",0.0943371419029972,"singlet"
"TGCCGAGAGAGCATCG-1",0.0639070374688173,"singlet"
"TGCCGAGAGTTCAACC-1",0.030432606469734,"singlet"
"TGCCGAGCACGCTGAC-1",0.098925450601419,"singlet"
"TGCCGAGCAGACCGCT-1",0.133213495152546,"singlet"
"TGCCGAGTCTAGATCG-1",0.213624347245879,"singlet"
"TGCGACGAGTGGTCAG-1",0.0319994543742601,"singlet"
"TGCGACGAGTTCACTG-1",0.153264659065474,"singlet"
"TGCGACGCAATTGCTG-1",0.256249291758856,"singlet"
"TGCGACGGTAACACGG-1",0.130773127495524,"singlet"
"TGCGACGTCTCGCGTT-1",0.108855157605489,"singlet"
"TGCGATACACAGAGCA-1",0.00929301823040009,"singlet"
"TGCGGCAAGGCTGAAC-1",0.156326416344688,"singlet"
"TGCGGCACAGAAGTTA-1",0.148266920918587,"singlet"
"TGCGGCACAGGTGAGT-1",0.0855895746220474,"singlet"
"TGCGGCAGTCGGAACA-1",0.097945076924194,"singlet"
"TGCGGGTAGAAGAGCA-1",0.0681172184342069,"singlet"
"TGCGGGTAGCGGTAGT-1",0.113651582480474,"singlet"
"TGCGGGTGTCACTCGG-1",0.326911250737486,"singlet"
"TGCGGGTTCTAAGCCA-1",0.314417121595015,"singlet"
"TGCGGGTTCTTCGATT-1",0.046586833602844,"singlet"
"TGCTCCACAAGACCTT-1",0.232358494915175,"singlet"
"TGCTCCACACGAGGAT-1",0.100382731942147,"singlet"
"TGCTCCAGTATGTCCA-1",0.213912824948807,"singlet"
"TGCTCCAGTCGGCTAC-1",0.064622533453138,"singlet"
"TGCTCCATCACTACGA-1",0.231815158245796,"singlet"
"TGCTCGTAGCTATCCA-1",0.243825965301666,"singlet"
"TGCTCGTAGCTCGTGC-1",0.126692908611965,"singlet"
"TGCTCGTCACATACTG-1",0.0504520833181396,"singlet"
"TGCTCGTCAGGAATAT-1",0.103591486997798,"singlet"
"TGCTCGTGTCGCATCG-1",0.0985825625503205,"singlet"
"TGCTGAAAGTGTTGAA-1",0.230941505601563,"singlet"
"TGCTGAACAAAGTGTA-1",0.128906347173106,"singlet"
"TGCTGAACATGTGCTA-1",0.138565024949143,"singlet"
"TGCTGAAGTAGTCTTG-1",0.065663629402134,"singlet"
"TGCTGAATCCTTCTAA-1",0.163204326711565,"singlet"
"TGCTTCGAGTGCACAG-1",0.0819307446816238,"singlet"
"TGCTTCGGTCTTCAAG-1",0.137768857849171,"singlet"
"TGCTTCGGTGGCCACT-1",0.149013949241341,"singlet"
"TGCTTCGTCGGCATTA-1",0.129348106139312,"singlet"
"TGCTTGCAGGCTCTCG-1",0.0811351361699808,"singlet"
"TGCTTGCCAATCCTTT-1",0.275967754368738,"singlet"
"TGCTTGCCACATATGC-1",0.178733302664491,"singlet"
"TGCTTGCGTACGGCAA-1",0.448139788364535,"doublet"
"TGCTTGCTCGCTGTCT-1",0.527346136894477,"doublet"
"TGCTTGCTCTGAGAGG-1",0.0948383877018275,"singlet"
"TGGAACTCAAGGGCAT-1",0.227518063298783,"singlet"
"TGGAACTCATACCATG-1",0.0513618955741073,"singlet"
"TGGAACTGTACGAGTG-1",0.178395189804551,"singlet"
"TGGAACTGTAGGTACG-1",0.160656930846528,"singlet"
"TGGAACTTCGCCGAAC-1",0.0296656915903829,"singlet"
"TGGAGAGAGCACTAGG-1",0.296698851225477,"singlet"
"TGGAGAGGTCAGACTT-1",0.149545305638926,"singlet"
"TGGAGAGTCACCTCTG-1",0.091736665583717,"singlet"
"TGGAGGACACCGTGCA-1",0.172502384840244,"singlet"
"TGGAGGAGTACGACTT-1",0.0908463606221264,"singlet"
"TGGAGGATCGAGTTGT-1",0.186850654583653,"singlet"
"TGGAGGATCTAAGAAG-1",0.201669108826305,"singlet"
"TGGAGGATCTCTGCTG-1",0.290706772313597,"singlet"
"TGGATCACAGGAACCA-1",0.210638846175012,"singlet"
"TGGATCACATCTTCGC-1",0.261248069324947,"singlet"
"TGGATCAGTACCAATC-1",0.065636076609415,"singlet"
"TGGATCATCATCCTAT-1",0.255741949123389,"singlet"
"TGGATGTAGACATACA-1",0.0616503857450228,"singlet"
"TGGATGTCACTTGAGT-1",0.114145438994156,"singlet"
"TGGATGTCATCCGATA-1",0.109450458621687,"singlet"
"TGGATGTTCCAGTGCG-1",0.725744293320527,"doublet"
"TGGATGTTCTGGTGCG-1",0.0546917086975417,"singlet"
"TGGCGTGAGTAACCGG-1",0.168207361973076,"singlet"
"TGGCGTGCACTGATTG-1",0.137020664312366,"singlet"
"TGGCGTGGTAGTGGCA-1",0.072585251513326,"singlet"
"TGGCGTGGTTAGCTAC-1",0.0557208124264482,"singlet"
"TGGCGTGTCAGGACGA-1",0.0398112963753644,"singlet"
"TGGGAAGAGCATCCTA-1",0.0334554789209963,"singlet"
"TGGGAAGAGCGTTAGG-1",0.0584733942610452,"singlet"
"TGGGAAGCAAGTGACG-1",0.0841425203786657,"singlet"
"TGGGAAGCAGCGTTTA-1",0.0727164996923033,"singlet"
"TGGGAAGCATGACGTT-1",0.0914326816714784,"singlet"
"TGGGAAGGTTACGGAG-1",0.28482810519904,"singlet"
"TGGGAAGGTTGAAGTA-1",0.0969519149182661,"singlet"
"TGGGAAGGTTGGTACT-1",0.119926625520788,"singlet"
"TGGGAGAAGAGTACCG-1",0.219468658629917,"singlet"
"TGGGAGAAGCTATCCA-1",0.303582130123515,"singlet"
"TGGGAGACAGCGACCT-1",0.100596668988807,"singlet"
"TGGGAGACATGACGAG-1",0.0390888086219403,"singlet"
"TGGGAGAGTAGACGTG-1",0.0494515117747914,"singlet"
"TGGGAGAGTGCAATGG-1",0.126704894770283,"singlet"
"TGGGAGATCCCGTTCA-1",0.178714743067963,"singlet"
"TGGGATTAGGTTCCGC-1",0.220460273613236,"singlet"
"TGGGATTCAAAGCACG-1",0.0863474977703358,"singlet"
"TGGGATTCACAGAAGC-1",0.124506504540901,"singlet"
"TGGGATTGTAGTGCGA-1",0.0519136466504302,"singlet"
"TGGGATTGTATTGCCA-1",0.0601028733428315,"singlet"
"TGGGATTTCAGCGTCG-1",0.0724430905267346,"singlet"
"TGGGCGTAGATGAAGG-1",0.0562741897781002,"singlet"
"TGGGCGTAGCTTCATG-1",0.190235401056355,"singlet"
"TGGGCGTGTCAGTCTA-1",0.120845555584666,"singlet"
"TGGGCGTGTTCTATCT-1",0.204955482354863,"singlet"
"TGGGTTAAGCCTGTCG-1",0.176632074818724,"singlet"
"TGGGTTAAGTTCTCTT-1",0.161864523607691,"singlet"
"TGGGTTACATCCAACA-1",0.16125434199331,"singlet"
"TGGTACAAGGTAAGTT-1",0.345560537476497,"singlet"
"TGGTACAAGTTCATGC-1",0.328969102115287,"singlet"
"TGGTACACACACACTA-1",0.232331920193873,"singlet"
"TGGTACACACGACGAA-1",0.30997284318377,"singlet"
"TGGTACACATGCCATA-1",0.166946095163244,"singlet"
"TGGTACAGTAATTAGG-1",0.214652531639645,"singlet"
"TGGTACAGTACCGGAA-1",0.144132912076741,"singlet"
"TGGTACAGTGTAGGAC-1",0.152054568874238,"singlet"
"TGGTACATCACACGAT-1",0.268829502641782,"singlet"
"TGGTACATCCATGATG-1",0.0659978574958514,"singlet"
"TGGTACATCCGTGACG-1",0.368066119793494,"doublet"
"TGGTAGTGTCAATGGG-1",0.295429209174072,"singlet"
"TGGTAGTGTCCACGCA-1",0.0930419544865106,"singlet"
"TGGTAGTGTCGCTTGG-1",0.0606083642792712,"singlet"
"TGGTGATAGGAGGGTG-1",0.130209660361375,"singlet"
"TGGTGATAGTAACGTA-1",0.0608123156736641,"singlet"
"TGGTGATAGTGCCGAA-1",0.350899448359237,"singlet"
"TGGTTAGAGGGTCAAC-1",0.0610637563460366,"singlet"
"TGGTTAGCAATAGTAG-1",0.275195582447346,"singlet"
"TGGTTAGCACGAGGTA-1",0.0803235679945153,"singlet"
"TGGTTAGTCCCTATTA-1",0.147627297044333,"singlet"
"TGTAACGCAACCGTGC-1",0.168154314333802,"singlet"
"TGTAACGCATTACTCT-1",0.0424382533103459,"singlet"
"TGTAAGCGTCATCAGT-1",0.163606646722639,"singlet"
"TGTAAGCTCCGACAGC-1",0.192500006865085,"singlet"
"TGTACAGAGAAGAGCA-1",0.273826878463472,"singlet"
"TGTACAGCACTTGACA-1",0.0924250078948816,"singlet"
"TGTACAGCAGGAGGTT-1",0.147856608071134,"singlet"
"TGTACAGCATGATCTG-1",0.0621170674886168,"singlet"
"TGTACAGGTATGAGCG-1",0.338661401828362,"singlet"
"TGTACAGTCATAGACC-1",0.742577522442522,"doublet"
"TGTAGACAGGCTCTCG-1",0.227262899614277,"singlet"
"TGTAGACCATCAGCAT-1",0.12153473266208,"singlet"
"TGTAGACGTGGCGTAA-1",0.120380680221998,"singlet"
"TGTAGACGTTGTTGAC-1",0.265219551901138,"singlet"
"TGTAGACTCAGTGTCA-1",0.0914847067223429,"singlet"
"TGTCAGACAGCGTACC-1",0.117467225105595,"singlet"
"TGTCAGAGTAAGTTGA-1",0.367027264951879,"doublet"
"TGTCAGAGTTAGAAAC-1",0.050594903677293,"singlet"
"TGTCAGATCACTGGTA-1",0.270603323971992,"singlet"
"TGTCAGATCATGAGAA-1",0.0432704572095746,"singlet"
"TGTCAGATCTTGGATG-1",0.0976134890418205,"singlet"
"TGTCCACAGAGGTGCT-1",0.097514059263303,"singlet"
"TGTCCACAGCCAAGGT-1",0.109412989280838,"singlet"
"TGTCCACAGCGTGTCC-1",0.135490973213525,"singlet"
"TGTCCACGTGTAGCAG-1",0.039899434074862,"singlet"
"TGTCCACGTTATTCTC-1",0.248750107863572,"singlet"
"TGTCCACTCGTGCATA-1",0.164250169964745,"singlet"
"TGTCCCAAGCCTCTTC-1",0.110054860767471,"singlet"
"TGTCCCACATAAGCAA-1",0.091353995747952,"singlet"
"TGTCCCAGTAAGAACT-1",0.183411261979517,"singlet"
"TGTCCCAGTACCTAAC-1",0.179284969196262,"singlet"
"TGTCCCAGTATGGGAC-1",0.113843093812987,"singlet"
"TGTCCTGTCCGTCACT-1",0.271568762963666,"singlet"
"TGTGAGTAGACTGGGT-1",0.0855060412128474,"singlet"
"TGTGAGTCAATTGAGA-1",0.0463765856908092,"singlet"
"TGTGAGTCATGACCCG-1",0.01659486414184,"singlet"
"TGTGAGTGTCAGGTAG-1",0.17930525545504,"singlet"
"TGTGATGAGAGCAGTC-1",0.140728986350534,"singlet"
"TGTGATGAGCCTCAAT-1",0.0909581997835026,"singlet"
"TGTGATGAGTAGCCAG-1",0.241079942799268,"singlet"
"TGTGATGGTCGCATTA-1",0.421480218911557,"doublet"
"TGTGATGGTTTCACAG-1",0.117826596418652,"singlet"
"TGTGCGGTCTATGTGG-1",0.136488250162806,"singlet"
"TGTGGCGAGTCCCAGC-1",0.306825823555602,"singlet"
"TGTGGCGAGTCTGCAT-1",0.0502820957548495,"singlet"
"TGTGGCGCAACGTATC-1",0.0396105743011797,"singlet"
"TGTGTGACAACTGCCG-1",0.01551071485998,"singlet"
"TGTGTGACAATAACCC-1",0.0633272971077802,"singlet"
"TGTGTGACACTGCATA-1",0.137820637169465,"singlet"
"TGTGTGACATAAGATG-1",0.135060458604865,"singlet"
"TGTGTGAGTCCAGAAG-1",0.155354841912998,"singlet"
"TGTGTGATCGAACACT-1",0.234282822865265,"singlet"
"TGTGTGATCGAACCAT-1",0.354354710992725,"singlet"
"TGTTACTTCCATATGG-1",0.0618799968861968,"singlet"
"TGTTCATCAACTCATG-1",0.134554953272364,"singlet"
"TGTTCATGTATTTCCT-1",0.123790679348762,"singlet"
"TGTTCATTCCTGCTAC-1",0.0481485888344524,"singlet"
"TGTTCATTCTGGGTCG-1",0.192132205672521,"singlet"
"TGTTCCGAGTGGTGGT-1",0.14162309192059,"singlet"
"TGTTCTAGTCGCTCGA-1",0.162443990205575,"singlet"
"TGTTCTAGTGAATATG-1",0.0737441963300829,"singlet"
"TGTTCTAGTTGCTTGA-1",0.298255102289807,"singlet"
"TGTTGAGAGACCATAA-1",0.0837861838238859,"singlet"
"TGTTGAGAGCATTTGC-1",0.144683605410134,"singlet"
"TGTTGAGAGGGTCACA-1",0.228308615481495,"singlet"
"TGTTGAGAGTCACGAG-1",0.0418351952011514,"singlet"
"TGTTGAGGTATTTCTC-1",0.169075129947534,"singlet"
"TGTTGAGGTTCTCAGA-1",0.0761342877786202,"singlet"
"TGTTGGAAGCGAATGC-1",0.234736119775863,"singlet"
"TGTTGGAAGGTACAAT-1",0.107954050256173,"singlet"
"TGTTGGAAGTTGCTGT-1",0.150743329301999,"singlet"
"TGTTGGACAACTAGAA-1",0.0924617345190678,"singlet"
"TGTTGGAGTCCAGCCA-1",0.164996064957119,"singlet"
"TGTTGGAGTGAGTTGG-1",0.0683796798800101,"singlet"
"TGTTGGATCGCCTTGT-1",0.171710120307014,"singlet"
"TGTTTGTAGACCGTTT-1",0.0533229500382162,"singlet"
"TGTTTGTAGATTGAGT-1",0.782141112928183,"doublet"
"TGTTTGTCAGCACGAA-1",0.639767549761792,"doublet"
"TGTTTGTCATGTGGCC-1",0.0748389010980416,"singlet"
"TTAATCCAGTCACGCC-1",0.276962892206654,"singlet"
"TTAATCCCATTGAGCT-1",0.0168770595924555,"singlet"
"TTAATCCGTAGTCTGT-1",0.0627901632467041,"singlet"
"TTAATCCGTCATGACT-1",0.049420856405133,"singlet"
"TTAATCCGTCCAGTTA-1",0.182725460957655,"singlet"
"TTAATCCGTCTCGCGA-1",0.0715704402647746,"singlet"
"TTACAGGCAGCGCTTG-1",0.0534203379318524,"singlet"
"TTACAGGGTGCATACT-1",0.148982416170371,"singlet"
"TTACAGGGTGGTACAG-1",0.0754694057117769,"singlet"
"TTACAGGTCATCTATC-1",0.103022440473397,"singlet"
"TTACAGGTCTCAACCC-1",0.0687955023896311,"singlet"
"TTACCATCACAGCATT-1",0.40923905078552,"doublet"
"TTACCATCACTGCGAC-1",0.161676140249299,"singlet"
"TTACCATCAGACCAGA-1",0.456735907482841,"doublet"
"TTACCATCAGGCGATA-1",0.217117110986526,"singlet"
"TTACCATCATCCCACT-1",0.283941262726623,"singlet"
"TTACCATGTCTAATCG-1",0.0360855706407949,"singlet"
"TTACCGCAGAAGCGAA-1",0.10908290875773,"singlet"
"TTACCGCCAGTAGATA-1",0.127756643531693,"singlet"
"TTACGCCCATGAAAGT-1",0.0499156908083319,"singlet"
"TTACGCCGTTAGGGAC-1",0.146725288908439,"singlet"
"TTACGCCTCTCAAAGC-1",0.228863192800464,"singlet"
"TTACGTTTCAGTGTCA-1",0.092771311403296,"singlet"
"TTACGTTTCCATCGTC-1",0.144450742858646,"singlet"
"TTACGTTTCTAGGCAT-1",0.171228459297171,"singlet"
"TTACTGTCAACCGCTG-1",0.123148969195077,"singlet"
"TTACTGTGTGTGTTTG-1",0.0991384244687419,"singlet"
"TTAGGCACAATAGTCC-1",0.238249933947237,"singlet"
"TTAGGCAGTTCGTACA-1",0.15792872876411,"singlet"
"TTAGGCATCGAGTACT-1",0.126337462942926,"singlet"
"TTAGGGTAGATTAGAC-1",0.0510720346112792,"singlet"
"TTAGGGTAGCGGGTTA-1",0.107010822909738,"singlet"
"TTAGGGTAGTGAGGTC-1",0.128512828607699,"singlet"
"TTAGGGTTCAAGCCGC-1",0.126275056691797,"singlet"
"TTAGTCTAGAGTCCGA-1",0.253530322858191,"singlet"
"TTAGTCTAGCATCGAG-1",0.067837813873027,"singlet"
"TTAGTCTAGCGAGTCA-1",0.126429691992375,"singlet"
"TTAGTCTAGGCATCGA-1",0.171978921280608,"singlet"
"TTAGTCTCAGGGCTTC-1",0.220902493082013,"singlet"
"TTAGTCTGTAAGAACT-1",0.216701795321811,"singlet"
"TTATTGCAGCAATTAG-1",0.144649672870227,"singlet"
"TTATTGCCAAGCCTGC-1",0.216672087691201,"singlet"
"TTATTGCGTGAGACCA-1",0.0935069919173307,"singlet"
"TTCAATCAGACTTCCA-1",0.0537472016325733,"singlet"
"TTCAATCCAAGTGACG-1",0.0846924416607432,"singlet"
"TTCAATCGTCATAAAG-1",0.153296744744342,"singlet"
"TTCAATCTCTCCGATC-1",0.350008572789112,"singlet"
"TTCACCGAGTTACGTC-1",0.0628797750572095,"singlet"
"TTCACCGTCGTTCGCT-1",0.00458772696428467,"singlet"
"TTCACGCGTACGAAAT-1",0.185774075569304,"singlet"
"TTCACGCGTGGCATCC-1",0.112905385169697,"singlet"
"TTCAGGACAGCTGAAG-1",0.583469926961957,"doublet"
"TTCAGGATCACACCCT-1",0.156236097997811,"singlet"
"TTCAGGATCAGTCAGT-1",0.238233013178286,"singlet"
"TTCAGGATCCTGGGTG-1",0.174081583114527,"singlet"
"TTCATGTAGCACTCCG-1",0.0825055660724262,"singlet"
"TTCATGTCACTCCTGT-1",0.112275533605056,"singlet"
"TTCATGTGTCGATTCA-1",0.0643550277108097,"singlet"
"TTCATGTTCAAGATAG-1",0.102887857759189,"singlet"
"TTCATTGAGCAAGGAA-1",0.114782297732844,"singlet"
"TTCATTGGTAACATCC-1",0.102321776829971,"singlet"
"TTCATTGGTTTGGCTA-1",0.202323419798057,"singlet"
"TTCCAATAGACTTAAG-1",0.105942468122465,"singlet"
"TTCCACGAGCCTCAGC-1",0.201304876068753,"singlet"
"TTCCACGCACTGCGAC-1",0.280286620800459,"singlet"
"TTCCACGCATTGTAGC-1",0.0530938031812263,"singlet"
"TTCCACGTCCAATGCA-1",0.484385944502918,"doublet"
"TTCCACGTCCGGACTG-1",0.102380969814121,"singlet"
"TTCCACGTCGGATACT-1",0.214458412179088,"singlet"
"TTCCGGTCAGATCACT-1",0.334005051661057,"singlet"
"TTCCGGTCATGACTTG-1",0.307771568991761,"singlet"
"TTCCGGTTCCCGATCT-1",0.0715479216863384,"singlet"
"TTCCGGTTCGAACACT-1",0.0662421927916753,"singlet"
"TTCCGTGGTTCCGTTC-1",0.133543247590635,"singlet"
"TTCCGTGGTTGTAGCT-1",0.103362672599294,"singlet"
"TTCCGTGTCATCTGTT-1",0.246341419825486,"singlet"
"TTCCTAAAGCTAGATA-1",0.264774894742756,"singlet"
"TTCCTAAGTTTCTATC-1",0.103868073755321,"singlet"
"TTCCTCTAGTATCTGC-1",0.0261654449485866,"singlet"
"TTCCTCTAGTCCCAAT-1",0.185161206906579,"singlet"
"TTCCTCTCACTACACA-1",0.379627526731755,"doublet"
"TTCCTCTCATCAGCGC-1",0.206620702933202,"singlet"
"TTCCTCTCATCCTATT-1",0.124668420481657,"singlet"
"TTCCTCTGTACGGCAA-1",0.111478996244927,"singlet"
"TTCCTCTTCCATTGGA-1",0.0754470687136247,"singlet"
"TTCCTTCAGTGCAGCA-1",0.237522649475297,"singlet"
"TTCCTTCCAACGGTAG-1",0.0116355717417322,"singlet"
"TTCCTTCCACTTCATT-1",0.210364862662222,"singlet"
"TTCCTTCGTATGACAA-1",0.272176430345469,"singlet"
"TTCCTTCGTCGGTGAA-1",0.0606989058359812,"singlet"
"TTCCTTCGTTGTGGAG-1",0.0761207672971787,"singlet"
"TTCGATTAGAAAGCGA-1",0.0673843573311419,"singlet"
"TTCGATTGTGCTTATG-1",0.112816773870762,"singlet"
"TTCGATTGTGGATCAG-1",0.122426648439823,"singlet"
"TTCGATTTCCTCACGT-1",0.253162966241354,"singlet"
"TTCGATTTCTATACTC-1",0.182670494548441,"singlet"
"TTCGATTTCTTGGCTC-1",0.233867417384544,"singlet"
"TTCGCTGAGAAGAGCA-1",0.107241407406851,"singlet"
"TTCGCTGCACGGTCTG-1",0.261378190348492,"singlet"
"TTCGCTGCATGTGGTT-1",0.0733346507120745,"singlet"
"TTCGGTCAGCTGGAGT-1",0.0901644203701775,"singlet"
"TTCGGTCCATATTCGG-1",0.25272704982596,"singlet"
"TTCGGTCGTACAAGTA-1",0.113901753514374,"singlet"
"TTCGGTCGTACTAAGA-1",0.426070639112651,"doublet"
"TTCTAACAGATGGCAC-1",0.18231203338303,"singlet"
"TTCTAACAGGATATGT-1",0.305021741190168,"singlet"
"TTCTAACAGGGCATGT-1",0.249669842749051,"singlet"
"TTCTAACAGGTTCTTG-1",0.068345418364689,"singlet"
"TTCTAACAGTCGAAAT-1",0.189287281924512,"singlet"
"TTCTAACCATACCGTA-1",0.113540992144991,"singlet"
"TTCTAACGTCCTACAA-1",0.0982681181980374,"singlet"
"TTCTAACGTTCTTCAT-1",0.0260532460607583,"singlet"
"TTCTAACTCGAACGCC-1",0.159055330419526,"singlet"
"TTCTAACTCTTTCCAA-1",0.188110782907523,"singlet"
"TTCTAGTAGCAGGCTA-1",0.0317620665657434,"singlet"
"TTCTAGTAGTAAATGC-1",0.0867049437214622,"singlet"
"TTCTAGTCAGCCTATA-1",0.0293615004939414,"singlet"
"TTCTAGTTCATTGCTT-1",0.188649073802559,"singlet"
"TTCTAGTTCCAACACA-1",0.0653977910503423,"singlet"
"TTCTCTCAGGAAAGGT-1",0.0765401306657018,"singlet"
"TTCTCTCAGGATGAGA-1",0.0306366676845122,"singlet"
"TTCTCTCAGGATTTAG-1",0.0418100139031615,"singlet"
"TTCTCTCAGGCTATCT-1",0.235107177614589,"singlet"
"TTCTCTCAGTGGTGGT-1",0.0933339096402148,"singlet"
"TTCTCTCCAGCACCCA-1",0.279639717406355,"singlet"
"TTCTCTCGTATGGGAC-1",0.153178477224903,"singlet"
"TTCTCTCGTGATTAGA-1",0.0291552221666896,"singlet"
"TTCTCTCGTTGGGTAG-1",0.250578790484638,"singlet"
"TTCTCTCTCATGGGAG-1",0.105264235829924,"singlet"
"TTCTCTCTCCCGTTGT-1",0.178553110304796,"singlet"
"TTCTCTCTCGACGCTG-1",0.107220161806563,"singlet"
"TTCTCTCTCTACACAG-1",0.158146736519582,"singlet"
"TTCTCTCTCTACAGGT-1",0.0895934341661338,"singlet"
"TTCTGTAAGACATATG-1",0.203487353878715,"singlet"
"TTCTGTAAGAGGCGGA-1",0.0132102911038843,"singlet"
"TTCTGTAAGGACTAAT-1",0.176701283346024,"singlet"
"TTCTGTACAAACGAGC-1",0.166664021612064,"singlet"
"TTCTGTACACAATTCG-1",0.0816981312710416,"singlet"
"TTCTGTACACCAAAGG-1",0.455666148266598,"doublet"
"TTCTGTACATACTTTC-1",0.172246059545224,"singlet"
"TTCTGTAGTCGTACAT-1",0.200564637740508,"singlet"
"TTCTGTATCTACACTT-1",0.246487597154453,"singlet"
"TTCTTCCAGGGACAGG-1",0.113049461628934,"singlet"
"TTCTTCCTCACTGGGC-1",0.283481412634365,"singlet"
"TTCTTGAAGAGTAACT-1",0.108293583866129,"singlet"
"TTCTTGAAGCAATAAC-1",0.177617730401865,"singlet"
"TTCTTGACAAGACGGT-1",0.0932159932404831,"singlet"
"TTCTTGACAGCTGTAT-1",0.116544909928634,"singlet"
"TTCTTGACATATCTGG-1",0.190747971224727,"singlet"
"TTCTTGACATGCGGTC-1",0.211411603141464,"singlet"
"TTCTTGAGTACAGTCT-1",0.108558564758983,"singlet"
"TTGAACGAGATACGAT-1",0.120875742273956,"singlet"
"TTGAACGAGATGGTCG-1",0.256517768397263,"singlet"
"TTGAACGTCGACCACG-1",0.0801184058340646,"singlet"
"TTGAACGTCTTCCGTG-1",0.0814297791971667,"singlet"
"TTGACCCTCAGGAAGC-1",0.135592227716796,"singlet"
"TTGACCCTCATCGGGC-1",0.0836410771626929,"singlet"
"TTGAGTGCAATCTCGA-1",0.0757294937628909,"singlet"
"TTGAGTGGTCTACTGA-1",0.1183124857118,"singlet"
"TTGAGTGTCAACCTCC-1",0.134365211218895,"singlet"
"TTGATGGAGTTCCTGA-1",0.0462773216631459,"singlet"
"TTGATGGGTAGTCCTA-1",0.0314741157280011,"singlet"
"TTGATGGGTTGAGGAC-1",0.021245169193832,"singlet"
"TTGATGGTCGCTTAAG-1",0.128530723399065,"singlet"
"TTGCATTAGAGTGTGC-1",0.302170164171432,"singlet"
"TTGCATTAGCAGCCTC-1",0.304880292484846,"singlet"
"TTGCATTAGTACGAGC-1",0.040333301448677,"singlet"
"TTGCATTCAGGTTTAC-1",0.0140625073855372,"singlet"
"TTGCATTGTAGCGAGT-1",0.236812414539991,"singlet"
"TTGCATTGTGAGACCA-1",0.0825218987312921,"singlet"
"TTGCCTGAGCCGGATA-1",0.093044650097127,"singlet"
"TTGCCTGAGCGGGTTA-1",0.25933135349369,"singlet"
"TTGCCTGGTCAATGGG-1",0.175107649137262,"singlet"
"TTGCCTGTCATTCCTA-1",0.174815455233949,"singlet"
"TTGCCTGTCGAGTGGA-1",0.119371219050162,"singlet"
"TTGCGTCAGGCTTCCG-1",0.273023353375302,"singlet"
"TTGCTGCAGAACCCGA-1",0.2897207638471,"singlet"
"TTGCTGCAGTAGGGTC-1",0.107176805490028,"singlet"
"TTGCTGCGTAAGCAAT-1",0.442344742762872,"doublet"
"TTGCTGCGTTGTGCCG-1",0.683661202662834,"doublet"
"TTGCTGCTCCGACATA-1",0.140253961675427,"singlet"
"TTGGATGCACATAGCT-1",0.163185054788303,"singlet"
"TTGGATGCAGGACGAT-1",0.278314251223415,"singlet"
"TTGGATGCATCAGTCA-1",0.0851170163035261,"singlet"
"TTGGGATAGTGATTCC-1",0.177835658671838,"singlet"
"TTGGGATCACAAAGCG-1",0.0642548716332539,"singlet"
"TTGGGATTCATTCGGA-1",0.167753999218013,"singlet"
"TTGGGCGAGAGCAGCT-1",0.0624539369411676,"singlet"
"TTGGGCGCACCGTGGT-1",0.238328252799157,"singlet"
"TTGGGCGCAGTCGGAA-1",0.128234382068503,"singlet"
"TTGGGCGGTAACCCTA-1",0.0647350285797806,"singlet"
"TTGGGCGGTGTAAATG-1",0.279521428675697,"singlet"
"TTGGGCGTCGGTGCAC-1",0.0915010207743608,"singlet"
"TTGGGTACAGTTGCGC-1",0.0521862087215568,"singlet"
"TTGGGTATCTGTCGTC-1",0.058447517123917,"singlet"
"TTGGTTTCACCCATAA-1",0.135362050836651,"singlet"
"TTGGTTTCAGCCCACA-1",0.00996964371136167,"singlet"
"TTGGTTTGTGGTCTTA-1",0.10785780235639,"singlet"
"TTGTGGAAGATAGGGA-1",0.0679459810597642,"singlet"
"TTGTGGAGTACCCGCA-1",0.0708561744293881,"singlet"
"TTGTGGAGTCCCTGTT-1",0.157682838255682,"singlet"
"TTGTGGAGTGAATATG-1",0.285006872545698,"singlet"
"TTGTGTTAGTATGAGT-1",0.051073568162611,"singlet"
"TTGTGTTGTACAGTCT-1",0.174510883639901,"singlet"
"TTGTGTTGTGGGTTGA-1",0.0563618255190362,"singlet"
"TTGTGTTGTTTAGTCG-1",0.0632105215185347,"singlet"
"TTGTTCAAGCTGCCTG-1",0.138787654689268,"singlet"
"TTGTTCACATTACTCT-1",0.20127653153064,"singlet"
"TTGTTCAGTAATGCTC-1",0.279054244252492,"singlet"
"TTGTTCATCAAGCCAT-1",0.172983826997505,"singlet"
"TTGTTCATCTGTGCAA-1",0.0693742222838799,"singlet"
"TTGTTGTCACGCGCTA-1",0.206969003820663,"singlet"
"TTGTTGTGTAATGCGG-1",0.335767209487692,"singlet"
"TTGTTGTGTACCTTCC-1",0.152283050714497,"singlet"
"TTGTTGTTCGAAACAA-1",0.24764171786769,"singlet"
"TTGTTTGAGGTCACCC-1",0.200373719879203,"singlet"
"TTGTTTGAGTCAATCC-1",0.0829264214544391,"singlet"
"TTGTTTGTCGACCCAG-1",0.143373693877984,"singlet"
"TTTACCAAGGTCACAG-1",0.207424407535916,"singlet"
"TTTACCACACAAGGTG-1",0.706953380052398,"doublet"
"TTTACCAGTATGGTTC-1",0.116555724269957,"singlet"
"TTTACCAGTGCCGGTT-1",0.234893433817834,"singlet"
"TTTACCAGTGCCTGCA-1",0.191467724345367,"singlet"
"TTTACGTCACATATGC-1",0.0250290299176768,"singlet"
"TTTACGTGTGCCTAAT-1",0.19763693088373,"singlet"
"TTTACGTTCATCGACA-1",0.310242520917073,"singlet"
"TTTACTGAGCATGGGT-1",0.139009936504985,"singlet"
"TTTACTGAGGTTAGTA-1",0.0592850942630419,"singlet"
"TTTACTGAGTGTGTTC-1",0.204840201010346,"singlet"
"TTTACTGGTGATACCT-1",0.100591950096757,"singlet"
"TTTACTGGTTCAGGTT-1",0.393615243726105,"doublet"
"TTTACTGTCCCATTCG-1",0.116519170462856,"singlet"
"TTTAGTCAGAGGGCGA-1",0.116887532394521,"singlet"
"TTTAGTCTCCAATCCC-1",0.353795837338234,"singlet"
"TTTAGTCTCGGTGCAC-1",0.252923768531659,"singlet"
"TTTATGCAGATGCTTC-1",0.0201064813271534,"singlet"
"TTTATGCCATCTATCT-1",0.369715897388498,"doublet"
"TTTCACAAGACTTGTC-1",0.0236726102615568,"singlet"
"TTTCACAAGGGAGGAC-1",0.0874394335869532,"singlet"
"TTTCACACAACACTAC-1",0.392258439214544,"doublet"
"TTTCACAGTCTCGGAC-1",0.247112510578703,"singlet"
"TTTCAGTAGAGAGTGA-1",0.1876476809933,"singlet"
"TTTCAGTAGCCTTGAT-1",0.106437192068364,"singlet"
"TTTCAGTTCGACGCGT-1",0.323223503162711,"singlet"
"TTTCAGTTCTCTGAGA-1",0.162394476940493,"singlet"
"TTTCATGAGCGATGGT-1",0.190391463555107,"singlet"
"TTTCATGCAATGCAGG-1",0.188572208407493,"singlet"
"TTTCCTCCAATACAGA-1",0.0537231285519988,"singlet"
"TTTCCTCTCGGTCTAA-1",0.0927417082689698,"singlet"
"TTTCGATAGAGGCGTT-1",0.0690663735389861,"singlet"
"TTTCGATAGGGATCGT-1",0.149257897254715,"singlet"
"TTTCGATAGTCAGCCC-1",0.250612602859787,"singlet"
"TTTCGATAGTTGAAAC-1",0.11129115201373,"singlet"
"TTTCGATCACAGCTGC-1",0.17955386449078,"singlet"
"TTTCGATCACGTCTCT-1",0.258513230696262,"singlet"
"TTTGACTCAAGCCCAC-1",0.170071376199868,"singlet"
"TTTGACTCAGCATGCC-1",0.273765983802846,"singlet"
"TTTGACTGTATCAGGG-1",0.0344681249477762,"singlet"
"TTTGACTGTCCCTGTT-1",0.188077996065718,"singlet"
"TTTGACTGTCCTTGTC-1",0.158356871514573,"singlet"
"TTTGACTGTGCAACGA-1",0.279288619616806,"singlet"
"TTTGACTGTGTCCATA-1",0.140429857761012,"singlet"
"TTTGATCAGTGACCTT-1",0.198217909884289,"singlet"
"TTTGATCCAAGGAGTC-1",0.456209440784647,"doublet"
"TTTGATCCATTGCCTC-1",0.160447098796691,"singlet"
"TTTGATCGTTAAGCAA-1",0.234178260309072,"singlet"
"TTTGATCGTTACGCCG-1",0.112315211542199,"singlet"
"TTTGGAGAGGTAGCCA-1",0.292074463314465,"singlet"
"TTTGGAGGTATCGATC-1",0.142633775778545,"singlet"
"TTTGGTTCAATTTCCT-1",0.281380923290911,"singlet"
"TTTGGTTGTTGGAGAC-1",0.190281034788067,"singlet"
"TTTGTTGCAGGATGAC-1",0.192762832411943,"singlet"
