"barcode","doublet_score","doublet_class"
"CID44971_AAGCCGCCACGCATCG",0.395927443893609,"doublet"
"CID44971_AAGGAGCTCAACACAC",0.791967269895754,"doublet"
"CID44971_ACGAGCCTCCGATATG",0.270775126402467,"singlet"
"CID44971_ACGTCAATCCGAAGAG",0.22330043548502,"singlet"
"CID44971_AGAGTGGCACACGCTG",0.104392066650633,"singlet"
"CID44971_AGCCTAAAGTGTCTCA",0.247390767333965,"singlet"
"CID44971_AGGGAGTTCAGTTCGA",0.138380411789727,"singlet"
"CID44971_ATAGACCAGCCAACAG",0.0583333356668463,"singlet"
"CID44971_ATCTACTCACCGCTAG",0.290420182733449,"singlet"
"CID44971_ATCTGCCGTGCTGTAT",0.278492396382541,"singlet"
"CID44971_ATGAGGGTCGTTGACA",0.152697915550565,"singlet"
"CID44971_ATTATCCTCAGAGCTT",0.240252362198903,"singlet"
"CID44971_CAACCAATCTTGAGGT",0.132609140386307,"singlet"
"CID44971_CAAGAAACATGCAACT",0.164916831504927,"singlet"
"CID44971_CAAGTTGAGGTGCACA",0.116007229469703,"singlet"
"CID44971_CACACAACATGGTCTA",0.239425707018745,"singlet"
"CID44971_CAGATCATCGGCTACG",0.195089861750086,"singlet"
"CID44971_CAGTCCTTCAAACGGG",0.242547498946546,"singlet"
"CID44971_CATCGGGGTTAGGGTG",0.358164587302098,"doublet"
"CID44971_CATGACACACATGACT",0.254983916226917,"singlet"
"CID44971_CATGGCGGTGACGCCT",0.212145723318248,"singlet"
"CID44971_CATTCGCCACATGGGA",0.353821738371348,"doublet"
"CID44971_CCACTACTCTAAGCCA",0.219132310073615,"singlet"
"CID44971_CCTACCAGTCACTTCC",0.0855156718576807,"singlet"
"CID44971_CGAGCACGTTACGACT",0.645790446419611,"doublet"
"CID44971_CGATGTAGTGGTTTCA",0.137761935538956,"singlet"
"CID44971_CGGAGCTGTAGGCTGA",0.144816785583687,"singlet"
"CID44971_CGTGTCTGTCTGGTCG",0.162046962807228,"singlet"
"CID44971_CTAAGACAGACCTTTG",0.316435181989977,"singlet"
"CID44971_CTAGTGACAGGCGATA",0.354420675769359,"doublet"
"CID44971_CTGCGGAAGCGTCTAT",0.181714465957348,"singlet"
"CID44971_CTTACCGAGCGATATA",0.196642624459947,"singlet"
"CID44971_CTTACCGGTCCGACGT",0.53240305456047,"doublet"
"CID44971_CTTCTCTTCAACTCTT",0.110908728356633,"singlet"
"CID44971_GACCAATAGCTAGTGG",0.168347260799339,"singlet"
"CID44971_GACTACAAGCTAGGCA",0.148395556643701,"singlet"
"CID44971_GACTGCGGTAGCACGA",0.697807344496714,"doublet"
"CID44971_GAGCAGAAGGAGTTTA",0.222025176052698,"singlet"
"CID44971_GCATACATCCTTCAAT",0.1057865976667,"singlet"
"CID44971_GGACAGAAGAAAGTGG",0.588345554285828,"doublet"
"CID44971_GGAGCAAAGGGATCTG",0.243259870183249,"singlet"
"CID44971_GGAGCAACAGGTCTCG",0.172368509573869,"singlet"
"CID44971_GGGACCTAGTGTGAAT",0.189549529685466,"singlet"
"CID44971_GGGACCTCACATTCGA",0.0791649012033473,"singlet"
"CID44971_GGGCACTCACGAGGTA",0.263017765916191,"singlet"
"CID44971_GGGTCTGAGAAACGAG",0.31172428823685,"singlet"
"CID44971_GTATCTTTCAGTTGAC",0.154454088760589,"singlet"
"CID44971_GTATTCTGTCACACGC",0.264254196739104,"singlet"
"CID44971_GTATTCTTCCGCGGTA",0.205391612551569,"singlet"
"CID44971_GTCGGGTAGTGAACAT",0.0678776357055808,"singlet"
"CID44971_GTCGTAAAGATGTAAC",0.205394199121839,"singlet"
"CID44971_GTGCAGCGTGAGTATA",0.471718748367976,"doublet"
"CID44971_GTGGGTCGTCATCGGC",0.191045058100584,"singlet"
"CID44971_TAAGTGCCAAGTTAAG",0.159105230146653,"singlet"
"CID44971_TACTCGCCACGTAAGG",0.0513193565979491,"singlet"
"CID44971_TAGAGCTAGTATCGAA",0.321724954707266,"singlet"
"CID44971_TAGAGCTCACCGGAAA",0.171820184475932,"singlet"
"CID44971_TATCTCACATCTGGTA",0.128369833590423,"singlet"
"CID44971_TATGCCCGTATCGCAT",0.122340187218945,"singlet"
"CID44971_TCACAAGTCTCAAGTG",0.16203018304835,"singlet"
"CID44971_TCAGCAAAGGCATGGT",0.225177868664315,"singlet"
"CID44971_TCAGGTAGTCTAAAGA",0.0718436790076913,"singlet"
"CID44971_TCGAGGCCATACTCTT",0.401541106088892,"doublet"
"CID44971_TCGTAGAGTGTGGCTC",0.31274142059974,"singlet"
"CID44971_TCTATTGGTTTGTTGG",0.150597778595941,"singlet"
"CID44971_TGCCCATAGTATGACA",0.140695761649205,"singlet"
"CID44971_TGCCCATGTAGCTTGT",0.0830529413221074,"singlet"
"CID44971_TGCCCTATCCGCAGTG",0.146071383210258,"singlet"
"CID44971_TGCGCAGAGATTACCC",0.559423102604409,"doublet"
"CID44971_TGCGGGTGTAGCTCCG",0.134958990426001,"singlet"
"CID44971_TGGCTGGAGGAGTTTA",0.289579456228172,"singlet"
"CID44971_TGTGTTTGTAGGACAC",0.204234675152859,"singlet"
"CID44971_TTAGGCACAAGTCATC",0.225963017250484,"singlet"
"CID44971_TTCTCAATCGGCGGTT",0.0817700251859279,"singlet"
"CID44971_TTGACTTCATGGTTGT",0.31302539633565,"singlet"
"CID44971_TTTACTGTCTTTCCTC",0.111703410306924,"singlet"
"CID44971_TTTCCTCAGATCGATA",0.157825423006991,"singlet"
"CID44971_CCAATCCCAGGCTGAA",0.140116669769526,"singlet"
"CID44971_CGGCTAGCAATGGATA",0.095288371841066,"singlet"
"CID44971_CTGTGCTCATCCTAGA",0.0851152144907611,"singlet"
"CID44971_GCATGCGTCGTTGACA",0.0986003824704567,"singlet"
"CID44971_GGCGACTGTAGGGTAC",0.471400181606612,"doublet"
"CID44971_GTGCAGCTCCCAGGTG",0.453948835854949,"doublet"
"CID44971_TCACGAAGTGACGGTA",0.159700658861998,"singlet"
"CID44971_TGTATTCAGTGGGCTA",0.0567200979760663,"singlet"
"CID44971_CACACTCAGATGTGGC",0.0904051465408766,"singlet"
"CID44971_GGTGAAGGTATTCGTG",0.127908354053995,"singlet"
"CID44971_TGCCCTATCTCGCATC",0.14121685077683,"singlet"
"CID44971_AAGCCGCAGTACGACG",0.104629281311759,"singlet"
"CID44971_CACCTTGGTATCAGTC",0.08636722828034,"singlet"
"CID44971_CTACCCAGTACCAGTT",0.0878537892410788,"singlet"
"CID44971_TGTATTCGTACCGGCT",0.358762692239265,"doublet"
"CID44971_TGTGTTTCAAACAACA",0.135504930687008,"singlet"
"CID44971_AAGACCTTCGTAGGAG",0.126150986130669,"singlet"
"CID44971_ACTGATGGTTAAAGTG",0.129078075015924,"singlet"
"CID44971_CGTCCATAGTAGCCGA",0.172115476244404,"singlet"
"CID44971_TTATGCTAGTCATGCT",0.0861667651793158,"singlet"
"CID44971_ACCCACTAGAGTACAT",0.198101601167939,"singlet"
"CID44971_ACGGGCTAGTCTCGGC",0.0858466643147518,"singlet"
"CID44971_CGTTGGGTCCCATTAT",0.0416666668321903,"singlet"
"CID44971_CTGAAGTCAGGCGATA",0.0664413055799567,"singlet"
"CID44971_GCGGGTTGTAGCGTCC",0.113368215111793,"singlet"
"CID44971_AATCCAGAGAATTGTG",0.0642307829319,"singlet"
"CID44971_ACGGGCTAGGCTATCT",0.132058645055503,"singlet"
"CID44971_ACGGGCTAGTGGTAAT",0.110287027926804,"singlet"
"CID44971_AGTGAGGAGTCCAGGA",0.275387993897892,"singlet"
"CID44971_ATCTGCCGTACCGTAT",0.197916717796725,"singlet"
"CID44971_ATGGGAGCACAAGCCC",0.182424845093615,"singlet"
"CID44971_ATTGGTGTCTCGTATT",0.130918326709647,"singlet"
"CID44971_CAAGAAAAGCACCGCT",0.207675879801371,"singlet"
"CID44971_CATATGGCATGCCTAA",0.167636702463759,"singlet"
"CID44971_CATATGGGTAGATTAG",0.0508911021979043,"singlet"
"CID44971_CCACCTACATCCCATC",0.185200901907028,"singlet"
"CID44971_CGATTGAGTCATATGC",0.119750793585413,"singlet"
"CID44971_CTACACCTCACATACG",0.0594079412244461,"singlet"
"CID44971_CTCGGAGTCCGTTGCT",0.215306805478209,"singlet"
"CID44971_CTCGGGAAGGCATTGG",0.139427798598135,"singlet"
"CID44971_CTCTAATAGAATTGTG",0.0833505221177529,"singlet"
"CID44971_CTCTAATCAGCGTTCG",0.150796814389355,"singlet"
"CID44971_CTCTACGCACCGAAAG",0.116291800680137,"singlet"
"CID44971_GACACGCAGGGCTCTC",0.0482423977683846,"singlet"
"CID44971_GATCAGTGTGTAACGG",0.068747841299126,"singlet"
"CID44971_GATGAGGTCAGTGCAT",0.395328924953617,"doublet"
"CID44971_GCGCCAAAGGAATGGA",0.200772740818853,"singlet"
"CID44971_GGACAAGCATGGTTGT",0.173900583417424,"singlet"
"CID44971_GGGAATGCAGCTTAAC",0.125378089297955,"singlet"
"CID44971_GGTGCGTAGCGCTTAT",0.0495521371424433,"singlet"
"CID44971_GGTGCGTCAAACTGTC",0.0930545689109656,"singlet"
"CID44971_GTGGGTCCATGCCTAA",0.103630131920016,"singlet"
"CID44971_TACTTGTAGACCACGA",0.124407323779956,"singlet"
"CID44971_TAGTGGTAGCTCCCAG",0.0615556283874164,"singlet"
"CID44971_TCGGGACGTACATGTC",0.248447082777486,"singlet"
"CID44971_TCTCTAACAGATCCAT",0.136153639837364,"singlet"
"CID44971_TGACTAGGTGCGCTTG",0.0857377311168441,"singlet"
"CID44971_TGCACCTAGAAGGACA",0.268246768764539,"singlet"
"CID44971_TGCCAAACAAGTAGTA",0.156467088842602,"singlet"
"CID44971_TGCGCAGCAACACCTA",0.0664024250265041,"singlet"
"CID44971_TTTCCTCGTGCTTCTC",0.205702877162789,"singlet"
"CID44971_AACACGTGTGATGCCC",0.647898844234777,"doublet"
"CID44971_AACCATGAGGTTACCT",0.408651507489301,"doublet"
"CID44971_CAAGAAAAGCTAGGCA",0.107953093469066,"singlet"
"CID44971_CACATTTGTCTGATCA",0.213241490609231,"singlet"
"CID44971_CCTACCATCAAACAAG",0.111624600888438,"singlet"
"CID44971_CGCGTTTCATGACGGA",0.127227726912067,"singlet"
"CID44971_CTGCTGTGTTGTGGCC",0.156640035482144,"singlet"
"CID44971_GAGTCCGTCTACCTGC",0.182519899406424,"singlet"
"CID44971_GCACATATCCGCGCAA",0.167819331643262,"singlet"
"CID44971_GCTTCCATCTTGTTTG",0.0704959835334955,"singlet"
"CID44971_TCAATCTCAGGGCATA",0.184371462748327,"singlet"
"CID44971_TCGCGTTGTGGTACAG",0.226425894787834,"singlet"
"CID44971_TTCCCAGAGGAACTGC",0.0567643344322959,"singlet"
"CID44971_TTGTAGGTCATCATTC",0.141473594435915,"singlet"
"CID44971_CACAAACAGAATCTCC",0.175042239194848,"singlet"
"CID44971_GTCGGGTGTTCTGAAC",0.338500052485056,"doublet"
"CID44971_GTTCTCGAGAAGATTC",0.0801195930108991,"singlet"
"CID44971_TACTTGTTCAAACGGG",0.311986480781538,"singlet"
"CID44971_ACCGTAAAGCCCAGCT",0.194810081845752,"singlet"
"CID44971_ACCGTAAGTTACGGAG",0.0653570772073884,"singlet"
"CID44971_ACTGCTCGTGTTTGGT",0.0942693668686347,"singlet"
"CID44971_ACTTACTTCAGAGCTT",0.108751401890232,"singlet"
"CID44971_ACTTTCAGTGATGCCC",0.188900632819002,"singlet"
"CID44971_AGGTCATTCGTACCGG",0.0429862058885502,"singlet"
"CID44971_CACAGTATCCGTCATC",0.22823340966428,"singlet"
"CID44971_CACTCCAGTCTGGAGA",0.192278731311612,"singlet"
"CID44971_CATCGGGAGGGCTCTC",0.0616279316169762,"singlet"
"CID44971_CATGACAAGAAACCAT",0.179696055075039,"singlet"
"CID44971_CCAGCGAAGTTTCCTT",0.647877277710122,"doublet"
"CID44971_CCTACCAGTCTAGTCA",0.133530701767484,"singlet"
"CID44971_CCTTCCCGTTAAAGAC",0.104714993455545,"singlet"
"CID44971_CTCGTCAAGGTGCACA",0.125893413743037,"singlet"
"CID44971_GAACCTATCCCTCTTT",0.152753313491957,"singlet"
"CID44971_GAATAAGCACTTCGAA",0.173501769114659,"singlet"
"CID44971_GATCGATAGGCAAAGA",0.291158493101538,"singlet"
"CID44971_GCGACCAGTTGCCTCT",0.179913952910621,"singlet"
"CID44971_GCGCAACTCCAAGCCG",0.182343613437497,"singlet"
"CID44971_GGACAGACACTTAAGC",0.0502039007585108,"singlet"
"CID44971_GGCGACTTCGTTACAG",0.727042721132309,"doublet"
"CID44971_TGCCCTACACCGTTGG",0.0688809727262463,"singlet"
"CID44971_TTGGCAAAGTACACCT",0.107595488954696,"singlet"
"CID44971_TTTATGCTCGCAAACT",0.145909025977069,"singlet"
"CID44971_AAACGGGTCCCAACGG",0.0834811272642804,"singlet"
"CID44971_AACTGGTCACGCCAGT",0.108726531514789,"singlet"
"CID44971_AAGCCGCAGGGTTTCT",0.0250059585607631,"singlet"
"CID44971_AAGGTTCCAATGAAAC",0.128525461123963,"singlet"
"CID44971_AAGTCTGAGCCAGAAC",0.100291134011894,"singlet"
"CID44971_ACACCAATCAGCTCGG",0.0334035434127675,"singlet"
"CID44971_ACATCAGCACTATCTT",0.0262498394341214,"singlet"
"CID44971_ACCGTAAAGACTTTCG",0.059070844514026,"singlet"
"CID44971_ACCTTTACAAAGCAAT",0.0585772528878375,"singlet"
"CID44971_ACGAGGAAGTCGTTTG",0.00833333333333343,"singlet"
"CID44971_ACGATACAGAACTGTA",0.102372082349922,"singlet"
"CID44971_ACGCCGAAGTGGGTTG",0.0416666686757475,"singlet"
"CID44971_ACTGAGTAGCAATATG",0.0417960383415775,"singlet"
"CID44971_ACTGATGAGTCAAGCG",0.0693118673118822,"singlet"
"CID44971_ACTGTCCCATCTGGTA",0.0834544696701128,"singlet"
"CID44971_ACTTACTAGCAAATCA",0.0834174243252161,"singlet"
"CID44971_ACTTACTTCAACCATG",0.0534839269084336,"singlet"
"CID44971_AGAGCGAGTTACGACT",0.0774145095898273,"singlet"
"CID44971_AGAGCTTTCGGTTAAC",0.0166667082568356,"singlet"
"CID44971_AGATCTGTCCCTAACC",6.13067024313292e-06,"singlet"
"CID44971_AGCGTATAGCTTATCG",0.0177647023833967,"singlet"
"CID44971_AGTCTTTCAGCCTATA",0.0422604699641097,"singlet"
"CID44971_AGTGAGGAGAGGGCTT",0.0667156332358175,"singlet"
"CID44971_AGTGAGGGTCTCCCTA",0.00723163999357438,"singlet"
"CID44971_AGTGTCAAGGATGGTC",0.0333333625726799,"singlet"
"CID44971_AGTGTCAGTAGGGACT",0.0837104874494461,"singlet"
"CID44971_ATCATCTCACGAAGCA",0.0535539446489104,"singlet"
"CID44971_ATTACTCCACCTCGTT",0.0500060325488106,"singlet"
"CID44971_ATTGGACAGTCAAGGC",0.0431751572159837,"singlet"
"CID44971_CAACCTCGTAACGACG",0.050201213902346,"singlet"
"CID44971_CACCACTAGCGTCTAT",0.0502792418054256,"singlet"
"CID44971_CACCACTGTTCACGGC",0.016666666831729,"singlet"
"CID44971_CACCAGGCAAGGTTCT",0.0660856309015626,"singlet"
"CID44971_CAGATCAAGATATGCA",0.00833347559592981,"singlet"
"CID44971_CAGTCCTGTTCTGAAC",0.0650193262104708,"singlet"
"CID44971_CATCAGACATGTCGAT",0.0515110980282627,"singlet"
"CID44971_CATGGCGTCACATAGC",0.0416666690379171,"singlet"
"CID44971_CCGTGGAAGAGCTATA",0.0376983524392309,"singlet"
"CID44971_CCGTTCATCTTCATGT",0.0333694260168768,"singlet"
"CID44971_CCTACACGTCATATGC",0.125163898912113,"singlet"
"CID44971_CCTCTGAGTCTTGTCC",0.0737571902480439,"singlet"
"CID44971_CCTTCGAAGACAATAC",0.0502340885651409,"singlet"
"CID44971_CCTTCGATCTTTACGT",0.0158179951235694,"singlet"
"CID44971_CGAATGTTCAGTTCGA",0.0418092327012474,"singlet"
"CID44971_CGAATGTTCATGCAAC",0.0849006466869812,"singlet"
"CID44971_CGATGTAAGGACTGGT",0.0588860454688876,"singlet"
"CID44971_CGGACACTCGCAAGCC",0.0408619858437239,"singlet"
"CID44971_CGGACACTCGCTTGTC",0.050130067457435,"singlet"
"CID44971_CGGAGCTCATGCCTTC",0.0633193983127477,"singlet"
"CID44971_CGTAGGCAGAGTCTGG",2.68870822872498e-10,"singlet"
"CID44971_CGTAGGCGTTATCCGA",0.111708548696196,"singlet"
"CID44971_CGTCACTCAAAGTGCG",0.0760584802715899,"singlet"
"CID44971_CGTCTACCAAGAAAGG",0.0500000008131995,"singlet"
"CID44971_CGTGTCTAGGATTCGG",0.0591571944304265,"singlet"
"CID44971_CTAACTTCAGCCTTTC",0.0417173127614839,"singlet"
"CID44971_CTAACTTGTGCACCAC",5.35752463166392e-05,"singlet"
"CID44971_CTAGTGAGTGTGCCTG",0.0411066815614555,"singlet"
"CID44971_CTCGAAACAGCTTCGG",0.0175129726854309,"singlet"
"CID44971_CTCGTACAGGGTATCG",0.0424854378869313,"singlet"
"CID44971_CTGATCCAGTCTCCTC",0.0592301357181997,"singlet"
"CID44971_CTGATCCTCGCCAGCA",0.00843731522148647,"singlet"
"CID44971_CTGGTCTCATGAAGTA",0.0168148736196182,"singlet"
"CID44971_CTGTTTAAGCCGATTT",0.0166666674090417,"singlet"
"CID44971_CTTAGGAAGAGCTGGT",0.00845060406051443,"singlet"
"CID44971_GAAACTCAGTGGGATC",0.0251406128028671,"singlet"
"CID44971_GAAACTCGTGATAAGT",1.41542275618388e-07,"singlet"
"CID44971_GAACCTAGTATATGGA",0.042243525464188,"singlet"
"CID44971_GAAGCAGGTATGGTTC",0.039984391933601,"singlet"
"CID44971_GAATGAACATCGACGC",0.0414923344676384,"singlet"
"CID44971_GACCTGGTCCTATTCA",0.0692501999985897,"singlet"
"CID44971_GACGGCTTCGAATCCA",0.0916927616409032,"singlet"
"CID44971_GAGGTGACATCAGTAC",0.0669758134504458,"singlet"
"CID44971_GAGGTGAGTGATGTCT",0.0250141983487474,"singlet"
"CID44971_GATGAAAGTCAGAAGC",0.0753723660310919,"singlet"
"CID44971_GATGAGGCAGTGGAGT",0.175001721039942,"singlet"
"CID44971_GATGAGGGTAGGCTGA",0.158342521015679,"singlet"
"CID44971_GCACTCTCATAACCTG",0.050000606026695,"singlet"
"CID44971_GCAGCCAGTGTGGCTC",0.0667300459242622,"singlet"
"CID44971_GCATGCGCAGTATAAG",0.0334016573388862,"singlet"
"CID44971_GCATGTAGTCGCATCG",0.0253705213121276,"singlet"
"CID44971_GCCAAATTCGAGGTAG",0.0667200786285931,"singlet"
"CID44971_GCGCGATAGCTGCGAA",0.0585451951992708,"singlet"
"CID44971_GCGGGTTGTGTCAATC",0.0500000061157595,"singlet"
"CID44971_GCGGGTTGTTTGTTTC",0.0336314225187324,"singlet"
"CID44971_GCTCCTAAGAGACGAA",0.0416674014901545,"singlet"
"CID44971_GCTGCAGAGGTGACCA",0.0892534956684003,"singlet"
"CID44971_GGAACTTCACGCTTTC",0.0666666814521703,"singlet"
"CID44971_GGACAAGTCTGCGGCA",0.0501104077997165,"singlet"
"CID44971_GGCGACTTCTTTAGGG",0.0583370480424082,"singlet"
"CID44971_GGGAGATGTATTAGCC",0.0167026033811556,"singlet"
"CID44971_GGGTCTGAGACTACAA",0.0709944942891989,"singlet"
"CID44971_GTCACGGAGCCAACAG",0.0510890649603407,"singlet"
"CID44971_GTCACGGAGTATGACA",0.0911690369677803,"singlet"
"CID44971_GTGCATACAAGTAATG",0.0730018790696134,"singlet"
"CID44971_GTGTGCGCAAGGTTTC",0.033978196173663,"singlet"
"CID44971_GTTAAGCTCCACGCAG",0.0335671428463245,"singlet"
"CID44971_GTTAAGCTCCATGAAC",2.20851829839139e-11,"singlet"
"CID44971_GTTCGGGGTTCCATGA",0.0710123036443256,"singlet"
"CID44971_TAAACCGTCACCACCT",0.0500000949614153,"singlet"
"CID44971_TAAGTGCTCGCCTGAG",0.042855292161982,"singlet"
"CID44971_TAGACCATCGGCATCG",0.0416679140273099,"singlet"
"CID44971_TAGAGCTGTGGCGAAT",0.0407447393525097,"singlet"
"CID44971_TCAATCTTCGGAGCAA",0.0166666981743812,"singlet"
"CID44971_TCACAAGGTAGGACAC",0.0502648833158422,"singlet"
"CID44971_TCACAAGGTTCATGGT",0.0334184600993745,"singlet"
"CID44971_TCAGCAACACATGTGT",0.0250773938565526,"singlet"
"CID44971_TCAGGTACACCCAGTG",0.0335270329929948,"singlet"
"CID44971_TCAGGTAGTCCTCCAT",0.0343449741201747,"singlet"
"CID44971_TCGTACCAGTGGTCCC",0.0251805198364725,"singlet"
"CID44971_TCTCTAACACCGTTGG",0.0250204823711809,"singlet"
"CID44971_TGAGAGGGTGAAGGCT",0.0475875181478675,"singlet"
"CID44971_TGCGCAGAGGACTGGT",0.0429940499163631,"singlet"
"CID44971_TTAGTTCTCCGTTGCT",0.0598998108618647,"singlet"
"CID44971_TTCTCCTGTGATAAAC",0.065609712495117,"singlet"
"CID44971_TTGACTTGTAAGTGTA",0.428832726181619,"doublet"
"CID44971_TTGCCGTCATTTCACT",0.0500078139851493,"singlet"
"CID44971_CTCACACCACCACGTG",0.00100877362108699,"singlet"
"CID44971_AAAGCAAGTAAATGTG",0.09837834968289,"singlet"
"CID44971_AAAGTAGAGAGTAATC",0.091695674244947,"singlet"
"CID44971_AAATGCCCAAAGCGGT",0.0927599095191276,"singlet"
"CID44971_AAATGCCGTTGGGACA",0.0452020513314987,"singlet"
"CID44971_AAATGCCTCACGCGGT",0.0342228792957599,"singlet"
"CID44971_AAGACCTCAGACGTAG",0.0716169560394628,"singlet"
"CID44971_ACAGCCGTCGGAGGTA",0.0739775158990948,"singlet"
"CID44971_ACCGTAAGTCTGGTCG",0.0417429202311223,"singlet"
"CID44971_ACGGAGACAGTTAACC",0.0428904960747558,"singlet"
"CID44971_ACGGCCAAGTAGATGT",0.0679999860027548,"singlet"
"CID44971_ACGGGTCCATTATCTC",0.0250735339587825,"singlet"
"CID44971_AGAGCTTGTAAGGATT",0.0724967234033136,"singlet"
"CID44971_AGAGTGGTCGTGGGAA",0.0500843326532472,"singlet"
"CID44971_AGATTGCAGATCCGAG",0.0100048591729039,"singlet"
"CID44971_AGCAGCCAGGAGTTTA",0.0501378644287295,"singlet"
"CID44971_AGCTCCTCATAGGATA",0.0250022818649916,"singlet"
"CID44971_AGCTCCTTCCGCAAGC",0.469019340427638,"doublet"
"CID44971_AGGGATGTCGGAAACG",0.0718576483965823,"singlet"
"CID44971_AGGTCATCAGGACCCT",0.0426105396178284,"singlet"
"CID44971_AGGTCATGTCGGATCC",0.0416751876414227,"singlet"
"CID44971_AGTGAGGCAGCCTATA",0.00850656722052233,"singlet"
"CID44971_AGTGTCAGTATGAATG",0.00262782257176909,"singlet"
"CID44971_ATTATCCCAGGGTTAG",0.317677570350158,"singlet"
"CID44971_ATTGGACAGCACCGCT",0.0416666900018241,"singlet"
"CID44971_CAACCAAGTCCTCCAT",0.0620464677642383,"singlet"
"CID44971_CAAGATCCACATGGGA",0.494332478121322,"doublet"
"CID44971_CACAAACGTTAGAACA",0.0179206191844674,"singlet"
"CID44971_CACATTTGTGACTCAT",0.0889928556915856,"singlet"
"CID44971_CACCAGGGTTTAAGCC",0.0500935234156011,"singlet"
"CID44971_CAGCAGCCATGTCCTC",0.0835277653726697,"singlet"
"CID44971_CAGTCCTCACATCTTT",0.0583333345920734,"singlet"
"CID44971_CATATTCGTAGCTAAA",0.0667660897820973,"singlet"
"CID44971_CATCAGAGTAATCACC",0.0666979238019144,"singlet"
"CID44971_CATCGGGTCCTAAGTG",0.0584409727121462,"singlet"
"CID44971_CATGACATCAACGCTA",0.11737543939971,"singlet"
"CID44971_CATGCCTTCGCGATCG",0.0167026093415734,"singlet"
"CID44971_CATGCCTTCGGTTAAC",0.0503473506531252,"singlet"
"CID44971_CCAATCCTCTCCAACC",0.0272239705392607,"singlet"
"CID44971_CCCTCCTTCGCGCCAA",0.0736537402937534,"singlet"
"CID44971_CCTAAAGGTAAGTTCC",0.0856638756993065,"singlet"
"CID44971_CCTATTAAGTTATCGC",0.0583333333383158,"singlet"
"CID44971_CCTTACGGTGTTGAGG",0.119338931287814,"singlet"
"CID44971_CGACCTTTCCCAGGTG",0.0418702485009502,"singlet"
"CID44971_CGACTTCGTTTAGGAA",0.109607424127276,"singlet"
"CID44971_CGCTATCTCACAGTAC",0.0748119101518561,"singlet"
"CID44971_CGGAGCTGTCCCGACA",0.0515205817426902,"singlet"
"CID44971_CGTCACTTCGGACAAG",0.393237539210396,"doublet"
"CID44971_CGTGAGCAGTGTGAAT",0.0595243075205173,"singlet"
"CID44971_CGTGTAATCGGCTACG",0.0386400397081338,"singlet"
"CID44971_CGTGTCTAGTCAAGGC",0.0421959759089914,"singlet"
"CID44971_CGTTCTGGTACGCACC",0.0541812149309081,"singlet"
"CID44971_CGTTGGGTCGTCTGCT",0.0359382723621037,"singlet"
"CID44971_CTAATGGTCTTGAGGT",0.00842804979695536,"singlet"
"CID44971_CTACCCAGTAGCTAAA",0.0477377130931149,"singlet"
"CID44971_CTCTAATCAAACAACA",0.0596626888307859,"singlet"
"CID44971_CTGCGGAGTCAATGTC",0.0260727000357191,"singlet"
"CID44971_CTTAACTAGCGAAGGG",0.0562663794368672,"singlet"
"CID44971_CTTGGCTAGTGACTCT",0.0501952359527852,"singlet"
"CID44971_GAACATCTCAGTTGAC",0.00445107228755422,"singlet"
"CID44971_GAAGCAGGTAAATGAC",0.0528257301825228,"singlet"
"CID44971_GACACGCTCATATCGG",0.0101130332166052,"singlet"
"CID44971_GACGTGCAGTGGTAGC",0.0417705324318454,"singlet"
"CID44971_GACGTGCCAATGGAGC",0.0346532028031753,"singlet"
"CID44971_GACTGCGAGGCCATAG",0.00773178029223766,"singlet"
"CID44971_GATCAGTAGGGTCGAT",0.0416675505213097,"singlet"
"CID44971_GATCGCGGTTGGTTTG",0.0501325519115722,"singlet"
"CID44971_GATCTAGCATCACAAC",0.0795116117919968,"singlet"
"CID44971_GATGCTAGTGTCCTCT",0.00974415055355292,"singlet"
"CID44971_GCAAACTTCGTGACAT",0.0536635003300355,"singlet"
"CID44971_GCATACAAGTACTTGC",0.0762195876667284,"singlet"
"CID44971_GCATACAGTATAATGG",0.0750019509887934,"singlet"
"CID44971_GCATGATCACACTGCG",0.0580379115155089,"singlet"
"CID44971_GCCAAATTCAGAGGTG",0.0763563608896062,"singlet"
"CID44971_GCTCCTACAGATGGGT",0.0166762646979499,"singlet"
"CID44971_GCTGCGAGTTACAGAA",0.0442748299225588,"singlet"
"CID44971_GGATTACAGTGCTGCC",0.033333480824899,"singlet"
"CID44971_GGGAGATAGATGTAAC",0.0340258551758097,"singlet"
"CID44971_GGGAGATAGCTAGCCC",0.0345661462481975,"singlet"
"CID44971_GGGCACTCACGTTGGC",0.665710778787157,"doublet"
"CID44971_GGGTCTGTCATGCATG",0.0583338566719764,"singlet"
"CID44971_GGGTTGCAGCTTTGGT",0.0698705108540143,"singlet"
"CID44971_GGTATTGCATTTCACT",0.0507743396985368,"singlet"
"CID44971_GGTATTGGTCGCGTGT",0.0353452336206679,"singlet"
"CID44971_GTAACTGCAGTCCTTC",0.022032231786428,"singlet"
"CID44971_GTACGTACATGCCACG",0.0447697766233976,"singlet"
"CID44971_GTATTCTAGAGGTTGC",0.00934860093088011,"singlet"
"CID44971_GTCGGGTGTTGACGTT",0.0333345924640346,"singlet"
"CID44971_GTCGGGTTCTCCAACC",0.0250305660690134,"singlet"
"CID44971_GTCGTAAGTCCTCTTG",0.0482247685611108,"singlet"
"CID44971_GTGGGTCAGCTGAAAT",0.0785510794888931,"singlet"
"CID44971_GTGGGTCTCACAACGT",0.284164629654773,"singlet"
"CID44971_GTGTTAGCATTAACCG",0.0167734301706248,"singlet"
"CID44971_GTTACAGGTGAGTATA",0.00968719483857318,"singlet"
"CID44971_GTTCTCGTCGAGCCCA",0.075824728248477,"singlet"
"CID44971_GTTCTCGTCGTCTGAA",0.0104068787385382,"singlet"
"CID44971_TACCTATCAGTTCATG",0.101290975184624,"singlet"
"CID44971_TACGGATTCCAGTAGT",0.0333334185675012,"singlet"
"CID44971_TACTCATAGTGTACCT",0.0733206082202893,"singlet"
"CID44971_TACTTACGTAAGAGGA",0.0397380002158561,"singlet"
"CID44971_TAGTGGTCAATAACGA",0.117227035423096,"singlet"
"CID44971_TCAATCTGTTCGGGCT",0.0583424649731664,"singlet"
"CID44971_TCAGCTCGTCCTCCAT",0.034185100326717,"singlet"
"CID44971_TCGTACCAGACAGACC",0.0691189249683265,"singlet"
"CID44971_TCGTACCGTTCGGGCT",0.00447048813763133,"singlet"
"CID44971_TCTCTAAGTTATCGGT",0.0691266216689606,"singlet"
"CID44971_TGACTAGGTGCGATAG",0.0717309743140692,"singlet"
"CID44971_TGACTTTAGTTAGCGG",0.0421452410873037,"singlet"
"CID44971_TGAGAGGCAGCGTTCG",0.0486975053760823,"singlet"
"CID44971_TGAGGGAGTGCAGTAG",0.0680351486618287,"singlet"
"CID44971_TGCCAAACAGGCTCAC",0.0180617444990696,"singlet"
"CID44971_TGCTACCGTTCGCTAA",0.191917251371521,"singlet"
"CID44971_TGCTGCTGTCCTAGCG",0.10074147584514,"singlet"
"CID44971_TGGCCAGCAGTCCTTC",0.0250277031176285,"singlet"
"CID44971_TGTTCCGAGTGGTAAT",0.049283525487981,"singlet"
"CID44971_TTAGGACTCAGTCAGT",0.0465552320634983,"singlet"
"CID44971_TTAGGCAAGCTAGGCA",0.0669072615678633,"singlet"
"CID44971_TTCTACACAGCTGTGC",0.116909254230111,"singlet"
"CID44971_TTCTCAAGTTGGGACA",0.0417511441399928,"singlet"
"CID44971_TTGGCAAAGCAATCTC",0.0435765620402943,"singlet"
"CID44971_TTGGCAATCTTCGGTC",0.0433101568353185,"singlet"
"CID44971_TTTCCTCGTGTTGGGA",0.0500566537567922,"singlet"
"CID44971_AATCGGTAGCGTGAAC",0.0334162086241749,"singlet"
"CID44971_ACACTGATCTCGCATC",0.0167408210525713,"singlet"
"CID44971_ATGAGGGCACGCTTTC",0.0440831104569646,"singlet"
"CID44971_ATGAGGGTCATCGATG",0.0255411069967633,"singlet"
"CID44971_ATTATCCGTGCATCTA",0.00866780916819237,"singlet"
"CID44971_CACATTTTCCTCAATT",0.0416668023569765,"singlet"
"CID44971_CACCACTGTAGAGCTG",0.042058113164537,"singlet"
"CID44971_CAGCGACCAGCTTAAC",0.0592360476239884,"singlet"
"CID44971_CCTACCAAGTGTACCT",0.029087056787045,"singlet"
"CID44971_CGATCGGAGGAGTCTG",0.0755164241931048,"singlet"
"CID44971_CGGAGCTAGCTACCGC",0.0250475291716902,"singlet"
"CID44971_CGTAGGCTCTAACCGA",0.042759577190421,"singlet"
"CID44971_CGTTAGACACACATGT",0.0266323690321734,"singlet"
"CID44971_CTACATTAGTGTGGCA",0.00964874731694666,"singlet"
"CID44971_CTACCCAGTACTCAAC",0.0770169874646432,"singlet"
"CID44971_CTACGTCTCGTCTGCT",0.073522118653476,"singlet"
"CID44971_CTGGTCTGTCTAGTCA",0.0677883932599244,"singlet"
"CID44971_CTGTGCTAGGAGTTGC",0.0170316300784654,"singlet"
"CID44971_GAGGTGACATGTCGAT",0.0166666707853964,"singlet"
"CID44971_GCAATCAAGGAGCGAG",0.00909745308442413,"singlet"
"CID44971_GCCTCTATCCAACCAA",0.0299481647668485,"singlet"
"CID44971_GGCTGGTAGTGTGAAT",2.37839636450937e-05,"singlet"
"CID44971_GGTGTTACATTCACTT",0.0167781150869446,"singlet"
"CID44971_GTAACTGTCTTGGGTA",0.0679774984129719,"singlet"
"CID44971_TGAAAGATCAGAGGTG",0.0899177440166425,"singlet"
"CID44971_TGGCCAGTCGTCTGAA",0.041666666667885,"singlet"
"CID44971_TTCTTAGGTCTCCACT",0.0166666666985776,"singlet"
"CID44971_TTTGGTTAGCTAGTGG",0.000712974271770712,"singlet"
"CID44971_ACTATCTAGCAAATCA",0.115283268599629,"singlet"
"CID44971_ATCCGAACACATCCAA",0.0338488099628311,"singlet"
"CID44971_CACTCCACAGAAGCAC",0.0738817595747782,"singlet"
"CID44971_CGATTGATCTACTTAC",0.0136386214219984,"singlet"
"CID44971_GATGAAAAGTGGCACA",0.0250000838177741,"singlet"
"CID44971_AAAGATGCAGTAAGAT",0.041666694063277,"singlet"
"CID44971_AAAGCAATCCCAAGAT",0.080761967469083,"singlet"
"CID44971_AACGTTGTCGTCCGTT",0.0584177857903756,"singlet"
"CID44971_AACTCAGGTAGCGCTC",0.041677124722074,"singlet"
"CID44971_AAGACCTTCCAGTAGT",0.000338317585101219,"singlet"
"CID44971_AAGGTTCAGACTGTAA",0.0250015956221837,"singlet"
"CID44971_ACACCGGAGCTTATCG",0.0500001167598934,"singlet"
"CID44971_ACATACGCACACTGCG",0.0374522049482427,"singlet"
"CID44971_ACATCAGCATTTCACT",0.0767207182045721,"singlet"
"CID44971_ACGAGCCCATAGGATA",0.0250000000000003,"singlet"
"CID44971_ACTTACTTCCGCAAGC",0.0417846942770823,"singlet"
"CID44971_AGATTGCTCGCATGAT",0.016697733752875,"singlet"
"CID44971_AGCATACAGGAGTACC",0.0293250114562548,"singlet"
"CID44971_AGCTCTCAGTTAAGTG",0.0424738153420297,"singlet"
"CID44971_AGGCCACCAGGATCGA",0.0500000040844735,"singlet"
"CID44971_AGGCCGTCATATGCTG",0.0663651217907577,"singlet"
"CID44971_AGTTGGTTCGTCTGCT",0.0423930407426495,"singlet"
"CID44971_ATCCACCCAGGATTGG",0.00844027125814368,"singlet"
"CID44971_ATCCGAATCGCCAAAT",0.00182455299336688,"singlet"
"CID44971_ATCGAGTGTACGCACC",0.0924273941475889,"singlet"
"CID44971_ATCTGCCTCATAACCG",0.0436106061716776,"singlet"
"CID44971_ATTCTACGTGATAAGT",0.0333333466910025,"singlet"
"CID44971_ATTGGACTCGTGGACC",0.00880366624208698,"singlet"
"CID44971_ATTTCTGTCTGTTTGT",6.64641264533168e-06,"singlet"
"CID44971_CACAAACGTGCTTCTC",0.045313753596517,"singlet"
"CID44971_CACACCTTCCTGCAGG",0.00971295806711908,"singlet"
"CID44971_CACAGTAAGGTGATTA",0.426059824199228,"doublet"
"CID44971_CAGCAGCTCGTTTAGG",0.0174865938424364,"singlet"
"CID44971_CATATTCTCAACGGCC",0.111627403452644,"singlet"
"CID44971_CATCCACAGCGTGAAC",0.0416886235842384,"singlet"
"CID44971_CATCGAACATTTGCCC",0.118063559259402,"singlet"
"CID44971_CATCGAATCCCAGGTG",0.049610444970707,"singlet"
"CID44971_CATCGGGAGCGTGAGT",0.124284500452301,"singlet"
"CID44971_CATGCCTTCAGATAAG",0.0312995567315986,"singlet"
"CID44971_CATTATCTCCTGTAGA",0.0500001626878909,"singlet"
"CID44971_CCCAATCCAGATGGGT",0.0364621178402369,"singlet"
"CID44971_CCGGGATTCAAGGCTT",0.0424531702094321,"singlet"
"CID44971_CCGTACTTCAACGAAA",0.025910486551018,"singlet"
"CID44971_CCTATTAAGTTAGCGG",0.0333792121711477,"singlet"
"CID44971_CCTTACGGTTACGGAG",0.0351461024922576,"singlet"
"CID44971_CCTTTCTCACAAGACG",0.0169402045031363,"singlet"
"CID44971_CGACTTCCAGTAGAGC",0.0077744310632537,"singlet"
"CID44971_CGGACGTCATGAACCT",0.0351563184538774,"singlet"
"CID44971_CGGACTGCACACCGCA",0.407179283053539,"doublet"
"CID44971_CGTAGGCGTATCGCAT",0.0677292730896839,"singlet"
"CID44971_CGTCTACTCATTATCC",0.00833334677174714,"singlet"
"CID44971_CTAACTTTCAAGAAGT",0.00981636225297149,"singlet"
"CID44971_CTAATGGGTCGACTGC",0.0515470700910199,"singlet"
"CID44971_CTAATGGGTTGTACAC",0.0422066237139155,"singlet"
"CID44971_CTACCCAAGATACACA",0.0563869777583884,"singlet"
"CID44971_CTACCCAAGCGAGAAA",0.0261248196999874,"singlet"
"CID44971_CTAGCCTAGTTCGATC",0.0250283221690297,"singlet"
"CID44971_CTAGTGACAAGGGTCA",0.0904918859357371,"singlet"
"CID44971_CTCATTAGTCTTCAAG",0.0333350527483434,"singlet"
"CID44971_CTCCTAGAGACCTTTG",0.0166744389091508,"singlet"
"CID44971_CTCCTAGAGTTGAGAT",0.0083337490475815,"singlet"
"CID44971_CTCTAATGTCAATGTC",0.00760918353227595,"singlet"
"CID44971_CTCTACGTCTCCAACC",0.0512198899311638,"singlet"
"CID44971_CTGATCCGTTACAGAA",0.0926400974076925,"singlet"
"CID44971_CTGCCTACACAGAGGT",0.0136828274424982,"singlet"
"CID44971_CTGGTCTCAAGTAGTA",0.052299826349682,"singlet"
"CID44971_CTGGTCTTCCTATTCA",0.0624493142467029,"singlet"
"CID44971_CTGTGCTAGTCGTACT",0.0416709125939954,"singlet"
"CID44971_CTGTGCTTCATCGATG",0.0516861025714824,"singlet"
"CID44971_CTGTTTACAGTGGGAT",0.0333333384067679,"singlet"
"CID44971_CTTTGCGTCATCGATG",0.248830324291874,"singlet"
"CID44971_GAACCTAGTAAGTGGC",0.0250959838497548,"singlet"
"CID44971_GAAGCAGGTATCACCA",0.025098261804719,"singlet"
"CID44971_GACACGCAGACAATAC",0.0853962142099698,"singlet"
"CID44971_GACAGAGCACCCATTC",0.0409498628787636,"singlet"
"CID44971_GACCTGGAGCCACTAT",0.0174437426364224,"singlet"
"CID44971_GATCGATTCGCGGATC",0.00945478766936072,"singlet"
"CID44971_GATCGATTCTTCAACT",0.124394749462653,"singlet"
"CID44971_GATCGCGGTTCTGGTA",0.0542200683342067,"singlet"
"CID44971_GATCTAGCAGTATAAG",0.0859606890345998,"singlet"
"CID44971_GATGAAAGTTTAAGCC",0.000235487170228348,"singlet"
"CID44971_GCATACATCGATCCCT",0.000192164185791608,"singlet"
"CID44971_GCATGCGGTCGGCATC",0.0262794594251846,"singlet"
"CID44971_GCATGTACATCCCATC",0.08458105774752,"singlet"
"CID44971_GCATGTATCTGAGGGA",0.0166673570694325,"singlet"
"CID44971_GCGCAACAGTTACCCA",0.00923234818949769,"singlet"
"CID44971_GCTGGGTTCTACTTAC",0.0333333341068886,"singlet"
"CID44971_GGAAAGCAGGACTGGT",0.410951174439634,"doublet"
"CID44971_GGAACTTCACACCGAC",0.422980236470285,"doublet"
"CID44971_GGAACTTTCTACCTGC",0.0468393993537558,"singlet"
"CID44971_GGACATTCAAGTTAAG",0.0673566575069741,"singlet"
"CID44971_GGGACCTGTCGACTGC",0.354751851699294,"doublet"
"CID44971_GGGCATCCACCACCAG",0.0886215073170447,"singlet"
"CID44971_GGTGAAGAGTATCTCG",0.304155332845478,"singlet"
"CID44971_GGTGTTAGTGCACTTA",0.0260897563356801,"singlet"
"CID44971_GTACTCCTCTACCAGA",0.0583354716061685,"singlet"
"CID44971_GTACTTTAGCCGATTT",0.00833334593306994,"singlet"
"CID44971_GTATCTTTCCAAGTAC",0.0260327139629279,"singlet"
"CID44971_GTATTCTAGGAGTTTA",0.0250000008907145,"singlet"
"CID44971_GTGAAGGTCCCTAATT",0.0341673315399572,"singlet"
"CID44971_GTGCAGCGTGTAATGA",0.51011557616854,"doublet"
"CID44971_GTGTTAGAGTCGAGTG",0.0167444765091358,"singlet"
"CID44971_GTTACAGAGAATGTTG",0.129030998534901,"singlet"
"CID44971_GTTTCTATCTTGGGTA",0.00980058774805492,"singlet"
"CID44971_TAAGAGAAGACAATAC",0.0500409561745712,"singlet"
"CID44971_TAAGTGCTCGGAGGTA",0.36733087323614,"doublet"
"CID44971_TACACGAGTAGAGCTG",0.00935587403884197,"singlet"
"CID44971_TACAGTGCAGTATGCT",0.0750504416196552,"singlet"
"CID44971_TACCTATAGATGGGTC",0.00935343944994447,"singlet"
"CID44971_TACGGTAAGTCCTCCT",0.0417216484177339,"singlet"
"CID44971_TACTTACGTAGTAGTA",0.0251118014743519,"singlet"
"CID44971_TAGAGCTGTAGAGCTG",0.135309327492649,"singlet"
"CID44971_TAGGCATGTGGAAAGA",0.0500865098774079,"singlet"
"CID44971_TCAACGAAGGAATCGC",0.0429519246020906,"singlet"
"CID44971_TCAACGAGTACCGGCT",0.0261299623023756,"singlet"
"CID44971_TCAGATGGTCATATCG",0.0596017598941922,"singlet"
"CID44971_TCAGCAAAGTTTAGGA",0.21488755439268,"singlet"
"CID44971_TCAGCAAGTAAGGGAA",0.0167992639399215,"singlet"
"CID44971_TCCACACGTGTTTGGT",0.0583337687989435,"singlet"
"CID44971_TCGTACCAGCAGCCTC",0.0099034685113108,"singlet"
"CID44971_TCGTAGAAGCGTCTAT",0.00124698960666811,"singlet"
"CID44971_TCTCATAGTTAAAGTG",0.0240485934631455,"singlet"
"CID44971_TCTGGAACACAGGCCT",0.032423804963865,"singlet"
"CID44971_TCTTTCCTCTGTCAAG",0.0763903887772126,"singlet"
"CID44971_TGAGCCGAGAAGGTGA",0.0260778896783414,"singlet"
"CID44971_TGAGCCGAGTGGGTTG",0.0685021522462635,"singlet"
"CID44971_TGCGTGGAGTTAAGTG",0.026441017589849,"singlet"
"CID44971_TGGGCGTAGACTGTAA",0.436940172371685,"doublet"
"CID44971_TGGGCGTAGCTAAGAT",0.0208296053368606,"singlet"
"CID44971_TGTCCCAGTAAGGGAA",0.025000002199579,"singlet"
"CID44971_TGTGGTACACCCATTC",0.2286279473176,"singlet"
"CID44971_TGTGGTAGTTACCGAT",0.0166747782924387,"singlet"
"CID44971_TTAGGACGTCTCCATC",0.016666944226606,"singlet"
"CID44971_TTATGCTAGTGGTAGC",0.0446643855514314,"singlet"
"CID44971_TTATGCTCACTGAAGG",0.0426626102033958,"singlet"
"CID44971_TTATGCTTCAGCTCTC",0.0789993448881756,"singlet"
"CID44971_TTCTCAAAGCACAGGT",7.6294314571888e-05,"singlet"
"CID44971_TTCTTAGGTTTACTCT",0.0650902554291588,"singlet"
"CID44971_TTGCCGTTCTGAAAGA",0.00838424884320724,"singlet"
"CID44971_TTTGGTTGTAAGGGAA",0.0248329025487765,"singlet"
"CID44971_GATCGTACATGACATC",0.0670883391531519,"singlet"
"CID44971_GCGCCAATCATTTGGG",0.273203095248132,"singlet"
"CID44971_CGTCCATAGAGGTTGC",0.0417516745412337,"singlet"
"CID44971_AAGCCGCGTCGCATAT",0.0237796602351353,"singlet"
"CID44971_AGCGGTCTCTGTCCGT",0.0500972563814836,"singlet"
"CID44971_AGGGATGCATGCTGGC",0.0674857809621064,"singlet"
"CID44971_CAGTAACGTGCGCTTG",0.0834308868788167,"singlet"
"CID44971_CATGACAAGAGCTTCT",0.0250526863884403,"singlet"
"CID44971_CCTAAAGGTACCAGTT",0.0670830938808881,"singlet"
"CID44971_CCTAGCTTCGGTGTTA",0.0763845550247502,"singlet"
"CID44971_CGATCGGTCGTCTGCT",0.033334582880618,"singlet"
"CID44971_CGGCTAGTCGGTGTTA",0.0670027906042841,"singlet"
"CID44971_GAAACTCTCTCGCATC",0.0737318961920758,"singlet"
"CID44971_CCTAGCTAGGGTTTCT",0.0918306588372357,"singlet"
"CID44971_CTCGTACTCGTAGGTT",0.101275758558638,"singlet"
"CID44971_GTGTTAGGTAGGGTAC",0.093383381382713,"singlet"
"CID44971_TGTCCCACACATGGGA",0.0918420374821684,"singlet"
"CID44971_AGTGGGAGTTCAACCA",0.0171336311749522,"singlet"
"CID44971_GGGTCTGAGGCCGAAT",0.0750021060176057,"singlet"
"CID44971_TTAGGCAAGGGCTCTC",0.0839211800686705,"singlet"
"CID44971_CTCTAATCACCAGTTA",0.0930900187999057,"singlet"
"CID44971_GTCTCGTTCAGCAACT",0.0929329744188287,"singlet"
"CID44971_TGAGAGGTCACTTCAT",0.0682313547177655,"singlet"
"CID44971_CCGTACTTCTGAGTGT",0.118025631198851,"singlet"
"CID44971_CTGATCCAGCTTCGCG",0.0837685432054416,"singlet"
"CID44971_TTCTCAAAGCCGTCGT",0.0333752721100909,"singlet"
"CID44971_ACGGAGAGTATTCGTG",0.0182722087614407,"singlet"
"CID44971_CCACCTAAGTTGAGAT",0.0258562964689265,"singlet"
"CID44971_CTCAGAAGTGTGTGCC",0.0334893740526212,"singlet"
"CID44971_ATTTCTGCAGGAATGC",0.0333655320567883,"singlet"
"CID44971_GTGTGCGTCTCGTTTA",0.0506833805628225,"singlet"
"CID44971_TGATTTCCACCCTATC",0.076662194362278,"singlet"
"CID44971_AGTGGGAGTGTGAAAT",0.100164280111167,"singlet"
"CID44971_ATCTACTTCACGAAGG",0.0991172922005331,"singlet"
"CID44971_CTCCTAGAGTGGACGT",0.162436752987821,"singlet"
"CID44971_GCGCGATTCTGGTGTA",0.31536265177159,"singlet"
"CID44971_GGATGTTCAGATCGGA",0.036103423683862,"singlet"
"CID44971_GTAGGCCAGTATCTCG",0.00833333919134801,"singlet"
"CID44971_TATTACCGTCTCAACA",0.0599200934653696,"singlet"
"CID44971_ATGCGATCACTATCTT",0.365930307454938,"doublet"
"CID44971_CGTTCTGGTGAGGGAG",0.682616048171645,"doublet"
"CID44971_GGCGACTGTCGCTTTC",0.0500000007362157,"singlet"
"CID44971_ACAGCCGCAAGACGTG",0.0365954273018092,"singlet"
"CID44971_ACTGAGTTCCAGATCA",0.0168412539779863,"singlet"
"CID44971_CCTACCAAGTGAATTG",0.0333906982441491,"singlet"
"CID44971_CGGAGCTTCAAACCGT",0.126571249701017,"singlet"
"CID44971_CTCACACGTGGTCCGT",0.428551878794469,"doublet"
"CID44971_CTGATCCTCCGTAGTA",0.092446238724314,"singlet"
"CID44971_ACACCAAAGGGAACGG",0.0668287503752836,"singlet"
"CID44971_CCCAATCGTATGAATG",0.163274782329146,"singlet"
"CID44971_CACATTTGTTATCCGA",0.0416836454651859,"singlet"
"CID44971_CGATCGGTCTCCAGGG",0.156629562672206,"singlet"
"CID44971_CTGCTGTCATCGTCGG",0.0452454953511119,"singlet"
"CID44971_TGAAAGAAGTCGTTTG",0.0500586264383988,"singlet"
"CID44971_AGCTCCTCACCGCTAG",0.232612514434418,"singlet"
"CID44971_CAGAGAGCATGTCCTC",0.105688085510635,"singlet"
"CID44971_CGTAGCGAGGCCGAAT",0.066668160243187,"singlet"
"CID44971_TCAGGATTCACTTCAT",0.0762647155246177,"singlet"
"CID44971_ATCATGGCAGTAAGAT",0.0339070138630471,"singlet"
"CID44971_ATCTACTCAGTAAGCG",0.119487906071222,"singlet"
"CID44971_CGACTTCGTACTTGAC",0.0559469383494712,"singlet"
"CID44971_CTAGAGTGTAGCTTGT",0.141517847574522,"singlet"
"CID44971_GTTCGGGTCCCATTTA",0.214838540144933,"singlet"
"CID44971_GCATGTAGTCCGTGAC",0.0919259955932882,"singlet"
"CID44971_AACTGGTGTTAAGAAC",0.100246310939754,"singlet"
"CID44971_TTAACTCTCTATGTGG",0.16833693207273,"singlet"
"CID44971_CATGGCGGTCGGCTCA",0.116778627021663,"singlet"
"CID44971_CCTCAGTAGGCGCTCT",0.128881406951884,"singlet"
"CID44971_GGTGAAGAGTTACGGG",0.0751429530234869,"singlet"
"CID44971_TCGTAGAAGGACACCA",0.110645367622161,"singlet"
"CID44971_GCGCAACAGCAATCTC",0.409572870033575,"doublet"
"CID44971_CTTAGGAGTGCAACGA",0.237233605581101,"singlet"
"CID44971_GAGGTGAGTGCGGTAA",0.205371026031226,"singlet"
"CID44971_GACTAACCATTGGGCC",0.0417527952304124,"singlet"
"CID44971_GTCATTTGTCAATGTC",0.033333763159904,"singlet"
"CID44971_AACCATGTCTTGCAAG",0.157288156014686,"singlet"
"CID44971_AGGGATGAGTTTCCTT",0.133717940664037,"singlet"
"CID44971_CCCAGTTAGCTGCGAA",0.0500510936314933,"singlet"
"CID44971_CTCGAAAGTGTTGGGA",0.0422868324838782,"singlet"
"CID44971_CTGCCTACATGACGGA",0.133868169571695,"singlet"
"CID44971_GGGCACTTCGTAGATC",0.0589908463229757,"singlet"
"CID44971_TGAGAGGCAGTCAGCC",0.0158822102411199,"singlet"
"CID44971_AAAGATGAGCGTCTAT",0.1254255414924,"singlet"
"CID44971_AAAGATGAGCGTGTCC",0.108517297965117,"singlet"
"CID44971_AAATGCCTCCCATTTA",0.0666673457885893,"singlet"
"CID44971_AACGTTGGTCAATGTC",0.152087898113329,"singlet"
"CID44971_AACTCTTCAGTACACT",0.166666705417635,"singlet"
"CID44971_AAGCCGCGTCATGCAT",0.147906306785557,"singlet"
"CID44971_ACACCGGTCCTATTCA",0.0858488989101639,"singlet"
"CID44971_ACATCAGAGTAAGTAC",0.201389980275869,"singlet"
"CID44971_ACGATGTGTAGGGTAC",0.0750017174194667,"singlet"
"CID44971_ACGGGCTCAGCCACCA",0.100414837098307,"singlet"
"CID44971_ACTGAACCACAAGACG",0.229237996025935,"singlet"
"CID44971_ACTGAGTAGAGCTTCT",0.455545733754828,"doublet"
"CID44971_ACTGATGGTTCGTGAT",0.0916668430136267,"singlet"
"CID44971_ACTGTCCCACCAGGCT",0.143583631652487,"singlet"
"CID44971_AGAGCTTGTTAAGAAC",0.437011257520077,"doublet"
"CID44971_AGCAGCCGTTGAGGTG",0.0866081489824636,"singlet"
"CID44971_ATGCGATGTACCGTAT",0.218785592704882,"singlet"
"CID44971_ATTATCCGTCCTGCTT",0.116822567185751,"singlet"
"CID44971_CACCAGGGTAGATTAG",0.157298163878396,"singlet"
"CID44971_CACCAGGTCTCTTATG",0.108794585167141,"singlet"
"CID44971_CAGAATCCAATGACCT",0.14763588570217,"singlet"
"CID44971_CATCAAGGTCCGAATT",0.213060426520013,"singlet"
"CID44971_CATGACACATGCCTTC",0.422700718583342,"doublet"
"CID44971_CCACCTATCTAGAGTC",0.100069221365597,"singlet"
"CID44971_CCGTTCATCGCCAGCA",0.0983079481628804,"singlet"
"CID44971_CGATCGGCACCCAGTG",0.166754809111336,"singlet"
"CID44971_CGCTATCGTGCCTGGT",0.185719153926615,"singlet"
"CID44971_CTAACTTTCCTCATTA",0.0666666953883586,"singlet"
"CID44971_CTCGAGGTCCCTAACC",0.15008818508608,"singlet"
"CID44971_CTCGTCATCTAAGCCA",0.120922663377304,"singlet"
"CID44971_CTGCGGAGTTTAAGCC",0.119344316389682,"singlet"
"CID44971_CTGCTGTCAGTCCTTC",0.15409750958514,"singlet"
"CID44971_GACGTGCAGATAGTCA",0.169736368263129,"singlet"
"CID44971_GACTAACCACTACAGT",0.252142809410612,"singlet"
"CID44971_GACTGCGCACCAGTTA",0.108333337769077,"singlet"
"CID44971_GCATGATCAATAAGCA",0.478150173086109,"doublet"
"CID44971_GCATGTACAATCCGAT",0.101078718428846,"singlet"
"CID44971_GCCTCTAAGATGAGAG",0.183069039684419,"singlet"
"CID44971_GCGACCAAGTGTTGAA",0.697157989764504,"doublet"
"CID44971_GCGCGATTCCAAACAC",0.220517562831202,"singlet"
"CID44971_GCTCTGTAGCCACTAT",0.116763607562921,"singlet"
"CID44971_GCTGCTTCATGAGCGA",0.184493156807698,"singlet"
"CID44971_GCTGGGTGTAACGACG",0.0719329665239261,"singlet"
"CID44971_GCTTGAATCCCTTGCA",0.802698988567085,"doublet"
"CID44971_GGCGACTGTACCGTAT",0.0837596865860387,"singlet"
"CID44971_GGGCACTGTGAGGGAG",0.133553279931843,"singlet"
"CID44971_GTAACGTAGTTCGATC",0.0771223747259933,"singlet"
"CID44971_GTCCTCAAGCTTATCG",0.0833932421827334,"singlet"
"CID44971_GTGTGCGCAGGTCCAC",0.0864300767667197,"singlet"
"CID44971_GTTCATTCATATACGC",0.0869897839012301,"singlet"
"CID44971_TAAGTGCCAGGATTGG",0.0750991375291874,"singlet"
"CID44971_TACACGAGTGCCTGCA",0.14374606680252,"singlet"
"CID44971_TATCAGGTCTGAGGGA",0.125045678949147,"singlet"
"CID44971_TATCAGGTCTTGTACT",0.0916674850998853,"singlet"
"CID44971_TATTACCTCATGTCTT",0.0923712066635291,"singlet"
"CID44971_TCACGAAGTGCCTTGG",0.168434673868025,"singlet"
"CID44971_TCGCGTTGTCTAAACC",0.28853133264329,"singlet"
"CID44971_TCTCTAATCATCTGCC",0.172425408034197,"singlet"
"CID44971_TGCCAAAAGTCCGTAT",0.158333375826835,"singlet"
"CID44971_TGGTTAGTCATGTCCC",0.166873430952349,"singlet"
"CID44971_TTAGGACGTCAACATC",0.157398374314623,"singlet"
"CID44971_TTCTCAAAGGGAGTAA",0.167836771552166,"singlet"
"CID44971_TTCTCCTAGGCTAGCA",0.0916668736745515,"singlet"
"CID44971_TTGCCGTTCTGGCGTG",0.425974619585594,"doublet"
"CID44971_AAACGGGTCCTAGAAC",0.0500059966669393,"singlet"
"CID44971_AGCCTAAGTAAGTTCC",0.133471249505363,"singlet"
"CID44971_GAGCAGAGTACACCGC",0.0834026883362301,"singlet"
"CID44971_GGACAAGAGTATGACA",0.0683304038599813,"singlet"
"CID44971_TAAACCGCACAGACTT",0.0930996993323875,"singlet"
"CID44971_AACCGCGAGTCCGGTC",0.185263283047263,"singlet"
"CID44971_AGACGTTCACATGGGA",0.188914591833007,"singlet"
"CID44971_AGATTGCCAGTATCTG",0.158428006896736,"singlet"
"CID44971_AGTGAGGGTAAGTAGT",0.133440476269224,"singlet"
"CID44971_AGTGGGACATGCCCGA",0.165200595957433,"singlet"
"CID44971_AGTGGGATCTTCCTTC",0.150203915983831,"singlet"
"CID44971_CAGCAGCTCTTAGCCC",0.166666666672058,"singlet"
"CID44971_CAGCATAAGAGACGAA",0.133334528950145,"singlet"
"CID44971_CATATGGAGCAGATCG",0.150389661244295,"singlet"
"CID44971_CGGGTCAGTGTCAATC",0.197374539446255,"singlet"
"CID44971_CGTGTCTTCATCTGTT",0.0666754803143214,"singlet"
"CID44971_GCATGCGCATCTGGTA",0.127500156788301,"singlet"
"CID44971_GTACTCCCATGTCCTC",0.150083121983254,"singlet"
"CID44971_GTAGTCAGTAGTGAAT",0.17513870965089,"singlet"
"CID44971_TCAGATGTCATAGCAC",0.158507133376678,"singlet"
"CID44971_TCAGCTCAGTTGTCGT",0.141749790489233,"singlet"
"CID44971_TCAGGTACAAAGAATC",0.177739030268821,"singlet"
"CID44971_TGCTACCAGGCTAGGT",0.184955708814023,"singlet"
"CID44971_TGGCCAGCATTGTGCA",0.464463740733117,"doublet"
"CID44971_TGGTTAGTCGTATCAG",0.0971675598417081,"singlet"
"CID44971_ACTGCTCCATGTAAGA",0.0416666667524919,"singlet"
"CID44971_TCTTCGGCAGTAACGG",0.699949063002663,"doublet"
"CID44971_AAACCTGGTCAGTGGA",0.191227711699438,"singlet"
"CID44971_CAGCTAATCGGTCCGA",0.184233626088306,"singlet"
"CID44971_AGAGCTTGTAACGACG",0.158349380529812,"singlet"
"CID44971_CAGCAGCAGCTAGTTC",0.140449701109597,"singlet"
"CID44971_GTTTCTAGTGCCTTGG",0.251511575802317,"singlet"
"CID44971_CGGCTAGGTACTCAAC",0.141692413402774,"singlet"
"CID44971_CTCGGGAAGCAATATG",0.126481903057396,"singlet"
"CID44971_GACGTTAGTATCTGCA",0.275042730053448,"singlet"
"CID44971_GTCGTAAGTCGAGATG",0.167369255328054,"singlet"
"CID44971_AACTCCCAGTTGTCGT",0.144557027793101,"singlet"
"CID44971_ACGGAGATCATATCGG",0.150007945145266,"singlet"
"CID44971_AGATCTGTCTCTGTCG",0.166681792018734,"singlet"
"CID44971_ATCATCTCAGTCGTGC",0.112514913822108,"singlet"
"CID44971_ATGGGAGTCTTTCCTC",0.0833333334416495,"singlet"
"CID44971_CAGCATACACGCGAAA",0.171408350650456,"singlet"
"CID44971_CCACGGAGTGGCCCTA",0.166677281111163,"singlet"
"CID44971_CCTTCCCCAATGAAAC",0.12508994229917,"singlet"
"CID44971_CGATGGCTCGGTTAAC",0.181391383695406,"singlet"
"CID44971_CGCGTTTTCGTGACAT",0.135692843650462,"singlet"
"CID44971_CGGAGTCTCGTCTGAA",0.281453358197425,"singlet"
"CID44971_CTACCCACAATTGCTG",0.19090927674644,"singlet"
"CID44971_GAGTCCGAGTTTCCTT",0.116750526149746,"singlet"
"CID44971_GCAGCCAAGTTCGCGC",0.225238379271347,"singlet"
"CID44971_GCTGGGTGTCCTCTTG",0.196381717643633,"singlet"
"CID44971_GGGAGATCACCAGGCT",0.742064906775072,"doublet"
"CID44971_GTCTTCGGTTCCACAA",0.191775178690566,"singlet"
"CID44971_TCGAGGCGTGCGAAAC",0.116666679432701,"singlet"
"CID44971_TGTGGTAAGGTTACCT",0.126574224587758,"singlet"
"CID44971_TGTTCCGGTGTATGGG",0.17255071032698,"singlet"
"CID44971_ACGGGTCGTCCAACTA",0.0573574162508964,"singlet"
"CID44971_GATCGATAGAGTACAT",0.00842556086009506,"singlet"
"CID44971_GTCCTCACATCGACGC",0.654500637211457,"doublet"
"CID44971_CAACTAGCAAATTGCC",0.0750000087286784,"singlet"
"CID44971_CATCCACCAAACTGTC",0.162994492766125,"singlet"
"CID44971_CTAACTTGTGACTACT",0.175131911238983,"singlet"
"CID44971_GTTTCTACATCACCCT",0.101612597939046,"singlet"
"CID44971_CTACGTCTCTTGTACT",0.0836182144435235,"singlet"
"CID44971_TGATTTCAGTCGTTTG",0.150367859164604,"singlet"
"CID44971_AAACGGGAGGAGTAGA",0.133334095838839,"singlet"
"CID44971_ACACCCTAGCTGGAAC",0.177434610584422,"singlet"
"CID44971_ACGCCGAGTTGGGACA",0.133439803199748,"singlet"
"CID44971_ACGGGCTTCCAGAGGA",0.125000000026426,"singlet"
"CID44971_ATTGGTGCAGCGATCC",0.70388146002402,"doublet"
"CID44971_CAACCTCTCCTCCTAG",0.125008995640835,"singlet"
"CID44971_CACAAACAGGGATCTG",0.125099184537154,"singlet"
"CID44971_CAGAGAGTCGGCATCG",0.153693173298717,"singlet"
"CID44971_CAGCGACAGATGCCAG",0.151592838693249,"singlet"
"CID44971_CCGTACTTCAGCTCGG",0.0500076402005557,"singlet"
"CID44971_CGAATGTAGTACACCT",0.125000022243017,"singlet"
"CID44971_CGACTTCGTGTCCTCT",0.133491168292875,"singlet"
"CID44971_CTCTACGGTTTGTTGG",0.0833602440806163,"singlet"
"CID44971_GCGCAACGTTCCGGCA",0.16666900218842,"singlet"
"CID44971_GCTGCAGGTCTAGGTT",0.16666920700658,"singlet"
"CID44971_GGGCACTCATCGGGTC",0.058333333350049,"singlet"
"CID44971_TACTCATAGTTGAGAT",0.164971429163386,"singlet"
"CID44971_TAGACCACAAGCGTAG",0.149024712606984,"singlet"
"CID44971_TATCTCAGTAGAAAGG",0.108459303081021,"singlet"
"CID44971_TCACAAGCAGTGGAGT",0.125011305521194,"singlet"
"CID44971_TGACAACGTTAGTGGG",0.191668526271177,"singlet"
"CID44971_TGACTTTCATGCCTTC",0.453954452050929,"doublet"
"CID44971_CTCGTCAGTCACTGGC",0.285822399317112,"singlet"
"CID44971_ACGCCGAAGGCAGGTT",0.30027035023368,"singlet"
"CID44971_ATTTCTGTCAAACCAC",0.23064479384786,"singlet"
"CID44971_CAAGAAACAAACAACA",0.139028941010151,"singlet"
"CID44971_CCTCAGTGTGAAAGAG",0.256526816187727,"singlet"
"CID44971_CGCCAAGAGCCCAGCT",0.234989552725698,"singlet"
"CID44971_CTTAACTAGGTGATTA",0.181858875430326,"singlet"
"CID44971_GACGTTATCCTAGGGC",0.250330094401317,"singlet"
"CID44971_GCGCCAATCCGCTGTT",0.232037536282293,"singlet"
"CID44971_GTCGTAAGTGTGCGTC",0.273913366594687,"singlet"
"CID44971_TGGCTGGAGTTGTCGT",0.329097743859452,"doublet"
"CID44971_ACGCCAGCACCGAAAG",0.297763547968738,"singlet"
"CID44971_ACGGGCTGTCCGTGAC",0.0550970784583758,"singlet"
"CID44971_CAGCGACAGTCGAGTG",0.0137614600351225,"singlet"
"CID44971_CTACGTCAGAGTACCG",0.18836200750187,"singlet"
"CID44971_CTCCTAGCAGCAGTTT",0.0937546152057634,"singlet"
"CID44971_GTCACGGAGTCTCAAC",0.018914138635841,"singlet"
"CID44971_ACATCAGAGAAACGAG",0.0845963063656268,"singlet"
"CID44971_ACGGGTCCAAGCCATT",0.00836546980205464,"singlet"
"CID44971_ACTATCTTCTTAGCCC",0.0648592192907362,"singlet"
"CID44971_ACTGATGGTTGGGACA",0.0228240368428266,"singlet"
"CID44971_AGCATACGTCTTCAAG",0.0392700864961927,"singlet"
"CID44971_AGCGTATCATATACGC",0.0095103919181087,"singlet"
"CID44971_AGCTCTCCATACTACG",0.0138816354592396,"singlet"
"CID44971_AGTAGTCTCTAACGGT",0.0168802244751014,"singlet"
"CID44971_ATAAGAGCACTAAGTC",0.0265008061188869,"singlet"
"CID44971_ATGTGTGAGCTAAGAT",0.0266355602890164,"singlet"
"CID44971_CAACCTCCATCGATTG",0.271429353699892,"singlet"
"CID44971_CACACCTTCTTTAGGG",0.0333730508077053,"singlet"
"CID44971_CATGCCTCAGTGACAG",0.109832356044398,"singlet"
"CID44971_CCTAAAGGTATAGTAG",0.0992353658800174,"singlet"
"CID44971_CGTGAGCCAGCTGTAT",0.238987234390955,"singlet"
"CID44971_CTAGCCTTCTGTCTCG",0.0367047878327559,"singlet"
"CID44971_CTAGTGATCGGCATCG",0.134919194735541,"singlet"
"CID44971_CTCGTACGTACTTAGC",0.0303404504952556,"singlet"
"CID44971_GACGTTACAATGAAAC",0.0560646333271695,"singlet"
"CID44971_GACTGCGGTCCCGACA",0.000675119233671389,"singlet"
"CID44971_GCCAAATGTGATGCCC",0.00115191916715628,"singlet"
"CID44971_GCCTCTAAGTTGTCGT",0.184634882862559,"singlet"
"CID44971_GCGACCATCCAGGGCT",0.195740263419508,"singlet"
"CID44971_GCTCTGTCAGCTTCGG",0.0266842546552298,"singlet"
"CID44971_GGCAATTCAGTCGTGC",0.0213937393695227,"singlet"
"CID44971_GGCAATTGTTTAAGCC",0.0877665578545145,"singlet"
"CID44971_GGTATTGAGCATCATC",0.0255240452511265,"singlet"
"CID44971_GTAACGTTCCTTGACC",0.0144329406088549,"singlet"
"CID44971_GTAGGCCGTGTGGCTC",0.308250808504971,"singlet"
"CID44971_GTCGGGTTCACCATAG",0.0252102589581762,"singlet"
"CID44971_GTGCGGTCAGTAAGAT",0.0095368251876398,"singlet"
"CID44971_GTGTTAGTCAACCAAC",0.0415653710508449,"singlet"
"CID44971_GTTACAGTCCATGAAC",0.0314067493988227,"singlet"
"CID44971_TACAGTGAGTGCTGCC",0.0159864391664182,"singlet"
"CID44971_TACGGATTCCTACAGA",0.0102616728919746,"singlet"
"CID44971_TACTCGCTCCTCGCAT",0.0782804959921705,"singlet"
"CID44971_TCGGTAATCTGCGACG",0.208081083080485,"singlet"
"CID44971_TTGACTTCAAACCTAC",0.0160202945424462,"singlet"
"CID44971_TTGCCGTCAGCGAACA",0.04818519186178,"singlet"
"CID44971_ACGGGTCCATCTATGG",0.510012959378288,"doublet"
"CID44971_AGCTCCTAGCCGGTAA",0.235373390034299,"singlet"
"CID44971_CCTCTGACAATAGCAA",0.194551157640441,"singlet"
"CID44971_CGAATGTTCAATAAGG",0.273664442350187,"singlet"
"CID44971_CGAGCACAGCGAAGGG",0.057482060616808,"singlet"
"CID44971_CTGATAGCAGTCGATT",0.442786224352174,"doublet"
"CID44971_CTGGTCTCAAGACGTG",0.236353980042534,"singlet"
"CID44971_GATGAGGAGACTAAGT",0.0440642979228799,"singlet"
"CID44971_GGAAAGCAGTTATCGC",0.476197050191851,"doublet"
"CID44971_GGGATGATCACCACCT",0.498735458050166,"doublet"
"CID44971_GTGTTAGGTCGTCTTC",0.0946185058836066,"singlet"
"CID44971_GTTCTCGTCGGTTAAC",0.0173914415159024,"singlet"
"CID44971_AGCGGTCCAGCATGAG",0.293714724352053,"singlet"
"CID44971_CAGCAGCTCCACGAAT",0.0260200308984562,"singlet"
"CID44971_GCATGCGGTGCTGTAT",0.121842164298027,"singlet"
"CID44971_GTCGGGTGTGACTACT",0.0224907983700709,"singlet"
"CID44971_TACCTTAAGGCGTACA",0.0253300769474548,"singlet"
"CID44971_TAGTTGGGTTCTCATT",0.00588237503406118,"singlet"
"CID44971_TGAAAGATCCGGGTGT",0.050016063404982,"singlet"
"CID44971_TGGGCGTCAGTTAACC",0.258584983163694,"singlet"
"CID44971_ACGGGCTGTCTCTCTG",0.0738423793586215,"singlet"
"CID44971_ACTTTCAAGGGTCGAT",0.0363362619012987,"singlet"
"CID44971_AGGGATGTCAGAAATG",0.0904149555171052,"singlet"
"CID44971_CAACTAGTCAATCTCT",0.0563910112493958,"singlet"
"CID44971_CAAGATCAGTCGCCGT",0.0392730737736912,"singlet"
"CID44971_CAGATCACACGTTGGC",0.0802412592666066,"singlet"
"CID44971_CAGTCCTCAAGTAGTA",0.0667077300075443,"singlet"
"CID44971_CATGCCTCAGGACCCT",0.198984005140516,"singlet"
"CID44971_CCCAATCAGTACATGA",0.133694084916881,"singlet"
"CID44971_CCTAAAGCAACGATGG",0.430381294553636,"doublet"
"CID44971_CCTACACTCATAACCG",0.0171351369997438,"singlet"
"CID44971_CCTTACGCATCACCCT",0.114470439123654,"singlet"
"CID44971_CGAACATTCATTATCC",0.0491383507226718,"singlet"
"CID44971_CGCCAAGTCCATGAGT",0.127555676942686,"singlet"
"CID44971_CGTAGCGCATCGGACC",0.21260873126422,"singlet"
"CID44971_CTAAGACCATGGTTGT",0.174217103871755,"singlet"
"CID44971_CTCAGAACACAGACTT",0.0499393358368395,"singlet"
"CID44971_CTCGTACAGACTAGAT",0.261572028719531,"singlet"
"CID44971_GCGAGAAAGGTGATAT",0.126623134560361,"singlet"
"CID44971_GGACGTCAGGACGAAA",0.0440881720080462,"singlet"
"CID44971_GGATGTTTCACGACTA",0.361904673370899,"doublet"
"CID44971_GGGAGATAGCCCAATT",0.0942167057775355,"singlet"
"CID44971_GTCTTCGGTTGTGGAG",0.0357383932697247,"singlet"
"CID44971_TACCTTATCAGAGACG",0.123397832277622,"singlet"
"CID44971_TACTCGCTCTTCGGTC",0.0728773578053225,"singlet"
"CID44971_TAGAGCTGTTACGCGC",0.298677458649607,"singlet"
"CID44971_TGAAAGAAGAAGGACA",0.0991178680249898,"singlet"
"CID44971_TGACTAGTCGCATGGC",0.300796068387009,"singlet"
"CID44971_TGAGCATTCTCTTGAT",0.00872470559872303,"singlet"
"CID44971_TGCACCTTCACCTTAT",0.038936357054871,"singlet"
"CID44971_TGTGGTAGTTTAGCTG",0.360704132565781,"doublet"
"CID44971_TTGTAGGTCGTACCGG",0.0214863191292883,"singlet"
"CID44971_TTTCCTCCACCTTGTC",0.165266958618016,"singlet"
"CID44971_TTTGCGCTCATGTCTT",0.0416699066539559,"singlet"
"CID44971_AAAGATGCAATGGAAT",0.0356058112232516,"singlet"
"CID44971_AAAGATGGTAAACGCG",0.00866386049534244,"singlet"
"CID44971_AAAGATGTCCAGTATG",0.00931217018747621,"singlet"
"CID44971_AACCATGGTGGCCCTA",0.0189059307823042,"singlet"
"CID44971_AACTGGTGTTGCGCAC",0.026173427100788,"singlet"
"CID44971_AACTTTCCATGCCCGA",0.00725056644445278,"singlet"
"CID44971_AACTTTCGTTCCACAA",0.0390661361983585,"singlet"
"CID44971_AAGACCTCATACGCCG",0.0258204553603533,"singlet"
"CID44971_AAGGAGCAGTCTCCTC",0.0103841307346835,"singlet"
"CID44971_ACACCCTTCCTAGAAC",0.0288398523812984,"singlet"
"CID44971_ACATCAGGTTATCGGT",0.012520791036794,"singlet"
"CID44971_ACGAGGACAGTAACGG",0.0373587532615668,"singlet"
"CID44971_ACGCAGCTCTCTGCTG",0.0293099353106265,"singlet"
"CID44971_ACTATCTAGTGTCCCG",0.00875505527377034,"singlet"
"CID44971_ACTGATGAGCAATATG",0.0560792021790957,"singlet"
"CID44971_AGAGCGAGTGGAAAGA",0.038354664015444,"singlet"
"CID44971_AGATCTGAGATAGTCA",0.0477068216896162,"singlet"
"CID44971_AGATTGCGTCTCCACT",0.0250479469650224,"singlet"
"CID44971_AGCAGCCCAGTTTACG",0.000591297949080409,"singlet"
"CID44971_AGCATACGTGGTTTCA",0.00313990848405004,"singlet"
"CID44971_AGCGTCGCAGGATTGG",0.143253038092671,"singlet"
"CID44971_AGCTCCTCAGTCAGCC",0.0247368949684148,"singlet"
"CID44971_AGCTCTCAGTCCGGTC",0.0087681363016531,"singlet"
"CID44971_AGGCCGTGTCTAGCCG",0.0528214637263901,"singlet"
"CID44971_AGGGTGACACATAACC",0.0159974327321043,"singlet"
"CID44971_AGGTCCGAGAATTGTG",0.000870547244484706,"singlet"
"CID44971_AGGTCCGGTGACCAAG",0.0303984772815998,"singlet"
"CID44971_AGTGGGACACATGGGA",0.0248900248954823,"singlet"
"CID44971_AGTGTCAAGCCTTGAT",0.523654496266384,"doublet"
"CID44971_AGTGTCAGTAATCGTC",0.0445471998221295,"singlet"
"CID44971_ATCCACCCATCACCCT",0.000579736833271617,"singlet"
"CID44971_ATCGAGTAGGCGCTCT",0.0180821600150535,"singlet"
"CID44971_ATTCTACTCACTCCTG",0.00664615482162154,"singlet"
"CID44971_ATTTCTGCAAGTTCTG",0.00457954368488415,"singlet"
"CID44971_CAACCAAAGAGCTTCT",0.0327414379002989,"singlet"
"CID44971_CAACTAGGTCTCCACT",0.040138791220965,"singlet"
"CID44971_CACAAACGTTTCGCTC",0.043038459582855,"singlet"
"CID44971_CACACAAAGCACACAG",0.00802106216067889,"singlet"
"CID44971_CACACCTAGTTGTCGT",0.024916326279339,"singlet"
"CID44971_CACACTCAGATATGGT",0.0189334579143766,"singlet"
"CID44971_CACACTCGTCGAGTTT",0.0235949982511696,"singlet"
"CID44971_CACATTTGTTCAGCGC",0.0162086343250448,"singlet"
"CID44971_CACCACTAGTTTAGGA",0.00221717635410028,"singlet"
"CID44971_CACTCCAAGATGAGAG",0.00910081802942595,"singlet"
"CID44971_CACTCCACATGTCTCC",0.0173289797640977,"singlet"
"CID44971_CAGAATCTCCCAAGAT",0.00940470599261299,"singlet"
"CID44971_CAGAGAGCAAGTACCT",0.01778772282703,"singlet"
"CID44971_CAGATCAAGTCCGTAT",0.023114212789791,"singlet"
"CID44971_CAGCATACATTAGCCA",0.0957740703063549,"singlet"
"CID44971_CATCCACCAGTCAGAG",0.0119146659571231,"singlet"
"CID44971_CATCGAAAGTTTAGGA",0.0356743962541586,"singlet"
"CID44971_CATTATCTCCGTTGTC",0.0145236452413796,"singlet"
"CID44971_CCGTTCATCACTTATC",0.0272178012133606,"singlet"
"CID44971_CCGTTCATCCTACAGA",0.00231527795539587,"singlet"
"CID44971_CCTACACCATGCTGGC",0.03428533555514,"singlet"
"CID44971_CCTTACGTCCGGCACA",0.0135114231865449,"singlet"
"CID44971_CCTTCGACATTTGCTT",3.90185181192132e-05,"singlet"
"CID44971_CGAACATAGCGATGAC",0.0255118047459666,"singlet"
"CID44971_CGAACATAGGAGTTTA",0.0305916940822589,"singlet"
"CID44971_CGATCGGGTTAGTGGG",0.0112897340094856,"singlet"
"CID44971_CGATGGCCAAGGACTG",0.0352975456694368,"singlet"
"CID44971_CGATTGACAAGCGTAG",0.0659494580883417,"singlet"
"CID44971_CGCTTCAAGTACCGGA",0.0255459004743739,"singlet"
"CID44971_CGCTTCACAGCTTCGG",0.00986859645671388,"singlet"
"CID44971_CGGAGTCCAATTGCTG",0.022358553846703,"singlet"
"CID44971_CGGAGTCCATAGGATA",0.0205869474967599,"singlet"
"CID44971_CGGGTCAGTTGATTGC",0.0938234002996533,"singlet"
"CID44971_CGTCACTAGTCCGGTC",0.000475598636815315,"singlet"
"CID44971_CGTCACTTCTCCCTGA",0.0184212637306251,"singlet"
"CID44971_CGTGAGCGTGCTAGCC",0.042393859838195,"singlet"
"CID44971_CGTTCTGAGCCCTAAT",0.0191801165860341,"singlet"
"CID44971_CTAGCCTAGAGTAATC",0.0669980316213554,"singlet"
"CID44971_CTAGCCTGTCAAACTC",0.0294672504068696,"singlet"
"CID44971_CTAGTGAGTAGCACGA",0.029578233411417,"singlet"
"CID44971_CTCAGAACAAGGACAC",0.378113852737973,"doublet"
"CID44971_CTCGAGGCAAGTAATG",0.135586979215473,"singlet"
"CID44971_CTCTACGCAACTGCTA",0.0718009960628633,"singlet"
"CID44971_CTCTGGTAGCTGCGAA",0.00519118090040945,"singlet"
"CID44971_CTGCCTACAGTGGAGT",0.00857414224196828,"singlet"
"CID44971_CTTAACTCAAGTAGTA",0.00573258481937953,"singlet"
"CID44971_CTTAACTTCGCGGATC",0.00172420583376382,"singlet"
"CID44971_GAAACTCGTTGTCGCG",0.0364133422455583,"singlet"
"CID44971_GAACATCTCGTCTGCT",0.0103613252691272,"singlet"
"CID44971_GAACCTAAGAACTGTA",0.0429811507317332,"singlet"
"CID44971_GAACCTAGTCAACATC",0.0113535259775774,"singlet"
"CID44971_GAACGGAGTATCACCA",0.0507376690188521,"singlet"
"CID44971_GAATAAGCAAACCTAC",0.0748859861882289,"singlet"
"CID44971_GAATAAGGTACTCGCG",0.0174931353476822,"singlet"
"CID44971_GACACGCCATCCAACA",0.103887893213761,"singlet"
"CID44971_GACGGCTAGTGCGTGA",0.0305165211214555,"singlet"
"CID44971_GAGTCCGCACAGCCCA",0.082064543414514,"singlet"
"CID44971_GATGCTACAAACAACA",0.0537322253552299,"singlet"
"CID44971_GATTCAGAGGCCGAAT",0.0443818160155319,"singlet"
"CID44971_GCAGCCAGTGAGGCTA",0.0168907929238098,"singlet"
"CID44971_GCATGTATCATCTGCC",0.0329445726818029,"singlet"
"CID44971_GCGACCATCAGCTCGG",0.00679005898114524,"singlet"
"CID44971_GCGCAACAGGACGAAA",0.0261330341350366,"singlet"
"CID44971_GCGCCAACACCGAAAG",0.0356606856341649,"singlet"
"CID44971_GCGCGATGTTACGGAG",0.0219438305364188,"singlet"
"CID44971_GCTTCCACACTTGGAT",0.0192735512123546,"singlet"
"CID44971_GGAAAGCGTGTCAATC",0.0152373761195871,"singlet"
"CID44971_GGAATAATCTAACTGG",0.014401431314023,"singlet"
"CID44971_GGAGCAACAAGGTTCT",0.0432191016169732,"singlet"
"CID44971_GGAGCAACACCCATGG",0.0307789745218979,"singlet"
"CID44971_GGATTACAGAAGGTGA",0.0529949129401722,"singlet"
"CID44971_GGCTCGAAGCGATGAC",0.0155006550936886,"singlet"
"CID44971_GGCTCGACACGGTAAG",0.0227403268702719,"singlet"
"CID44971_GGCTGGTAGTACGACG",0.05394664568954,"singlet"
"CID44971_GTAGTCAAGGGCACTA",0.0668396045793378,"singlet"
"CID44971_GTAGTCATCAAGCCTA",0.0100512107394356,"singlet"
"CID44971_GTATCTTAGTTAACGA",0.00843923190720888,"singlet"
"CID44971_GTCACGGGTTCACGGC",0.0336881894972432,"singlet"
"CID44971_GTCCTCAAGACAGGCT",0.0155448073700749,"singlet"
"CID44971_GTGGGTCGTACCAGTT",0.0271356359604371,"singlet"
"CID44971_GTTCTCGGTCACCCAG",0.025136459408417,"singlet"
"CID44971_TACGGATGTAAGCACG",0.0519526597980103,"singlet"
"CID44971_TACTCATAGCAACGGT",0.280462142635581,"singlet"
"CID44971_TACTTGTAGCAGCGTA",0.0417707117002815,"singlet"
"CID44971_TAGTGGTTCTTGACGA",0.0331997850025903,"singlet"
"CID44971_TAGTTGGAGAGTAATC",0.0179495595134023,"singlet"
"CID44971_TAGTTGGCACGGTAAG",0.0164494934596602,"singlet"
"CID44971_TCAACGACACAAGACG",0.0290666614772045,"singlet"
"CID44971_TCAGGTAAGTCCATAC",0.0432431246116109,"singlet"
"CID44971_TCGCGAGTCCACGACG",0.154987201506927,"singlet"
"CID44971_TCGCGTTTCGGTCCGA",0.0107896387814332,"singlet"
"CID44971_TCTCTAATCACCCTCA",0.0265855505404258,"singlet"
"CID44971_TCTGGAATCAGCGATT",0.0423328326471666,"singlet"
"CID44971_TGAAAGAAGAATTGTG",0.0513038288373355,"singlet"
"CID44971_TGAAAGAGTATAAACG",0.0271627083142827,"singlet"
"CID44971_TGACGGCCACAAGACG",0.014342360002943,"singlet"
"CID44971_TGAGAGGAGCCACTAT",0.00936766630220521,"singlet"
"CID44971_TGCCAAACATATACGC",0.014671574932962,"singlet"
"CID44971_TGCCCATTCGAGGTAG",4.66575743448568e-05,"singlet"
"CID44971_TGGTTAGCAATCTACG",0.0410232930589389,"singlet"
"CID44971_TGGTTCCGTCGCCATG",0.00892214850152775,"singlet"
"CID44971_TGTATTCCATGTCCTC",0.0759126366594662,"singlet"
"CID44971_TGTTCCGCACATAACC",0.0212928440756445,"singlet"
"CID44971_TTAGGACCAGGAATCG",0.156535536020523,"singlet"
"CID44971_TTAGTTCAGAAGGACA",0.0393564875199798,"singlet"
"CID44971_TTCTACAAGTCCAGGA",0.0800575481045952,"singlet"
"CID44971_TTCTCAAGTTGAGTTC",0.0173073588362973,"singlet"
"CID44971_TTCTCCTGTCCGAGTC",0.0259802819580673,"singlet"
"CID44971_TTCTCCTTCCTCAATT",0.0413619075531983,"singlet"
"CID44971_TTGACTTTCGCGCCAA",0.0241271893176118,"singlet"
"CID44971_TTGCGTCTCGAATGGG",0.0669519853254227,"singlet"
"CID44971_TTGGAACTCTGATACG",0.0591894961170553,"singlet"
"CID44971_TTTCCTCGTAGTGAAT",0.0218656329646978,"singlet"
"CID44971_TTTGCGCTCAGCACAT",0.0230443665443175,"singlet"
"CID44971_TTTGGTTAGAGAACAG",0.0258216699299512,"singlet"
"CID44971_TTTGGTTTCCCGGATG",0.0274493173103901,"singlet"
"CID44971_ATTCTACAGTCCCACG",0.0195101104032243,"singlet"
"CID44971_CACACAATCAAAGTAG",0.0416910716668458,"singlet"
"CID44971_AAATGCCTCACCAGGC",0.0168613197273543,"singlet"
"CID44971_ATTACTCAGCTATGCT",0.00845376907893905,"singlet"
"CID44971_CCACCTAAGATGCCTT",0.0164900902062165,"singlet"
"CID44971_CCCTCCTAGTATCGAA",0.0157905267441814,"singlet"
"CID44971_TGTGTTTCAATAACGA",0.00980172210576495,"singlet"
"CID44971_AGCTCTCTCTCTGCTG",0.0738819630458778,"singlet"
"CID44971_CAGGTGCTCAACGCTA",0.0379085829458803,"singlet"
"CID44971_AACTCAGTCACAGTAC",0.0335073074788953,"singlet"
"CID44971_AGCTCCTGTTTGTGTG",0.0978388941114312,"singlet"
"CID44971_TACACGAGTATATCCG",0.0273026931681248,"singlet"
"CID44971_TGTTCCGAGACTTGAA",0.0252853213069637,"singlet"
"CID44971_TTGCCGTAGGAATTAC",0.0564615059487447,"singlet"
"CID44971_ATAGACCGTTATCGGT",0.0118370175472918,"singlet"
"CID44971_CAGTAACTCTTCGAGA",0.0206748887695524,"singlet"
"CID44971_CCTACACGTCGAATCT",0.0313586674626433,"singlet"
"CID44971_CGAATGTAGATGGGTC",0.0241355903331484,"singlet"
"CID44971_GAGGTGATCCTAAGTG",0.0244255211441763,"singlet"
"CID44971_AAATGCCTCTGAAAGA",0.00639797142195951,"singlet"
"CID44971_AACACGTCAAGCTGAG",0.00913898634900354,"singlet"
"CID44971_AACTGGTAGCCAGTAG",0.00016983610819895,"singlet"
"CID44971_AATCGGTAGCTAGGCA",0.0233880073499883,"singlet"
"CID44971_AGATTGCTCCCTCTTT",0.00878492227786489,"singlet"
"CID44971_AGGGAGTTCGGATGTT",0.00330128529824045,"singlet"
"CID44971_AGGGATGTCCGAATGT",0.0167028786219742,"singlet"
"CID44971_ATTCTACAGGCAAAGA",0.00224106570623672,"singlet"
"CID44971_ATTTCTGGTAGAGTGC",0.000213323620430098,"singlet"
"CID44971_CAACTAGGTCGCGAAA",0.0190102683797614,"singlet"
"CID44971_CACACAAAGGTAGCTG",0.00843543177822592,"singlet"
"CID44971_CACATTTGTTCTGTTT",0.0177800194157849,"singlet"
"CID44971_CAGAATCCAGCCACCA",0.0139063530108785,"singlet"
"CID44971_CATCGAACATCCGTGG",0.0284148550035589,"singlet"
"CID44971_CATCGAATCCGTCATC",0.0180739157676944,"singlet"
"CID44971_CCTAAAGGTCTCTCTG",0.0380993035812544,"singlet"
"CID44971_CCTACACGTTCCACGG",0.0178421043746214,"singlet"
"CID44971_CGATTGAGTTGCCTCT",0.0153829942150046,"singlet"
"CID44971_CGGACACCATCCCACT",0.0156107705411044,"singlet"
"CID44971_CGGACTGTCTGCCAGG",0.014395306556405,"singlet"
"CID44971_CGTCACTTCTGGTTCC",0.0428483384364451,"singlet"
"CID44971_CTCACACTCTTACCTA",0.0161999816057448,"singlet"
"CID44971_CTGGTCTGTCACTTCC",0.022815423784169,"singlet"
"CID44971_GACGGCTGTCCCGACA",0.0150174925584947,"singlet"
"CID44971_GACGGCTTCGCCCTTA",0.0227746258682265,"singlet"
"CID44971_GACGTTAAGTTCGCAT",0.0101029174228538,"singlet"
"CID44971_GATGAAAAGACAGAGA",0.00621909182836284,"singlet"
"CID44971_GATGAGGGTAAATGTG",5.58875360190142e-05,"singlet"
"CID44971_GCAGCCATCGTGGACC",0.0258380935941927,"singlet"
"CID44971_GCTGCGAGTTCCACTC",0.016840936538566,"singlet"
"CID44971_GGAAAGCAGACCCACC",0.0523548489613698,"singlet"
"CID44971_GGACAAGAGGCGTACA",0.0413186568401915,"singlet"
"CID44971_GGACGTCTCTCCAGGG",0.0137883686122573,"singlet"
"CID44971_GGCTGGTCATTCTTAC",0.0155564587917234,"singlet"
"CID44971_GGTGAAGTCCAAACTG",0.0022106262528199,"singlet"
"CID44971_GTCACAATCACATGCA",0.00879824846488889,"singlet"
"CID44971_GTCACAATCTTGCAAG",0.00897113137786557,"singlet"
"CID44971_GTGCAGCCACGTCAGC",0.00819352111985595,"singlet"
"CID44971_TACGGATAGTGAAGTT",0.0164239916658322,"singlet"
"CID44971_TCAGATGAGCCAGTTT",0.0387563045174465,"singlet"
"CID44971_TCATTACAGTTACCCA",0.0220986354329009,"singlet"
"CID44971_TCCCGATTCCCTTGTG",0.0113685172449086,"singlet"
"CID44971_TGCCCTAGTGATAAAC",0.0223716276639838,"singlet"
"CID44971_TGCGCAGCAGACTCGC",0.0192862570781921,"singlet"
"CID44971_TGTGTTTCAGGACCCT",0.036527801904635,"singlet"
"CID44971_TTTGCGCTCGGAGGTA",0.00887199493946564,"singlet"
"CID44971_ACACCCTAGCGTTGCC",0.0127707120933795,"singlet"
"CID44971_ACGCCGAAGGGAGTAA",0.00127736337184506,"singlet"
"CID44971_AGAGCGATCTGGTATG",0.00862638724056004,"singlet"
"CID44971_AGCGTATGTCATATCG",0.09222661804544,"singlet"
"CID44971_AGGGAGTAGCTATGCT",0.0151833892984643,"singlet"
"CID44971_ATCATCTAGAGATGAG",0.000730584782927531,"singlet"
"CID44971_ATGAGGGGTCGGGTCT",0.0138248497132337,"singlet"
"CID44971_CAAGGCCGTACCGAGA",0.00602178505110673,"singlet"
"CID44971_CACAAACTCAGTTTGG",0.0104200930500191,"singlet"
"CID44971_CGCCAAGAGATGCCAG",0.00488287189431033,"singlet"
"CID44971_CGGAGCTGTACCAGTT",0.0171261362489054,"singlet"
"CID44971_CTACGTCTCGCTGATA",0.0122418204630269,"singlet"
"CID44971_GAGCAGACAGAGCCAA",0.00909798144100937,"singlet"
"CID44971_GCGCAGTAGACACGAC",0.0179824878313038,"singlet"
"CID44971_GCTTCCAAGCACAGGT",0.0127804496404421,"singlet"
"CID44971_GTACTCCAGAAGGTTT",0.00647306199019078,"singlet"
"CID44971_GTCGTAAAGACCTTTG",0.0234200691552475,"singlet"
"CID44971_GTCTCGTCAATACGCT",0.0234585745267413,"singlet"
"CID44971_TACACGACACTACAGT",0.0152020582811591,"singlet"
"CID44971_TCATTACCACCTATCC",0.0084815487842846,"singlet"
"CID44971_TGAGGGAAGGTGATTA",0.0133174226904829,"singlet"
"CID44971_TTAACTCAGCAAATCA",0.0334643845709217,"singlet"
"CID44971_TTCTCCTGTACCGAGA",0.0241721996358674,"singlet"
"CID44971_CGGACGTAGATAGGAG",0.0166356693905674,"singlet"
"CID44971_TATGCCCAGCTCCTTC",0.0330286565489163,"singlet"
"CID44971_ATTGGTGAGTGTTTGC",0.165191160647815,"singlet"
"CID44971_CCGGTAGCAAGAGGCT",0.25325615021706,"singlet"
"CID44971_AGGCCGTTCATCATTC",0.145085666454646,"singlet"
"CID44971_TTCGGTCGTACTTCTT",0.208084767678993,"singlet"
"CID44971_GACTGCGGTAAGCACG",0.125991976805935,"singlet"
"CID44971_TTATGCTGTGCAACGA",0.176218298567145,"singlet"
"CID44971_AAGGAGCCACGGATAG",0.147229217005084,"singlet"
"CID44971_GTATCTTGTAGCGTCC",0.172425256475889,"singlet"
"CID44971_GTCAAGTCAGTAAGCG",0.188955920799706,"singlet"
"CID44971_CAGCAGCGTTCGTTGA",0.171651518778749,"singlet"
"CID44971_GACGGCTAGCGCTTAT",0.125272194446533,"singlet"
"CID44971_GGCCGATAGCTGTCTA",0.278221257597839,"singlet"
"CID44971_TCTCTAACAGAGCCAA",0.117871897989007,"singlet"
"CID44971_CGATGGCGTTACGCGC",0.127850986476123,"singlet"
"CID44971_CGGCTAGGTCTCCATC",0.160049896313129,"singlet"
"CID44971_CTACACCAGGAGTTGC",0.145863944679622,"singlet"
"CID44971_GACAGAGTCAGCTCGG",0.119368157778649,"singlet"
"CID44971_TTTGTCACACCACCAG",0.108682961236098,"singlet"
"CID44971_TCTGGAAGTGACTCAT",0.13211638759826,"singlet"
"CID44971_CATATTCCACATTCGA",0.151800079382735,"singlet"
"CID44971_TCGAGGCCACCACGTG",0.270207018306336,"singlet"
"CID44971_TGCCAAATCAGAAATG",0.108410390038158,"singlet"
"CID44971_GGACAGAGTTGGTGGA",0.186431167594139,"singlet"
"CID44971_GGGTCTGAGACCTAGG",0.201672821653404,"singlet"
"CID44971_TAGTGGTAGCAAATCA",0.333246668534589,"doublet"
"CID44971_ACGCCAGCAGTCTTCC",0.146371363907688,"singlet"
"CID44971_ACTGTCCGTCATACTG",0.125636005178369,"singlet"
"CID44971_ATAGACCAGCACCGTC",0.119302955105963,"singlet"
"CID44971_CGTTAGAAGGATGGTC",0.399648972051801,"doublet"
"CID44971_GCTTGAATCTTGTTTG",0.0763274598405459,"singlet"
"CID44971_GTGGGTCGTGCGCTTG",0.138326447422736,"singlet"
"CID44971_TCGCGAGGTGGTGTAG",0.10966630126423,"singlet"
"CID44971_TTTGTCAGTCTGGTCG",0.127051153579961,"singlet"
"CID44971_AGATCTGTCATCGGAT",0.244444099445967,"singlet"
"CID44971_ACGCAGCAGATATACG",0.303632014678413,"singlet"
"CID44971_CTGAAGTCACATGTGT",0.102160070359902,"singlet"
"CID44971_GTCTCGTCACCCATGG",0.237269089773282,"singlet"
"CID44971_TGCGCAGGTTAAAGTG",0.161714268766182,"singlet"
"CID44971_GTCTTCGGTGTATGGG",0.123583493630375,"singlet"
"CID44971_ATAACGCAGGTGGGTT",0.60607413256648,"doublet"
"CID44971_ACATCAGGTACATGTC",0.425541097557627,"doublet"
"CID44971_ACTGTCCGTTCCTCCA",0.242459385760326,"singlet"
"CID44971_AGGGAGTAGACTAGAT",0.146577138363286,"singlet"
"CID44971_AGTAGTCTCTTGCATT",0.15974427705766,"singlet"
"CID44971_ATAGACCCACGACTCG",0.20021721492552,"singlet"
"CID44971_ATCATCTCATGACGGA",0.127103635412117,"singlet"
"CID44971_ATCCACCGTAAACACA",0.0918941985420715,"singlet"
"CID44971_ATCCACCTCTTTCCTC",0.150729225765111,"singlet"
"CID44971_ATTTCTGTCGCGCCAA",0.0914997046503083,"singlet"
"CID44971_CAAGAAAGTATAGGTA",0.307298081940691,"singlet"
"CID44971_CACCAGGCAAGGACTG",0.345959990531105,"doublet"
"CID44971_CATCAAGTCCGATATG",0.0813275530351645,"singlet"
"CID44971_CATCAGACACCAGTTA",0.0931042902501051,"singlet"
"CID44971_CATCCACGTTGGACCC",0.0684603574787002,"singlet"
"CID44971_CCACTACCAAGCTGTT",0.0654438549700136,"singlet"
"CID44971_CCCAGTTGTACCTACA",0.0915504419327795,"singlet"
"CID44971_CGATCGGTCGTACGGC",0.173732146566769,"singlet"
"CID44971_CGCGTTTAGAGATGAG",0.206656221210083,"singlet"
"CID44971_CGTCAGGAGTACGTAA",0.467576801238854,"doublet"
"CID44971_CGTCAGGGTAGGGACT",0.203807014755503,"singlet"
"CID44971_CGTGTAATCGCACTCT",0.209906066725242,"singlet"
"CID44971_CTAATGGGTGGACGAT",0.264323068091377,"singlet"
"CID44971_CTGCTGTTCTGCGGCA",0.0441165272823474,"singlet"
"CID44971_CTTAACTGTTCTGGTA",0.0909963898664934,"singlet"
"CID44971_GACCAATCAAAGCAAT",0.289592995297185,"singlet"
"CID44971_GACTAACCATCCGCGA",0.127885049657641,"singlet"
"CID44971_GACTAACGTCAGATAA",0.337370354954352,"doublet"
"CID44971_GATGAAAGTCAAGCGA",0.101327698011117,"singlet"
"CID44971_GCATGATCAATGGAGC",0.212040963067893,"singlet"
"CID44971_GCTCTGTCATCGATGT",0.105264539951592,"singlet"
"CID44971_GCTGGGTAGCCAGGAT",0.224898054805534,"singlet"
"CID44971_GGACATTAGGTGTTAA",0.120809447734033,"singlet"
"CID44971_GGCAATTGTCATTAGC",0.0986474611042104,"singlet"
"CID44971_GGCTGGTAGACTAAGT",0.230620459805524,"singlet"
"CID44971_GTATTCTGTTACAGAA",0.141131647915421,"singlet"
"CID44971_GTCACGGGTTTGGGCC",0.161625309942953,"singlet"
"CID44971_GTTTCTATCCAGGGCT",0.10749817298255,"singlet"
"CID44971_TACCTATTCCTATGTT",0.069491382770236,"singlet"
"CID44971_TAGACCATCTCTGTCG",0.0764818027863569,"singlet"
"CID44971_TCAATCTAGATGGCGT",0.16312914331227,"singlet"
"CID44971_TCAGGTATCAAAGTAG",0.197656833982132,"singlet"
"CID44971_TCCACACTCGGTCTAA",0.102047266120908,"singlet"
"CID44971_TCGCGAGGTGAACCTT",0.144654326310947,"singlet"
"CID44971_TCTGGAATCGCTAGCG",0.040127458391853,"singlet"
"CID44971_TGACAACGTCAAAGAT",0.259669984086424,"singlet"
"CID44971_TGACAACGTCTTCGTC",0.0756943060010618,"singlet"
"CID44971_TGGCCAGCATATGCTG",0.442189886659405,"doublet"
"CID44971_TGGGAAGAGCAGACTG",0.120640557630532,"singlet"
"CID44971_TGTTCCGGTCTCATCC",0.0726815035240244,"singlet"
"CID44971_TTAACTCCACGAAACG",0.151950096442007,"singlet"
"CID44971_TTCTCAAAGGAGTCTG",0.269099233373991,"singlet"
"CID44971_TTCTTAGTCCGCTGTT",0.130249972910575,"singlet"
"CID44971_TTGCCGTTCGAACGGA",0.512464845246147,"doublet"
"CID44971_AACGTTGGTGGTGTAG",0.172859269476878,"singlet"
"CID44971_AACTGGTCACGGCTAC",0.187661611233041,"singlet"
"CID44971_AAGGTTCCAACTGCTA",0.40703338971986,"doublet"
"CID44971_ACATGGTAGTCGATAA",0.166045154638442,"singlet"
"CID44971_ACTGAACCACGAGGTA",0.141235407463675,"singlet"
"CID44971_ACTGAGTTCAATACCG",0.294599456010261,"singlet"
"CID44971_ATCCACCGTCTAACGT",0.146124582530846,"singlet"
"CID44971_ATGGGAGCATCACGAT",0.438118796926327,"doublet"
"CID44971_CAGCTAACACAACGCC",0.149150645091381,"singlet"
"CID44971_CCTACACTCTCGCTTG",0.140780580999028,"singlet"
"CID44971_CGAACATTCTCATTCA",0.172152955342373,"singlet"
"CID44971_CGATGGCGTTGCGCAC",0.303605571661874,"singlet"
"CID44971_CGTTGGGTCACTTATC",0.151494059046583,"singlet"
"CID44971_GAACCTACATTCACTT",0.13493657613669,"singlet"
"CID44971_GAAGCAGCACATCTTT",0.0927692475493453,"singlet"
"CID44971_GATCGATGTACATCCA",0.262192509085475,"singlet"
"CID44971_GATCGTAAGAGTACCG",0.160317855329888,"singlet"
"CID44971_GCAGCCAGTAAATACG",0.46291701027225,"doublet"
"CID44971_GCAGTTAAGTTGTCGT",0.25597629799863,"singlet"
"CID44971_GCATACAAGCGATTCT",0.17774202324793,"singlet"
"CID44971_GGCAATTAGATTACCC",0.191826905903445,"singlet"
"CID44971_GTCACGGCATTCCTGC",0.0641278020493287,"singlet"
"CID44971_GTCATTTCACCACCAG",0.119945017392268,"singlet"
"CID44971_GTGCAGCAGGCTAGAC",0.113231932677376,"singlet"
"CID44971_TAAGAGACAAAGCAAT",0.181358836877244,"singlet"
"CID44971_TGACTAGAGTAAGTAC",0.180502846259638,"singlet"
"CID44971_TGCGCAGAGATGGCGT",0.161898073396007,"singlet"
"CID44971_TGGCCAGAGGGTCGAT",0.240056003801788,"singlet"
"CID44971_TGTGTTTAGCCGTCGT",0.190784905064294,"singlet"
"CID44971_TGTGTTTAGTACGTTC",0.340110964820191,"doublet"
"CID44971_GGCGACTTCCAACCAA",0.121092803715557,"singlet"
"CID44971_TATTACCAGTACGACG",0.152647144991164,"singlet"
"CID44971_CGAGCCACATACTACG",0.325788468167441,"singlet"
"CID44971_CCTTCGAAGCGGCTTC",0.28976263486308,"singlet"
"CID44971_AGGCCGTTCCGTAGTA",0.167571970847744,"singlet"
"CID44971_ACCTTTAGTCTTCGTC",0.187500139127305,"singlet"
"CID44971_TCTGAGATCCCAACGG",0.226793646657364,"singlet"
"CID44971_TTGCCGTAGGGAGTAA",0.233031313477979,"singlet"
"CID44971_AAAGCAATCTAGCACA",0.314388201111005,"singlet"
"CID44971_ACATGGTCAGCTCCGA",0.235472446682301,"singlet"
"CID44971_ACCGTAACACGAGAGT",0.157008587674602,"singlet"
"CID44971_AGCGGTCGTCTCTTAT",0.15322437682202,"singlet"
"CID44971_ATAAGAGCAATAACGA",0.180449702748682,"singlet"
"CID44971_ATCATGGCAGGGTTAG",0.121006483372855,"singlet"
"CID44971_CAACTAGTCACAAACC",0.0784483578031333,"singlet"
"CID44971_CAAGGCCCATGGGAAC",0.26194517042241,"singlet"
"CID44971_CCTAAAGGTAGAGTGC",0.201046329352822,"singlet"
"CID44971_CGAGAAGGTCTGCAAT",0.23866303867722,"singlet"
"CID44971_CGCTGGAAGCGATATA",0.0766000874836393,"singlet"
"CID44971_GATCTAGTCGGCGGTT",0.355909045476586,"doublet"
"CID44971_GCATACAGTGTCTGAT",0.0524807864654401,"singlet"
"CID44971_GTGTGCGTCGAGAGCA",0.0943565821966172,"singlet"
"CID44971_TACCTTAAGGTCGGAT",0.454411258902985,"doublet"
"CID44971_TCACGAAGTCCCGACA",0.287376668406568,"singlet"
"CID44971_TGTGGTATCAAAGACA",0.113506513221205,"singlet"
"CID44971_TTTGCGCGTGGCTCCA",0.2238311993445,"singlet"
"CID44971_AAAGATGTCCAAGCCG",0.147760356488258,"singlet"
"CID44971_AAAGCAAGTATAGGGC",0.379164324198807,"doublet"
"CID44971_AACCATGAGTACATGA",0.220831092631493,"singlet"
"CID44971_AACTCTTCACATTTCT",0.190533393453506,"singlet"
"CID44971_AACTGGTTCAACTCTT",0.13500871599482,"singlet"
"CID44971_AAGACCTAGATCGGGT",0.102303930194343,"singlet"
"CID44971_AAGGAGCGTAGCTTGT",0.27674531517326,"singlet"
"CID44971_AAGGAGCTCTGCCCTA",0.35814123275161,"doublet"
"CID44971_ACGAGGAAGACAGACC",0.249186632836826,"singlet"
"CID44971_ACGCCGAAGCCAGTAG",0.545836937608386,"doublet"
"CID44971_ACGCCGATCTAGAGTC",0.0981445152824105,"singlet"
"CID44971_ACTTGTTTCCGTAGGC",0.216491577723049,"singlet"
"CID44971_AGAATAGCATAGAAAC",0.312125457719509,"singlet"
"CID44971_AGCCTAATCGCGGATC",0.39333491161457,"doublet"
"CID44971_CAAGAAATCGCGATCG",0.464289091980764,"doublet"
"CID44971_CAAGATCCAGGCTCAC",0.220449552017291,"singlet"
"CID44971_CACAAACGTCTACCTC",0.608870118838528,"doublet"
"CID44971_CACCAGGTCTGCCAGG",0.278996293507104,"singlet"
"CID44971_CAGCATACATAGTAAG",0.190189143722189,"singlet"
"CID44971_CATGACAAGCCTATGT",0.144194432978835,"singlet"
"CID44971_CATGGCGGTAATAGCA",0.587983690816865,"doublet"
"CID44971_CATTCGCAGGTCGGAT",0.445497980777568,"doublet"
"CID44971_CCGTTCAAGTGCTGCC",0.442530382364115,"doublet"
"CID44971_CCTAGCTTCCGCGTTT",0.151192127952796,"singlet"
"CID44971_CGACCTTAGGTGATTA",0.463369586325948,"doublet"
"CID44971_CGGACGTAGTGTTAGA",0.474153203161978,"doublet"
"CID44971_CGGAGCTTCTTAGAGC",0.265754143130175,"singlet"
"CID44971_CGGAGTCTCGATAGAA",0.191058184923752,"singlet"
"CID44971_CGTCAGGAGATAGGAG",0.194587472755076,"singlet"
"CID44971_CTACCCAAGGTCGGAT",0.0607226539104024,"singlet"
"CID44971_CTCGAAACAGGGTATG",0.205157618983348,"singlet"
"CID44971_CTTGGCTAGCGATGAC",0.183213786559451,"singlet"
"CID44971_GACGGCTAGAGCTGGT",0.34310886737976,"doublet"
"CID44971_GCTCTGTGTTGCTCCT",0.204918416157668,"singlet"
"CID44971_GCTGCGAAGAAGGTGA",0.190996898188968,"singlet"
"CID44971_GGTGCGTTCCCAACGG",0.0849609641363354,"singlet"
"CID44971_GTACTTTGTAGATTAG",0.280096911424782,"singlet"
"CID44971_GTGTGCGGTGTGCCTG",0.486781031884479,"doublet"
"CID44971_TACGGTAGTTCATGGT",0.274007387014064,"singlet"
"CID44971_TAGTGGTGTGTATGGG",0.0669282459932409,"singlet"
"CID44971_TATGCCCTCAAGGTAA",0.187166609985008,"singlet"
"CID44971_TCAGCTCAGTAACCCT",0.557544491582423,"doublet"
"CID44971_TCAGGATCAAGAGTCG",0.392868830708334,"doublet"
"CID44971_TCATTACCAACACCCG",0.147062811273311,"singlet"
"CID44971_TCGCGTTTCAGGTAAA",0.34706500828755,"doublet"
"CID44971_TCTTTCCTCTGCTGTC",0.411301614131766,"doublet"
"CID44971_TGCCCTACAAATTGCC",0.187631362334357,"singlet"
"CID44971_TGGACGCAGACTTTCG",0.56044196414775,"doublet"
"CID44971_TGTGGTAAGCTGCCCA",0.15369872727182,"singlet"
"CID44971_TTAACTCTCGAGGTAG",0.155932758394105,"singlet"
"CID44971_TTAGGCAGTCAAAGCG",0.265760431818428,"singlet"
"CID44971_TTCTCAATCTTCATGT",0.16296254746062,"singlet"
"CID44971_TTGAACGGTAGAGGAA",0.587628152283731,"doublet"
"CID44971_TTGGAACTCTGCGACG",0.268311973019027,"singlet"
"CID44971_CAACCAATCGACCAGC",0.248930579534243,"singlet"
"CID44971_GTAGTCATCGCTTAGA",0.237620407912273,"singlet"
"CID44971_AAACCTGTCAGCGATT",0.28649542506267,"singlet"
"CID44971_AAACGGGAGCTGAACG",0.20033365716826,"singlet"
"CID44971_AAATGCCAGGGCTTCC",0.240428803042663,"singlet"
"CID44971_AACTCAGGTACTCAAC",0.103273979655601,"singlet"
"CID44971_AACTGGTAGTGTCCAT",0.09911149742968,"singlet"
"CID44971_AACTTTCGTGCTAGCC",0.14582669473655,"singlet"
"CID44971_AAGACCTAGCGTGAGT",0.235929832642922,"singlet"
"CID44971_AAGCCGCCAGGTCCAC",0.139845222179488,"singlet"
"CID44971_AAGGAGCAGGATTCGG",0.369069848980331,"doublet"
"CID44971_AAGGCAGTCGCCAAAT",0.314430934424898,"singlet"
"CID44971_ACATCAGGTCCAGTTA",0.201058531900742,"singlet"
"CID44971_ACGATACAGACTTGAA",0.118201515900548,"singlet"
"CID44971_ACGCCAGAGTGTACCT",0.306893875281152,"singlet"
"CID44971_ACGCCAGGTCCGAACC",0.113296586632951,"singlet"
"CID44971_ACGCCAGTCGAATCCA",0.245238805706104,"singlet"
"CID44971_ACGCCAGTCTGCAGTA",0.51220583861286,"doublet"
"CID44971_ACGGAGAGTCAAGCGA",0.579301801384144,"doublet"
"CID44971_ACGGGCTGTTAGAACA",0.214776676384346,"singlet"
"CID44971_ACGTCAAGTCAAAGCG",0.0574791149784917,"singlet"
"CID44971_ACGTCAATCTTGCAAG",0.258238404916504,"singlet"
"CID44971_ACTATCTGTTCAGCGC",0.308637148954975,"singlet"
"CID44971_ACTGAGTAGGGAACGG",0.195987693074173,"singlet"
"CID44971_AGAATAGGTCCTCCAT",0.187463530491013,"singlet"
"CID44971_AGACGTTTCATGCATG",0.121072955168387,"singlet"
"CID44971_AGCGGTCAGACCTAGG",0.243092192033563,"singlet"
"CID44971_AGCGGTCGTTACCGAT",0.142049384711495,"singlet"
"CID44971_AGCTCTCGTCGTCTTC",0.0981302840033247,"singlet"
"CID44971_AGCTTGACAGTCGTGC",0.236429829664541,"singlet"
"CID44971_AGGCCACAGGACGAAA",0.298563157907729,"singlet"
"CID44971_AGGCCGTAGTCCCACG",0.366252578790638,"doublet"
"CID44971_AGTGGGACAAGAGTCG",0.212283342721299,"singlet"
"CID44971_ATCTACTAGAACAACT",0.306217853355177,"singlet"
"CID44971_ATGTGTGTCAACGGCC",0.46673214921026,"doublet"
"CID44971_ATTGGTGCAGCTCCGA",0.546579522127698,"doublet"
"CID44971_ATTGGTGTCTTGCATT",0.250334490319694,"singlet"
"CID44971_ATTTCTGCAAGGACAC",0.167824092292041,"singlet"
"CID44971_CAACCTCAGTTATCGC",0.286434174470097,"singlet"
"CID44971_CAACTAGCACGGCTAC",0.150067051292864,"singlet"
"CID44971_CAAGAAACACAAGACG",0.0942280263081819,"singlet"
"CID44971_CACACTCGTAGTGAAT",0.120947763437414,"singlet"
"CID44971_CACAGTAAGCTACCTA",0.122191004548635,"singlet"
"CID44971_CACATAGTCCCTTGCA",0.283005998136194,"singlet"
"CID44971_CACATTTCAGCTGTGC",0.140419928462657,"singlet"
"CID44971_CACCAGGAGTCATGCT",0.127910494269463,"singlet"
"CID44971_CACCTTGCACCAGTTA",0.407190586149047,"doublet"
"CID44971_CACCTTGGTTATCACG",0.121506130790089,"singlet"
"CID44971_CACTCCAGTGCCTTGG",0.269848626240795,"singlet"
"CID44971_CAGAATCCAAGCCTAT",0.281014859540467,"singlet"
"CID44971_CAGCCGACACTTGGAT",0.348764484892399,"doublet"
"CID44971_CAGCTGGGTCGCGGTT",0.150004267613349,"singlet"
"CID44971_CATCAGAGTCATCCCT",0.110093361478364,"singlet"
"CID44971_CATCAGAGTGCTGTAT",0.161080247844273,"singlet"
"CID44971_CATCCACGTCTTCTCG",0.0931655780024774,"singlet"
"CID44971_CATGCCTAGGTGCTTT",0.137484097887946,"singlet"
"CID44971_CATGGCGCAACACCTA",0.446276870780869,"doublet"
"CID44971_CATGGCGGTCCGAAGA",0.217070089750527,"singlet"
"CID44971_CATTATCTCAAACAAG",0.352947080236614,"doublet"
"CID44971_CCAGCGACACACGCTG",0.428635201176798,"doublet"
"CID44971_CCCAGTTTCCACGACG",0.548901256597926,"doublet"
"CID44971_CCGGTAGAGCAGCCTC",0.220617169264885,"singlet"
"CID44971_CCGGTAGCACCGAATT",0.631317270294677,"doublet"
"CID44971_CCTAAAGCAAGCGAGT",0.140785522462251,"singlet"
"CID44971_CCTACCATCAACGGGA",0.283552809305756,"singlet"
"CID44971_CCTAGCTCAATAGAGT",0.0820357143899654,"singlet"
"CID44971_CCTAGCTGTCCGCTGA",0.263315108982101,"singlet"
"CID44971_CCTTCGAGTCATACTG",0.0767995532735583,"singlet"
"CID44971_CCTTTCTAGTCCCACG",0.171075978886749,"singlet"
"CID44971_CCTTTCTGTCTTCTCG",0.0660178203562832,"singlet"
"CID44971_CGACCTTGTAGGGTAC",0.374380554741653,"doublet"
"CID44971_CGACCTTTCGCAGGCT",0.403008954485991,"doublet"
"CID44971_CGACTTCGTAACGACG",0.117270600771922,"singlet"
"CID44971_CGAGCCACACCAGTTA",0.175822529546277,"singlet"
"CID44971_CGAGCCAGTACTCGCG",0.273076922863012,"singlet"
"CID44971_CGAGCCAGTAGGGACT",0.150453542550387,"singlet"
"CID44971_CGATGGCTCACGATGT",0.121114715889843,"singlet"
"CID44971_CGATGTATCTGTCAAG",0.221954934908718,"singlet"
"CID44971_CGCCAAGTCCCTGACT",0.164049052907697,"singlet"
"CID44971_CGCTATCAGACCACGA",0.404722291685893,"doublet"
"CID44971_CGCTATCTCGCCAAAT",0.28943501299442,"singlet"
"CID44971_CGGACACGTCCTAGCG",0.167491350151129,"singlet"
"CID44971_CGGAGCTTCAGCTCTC",0.107862654580108,"singlet"
"CID44971_CGGGTCATCAATCACG",0.106487281755884,"singlet"
"CID44971_CGGTTAAGTACCGAGA",0.314275616835974,"singlet"
"CID44971_CGTCAGGAGTCGAGTG",0.247903361839446,"singlet"
"CID44971_CGTCCATAGGGCTCTC",0.215927381343379,"singlet"
"CID44971_CGTCTACAGCTACCTA",0.190075886881184,"singlet"
"CID44971_CGTGAGCCATTATCTC",0.395929379780756,"doublet"
"CID44971_CGTGTAACATAGGATA",0.164663496142591,"singlet"
"CID44971_CGTGTCTTCTGTCCGT",0.164982184140912,"singlet"
"CID44971_CTAACTTGTGGCCCTA",0.126182912402594,"singlet"
"CID44971_CTACATTGTGGACGAT",0.316247274520152,"singlet"
"CID44971_CTACATTGTTGATTGC",0.089904900903147,"singlet"
"CID44971_CTAGAGTTCTCGATGA",0.100059370831786,"singlet"
"CID44971_CTAGCCTGTGTAATGA",0.440320627702853,"doublet"
"CID44971_CTCCTAGCATGTAGTC",0.302731517699284,"singlet"
"CID44971_CTCGAAACACATGACT",0.61151948402791,"doublet"
"CID44971_CTCGTACCACGTCAGC",0.0762690217144688,"singlet"
"CID44971_CTCGTACGTGTGGTTT",0.0283094212436403,"singlet"
"CID44971_CTCGTACTCCTTTACA",0.345778142915784,"doublet"
"CID44971_CTCGTCAAGCTCCTTC",0.349448929435348,"doublet"
"CID44971_CTCGTCAAGTATCGAA",0.0814674064809212,"singlet"
"CID44971_CTCGTCATCATTGCCC",0.331421042710603,"doublet"
"CID44971_CTCTAATGTCTAGAGG",0.0483200054810541,"singlet"
"CID44971_CTCTAATTCTACGAGT",0.223342956101482,"singlet"
"CID44971_CTCTGGTAGAGTAAGG",0.121213567400302,"singlet"
"CID44971_CTGATAGTCCAAATGC",0.0788307082027255,"singlet"
"CID44971_CTGCCTACAAAGGAAG",0.220056970306129,"singlet"
"CID44971_CTGCGGAGTAGAGCTG",0.153235607675606,"singlet"
"CID44971_CTGGTCTGTCATATGC",0.349588484493305,"doublet"
"CID44971_CTTACCGCACCTCGTT",0.310264479411921,"singlet"
"CID44971_CTTTGCGTCCCTTGTG",0.172888379212516,"singlet"
"CID44971_GAAACTCAGCCCAATT",0.298294865831298,"singlet"
"CID44971_GAAACTCAGGAGTTGC",0.221843538277367,"singlet"
"CID44971_GAACATCCATGGTCAT",0.0557743196183513,"singlet"
"CID44971_GACAGAGTCCAACCAA",0.155650723476009,"singlet"
"CID44971_GACCTGGGTGTGAAAT",0.138225033885928,"singlet"
"CID44971_GACGTGCAGACATAAC",0.0679479176770608,"singlet"
"CID44971_GACGTGCTCGGAATCT",0.114922648291345,"singlet"
"CID44971_GACGTTACATCAGTCA",0.290746858669178,"singlet"
"CID44971_GACTGCGGTACAAGTA",0.532762014253399,"doublet"
"CID44971_GACTGCGGTCTGGAGA",0.368271412106126,"doublet"
"CID44971_GAGGTGAAGCGATTCT",0.503059433118873,"doublet"
"CID44971_GAGGTGATCCGTCAAA",0.0960293846537478,"singlet"
"CID44971_GAGTCCGAGGAGTCTG",0.403055426797947,"doublet"
"CID44971_GATCAGTCATCCTAGA",0.343912719090451,"doublet"
"CID44971_GATCGTACATTGTGCA",0.0730100016220519,"singlet"
"CID44971_GATGAGGGTACTCTCC",0.357501576555952,"doublet"
"CID44971_GATTCAGAGACAGGCT",0.150881121422334,"singlet"
"CID44971_GCAAACTGTCGCGAAA",0.378078482259567,"doublet"
"CID44971_GCAATCAGTCTAGCCG",0.0773286727670681,"singlet"
"CID44971_GCAGCCAAGTAACCCT",0.147793542352508,"singlet"
"CID44971_GCATGATCACAGCGTC",0.238981719501523,"singlet"
"CID44971_GCATGTAAGATGTGGC",0.0545297692064039,"singlet"
"CID44971_GCCAAATAGCTCCCAG",0.33588588707915,"doublet"
"CID44971_GCGAGAAGTATTCGTG",0.0600171852065259,"singlet"
"CID44971_GCGCAACTCATGCATG",0.0971236131589133,"singlet"
"CID44971_GCGCCAAAGCAATCTC",0.226575854617012,"singlet"
"CID44971_GCGCCAATCGCCAGCA",0.561977959614912,"doublet"
"CID44971_GCGGGTTTCCTTGGTC",0.284908301127298,"singlet"
"CID44971_GCGGGTTTCTGCTGCT",0.151116126469829,"singlet"
"CID44971_GCTGCAGGTCATTAGC",0.545780852365244,"doublet"
"CID44971_GCTGCAGTCCGAAGAG",0.47921463571773,"doublet"
"CID44971_GCTTCCATCTGTACGA",0.242089028670243,"singlet"
"CID44971_GCTTGAATCTTGTCAT",0.421892299516103,"doublet"
"CID44971_GGAAAGCAGGTGCACA",0.128840864467439,"singlet"
"CID44971_GGAAAGCGTACCATCA",0.2817898262778,"singlet"
"CID44971_GGAACTTTCCAAAGTC",0.140668189290644,"singlet"
"CID44971_GGATGTTTCCAGAAGG",0.091720570133816,"singlet"
"CID44971_GGCCGATAGAAGGGTA",0.218718820914843,"singlet"
"CID44971_GGCTGGTGTCAAAGAT",0.237977863632718,"singlet"
"CID44971_GGGACCTCACAGACAG",0.332317181370437,"doublet"
"CID44971_GGGAGATAGGACCACA",0.264575540735416,"singlet"
"CID44971_GGGAGATGTCTGCCAG",0.314658041636415,"singlet"
"CID44971_GGGATGACAATGTAAG",0.186772987648059,"singlet"
"CID44971_GGGCACTGTCTCTCTG",0.56079937875785,"doublet"
"CID44971_GGTATTGAGTGCCATT",0.261274901198327,"singlet"
"CID44971_GGTGTTAAGTTAGGTA",0.272977549567601,"singlet"
"CID44971_GTAACGTAGTGAACGC",0.493394510907441,"doublet"
"CID44971_GTATCTTCACGTAAGG",0.226637220395418,"singlet"
"CID44971_GTATTCTGTCGAATCT",0.0826661120691354,"singlet"
"CID44971_GTCACGGCACTCGACG",0.383621349697352,"doublet"
"CID44971_GTCATTTAGACGACGT",0.306273568812907,"singlet"
"CID44971_GTCATTTTCAATCTCT",0.256243575105597,"singlet"
"CID44971_GTCGGGTCAAGAGGCT",0.199319181892285,"singlet"
"CID44971_GTCGGGTTCAATCTCT",0.493680870418961,"doublet"
"CID44971_GTCTTCGGTCCAAGTT",0.131893970594833,"singlet"
"CID44971_GTCTTCGGTGACTCAT",0.616071445517331,"doublet"
"CID44971_GTGCGGTCATAACCTG",0.235742556155847,"singlet"
"CID44971_GTGCTTCAGAGCCTAG",0.408173797460627,"doublet"
"CID44971_GTGCTTCCACGCTTTC",0.17906193966837,"singlet"
"CID44971_GTGTTAGCACCTATCC",0.443100125044291,"doublet"
"CID44971_GTTACAGGTAAGTGTA",0.545511373889651,"doublet"
"CID44971_GTTCATTGTCAGAAGC",0.156409083494845,"singlet"
"CID44971_TAAACCGCAGAGTGTG",0.537620262897949,"doublet"
"CID44971_TAAACCGTCATTGCCC",0.188577222830331,"singlet"
"CID44971_TACCTATAGGCCCTTG",0.280688238417317,"singlet"
"CID44971_TACGGGCTCACCGGGT",0.297033571980918,"singlet"
"CID44971_TACTCGCAGGCTACGA",0.512010158029995,"doublet"
"CID44971_TACTTACTCGTGACAT",0.220211569795356,"singlet"
"CID44971_TACTTGTAGATGCGAC",0.558810366627847,"doublet"
"CID44971_TAGACCACATGTCTCC",0.123682084531065,"singlet"
"CID44971_TAGTGGTAGTAACCCT",0.411864537517575,"doublet"
"CID44971_TATTACCGTTGATTCG",0.130604118917371,"singlet"
"CID44971_TCGGGACCACCTTGTC",0.193107049802518,"singlet"
"CID44971_TCTGAGAGTTCCTCCA",0.242723598807227,"singlet"
"CID44971_TCTTCGGTCAAAGACA",0.276892910136341,"singlet"
"CID44971_TCTTCGGTCGGATGTT",0.139303075876493,"singlet"
"CID44971_TCTTCGGTCTGTCAAG",0.188669417398871,"singlet"
"CID44971_TGAAAGACACAGCCCA",0.149787350670492,"singlet"
"CID44971_TGACAACAGGCTCATT",0.0888179454161036,"singlet"
"CID44971_TGACTAGTCGTCACGG",0.26418010631555,"singlet"
"CID44971_TGCTACCAGCGGATCA",0.479711193006418,"doublet"
"CID44971_TGCTACCAGTCACGCC",0.306247428436791,"singlet"
"CID44971_TGCTACCGTCCAGTAT",0.0648188153933514,"singlet"
"CID44971_TGCTGCTTCCTCTAGC",0.210041553807782,"singlet"
"CID44971_TGGCGCAAGCTAAACA",0.163943404368466,"singlet"
"CID44971_TGGTTAGAGGAGCGAG",0.193311940888173,"singlet"
"CID44971_TGTATTCAGCGAAGGG",0.116730801800036,"singlet"
"CID44971_TTAACTCAGTAACCCT",0.535487530036951,"doublet"
"CID44971_TTAGGCACATCCTAGA",0.183539862171225,"singlet"
"CID44971_TTAGTTCAGAAACCAT",0.19165710468609,"singlet"
"CID44971_TTCCCAGGTTCCGTCT",0.513332379658995,"doublet"
"CID44971_TTCGAAGCACGCATCG",0.266904365953231,"singlet"
"CID44971_TTCGGTCTCTTCATGT",0.170151660368361,"singlet"
"CID44971_TTGAACGAGTGTACGG",0.22269611916086,"singlet"
"CID44971_TTGTAGGCAGCTCGAC",0.136581608899738,"singlet"
"CID44971_TTTACTGAGGGCACTA",0.535777394450486,"doublet"
"CID44971_TTTACTGTCCACGTGG",0.386556812136535,"doublet"
"CID44971_TTTATGCCATACTACG",0.270642524609193,"singlet"
"CID44971_TTTCCTCAGTACACCT",0.214017382478188,"singlet"
"CID44971_TTTGGTTCACGTTGGC",0.321774483621259,"singlet"
"CID44971_TTTGTCACAAAGGAAG",0.126982363080312,"singlet"
"CID44971_TTTGTCATCAAACGGG",0.0694124720306365,"singlet"
"CID44971_AGGGTGACATAAGACA",0.211224275087848,"singlet"
"CID44971_TCACAAGTCTACTCAT",0.119008184830397,"singlet"
"CID44971_GTACGTAGTCGCATCG",0.198631295021612,"singlet"
"CID44971_ACACCAAAGAATTCCC",0.217666103985205,"singlet"
"CID44971_CAACCAAAGCTGCAAG",0.430103850889087,"doublet"
"CID44971_AACTCCCCAGACACTT",0.182760023115756,"singlet"
"CID44971_GGGCATCCATACAGCT",0.190198880090337,"singlet"
"CID44971_TGACTAGTCCGTCATC",0.0289670759127336,"singlet"
"CID44971_TACTTACTCCGAAGAG",0.270366154292058,"singlet"
"CID44971_AAAGTAGAGGATGGTC",0.0869622965299333,"singlet"
"CID44971_ACGTCAATCATGCAAC",0.0763920284084883,"singlet"
"CID44971_ATGTGTGGTAGTACCT",0.122264937616694,"singlet"
"CID44971_CACACAACAAGCTGTT",0.116010287354139,"singlet"
"CID44971_CAGTAACTCGCGTTTC",0.102110167988301,"singlet"
"CID44971_CTTAACTGTAGCTAAA",0.426901531377806,"doublet"
"CID44971_TCATTTGGTCTCGTTC",0.102237291242347,"singlet"
"CID44971_CTTAACTAGAGACGAA",0.159073610085817,"singlet"
"CID44971_GACCAATAGGTGGGTT",0.291548555109152,"singlet"
"CID44971_TACCTATGTCTTCAAG",0.247067836019589,"singlet"
"CID44971_TATTACCAGGGCACTA",0.141298055313232,"singlet"
"CID44971_TCAACGAGTGTGAAAT",0.258574166233285,"singlet"
"CID44971_TGACGGCAGCACCGTC",0.131298662577677,"singlet"
"CID44971_TTGGAACCAGCTCGCA",0.070032130570094,"singlet"
"CID44971_GTTCTCGCATGTAAGA",0.077672073334328,"singlet"
"CID44971_GAATAAGTCAACCATG",0.210456261248086,"singlet"
"CID44971_TTCTCCTTCAAACCGT",0.0817889065899549,"singlet"
"CID44971_AGCAGCCCAGGTCTCG",0.11480862183939,"singlet"
"CID44971_ATCGAGTAGGCTCAGA",0.422674501838885,"doublet"
"CID44971_CCCAGTTAGTGGAGTC",0.477385241489977,"doublet"
"CID44971_ACTTTCATCCGCAGTG",0.135477111555869,"singlet"
"CID44971_AGGCCGTGTCAACATC",0.224875402317443,"singlet"
"CID44971_AGGGAGTAGCGACGTA",0.177703415307165,"singlet"
"CID44971_AGTGTCAAGAACAACT",0.0842685798325489,"singlet"
"CID44971_CACACTCAGCACACAG",0.406200065671076,"doublet"
"CID44971_CCTTCGATCACCTCGT",0.154115566869417,"singlet"
"CID44971_GTCAAGTCATGCCTTC",0.105912952988274,"singlet"
"CID44971_GTTTCTAGTTACGGAG",0.477485914105974,"doublet"
"CID44971_TCAGGATGTAAGTGTA",0.133348478678349,"singlet"
"CID44971_TGCCAAATCCAGGGCT",0.0993835531856606,"singlet"
"CID44971_AAGGAGCGTAACGACG",0.399442288057371,"doublet"
"CID44971_AACTCAGAGCCTATGT",0.10049027829365,"singlet"
"CID44971_AAGTCTGAGCTGCCCA",0.0361067477336635,"singlet"
"CID44971_ACACCAAAGTTCGATC",0.111191297562944,"singlet"
"CID44971_ACACCGGAGGGATCTG",0.198794631670277,"singlet"
"CID44971_ACCAGTAAGCGTGAAC",0.0989901252092923,"singlet"
"CID44971_ACCCACTTCACCATAG",0.164755586897098,"singlet"
"CID44971_ACGAGCCTCCCTCAGT",0.215445752786644,"singlet"
"CID44971_ACGGGTCGTGTAATGA",0.124941267207063,"singlet"
"CID44971_ACGTCAAGTCCGTCAG",0.614458329002903,"doublet"
"CID44971_ACTGATGAGTGGGATC",0.101755199369914,"singlet"
"CID44971_ACTTGTTCAGCTGCTG",0.116213824884063,"singlet"
"CID44971_ACTTTCATCAGTTGAC",0.105737475894953,"singlet"
"CID44971_AGAATAGCATACGCCG",0.0995423422027573,"singlet"
"CID44971_AGATTGCGTAACGCGA",0.237096330276092,"singlet"
"CID44971_AGCGTATGTATAGGGC",0.482982964884715,"doublet"
"CID44971_ATCCACCGTCGCGTGT",0.104403152722962,"singlet"
"CID44971_ATGGGAGTCATTGCCC",0.0764677956724926,"singlet"
"CID44971_ATTATCCGTCTCAACA",0.144692994662185,"singlet"
"CID44971_CACATTTTCGTCGTTC",0.101244490536508,"singlet"
"CID44971_CACCACTCAATACGCT",0.111076752028366,"singlet"
"CID44971_CAGCTGGTCGAGAGCA",0.046189078616924,"singlet"
"CID44971_CAGGTGCAGATACACA",0.196077579551592,"singlet"
"CID44971_CATCAAGTCATACGGT",0.197081929262528,"singlet"
"CID44971_CATGACAGTCCGACGT",0.478531078660547,"doublet"
"CID44971_CCGTTCATCACCCGAG",0.0568680714959304,"singlet"
"CID44971_CCTCAGTGTAAAGGAG",0.0826854761155253,"singlet"
"CID44971_CGAGCACCAATCCGAT",0.230257883282864,"singlet"
"CID44971_CGAGCACTCATGTCCC",0.180264372211564,"singlet"
"CID44971_CGATGGCTCCGGCACA",0.250091575694372,"singlet"
"CID44971_CGGACGTCAGGGTACA",0.14833068798565,"singlet"
"CID44971_CGGACTGCAGCCAATT",0.526415417104904,"doublet"
"CID44971_CGTCCATGTTCCTCCA",0.0987095788735255,"singlet"
"CID44971_CTAGCCTGTCATCCCT",0.0803691522072486,"singlet"
"CID44971_CTCGGGAAGTGGACGT",0.112294116728722,"singlet"
"CID44971_CTCGTCATCACAACGT",0.120035676302678,"singlet"
"CID44971_GAAGCAGAGGAGTTGC",0.0649232120603469,"singlet"
"CID44971_GACACGCGTCGAGATG",0.130748550675846,"singlet"
"CID44971_GACGCGTGTCGAACAG",0.118087916229538,"singlet"
"CID44971_GACTAACAGGTGCACA",0.0907687308134405,"singlet"
"CID44971_GCACTCTAGTTACGGG",0.518944565475315,"doublet"
"CID44971_GCGCCAAGTCTACCTC",0.0922970335860162,"singlet"
"CID44971_GCGGGTTGTGAGGCTA",0.140708768629429,"singlet"
"CID44971_GGTGAAGCACCCAGTG",0.0982403142006572,"singlet"
"CID44971_GTATTCTAGCTGTCTA",0.0372226319817581,"singlet"
"CID44971_GTATTCTTCCAAACTG",0.122979151022353,"singlet"
"CID44971_GTGCAGCTCTCGAGTA",0.0859126855641595,"singlet"
"CID44971_GTTCTCGCAACTGGCC",0.0696391110718086,"singlet"
"CID44971_TAGCCGGCACCGGAAA",0.0468214401062776,"singlet"
"CID44971_TAGGCATCACAAGCCC",0.148415134456846,"singlet"
"CID44971_TCAGCTCAGGTGACCA",0.181751251744638,"singlet"
"CID44971_TCGCGTTCATGCATGT",0.108302406852076,"singlet"
"CID44971_TCTCTAAGTCGCGTGT",0.104467712423955,"singlet"
"CID44971_TGCACCTCAGACTCGC",0.107000230686642,"singlet"
"CID44971_TGGCCAGCAGCTGTGC",0.0985314049216044,"singlet"
"CID44971_TGGGCGTAGGAATCGC",0.245018744015851,"singlet"
"CID44971_TGTGTTTCACAACTGT",0.156906648883552,"singlet"
"CID44971_TTAGGCACATGCAACT",0.116175984268848,"singlet"
"CID44971_TTGAACGAGTGTTAGA",0.0384587386714069,"singlet"
"CID44971_ATCGAGTGTAAGCACG",0.575707231649,"doublet"
"CID44971_GGGACCTAGCCAGGAT",0.0493034777167714,"singlet"
"CID44971_TTGCCGTTCGTAGATC",0.454993718667437,"doublet"
"CID44971_AGCGTATTCTCACATT",0.124812644602589,"singlet"
"CID44971_GCTCCTAAGAGTACAT",0.186289393649954,"singlet"
"CID44971_TTCGAAGCACAACTGT",0.281119424401259,"singlet"
"CID44971_CTGCCTAGTTCCACGG",0.129971498381978,"singlet"
"CID44971_GATGAGGGTCTGGTCG",0.285337567905209,"singlet"
"CID44971_TCTTTCCGTAACGCGA",0.174151690896872,"singlet"
"CID44971_AAGGTTCAGGCATGTG",0.108384715490824,"singlet"
"CID44971_GGTGAAGCAAAGTCAA",0.281029042690151,"singlet"
"CID44971_CAAGAAAAGAATGTGT",0.105690321772864,"singlet"
"CID44971_CGGCTAGTCTCAAGTG",0.16513256661192,"singlet"
"CID44971_GGTATTGGTATGGTTC",0.179524646211266,"singlet"
"CID44971_ACTGAGTTCTGGAGCC",0.365165102574287,"doublet"
"CID44971_AGTCTTTCATTAGGCT",0.220651838747876,"singlet"
"CID44971_CCAATCCCAGCTTAAC",0.283464631916853,"singlet"
"CID44971_GGAGCAACAGCGAACA",0.315012284232899,"singlet"
"CID44971_GTCTCGTGTCGGCACT",0.224973248117248,"singlet"
"CID44971_TTCTTAGCACATAACC",0.18571585226884,"singlet"
"CID44971_ATCACGAAGATAGCAT",0.0780953074344012,"singlet"
"CID44971_ACACCGGTCGCAAGCC",0.565724567970662,"doublet"
"CID44971_CATCAAGGTCGAGTTT",0.463457810278303,"doublet"
"CID44971_CCACGGACACCCATGG",0.274066542862768,"singlet"
"CID44971_CCCTCCTTCGCCATAA",0.261987472151915,"singlet"
"CID44971_TCTCATAAGTGAAGAG",0.524103770732501,"doublet"
"CID44971_AGATCTGGTAGAGGAA",0.15091456282632,"singlet"
"CID44971_CTGTGCTCACATCCAA",0.122894203350983,"singlet"
"CID44971_AGCGGTCGTAATCGTC",0.1912033963309,"singlet"
"CID44971_GTGCTTCAGCACGCCT",0.272714506593089,"singlet"
"CID44971_AAACGGGTCAAGGTAA",0.0914737668442731,"singlet"
"CID44971_AAACGGGTCAGGCAAG",0.24027925866021,"singlet"
"CID44971_AACACGTTCAACACGT",0.0754655722553969,"singlet"
"CID44971_AACACGTTCCGTAGGC",0.152004269163447,"singlet"
"CID44971_AACCATGAGATTACCC",0.163166565406086,"singlet"
"CID44971_AACCGCGAGCCGTCGT",0.141016248717048,"singlet"
"CID44971_AACCGCGAGTGGAGTC",0.0757011648381401,"singlet"
"CID44971_AACCGCGTCACATACG",0.114591786965587,"singlet"
"CID44971_AACTGGTGTTATCGGT",0.117555778429777,"singlet"
"CID44971_AACTTTCTCGCCGTGA",0.0826645970681523,"singlet"
"CID44971_AAGGTTCAGACTGGGT",0.0620553655189482,"singlet"
"CID44971_AAGGTTCCATTGGGCC",0.0790543389579264,"singlet"
"CID44971_AATCCAGTCCGCGCAA",0.227280137772922,"singlet"
"CID44971_ACACCAAGTACAAGTA",0.125631483681978,"singlet"
"CID44971_ACACCAAGTGCGGTAA",0.552152693726574,"doublet"
"CID44971_ACACCCTAGTATCTCG",0.158438695201108,"singlet"
"CID44971_ACAGCTAAGGGATGGG",0.187548405614332,"singlet"
"CID44971_ACATCAGTCTGCTTGC",0.174875330627316,"singlet"
"CID44971_ACATGGTAGACTAGGC",0.203805889847271,"singlet"
"CID44971_ACATGGTAGGGAAACA",0.0615906611096563,"singlet"
"CID44971_ACATGGTGTTACGACT",0.0654062033760519,"singlet"
"CID44971_ACATGGTTCGCCTGTT",0.278490159400605,"singlet"
"CID44971_ACCCACTGTCTGCCAG",0.190261980945635,"singlet"
"CID44971_ACGAGCCTCTTGCATT",0.0649627840787807,"singlet"
"CID44971_ACGATACTCAGGTAAA",0.121393422357971,"singlet"
"CID44971_ACGCAGCTCTAGAGTC",0.121760128485481,"singlet"
"CID44971_ACGGAGACATGCAACT",0.187391503867899,"singlet"
"CID44971_ACGGAGACATGGATGG",0.100193055763323,"singlet"
"CID44971_ACGGAGAGTTGTGGAG",0.0858160511012097,"singlet"
"CID44971_ACGGCCAAGGAGTAGA",0.421328217131892,"doublet"
"CID44971_ACTATCTAGGCCATAG",0.0680087662499641,"singlet"
"CID44971_ACTGTCCCACATTTCT",0.0822587471312279,"singlet"
"CID44971_ACTTGTTCAGGAACGT",0.160337996161025,"singlet"
"CID44971_AGAATAGGTTAAGTAG",0.204642688632093,"singlet"
"CID44971_AGACGTTAGGAGCGAG",0.15929396354306,"singlet"
"CID44971_AGACGTTTCTCTAGGA",0.0659221266518251,"singlet"
"CID44971_AGAGCTTCAATGTAAG",0.0734371508591698,"singlet"
"CID44971_AGAGTGGGTTCTCATT",0.0913764306796222,"singlet"
"CID44971_AGCATACAGGGCACTA",0.437723683250191,"doublet"
"CID44971_AGCATACTCATGTCTT",0.141239691353143,"singlet"
"CID44971_AGCCTAACAATGGAGC",0.123924261488898,"singlet"
"CID44971_AGCCTAACATAGAAAC",0.120173519998195,"singlet"
"CID44971_AGCCTAACATCGGAAG",0.165067811055903,"singlet"
"CID44971_AGCGTATTCTCTGAGA",0.205890283592362,"singlet"
"CID44971_AGCGTCGCATACTACG",0.110736772308928,"singlet"
"CID44971_AGGCCACGTGCAGTAG",0.217210415242061,"singlet"
"CID44971_AGGGAGTGTTCAGGCC",0.177915327466655,"singlet"
"CID44971_AGGGATGTCCATTCTA",0.23204014549702,"singlet"
"CID44971_AGGTCCGGTCGACTGC",0.162779793831637,"singlet"
"CID44971_AGTCTTTGTCAGAATA",0.236307813626883,"singlet"
"CID44971_AGTTGGTTCAAACCAC",0.0828872078395286,"singlet"
"CID44971_AGTTGGTTCGAATGGG",0.301969977701553,"singlet"
"CID44971_ATAACGCAGGCCATAG",0.142982356148399,"singlet"
"CID44971_ATAACGCGTAGCTTGT",0.128581826595171,"singlet"
"CID44971_ATAACGCGTTGCGTTA",0.195977494039886,"singlet"
"CID44971_ATCATCTAGCGAGAAA",0.173580638395866,"singlet"
"CID44971_ATCATGGGTCCTGCTT",0.0790536722902421,"singlet"
"CID44971_ATCCACCAGTTACGGG",0.0622648117901639,"singlet"
"CID44971_ATCTACTGTCTTTCAT",0.225275253011004,"singlet"
"CID44971_ATGCGATTCCAAATGC",0.0772602852265195,"singlet"
"CID44971_ATGGGAGGTAGCGTGA",0.0855590906281466,"singlet"
"CID44971_ATTCTACAGGCTAGAC",0.0497861600269148,"singlet"
"CID44971_CAAGAAAGTAAGTTCC",0.075855046981479,"singlet"
"CID44971_CAAGGCCCAGTAAGCG",0.115919615582218,"singlet"
"CID44971_CAAGGCCGTCTAGTCA",0.228338296572948,"singlet"
"CID44971_CAAGTTGCAAGTTAAG",0.197944507730746,"singlet"
"CID44971_CACAAACAGACAGAGA",0.384443837576162,"doublet"
"CID44971_CACAGGCAGTGTGGCA",0.0840935113960317,"singlet"
"CID44971_CACAGGCTCATGTCCC",0.121933615387463,"singlet"
"CID44971_CACATAGGTCCAACTA",0.196104414138729,"singlet"
"CID44971_CACCACTCACCTTGTC",0.13339097067958,"singlet"
"CID44971_CACCAGGGTCACTGGC",0.126667966019881,"singlet"
"CID44971_CACCTTGAGCAAATCA",0.178037871005962,"singlet"
"CID44971_CAGAATCAGCTGCAAG",0.0741227895509946,"singlet"
"CID44971_CAGATCACACACATGT",0.128725246897381,"singlet"
"CID44971_CAGCAGCAGGTGACCA",0.106435093139796,"singlet"
"CID44971_CAGCCGATCGAACTGT",0.127077048883946,"singlet"
"CID44971_CAGCGACTCACATGCA",0.09546335844171,"singlet"
"CID44971_CAGCTAATCCTGTAGA",0.145553122943533,"singlet"
"CID44971_CAGCTGGGTACGACCC",0.114160522882776,"singlet"
"CID44971_CAGTCCTAGGAATGGA",0.180607536463051,"singlet"
"CID44971_CATATTCAGCTAACTC",0.206336879646018,"singlet"
"CID44971_CATATTCAGTACATGA",0.10560116931638,"singlet"
"CID44971_CATATTCCAATAAGCA",0.0932233255863813,"singlet"
"CID44971_CATCCACTCGAGAACG",0.200920977188834,"singlet"
"CID44971_CATCGGGTCACAATGC",0.312925186218439,"singlet"
"CID44971_CATGGCGAGAACTCGG",0.118661949093504,"singlet"
"CID44971_CATTATCTCACAGGCC",0.128494140138644,"singlet"
"CID44971_CATTCGCTCTCTTATG",0.130653719045447,"singlet"
"CID44971_CCAATCCAGTGTACCT",0.119898370301525,"singlet"
"CID44971_CCACCTAGTTCCACAA",0.0829332401361992,"singlet"
"CID44971_CCACTACAGACACTAA",0.143765343290332,"singlet"
"CID44971_CCACTACAGATCGATA",0.248242168109309,"singlet"
"CID44971_CCATGTCTCCGAACGC",0.0995625780069799,"singlet"
"CID44971_CCATGTCTCGACCAGC",0.0697453473363519,"singlet"
"CID44971_CCATGTCTCTGCAGTA",0.0950754539742023,"singlet"
"CID44971_CCATGTCTCTTTAGGG",0.16699423772323,"singlet"
"CID44971_CCCAGTTGTGAGCGAT",0.0849496070989808,"singlet"
"CID44971_CCCAGTTTCGCGTAGC",0.195244812703248,"singlet"
"CID44971_CCCAGTTTCTTGACGA",0.159565103767912,"singlet"
"CID44971_CCCTCCTAGAGCTGGT",0.0742854490025434,"singlet"
"CID44971_CCGTACTCATTATCTC",0.0882499951704935,"singlet"
"CID44971_CCTAAAGGTAAGGGAA",0.1482686705459,"singlet"
"CID44971_CCTACACAGGAGTTTA",0.499127932335566,"doublet"
"CID44971_CCTAGCTGTGGCTCCA",0.14830396359818,"singlet"
"CID44971_CCTAGCTGTTTAAGCC",0.131166384661294,"singlet"
"CID44971_CCTAGCTTCATAGCAC",0.188245408801681,"singlet"
"CID44971_CCTCAGTAGACAATAC",0.129761713848807,"singlet"
"CID44971_CCTCAGTTCGAACTGT",0.112510015061461,"singlet"
"CID44971_CCTTCGAAGCAGATCG",0.0723674383763252,"singlet"
"CID44971_CCTTTCTGTAGCTGCC",0.123850342363096,"singlet"
"CID44971_CGACTTCCATGAACCT",0.169793241411514,"singlet"
"CID44971_CGAGCACAGATCGGGT",0.0830635382801759,"singlet"
"CID44971_CGAGCCAAGTGACTCT",0.102003495635294,"singlet"
"CID44971_CGATGGCAGAGCTGCA",0.49342927826108,"doublet"
"CID44971_CGCTGGAAGTACCGGA",0.14180580848056,"singlet"
"CID44971_CGGACACTCAACACCA",0.171580539126715,"singlet"
"CID44971_CGGAGCTTCTTCCTTC",0.162352187274646,"singlet"
"CID44971_CGGAGTCAGTCCCACG",0.162868364705528,"singlet"
"CID44971_CGGCTAGCATAAGACA",0.238356701685915,"singlet"
"CID44971_CGTCACTCAGCCTATA",0.104489678733315,"singlet"
"CID44971_CGTCACTTCGCATGAT",0.083815111864315,"singlet"
"CID44971_CGTCTACCATTCCTGC",0.100824548522977,"singlet"
"CID44971_CGTGAGCGTAACGCGA",0.0642589081850887,"singlet"
"CID44971_CGTGTAAGTCTTGATG",0.123692757805671,"singlet"
"CID44971_CGTTAGAGTAGGGACT",0.08460629032189,"singlet"
"CID44971_CTAATGGAGAGGGCTT",0.122961684183524,"singlet"
"CID44971_CTACATTGTTTAAGCC",0.0864838090404062,"singlet"
"CID44971_CTACGTCTCACATACG",0.126607500746006,"singlet"
"CID44971_CTAGCCTGTCACACGC",0.107972696014582,"singlet"
"CID44971_CTCACACGTCGCGAAA",0.0650047614607358,"singlet"
"CID44971_CTCCTAGCAGCCTGTG",0.040550112036041,"singlet"
"CID44971_CTCCTAGTCATTGCCC",0.0766386083778468,"singlet"
"CID44971_CTCTAATGTTGATTGC",0.0335409854121504,"singlet"
"CID44971_CTCTACGAGGAGTAGA",0.0827515317835885,"singlet"
"CID44971_CTCTGGTCATGTCTCC",0.0843999357896257,"singlet"
"CID44971_CTCTGGTGTCAATACC",0.314677232951451,"singlet"
"CID44971_CTGAAGTAGGATCGCA",0.0806060562665342,"singlet"
"CID44971_CTGAAGTAGGATGGAA",0.0625422600258862,"singlet"
"CID44971_CTGCGGAGTGTGTGCC",0.234867156915751,"singlet"
"CID44971_CTGCTGTGTTGAGGTG",0.0729804440201209,"singlet"
"CID44971_CTTAACTCATATGCTG",0.174362193867359,"singlet"
"CID44971_CTTAACTGTAGAAGGA",0.121288320691826,"singlet"
"CID44971_CTTACCGAGTCCATAC",0.12888361716215,"singlet"
"CID44971_CTTAGGAAGGAATTAC",0.113776303478205,"singlet"
"CID44971_CTTAGGACAGGGTACA",0.0680911883245637,"singlet"
"CID44971_CTTAGGAGTTTCGCTC",0.145794744550387,"singlet"
"CID44971_CTTAGGATCACATGCA",0.409379170606325,"doublet"
"CID44971_CTTGGCTAGGAATCGC",0.114736564227885,"singlet"
"CID44971_CTTGGCTTCTTGAGAC",0.090458196546805,"singlet"
"CID44971_GAAATGACAGTAAGAT",0.0981026825835513,"singlet"
"CID44971_GAAATGAGTATTCGTG",0.0855344008884073,"singlet"
"CID44971_GAACCTAAGCGTCAAG",0.0814602655219356,"singlet"
"CID44971_GAAGCAGGTTTCCACC",0.0566118392618208,"singlet"
"CID44971_GAATGAAAGTACGACG",0.145984277419999,"singlet"
"CID44971_GACAGAGTCGTTTGCC",0.097337105193553,"singlet"
"CID44971_GACCAATAGGACGAAA",0.168692624222313,"singlet"
"CID44971_GACCTGGCAGCATGAG",0.143631290710129,"singlet"
"CID44971_GACCTGGGTACAGACG",0.174006859478589,"singlet"
"CID44971_GACGCGTGTTGTACAC",0.171862383411138,"singlet"
"CID44971_GACGTGCTCCCTTGTG",0.121490066292534,"singlet"
"CID44971_GACTGCGTCAGTACGT",0.0680119206276655,"singlet"
"CID44971_GAGCAGAAGCCAACAG",0.137335066809984,"singlet"
"CID44971_GAGGTGAGTGAGCGAT",0.0602400489563837,"singlet"
"CID44971_GATCAGTAGCCAGTAG",0.179101174795375,"singlet"
"CID44971_GATCGTAGTTAAGATG",0.117569581997533,"singlet"
"CID44971_GCAAACTTCATGTCCC",0.149594483676979,"singlet"
"CID44971_GCAGCCAGTGGTCTCG",0.53630759140756,"doublet"
"CID44971_GCAGTTATCATTTGGG",0.221489338431816,"singlet"
"CID44971_GCATGATAGGCCGAAT",0.0948609382228915,"singlet"
"CID44971_GCCAAATCATCGATGT",0.106652316367152,"singlet"
"CID44971_GCCTCTATCCACGAAT",0.123293027670415,"singlet"
"CID44971_GCGAGAATCTTGTCAT",0.174016491401895,"singlet"
"CID44971_GCGCAACAGTCTCGGC",0.101248329025624,"singlet"
"CID44971_GCGCAACGTTAAGATG",0.105743405974145,"singlet"
"CID44971_GCGCCAACAAGCGAGT",0.151505629155002,"singlet"
"CID44971_GCTCCTACAAACTGCT",0.136670029519664,"singlet"
"CID44971_GCTGCAGTCATCTGTT",0.0698709629255048,"singlet"
"CID44971_GCTTCCAAGCATCATC",0.0988700941250523,"singlet"
"CID44971_GCTTGAAAGTGTGAAT",0.148426351269902,"singlet"
"CID44971_GGAAAGCCAGATGGGT",0.215120237319836,"singlet"
"CID44971_GGACAAGGTGTATGGG",0.206677540220336,"singlet"
"CID44971_GGACATTTCAGCTCTC",0.0467216897106054,"singlet"
"CID44971_GGAGCAAAGAAACCTA",0.112188060695257,"singlet"
"CID44971_GGAGCAAGTGAAGGCT",0.119375625711419,"singlet"
"CID44971_GGATGTTTCGCAAGCC",0.148536610599904,"singlet"
"CID44971_GGCGTGTCATACTACG",0.0608085255677488,"singlet"
"CID44971_GGGAATGAGGCCCTCA",0.138305372311486,"singlet"
"CID44971_GGGAATGTCGATCCCT",0.0946823046602134,"singlet"
"CID44971_GGGAGATCACAAGACG",0.249559976473094,"singlet"
"CID44971_GGGTCTGTCAATCACG",0.0672234025970802,"singlet"
"CID44971_GGGTTGCCATATACCG",0.188065364339463,"singlet"
"CID44971_GGTATTGAGCTATGCT",0.0888048621106836,"singlet"
"CID44971_GGTGCGTAGGCATTGG",0.172517371642925,"singlet"
"CID44971_GTAACGTAGTGGACGT",0.121924261703721,"singlet"
"CID44971_GTACTCCGTATCAGTC",0.169503895796737,"singlet"
"CID44971_GTACTTTGTCTCATCC",0.146742688996298,"singlet"
"CID44971_GTAGTCAAGGCAGTCA",0.303914088714486,"singlet"
"CID44971_GTAGTCACAGGACCCT",0.379440365639932,"doublet"
"CID44971_GTATCTTGTAAGGGAA",0.0696172191598231,"singlet"
"CID44971_GTATTCTCACTGTTAG",0.170170036568592,"singlet"
"CID44971_GTCACAAGTTATCACG",0.0744194463976914,"singlet"
"CID44971_GTCACGGGTACAGTGG",0.230631115535583,"singlet"
"CID44971_GTCACGGGTCAGAAGC",0.353989133983532,"doublet"
"CID44971_GTCGGGTGTGCAACGA",0.0601435721642902,"singlet"
"CID44971_GTCGGGTTCAAACCAC",0.13256682830275,"singlet"
"CID44971_GTCGGGTTCGCAGGCT",0.128945913464792,"singlet"
"CID44971_GTCGTAAAGTGGGCTA",0.163675975705183,"singlet"
"CID44971_GTCGTAAGTTATCACG",0.147449556225788,"singlet"
"CID44971_GTCGTAATCAACGCTA",0.105933327363242,"singlet"
"CID44971_GTGCGGTTCTCATTCA",0.176650117408847,"singlet"
"CID44971_GTGTGCGTCACAATGC",0.274402520443956,"singlet"
"CID44971_GTTCGGGAGATATGGT",0.0783119463762162,"singlet"
"CID44971_TAAGAGAGTGCACTTA",0.118657775788046,"singlet"
"CID44971_TAAGTGCGTCATGCAT",0.0519893612785648,"singlet"
"CID44971_TACACGAGTAAAGGAG",0.0967190589881899,"singlet"
"CID44971_TACAGTGCAAGACACG",0.0990001352457685,"singlet"
"CID44971_TACAGTGCAGCTGTAT",0.132354787940055,"singlet"
"CID44971_TACAGTGCATCACAAC",0.132325035793824,"singlet"
"CID44971_TACCTTACATCACGAT",0.199527246143723,"singlet"
"CID44971_TACGGTATCTTGTCAT",0.159758081842402,"singlet"
"CID44971_TAGAGCTCATCTACGA",0.0822223699385305,"singlet"
"CID44971_TAGGCATTCTCGCTTG",0.158094981433405,"singlet"
"CID44971_TAGTGGTAGGCTATCT",0.180904606837753,"singlet"
"CID44971_TAGTTGGGTGTTTGGT",0.173936016457408,"singlet"
"CID44971_TATGCCCCAGATCGGA",0.120446660343603,"singlet"
"CID44971_TCAGATGCAATCCGAT",0.565146212952126,"doublet"
"CID44971_TCAGATGTCGTCGTTC",0.190183527584439,"singlet"
"CID44971_TCAGCAATCCAAAGTC",0.286208161591973,"singlet"
"CID44971_TCAGGATGTTGATTCG",0.239174456459762,"singlet"
"CID44971_TCAGGATTCCATGAGT",0.0959036378979577,"singlet"
"CID44971_TCATTACCAAATACAG",0.0766802546012416,"singlet"
"CID44971_TCATTTGGTCTAGGTT",0.0997089952625836,"singlet"
"CID44971_TCCACACGTTCATGGT",0.217981428818342,"singlet"
"CID44971_TCGAGGCCACCCAGTG",0.0687549075951033,"singlet"
"CID44971_TCGAGGCGTGACAAAT",0.272926389477324,"singlet"
"CID44971_TCGAGGCTCTGGCGAC",0.197020968076272,"singlet"
"CID44971_TCGCGTTAGTGTACTC",0.449000651849115,"doublet"
"CID44971_TCGCGTTTCGGCGCTA",0.0427960852622543,"singlet"
"CID44971_TCGTACCTCCCAAGAT",0.186916262891114,"singlet"
"CID44971_TCTATTGGTGTTTGTG",0.170243295777458,"singlet"
"CID44971_TCTCATAGTTGTGGAG",0.135567077067833,"singlet"
"CID44971_TCTCTAAGTTAAGGGC",0.152657849424806,"singlet"
"CID44971_TCTGAGATCCACGACG",0.35133512078843,"doublet"
"CID44971_TCTGGAAAGGCATGGT",0.265693789508478,"singlet"
"CID44971_TCTGGAAAGGGAAACA",0.194531997006281,"singlet"
"CID44971_TGACAACCAGATCGGA",0.116714919822072,"singlet"
"CID44971_TGACGGCCAGTTTACG",0.166296046743847,"singlet"
"CID44971_TGACTAGTCGGCATCG",0.168041543354594,"singlet"
"CID44971_TGACTTTGTCCGTCAG",0.081831176955007,"singlet"
"CID44971_TGAGAGGAGTTAGCGG",0.224881224903573,"singlet"
"CID44971_TGAGCATAGCAAATCA",0.0481451719752595,"singlet"
"CID44971_TGAGGGAAGTATCGAA",0.164217498555016,"singlet"
"CID44971_TGAGGGAAGTTCCACA",0.0896409672999348,"singlet"
"CID44971_TGAGGGACAAAGGTGC",0.110885667485273,"singlet"
"CID44971_TGAGGGACAAAGTCAA",0.157003467801322,"singlet"
"CID44971_TGATTTCGTAGTACCT",0.123789191636076,"singlet"
"CID44971_TGCCAAAAGTTGTCGT",0.238974188805009,"singlet"
"CID44971_TGCCCATCAAGGTTTC",0.0690568566789197,"singlet"
"CID44971_TGCCCATTCAGTACGT",0.0873440775992943,"singlet"
"CID44971_TGCCCTAGTATGAATG",0.045269584320317,"singlet"
"CID44971_TGCGCAGAGGAGTTTA",0.290431856330988,"singlet"
"CID44971_TGCGCAGGTCCAAGTT",0.261149225419819,"singlet"
"CID44971_TGCGGGTGTAACGTTC",0.109437372847251,"singlet"
"CID44971_TGCGGGTGTCATCCCT",0.164285046271766,"singlet"
"CID44971_TGCGTGGGTAATCGTC",0.122221744196779,"singlet"
"CID44971_TGCTACCAGTTGAGAT",0.228710589640858,"singlet"
"CID44971_TGGCGCAAGTATCTCG",0.0927144715453778,"singlet"
"CID44971_TGGCGCACAAGTTCTG",0.104510863222925,"singlet"
"CID44971_TGGCTGGGTTAAGACA",0.153647180434863,"singlet"
"CID44971_TGGGCGTAGGCAATTA",0.193958280036037,"singlet"
"CID44971_TGGGCGTGTCTCTTAT",0.0902248346121947,"singlet"
"CID44971_TGGGCGTTCTTGAGAC",0.125636278750027,"singlet"
"CID44971_TGGTTCCGTGCGCTTG",0.0700347274796903,"singlet"
"CID44971_TGTATTCCACTAGTAC",0.220357616887794,"singlet"
"CID44971_TGTCCCACATGCCACG",0.191086545496212,"singlet"
"CID44971_TGTCCCAGTCATGCCG",0.204329683513573,"singlet"
"CID44971_TGTCCCAGTGGGTCAA",0.0752732600334736,"singlet"
"CID44971_TGTGGTACATACGCTA",0.113014018661551,"singlet"
"CID44971_TGTGTTTGTGGTGTAG",0.171772049425663,"singlet"
"CID44971_TTAGGACGTCGGCATC",0.266215043592461,"singlet"
"CID44971_TTATGCTAGATGCGAC",0.196259105245346,"singlet"
"CID44971_TTATGCTTCATCTGCC",0.0255805842100456,"singlet"
"CID44971_TTATGCTTCATTATCC",0.232433106184726,"singlet"
"CID44971_TTCGAAGCACAAGACG",0.160501828504182,"singlet"
"CID44971_TTCGGTCTCATAAAGG",0.0919076171325506,"singlet"
"CID44971_TTCTACACATACTCTT",0.131892119563182,"singlet"
"CID44971_TTCTACAGTCATGCCG",0.0701618696427984,"singlet"
"CID44971_TTCTACATCTTCATGT",0.228975629217239,"singlet"
"CID44971_TTCTCCTAGGCAAAGA",0.145094973685268,"singlet"
"CID44971_TTCTCCTAGTAGCCGA",0.14481899031528,"singlet"
"CID44971_TTCTCCTGTTGTACAC",0.106016617323609,"singlet"
"CID44971_TTGCGTCCATATACGC",0.0971949633003969,"singlet"
"CID44971_TTGCGTCGTACCGTAT",0.0621653713754359,"singlet"
"CID44971_TTTACTGAGCGTGTCC",0.157021395638851,"singlet"
"CID44971_TTTACTGTCGTTGCCT",0.053542300727263,"singlet"
"CID44971_TTTATGCTCGCTAGCG",0.223872480539197,"singlet"
"CID44971_TTTCCTCAGAGTTGGC",0.0815155793863177,"singlet"
"CID44971_TTTCCTCAGATATACG",0.0967436929612141,"singlet"
"CID44971_TTTCCTCAGTCCCACG",0.09438691325629,"singlet"
"CID44971_TTTGGTTGTCTACCTC",0.0758267782189209,"singlet"
"CID44971_TTTGTCAAGGCTAGAC",0.0662804012428365,"singlet"
"CID44971_TTTGTCAGTCACCTAA",0.211683697772919,"singlet"
"CID44971_ACTGCTCGTCAGAGGT",0.240386635316732,"singlet"
"CID44971_GACTGCGAGAACTCGG",0.0880656392118179,"singlet"
"CID44971_GAGGTGAAGATATACG",0.117877401339205,"singlet"
"CID44971_ACATGGTTCGCAGGCT",0.12900409328617,"singlet"
"CID44971_ACGCAGCAGAGCAATT",0.130394111900835,"singlet"
"CID44971_ACGCCGAAGCTTCGCG",0.183473980060754,"singlet"
"CID44971_AGAGCGAGTTGAGGTG",0.265211264662094,"singlet"
"CID44971_ATCACGAGTTGACGTT",0.176391100700009,"singlet"
"CID44971_ATGTGTGGTACTCGCG",0.10422431608058,"singlet"
"CID44971_ATTACTCTCGTAGGTT",0.418942850135889,"doublet"
"CID44971_CAGCGACCACTGTGTA",0.176904583898978,"singlet"
"CID44971_CATCAAGTCAGTCAGT",0.11580028822721,"singlet"
"CID44971_CATCCACTCAGCACAT",0.0823432712668609,"singlet"
"CID44971_CATGGCGCAGGTGGAT",0.244947238769326,"singlet"
"CID44971_CCTTCCCGTTGACGTT",0.254878034477049,"singlet"
"CID44971_CGGACTGGTAGTAGTA",0.15247803122597,"singlet"
"CID44971_CTAATGGTCCGTTGCT",0.145189077081232,"singlet"
"CID44971_CTCATTATCTACGAGT",0.0825127242750699,"singlet"
"CID44971_GATGAAACAACACCCG",0.169850865083455,"singlet"
"CID44971_GCGAGAAAGGCAGTCA",0.12552066346905,"singlet"
"CID44971_GCTCTGTCACAGCCCA",0.202727056515621,"singlet"
"CID44971_TACACGAGTCGCGAAA",0.267922564798474,"singlet"
"CID44971_TAGGCATGTATATGGA",0.150531666593781,"singlet"
"CID44971_TCGCGTTCAACGCACC",0.42171379816711,"doublet"
"CID44971_TGGCTGGTCAGCACAT",0.102093578989115,"singlet"
"CID44971_TTAACTCAGGACAGAA",0.184679750341972,"singlet"
"CID44971_TTGACTTCATCTCGCT",0.182285600768125,"singlet"
"CID44971_TTGACTTTCCGTTGCT",0.0548445842590612,"singlet"
"CID44971_TTTGTCAAGGTGTGGT",0.452160046615262,"doublet"
"CID44971_GCCAAATAGCTGCGAA",0.213412439636789,"singlet"
"CID44971_GGCCGATCATTAACCG",0.526136813513089,"doublet"
"CID44971_TAAGCGTCAGCCTATA",0.261744410880702,"singlet"
"CID44971_TACGGGCAGGCGTACA",0.208339021147104,"singlet"
"CID44971_TAGCCGGGTCAGCTAT",0.225828001085337,"singlet"
"CID44971_TGGGCGTTCGCCGTGA",0.287672327952225,"singlet"
"CID44971_ATTACTCAGCTAACAA",0.14120417492678,"singlet"
"CID44971_GATCGATCATGGGACA",0.264926643409665,"singlet"
"CID44971_TTCCCAGTCGTCCGTT",0.196706977020506,"singlet"
"CID44971_ATGTGTGAGTGGGTTG",0.560527603854547,"doublet"
"CID44971_ATCCACCCATAGAAAC",0.265491083895232,"singlet"
"CID44971_GTCACAAAGCGAAGGG",0.511946628346729,"doublet"
"CID44971_AGTTGGTAGGCTAGCA",0.133987371696362,"singlet"
"CID44971_CAGCTGGCACGGTGTC",0.376638300559753,"doublet"
"CID44971_CGCCAAGTCGGAAACG",0.187232330348102,"singlet"
"CID44971_CTAATGGCAGTTCATG",0.310643160408872,"singlet"
"CID44971_TGAGCCGGTAACGACG",0.172289110589147,"singlet"
"CID44971_TGCCAAAGTTGTCGCG",0.161173422867409,"singlet"
"CID44971_AAACCTGAGTTGTCGT",0.0401832110953222,"singlet"
"CID44971_AACCATGGTAAGCACG",0.0770646209635689,"singlet"
"CID44971_AACGTTGAGACTGTAA",0.215143049651189,"singlet"
"CID44971_AATCCAGTCATACGGT",0.156462540010334,"singlet"
"CID44971_AGTGGGACATCACAAC",0.156825347838412,"singlet"
"CID44971_ATGCGATTCTATCCTA",0.0832236355290601,"singlet"
"CID44971_CATCGGGGTATCGCAT",0.0694342303587097,"singlet"
"CID44971_CCAGCGAAGCTTATCG",0.0867334133188554,"singlet"
"CID44971_CTTACCGGTTTCCACC",0.130442993670048,"singlet"
"CID44971_GACTACAAGTCCAGGA",0.153589734928396,"singlet"
"CID44971_GGGTCTGCAGCTCGAC",0.0969538660801647,"singlet"
"CID44971_GGTGTTACACGTAAGG",0.113325233775587,"singlet"
"CID44971_GTCGGGTAGGTACTCT",0.0814504014939381,"singlet"
"CID44971_TCAGGTAAGAGGTTGC",0.0906558055644874,"singlet"
"CID44971_CTAATGGCAAACTGCT",0.0757524065930096,"singlet"
"CID44971_TGAGGGAGTCAGCTAT",0.16399188129569,"singlet"
"CID44971_CACACCTGTAGCGTGA",0.161649651958022,"singlet"
"CID44971_ACTATCTTCACAAACC",0.148277832479779,"singlet"
"CID44971_TGTGGTATCAACGCTA",0.241602820199339,"singlet"
"CID44971_AAACCTGGTCGCATCG",0.102260592614778,"singlet"
"CID44971_AAAGATGGTGCAACTT",0.0963611685991448,"singlet"
"CID44971_AAAGTAGGTCAAGCGA",0.119383170638121,"singlet"
"CID44971_AACACGTCATTAACCG",0.0674412866431198,"singlet"
"CID44971_AACCATGCAAGCTGTT",0.173256941047751,"singlet"
"CID44971_AACCATGGTCTGATTG",0.206870400809481,"singlet"
"CID44971_AACCGCGCATCGGTTA",0.251256574017366,"singlet"
"CID44971_AACGTTGAGCTGCAAG",0.144230494684162,"singlet"
"CID44971_AACGTTGAGGGATGGG",0.14681299231513,"singlet"
"CID44971_AACTCAGAGAGTCGGT",0.0745177925621579,"singlet"
"CID44971_AACTCAGTCTGAAAGA",0.144950559514531,"singlet"
"CID44971_AACTCCCAGGATCGCA",0.076836445818639,"singlet"
"CID44971_AACTCCCCAGCTGCAC",0.0625168307693376,"singlet"
"CID44971_AACTCCCTCAACGGGA",0.0848424577233371,"singlet"
"CID44971_AAGACCTGTGGTGTAG",0.138744119724297,"singlet"
"CID44971_AAGCCGCTCCCTCTTT",0.154679508095595,"singlet"
"CID44971_AAGGAGCCATGACGGA",0.123662216129852,"singlet"
"CID44971_AAGGAGCGTGCGATAG",0.0685465055057758,"singlet"
"CID44971_AAGGAGCTCCACGTGG",0.0705663451129093,"singlet"
"CID44971_AAGGCAGAGCTCAACT",0.0836250803289555,"singlet"
"CID44971_AAGGCAGGTTAAGACA",0.471568503751885,"doublet"
"CID44971_AAGGCAGTCGTCCGTT",0.112371453737345,"singlet"
"CID44971_AAGGTTCGTCCGAAGA",0.0869256923476651,"singlet"
"CID44971_AAGTCTGTCGAGCCCA",0.0976642426118401,"singlet"
"CID44971_AATCCAGAGCCTCGTG",0.0590646824677244,"singlet"
"CID44971_AATCCAGTCGAACTGT",0.0623672634522727,"singlet"
"CID44971_AATCGGTAGACACGAC",0.192357337610771,"singlet"
"CID44971_AATCGGTAGCTAACTC",0.210944624219298,"singlet"
"CID44971_AATCGGTGTCTTGATG",0.104610996384156,"singlet"
"CID44971_AATCGGTGTGTTGGGA",0.327073489450708,"singlet"
"CID44971_AATCGGTTCAAACGGG",0.0983446443205836,"singlet"
"CID44971_ACACCAAGTCCGTCAG",0.0439908449032704,"singlet"
"CID44971_ACACCCTCATCGGTTA",0.137626867008891,"singlet"
"CID44971_ACACCGGTCCGCGTTT",0.0395086529512515,"singlet"
"CID44971_ACACTGATCAGGCGAA",0.0894621277118465,"singlet"
"CID44971_ACAGCCGGTACGAAAT",0.121971666315508,"singlet"
"CID44971_ACAGCCGTCCCTCTTT",0.0360192932730487,"singlet"
"CID44971_ACAGCTAAGTACGATA",0.320489029691195,"singlet"
"CID44971_ACAGCTACATCGTCGG",0.0780272026232769,"singlet"
"CID44971_ACAGCTATCCAGTAGT",0.374133244975275,"doublet"
"CID44971_ACATCAGCAAGTAGTA",0.0608960393034576,"singlet"
"CID44971_ACATCAGCATTATCTC",0.0760381170146042,"singlet"
"CID44971_ACATGGTCAGAGTGTG",0.381308295510718,"doublet"
"CID44971_ACCAGTACACCTTGTC",0.0509819950537663,"singlet"
"CID44971_ACCAGTAGTCAATGTC",0.152705858076253,"singlet"
"CID44971_ACCAGTATCTGTCTAT",0.134161718749024,"singlet"
"CID44971_ACCGTAATCGGCGCAT",0.066748987845107,"singlet"
"CID44971_ACCTTTACACGAAACG",0.106171057195653,"singlet"
"CID44971_ACCTTTAGTCAAGCGA",0.0793548079711634,"singlet"
"CID44971_ACCTTTATCGCACTCT",0.0867670140814458,"singlet"
"CID44971_ACGAGCCAGGACAGCT",0.0665100578941938,"singlet"
"CID44971_ACGAGCCTCAACTCTT",0.164371030990208,"singlet"
"CID44971_ACGATACCAAGCCCAC",0.0837698242549479,"singlet"
"CID44971_ACGATGTAGTGCGATG",0.162081921651556,"singlet"
"CID44971_ACGATGTGTACCGAGA",0.0916716936134628,"singlet"
"CID44971_ACGATGTTCGTCTGCT",0.12018082087086,"singlet"
"CID44971_ACGCCGACATCACGTA",0.313215806621411,"singlet"
"CID44971_ACGCCGATCACCTTAT",0.0654433146547015,"singlet"
"CID44971_ACGGAGACATCGATGT",0.136159366188397,"singlet"
"CID44971_ACGGAGACATCGGTTA",0.221863405357966,"singlet"
"CID44971_ACGGCCACAGACTCGC",0.176792354914615,"singlet"
"CID44971_ACGGCCATCATACGGT",0.0454420275341504,"singlet"
"CID44971_ACGGGCTCAAGCCATT",0.157580390526426,"singlet"
"CID44971_ACGGGTCGTCCGAGTC",0.160032661355804,"singlet"
"CID44971_ACGGGTCTCGGACAAG",0.208534931471691,"singlet"
"CID44971_ACGTCAAAGAGGTTGC",0.222014232291976,"singlet"
"CID44971_ACGTCAATCCTAGAAC",0.0564755729339321,"singlet"
"CID44971_ACTATCTTCCGAAGAG",0.216089211910939,"singlet"
"CID44971_ACTGAACGTTCGGCAC",0.317662200336296,"singlet"
"CID44971_ACTGAGTGTATTCTCT",0.147997597912594,"singlet"
"CID44971_ACTGATGAGTGTACTC",0.366225543044629,"doublet"
"CID44971_ACTGATGCAAATTGCC",0.311437446738965,"singlet"
"CID44971_ACTGATGCAGTATAAG",0.0815539826627673,"singlet"
"CID44971_ACTGATGGTGAGGCTA",0.141418687864748,"singlet"
"CID44971_ACTGCTCCAACACCTA",0.175757020597232,"singlet"
"CID44971_ACTGCTCGTTAAGACA",0.122139923484192,"singlet"
"CID44971_ACTGTCCAGAATTCCC",0.102871674792914,"singlet"
"CID44971_ACTGTCCTCCTATTCA",0.0815729650009629,"singlet"
"CID44971_ACTTACTTCGCCATAA",0.062006054084321,"singlet"
"CID44971_ACTTGTTCAGGGTTAG",0.102003132154813,"singlet"
"CID44971_ACTTGTTGTACATCCA",0.210476428153328,"singlet"
"CID44971_ACTTGTTGTGGCTCCA",0.118366995392708,"singlet"
"CID44971_ACTTGTTTCTTCGAGA",0.0768265228628411,"singlet"
"CID44971_ACTTTCAAGATAGGAG",0.1107200649118,"singlet"
"CID44971_ACTTTCACATGATCCA",0.158323243174482,"singlet"
"CID44971_AGAATAGTCTGTCCGT",0.119040775292456,"singlet"
"CID44971_AGACGTTCAGCTCCGA",0.305259627257685,"singlet"
"CID44971_AGACGTTTCTAACTGG",0.0719953853662691,"singlet"
"CID44971_AGACGTTTCTGCCCTA",0.351328076309342,"doublet"
"CID44971_AGAGCGATCTATGTGG",0.0694013180456491,"singlet"
"CID44971_AGAGCGATCTTAGAGC",0.0752779457060239,"singlet"
"CID44971_AGAGCTTCAGGGCATA",0.185391486733993,"singlet"
"CID44971_AGAGTGGGTCAAGCGA",0.326471807959374,"singlet"
"CID44971_AGAGTGGGTTTGTGTG",0.10777604453387,"singlet"
"CID44971_AGATCTGAGGGTTCCC",0.258504789462385,"singlet"
"CID44971_AGATTGCAGAATGTTG",0.120884750307931,"singlet"
"CID44971_AGATTGCAGACTTGAA",0.0832267370694129,"singlet"
"CID44971_AGATTGCAGGGCTTGA",0.1525932441078,"singlet"
"CID44971_AGCAGCCCATTGAGCT",0.124939887375465,"singlet"
"CID44971_AGCAGCCGTATTACCG",0.0972157281514855,"singlet"
"CID44971_AGCAGCCTCCAGAAGG",0.0623313539483025,"singlet"
"CID44971_AGCATACAGCATCATC",0.0657891577195414,"singlet"
"CID44971_AGCGGTCGTACAGTTC",0.136611068524932,"singlet"
"CID44971_AGCTCCTCAAACTGTC",0.116869757444442,"singlet"
"CID44971_AGCTCCTCAGGGTATG",0.10828434027999,"singlet"
"CID44971_AGCTCCTTCTCAAGTG",0.179306050497797,"singlet"
"CID44971_AGCTCTCAGAATGTGT",0.195824481598299,"singlet"
"CID44971_AGCTCTCCACCCAGTG",0.091859946406583,"singlet"
"CID44971_AGCTCTCGTCGCCATG",0.0725557414859196,"singlet"
"CID44971_AGGCCACCAAATTGCC",0.136594394307471,"singlet"
"CID44971_AGGCCGTAGCTGCCCA",0.0729330675160246,"singlet"
"CID44971_AGGCCGTGTCAAAGCG",0.138355644507965,"singlet"
"CID44971_AGGCCGTGTTTACTCT",0.239785416506222,"singlet"
"CID44971_AGGGATGTCACATACG",0.11243263746746,"singlet"
"CID44971_AGGTCATCATTACCTT",0.108336563388244,"singlet"
"CID44971_AGGTCCGAGTGTCCAT",0.076482523690263,"singlet"
"CID44971_AGGTCCGCAGCTGTGC",0.112085559007223,"singlet"
"CID44971_AGGTCCGCATTCTTAC",0.132498277183478,"singlet"
"CID44971_AGGTCCGGTAAATGAC",0.081834603129273,"singlet"
"CID44971_AGTAGTCGTGTAAGTA",0.154928461832575,"singlet"
"CID44971_AGTCTTTAGCGATCCC",0.097149833465734,"singlet"
"CID44971_AGTCTTTAGCGTGTCC",0.078508082206489,"singlet"
"CID44971_AGTCTTTTCCAAACAC",0.10189617547888,"singlet"
"CID44971_AGTGAGGGTCGACTAT",0.0707256505906574,"singlet"
"CID44971_AGTGGGAAGCGATATA",0.124655982988319,"singlet"
"CID44971_AGTGGGACATATGAGA",0.101171230573218,"singlet"
"CID44971_AGTGGGATCAATCACG",0.0732826197630892,"singlet"
"CID44971_AGTGTCAAGATCCGAG",0.306978195791661,"singlet"
"CID44971_AGTGTCACACTGTTAG",0.107084357911366,"singlet"
"CID44971_AGTGTCAGTAACGCGA",0.0952661921771388,"singlet"
"CID44971_AGTTGGTCACCTCGTT",0.0893231116369865,"singlet"
"CID44971_AGTTGGTTCTGCTGTC",0.133296042004295,"singlet"
"CID44971_ATAACGCGTTATTCTC",0.105933082997546,"singlet"
"CID44971_ATAAGAGGTCACTGGC",0.0712030649767434,"singlet"
"CID44971_ATAGACCGTTTAGCTG",0.101037684145111,"singlet"
"CID44971_ATCACGAAGTGTCCAT",0.3401652992681,"doublet"
"CID44971_ATCACGACAGAGTGTG",0.124689008402172,"singlet"
"CID44971_ATCACGAGTTAAAGTG",0.0914749635147091,"singlet"
"CID44971_ATCATCTAGAAACGCC",0.0895726878004787,"singlet"
"CID44971_ATCATCTCAACTGGCC",0.0703163446853121,"singlet"
"CID44971_ATCATCTCATTCCTGC",0.381756322898718,"doublet"
"CID44971_ATCATCTGTCAGGACA",0.217304140256579,"singlet"
"CID44971_ATCATGGGTCTCTCTG",0.154421924910542,"singlet"
"CID44971_ATCATGGTCTCTGAGA",0.181253105923408,"singlet"
"CID44971_ATCCGAACAAAGGAAG",0.139366255655848,"singlet"
"CID44971_ATCGAGTAGGGTCTCC",0.0436299831385503,"singlet"
"CID44971_ATCGAGTGTGCTGTAT",0.120960538729143,"singlet"
"CID44971_ATCTACTAGTGCCAGA",0.314895099562336,"singlet"
"CID44971_ATCTACTGTCTCTCTG",0.120060058503712,"singlet"
"CID44971_ATCTGCCCAGTCGTGC",0.11138686387474,"singlet"
"CID44971_ATCTGCCCATTAGCCA",0.114922612072923,"singlet"
"CID44971_ATGGGAGAGATGGCGT",0.302980472157549,"singlet"
"CID44971_ATGGGAGCACAGTCGC",0.125780572697959,"singlet"
"CID44971_ATGTGTGAGATCGGGT",0.146591731228808,"singlet"
"CID44971_ATGTGTGTCGCAAACT",0.288448599361771,"singlet"
"CID44971_ATTATCCAGCAACGGT",0.37039538583577,"doublet"
"CID44971_ATTATCCAGTTGCAGG",0.0847867674103052,"singlet"
"CID44971_ATTCTACAGCGAGAAA",0.205906178474841,"singlet"
"CID44971_ATTCTACGTCACTGGC",0.421249147444873,"doublet"
"CID44971_ATTCTACTCGCGTTTC",0.0675876140558958,"singlet"
"CID44971_ATTGGTGAGATCGATA",0.348887269248066,"doublet"
"CID44971_ATTGGTGGTGGGTCAA",0.275255680305148,"singlet"
"CID44971_CAACCTCAGAGCTTCT",0.107679549848397,"singlet"
"CID44971_CAACCTCTCGCATGGC",0.16655094090123,"singlet"
"CID44971_CAACTAGCATCCAACA",0.0804248106816286,"singlet"
"CID44971_CAAGAAATCGAATGGG",0.0971924973308144,"singlet"
"CID44971_CAAGATCAGTATGACA",0.173754222928845,"singlet"
"CID44971_CAAGATCTCTTTAGGG",0.115622478701695,"singlet"
"CID44971_CAAGGCCAGATGTAAC",0.177782887869039,"singlet"
"CID44971_CACAAACAGCACCGTC",0.243248400952333,"singlet"
"CID44971_CACACAAAGATGGCGT",0.344163358212501,"doublet"
"CID44971_CACACAAAGCCGGTAA",0.0913531850646522,"singlet"
"CID44971_CACACAATCATGCATG",0.108389489119245,"singlet"
"CID44971_CACACCTAGATATACG",0.166874592044813,"singlet"
"CID44971_CACACCTGTAGAAGGA",0.164341883202933,"singlet"
"CID44971_CACACCTGTCATTAGC",0.0897224258614545,"singlet"
"CID44971_CACACCTGTGGCTCCA",0.415898932692123,"doublet"
"CID44971_CACACTCAGAACAACT",0.221150071685023,"singlet"
"CID44971_CACACTCGTGGGTCAA",0.278643014379183,"singlet"
"CID44971_CACAGTACAAGTACCT",0.199006657262429,"singlet"
"CID44971_CACAGTAGTAGTACCT",0.0460853431850566,"singlet"
"CID44971_CACAGTAGTTAAGAAC",0.504438888233504,"doublet"
"CID44971_CACATAGAGGCAGGTT",0.0986489011463762,"singlet"
"CID44971_CACATAGAGTGTACTC",0.0998875077952552,"singlet"
"CID44971_CACATAGTCCCATTAT",0.13710211797428,"singlet"
"CID44971_CACATTTTCCTGCCAT",0.0764877243144531,"singlet"
"CID44971_CACCACTAGCGAGAAA",0.357222842115578,"doublet"
"CID44971_CACCACTCACTTCTGC",0.5227616685543,"doublet"
"CID44971_CACCAGGTCAGAGCTT",0.240801159702537,"singlet"
"CID44971_CAGAATCAGTATCTCG",0.0988160876141341,"singlet"
"CID44971_CAGAGAGCACTCGACG",0.0979840020658275,"singlet"
"CID44971_CAGAGAGGTGTCTGAT",0.232893048775378,"singlet"
"CID44971_CAGAGAGTCTCTGAGA",0.0715555473004661,"singlet"
"CID44971_CAGAGAGTCTGCAAGT",0.0753794619945618,"singlet"
"CID44971_CAGATCATCGGTTAAC",0.277907549763622,"singlet"
"CID44971_CAGCAGCGTCATATCG",0.111791520322594,"singlet"
"CID44971_CAGCATACAAATACAG",0.254509661457134,"singlet"
"CID44971_CAGCATAGTTGACGTT",0.129959840506273,"singlet"
"CID44971_CAGCCGATCGGACAAG",0.151877361555799,"singlet"
"CID44971_CAGCCGATCTGTACGA",0.150144270167968,"singlet"
"CID44971_CAGCGACCACTGCCAG",0.409059745556247,"doublet"
"CID44971_CAGCTAAAGCTAGTTC",0.115350261918949,"singlet"
"CID44971_CAGCTAACAGCCTGTG",0.0516164514282021,"singlet"
"CID44971_CAGCTAAGTTCAGTAC",0.143067372930044,"singlet"
"CID44971_CAGCTGGAGAAACCGC",0.0940326500169004,"singlet"
"CID44971_CAGGTGCAGTGAAGTT",0.104056092891895,"singlet"
"CID44971_CAGTAACCATTCGACA",0.183815399021058,"singlet"
"CID44971_CATATGGCAGTTCCCT",0.0951237327674315,"singlet"
"CID44971_CATATTCCAGTTCCCT",0.102902736247634,"singlet"
"CID44971_CATCAGAAGACAGAGA",0.0506832786962079,"singlet"
"CID44971_CATCCACTCAGAGACG",0.109774539122369,"singlet"
"CID44971_CATCCACTCTCTGCTG",0.190521193666554,"singlet"
"CID44971_CATCGGGAGATATACG",0.135586016288214,"singlet"
"CID44971_CATCGGGCAATCTGCA",0.160139723028635,"singlet"
"CID44971_CATCGGGCACGAAACG",0.0867316591694226,"singlet"
"CID44971_CATGCCTTCAATACCG",0.0887452079340981,"singlet"
"CID44971_CATGGCGGTGCGCTTG",0.111372524992835,"singlet"
"CID44971_CATTCGCCAAACAACA",0.127032294319461,"singlet"
"CID44971_CATTCGCTCCTTGCCA",0.0695596492406652,"singlet"
"CID44971_CCACGGATCCAGAAGG",0.331008498442304,"doublet"
"CID44971_CCCAATCGTGGACGAT",0.112689239028942,"singlet"
"CID44971_CCCAGTTGTAAATACG",0.125164499490162,"singlet"
"CID44971_CCCTCCTAGGAATCGC",0.125911964950107,"singlet"
"CID44971_CCCTCCTTCCGCGCAA",0.0827304445623436,"singlet"
"CID44971_CCGGGATCAGTCAGCC",0.130559321188135,"singlet"
"CID44971_CCGGTAGCAGCGTTCG",0.0830578059060017,"singlet"
"CID44971_CCGTACTCAGCTCGAC",0.289837466440856,"singlet"
"CID44971_CCGTACTGTCCTAGCG",0.203403873810027,"singlet"
"CID44971_CCGTACTTCTTAGAGC",0.155699791277481,"singlet"
"CID44971_CCGTTCAAGAAGAAGC",0.530307221288219,"doublet"
"CID44971_CCGTTCAAGCTACCTA",0.122127584990383,"singlet"
"CID44971_CCGTTCATCAGGCCCA",0.0830967337717081,"singlet"
"CID44971_CCTAAAGCAAATCCGT",0.137449492226235,"singlet"
"CID44971_CCTAAAGGTGCAACTT",0.076608362456393,"singlet"
"CID44971_CCTACACAGGCATGGT",0.25861124610538,"singlet"
"CID44971_CCTACACCACCACGTG",0.34498149923559,"doublet"
"CID44971_CCTACACGTGGCGAAT",0.174815536414213,"singlet"
"CID44971_CCTACCACACTCTGTC",0.123995032214051,"singlet"
"CID44971_CCTAGCTGTACTTAGC",0.177211512016936,"singlet"
"CID44971_CCTAGCTTCTGCTGTC",0.12828126929386,"singlet"
"CID44971_CCTATTAGTCTTTCAT",0.144151991669552,"singlet"
"CID44971_CCTATTATCTGCTGCT",0.135157489930539,"singlet"
"CID44971_CCTCAGTCATTGAGCT",0.154662252017494,"singlet"
"CID44971_CCTCAGTGTACAGACG",0.156923169123015,"singlet"
"CID44971_CCTCAGTTCGTGGGAA",0.133011816153429,"singlet"
"CID44971_CCTCTGATCGTGACAT",0.0950059065299046,"singlet"
"CID44971_CCTTACGTCCAGAAGG",0.114723876901072,"singlet"
"CID44971_CCTTCGAGTCTCACCT",0.164233031728515,"singlet"
"CID44971_CCTTCGAGTTCACGGC",0.0949954017484501,"singlet"
"CID44971_CCTTTCTCAGGATTGG",0.0849416069598603,"singlet"
"CID44971_CCTTTCTGTCCGCTGA",0.0951880601997441,"singlet"
"CID44971_CCTTTCTTCACCCGAG",0.100851271036296,"singlet"
"CID44971_CGAACATCACTAGTAC",0.123136748211078,"singlet"
"CID44971_CGAACATGTACAAGTA",0.282659533826206,"singlet"
"CID44971_CGAATGTGTGGTTTCA",0.173543559826867,"singlet"
"CID44971_CGAATGTTCACCTCGT",0.401859962637047,"doublet"
"CID44971_CGACCTTCAAGCGATG",0.219036214752788,"singlet"
"CID44971_CGACCTTGTAACGTTC",0.0836039650294492,"singlet"
"CID44971_CGACCTTGTCTAGAGG",0.241494268471986,"singlet"
"CID44971_CGACTTCAGCTAGTCT",0.135936542778146,"singlet"
"CID44971_CGAGAAGTCTGCCAGG",0.475164733073492,"doublet"
"CID44971_CGATCGGAGCGATCCC",0.0987544653887986,"singlet"
"CID44971_CGATCGGAGTATCGAA",0.18072462794706,"singlet"
"CID44971_CGATCGGAGTATGACA",0.0941725160683526,"singlet"
"CID44971_CGATGGCCACGTAAGG",0.0929090116942693,"singlet"
"CID44971_CGATGGCCAGTCGTGC",0.136052116012824,"singlet"
"CID44971_CGATGTAAGCACCGTC",0.296722122395613,"singlet"
"CID44971_CGCGGTATCGTTTATC",0.140633402311509,"singlet"
"CID44971_CGCGTTTAGCGTTCCG",0.197801907781343,"singlet"
"CID44971_CGCGTTTCACCAACCG",0.32706808451538,"singlet"
"CID44971_CGCTGGAAGCTGCGAA",0.185676747347586,"singlet"
"CID44971_CGCTGGACAGCAGTTT",0.0662382816878567,"singlet"
"CID44971_CGGACACCAAACCCAT",0.0747235527390691,"singlet"
"CID44971_CGGACACCACCAGTTA",0.100273021789433,"singlet"
"CID44971_CGGACACTCTAACTGG",0.122010440525882,"singlet"
"CID44971_CGGACGTAGACCCACC",0.0421508440144901,"singlet"
"CID44971_CGGACGTCAAGTAATG",0.157035420807547,"singlet"
"CID44971_CGGACTGGTTGAACTC",0.104141279181276,"singlet"
"CID44971_CGGAGCTAGTGTACCT",0.084844319611238,"singlet"
"CID44971_CGGAGCTGTCCGCTGA",0.0762845130195733,"singlet"
"CID44971_CGGAGCTGTCTCCATC",0.106616527926831,"singlet"
"CID44971_CGGAGCTGTGGTAACG",0.199738023656601,"singlet"
"CID44971_CGGAGCTGTTCCACAA",0.26565426930102,"singlet"
"CID44971_CGGAGTCCACCGGAAA",0.11202635761236,"singlet"
"CID44971_CGGAGTCTCACATGCA",0.117067362271781,"singlet"
"CID44971_CGGGTCAAGTCCGTAT",0.118833883921696,"singlet"
"CID44971_CGGGTCAGTTCCACAA",0.12081076363296,"singlet"
"CID44971_CGGTTAAAGAGGACGG",0.172911493446811,"singlet"
"CID44971_CGGTTAACACCTGGTG",0.0794482613311471,"singlet"
"CID44971_CGGTTAACAGGGCATA",0.132329862415358,"singlet"
"CID44971_CGTAGCGTCGATCCCT",0.0579136179462317,"singlet"
"CID44971_CGTAGGCCAACTGGCC",0.106533695332633,"singlet"
"CID44971_CGTCACTTCGAGAACG",0.115755421774403,"singlet"
"CID44971_CGTCACTTCGTCTGCT",0.067674429736745,"singlet"
"CID44971_CGTCAGGAGACAAGCC",0.0688047354565799,"singlet"
"CID44971_CGTCAGGGTGGCAAAC",0.104405213180929,"singlet"
"CID44971_CGTCCATCAGTAAGAT",0.0799733526734793,"singlet"
"CID44971_CGTCCATGTTCCGGCA",0.135147700613632,"singlet"
"CID44971_CGTCTACTCTGGCGTG",0.101737443406792,"singlet"
"CID44971_CGTGAGCGTCAGTGGA",0.0864677595165857,"singlet"
"CID44971_CGTGAGCGTTAAGATG",0.193187065122935,"singlet"
"CID44971_CGTGTAATCGCAAGCC",0.106042683763908,"singlet"
"CID44971_CGTGTCTGTAGGACAC",0.111415879679942,"singlet"
"CID44971_CGTTAGATCGCAAGCC",0.0742853006554167,"singlet"
"CID44971_CGTTGGGGTAGAGCTG",0.102506842997621,"singlet"
"CID44971_CTAACTTCATGGATGG",0.481822340067777,"doublet"
"CID44971_CTAACTTGTTGTGGCC",0.0842859308970355,"singlet"
"CID44971_CTAACTTTCGAGCCCA",0.11517906632445,"singlet"
"CID44971_CTAATGGTCGGCTACG",0.0852207711823956,"singlet"
"CID44971_CTACACCTCTCATTCA",0.12538072560416,"singlet"
"CID44971_CTACATTAGACAAGCC",0.0948560788566183,"singlet"
"CID44971_CTACATTCAGAGTGTG",0.135319878834872,"singlet"
"CID44971_CTACATTGTCGACTGC",0.120231011072327,"singlet"
"CID44971_CTACCCACACGCGAAA",0.102713703980919,"singlet"
"CID44971_CTACCCATCACCGGGT",0.0734273634005604,"singlet"
"CID44971_CTACGTCTCAACACTG",0.0958855100807315,"singlet"
"CID44971_CTAGAGTAGCTGGAAC",0.0940710203675554,"singlet"
"CID44971_CTAGAGTCAGTAAGAT",0.130815412076168,"singlet"
"CID44971_CTAGTGATCAAGAAGT",0.0685940484705234,"singlet"
"CID44971_CTAGTGATCCGGGTGT",0.111877839539092,"singlet"
"CID44971_CTCACACCAACTGCGC",0.154934913497467,"singlet"
"CID44971_CTCACACCATCACCCT",0.183722008840433,"singlet"
"CID44971_CTCAGAAAGCTGAACG",0.154524898933422,"singlet"
"CID44971_CTCAGAAAGCTGCGAA",0.0898892521705696,"singlet"
"CID44971_CTCAGAAAGGTACTCT",0.0827772781961155,"singlet"
"CID44971_CTCAGAAGTCCGTCAG",0.0990067701533591,"singlet"
"CID44971_CTCATTAGTACTCTCC",0.149075366904096,"singlet"
"CID44971_CTCATTATCTTATCTG",0.120208268043429,"singlet"
"CID44971_CTCCTAGCAAAGGTGC",0.116268743511112,"singlet"
"CID44971_CTCCTAGGTTACCAGT",0.177759298601802,"singlet"
"CID44971_CTCCTAGTCTGGCGTG",0.442469856637282,"doublet"
"CID44971_CTCGAGGGTAAGTTCC",0.265553614684592,"singlet"
"CID44971_CTCGGAGAGGAACTGC",0.17608333443583,"singlet"
"CID44971_CTCGGAGAGGTGGGTT",0.109090643054621,"singlet"
"CID44971_CTCGGAGTCAACCAAC",0.117852362298693,"singlet"
"CID44971_CTCGGGACAATGGAAT",0.0494892173233267,"singlet"
"CID44971_CTCGGGACACAGACTT",0.190962575567457,"singlet"
"CID44971_CTCGTACGTGGTAACG",0.384607940708477,"doublet"
"CID44971_CTCGTACTCCATGAGT",0.0986686450813588,"singlet"
"CID44971_CTCGTCAGTGACGCCT",0.385152316290725,"doublet"
"CID44971_CTCTAATAGGATTCGG",0.112689763914068,"singlet"
"CID44971_CTCTAATAGGGTCTCC",0.126138103247512,"singlet"
"CID44971_CTCTAATTCGGCTTGG",0.124239540416437,"singlet"
"CID44971_CTCTACGCACCAGGCT",0.132742093184471,"singlet"
"CID44971_CTGATAGGTGCTGTAT",0.186931877957828,"singlet"
"CID44971_CTGATAGTCACTGGGC",0.143879471654925,"singlet"
"CID44971_CTGCCTACACCCATTC",0.0528728042500775,"singlet"
"CID44971_CTGCTGTAGACTAGAT",0.582350956654822,"doublet"
"CID44971_CTGCTGTAGAGAGCTC",0.107787568469997,"singlet"
"CID44971_CTGGTCTAGCAACGGT",0.0551002659456113,"singlet"
"CID44971_CTGTGCTTCGGAGCAA",0.281318233573997,"singlet"
"CID44971_CTGTTTAAGCCACTAT",0.175895251744159,"singlet"
"CID44971_CTGTTTAAGTATGACA",0.0870090781298973,"singlet"
"CID44971_CTTAACTAGGCATGTG",0.0715048471162544,"singlet"
"CID44971_CTTACCGTCACAGTAC",0.213343019369011,"singlet"
"CID44971_CTTACCGTCTGCAGTA",0.11613730515401,"singlet"
"CID44971_CTTAGGAAGTCACGCC",0.0893244133635783,"singlet"
"CID44971_CTTCTCTTCTCTGCTG",0.128494034869631,"singlet"
"CID44971_CTTGGCTGTGGAAAGA",0.102364629325048,"singlet"
"CID44971_CTTTGCGCACCAGCAC",0.146100122048177,"singlet"
"CID44971_CTTTGCGCATGGGACA",0.109428228783097,"singlet"
"CID44971_GAAACTCAGTCAAGCG",0.111870951932354,"singlet"
"CID44971_GAAACTCGTGAAATCA",0.0788238997773398,"singlet"
"CID44971_GAAATGAAGCAACGGT",0.329971158815151,"doublet"
"CID44971_GAAATGACAAGCTGAG",0.131963601568908,"singlet"
"CID44971_GAACCTAGTGCTGTAT",0.440381328694875,"doublet"
"CID44971_GAACCTATCATGCAAC",0.178599280202324,"singlet"
"CID44971_GAACGGAAGCCACGCT",0.52571927956557,"doublet"
"CID44971_GAACGGAAGCGATGAC",0.0428283484323183,"singlet"
"CID44971_GAACGGACATGCTAGT",0.101945292961792,"singlet"
"CID44971_GAACGGATCTCGTATT",0.0992678116629447,"singlet"
"CID44971_GAAGCAGCATGCTGGC",0.256573694653053,"singlet"
"CID44971_GAAGCAGTCCAAACAC",0.107716388378608,"singlet"
"CID44971_GAATAAGTCCCATTTA",0.127353516709756,"singlet"
"CID44971_GAATGAACATGTCTCC",0.300340440371992,"singlet"
"CID44971_GAATGAATCGGCTTGG",0.195647235874275,"singlet"
"CID44971_GACACGCAGACATAAC",0.129696434017747,"singlet"
"CID44971_GACACGCAGAGGGATA",0.122559526481778,"singlet"
"CID44971_GACACGCAGCAGCGTA",0.235103410582596,"singlet"
"CID44971_GACACGCGTGGTCTCG",0.102275266906407,"singlet"
"CID44971_GACACGCTCAGGATCT",0.110962296539533,"singlet"
"CID44971_GACAGAGAGAAAGTGG",0.0683026419600863,"singlet"
"CID44971_GACAGAGAGCTGCCCA",0.456658218228071,"doublet"
"CID44971_GACAGAGGTGCTGTAT",0.0612531982264932,"singlet"
"CID44971_GACCAATGTTCACCTC",0.140598431479767,"singlet"
"CID44971_GACCTGGGTTACCGAT",0.0938116874813903,"singlet"
"CID44971_GACGCGTTCTCAAACG",0.105794768882454,"singlet"
"CID44971_GACGGCTAGGACACCA",0.0850655621650651,"singlet"
"CID44971_GACGTGCAGTTTCCTT",0.0809887856368455,"singlet"
"CID44971_GACGTGCCACAAGTAA",0.275821002959832,"singlet"
"CID44971_GACGTGCCATTATCTC",0.0882276730751666,"singlet"
"CID44971_GACTACATCAGGTTCA",0.0815770048628152,"singlet"
"CID44971_GAGCAGAGTTTAGGAA",0.0881828154736832,"singlet"
"CID44971_GAGCAGATCCAAATGC",0.0805897390448168,"singlet"
"CID44971_GAGGTGACAACTGCTA",0.0827660960311211,"singlet"
"CID44971_GAGGTGACAAGTAATG",0.0840944224628845,"singlet"
"CID44971_GAGGTGACATCCTTGC",0.327830241675838,"doublet"
"CID44971_GAGGTGAGTAAAGGAG",0.0837306224218337,"singlet"
"CID44971_GAGGTGATCAGCCTAA",0.10100715486626,"singlet"
"CID44971_GAGTCCGAGCGCCTTG",0.0903733976438139,"singlet"
"CID44971_GAGTCCGAGTGTACCT",0.0886963754763362,"singlet"
"CID44971_GATCAGTAGCCCAGCT",0.0726834503358851,"singlet"
"CID44971_GATCAGTCATGAACCT",0.127783435791653,"singlet"
"CID44971_GATCAGTTCGGCCGAT",0.102805701191217,"singlet"
"CID44971_GATCGATTCCGAAGAG",0.095771157704537,"singlet"
"CID44971_GATCGCGCATTTGCCC",0.165481616804707,"singlet"
"CID44971_GATCGCGGTGGAAAGA",0.111820533408993,"singlet"
"CID44971_GATCGTAGTTGAGTTC",0.0900307884919723,"singlet"
"CID44971_GATCTAGAGAAGCCCA",0.134911080571129,"singlet"
"CID44971_GATGAAAAGTCGATAA",0.178718215316303,"singlet"
"CID44971_GATGAGGCACTGCCAG",0.220574224848504,"singlet"
"CID44971_GATGCTACATCGATGT",0.265643545460033,"singlet"
"CID44971_GATGCTAGTCAGCTAT",0.087634888868472,"singlet"
"CID44971_GCAAACTAGCTAACAA",0.48072550349553,"doublet"
"CID44971_GCAAACTGTCACAAGG",0.198497427724516,"singlet"
"CID44971_GCACATAAGCCAGGAT",0.157440345959078,"singlet"
"CID44971_GCACATATCGTTTGCC",0.151349416526017,"singlet"
"CID44971_GCACTCTGTCTAGTCA",0.0875396113813639,"singlet"
"CID44971_GCAGCCAAGTGGACGT",0.164205491371795,"singlet"
"CID44971_GCAGTTACACTGTCGG",0.12516120888574,"singlet"
"CID44971_GCAGTTAGTAGCGTCC",0.0931530045713572,"singlet"
"CID44971_GCATACACAAGACACG",0.210155195361278,"singlet"
"CID44971_GCATGCGAGAATTCCC",0.0945349860070892,"singlet"
"CID44971_GCATGTACAGCCACCA",0.079530250371816,"singlet"
"CID44971_GCCAAATCACGCTTTC",0.0884302992199854,"singlet"
"CID44971_GCCAAATTCGCGCCAA",0.188436265087751,"singlet"
"CID44971_GCCTCTACATCCCACT",0.115513232481085,"singlet"
"CID44971_GCCTCTAGTCGGATCC",0.166755620870505,"singlet"
"CID44971_GCGACCACATCCGCGA",0.230988335205425,"singlet"
"CID44971_GCGCAGTGTGGGTATG",0.274116104961392,"singlet"
"CID44971_GCGCAGTTCATCTGCC",0.174414941106278,"singlet"
"CID44971_GCGCAGTTCCGATATG",0.108635992849689,"singlet"
"CID44971_GCGCAGTTCGCGATCG",0.177448180592533,"singlet"
"CID44971_GCGCGATTCGTTTAGG",0.103806896045538,"singlet"
"CID44971_GCGGGTTAGAGTAATC",0.116241148242236,"singlet"
"CID44971_GCGGGTTTCCACGTGG",0.127331874747693,"singlet"
"CID44971_GCTCCTATCCACGCAG",0.0744665354431806,"singlet"
"CID44971_GCTCCTATCTAACGGT",0.0932207339391059,"singlet"
"CID44971_GCTCTGTGTAGCGTGA",0.120967926973166,"singlet"
"CID44971_GCTGCAGAGCCAGTTT",0.11959073320346,"singlet"
"CID44971_GCTGCAGCAGAAGCAC",0.103759065396203,"singlet"
"CID44971_GCTGCAGGTTTAGCTG",0.186212020415354,"singlet"
"CID44971_GCTGCGAAGGGTTTCT",0.185991144894174,"singlet"
"CID44971_GCTGCGATCTCGTTTA",0.0678818323100105,"singlet"
"CID44971_GCTGCTTTCCGTTGTC",0.063902354904875,"singlet"
"CID44971_GCTGGGTCAGAAGCAC",0.15691297775131,"singlet"
"CID44971_GCTGGGTTCCTCGCAT",0.0745342685025131,"singlet"
"CID44971_GCTGGGTTCTGTCTAT",0.132387843022064,"singlet"
"CID44971_GCTTGAACATACTACG",0.135720619671239,"singlet"
"CID44971_GCTTGAAGTCGGCACT",0.149461714329105,"singlet"
"CID44971_GGAACTTCACGCATCG",0.132354610226654,"singlet"
"CID44971_GGAACTTGTAGATTAG",0.210716908718664,"singlet"
"CID44971_GGACAAGTCCCTTGCA",0.0861226080034833,"singlet"
"CID44971_GGACAGAGTCTCCCTA",0.0676310903949285,"singlet"
"CID44971_GGACGTCAGCCATCGC",0.108768878576845,"singlet"
"CID44971_GGACGTCCATCCCACT",0.0543566250906984,"singlet"
"CID44971_GGACGTCGTAAGTGGC",0.0646723257878546,"singlet"
"CID44971_GGACGTCGTGAGGGTT",0.12074824237848,"singlet"
"CID44971_GGAGCAACACTAGTAC",0.0805959919143915,"singlet"
"CID44971_GGATGTTCAACACGCC",0.082166786172415,"singlet"
"CID44971_GGATGTTCAGTGGAGT",0.297215754687757,"singlet"
"CID44971_GGATGTTCAGTTCATG",0.195775163655042,"singlet"
"CID44971_GGATTACTCTTGCCGT",0.295446637872876,"singlet"
"CID44971_GGCAATTCAGTTAACC",0.0724110424611163,"singlet"
"CID44971_GGCTCGAAGTACGCGA",0.219402187946755,"singlet"
"CID44971_GGCTCGACAAGTAGTA",0.0885697214348094,"singlet"
"CID44971_GGCTCGACAGGGTATG",0.0792162595927182,"singlet"
"CID44971_GGCTCGAGTCGCATCG",0.145324522489385,"singlet"
"CID44971_GGCTGGTTCGTGGGAA",0.314220231663028,"singlet"
"CID44971_GGGACCTAGCCGATTT",0.152671586738815,"singlet"
"CID44971_GGGACCTCAAAGTCAA",0.0666494651621873,"singlet"
"CID44971_GGGATGACATGCAACT",0.185923561519437,"singlet"
"CID44971_GGGATGAGTAGAGTGC",0.140446458338347,"singlet"
"CID44971_GGGATGATCCAGTATG",0.111759574811976,"singlet"
"CID44971_GGGCACTCATGCATGT",0.16082783024104,"singlet"
"CID44971_GGGCATCTCGGCATCG",0.0674178441430484,"singlet"
"CID44971_GGGTCTGAGTGGAGTC",0.0871205726563145,"singlet"
"CID44971_GGGTCTGCAAGTCTGT",0.105804793516464,"singlet"
"CID44971_GGGTTGCGTACAGACG",0.106147153577009,"singlet"
"CID44971_GGTATTGCACTCGACG",0.0772129404760208,"singlet"
"CID44971_GGTGCGTCACAAGACG",0.089205439721186,"singlet"
"CID44971_GGTGTTACATGTTGAC",0.128050835482061,"singlet"
"CID44971_GTAACTGTCTCCTATA",0.0561294155152601,"singlet"
"CID44971_GTACGTAAGTCAATAG",0.135850068336735,"singlet"
"CID44971_GTACGTAGTACTTAGC",0.361169192012412,"doublet"
"CID44971_GTACGTATCAGTGCAT",0.110151865951842,"singlet"
"CID44971_GTACTTTAGACTGGGT",0.0907291480591849,"singlet"
"CID44971_GTACTTTAGTGTTTGC",0.0636896214627568,"singlet"
"CID44971_GTACTTTTCGGTCTAA",0.0942764910512174,"singlet"
"CID44971_GTAGGCCCACGGTGTC",0.160605190814452,"singlet"
"CID44971_GTAGTCAGTCCGACGT",0.139520037435731,"singlet"
"CID44971_GTATCTTCAGCCTTTC",0.116409368965776,"singlet"
"CID44971_GTATTCTAGCTTTGGT",0.0529930328364621,"singlet"
"CID44971_GTCAAGTAGTGAACGC",0.281219308674222,"singlet"
"CID44971_GTCAAGTCAGACAGGT",0.177913886690847,"singlet"
"CID44971_GTCACAAAGTGTACGG",0.161667520102856,"singlet"
"CID44971_GTCACGGGTGGAAAGA",0.551291707801378,"doublet"
"CID44971_GTCACGGTCCCTGACT",0.10824579426635,"singlet"
"CID44971_GTCATTTCATATACCG",0.0942740029609739,"singlet"
"CID44971_GTCCTCACAGCTGCAC",0.336504038408606,"doublet"
"CID44971_GTCGGGTCAGTATAAG",0.215618275542345,"singlet"
"CID44971_GTCGTAAAGGAGTTTA",0.115155912461136,"singlet"
"CID44971_GTCGTAATCAAGGCTT",0.0537819268007529,"singlet"
"CID44971_GTCTCGTGTGAGTGAC",0.0821643575616936,"singlet"
"CID44971_GTCTTCGCAGCATACT",0.322578421763552,"singlet"
"CID44971_GTGCAGCGTACTTAGC",0.164854389759001,"singlet"
"CID44971_GTGCGGTGTCTTGTCC",0.25663755362255,"singlet"
"CID44971_GTGCGGTGTGTTGGGA",0.0767073432010833,"singlet"
"CID44971_GTGCTTCCACCTATCC",0.123882629285683,"singlet"
"CID44971_GTGCTTCTCTGGTGTA",0.0524581603531765,"singlet"
"CID44971_GTGGGTCGTATGAAAC",0.0674976487997448,"singlet"
"CID44971_GTGTGCGGTCGCATCG",0.326006852116332,"singlet"
"CID44971_GTGTGCGGTCTAAAGA",0.250014190519865,"singlet"
"CID44971_GTGTGCGTCAGAGACG",0.112247161789176,"singlet"
"CID44971_GTTAAGCAGCGAGAAA",0.0551008359969109,"singlet"
"CID44971_GTTAAGCTCCCAGGTG",0.0856467642280981,"singlet"
"CID44971_GTTACAGAGCAATCTC",0.370447143021174,"doublet"
"CID44971_GTTACAGTCCGTCATC",0.204719467490833,"singlet"
"CID44971_GTTCTCGAGAGGTAGA",0.0859008346940871,"singlet"
"CID44971_GTTTCTACACTTAACG",0.130954242821808,"singlet"
"CID44971_TAAACCGTCTAACGGT",0.100974925203825,"singlet"
"CID44971_TAAGAGACATCAGTAC",0.0668456435851477,"singlet"
"CID44971_TAAGAGAGTTTGACAC",0.0742129726523472,"singlet"
"CID44971_TAAGCGTGTTATGTGC",0.25496762384486,"singlet"
"CID44971_TAAGTGCGTTCCGGCA",0.0970849000199142,"singlet"
"CID44971_TACAGTGAGACTTGAA",0.095408516003468,"singlet"
"CID44971_TACCTATAGGGAAACA",0.435532766340999,"doublet"
"CID44971_TACCTATCACCCATTC",0.0935080095475175,"singlet"
"CID44971_TACGGATGTGATAAGT",0.452008271127116,"doublet"
"CID44971_TACTCATTCCTAGGGC",0.441787282981594,"doublet"
"CID44971_TACTCATTCGCCATAA",0.122046166734986,"singlet"
"CID44971_TACTCGCAGGCTAGAC",0.0888115022871302,"singlet"
"CID44971_TACTTACCACCTCGTT",0.111096483829472,"singlet"
"CID44971_TACTTACGTTGTGGAG",0.118775540139058,"singlet"
"CID44971_TACTTACTCCTGCAGG",0.206680306597692,"singlet"
"CID44971_TAGACCAAGCGTGAGT",0.173573016647736,"singlet"
"CID44971_TAGACCACATTTCAGG",0.194644035503424,"singlet"
"CID44971_TAGAGCTAGATCCCGC",0.0757092681059294,"singlet"
"CID44971_TAGCCGGCATGTTGAC",0.110878704683543,"singlet"
"CID44971_TAGCCGGGTGTTTGGT",0.243659501008521,"singlet"
"CID44971_TAGGCATAGCTAAACA",0.289366058483775,"singlet"
"CID44971_TAGGCATCAAAGTCAA",0.110429558595466,"singlet"
"CID44971_TAGGCATCACACTGCG",0.177641920270177,"singlet"
"CID44971_TAGGCATGTTGATTGC",0.145453935686213,"singlet"
"CID44971_TAGGCATTCAGCTGGC",0.234188331709506,"singlet"
"CID44971_TAGTGGTAGGTGCTAG",0.0765375007854309,"singlet"
"CID44971_TAGTGGTAGTATCGAA",0.12693457044737,"singlet"
"CID44971_TAGTGGTCACCGATAT",0.116639573658914,"singlet"
"CID44971_TATCAGGCATCGTCGG",0.167788807784407,"singlet"
"CID44971_TATCAGGTCTGCTGTC",0.0813215169732256,"singlet"
"CID44971_TATCTCAGTCACTTCC",0.0889488930676706,"singlet"
"CID44971_TATCTCAGTCTAGTGT",0.0509814828151244,"singlet"
"CID44971_TATGCCCTCAAGGCTT",0.0689002980595245,"singlet"
"CID44971_TATTACCTCAACACTG",0.101666315820519,"singlet"
"CID44971_TCAACGACAAGTCTAC",0.142263043150861,"singlet"
"CID44971_TCAATCTAGAGTCGGT",0.0799067455446123,"singlet"
"CID44971_TCAATCTTCAACCAAC",0.105847765198924,"singlet"
"CID44971_TCACAAGCACTGTCGG",0.146203130754146,"singlet"
"CID44971_TCACAAGTCCACTCCA",0.216886668139723,"singlet"
"CID44971_TCACGAAAGTGTCCAT",0.100845774525371,"singlet"
"CID44971_TCACGAAGTACCGGCT",0.0574127258043965,"singlet"
"CID44971_TCACGAATCACGATGT",0.0879013400519418,"singlet"
"CID44971_TCAGCAAAGAATTCCC",0.0723531359744378,"singlet"
"CID44971_TCAGCAAAGGCTAGAC",0.0764324921963517,"singlet"
"CID44971_TCAGCTCGTGTCTGAT",0.0779717056645889,"singlet"
"CID44971_TCAGGATTCCAGATCA",0.375477982003965,"doublet"
"CID44971_TCAGGTAAGGATGGTC",0.0564774021895176,"singlet"
"CID44971_TCATTACGTTCACCTC",0.0758453734589451,"singlet"
"CID44971_TCCACACAGTGACATA",0.103203305304366,"singlet"
"CID44971_TCCACACTCATGTCCC",0.0704839534341421,"singlet"
"CID44971_TCCCGATAGCCACGCT",0.248089572463333,"singlet"
"CID44971_TCCCGATAGTTTGCGT",0.0568013742396339,"singlet"
"CID44971_TCCCGATTCGCTTAGA",0.0921056492628699,"singlet"
"CID44971_TCCCGATTCTGCAGTA",0.112877492696384,"singlet"
"CID44971_TCGCGTTTCAAGATCC",0.0839470426619249,"singlet"
"CID44971_TCGCGTTTCTGAGTGT",0.144813911280249,"singlet"
"CID44971_TCGGGACCATCTATGG",0.123865231749239,"singlet"
"CID44971_TCGGGACGTAACGTTC",0.109046089440411,"singlet"
"CID44971_TCGGGACGTCGCCATG",0.230723043100245,"singlet"
"CID44971_TCGGTAACAGTTTACG",0.106920103554606,"singlet"
"CID44971_TCGGTAAGTCACCTAA",0.113170109946215,"singlet"
"CID44971_TCGGTAAGTGCACTTA",0.0740849583857796,"singlet"
"CID44971_TCGTAGAGTTAAGATG",0.186290883703093,"singlet"
"CID44971_TCGTAGAGTTGACGTT",0.0686606275215716,"singlet"
"CID44971_TCTATTGAGACCCACC",0.0672212384576147,"singlet"
"CID44971_TCTATTGGTATAATGG",0.206375272414035,"singlet"
"CID44971_TCTATTGGTTCGGGCT",0.085612945327842,"singlet"
"CID44971_TCTCTAAAGACTACAA",0.114024883968085,"singlet"
"CID44971_TCTCTAAAGGCCCGTT",0.0383170988297743,"singlet"
"CID44971_TCTCTAACAGCTTAAC",0.228449888681541,"singlet"
"CID44971_TCTCTAAGTCAGGACA",0.103167733530886,"singlet"
"CID44971_TCTCTAATCGTATCAG",0.108780650471365,"singlet"
"CID44971_TCTGGAAGTCTCCATC",0.236621387885671,"singlet"
"CID44971_TCTTCGGCACTATCTT",0.0689049143271867,"singlet"
"CID44971_TCTTTCCTCAAAGACA",0.125582605563974,"singlet"
"CID44971_TGACAACAGTGGGTTG",0.0336319740611674,"singlet"
"CID44971_TGACTTTGTAAACGCG",0.0860851578999449,"singlet"
"CID44971_TGAGAGGTCGGGAGTA",0.12262660704717,"singlet"
"CID44971_TGAGAGGTCTTATCTG",0.170540694482215,"singlet"
"CID44971_TGAGCATGTAGCCTAT",0.0986408915266189,"singlet"
"CID44971_TGAGCCGAGGTGCTTT",0.101947720694676,"singlet"
"CID44971_TGAGCCGGTAATAGCA",0.30678230344966,"singlet"
"CID44971_TGAGCCGGTGACTCAT",0.112555219889684,"singlet"
"CID44971_TGAGGGATCCTTCAAT",0.0814773100557964,"singlet"
"CID44971_TGAGGGATCTAGCACA",0.0620653877913662,"singlet"
"CID44971_TGATTTCAGCAGATCG",0.149415414653474,"singlet"
"CID44971_TGATTTCAGGCGCTCT",0.12662229121895,"singlet"
"CID44971_TGATTTCCACCAGGTC",0.0648357788470705,"singlet"
"CID44971_TGCACCTAGCTGTTCA",0.211683595508777,"singlet"
"CID44971_TGCACCTTCAGTCAGT",0.205672752313451,"singlet"
"CID44971_TGCCAAACAGGTTTCA",0.123889788736887,"singlet"
"CID44971_TGCCAAATCCTAGTGA",0.152022373119528,"singlet"
"CID44971_TGCCCATAGATCCCAT",0.0687778666076818,"singlet"
"CID44971_TGCCCATTCAACACCA",0.0840289093957836,"singlet"
"CID44971_TGCCCTACACATTTCT",0.426026128963026,"doublet"
"CID44971_TGCGCAGAGATGTGTA",0.159470840231794,"singlet"
"CID44971_TGCGGGTAGATGCCTT",0.0586389023016761,"singlet"
"CID44971_TGCGTGGAGAGACGAA",0.133505446652302,"singlet"
"CID44971_TGCGTGGCATAAAGGT",0.401536793484387,"doublet"
"CID44971_TGCGTGGGTGATGCCC",0.0842313234670764,"singlet"
"CID44971_TGCTACCCAAGCCGCT",0.0726850469872596,"singlet"
"CID44971_TGGACGCGTCGGCACT",0.0957562098664435,"singlet"
"CID44971_TGGCGCAAGAACAATC",0.20948129386972,"singlet"
"CID44971_TGGCGCACACCCTATC",0.13932172363761,"singlet"
"CID44971_TGGCGCAGTGCACTTA",0.126112826632213,"singlet"
"CID44971_TGGCGCATCCATGAAC",0.0826656626919836,"singlet"
"CID44971_TGGCTGGAGCTAGTTC",0.15749163567988,"singlet"
"CID44971_TGGCTGGGTAAACCTC",0.228904865959122,"singlet"
"CID44971_TGGCTGGGTGTCCTCT",0.198539016570453,"singlet"
"CID44971_TGGCTGGTCTACTATC",0.0599097484009872,"singlet"
"CID44971_TGGTTAGCATGTCTCC",0.0828189009446902,"singlet"
"CID44971_TGGTTCCTCACAACGT",0.0538788240839157,"singlet"
"CID44971_TGGTTCCTCACATGCA",0.201131280794093,"singlet"
"CID44971_TGTATTCAGTCCGTAT",0.0846116573122201,"singlet"
"CID44971_TGTATTCGTTTAGGAA",0.153438636378915,"singlet"
"CID44971_TGTATTCTCAAGAAGT",0.149964619573787,"singlet"
"CID44971_TGTCCCACATGCAACT",0.293940161693146,"singlet"
"CID44971_TGTCCCAGTCTCTTAT",0.139559721924624,"singlet"
"CID44971_TGTGGTAAGACTAGAT",0.116127923421038,"singlet"
"CID44971_TGTGGTAAGTGGACGT",0.297533753246689,"singlet"
"CID44971_TGTGGTATCTGAAAGA",0.102209426893805,"singlet"
"CID44971_TGTGTTTCAGGGATTG",0.0914397826851579,"singlet"
"CID44971_TGTGTTTGTAAGTGTA",0.197065774129426,"singlet"
"CID44971_TGTGTTTGTCACTTCC",0.0610525003012141,"singlet"
"CID44971_TGTGTTTGTGAGTATA",0.138658940425209,"singlet"
"CID44971_TGTGTTTTCAGCGATT",0.192001525476584,"singlet"
"CID44971_TTAACTCAGATCTGCT",0.0895738594426223,"singlet"
"CID44971_TTAACTCAGTTAGCGG",0.0928377828223628,"singlet"
"CID44971_TTAACTCCAAACAACA",0.176461736562036,"singlet"
"CID44971_TTAGGACCAAGTTAAG",0.090432827396728,"singlet"
"CID44971_TTAGGACCATCATCCC",0.158437294874132,"singlet"
"CID44971_TTAGTTCTCACTTACT",0.0869612978593355,"singlet"
"CID44971_TTATGCTTCAAACCGT",0.128835989871865,"singlet"
"CID44971_TTCCCAGAGTTAACGA",0.10078715075244,"singlet"
"CID44971_TTCGAAGAGTCCATAC",0.0942468754339492,"singlet"
"CID44971_TTCGGTCGTTCCAACA",0.0912775503656862,"singlet"
"CID44971_TTCGGTCTCGCCAAAT",0.0933584124379334,"singlet"
"CID44971_TTCTCAAGTCTAACGT",0.111833727729177,"singlet"
"CID44971_TTCTCCTGTATAGGTA",0.108686222379853,"singlet"
"CID44971_TTCTCCTGTGTAACGG",0.0709994621963964,"singlet"
"CID44971_TTCTTAGAGGTGACCA",0.0869279982659981,"singlet"
"CID44971_TTCTTAGGTGATGATA",0.083904650150883,"singlet"
"CID44971_TTCTTAGGTGGCTCCA",0.104146170718111,"singlet"
"CID44971_TTGAACGAGCACCGCT",0.125294016751028,"singlet"
"CID44971_TTGAACGCATGAACCT",0.0910777902909953,"singlet"
"CID44971_TTGACTTCACCGTTGG",0.0652776755123774,"singlet"
"CID44971_TTGACTTCAGCTTAAC",0.135289248346852,"singlet"
"CID44971_TTGCCGTAGTCAAGGC",0.183927221672335,"singlet"
"CID44971_TTGCCGTGTATATCCG",0.129099906916581,"singlet"
"CID44971_TTGCGTCCATCAGTCA",0.182556572811196,"singlet"
"CID44971_TTGTAGGGTGCCTGTG",0.142734124208435,"singlet"
"CID44971_TTGTAGGGTGGCAAAC",0.0960529595661855,"singlet"
"CID44971_TTTACTGAGTTTGCGT",0.108997540644667,"singlet"
"CID44971_TTTCCTCCACCTGGTG",0.142905032829338,"singlet"
"CID44971_TTTCCTCGTTGAACTC",0.104444656743412,"singlet"
"CID44971_TTTGGTTCACGAGGTA",0.0953249932862414,"singlet"
"CID44971_TTTGTCAAGACAAGCC",0.132948364315589,"singlet"
"CID44971_TTTGTCAGTCTGCGGT",0.079688127415389,"singlet"
"CID44971_ATTGGTGAGGAGTACC",0.311065826900303,"singlet"
"CID44971_CATCGGGGTCTCATCC",0.198092799549146,"singlet"
"CID44971_CGACCTTCACCTGGTG",0.109210536080566,"singlet"
"CID44971_CGTTGGGCAGGAACGT",0.0789770915419067,"singlet"
"CID44971_CTTTGCGGTACTCTCC",0.128458545398015,"singlet"
"CID44971_AGGTCCGAGGAGTTTA",0.0885363317011819,"singlet"
"CID44971_AGTGAGGGTGCACTTA",0.112736744371416,"singlet"
"CID44971_CCGGGATAGGTAGCCA",0.293146504337051,"singlet"
"CID44971_GGAAAGCTCACCATAG",0.05469173376878,"singlet"
"CID44971_TGACTTTGTCCAACTA",0.110012963350656,"singlet"
"CID44971_CGTAGGCGTTACTGAC",0.538311224707293,"doublet"
"CID44971_ACCCACTAGCGTCAAG",0.192649546284932,"singlet"
"CID44971_ACTGATGTCAACGGCC",0.527133236102039,"doublet"
"CID44971_AGCTCCTGTGCTCTTC",0.225393992362733,"singlet"
"CID44971_AGGCCACAGGCTACGA",0.555681977638702,"doublet"
"CID44971_ATAACGCCATGGTCAT",0.370380804879893,"doublet"
"CID44971_ATCTGCCTCATAGCAC",0.0768017241252024,"singlet"
"CID44971_CAGCTAAAGCAGCCTC",0.139223106307514,"singlet"
"CID44971_CAGTAACAGGAATGGA",0.17458748812205,"singlet"
"CID44971_CGTGTAATCCTATTCA",0.25892517967141,"singlet"
"CID44971_CTCATTACAGTGACAG",0.373058488035387,"doublet"
"CID44971_CTCTGGTGTTGAGGTG",0.065297617717928,"singlet"
"CID44971_GAGGTGAGTTACGACT",0.143318786221841,"singlet"
"CID44971_GATGAGGAGCAGCGTA",0.0856924252275276,"singlet"
"CID44971_GCGCAGTGTACCATCA",0.275962975255747,"singlet"
"CID44971_GGAATAACATCGGGTC",0.17888570570715,"singlet"
"CID44971_GGACAAGTCCACGAAT",0.0725556056332521,"singlet"
"CID44971_GGACATTAGACGCTTT",0.244280640179032,"singlet"
"CID44971_GTCAAGTAGCCGATTT",0.308959593358649,"singlet"
"CID44971_GTCATTTGTCGCTTTC",0.190382230396572,"singlet"
"CID44971_GTTCATTCAAGCGAGT",0.0939655720789266,"singlet"
"CID44971_TCATTTGGTTCACCTC",0.126113386287701,"singlet"
"CID44971_TGACTTTAGTATTGGA",0.0827039718628065,"singlet"
"CID44971_TTAGGCATCATAACCG",0.240464116727776,"singlet"
"CID44971_CCTAAAGGTAGCCTCG",0.0742085551796297,"singlet"
"CID44971_CGTTCTGTCAGCTCGG",0.499775316797718,"doublet"
"CID44971_CTAATGGCACCAGTTA",0.124235114505521,"singlet"
"CID44971_CTGTGCTAGACAGGCT",0.0935679589542987,"singlet"
"CID44971_ACTGCTCAGGGCTTCC",0.074539697277767,"singlet"
"CID44971_ACTTTCAAGTGTGGCA",0.098070141037412,"singlet"
"CID44971_AGGCCGTGTATAGGTA",0.0734137787915262,"singlet"
"CID44971_AGGTCATGTAGGCTGA",0.101433609798572,"singlet"
"CID44971_ATAGACCTCTGGCGAC",0.104310099148521,"singlet"
"CID44971_ATAGACCTCTTACCTA",0.0920978506330339,"singlet"
"CID44971_ATTACTCGTTCGCTAA",0.109859342505157,"singlet"
"CID44971_CACACTCTCAGAGGTG",0.111460946416961,"singlet"
"CID44971_CAGCTAATCTTGCATT",0.0845269505158984,"singlet"
"CID44971_CATTATCTCGTGGTCG",0.127647991826602,"singlet"
"CID44971_CCTTCGAAGAAGCCCA",0.124553815175484,"singlet"
"CID44971_CTGCGGAAGGGCACTA",0.0892436709716768,"singlet"
"CID44971_CTTACCGCATGTCGAT",0.0755990026302966,"singlet"
"CID44971_CTTAGGATCCTTGGTC",0.121606839594468,"singlet"
"CID44971_GACGGCTCATCGATGT",0.10018547838712,"singlet"
"CID44971_GATCGTAAGTACGCGA",0.0843251688692967,"singlet"
"CID44971_GGATTACGTGATGATA",0.0766154182338685,"singlet"
"CID44971_GTACTCCGTTCCACTC",0.170342963562467,"singlet"
"CID44971_GTATTCTCATCGGGTC",0.08903026165955,"singlet"
"CID44971_GTCATTTCAAGCTGTT",0.125927309204118,"singlet"
"CID44971_TACTTACTCCACGAAT",0.134283125783459,"singlet"
"CID44971_TCAGCTCTCTCTTGAT",0.0831343014701673,"singlet"
"CID44971_GTTTCTATCTTCGGTC",0.0791649895682342,"singlet"
"CID44971_ACGCCAGAGCATGGCA",0.124653336031702,"singlet"
"CID44971_CGGAGCTGTGACCAAG",0.152560290794515,"singlet"
"CID44971_CTCCTAGCAGAGTGTG",0.132712548702766,"singlet"
"CID44971_GACACGCTCCTGCAGG",0.413678384525482,"doublet"
"CID44971_CACCACTTCCTAGGGC",0.0931706511280203,"singlet"
"CID44971_CTAATGGGTTGATTCG",0.0806538514724241,"singlet"
"CID44971_GGAACTTTCTGCGTAA",0.0931289505772592,"singlet"
"CID44971_TTCGGTCTCAGTGTTG",0.138072239583199,"singlet"
"CID44971_AAAGATGAGCTCCTTC",0.313956580635613,"singlet"
"CID44971_GGTGAAGTCTCTTGAT",0.281852481621492,"singlet"
"CID44971_TGGACGCAGTTGAGAT",0.209188178543868,"singlet"
"CID44971_AAGGTTCAGAAGGACA",0.394293517987071,"doublet"
"CID44971_ACGGAGAGTGTCCTCT",0.0817892838709463,"singlet"
"CID44971_AGCTCCTGTGAGGGAG",0.0852198740205116,"singlet"
"CID44971_CCTTCCCGTTAGATGA",0.105608160739194,"singlet"
"CID44971_CGCGTTTAGTGAAGTT",0.110053294593271,"singlet"
"CID44971_CGCGTTTGTTGCGTTA",0.300302212504052,"singlet"
"CID44971_CGTTCTGGTCCCTACT",0.0866532064141011,"singlet"
"CID44971_CTGATAGAGCTAGTCT",0.0997850329543417,"singlet"
"CID44971_CTTACCGCATCTCCCA",0.0963271812221796,"singlet"
"CID44971_GATCAGTAGCGATCCC",0.12215093578903,"singlet"
"CID44971_GCCAAATTCGGGAGTA",0.142800629908708,"singlet"
"CID44971_GCGAGAACAGACAAAT",0.2015146128809,"singlet"
"CID44971_GTCACGGGTTGTCGCG",0.375946986092598,"doublet"
"CID44971_ACTGTCCCACTGAAGG",0.120316796456062,"singlet"
"CID44971_TACCTTAAGTGTGAAT",0.0704288423811928,"singlet"
"CID44971_ACGGGCTAGTACGCCC",0.194588840392782,"singlet"
"CID44971_TCAATCTGTCCGTGAC",0.147512551572407,"singlet"
"CID44971_TTTATGCAGATCTGAA",0.139443575918043,"singlet"
"CID44971_GGGCACTGTACCATCA",0.126028745521188,"singlet"
"CID44971_ACGTCAATCAGAGGTG",0.125531031385076,"singlet"
"CID44971_CCAGCGAGTGCAGGTA",0.134260278598908,"singlet"
"CID44971_AAACCTGTCGCTTAGA",0.0661609842390277,"singlet"
"CID44971_AACTTTCCAGTATGCT",0.125542258214651,"singlet"
"CID44971_AAGACCTTCACCATAG",0.0380990257679302,"singlet"
"CID44971_AAGGAGCAGTCCCACG",0.458384230233603,"doublet"
"CID44971_AAGTCTGAGCCACGTC",0.0520910498747765,"singlet"
"CID44971_AATCCAGGTCAATACC",0.12802994675627,"singlet"
"CID44971_ACACCAAAGGACCACA",0.21941261434783,"singlet"
"CID44971_ACACTGACACAGACTT",0.20886360281204,"singlet"
"CID44971_ACATCAGGTACCCAAT",0.0447573581804509,"singlet"
"CID44971_ACCGTAAAGAATGTGT",0.0701472113613184,"singlet"
"CID44971_ACCTTTAGTTAAGGGC",0.0701112331655448,"singlet"
"CID44971_ACGCAGCGTCGATTGT",0.167641024341729,"singlet"
"CID44971_ACGCCGAGTTATCGGT",0.300277941504025,"singlet"
"CID44971_ACGGGTCTCAGCATGT",0.0398866894679712,"singlet"
"CID44971_ACTATCTCATACGCTA",0.138045416586187,"singlet"
"CID44971_ACTGAGTGTAGGAGTC",0.0388323087672587,"singlet"
"CID44971_ACTGCTCAGACACTAA",0.0641933138512167,"singlet"
"CID44971_ACTTACTCATGGATGG",0.0362513397743103,"singlet"
"CID44971_ACTTTCAAGACAAGCC",0.155068762836186,"singlet"
"CID44971_AGACGTTTCATCGCTC",0.066997671183703,"singlet"
"CID44971_AGACGTTTCCACGTGG",0.0958466932442424,"singlet"
"CID44971_AGCATACTCTTGCATT",0.0617952619616236,"singlet"
"CID44971_AGCGGTCAGATGTGTA",0.0661595235713591,"singlet"
"CID44971_AGCGGTCCAGTGAGTG",0.0627600685198635,"singlet"
"CID44971_AGCTTGAGTCAAAGCG",0.17450595603898,"singlet"
"CID44971_AGTGAGGGTGACCAAG",0.184249124770583,"singlet"
"CID44971_ATCATGGCATGTTCCC",0.11216821751689,"singlet"
"CID44971_ATGGGAGCATGCAACT",0.041694643055315,"singlet"
"CID44971_ATTCTACCACAGAGGT",0.0826448955507375,"singlet"
"CID44971_ATTGGACCAAAGCAAT",0.192055350402422,"singlet"
"CID44971_ATTTCTGTCTTCAACT",0.143376663887651,"singlet"
"CID44971_CAAGGCCGTAGGGTAC",0.0702489336856854,"singlet"
"CID44971_CACAAACAGTTGTCGT",0.0631921405027268,"singlet"
"CID44971_CACCACTGTCACAAGG",0.207634744742577,"singlet"
"CID44971_CACCACTGTTGCGCAC",0.122557113262164,"singlet"
"CID44971_CACTCCAGTTTAGGAA",0.0348521220824349,"singlet"
"CID44971_CAGAATCTCCTAAGTG",0.235676834379167,"singlet"
"CID44971_CAGAGAGAGAGGTAGA",0.329480557008334,"doublet"
"CID44971_CAGCCGATCATAAAGG",0.150364870038804,"singlet"
"CID44971_CAGGTGCTCTTCTGGC",0.0620944883898724,"singlet"
"CID44971_CATCGGGGTCCTCTTG",0.0535590314873754,"singlet"
"CID44971_CCAATCCTCGGTCCGA",0.0588342038561956,"singlet"
"CID44971_CCTAAAGAGCCGCCTA",0.145996353255121,"singlet"
"CID44971_CCTACACGTTGGTAAA",0.247195839738121,"singlet"
"CID44971_CCTCAGTAGTTCCACA",0.243415880386448,"singlet"
"CID44971_CCTTCGAGTAGAGCTG",0.272213425653918,"singlet"
"CID44971_CCTTTCTCACATCCAA",0.117969328605612,"singlet"
"CID44971_CGCTGGATCGTCTGAA",0.0229873559402643,"singlet"
"CID44971_CGGACGTGTTCGCTAA",0.077938380836413,"singlet"
"CID44971_CGGACTGGTTCCAACA",0.148111926668277,"singlet"
"CID44971_CGTCAGGCAAACCTAC",0.265300334727313,"singlet"
"CID44971_CGTTCTGCAAGACGTG",0.0997833112570821,"singlet"
"CID44971_CGTTGGGCATGCATGT",0.153497841835242,"singlet"
"CID44971_CTACCCACACGACTCG",0.212488791930724,"singlet"
"CID44971_CTCAGAAGTGGTAACG",0.0411328714878107,"singlet"
"CID44971_CTGCGGAAGCGCCTCA",0.11015092526818,"singlet"
"CID44971_CTGTTTATCGATGAGG",0.283005862279246,"singlet"
"CID44971_GAACCTACATTGGGCC",0.0838855505916468,"singlet"
"CID44971_GACGGCTCATGTCCTC",0.0412308330085088,"singlet"
"CID44971_GAGGTGAGTATCTGCA",0.133815033106359,"singlet"
"CID44971_GATCGATCAGCTTCGG",0.0242732683758124,"singlet"
"CID44971_GATCTAGAGGTCGGAT",0.131135697413093,"singlet"
"CID44971_GATGAGGAGTCGTACT",0.0907242808212986,"singlet"
"CID44971_GCACTCTCAGCCTGTG",0.0751320701572264,"singlet"
"CID44971_GCAGCCATCACATGCA",0.189176459377783,"singlet"
"CID44971_GCCTCTAAGAGTGACC",0.0510502118275646,"singlet"
"CID44971_GCTTCCAAGAAACCAT",0.157359098098587,"singlet"
"CID44971_GGACAAGAGTCGTACT",0.129331489528601,"singlet"
"CID44971_GGCAATTCATCCCATC",0.146358822628686,"singlet"
"CID44971_GTACTTTAGTGTACCT",0.0268999432419807,"singlet"
"CID44971_GTAGGCCGTGCGATAG",0.136569646693813,"singlet"
"CID44971_GTATTCTTCACATACG",0.0670617077944142,"singlet"
"CID44971_GTCAAGTAGGTGCTTT",0.0707403388069142,"singlet"
"CID44971_GTCACAAAGTCTCGGC",0.254047647928764,"singlet"
"CID44971_GTGTTAGGTCTTCGTC",0.0225729284751963,"singlet"
"CID44971_TAGCCGGGTCTAGCCG",0.106676808572905,"singlet"
"CID44971_TAGTGGTCACTATCTT",0.130956426314738,"singlet"
"CID44971_TAGTGGTCATTGGCGC",0.114270049827363,"singlet"
"CID44971_TAGTTGGGTGAAAGAG",0.0964847284371125,"singlet"
"CID44971_TAGTTGGGTGCATCTA",0.0898123859877258,"singlet"
"CID44971_TATCAGGCAAGGTTCT",0.198021663608098,"singlet"
"CID44971_TATCAGGGTAGGCTGA",0.207346824340013,"singlet"
"CID44971_TATCAGGTCTTCAACT",0.201919416103458,"singlet"
"CID44971_TCACAAGGTCTCTCGT",0.142367261061147,"singlet"
"CID44971_TCAGCAATCTGGTGTA",0.136805485839158,"singlet"
"CID44971_TCGCGTTGTAGGAGTC",0.162773048914198,"singlet"
"CID44971_TGCACCTTCCGAAGAG",0.303901999071831,"singlet"
"CID44971_TGCGGGTAGGCTCATT",0.0869036152034802,"singlet"
"CID44971_TGGGAAGCATTAGCCA",0.135759942209636,"singlet"
"CID44971_TGGGCGTGTCCTCCAT",0.19027389869302,"singlet"
"CID44971_TTAACTCCAAGACGTG",0.0664693841755071,"singlet"
"CID44971_TTAGGCACAGTAAGAT",0.0718323812505064,"singlet"
"CID44971_TTCTACAGTCTGCGGT",0.0684809857355811,"singlet"
"CID44971_TTCTCAAGTACCGAGA",0.0653613729485645,"singlet"
"CID44971_TTCTTAGAGTGGTAAT",0.13429896635307,"singlet"
"CID44971_TTTGCGCCAAAGGAAG",0.105683011039498,"singlet"
"CID44971_TTCTTAGTCCGTCAAA",0.530213265004449,"doublet"
"CID44971_AACCATGCACTGTTAG",0.126523989974114,"singlet"
"CID44971_TAAGAGAGTCTCTTTA",0.22082441960283,"singlet"
"CID44971_AAAGTAGAGGAGTACC",0.0653845487096165,"singlet"
"CID44971_AACCATGGTAATCACC",0.182091029773619,"singlet"
"CID44971_AACGTTGAGTGTGGCA",0.116947114542512,"singlet"
"CID44971_AAGGCAGAGCTCCTTC",0.365327641573538,"doublet"
"CID44971_ACACCCTGTTGCGCAC",0.471056721630204,"doublet"
"CID44971_ACACCGGCAAGACACG",0.0741436551835281,"singlet"
"CID44971_ACATGGTGTAGAGCTG",0.411630214489055,"doublet"
"CID44971_ACCCACTCAACAACCT",0.255404227040734,"singlet"
"CID44971_ACGGCCAGTCACTGGC",0.0596086330614262,"singlet"
"CID44971_ACGGGTCCATGCCACG",0.194091937566192,"singlet"
"CID44971_AGAGCGAAGCAGCGTA",0.0540928335275544,"singlet"
"CID44971_AGCTCCTTCTACTCAT",0.129131126665256,"singlet"
"CID44971_AGGTCATCATCCGGGT",0.0629809042180405,"singlet"
"CID44971_AGTAGTCGTCACAAGG",0.453764548932889,"doublet"
"CID44971_AGTGGGACATTGGTAC",0.153124062440524,"singlet"
"CID44971_AGTGGGAGTCGGCACT",0.0881817145510442,"singlet"
"CID44971_AGTGGGAGTGCTAGCC",0.147943335490098,"singlet"
"CID44971_ATAACGCGTGGTTTCA",0.150636994388243,"singlet"
"CID44971_ATCATGGGTTTCCACC",0.0147587800399669,"singlet"
"CID44971_ATCATGGTCATAAAGG",0.205580746652007,"singlet"
"CID44971_ATCATGGTCTGTCAAG",0.0868707248566649,"singlet"
"CID44971_ATCTGCCTCCTGCAGG",0.485033664312377,"doublet"
"CID44971_ATTCTACCAGTGACAG",0.0929592126371303,"singlet"
"CID44971_ATTCTACTCGCCTGTT",0.0747556365230581,"singlet"
"CID44971_ATTGGTGTCAGGTTCA",0.118472524603906,"singlet"
"CID44971_CACACCTTCCCAGGTG",0.0511992959829667,"singlet"
"CID44971_CACCAGGAGGCCCTTG",0.145070424836592,"singlet"
"CID44971_CACCTTGAGCAATCTC",0.0804183769174865,"singlet"
"CID44971_CAGAATCCAGTGGGAT",0.248979503508196,"singlet"
"CID44971_CAGAGAGTCGGATGTT",0.027761015025278,"singlet"
"CID44971_CAGAGAGTCGGGAGTA",0.12541462907382,"singlet"
"CID44971_CAGCAGCGTAAATACG",0.212105734275965,"singlet"
"CID44971_CAGCATATCCGTAGGC",0.0494832018511733,"singlet"
"CID44971_CAGTAACAGATGCGAC",0.106743184620906,"singlet"
"CID44971_CAGTAACCATGTAGTC",0.12541326607447,"singlet"
"CID44971_CATCAAGGTAGCTAAA",0.142443012050572,"singlet"
"CID44971_CATCGAAAGTGTGAAT",0.172134035454194,"singlet"
"CID44971_CATGCCTCAACTGCGC",0.127307855604954,"singlet"
"CID44971_CATGCCTCACTAAGTC",0.0262883173285214,"singlet"
"CID44971_CCACCTACACGGATAG",0.265557637331542,"singlet"
"CID44971_CCATGTCAGGATCGCA",0.0859238044972399,"singlet"
"CID44971_CCCTCCTGTGACCAAG",0.0908308221468723,"singlet"
"CID44971_CCGGGATCAGTTCATG",0.176730764829253,"singlet"
"CID44971_CCGGTAGGTCTCACCT",0.0593179993390442,"singlet"
"CID44971_CCGTGGACAACTGGCC",0.185358858565893,"singlet"
"CID44971_CCGTGGACAAGTAGTA",0.0654323854710557,"singlet"
"CID44971_CCTAAAGAGAGATGAG",0.0472827897009297,"singlet"
"CID44971_CCTACCAAGCTGCCCA",0.126758940956508,"singlet"
"CID44971_CCTCTGAAGTTTAGGA",0.0137092233710048,"singlet"
"CID44971_CCTTCCCGTCTAAACC",0.065371203208888,"singlet"
"CID44971_CCTTCCCTCTCCAACC",0.103353121917827,"singlet"
"CID44971_CGAATGTGTTCCTCCA",0.0522075284040333,"singlet"
"CID44971_CGAATGTTCATGGTCA",0.0457062672791141,"singlet"
"CID44971_CGACTTCAGTTAGGTA",0.0382488621128193,"singlet"
"CID44971_CGATCGGAGTGGCACA",0.0386128873296762,"singlet"
"CID44971_CGGACACAGAACTCGG",0.0415958408299789,"singlet"
"CID44971_CGGACGTAGTACGACG",0.239582229799023,"singlet"
"CID44971_CGTGTCTGTTAAAGAC",0.168100237652843,"singlet"
"CID44971_CGTTAGAAGTACGACG",0.0904764852026356,"singlet"
"CID44971_CGTTAGAGTTGGACCC",0.103351824268394,"singlet"
"CID44971_CGTTGGGCAAACTGTC",0.152108071444656,"singlet"
"CID44971_CTACCCATCACGATGT",0.0498038978484677,"singlet"
"CID44971_CTACGTCAGGGTGTTG",0.0529942819975654,"singlet"
"CID44971_CTAGCCTTCAATACCG",0.0786529140438701,"singlet"
"CID44971_CTCGGAGGTGGTCTCG",0.304355579716537,"singlet"
"CID44971_CTCTACGCATTAGCCA",0.0847622477172301,"singlet"
"CID44971_CTGATCCCAGCATGAG",0.13242840273728,"singlet"
"CID44971_CTGTTTATCTCGAGTA",0.191723216804117,"singlet"
"CID44971_GAATAAGTCGTCCGTT",0.0474541497190504,"singlet"
"CID44971_GACTAACTCACTCCTG",0.0486293925654939,"singlet"
"CID44971_GACTACACACAGTCGC",0.114144288238522,"singlet"
"CID44971_GATCAGTAGGGTATCG",0.109744380983468,"singlet"
"CID44971_GATCTAGAGTGGTCCC",0.0356789441318646,"singlet"
"CID44971_GCATGCGGTACAAGTA",0.367234029790026,"doublet"
"CID44971_GCGCCAACACGGCTAC",0.25290641200871,"singlet"
"CID44971_GCGCCAAGTCAAAGAT",0.0763709819851283,"singlet"
"CID44971_GCGCGATAGCCAACAG",0.101484352231485,"singlet"
"CID44971_GCTGCAGAGTGAATTG",0.163522645995384,"singlet"
"CID44971_GCTTGAACAGACTCGC",0.187038552381989,"singlet"
"CID44971_GCTTGAATCCCAAGAT",0.20971329686911,"singlet"
"CID44971_GGACAAGAGTGTGAAT",0.0956315874511607,"singlet"
"CID44971_GGCAATTTCTCTGTCG",0.0449619372442231,"singlet"
"CID44971_GGCCGATCAGGACCCT",0.0509581317953144,"singlet"
"CID44971_GGGACCTAGTCCTCCT",0.045023557405299,"singlet"
"CID44971_GGGACCTTCCCGGATG",0.0507919402761415,"singlet"
"CID44971_GGGAGATTCACCTCGT",0.0503112834086349,"singlet"
"CID44971_GGTATTGTCGTTTGCC",0.133614609078156,"singlet"
"CID44971_GGTGCGTCAAGCCATT",0.178320632655724,"singlet"
"CID44971_GTAACGTCAAGGCTCC",0.0238866863395369,"singlet"
"CID44971_GTACTCCGTTAGAACA",0.0639440653618253,"singlet"
"CID44971_GTATCTTAGCCGATTT",0.0289631794982346,"singlet"
"CID44971_GTATCTTCAGGGAGAG",0.0779845658534545,"singlet"
"CID44971_GTATCTTCATGCTAGT",0.0700002901045493,"singlet"
"CID44971_GTATTCTAGATCGATA",0.453755028214579,"doublet"
"CID44971_GTATTCTAGCTAAACA",0.120419493629323,"singlet"
"CID44971_GTCATTTAGGCCCGTT",0.0908240891996714,"singlet"
"CID44971_GTCTTCGTCAGCATGT",0.048535023660258,"singlet"
"CID44971_GTGCGGTAGAAGGGTA",0.233664394166237,"singlet"
"CID44971_GTGGGTCGTTTCCACC",0.142728480400473,"singlet"
"CID44971_GTGTTAGGTCAGAGGT",0.0675053147624847,"singlet"
"CID44971_GTTTCTAGTGAAAGAG",0.17717506748614,"singlet"
"CID44971_TAAACCGAGCCACCTG",0.0462315762726282,"singlet"
"CID44971_TAAGAGAAGTTACGGG",0.314011585750329,"singlet"
"CID44971_TACACGAAGCGTAATA",0.355703107457445,"doublet"
"CID44971_TACACGACACCGATAT",0.128415165618274,"singlet"
"CID44971_TACGGTAAGACATAAC",0.0390600377476733,"singlet"
"CID44971_TACGGTAAGTGTCCAT",0.106407522376572,"singlet"
"CID44971_TACGGTATCCTGTAGA",0.114031154006003,"singlet"
"CID44971_TAGACCAGTAGATTAG",0.0653243916295434,"singlet"
"CID44971_TAGAGCTAGCGATATA",0.0358357217172342,"singlet"
"CID44971_TAGAGCTGTCCAGTGC",0.337639525688693,"doublet"
"CID44971_TCACAAGTCCGTCATC",0.360083587029045,"doublet"
"CID44971_TCACGAAGTAGGAGTC",0.11393665508888,"singlet"
"CID44971_TCAGCAAGTACGAAAT",0.167318574976417,"singlet"
"CID44971_TCAGGTACAAGCTGGA",0.141224847415794,"singlet"
"CID44971_TCCACACGTTCAGCGC",0.232730632375675,"singlet"
"CID44971_TCGAGGCGTAGAGCTG",0.214119537036055,"singlet"
"CID44971_TCGCGAGGTGATAAAC",0.111218049256508,"singlet"
"CID44971_TCGTACCTCTTTAGTC",0.0502178299770058,"singlet"
"CID44971_TCTTTCCTCATGTAGC",0.101976057169657,"singlet"
"CID44971_TGACAACGTCGTGGCT",0.0802916723832159,"singlet"
"CID44971_TGACTAGGTCAAACTC",0.0575828697905141,"singlet"
"CID44971_TGACTTTTCTCGGACG",0.0519574291956376,"singlet"
"CID44971_TGAGCATGTACACCGC",0.0441982270018327,"singlet"
"CID44971_TGCACCTGTTGTCTTT",0.087487933249156,"singlet"
"CID44971_TGCACCTTCACTCTTA",0.089531815017971,"singlet"
"CID44971_TGCACCTTCTGTCCGT",0.072162775548065,"singlet"
"CID44971_TGCTGCTTCCCTCTTT",0.0291913274838869,"singlet"
"CID44971_TGGACGCCACGGTAGA",0.511524763228738,"doublet"
"CID44971_TGGCGCAGTGCAACTT",0.133317976909256,"singlet"
"CID44971_TGGTTAGTCGATAGAA",0.0717366703988351,"singlet"
"CID44971_TTAACTCGTCATACTG",0.416786145646826,"doublet"
"CID44971_TTAGGACCAATAGCGG",0.0785205693942421,"singlet"
"CID44971_TTAGGCAAGACTTGAA",0.0366239091091647,"singlet"
"CID44971_TTAGGCAGTAAGGGAA",0.0527835407052809,"singlet"
"CID44971_TTAGGCATCGGGAGTA",0.0980652093401634,"singlet"
"CID44971_TTATGCTAGTACGCCC",0.166615744428656,"singlet"
"CID44971_TTCTTAGCACTGTTAG",0.0678886268942578,"singlet"
"CID44971_TTGCCGTTCCGCTGTT",0.496864013250047,"doublet"
"CID44971_TTGCGTCTCGGAGCAA",0.0786787974900275,"singlet"
"CID44971_TTGGAACCAAGTAATG",0.0681930655227407,"singlet"
"CID44971_TTGGCAAGTGTGTGCC",0.0898893266712195,"singlet"
"CID44971_TTTCCTCGTCTCAACA",0.0890089524577862,"singlet"
"CID44971_TTTGGTTGTGAGCGAT",0.0404057759095647,"singlet"
"CID44971_ATTGGACGTTAAGACA",0.18232459987594,"singlet"
"CID44971_GGCTCGAGTCACCTAA",0.161278644023454,"singlet"
"CID44971_AAACGGGTCAGTTAGC",0.176829713249816,"singlet"
"CID44971_ACATACGTCCGGGTGT",0.146756636990597,"singlet"
"CID44971_AGAGCTTTCATACGGT",0.415050871848695,"doublet"
"CID44971_CGTTCTGCAAGGTTCT",0.518144751186298,"doublet"
"CID44971_CTCGGAGGTGATGTGG",0.219263963739455,"singlet"
"CID44971_TAGTGGTAGAAACCTA",0.061501515485576,"singlet"
"CID44971_CCGTACTTCGTTTATC",0.515866853354331,"doublet"
"CID44971_GTCGGGTGTTGAGGTG",0.548136151181159,"doublet"
"CID44971_GTGCATATCCGCGCAA",0.176119092480785,"singlet"
"CID44971_TTCGGTCCACAGCCCA",0.0358892320567045,"singlet"
"CID44971_CCAGCGACAGTGGGAT",0.233919751294382,"singlet"
"CID44971_CGCGTTTCAGCCTATA",0.128659578353167,"singlet"
"CID44971_CGCGTTTGTAAGGGAA",0.240364321004682,"singlet"
"CID44971_CTCATTAGTGTGCGTC",0.157492843384541,"singlet"
"CID44971_GAAATGAGTGACAAAT",0.290397035491569,"singlet"
"CID44971_GAATGAATCAGCACAT",0.215422025850501,"singlet"
"CID44971_GACTAACAGGGTTCCC",0.183836244962205,"singlet"
"CID44971_TACGGTAAGTGGAGTC",0.141432948934933,"singlet"
"CID44971_TCCACACCAAGTAATG",0.182665302305279,"singlet"
"CID44971_TCGGGACGTCAGAATA",0.300989541482904,"singlet"
"CID44971_TTTGGTTGTAGCGTAG",0.299717827428307,"singlet"
"CID44971_CTTTGCGGTGTGAAAT",0.561944142548057,"doublet"
"CID44971_AAGGAGCAGTCTCGGC",0.0782544139561434,"singlet"
"CID44971_ACATGGTAGAGCAATT",0.242230407142934,"singlet"
"CID44971_ACGATGTGTCGGCACT",0.171257572468218,"singlet"
"CID44971_CAACCAACATCGTCGG",0.135146806508588,"singlet"
"CID44971_CAAGGCCAGTTGCAGG",0.120961064235082,"singlet"
"CID44971_CACACAAGTTCGAATC",0.0302991204735631,"singlet"
"CID44971_CACACTCGTTACGCGC",0.296624260067369,"singlet"
"CID44971_CAGGTGCTCTGCCAGG",0.0505760656568555,"singlet"
"CID44971_CAGTAACAGACAGGCT",0.0861602463959778,"singlet"
"CID44971_CCATGTCGTTTAGCTG",0.126614495172262,"singlet"
"CID44971_CCTTCCCTCAGAAATG",0.07990800967644,"singlet"
"CID44971_CCTTTCTGTTTGACAC",0.0938350747604608,"singlet"
"CID44971_CGCGGTATCCTATTCA",0.147774899142909,"singlet"
"CID44971_CGCTGGAGTTGCCTCT",0.0657007314647529,"singlet"
"CID44971_CGTCTACTCGGATGGA",0.0617540677945167,"singlet"
"CID44971_CTGAAACCACCCTATC",0.0482393333136738,"singlet"
"CID44971_CTGCGGATCGCCTGTT",0.0663608777453255,"singlet"
"CID44971_GAAACTCTCATGCAAC",0.124630267483844,"singlet"
"CID44971_GAACATCTCGAACGGA",0.117557666698853,"singlet"
"CID44971_GACGGCTCATCGGTTA",0.0337185377160162,"singlet"
"CID44971_GACTACAAGTGTTGAA",0.0762690755672302,"singlet"
"CID44971_GATCAGTCACGACGAA",0.129426500880583,"singlet"
"CID44971_GCACTCTCAACTGCTA",0.195012374087338,"singlet"
"CID44971_GCTGCAGAGATCGGGT",0.316578405763363,"singlet"
"CID44971_GCTGCGACACTGTTAG",0.0975975254947405,"singlet"
"CID44971_GTACTCCGTAAGGATT",0.079761813370611,"singlet"
"CID44971_GTACTCCTCAGGCCCA",0.0819973373265108,"singlet"
"CID44971_GTCACAATCTACTATC",0.152144949278622,"singlet"
"CID44971_GTCCTCATCGTTGCCT",0.143755542897566,"singlet"
"CID44971_GTGCGGTTCTCCGGTT",0.0223553466705532,"singlet"
"CID44971_TAGCCGGCAAGGACAC",0.094694519858784,"singlet"
"CID44971_TCACGAAAGCGTAGTG",0.0991605606830857,"singlet"
"CID44971_TCTCTAACAAGACGTG",0.036058266905338,"singlet"
"CID44971_TCTGAGAGTTGTGGCC",0.0869516175550606,"singlet"
"CID44971_TGAGCCGTCGCTTGTC",0.0867144006709627,"singlet"
"CID44971_TTAACTCAGAATGTTG",0.136573137456365,"singlet"
"CID44971_ACGGAGATCTTCCTTC",0.154507336031438,"singlet"
"CID44971_CGTTAGAAGCAAATCA",0.172762297078056,"singlet"
"CID44971_GTAGGCCCACTTGGAT",0.168122478795736,"singlet"
"CID44971_CTCGAGGTCTCGTTTA",0.0647356100528998,"singlet"
"CID44971_GGAACTTAGATCCCAT",0.0291312384635015,"singlet"
"CID44971_TGAAAGAGTAAGTGGC",0.0231084029272171,"singlet"
"CID44971_AAACCTGAGGTTCCTA",0.0772420323428202,"singlet"
"CID44971_AAAGATGGTAAGGGAA",0.0514882126847735,"singlet"
"CID44971_AAAGATGGTTACGCGC",0.18538012004392,"singlet"
"CID44971_AAAGTAGGTCTTCTCG",0.05659030014664,"singlet"
"CID44971_AAATGCCCAGGGATTG",0.0848232002778689,"singlet"
"CID44971_AACCATGAGTTTCCTT",0.120354224517466,"singlet"
"CID44971_AACCGCGTCTGGCGAC",0.0500758828672744,"singlet"
"CID44971_AACGTTGGTGTGAAAT",0.0503484346460276,"singlet"
"CID44971_AACTCAGAGAATGTGT",0.0301857608131786,"singlet"
"CID44971_AACTCAGGTTGTGGCC",0.0617079830799468,"singlet"
"CID44971_AACTCCCGTGTGCGTC",0.0549498837577351,"singlet"
"CID44971_AACTGGTGTACCGCTG",0.118172594563408,"singlet"
"CID44971_AACTGGTGTGTCTGAT",0.0377693640068999,"singlet"
"CID44971_AAGACCTAGCCCAACC",0.0632022338792698,"singlet"
"CID44971_AAGACCTCACTGAAGG",0.116006383014787,"singlet"
"CID44971_AAGCCGCAGAATGTTG",0.0470220181031545,"singlet"
"CID44971_AAGCCGCGTACAGACG",0.0911521646077352,"singlet"
"CID44971_AAGGCAGGTTGGTTTG",0.0709049429477675,"singlet"
"CID44971_AAGGTTCTCTTTACGT",0.125358667472488,"singlet"
"CID44971_AAGTCTGTCGCAAGCC",0.114019378300564,"singlet"
"CID44971_AAGTCTGTCTAACTCT",0.0611272916151466,"singlet"
"CID44971_AATCCAGAGCTTCGCG",0.0343045797002025,"singlet"
"CID44971_AATCCAGTCCTGCAGG",0.0674503692020831,"singlet"
"CID44971_AATCGGTCACTGTCGG",0.156931737930108,"singlet"
"CID44971_ACACCAAAGCTCCTTC",0.0871326226248253,"singlet"
"CID44971_ACACCAACAGCCTTGG",0.239018565981531,"singlet"
"CID44971_ACACCCTAGGAGTTTA",0.166233625035147,"singlet"
"CID44971_ACACCCTGTGCACTTA",0.0802513518879485,"singlet"
"CID44971_ACACTGAGTACACCGC",0.0725113485165591,"singlet"
"CID44971_ACACTGATCCACGTGG",0.0492514905256849,"singlet"
"CID44971_ACACTGATCGTAGATC",0.0533433232201763,"singlet"
"CID44971_ACAGCTAGTTCTCATT",0.0190449562417128,"singlet"
"CID44971_ACATCAGCAGATGGGT",0.193709337577601,"singlet"
"CID44971_ACATCAGGTCTACCTC",0.206207109315875,"singlet"
"CID44971_ACCAGTAAGGTGGGTT",0.175866363420238,"singlet"
"CID44971_ACCCACTGTGACTACT",0.0324060658200411,"singlet"
"CID44971_ACCGTAATCATGGTCA",0.0522388970559818,"singlet"
"CID44971_ACCTTTACATTCACTT",0.0600943864351444,"singlet"
"CID44971_ACGAGCCGTTAAGAAC",0.0297707098338899,"singlet"
"CID44971_ACGAGGACATCTATGG",0.0500000004138361,"singlet"
"CID44971_ACGAGGAGTGAAATCA",0.0493441227264498,"singlet"
"CID44971_ACGATACCATTCTCAT",0.0493600608408824,"singlet"
"CID44971_ACGATGTCATCGGTTA",0.0833533760547268,"singlet"
"CID44971_ACGCAGCGTGATAAAC",0.132471290578172,"singlet"
"CID44971_ACGCAGCTCGCTTGTC",0.0657012720603904,"singlet"
"CID44971_ACGCAGCTCGTTTATC",0.0728233679392243,"singlet"
"CID44971_ACGCCAGAGGGCATGT",0.065562137512564,"singlet"
"CID44971_ACGCCAGCAATCCAAC",0.128279676919683,"singlet"
"CID44971_ACGCCAGTCTAGAGTC",0.0399377315948325,"singlet"
"CID44971_ACGCCAGTCTTACCGC",0.0726991119449793,"singlet"
"CID44971_ACGCCGAGTCCGAGTC",0.0655554527189986,"singlet"
"CID44971_ACGGAGAAGCTGCGAA",0.123386734022691,"singlet"
"CID44971_ACGGGCTCAAACTGTC",0.100483845881144,"singlet"
"CID44971_ACGGGCTCAGGGTACA",0.0772272054432626,"singlet"
"CID44971_ACGGGTCAGCTCCCAG",0.106507235965366,"singlet"
"CID44971_ACGGGTCGTAGAAAGG",0.126864078454175,"singlet"
"CID44971_ACGTCAAGTAACGACG",0.0683757438624112,"singlet"
"CID44971_ACTATCTAGAGCTGGT",0.058908537271302,"singlet"
"CID44971_ACTATCTCATAGACTC",0.257128610207501,"singlet"
"CID44971_ACTATCTCATGTCTCC",0.0766298764148682,"singlet"
"CID44971_ACTATCTTCTGGCGTG",0.104954467907462,"singlet"
"CID44971_ACTGAACCATGACGGA",0.052500229158247,"singlet"
"CID44971_ACTGCTCAGTGGAGTC",0.0952475405325883,"singlet"
"CID44971_ACTGCTCGTGACTACT",0.0511643869738321,"singlet"
"CID44971_ACTTACTGTAGTACCT",0.0699880792649042,"singlet"
"CID44971_ACTTACTTCTGGTTCC",0.109858035679878,"singlet"
"CID44971_ACTTGTTAGGCCCTCA",0.0436540801971516,"singlet"
"CID44971_ACTTTCAAGTACGTTC",0.120135596991536,"singlet"
"CID44971_AGAATAGCAGACAAAT",0.0758831697976654,"singlet"
"CID44971_AGAATAGTCTTGACGA",0.0602458828784656,"singlet"
"CID44971_AGACGTTCACGTCTCT",0.0711258180272023,"singlet"
"CID44971_AGAGCTTCAGATCCAT",0.0747908607513318,"singlet"
"CID44971_AGAGCTTGTAAATGAC",0.0426768424439652,"singlet"
"CID44971_AGAGTGGAGCTACCGC",0.0521932811542311,"singlet"
"CID44971_AGAGTGGGTGCTGTAT",0.0389003561287471,"singlet"
"CID44971_AGATTGCCAATCTGCA",0.06999874999891,"singlet"
"CID44971_AGCAGCCTCAGTGTTG",0.102296573230455,"singlet"
"CID44971_AGCATACAGGGTTCCC",0.152971954325346,"singlet"
"CID44971_AGCCTAAAGCTAAACA",0.153433481799064,"singlet"
"CID44971_AGCCTAAGTACTTAGC",0.0813415935892295,"singlet"
"CID44971_AGCCTAAGTCAACTGT",0.128592146586922,"singlet"
"CID44971_AGCCTAATCGTGACAT",0.0502941615726,"singlet"
"CID44971_AGCGGTCCATCGGTTA",0.0392941630195014,"singlet"
"CID44971_AGCGGTCTCCACGACG",0.139933384446865,"singlet"
"CID44971_AGCGTATAGCAGGCTA",0.083435414449736,"singlet"
"CID44971_AGCGTATCACCAGGCT",0.0432506597543758,"singlet"
"CID44971_AGCGTCGCAAAGGAAG",0.032283121421634,"singlet"
"CID44971_AGCTCCTAGACATAAC",0.0779936666482886,"singlet"
"CID44971_AGCTCCTAGATCACGG",0.084200146688241,"singlet"
"CID44971_AGCTTGAGTTGTGGAG",0.0557728281462535,"singlet"
"CID44971_AGGCCACGTGCTTCTC",0.108786682774019,"singlet"
"CID44971_AGGGAGTGTGGACGAT",0.200430750747266,"singlet"
"CID44971_AGGGAGTTCGGAGGTA",0.0458605247454149,"singlet"
"CID44971_AGGGATGGTCATGCAT",0.0257462751883214,"singlet"
"CID44971_AGGGATGGTCTCTCTG",0.0414803401539879,"singlet"
"CID44971_AGGGTGAAGGCTACGA",0.0317761588824517,"singlet"
"CID44971_AGGGTGACAAGCGCTC",0.0128078089944783,"singlet"
"CID44971_AGGTCATCACCTATCC",0.158454086645681,"singlet"
"CID44971_AGGTCCGAGAGTGAGA",0.135668415115808,"singlet"
"CID44971_AGGTCCGCACCAGGCT",0.0824561963621096,"singlet"
"CID44971_AGGTCCGGTCATATGC",0.045525485727333,"singlet"
"CID44971_AGTAGTCAGCTACCGC",0.0656997851318107,"singlet"
"CID44971_AGTAGTCGTAGCACGA",0.0281146713769231,"singlet"
"CID44971_AGTGAGGAGGGTGTTG",0.179997539822485,"singlet"
"CID44971_AGTGAGGAGTCCGTAT",0.0834799624711462,"singlet"
"CID44971_AGTGAGGCATGCGCAC",0.0327689837054469,"singlet"
"CID44971_AGTGAGGCATTGCGGC",0.0163304704495846,"singlet"
"CID44971_AGTGAGGGTCCAAGTT",0.0415283007276961,"singlet"
"CID44971_AGTGAGGGTCTGATCA",0.0718060243145359,"singlet"
"CID44971_AGTGGGACATGTCTCC",0.0403705710671768,"singlet"
"CID44971_AGTGTCAAGAGTAATC",0.0256234681008635,"singlet"
"CID44971_AGTGTCACAATCAGAA",0.027882734179098,"singlet"
"CID44971_AGTTGGTCAGCTTAAC",0.0760875920695991,"singlet"
"CID44971_AGTTGGTGTATTCTCT",0.0502873602213676,"singlet"
"CID44971_AGTTGGTTCACCATAG",0.0365821182953603,"singlet"
"CID44971_ATAACGCAGCGTCTAT",0.0629233530332243,"singlet"
"CID44971_ATAACGCCAGTCACTA",0.142790817918867,"singlet"
"CID44971_ATAAGAGGTCGGATCC",0.0921510909888573,"singlet"
"CID44971_ATAAGAGTCTGTACGA",0.101860595062206,"singlet"
"CID44971_ATCACGACACGGTAAG",0.0982300571213878,"singlet"
"CID44971_ATCACGACAGTATAAG",0.0579490324091815,"singlet"
"CID44971_ATCACGATCCTCAATT",0.158961343005356,"singlet"
"CID44971_ATCATCTAGTGTACGG",0.0516776042781535,"singlet"
"CID44971_ATCCACCCATGCTGGC",0.0491667216617641,"singlet"
"CID44971_ATCCGAAAGGACACCA",0.464715075137869,"doublet"
"CID44971_ATCCGAAAGGGTTCCC",0.0378865064516478,"singlet"
"CID44971_ATCCGAAAGTGAAGAG",0.22344713762791,"singlet"
"CID44971_ATCCGAAGTATTACCG",0.0930904063338971,"singlet"
"CID44971_ATGAGGGAGCCCGAAA",0.0604390753498982,"singlet"
"CID44971_ATGAGGGCAATGTAAG",0.0370169195925226,"singlet"
"CID44971_ATGTGTGAGCGAAGGG",0.0389342117883799,"singlet"
"CID44971_ATGTGTGAGCGTTTAC",0.0362209510997283,"singlet"
"CID44971_ATGTGTGGTCAAAGCG",0.035183773172923,"singlet"
"CID44971_ATGTGTGGTTTAGCTG",0.0752941978366814,"singlet"
"CID44971_ATGTGTGTCTTGGGTA",0.0568984671366829,"singlet"
"CID44971_ATTATCCGTGACCAAG",0.297940076377333,"singlet"
"CID44971_ATTATCCTCAGCTGGC",0.0810607738998367,"singlet"
"CID44971_ATTCTACCAAGCTGGA",0.0866612303705731,"singlet"
"CID44971_ATTCTACGTAGCGCAA",0.0604883585442501,"singlet"
"CID44971_ATTCTACTCACGATGT",0.369811125844174,"doublet"
"CID44971_ATTGGACTCACAAACC",0.0867427256300874,"singlet"
"CID44971_ATTGGACTCTATGTGG",0.0701977512518905,"singlet"
"CID44971_ATTTCTGAGATACACA",0.0920718461347559,"singlet"
"CID44971_ATTTCTGCATACAGCT",0.0324823226682805,"singlet"
"CID44971_ATTTCTGGTGTGAAAT",0.0731836342413376,"singlet"
"CID44971_CAACCAAAGTGTCTCA",0.0917047800179822,"singlet"
"CID44971_CAACCAACAAGTAATG",0.0651954319477208,"singlet"
"CID44971_CAACCAAGTTGATTGC",0.0418245483442359,"singlet"
"CID44971_CAACCAATCTGCTGCT",0.0891727123823887,"singlet"
"CID44971_CAACCTCTCCACGAAT",0.0813498261145505,"singlet"
"CID44971_CAACTAGCAACGATCT",0.0495814998031309,"singlet"
"CID44971_CAACTAGCAGAAGCAC",0.133223153174983,"singlet"
"CID44971_CAACTAGGTTTAGCTG",0.0621996039033131,"singlet"
"CID44971_CAAGAAAGTACCCAAT",0.0331934201192155,"singlet"
"CID44971_CAAGATCAGTTTCCTT",0.217006558057111,"singlet"
"CID44971_CAAGATCTCAGAGACG",0.0738802888106156,"singlet"
"CID44971_CAAGATCTCTCGAGTA",0.0642645827727789,"singlet"
"CID44971_CAAGGCCAGACTAGAT",0.050176381967501,"singlet"
"CID44971_CACAAACGTAGGACAC",0.0621658422713694,"singlet"
"CID44971_CACACAAAGAGTGAGA",0.0565858780836659,"singlet"
"CID44971_CACACAAGTCAGAGGT",0.0805905413193368,"singlet"
"CID44971_CACACAATCTCTAAGG",0.202268949090872,"singlet"
"CID44971_CACACCTCACAAGCCC",0.170314915847149,"singlet"
"CID44971_CACACCTGTGAGCGAT",0.0537812561283258,"singlet"
"CID44971_CACAGGCAGGGAGTAA",0.172354312738586,"singlet"
"CID44971_CACAGTAAGCCTTGAT",0.109393772974468,"singlet"
"CID44971_CACATAGAGCGTGAAC",0.0858038186406375,"singlet"
"CID44971_CACATAGCAACAACCT",0.196201320398006,"singlet"
"CID44971_CACATTTCAGGTGCCT",0.0258454499917555,"singlet"
"CID44971_CACATTTGTAGAAGGA",0.195679934107319,"singlet"
"CID44971_CACCACTCATCTGGTA",0.0282705153994072,"singlet"
"CID44971_CACCAGGAGACGCACA",0.225836646048746,"singlet"
"CID44971_CACCAGGGTACGCTGC",0.266271600154335,"singlet"
"CID44971_CACCAGGTCTTGCAAG",0.0602287257537082,"singlet"
"CID44971_CACCTTGTCTCGTATT",0.0341808789617653,"singlet"
"CID44971_CACTCCAGTATTAGCC",0.121867747612173,"singlet"
"CID44971_CACTCCATCGTCTGCT",0.118739419398278,"singlet"
"CID44971_CAGAATCGTAAACCTC",0.0839861208744896,"singlet"
"CID44971_CAGATCAGTAACGACG",0.098468140268506,"singlet"
"CID44971_CAGATCAGTGAACCTT",0.0723270973725123,"singlet"
"CID44971_CAGATCATCACTTCAT",0.0526835517750894,"singlet"
"CID44971_CAGCATAAGACAGACC",0.0577330051156267,"singlet"
"CID44971_CAGCATAAGGACCACA",0.128337541381354,"singlet"
"CID44971_CAGCCGATCACTTACT",0.0239166751487101,"singlet"
"CID44971_CAGCGACGTTGGAGGT",0.249513704196843,"singlet"
"CID44971_CAGCGACTCGCCGTGA",0.060383189105236,"singlet"
"CID44971_CAGCGACTCTGCGGCA",0.0522548244354363,"singlet"
"CID44971_CAGCTAAAGTTAACGA",0.0419332258919851,"singlet"
"CID44971_CAGCTAATCGGCTACG",0.0359567104224082,"singlet"
"CID44971_CAGGTGCAGACTTTCG",0.150668409240142,"singlet"
"CID44971_CAGGTGCAGCAGGTCA",0.15795686712816,"singlet"
"CID44971_CAGGTGCTCACGCGGT",0.0715357956695781,"singlet"
"CID44971_CAGTAACGTTCGCGAC",0.023372680197873,"singlet"
"CID44971_CATATGGTCGGTCCGA",0.0630945003618203,"singlet"
"CID44971_CATCGAATCGTAGATC",0.0514196668628911,"singlet"
"CID44971_CATGGCGCAGCATACT",0.0393685344090082,"singlet"
"CID44971_CATGGCGGTTCCTCCA",0.0435333023309402,"singlet"
"CID44971_CCACGGAAGATACACA",0.126998549203514,"singlet"
"CID44971_CCACGGATCCATGCTC",0.0484458264142167,"singlet"
"CID44971_CCACGGATCTGCCCTA",0.0617956471361055,"singlet"
"CID44971_CCAGCGACACCCAGTG",0.0683042868526559,"singlet"
"CID44971_CCAGCGATCAGAGGTG",0.0592118544944573,"singlet"
"CID44971_CCATGTCAGTGTCCAT",0.0543957875578905,"singlet"
"CID44971_CCATTCGCACGCGAAA",0.0676599940841872,"singlet"
"CID44971_CCCAATCAGCTGCGAA",0.0201698055652236,"singlet"
"CID44971_CCCAATCCACCGGAAA",0.156276677064648,"singlet"
"CID44971_CCCAATCTCGCCCTTA",0.023332541415775,"singlet"
"CID44971_CCCAGTTGTCAGAGGT",0.0659536757690033,"singlet"
"CID44971_CCCAGTTTCTTCGAGA",0.0381735476811209,"singlet"
"CID44971_CCGGGATTCCCTCTTT",0.0374213507190934,"singlet"
"CID44971_CCGGTAGCATGCGCAC",0.167276392960495,"singlet"
"CID44971_CCGGTAGGTAGGCATG",0.0770189293164193,"singlet"
"CID44971_CCGGTAGTCTGGTTCC",0.0776021076375885,"singlet"
"CID44971_CCGTGGAGTCATATCG",0.0180823511263311,"singlet"
"CID44971_CCGTTCAAGCACCGTC",0.0531070989714941,"singlet"
"CID44971_CCTAAAGGTCTTCGTC",0.0615765260595371,"singlet"
"CID44971_CCTAAAGGTTGAACTC",0.0501744129440588,"singlet"
"CID44971_CCTACACAGTTCCACA",0.025551274599686,"singlet"
"CID44971_CCTACACGTTACAGAA",0.0747725548079421,"singlet"
"CID44971_CCTACCAAGCCCAACC",0.0505169375803268,"singlet"
"CID44971_CCTACCAAGTGCTGCC",0.368194144087844,"doublet"
"CID44971_CCTACCACAATCGGTT",0.0675887312896283,"singlet"
"CID44971_CCTACCATCTGTCTCG",0.0230823995445146,"singlet"
"CID44971_CCTAGCTTCTACTCAT",0.0624041020553077,"singlet"
"CID44971_CCTAGCTTCTATCCTA",0.122845930371165,"singlet"
"CID44971_CCTATTACAGCTTCGG",0.035894344974978,"singlet"
"CID44971_CCTCAGTGTGCGCTTG",0.0406463403460909,"singlet"
"CID44971_CCTCTGACAATAACGA",0.181977476447107,"singlet"
"CID44971_CCTCTGATCAAAGTAG",0.0542575443239366,"singlet"
"CID44971_CCTTACGAGCGATCCC",0.0197510446615519,"singlet"
"CID44971_CCTTACGAGCTGTCTA",0.0839164106162436,"singlet"
"CID44971_CCTTACGCAAGCTGTT",0.0564328243025856,"singlet"
"CID44971_CCTTCGAAGACAGAGA",0.0624253917170259,"singlet"
"CID44971_CCTTCGACACGAAACG",0.237764021413397,"singlet"
"CID44971_CCTTCGATCATGTAGC",0.148013482645828,"singlet"
"CID44971_CGAACATAGCTAGTTC",0.108142737615273,"singlet"
"CID44971_CGAATGTAGTCGTACT",0.0601944071359425,"singlet"
"CID44971_CGAATGTCATATACCG",0.0743130041647484,"singlet"
"CID44971_CGAATGTCATTAGGCT",0.0443266824745981,"singlet"
"CID44971_CGAATGTGTGAGCGAT",0.102974277948805,"singlet"
"CID44971_CGACTTCAGACCTAGG",0.071016916809366,"singlet"
"CID44971_CGACTTCCATTACCTT",0.0362424170228452,"singlet"
"CID44971_CGAGAAGCAAGTTCTG",0.0369450860102759,"singlet"
"CID44971_CGAGAAGGTACAGTTC",0.096020372861782,"singlet"
"CID44971_CGAGAAGTCAGTCCCT",0.0211234036362019,"singlet"
"CID44971_CGAGCACAGGACTGGT",0.11863954201806,"singlet"
"CID44971_CGAGCACTCATACGGT",0.0702624952670013,"singlet"
"CID44971_CGAGCCACATATGAGA",0.0774485533766276,"singlet"
"CID44971_CGAGCCAGTGGCCCTA",0.0839437477422738,"singlet"
"CID44971_CGAGCCATCAATCTCT",0.0639416852979867,"singlet"
"CID44971_CGAGCCATCGCATGAT",0.0779613302522544,"singlet"
"CID44971_CGATCGGGTCCATGAT",0.0693703832671471,"singlet"
"CID44971_CGATGGCCACAAGTAA",0.076258876384052,"singlet"
"CID44971_CGATGGCCATAGAAAC",0.0920842594330496,"singlet"
"CID44971_CGATGTAAGATCCTGT",0.0388131094145862,"singlet"
"CID44971_CGATGTACAAGTACCT",0.106086585461168,"singlet"
"CID44971_CGATGTAGTAGTACCT",0.0400162461126053,"singlet"
"CID44971_CGATGTAGTTAAAGTG",0.0159894435744949,"singlet"
"CID44971_CGATGTAGTTCTGAAC",0.102711054537187,"singlet"
"CID44971_CGATGTATCACATAGC",0.0772830791065243,"singlet"
"CID44971_CGATTGACAGGTCTCG",0.0677627790221045,"singlet"
"CID44971_CGCCAAGAGTCTCGGC",0.0625823771495093,"singlet"
"CID44971_CGCCAAGGTCCAGTGC",0.0796371401097218,"singlet"
"CID44971_CGCGGTAGTCTTGCGG",0.0330145529775081,"singlet"
"CID44971_CGCGTTTAGCTAACTC",0.0409933122668101,"singlet"
"CID44971_CGCGTTTCACGGTAGA",0.07738457345809,"singlet"
"CID44971_CGCGTTTCACTACAGT",0.126039815508054,"singlet"
"CID44971_CGCTATCGTCTCCACT",0.0767668780346349,"singlet"
"CID44971_CGCTGGAAGCAATCTC",0.0730542091887703,"singlet"
"CID44971_CGCTGGAGTCCGTTAA",0.0880594747786546,"singlet"
"CID44971_CGCTGGATCCGCGGTA",0.0823078752819521,"singlet"
"CID44971_CGCTTCACAGTACACT",0.114386924655714,"singlet"
"CID44971_CGCTTCAGTGTCAATC",0.070193730148091,"singlet"
"CID44971_CGCTTCATCACTTCAT",0.0943718399270146,"singlet"
"CID44971_CGGACACAGCACGCCT",0.0672394390984061,"singlet"
"CID44971_CGGACTGAGCACCGTC",0.0483970092459189,"singlet"
"CID44971_CGGACTGAGCTGAAAT",0.10861316618972,"singlet"
"CID44971_CGGACTGCACCGCTAG",0.0277038709653609,"singlet"
"CID44971_CGGACTGCACGTAAGG",0.0587571395352511,"singlet"
"CID44971_CGGACTGCATTGCGGC",0.0680797403704546,"singlet"
"CID44971_CGGACTGTCCAACCAA",0.0728972369531756,"singlet"
"CID44971_CGGAGCTAGATGTGGC",0.0128365066278346,"singlet"
"CID44971_CGGAGCTAGCCAGGAT",0.457672087038216,"doublet"
"CID44971_CGGAGCTCAATCGGTT",0.131184864738905,"singlet"
"CID44971_CGGAGCTTCATGCTCC",0.0587700138916723,"singlet"
"CID44971_CGGAGTCCATTATCTC",0.161002555566168,"singlet"
"CID44971_CGGAGTCTCGCAAGCC",0.124358830080775,"singlet"
"CID44971_CGGCTAGAGGGCACTA",0.0624665298348687,"singlet"
"CID44971_CGGCTAGCAACGCACC",0.104985180239866,"singlet"
"CID44971_CGGCTAGGTTTGCATG",0.0403289081995566,"singlet"
"CID44971_CGGCTAGTCCACGAAT",0.0254545486534112,"singlet"
"CID44971_CGGGTCACAAGTCTAC",0.0772452384323157,"singlet"
"CID44971_CGTAGCGCATGGATGG",0.135082432519053,"singlet"
"CID44971_CGTAGCGTCGAACTGT",0.00858479669869256,"singlet"
"CID44971_CGTAGGCAGCACCGCT",0.0513564313758785,"singlet"
"CID44971_CGTCACTGTATGAATG",0.193241746236764,"singlet"
"CID44971_CGTCACTTCAAGGTAA",0.133521510939429,"singlet"
"CID44971_CGTCACTTCGGTGTTA",0.0485895219515286,"singlet"
"CID44971_CGTCAGGAGGCTACGA",0.052753336467457,"singlet"
"CID44971_CGTCAGGAGTCGATAA",0.144092382456883,"singlet"
"CID44971_CGTCAGGCAGACGCAA",0.0847421255708802,"singlet"
"CID44971_CGTGAGCAGGCAAAGA",0.145422208875693,"singlet"
"CID44971_CGTGAGCTCTAAGCCA",0.0592955620177665,"singlet"
"CID44971_CGTGTAAAGGCATGTG",0.0722519399627479,"singlet"
"CID44971_CGTGTAAGTGAAAGAG",0.0708274291628687,"singlet"
"CID44971_CGTGTCTGTCTCAACA",0.0424844319975487,"singlet"
"CID44971_CGTTAGAAGGACCACA",0.0917952428277665,"singlet"
"CID44971_CGTTAGACAATACGCT",0.0983074155319451,"singlet"
"CID44971_CGTTAGATCAGAAATG",0.103585428133391,"singlet"
"CID44971_CGTTCTGCAGGCAGTA",0.0394003669219913,"singlet"
"CID44971_CGTTCTGGTATCAGTC",0.0423104289839811,"singlet"
"CID44971_CGTTCTGGTATCGCAT",0.0492380161312707,"singlet"
"CID44971_CGTTGGGCAAGTCTGT",0.0643301116535171,"singlet"
"CID44971_CGTTGGGGTGGCGAAT",0.188157209702889,"singlet"
"CID44971_CGTTGGGGTTCTGTTT",0.346166030933885,"doublet"
"CID44971_CTAAGACAGGCACATG",0.031119962099833,"singlet"
"CID44971_CTAATGGTCCTACAGA",0.0337175318575689,"singlet"
"CID44971_CTACACCAGTACGATA",0.106235649589679,"singlet"
"CID44971_CTACATTAGTCAAGGC",0.0817990403180758,"singlet"
"CID44971_CTACATTCACCAGGCT",0.0884086853666495,"singlet"
"CID44971_CTACATTCATGAGCGA",0.143982110313653,"singlet"
"CID44971_CTACATTGTTCCGTCT",0.240112880711908,"singlet"
"CID44971_CTACCCACAAGGACTG",0.0988888886450817,"singlet"
"CID44971_CTACCCAGTCATGCAT",0.0731141376942038,"singlet"
"CID44971_CTACGTCGTCGTCTTC",0.0544796954920467,"singlet"
"CID44971_CTACGTCTCTCCGGTT",0.0473519942882378,"singlet"
"CID44971_CTAGAGTAGTTTCCTT",0.0305018210996347,"singlet"
"CID44971_CTAGAGTGTATCAGTC",0.0409935043270036,"singlet"
"CID44971_CTAGCCTCAATCTGCA",0.0410176858526106,"singlet"
"CID44971_CTAGCCTCAGGTGCCT",0.150563239095626,"singlet"
"CID44971_CTAGCCTCATTTGCCC",0.160972947034132,"singlet"
"CID44971_CTAGCCTTCTTGCAAG",0.0430094818305253,"singlet"
"CID44971_CTAGTGAAGCAGGTCA",0.0531785324972054,"singlet"
"CID44971_CTAGTGAGTAAGGGAA",0.0340447001235015,"singlet"
"CID44971_CTCAGAAGTAATAGCA",0.107452888074936,"singlet"
"CID44971_CTCATTAGTCCGAAGA",0.167351566377212,"singlet"
"CID44971_CTCGAAAAGGGTCTCC",0.0398063171268646,"singlet"
"CID44971_CTCGAAAGTACTCAAC",0.0677048408965475,"singlet"
"CID44971_CTCGAAAGTATGGTTC",0.207280132260536,"singlet"
"CID44971_CTCGAAAGTCAACATC",0.144735661220345,"singlet"
"CID44971_CTCGAGGGTGCAACGA",0.0626658902851063,"singlet"
"CID44971_CTCGAGGGTGGCAAAC",0.0583143621733796,"singlet"
"CID44971_CTCGGAGAGTAGGCCA",0.0725359570623175,"singlet"
"CID44971_CTCGGAGCAAGGTTTC",0.0716087391072288,"singlet"
"CID44971_CTCGGGAGTCACTGGC",0.0906141484394416,"singlet"
"CID44971_CTCTACGAGGCGCTCT",0.117440839724454,"singlet"
"CID44971_CTCTACGCAGCTCCGA",0.141360297449942,"singlet"
"CID44971_CTCTACGCATCCTTGC",0.133129618830906,"singlet"
"CID44971_CTCTACGTCTGGCGTG",0.0575770660845566,"singlet"
"CID44971_CTCTGGTGTATTCGTG",0.265533986519563,"singlet"
"CID44971_CTGAAACAGACGCTTT",0.0756824204221496,"singlet"
"CID44971_CTGAAACGTGTTTGGT",0.0898706093496896,"singlet"
"CID44971_CTGATCCGTAAGGATT",0.119088773629693,"singlet"
"CID44971_CTGATCCTCTGCCAGG",0.110518950395852,"singlet"
"CID44971_CTGCCTACACATGACT",0.0910880253455426,"singlet"
"CID44971_CTGCCTATCACTATTC",0.032027107987043,"singlet"
"CID44971_CTGCCTATCGGTGTTA",0.068309206516109,"singlet"
"CID44971_CTGCGGACATGCCTTC",0.033362399424739,"singlet"
"CID44971_CTGCGGAGTCCAAGTT",0.118020702288727,"singlet"
"CID44971_CTGCGGATCGGTTAAC",0.074333371686875,"singlet"
"CID44971_CTGCTGTCAAGTCTGT",0.0928395290622683,"singlet"
"CID44971_CTGGTCTCATCGACGC",0.0708688206062492,"singlet"
"CID44971_CTGTGCTGTACCGAGA",0.0628160585412384,"singlet"
"CID44971_CTGTGCTTCATCTGTT",0.0354071291952259,"singlet"
"CID44971_CTTACCGGTAACGTTC",0.0193102244094796,"singlet"
"CID44971_CTTACCGGTAGGACAC",0.0500470314109617,"singlet"
"CID44971_CTTACCGTCGGCTACG",0.0568853823297964,"singlet"
"CID44971_CTTCTCTCACAGACTT",0.056670002579721,"singlet"
"CID44971_CTTTGCGCATGCAACT",0.0699371226804316,"singlet"
"CID44971_CTTTGCGCATGGATGG",0.0709758222357452,"singlet"
"CID44971_CTTTGCGTCTGGAGCC",0.0153566879845277,"singlet"
"CID44971_GAAACTCCAACGATCT",0.0467793535436487,"singlet"
"CID44971_GAAACTCGTGCACTTA",0.0251294923734136,"singlet"
"CID44971_GAAACTCTCCGCAGTG",0.104692218059346,"singlet"
"CID44971_GAAATGAAGTCCTCCT",0.0711959193123579,"singlet"
"CID44971_GAAATGACAGAGTGTG",0.157000554310232,"singlet"
"CID44971_GAAATGATCAAGGCTT",0.0422658392052909,"singlet"
"CID44971_GAAATGATCAGCTCGG",0.114546091366249,"singlet"
"CID44971_GAAATGATCGAACTGT",0.025878281351138,"singlet"
"CID44971_GAACGGATCGCCTGTT",0.0770566665327349,"singlet"
"CID44971_GAAGCAGAGCGATATA",0.0425726501340304,"singlet"
"CID44971_GAAGCAGGTTATTCTC",0.0417548222700248,"singlet"
"CID44971_GAAGCAGTCCAGGGCT",0.0847425888383943,"singlet"
"CID44971_GAATAAGAGGATCGCA",0.065483306830845,"singlet"
"CID44971_GAATAAGGTTTAGGAA",0.25492893935393,"singlet"
"CID44971_GAATGAAAGTAGCGGT",0.0521263113861391,"singlet"
"CID44971_GAATGAAGTGCAACTT",0.0193453751927078,"singlet"
"CID44971_GACACGCTCAGGCCCA",0.0895955427829269,"singlet"
"CID44971_GACAGAGTCACATAGC",0.164416578237844,"singlet"
"CID44971_GACCAATTCACGATGT",0.104578062314598,"singlet"
"CID44971_GACCTGGAGAGCTATA",0.0822641514414169,"singlet"
"CID44971_GACCTGGAGCTACCTA",0.0515920406446176,"singlet"
"CID44971_GACCTGGAGTGGTAAT",0.0428417204013929,"singlet"
"CID44971_GACCTGGCAGCCAGAA",0.175926427645434,"singlet"
"CID44971_GACCTGGGTAGCGTAG",0.0415952347606763,"singlet"
"CID44971_GACGGCTAGCGTAGTG",0.0758708764912784,"singlet"
"CID44971_GACGTTAAGCTGATAA",0.0544291321828369,"singlet"
"CID44971_GACTAACAGTCTTGCA",0.018953748623046,"singlet"
"CID44971_GACTACAAGGATCGCA",0.180238239835892,"singlet"
"CID44971_GACTACAGTAAAGGAG",0.123340069071067,"singlet"
"CID44971_GACTACAGTAATCGTC",0.041732032329841,"singlet"
"CID44971_GACTGCGAGATGAGAG",0.171355196579559,"singlet"
"CID44971_GAGGTGACAAGCTGGA",0.211737640622572,"singlet"
"CID44971_GAGTCCGCAATGGATA",0.0378258115860682,"singlet"
"CID44971_GAGTCCGCACAAGACG",0.0305657929024947,"singlet"
"CID44971_GATCAGTCACAACTGT",0.0356445865855949,"singlet"
"CID44971_GATCAGTGTCTGCGGT",0.0792446099882827,"singlet"
"CID44971_GATCAGTTCCATGCTC",0.0590776544795884,"singlet"
"CID44971_GATCGCGAGTACGTTC",0.0322502560657238,"singlet"
"CID44971_GATCGTAGTTGGGACA",0.0335379802746142,"singlet"
"CID44971_GATCGTATCAGTGTTG",0.0647980371726548,"singlet"
"CID44971_GATCTAGGTAAACACA",0.0788771573612238,"singlet"
"CID44971_GATGAAACAATCCAAC",0.224248765032572,"singlet"
"CID44971_GATGAAATCCGAGCCA",0.0974452487464342,"singlet"
"CID44971_GATGAGGAGTGTGAAT",0.0663193631872836,"singlet"
"CID44971_GATGAGGCAGACTCGC",0.120229497109448,"singlet"
"CID44971_GCAAACTAGACAGACC",0.0545475784057982,"singlet"
"CID44971_GCAATCAAGCAGACTG",0.247694454673498,"singlet"
"CID44971_GCAATCAAGGAGTAGA",0.20857397196563,"singlet"
"CID44971_GCAATCACAGTCAGCC",0.111801596888468,"singlet"
"CID44971_GCACATAGTACATCCA",0.0490736550935356,"singlet"
"CID44971_GCACTCTAGCCACTAT",0.0737325565837786,"singlet"
"CID44971_GCAGCCAAGACCTTTG",0.133895982030154,"singlet"
"CID44971_GCAGCCAGTGCAGGTA",0.0720861239462708,"singlet"
"CID44971_GCAGCCAGTTCAACCA",0.083332242167108,"singlet"
"CID44971_GCAGTTAAGACAGGCT",0.06708115159299,"singlet"
"CID44971_GCAGTTACAGGTCTCG",0.0358109284839428,"singlet"
"CID44971_GCATACAGTTTGACTG",0.0687976426696364,"singlet"
"CID44971_GCATGATAGATCACGG",0.124364201204305,"singlet"
"CID44971_GCATGATGTAGTGAAT",0.0287307985142291,"singlet"
"CID44971_GCATGCGAGAGCTGGT",0.0741182709710003,"singlet"
"CID44971_GCATGCGGTTACGCGC",0.32211258355116,"singlet"
"CID44971_GCATGCGTCGTAGGAG",0.0651527686527997,"singlet"
"CID44971_GCGACCAAGGTGATTA",0.0267043240907128,"singlet"
"CID44971_GCGACCAGTCACAAGG",0.0906440659456469,"singlet"
"CID44971_GCGAGAACAGGCGATA",0.260484827805887,"singlet"
"CID44971_GCGCAACGTTTGTTGG",0.0602645513540383,"singlet"
"CID44971_GCGCAGTCAGTGAGTG",0.0333176480058944,"singlet"
"CID44971_GCGCAGTGTAGCAAAT",0.130184626111815,"singlet"
"CID44971_GCGCGATGTTCACCTC",0.141202433895528,"singlet"
"CID44971_GCGCGATGTTGATTCG",0.155857503691507,"singlet"
"CID44971_GCGCGATTCTCACATT",0.0431425223597934,"singlet"
"CID44971_GCTCCTAAGTGTTTGC",0.0451111240225355,"singlet"
"CID44971_GCTCTGTAGGACGAAA",0.0530522066651266,"singlet"
"CID44971_GCTCTGTCAGCGATCC",0.224194896961367,"singlet"
"CID44971_GCTGCAGCAGTTCCCT",0.032329866386736,"singlet"
"CID44971_GCTGCGATCTTAGAGC",0.0630022646562109,"singlet"
"CID44971_GGAAAGCTCAATACCG",0.0828523216911329,"singlet"
"CID44971_GGAACTTAGGGCACTA",0.129630013310099,"singlet"
"CID44971_GGAACTTGTACATGTC",0.0664947054429324,"singlet"
"CID44971_GGAACTTGTTCAGACT",0.0488504636914274,"singlet"
"CID44971_GGACATTCACGAAAGC",0.0567745772031529,"singlet"
"CID44971_GGACGTCGTCGAGATG",0.0457336242765752,"singlet"
"CID44971_GGAGCAATCGTCTGCT",0.0297026258702784,"singlet"
"CID44971_GGATGTTGTCTCTTAT",0.044503046463657,"singlet"
"CID44971_GGATTACAGTCGAGTG",0.0184338992545021,"singlet"
"CID44971_GGATTACAGTCGTACT",0.103497696866948,"singlet"
"CID44971_GGATTACGTGAGGCTA",0.0217687237439806,"singlet"
"CID44971_GGATTACTCCCAGGTG",0.0638804864519732,"singlet"
"CID44971_GGCAATTAGTCTCAAC",0.0453874805532337,"singlet"
"CID44971_GGCAATTTCATCGGAT",0.100387251926869,"singlet"
"CID44971_GGCGACTCAGGAATCG",0.0458312302435941,"singlet"
"CID44971_GGCGACTCATCAGTCA",0.0576089198348685,"singlet"
"CID44971_GGCGACTGTGAAATCA",0.0418325865268504,"singlet"
"CID44971_GGCGACTGTGACGCCT",0.0505813802580944,"singlet"
"CID44971_GGCTCGACAGCTCGCA",0.185918730503851,"singlet"
"CID44971_GGCTCGAGTTGGTAAA",0.342046071833745,"doublet"
"CID44971_GGCTCGATCTGCGTAA",0.0579994964318589,"singlet"
"CID44971_GGCTGGTAGACTTGAA",0.0581132126709289,"singlet"
"CID44971_GGCTGGTAGATGCCTT",0.058458825631315,"singlet"
"CID44971_GGCTGGTAGCGATATA",0.0375176815760487,"singlet"
"CID44971_GGGAATGGTACCGTAT",0.112201735866023,"singlet"
"CID44971_GGGAATGTCCTTTCGG",0.0603598531868203,"singlet"
"CID44971_GGGACCTAGTTTCCTT",0.107609010226609,"singlet"
"CID44971_GGGAGATCATTACCTT",0.0358558803905686,"singlet"
"CID44971_GGGATGACAAAGGCGT",0.0630227762525796,"singlet"
"CID44971_GGGATGACAATGGATA",0.161228551770275,"singlet"
"CID44971_GGGATGACACACGCTG",0.0597750998647714,"singlet"
"CID44971_GGGATGAGTGAAAGAG",0.144750136690159,"singlet"
"CID44971_GGGCACTCACGCCAGT",0.0577403530881728,"singlet"
"CID44971_GGGCACTGTAATCGTC",0.0480193559170088,"singlet"
"CID44971_GGGCATCGTTAAAGTG",0.0399383599462076,"singlet"
"CID44971_GGGTCTGAGGTGATAT",0.0801751999064521,"singlet"
"CID44971_GGGTCTGGTGAGCGAT",0.0553743619916768,"singlet"
"CID44971_GGGTTGCAGGGATCTG",0.0270632105278791,"singlet"
"CID44971_GGGTTGCCACATCCAA",0.070450001713132,"singlet"
"CID44971_GGTATTGCAGGCTCAC",0.0472206378857363,"singlet"
"CID44971_GGTATTGTCTGCGACG",0.127739157504062,"singlet"
"CID44971_GGTGAAGCAGGACGTA",0.1108364042393,"singlet"
"CID44971_GGTGAAGGTTAAGACA",0.0902963156607723,"singlet"
"CID44971_GGTGCGTCAAGAGGCT",0.126533331417112,"singlet"
"CID44971_GGTGTTACATTAGCCA",0.10201391105047,"singlet"
"CID44971_GGTGTTATCATCGCTC",0.0501817338498255,"singlet"
"CID44971_GTACGTAGTTGCGTTA",0.0731379317591386,"singlet"
"CID44971_GTACGTATCGAGCCCA",0.0985000531989023,"singlet"
"CID44971_GTACTCCGTCATACTG",0.0513831495736307,"singlet"
"CID44971_GTACTCCTCCATTCTA",0.0538377033890917,"singlet"
"CID44971_GTACTTTGTTCAGACT",0.0976602038339028,"singlet"
"CID44971_GTACTTTTCCAGAAGG",0.0474760749489572,"singlet"
"CID44971_GTAGTCAAGCCACGCT",0.088525438554945,"singlet"
"CID44971_GTATTCTAGGCTACGA",0.0756459724414106,"singlet"
"CID44971_GTATTCTCACTGAAGG",0.0699492533417958,"singlet"
"CID44971_GTCAAGTGTAGCGTGA",0.076998293023108,"singlet"
"CID44971_GTCAAGTTCCGCGTTT",0.0307310590891279,"singlet"
"CID44971_GTCACAACAGCCAATT",0.220002134234779,"singlet"
"CID44971_GTCACAATCGCATGGC",0.0636858981763741,"singlet"
"CID44971_GTCACGGAGCAATATG",0.029668605230997,"singlet"
"CID44971_GTCACGGGTAGAGCTG",0.0636301435924394,"singlet"
"CID44971_GTCACGGGTAGGAGTC",0.217324775916959,"singlet"
"CID44971_GTCACGGGTGCTTCTC",0.0396051657798856,"singlet"
"CID44971_GTCATTTAGAGTGACC",0.0407016390322858,"singlet"
"CID44971_GTCCTCACAGGAATGC",0.0646597758765227,"singlet"
"CID44971_GTCCTCAGTTTGCATG",0.03142493855154,"singlet"
"CID44971_GTCCTCATCGGAGCAA",0.0557880301307742,"singlet"
"CID44971_GTCCTCATCTGAGTGT",0.0508869353679213,"singlet"
"CID44971_GTCGTAAAGGCAATTA",0.0562248706430294,"singlet"
"CID44971_GTCTCGTAGGATGTAT",0.0749687731681495,"singlet"
"CID44971_GTCTTCGAGCCTTGAT",0.0691940774863841,"singlet"
"CID44971_GTGAAGGTCCACGTGG",0.0810466762177331,"singlet"
"CID44971_GTGCAGCGTGCACTTA",0.0895789553313632,"singlet"
"CID44971_GTGCATAAGTACATGA",0.0687592559305069,"singlet"
"CID44971_GTGCATACATCACGAT",0.0377486859569112,"singlet"
"CID44971_GTGCATAGTATTCTCT",0.038598366746265,"singlet"
"CID44971_GTGCATAGTGTAATGA",0.195424983736523,"singlet"
"CID44971_GTGCGGTAGCCACGCT",0.148946537496802,"singlet"
"CID44971_GTGCGGTTCGTTACAG",0.0650026660601862,"singlet"
"CID44971_GTGCGGTTCTGGAGCC",0.0750250056357579,"singlet"
"CID44971_GTGCTTCGTAGCAAAT",0.133932642867274,"singlet"
"CID44971_GTGCTTCTCTCTAGGA",0.0710303573581431,"singlet"
"CID44971_GTGGGTCAGAGTCTGG",0.122479394992371,"singlet"
"CID44971_GTGGGTCCACATGACT",0.031388604431757,"singlet"
"CID44971_GTGGGTCGTTTACTCT",0.088358628456926,"singlet"
"CID44971_GTGTGCGCAGCTTAAC",0.0517627382359498,"singlet"
"CID44971_GTGTGCGCAGTATCTG",0.153287121222535,"singlet"
"CID44971_GTGTGCGTCAGCAACT",0.0971444529213881,"singlet"
"CID44971_GTGTGCGTCGTCCAGG",0.0630710925449035,"singlet"
"CID44971_GTGTTAGTCCTTTCGG",0.0911246962852265,"singlet"
"CID44971_GTTAAGCCACCGGAAA",0.0333087350505679,"singlet"
"CID44971_GTTAAGCGTCCGACGT",0.047892114975816,"singlet"
"CID44971_GTTAAGCTCTCTGTCG",0.0935429586974233,"singlet"
"CID44971_GTTCATTAGGTGCTTT",0.063363290123193,"singlet"
"CID44971_GTTCATTTCTCCCTGA",0.0684113754443685,"singlet"
"CID44971_GTTCGGGCAGTCGATT",0.161998075657739,"singlet"
"CID44971_GTTCGGGGTTACTGAC",0.0467801303867366,"singlet"
"CID44971_GTTCTCGAGGGAACGG",0.0413840566528647,"singlet"
"CID44971_GTTCTCGAGGTGCAAC",0.0672742217590892,"singlet"
"CID44971_GTTCTCGGTCATCCCT",0.0370274870331866,"singlet"
"CID44971_GTTTCTAAGCTAGTGG",0.0856753942787167,"singlet"
"CID44971_TAAACCGTCGCGTTTC",0.122438712512002,"singlet"
"CID44971_TAAGAGAAGCTTTGGT",0.0944048989895962,"singlet"
"CID44971_TAAGAGAAGGTGACCA",0.0229541726621912,"singlet"
"CID44971_TAAGTGCCACATTCGA",0.0280900772910047,"singlet"
"CID44971_TAAGTGCCAGTGAGTG",0.0929932653647244,"singlet"
"CID44971_TAAGTGCGTAGGAGTC",0.0811782683134302,"singlet"
"CID44971_TAAGTGCGTCGCATAT",0.0571011161208224,"singlet"
"CID44971_TACACGAAGAGGGATA",0.0179904699511856,"singlet"
"CID44971_TACAGTGTCAACGGGA",0.0455150131266623,"singlet"
"CID44971_TACAGTGTCGATAGAA",0.150538551758187,"singlet"
"CID44971_TACCTTACATAGACTC",0.0565217515413386,"singlet"
"CID44971_TACCTTACATGGTCTA",0.183954465202488,"singlet"
"CID44971_TACCTTATCGAGGTAG",0.045923039605149,"singlet"
"CID44971_TACGGGCAGTGCCATT",0.099323161899596,"singlet"
"CID44971_TACGGGCCAGACAAAT",0.111311848042176,"singlet"
"CID44971_TACGGGCGTACGCTGC",0.0501485884093963,"singlet"
"CID44971_TACGGTAAGCTATGCT",0.101441212643947,"singlet"
"CID44971_TACTCGCTCCAATGGT",0.136632877604069,"singlet"
"CID44971_TACTTACAGTTGTAGA",0.0423557171835854,"singlet"
"CID44971_TACTTACCAATTGCTG",0.0548227486876541,"singlet"
"CID44971_TAGACCAAGCCAGTTT",0.0417502763107063,"singlet"
"CID44971_TAGACCATCTTTACGT",0.0551506728403409,"singlet"
"CID44971_TAGCCGGAGCTCCTTC",0.0360123803185022,"singlet"
"CID44971_TAGCCGGTCATCTGTT",0.0833726387785294,"singlet"
"CID44971_TAGGCATTCAATAAGG",0.0410522338506964,"singlet"
"CID44971_TAGGCATTCTGAAAGA",0.157766085953113,"singlet"
"CID44971_TAGTTGGGTTCCACTC",0.0654734009437064,"singlet"
"CID44971_TAGTTGGGTTTCCACC",0.0952252766319198,"singlet"
"CID44971_TAGTTGGTCTGCGACG",0.0593455588686333,"singlet"
"CID44971_TATCAGGCACAACTGT",0.0486456975418655,"singlet"
"CID44971_TATCAGGGTACAGTGG",0.0653408640161253,"singlet"
"CID44971_TCAACGAAGATGCCTT",0.124693218564271,"singlet"
"CID44971_TCAACGAAGTGTGAAT",0.0754148152857147,"singlet"
"CID44971_TCAATCTGTGCGGTAA",0.102327638713603,"singlet"
"CID44971_TCAATCTTCTTAACCT",0.122260937868305,"singlet"
"CID44971_TCACAAGGTAGGGTAC",0.0694117413332517,"singlet"
"CID44971_TCACAAGGTTGATTCG",0.0520307412495798,"singlet"
"CID44971_TCACAAGTCTTAGAGC",0.243053992108913,"singlet"
"CID44971_TCACGAAAGGATGGAA",0.0766247574224884,"singlet"
"CID44971_TCAGATGAGCGCCTCA",0.0692568515373691,"singlet"
"CID44971_TCAGCAATCAAAGACA",0.083133305017734,"singlet"
"CID44971_TCAGCTCAGCAAATCA",0.369917214648014,"doublet"
"CID44971_TCAGCTCAGGAGTACC",0.0285312455009281,"singlet"
"CID44971_TCAGCTCGTGCAGACA",0.182714254970553,"singlet"
"CID44971_TCAGGATCAGTCAGAG",0.0802675778407024,"singlet"
"CID44971_TCAGGTACACTCGACG",0.0182648179506766,"singlet"
"CID44971_TCATTACGTGCCTGGT",0.0373199793030924,"singlet"
"CID44971_TCCACACGTCCCGACA",0.0691122360679083,"singlet"
"CID44971_TCCCGATAGAGTCTGG",0.045120507296216,"singlet"
"CID44971_TCCCGATAGTCAAGCG",0.0623503028537205,"singlet"
"CID44971_TCCCGATCACTGTTAG",0.025783740396028,"singlet"
"CID44971_TCGAGGCGTTCGCGAC",0.107198135923578,"singlet"
"CID44971_TCGAGGCTCAGAGCTT",0.0328195554970823,"singlet"
"CID44971_TCGCGAGAGCTGAAAT",0.359727937913314,"doublet"
"CID44971_TCGCGAGCACCAACCG",0.0961603648275906,"singlet"
"CID44971_TCGCGTTAGATGTGGC",0.113719423479557,"singlet"
"CID44971_TCGCGTTCAGCTGCAC",0.131764144825277,"singlet"
"CID44971_TCGCGTTGTTACGTCA",0.0412824510478865,"singlet"
"CID44971_TCGCGTTTCTGGCGTG",0.0422134493779825,"singlet"
"CID44971_TCGGGACGTCAAGCGA",0.0324627146108804,"singlet"
"CID44971_TCGGTAAGTTAAGAAC",0.12453482997174,"singlet"
"CID44971_TCGTACCAGAAACGCC",0.0513577920889622,"singlet"
"CID44971_TCGTACCCACCAGATT",0.0572692175260864,"singlet"
"CID44971_TCGTACCGTGAGGCTA",0.163228629293656,"singlet"
"CID44971_TCGTACCGTGTAATGA",0.0623278789806145,"singlet"
"CID44971_TCGTAGATCTCATTCA",0.10790826408805,"singlet"
"CID44971_TCGTAGATCTGTTGAG",0.0119805621204629,"singlet"
"CID44971_TCTATTGAGCACCGTC",0.0373684716303306,"singlet"
"CID44971_TCTCATAGTCCAACTA",0.197976352798004,"singlet"
"CID44971_TCTCATATCTACCAGA",0.0455157720210986,"singlet"
"CID44971_TCTCTAACAGATCTGT",0.0562098931649184,"singlet"
"CID44971_TCTCTAACAGTAAGAT",0.0835136036228438,"singlet"
"CID44971_TCTCTAATCGTTGACA",0.0653395331239112,"singlet"
"CID44971_TCTGAGACAATGGATA",0.118174032633099,"singlet"
"CID44971_TCTGGAACAAGGTTTC",0.128003963057122,"singlet"
"CID44971_TCTGGAACATCGGAAG",0.122817860025553,"singlet"
"CID44971_TCTGGAATCACCTCGT",0.0191693074701127,"singlet"
"CID44971_TCTGGAATCAGCAACT",0.090845555869405,"singlet"
"CID44971_TCTTCGGAGCATCATC",0.0811345217864848,"singlet"
"CID44971_TCTTTCCAGACGCTTT",0.0366837867178621,"singlet"
"CID44971_TCTTTCCAGAGGTTGC",0.0639908446940944,"singlet"
"CID44971_TCTTTCCAGGCTCTTA",0.0471554596880565,"singlet"
"CID44971_TGAAAGACACGGCTAC",0.0834726059775118,"singlet"
"CID44971_TGAAAGAGTGGTCCGT",0.053460685269902,"singlet"
"CID44971_TGACAACAGAGCTGGT",0.0917849497380877,"singlet"
"CID44971_TGACAACGTGCAGTAG",0.08226589989555,"singlet"
"CID44971_TGACGGCGTAGCGTAG",0.226636643355842,"singlet"
"CID44971_TGACTAGTCACCCTCA",0.0881661214395297,"singlet"
"CID44971_TGACTAGTCAGTTCGA",0.0610378958746554,"singlet"
"CID44971_TGACTAGTCGTTGCCT",0.0427800446929597,"singlet"
"CID44971_TGACTTTTCAGCTTAG",0.0650108584222555,"singlet"
"CID44971_TGACTTTTCTGTTGAG",0.0448294332811867,"singlet"
"CID44971_TGAGAGGGTAAGAGGA",0.122720149290325,"singlet"
"CID44971_TGAGAGGTCAACACTG",0.0497587547956173,"singlet"
"CID44971_TGAGCATAGCTGAACG",0.0595108113034876,"singlet"
"CID44971_TGAGCATCAAGCCGTC",0.0757437914960278,"singlet"
"CID44971_TGAGCATCATCTACGA",0.143704469815368,"singlet"
"CID44971_TGCACCTGTGAAGGCT",0.0907668905971918,"singlet"
"CID44971_TGCACCTTCCTGCTTG",0.0749861065878142,"singlet"
"CID44971_TGCCAAAGTAAGAGGA",0.162660977247219,"singlet"
"CID44971_TGCCAAAGTCCAACTA",0.295812415266877,"singlet"
"CID44971_TGCCAAAGTTCCTCCA",0.0818064193155304,"singlet"
"CID44971_TGCCCATCACCAGGTC",0.115344666366894,"singlet"
"CID44971_TGCCCATGTCGCCATG",0.232260739553682,"singlet"
"CID44971_TGCGCAGCATCGATGT",0.0517739145881765,"singlet"
"CID44971_TGCGCAGTCCATGAAC",0.0705330997067215,"singlet"
"CID44971_TGCGGGTAGCGTTTAC",0.0468412566855716,"singlet"
"CID44971_TGCGGGTCAGTAACGG",0.0912042682516606,"singlet"
"CID44971_TGCTACCTCAGGCGAA",0.0982474903531063,"singlet"
"CID44971_TGCTGCTAGATGCCAG",0.299354247081182,"singlet"
"CID44971_TGCTGCTTCCAGTAGT",0.123226795253252,"singlet"
"CID44971_TGGACGCCACTGAAGG",0.0679901729064511,"singlet"
"CID44971_TGGCCAGAGAGCTGCA",0.0919324856810913,"singlet"
"CID44971_TGGCGCAAGTTAAGTG",0.122434945032473,"singlet"
"CID44971_TGGCTGGAGCCACTAT",0.111034947008087,"singlet"
"CID44971_TGGGAAGAGAGAACAG",0.0823185947051162,"singlet"
"CID44971_TGGGAAGCACGCGAAA",0.0970206929808337,"singlet"
"CID44971_TGGTTAGCAAAGGTGC",0.0316881408031029,"singlet"
"CID44971_TGGTTCCCACCAGGCT",0.0449622301269912,"singlet"
"CID44971_TGGTTCCTCAAACCAC",0.0582469150802676,"singlet"
"CID44971_TGTATTCAGGATATAC",0.0441608941979319,"singlet"
"CID44971_TGTCCCATCCGAACGC",0.426230458024484,"doublet"
"CID44971_TGTGGTAGTTGTCTTT",0.052918638819614,"singlet"
"CID44971_TGTGGTATCTCGTATT",0.0816973323144734,"singlet"
"CID44971_TGTGGTATCTGCTGCT",0.0561138812598305,"singlet"
"CID44971_TGTTCCGCAATCGGTT",0.0377870345237449,"singlet"
"CID44971_TTAACTCAGAAGATTC",0.25893167707682,"singlet"
"CID44971_TTAACTCCATGGGACA",0.0827076054707283,"singlet"
"CID44971_TTAACTCGTGCTGTAT",0.0327576771521303,"singlet"
"CID44971_TTAGGACAGATACACA",0.142230132192213,"singlet"
"CID44971_TTAGGACCACGACGAA",0.0928438443831424,"singlet"
"CID44971_TTAGGCATCACTCCTG",0.0729553740766373,"singlet"
"CID44971_TTAGGCATCCGATATG",0.0300240323532208,"singlet"
"CID44971_TTAGTTCCACTAGTAC",0.0779795479829608,"singlet"
"CID44971_TTAGTTCCAGTCAGAG",0.0682544172601554,"singlet"
"CID44971_TTAGTTCCATGGGACA",0.055025088965226,"singlet"
"CID44971_TTCCCAGAGACTCGGA",0.0901116376998763,"singlet"
"CID44971_TTCGGTCTCATGTCTT",0.0802318228373066,"singlet"
"CID44971_TTCGGTCTCTCTGTCG",0.102419231953276,"singlet"
"CID44971_TTCTACAGTCGCTTCT",0.0804573478267994,"singlet"
"CID44971_TTCTCCTCACAAGCCC",0.0659035274740761,"singlet"
"CID44971_TTCTTAGAGACTAGAT",0.0614753655513773,"singlet"
"CID44971_TTCTTAGCAGTCCTTC",0.0539497515407387,"singlet"
"CID44971_TTCTTAGGTACTTAGC",0.0400952583369327,"singlet"
"CID44971_TTGAACGAGAGGGATA",0.064062610499539,"singlet"
"CID44971_TTGACTTGTTACCGAT",0.0954821831256522,"singlet"
"CID44971_TTGCCGTGTATAATGG",0.0516346066923445,"singlet"
"CID44971_TTGGAACTCTGGCGTG",0.0577065425180981,"singlet"
"CID44971_TTGGCAACATAGGATA",0.0913234274255269,"singlet"
"CID44971_TTGGCAAGTATTCTCT",0.0361428893354889,"singlet"
"CID44971_TTGTAGGAGGCACATG",0.0429663606056867,"singlet"
"CID44971_TTGTAGGCACCGAAAG",0.0224989816951382,"singlet"
"CID44971_TTGTAGGCATTGGGCC",0.0553098872555895,"singlet"
"CID44971_TTTACTGTCAGGATCT",0.0445726263117887,"singlet"
"CID44971_TTTGCGCAGCTGAACG",0.0515825693682699,"singlet"
"CID44971_TTTGCGCGTGGGTCAA",0.314389095116259,"singlet"
"CID44971_TTTGTCACACGTCTCT",0.131796029368997,"singlet"
"CID44971_TTTGTCATCACCAGGC",0.0564053405723543,"singlet"
"CID44971_AACTCTTGTAAGAGAG",0.105101152698656,"singlet"
"CID44971_ACCCACTGTCAGCTAT",0.044824142125467,"singlet"
"CID44971_ACGGAGATCGAGGTAG",0.0743495677103164,"singlet"
"CID44971_ACTGTCCGTAAATGTG",0.118564174484555,"singlet"
"CID44971_ATAAGAGGTTAAGACA",0.477728450054663,"doublet"
"CID44971_CAACTAGGTACGCACC",0.224075776689181,"singlet"
"CID44971_CGGACGTAGCTAGTTC",0.0922348944856183,"singlet"
"CID44971_CGTAGGCGTTAAGTAG",0.050756203920624,"singlet"
"CID44971_CTAACTTGTAAATGTG",0.0677531316113784,"singlet"
"CID44971_CTGTTTATCAGCATGT",0.156775054085522,"singlet"
"CID44971_CTTAACTAGTTTAGGA",0.173406127219346,"singlet"
"CID44971_GAGCAGAAGACTGTAA",0.133188444987797,"singlet"
"CID44971_GATCTAGCACTTAAGC",0.133100513643261,"singlet"
"CID44971_GCCAAATCACGAAATA",0.285828998392244,"singlet"
"CID44971_GTAGTCAGTTCGTGAT",0.172855933384709,"singlet"
"CID44971_GTTACAGGTACCGTTA",0.28380094823271,"singlet"
"CID44971_TACCTATAGAGTAATC",0.0717878256600634,"singlet"
"CID44971_TAGAGCTGTTAAGATG",0.0733865520104219,"singlet"
"CID44971_ATCATGGGTCTGCGGT",0.230747014400752,"singlet"
"CID44971_CGTAGCGCACCGATAT",0.130417030519974,"singlet"
"CID44971_TAGCCGGCAGTGGAGT",0.306849054883349,"singlet"
"CID44971_GACTGCGAGTGACATA",0.101575289382526,"singlet"
"CID44971_CCTCTGATCGAGAACG",0.413704190598572,"doublet"
"CID44971_CGGTTAAAGGCATGTG",0.0989923066764602,"singlet"
"CID44971_TTCTACAGTCACACGC",0.449782409319921,"doublet"
"CID44971_AAACCTGAGCATCATC",0.0645623949925591,"singlet"
"CID44971_AACCATGCACAGACTT",0.499242248780212,"doublet"
"CID44971_AACCGCGGTTTGCATG",0.144767173777118,"singlet"
"CID44971_AACGTTGGTTCCGGCA",0.203038608399772,"singlet"
"CID44971_AACTCAGGTGCCTGCA",0.263279706543568,"singlet"
"CID44971_AAGCCGCGTCAAAGCG",0.112833912665075,"singlet"
"CID44971_AAGGAGCGTCTTGCGG",0.0760926788211754,"singlet"
"CID44971_AAGGTTCTCAAAGACA",0.154897256252147,"singlet"
"CID44971_AAGTCTGAGGCGCTCT",0.176586341855651,"singlet"
"CID44971_AATCCAGGTAAGGGCT",0.106299282171449,"singlet"
"CID44971_AATCGGTTCCTTAATC",0.220843238523558,"singlet"
"CID44971_ACACCAAGTAAATGAC",0.193306830820932,"singlet"
"CID44971_ACACCCTAGTATCGAA",0.0765799910925558,"singlet"
"CID44971_ACATGGTAGAGTACCG",0.0275585500081069,"singlet"
"CID44971_ACGAGCCAGACAAAGG",0.100928411346051,"singlet"
"CID44971_ACGAGGACACACAGAG",0.29424778109938,"singlet"
"CID44971_ACGGAGACACGAAAGC",0.238700957835596,"singlet"
"CID44971_ACGTCAACAAGTTAAG",0.0926226740310398,"singlet"
"CID44971_ACTGAACCAATTGCTG",0.074877287293158,"singlet"
"CID44971_ACTGATGGTCCTAGCG",0.11886286897554,"singlet"
"CID44971_ACTGTCCAGTACACCT",0.226549293376092,"singlet"
"CID44971_ACTTTCAGTCCAACTA",0.10000478574193,"singlet"
"CID44971_ACTTTCAGTCGAAAGC",0.087533672138515,"singlet"
"CID44971_AGAATAGGTTCCACAA",0.152900833207138,"singlet"
"CID44971_AGAGCTTGTAGCTAAA",0.0859020278753024,"singlet"
"CID44971_AGCATACTCACATACG",0.0500257566067309,"singlet"
"CID44971_AGCCTAACAATAGCAA",0.11063632730183,"singlet"
"CID44971_AGCTTGAAGGATTCGG",0.152707889351338,"singlet"
"CID44971_ATAACGCTCGAACTGT",0.133223017428778,"singlet"
"CID44971_ATTCTACGTATTCTCT",0.320722042581975,"singlet"
"CID44971_ATTGGACGTGTGACGA",0.256527927722251,"singlet"
"CID44971_CAACCTCGTTCAGACT",0.162006962846602,"singlet"
"CID44971_CACAAACCACGAAACG",0.172276942372289,"singlet"
"CID44971_CACAAACCAGTATCTG",0.109563786065796,"singlet"
"CID44971_CACAAACTCTCTTGAT",0.0491408660137544,"singlet"
"CID44971_CACAGTACACTGTGTA",0.100876125708741,"singlet"
"CID44971_CACATTTCACTCAGGC",0.113552160473698,"singlet"
"CID44971_CAGAATCAGCTGTTCA",0.0580923367501774,"singlet"
"CID44971_CAGAATCTCTCCAGGG",0.0926256306955931,"singlet"
"CID44971_CAGCGACGTTAAGACA",0.0922971987494388,"singlet"
"CID44971_CAGTAACGTTGGTTTG",0.142331688277658,"singlet"
"CID44971_CAGTCCTAGGTGTTAA",0.15384652910724,"singlet"
"CID44971_CATATGGGTTAGTGGG",0.113718237281535,"singlet"
"CID44971_CATCCACTCTAACGGT",0.052830791989674,"singlet"
"CID44971_CCAGCGAAGTCATCCA",0.0416790432972174,"singlet"
"CID44971_CCCTCCTAGCAGGTCA",0.0795789228808643,"singlet"
"CID44971_CCGGGATGTACGAAAT",0.184483000932627,"singlet"
"CID44971_CCGTTCAGTATATGGA",0.0553128893723042,"singlet"
"CID44971_CCTACCATCTTCATGT",0.146742117292629,"singlet"
"CID44971_CCTATTAAGCCCGAAA",0.187403408678315,"singlet"
"CID44971_CCTCTGAAGCTACCTA",0.0962113040600273,"singlet"
"CID44971_CGAACATCAACTGGCC",0.0776415403734332,"singlet"
"CID44971_CGAATGTTCGATGAGG",0.0432589621826947,"singlet"
"CID44971_CGAGAAGAGCTGTTCA",0.0274249543058643,"singlet"
"CID44971_CGAGCACCAAAGGAAG",0.0968838712196917,"singlet"
"CID44971_CGAGCCAGTCGCATAT",0.0392146303540404,"singlet"
"CID44971_CGATTGAGTCTAGCCG",0.252653190130489,"singlet"
"CID44971_CGCTATCAGGACATTA",0.156372436769313,"singlet"
"CID44971_CGCTATCCATCCAACA",0.187184977283458,"singlet"
"CID44971_CGCTTCAGTCCTCCAT",0.0403866389839739,"singlet"
"CID44971_CGGACACGTGCACTTA",0.0403739962925528,"singlet"
"CID44971_CGGACGTTCGTGACAT",0.0720961531389116,"singlet"
"CID44971_CGGACTGTCAAGCCTA",0.158395734765021,"singlet"
"CID44971_CGGGTCAGTCAAAGAT",0.0823380403339537,"singlet"
"CID44971_CGTCACTGTCAGCTAT",0.289396624638223,"singlet"
"CID44971_CGTCCATAGAAACCTA",0.164932879983563,"singlet"
"CID44971_CGTCTACAGTGACTCT",0.095547412628691,"singlet"
"CID44971_CGTCTACGTTACCGAT",0.0873068598036958,"singlet"
"CID44971_CGTGTAACAACAACCT",0.0979131999417909,"singlet"
"CID44971_CGTTAGAAGCACACAG",0.0876473078978885,"singlet"
"CID44971_CGTTAGACACCGCTAG",0.386751666747833,"doublet"
"CID44971_CTAAGACAGATCACGG",0.0802674801819575,"singlet"
"CID44971_CTAATGGAGGCACATG",0.107462764508846,"singlet"
"CID44971_CTAGTGATCTGGGCCA",0.275775046962284,"singlet"
"CID44971_CTCAGAATCTTACCTA",0.323314326146284,"singlet"
"CID44971_CTCGAAATCTCGGACG",0.105310729104153,"singlet"
"CID44971_CTCTACGAGAAACCTA",0.0520193234796877,"singlet"
"CID44971_CTGAAGTAGTTCGCGC",0.0478174830473239,"singlet"
"CID44971_CTGATAGAGGACCACA",0.0765757765326558,"singlet"
"CID44971_CTGCTGTCAATCCAAC",0.0626929440716499,"singlet"
"CID44971_CTGGTCTAGTACGCGA",0.0482267274124169,"singlet"
"CID44971_CTGGTCTGTCCTCCAT",0.156858915078023,"singlet"
"CID44971_CTGTGCTTCAACACCA",0.0612522046642205,"singlet"
"CID44971_CTTCTCTCAGCAGTTT",0.0255129043099631,"singlet"
"CID44971_CTTGGCTTCAAAGTAG",0.0576524442330324,"singlet"
"CID44971_GAACATCGTAGCTAAA",0.0234434277832115,"singlet"
"CID44971_GAACGGACAATGGTCT",0.0110080617174218,"singlet"
"CID44971_GAACGGACACGCTTTC",0.140359162691269,"singlet"
"CID44971_GAACGGACATACAGCT",0.0967714711854398,"singlet"
"CID44971_GACAGAGGTCGCCATG",0.155103348923864,"singlet"
"CID44971_GACGGCTCAAGGACTG",0.122525416618917,"singlet"
"CID44971_GACGTGCAGCTAGGCA",0.132909084901061,"singlet"
"CID44971_GAGGTGATCAGTTTGG",0.162107281195245,"singlet"
"CID44971_GATCTAGTCATGCAAC",0.0588510962255673,"singlet"
"CID44971_GATTCAGAGCTAGGCA",0.140157001155178,"singlet"
"CID44971_GCACTCTAGGAGTACC",0.0134245538409712,"singlet"
"CID44971_GCAGCCAAGGATGTAT",0.347332551002752,"doublet"
"CID44971_GCATACATCAGTCCCT",0.124189893771329,"singlet"
"CID44971_GCCTCTAAGACTGGGT",0.128145617795218,"singlet"
"CID44971_GCCTCTACAATGCCAT",0.0809495854640812,"singlet"
"CID44971_GCGCCAACAGGTCGTC",0.194582109482037,"singlet"
"CID44971_GCTGCAGAGATCTGCT",0.108517123029884,"singlet"
"CID44971_GCTTGAAAGATCGGGT",0.0436614542891605,"singlet"
"CID44971_GCTTGAAGTACAGTGG",0.0872339252682899,"singlet"
"CID44971_GGAATAAAGTAACCCT",0.0832469182500069,"singlet"
"CID44971_GGAATAAGTCAAACTC",0.0225137712921338,"singlet"
"CID44971_GGACAGAAGAAGGGTA",0.0660905164981193,"singlet"
"CID44971_GGACGTCGTTTGACTG",0.391886301027267,"doublet"
"CID44971_GGATGTTGTTTGCATG",0.057238804064807,"singlet"
"CID44971_GGCCGATAGCAGCGTA",0.116233961435287,"singlet"
"CID44971_GGCCGATTCAGTACGT",0.122835333657223,"singlet"
"CID44971_GGCTCGAGTCCGAGTC",0.138595644310088,"singlet"
"CID44971_GGGAATGTCAAAGACA",0.370895942557993,"doublet"
"CID44971_GGGCATCGTCTAGGTT",0.216973502828449,"singlet"
"CID44971_GTAACTGTCAGTGCAT",0.0766060727666802,"singlet"
"CID44971_GTCACGGTCAAAGACA",0.145928615967605,"singlet"
"CID44971_GTCGGGTGTGTGACGA",0.0358810350314512,"singlet"
"CID44971_GTGAAGGTCATACGGT",0.101038845080211,"singlet"
"CID44971_GTGAAGGTCTGAGGGA",0.096969757550619,"singlet"
"CID44971_GTGCATATCGGCGCAT",0.317450162820787,"singlet"
"CID44971_GTGTGCGGTGCAACTT",0.14421800326471,"singlet"
"CID44971_GTTACAGCAGGGAGAG",0.136137410369052,"singlet"
"CID44971_TAAACCGCAAGACACG",0.087072482505279,"singlet"
"CID44971_TAAGAGACATATGAGA",0.0813617743792601,"singlet"
"CID44971_TACGGATTCGAGAGCA",0.0301559809763133,"singlet"
"CID44971_TACGGGCCACAGCCCA",0.243657583040974,"singlet"
"CID44971_TACGGTATCTGACCTC",0.18367833235786,"singlet"
"CID44971_TACTTGTCAACCGCCA",0.325216992293451,"singlet"
"CID44971_TAGCCGGTCGTTACAG",0.132294814060672,"singlet"
"CID44971_TAGTGGTCATAACCTG",0.156715288009557,"singlet"
"CID44971_TATCTCATCAATACCG",0.155968421571476,"singlet"
"CID44971_TCAGCAACAAAGTGCG",0.441433223940788,"doublet"
"CID44971_TCAGGATAGGCTATCT",0.0871368545408624,"singlet"
"CID44971_TCAGGATTCTTCAACT",0.0790891206646922,"singlet"
"CID44971_TCATTTGTCTTGAGAC",0.0917507543584212,"singlet"
"CID44971_TCGAGGCAGGGTCGAT",0.295049685674938,"singlet"
"CID44971_TCGAGGCCAATGGAGC",0.0629887793875754,"singlet"
"CID44971_TCGTACCCATCGGAAG",0.0590108912632718,"singlet"
"CID44971_TCGTAGAAGTCAATAG",0.0265474493682589,"singlet"
"CID44971_TCTATTGAGGTGATAT",0.496614057416302,"doublet"
"CID44971_TCTGAGACAATCTGCA",0.226713170161026,"singlet"
"CID44971_TCTTCGGTCCGCGGTA",0.0700088058391681,"singlet"
"CID44971_TGACAACAGTTAGCGG",0.280905314056765,"singlet"
"CID44971_TGACAACCAGTATAAG",0.0262777963790044,"singlet"
"CID44971_TGACTAGGTTCAGTAC",0.132179129059566,"singlet"
"CID44971_TGAGCCGAGATAGCAT",0.137575096221635,"singlet"
"CID44971_TGAGCCGGTGTGGTTT",0.0839156832311387,"singlet"
"CID44971_TGAGGGACAATAGCGG",0.0562019089838144,"singlet"
"CID44971_TGCCCATCACAACGTT",0.056993021840314,"singlet"
"CID44971_TGCCCATTCTTGACGA",0.146893699066161,"singlet"
"CID44971_TGCGCAGTCTGTCCGT",0.104961006400702,"singlet"
"CID44971_TGCGTGGCAGGTGCCT",0.361817061956571,"doublet"
"CID44971_TGCTACCAGTACGCGA",0.14400924950171,"singlet"
"CID44971_TGCTACCCAAGGACAC",0.129159557755841,"singlet"
"CID44971_TGGCCAGGTTGCTCCT",0.0446282301948097,"singlet"
"CID44971_TGGTTCCGTTGGACCC",0.0750020969960175,"singlet"
"CID44971_TTAGGACGTAAGTAGT",0.092722583212866,"singlet"
"CID44971_TTAGGACGTTCCATGA",0.0462200877394972,"singlet"
"CID44971_TTATGCTAGTTGTAGA",0.0637543773687079,"singlet"
"CID44971_TTCCCAGAGACTGGGT",0.113944510173605,"singlet"
"CID44971_TTCGGTCCATGAGCGA",0.177689993452644,"singlet"
"CID44971_TTGAACGCACATTCGA",0.042017723914942,"singlet"
"CID44971_ACCGTAAGTATAGGGC",0.341927074266446,"doublet"
"CID44971_GATGAAAAGTTCGATC",0.174121550723346,"singlet"
"CID44971_AACTCCCCAAGCGCTC",0.0503586197066557,"singlet"
"CID44971_AACTCCCTCGAACGGA",0.200501218455748,"singlet"
"CID44971_ACCCACTGTTGCGTTA",0.0771150505190638,"singlet"
"CID44971_ACGGGTCGTACCGTTA",0.519858495755784,"doublet"
"CID44971_ACTGATGTCATAAAGG",0.0986113875174893,"singlet"
"CID44971_AGGGTGACAGGCGATA",0.0778760008560983,"singlet"
"CID44971_ATGGGAGCACCATGTA",0.0394951163676707,"singlet"
"CID44971_ATTTCTGGTGTTAAGA",0.0734961246394838,"singlet"
"CID44971_CACACCTCACAGGAGT",0.0326768722222424,"singlet"
"CID44971_CCTACCATCGTAGGTT",0.0337179460757701,"singlet"
"CID44971_CGACCTTGTCTGCCAG",0.0952935606361178,"singlet"
"CID44971_CTGTGCTCATTCACTT",0.0372011306116675,"singlet"
"CID44971_GAACATCTCAACCATG",0.0861025621873285,"singlet"
"CID44971_GAATAAGCATGGAATA",0.0637719685233425,"singlet"
"CID44971_GAATAAGGTGTGAATA",0.058515166232221,"singlet"
"CID44971_GATCGATCATAAAGGT",0.113999373470952,"singlet"
"CID44971_GATGAAATCCCAAGTA",0.0577931865067979,"singlet"
"CID44971_GCAGTTACATGCAATC",0.0746175791246196,"singlet"
"CID44971_GCATGTAAGTAAGTAC",0.417689996055591,"doublet"
"CID44971_GCGACCACATTACCTT",0.111695118297361,"singlet"
"CID44971_GGTGAAGAGATAGCAT",0.0225413438739243,"singlet"
"CID44971_GTACTCCTCTCGCTTG",0.0457388341334905,"singlet"
"CID44971_GTCACGGCATATGAGA",0.194908778803093,"singlet"
"CID44971_GTGCAGCTCGCTTGTC",0.0605000328795428,"singlet"
"CID44971_TACTCGCCACGACTCG",0.0475690864145489,"singlet"
"CID44971_TCGGTAACAAACAACA",0.0947373240862498,"singlet"
"CID44971_TCGTAGATCGCATGGC",0.157520573139427,"singlet"
"CID44971_TGGTTAGAGCACGCCT",0.243833400332616,"singlet"
"CID44971_TTAACTCAGCCGCCTA",0.0198261761469428,"singlet"
"CID44971_TTAGGCAAGTGAACGC",0.158948538566014,"singlet"
"CID44971_TTCTACATCATGTCTT",0.023082888728112,"singlet"
"CID44971_TTGGCAATCTGCCCTA",0.0812890756535479,"singlet"
"CID44971_ACGATACGTAATAGCA",0.125441884129189,"singlet"
"CID44971_AGGGAGTGTTCCGTCT",0.105844770522782,"singlet"
"CID44971_TCTGGAACAGTAAGAT",0.100157953590998,"singlet"
"CID44971_ACGCCAGTCCCTTGCA",0.117164607358205,"singlet"
"CID44971_ATAACGCCATACTCTT",0.094166644434513,"singlet"
"CID44971_CAGCATACATTCTTAC",0.315433728686273,"singlet"
"CID44971_CGATCGGAGAGTCGGT",0.228364329173124,"singlet"
"CID44971_CTGAAGTTCAACACGT",0.18386247060788,"singlet"
"CID44971_GCCAAATAGGCTATCT",0.133851554989324,"singlet"
"CID44971_GTTCATTAGAATGTGT",0.119032353608491,"singlet"
"CID44971_TACTCGCTCGACAGCC",0.226741646937567,"singlet"
"CID44971_TCAGCAAAGCCTCGTG",0.177342500875111,"singlet"
"CID44971_TGGGAAGGTCACTGGC",0.0658758039595171,"singlet"
"CID44971_TTGGAACAGTGTCCCG",0.155906906924727,"singlet"
"CID44971_ACTTACTAGCTGAAAT",0.387622204414861,"doublet"
"CID44971_ATCCACCGTTTGACAC",0.106300367442885,"singlet"
"CID44971_TGACTTTAGGTCATCT",0.101865398289969,"singlet"
"CID44971_ACCCACTCATCACAAC",0.461629982901059,"doublet"
"CID44971_CCGTGGAGTGTTTGGT",0.147326006395148,"singlet"
"CID44971_TGGCTGGAGCTGCAAG",0.0634485259605699,"singlet"
"CID44971_AAGACCTAGCTGGAAC",0.0878667950668001,"singlet"
"CID44971_ACACTGATCATTGCCC",0.0852596171784817,"singlet"
"CID44971_ACGGGCTAGGGTCGAT",0.2194592456536,"singlet"
"CID44971_AGCAGCCAGAGCCTAG",0.244838109672906,"singlet"
"CID44971_AGCGTATTCAGCTTAG",0.0942146846078317,"singlet"
"CID44971_ATAAGAGAGCTAGGCA",0.13045941706493,"singlet"
"CID44971_ATCATCTGTTACGTCA",0.493804276969645,"doublet"
"CID44971_ATGGGAGTCAGATAAG",0.150714813493595,"singlet"
"CID44971_ATGGGAGTCCCTCTTT",0.117839673018506,"singlet"
"CID44971_CAACCAAAGACCACGA",0.306441668461133,"singlet"
"CID44971_CAGCATAAGCTTCGCG",0.223796285375107,"singlet"
"CID44971_CAGCATACACACGCTG",0.172765448252671,"singlet"
"CID44971_CAGCTAAAGGAATCGC",0.0920159852748488,"singlet"
"CID44971_CATATGGCAGAGTGTG",0.0856898424791622,"singlet"
"CID44971_CATATGGTCGTTGACA",0.227601696997582,"singlet"
"CID44971_CCCAATCTCTGGAGCC",0.192853390750548,"singlet"
"CID44971_CGATTGACACACGCTG",0.141701074928292,"singlet"
"CID44971_CTAACTTGTCTCGTTC",0.179971027523707,"singlet"
"CID44971_CTCGGAGGTCATGCCG",0.159214852572653,"singlet"
"CID44971_GACCTGGCAAGTTAAG",0.338008336676067,"doublet"
"CID44971_GATCGATCATGCCCGA",0.117899854829141,"singlet"
"CID44971_GCACTCTGTATATGGA",0.164815515591204,"singlet"
"CID44971_GGAAAGCAGGATGGTC",0.122599777425007,"singlet"
"CID44971_GGACAGAGTGCTCTTC",0.109544919185085,"singlet"
"CID44971_GTACTCCTCCGCGGTA",0.200576117412876,"singlet"
"CID44971_GTCACAACAGATCTGT",0.161567921899149,"singlet"
"CID44971_TACAGTGAGCCATCGC",0.228418457295018,"singlet"
"CID44971_TATGCCCTCACTTACT",0.15288845069908,"singlet"
"CID44971_TCAATCTAGGTGCACA",0.0586818627541685,"singlet"
"CID44971_TCGCGAGGTTCACGGC",0.156564975162532,"singlet"
"CID44971_TCTTTCCGTCCGAACC",0.128025194511827,"singlet"
"CID44971_TGACGGCAGAAACCAT",0.0902405258880879,"singlet"
"CID44971_TGCGGGTAGATGGCGT",0.0325941896070416,"singlet"
"CID44971_TGGCCAGGTTCGTGAT",0.199621927811754,"singlet"
"CID44971_TTTGGTTAGACACTAA",0.248399418450753,"singlet"
"CID44971_CGACCTTTCGGCGCAT",0.0505565067100779,"singlet"
"CID44971_GTGCTTCGTGCAGTAG",0.0522478091879237,"singlet"
"CID44971_ACACCAACACAGACTT",0.279643341423802,"singlet"
"CID44971_GTAGTCAAGACATAAC",0.19463022641905,"singlet"
"CID44971_GTCCTCAGTACCGCTG",0.156594865030655,"singlet"
"CID44971_TTCTCAATCACCATAG",0.258114513161421,"singlet"
"CID44971_AGGCCACTCAGTGCAT",0.109411648385609,"singlet"
"CID44971_CACAGTAAGACTCGGA",0.0669058215611776,"singlet"
"CID44971_TATCTCAGTGGTGTAG",0.0543512968439765,"singlet"
"CID44971_TTTACTGCACGAAATA",0.192993557567582,"singlet"
"CID44971_ATTGGTGAGGAATCGC",0.493079643652224,"doublet"
"CID44971_CCGGTAGCAACAACCT",0.0515322493078824,"singlet"
"CID44971_ATGAGGGGTAGCACGA",0.119186857668658,"singlet"
"CID44971_CATCCACCAGACACTT",0.172709628020943,"singlet"
"CID44971_CTGTGCTTCAGGATCT",0.161618782552036,"singlet"
"CID44971_GTGCGGTTCGGTGTTA",0.108942201097154,"singlet"
"CID44971_ACATGGTGTGCAACTT",0.0637555775458501,"singlet"
"CID44971_AGGCCGTTCGGTCTAA",0.0715696617570662,"singlet"
"CID44971_GAATGAAAGTGCGATG",0.0700752084569502,"singlet"
"CID44971_CTCATTAGTGTCAATC",0.147451595727319,"singlet"
"CID44971_GTGGGTCCATTACGAC",0.185328807454805,"singlet"
"CID44971_TCAGGATAGATTACCC",0.385905534436884,"doublet"
"CID44971_CTGATAGCAAAGCGGT",0.442509972194441,"doublet"
"CID44971_TCAATCTGTGTTAAGA",0.15397820803284,"singlet"
"CID44971_TCGTACCAGACTCGGA",0.0707503699183858,"singlet"
"CID44971_CGTAGCGGTCCGAACC",0.191223437173609,"singlet"
"CID44971_TACAGTGCATGCAATC",0.309534054054591,"singlet"
"CID44971_GCTCTGTTCCTCAATT",0.551846766615241,"doublet"
"CID44971_CAAGATCTCCAAATGC",0.18668233434768,"singlet"
"CID44971_AGAGCTTGTCTTGTCC",0.0958146894062828,"singlet"
"CID44971_CGTAGGCAGTGGTCCC",0.0590762357614796,"singlet"
"CID44971_CAGCCGATCCGCATAA",0.228628808357675,"singlet"
"CID44971_CGCTTCATCTACCTGC",0.336819143532794,"doublet"
"CID44971_AACACGTAGAAGGTTT",0.267525079117662,"singlet"
"CID44971_AACTCAGGTCCGAGTC",0.288299469632891,"singlet"
"CID44971_AAGCCGCGTGCTCTTC",0.209722948613452,"singlet"
"CID44971_AGCAGCCAGTTAGCGG",0.184933034681089,"singlet"
"CID44971_AGTTGGTTCAGTCAGT",0.321740321683575,"singlet"
"CID44971_CAACCAAAGACTTGAA",0.220922901889334,"singlet"
"CID44971_CATCGAACATGACATC",0.0693723091557156,"singlet"
"CID44971_CATGGCGAGTCATCCA",0.322758963127398,"singlet"
"CID44971_CCTATTACAGCCTGTG",0.477997639034632,"doublet"
"CID44971_CGTTAGATCCATTCTA",0.232053064004406,"singlet"
"CID44971_GAGCAGACAGTCTTCC",0.0917652391300084,"singlet"
"CID44971_TCTTCGGGTATTCGTG",0.0994524288772677,"singlet"
"CID44971_TGAGGGACACCATCCT",0.132535585944794,"singlet"
"CID44971_TTCGAAGCAAGTACCT",0.219209625565774,"singlet"
"CID44971_CACATAGTCCGAAGAG",0.264941654215316,"singlet"
"CID44971_CCTTTCTTCATTATCC",0.258845385303987,"singlet"
"CID44971_CGGGTCATCCTATGTT",0.252345779676462,"singlet"
"CID44971_CTGCCTATCTGTCTAT",0.146078788289668,"singlet"
"CID44971_GACTGCGGTCTTGCGG",0.277997173467733,"singlet"
"CID44971_ATCATGGAGTCCCACG",0.490749054637715,"doublet"
"CID44971_ACGGAGAAGTGGGTTG",0.206854173679786,"singlet"
"CID44971_AGAGTGGGTGATGATA",0.140351886478269,"singlet"
"CID44971_CGAGCACGTAAGTAGT",0.145147520521249,"singlet"
"CID44971_CGTAGCGAGCGCTTAT",0.246606036514954,"singlet"
"CID44971_CTCTAATGTCGACTAT",0.131487724178923,"singlet"
"CID44971_GTCGTAAGTCCTCCAT",0.206444960279442,"singlet"
"CID44971_TGGCGCACATACGCTA",0.132439728906525,"singlet"
"CID44971_AAAGCAACATTGGCGC",0.162784068024094,"singlet"
"CID44971_CATATTCCATGCAACT",0.211768175559792,"singlet"
"CID44971_TCGTAGACACCAGGCT",0.6744344695229,"doublet"
"CID44971_GACGGCTAGGGTCTCC",0.305108267536909,"singlet"
"CID44971_GACTACATCTATCCCG",0.356296604756941,"doublet"
"CID44971_GGACAGAAGCGACGTA",0.257579164170727,"singlet"
"CID44971_TCAGGTAAGCTCAACT",0.236839563297813,"singlet"
"CID44971_GTGCATAAGACCTTTG",0.12623544544362,"singlet"
"CID44971_GTGTTAGTCATCATTC",0.181699592269371,"singlet"
"CID44971_AAAGATGAGTGACTCT",0.203292952869376,"singlet"
"CID44971_CACCTTGAGTCATCCA",0.189197064933994,"singlet"
"CID44971_ACTTTCAAGTCTCAAC",0.222378782251277,"singlet"
"CID44971_AGCGTCGCAGCTGCAC",0.229881739415599,"singlet"
"CID44971_GGACAAGAGCGTCAAG",0.183111804275803,"singlet"
"CID44971_CTACATTAGTGTGAAT",0.265102412220787,"singlet"
"CID44971_CGATCGGTCATGTCTT",0.349450414293089,"doublet"
"CID44971_TGGGCGTCATTTCACT",0.180378434510998,"singlet"
"CID44971_TTTCCTCTCCCTCTTT",0.198579096800751,"singlet"
"CID44971_CCTTCGAAGCCTCGTG",0.174860843658172,"singlet"
"CID44971_GGGATGAAGGAATCGC",0.29530208900995,"singlet"
"CID44971_AACACGTGTTGGAGGT",0.339195743319777,"doublet"
"CID44971_GACACGCGTAAAGTCA",0.354266075495123,"doublet"
"CID44971_TGCGCAGTCACTTCAT",0.235310478575683,"singlet"
"CID44971_TCTTTCCGTTACGTCA",0.148881640771094,"singlet"
"CID44971_AACTCCCGTGCAACTT",0.0987894871187654,"singlet"
"CID44971_ACACCGGAGATGTGTA",0.135213354634775,"singlet"
"CID44971_ATCATGGCAGCGAACA",0.135716179728742,"singlet"
"CID44971_CAGAGAGCACCGAAAG",0.0585648030429879,"singlet"
"CID44971_CTGAAACGTTGCCTCT",0.0257317815102088,"singlet"
"CID44971_TCCACACAGGGCATGT",0.184408014312444,"singlet"
"CID44971_TTTGGTTTCAGTGCAT",0.0546488260133697,"singlet"
"CID44971_TAGCCGGTCTGGCGAC",0.134149598531033,"singlet"
"CID44971_AAGGAGCGTCTAGTGT",0.157181635757843,"singlet"
"CID44971_AGCTCCTCACCCATGG",0.157139223127742,"singlet"
"CID44971_CACCTTGCATCTACGA",0.0667174160347008,"singlet"
"CID44971_CGTCAGGTCACAATGC",0.0645877090698716,"singlet"
"CID44971_GGGCATCTCACATGCA",0.170050024886669,"singlet"
"CID44971_GCGCGATGTCGCTTCT",0.181842677103033,"singlet"
"CID44971_AATCCAGTCAACACAC",0.224744149931725,"singlet"
"CID44971_AATCGGTCAGGGCATA",0.129431254076136,"singlet"
"CID44971_ACCTTTAAGCTAGTTC",0.153447610846583,"singlet"
"CID44971_AGCAGCCAGCTGGAAC",0.204826092699403,"singlet"
"CID44971_CAGTAACAGCGGCTTC",0.104396861177452,"singlet"
"CID44971_CCGGGATAGCAGATCG",0.164358726910152,"singlet"
"CID44971_CCGTGGAGTGTAAGTA",0.165740245201759,"singlet"
"CID44971_CGGCTAGAGCTAGGCA",0.227567661745033,"singlet"
"CID44971_GGCAATTGTGAGTATA",0.181119685547145,"singlet"
"CID44971_TACACGAAGACGCTTT",0.0853555120127625,"singlet"
"CID44971_TCTATTGAGAAGAAGC",0.137962945633283,"singlet"
"CID44971_AGCGTATCATTCCTCG",0.16100239071233,"singlet"
"CID44971_CACACTCAGAGGGATA",0.249671742777339,"singlet"
"CID44971_CCACTACTCTCCCTGA",0.117198780017553,"singlet"
"CID44971_CGCTATCCAGGCGATA",0.124540964590456,"singlet"
"CID44971_CGGACGTCATGCAACT",0.196353086776484,"singlet"
"CID44971_CGTCACTTCTCTTGAT",0.110251366889036,"singlet"
"CID44971_GACTGCGTCAGCGATT",0.0568726682859267,"singlet"
"CID44971_GCACATAAGACCGGAT",0.115831026170566,"singlet"
"CID44971_GTGCTTCAGGGCTCTC",0.147668454203364,"singlet"
"CID44971_AAACGGGGTTACTGAC",0.0383261428837164,"singlet"
"CID44971_GAGGTGAGTTACGCGC",0.0729998486026711,"singlet"
"CID44971_GCGCCAATCGGAAATA",0.161761001961528,"singlet"
"CID44971_GCACATATCTCGGACG",0.156160790554639,"singlet"
"CID44971_ATTGGACGTACATGTC",0.126547807585106,"singlet"
"CID44971_ATTGGTGCAACAACCT",0.093974612833448,"singlet"
"CID44971_CACAGTAAGCGATATA",0.27857335674081,"singlet"
"CID44971_AAACCTGGTGGTACAG",0.124333738884415,"singlet"
"CID44971_AAACGGGTCCAGTATG",0.155203817596108,"singlet"
"CID44971_AAACGGGTCCCTAATT",0.0273634409349665,"singlet"
"CID44971_AAAGATGAGATGGGTC",0.113343530119106,"singlet"
"CID44971_AAAGATGGTAGCTAAA",0.0697834012287319,"singlet"
"CID44971_AAATGCCAGGCCATAG",0.0764202530469254,"singlet"
"CID44971_AACCATGAGCCTCGTG",0.0716453458423277,"singlet"
"CID44971_AACCGCGAGTTGAGAT",0.115054734439763,"singlet"
"CID44971_AACGTTGGTCGGCATC",0.135556704316185,"singlet"
"CID44971_AACTCAGTCGCGCCAA",0.183434238608255,"singlet"
"CID44971_AACTCCCCAAATTGCC",0.317965973095624,"singlet"
"CID44971_AACTCTTAGTGGGTTG",0.141214864968765,"singlet"
"CID44971_AACTGGTAGTCAATAG",0.249471877344927,"singlet"
"CID44971_AACTGGTCAAGAAGAG",0.150811105464795,"singlet"
"CID44971_AACTGGTCAAGGACTG",0.0497948411000015,"singlet"
"CID44971_AACTTTCTCCGTACAA",0.238458653278418,"singlet"
"CID44971_AACTTTCTCTTCAACT",0.132614508592506,"singlet"
"CID44971_AAGACCTCACAGACTT",0.068563920857047,"singlet"
"CID44971_AAGCCGCAGTACTTGC",0.18050793100475,"singlet"
"CID44971_AAGCCGCGTCTTCAAG",0.136262475768904,"singlet"
"CID44971_AAGCCGCTCGAGGTAG",0.173565392116597,"singlet"
"CID44971_AAGGAGCGTTATGCGT",0.193770341307772,"singlet"
"CID44971_AAGGCAGGTAAGGGCT",0.115338636094096,"singlet"
"CID44971_AAGGTTCCACATGACT",0.0681552949722198,"singlet"
"CID44971_AAGGTTCCACGTCTCT",0.0409299899494941,"singlet"
"CID44971_AAGGTTCGTAGAGGAA",0.0485246556298639,"singlet"
"CID44971_AAGTCTGGTTAAGTAG",0.0589718177693075,"singlet"
"CID44971_AATCCAGAGACGCTTT",0.13179288989051,"singlet"
"CID44971_AATCCAGTCATGCATG",0.14189489348968,"singlet"
"CID44971_AATCGGTAGGATGGTC",0.0773574503208706,"singlet"
"CID44971_AATCGGTTCATCGATG",0.0223126313353308,"singlet"
"CID44971_ACACCCTCACGGTAAG",0.201901555547782,"singlet"
"CID44971_ACACCGGGTACCATCA",0.0740793274252382,"singlet"
"CID44971_ACACCGGGTCTGATCA",0.0758523953166587,"singlet"
"CID44971_ACACTGATCGTTACAG",0.0934798643171791,"singlet"
"CID44971_ACATACGAGACCGGAT",0.152461658891413,"singlet"
"CID44971_ACATACGTCAGGCAAG",0.118317716376497,"singlet"
"CID44971_ACATGGTCATATGCTG",0.0608257774788838,"singlet"
"CID44971_ACATGGTTCCTCAACC",0.239460186015774,"singlet"
"CID44971_ACCAGTAGTGATAAGT",0.108423984883847,"singlet"
"CID44971_ACCCACTAGCTGAAAT",0.488862157253098,"doublet"
"CID44971_ACCCACTAGTGCGATG",0.0863207410770345,"singlet"
"CID44971_ACCCACTCAGCTCGCA",0.278241546686141,"singlet"
"CID44971_ACCCACTTCATCTGCC",0.213097318916101,"singlet"
"CID44971_ACCTTTACATTATCTC",0.326001746956318,"singlet"
"CID44971_ACCTTTATCTCTAGGA",0.153966442043223,"singlet"
"CID44971_ACGAGCCAGATGCCTT",0.206475021622904,"singlet"
"CID44971_ACGAGCCAGGATTCGG",0.138240875724028,"singlet"
"CID44971_ACGAGCCAGTGGGATC",0.325794055382109,"singlet"
"CID44971_ACGAGCCCACAGACAG",0.12510127376108,"singlet"
"CID44971_ACGAGCCCAGTCAGCC",0.204726748385464,"singlet"
"CID44971_ACGAGCCGTGTCTGAT",0.12030053445325,"singlet"
"CID44971_ACGAGGACACCGGAAA",0.0763488558432817,"singlet"
"CID44971_ACGATGTCAGACACTT",0.140708206460544,"singlet"
"CID44971_ACGCCAGTCTGATTCT",0.128964547375021,"singlet"
"CID44971_ACGCCGAGTACCGGCT",0.1475194944777,"singlet"
"CID44971_ACGGAGAGTTATCACG",0.100045569305282,"singlet"
"CID44971_ACGGCCAAGGTGCACA",0.145289783023247,"singlet"
"CID44971_ACGGCCACAGGCGATA",0.139019922645982,"singlet"
"CID44971_ACGGGCTGTCAAACTC",0.169063053665461,"singlet"
"CID44971_ACGGGCTGTCTCTTAT",0.161118832907875,"singlet"
"CID44971_ACGGGTCGTAGTGAAT",0.141084638486407,"singlet"
"CID44971_ACGTCAATCTTAGAGC",0.0768712358552916,"singlet"
"CID44971_ACTGAACGTCCCGACA",0.0884544656270902,"singlet"
"CID44971_ACTGAACGTCTCCCTA",0.195524328566048,"singlet"
"CID44971_ACTGATGGTCTCATCC",0.0733206345051896,"singlet"
"CID44971_ACTGATGTCGCAAGCC",0.0550862245054852,"singlet"
"CID44971_ACTGCTCAGTACGTAA",0.0556592761212334,"singlet"
"CID44971_ACTGCTCGTATAGGTA",0.0464271970698906,"singlet"
"CID44971_ACTGCTCTCCTGCTTG",0.138214211306511,"singlet"
"CID44971_ACTTACTAGCCTATGT",0.154202329322056,"singlet"
"CID44971_ACTTACTGTGCCTGGT",0.128158010159183,"singlet"
"CID44971_ACTTGTTAGGCCGAAT",0.0430566335936153,"singlet"
"CID44971_ACTTGTTCAAGACGTG",0.266883635763567,"singlet"
"CID44971_ACTTGTTGTATTAGCC",0.181395789643689,"singlet"
"CID44971_ACTTGTTTCCAATGGT",0.151380624579643,"singlet"
"CID44971_ACTTTCATCCGTAGGC",0.218017337194686,"singlet"
"CID44971_AGACGTTAGAATTGTG",0.112210978591424,"singlet"
"CID44971_AGACGTTAGCAGGTCA",0.127736127867311,"singlet"
"CID44971_AGACGTTGTGCCTGGT",0.099305741611665,"singlet"
"CID44971_AGAGCGAAGAGTAATC",0.185196889201256,"singlet"
"CID44971_AGAGCGACATCATCCC",0.224149600019505,"singlet"
"CID44971_AGAGCTTAGGGCTTCC",0.0335952765581681,"singlet"
"CID44971_AGAGCTTGTTCGGGCT",0.666380338182831,"doublet"
"CID44971_AGAGTGGAGTACACCT",0.0904506216023217,"singlet"
"CID44971_AGAGTGGTCATCGATG",0.196739325755634,"singlet"
"CID44971_AGATCTGGTTTGTTGG",0.073449157632469,"singlet"
"CID44971_AGCAGCCCACCATGTA",0.216721300116982,"singlet"
"CID44971_AGCATACGTCTAGCCG",0.0474920051975779,"singlet"
"CID44971_AGCCTAACAGGGTATG",0.103295646960328,"singlet"
"CID44971_AGCCTAAGTATCAGTC",0.0639150666257693,"singlet"
"CID44971_AGCCTAATCAGCTCTC",0.149836833252355,"singlet"
"CID44971_AGCCTAATCATGTGGT",0.151759505273021,"singlet"
"CID44971_AGCCTAATCTTACCGC",0.153373310114601,"singlet"
"CID44971_AGCGGTCCACATTAGC",0.0465225534293935,"singlet"
"CID44971_AGCGGTCCATGACATC",0.0989681627833772,"singlet"
"CID44971_AGCTCCTGTTATTCTC",0.199007641859079,"singlet"
"CID44971_AGCTTGACACATGTGT",0.056561498485502,"singlet"
"CID44971_AGGCCACAGTGCTGCC",0.182954979447092,"singlet"
"CID44971_AGGCCGTTCCTTTCGG",0.0894200937985917,"singlet"
"CID44971_AGGGAGTTCACAATGC",0.133859219866942,"singlet"
"CID44971_AGGGATGGTTTCGCTC",0.043044484651437,"singlet"
"CID44971_AGGGATGTCGCAAACT",0.0755458700841161,"singlet"
"CID44971_AGGGATGTCGGAATCT",0.115653759290488,"singlet"
"CID44971_AGGGTGACAATTGCTG",0.121220718879604,"singlet"
"CID44971_AGGTCATCATAAAGGT",0.187181774429281,"singlet"
"CID44971_AGTCTTTAGGACCACA",0.128477988086389,"singlet"
"CID44971_AGTGAGGTCCAAACAC",0.0549792465463765,"singlet"
"CID44971_AGTGGGAGTTTAGGAA",0.0769684496518054,"singlet"
"CID44971_AGTGTCACAGACAAGC",0.0967176377129101,"singlet"
"CID44971_AGTGTCATCCGCAGTG",0.0859424750762224,"singlet"
"CID44971_ATAACGCAGTACGTAA",0.31897751483618,"singlet"
"CID44971_ATAAGAGAGGATCGCA",0.0723289596804264,"singlet"
"CID44971_ATAAGAGCATACAGCT",0.111958758785622,"singlet"
"CID44971_ATAGACCCACCAGGTC",0.167693648825355,"singlet"
"CID44971_ATAGACCGTCACCTAA",0.0777390917476305,"singlet"
"CID44971_ATCACGAAGTACGTTC",0.223132702378292,"singlet"
"CID44971_ATCCACCAGCCCAACC",0.0566702125469355,"singlet"
"CID44971_ATCCACCTCTCTGCTG",0.41532060495313,"doublet"
"CID44971_ATCCGAATCCTCCTAG",0.221727745376614,"singlet"
"CID44971_ATCGAGTTCGGACAAG",0.120033715142522,"singlet"
"CID44971_ATCTACTTCCTTTACA",0.0523518479474036,"singlet"
"CID44971_ATCTGCCTCCCTCAGT",0.116098499259896,"singlet"
"CID44971_ATCTGCCTCTTAACCT",0.125647916566002,"singlet"
"CID44971_ATGAGGGTCAAAGACA",0.0430159920728922,"singlet"
"CID44971_ATGGGAGAGATCCCGC",0.590918924725694,"doublet"
"CID44971_ATGGGAGCATGGAATA",0.0974213483308104,"singlet"
"CID44971_ATGTGTGAGCGATTCT",0.103859710579179,"singlet"
"CID44971_ATGTGTGCATCCCATC",0.108856280460206,"singlet"
"CID44971_ATTACTCAGATGTCGG",0.0793714462537687,"singlet"
"CID44971_ATTACTCTCCTTCAAT",0.0999030727622266,"singlet"
"CID44971_ATTGGTGAGGCATTGG",0.0467898550684104,"singlet"
"CID44971_ATTTCTGAGCGCTCCA",0.159376332762001,"singlet"
"CID44971_ATTTCTGTCCGTAGGC",0.0959111905291766,"singlet"
"CID44971_CAACCAAAGCGCCTTG",0.0651082914330991,"singlet"
"CID44971_CAACCAAAGGCAAAGA",0.187047317993993,"singlet"
"CID44971_CAACCAAGTGCTCTTC",0.0895176145800677,"singlet"
"CID44971_CAACCTCAGTGTTAGA",0.0753900364249182,"singlet"
"CID44971_CAACCTCTCTCCAGGG",0.0869104678601109,"singlet"
"CID44971_CAACTAGAGAGATGAG",0.175096684849123,"singlet"
"CID44971_CAACTAGCACCCATTC",0.284923569256743,"singlet"
"CID44971_CAAGAAAAGCGTCAAG",0.0954131429195215,"singlet"
"CID44971_CAAGGCCGTTATTCTC",0.0870727796632954,"singlet"
"CID44971_CAAGGCCGTTTGGGCC",0.101366528992034,"singlet"
"CID44971_CACACAAAGTAGCCGA",0.209673710804635,"singlet"
"CID44971_CACACAAGTAATTGGA",0.068655631724089,"singlet"
"CID44971_CACACAATCTACGAGT",0.286649703777208,"singlet"
"CID44971_CACACCTAGGCCCGTT",0.158273140401838,"singlet"
"CID44971_CACACCTCAATCGGTT",0.186992771541237,"singlet"
"CID44971_CACACTCCACCGAAAG",0.166318896307895,"singlet"
"CID44971_CACACTCCAGTAACGG",0.124405349202552,"singlet"
"CID44971_CACAGTACAAACCCAT",0.089890639784943,"singlet"
"CID44971_CACATAGGTGTTAAGA",0.0741795344269562,"singlet"
"CID44971_CACATTTGTGACCAAG",0.13431917462802,"singlet"
"CID44971_CACCAGGCATTCCTGC",0.079859546458309,"singlet"
"CID44971_CACCAGGGTTATCGGT",0.0650136635186386,"singlet"
"CID44971_CACCAGGTCACTGGGC",0.214503823377922,"singlet"
"CID44971_CACCTTGAGAGCTGCA",0.16843984443568,"singlet"
"CID44971_CACTCCATCTCAACTT",0.109665804922369,"singlet"
"CID44971_CAGAATCCATGAGCGA",0.143541838542482,"singlet"
"CID44971_CAGAGAGAGAGCCCAA",0.294473903012978,"singlet"
"CID44971_CAGCAGCCAGTCCTTC",0.568740646972634,"doublet"
"CID44971_CAGCAGCGTCCAAGTT",0.144251861067274,"singlet"
"CID44971_CAGCATAGTCATCGGC",0.0749596724120288,"singlet"
"CID44971_CAGCCGACACCCATGG",0.281136813021258,"singlet"
"CID44971_CAGCCGACAGCTCCGA",0.161477224100461,"singlet"
"CID44971_CAGCCGAGTCCGAATT",0.134521801034872,"singlet"
"CID44971_CAGCTAAGTCACCCAG",0.0941429166558686,"singlet"
"CID44971_CAGCTGGTCGGACAAG",0.135341316522682,"singlet"
"CID44971_CAGGTGCAGGCACATG",0.087570157942568,"singlet"
"CID44971_CAGGTGCTCCTAGGGC",0.0536654454266438,"singlet"
"CID44971_CAGTAACAGTTAAGTG",0.0824160498079341,"singlet"
"CID44971_CAGTCCTAGGCCATAG",0.22119302429006,"singlet"
"CID44971_CATATGGCAGACAGGT",0.10206064180026,"singlet"
"CID44971_CATATTCCAAGTTCTG",0.0571875377697774,"singlet"
"CID44971_CATATTCTCATCACCC",0.0764217791030712,"singlet"
"CID44971_CATCAAGAGTGAACAT",0.481870859945833,"doublet"
"CID44971_CATCAAGAGTTCGCGC",0.0563550887718004,"singlet"
"CID44971_CATCAAGGTCTTCGTC",0.155596906992383,"singlet"
"CID44971_CATCAGACAAGGTTCT",0.27644189038329,"singlet"
"CID44971_CATCAGAGTCCGCTGA",0.171247702369796,"singlet"
"CID44971_CATCAGATCGCAGGCT",0.0948847434944645,"singlet"
"CID44971_CATCGAAAGAAGGTGA",0.15058937880815,"singlet"
"CID44971_CATCGAACATTCGACA",0.105441539279277,"singlet"
"CID44971_CATGACAAGCCATCGC",0.14494658170549,"singlet"
"CID44971_CATGACATCAAGCCTA",0.039429851837357,"singlet"
"CID44971_CATGCCTTCCTCCTAG",0.139154992094672,"singlet"
"CID44971_CATGGCGGTGTGCGTC",0.11762594707472,"singlet"
"CID44971_CATTATCGTGCACCAC",0.127389143387297,"singlet"
"CID44971_CATTCGCTCTACTTAC",0.0424706174136697,"singlet"
"CID44971_CCACCTATCAGAGCTT",0.164352677247365,"singlet"
"CID44971_CCACTACCAGCTCGAC",0.0887354628734914,"singlet"
"CID44971_CCACTACTCTATCCCG",0.0926810940536592,"singlet"
"CID44971_CCAGCGACAATGGAAT",0.069328841777973,"singlet"
"CID44971_CCATGTCCACCGAATT",0.0526240080099252,"singlet"
"CID44971_CCATTCGGTAGCTAAA",0.125130306655418,"singlet"
"CID44971_CCCAGTTTCCGTAGGC",0.0781297216075951,"singlet"
"CID44971_CCCTCCTCATGCAACT",0.0605291538645464,"singlet"
"CID44971_CCGGTAGAGAAGCCCA",0.193215171611579,"singlet"
"CID44971_CCGGTAGCATACTACG",0.176869708813993,"singlet"
"CID44971_CCGTACTAGTTCCACA",0.0801804340925164,"singlet"
"CID44971_CCGTACTCACAGGAGT",0.260474198198008,"singlet"
"CID44971_CCGTACTGTCTAACGT",0.124310132934594,"singlet"
"CID44971_CCGTGGATCCGAATGT",0.0908883425547534,"singlet"
"CID44971_CCGTTCAAGAGTAATC",0.151969124095182,"singlet"
"CID44971_CCGTTCAGTCCCTACT",0.167513962864843,"singlet"
"CID44971_CCGTTCATCAGGTTCA",0.0798392677166144,"singlet"
"CID44971_CCTAAAGCAATCCGAT",0.112112017100019,"singlet"
"CID44971_CCTAAAGTCCTCAACC",0.101230923015142,"singlet"
"CID44971_CCTACACGTAGCTCCG",0.228922302980743,"singlet"
"CID44971_CCTACCAAGCACGCCT",0.147817129289073,"singlet"
"CID44971_CCTAGCTCAGCTGGCT",0.128268154582524,"singlet"
"CID44971_CCTAGCTGTTCGGCAC",0.183719036654364,"singlet"
"CID44971_CCTATTAGTTCTGGTA",0.0961205367643693,"singlet"
"CID44971_CCTATTATCCAATGGT",0.131037285804499,"singlet"
"CID44971_CCTATTATCGTAGATC",0.0512649281372594,"singlet"
"CID44971_CCTCAGTCACCACGTG",0.392403555269556,"doublet"
"CID44971_CCTCTGAAGGGCATGT",0.566061689979398,"doublet"
"CID44971_CCTTCCCCAGGCTGAA",0.0883355442497206,"singlet"
"CID44971_CCTTCGAGTATCAGTC",0.0442637516104007,"singlet"
"CID44971_CCTTCGATCCCTCTTT",0.0498901561796512,"singlet"
"CID44971_CCTTTCTCATTACCTT",0.113900906275992,"singlet"
"CID44971_CGAACATGTTAAGATG",0.190093193767996,"singlet"
"CID44971_CGAATGTCAGGTGCCT",0.562292140300719,"doublet"
"CID44971_CGACCTTCATGTCTCC",0.133176331278697,"singlet"
"CID44971_CGACTTCCAACTGGCC",0.0756098320578562,"singlet"
"CID44971_CGAGAAGCAACACCCG",0.248989506075795,"singlet"
"CID44971_CGAGCACAGGAGCGTT",0.165449096507947,"singlet"
"CID44971_CGAGCCAAGACACTAA",0.151830814634936,"singlet"
"CID44971_CGATGTACAGGGATTG",0.221291093055372,"singlet"
"CID44971_CGATTGAAGTGAAGAG",0.200953220519312,"singlet"
"CID44971_CGCCAAGGTGCTCTTC",0.14869186849355,"singlet"
"CID44971_CGCGGTACAAAGGCGT",0.154879165437512,"singlet"
"CID44971_CGCGTTTGTTAGATGA",0.242626076962392,"singlet"
"CID44971_CGCTATCGTCTGATTG",0.036115919365927,"singlet"
"CID44971_CGCTATCGTTGGTGGA",0.233392248365646,"singlet"
"CID44971_CGCTATCTCCAATGGT",0.119212349694412,"singlet"
"CID44971_CGCTATCTCCCAGGTG",0.0411294306002393,"singlet"
"CID44971_CGCTTCATCACGCGGT",0.0348401300625589,"singlet"
"CID44971_CGGACACCATTACCTT",0.0669037605296444,"singlet"
"CID44971_CGGACACTCAGCTGGC",0.236196110695361,"singlet"
"CID44971_CGGACTGGTATAGGTA",0.588289416863603,"doublet"
"CID44971_CGGAGCTTCTATCCTA",0.0481921825008795,"singlet"
"CID44971_CGGCTAGCACAACTGT",0.131620738572419,"singlet"
"CID44971_CGGCTAGCACACGCTG",0.231954438366897,"singlet"
"CID44971_CGGCTAGTCATCTGTT",0.152761539385294,"singlet"
"CID44971_CGGCTAGTCTACCAGA",0.0889021725576276,"singlet"
"CID44971_CGGGTCAGTGGTAACG",0.091218727325824,"singlet"
"CID44971_CGGTTAATCTGGAGCC",0.0724276308575848,"singlet"
"CID44971_CGTAGCGAGATGTAAC",0.195530693407193,"singlet"
"CID44971_CGTAGCGGTCAGAATA",0.0796306143693626,"singlet"
"CID44971_CGTAGCGGTCCTGCTT",0.189440126512142,"singlet"
"CID44971_CGTAGCGTCCGTTGTC",0.0483294403291796,"singlet"
"CID44971_CGTAGCGTCTGTCTAT",0.0989219060904088,"singlet"
"CID44971_CGTCACTCAACGCACC",0.209674904056316,"singlet"
"CID44971_CGTCACTCATGCAACT",0.0947925709410061,"singlet"
"CID44971_CGTCACTTCACGACTA",0.0752387178313844,"singlet"
"CID44971_CGTCAGGGTCTAGTCA",0.253472417665651,"singlet"
"CID44971_CGTCAGGGTTCCAACA",0.157508949270798,"singlet"
"CID44971_CGTCAGGTCCTAGTGA",0.0884086663165774,"singlet"
"CID44971_CGTCCATGTAGGCATG",0.494637132069455,"doublet"
"CID44971_CGTCCATGTTTCGCTC",0.0491742781961596,"singlet"
"CID44971_CGTCTACCAAGAGTCG",0.137804767561547,"singlet"
"CID44971_CGTGAGCGTGAAGGCT",0.236895974556711,"singlet"
"CID44971_CGTGTAATCACAGTAC",0.10486591276531,"singlet"
"CID44971_CGTGTCTGTATTCTCT",0.193265461356773,"singlet"
"CID44971_CGTTAGAGTTGGTAAA",0.0744723543998656,"singlet"
"CID44971_CGTTAGATCCCAACGG",0.253920407838849,"singlet"
"CID44971_CGTTGGGCATCGATGT",0.317989015767171,"singlet"
"CID44971_CGTTGGGGTTATGTGC",0.591994137283205,"doublet"
"CID44971_CTAACTTTCCACGTGG",0.0522951004889432,"singlet"
"CID44971_CTACACCAGAGGTTAT",0.127380232496665,"singlet"
"CID44971_CTACATTAGGCTCATT",0.112116168956951,"singlet"
"CID44971_CTACATTCACTAGTAC",0.167504400706596,"singlet"
"CID44971_CTACATTTCTAACGGT",0.0709907916376762,"singlet"
"CID44971_CTACGTCGTCCCTACT",0.16030006170866,"singlet"
"CID44971_CTAGCCTTCAACCAAC",0.123307295566961,"singlet"
"CID44971_CTCAGAAGTTATCACG",0.062953963177742,"singlet"
"CID44971_CTCATTAGTAGGCTGA",0.0871966898478093,"singlet"
"CID44971_CTCCTAGGTAAGTGTA",0.192564522391217,"singlet"
"CID44971_CTCGAAAGTGTGACGA",0.115142725590221,"singlet"
"CID44971_CTCGGGACACTATCTT",0.101546074014956,"singlet"
"CID44971_CTCGGGATCGTACCGG",0.141858875466526,"singlet"
"CID44971_CTCGTACGTCGGCATC",0.19594564792442,"singlet"
"CID44971_CTCGTCAAGCGATGAC",0.123649068713974,"singlet"
"CID44971_CTCGTCATCTCGCATC",0.111555063457432,"singlet"
"CID44971_CTCTAATTCAACGAAA",0.0784454880855206,"singlet"
"CID44971_CTCTACGTCCACGTGG",0.163013929124903,"singlet"
"CID44971_CTGAAGTCAGTCCTTC",0.0578162823227728,"singlet"
"CID44971_CTGAAGTCATTCCTCG",0.117267906985394,"singlet"
"CID44971_CTGATAGTCGGAAACG",0.189184501623458,"singlet"
"CID44971_CTGCGGAAGGGAACGG",0.119719367061466,"singlet"
"CID44971_CTGCGGAGTCGAGATG",0.404988573235267,"doublet"
"CID44971_CTGCTGTAGCGATGAC",0.146458301034147,"singlet"
"CID44971_CTGGTCTTCACTCCTG",0.0531492057504882,"singlet"
"CID44971_CTGTGCTAGTGCGATG",0.0893160473519311,"singlet"
"CID44971_CTGTGCTGTAGATTAG",0.129712070489285,"singlet"
"CID44971_CTGTGCTTCTTCGGTC",0.0962978124955316,"singlet"
"CID44971_CTGTTTAAGGGTTCCC",0.0598289177193646,"singlet"
"CID44971_CTGTTTACAAGTAATG",0.145148324004994,"singlet"
"CID44971_CTGTTTACAATCTGCA",0.152023897064787,"singlet"
"CID44971_CTTAACTAGTCATCCA",0.165847177652016,"singlet"
"CID44971_CTTAACTGTACCATCA",0.0714236729047542,"singlet"
"CID44971_CTTAACTGTACCGTTA",0.148677526661393,"singlet"
"CID44971_CTTACCGAGACACGAC",0.219702343309936,"singlet"
"CID44971_CTTACCGTCTGTCAAG",0.143670851334384,"singlet"
"CID44971_CTTAGGATCGGAGCAA",0.15345077839659,"singlet"
"CID44971_CTTCTCTCAGCATACT",0.194621102368924,"singlet"
"CID44971_CTTGGCTCACAAGTAA",0.201604586383336,"singlet"
"CID44971_CTTGGCTTCGCTGATA",0.385746010372629,"doublet"
"CID44971_CTTTGCGTCCCAGGTG",0.142499226844135,"singlet"
"CID44971_GAAATGAGTGGTGTAG",0.0913019065812878,"singlet"
"CID44971_GAACATCTCGCTGATA",0.192464821956659,"singlet"
"CID44971_GAACGGACATCGGAAG",0.113291481302722,"singlet"
"CID44971_GAACGGAGTGGCAAAC",0.108157509250968,"singlet"
"CID44971_GAAGCAGCACATTAGC",0.0826706962741148,"singlet"
"CID44971_GAAGCAGTCATAACCG",0.192514704371404,"singlet"
"CID44971_GAAGCAGTCCGCTGTT",0.14500890260164,"singlet"
"CID44971_GAATAAGAGTGAACAT",0.271282059101029,"singlet"
"CID44971_GAATAAGTCCAAATGC",0.131602872084317,"singlet"
"CID44971_GAATGAAAGTCAATAG",0.0433163084895574,"singlet"
"CID44971_GAATGAACACCACCAG",0.189481224047697,"singlet"
"CID44971_GACACGCGTAGGACAC",0.565758756626059,"doublet"
"CID44971_GACACGCGTCTGCGGT",0.0930384032014617,"singlet"
"CID44971_GACACGCGTTTGTTTC",0.0971043790388957,"singlet"
"CID44971_GACCAATAGAGTAATC",0.3893909373866,"doublet"
"CID44971_GACCAATAGTGTGAAT",0.167026542097501,"singlet"
"CID44971_GACCTGGGTTGTGGCC",0.127737492867335,"singlet"
"CID44971_GACGGCTAGAATGTGT",0.263003255019083,"singlet"
"CID44971_GACGGCTAGTGGCACA",0.0852696742927052,"singlet"
"CID44971_GACGGCTGTCGTCTTC",0.331354765852998,"doublet"
"CID44971_GACGTTACATGACATC",0.351601062410329,"doublet"
"CID44971_GACGTTATCAACCAAC",0.261115038957844,"singlet"
"CID44971_GACTAACAGGGAAACA",0.0665265820780801,"singlet"
"CID44971_GACTAACGTTCGTGAT",0.0433551829335717,"singlet"
"CID44971_GACTACAAGGGATACC",0.282035624949567,"singlet"
"CID44971_GACTACACATCAGTAC",0.0978473063709643,"singlet"
"CID44971_GACTACATCGATGAGG",0.077451762342078,"singlet"
"CID44971_GAGGTGAGTTTAAGCC",0.149420434422521,"singlet"
"CID44971_GAGTCCGAGATAGCAT",0.177332828708853,"singlet"
"CID44971_GAGTCCGGTAAAGTCA",0.151333417647044,"singlet"
"CID44971_GATCAGTCAATGGTCT",0.107850929831058,"singlet"
"CID44971_GATCGCGAGCAACGGT",0.120115732508554,"singlet"
"CID44971_GATCGCGGTAAGTTCC",0.118148191786706,"singlet"
"CID44971_GATCTAGGTCTAGGTT",0.153230768184875,"singlet"
"CID44971_GATGAAAAGCCGATTT",0.188060903526619,"singlet"
"CID44971_GATGAAAGTACTCTCC",0.0405414871778141,"singlet"
"CID44971_GATGAAAGTCGAATCT",0.0737904339455709,"singlet"
"CID44971_GATGAAAGTTAAAGAC",0.181935162945469,"singlet"
"CID44971_GATGCTACAATGGATA",0.0992279044489364,"singlet"
"CID44971_GATGCTATCGGAATCT",0.0714875195027986,"singlet"
"CID44971_GATTCAGAGAGTGAGA",0.46688858490129,"doublet"
"CID44971_GCAAACTAGGCAAAGA",0.163337199343409,"singlet"
"CID44971_GCAAACTTCGTATCAG",0.0690611951811992,"singlet"
"CID44971_GCAATCAAGCCACCTG",0.06704704434511,"singlet"
"CID44971_GCACATAGTCTGATTG",0.208582266494895,"singlet"
"CID44971_GCACATATCCGCATAA",0.128815852297531,"singlet"
"CID44971_GCACTCTTCACAGGCC",0.122189230258243,"singlet"
"CID44971_GCAGCCATCAACACTG",0.259164124682462,"singlet"
"CID44971_GCAGTTAAGAGTTGGC",0.0918339802409441,"singlet"
"CID44971_GCAGTTAAGCTAACTC",0.115662517578303,"singlet"
"CID44971_GCAGTTAGTCACTGGC",0.0818385042802928,"singlet"
"CID44971_GCAGTTATCAACGCTA",0.0864469820313938,"singlet"
"CID44971_GCATACATCGTCACGG",0.143221716435098,"singlet"
"CID44971_GCATGCGGTATATCCG",0.336768845217324,"doublet"
"CID44971_GCCAAATCAGATTGCT",0.0477912439250616,"singlet"
"CID44971_GCCAAATTCCTACAGA",0.127169485324244,"singlet"
"CID44971_GCGAGAATCAGAGGTG",0.14712657851721,"singlet"
"CID44971_GCGCAGTAGTTAACGA",0.314233817719272,"singlet"
"CID44971_GCGCAGTCACTTAACG",0.339693782041567,"doublet"
"CID44971_GCGCCAAGTATGAAAC",0.0569436301554795,"singlet"
"CID44971_GCGCCAAGTGTGACCC",0.0892406181212469,"singlet"
"CID44971_GCGGGTTGTATCGCAT",0.169205976477903,"singlet"
"CID44971_GCGGGTTTCAGCTCTC",0.197008789153722,"singlet"
"CID44971_GCTCCTAAGATCCTGT",0.0908152111935068,"singlet"
"CID44971_GCTCTGTCATGCAATC",0.0608465135259093,"singlet"
"CID44971_GCTGCAGGTTGATTCG",0.197457145413273,"singlet"
"CID44971_GCTGCAGTCAATCACG",0.101992199396808,"singlet"
"CID44971_GCTGCGATCATTGCGA",0.107047169894093,"singlet"
"CID44971_GCTGCTTTCCACGACG",0.0554822095175301,"singlet"
"CID44971_GCTGCTTTCTGCAGTA",0.112652898836839,"singlet"
"CID44971_GGAAAGCCATGGAATA",0.169779915479428,"singlet"
"CID44971_GGAAAGCGTCTGCAAT",0.11009524690997,"singlet"
"CID44971_GGAACTTTCTGGTATG",0.14320037894695,"singlet"
"CID44971_GGAATAAGTGTTTGGT",0.14731343302441,"singlet"
"CID44971_GGACAAGGTGCATCTA",0.205820501188867,"singlet"
"CID44971_GGACAAGTCATCTGCC",0.0948803384257178,"singlet"
"CID44971_GGACATTTCAAAGACA",0.206191708842483,"singlet"
"CID44971_GGACATTTCAGGCAAG",0.0889265258225109,"singlet"
"CID44971_GGATGTTAGAGGGCTT",0.0504261866548444,"singlet"
"CID44971_GGATGTTTCTCTAGGA",0.420911931410288,"doublet"
"CID44971_GGCAATTAGACAAAGG",0.307434476522133,"singlet"
"CID44971_GGCAATTAGTGGAGAA",0.127376694283564,"singlet"
"CID44971_GGCAATTCATTCCTGC",0.125879035418295,"singlet"
"CID44971_GGCAATTGTCAGATAA",0.0917514491201391,"singlet"
"CID44971_GGCCGATTCAGTTCGA",0.16497570230624,"singlet"
"CID44971_GGCTCGATCAAGGTAA",0.0542763812539642,"singlet"
"CID44971_GGCTCGATCGCCCTTA",0.399048513987714,"doublet"
"CID44971_GGCTGGTGTGCACTTA",0.0969276474393474,"singlet"
"CID44971_GGGAATGTCTACTATC",0.0674367994431487,"singlet"
"CID44971_GGGACCTTCCGCAAGC",0.149504582017675,"singlet"
"CID44971_GGGAGATAGTAGGCCA",0.124987461318924,"singlet"
"CID44971_GGGAGATGTTTAGGAA",0.177997073193455,"singlet"
"CID44971_GGGAGATTCCAAACTG",0.15664960384327,"singlet"
"CID44971_GGGAGATTCTGATACG",0.0741261471572612,"singlet"
"CID44971_GGGATGAAGGGTCGAT",0.136559186619657,"singlet"
"CID44971_GGGATGACACCACGTG",0.0881646658665485,"singlet"
"CID44971_GGGCATCGTATCACCA",0.298479560590102,"singlet"
"CID44971_GGGCATCTCACGCATA",0.141596259883599,"singlet"
"CID44971_GGGTCTGAGACCACGA",0.189588964692282,"singlet"
"CID44971_GGGTCTGAGGATATAC",0.148630188739735,"singlet"
"CID44971_GGGTCTGCAATCCGAT",0.098640946825833,"singlet"
"CID44971_GGGTTGCCAAAGGAAG",0.186668814240512,"singlet"
"CID44971_GGGTTGCTCCAACCAA",0.042586327332599,"singlet"
"CID44971_GGTGAAGCATCGTCGG",0.240043989639754,"singlet"
"CID44971_GGTGAAGGTTAGATGA",0.0459265159834704,"singlet"
"CID44971_GGTGCGTAGTGACTCT",0.0986022097439531,"singlet"
"CID44971_GGTGCGTCAAACAACA",0.254102127453395,"singlet"
"CID44971_GGTGCGTGTTGAGTTC",0.0452988572173321,"singlet"
"CID44971_GGTGTTATCATCGATG",0.0950238328676471,"singlet"
"CID44971_GGTGTTATCTACCAGA",0.122339883236435,"singlet"
"CID44971_GTAACGTAGCCTCGTG",0.155818924083479,"singlet"
"CID44971_GTAACTGCATTTGCCC",0.0574598309646314,"singlet"
"CID44971_GTACGTACAAGTCATC",0.115530171492385,"singlet"
"CID44971_GTACGTAGTTACGTCA",0.198086294051481,"singlet"
"CID44971_GTACTCCAGCTGAACG",0.194243464611738,"singlet"
"CID44971_GTACTTTCACTGTTAG",0.0216739832129104,"singlet"
"CID44971_GTAGGCCAGACCCACC",0.135828155843717,"singlet"
"CID44971_GTAGGCCAGCTCTCGG",0.207467807088354,"singlet"
"CID44971_GTAGGCCAGTGAATTG",0.186783392679974,"singlet"
"CID44971_GTAGGCCCATCAGTCA",0.183650161330447,"singlet"
"CID44971_GTCAAGTAGAAGATTC",0.0571064620111944,"singlet"
"CID44971_GTCAAGTCACATCTTT",0.0800795977194432,"singlet"
"CID44971_GTCACAAAGCACCGTC",0.19573349747674,"singlet"
"CID44971_GTCACGGCAAAGCAAT",0.175956467500954,"singlet"
"CID44971_GTCCTCAGTGTGACCC",0.100159149162863,"singlet"
"CID44971_GTCGGGTGTCCTCCAT",0.0592527927243412,"singlet"
"CID44971_GTCGGGTTCAAACAAG",0.154768219471644,"singlet"
"CID44971_GTCGTAAGTTCACCTC",0.159903408633654,"singlet"
"CID44971_GTCTCGTTCGATCCCT",0.0802703653354344,"singlet"
"CID44971_GTCTTCGGTCGGCATC",0.102644145504885,"singlet"
"CID44971_GTCTTCGGTGTGTGCC",0.115570501658367,"singlet"
"CID44971_GTCTTCGTCATCACCC",0.107864596925287,"singlet"
"CID44971_GTGAAGGTCCGATATG",0.107327738389091,"singlet"
"CID44971_GTGAAGGTCGTTTGCC",0.0631839940199878,"singlet"
"CID44971_GTGCAGCAGGATGCGT",0.252856926868605,"singlet"
"CID44971_GTGCAGCAGTAATCCC",0.111657354446819,"singlet"
"CID44971_GTGCGGTCAAGGTGTG",0.0580113280192294,"singlet"
"CID44971_GTGCGGTTCTTCGAGA",0.0992127098876922,"singlet"
"CID44971_GTGCTTCTCAAACGGG",0.118996399139244,"singlet"
"CID44971_GTGGGTCAGCGTTGCC",0.114834553806848,"singlet"
"CID44971_GTGTGCGAGTACCGGA",0.056976514991509,"singlet"
"CID44971_GTGTTAGCACGGACAA",0.0373261637509577,"singlet"
"CID44971_GTTACAGGTACCTACA",0.173523486536856,"singlet"
"CID44971_GTTACAGTCTTGAGAC",0.0702921284847481,"singlet"
"CID44971_GTTCATTAGCGATTCT",0.108537039895486,"singlet"
"CID44971_GTTCATTCACTAAGTC",0.0619046903772839,"singlet"
"CID44971_GTTCGGGCAAGCCATT",0.0871143275853344,"singlet"
"CID44971_GTTCTCGCAACACCTA",0.113814548330377,"singlet"
"CID44971_GTTCTCGCATCGGTTA",0.134121973701016,"singlet"
"CID44971_GTTCTCGGTTGATTGC",0.0920887175900235,"singlet"
"CID44971_GTTTCTACAGCTCGCA",0.199605193934802,"singlet"
"CID44971_GTTTCTAGTTGTCGCG",0.0955786319195465,"singlet"
"CID44971_TAAACCGAGCTCCCAG",0.0567927462104134,"singlet"
"CID44971_TAAGAGAAGAACAATC",0.0499736444934204,"singlet"
"CID44971_TAAGAGATCTCCGGTT",0.104795868349448,"singlet"
"CID44971_TAAGCGTTCGGTCTAA",0.122045195810963,"singlet"
"CID44971_TAAGTGCAGTACGACG",0.180545784572723,"singlet"
"CID44971_TACACGAGTGCTCTTC",0.0773630280061014,"singlet"
"CID44971_TACAGTGAGAAGGGTA",0.0670768781596292,"singlet"
"CID44971_TACCTATGTAGAAGGA",0.0920197059254761,"singlet"
"CID44971_TACCTTAAGATGCCTT",0.540776636135727,"doublet"
"CID44971_TACGGATAGCTCCTTC",0.152151509690572,"singlet"
"CID44971_TACGGATGTTCAGACT",0.117504044487176,"singlet"
"CID44971_TACGGGCGTAAGAGAG",0.140328165053467,"singlet"
"CID44971_TACGGGCGTCCTCCAT",0.0816024932264059,"singlet"
"CID44971_TACTTACTCTTGTCAT",0.0792895838405108,"singlet"
"CID44971_TACTTGTTCACCTCGT",0.106910341367467,"singlet"
"CID44971_TAGACCAAGCGCTTAT",0.158511833352861,"singlet"
"CID44971_TAGACCAGTTCAGTAC",0.16025271322515,"singlet"
"CID44971_TAGACCAGTTTGGGCC",0.260144822386996,"singlet"
"CID44971_TAGAGCTCACAGGCCT",0.0720158729742937,"singlet"
"CID44971_TAGGCATGTTATCCGA",0.0661546429022777,"singlet"
"CID44971_TAGTTGGAGGCGCTCT",0.165252556029043,"singlet"
"CID44971_TAGTTGGGTACCGGCT",0.0971871340562349,"singlet"
"CID44971_TAGTTGGTCAGAGGTG",0.302464706454777,"singlet"
"CID44971_TATCAGGGTTATCCGA",0.0473086121137293,"singlet"
"CID44971_TATCTCACAATGAATG",0.162491331609839,"singlet"
"CID44971_TATTACCCAACACCTA",0.0835658828811031,"singlet"
"CID44971_TCAACGACATGCTGGC",0.181232752384741,"singlet"
"CID44971_TCAATCTTCTATGTGG",0.191125827293774,"singlet"
"CID44971_TCACAAGGTCATACTG",0.177017773525254,"singlet"
"CID44971_TCACGAAAGATCTGAA",0.108812619661012,"singlet"
"CID44971_TCACGAAGTCACTGGC",0.242777688368379,"singlet"
"CID44971_TCAGCAATCACGAAGG",0.155590415422082,"singlet"
"CID44971_TCAGCAATCAGGTAAA",0.257209517558741,"singlet"
"CID44971_TCAGCTCCACAACTGT",0.158013122276894,"singlet"
"CID44971_TCAGCTCTCTGCAAGT",0.116205520800619,"singlet"
"CID44971_TCAGGATAGTCCCACG",0.116213599527025,"singlet"
"CID44971_TCAGGATTCGGAAACG",0.0673742233014038,"singlet"
"CID44971_TCAGGTACATTAACCG",0.0928939582443539,"singlet"
"CID44971_TCATTTGTCCGAAGAG",0.120659732646929,"singlet"
"CID44971_TCCACACAGCAAATCA",0.240397456941565,"singlet"
"CID44971_TCCACACAGCGTCAAG",0.19102945470414,"singlet"
"CID44971_TCCACACTCACAACGT",0.227534860823977,"singlet"
"CID44971_TCCCGATAGCGTTTAC",0.0390155317299361,"singlet"
"CID44971_TCGAGGCTCAGTTCGA",0.263615930330341,"singlet"
"CID44971_TCGCGAGCACAGCCCA",0.181122335973124,"singlet"
"CID44971_TCGCGAGGTACATGTC",0.171147411400861,"singlet"
"CID44971_TCGCGAGTCACCCGAG",0.132679157219164,"singlet"
"CID44971_TCGGGACCATATGGTC",0.132847944547835,"singlet"
"CID44971_TCGGTAATCATATCGG",0.319681096450439,"singlet"
"CID44971_TCGTACCAGCTCCCAG",0.0792738593865752,"singlet"
"CID44971_TCGTAGACAGACAGGT",0.127706897295962,"singlet"
"CID44971_TCTATTGGTCATATGC",0.0757395442066127,"singlet"
"CID44971_TCTCATATCTGCAGTA",0.0574730206882455,"singlet"
"CID44971_TCTCTAACAACAACCT",0.167385890467774,"singlet"
"CID44971_TCTCTAACATAGGATA",0.0933167406293238,"singlet"
"CID44971_TCTCTAACATTGCGGC",0.0610058064389597,"singlet"
"CID44971_TCTCTAAGTGACTCAT",0.100185097595248,"singlet"
"CID44971_TCTGAGAGTCCGTCAG",0.0754874377836578,"singlet"
"CID44971_TCTTCGGAGAGTAAGG",0.0916905592297092,"singlet"
"CID44971_TCTTCGGTCAGAGACG",0.150491947700237,"singlet"
"CID44971_TGAAAGACATCTACGA",0.14690685660859,"singlet"
"CID44971_TGACGGCCACATCCAA",0.188169586767386,"singlet"
"CID44971_TGACTTTCAGCTTCGG",0.0527160098889797,"singlet"
"CID44971_TGAGCATAGGAACTGC",0.123436951906943,"singlet"
"CID44971_TGAGCATAGGGAAACA",0.16103098954439,"singlet"
"CID44971_TGAGCATCACCGAAAG",0.121580587833029,"singlet"
"CID44971_TGAGCATCACTGTGTA",0.122771462169723,"singlet"
"CID44971_TGAGCATGTCCGAATT",0.154671806058136,"singlet"
"CID44971_TGAGGGAAGAGCTTCT",0.0853380234080349,"singlet"
"CID44971_TGAGGGAAGTTAAGTG",0.0370261164791716,"singlet"
"CID44971_TGAGGGATCTCGTTTA",0.128950326994855,"singlet"
"CID44971_TGCCCATCACGCATCG",0.183611200078058,"singlet"
"CID44971_TGCCCTATCTTTACGT",0.078451418304929,"singlet"
"CID44971_TGCGCAGAGGATGCGT",0.124977430396719,"singlet"
"CID44971_TGCTGCTAGGTAGCTG",0.374034602282186,"doublet"
"CID44971_TGCTGCTGTTCGCTAA",0.0541226558221333,"singlet"
"CID44971_TGCTGCTTCCACTCCA",0.0645751814685191,"singlet"
"CID44971_TGGACGCCATTCGACA",0.227783742722192,"singlet"
"CID44971_TGGACGCGTACCGAGA",0.185898657582126,"singlet"
"CID44971_TGGCCAGCAGGTCTCG",0.0795884680091199,"singlet"
"CID44971_TGGCGCAAGCTGCGAA",0.0785088173968661,"singlet"
"CID44971_TGGCGCAAGTCCGGTC",0.0727620806963204,"singlet"
"CID44971_TGGCTGGCACCCATTC",0.142149293244145,"singlet"
"CID44971_TGGCTGGCACGGTAAG",0.153638757071092,"singlet"
"CID44971_TGGGAAGAGAGCTGCA",0.122253495782533,"singlet"
"CID44971_TGGGAAGAGCAGCCTC",0.106612741898963,"singlet"
"CID44971_TGGGCGTAGCTACCGC",0.177435175029851,"singlet"
"CID44971_TGGTTAGCACATGACT",0.1421651185703,"singlet"
"CID44971_TGGTTAGTCCAAACTG",0.402658004046093,"doublet"
"CID44971_TGGTTCCGTAAACGCG",0.234122300558309,"singlet"
"CID44971_TGTCCCACAAAGGCGT",0.168035909346309,"singlet"
"CID44971_TGTCCCATCTGGCGAC",0.106037631015926,"singlet"
"CID44971_TGTGGTAAGGTGACCA",0.137475509023031,"singlet"
"CID44971_TGTTCCGGTAGGAGTC",0.0603066258753071,"singlet"
"CID44971_TGTTCCGTCCAGTATG",0.102560436800679,"singlet"
"CID44971_TTAACTCTCTAACCGA",0.0977707121161873,"singlet"
"CID44971_TTAGGCAAGACTCGGA",0.10443705398849,"singlet"
"CID44971_TTAGTTCTCACAGGCC",0.115892997647896,"singlet"
"CID44971_TTAGTTCTCGTCTGAA",0.0427151326744412,"singlet"
"CID44971_TTATGCTAGCACCGCT",0.0596695059309679,"singlet"
"CID44971_TTATGCTCAGTTTACG",0.118889308220684,"singlet"
"CID44971_TTATGCTTCTCTGAGA",0.0721983156117587,"singlet"
"CID44971_TTCTACAGTATTACCG",0.0729273538996082,"singlet"
"CID44971_TTCTCAAAGGGTTCCC",0.129463168358277,"singlet"
"CID44971_TTCTCAAAGTGGCACA",0.165019874295693,"singlet"
"CID44971_TTCTCAACAAACTGTC",0.0667929178489958,"singlet"
"CID44971_TTCTCCTTCTACCTGC",0.0675551468506696,"singlet"
"CID44971_TTCTTAGGTTAGAACA",0.133437551224818,"singlet"
"CID44971_TTGAACGAGAAGAAGC",0.0626370155383452,"singlet"
"CID44971_TTGAACGTCGGCGCAT",0.151161839736016,"singlet"
"CID44971_TTGCCGTCAGCAGTTT",0.526411357457366,"doublet"
"CID44971_TTGCGTCAGCGATGAC",0.161899329390612,"singlet"
"CID44971_TTGCGTCTCTCACATT",0.163803278569547,"singlet"
"CID44971_TTGGCAAAGACGACGT",0.10270184180472,"singlet"
"CID44971_TTGGCAAGTAACGTTC",0.110851515673346,"singlet"
"CID44971_TTGTAGGCAGATGAGC",0.20238887233589,"singlet"
"CID44971_TTGTAGGGTTCATGGT",0.0981305138337022,"singlet"
"CID44971_TTTACTGAGATGTAAC",0.053946140822634,"singlet"
"CID44971_TTTATGCCAATTGCTG",0.28128364897829,"singlet"
"CID44971_TTTCCTCCATCAGTAC",0.122497564960713,"singlet"
"CID44971_TTTCCTCGTGGGTATG",0.114624154593341,"singlet"
"CID44971_TTTGCGCGTAACGTTC",0.238717406761432,"singlet"
"CID44971_TTTGCGCGTTGCGCAC",0.0884484465903456,"singlet"
"CID44971_TTTGCGCTCACCGTAA",0.15849357547785,"singlet"
"CID44971_TTTGTCATCGCCTGAG",0.106186357495221,"singlet"
"CID44971_GATCAGTTCGAGAACG",0.428101660795793,"doublet"
"CID44971_CACCAGGTCGGCGCAT",0.174195926317394,"singlet"
"CID44971_CGAGCACCACGGTAGA",0.166225436757352,"singlet"
"CID44971_CAGTCCTAGTACGCCC",0.273308387303244,"singlet"
"CID44971_AGCGTATTCCCTCTTT",0.078388115251375,"singlet"
"CID44971_AGCTCTCGTTACGGAG",0.224029740778803,"singlet"
"CID44971_TCGTACCAGTGGGATC",0.584453065531808,"doublet"
"CID44971_TTGCCGTGTCAAGCGA",0.159686111430762,"singlet"
"CID44971_AACTCAGGTCATATGC",0.0926119447759035,"singlet"
"CID44971_TATCTCAAGAGACTTA",0.0978017319432388,"singlet"
"CID44971_CTGCCTACAGCTGCAC",0.236772307040889,"singlet"
"CID44971_GTCGGGTCAGTGGAGT",0.185026418208579,"singlet"
"CID44971_TACCTTATCTTCGGTC",0.549626472247947,"doublet"
"CID44971_TCTATTGCAGCATGAG",0.46861132773255,"doublet"
"CID44971_AATCGGTAGTCTCAAC",0.0876067945806332,"singlet"
"CID44971_AGTAGTCTCAACGGGA",0.196082454774982,"singlet"
"CID44971_AGTTGGTCAAAGTCAA",0.141796354324582,"singlet"
"CID44971_ATCCGAACAATGCCAT",0.178472267460544,"singlet"
"CID44971_CGCTATCAGTACGTTC",0.271800662227717,"singlet"
"CID44971_CGTAGGCTCCGAGCCA",0.343467320144422,"doublet"
"CID44971_CTTCTCTGTCTAGCCG",0.390902014769062,"doublet"
"CID44971_GATCGCGCATAGGATA",0.281273955320019,"singlet"
"CID44971_GATCTAGCACATCTTT",0.163779523059141,"singlet"
"CID44971_GGGCATCAGACAATAC",0.300744818293693,"singlet"
"CID44971_GGTGAAGCAGTAACGG",0.152002670866006,"singlet"
"CID44971_GGTGCGTAGGTGCTAG",0.413531296024437,"doublet"
"CID44971_GTCTCGTAGCCTCGTG",0.0769781013217162,"singlet"
"CID44971_TATTACCGTAGAGCTG",0.10704686106687,"singlet"
"CID44971_TTTACTGAGAGTTGGC",0.18887229702742,"singlet"
"CID44971_AAACCTGAGCCGCCTA",0.342080736609048,"doublet"
"CID44971_ACACTGAGTAGCTCCG",0.448669819305438,"doublet"
"CID44971_ACCGTAAGTGCATCTA",0.154397276178698,"singlet"
"CID44971_ATCTGCCCACTACAGT",0.281078943511577,"singlet"
"CID44971_CATCGAATCTATGTGG",0.243345873879592,"singlet"
"CID44971_CTAACTTCAGGGATTG",0.546445372245439,"doublet"
"CID44971_GTAGGCCAGGTGCACA",0.0597138818455499,"singlet"
"CID44971_TCACGAACACGGTAAG",0.424661226023361,"doublet"
"CID44971_AAACGGGCACACATGT",0.269523080706639,"singlet"
"CID44971_AACACGTAGACAGGCT",0.390565344696712,"doublet"
"CID44971_AACTCAGAGAATTGTG",0.45699934103573,"doublet"
"CID44971_AACTCAGAGCAACGGT",0.254615613648389,"singlet"
"CID44971_AACTCAGCACATTAGC",0.115330870639789,"singlet"
"CID44971_AACTCAGTCTTGCCGT",0.26663672707253,"singlet"
"CID44971_AACTCCCAGCACAGGT",0.304166730350534,"singlet"
"CID44971_AACTCTTTCATTTGGG",0.071271125469719,"singlet"
"CID44971_AAGCCGCTCGGCCGAT",0.14360301313515,"singlet"
"CID44971_AAGGTTCGTAAGTAGT",0.308833181456718,"singlet"
"CID44971_AATCCAGCATACTCTT",0.265006497261986,"singlet"
"CID44971_AATCCAGTCCTCGCAT",0.140462782747145,"singlet"
"CID44971_ACACCAATCGGTTCGG",0.217908063457997,"singlet"
"CID44971_ACACCCTGTTCCGTCT",0.226135184488499,"singlet"
"CID44971_ACATCAGTCTACCAGA",0.414535715111266,"doublet"
"CID44971_ACCAGTAGTTCACCTC",0.482853091826765,"doublet"
"CID44971_ACCCACTAGAGGTAGA",0.188589110368843,"singlet"
"CID44971_ACCGTAACAGTATCTG",0.19458793577204,"singlet"
"CID44971_ACCGTAACATAACCTG",0.178263414192812,"singlet"
"CID44971_ACGGGCTCACTAAGTC",0.0612723083721222,"singlet"
"CID44971_AGAGCGACACCGAATT",0.247714420424629,"singlet"
"CID44971_AGAGCGATCTTACCTA",0.160668812595381,"singlet"
"CID44971_AGCATACTCTTGACGA",0.14626510444424,"singlet"
"CID44971_AGCTCCTGTCTTGCGG",0.185342309688713,"singlet"
"CID44971_AGGGTGAAGACAAGCC",0.348965568092876,"doublet"
"CID44971_AGTGAGGGTAAGAGAG",0.237970152003852,"singlet"
"CID44971_AGTGAGGGTCTAAAGA",0.193137089650726,"singlet"
"CID44971_ATAAGAGCACGAAAGC",0.220364680189267,"singlet"
"CID44971_ATAAGAGTCTGTCTCG",0.0838903321505198,"singlet"
"CID44971_ATCGAGTTCTCGGACG",0.0917198013537397,"singlet"
"CID44971_ATGGGAGAGGATTCGG",0.120670938921228,"singlet"
"CID44971_CAACCTCAGTGTCCCG",0.103717449879091,"singlet"
"CID44971_CAACCTCGTTAAAGTG",0.0451111873062818,"singlet"
"CID44971_CAACTAGCATCGGACC",0.209405858785511,"singlet"
"CID44971_CAAGATCGTGTGCGTC",0.161992831869006,"singlet"
"CID44971_CAAGTTGAGAAACGAG",0.3266902054287,"singlet"
"CID44971_CACAAACTCATAAAGG",0.352616023223957,"doublet"
"CID44971_CACACAATCGCCTGAG",0.174607703951318,"singlet"
"CID44971_CACCTTGAGGGAAACA",0.216759300339773,"singlet"
"CID44971_CAGAGAGCAGTTAACC",0.115962426138217,"singlet"
"CID44971_CAGTAACAGAGTGAGA",0.145863425050067,"singlet"
"CID44971_CATATGGAGTACGTTC",0.104390442895569,"singlet"
"CID44971_CATATGGTCAGAAATG",0.146347817665061,"singlet"
"CID44971_CATCAAGAGGTGACCA",0.131763969905773,"singlet"
"CID44971_CATCAGAGTCAACTGT",0.117482724751393,"singlet"
"CID44971_CATCGAACAAAGGAAG",0.263098459112665,"singlet"
"CID44971_CATGGCGAGCCCAATT",0.363687086550718,"doublet"
"CID44971_CATGGCGCACAAGACG",0.287155111238051,"singlet"
"CID44971_CATTATCCACATCCAA",0.255508879979421,"singlet"
"CID44971_CCAGCGATCTATCCCG",0.338875194148332,"doublet"
"CID44971_CCCAGTTGTTTAGCTG",0.159338127531929,"singlet"
"CID44971_CCCTCCTAGGTGCACA",0.297166279094222,"singlet"
"CID44971_CCGTTCAAGGTGTGGT",0.146346178843971,"singlet"
"CID44971_CCTAAAGGTTTGTTGG",0.157736027566065,"singlet"
"CID44971_CCTACACCAGGCTGAA",0.300233491854776,"singlet"
"CID44971_CGAGCACTCCTATTCA",0.13709974809541,"singlet"
"CID44971_CGATGGCTCAGTTTGG",0.121232788660839,"singlet"
"CID44971_CGCCAAGAGTCCTCCT",0.174416479658442,"singlet"
"CID44971_CGCGGTAAGTGAAGTT",0.352749373929228,"doublet"
"CID44971_CGCGTTTAGTCGAGTG",0.396617435688145,"doublet"
"CID44971_CGGACGTGTACCGTTA",0.251620651015515,"singlet"
"CID44971_CGGAGCTTCAGGTTCA",0.236254945214052,"singlet"
"CID44971_CGGAGTCCACTCTGTC",0.104383359794287,"singlet"
"CID44971_CGGCTAGTCCGCGCAA",0.361064554292825,"doublet"
"CID44971_CGGGTCATCTGAGGGA",0.170945073569815,"singlet"
"CID44971_CGTCACTCAAGGACTG",0.243562633030048,"singlet"
"CID44971_CTAGAGTCACGGCCAT",0.102602744014755,"singlet"
"CID44971_CTAGAGTGTACATGTC",0.472636941520537,"doublet"
"CID44971_CTCGTACTCTACGAGT",0.453156966784644,"doublet"
"CID44971_CTCGTCAAGGGTCTCC",0.221067475518269,"singlet"
"CID44971_CTGATCCGTGTGAATA",0.202477857885632,"singlet"
"CID44971_CTGCTGTTCCTCATTA",0.224776587383786,"singlet"
"CID44971_CTTAACTGTGACTACT",0.388918342762029,"doublet"
"CID44971_CTTCTCTTCATGTCTT",0.323452512837699,"singlet"
"CID44971_GAATAAGGTGAAGGCT",0.207909206995303,"singlet"
"CID44971_GACAGAGCATACGCCG",0.508493552537263,"doublet"
"CID44971_GACGCGTCAGCTGTGC",0.288017527611623,"singlet"
"CID44971_GACGCGTGTGTTCTTT",0.164754803171352,"singlet"
"CID44971_GACTGCGGTGCCTGGT",0.540739443863594,"doublet"
"CID44971_GATCAGTGTGCTTCTC",0.264137304370909,"singlet"
"CID44971_GATCAGTTCGGCTACG",0.282693616838765,"singlet"
"CID44971_GATCGATTCTTGAGAC",0.275250592940495,"singlet"
"CID44971_GATTCAGAGAGGTTAT",0.0934175880042801,"singlet"
"CID44971_GCAAACTCAAGTAATG",0.337288625429766,"doublet"
"CID44971_GCACTCTTCGTGACAT",0.174648385290693,"singlet"
"CID44971_GCATGATCATGCCTTC",0.248570554706229,"singlet"
"CID44971_GCGAGAATCACGCGGT",0.118736387315459,"singlet"
"CID44971_GCGCAGTTCCCAAGAT",0.0965877722702685,"singlet"
"CID44971_GCTGCAGGTGCACTTA",0.123081536371126,"singlet"
"CID44971_GCTGCGATCATCGATG",0.299659949285416,"singlet"
"CID44971_GCTGCGATCCACTCCA",0.232650586718107,"singlet"
"CID44971_GCTGGGTCACGGTGTC",0.117447295680375,"singlet"
"CID44971_GCTTGAAAGATACACA",0.144475870601614,"singlet"
"CID44971_GGATTACAGCACACAG",0.111554287672754,"singlet"
"CID44971_GGCAATTTCGGCGCAT",0.156829683957989,"singlet"
"CID44971_GGCGACTTCGTTGCCT",0.114921960989475,"singlet"
"CID44971_GGGACCTGTAAGCACG",0.255404859204867,"singlet"
"CID44971_GGGATGAGTTCTGGTA",0.507041215109478,"doublet"
"CID44971_GGTGAAGGTAAATGAC",0.402617133830315,"doublet"
"CID44971_GGTGCGTGTTCATGGT",0.181799496362665,"singlet"
"CID44971_GTATCTTTCAATACCG",0.181553279024091,"singlet"
"CID44971_GTCACAACATGTCTCC",0.177475106773647,"singlet"
"CID44971_GTCTCGTGTCGAATCT",0.324204132910659,"singlet"
"CID44971_GTCTTCGTCAGTTTGG",0.105352971785618,"singlet"
"CID44971_GTGAAGGAGGCTATCT",0.0896758599584906,"singlet"
"CID44971_GTGAAGGGTACCGAGA",0.165100423798476,"singlet"
"CID44971_GTTCGGGTCACAAACC",0.20248005318111,"singlet"
"CID44971_TACACGATCTCGTATT",0.125937719217816,"singlet"
"CID44971_TACCTATCAGCTCGAC",0.168815074175905,"singlet"
"CID44971_TACGGGCAGCGCCTCA",0.334944113916089,"doublet"
"CID44971_TACGGGCGTCGGCTCA",0.176575453238068,"singlet"
"CID44971_TACTCATTCTCTGTCG",0.159677526106754,"singlet"
"CID44971_TAGGCATTCCTAGGGC",0.196052210052537,"singlet"
"CID44971_TAGTGGTAGTCCGGTC",0.0900688080054149,"singlet"
"CID44971_TCAATCTCATGCATGT",0.284033942776442,"singlet"
"CID44971_TCACGAAGTGGTTTCA",0.493540201411203,"doublet"
"CID44971_TCAGCTCGTAATTGGA",0.296015055610639,"singlet"
"CID44971_TCAGGTATCGTCTGCT",0.214905577386636,"singlet"
"CID44971_TCGCGTTAGGCTATCT",0.103949258466617,"singlet"
"CID44971_TCGGGACGTGGCAAAC",0.168548137970235,"singlet"
"CID44971_TCGGGACTCGGCATCG",0.143524850683852,"singlet"
"CID44971_TCGGGACTCTAACTGG",0.179488163815395,"singlet"
"CID44971_TCGGTAAAGGAGTACC",0.0917088232842448,"singlet"
"CID44971_TCTTCGGTCCTTCAAT",0.110651649190965,"singlet"
"CID44971_TGACAACAGCTGCAAG",0.153177146075086,"singlet"
"CID44971_TGACGGCGTCAGATAA",0.139937797250498,"singlet"
"CID44971_TGACTTTGTCGGATCC",0.165198416771128,"singlet"
"CID44971_TGAGGGACAGTCCTTC",0.133895061017905,"singlet"
"CID44971_TGCACCTTCTTTAGGG",0.275686063824075,"singlet"
"CID44971_TGCCCTAAGTCCATAC",0.249862484380297,"singlet"
"CID44971_TGCCCTATCATTCACT",0.135504770355485,"singlet"
"CID44971_TGGCCAGGTCACTTCC",0.0862569419857565,"singlet"
"CID44971_TGGCTGGCAACTGCTA",0.25580482989898,"singlet"
"CID44971_TGGCTGGCATACTACG",0.18596909982718,"singlet"
"CID44971_TGTGTTTGTCTGCCAG",0.17048903294069,"singlet"
"CID44971_TGTTCCGCAGGAATCG",0.131393327370481,"singlet"
"CID44971_TTATGCTGTAGCTCCG",0.128416780113245,"singlet"
"CID44971_TTCCCAGGTAGCTTGT",0.221448952525816,"singlet"
"CID44971_TTCTCCTTCAGCAACT",0.308761778302014,"singlet"
"CID44971_TTGAACGCATTGGTAC",0.115103423755972,"singlet"
"CID44971_TTGACTTGTCCTCTTG",0.0618272667260276,"singlet"
"CID44971_TTGTAGGAGTGAACAT",0.397193884959855,"doublet"
"CID44971_TTTATGCGTCTCCATC",0.22088755916665,"singlet"
"CID44971_GGAACTTGTCAAACTC",0.142128150466706,"singlet"
"CID44971_AACACGTCACCAGGTC",0.378321724923316,"doublet"
"CID44971_ATCTACTAGTCCGGTC",0.0886367406412331,"singlet"
"CID44971_CACACAATCTCTTATG",0.0498826623682699,"singlet"
"CID44971_CAGCATAAGCTAGCCC",0.0662375119950626,"singlet"
"CID44971_GTCACAAGTCATCCCT",0.348698665057831,"doublet"
"CID44971_TTCTCAAAGCGATGAC",0.05198659167139,"singlet"
"CID44971_AAACCTGCAATGGAGC",0.55418399218153,"doublet"
"CID44971_AAACCTGGTTAGTGGG",0.17415688663786,"singlet"
"CID44971_AGCTCCTTCAGAGGTG",0.334202781974874,"doublet"
"CID44971_CTGGTCTTCATGTCTT",0.335577679412651,"doublet"
"CID44971_CTGTGCTCAGACAGGT",0.118349361681382,"singlet"
"CID44971_TAGAGCTTCGTGACAT",0.149668603862155,"singlet"
"CID44971_TCACAAGGTCGACTAT",0.106302820753567,"singlet"
"CID44971_TGTTCCGGTCAAGCGA",0.122593286978452,"singlet"
"CID44971_TTCCCAGTCAGAGGTG",0.20082379012125,"singlet"
"CID44971_TTTCCTCCATCGGTTA",0.122028200523513,"singlet"
"CID44971_AGCGGTCCATGGGAAC",0.32661756752063,"singlet"
"CID44971_TAAACCGAGGTAAACT",0.339544261288022,"doublet"
"CID44971_GAGCAGATCTTTAGTC",0.0788175892375869,"singlet"
"CID44971_GGACATTTCAGCATGT",0.326874200130183,"singlet"
"CID44971_TTCGAAGTCTTGAGAC",0.17807840647053,"singlet"
"CID44971_AAATGCCGTGGGTCAA",0.318194774725047,"singlet"
"CID44971_AACACGTAGGATGGTC",0.058166265622371,"singlet"
"CID44971_AACTCAGAGATGGGTC",0.181980652604012,"singlet"
"CID44971_AAGCCGCCAACTGCGC",0.145470756446152,"singlet"
"CID44971_AAGGTTCAGCCATCGC",0.160728176833945,"singlet"
"CID44971_ACACCAAGTAGCCTCG",0.12614993148678,"singlet"
"CID44971_ACATGGTTCATTATCC",0.296466942621025,"singlet"
"CID44971_ACCGTAAAGCAGCCTC",0.16623711624026,"singlet"
"CID44971_ACGAGCCGTCGCTTCT",0.178383331158227,"singlet"
"CID44971_ACGGGCTTCCTAGGGC",0.0458086318416607,"singlet"
"CID44971_ACGGGCTTCTTGTCAT",0.0883412248514045,"singlet"
"CID44971_ACGTCAAGTGTGACGA",0.400674109078708,"doublet"
"CID44971_ACTGAACGTGCAGTAG",0.23736236606806,"singlet"
"CID44971_ACTGATGAGATCCCAT",0.0726385763640893,"singlet"
"CID44971_ACTGCTCAGGAGCGTT",0.0302476742211691,"singlet"
"CID44971_AGCCTAAGTACCCAAT",0.36499663003541,"doublet"
"CID44971_AGCTCTCTCACCGTAA",0.115547575330517,"singlet"
"CID44971_AGTGGGACAGTCGTGC",0.136540765310328,"singlet"
"CID44971_ATAACGCGTCGAGATG",0.120213021256845,"singlet"
"CID44971_ATCATCTTCAGTCCCT",0.0628133794312057,"singlet"
"CID44971_ATCCGAACATCGGTTA",0.0497627267946098,"singlet"
"CID44971_ATGGGAGGTGTCCTCT",0.176447248183675,"singlet"
"CID44971_ATTTCTGTCATTCACT",0.0465892455394001,"singlet"
"CID44971_CAAGATCCATTACCTT",0.0661351403340733,"singlet"
"CID44971_CAAGGCCAGTACTTGC",0.155039658887205,"singlet"
"CID44971_CAAGGCCGTTGGGACA",0.1591572899058,"singlet"
"CID44971_CACTCCATCTTTACAC",0.104159221817238,"singlet"
"CID44971_CAGAATCTCAGTTTGG",0.0587556723034274,"singlet"
"CID44971_CAGCTGGCAGTAACGG",0.522789066141753,"doublet"
"CID44971_CAGTCCTGTTGAACTC",0.0166881422320245,"singlet"
"CID44971_CATATGGTCATGCAAC",0.0937533946485116,"singlet"
"CID44971_CATATTCCATCAGTCA",0.0517594329490055,"singlet"
"CID44971_CATCCACAGCAGCCTC",0.202732868694275,"singlet"
"CID44971_CATGCCTCAAGAAAGG",0.216189418566907,"singlet"
"CID44971_CATTCGCGTAAATGAC",0.0834255191895232,"singlet"
"CID44971_CCAGCGATCAAACAAG",0.463881205177929,"doublet"
"CID44971_CGAGAAGGTGTGGCTC",0.200563063375393,"singlet"
"CID44971_CGAGCCAGTGCCTGGT",0.161449971122831,"singlet"
"CID44971_CGCGTTTCAGGTTTCA",0.0750392790135696,"singlet"
"CID44971_CGGACACCACAGAGGT",0.386436877890823,"doublet"
"CID44971_CGTGTAAAGTCGCCGT",0.120939424380302,"singlet"
"CID44971_CGTTCTGAGCCAGGAT",0.235184067523614,"singlet"
"CID44971_CTACGTCTCGGCCGAT",0.161920243687168,"singlet"
"CID44971_CTCTGGTTCGGCGGTT",0.158783443745696,"singlet"
"CID44971_GACACGCCACTACAGT",0.204282319996916,"singlet"
"CID44971_GACGCGTGTCAGCTAT",0.171062036520451,"singlet"
"CID44971_GCAGTTATCTTTACGT",0.11858675944879,"singlet"
"CID44971_GCGCGATCAGGATTGG",0.0503795074933663,"singlet"
"CID44971_GCTTCCAAGGGATGGG",0.120452007574209,"singlet"
"CID44971_GCTTGAACACCTGGTG",0.115835949807523,"singlet"
"CID44971_GGCTCGAAGCCAGAAC",0.147776481363559,"singlet"
"CID44971_GGGACCTCATCACAAC",0.256490087636877,"singlet"
"CID44971_GTATCTTTCTGAAAGA",0.136941415428267,"singlet"
"CID44971_GTCTCGTGTGCAGACA",0.0685118301091682,"singlet"
"CID44971_GTGTGCGGTGTATGGG",0.102981605476503,"singlet"
"CID44971_GTTAAGCAGTCCGTAT",0.184515926789356,"singlet"
"CID44971_GTTCTCGAGCCAGGAT",0.162539564751024,"singlet"
"CID44971_GTTCTCGGTTGATTCG",0.517964279620132,"doublet"
"CID44971_TAAACCGGTCTAGTGT",0.056382127478913,"singlet"
"CID44971_TACCTTACACCCTATC",0.217890300932845,"singlet"
"CID44971_TACGGGCCAGTAAGCG",0.0930992898245329,"singlet"
"CID44971_TACTTGTAGTGCGATG",0.247096285141108,"singlet"
"CID44971_TAGTTGGGTGGTTTCA",0.0827224670442488,"singlet"
"CID44971_TCAACGATCGTTGCCT",0.161249221442528,"singlet"
"CID44971_TCAGATGAGACTACAA",0.124036662538309,"singlet"
"CID44971_TCAGGATTCACCGGGT",0.0732985340336791,"singlet"
"CID44971_TCAGGTAAGACTAGGC",0.161007134802092,"singlet"
"CID44971_TCATTTGCAGGCAGTA",0.0519175723377679,"singlet"
"CID44971_TCGCGAGTCCAAATGC",0.117973086334788,"singlet"
"CID44971_TCGGTAAAGTTAAGTG",0.108595864302334,"singlet"
"CID44971_TCGTACCTCGAATCCA",0.204925333912083,"singlet"
"CID44971_TCTGGAAAGCGTGAGT",0.322002924674863,"singlet"
"CID44971_TGACGGCAGCTGCCCA",0.27981109274229,"singlet"
"CID44971_TGACGGCTCTCTGTCG",0.100954320106155,"singlet"
"CID44971_TGAGAGGCACATGTGT",0.322430517212714,"singlet"
"CID44971_TGATTTCTCTGATTCT",0.0674764776379454,"singlet"
"CID44971_TGCTACCGTTCGAATC",0.154884981482542,"singlet"
"CID44971_TGGACGCGTATGGTTC",0.140398522149594,"singlet"
"CID44971_TGGGCGTAGTACCGGA",0.123184693838938,"singlet"
"CID44971_TGTGGTAGTACCAGTT",0.143898283652562,"singlet"
"CID44971_TGTTCCGAGCTTCGCG",0.0928291281681715,"singlet"
"CID44971_TTAGGCAGTTCACCTC",0.173242798072086,"singlet"
"CID44971_TTAGGCATCGAACTGT",0.0950036345459819,"singlet"
"CID44971_TTCTCAACATGCTAGT",0.26120596387074,"singlet"
"CID44971_TTGGAACCAAAGAATC",0.124439747838581,"singlet"
"CID44971_TTTACTGAGCGGATCA",0.119341828756961,"singlet"
"CID44971_TTTATGCAGTCCAGGA",0.158970380912264,"singlet"
"CID44971_ATCTGCCGTACGAAAT",0.367843389280353,"doublet"
"CID44971_CGAGCACAGGATTCGG",0.247545960798175,"singlet"
"CID44971_CTCGGGAGTATATCCG",0.537650560147638,"doublet"
"CID44971_GGACAAGAGAAGGCCT",0.403926829310958,"doublet"
"CID44971_AAAGTAGCATACGCCG",0.044069837277403,"singlet"
"CID44971_AGAGTGGAGCTGCCCA",0.029509235705357,"singlet"
"CID44971_AGGGAGTTCTCCCTGA",0.047211977879584,"singlet"
"CID44971_AGGTCCGAGGCATGGT",0.099399099873206,"singlet"
"CID44971_CCAGCGAAGATCTGCT",0.0644852544158397,"singlet"
"CID44971_CCTCAGTCAATTCCTT",0.0401092208056989,"singlet"
"CID44971_CTAGCCTAGCGATGAC",0.0232686609736325,"singlet"
"CID44971_GACAGAGCAAACTGTC",0.0783729044392319,"singlet"
"CID44971_GATGCTAGTACTCGCG",0.0705811156360509,"singlet"
"CID44971_GCTTCCACACGGTAAG",0.0304339691792062,"singlet"
"CID44971_GGAACTTGTTTGTGTG",0.111302947127873,"singlet"
"CID44971_TATCTCAGTCTCGTTC",0.0360582705441302,"singlet"
"CID44971_TGATTTCGTAAATGTG",0.0381423280864908,"singlet"
"CID44971_ACACCAAAGGTGCAAC",0.0325155141852075,"singlet"
"CID44971_AGCAGCCAGACTAGAT",0.0582585316741918,"singlet"
"CID44971_CATCAGATCTTACCTA",0.0313216733446313,"singlet"
"CID44971_CGCGGTACATGGATGG",0.0593088680849008,"singlet"
"CID44971_GGCTCGATCGGACAAG",0.0504134003406897,"singlet"
"CID44971_GGGACCTTCGAGCCCA",0.053596943072305,"singlet"
"CID44971_TGTGTTTCATCACGTA",0.148847923535008,"singlet"
"CID44971_AGATCTGTCGGAAACG",0.0877710435887759,"singlet"
"CID44971_AACTGGTAGCCGTCGT",0.281190957488056,"singlet"
"CID44971_ACACTGAAGTAGTGCG",0.175173443805869,"singlet"
"CID44971_ACAGCTACAAGTCATC",0.615673851259511,"doublet"
"CID44971_AGCTCCTCACGGCCAT",0.329356962415417,"doublet"
"CID44971_AGGCCGTGTACCTACA",0.267963164603274,"singlet"
"CID44971_ATCGAGTTCTTGGGTA",0.17712349586431,"singlet"
"CID44971_CACATTTGTATGCTTG",0.181878248367118,"singlet"
"CID44971_CACCACTTCTGCGGCA",0.442568057257424,"doublet"
"CID44971_CAGCAGCCAAGTTGTC",0.36520730476776,"doublet"
"CID44971_CATGACAAGTTGAGTA",0.36428003299652,"doublet"
"CID44971_CCTTCGAGTGGACGAT",0.307855934946779,"singlet"
"CID44971_CCTTCGATCACCCTCA",0.448414707225001,"doublet"
"CID44971_CGATGTAGTAAAGTCA",0.296463697493831,"singlet"
"CID44971_CGGGTCACATCGGACC",0.303590179126794,"singlet"
"CID44971_CTAGCCTGTCAAGCGA",0.358895901612782,"doublet"
"CID44971_GACCTGGGTTTGGGCC",0.359481762088728,"doublet"
"CID44971_GACGTGCAGGACATTA",0.295134043234952,"singlet"
"CID44971_GCATGTATCTAACTTC",0.359966982741121,"doublet"
"CID44971_GCCTCTAGTCATCGGC",0.15995527626368,"singlet"
"CID44971_GCGAGAATCCCTTGCA",0.342545741423519,"doublet"
"CID44971_GGAGCAAGTCTAGCGC",0.331631178409087,"doublet"
"CID44971_GGCAATTCAACTTGAC",0.520849607005253,"doublet"
"CID44971_GGCCGATTCCCTGACT",0.282637504290316,"singlet"
"CID44971_GTAACGTCAAAGGCGT",0.321222992352733,"singlet"
"CID44971_GTACGTACACGGTAAG",0.19139759677848,"singlet"
"CID44971_TAAGAGAGTTAGATGA",0.478853775924966,"doublet"
"CID44971_TACTCATCACACCGAC",0.537012118463278,"doublet"
"CID44971_TCGAGGCTCATGCTCC",0.446624202010175,"doublet"
"CID44971_TCTTCGGTCTCGTATT",0.363193190808574,"doublet"
"CID44971_TGCGTGGAGTATTGGA",0.4649536175835,"doublet"
"CID44971_TTTGCGCAGCCGGTAA",0.554712000692462,"doublet"
"CID44971_ACTGCTCGTCGTTGTA",0.29031431237617,"singlet"
"CID44971_AGAGTGGGTCTCAACA",0.253817480931952,"singlet"
"CID44971_ATCATGGTCACAGGCC",0.316453797217555,"singlet"
"CID44971_TTCTCAAGTGCGCTTG",0.195623516649248,"singlet"
"CID44971_TTGCCGTGTCAAAGCG",0.162125030742127,"singlet"
"CID44971_AAACCTGGTGGCTCCA",0.184075799710951,"singlet"
"CID44971_AACCGCGCATCGGGTC",0.252234507769613,"singlet"
"CID44971_AACTCAGAGGATGTAT",0.377564542611632,"doublet"
"CID44971_AACTGGTGTAAACACA",0.645095464778528,"doublet"
"CID44971_AAGCCGCCATGTAGTC",0.39164699451532,"doublet"
"CID44971_AAGGCAGGTACAGCAG",0.123994719818608,"singlet"
"CID44971_ACCAGTAAGTTAAGTG",0.213276185736865,"singlet"
"CID44971_ACCAGTATCGTGGACC",0.321548768212122,"singlet"
"CID44971_ACCCACTCATATGAGA",0.213000412600599,"singlet"
"CID44971_ACCGTAAAGAAACCTA",0.283374573314407,"singlet"
"CID44971_ACGAGGAAGCGTCAAG",0.358629521032769,"doublet"
"CID44971_ACGAGGACACTATCTT",0.218923648192634,"singlet"
"CID44971_ACGCAGCCAAAGTGCG",0.310791975391612,"singlet"
"CID44971_ACGGAGATCCGAGCCA",0.381790814842567,"doublet"
"CID44971_ACGGAGATCGGTTAAC",0.396725233845476,"doublet"
"CID44971_ACGGCCAAGCTAAACA",0.336199538394169,"doublet"
"CID44971_ACTATCTTCACCGGGT",0.316052476410587,"singlet"
"CID44971_ACTATCTTCAGAGCTT",0.223203113035604,"singlet"
"CID44971_ACTTACTTCAGGCCCA",0.260583035086179,"singlet"
"CID44971_AGACGTTGTCCAGTGC",0.269932417283853,"singlet"
"CID44971_AGACGTTTCGATCCCT",0.291865071407588,"singlet"
"CID44971_AGAGCGAAGGCTAGCA",0.407433981610939,"doublet"
"CID44971_AGAGTGGGTCCGAAGA",0.587010973881765,"doublet"
"CID44971_AGCCTAAAGATGTCGG",0.354078521739285,"doublet"
"CID44971_AGCCTAAAGTATGACA",0.375270075019838,"doublet"
"CID44971_AGCCTAATCGGCTACG",0.29853411781101,"singlet"
"CID44971_AGCGTCGCAATTGCTG",0.214967627082365,"singlet"
"CID44971_AGCTCTCGTACTCTCC",0.376900060525352,"doublet"
"CID44971_AGGGAGTGTGCACTTA",0.347972693332061,"doublet"
"CID44971_AGGTCATGTCACCTAA",0.34854320083604,"doublet"
"CID44971_AGGTCATTCGGAAACG",0.296586516373912,"singlet"
"CID44971_AGTGAGGTCCACGTGG",0.0539628971211361,"singlet"
"CID44971_AGTGGGACATGCATGT",0.0942058377701211,"singlet"
"CID44971_AGTTGGTAGGGCTCTC",0.0552497784803197,"singlet"
"CID44971_ATCATCTGTCAAAGAT",0.246129170922634,"singlet"
"CID44971_ATCATGGAGAAGGTGA",0.381502066344537,"doublet"
"CID44971_ATCCACCGTTCCGGCA",0.0582701929147654,"singlet"
"CID44971_ATCCGAAAGCTACCTA",0.305502980727802,"singlet"
"CID44971_ATCGAGTCAGACAAGC",0.238530208479597,"singlet"
"CID44971_ATCTGCCAGGCTCAGA",0.545498122260147,"doublet"
"CID44971_ATTACTCGTTATTCTC",0.158300449399742,"singlet"
"CID44971_CAACCTCTCCATGAAC",0.475542699722785,"doublet"
"CID44971_CAAGAAACACCAGGCT",0.252896589786116,"singlet"
"CID44971_CAAGGCCGTCAATACC",0.245118741111471,"singlet"
"CID44971_CACACAAGTAAGTAGT",0.323035581994927,"singlet"
"CID44971_CACAGGCCATCACCCT",0.228635692491387,"singlet"
"CID44971_CACATAGTCACGAAGG",0.438040573934203,"doublet"
"CID44971_CACATAGTCACGATGT",0.402537865413136,"doublet"
"CID44971_CACATTTGTGCATCTA",0.0687376688028318,"singlet"
"CID44971_CACATTTGTGGTACAG",0.264798077041717,"singlet"
"CID44971_CACCACTAGCTGGAAC",0.243004723832102,"singlet"
"CID44971_CACCAGGCACCACCAG",0.290735462225451,"singlet"
"CID44971_CACTCCATCTGGCGAC",0.193671557744623,"singlet"
"CID44971_CAGCCGAAGAGCCTAG",0.260530260949657,"singlet"
"CID44971_CAGCGACAGTAACCCT",0.396869849708389,"doublet"
"CID44971_CAGCGACTCAGCAACT",0.332724625259501,"doublet"
"CID44971_CATATTCGTTACGCGC",0.1874020072303,"singlet"
"CID44971_CATCGAACAGGCGATA",0.0460788018450279,"singlet"
"CID44971_CATGCCTTCATGCATG",0.277612439255797,"singlet"
"CID44971_CATGGCGAGAGCTTCT",0.298066933383017,"singlet"
"CID44971_CCACGGACAAGGTTCT",0.29081360550407,"singlet"
"CID44971_CCACTACAGGACGAAA",0.394545437407809,"doublet"
"CID44971_CCCAGTTTCAGTTTGG",0.0939067200801993,"singlet"
"CID44971_CCCTCCTTCGAACGGA",0.263419310251939,"singlet"
"CID44971_CCTAAAGTCTTCTGGC",0.381263649206512,"doublet"
"CID44971_CCTACACCACTAGTAC",0.464285564459927,"doublet"
"CID44971_CCTACCAAGGGAGTAA",0.554145825150911,"doublet"
"CID44971_CCTCAGTGTGCCTGGT",0.319043551623729,"singlet"
"CID44971_CCTCAGTTCCTATTCA",0.268122405961981,"singlet"
"CID44971_CCTTCCCGTAGCACGA",0.0931193959259228,"singlet"
"CID44971_CGAATGTTCGTACCGG",0.334346661699978,"doublet"
"CID44971_CGAGAAGGTAAATGTG",0.207930601026332,"singlet"
"CID44971_CGATCGGGTCGCGGTT",0.120761349496497,"singlet"
"CID44971_CGCCAAGCATCCGCGA",0.314462581805565,"singlet"
"CID44971_CGGACGTTCACCCTCA",0.413497932488462,"doublet"
"CID44971_CGGAGCTTCGGAATCT",0.276423617563876,"singlet"
"CID44971_CGTCACTAGTTTAGGA",0.257762538454366,"singlet"
"CID44971_CGTCAGGGTGTATGGG",0.323103416100307,"singlet"
"CID44971_CGTCTACTCCTTGCCA",0.262785353332897,"singlet"
"CID44971_CGTGAGCCAAAGGTGC",0.0937756851840477,"singlet"
"CID44971_CGTGTAAGTACCGTAT",0.294989193874399,"singlet"
"CID44971_CGTGTAAGTTCAGCGC",0.265259996417374,"singlet"
"CID44971_CGTGTCTAGTGCAAGC",0.279494218884838,"singlet"
"CID44971_CTAACTTGTCCGACGT",0.0629009276809348,"singlet"
"CID44971_CTACGTCGTAACGCGA",0.295769924710278,"singlet"
"CID44971_CTCAGAATCTAAGCCA",0.152249717834675,"singlet"
"CID44971_CTCCTAGCATCCGTGG",0.490779417628323,"doublet"
"CID44971_CTCGGGACATGGAATA",0.26928890071021,"singlet"
"CID44971_CTCGTACTCCGCGCAA",0.0717668379435312,"singlet"
"CID44971_CTCGTACTCTTGCCGT",0.269885165164366,"singlet"
"CID44971_CTCTAATAGTCTCAAC",0.407648674032495,"doublet"
"CID44971_CTGATCCCACATTCGA",0.368522826205549,"doublet"
"CID44971_CTTAGGAGTTAGAACA",0.264554539102942,"singlet"
"CID44971_GAAACTCTCTGTCAAG",0.068739723744614,"singlet"
"CID44971_GAACCTAAGCTGAAAT",0.320302695632244,"singlet"
"CID44971_GAACCTATCACCCTCA",0.429312306979326,"doublet"
"CID44971_GAAGCAGGTGATAAAC",0.512712193677064,"doublet"
"CID44971_GAATGAAAGGAATGGA",0.337979243353774,"doublet"
"CID44971_GACACGCCACACAGAG",0.356066812114942,"doublet"
"CID44971_GACAGAGAGGGAACGG",0.288528292233797,"singlet"
"CID44971_GACCAATCACTGAAGG",0.43326431825414,"doublet"
"CID44971_GACGCGTAGGTAAACT",0.272991291827458,"singlet"
"CID44971_GACGGCTAGCCTATGT",0.602236425966478,"doublet"
"CID44971_GACTAACCACAAGCCC",0.204348462704719,"singlet"
"CID44971_GACTGCGGTCCTCTTG",0.311431966871258,"singlet"
"CID44971_GAGTCCGCAGCAGTTT",0.198971580111827,"singlet"
"CID44971_GATCAGTAGCTCTCGG",0.33301587395193,"doublet"
"CID44971_GATCGTAAGGTAAACT",0.293768712750155,"singlet"
"CID44971_GATGAAATCGGCTTGG",0.352120711078414,"doublet"
"CID44971_GATGAGGGTTATGTGC",0.320038664285698,"singlet"
"CID44971_GCACATAAGGTACTCT",0.300535048424823,"singlet"
"CID44971_GCACTCTGTTTCCACC",0.365274764832262,"doublet"
"CID44971_GCATGATGTAGGCATG",0.314058490465037,"singlet"
"CID44971_GCGACCAGTCCCTTGT",0.300981299217326,"singlet"
"CID44971_GCGAGAACACTATCTT",0.389473560056328,"doublet"
"CID44971_GCTGCGAAGGGCACTA",0.0671468277312066,"singlet"
"CID44971_GCTTGAAAGATGCCTT",0.362953277888983,"doublet"
"CID44971_GCTTGAAAGTCTCAAC",0.406499513632739,"doublet"
"CID44971_GGAATAACAGCTTAAC",0.307111964849245,"singlet"
"CID44971_GGAATAACATCTATGG",0.175126296700906,"singlet"
"CID44971_GGACGTCTCCTTTACA",0.390097064680129,"doublet"
"CID44971_GGATTACAGTTATCGC",0.195406507479812,"singlet"
"CID44971_GGGACCTTCCGTTGTC",0.390223335151819,"doublet"
"CID44971_GGGCACTCACTCAGGC",0.151346061809096,"singlet"
"CID44971_GGGCATCGTAAGTAGT",0.284552078788867,"singlet"
"CID44971_GGGCATCGTACAGTTC",0.571043440536405,"doublet"
"CID44971_GGTGCGTTCTAACTCT",0.348780723218407,"doublet"
"CID44971_GTAACTGCACGCATCG",0.0846347764713228,"singlet"
"CID44971_GTCACAAAGCCACCTG",0.447103219947575,"doublet"
"CID44971_GTCACAACAATGTAAG",0.356372116697588,"doublet"
"CID44971_GTCATTTAGGAGTTTA",0.0243724366266804,"singlet"
"CID44971_GTCATTTAGTGTGGCA",0.39681335752391,"doublet"
"CID44971_GTCCTCAAGGACAGAA",0.175210628736312,"singlet"
"CID44971_GTCGGGTCATACTCTT",0.292286922254352,"singlet"
"CID44971_GTCGTAAGTTCCGGCA",0.245139836876709,"singlet"
"CID44971_GTGCAGCCATCAGTCA",0.285449050032067,"singlet"
"CID44971_GTGCGGTGTGCTTCTC",0.2571018012272,"singlet"
"CID44971_GTGCTTCGTAGCTTGT",0.303120187319283,"singlet"
"CID44971_GTGGGTCCATTGGTAC",0.153289286457899,"singlet"
"CID44971_GTGTTAGCAACACGCC",0.344445301709812,"doublet"
"CID44971_GTTCGGGAGGATGTAT",0.291524802168805,"singlet"
"CID44971_GTTCTCGTCTACCAGA",0.14066153009416,"singlet"
"CID44971_TAAACCGGTTACAGAA",0.281757989811021,"singlet"
"CID44971_TAAGAGATCCAGTAGT",0.283820792318979,"singlet"
"CID44971_TACACGACAGGCGATA",0.417706690403927,"doublet"
"CID44971_TACCTATTCTGTCTCG",0.169278179115566,"singlet"
"CID44971_TACGGATCATGCAATC",0.279760037307307,"singlet"
"CID44971_TACGGGCCAAGTAGTA",0.373902625073772,"doublet"
"CID44971_TACTCGCGTACCTACA",0.0879721538052049,"singlet"
"CID44971_TATGCCCAGAGCCCAA",0.297936997566669,"singlet"
"CID44971_TATGCCCGTTAAGAAC",0.217670516425608,"singlet"
"CID44971_TATTACCCATGTAGTC",0.346704487548743,"doublet"
"CID44971_TCAATCTTCGCCGTGA",0.342139798501796,"doublet"
"CID44971_TCACGAATCCACGCAG",0.703620515821425,"doublet"
"CID44971_TCAGGATAGTAGGTGC",0.338387690165279,"doublet"
"CID44971_TCAGGTACATGTCTCC",0.27878890959294,"singlet"
"CID44971_TCATTTGAGTGAAGAG",0.105619513684982,"singlet"
"CID44971_TCGTAGACATACAGCT",0.170737931634967,"singlet"
"CID44971_TCTGAGAGTGCAACGA",0.339228902221235,"doublet"
"CID44971_TCTTTCCGTCGACTAT",0.273538709398273,"singlet"
"CID44971_TGACGGCGTCAGAAGC",0.259370090105529,"singlet"
"CID44971_TGACTAGAGGATGGTC",0.373979147234743,"doublet"
"CID44971_TGAGAGGGTATCACCA",0.314912397283234,"singlet"
"CID44971_TGAGCATCATGTCTCC",0.282245403873931,"singlet"
"CID44971_TGAGGGAGTCAAAGCG",0.303928197048114,"singlet"
"CID44971_TGCCCTAAGGGTCGAT",0.27084540880542,"singlet"
"CID44971_TGCTACCGTACGAAAT",0.156511059722562,"singlet"
"CID44971_TGGACGCCAAGCTGAG",0.305932044020584,"singlet"
"CID44971_TGGCCAGGTACATCCA",0.348659707222772,"doublet"
"CID44971_TGGCTGGGTGGGTATG",0.348880461437086,"doublet"
"CID44971_TGGCTGGGTTATGCGT",0.534315536021105,"doublet"
"CID44971_TGGGCGTGTCAGAAGC",0.0786067758937969,"singlet"
"CID44971_TGGGCGTGTGTGGTTT",0.309128080945586,"singlet"
"CID44971_TGTGGTAAGCCCAGCT",0.300272071243229,"singlet"
"CID44971_TGTGTTTCATCGGGTC",0.324229682882822,"singlet"
"CID44971_TTCGAAGCAACACCCG",0.347402165670628,"doublet"
"CID44971_TTCGGTCCACGCCAGT",0.272243758260979,"singlet"
"CID44971_TTCTCAAAGAAGGCCT",0.354872915866129,"doublet"
"CID44971_TTCTCAATCCTGTAGA",0.389572310095456,"doublet"
"CID44971_TTCTCCTGTCTCCATC",0.385857789719918,"doublet"
"CID44971_TTGACTTGTAGCTAAA",0.233312607701339,"singlet"
"CID44971_TTGCGTCCAGATAATG",0.353599170586985,"doublet"
"CID44971_TTGGCAATCGGCTACG",0.0883311595934674,"singlet"
"CID44971_GCGGGTTAGATATGCA",0.113756570107676,"singlet"
"CID44971_AGGTCCGTCTCCCTGA",0.470281779578475,"doublet"
"CID44971_GTAGGCCTCACATGCA",0.465922477473068,"doublet"
"CID44971_AACGTTGTCCGTCATC",0.224934139809344,"singlet"
"CID44971_ACTATCTTCAACTCTT",0.242074203650851,"singlet"
"CID44971_AGAGTGGTCCTGCCAT",0.283357422250807,"singlet"
"CID44971_CACCACTGTGTTAAGA",0.34160278366929,"doublet"
"CID44971_CAGCTAATCGTTACAG",0.309476214180808,"singlet"
"CID44971_CCGTTCAAGAGATGAG",0.313885721372508,"singlet"
"CID44971_CCGTTCAAGATAGTCA",0.253707293239062,"singlet"
"CID44971_CTAGCCTGTCGAGTTT",0.33375355431108,"doublet"
"CID44971_CTCGGGATCCGCAAGC",0.220261273101769,"singlet"
"CID44971_GTGTGCGGTACAGACG",0.487260465914183,"doublet"
"CID44971_GTGTTAGAGACAAAGG",0.308037174509531,"singlet"
"CID44971_TACCTTAGTTCGCGAC",0.259868969195999,"singlet"
"CID44971_TCATTACAGACCTAGG",0.503511970598631,"doublet"
"CID44971_CCGTACTGTTCGTGAT",0.319403974781608,"singlet"
"CID44971_CTGGTCTCACGGTAAG",0.0890123167549924,"singlet"
"CID44971_GGCCGATTCACCAGGC",0.506885775841849,"doublet"
"CID44971_AAATGCCCACCAGTTA",0.107711269771686,"singlet"
"CID44971_AACTCTTGTAAGTAGT",0.135061601395885,"singlet"
"CID44971_AAGTCTGTCACGACTA",0.126275861003281,"singlet"
"CID44971_ACCTTTAAGATACACA",0.123317651151654,"singlet"
"CID44971_AGATTGCAGGGTCGAT",0.219953332242105,"singlet"
"CID44971_AGCATACCACAGGCCT",0.348229343746541,"doublet"
"CID44971_AGCTCCTCAAGGCTCC",0.0974666179467571,"singlet"
"CID44971_AGGCCACTCGAGAACG",0.123830724819448,"singlet"
"CID44971_AGTGTCATCCAACCAA",0.517564282502313,"doublet"
"CID44971_ATGGGAGGTCTCGTTC",0.164505873932197,"singlet"
"CID44971_CGAGCCACAGAAGCAC",0.273841050510982,"singlet"
"CID44971_CGTCACTAGACATAAC",0.243464401648436,"singlet"
"CID44971_CGTCCATTCCGGCACA",0.137002050076044,"singlet"
"CID44971_CGTGTAAAGGAGTTTA",0.112487515937478,"singlet"
"CID44971_CTAATGGAGAATGTGT",0.48827401424935,"doublet"
"CID44971_CTAATGGCATGCCACG",0.284531723352889,"singlet"
"CID44971_CTCACACAGCCCAGCT",0.143544520214015,"singlet"
"CID44971_CTGCTGTAGAGCTGCA",0.0923457072033257,"singlet"
"CID44971_CTTAGGAGTTCCGTCT",0.198050719794178,"singlet"
"CID44971_CTTTGCGGTGAGGGAG",0.127099091155157,"singlet"
"CID44971_CTTTGCGGTTATGCGT",0.250250161905774,"singlet"
"CID44971_GAACGGAGTCAATACC",0.0825546998844368,"singlet"
"CID44971_GCACATAAGCTGTCTA",0.23099220666274,"singlet"
"CID44971_GCATGATAGCACCGCT",0.135271218192521,"singlet"
"CID44971_GCGCAACTCACATGCA",0.132959714143364,"singlet"
"CID44971_GCTCTGTAGGCAATTA",0.194835153651209,"singlet"
"CID44971_GGCGTGTGTGATGTGG",0.0869199358416878,"singlet"
"CID44971_GGGACCTGTCATTAGC",0.104367196141947,"singlet"
"CID44971_GTAACTGGTCTCAACA",0.150715215521636,"singlet"
"CID44971_GTCCTCATCCAAACAC",0.170885411259525,"singlet"
"CID44971_GTCGTAAGTCCTGCTT",0.104811352956304,"singlet"
"CID44971_TATCAGGTCTAACTGG",0.0900659555528041,"singlet"
"CID44971_TGACAACGTTACCGAT",0.158326905684624,"singlet"
"CID44971_TGACTAGCAAGGTGTG",0.548503341844406,"doublet"
"CID44971_TGATTTCTCAGCTCTC",0.116314892802328,"singlet"
"CID44971_TTCTACAAGAGTACCG",0.155514668741206,"singlet"
"CID44971_TTGCCGTGTGCACGAA",0.432359025662555,"doublet"
"CID44971_TTGTAGGCATCGGACC",0.138859149805807,"singlet"
"CID44971_TTGTAGGGTATTCTCT",0.144945008286956,"singlet"
"CID44971_TTTGCGCGTAAAGTCA",0.273091666272909,"singlet"
"CID44971_AACTCCCGTCTCTTAT",0.308865747973706,"singlet"
"CID44971_ACATGGTTCTGCCAGG",0.201773256818797,"singlet"
"CID44971_AGACGTTCATTCGACA",0.697101407747906,"doublet"
"CID44971_AGGGATGCATTGGCGC",0.256742826317405,"singlet"
"CID44971_CACAAACTCATGTCTT",0.15543573446278,"singlet"
"CID44971_CAGCAGCTCAAACAAG",0.300519521738854,"singlet"
"CID44971_CATCGAATCTACTTAC",0.25302030403162,"singlet"
"CID44971_CCACTACTCGAACGGA",0.271300987121148,"singlet"
"CID44971_CCGTGGATCTCGCTTG",0.187768488345948,"singlet"
"CID44971_CGAGCCAAGGACTGGT",0.240221490302465,"singlet"
"CID44971_CGTGAGCTCTCATTCA",0.274058965867269,"singlet"
"CID44971_CGTGTAATCGATAGAA",0.156295662444817,"singlet"
"CID44971_CTACACCTCATCATTC",0.170069962608789,"singlet"
"CID44971_CTAGCCTCACAAGTAA",0.132747455828402,"singlet"
"CID44971_CTGAAGTGTAAGAGGA",0.404124874355522,"doublet"
"CID44971_GAACATCCAAAGCAAT",0.182624388856782,"singlet"
"CID44971_GAATAAGTCAAGCCTA",0.191863831773948,"singlet"
"CID44971_GACGCGTTCAAACCGT",0.206137612664826,"singlet"
"CID44971_GGGTTGCAGAAACCGC",0.256137673848235,"singlet"
"CID44971_GTCGTAAGTACATCCA",0.242804074163467,"singlet"
"CID44971_GTCTTCGTCTGCCAGG",0.176621935273829,"singlet"
"CID44971_GTGGGTCTCCATGAAC",0.239728234937489,"singlet"
"CID44971_TATCTCAGTGTTTGGT",0.271679103777837,"singlet"
"CID44971_TGCCCTATCAAACGGG",0.233228037922055,"singlet"
"CID44971_TGTTCCGAGTGAACGC",0.208275118665537,"singlet"
"CID44971_TTAGGACCAGCATGAG",0.283986253077856,"singlet"
"CID44971_TTGACTTTCAAGCCTA",0.284586907467962,"singlet"
"CID44971_CTAGAGTAGGTCGGAT",0.244327109132035,"singlet"
"CID44971_ACACTGAAGGCTAGAC",0.258384135318554,"singlet"
"CID44971_GTACTTTAGGAGCGTT",0.266479109026349,"singlet"
"CID44971_GTTCATTTCGGAATCT",0.251646679708457,"singlet"
"CID44971_AAGCCGCAGGATGGAA",0.252625110612662,"singlet"
"CID44971_ACGATGTGTACTTCTT",0.322735381554549,"singlet"
"CID44971_CAACTAGGTTCGCGAC",0.300328029020552,"singlet"
"CID44971_CACAAACAGCACACAG",0.239818607004602,"singlet"
"CID44971_CATTATCTCCTTGGTC",0.216904045598869,"singlet"
"CID44971_CCAGCGATCCAATGGT",0.157912852179576,"singlet"
"CID44971_CGATCGGGTTGTCTTT",0.234471241310906,"singlet"
"CID44971_CGTAGGCGTCTAGTGT",0.113015136959046,"singlet"
"CID44971_CTGCCTAAGTCTCAAC",0.241430814872068,"singlet"
"CID44971_CTGCTGTAGATCCTGT",0.215883056383312,"singlet"
"CID44971_CTTCTCTCACCACCAG",0.259416051043333,"singlet"
"CID44971_GATTCAGTCTGTTTGT",0.214085633290705,"singlet"
"CID44971_GCTGCAGTCTGAGTGT",0.141945293234512,"singlet"
"CID44971_GGACAGATCTGGAGCC",0.220653107141907,"singlet"
"CID44971_GTGCGGTTCGGCGGTT",0.262579719205574,"singlet"
"CID44971_TCTGAGAGTCGCTTTC",0.249600357229007,"singlet"
"CID44971_TGTGTTTCATCAGTCA",0.263764842602268,"singlet"
"CID44971_TTTATGCTCTGCTGCT",0.253215853862986,"singlet"
"CID44971_CGACCTTGTTCACGGC",0.100308369788378,"singlet"
"CID44971_GAACCTATCTCGATGA",0.11577979252633,"singlet"
"CID44971_AAAGCAAGTCGACTAT",0.271212227069136,"singlet"
"CID44971_ACCGTAACACCGTTGG",0.311173818838114,"singlet"
"CID44971_ACGATACCAGCCACCA",0.242037904802875,"singlet"
"CID44971_AGCGTCGGTCGAACAG",0.223568917157191,"singlet"
"CID44971_CACCTTGAGCAATATG",0.12676768368404,"singlet"
"CID44971_CCTTCGAGTGTATGGG",0.260862784205417,"singlet"
"CID44971_CGGGTCAGTAAAGGAG",0.372474398877868,"doublet"
"CID44971_CGTCAGGAGACAGACC",0.208640134081683,"singlet"
"CID44971_CTCGTCATCTGTCCGT",0.312063984290385,"singlet"
"CID44971_CTGCCTACATCCCATC",0.21781704708618,"singlet"
"CID44971_GCACATATCCTGTAGA",0.27687057301686,"singlet"
"CID44971_GCGCAGTCAGACACTT",0.214120772237199,"singlet"
"CID44971_GGCGACTCAGACGCTC",0.309838050063647,"singlet"
"CID44971_GGGCACTCATCTGGTA",0.210987613054233,"singlet"
"CID44971_GGTGCGTTCACAGTAC",0.208844291033683,"singlet"
"CID44971_AACGTTGCATTATCTC",0.390720595842049,"doublet"
"CID44971_ACACCGGCAAGCTGAG",0.255643640430581,"singlet"
"CID44971_ACACTGACAATGGATA",0.260879070862835,"singlet"
"CID44971_ACCTTTATCGCATGGC",0.283249469767014,"singlet"
"CID44971_ACGCCGAAGCAGCGTA",0.27216326061145,"singlet"
"CID44971_ACGTCAAAGAACTCGG",0.14452589630667,"singlet"
"CID44971_AGAATAGTCGCGTTTC",0.118974152170682,"singlet"
"CID44971_AGAGCTTAGCGTGTCC",0.524404546187475,"doublet"
"CID44971_AGATTGCAGCTGTTCA",0.300288904164738,"singlet"
"CID44971_AGCGGTCGTTCAGTAC",0.225250456227893,"singlet"
"CID44971_AGCTCTCAGCTGTTCA",0.279907805155085,"singlet"
"CID44971_AGGGAGTAGAAGAAGC",0.21272113964354,"singlet"
"CID44971_AGGTCATTCCTTCAAT",0.33781002310722,"doublet"
"CID44971_AGGTCCGCAAGGTTCT",0.248944554634538,"singlet"
"CID44971_AGTAGTCGTCCAACTA",0.112359097608095,"singlet"
"CID44971_AGTGTCAGTTTCGCTC",0.171993322862934,"singlet"
"CID44971_ATCACGAGTCGAAAGC",0.203455209410504,"singlet"
"CID44971_ATGGGAGCAATGGTCT",0.223559548475608,"singlet"
"CID44971_CAACCTCAGCCGATTT",0.122129597191301,"singlet"
"CID44971_CACATTTCACGAAAGC",0.231040766845704,"singlet"
"CID44971_CAGCGACAGCACACAG",0.278458692864808,"singlet"
"CID44971_CAGCGACGTGTTTGTG",0.109265216687366,"singlet"
"CID44971_CCCAATCTCCAAGCCG",0.190556005709908,"singlet"
"CID44971_CCGTACTCAGACGCTC",0.200922974995691,"singlet"
"CID44971_CCTAAAGCACACGCTG",0.279393175449634,"singlet"
"CID44971_CCTAGCTTCAGGTTCA",0.183972654869974,"singlet"
"CID44971_CGCCAAGAGCTAGTGG",0.247870761110715,"singlet"
"CID44971_CGGACGTAGCGACGTA",0.238333082137843,"singlet"
"CID44971_CTAATGGGTGAGTGAC",0.248488482789815,"singlet"
"CID44971_CTACACCCACTGTTAG",0.130573175742888,"singlet"
"CID44971_CTCTGGTAGTGTCCAT",0.243955104156521,"singlet"
"CID44971_GAACGGAAGCTCCTTC",0.550815921119285,"doublet"
"CID44971_GAAGCAGGTAGAAAGG",0.499329978327245,"doublet"
"CID44971_GACGGCTCATCGGAAG",0.117563150572262,"singlet"
"CID44971_GACGTTATCACGGTTA",0.15479900074847,"singlet"
"CID44971_GATCGTAGTTTGTTGG",0.195396002435824,"singlet"
"CID44971_GCGCAGTTCTTATCTG",0.227368554673656,"singlet"
"CID44971_GCGCGATGTAGAAAGG",0.249882783026064,"singlet"
"CID44971_GGAGCAAAGCCACGTC",0.34154438565872,"doublet"
"CID44971_GGATTACTCTTTACAC",0.513712100121873,"doublet"
"CID44971_GGCTCGAGTGCACGAA",0.120537865163587,"singlet"
"CID44971_GGGTCTGAGCGTAATA",0.256377981454316,"singlet"
"CID44971_GTATTCTCACTTAACG",0.119398372536738,"singlet"
"CID44971_GTCACAATCGCCAAAT",0.32681556266312,"singlet"
"CID44971_GTCACGGTCGCACTCT",0.181629632487803,"singlet"
"CID44971_GTCATTTTCTAACGGT",0.612160959585181,"doublet"
"CID44971_GTGCGGTAGCCATCGC",0.27475321180909,"singlet"
"CID44971_GTGCTTCGTCTCATCC",0.185420968596908,"singlet"
"CID44971_TAAGAGAGTCGCATAT",0.166726714910983,"singlet"
"CID44971_TCAGGTATCAGTGTTG",0.229260181559672,"singlet"
"CID44971_TCGAGGCAGAAGGTTT",0.187724440343787,"singlet"
"CID44971_TCGGTAAAGTGGCACA",0.236316701880326,"singlet"
"CID44971_TTGACTTTCACCATAG",0.163685181189913,"singlet"
"CID44971_TTGGCAATCCGAATGT",0.264271922743909,"singlet"
"CID44971_CTGAAACGTTAAGATG",0.744501739482343,"doublet"
"CID44971_AAACGGGTCTGACCTC",0.202493476177591,"singlet"
"CID44971_AGAGCGATCACTATTC",0.25893001654856,"singlet"
"CID44971_AGCCTAAAGAACAACT",0.217436955550246,"singlet"
"CID44971_CAACCTCAGTGTTTGC",0.231022855541683,"singlet"
"CID44971_CACATAGTCGTACCGG",0.260166647313758,"singlet"
"CID44971_CCTAGCTCATGTCCTC",0.227924310247285,"singlet"
"CID44971_CGGACTGTCCCGGATG",0.275912682835393,"singlet"
"CID44971_GCGCAACCAGTATAAG",0.325482608166864,"singlet"
"CID44971_GCTGCTTTCGCCGTGA",0.260863272465908,"singlet"
"CID44971_GTAACTGAGGCTCATT",0.225298275331093,"singlet"
"CID44971_GTGGGTCCACCGAAAG",0.238440912177917,"singlet"
"CID44971_TCCCGATCACTGTCGG",0.113964597930885,"singlet"
"CID44971_TCTCATATCCAGATCA",0.188056174028298,"singlet"
"CID44971_AGTCTTTTCTGTCTAT",0.199567049139097,"singlet"
"CID44971_CAGGTGCGTTGAGGTG",0.164022056872265,"singlet"
"CID44971_AGCCTAATCATCTGCC",0.261327405424923,"singlet"
"CID44971_GCTGGGTAGAAGGTTT",0.323894244002244,"singlet"
"CID44971_ACTGAACTCTTGCATT",0.236470213698104,"singlet"
"CID44971_TCATTACGTTCTGTTT",0.246004262876461,"singlet"
"CID44971_AATCCAGCAAGTAATG",0.301651576583212,"singlet"
"CID44971_ACAGCCGTCCCAAGAT",0.149859358540668,"singlet"
"CID44971_ACGGGCTCAGTAAGCG",0.284345077196728,"singlet"
"CID44971_ACTGATGCAGGTTTCA",0.226254489600047,"singlet"
"CID44971_AGCAGCCAGATAGGAG",0.273218926142944,"singlet"
"CID44971_AGTCTTTGTTAAGACA",0.120706771445481,"singlet"
"CID44971_ATCATCTCAAGGGTCA",0.244877521290025,"singlet"
"CID44971_ATGGGAGGTTGCCTCT",0.205501908829972,"singlet"
"CID44971_ATTACTCAGCTGATAA",0.547167007716862,"doublet"
"CID44971_CACACCTCATTGGGCC",0.18741342451517,"singlet"
"CID44971_CACCACTGTACCGTAT",0.119642266894596,"singlet"
"CID44971_CAGAGAGAGAATGTGT",0.172391462764381,"singlet"
"CID44971_CAGGTGCTCGAGCCCA",0.222255247551767,"singlet"
"CID44971_CATATTCGTCAAGCGA",0.209621141024399,"singlet"
"CID44971_CCAATCCGTAGGCTGA",0.155590187870385,"singlet"
"CID44971_CCCAGTTTCCCTAACC",0.170837431174464,"singlet"
"CID44971_CCCATACCACCAGATT",0.109612206063651,"singlet"
"CID44971_CCGTACTAGTGAACAT",0.134354477171604,"singlet"
"CID44971_CCGTTCAAGTGGAGTC",0.173806880456989,"singlet"
"CID44971_CCTTCCCTCGGTCTAA",0.093165602166803,"singlet"
"CID44971_CCTTTCTCACTGTCGG",0.112277602017275,"singlet"
"CID44971_CGACTTCCAGACGTAG",0.20265472230431,"singlet"
"CID44971_CGAGCCACAAGTACCT",0.24333295986951,"singlet"
"CID44971_CGCGTTTGTCTTGTCC",0.249788033859746,"singlet"
"CID44971_CGCTTCAAGGACATTA",0.267094759508845,"singlet"
"CID44971_CGCTTCACATCACCCT",0.123351894442368,"singlet"
"CID44971_CGTTAGAAGTCTTGCA",0.279641182277877,"singlet"
"CID44971_CTAAGACTCACTATTC",0.18049918820636,"singlet"
"CID44971_CTAGCCTAGAGTAAGG",0.209022196293686,"singlet"
"CID44971_CTCGAAACAATGGATA",0.191971491686293,"singlet"
"CID44971_CTCGGAGTCCAAACTG",0.150254126030281,"singlet"
"CID44971_CTCGGAGTCCAGTAGT",0.208673673057502,"singlet"
"CID44971_CTGAAACTCTCCAGGG",0.189031160589,"singlet"
"CID44971_CTGATCCTCAGGCGAA",0.18744210576464,"singlet"
"CID44971_CTGGTCTTCCTCATTA",0.133003821124973,"singlet"
"CID44971_CTGTTTAGTTGGACCC",0.166836275141658,"singlet"
"CID44971_GAAATGATCCAGATCA",0.199360175293566,"singlet"
"CID44971_GAACATCCAAGGTGTG",0.662620491120974,"doublet"
"CID44971_GACTACAGTTCAACCA",0.340093145283781,"doublet"
"CID44971_GAGTCCGTCTATCCCG",0.175892204733695,"singlet"
"CID44971_GATGCTATCAGAGACG",0.180442292344203,"singlet"
"CID44971_GCACTCTCAATGGATA",0.172469448833386,"singlet"
"CID44971_GCAGCCAAGACTACAA",0.254849758477662,"singlet"
"CID44971_GCAGTTATCCAGGGCT",0.214257948834105,"singlet"
"CID44971_GGACAAGGTCTGGTCG",0.233201897284461,"singlet"
"CID44971_GGGCACTCAGTTTACG",0.220727806948316,"singlet"
"CID44971_GTCAAGTAGGGATCTG",0.239370915685941,"singlet"
"CID44971_GTGCGGTCAGCGATCC",0.515857785270568,"doublet"
"CID44971_GTGTTAGGTATATGAG",0.202317011311432,"singlet"
"CID44971_TAAGAGATCCGTACAA",0.21855489284854,"singlet"
"CID44971_TACGGGCGTCTCTCGT",0.253386217698885,"singlet"
"CID44971_TACTTGTGTGTTCTTT",0.191534094364869,"singlet"
"CID44971_TAGACCATCATACGGT",0.170869850628349,"singlet"
"CID44971_TGCGGGTTCCGTCATC",0.249853694557318,"singlet"
"CID44971_TGCGTGGGTCGAGATG",0.196211971352807,"singlet"
"CID44971_TGTGGTAGTTTGTTTC",0.152877202934804,"singlet"
"CID44971_CACCACTGTCCAGTAT",0.146333829203034,"singlet"
"CID44971_CAGCAGCTCTGAGGGA",0.271865269392917,"singlet"
"CID44971_CATCGGGAGGGAGTAA",0.253529784601121,"singlet"
"CID44971_CCTTTCTCACAGTCGC",0.275487282969995,"singlet"
"CID44971_CTGAAGTCACAGAGGT",0.162407090327637,"singlet"
"CID44971_GACGCGTGTTTGCATG",0.0677753698030404,"singlet"
"CID44971_TCGGTAAAGGATGGAA",0.250530745081898,"singlet"
"CID44971_TTGACTTAGCGCTCCA",0.145346466974976,"singlet"
"CID44971_ACGGGCTGTTGTACAC",0.22162213633655,"singlet"
"CID44971_AGCTTGAGTGCGATAG",0.192202290921464,"singlet"
"CID44971_CATGACACAAGCTGAG",0.17824186189862,"singlet"
"CID44971_CATGACACACGTCTCT",0.278045439389949,"singlet"
"CID44971_CATGCCTGTAACGCGA",0.168198600829311,"singlet"
"CID44971_CCTTACGTCTCGATGA",0.514435542275878,"doublet"
"CID44971_CGTGTCTTCATGCATG",0.110918361429498,"singlet"
"CID44971_CTACATTCATGAACCT",0.158059670340605,"singlet"
"CID44971_CTGATCCTCCTAGAAC",0.212220467772417,"singlet"
"CID44971_GAATGAAGTGTCTGAT",0.0991730431973402,"singlet"
"CID44971_GCTTCCATCAGCTCGG",0.135550152383461,"singlet"
"CID44971_GGAATAAAGTACGCCC",0.121596815232432,"singlet"
"CID44971_TACCTATAGTCTCCTC",0.189871184135371,"singlet"
"CID44971_TACCTTAAGCTAGCCC",0.0957308399417959,"singlet"
"CID44971_TAGGCATTCCTCAATT",0.190353452054284,"singlet"
"CID44971_CATCCACAGCACACAG",0.0511276259753373,"singlet"
"CID44971_CCAATCCCAGCCTTTC",0.324323594744818,"singlet"
"CID44971_ACACCGGTCTAACGGT",0.111016259151051,"singlet"
"CID44971_AAAGTAGGTTCCACTC",0.118217338969028,"singlet"
"CID44971_ATAACGCTCTCCCTGA",0.0836035339293039,"singlet"
"CID44971_CATCGAAAGTGCTGCC",0.157662176077707,"singlet"
"CID44971_CGTTCTGGTGCTTCTC",0.121094125819666,"singlet"
"CID44971_CTAAGACAGTACACCT",0.184144840622478,"singlet"
"CID44971_CTCGGGAAGGATGGTC",0.138042552803263,"singlet"
"CID44971_GCTCTGTGTCCTCTTG",0.200080804949448,"singlet"
"CID44971_GGACATTTCGTTTAGG",0.101937434937983,"singlet"
"CID44971_GGGTCTGAGTGTCCCG",0.0814276812625941,"singlet"
"CID44971_TACTCATAGCTACCGC",0.249703719682604,"singlet"
"CID44971_TCGGGACAGCTAAGAT",0.170296918659405,"singlet"
"CID44971_CAAGATCGTTCTGAAC",0.112619921981889,"singlet"
"CID44971_CAAGTTGCAGGCGATA",0.17603857376055,"singlet"
"CID44971_CACAGTAGTGTGAAAT",0.122492324326872,"singlet"
"CID44971_CCCATACTCTTACCGC",0.0701411107658209,"singlet"
"CID44971_CCTATTACAGCAGTTT",0.183583390643014,"singlet"
"CID44971_CGTTCTGGTACAGCAG",0.174012458273503,"singlet"
"CID44971_GTGAAGGGTGCAACGA",0.167866480043103,"singlet"
"CID44971_TGTATTCTCTATCCTA",0.211367391994036,"singlet"
"CID44971_AACCGCGTCAACACAC",0.10536516316735,"singlet"
"CID44971_ATAAGAGGTCGGCACT",0.224842890521571,"singlet"
"CID44971_CCTTCCCCAATGAATG",0.0829804979203785,"singlet"
"CID44971_GCGCGATGTATGAATG",0.233089765122251,"singlet"
"CID44971_GTGTGCGAGCTTTGGT",0.246108033340927,"singlet"
"CID44971_TACGGGCCACCGTTGG",0.115744691261681,"singlet"
"CID44971_TTTATGCCATCTCGCT",0.209578523500136,"singlet"
"CID44971_CGATGTAGTTTGCATG",0.232105701368559,"singlet"
"CID44971_TTTACTGAGGGTCGAT",0.169643883937554,"singlet"
"CID44971_TTTCCTCCAGGAATCG",0.151092134733265,"singlet"
"CID44971_CATGCCTAGCGATCCC",0.18662003136235,"singlet"
"CID44971_CGTTCTGTCGGAGCAA",0.298070763571534,"singlet"
"CID44971_AGTGTCACAAGTTCTG",0.340633524843603,"doublet"
"CID44971_ATTATCCGTTATCACG",0.117096729667309,"singlet"
"CID44971_ATTGGACCAAACGTGG",0.160421914738331,"singlet"
"CID44971_CAAGAAAAGTAAGTAC",0.0860092322067221,"singlet"
"CID44971_CAAGGCCCATATGCTG",0.152017429409392,"singlet"
"CID44971_CAGTAACTCATGGTCA",0.379808919517954,"doublet"
"CID44971_CATTATCGTTCGAATC",0.193148345785512,"singlet"
"CID44971_CATTCGCTCCGTAGGC",0.220722114284454,"singlet"
"CID44971_CCCTCCTAGTAGTGCG",0.194693111892817,"singlet"
"CID44971_CCTAAAGGTACAGACG",0.275027138159699,"singlet"
"CID44971_CCTTACGAGATGTGTA",0.170227274468948,"singlet"
"CID44971_CTACACCAGACCACGA",0.0998337972831871,"singlet"
"CID44971_CTACCCAAGCGTGTCC",0.397742873858378,"doublet"
"CID44971_CTACGTCAGATATACG",0.376395819478908,"doublet"
"CID44971_CTGCCTATCCGAACGC",0.218721689333705,"singlet"
"CID44971_GCATGCGAGTCCGGTC",0.364213209207617,"doublet"
"CID44971_GCCAAATCACTTACGA",0.202285770650825,"singlet"
"CID44971_GCGCCAAGTTTACTCT",0.0839957058165956,"singlet"
"CID44971_GGCGTGTTCTGTCTCG",0.152624561491347,"singlet"
"CID44971_GGGAATGAGAATTCCC",0.233191746326947,"singlet"
"CID44971_GTAGGCCAGTACGCCC",0.148877559145698,"singlet"
"CID44971_GTGCATAGTAAGTGGC",0.552046624549902,"doublet"
"CID44971_TACGGATTCCGTCATC",0.258239201301276,"singlet"
"CID44971_TTAACTCGTCACACGC",0.207998188382892,"singlet"
"CID44971_AGGCCACAGAATGTTG",0.10443748806728,"singlet"
"CID44971_AGGGTGAGTTCGCGAC",0.151525701275925,"singlet"
"CID44971_GTTCTCGTCATCATTC",0.209795140279337,"singlet"
"CID44971_GAACGGAAGAGTCTGG",0.277327349743327,"singlet"
"CID44971_TCATTTGCATACTACG",0.134355638302483,"singlet"
"CID44971_AAACGGGCAGATCCAT",0.168830301794522,"singlet"
"CID44971_AACGTTGAGTGAAGAG",0.243716873051143,"singlet"
"CID44971_AAGGAGCCACCCAGTG",0.204599132512672,"singlet"
"CID44971_ACACCGGTCAGCTGGC",0.219426118330853,"singlet"
"CID44971_ACAGCTACAAAGCAAT",0.194205560577993,"singlet"
"CID44971_ACATACGAGAGCTATA",0.251132877511401,"singlet"
"CID44971_ACATCAGAGGGTGTTG",0.209898863210901,"singlet"
"CID44971_ACGATGTGTTGCGTTA",0.218466510857405,"singlet"
"CID44971_ACTTACTAGACCTTTG",0.331957821987225,"doublet"
"CID44971_AGCGTCGTCAGTGCAT",0.244190753336801,"singlet"
"CID44971_AGGTCATAGAATAGGG",0.217423810143269,"singlet"
"CID44971_AGTTGGTTCAGTTCGA",0.547495943377849,"doublet"
"CID44971_ATCATCTCACCAGGCT",0.16077270663425,"singlet"
"CID44971_ATTCTACGTCTAGAGG",0.220865891372349,"singlet"
"CID44971_ATTGGTGAGGACACCA",0.231399418012585,"singlet"
"CID44971_CACATTTGTGGTTTCA",0.185021550097034,"singlet"
"CID44971_CACCAGGCACTTACGA",0.284392703972776,"singlet"
"CID44971_CATATGGCACCAGATT",0.363747957924478,"doublet"
"CID44971_CATATTCCAAAGTCAA",0.295864524050469,"singlet"
"CID44971_CCCTCCTAGGGAACGG",0.167800908053308,"singlet"
"CID44971_CCGTACTAGCCAGGAT",0.262036556811846,"singlet"
"CID44971_CCGTACTGTAGCGTGA",0.243982307529195,"singlet"
"CID44971_CCTACCAGTAGGGTAC",0.210335533217515,"singlet"
"CID44971_CGAATGTGTAAACACA",0.205091443561329,"singlet"
"CID44971_CGATGTAGTTACGTCA",0.23135721152877,"singlet"
"CID44971_CGGGTCAGTTGGTTTG",0.239995801791165,"singlet"
"CID44971_CGTGAGCCAACACCCG",0.248509819705289,"singlet"
"CID44971_CGTGTCTTCCTAGAAC",0.370233675054094,"doublet"
"CID44971_CTAGTGAGTTATCACG",0.193581714800401,"singlet"
"CID44971_CTCACACAGGAGTACC",0.201184207782378,"singlet"
"CID44971_CTCAGAAGTTACTGAC",0.300852449011258,"singlet"
"CID44971_CTGATAGCAGCATGAG",0.208625182378123,"singlet"
"CID44971_GACTGCGCAATGACCT",0.277208771539771,"singlet"
"CID44971_GAGTCCGAGGACACCA",0.233096243708817,"singlet"
"CID44971_GATGCTAGTCACTTCC",0.219174238547791,"singlet"
"CID44971_GATTCAGAGATATGGT",0.250206362150814,"singlet"
"CID44971_GCAGCCATCTGTCAAG",0.190906613516329,"singlet"
"CID44971_GCGCGATAGTACACCT",0.222878672132868,"singlet"
"CID44971_GCGCGATGTTCAGGCC",0.173866084871474,"singlet"
"CID44971_GGGACCTGTGTAATGA",0.200404679917106,"singlet"
"CID44971_GGGAGATAGACGCACA",0.264786396906898,"singlet"
"CID44971_GTAACGTGTGTAATGA",0.129739934143235,"singlet"
"CID44971_GTAACGTTCTTAGAGC",0.245320326638603,"singlet"
"CID44971_GTGTGCGCATAAAGGT",0.210322885611594,"singlet"
"CID44971_TAAGTGCCATGGGAAC",0.226820375932309,"singlet"
"CID44971_TAGACCATCCCTAATT",0.234960078540526,"singlet"
"CID44971_TATTACCAGATGCCTT",0.264797624012333,"singlet"
"CID44971_TCATTACGTCGACTAT",0.138088368279215,"singlet"
"CID44971_TCGGGACCAATGAAAC",0.228441817585139,"singlet"
"CID44971_TCGTACCGTGTGCCTG",0.342175703680654,"doublet"
"CID44971_TGCCAAAAGTAGTGCG",0.325340386717095,"singlet"
"CID44971_TGCCAAACATTAACCG",0.287994480596744,"singlet"
"CID44971_TGGCTGGAGGTTACCT",0.191878857699403,"singlet"
"CID44971_TGTCCCAGTTAGTGGG",0.205930377571411,"singlet"
"CID44971_TTAACTCTCACGAAGG",0.182849923807071,"singlet"
"CID44971_TTAGTTCCAGCCTGTG",0.207185047238094,"singlet"
"CID44971_TTCTTAGTCCACGCAG",0.207606036632638,"singlet"
"CID44971_TTGGCAAAGCAATATG",0.184137130038047,"singlet"
"CID44971_GCATGCGTCGTTACAG",0.23317148742165,"singlet"
"CID44971_CAGAATCGTGGTCTCG",0.153687114954028,"singlet"
"CID44971_TGGTTAGAGTGGTAAT",0.248553770221182,"singlet"
"CID44971_ACCTTTATCGAGGTAG",0.174808430509608,"singlet"
"CID44971_ACTGAACTCAGCTCTC",0.150913646940898,"singlet"
"CID44971_AGTGAGGTCACCAGGC",0.221634180865104,"singlet"
"CID44971_CAAGATCCAGTCGATT",0.264432056196929,"singlet"
"CID44971_CATTCGCCACAAGACG",0.159812575627522,"singlet"
"CID44971_CCATGTCGTGGCTCCA",0.0693065690695672,"singlet"
"CID44971_CGTCACTCAGGTGCCT",0.229826212938592,"singlet"
"CID44971_CTGCGGATCGTTTAGG",0.22573261363977,"singlet"
"CID44971_GAAACTCCACCCTATC",0.102114669687904,"singlet"
"CID44971_GCAATCACACGAAACG",0.105438073256996,"singlet"
"CID44971_GCATGATGTCAAAGAT",0.169103870445209,"singlet"
"CID44971_GCTCTGTAGAAACCTA",0.287900047311766,"singlet"
"CID44971_GGGAATGTCATCGATG",0.212551940906366,"singlet"
"CID44971_TCAGGATAGTGTGAAT",0.242463932118296,"singlet"
"CID44971_TGAGCATTCTAAGCCA",0.109068442331099,"singlet"
"CID44971_AACACGTAGAGCCTAG",0.117846900156679,"singlet"
"CID44971_ACACTGAAGGACTGGT",0.186377589365741,"singlet"
"CID44971_AGAGCTTAGACACGAC",0.134522669100348,"singlet"
"CID44971_AGATTGCGTCAGTGGA",0.159414585440983,"singlet"
"CID44971_AGGGAGTTCGCACTCT",0.13025554220475,"singlet"
"CID44971_CACAGTAAGTGTTGAA",0.177236054436044,"singlet"
"CID44971_CATATTCAGTACACCT",0.152071795820412,"singlet"
"CID44971_CATCAAGCAGCTGTAT",0.204979102985284,"singlet"
"CID44971_CATCAGAGTCTTGCGG",0.137957318132071,"singlet"
"CID44971_CCCAATCGTGCCTGTG",0.16800057822272,"singlet"
"CID44971_CCCAGTTCAAGGTGTG",0.143937416471802,"singlet"
"CID44971_CCTTCCCTCAGTGCAT",0.123591541691957,"singlet"
"CID44971_CGACTTCGTCGGCACT",0.171009616520434,"singlet"
"CID44971_CGAGCCAAGAGACTTA",0.235564926595933,"singlet"
"CID44971_CGGACACCACCCATGG",0.140135927481409,"singlet"
"CID44971_CGTGTAAAGAGTAATC",0.176408337128428,"singlet"
"CID44971_CTGCTGTCAAGCGAGT",0.314122024929031,"singlet"
"CID44971_CTTACCGAGGTTCCTA",0.118892514098412,"singlet"
"CID44971_CTTAGGAGTCCGAAGA",0.150015665684828,"singlet"
"CID44971_GAAACTCAGTGCGATG",0.142080099994999,"singlet"
"CID44971_GATGAGGTCGCAAACT",0.211411769289121,"singlet"
"CID44971_GCACATAAGAGGGATA",0.14914634300704,"singlet"
"CID44971_GCATACATCCGTTGCT",0.153067656012473,"singlet"
"CID44971_GCATGCGCAGGCTGAA",0.200468673102831,"singlet"
"CID44971_GCGCCAAGTCGAATCT",0.103074923652973,"singlet"
"CID44971_GGTATTGCAAATCCGT",0.146449782101185,"singlet"
"CID44971_GTTCGGGTCGATCCCT",0.18645875392734,"singlet"
"CID44971_TACACGATCTCATTCA",0.186500319649323,"singlet"
"CID44971_TAGTTGGCATGACGGA",0.168472358976484,"singlet"
"CID44971_TGACTTTAGACGCAAC",0.130722484376515,"singlet"
"CID44971_TGAGGGAGTACATGTC",0.141698453868637,"singlet"
"CID44971_TTCGGTCCAATGACCT",0.166805487782159,"singlet"
"CID44971_TTGTAGGGTTGGTAAA",0.153346651110842,"singlet"
"CID44971_AGACGTTTCTTCGAGA",0.253604494839569,"singlet"
"CID44971_CACCACTCACGAAGCA",0.247444137630903,"singlet"
"CID44971_CCAATCCGTCCGAATT",0.421490368036458,"doublet"
"CID44971_CTCGGAGTCGTCTGCT",0.208364344585433,"singlet"
"CID44971_CTGTGCTCAGACAAAT",0.370901484791558,"doublet"
"CID44971_TAAACCGCATCAGTCA",0.280792085416982,"singlet"
"CID44971_TGTGGTACATACTACG",0.298878634317731,"singlet"
"CID44971_GGCAATTAGGCAAAGA",0.253155123590454,"singlet"
"CID44971_GCCAAATTCAGTCCCT",0.197182385435733,"singlet"
"CID44971_GTCCTCACATGGGACA",0.166107351294533,"singlet"
"CID44971_CACCACTTCGCACTCT",0.177749206094545,"singlet"
"CID44971_AACACGTTCCTTTCTC",0.142670107045525,"singlet"
"CID44971_ACACCAACACAAGACG",0.296775402084887,"singlet"
"CID44971_AGGTCATAGTGTTTGC",0.190009667888416,"singlet"
"CID44971_AGTTGGTGTAGCGCAA",0.288377349179127,"singlet"
"CID44971_ATAGACCGTGATAAGT",0.494093901249565,"doublet"
"CID44971_ATCACGATCAACACTG",0.233179438569509,"singlet"
"CID44971_ATCCACCTCGACGGAA",0.105052348004475,"singlet"
"CID44971_ATCGAGTGTTAGAACA",0.324370484670692,"singlet"
"CID44971_ATGCGATGTCACCCAG",0.391327346082293,"doublet"
"CID44971_CACCAGGGTGATGTCT",0.176434304414713,"singlet"
"CID44971_CAGTAACAGTGTACCT",0.174046528438742,"singlet"
"CID44971_CATGCCTCATTTCACT",0.233638057737197,"singlet"
"CID44971_CCGGGATGTTATCCGA",0.246625361935694,"singlet"
"CID44971_CGAACATTCAAACCAC",0.181231128779308,"singlet"
"CID44971_CGGAGTCGTTCCACTC",0.266445310856348,"singlet"
"CID44971_CGTCTACAGCTAGGCA",0.307396052969625,"singlet"
"CID44971_CGTGAGCAGGCTCATT",0.11559704343532,"singlet"
"CID44971_CTGCGGAAGATATGCA",0.183598092757442,"singlet"
"CID44971_GAGCAGATCTCTTATG",0.265995660581,"singlet"
"CID44971_GAGTCCGTCTACTCAT",0.197894857524394,"singlet"
"CID44971_GCGCAACCATTGGGCC",0.151488789705142,"singlet"
"CID44971_GGGCATCCATGCCACG",0.18644929941546,"singlet"
"CID44971_GGTATTGGTTATCCGA",0.116661909293455,"singlet"
"CID44971_GTCATTTCAATAGCAA",0.186131660089716,"singlet"
"CID44971_GTCGGGTTCATCGCTC",0.152615335345736,"singlet"
"CID44971_TCGAGGCAGACAGGCT",0.262767383064083,"singlet"
"CID44971_TGATTTCGTGAGGCTA",0.329859772435719,"doublet"
"CID44971_TGGACGCGTATAAACG",0.334289040945256,"doublet"
"CID44971_TTGAACGAGGCACATG",0.341765111929298,"doublet"
"CID44971_ATGCGATGTCTCTTTA",0.123432264331929,"singlet"
"CID44971_AACGTTGAGATAGTCA",0.164777196942364,"singlet"
"CID44971_ACGCCGAAGTACCGGA",0.394977560784231,"doublet"
"CID44971_ACTATCTGTAAACGCG",0.149474738372773,"singlet"
"CID44971_ACTTACTAGGCTAGCA",0.152471563604277,"singlet"
"CID44971_AGATTGCTCAATACCG",0.258117447279324,"singlet"
"CID44971_AGGTCATCATCCGTGG",0.213357559168079,"singlet"
"CID44971_AGGTCATGTGTGGCTC",0.282052551660507,"singlet"
"CID44971_AGTAGTCCAGACAGGT",0.205389530279438,"singlet"
"CID44971_ATTGGACGTGCGAAAC",0.237710938196082,"singlet"
"CID44971_CAAGAAACATGCCCGA",0.149613676129159,"singlet"
"CID44971_CACAGTAGTAACGTTC",0.23394858891149,"singlet"
"CID44971_CCATGTCAGTCTCCTC",0.191601658210073,"singlet"
"CID44971_CGAACATTCGCGCCAA",0.334462432201655,"doublet"
"CID44971_CGTGTCTTCTAACTCT",0.145596009904653,"singlet"
"CID44971_CTGATAGTCTAACTTC",0.164962086362926,"singlet"
"CID44971_CTTTGCGGTTCACGGC",0.2008843309227,"singlet"
"CID44971_GAGCAGAGTTCAGTAC",0.190601134917774,"singlet"
"CID44971_GCAAACTAGTAGATGT",0.0854806320894777,"singlet"
"CID44971_GCTCCTAGTACAGTTC",0.196403514716633,"singlet"
"CID44971_GCTGGGTTCTCTGAGA",0.0590467956271141,"singlet"
"CID44971_GGCTGGTAGAGTACAT",0.242241620165224,"singlet"
"CID44971_GTACTTTTCCTCATTA",0.285009592433017,"singlet"
"CID44971_GTATTCTAGTGTACGG",0.0438940951547539,"singlet"
"CID44971_GTCGTAACATGGTCTA",0.348920596278107,"doublet"
"CID44971_GTTTCTAGTACCAGTT",0.248297795202826,"singlet"
"CID44971_TACAGTGCACGGCGTT",0.236193231913828,"singlet"
"CID44971_TACTTACCAGCCTTGG",0.175466480605428,"singlet"
"CID44971_TCAGGTAGTTGGACCC",0.29240975094742,"singlet"
"CID44971_TCGTAGACAAAGCAAT",0.245823298959023,"singlet"
"CID44971_TGAAAGAGTGCATCTA",0.294793669057987,"singlet"
"CID44971_TGAAAGAGTTAAAGAC",0.303396807052663,"singlet"
"CID44971_TGACTTTCACAGGTTT",0.272607804494719,"singlet"
"CID44971_TGAGAGGGTTACGGAG",0.313281194344916,"singlet"
"CID44971_TGAGCCGGTGGCGAAT",0.188058534187908,"singlet"
"CID44971_TGGACGCGTATAGGGC",0.617888492795069,"doublet"
"CID44971_TGTGTTTAGTGTGAAT",0.203866060980394,"singlet"
"CID44971_TTAGGACTCGACCAGC",0.176524791972009,"singlet"
"CID44971_TTAGTTCTCGTCTGCT",0.248749142728795,"singlet"
"CID44971_TTATGCTAGTTACGGG",0.200784059446721,"singlet"
"CID44971_TTATGCTGTTATTCTC",0.282055721557605,"singlet"
"CID44971_TTCTTAGTCGGAGGTA",0.210414909551485,"singlet"
"CID44971_TTGACTTAGATACACA",0.236308466852994,"singlet"
"CID44971_TTTATGCAGTCTCGGC",0.214924491918438,"singlet"
"CID44971_TTTGGTTAGGAGCGTT",0.236852262567081,"singlet"
"CID44971_AACTCCCAGACTTGAA",0.148363847946548,"singlet"
"CID44971_AACCGCGTCACTTATC",0.194714163903073,"singlet"
"CID44971_AACGTTGAGCGTTGCC",0.113373510210874,"singlet"
"CID44971_ACGTCAACACGACGAA",0.181358611763167,"singlet"
"CID44971_ACTTACTTCACAGTAC",0.177033704390252,"singlet"
"CID44971_CAGTAACGTTGTCTTT",0.0953176208742439,"singlet"
"CID44971_CAGTCCTCATTGGGCC",0.244017593717256,"singlet"
"CID44971_CATGGCGCACACCGCA",0.169406332294568,"singlet"
"CID44971_CCACCTATCTCAAACG",0.263938926399889,"singlet"
"CID44971_CGATCGGAGGGATACC",0.092798032317218,"singlet"
"CID44971_CTAAGACCAATAACGA",0.201411453318892,"singlet"
"CID44971_GATCAGTAGAACTCGG",0.199559093335648,"singlet"
"CID44971_GCTTCCACAGGGTTAG",0.15951062630846,"singlet"
"CID44971_GTGGGTCTCGAGGTAG",0.213832351871027,"singlet"
"CID44971_GTGGGTCTCGCCTGTT",0.237485843212428,"singlet"
"CID44971_TAAGTGCTCATAACCG",0.11008308541517,"singlet"
"CID44971_TAGACCAGTAGGACAC",0.183313996600483,"singlet"
"CID44971_TTTGCGCTCGGACAAG",0.228321663083026,"singlet"
"CID44971_AAGGCAGAGATTACCC",0.192604913286791,"singlet"
"CID44971_ACGATGTTCGCTTAGA",0.153418171608299,"singlet"
"CID44971_ACGGGTCAGACTAAGT",0.209126660275829,"singlet"
"CID44971_ACTTACTGTCCTAGCG",0.228942820195205,"singlet"
"CID44971_ATAACGCAGCAATCTC",0.308361740021684,"singlet"
"CID44971_ATCTGCCTCTATCCTA",0.325132342291343,"singlet"
"CID44971_CATTCGCGTAGATTAG",0.156142665335346,"singlet"
"CID44971_CGGAGTCCAGACGCTC",0.276356943141204,"singlet"
"CID44971_CTCATTACAGGACCCT",0.0838393514323122,"singlet"
"CID44971_CTCGAAATCCTCGCAT",0.214643104229697,"singlet"
"CID44971_CTGAAACTCGCAGGCT",0.167240042872404,"singlet"
"CID44971_CTTGGCTAGGACAGCT",0.4170749965261,"doublet"
"CID44971_GATCAGTGTGCACGAA",0.277518270292014,"singlet"
"CID44971_GCACATAGTCTAACGT",0.253528592583883,"singlet"
"CID44971_GCATGCGCAGCTGTAT",0.261446797791882,"singlet"
"CID44971_GGGACCTTCCGTAGGC",0.226352307413988,"singlet"
"CID44971_GTATTCTTCAGCTCTC",0.271099845949779,"singlet"
"CID44971_GTGCTTCAGAAAGTGG",0.21788748413729,"singlet"
"CID44971_GTGGGTCCATCACAAC",0.217707393557244,"singlet"
"CID44971_TAGACCAGTCTAACGT",0.238384717001132,"singlet"
"CID44971_TATCTCAGTGTTCTTT",0.190037739017511,"singlet"
"CID44971_TCACGAAAGTGTACGG",0.237151663862975,"singlet"
"CID44971_TCAGCAAGTCTGCGGT",0.296589887763156,"singlet"
"CID44971_TCGCGTTAGCAGCCTC",0.143903677071996,"singlet"
"CID44971_TCGGGACAGGTCATCT",0.254732374889733,"singlet"
"CID44971_TCGGTAAAGAAACCGC",0.237828211290763,"singlet"
"CID44971_TGGTTAGAGAGGGATA",0.294868772933502,"singlet"
"CID44971_TTAGGACAGCTAAACA",0.556315137925615,"doublet"
"CID44971_TTGAACGCATCACGAT",0.244761886065411,"singlet"
"CID44971_TTGAACGTCGCTTAGA",0.19909027268806,"singlet"
"CID44971_AACCGCGTCCGTCATC",0.113590228335239,"singlet"
"CID44971_AACCGCGTCTAACTCT",0.449209750741288,"doublet"
"CID44971_AACTCCCTCTAACCGA",0.148647922494585,"singlet"
"CID44971_AAGGCAGAGCTACCTA",0.196825884613155,"singlet"
"CID44971_ACATACGGTGGCCCTA",0.250348884012812,"singlet"
"CID44971_ACATCAGAGGAGCGTT",0.0903344677550399,"singlet"
"CID44971_ACGAGCCTCACCTTAT",0.14167715823728,"singlet"
"CID44971_ACGATACCAACTGGCC",0.274894907533079,"singlet"
"CID44971_ACGGCCAAGATCCTGT",0.21012988137634,"singlet"
"CID44971_ACTGAGTCATATACGC",0.154213233518341,"singlet"
"CID44971_AGAATAGGTAAACGCG",0.28220200041354,"singlet"
"CID44971_AGGGAGTTCTCAAGTG",0.126610753119793,"singlet"
"CID44971_AGTAGTCAGTTTAGGA",0.211994698425511,"singlet"
"CID44971_AGTAGTCGTTCGCGAC",0.159526214462,"singlet"
"CID44971_ATTACTCTCAACACTG",0.176317068731008,"singlet"
"CID44971_CAACTAGTCGTTTATC",0.13671920507023,"singlet"
"CID44971_CAGAATCCACGACTCG",0.19083735962706,"singlet"
"CID44971_CATCGGGGTTTACTCT",0.166796052946813,"singlet"
"CID44971_CATGCCTAGCCACGTC",0.232270161647064,"singlet"
"CID44971_CCCTCCTAGCCCTAAT",0.167320079711772,"singlet"
"CID44971_CCGTACTCACAGTCGC",0.172239420813336,"singlet"
"CID44971_CCGTGGAAGATACACA",0.391992491119207,"doublet"
"CID44971_CCTAGCTCAAGACACG",0.172898862469649,"singlet"
"CID44971_CGAATGTTCTGTCCGT",0.147568255206787,"singlet"
"CID44971_CGATCGGCACTCGACG",0.194645940963183,"singlet"
"CID44971_CGCGGTAGTAAAGTCA",0.182847438020339,"singlet"
"CID44971_CGGACTGGTACGCACC",0.154900579174184,"singlet"
"CID44971_CGGAGCTGTTGACGTT",0.152775390862191,"singlet"
"CID44971_CGTAGCGCACAGCCCA",0.120974715827423,"singlet"
"CID44971_CGTAGGCAGATATGGT",0.280594662101824,"singlet"
"CID44971_CGTCACTTCAAGAAGT",0.137482928528668,"singlet"
"CID44971_CGTCAGGGTCCGTTAA",0.157437809933655,"singlet"
"CID44971_CGTTAGAGTAGTGAAT",0.137392754738739,"singlet"
"CID44971_CGTTGGGGTTTGACAC",0.186967759838951,"singlet"
"CID44971_CTAACTTTCTGCCAGG",0.157791942748059,"singlet"
"CID44971_CTACGTCAGGTGGGTT",0.14548008725863,"singlet"
"CID44971_CTAGAGTCAAAGTCAA",0.497988505509978,"doublet"
"CID44971_CTCAGAAAGCCTTGAT",0.108214760930519,"singlet"
"CID44971_CTCGAAACAGATGGCA",0.564597400389315,"doublet"
"CID44971_CTCTGGTTCGTCGTTC",0.121186446659074,"singlet"
"CID44971_CTGATAGCACCTATCC",0.166844079306987,"singlet"
"CID44971_CTGCCTACATCAGTCA",0.132114860609188,"singlet"
"CID44971_GAAACTCCACTTAACG",0.231871475268617,"singlet"
"CID44971_GAACCTAGTCTTCAAG",0.12568973864492,"singlet"
"CID44971_GACAGAGTCGCTAGCG",0.167943564752429,"singlet"
"CID44971_GACGTGCTCTCGAGTA",0.177847430436454,"singlet"
"CID44971_GACTAACAGATCCGAG",0.149275566259682,"singlet"
"CID44971_GACTACATCCTTTCGG",0.106013021361037,"singlet"
"CID44971_GACTGCGGTGCGAAAC",0.197487247474242,"singlet"
"CID44971_GATCGCGGTCAGCTAT",0.125972911926135,"singlet"
"CID44971_GATCGCGTCCTATGTT",0.152604623411956,"singlet"
"CID44971_GATGAAAGTCGCCATG",0.116422383917082,"singlet"
"CID44971_GCGCAGTCATTCCTGC",0.148873288687965,"singlet"
"CID44971_GCGCAGTGTAGCACGA",0.113812863931685,"singlet"
"CID44971_GGTGAAGAGGAATCGC",0.196494697189547,"singlet"
"CID44971_GTACTCCCAAGCGAGT",0.333367277193176,"doublet"
"CID44971_GTACTTTCACTGCCAG",0.167683404761004,"singlet"
"CID44971_GTACTTTTCTAACTGG",0.122721503551545,"singlet"
"CID44971_GTCGTAAGTTCATGGT",0.137239465419406,"singlet"
"CID44971_TACCTATCACCAGGCT",0.157246484445085,"singlet"
"CID44971_TACGGATAGTGCGATG",0.130329737162617,"singlet"
"CID44971_TACTCGCAGTACGACG",0.171116653524724,"singlet"
"CID44971_TACTTGTAGACAAAGG",0.139688759623631,"singlet"
"CID44971_TATCAGGTCTCATTCA",0.108968425132688,"singlet"
"CID44971_TCATTACGTCGCGTGT",0.104004825179045,"singlet"
"CID44971_TCGTAGAGTGATGCCC",0.13842644425401,"singlet"
"CID44971_TGACGGCAGCTTTGGT",0.170846005401326,"singlet"
"CID44971_TGCTGCTAGATGTAAC",0.115526466482674,"singlet"
"CID44971_TGGCCAGTCGGCGCAT",0.195066588224128,"singlet"
"CID44971_TTCTTAGTCAGCTTAG",0.113557017791235,"singlet"
"CID44971_TTTCCTCGTACAGACG",0.164498135693727,"singlet"
"CID44971_AGGCCACAGAATAGGG",0.285995304241726,"singlet"
"CID44971_ATAAGAGAGTGGAGAA",0.20138860239607,"singlet"
"CID44971_ATCGAGTGTTCCACAA",0.194723950368138,"singlet"
"CID44971_ATTACTCGTGATGATA",0.224176507994628,"singlet"
"CID44971_CACCACTTCGTCACGG",0.210218288995969,"singlet"
"CID44971_CTAGCCTGTCACAAGG",0.263051494957427,"singlet"
"CID44971_GCCTCTATCGTTTAGG",0.227516557198419,"singlet"
"CID44971_GCTTGAATCATCTGTT",0.257920913821844,"singlet"
"CID44971_GGCTCGAAGGATGCGT",0.236578597843436,"singlet"
"CID44971_GTAACGTCAAGTAGTA",0.125340590751697,"singlet"
"CID44971_GTACGTAGTAGGAGTC",0.249781182054172,"singlet"
"CID44971_GTCCTCAAGATGAGAG",0.186046882272347,"singlet"
"CID44971_TACCTATAGTCATGCT",0.207326493862278,"singlet"
"CID44971_TACCTTATCTACTCAT",0.185514032663183,"singlet"
"CID44971_TATTACCTCATTATCC",0.205964377275636,"singlet"
"CID44971_TCAATCTGTGACGGTA",0.218380214894707,"singlet"
"CID44971_TCGCGAGAGGCTCATT",0.233799063299806,"singlet"
"CID44971_TCTGGAAGTCAGAATA",0.195967676177164,"singlet"
"CID44971_TGCTGCTGTTTGGGCC",0.192943317833448,"singlet"
"CID44971_CACACTCCAATCTGCA",0.254995748385244,"singlet"
"CID44971_AGGCCGTCAGCTCCGA",0.304323770215299,"singlet"
"CID44971_CAACTAGGTAAAGTCA",0.282419335849996,"singlet"
"CID44971_CATCAGAAGCCTCGTG",0.159269458622199,"singlet"
"CID44971_CCGTACTGTGTGCCTG",0.680724396791419,"doublet"
"CID44971_CGATTGACAGCCAGAA",0.180405619240745,"singlet"
"CID44971_CGTTGGGCAGAAGCAC",0.24848159229696,"singlet"
"CID44971_GACGGCTGTCAATGTC",0.1801308768758,"singlet"
"CID44971_GACTGCGAGTGACTCT",0.11158413067716,"singlet"
"CID44971_GGTGTTACAGGGAGAG",0.194706831618503,"singlet"
"CID44971_TATCTCACACCCATTC",0.138842253578922,"singlet"
"CID44971_TGCGCAGAGTACGCGA",0.185741458204326,"singlet"
"CID44971_TTAACTCGTGTCTGAT",0.126100093080475,"singlet"
"CID44971_ACACCCTGTTCGTGAT",0.0623482499019418,"singlet"
"CID44971_ACACTGAAGATACACA",0.0575392761888673,"singlet"
"CID44971_ACCAGTATCCGTAGTA",0.0572342010185133,"singlet"
"CID44971_AGTGAGGAGCTGCAAG",0.361304791316593,"doublet"
"CID44971_ATCCGAAAGAGACTTA",0.074877089033846,"singlet"
"CID44971_CACATTTGTCATACTG",0.0255237763479433,"singlet"
"CID44971_CATGACAAGAAAGTGG",0.0253384767388815,"singlet"
"CID44971_CATGCCTAGAGAACAG",0.0760522356415382,"singlet"
"CID44971_GAACATCTCTGGTGTA",0.033333456164869,"singlet"
"CID44971_GGTATTGCACCTCGTT",0.0618985056377503,"singlet"
"CID44971_TCAGCAAAGTCATGCT",0.036180979571929,"singlet"
"CID44971_TCATTTGCAGACTCGC",0.0597785150465287,"singlet"
"CID44971_TGGGAAGGTTGTTTGG",1.86260118630282e-10,"singlet"
"CID44971_AAACCTGGTAGAGCTG",0.135620134303133,"singlet"
"CID44971_AAACCTGGTGGGTCAA",0.0416666697405818,"singlet"
"CID44971_AAACGGGAGCTCAACT",0.303906337359645,"singlet"
"CID44971_AAACGGGAGTACGTTC",0.182903420746763,"singlet"
"CID44971_AAAGATGCAAGAGGCT",0.208759478025144,"singlet"
"CID44971_AAAGCAACAATGTAAG",0.0250006576653563,"singlet"
"CID44971_AAGACCTAGCTTTGGT",0.0416666938695811,"singlet"
"CID44971_AAGGAGCCAGGATTGG",0.00833954967492896,"singlet"
"CID44971_AAGGCAGCAGACGCAA",0.0333334988812987,"singlet"
"CID44971_AAGTCTGTCTATGTGG",0.218269680239874,"singlet"
"CID44971_ACAGCCGAGCCCAATT",0.0693942879784822,"singlet"
"CID44971_ACAGCTAAGACTCGGA",0.0194051681331999,"singlet"
"CID44971_ACAGCTACAGATCCAT",0.0861182294060196,"singlet"
"CID44971_ACGAGGAAGCTCCTCT",1.23800740967258e-13,"singlet"
"CID44971_ACGCCAGAGTGCCATT",0.0567977832904261,"singlet"
"CID44971_ACGCCAGCACGGTTTA",0.0504336659057445,"singlet"
"CID44971_ACGCCAGCAGGGAGAG",0.076033291646896,"singlet"
"CID44971_ACGGGTCAGCTAACAA",0.0591400932790202,"singlet"
"CID44971_ACTGAACGTGCATCTA",0.0175814940939941,"singlet"
"CID44971_ACTGATGTCGCCATAA",0.0346075207638565,"singlet"
"CID44971_AGAATAGCAATGGATA",0.0642910772079553,"singlet"
"CID44971_AGACGTTTCCTTTACA",0.026349515966082,"singlet"
"CID44971_AGAGCGACAATGAAAC",0.0166666666666732,"singlet"
"CID44971_AGAGCGAGTCTCTTTA",0.270007462997429,"singlet"
"CID44971_AGAGCGATCATATCGG",0.025,"singlet"
"CID44971_AGAGCTTCACAAGACG",0.0448111514200765,"singlet"
"CID44971_AGAGCTTGTTGGTGGA",0.0368373773384495,"singlet"
"CID44971_AGAGCTTTCGTCTGAA",0.0799473601196575,"singlet"
"CID44971_AGAGTGGCACCTCGTT",0.0866296835843582,"singlet"
"CID44971_AGAGTGGTCTGAAAGA",0.178449283733029,"singlet"
"CID44971_AGATCTGAGCACCGCT",0.097434296270818,"singlet"
"CID44971_AGATTGCGTTGGGACA",0.0887879536799563,"singlet"
"CID44971_AGCATACAGAGTCTGG",0.0651150657152318,"singlet"
"CID44971_AGCATACGTAAGTGGC",0.0416666803007637,"singlet"
"CID44971_AGCCTAACAAAGGCGT",0.170039593275416,"singlet"
"CID44971_AGCGGTCAGAAGGTGA",0.0424409441482673,"singlet"
"CID44971_AGCGGTCCAGCTCGAC",0.0338976883962798,"singlet"
"CID44971_AGCGGTCCATGGATGG",0.0837407084449116,"singlet"
"CID44971_AGCGGTCTCTTGTATC",0.0379722849575435,"singlet"
"CID44971_AGGGATGCACATCCGG",0.0170903356564569,"singlet"
"CID44971_AGGTCATAGTAGCGGT",0.35260867021911,"doublet"
"CID44971_AGGTCATTCTTGGGTA",0.158117943645603,"singlet"
"CID44971_AGGTCCGCAAAGTGCG",0.0544148947651741,"singlet"
"CID44971_AGGTCCGTCAACGGGA",0.0999429904613503,"singlet"
"CID44971_AGTGTCAAGTATCTCG",0.0333334184826444,"singlet"
"CID44971_AGTGTCAAGTCGCCGT",0.0520901194810276,"singlet"
"CID44971_ATAAGAGAGAGTGAGA",0.0632200876645173,"singlet"
"CID44971_ATAGACCAGTTAGCGG",0.0166666668115361,"singlet"
"CID44971_ATCTACTGTGGCGAAT",0.0583333333333808,"singlet"
"CID44971_ATGCGATAGACTCGGA",0.0169797559300911,"singlet"
"CID44971_ATTGGACGTGTCTGAT",0.068035576437163,"singlet"
"CID44971_ATTGGTGTCACAACGT",0.0818678687217304,"singlet"
"CID44971_ATTTCTGAGGAGTAGA",0.00908898932901974,"singlet"
"CID44971_CAACTAGAGACAAGCC",0.0508267466035457,"singlet"
"CID44971_CAAGATCGTCGAATCT",0.0915517026156557,"singlet"
"CID44971_CAAGATCGTGCTGTAT",0.56816323343964,"doublet"
"CID44971_CACACAAGTCTAGGTT",0.0750005533509453,"singlet"
"CID44971_CACATAGTCAACACCA",0.521961461480859,"doublet"
"CID44971_CACTCCACAGCCAATT",0.0515354274080843,"singlet"
"CID44971_CACTCCAGTGTCGCTG",0.0341401559125748,"singlet"
"CID44971_CAGAATCTCGGATGGA",0.0479501723507625,"singlet"
"CID44971_CAGAGAGCACGGCCAT",0.0586952350780876,"singlet"
"CID44971_CAGCTAAGTGTTTGTG",0.0687877236462223,"singlet"
"CID44971_CAGGTGCGTGACTCAT",0.0683797929694096,"singlet"
"CID44971_CAGTCCTAGACACTAA",0.348389068074009,"doublet"
"CID44971_CATATGGAGCGCTTAT",0.0250021614789376,"singlet"
"CID44971_CATCAGATCGCTGATA",0.116334777693145,"singlet"
"CID44971_CCAATCCTCCGTCAAA",0.0931317355289988,"singlet"
"CID44971_CCGTTCAGTTAAGACA",0.0500000043538915,"singlet"
"CID44971_CCTATTAGTTGTTTGG",0.10653701909554,"singlet"
"CID44971_CCTCAGTTCATACGGT",0.109334168491537,"singlet"
"CID44971_CCTCAGTTCATTTGGG",0.033747157186493,"singlet"
"CID44971_CCTCTGACATCCTAGA",0.0419810708354537,"singlet"
"CID44971_CCTTACGGTCGGCACT",0.0416670579487967,"singlet"
"CID44971_CGAATGTAGTGCCAGA",0.234012928721603,"singlet"
"CID44971_CGACCTTAGCTACCTA",0.535492420175482,"doublet"
"CID44971_CGACCTTGTTCGCGAC",0.187947467282738,"singlet"
"CID44971_CGACTTCGTCGCCATG",0.09740598660316,"singlet"
"CID44971_CGAGAAGTCACATGCA",0.611517327532039,"doublet"
"CID44971_CGAGCCAGTCAGAATA",0.0500000005950116,"singlet"
"CID44971_CGATGTAGTAATTGGA",0.0316743773746374,"singlet"
"CID44971_CGATTGACAGTTCCCT",0.0850593254313476,"singlet"
"CID44971_CGCCAAGTCTGACCTC",0.0250001185656118,"singlet"
"CID44971_CGCGGTATCAAACGGG",0.628799271359253,"doublet"
"CID44971_CGCGTTTGTGATGTGG",0.466780922323715,"doublet"
"CID44971_CGCTATCTCTCGAGTA",0.0684490429061801,"singlet"
"CID44971_CGGACACCATGGAATA",0.574025668065014,"doublet"
"CID44971_CGGACGTGTATGAAAC",0.0250810130844565,"singlet"
"CID44971_CGGACTGAGGGAGTAA",0.0250015804034133,"singlet"
"CID44971_CGGAGCTAGGAGTCTG",0.0837407848545223,"singlet"
"CID44971_CGTTGGGTCAAACGGG",0.0674073715693142,"singlet"
"CID44971_CTAAGACAGTTTCCTT",0.108336125364845,"singlet"
"CID44971_CTACATTGTAGCGTGA",0.133415206007145,"singlet"
"CID44971_CTAGAGTTCACCGTAA",0.0166666692073411,"singlet"
"CID44971_CTAGTGAGTAAATACG",0.123815020054354,"singlet"
"CID44971_CTCTACGTCCAAAGTC",0.0416670582328301,"singlet"
"CID44971_CTGATAGCACAGCCCA",0.123753219582759,"singlet"
"CID44971_CTGCGGAAGCTAGTGG",0.189135624493693,"singlet"
"CID44971_CTGCTGTAGAATTGTG",0.0854746958574625,"singlet"
"CID44971_CTGCTGTGTTGCGCAC",0.0451537068312163,"singlet"
"CID44971_CTGCTGTTCTGGTATG",0.125632990165735,"singlet"
"CID44971_CTGGTCTTCAACACGT",0.138390005372289,"singlet"
"CID44971_CTTAGGACACAAGACG",0.716666666666667,"doublet"
"CID44971_CTTGGCTAGATGCCAG",0.0166689314797009,"singlet"
"CID44971_CTTGGCTGTTAAGTAG",0.0367522714418941,"singlet"
"CID44971_GAAACTCTCATAGCAC",0.10801255634088,"singlet"
"CID44971_GAACGGAAGAAGAAGC",0.0811298828614568,"singlet"
"CID44971_GAACGGACAATGGACG",0.0333348478297364,"singlet"
"CID44971_GAATAAGCATCAGTCA",0.0505802460188986,"singlet"
"CID44971_GACACGCAGGAGTCTG",0.336348174839186,"doublet"
"CID44971_GACGTGCTCAGTTGAC",0.0392775141141993,"singlet"
"CID44971_GACGTTACAACTGCGC",0.0602094071324857,"singlet"
"CID44971_GACGTTAGTTCCTCCA",0.175612111789652,"singlet"
"CID44971_GACTGCGAGCCCTAAT",0.0333333537081111,"singlet"
"CID44971_GATCAGTGTGGCGAAT",0.0304657849819896,"singlet"
"CID44971_GCACTCTCAGGGCATA",0.0436967995241517,"singlet"
"CID44971_GCAGCCATCAAACGGG",0.0792093817037834,"singlet"
"CID44971_GCATACACAAGTACCT",0.048034620802775,"singlet"
"CID44971_GCATGTACAAGACGTG",0.0250014997696177,"singlet"
"CID44971_GCGAGAACAGGACCCT",0.0584957410961523,"singlet"
"CID44971_GCGCAGTTCCCACTTG",0.191667844447886,"singlet"
"CID44971_GCGCGATAGAGTTGGC",0.0424536909759442,"singlet"
"CID44971_GCGGGTTAGGGATGGG",0.16604792167257,"singlet"
"CID44971_GCGGGTTCAAGTCATC",0.0400316556693557,"singlet"
"CID44971_GCTCCTAGTCGAGATG",0.0226503315188806,"singlet"
"CID44971_GCTCTGTAGGACTGGT",0.0264850009934598,"singlet"
"CID44971_GCTGCGAGTGGTGTAG",0.11323618207304,"singlet"
"CID44971_GCTGCTTCAGCTGGCT",0.0250027133507676,"singlet"
"CID44971_GCTGCTTTCCCATTAT",0.358264317960258,"doublet"
"CID44971_GGACAGATCACGATGT",0.0258093151502906,"singlet"
"CID44971_GGATGTTAGGGAACGG",0.237443093744451,"singlet"
"CID44971_GGATGTTTCATAACCG",0.0369835614732803,"singlet"
"CID44971_GGCCGATGTATATGAG",0.0349297786255721,"singlet"
"CID44971_GGCTCGAAGAAACCAT",0.0756560311838745,"singlet"
"CID44971_GGGAATGAGGTAGCTG",0.0516329487450004,"singlet"
"CID44971_GGGACCTAGGGCTTCC",0.0416666666666667,"singlet"
"CID44971_GGGTCTGAGGTGATTA",0.0741289476691551,"singlet"
"CID44971_GGTATTGAGCTGCGAA",0.0220041959492089,"singlet"
"CID44971_GGTGCGTAGCACGCCT",0.596642863469793,"doublet"
"CID44971_GGTGTTATCCTCAATT",0.288142080507202,"singlet"
"CID44971_GTAACGTGTCCATGAT",0.0851672856567597,"singlet"
"CID44971_GTACTCCAGTGCCATT",0.0416678207009625,"singlet"
"CID44971_GTAGTCACAGGATTGG",0.24075032491371,"singlet"
"CID44971_GTCACAATCGAGCCCA",0.00888901712856123,"singlet"
"CID44971_GTCCTCACATCACAAC",0.0833579623602942,"singlet"
"CID44971_GTCCTCAGTGAAGGCT",0.0166670563546545,"singlet"
"CID44971_GTCGTAAAGGGATGGG",0.0284270894693394,"singlet"
"CID44971_GTCTCGTTCTCCGGTT",0.070946764538908,"singlet"
"CID44971_GTGCATATCAGAGCTT",0.0500002646441898,"singlet"
"CID44971_GTGCATATCTCCGGTT",0.0402813269156124,"singlet"
"CID44971_GTGGGTCAGCCAGAAC",0.264422411433703,"singlet"
"CID44971_GTTAAGCCATGGTCAT",0.0166666666666667,"singlet"
"CID44971_TACACGAGTGTTTGTG",0.0166698261764301,"singlet"
"CID44971_TACAGTGAGCACCGCT",0.0422940399326684,"singlet"
"CID44971_TACGGATCAAACTGCT",0.300059908684393,"singlet"
"CID44971_TACGGTAAGTGTGGCA",0.0259881673242377,"singlet"
"CID44971_TAGAGCTCACCTTGTC",0.16880972577622,"singlet"
"CID44971_TATGCCCCATCGTCGG",0.0839414306367363,"singlet"
"CID44971_TCAACGACACCCAGTG",0.235786478244651,"singlet"
"CID44971_TCAATCTTCACAGGCC",0.0333333788211221,"singlet"
"CID44971_TCACGAAGTCCTGCTT",0.053766465170721,"singlet"
"CID44971_TCAGCTCAGGTACTCT",0.4222576095085,"doublet"
"CID44971_TCATTTGGTTAAAGAC",0.0877104170850303,"singlet"
"CID44971_TCCACACGTAAACCTC",0.0416687519945676,"singlet"
"CID44971_TCGGGACGTGTTTGGT",0.0753072049726149,"singlet"
"CID44971_TCTCATAAGATCCCAT",0.101943798805485,"singlet"
"CID44971_TCTCATAAGCCAGTTT",0.278658934819046,"singlet"
"CID44971_TCTGAGAAGTCTCGGC",0.0848964340484199,"singlet"
"CID44971_TGACGGCTCCACGTTC",0.0250001060928354,"singlet"
"CID44971_TGACTAGCATTTGCTT",0.20354476461498,"singlet"
"CID44971_TGAGAGGCACAACGTT",0.0666674750351486,"singlet"
"CID44971_TGCCCTAAGTACCGGA",0.0465625130294479,"singlet"
"CID44971_TGCGGGTAGCGATATA",0.00833333333356921,"singlet"
"CID44971_TGCGGGTTCTTACCGC",0.025000067430812,"singlet"
"CID44971_TGGCGCATCTTATCTG",0.0250010429370178,"singlet"
"CID44971_TGGGCGTCATTGAGCT",0.0631568199783253,"singlet"
"CID44971_TGTATTCGTAGATTAG",0.00833333344161987,"singlet"
"CID44971_TTAGTTCCAGTCACTA",0.0251683175306324,"singlet"
"CID44971_TTATGCTCACCGCTAG",0.0195311863542001,"singlet"
"CID44971_TTCCCAGTCGGCTTGG",0.0770311961435738,"singlet"
"CID44971_TTCGGTCCATCTATGG",0.111622416411958,"singlet"
"CID44971_TTGTAGGCACCGATAT",0.0173352882645992,"singlet"
"CID44971_TTTATGCAGGGTGTTG",0.0853287930323834,"singlet"
"CID44971_TTTCCTCAGGATGGTC",0.0315956427330594,"singlet"
"CID44971_TTTCCTCTCATGCATG",0.233284045295806,"singlet"
"CID44971_TCGTAGAAGTTACGGG",0.0030830396080927,"singlet"
"CID44971_AAACCTGAGTCAAGCG",0.243367227510168,"singlet"
"CID44971_AAACGGGAGAATTCCC",0.0250000540097022,"singlet"
"CID44971_AAACGGGAGACGCTTT",0.00833450629261201,"singlet"
"CID44971_AAAGCAATCTTTACGT",0.0416687383293241,"singlet"
"CID44971_AAATGCCTCACTTCAT",0.0916666666666671,"singlet"
"CID44971_AACACGTAGCTCAACT",0.10545111458547,"singlet"
"CID44971_AACCATGAGAGGTACC",0.00833333333589631,"singlet"
"CID44971_AACGTTGCAAGTTCTG",0.259153080438974,"singlet"
"CID44971_AACTCCCTCCGTAGGC",0.058333606074154,"singlet"
"CID44971_AACTGGTTCTGCTTGC",0.0135971184409928,"singlet"
"CID44971_AAGCCGCCACGAAACG",0.0969886367468779,"singlet"
"CID44971_AAGGAGCGTCCTCCAT",0.025000002331787,"singlet"
"CID44971_AAGGTTCTCCAACCAA",0.0338253425627012,"singlet"
"CID44971_AATCCAGGTGGTCCGT",0.037864873544724,"singlet"
"CID44971_AATCGGTAGCTAGTGG",0.0361155739987103,"singlet"
"CID44971_ACACCAAAGATCGGGT",0.0666668031220582,"singlet"
"CID44971_ACACCAATCAGTTCGA",4.39543191326342e-16,"singlet"
"CID44971_ACACCCTCACGAAACG",0.0721156473726532,"singlet"
"CID44971_ACACCCTCATATGCTG",0.0250000019923096,"singlet"
"CID44971_ACAGCCGTCAGCGATT",0.026042893654602,"singlet"
"CID44971_ACAGCTAAGCTAGTCT",0.0166671578401997,"singlet"
"CID44971_ACATACGCATTACCTT",2.83433521794766e-19,"singlet"
"CID44971_ACATACGTCGCAAACT",0.00874879622392121,"singlet"
"CID44971_ACATCAGCACGAAACG",0.101073883961358,"singlet"
"CID44971_ACATCAGTCTCGTATT",0.0970980544631123,"singlet"
"CID44971_ACCAGTAGTCCGAAGA",0.125399317822614,"singlet"
"CID44971_ACCCACTGTAGTGAAT",0.500912972283335,"doublet"
"CID44971_ACCCACTTCTGAGGGA",0.399682401350728,"doublet"
"CID44971_ACCGTAAAGAGCTTCT",0.497195321542752,"doublet"
"CID44971_ACCTTTATCGGCCGAT",0.108615474863357,"singlet"
"CID44971_ACGAGCCCACGAAAGC",0.0615144899672521,"singlet"
"CID44971_ACGCAGCAGGATGTAT",0.0500000038552932,"singlet"
"CID44971_ACGCAGCTCGTCCGTT",0.0390665203189925,"singlet"
"CID44971_ACGCCGACAGGGTATG",0.0504026874886814,"singlet"
"CID44971_ACGCCGAGTGACAAAT",0.0345874245532757,"singlet"
"CID44971_ACGCCGATCGCCGTGA",0.0521990472336926,"singlet"
"CID44971_ACGGCCAAGATGCCTT",0.211614862207639,"singlet"
"CID44971_ACGGCCAAGGACAGAA",1.95551397823348e-07,"singlet"
"CID44971_ACGGGTCAGCCATCGC",0.0407426856971163,"singlet"
"CID44971_ACGGGTCCAGCCACCA",0.0345691326881035,"singlet"
"CID44971_ACGGGTCGTCTGGTCG",0.00833333466491606,"singlet"
"CID44971_ACGTCAATCGTTTAGG",0.180104353926595,"singlet"
"CID44971_ACTGTCCAGTCGCCGT",0.0936293161174667,"singlet"
"CID44971_ACTTGTTAGCCCAACC",0.0835720413553792,"singlet"
"CID44971_AGAATAGGTTGAGTTC",0.070207828112754,"singlet"
"CID44971_AGACGTTCACATCCAA",0.060031508940244,"singlet"
"CID44971_AGACGTTGTAGCACGA",0.114870112947842,"singlet"
"CID44971_AGACGTTTCCGCAGTG",0.134094436582985,"singlet"
"CID44971_AGAGCGAAGAGTAAGG",0.034180086032805,"singlet"
"CID44971_AGAGCGAGTGCTCTTC",0.0416677568618441,"singlet"
"CID44971_AGAGTGGTCTTCTGGC",0.0384764718063296,"singlet"
"CID44971_AGATCTGCACAGACTT",0.0265048055809682,"singlet"
"CID44971_AGATTGCAGGATGGAA",0.0354730868497053,"singlet"
"CID44971_AGATTGCCACCCATGG",0.00833333333383426,"singlet"
"CID44971_AGCAGCCCAATGCCAT",0.0400267183094796,"singlet"
"CID44971_AGCAGCCCAGTCGTGC",0.0357333623730305,"singlet"
"CID44971_AGCAGCCGTACAAGTA",0.0767051381390569,"singlet"
"CID44971_AGCATACTCCTCATTA",0.0500017479017518,"singlet"
"CID44971_AGCGGTCGTAAGGATT",0.0175208173047334,"singlet"
"CID44971_AGCGTCGGTGAAGGCT",0.0434661627233384,"singlet"
"CID44971_AGCTCCTTCACGACTA",0.0884175186702051,"singlet"
"CID44971_AGGGATGGTGCTTCTC",0.0842247816722246,"singlet"
"CID44971_AGGTCATCAAGTAGTA",0.067152830288859,"singlet"
"CID44971_AGTCTTTTCTATGTGG",0.166502250729875,"singlet"
"CID44971_AGTGAGGGTCCGAAGA",0.084657828359611,"singlet"
"CID44971_AGTGTCATCGCGTAGC",0.0737681554771048,"singlet"
"CID44971_ATAACGCCAGACTCGC",0.166752845490332,"singlet"
"CID44971_ATAACGCTCGTAGGTT",0.026169304973399,"singlet"
"CID44971_ATAGACCAGTACGTAA",0.0672834850912601,"singlet"
"CID44971_ATAGACCGTAGCCTCG",0.0166666681158017,"singlet"
"CID44971_ATCACGAGTAGGGACT",0.0338701666916939,"singlet"
"CID44971_ATCACGATCCTAGAAC",0.187509469910041,"singlet"
"CID44971_ATCATGGCACCTATCC",6.45150307163197e-10,"singlet"
"CID44971_ATCCACCTCTACCTGC",0.116751566457721,"singlet"
"CID44971_ATCCGAAAGTACGCCC",1.20200090840611e-06,"singlet"
"CID44971_ATCGAGTAGCTAACTC",0.025000864701977,"singlet"
"CID44971_ATCGAGTCAGTCGTGC",0.0766703786959332,"singlet"
"CID44971_ATCTACTCATTACCTT",0.100001295877265,"singlet"
"CID44971_ATCTACTTCTCCCTGA",0.0257639390702487,"singlet"
"CID44971_ATGAGGGGTACCGTTA",0.0087311654469263,"singlet"
"CID44971_ATGAGGGGTTACGTCA",0.0288893422057916,"singlet"
"CID44971_ATGTGTGGTGCAGGTA",0.0583333333466061,"singlet"
"CID44971_ATGTGTGTCGCTGATA",0.133051485889179,"singlet"
"CID44971_ATTATCCCAGGTGCCT",0.0710596608099857,"singlet"
"CID44971_ATTCTACAGACGCACA",0.195230108920068,"singlet"
"CID44971_ATTGGTGAGTGTACGG",0.00169591337305727,"singlet"
"CID44971_ATTGGTGGTAGCGTCC",0.633537513151448,"doublet"
"CID44971_ATTGGTGTCCGTCATC",0.00833333359669577,"singlet"
"CID44971_ATTTCTGGTAAGGGCT",0.0250000029180678,"singlet"
"CID44971_ATTTCTGTCACTCCTG",0.0783954546892079,"singlet"
"CID44971_ATTTCTGTCATACGGT",0.0250000048114383,"singlet"
"CID44971_CAACCAAAGATTACCC",0.117267683076778,"singlet"
"CID44971_CAACCAAGTCAAACTC",0.293877956514144,"singlet"
"CID44971_CAACCAATCCGTTGCT",2.52259382427557e-11,"singlet"
"CID44971_CAACCTCAGAGCCCAA",0.231918917373175,"singlet"
"CID44971_CAACCTCGTGCTTCTC",0.0333334146405734,"singlet"
"CID44971_CAAGAAAAGGTTACCT",0.000444048298565093,"singlet"
"CID44971_CAAGATCGTAAACCTC",0.006468255935294,"singlet"
"CID44971_CAAGGCCTCTCGTTTA",0.00891250831808017,"singlet"
"CID44971_CAAGTTGAGTACCGGA",0.0577261980918572,"singlet"
"CID44971_CACAAACAGTACGATA",0.0665407393881088,"singlet"
"CID44971_CACAGGCGTTACGACT",0.0750006150321895,"singlet"
"CID44971_CACAGGCTCCTTTACA",0.0506535302457277,"singlet"
"CID44971_CACAGGCTCTATCGCC",0.0500009145863648,"singlet"
"CID44971_CACAGTACAACACGCC",0.0966238301810898,"singlet"
"CID44971_CACCACTTCAAGAAGT",0.28299016932904,"singlet"
"CID44971_CACCAGGAGTTGTCGT",0.0333360804206288,"singlet"
"CID44971_CACCAGGCATTGGCGC",0.0882780364893689,"singlet"
"CID44971_CACTCCAGTCACTTCC",0.0421249019116947,"singlet"
"CID44971_CAGAATCAGGACCACA",0.0666672503915272,"singlet"
"CID44971_CAGCAGCGTAGAGGAA",0.116211360731383,"singlet"
"CID44971_CAGCATATCGGCTACG",0.10826030129587,"singlet"
"CID44971_CAGCCGAGTTTGACAC",0.247613611332846,"singlet"
"CID44971_CAGCGACTCGGCGCTA",0.0250058950240013,"singlet"
"CID44971_CAGCTAAGTCAAAGAT",0.0677152206434608,"singlet"
"CID44971_CAGGTGCAGTCGTACT",0.0732724190669593,"singlet"
"CID44971_CAGGTGCTCTCTTGAT",0.0586558945718079,"singlet"
"CID44971_CAGTAACGTCTAGTCA",0.0337821525381749,"singlet"
"CID44971_CATATGGCATTGGGCC",0.0258366750231403,"singlet"
"CID44971_CATATGGTCCTGTAGA",0.0336995181724628,"singlet"
"CID44971_CATCAAGAGAGAACAG",0.0421941628354976,"singlet"
"CID44971_CATCAGAAGGGTTTCT",0.00836902191951858,"singlet"
"CID44971_CATCAGATCAGTCCCT",0.159959766726914,"singlet"
"CID44971_CATCCACAGAGCTATA",0.0333343363049127,"singlet"
"CID44971_CATCGAACAGCTGTAT",0.0333333383734872,"singlet"
"CID44971_CATCGAATCATGGTCA",0.0333342451252063,"singlet"
"CID44971_CATCGGGGTCCAGTTA",0.237105126350152,"singlet"
"CID44971_CATGGCGCACATCTTT",0.0500000000022416,"singlet"
"CID44971_CATTCGCGTACCCAAT",0.0426153783003458,"singlet"
"CID44971_CCACCTACAGTAAGAT",0.0563933788991636,"singlet"
"CID44971_CCACCTAGTCGGCACT",0.0630250054951843,"singlet"
"CID44971_CCACGGAAGCGTTGCC",0.0618623212192027,"singlet"
"CID44971_CCACGGAAGTGCAAGC",0.0516429628953164,"singlet"
"CID44971_CCACTACGTATGCTTG",0.190521566570389,"singlet"
"CID44971_CCATGTCTCGAATGCT",0.235991508680206,"singlet"
"CID44971_CCATTCGCATTCCTGC",0.0359791655763227,"singlet"
"CID44971_CCCAATCGTCCGTGAC",0.0997112435777467,"singlet"
"CID44971_CCCTCCTCACGAAAGC",0.025530377505895,"singlet"
"CID44971_CCCTCCTTCTCGATGA",0.0416675006752464,"singlet"
"CID44971_CCGGGATAGTCGCCGT",0.161062224092649,"singlet"
"CID44971_CCGGGATCAGGAATGC",0.0665097260130947,"singlet"
"CID44971_CCGGGATTCGAACGGA",0.041669768782386,"singlet"
"CID44971_CCGGGATTCGCCTGTT",0.065759008119606,"singlet"
"CID44971_CCGTACTCAAGCCGCT",9.89113707506756e-11,"singlet"
"CID44971_CCGTACTTCTCACATT",0.0207227887559589,"singlet"
"CID44971_CCGTGGACACAGCCCA",0.0857926393450904,"singlet"
"CID44971_CCTAAAGCATTGGCGC",0.550414256179774,"doublet"
"CID44971_CCTACACTCCTACAGA",0.225141471354747,"singlet"
"CID44971_CCTACCATCCTACAGA",0.0841224164620782,"singlet"
"CID44971_CCTAGCTGTATTCTCT",0.366712685350021,"doublet"
"CID44971_CCTCTGAAGGTTACCT",0.603232845531845,"doublet"
"CID44971_CCTCTGAGTTCCACAA",0.419553183133377,"doublet"
"CID44971_CCTTCCCGTCGTGGCT",0.0083334279361421,"singlet"
"CID44971_CGAACATAGTGTCCAT",0.439833474057025,"doublet"
"CID44971_CGAATGTCAAGGGTCA",0.0439484301037901,"singlet"
"CID44971_CGAATGTGTTTAGGAA",0.0638803466991033,"singlet"
"CID44971_CGACCTTCAACACGCC",0.0253787534619451,"singlet"
"CID44971_CGACTTCGTGGGTCAA",0.0289185410337198,"singlet"
"CID44971_CGAGAAGAGTCCGGTC",0.0171931614576995,"singlet"
"CID44971_CGAGAAGTCCTCAACC",0.0491529869284345,"singlet"
"CID44971_CGAGCACGTTCGCTAA",0.377076009794487,"doublet"
"CID44971_CGAGCCAAGCAGCCTC",0.06137064889311,"singlet"
"CID44971_CGATCGGAGCTGATAA",0.0735587385362595,"singlet"
"CID44971_CGATGGCAGGTTCCTA",0.0260750960597435,"singlet"
"CID44971_CGATTGAAGAAACGCC",0.0535281626714334,"singlet"
"CID44971_CGATTGAAGTCATCCA",0.0868648619235932,"singlet"
"CID44971_CGCCAAGAGGTGATAT",7.97388331489545e-09,"singlet"
"CID44971_CGCCAAGTCGGCATCG",0.0964732479991977,"singlet"
"CID44971_CGCGGTAAGAGTACCG",0.0436774745702522,"singlet"
"CID44971_CGCGTTTCAAGTTAAG",0.0270142891101058,"singlet"
"CID44971_CGCTATCCAGTATCTG",0.058333334593269,"singlet"
"CID44971_CGCTATCGTGCTAGCC",0.0800981722282723,"singlet"
"CID44971_CGCTATCTCAGGCGAA",0.0589090525971579,"singlet"
"CID44971_CGGACACCATGGGAAC",0.0837574563847654,"singlet"
"CID44971_CGGACGTTCAAGAAGT",0.05462170782378,"singlet"
"CID44971_CGGAGTCCAGACTCGC",0.0172215549453103,"singlet"
"CID44971_CGGCTAGTCAGTCCCT",0.0333333355594039,"singlet"
"CID44971_CGGGTCATCGAATCCA",0.0414706788816532,"singlet"
"CID44971_CGTAGCGAGGTGGGTT",0.0749614528917189,"singlet"
"CID44971_CGTCAGGAGCGATCCC",0.0592827192414806,"singlet"
"CID44971_CGTCAGGAGTACGATA",0.0333339800299786,"singlet"
"CID44971_CGTCAGGTCATGCTCC",0.19175085869436,"singlet"
"CID44971_CGTCCATGTCGCATCG",0.116918217008747,"singlet"
"CID44971_CGTCTACGTGCATCTA",0.008333333333899,"singlet"
"CID44971_CGTGTAAAGCTAGCCC",0.0630974244112859,"singlet"
"CID44971_CGTGTAATCAACCAAC",0.096425423265443,"singlet"
"CID44971_CGTGTCTGTAAAGGAG",0.015371570602643,"singlet"
"CID44971_CGTTCTGTCGCCGTGA",0.0347004274717924,"singlet"
"CID44971_CTAACTTTCGTTTAGG",0.0573387125082907,"singlet"
"CID44971_CTAAGACAGTCGCCGT",0.0501093705060532,"singlet"
"CID44971_CTACATTCACATAACC",0.0953620624901881,"singlet"
"CID44971_CTACATTGTAGCCTAT",0.115904782729885,"singlet"
"CID44971_CTACATTTCCTTGGTC",0.268128662515724,"singlet"
"CID44971_CTACGTCGTCGACTAT",0.0390125588302792,"singlet"
"CID44971_CTAGAGTAGCAATCTC",0.217097577903832,"singlet"
"CID44971_CTCATTAGTGCTCTTC",0.0264347139107781,"singlet"
"CID44971_CTCGTCACACAGAGGT",0.396014470601005,"doublet"
"CID44971_CTCTAATCAGCTCCGA",0.0945359672502965,"singlet"
"CID44971_CTCTACGCACGCCAGT",0.0637482670678902,"singlet"
"CID44971_CTCTACGTCCGCATCT",0.039951674048085,"singlet"
"CID44971_CTCTGGTCAGTATGCT",0.0435191609937657,"singlet"
"CID44971_CTGAAGTGTCAATGTC",0.0333339213766922,"singlet"
"CID44971_CTGATAGAGTGGACGT",0.034209398847909,"singlet"
"CID44971_CTGATAGCAAGCCTAT",0.259626211108586,"singlet"
"CID44971_CTGATAGCAATCAGAA",0.0175594850944841,"singlet"
"CID44971_CTGATAGGTCCGAAGA",0.0755160365485807,"singlet"
"CID44971_CTGATCCAGAACAACT",0.266021898158899,"singlet"
"CID44971_CTGATCCAGCCACGTC",0.0333349203710183,"singlet"
"CID44971_CTGGTCTAGGCTCAGA",0.00833335128042372,"singlet"
"CID44971_CTGTTTATCGGCTTGG",0.0504439428984023,"singlet"
"CID44971_CTTAACTAGCGTCAAG",0.0257186117157442,"singlet"
"CID44971_CTTAACTCAGCAGTTT",0.0264836771034214,"singlet"
"CID44971_CTTAACTCATAGGATA",0.041666668769754,"singlet"
"CID44971_CTTAGGAAGAAGGTGA",0.0992470738930921,"singlet"
"CID44971_CTTAGGAAGAGGTTGC",0.553368722201948,"doublet"
"CID44971_CTTAGGATCCTCATTA",1.28051294033801e-10,"singlet"
"CID44971_CTTAGGATCGGCGCTA",0.042021831491773,"singlet"
"CID44971_CTTCTCTCACTAGTAC",0.0416668317163491,"singlet"
"CID44971_CTTGGCTAGCACACAG",0.0416666679864901,"singlet"
"CID44971_GAAATGAGTCGAGATG",0.0671557238727389,"singlet"
"CID44971_GAAATGAGTTACGGAG",0.0418022546628173,"singlet"
"CID44971_GAACGGAGTGTTGAGG",0.025000569974108,"singlet"
"CID44971_GAATAAGAGGTTACCT",0.0416668054386146,"singlet"
"CID44971_GACCAATAGCTAAACA",2.18192560260577e-07,"singlet"
"CID44971_GACGGCTAGTCAATAG",0.0786061740841056,"singlet"
"CID44971_GACGTGCTCTAACTTC",0.0254963635942393,"singlet"
"CID44971_GACTAACCACGAAACG",0.114464050497668,"singlet"
"CID44971_GACTAACTCAAACCAC",0.0336927287372375,"singlet"
"CID44971_GACTAACTCGAGCCCA",0.0183443186978433,"singlet"
"CID44971_GACTGCGCACCGAAAG",0.0384499814117773,"singlet"
"CID44971_GACTGCGGTCCAAGTT",0.197390434596211,"singlet"
"CID44971_GATCAGTCATCACCCT",0.0334146290153368,"singlet"
"CID44971_GATCAGTTCCTTGACC",0.130193357305899,"singlet"
"CID44971_GATCGATTCTAACCGA",0.0507027371051643,"singlet"
"CID44971_GATCGCGAGGTAAACT",0.0596893891493554,"singlet"
"CID44971_GATCGCGCAGCCACCA",0.0512070259854396,"singlet"
"CID44971_GATCGTACACTAAGTC",0.190626299707158,"singlet"
"CID44971_GATCTAGAGCGTCTAT",0.0672842455337722,"singlet"
"CID44971_GATCTAGAGTACGTTC",0.0362922216448058,"singlet"
"CID44971_GATGAAATCTCGAGTA",0.0855447876238715,"singlet"
"CID44971_GATGAAATCTCGGACG",0.00833463572837892,"singlet"
"CID44971_GATTCAGTCTCTGCTG",4.18703107428849e-15,"singlet"
"CID44971_GCAAACTGTGCCTGGT",0.0833333333459549,"singlet"
"CID44971_GCAATCACATGCAACT",0.367671742968758,"doublet"
"CID44971_GCAATCAGTCATCGGC",0.447257839641332,"doublet"
"CID44971_GCACTCTGTACCGGCT",0.0894858428856107,"singlet"
"CID44971_GCACTCTTCATCACCC",0.0658312045009672,"singlet"
"CID44971_GCAGCCATCGTAGGAG",0.11841980326671,"singlet"
"CID44971_GCATGATAGGACACCA",0.0384955825425354,"singlet"
"CID44971_GCATGTACAGGCGATA",0.1139654532356,"singlet"
"CID44971_GCCTCTACATTGTGCA",0.0416666683323173,"singlet"
"CID44971_GCCTCTATCCATTCTA",0.0416666673005186,"singlet"
"CID44971_GCGCAGTAGCCAGAAC",0.0621344627182922,"singlet"
"CID44971_GCGCAGTCAAAGGAAG",0.0837361022593004,"singlet"
"CID44971_GCGCCAAGTAGATTAG",0.0567271719147276,"singlet"
"CID44971_GCGCGATCAGTATCTG",0.0684893877310279,"singlet"
"CID44971_GCGCGATGTGCGATAG",0.0420548568745118,"singlet"
"CID44971_GCGGGTTAGGAATTAC",0.0416666693851367,"singlet"
"CID44971_GCGGGTTCATGTAGTC",0.0583333335523676,"singlet"
"CID44971_GCGGGTTCATTGTGCA",0.114901912843495,"singlet"
"CID44971_GCGGGTTTCTTAGAGC",0.075000930469464,"singlet"
"CID44971_GCTCTGTAGGCGCTCT",0.134859168154933,"singlet"
"CID44971_GCTGCGAAGATGAGAG",0.104326806854316,"singlet"
"CID44971_GCTGCGACACGACTCG",0.0425252874779178,"singlet"
"CID44971_GCTGCGACAGGGAGAG",0.0293889508620295,"singlet"
"CID44971_GCTGCTTAGTGGAGAA",0.160210903348936,"singlet"
"CID44971_GCTTCCAAGACTAAGT",0.0581239240947726,"singlet"
"CID44971_GCTTGAACAGCCTTTC",0.0365085657883437,"singlet"
"CID44971_GGACAAGGTGAAATCA",0.0173146196559906,"singlet"
"CID44971_GGACAGAGTCGATTGT",0.0478397221889041,"singlet"
"CID44971_GGACAGATCTATCCCG",0.159040020857362,"singlet"
"CID44971_GGACAGATCTGCGACG",0.0436509665923396,"singlet"
"CID44971_GGACATTAGACACTAA",0.00838530338217331,"singlet"
"CID44971_GGACATTAGATGTGGC",0.00872900394086283,"singlet"
"CID44971_GGACATTGTGGTAACG",0.0683100172557839,"singlet"
"CID44971_GGACGTCGTGAAGGCT",0.0250026721755474,"singlet"
"CID44971_GGATGTTAGCTAAGAT",0.0250025065472704,"singlet"
"CID44971_GGATGTTGTCGGCACT",0.0607233714567208,"singlet"
"CID44971_GGCAATTTCTGCGTAA",0.0604185460406146,"singlet"
"CID44971_GGCCGATAGTCGTTTG",0.0258298447125255,"singlet"
"CID44971_GGCCGATAGTGCGTGA",0.0823876416168928,"singlet"
"CID44971_GGCTGGTTCTAACTTC",0.0257003272296935,"singlet"
"CID44971_GGGAATGTCTTGCATT",0.0806234154112193,"singlet"
"CID44971_GGGACCTCATACCATG",0.0288823366902294,"singlet"
"CID44971_GGGAGATCAGGGTACA",0.0250001758390975,"singlet"
"CID44971_GGGCACTGTTAGATGA",0.0269114521413354,"singlet"
"CID44971_GGGTCTGGTGACCAAG",0.0171724541330546,"singlet"
"CID44971_GTAACTGGTCGAGTTT",0.0336667099188177,"singlet"
"CID44971_GTACGTAGTAAAGGAG",0.426612023880324,"doublet"
"CID44971_GTACTTTGTGCTTCTC",0.0261734988065427,"singlet"
"CID44971_GTCAAGTTCTGCGTAA",0.0299372018391979,"singlet"
"CID44971_GTCACAATCTCTAGGA",0.657939154313605,"doublet"
"CID44971_GTCACGGGTGTGGTTT",0.255900535620446,"singlet"
"CID44971_GTCATTTAGGAATTAC",9.11098906431988e-05,"singlet"
"CID44971_GTCCTCACATTGGCGC",0.243127900567201,"singlet"
"CID44971_GTCCTCAGTTCGGGCT",0.0250017705158588,"singlet"
"CID44971_GTCGGGTTCTGCAGTA",0.0170472562823311,"singlet"
"CID44971_GTCGTAAAGTAGCGGT",0.0416666692270703,"singlet"
"CID44971_GTGCAGCCACATGTGT",0.043724044871799,"singlet"
"CID44971_GTGGGTCGTCAGAATA",0.0257592364591368,"singlet"
"CID44971_GTGGGTCGTGATAAGT",0.0750013677897966,"singlet"
"CID44971_GTGTTAGTCACCATAG",0.271166389315468,"singlet"
"CID44971_GTTACAGAGCCGATTT",0.0463932423916887,"singlet"
"CID44971_GTTCATTTCACGCATA",0.0884566402837814,"singlet"
"CID44971_GTTCATTTCCTAAGTG",0.0583333333333333,"singlet"
"CID44971_GTTCGGGCAATGTTGC",0.079075928989494,"singlet"
"CID44971_GTTCTCGAGGCCCGTT",0.0416666714665217,"singlet"
"CID44971_GTTCTCGTCTGTTGAG",0.0899098479250529,"singlet"
"CID44971_TAAACCGGTCTAGCCG",0.0250066615285567,"singlet"
"CID44971_TAAGAGAAGTACGTTC",0.578937804043703,"doublet"
"CID44971_TAAGCGTGTGCATCTA",0.0761268683614994,"singlet"
"CID44971_TAAGTGCAGTCGTTTG",0.0250000477249072,"singlet"
"CID44971_TACACGAAGGTGATTA",0.0327561986073091,"singlet"
"CID44971_TACCTTACATCCGCGA",0.00903330547491288,"singlet"
"CID44971_TACGGATGTGCTTCTC",0.050678731306985,"singlet"
"CID44971_TACGGTAAGTTCGCGC",0.0686835830316994,"singlet"
"CID44971_TACTCATAGCGTCAAG",0.0353628255937833,"singlet"
"CID44971_TACTCATTCGTTACAG",0.0166666667729904,"singlet"
"CID44971_TACTTGTGTCACCTAA",0.0948212295473892,"singlet"
"CID44971_TAGACCAAGAGAACAG",0.0508143520603599,"singlet"
"CID44971_TAGACCATCTCCGGTT",0.0833333627145513,"singlet"
"CID44971_TAGCCGGCAATACGCT",0.0719197996081259,"singlet"
"CID44971_TAGTGGTCAAAGCGGT",0.0166666668887755,"singlet"
"CID44971_TAGTGGTCAGCCTGTG",0.101448004148986,"singlet"
"CID44971_TAGTTGGCACGTCTCT",0.0262886196300273,"singlet"
"CID44971_TATTACCCACTATCTT",0.110753668117992,"singlet"
"CID44971_TCAACGAAGTGGAGAA",0.0672768678642168,"singlet"
"CID44971_TCACAAGAGATAGTCA",0.0464229651360904,"singlet"
"CID44971_TCATTACAGGCAAAGA",0.0429533668707432,"singlet"
"CID44971_TCATTACGTCATACTG",0.0319041589284204,"singlet"
"CID44971_TCCACACCACATTTCT",0.172561081688104,"singlet"
"CID44971_TCCACACCAGTAAGCG",0.0476970953770014,"singlet"
"CID44971_TCCCGATCAATACGCT",0.0333345350088959,"singlet"
"CID44971_TCGAGGCCATGGTCTA",0.0333341597975043,"singlet"
"CID44971_TCGCGTTTCAGCTGGC",0.17895761210241,"singlet"
"CID44971_TCGGGACTCATGTCTT",0.0429104606124942,"singlet"
"CID44971_TCGGGACTCTGTCAAG",0.326216291893959,"singlet"
"CID44971_TCGGTAAAGAGTGAGA",0.040415828757044,"singlet"
"CID44971_TCGGTAAAGTTAGGTA",0.23715811602479,"singlet"
"CID44971_TCGTAGAGTGGTACAG",0.0518914302977703,"singlet"
"CID44971_TCGTAGATCCCAACGG",0.0517452882143788,"singlet"
"CID44971_TCTCATAAGCTGATAA",0.0744302253318826,"singlet"
"CID44971_TCTCATATCCTTGACC",0.0166694235433155,"singlet"
"CID44971_TCTCTAAGTCTCAACA",0.184118428536896,"singlet"
"CID44971_TCTTTCCGTCAGAGGT",0.0677189279521677,"singlet"
"CID44971_TGACAACAGAGTGAGA",0.059884027769984,"singlet"
"CID44971_TGACAACAGATATACG",0.0258269008832906,"singlet"
"CID44971_TGACGGCGTAGCTCCG",0.274229471288211,"singlet"
"CID44971_TGACTAGCAAGAGTCG",1.78314611418955e-11,"singlet"
"CID44971_TGACTAGTCATGCTCC",0.0166672438371984,"singlet"
"CID44971_TGACTTTCACTCAGGC",0.00911947008816802,"singlet"
"CID44971_TGACTTTCATGCCACG",0.026976920505484,"singlet"
"CID44971_TGAGCATAGTCCGTAT",0.0666675763350839,"singlet"
"CID44971_TGAGCATCAGTATAAG",0.0426731926337246,"singlet"
"CID44971_TGATTTCCAAACCTAC",0.0613464418209364,"singlet"
"CID44971_TGCACCTCAAACCTAC",0.0804220920612665,"singlet"
"CID44971_TGCACCTGTAAATGAC",0.186224979430226,"singlet"
"CID44971_TGCACCTGTTGATTGC",0.248859801878929,"singlet"
"CID44971_TGCCCATGTCTAGAGG",0.0512187966945602,"singlet"
"CID44971_TGCCCTATCAGCATGT",0.0256665789448058,"singlet"
"CID44971_TGCGCAGCAACACCCG",0.119510251080465,"singlet"
"CID44971_TGCGTGGTCGCGATCG",0.0122716439235977,"singlet"
"CID44971_TGGACGCAGGGCATGT",0.058334124304144,"singlet"
"CID44971_TGGACGCCAACAACCT",0.0568825631487204,"singlet"
"CID44971_TGGCCAGTCTAAGCCA",0.0256167443198127,"singlet"
"CID44971_TGGTTAGAGCCCAACC",0.041666666783034,"singlet"
"CID44971_TGGTTAGAGGGTTTCT",0.0173297549509686,"singlet"
"CID44971_TGGTTCCAGATCCTGT",0.0677240714213681,"singlet"
"CID44971_TGGTTCCCAGTGACAG",0.212015402075755,"singlet"
"CID44971_TGTATTCTCGTCACGG",0.041667342467534,"singlet"
"CID44971_TGTCCCACAGTTAACC",0.0250029072840466,"singlet"
"CID44971_TGTCCCATCATGGTCA",0.0333333349172989,"singlet"
"CID44971_TGTTCCGAGGTAGCCA",0.500179251951767,"doublet"
"CID44971_TTAGGACAGCTGAACG",0.194649952618674,"singlet"
"CID44971_TTAGGCATCTCGTTTA",0.0104199738112127,"singlet"
"CID44971_TTAGTTCAGAGCTATA",0.0250009178159573,"singlet"
"CID44971_TTAGTTCAGCACCGTC",0.00833333333334604,"singlet"
"CID44971_TTCCCAGTCAAGGTAA",0.130591816519326,"singlet"
"CID44971_TTCGAAGTCTAACTCT",0.205068921680528,"singlet"
"CID44971_TTCGGTCAGAGTACCG",0.042623865746944,"singlet"
"CID44971_TTCGGTCCACATCTTT",0.00833341218571754,"singlet"
"CID44971_TTCGGTCCAGTATAAG",1.5832155696823e-09,"singlet"
"CID44971_TTCGGTCCATATGGTC",0.0183768842859454,"singlet"
"CID44971_TTCTCAAGTCCAGTGC",0.0258421263838926,"singlet"
"CID44971_TTCTCCTCACATTCGA",0.00912061833654095,"singlet"
"CID44971_TTGAACGAGTACGTTC",0.0250010891921296,"singlet"
"CID44971_TTGAACGGTAAAGGAG",0.00940884408166632,"singlet"
"CID44971_TTGCCGTAGATGTGGC",0.108174456109687,"singlet"
"CID44971_TTGCCGTTCCCAGGTG",0.135725931770342,"singlet"
"CID44971_TTGGCAAAGTGCGTGA",0.00833333462021818,"singlet"
"CID44971_TTGGCAACATCACAAC",0.475591206460842,"doublet"
"CID44971_TTGGCAATCGAGAACG",0.0125136257864418,"singlet"
"CID44971_TTTACTGCAGGGCATA",0.516481422668853,"doublet"
"CID44971_TTTATGCTCGTGACAT",0.0418350681896007,"singlet"
"CID44971_GCACTCTAGTGGGTTG",0.0250000012844457,"singlet"
"CID44971_AAACCTGGTGTAATGA",0.0833349665525288,"singlet"
"CID44971_AACTTTCGTCCGTCAG",0.0506710255532843,"singlet"
"CID44971_AACTTTCTCCTGCTTG",0.0530067811795885,"singlet"
"CID44971_AAGGCAGCATAACCTG",0.0179963019905645,"singlet"
"CID44971_AATCGGTAGCGTTGCC",0.168261122615116,"singlet"
"CID44971_ACACCGGTCCAACCAA",0.0841607114125686,"singlet"
"CID44971_ACGAGCCCAGCCACCA",0.268346847952455,"singlet"
"CID44971_ACGCCGAAGGGTTTCT",0.0259730405881064,"singlet"
"CID44971_ACGGAGAAGGATGCGT",0.0500000065638922,"singlet"
"CID44971_ACTATCTGTTTAGCTG",0.0416669077176346,"singlet"
"CID44971_ACTGATGGTAAATGAC",0.133333338873225,"singlet"
"CID44971_ACTGCTCCAGATAATG",0.0418598292963495,"singlet"
"CID44971_ACTGCTCCATGATCCA",0.0750001427805379,"singlet"
"CID44971_ACTGCTCTCTTACCTA",0.0265307038887313,"singlet"
"CID44971_ACTTACTAGCGATTCT",0.0402821848135122,"singlet"
"CID44971_ACTTTCAGTACATGTC",0.0333333374818305,"singlet"
"CID44971_ACTTTCAGTTGAGGTG",0.0264681553437983,"singlet"
"CID44971_AGCATACGTATAGTAG",0.0757944470527366,"singlet"
"CID44971_AGCTCCTTCTGGCGAC",0.0425265510006464,"singlet"
"CID44971_AGGGTGAAGGCTCAGA",0.275151328219039,"singlet"
"CID44971_AGTCTTTTCCACTGGG",0.0430764935613272,"singlet"
"CID44971_AGTCTTTTCGCTGATA",0.094987655321354,"singlet"
"CID44971_ATAACGCTCGGAGGTA",0.0333333333366407,"singlet"
"CID44971_ATAGACCTCTTGAGGT",0.0333333589928475,"singlet"
"CID44971_ATCCACCTCACAAACC",0.211252210034875,"singlet"
"CID44971_ATGAGGGAGCGTCTAT",0.222932579226417,"singlet"
"CID44971_ATGAGGGAGTGACATA",0.133417562364837,"singlet"
"CID44971_ATTACTCTCAAGATCC",0.116749925981352,"singlet"
"CID44971_CAAGATCTCCATGAAC",0.259740468808984,"singlet"
"CID44971_CACACTCAGGGAGTAA",0.0441814196565335,"singlet"
"CID44971_CACTCCAAGCGCCTCA",0.143249101818269,"singlet"
"CID44971_CAGCGACCAGTTTACG",0.329864623548386,"doublet"
"CID44971_CAGTAACAGAGAGCTC",0.28307129860086,"singlet"
"CID44971_CAGTAACAGATATGCA",0.0259716406913184,"singlet"
"CID44971_CATCCACTCTTACCTA",0.0301007531127746,"singlet"
"CID44971_CATCGGGCAATGGTCT",0.0510077206451691,"singlet"
"CID44971_CATTCGCGTTGATTCG",0.257521835941875,"singlet"
"CID44971_CCAATCCAGGTGACCA",0.0588589455086625,"singlet"
"CID44971_CCATGTCGTTCAGACT",0.125197004848579,"singlet"
"CID44971_CCTACACGTCGACTAT",0.142668730446937,"singlet"
"CID44971_CGAACATCATCCCATC",0.101797704375717,"singlet"
"CID44971_CGAATGTAGATTACCC",0.0916668081727467,"singlet"
"CID44971_CGATTGAGTGTGACCC",0.0427841952419422,"singlet"
"CID44971_CGCGTTTCACCGAATT",0.102284914132053,"singlet"
"CID44971_CGCTATCTCATGTCCC",0.267841252916241,"singlet"
"CID44971_CGTAGCGCATGCCCGA",0.0500015023060158,"singlet"
"CID44971_CGTCAGGCACAACTGT",0.302576513525771,"singlet"
"CID44971_CGTGTCTAGGAGTAGA",0.108334598631772,"singlet"
"CID44971_CGTTCTGCAAGAGTCG",0.0416679159615495,"singlet"
"CID44971_CGTTGGGAGTGGACGT",0.0340125294250079,"singlet"
"CID44971_CTACACCCATCCAACA",0.0346156404335302,"singlet"
"CID44971_CTACCCAAGTTCGCAT",0.200000006367978,"singlet"
"CID44971_CTACCCACAGTCGTGC",0.0681933994276849,"singlet"
"CID44971_CTAGTGAGTCACAAGG",0.0416666680468444,"singlet"
"CID44971_CTCTGGTCAGGACCCT",0.234875756304443,"singlet"
"CID44971_CTGAAGTAGATAGGAG",0.0416696319558449,"singlet"
"CID44971_CTGTTTACACACCGCA",0.0333333334827485,"singlet"
"CID44971_CTTAACTCAAGCCATT",0.255742964156142,"singlet"
"CID44971_GAAACTCGTACATCCA",0.249712344546895,"singlet"
"CID44971_GAATAAGGTCTGGTCG",0.0334165863443427,"singlet"
"CID44971_GACCTGGAGCTGCCCA",0.0500001681824415,"singlet"
"CID44971_GACGCGTAGATGTTAG",0.125000151889428,"singlet"
"CID44971_GACGTGCCATACCATG",0.0836667362023984,"singlet"
"CID44971_GACGTGCTCCGAAGAG",0.19634137299657,"singlet"
"CID44971_GACTACAGTGTAATGA",0.243474380013368,"singlet"
"CID44971_GACTGCGTCAACACGT",0.117323418658446,"singlet"
"CID44971_GAGCAGAAGATGTTAG",0.195458062680169,"singlet"
"CID44971_GATCTAGCAGCGTAAG",0.0844004788205593,"singlet"
"CID44971_GATGCTAAGTGTACCT",0.242953084620824,"singlet"
"CID44971_GATGCTAGTCTTTCAT",0.0333333347553808,"singlet"
"CID44971_GATTCAGGTAATAGCA",0.075171788167835,"singlet"
"CID44971_GCAATCATCTCAAACG",0.0832524129171236,"singlet"
"CID44971_GCTTGAAGTACGAAAT",0.05841575461336,"singlet"
"CID44971_GGAATAACAGCGTTCG",0.0347792356972309,"singlet"
"CID44971_GGCAATTTCAACACAC",0.145404335243867,"singlet"
"CID44971_GGGTCTGAGACTAAGT",0.0500013328648596,"singlet"
"CID44971_GGGTCTGCATGCCCGA",0.237422104197409,"singlet"
"CID44971_GGTGAAGAGCACCGTC",0.0333333333344774,"singlet"
"CID44971_GTAACTGAGACTAAGT",0.222115435154948,"singlet"
"CID44971_GTAACTGAGTAGTGCG",0.0250001456820855,"singlet"
"CID44971_GTGCAGCAGCTACCGC",0.183366974541445,"singlet"
"CID44971_GTGCAGCAGGAACTGC",0.0333345781947901,"singlet"
"CID44971_GTGCATACACAGGTTT",0.274008801269207,"singlet"
"CID44971_GTGTGCGGTGTCCTCT",0.158333586713283,"singlet"
"CID44971_GTTCATTTCGTTGCCT",0.108336122478586,"singlet"
"CID44971_TAAGAGATCTAACCGA",0.0656411348374761,"singlet"
"CID44971_TAAGCGTTCTCGTATT",0.0503452800678166,"singlet"
"CID44971_TACAGTGCAATTCCTT",0.0593511697387908,"singlet"
"CID44971_TACCTATCAAGACACG",0.22855731277097,"singlet"
"CID44971_TACCTTAGTACACCGC",0.113158270413382,"singlet"
"CID44971_TACTTACAGCACAGGT",0.051015782271269,"singlet"
"CID44971_TAGAGCTGTGAGGCTA",0.0414981811300243,"singlet"
"CID44971_TAGTGGTGTTTGTTGG",0.0416688199275329,"singlet"
"CID44971_TATCTCAAGGTGATAT",0.234803382791782,"singlet"
"CID44971_TATTACCTCTCTTGAT",0.0547862105761036,"singlet"
"CID44971_TCAGCAAGTGTGCGTC",0.105908676773717,"singlet"
"CID44971_TCGAGGCCAATACGCT",0.0749985216314978,"singlet"
"CID44971_TCGTAGAGTTGGTGGA",0.0676558188890942,"singlet"
"CID44971_TGAAAGAAGTTATCGC",0.126873574684954,"singlet"
"CID44971_TGACAACCACCCTATC",0.380245612717853,"doublet"
"CID44971_TGACGGCTCCATGCTC",0.0500038208617459,"singlet"
"CID44971_TGAGCATAGAGTAAGG",0.110824842321815,"singlet"
"CID44971_TGCGGGTGTCGATTGT",0.250535929706833,"singlet"
"CID44971_TGCGTGGGTCGCTTCT",0.226765849451109,"singlet"
"CID44971_TGGCCAGCAGACTCGC",0.26141731204873,"singlet"
"CID44971_TGGCGCAGTTGGTAAA",0.252800003530552,"singlet"
"CID44971_TGGCTGGGTGATGATA",0.0602024485466922,"singlet"
"CID44971_TTAGGACAGGACAGAA",0.0416666692632382,"singlet"
"CID44971_TTAGGCAAGCGGATCA",0.0333336436901947,"singlet"
"CID44971_TTAGGCAAGGTCGGAT",0.24114419343322,"singlet"
"CID44971_TTCTACAGTCGCATCG",0.205301710850646,"singlet"
"CID44971_TTGAACGAGACTGTAA",0.0666669763466069,"singlet"
"CID44971_TTTATGCCACAACGTT",0.0416666897451905,"singlet"
"CID44971_AAAGATGCATGTCTCC",0.0934556448034717,"singlet"
"CID44971_AAAGCAAGTTGTCTTT",0.206018409952772,"singlet"
"CID44971_AAAGTAGCATGTAGTC",0.000905410294992306,"singlet"
"CID44971_AAAGTAGGTGTATGGG",0.0844217101613515,"singlet"
"CID44971_AAATGCCCACGGTGTC",0.0666668900239689,"singlet"
"CID44971_AACCATGCAATGAAAC",0.017935661220992,"singlet"
"CID44971_AACTCAGAGCAGGTCA",0.0345372876134476,"singlet"
"CID44971_AAGACCTCACCGAATT",0.0469745562617286,"singlet"
"CID44971_AAGACCTGTCCAACTA",0.0862933320759388,"singlet"
"CID44971_AAGGTTCGTCTTCGTC",0.0186447321128868,"singlet"
"CID44971_AATCGGTAGCGTAGTG",0.0466757522738292,"singlet"
"CID44971_ACACCAATCTTTACAC",0.0500032646277142,"singlet"
"CID44971_ACACCCTCAGATCCAT",0.0197828395637706,"singlet"
"CID44971_ACAGCCGGTTACTGAC",0.0100714344666429,"singlet"
"CID44971_ACAGCTAGTTGTCTTT",0.00833333333333333,"singlet"
"CID44971_ACATCAGAGGGCTTCC",0.0295234244268994,"singlet"
"CID44971_ACATGGTGTAGGGACT",0.0114702381204147,"singlet"
"CID44971_ACCCACTAGGATCGCA",0.105179196523055,"singlet"
"CID44971_ACCCACTCAAGTTCTG",0.100000632460063,"singlet"
"CID44971_ACCCACTGTAGCCTCG",0.146518667646091,"singlet"
"CID44971_ACCGTAAAGCTAGCCC",0.0860376170803789,"singlet"
"CID44971_ACGGCCAGTCAAAGCG",0.046968721010366,"singlet"
"CID44971_ACGGGCTAGGGATACC",0.138218280304264,"singlet"
"CID44971_ACGGGTCCATACGCTA",0.0257883562710962,"singlet"
"CID44971_ACTGAACTCACGCGGT",0.0512585680583606,"singlet"
"CID44971_ACTGCTCTCTGTCTAT",0.0440073042217922,"singlet"
"CID44971_ACTTACTAGTCTCAAC",0.628024512988916,"doublet"
"CID44971_ACTTTCAAGTACTTGC",0.0347862186142392,"singlet"
"CID44971_ACTTTCAGTATTACCG",0.100001306286128,"singlet"
"CID44971_AGACGTTAGCGATGAC",0.108333333350215,"singlet"
"CID44971_AGACGTTGTAGCTCCG",0.108333334470176,"singlet"
"CID44971_AGAGCGATCATCGATG",0.00970584205485573,"singlet"
"CID44971_AGCAGCCTCGTAGGAG",0.176499680028594,"singlet"
"CID44971_AGCATACGTAGGACAC",0.067756909336958,"singlet"
"CID44971_AGCGTCGAGGGCTTGA",0.0679660024651315,"singlet"
"CID44971_AGCTCCTGTCTAAACC",0.101159051108085,"singlet"
"CID44971_AGCTCCTTCTGCAGTA",0.100550662608949,"singlet"
"CID44971_AGCTCTCCACCAGTTA",0.00833358458815882,"singlet"
"CID44971_AGGGAGTAGCACACAG",0.0584252398466179,"singlet"
"CID44971_AGTGAGGAGATGTTAG",0.167559720051762,"singlet"
"CID44971_ATCCACCTCAAAGACA",0.215047731806898,"singlet"
"CID44971_ATCCGAAAGCCACGCT",0.246505460180287,"singlet"
"CID44971_ATCCGAAAGCCGGTAA",0.00833367661074958,"singlet"
"CID44971_ATCCGAAAGTTGAGTA",0.0432560176519713,"singlet"
"CID44971_ATCTGCCTCACTTATC",0.0943025417082761,"singlet"
"CID44971_ATGAGGGGTAGAGCTG",0.0132722350244935,"singlet"
"CID44971_ATTACTCTCCCTCAGT",0.0500060497563815,"singlet"
"CID44971_CAACCAACAAGACGTG",0.151281272298183,"singlet"
"CID44971_CAACTAGAGGCTACGA",0.0514577816023225,"singlet"
"CID44971_CAACTAGGTGTGACCC",8.38650315911599e-05,"singlet"
"CID44971_CACACAAGTATCAGTC",0.0416684557425673,"singlet"
"CID44971_CACAGGCGTCAGGACA",0.0225707817427694,"singlet"
"CID44971_CACAGTACAACGCACC",0.104940505311195,"singlet"
"CID44971_CACAGTACAAGGACAC",0.0416666666673413,"singlet"
"CID44971_CACATAGCATCGATGT",0.0975723871518302,"singlet"
"CID44971_CACCAGGTCTCAAACG",0.0297118728862703,"singlet"
"CID44971_CACCTTGTCCGATATG",0.649073297129999,"doublet"
"CID44971_CAGAGAGGTAATTGGA",0.175000000033831,"singlet"
"CID44971_CAGATCAAGGTTCCTA",0.0750004107869673,"singlet"
"CID44971_CAGCAGCGTCGAGATG",0.0703239011681804,"singlet"
"CID44971_CAGCAGCGTTTGACAC",0.0106425617144673,"singlet"
"CID44971_CATATGGCAACTGGCC",0.0354563799058301,"singlet"
"CID44971_CATCCACAGATGTCGG",0.00833333375014271,"singlet"
"CID44971_CATCCACAGTCCGTAT",0.0250000007205308,"singlet"
"CID44971_CATCGAAAGGGTCTCC",0.0601314572718106,"singlet"
"CID44971_CATCGGGCATCACGAT",0.0275534100340117,"singlet"
"CID44971_CATGACAAGATTACCC",0.0750000003048338,"singlet"
"CID44971_CATGCCTGTCTTCAAG",0.0427383635990815,"singlet"
"CID44971_CATGGCGAGATAGGAG",0.0666689469509485,"singlet"
"CID44971_CATGGCGAGATAGTCA",0.0260948587443036,"singlet"
"CID44971_CATGGCGAGCGTGAAC",0.0928171986392367,"singlet"
"CID44971_CATTATCCACCAGTTA",0.118457984155673,"singlet"
"CID44971_CATTATCCACCCATTC",0.053202855779912,"singlet"
"CID44971_CATTATCTCACCCTCA",0.0817146106079965,"singlet"
"CID44971_CCACTACTCGAGGTAG",0.0166667892629636,"singlet"
"CID44971_CCACTACTCGCAGGCT",0.0750009455074007,"singlet"
"CID44971_CCACTACTCTACTATC",0.0416679420182016,"singlet"
"CID44971_CCAGCGACATACAGCT",0.361719648420078,"doublet"
"CID44971_CCATGTCAGCTGGAAC",0.0514780714667116,"singlet"
"CID44971_CCCAATCAGATCTGCT",0.254199548247402,"singlet"
"CID44971_CCCTCCTAGTGTTGAA",0.0372795431709247,"singlet"
"CID44971_CCCTCCTAGTTGCAGG",0.0333333352889485,"singlet"
"CID44971_CCCTCCTGTCATATCG",0.0250035052701611,"singlet"
"CID44971_CCCTCCTTCGGTCTAA",0.0178075933152453,"singlet"
"CID44971_CCGTGGAGTACACCGC",0.0703665813190676,"singlet"
"CID44971_CCGTGGATCAGAAATG",0.0261901937266723,"singlet"
"CID44971_CCGTTCATCATGGTCA",0.0703527996152902,"singlet"
"CID44971_CCTACACAGAGTGACC",0.0668437078402007,"singlet"
"CID44971_CCTACCAAGCCGATTT",0.0666666685608257,"singlet"
"CID44971_CCTACCAGTCGCGAAA",0.107757848224533,"singlet"
"CID44971_CCTTACGTCACAGTAC",4.70893859437607e-08,"singlet"
"CID44971_CCTTCCCTCCTTTCGG",0.0298946795547623,"singlet"
"CID44971_CGAATGTGTAGAAGGA",0.0326029651592333,"singlet"
"CID44971_CGAGCCAGTTAAGACA",0.0263772707388077,"singlet"
"CID44971_CGATGGCCAGCATACT",0.00929821739036209,"singlet"
"CID44971_CGATGTAAGCGCCTCA",0.0198123991607502,"singlet"
"CID44971_CGCGTTTCACATGGGA",0.0254667621415157,"singlet"
"CID44971_CGCTTCAGTTTGTGTG",0.341749740278243,"doublet"
"CID44971_CGGACACGTGACGCCT",0.0743589925401627,"singlet"
"CID44971_CGGACTGAGTAAGTAC",0.100607647321773,"singlet"
"CID44971_CGGACTGCACGCATCG",0.0935341966034205,"singlet"
"CID44971_CGGACTGTCATGGTCA",0.058333347034285,"singlet"
"CID44971_CGGCTAGTCGCCGTGA",0.0619971392283861,"singlet"
"CID44971_CGTCAGGTCTGCGGCA",0.00833452110229593,"singlet"
"CID44971_CGTCTACGTCATGCCG",0.0186270198296324,"singlet"
"CID44971_CGTGAGCAGGTGCTTT",0.0389202283422829,"singlet"
"CID44971_CGTTAGACATCGTCGG",0.0175219256732085,"singlet"
"CID44971_CGTTAGATCGCAGGCT",0.0918500169417807,"singlet"
"CID44971_CGTTCTGGTGGAAAGA",0.234549157761456,"singlet"
"CID44971_CTACATTTCCGCTGTT",0.0750010667178183,"singlet"
"CID44971_CTACCCACAATAACGA",0.0684467002711516,"singlet"
"CID44971_CTACCCATCTTATCTG",0.118310720046653,"singlet"
"CID44971_CTACGTCGTACCATCA",0.0417050658816622,"singlet"
"CID44971_CTAGCCTTCGGTCTAA",0.0324262390446672,"singlet"
"CID44971_CTAGTGAAGGCGTACA",0.0377420001372386,"singlet"
"CID44971_CTAGTGACATCGACGC",0.0253530663471906,"singlet"
"CID44971_CTCAGAAGTGTGACCC",0.181513154534673,"singlet"
"CID44971_CTCCTAGGTATGCTTG",0.0270121942178024,"singlet"
"CID44971_CTCGAAAAGAGTACAT",0.0639128909143309,"singlet"
"CID44971_CTCGAAAGTGACTACT",0.0932849623979252,"singlet"
"CID44971_CTCGAAATCACTCTTA",0.0473566829357208,"singlet"
"CID44971_CTCGTACCAAGCGAGT",0.0317834819447945,"singlet"
"CID44971_CTCTAATAGTATCTCG",0.0833685327342575,"singlet"
"CID44971_CTGATCCGTGTGAAAT",0.142843613475004,"singlet"
"CID44971_CTGCGGAGTTGCGTTA",0.0358188272368914,"singlet"
"CID44971_CTGCTGTGTATATGAG",0.0918925384870314,"singlet"
"CID44971_CTTAGGAAGTCTCGGC",0.0504874859682365,"singlet"
"CID44971_GAAACTCGTCTCTTAT",0.282968132037206,"singlet"
"CID44971_GAACCTAAGGATCGCA",0.00914986952988363,"singlet"
"CID44971_GAACGGATCTTGAGAC",0.0588909529829624,"singlet"
"CID44971_GACACGCCAGCATGAG",0.0191937771295189,"singlet"
"CID44971_GACCAATAGTCGTACT",0.0500012513925918,"singlet"
"CID44971_GACCTGGCACGCGAAA",0.0166670832384427,"singlet"
"CID44971_GACGGCTAGACTACAA",0.0655329680365027,"singlet"
"CID44971_GACGTGCCAAGTAATG",0.0334222892976216,"singlet"
"CID44971_GACGTTAGTTGGTTTG",0.168210391493603,"singlet"
"CID44971_GACTAACTCTGAAAGA",0.0685372790083038,"singlet"
"CID44971_GACTACAAGAGTACAT",0.0399578191846305,"singlet"
"CID44971_GACTACACATCCGCGA",0.0766016115568871,"singlet"
"CID44971_GACTACATCAGTCAGT",0.100000014298095,"singlet"
"CID44971_GAGGTGAAGCCAGTAG",0.0916750727568082,"singlet"
"CID44971_GATCGCGCAAGAGTCG",0.0416668730231892,"singlet"
"CID44971_GATCGTACAAGAAAGG",0.145343906820294,"singlet"
"CID44971_GATCGTACAGTTCATG",0.0322805849495018,"singlet"
"CID44971_GATTCAGCAAATACAG",0.053720114965119,"singlet"
"CID44971_GCAATCAGTCAAGCGA",1.40824541522989e-06,"singlet"
"CID44971_GCAGCCAAGGCTATCT",0.051291852838897,"singlet"
"CID44971_GCAGTTAAGCATCATC",0.0588927750713675,"singlet"
"CID44971_GCATGCGGTGGTCTCG",0.0167507736755749,"singlet"
"CID44971_GCGACCAAGATCCTGT",0.0866714867585481,"singlet"
"CID44971_GCGAGAACATCCGCGA",0.0500002620118207,"singlet"
"CID44971_GCGAGAATCAGTTAGC",0.0924655974181228,"singlet"
"CID44971_GCGCAGTTCGTAGATC",0.0500005712208854,"singlet"
"CID44971_GCGGGTTCATACAGCT",0.000711035609585579,"singlet"
"CID44971_GCTCTGTGTACAGCAG",0.0686333203614661,"singlet"
"CID44971_GCTCTGTTCCACTCCA",0.075834520138383,"singlet"
"CID44971_GCTGCAGTCTGGCGAC",0.0515294035820628,"singlet"
"CID44971_GCTGCGACAAGTAATG",0.161549652824754,"singlet"
"CID44971_GCTTCCAAGCACACAG",0.0992541804407462,"singlet"
"CID44971_GCTTCCATCATCTGTT",0.0484443030813313,"singlet"
"CID44971_GCTTGAAGTCACCTAA",0.0391444105958477,"singlet"
"CID44971_GGAACTTAGTCGCCGT",0.0336426037031732,"singlet"
"CID44971_GGAATAATCAATCTCT",0.0226408262421633,"singlet"
"CID44971_GGACAAGTCGGAAATA",0.0452967888643919,"singlet"
"CID44971_GGACATTCAAAGGTGC",0.0850596102587955,"singlet"
"CID44971_GGACATTCAATGGAGC",0.0711789446832672,"singlet"
"CID44971_GGACATTCAGGTCGTC",0.0709656759920337,"singlet"
"CID44971_GGATTACCAAACGTGG",0.235122986876464,"singlet"
"CID44971_GGATTACCAACGATGG",0.117935834944042,"singlet"
"CID44971_GGCAATTGTGATAAAC",0.158333457061423,"singlet"
"CID44971_GGCGACTTCATTATCC",0.084814586857776,"singlet"
"CID44971_GGCTGGTAGGGAGTAA",0.0704715074181743,"singlet"
"CID44971_GGCTGGTGTATAGGGC",0.0133318332304474,"singlet"
"CID44971_GGGAGATAGTATCTCG",0.00143302987903755,"singlet"
"CID44971_GGGATGAGTCTGCGGT",0.0127280575450289,"singlet"
"CID44971_GGGTCTGAGCAATCTC",0.0751307717306365,"singlet"
"CID44971_GGTGCGTGTGTAACGG",0.0621370589221721,"singlet"
"CID44971_GTACTCCAGGCCGAAT",0.108333334052997,"singlet"
"CID44971_GTCACAAGTCTAAAGA",0.0356684722858467,"singlet"
"CID44971_GTCACGGTCCACGACG",0.125298072888573,"singlet"
"CID44971_GTCATTTCATCCTAGA",0.227657883594847,"singlet"
"CID44971_GTCGGGTTCGCCAGCA",0.00913043294974063,"singlet"
"CID44971_GTCTTCGGTTCAGCGC",1.20972131901377e-06,"singlet"
"CID44971_GTGCGGTGTAAATGTG",0.00901298729158087,"singlet"
"CID44971_GTGCTTCAGTGTCTCA",0.00904213156370251,"singlet"
"CID44971_GTGGGTCAGTGTCCCG",0.0583343583399877,"singlet"
"CID44971_GTTAAGCCACTGTCGG",0.0177196680918137,"singlet"
"CID44971_GTTCGGGTCTTATCTG",0.0252012135690426,"singlet"
"CID44971_GTTCTCGAGAGGGATA",0.0267501222018397,"singlet"
"CID44971_TAAACCGAGCCAGTTT",0.0666677401428426,"singlet"
"CID44971_TACCTATTCACATAGC",0.0011123893501481,"singlet"
"CID44971_TACCTTAGTCAGCTAT",0.0594706837255746,"singlet"
"CID44971_TACGGTAAGTTGAGAT",0.0316769433070841,"singlet"
"CID44971_TACGGTACACCTATCC",0.0140491842354428,"singlet"
"CID44971_TACGGTATCACCGGGT",0.0666719954283013,"singlet"
"CID44971_TACTCGCTCATAAAGG",0.0255316442962794,"singlet"
"CID44971_TACTCGCTCGTCTGCT",0.163897444849492,"singlet"
"CID44971_TACTTACAGTTAGCGG",0.0335633603068235,"singlet"
"CID44971_TACTTACGTGACGGTA",0.0604168307921863,"singlet"
"CID44971_TATTACCAGTGTCTCA",0.00118432594863488,"singlet"
"CID44971_TCAACGATCACCACCT",0.025,"singlet"
"CID44971_TCAATCTGTTATTCTC",0.0993634150168681,"singlet"
"CID44971_TCACGAAGTGCCTGGT",0.125265649499846,"singlet"
"CID44971_TCAGCAAAGCGCCTTG",0.0500000018695198,"singlet"
"CID44971_TCAGCAATCCTTAATC",0.152514876424696,"singlet"
"CID44971_TCAGCTCGTAGCGATG",0.249183604273107,"singlet"
"CID44971_TCAGGATTCGCACTCT",0.0916669079183487,"singlet"
"CID44971_TCATTTGAGACGCAAC",0.452484464024179,"doublet"
"CID44971_TCTCATACAGATCCAT",0.0720915736491447,"singlet"
"CID44971_TCTGGAATCCCATTTA",0.0416666825244188,"singlet"
"CID44971_TCTTTCCAGAGGACGG",0.0533763480114899,"singlet"
"CID44971_TGACGGCGTTATGTGC",0.0504369185698882,"singlet"
"CID44971_TGACTAGAGTGATCGG",0.0416667053290272,"singlet"
"CID44971_TGACTTTGTCAAAGAT",0.104089371853247,"singlet"
"CID44971_TGACTTTGTCATATCG",0.0188169831272328,"singlet"
"CID44971_TGACTTTTCTTTACGT",0.126582586220061,"singlet"
"CID44971_TGAGCATAGCGATAGC",0.0833392133478919,"singlet"
"CID44971_TGAGCCGTCCGTAGGC",0.171818644087864,"singlet"
"CID44971_TGAGCCGTCTTCTGGC",0.0834146124849672,"singlet"
"CID44971_TGCACCTAGGTGATAT",0.0583333402050685,"singlet"
"CID44971_TGCCAAAAGAAACGAG",0.0504323692328805,"singlet"
"CID44971_TGCCCTATCAGCTCTC",0.0111113983682661,"singlet"
"CID44971_TGCGGGTAGACAATAC",0.0852825939268077,"singlet"
"CID44971_TGCGTGGAGCAGGCTA",0.133333333355426,"singlet"
"CID44971_TGCGTGGCACCGAATT",0.0259853427907205,"singlet"
"CID44971_TGCGTGGTCAGCAACT",0.0416666668118552,"singlet"
"CID44971_TGGACGCAGCTCTCGG",0.0418210190191805,"singlet"
"CID44971_TGGACGCCACCAACCG",0.216007377414472,"singlet"
"CID44971_TGGCGCAAGTGCTGCC",0.110948158801409,"singlet"
"CID44971_TGGCGCAAGTTACGGG",0.02187925302083,"singlet"
"CID44971_TGGCGCAGTCGCTTCT",0.0367802350850093,"singlet"
"CID44971_TGGGCGTTCATGCTCC",0.00841694825166504,"singlet"
"CID44971_TGTATTCAGGGAGTAA",0.054124517611495,"singlet"
"CID44971_TGTCCCACAGGGCATA",0.0420076443135433,"singlet"
"CID44971_TTAACTCGTAGCGTCC",0.0186695747445856,"singlet"
"CID44971_TTAGGCACATCGGACC",0.0482552423689101,"singlet"
"CID44971_TTCGGTCTCGCCAGCA",3.02882788371849e-06,"singlet"
"CID44971_TTCTCAAAGCCAGTAG",0.036586150280408,"singlet"
"CID44971_TTCTTAGAGGCTCAGA",0.0186567575536476,"singlet"
"CID44971_TTCTTAGGTCGGGTCT",0.0365105593337704,"singlet"
"CID44971_TTGCCGTGTGGTAACG",0.0594483346376864,"singlet"
"CID44971_TTGCGTCAGGACCACA",0.08333333344162,"singlet"
"CID44971_TTGGAACGTCGCATCG",0.0421133717879359,"singlet"
"CID44971_TTTATGCAGTTAAGTG",0.108333333334355,"singlet"
"CID44971_TTTATGCCACAGAGGT",0.033333527722542,"singlet"
"CID44971_TTTGCGCTCTCCCTGA",0.0416670281570209,"singlet"
"CID44971_TTTGGTTCATTAACCG",0.043319282635055,"singlet"
"CID44971_AAGGTTCAGTGGGCTA",0.0641545702184616,"singlet"
"CID44971_AAGTCTGTCCAATGGT",0.181948866995285,"singlet"
"CID44971_ACACCCTAGCACGCCT",0.100000054542352,"singlet"
"CID44971_ACATACGGTTATCACG",0.0701831318054699,"singlet"
"CID44971_ACCAGTAAGTGAAGTT",0.111546320423253,"singlet"
"CID44971_ACCCACTTCCGAACGC",0.113958402541011,"singlet"
"CID44971_ACCGTAACACAGGCCT",0.108208771771584,"singlet"
"CID44971_ACGAGCCCACTTAAGC",0.0504663488108392,"singlet"
"CID44971_ACGCAGCAGTCCAGGA",0.631915390948617,"doublet"
"CID44971_ACGCCAGAGTTATCGC",0.685290279400488,"doublet"
"CID44971_ACTTACTGTTCTGGTA",0.0261943685171258,"singlet"
"CID44971_ACTTGTTGTTGTGGAG",0.259943478663461,"singlet"
"CID44971_AGAGCGAAGGCAGTCA",0.119152458391296,"singlet"
"CID44971_AGAGCGAAGTATCGAA",0.0818801247447029,"singlet"
"CID44971_AGAGCTTAGACGCACA",0.0535212865253963,"singlet"
"CID44971_AGCATACAGTGGACGT",0.0693866176744166,"singlet"
"CID44971_AGCGGTCCATTAACCG",0.0741283207079578,"singlet"
"CID44971_AGCTCTCAGCTAACTC",0.0347079557438382,"singlet"
"CID44971_AGCTCTCTCTGCTGCT",0.0354311821950236,"singlet"
"CID44971_AGGGAGTGTGCGCTTG",0.129171079636128,"singlet"
"CID44971_AGGGTGAGTGACTCAT",0.0880721303047718,"singlet"
"CID44971_AGGTCATGTCTGATCA",0.34351344309371,"doublet"
"CID44971_AGTGAGGAGATCACGG",0.113356032085536,"singlet"
"CID44971_ATCACGATCCGCTGTT",0.075723502348405,"singlet"
"CID44971_ATCTGCCGTCGCGAAA",0.069743757139379,"singlet"
"CID44971_ATGCGATAGCTGTTCA",0.117919693392491,"singlet"
"CID44971_ATTACTCAGCGTTCCG",0.026386237886227,"singlet"
"CID44971_ATTACTCTCGCTTGTC",0.0864921684641561,"singlet"
"CID44971_ATTGGACGTGTTTGGT",0.0489683786624202,"singlet"
"CID44971_CAAGGCCCACCCATGG",0.0276498297050376,"singlet"
"CID44971_CACACAAGTGTTTGGT",0.0703787739111607,"singlet"
"CID44971_CACATAGTCTCAACTT",0.119061720502021,"singlet"
"CID44971_CAGAATCAGTATCGAA",0.0584987117095596,"singlet"
"CID44971_CAGCTGGTCGTCACGG",0.20611814309738,"singlet"
"CID44971_CATATGGGTACGACCC",0.0338671812579607,"singlet"
"CID44971_CATCCACCACGAAGCA",0.0612869044226062,"singlet"
"CID44971_CATCGGGAGTGCGTGA",0.0326079292563806,"singlet"
"CID44971_CATGACAGTCGAGTTT",0.323481075920505,"singlet"
"CID44971_CATGCCTTCCAAACTG",0.222843814475497,"singlet"
"CID44971_CATGGCGTCAGCAACT",0.0702997847056136,"singlet"
"CID44971_CATTATCTCTGCTTGC",0.0924239558393192,"singlet"
"CID44971_CCAGCGAGTCTCCACT",0.101319894945282,"singlet"
"CID44971_CCCATACTCAGTTAGC",0.0612859299918324,"singlet"
"CID44971_CCGGTAGTCACCATAG",0.0431328404958623,"singlet"
"CID44971_CCGTACTGTGCGGTAA",0.0431003131835635,"singlet"
"CID44971_CCGTGGAAGACTACAA",0.236169009147207,"singlet"
"CID44971_CCTAAAGCAAGTAGTA",0.109162098500186,"singlet"
"CID44971_CCTACCAAGTCCCACG",0.0294320156053384,"singlet"
"CID44971_CCTAGCTAGTGGACGT",0.0699042263135429,"singlet"
"CID44971_CCTAGCTCAGACAAGC",0.0669454230193374,"singlet"
"CID44971_CCTCTGAAGACCTTTG",0.192237383916892,"singlet"
"CID44971_CCTTCCCGTGCCTGGT",0.526920014550757,"doublet"
"CID44971_CCTTCGATCTGAAAGA",0.0535696603725692,"singlet"
"CID44971_CCTTTCTAGTACACCT",0.18298012838215,"singlet"
"CID44971_CGAGCACTCGACCAGC",0.237249096770027,"singlet"
"CID44971_CGCGGTATCCAAACTG",0.0779190861193267,"singlet"
"CID44971_CGCGTTTAGACTAGAT",0.1280951541666,"singlet"
"CID44971_CGCGTTTCATAAGACA",0.756387849824709,"doublet"
"CID44971_CGCTGGAAGAGGTAGA",0.184721726558462,"singlet"
"CID44971_CGGAGCTGTGTGGCTC",0.0610099971397616,"singlet"
"CID44971_CGGAGCTTCCATGAAC",0.234270418485004,"singlet"
"CID44971_CGGCTAGTCGCGCCAA",0.0532565682002583,"singlet"
"CID44971_CGGTTAATCTTAGAGC",0.134964416274545,"singlet"
"CID44971_CGTAGGCAGACAATAC",0.307552880421795,"singlet"
"CID44971_CGTCACTGTGTTCGAT",0.0375100793733456,"singlet"
"CID44971_CGTTCTGGTATAGGTA",0.180207447314633,"singlet"
"CID44971_CTACGTCCACGTTGGC",0.0844022994079669,"singlet"
"CID44971_CTCAGAACATCGGGTC",0.213741221918621,"singlet"
"CID44971_CTCATTAGTAGCTGCC",0.0261773530148044,"singlet"
"CID44971_CTCGAAAAGCTCCCAG",0.04343208727898,"singlet"
"CID44971_CTCGGAGTCGACCAGC",0.12304720653305,"singlet"
"CID44971_CTCGGGAAGCCCAGCT",0.0604925977497633,"singlet"
"CID44971_CTGAAACTCAGATAAG",0.101540959375086,"singlet"
"CID44971_CTGATCCTCGGAAACG",0.546269189704068,"doublet"
"CID44971_CTGCGGAAGGCAATTA",0.114349295487568,"singlet"
"CID44971_CTGTGCTCACGCCAGT",0.0526653030086608,"singlet"
"CID44971_CTTACCGGTGTCTGAT",0.0262384581109775,"singlet"
"CID44971_GAAATGAGTTCCACTC",0.091133285076675,"singlet"
"CID44971_GAACATCAGCTCCTTC",0.0253049549327054,"singlet"
"CID44971_GAACCTAAGAATCTCC",0.066458525698803,"singlet"
"CID44971_GAACCTAAGGTAAACT",0.125086074680473,"singlet"
"CID44971_GACGCGTTCTACGAGT",0.182123161963456,"singlet"
"CID44971_GATCGCGCATGTCTCC",0.108917256750323,"singlet"
"CID44971_GATGAAACACACCGCA",0.0428525937908743,"singlet"
"CID44971_GCACATACAAGCGAGT",0.217749281744513,"singlet"
"CID44971_GCACTCTAGGCTAGGT",0.0540417107857473,"singlet"
"CID44971_GCATGTATCGCATGAT",0.111445297800902,"singlet"
"CID44971_GCCAAATCATACGCCG",0.0537524555248589,"singlet"
"CID44971_GCGAGAAAGGAGTACC",0.133557922496987,"singlet"
"CID44971_GCGAGAATCCAACCAA",0.0537710297821946,"singlet"
"CID44971_GCTCCTAAGAAGGGTA",0.120828381596721,"singlet"
"CID44971_GCTGCTTCACTACAGT",0.0508993725179506,"singlet"
"CID44971_GCTTCCACATATACGC",0.136442737414754,"singlet"
"CID44971_GGAAAGCGTCAATGTC",0.209536662118279,"singlet"
"CID44971_GGAACTTAGGTGACCA",0.180350063274505,"singlet"
"CID44971_GGATTACAGTGAAGTT",0.0530060739166079,"singlet"
"CID44971_GGCGTGTGTGCAACTT",0.0176232197165944,"singlet"
"CID44971_GGCTGGTAGGCAGTCA",0.0426801593834528,"singlet"
"CID44971_GGCTGGTGTAAAGTCA",0.138102914560434,"singlet"
"CID44971_GGGAATGGTCTAGCGC",0.037359262842103,"singlet"
"CID44971_GGGTTGCGTGGTCTCG",0.0264564951565653,"singlet"
"CID44971_GGTGAAGCAGGTGGAT",0.0947443656777516,"singlet"
"CID44971_GGTGCGTAGCTGCAAG",0.0356945322159712,"singlet"
"CID44971_GGTGTTATCTCTAAGG",0.188894914812325,"singlet"
"CID44971_GTACGTAAGCGATCCC",0.0626893994158374,"singlet"
"CID44971_GTACTCCTCTTCGAGA",0.0772118983416085,"singlet"
"CID44971_GTAGGCCCACAAGACG",0.0172533795791399,"singlet"
"CID44971_GTCATTTGTAAGGGAA",0.410020158284011,"doublet"
"CID44971_GTCTCGTAGTGTACGG",0.559419410785358,"doublet"
"CID44971_GTGCGGTTCGCTTAGA",0.0818321472833033,"singlet"
"CID44971_GTGCGGTTCGGAGGTA",0.0990250092581148,"singlet"
"CID44971_GTGGGTCCATCTGGTA",0.0345983627834852,"singlet"
"CID44971_GTTAAGCAGTTAGCGG",0.140364109922175,"singlet"
"CID44971_GTTCGGGGTCAATGTC",0.0917031860112242,"singlet"
"CID44971_TAAACCGTCCGTTGCT",0.0845708092522709,"singlet"
"CID44971_TACCTTACAAGAAGAG",0.0927653027757409,"singlet"
"CID44971_TACTTACGTGGCAAAC",0.100659552951877,"singlet"
"CID44971_TACTTGTGTTGATTCG",0.025671654017331,"singlet"
"CID44971_TACTTGTTCTGCTGTC",0.0427547492555325,"singlet"
"CID44971_TAGGCATTCGTCTGCT",0.238221378094938,"singlet"
"CID44971_TAGTGGTTCGTAGATC",0.200748957886581,"singlet"
"CID44971_TATCTCAAGCTGCGAA",0.0858057697330255,"singlet"
"CID44971_TATTACCAGACAAGCC",0.0545462192167179,"singlet"
"CID44971_TCAACGAAGCCACTAT",0.124740861260087,"singlet"
"CID44971_TCACAAGGTGTGCCTG",0.532620712253279,"doublet"
"CID44971_TCGAGGCAGACCTTTG",0.0536543812157379,"singlet"
"CID44971_TCGAGGCAGCTACCTA",0.69971952780869,"doublet"
"CID44971_TCGTAGAGTTAAAGTG",0.121025206758102,"singlet"
"CID44971_TCTATTGTCACATGCA",0.0445589475710229,"singlet"
"CID44971_TGACGGCTCATGGTCA",0.0430958740053292,"singlet"
"CID44971_TGACTTTCACAGCCCA",0.0490807329182084,"singlet"
"CID44971_TGTATTCAGTGGAGAA",0.0265418890089445,"singlet"
"CID44971_TTCTACACATGTAAGA",0.0862230301507825,"singlet"
"CID44971_TTCTACATCCAAAGTC",0.0255757839348298,"singlet"
"CID44971_TTCTACATCGAATGCT",0.0191664035629111,"singlet"
"CID44971_TTGAACGTCTTATCTG",0.148105797048405,"singlet"
"CID44971_TTGGCAAGTTCGTCTC",0.078898280152685,"singlet"
"CID44971_TTTATGCTCAGATAAG",0.221074071159456,"singlet"
"CID44971_TTTCCTCCAAGCCATT",0.0504144832813382,"singlet"
"CID44971_TTTGGTTGTATCACCA",0.0345747191168564,"singlet"
