"barcode","doublet_score","doublet_class"
"CID3838_AAACGCTAGAGCCGAT",0.0757575757613927,"singlet"
"CID3838_ACGCACGGTCCAGGTC",0.197057342560818,"singlet"
"CID3838_ACTCCCACATCATCCC",0.227655552795194,"singlet"
"CID3838_AGACAGGAGGGTTAAT",0.0910198807159887,"singlet"
"CID3838_AGTTAGCGTCAGTTTG",0.0909090909123214,"singlet"
"CID3838_ATAGGCTAGCATCAGG",0.134821230305338,"singlet"
"CID3838_ATCGATGTCTAGACAC",0.166715039295964,"singlet"
"CID3838_CCTTTGGCAGGACTAG",0.454834407776429,"doublet"
"CID3838_CGCATGGTCATGGATC",0.09098412392433,"singlet"
"CID3838_CGCGTGAAGCGTGCTC",0.0454777356613593,"singlet"
"CID3838_CTCAGTCGTCACTTCC",0.299488034135298,"singlet"
"CID3838_GAGAGGTGTTCTTGTT",0.151635741614608,"singlet"
"CID3838_GAGGCCTCAAAGGTTA",0.307351857517368,"singlet"
"CID3838_GATCACATCCCGAATA",0.075923157546295,"singlet"
"CID3838_GCACATAGTTACACTG",0.136429466846875,"singlet"
"CID3838_GCAGCCAAGGTTGAGC",0.310904297170905,"singlet"
"CID3838_GCTTCACTCTTAATCC",0.0606489680984877,"singlet"
"CID3838_GGAGCAATCCACAAGT",0.291462094657571,"singlet"
"CID3838_GGGTATTAGTGCGACA",0.151819575272769,"singlet"
"CID3838_GGTAGAGAGCTAAACA",0.075757575836415,"singlet"
"CID3838_GTGCAGCCACTTTAGG",0.328502936507793,"singlet"
"CID3838_GTTACGAGTGAGACGT",0.121212121732063,"singlet"
"CID3838_TGTAGACTCTTGGGCG",0.106060635661331,"singlet"
"CID3838_TTACGCCCAGCCTTCT",0.320051186952042,"singlet"
"CID3838_TTAGTCTTCTGGGATT",0.136481357131026,"singlet"
"CID3838_TTCATGTTCTGCATAG",0.0909090909090909,"singlet"
"CID3838_TTTGACTAGAAAGTCT",0.0757575757607527,"singlet"
"CID3838_TAAGTCGCAAGACCGA",0.173515550342596,"singlet"
"CID3838_ATAGAGAAGATGCTTC",0.0606175776502257,"singlet"
"CID3838_GTAACACCATAACCCA",0.0454594146415664,"singlet"
"CID3838_TCTACCGAGTCGGGAT",0.060646562586153,"singlet"
"CID3838_AACAAGAAGGTGGGTT",0.182062257799044,"singlet"
"CID3838_ACGTAGTTCGCAGATT",0.136708809688233,"singlet"
"CID3838_AAAGAACAGTACTCGT",0.0909090909093423,"singlet"
"CID3838_ATTCACTCAACCCGCA",0.280810867794105,"singlet"
"CID3838_ACGTACACAAGCACAG",0.13664857458566,"singlet"
"CID3838_ACTTTCAGTTCCGCAG",0.151758480164625,"singlet"
"CID3838_ATCCTATGTTCCTACC",0.151515151614942,"singlet"
"CID3838_CAGCCAGAGAGAGAAC",0.0606077252199867,"singlet"
"CID3838_CTCCTTTGTCCGGCAT",0.0757575757576564,"singlet"
"CID3838_GAAGTAACAGCGTTGC",0.166749405750621,"singlet"
"CID3838_GACCCTTGTCGGCCTA",0.136369495444591,"singlet"
"CID3838_GTACAGTGTTACACTG",0.0757580210567874,"singlet"
"CID3838_TCAATTCAGCACTTTG",0.273641321168732,"singlet"
"CID3838_TCCTTCTCATGTGCTA",0.0303684652388325,"singlet"
"CID3838_TCGACCTCAGAGTAAT",0.121212121266518,"singlet"
"CID3838_TCGACGGGTTCGAACT",0.0607148948795589,"singlet"
"CID3838_TCTCCGAAGTGGTGGT",0.0303907962849584,"singlet"
"CID3838_TGTGAGTGTGTGACCC",0.106060606731918,"singlet"
"CID3838_AGCTCAAGTTACGTAC",0.0454545454545455,"singlet"
"CID3838_AACCAACAGATAGTGT",0.196120082117245,"singlet"
"CID3838_AAGAACACACTACTTT",0.0921872843102491,"singlet"
"CID3838_ATTCAGGAGAAGGTAG",0.0339030582387303,"singlet"
"CID3838_CGAATTGAGAGCAGCT",6.29059382629053e-05,"singlet"
"CID3838_GTATTGGAGCAGGGAG",0.0634029205612733,"singlet"
"CID3838_GTTATGGGTCGACTTA",0.181919611205841,"singlet"
"CID3838_TACGCTCTCCTCGCAT",0.0772548785326778,"singlet"
"CID3838_TACTTACAGCCATTGT",0.0454545454557118,"singlet"
"CID3838_TAGGTACTCCCAATAG",9.51694097729319e-12,"singlet"
"CID3838_TCCATGCTCTATGCCC",0.0454558537218364,"singlet"
"CID3838_ACAGCCGTCCTCTGCA",0.16156512198094,"singlet"
"CID3838_CACTAAGAGTACTCGT",0.285036330006234,"singlet"
"CID3838_CCATCACCATCCGTGG",0.0757618240421472,"singlet"
"CID3838_CGGAACCAGTCCCTAA",0.0910207057374492,"singlet"
"CID3838_CTCCACATCCCTGGTT",0.0606101244735996,"singlet"
"CID3838_GCGATCGTCGCATGAT",0.136366132655882,"singlet"
"CID3838_GGTAACTTCTTTGCGC",0.030303030312693,"singlet"
"CID3838_GTGTCCTTCAGTGGGA",0.0758345971009217,"singlet"
"CID3838_TCCCACACACGTTCGG",0.106256842211504,"singlet"
"CID3838_AATGACCGTATCATGC",0.0606060606891227,"singlet"
"CID3838_ACCCTCACATGTTTGG",0.136364077708896,"singlet"
"CID3838_AGGATAAAGTGATGGC",0.121216237886725,"singlet"
"CID3838_ATGAAAGAGGCAGGGA",5.27435889494829e-07,"singlet"
"CID3838_ATTCCCGCAGGCGATA",0.28800236582538,"singlet"
"CID3838_CAACGATCATGGCACC",0.136581002023946,"singlet"
"CID3838_CAGATCAGTACGTGTT",0.257580614951599,"singlet"
"CID3838_CATGCGGCAACACGAG",0.0909356503725864,"singlet"
"CID3838_CCACTTGTCCATAGGT",0.0878470214556654,"singlet"
"CID3838_CCTTCAGCAGCTCATA",0.149277585555273,"singlet"
"CID3838_CTCCTCCAGTCGGCAA",0.145116998940652,"singlet"
"CID3838_GAAGCCCGTGGTCTCG",0.0606714596052875,"singlet"
"CID3838_GACATCACACATACTG",0.138466114396095,"singlet"
"CID3838_GACCCAGCACGACGAA",0.121214043449912,"singlet"
"CID3838_GACCCTTCACCCAAGC",0.0909162516770701,"singlet"
"CID3838_GAGACTTGTAACCCTA",0.227349361396639,"singlet"
"CID3838_GATTTCTAGATTAGCA",0.106061014941879,"singlet"
"CID3838_GGGACTCGTTAGAGTA",0.0909099055314996,"singlet"
"CID3838_GTCAAGTGTCGAAACG",0.182949319095546,"singlet"
"CID3838_GTGCACGTCACCCTGT",0.0759783788619044,"singlet"
"CID3838_TAAGTCGCATGGCTGC",0.106069182680019,"singlet"
"CID3838_TAGGAGGTCAAGCTGT",0.0757575757578397,"singlet"
"CID3838_TATTGCTCAAGTATCC",0.136440164935987,"singlet"
"CID3838_TGATTTCAGTTACTCG",0.0303030380791922,"singlet"
"CID3838_TTCCTTCAGGAAACGA",0.0454545454560515,"singlet"
"CID3838_AAAGGTATCACTGGTA",0.090915885894483,"singlet"
"CID3838_AGTACTGCACAACGCC",0.136364518389495,"singlet"
"CID3838_CACTAAGAGCAACTCT",0.181818885666731,"singlet"
"CID3838_CTCATTATCCCATGGG",0.211194035666085,"singlet"
"CID3838_CTCCTCCCACACGTGC",0.121349295672798,"singlet"
"CID3838_CTGAGCGAGCGAGGAG",0.121221231957447,"singlet"
"CID3838_GAGATGGAGGTAGCAC",0.0616983548661568,"singlet"
"CID3838_GAGGGTAAGTCTGCAT",0.151515151515278,"singlet"
"CID3838_GATGAGGCAGCTCCTT",0.299568311782816,"singlet"
"CID3838_GCCAGGTCATAAGCAA",0.0305044591072785,"singlet"
"CID3838_GTGAGCCTCATGGCCG",0.138428138093703,"singlet"
"CID3838_TAGTGCACAGCTATTG",0.106060928528437,"singlet"
"CID3838_TATACCTCATTGGATC",0.18149619300584,"singlet"
"CID3838_TCCTTTCTCGTAGGGA",0.136453113801642,"singlet"
"CID3838_TCTCACGTCTGGGCCA",0.227272731535422,"singlet"
"CID3838_AAAGGGCTCTCAATCT",0.242424265765805,"singlet"
"CID3838_GCGGAAAGTGATACAA",0.151515152163603,"singlet"
"CID3838_CTTCCTTAGGTCACCC",0.181820416370311,"singlet"
"CID3838_TACAGGTGTCGTGGAA",0.151521795665011,"singlet"
"CID3838_ACCTGAATCGTAACTG",0.060606060788969,"singlet"
"CID3838_ACTATCTGTCAGACGA",0.106060606062123,"singlet"
"CID3838_CCCTGATCACAGTCAT",0.161004983589516,"singlet"
"CID3838_CTATCTAGTCTACATG",0.0757575838824893,"singlet"
"CID3838_GGGTCTGTCCGCACGA",0.0606060606073032,"singlet"
"CID3838_GTGCTGGCAATGGCAG",0.136363644486763,"singlet"
"CID3838_TACCTGCGTTAGGCCC",0.0454576324435796,"singlet"
"CID3838_TGGAGAGTCCGGACGT",0.103124663454862,"singlet"
"CID3838_TGGTAGTTCAAACTGC",0.157112821383437,"singlet"
"CID3838_ACACGCGGTGATACAA",0.0454549907939447,"singlet"
"CID3838_TTTGGAGAGAAGCGCT",0.030303186975655,"singlet"
"CID3838_CAAGACTAGACAGTCG",0.0757595916843368,"singlet"
"CID3838_CTCCATGAGGCTCAAG",0.214175947582788,"singlet"
"CID3838_GAAGGACCAAGCTGTT",0.151516349773358,"singlet"
"CID3838_GGATGTTGTGGTCCGT",0.13636365535682,"singlet"
"CID3838_TGAGGTTAGCTCCATA",0.196969724130718,"singlet"
"CID3838_ACGATCAGTCGCATCG",0.136363728750718,"singlet"
"CID3838_TTGCGTCTCCATCGTC",0.117431697342399,"singlet"
"CID3838_ACTCTCGTCATACGAC",0.0757643441468315,"singlet"
"CID3838_GTGGCGTAGACCAGAC",0.106061023803589,"singlet"
"CID3838_TGTCCTGGTCACTCGG",0.0454554723462598,"singlet"
"CID3838_AAGCCATGTCAATCTG",0.106062839793768,"singlet"
"CID3838_CTATCTAAGTGGTCAG",0.121525597002021,"singlet"
"CID3838_CTCCCAACACAAGTTC",0.166888349717375,"singlet"
"CID3838_GATCATGAGTCCTACA",0.151592773271687,"singlet"
"CID3838_ATTCACTCAAATTGCC",0.121212121372948,"singlet"
"CID3838_GCCGTGAGTAGTCTTG",0.196970210458819,"singlet"
"CID3838_GGGAGATAGGTGAGAA",0.183941987818807,"singlet"
"CID3838_CCGGGTAAGAGGTATT",0.0909100215530623,"singlet"
"CID3838_GTAGAGGAGTTGGACG",0.242426127525711,"singlet"
"CID3838_TTCCTAAGTTCCTTGC",0.238926178202423,"singlet"
"CID3838_TGACGCGCAACAGCTT",0.153685183408669,"singlet"
"CID3838_TACCTCGCAACTTGCA",0.121212121212121,"singlet"
"CID3838_TGTTCATCAGCACGAA",0.0909090909090909,"singlet"
"CID3838_CGGAGAACAAGTGGTG",0.242424242424292,"singlet"
"CID3838_TCATCATGTCTTAGTG",0.0619061100687267,"singlet"
"CID3838_ACAGGGATCTAGCCAA",0.153861941608172,"singlet"
"CID3838_AGTAGCTCAGCAGAAC",0.108161250393805,"singlet"
"CID3838_CAATACGAGCGTTAGG",0.186155259726815,"singlet"
"CID3838_CTGTAGATCACTCTTA",0.267328862676987,"singlet"
"CID3838_GAAGCGACATGTCGTA",0.138471565649531,"singlet"
"CID3838_AAGTCGTAGGAAAGGT",0.168868176087063,"singlet"
"CID3838_ATACCGACATGGGCAA",0.0454545463499024,"singlet"
"CID3838_CACGGGTCAACGGGTA",0.0909090989031899,"singlet"
"CID3838_CGGGTCACAACCTAAC",0.0757633824582184,"singlet"
"CID3838_GATGCTATCCGCCTAT",0.0909090913125243,"singlet"
"CID3838_GCTTGGGTCCAACCAA",0.0909141743170127,"singlet"
"CID3838_GTGGTTAAGTTTGTCG",0.121217444395021,"singlet"
"CID3838_TACCCGTTCCAAGGGA",0.0606060685134899,"singlet"
"CID3838_TATCCTACAACACACT",0.106069536852106,"singlet"
"CID3838_TATCTGTCAAGCACAG",0.121213261051161,"singlet"
"CID3838_TCGAAGTCATCATTGG",0.0757603116166601,"singlet"
"CID3838_AACAACCGTTGAATCC",0.106100442361158,"singlet"
"CID3838_AACGTCAGTGCTTCAA",0.166666916828114,"singlet"
"CID3838_AATAGAGTCAACTTTC",0.212383968864815,"singlet"
"CID3838_AATGAAGAGTTCCTGA",0.0457948056425534,"singlet"
"CID3838_AATGGAATCGTTCTAT",0.0757601155203297,"singlet"
"CID3838_ACACGCGAGCACTAAA",0.0303030381756807,"singlet"
"CID3838_ACCTACCCAAAGACGC",0.121334737169708,"singlet"
"CID3838_ACTGATGAGAACAGGA",0.106281629086041,"singlet"
"CID3838_ACTGTGAGTTTCCCAC",0.121541823201151,"singlet"
"CID3838_AGACAGGCACAGAGAC",0.184053535811424,"singlet"
"CID3838_AGACTCACACTGTGTA",0.10623476107979,"singlet"
"CID3838_AGATGCTCACGGGCTT",0.136364442956193,"singlet"
"CID3838_AGCCAATAGAGTCTTC",0.227484940370047,"singlet"
"CID3838_AGCCACGAGTGCCTCG",0.0924361532068259,"singlet"
"CID3838_AGCTACAAGACAAGCC",0.121212122639723,"singlet"
"CID3838_AGGCTGCAGCAAACAT",0.0909144439315836,"singlet"
"CID3838_AGGGTTTGTCCAGCCA",0.0474772533809337,"singlet"
"CID3838_AGGTCATTCAAACGTC",0.181820008188269,"singlet"
"CID3838_AGTCAACCACTTCAGA",0.0934543729342607,"singlet"
"CID3838_AGTGCCGTCAGCCTCT",0.106060705040582,"singlet"
"CID3838_ATCGGCGGTCTGTGAT",0.12121369102796,"singlet"
"CID3838_ATGCATGTCGCTGACG",0.189492248990643,"singlet"
"CID3838_CAATCGACATAATCCG",0.137449554165067,"singlet"
"CID3838_CACGGGTGTCCGAAGA",0.121212148247353,"singlet"
"CID3838_CACTGGGAGCATTGTC",0.0465215552982196,"singlet"
"CID3838_CATAGACAGGTTTACC",0.257575766543982,"singlet"
"CID3838_CATCGCTTCAATGTCG",0.106066715053526,"singlet"
"CID3838_CCATAAGTCCTCACGT",0.0303063767100836,"singlet"
"CID3838_CCGAACGAGATGTTGA",0.27288620549648,"singlet"
"CID3838_CCTTCAGCAAATTGGA",0.151515290719939,"singlet"
"CID3838_CGATGGCTCGTTCGCT",0.106061071613642,"singlet"
"CID3838_CGGGACTGTGATACCT",0.16667000575753,"singlet"
"CID3838_CGTAGTAAGTATCCTG",0.22727288614537,"singlet"
"CID3838_CTAAGTGAGAGAGCAA",0.0151582170994247,"singlet"
"CID3838_CTACAGACAATTGGTC",0.166677116948542,"singlet"
"CID3838_CTACGGGTCCGTGTAA",0.0909850961468689,"singlet"
"CID3838_CTCATGCAGACCTGGA",0.151526796675481,"singlet"
"CID3838_CTCCTCCTCGGCACTG",0.106061604480731,"singlet"
"CID3838_CTCCTTTCATCAGCAT",0.166666674405216,"singlet"
"CID3838_CTGTGGGAGACCAGAC",0.181820478481918,"singlet"
"CID3838_CTGTGGGGTTGTATGC",0.106060615838401,"singlet"
"CID3838_GAACACTAGGCGTTGA",0.105366351863845,"singlet"
"CID3838_GACAGCCCATGTTCGA",0.0303030303845335,"singlet"
"CID3838_GACTCTCTCTCGGCTT",0.0909243998981781,"singlet"
"CID3838_GAGATGGAGAGCTGAC",0.184458381993724,"singlet"
"CID3838_GAGTGTTGTTAGGGAC",0.0754047240298699,"singlet"
"CID3838_GATGTTGAGCGACTAG",0.166667939017166,"singlet"
"CID3838_GATTTCTTCGTGAGAG",0.0757576243522082,"singlet"
"CID3838_GCCAACGGTCCTTGTC",0.0606060681896702,"singlet"
"CID3838_GCCAGCATCAGCTGAT",0.0305892791415764,"singlet"
"CID3838_GCGGATCCACTCAAGT",0.301331271615336,"singlet"
"CID3838_GGAAGTGTCGAAGTGG",0.106060606060607,"singlet"
"CID3838_GGCTTGGTCGGAAACG",0.136371095484029,"singlet"
"CID3838_GGTAATCAGTAAACGT",0.121216445008801,"singlet"
"CID3838_GTACAACTCCCAAGCG",0.0454545454554609,"singlet"
"CID3838_GTAGCTACAAGTGGGT",0.0929023211624796,"singlet"
"CID3838_GTAGCTACAGTAACAA",0.0760905599558538,"singlet"
"CID3838_GTAGGTTCAAAGTGTA",0.106062852214635,"singlet"
"CID3838_GTCACTCAGGCCTGCT",0.0909298061820962,"singlet"
"CID3838_GTTAGACGTTCGTGCG",0.0303030303030553,"singlet"
"CID3838_GTTGCGGGTACATTGC",0.0454545532547508,"singlet"
"CID3838_GTTGTAGGTAATGTGA",0.136364746720123,"singlet"
"CID3838_GTTTACTCACGGTGCT",0.106060606583353,"singlet"
"CID3838_TAACACGCAATTCGTG",0.177648105347862,"singlet"
"CID3838_TAATTCCCAACGGTAG",0.121213228738151,"singlet"
"CID3838_TACAACGGTGGGAGAG",0.123140569422266,"singlet"
"CID3838_TACTGCCTCATAAGGA",0.0909092550544221,"singlet"
"CID3838_TAGATCGGTGTCCTAA",0.030332599457846,"singlet"
"CID3838_TATCGCCTCCCGGTAG",0.137467357273335,"singlet"
"CID3838_TATCGCCTCTGCAGCG",0.030303843944178,"singlet"
"CID3838_TATTCCAAGAAGTCTA",0.121212121212138,"singlet"
"CID3838_TATTTCGAGGTAATCA",0.0909100371908013,"singlet"
"CID3838_TCAAGTGCAATGTTGC",0.0454545454551788,"singlet"
"CID3838_TCCACGTGTTGATCGT",0.0909090911844135,"singlet"
"CID3838_TCCCAGTTCGATACAC",0.104479522882784,"singlet"
"CID3838_TCCCATGCATTCCTAT",0.0652238441947989,"singlet"
"CID3838_TCCGAAAAGCACGATG",0.121287939150615,"singlet"
"CID3838_TCCGATCAGGTTACAA",0.0616900819201234,"singlet"
"CID3838_TCCTTTCTCAAGTGGG",0.0303030306680767,"singlet"
"CID3838_TCTCTGGTCGCTTGAA",0.123405103184314,"singlet"
"CID3838_TCTGTCGGTCGTTCAA",0.0608277466512862,"singlet"
"CID3838_TGAGCATAGCACCAGA",0.0303030689608748,"singlet"
"CID3838_TGAGTCATCGGACCAC",0.106061329946874,"singlet"
"CID3838_TGCGGGTGTGGGCTTC",0.0303030695340077,"singlet"
"CID3838_TGCTCCAGTCTCCTGT",0.184392436027591,"singlet"
"CID3838_TGCTGAAAGAGTTGAT",0.136363659185937,"singlet"
"CID3838_TGGGAAGTCGCGTCGA",0.0151515151515397,"singlet"
"CID3838_TTACTGTTCGTGCAGC",0.191548041998524,"singlet"
"CID3838_TTCATTGTCCGACATA",0.0909873747898345,"singlet"
"CID3838_TTCCGTGAGACATAGT",0.137117917804094,"singlet"
"CID3838_TTCGCTGTCGTCGGGT",0.0329345437577062,"singlet"
"CID3838_AGATGCTCAAGGTACG",0.136363650934087,"singlet"
"CID3838_ATACTTCAGGCGCTTC",0.0909116336491048,"singlet"
"CID3838_CCCGGAAAGTGAGTGC",0.166669470949998,"singlet"
"CID3838_CCTCTAGCAAACACGG",0.0909164804328575,"singlet"
"CID3838_GATGATCCAAAGGCTG",0.121290373682105,"singlet"
"CID3838_TACACCCCAAACCACT",0.121220882760884,"singlet"
"CID3838_TCGCAGGGTGGCATCC",0.169064039701141,"singlet"
"CID3838_TTTGACTCACATGTTG",0.0606060606060606,"singlet"
"CID3838_AAACGCTGTCTACACA",0.196977828923669,"singlet"
"CID3838_AACCAACAGGTAGGCT",0.0757575981947683,"singlet"
"CID3838_AAGCATCTCGTGGACC",0.030303030395955,"singlet"
"CID3838_AATGAAGTCTCTGCTG",0.0606060606930968,"singlet"
"CID3838_ACTTATCTCAAGTTGC",0.0909090909351348,"singlet"
"CID3838_AGAGCCCCAACAGCCC",0.0454545454545455,"singlet"
"CID3838_AGCGTATGTCTAGGCC",0.151515151515171,"singlet"
"CID3838_AGTGACTTCTCTTGCG",0.0909090910898181,"singlet"
"CID3838_ATATCCTAGACCTTTG",0.121219556826863,"singlet"
"CID3838_ATCTCTATCCTCTCGA",0.0757575757599637,"singlet"
"CID3838_ATCTTCAGTTCGTAAC",0.0606060606130803,"singlet"
"CID3838_ATGATCGTCATTCACT",0.121212121212123,"singlet"
"CID3838_ATTCACTTCAAGCCAT",0.0757578451102192,"singlet"
"CID3838_CAGAGCCCAGAATTCC",0.181818181818182,"singlet"
"CID3838_CAGATCACATCATCTT",0.151515151515243,"singlet"
"CID3838_CAGTTCCGTGTATTGC",0.181818189357353,"singlet"
"CID3838_CATAGACAGTTACGTC",0.060611783457708,"singlet"
"CID3838_CATTGTTGTTCTCTCG",0.106060606068428,"singlet"
"CID3838_CCATAAGCAAAGGTTA",0.227272728589846,"singlet"
"CID3838_CCCGGAACAGCCTACG",0.181890007241107,"singlet"
"CID3838_CCCTCAAGTGTTCATG",0.1515152546411,"singlet"
"CID3838_CCGGTAGGTGATGGCA",0.182044844384404,"singlet"
"CID3838_CCGTTCACAACTTCTT",0.0606065444198424,"singlet"
"CID3838_CCTAACCTCGTAGTCA",0.151515345620767,"singlet"
"CID3838_CCTCCAAAGAGAGCGG",0.0757575757599506,"singlet"
"CID3838_CCTCCTCTCGGCTGGT",0.365016101319597,"doublet"
"CID3838_CCTTCAGCAGGTAGTG",0.15381745126659,"singlet"
"CID3838_CTTCTCTAGCTGTACT",0.0454545454604379,"singlet"
"CID3838_CTTTCAACAAAGCTAA",0.182013334270132,"singlet"
"CID3838_GAAGCGAGTCATCAGT",0.222164751280357,"singlet"
"CID3838_GACCCTTAGCGCTGCT",0.151594181406453,"singlet"
"CID3838_GACGTTATCCGCCTAT",0.0303196231284202,"singlet"
"CID3838_GATGATCTCAAGTAAG",0.274958963310217,"singlet"
"CID3838_GCAGCCACAGATCATC",0.106060606148451,"singlet"
"CID3838_GCCCAGATCAAGAATG",0.106075864857525,"singlet"
"CID3838_GGAGCAATCGACCACG",0.312958657785175,"singlet"
"CID3838_GGTGATTGTATGTCTG",0.121212121212652,"singlet"
"CID3838_GGTTGTAAGCTGCCAC",0.0606060616488461,"singlet"
"CID3838_GTTGCTCGTAGCACAG",0.10606079509056,"singlet"
"CID3838_TACATTCGTAGGACCA",0.0303030303030771,"singlet"
"CID3838_TACCTGCGTACGATTC",0.0909090909091808,"singlet"
"CID3838_TCACAAGGTCCAGCCA",0.060606060699841,"singlet"
"CID3838_TCATCCGCACAATGAA",0.0618563903131682,"singlet"
"CID3838_TCATGCCTCTGGTCAA",0.0151515151515152,"singlet"
"CID3838_TCATGTTTCTTACGTT",0.0454545454545682,"singlet"
"CID3838_TCCATGCTCCGCGAGT",0.0454545556595445,"singlet"
"CID3838_TCGGTCTAGCGGCTCT",0.166765742239532,"singlet"
"CID3838_TCGTCCAGTCGACGCT",0.129367112612401,"singlet"
"CID3838_TCGTGGGAGCATGATA",0.0454545454545527,"singlet"
"CID3838_TCTAACTAGGAACGCT",0.045454692298652,"singlet"
"CID3838_TCTCAGCGTCGAAGCA",0.136363898014402,"singlet"
"CID3838_TCTCTGGCATAGTCGT",0.0909102073356446,"singlet"
"CID3838_TCTGGCTGTAGACTGG",0.0909090909144867,"singlet"
"CID3838_TGCAGATTCTCCTGTG",0.194662634534171,"singlet"
"CID3838_TGCTCGTTCGTCCTCA",0.227272727851629,"singlet"
"CID3838_TGGATCACACTACACA",0.198051336905209,"singlet"
"CID3838_TGGGCGTCATCGTCCT",0.242741327365874,"singlet"
"CID3838_TGGTTAGGTGAATAAC",0.0758296786230634,"singlet"
"CID3838_TGTTCTACAGCACCCA",0.0303030303030303,"singlet"
"CID3838_TTGAACGCATAGGAGC",0.122407112634894,"singlet"
"CID3838_TTGGGATTCAGGAACG",0.287885894812984,"singlet"
"CID3838_TTGGGTACACGAAAGC",0.169747564326177,"singlet"
"CID3838_GTCAAACGTCGTTCAA",0.138533984176709,"singlet"
"CID3838_ATAGACCTCCTCACGT",0.0931651993020988,"singlet"
"CID3838_ATGAGTCTCCATAGGT",0.045454628428648,"singlet"
"CID3838_CGTAATGGTCTAGGCC",0.121212122259442,"singlet"
"CID3838_GACCTTCTCGGTCTAA",0.106100893869831,"singlet"
"CID3838_GATGGAGCAAGAAATC",0.0151542127972668,"singlet"
"CID3838_GTGTTCCCACGTGAGA",0.0757575766865748,"singlet"
"CID3838_TAGCACAGTCCAGCAC",0.0757580559579117,"singlet"
"CID3838_AGAACAAAGTTGCGCC",0.0303030303086175,"singlet"
"CID3838_ATCCACCAGATAGGGA",0.136363830309032,"singlet"
"CID3838_GACACGCAGCGGACAT",0.195536574904823,"singlet"
"CID3838_GGAATCTGTCCGGCAT",0.199583083459835,"singlet"
"CID3838_TATACCTAGCTCCATA",0.201425016326363,"singlet"
"CID3838_GTTACGAAGGATACGC",0.106060607063162,"singlet"
"CID3838_TAGGGTTCACAGTCAT",0.121212122809497,"singlet"
"CID3838_TCATCATCAGAAGCGT",0.151673591042352,"singlet"
"CID3838_TCAAGTGAGGGAGATA",0.0454545454545463,"singlet"
"CID3838_TGTCCTGAGAGGACTC",0.10606085508353,"singlet"
"CID3838_TTTGGTTTCTGGAGAG",0.106061736923097,"singlet"
"CID3838_AGTACCAAGTACAGAT",0.0652839328971937,"singlet"
"CID3838_AACACACGTCCCACGA",0.121467961879167,"singlet"
"CID3838_AACCCAATCTTACGGA",0.0454545454546291,"singlet"
"CID3838_AATGGCTAGAGGCGGA",0.151593809626569,"singlet"
"CID3838_ACTTATCAGCCTCTTC",0.0606060606066498,"singlet"
"CID3838_AGTCTCCTCTCCAATT",0.0303030303030306,"singlet"
"CID3838_ATCGTAGGTCCAGGTC",0.0303030304669455,"singlet"
"CID3838_CACATGACACATACTG",0.106207929159027,"singlet"
"CID3838_CATAAGCAGCTAGTTC",0.0909090910782443,"singlet"
"CID3838_CCAATGACAATACCTG",0.0909090987062193,"singlet"
"CID3838_CCACCATTCTACAGGT",0.187799522340497,"singlet"
"CID3838_CCTATCGTCCATCTCG",0.208776581782059,"singlet"
"CID3838_CGTAAGTCAGTGGGTA",0.136751517658365,"singlet"
"CID3838_CTAGGTACATCCCGTT",0.174211530789164,"singlet"
"CID3838_CTCAGGGGTATCGAAA",0.106060606526248,"singlet"
"CID3838_GCAGCTGTCCCATTTA",0.12121212961597,"singlet"
"CID3838_GGGAAGTCAACGTATC",0.0151515151515152,"singlet"
"CID3838_GGGCTCACACACTGGC",0.0606060682583434,"singlet"
"CID3838_GGGTCTGGTATCCTTT",0.090909109407662,"singlet"
"CID3838_GTGCACGTCGTAGCTA",0.060606060607834,"singlet"
"CID3838_TAAGCGTTCTCCGAGG",0.136363636364124,"singlet"
"CID3838_TATTCCAGTGTCTTCC",0.151824953376745,"singlet"
"CID3838_TCATGGAGTAACACCT",0.106060606060709,"singlet"
"CID3838_TCTCCGATCTTGGAAC",0.0606060606061577,"singlet"
"CID3838_TGTACAGCACAGTATC",0.075757647302399,"singlet"
"CID3838_TTCAATCAGGGATGTC",0.151530926940065,"singlet"
"CID3838_TTGCATTGTATACCCA",0.121213738507429,"singlet"
"CID3838_TTGTGGACATTGCTGA",0.121212172617979,"singlet"
"CID3838_CAAGGGACAATGCAAA",0.106061733330566,"singlet"
"CID3838_GAGATGGAGCTTGTGT",0.0454545454545921,"singlet"
"CID3838_TTTGTTGAGCGCTTCG",0.181820230134027,"singlet"
"CID3838_CATGCTCAGCGTCAGA",0.0606061230728405,"singlet"
"CID3838_AGCTACAAGGAAAGAC",0.12380112228672,"singlet"
"CID3838_TCAAGCAGTTGCTAGT",0.149356022174277,"singlet"
"CID3838_CAACAACTCCACAGCG",0.108177152902119,"singlet"
"CID3838_GATGATCGTGGATGAC",0.193408776779871,"singlet"
"CID3838_GGTTCTCAGATGGTCG",0.174207936698617,"singlet"
"CID3838_TAACTTCGTCAACACT",0.214210321176241,"singlet"
"CID3838_TCACTATTCGCCGAAC",0.153903909750943,"singlet"
"CID3838_TCAGCCTGTAGGGTAC",0.247107372728617,"singlet"
"CID3838_TGCAGGCTCTGCTGAA",0.156853025304035,"singlet"
"CID3838_TGGGTTATCGATACTG",0.171561475772032,"singlet"
"CID3838_ACTACGAAGTAATTGG",0.121213704546756,"singlet"
"CID3838_AGGCATTGTTCCGCAG",0.0909090909097062,"singlet"
"CID3838_AGTGTTGCAGAACTTC",0.0757575772314025,"singlet"
"CID3838_CAGGCCACACCCTGAG",0.0909168251303177,"singlet"
"CID3838_CCTCATGCAATCGTCA",0.0909121664902081,"singlet"
"CID3838_CGTAATGAGTGGACTG",0.106069087413095,"singlet"
"CID3838_CTGCCTACAGTCGGTC",0.167989116504457,"singlet"
"CID3838_GACATCATCGCATAGT",0.136364406269924,"singlet"
"CID3838_GTCGTTCCAATTTCCT",0.0909090910159783,"singlet"
"CID3838_TAAGCACCAGGATCTT",0.122305873949538,"singlet"
"CID3838_TCAGTGAGTTTCGCTC",0.16875678301326,"singlet"
"CID3838_GATCATGGTACCGTCG",0.167109421689191,"singlet"
"CID3838_TGGTAGTCAATTGCAC",0.106065975670995,"singlet"
"CID3838_TACATTCGTCTAGATC",0.136940102960979,"singlet"
"CID3838_ACAGAAAAGGGAGGCA",0.126223848132203,"singlet"
"CID3838_ATGGGAGGTCCTGGTG",0.206986959559707,"singlet"
"CID3838_GCACTAATCCCTATTA",0.239273315303669,"singlet"
"CID3838_CTCAACCCATCCTAAG",0.190327422538496,"singlet"
"CID3838_CTGTATTTCCCGAGTG",0.0650469821130134,"singlet"
"CID3838_GGGCCATTCGGAGATG",0.278928209154023,"singlet"
"CID3838_GTAACACGTGGGAGAG",0.0460591062596055,"singlet"
"CID3838_GTAATCGAGTCACTCA",0.0336202620879452,"singlet"
"CID3838_AGTCACACACTGTGAT",0.157513756437954,"singlet"
"CID3838_CACCAAATCAGACCCG",0.109470787106265,"singlet"
"CID3838_CTCATGCCAAATGAAC",0.181939816177135,"singlet"
"CID3838_AGAACCTGTTTGGAAA",7.82802019275065e-05,"singlet"
"CID3838_AGCTCAATCGCACTCT",0.121309574050395,"singlet"
"CID3838_AGTGCCGCAGAGATGC",0.0324772886372318,"singlet"
"CID3838_ATCCATTCATAATGAG",0.0909838940219534,"singlet"
"CID3838_ATCGGATTCCGTGGTG",0,"singlet"
"CID3838_ATGGATCTCGAGCCAC",0.136440765432018,"singlet"
"CID3838_CTTCTCTCAAATGGTA",0.136423234875217,"singlet"
"CID3838_GTGGGAACAGACCAGA",0.151666775894251,"singlet"
"CID3838_GTGGGAACATGTAACC",0.0482790036516878,"singlet"
"CID3838_GTGTGGCGTCTTGCTC",0.00104050068844032,"singlet"
"CID3838_TTTACTGAGACGGTTG",0.127552619893357,"singlet"
"CID3838_ACGTCCTTCATGGAGG",0.0960221704036126,"singlet"
"CID3838_CAATGACAGGCAATGC",0.171812641711518,"singlet"
"CID3838_CCTGCATCACCCAATA",0.080080806888334,"singlet"
"CID3838_GCTACCTGTGCCCAGT",0.20193300957196,"singlet"
"CID3838_AAGTACCGTGTCATGT",0.256872721696131,"singlet"
"CID3838_AATGGCTTCATTCATC",0.110317557029468,"singlet"
"CID3838_CAATGACTCGGCCAAC",0.159084600178574,"singlet"
"CID3838_TATCCTACACCAGCGT",0.220057561085138,"singlet"
"CID3838_TGGGAGATCCAAGCAT",0.121254491216962,"singlet"
"CID3838_TGTCCTGCACTGGCCA",0.0606060606061035,"singlet"
"CID3838_TGTTCTACAAGATTGA",0.121254401338428,"singlet"
"CID3838_TGACAGTGTAATTAGG",0.122955255424086,"singlet"
"CID3838_CTGTACCCACGTCTCT",0.257844529551936,"singlet"
"CID3838_ACCATTTCACAAGCAG",0.151515151515152,"singlet"
"CID3838_AGCGATTGTCGCTGCA",0.13636403247403,"singlet"
"CID3838_CCCTGATTCCTGTACC",0.151515152668573,"singlet"
"CID3838_CGAAGTTAGAGCAGCT",0.151515151616785,"singlet"
"CID3838_CTCGAGGTCTACACAG",0.121212768156843,"singlet"
"CID3838_GTCATTTTCGACCATA",0.151534006654751,"singlet"
"CID3838_TCTACCGAGATGTAGT",0.212622735934522,"singlet"
"CID3838_TCTATACGTTGGGTTT",0.151544134850968,"singlet"
"CID3838_TTCGCTGCAAGCACAG",0.151515151515152,"singlet"
"CID3838_CCACCATTCACTGGTA",0.151515151515667,"singlet"
"CID3838_CTGCAGGGTGTACAGG",0.182122045497838,"singlet"
"CID3838_CTGGCAGCAAGGCAAC",0.136363636364152,"singlet"
"CID3838_GGGTTATCAGGAGGAG",0.136363636767834,"singlet"
"CID3838_TGAGGGAGTCCAGTTA",0.197039270493732,"singlet"
"CID3838_ATCACTTGTATGTCCA",0.136476934183287,"singlet"
"CID3838_ATGGATCAGGTTAGTA",0.106060606063522,"singlet"
"CID3838_GCCAGGTCAATACGCT",0.151515151515667,"singlet"
"CID3838_TATTTCGGTTTCGTAG",0.166776097650165,"singlet"
"CID3838_ACGGAAGGTACCAGAG",0.121212133502276,"singlet"
"CID3838_ATTCGTTTCACTCACC",0.121212121616319,"singlet"
"CID3838_CCCATTGCATCCGGTG",0.136363636363636,"singlet"
"CID3838_CCGCAAGTCTCGGGAC",0.136365478261333,"singlet"
"CID3838_CGGTCAGGTCCACAGC",0.121212136190069,"singlet"
"CID3838_CAGTTCCGTATCTTCT",0.151582541918873,"singlet"
"CID3838_CTCTCGACAATCAGCT",0.181818181930244,"singlet"
"CID3838_GAAACCTAGATGTAGT",0.227283707047718,"singlet"
"CID3838_GAAGCCCGTGACCTGC",0.106060606060606,"singlet"
"CID3838_GATTTCTTCATTGTTC",0.121212128085408,"singlet"
"CID3838_GGATCTATCCTAACAG",0.166666862649428,"singlet"
"CID3838_GGGAGTAGTTCAAACC",0.106060606060606,"singlet"
"CID3838_TCATCATGTCGATTCA",0.136363636363637,"singlet"
"CID3838_TTCCAATAGCACGTCC",0.106060606347261,"singlet"
"CID3838_TTCTAGTAGTTGGGAC",0.136363636363636,"singlet"
"CID3838_ACATCGAGTATTTCGG",0.304967345651674,"singlet"
"CID3838_CGGACACCACCTGATA",0.367228282928876,"doublet"
"CID3838_GAACTGTCAACGAGGT",0.364331480614512,"doublet"
"CID3838_GTAGGTTCAAGGACAC",0.207769944914023,"singlet"
"CID3838_TGGTACATCGCTAATG",0.303096768872833,"singlet"
"CID3838_TGTTCATTCTAGTTCT",0.523860976647192,"doublet"
"CID3838_GTGGAAGTCGAAGAAT",0.06633493821295,"singlet"
"CID3838_AAGGTAAAGAGAGCAA",0.243291071473208,"singlet"
"CID3838_AGCGATTCAGGAGACT",0.125799307862403,"singlet"
"CID3838_CCTCCAAGTGCCCACA",0.29529765881638,"singlet"
"CID3838_CGGGTGTGTCCCGTGA",0.160744496693981,"singlet"
"CID3838_CTCAAGAAGGTGATAT",0.138896985534532,"singlet"
"CID3838_CTCATTACATAAGCGG",0.131920708619987,"singlet"
"CID3838_CTCTCGAGTGGAAATT",0.0713949948560104,"singlet"
"CID3838_GCAGGCTTCTCCTGAC",0.519221353475804,"doublet"
"CID3838_GGGATGATCCGAGCTG",0.0765214283722739,"singlet"
"CID3838_GGGCTCACACACAGAG",0.224276094685806,"singlet"
"CID3838_GTATTGGTCCTCTGCA",0.485499292133769,"doublet"
"CID3838_GTTATGGTCGATCCAA",0.0719978081185018,"singlet"
"CID3838_TACCTCGAGCGTGTCC",0.109927304384648,"singlet"
"CID3838_TATTTCGGTAGATTAG",0.113223370459619,"singlet"
"CID3838_TCACACCGTGCAGATG",0.157774313622997,"singlet"
"CID3838_TCCACCAGTGCCTAAT",0.0976590699831081,"singlet"
"CID3838_TTAGGGTGTTTGGAAA",0.251361631677043,"singlet"
"CID3838_TTCCAATCAACCAACT",0.0927562255151019,"singlet"
"CID3838_AGGATCTGTAGAATGT",0.178850981242855,"singlet"
"CID3838_CCGATGGAGGTAAACT",0.110781560488587,"singlet"
"CID3838_CTCAAGACATGCCATA",0.281029475562499,"singlet"
"CID3838_TCAGTGAGTGTCCATA",0.0926894978654693,"singlet"
"CID3838_ATTACCTAGGATTTAG",0.105691985647427,"singlet"
"CID3838_GTGTTAGTCGGACTGC",0.098913341090945,"singlet"
"CID3838_AGGTCTAAGCACTCTA",0.0503652550711454,"singlet"
"CID3838_GGTGAAGCAGTATACC",0.127173130734279,"singlet"
"CID3838_AATAGAGCAATAACCC",0.0513151007508918,"singlet"
"CID3838_AGAAGTACACCTAAAC",0.122487064208439,"singlet"
"CID3838_AGGGAGTCATAGCACT",0.136610045769193,"singlet"
"CID3838_AGGTGTTAGATAGTGT",0.0643829523944496,"singlet"
"CID3838_AGTTCCCAGCTATCTG",0.0459438598657683,"singlet"
"CID3838_CAAAGAACAGCACCCA",0.197883070709679,"singlet"
"CID3838_CACAACACAACGTATC",0.306852320923638,"singlet"
"CID3838_CTCTCGACAAGCTGTT",0.119054097996818,"singlet"
"CID3838_GCCGTGATCCTTATGT",0.0469475521804919,"singlet"
"CID3838_TACCCACTCAGGACGA",0.129854945812349,"singlet"
"CID3838_TCCTTTCCACCAGCGT",0.102814745503418,"singlet"
"CID3838_TCTTCCTCATGGTACT",0.16330397287708,"singlet"
"CID3838_TGAATCGTCTAACGCA",0.0359018183790196,"singlet"
"CID3838_TGGGAGAAGTCAGCGA",0.144917185374714,"singlet"
"CID3838_AGTTAGCAGCGGTATG",0.158421837215188,"singlet"
"CID3838_ATCTCTAGTCGGAACA",0.234157827380483,"singlet"
"CID3838_CCAAGCGAGGTCACAG",0.171841147715447,"singlet"
"CID3838_CCCTGATTCGAGATAA",0.107922200729427,"singlet"
"CID3838_CGGAACCAGTTTGAGA",0.0793452409039788,"singlet"
"CID3838_GAGGCAATCCTTTGAT",0.451891923003356,"doublet"
"CID3838_GCATTAGGTTCTTAGG",0.198549311141582,"singlet"
"CID3838_TCCAGAAAGCTACGTT",0.194265480790944,"singlet"
"CID3838_TTGGGATCAGACCAAG",0.309683057643973,"singlet"
"CID3838_TTTCGATAGGCCTTCG",0.259735192023928,"singlet"
"CID3838_AAAGTCCAGTCTTGGT",0.076759238474861,"singlet"
"CID3838_AACTTCTCAGCTCGGT",0.0839106041330753,"singlet"
"CID3838_AGAAGTAGTGACAGGT",0.113495296489342,"singlet"
"CID3838_AGACCATGTGTGGACA",0.419910796378417,"doublet"
"CID3838_AGGTGTTTCCATTCAT",0.106892570411668,"singlet"
"CID3838_AGTCACAAGCTCACTA",0.283672819269112,"singlet"
"CID3838_ATCATTCTCAGCGGAA",0.124856048989292,"singlet"
"CID3838_ATGGTTGGTAGTCTTG",0.0457760272112909,"singlet"
"CID3838_ATGTCTTTCGTGCAGC",0.176986941108988,"singlet"
"CID3838_ATTACTCTCGTCCTTG",0.0657411616849808,"singlet"
"CID3838_ATTCACTTCGAAGCCC",0.116964894891127,"singlet"
"CID3838_CAAAGAACAGCGACCT",0.452543996515093,"doublet"
"CID3838_CACTGAAAGTCCTACA",0.214749529542812,"singlet"
"CID3838_CAGTTAGTCGCAATGT",0.0874145629340501,"singlet"
"CID3838_CCACGTTCAGCGGTTC",0.0671545331981292,"singlet"
"CID3838_CCCATTGGTCATCCGG",0.149824078843521,"singlet"
"CID3838_CCGAACGTCGACACCG",0.0773771083469196,"singlet"
"CID3838_CCTTTGGTCCCTCTTT",0.0892378139136433,"singlet"
"CID3838_CGCGTGAAGTCATAGA",0.0638453226029527,"singlet"
"CID3838_CGTTAGAAGTCACACT",0.11393233682094,"singlet"
"CID3838_CGTTGGGTCGGATTAC",0.0818939217862053,"singlet"
"CID3838_CTCTCAGGTATGTGTC",0.49057324373524,"doublet"
"CID3838_CTTCCGATCCCAGTGG",0.256394762277213,"singlet"
"CID3838_CTTCTAACAGTATTCG",0.213125119206269,"singlet"
"CID3838_CTTCTCTGTACAGGTG",0.192326725101359,"singlet"
"CID3838_GACCGTGTCCGAGATT",0.19117580847863,"singlet"
"CID3838_GACCGTGTCTTGTTAC",0.206926084436577,"singlet"
"CID3838_GATAGAAGTTCTCACC",0.197903301704949,"singlet"
"CID3838_GATGATCTCTTGATTC",0.159023628186628,"singlet"
"CID3838_GGGATGATCATGGGAG",0.158792830496444,"singlet"
"CID3838_GTCATCCCATTAGGCT",0.190184042596875,"singlet"
"CID3838_TACCGAATCGCCACTT",0.0942874863933639,"singlet"
"CID3838_TATTGGGAGGCACTAG",0.0478649373245492,"singlet"
"CID3838_TCCAGAAGTCACTGAT",0.183506975690091,"singlet"
"CID3838_TCCCAGTCAAGGTCTT",0.161166527571865,"singlet"
"CID3838_TCCTCTTCACGGTGCT",0.392654337212455,"doublet"
"CID3838_TCTCAGCTCAATCTTC",0.165625633069784,"singlet"
"CID3838_TGACAGTCATCCAATG",0.174733336599488,"singlet"
"CID3838_TGCGGCATCCATACAG",0.0891119983023599,"singlet"
"CID3838_TGGTTAGAGCCACTCG",0.158616900325805,"singlet"
"CID3838_TGTCAGACAACCGCCA",0.319601371601642,"singlet"
"CID3838_TTAATCCTCACTGCTC",0.172504469003679,"singlet"
"CID3838_TTCCTAATCATTCACT",0.313989171517892,"singlet"
"CID3838_TTGCTGCGTAATGCGG",0.143114907164357,"singlet"
"CID3838_TTGTTGTTCGAGCCAC",0.263538787601575,"singlet"
"CID3838_TTTAGTCTCTGGACCG",0.119675877365104,"singlet"
"CID3838_CTGCATCTCGTACCTC",0.11042234395229,"singlet"
"CID3838_GGTAATCTCCTTTGAT",0.121543910237859,"singlet"
"CID3838_CAATTTCTCATGTCTT",0.04629632030021,"singlet"
"CID3838_CATGCAATCGCGTAGC",0.140537925748591,"singlet"
"CID3838_CGAATTGCATTGGCAT",0.113361633749457,"singlet"
"CID3838_GCATTAGCACGTAGTT",0.160584615960719,"singlet"
"CID3838_CAGTTAGGTGCGTGCT",0.102723573636027,"singlet"
"CID3838_CTGTATTGTACTGCCG",0.444502565304601,"doublet"
"CID3838_TGCAGATGTTGCTCAA",0.184801673473013,"singlet"
"CID3838_GAAACCTTCTCGTGGG",0.0962092440455116,"singlet"
"CID3838_TCCGATCAGGCTTAGG",0.0933055795786829,"singlet"
"CID3838_GACGTTATCTCGAGTA",0.0971495891829378,"singlet"
"CID3838_TCAGCCTGTAGTAAGT",0.0225718017046645,"singlet"
"CID3838_TATACCTAGGCCATAG",0.134937545780549,"singlet"
"CID3838_AAACGAACACCTGTCT",0.0322843789533435,"singlet"
"CID3838_AACAGGGGTGCCGTTG",0.0572746970551752,"singlet"
"CID3838_AGCGATTGTGGGCTCT",0.0788640331504216,"singlet"
"CID3838_AGCTCAAGTTGAAGTA",0.0395281530022775,"singlet"
"CID3838_ATTCCTAAGTTGCCTA",0.190810590211625,"singlet"
"CID3838_CCTTCAGCATAGCACT",0.111708844791613,"singlet"
"CID3838_CTCAGTCAGAGTCAGC",0.119213251041989,"singlet"
"CID3838_CTCAGTCCATCTAGAC",0.135437352528188,"singlet"
"CID3838_CTCATGCTCGTGCACG",0.16549863058708,"singlet"
"CID3838_GAGTTGTCACGGTCTG",0.0274313410777794,"singlet"
"CID3838_GGAGGTACAAATCCCA",0.11636497131477,"singlet"
"CID3838_GTCATGACACTAGAGG",0.202598584533418,"singlet"
"CID3838_GTCGAATAGATGGTAT",0.0686291883508058,"singlet"
"CID3838_GTGTTAGGTATCATGC",0.0893030150763739,"singlet"
"CID3838_TACCTGCAGCGTCTGC",0.0327470111948037,"singlet"
"CID3838_TTAGTCTGTTCCACGG",0.0840479693587506,"singlet"
"CID3838_TTCAATCTCGCGCCAA",0.0804840737121807,"singlet"
"CID3838_TTTGATCCACCGTCGA",0.197692336925744,"singlet"
"CID3838_GGTCTGGTCACCATAG",0.0604351240682727,"singlet"
"CID3838_TCGCTCATCAAAGCCT",0.0852272265468353,"singlet"
"CID3838_TTGCATTGTCCTGGTG",0.228332115932688,"singlet"
"CID3838_ATGGGAGTCATAGACC",0.240465001870055,"singlet"
"CID3838_CTGAATGTCACTGTTT",0.19115864223871,"singlet"
"CID3838_GGGACTCAGGTACAAT",0.196115456591764,"singlet"
"CID3838_CTCAACCGTATGATCC",0.43123333160014,"doublet"
"CID3838_GCGAGAAGTGATGAAT",0.0489374028661792,"singlet"
"CID3838_GAACTGTTCCACGGAC",0.358151823486808,"doublet"
"CID3838_ATTCCCGGTAATACCC",0.145260938603786,"singlet"
"CID3838_CCATAAGAGGTCACCC",0.0958519991196596,"singlet"
"CID3838_TACAGGTCAGAGGTAC",0.176739096754952,"singlet"
"CID3838_TCCATCGAGTGGATAT",0.0793265089532445,"singlet"
"CID3838_AACTTCTCAGGACGAT",0.277755786820181,"singlet"
"CID3838_AATGACCGTCAAGTTC",0.180514010364911,"singlet"
"CID3838_ACACAGTGTGGCGTAA",0.0801786321673118,"singlet"
"CID3838_ACAGCCGCAGGCTATT",0.198566206530375,"singlet"
"CID3838_ACCCTCATCGTTCTCG",0.123110256749913,"singlet"
"CID3838_ACGCACGCACGGTCTG",0.210627231493559,"singlet"
"CID3838_ACGGTCGTCCGAGGCT",0.129071172300011,"singlet"
"CID3838_ACTATTCAGGGAGGCA",0.252820653831207,"singlet"
"CID3838_ACTTATCGTTAACCTG",0.143194968747498,"singlet"
"CID3838_AGAGCCCAGGAACATT",0.0615074088523469,"singlet"
"CID3838_AGATGAATCAGTGTGT",0.137142368437341,"singlet"
"CID3838_AGCGCCAGTGGTCTTA",0.317655733539367,"singlet"
"CID3838_AGGGCTCTCCTCCACA",0.0570793378848607,"singlet"
"CID3838_AGTAACCGTACGATCT",0.147707000311216,"singlet"
"CID3838_AGTAGCTAGGTACATA",0.123967895361004,"singlet"
"CID3838_AGTGTTGAGATGTTAG",0.376685017492345,"doublet"
"CID3838_AGTTCGAAGGTTAGTA",0.0692531535275366,"singlet"
"CID3838_AGTTCGAAGTTAGAAC",0.274309700937849,"singlet"
"CID3838_ATAGGCTTCAAAGAAC",0.277194909938233,"singlet"
"CID3838_ATCCATTAGAGTACCG",0.247285835148637,"singlet"
"CID3838_ATCGGATTCTTCCCGA",0.220045222420614,"singlet"
"CID3838_ATGATCGAGTGTTCCA",0.12286996495952,"singlet"
"CID3838_ATGGGTTCAGAGTCTT",0.191249645147766,"singlet"
"CID3838_CAATACGAGCTTCGTA",0.160526646796301,"singlet"
"CID3838_CAATACGAGTCACGAG",0.26751466952063,"singlet"
"CID3838_CAGATCACACTATGTG",0.120606609608534,"singlet"
"CID3838_CAGCACGTCACTACGA",0.227947204744221,"singlet"
"CID3838_CCCTCTCGTTCTTAGG",0.134417942410714,"singlet"
"CID3838_CCTACGTAGATGTAGT",0.202880708502315,"singlet"
"CID3838_CGACAGCGTCACTCTC",0.117268844906093,"singlet"
"CID3838_CTGGTCTCATACCACA",0.126887423986091,"singlet"
"CID3838_CTGTAGAGTGATTAGA",0.080620110049004,"singlet"
"CID3838_GACTATGCAAGTATAG",0.0999815299196035,"singlet"
"CID3838_GATGAGGTCTTGGGCG",0.155924004912179,"singlet"
"CID3838_GCCGTGACACCATTCC",0.263094310609112,"singlet"
"CID3838_GGTCTGGGTGTATCCA",0.11685388960671,"singlet"
"CID3838_GTATTTCAGGAACTAT",0.139557936252617,"singlet"
"CID3838_GTGAGTTAGAATCGCG",0.144177497757591,"singlet"
"CID3838_GTGGAGATCACGTCCT",0.0880875827960418,"singlet"
"CID3838_GTTCGCTGTGTGTGGA",0.0997061223301443,"singlet"
"CID3838_GTTTACTTCTCGGTAA",0.308551798599973,"singlet"
"CID3838_TACAGGTTCAAGGAGC",0.0970650274961498,"singlet"
"CID3838_TAGATCGAGATGATTG",0.116236200016434,"singlet"
"CID3838_TAGGAGGTCCTCACTG",0.115239472179708,"singlet"
"CID3838_TATTGGGAGAGCCCAA",0.0934543891408426,"singlet"
"CID3838_TCACAAGGTACAGTAA",0.421809221637482,"doublet"
"CID3838_TCACGCTAGCTGACTT",0.248759116468284,"singlet"
"CID3838_TCATGTTCAAGAATAC",0.132679034515321,"singlet"
"CID3838_TCCGGGACAGATAAAC",0.145240478435417,"singlet"
"CID3838_TCCTGCAAGTGCTAGG",0.080656462951328,"singlet"
"CID3838_TCGAACAAGTAGCAAT",0.18532108650185,"singlet"
"CID3838_TCTTTGATCGCTTGCT",0.141792736782536,"singlet"
"CID3838_TGACTCCGTAACACGG",0.103591937016397,"singlet"
"CID3838_TGAGGTTCAAGGAGTC",0.112881337756319,"singlet"
"CID3838_TGCGACGCAACGATTC",0.0943083843304496,"singlet"
"CID3838_TGCTTCGAGTTAGAAC",0.281956241248353,"singlet"
"CID3838_TGTGAGTAGCTTCGTA",0.110513644815699,"singlet"
"CID3838_TGTTCCGAGATGGCAC",0.237101121261794,"singlet"
"CID3838_TGTTCCGGTCGATTCA",0.238585618656954,"singlet"
"CID3838_TTCTCTCGTGAGTTTC",0.264218744267706,"singlet"
"CID3838_TTGGGTAAGTCGCGAA",0.0815465496183542,"singlet"
"CID3838_TTTACCATCTGCCCTA",0.140996635494642,"singlet"
"CID3838_TTTAGTCCATGTGGTT",0.206219869224337,"singlet"
"CID3838_TTTGACTAGCCATTTG",0.157816598382437,"singlet"
"CID3838_AGGAGGTAGGTGCTGA",0.125989995116887,"singlet"
"CID3838_ACCCTTGGTGACTAAA",0.117062852810175,"singlet"
"CID3838_ATTGTTCGTCTTGAGT",0.0348191306538378,"singlet"
"CID3838_TTTGATCTCCATTGCC",0.277897916236446,"singlet"
"CID3838_AAGTGAATCGCAAGAG",0.118869387893814,"singlet"
"CID3838_AATGCCACACACGCCA",0.345223600850747,"singlet"
"CID3838_ACGGAAGCATCCTCAC",0.141879926906005,"singlet"
"CID3838_ACTTAGGGTATCACCA",0.128314125453364,"singlet"
"CID3838_AGAAATGCACCGGCTA",0.125120189779674,"singlet"
"CID3838_AGCTTCCTCCATCGTC",0.131832051485906,"singlet"
"CID3838_AGGCTGCTCGAGTACT",0.187452677490611,"singlet"
"CID3838_AGGGCTCAGCCTCGTG",0.232584933534552,"singlet"
"CID3838_AGGTCATGTCACTCTC",0.177180035821062,"singlet"
"CID3838_AGTCATGGTGTGGTCC",0.166938440862505,"singlet"
"CID3838_ATACCGAGTAGGGAGG",0.370469479643675,"doublet"
"CID3838_ATTTCACCACAGTACT",0.19155020023004,"singlet"
"CID3838_CAAGACTCACCAGACC",0.105522989922637,"singlet"
"CID3838_CAAGCTATCCCGAATA",0.0683520858637518,"singlet"
"CID3838_CAATGACCAGAAGCTG",0.110591211941601,"singlet"
"CID3838_CACGTGGAGTCATACC",0.295825054258949,"singlet"
"CID3838_CCACAAAGTAGATTAG",0.217544511732947,"singlet"
"CID3838_CCACTTGTCCCGAGTG",0.380955530517856,"doublet"
"CID3838_CCGATGGCACACAGAG",0.105715917519869,"singlet"
"CID3838_CCGGACAGTTGCATCA",0.0669910775602599,"singlet"
"CID3838_CGATGCGGTGAGACCA",0.21098220877851,"singlet"
"CID3838_CGTTCTGCATTGACAC",0.107445448176876,"singlet"
"CID3838_CTCAATTCAATTGCGT",0.321655227066536,"singlet"
"CID3838_CTCCGATAGACAACTA",0.145867209828314,"singlet"
"CID3838_CTGCCTAAGTAAAGCT",0.202131806392595,"singlet"
"CID3838_GACTCAAGTCGAAGCA",0.130434024629333,"singlet"
"CID3838_GAGTTGTGTCACCGCA",0.0992047258773637,"singlet"
"CID3838_GATAGCTCACAGTCAT",0.218116227654209,"singlet"
"CID3838_GATGACTTCCTGCTAC",0.181145419832822,"singlet"
"CID3838_GCATTAGCATGACTCA",0.0942703044288178,"singlet"
"CID3838_GCTCAAAGTCCAACGC",0.203456646764762,"singlet"
"CID3838_GGCTTTCAGTCGGCAA",0.195404386601826,"singlet"
"CID3838_GGGAGATTCGGCTGGT",0.0820013790657353,"singlet"
"CID3838_GTACAACAGCAGATAT",0.11225578896288,"singlet"
"CID3838_GTACAGTTCCATTTCA",0.238927229569672,"singlet"
"CID3838_GTCAAACAGGACTGGT",0.131188524091177,"singlet"
"CID3838_GTCACGGAGCAGGCAT",0.277637404585793,"singlet"
"CID3838_GTCAGCGCATTCCTCG",0.254050190215271,"singlet"
"CID3838_GTGCAGCCACCCTTGT",0.256614092085415,"singlet"
"CID3838_GTGGGAATCCGCAGTG",0.108234934982327,"singlet"
"CID3838_GTGTCCTGTTGCTCAA",0.112530073677048,"singlet"
"CID3838_TACCTGCAGGGTACAC",0.127422230411083,"singlet"
"CID3838_TAGTGCATCTCATTTG",0.11165220548526,"singlet"
"CID3838_TATTTCGGTACCCAGC",0.159777274774205,"singlet"
"CID3838_TCAGTCCCATACTGTG",0.173562631402638,"singlet"
"CID3838_TCTTGCGAGAGGCGGA",0.215534360123937,"singlet"
"CID3838_TGTGCGGTCGCATTAG",0.277466058228669,"singlet"
"CID3838_TGTTACTCAGTCGAGA",0.100955304028537,"singlet"
"CID3838_TTAATCCAGAAACTAC",0.207475827813239,"singlet"
"CID3838_TTACAGGAGACGGAAA",0.346069644493793,"singlet"
"CID3838_TTCATGTTCCAAGGGA",0.156906150328071,"singlet"
"CID3838_CATTTCACACGCTGCA",0.265392602568035,"singlet"
"CID3838_CTAAGTGTCATGCGGC",0.187630456083335,"singlet"
"CID3838_GAGGCCTTCTTCCCGA",0.212032029805451,"singlet"
"CID3838_GGTCACGGTATGCGTT",0.206304298128076,"singlet"
"CID3838_CATGCGGCAGGTACGA",0.143040890207122,"singlet"
"CID3838_CTTGATTTCCTCTAAT",0.0933423019298013,"singlet"
"CID3838_GGCGTCACATGGACAG",0.156678118068442,"singlet"
"CID3838_TCCGTGTTCTATCCAT",0.151525276510758,"singlet"
"CID3838_CACCGTTTCTCGCTTG",0.0936613442630824,"singlet"
"CID3838_AAGATAGCACGCGTGT",0.0511224804010037,"singlet"
"CID3838_AAGCGAGGTAATCAAG",0.0520561713157647,"singlet"
"CID3838_AAGCGAGTCTAGAACC",0.0693817448614735,"singlet"
"CID3838_AGGATCTGTATTGACC",0.0684778136090335,"singlet"
"CID3838_AGGGTTTTCAGGACAG",0.103792600361892,"singlet"
"CID3838_ATAGACCCAAGACGGT",0.0558906011415256,"singlet"
"CID3838_ATGGGAGGTTAAGAAC",0.0527443101157329,"singlet"
"CID3838_ATTCCATTCAATCCGA",0.127452174458619,"singlet"
"CID3838_CACTGTCCAGCCCACA",0.363505061742158,"doublet"
"CID3838_CTGGACGAGACTTCCA",0.200049527426724,"singlet"
"CID3838_GAACTGTCAAGAATGT",0.0707813335672453,"singlet"
"CID3838_TCAGCAAGTCTTCTAT",0.0736961100921431,"singlet"
"CID3838_TCATACTTCCCATACC",0.162527501404915,"singlet"
"CID3838_TCGGGCAAGGAGTCTG",0.172349761616837,"singlet"
"CID3838_TGGTAGTAGTCTTGGT",0.0503525767332691,"singlet"
"CID3838_TGTGAGTTCTTGAACG",0.0826228767470352,"singlet"
"CID3838_TTGCATTAGCATGATA",0.384634055488501,"doublet"
"CID3838_TTGCCTGCAGGTGAGT",0.0810152800987488,"singlet"
"CID3838_TTGGGTAAGCCAGACA",0.122006341192233,"singlet"
"CID3838_TTGTTTGTCACCTGGG",0.0694783766164164,"singlet"
"CID3838_AAGTCGTTCCACATAG",0.0595682511025223,"singlet"
"CID3838_ACTTCCGAGGAAACGA",0.138530395855332,"singlet"
"CID3838_AGCCAATCAAGCTCTA",0.111175817820174,"singlet"
"CID3838_AGGCCACCAGAATGTA",0.102100620638042,"singlet"
"CID3838_AGGTCTACAGTACTAC",0.103795630574437,"singlet"
"CID3838_AGTGACTTCTAGTTCT",0.0794095729839561,"singlet"
"CID3838_ATCTTCAGTGTGACCC",0.037901909448614,"singlet"
"CID3838_ATGGAGGAGAGAACCC",0.0878939791033412,"singlet"
"CID3838_ATGGAGGTCCAACCGG",0.0509712332144416,"singlet"
"CID3838_ATGGGTTTCCGAGATT",0.050643041211262,"singlet"
"CID3838_ATGGTTGAGAGATTCA",0.0324608580583564,"singlet"
"CID3838_CAAGGGAAGTCTCGTA",0.0768838199748863,"singlet"
"CID3838_CAGATTGTCGTGGGTC",0.0852995351673715,"singlet"
"CID3838_CATACAGCAGGCGTTC",0.311573509863654,"singlet"
"CID3838_CATTCATTCCAAGCTA",0.035997621830151,"singlet"
"CID3838_CATTGCCTCAGAGTTC",0.0792030074994545,"singlet"
"CID3838_CCGGTGAGTAATGTGA",0.0663006042925504,"singlet"
"CID3838_CGAAGGATCTTCGTGC",0.0718329370802149,"singlet"
"CID3838_CTACATTTCATCCCGT",0.0860679590543017,"singlet"
"CID3838_CTATCCGGTGTGGACA",0.259659626315898,"singlet"
"CID3838_CTCAAGAAGTATGGAT",0.175510623990422,"singlet"
"CID3838_CTCTCAGGTGAGGCAT",0.138266744596977,"singlet"
"CID3838_CTGCAGGGTACTTGTG",0.114851664701502,"singlet"
"CID3838_CTTAGGAAGGTTACCT",0.0866587029472127,"singlet"
"CID3838_GAATCGTGTCTTCTAT",0.094985198100003,"singlet"
"CID3838_GACCGTGGTGATCGTT",0.0707298722851673,"singlet"
"CID3838_GAGTCTAGTCAAGTTC",0.111437522944659,"singlet"
"CID3838_GCACGTGAGAGTTGCG",0.0551570267390747,"singlet"
"CID3838_GCCAACGCAGCTCTGG",0.113480149566327,"singlet"
"CID3838_GCTGCAGAGAGCAGCT",0.0795882520461191,"singlet"
"CID3838_GGTGATTTCACTCACC",0.138142669883138,"singlet"
"CID3838_GTACAACAGTAAACGT",0.0364086103254636,"singlet"
"CID3838_GTCTCACCATGAAAGT",0.0877557605142861,"singlet"
"CID3838_GTGGGAAAGAGCCATG",0.084800738746002,"singlet"
"CID3838_GTGGGAAAGAGTCTTC",0.0405319873867279,"singlet"
"CID3838_TACTTCAGTAACAGTA",0.0859708029808749,"singlet"
"CID3838_TAGTGCATCGTAACAC",0.168258628258646,"singlet"
"CID3838_TCACATTCATGACGGA",0.178178170551929,"singlet"
"CID3838_TCCACGTGTCACGTGC",0.0691524846761896,"singlet"
"CID3838_TGAGGTTGTCGGTACC",0.0566739564777705,"singlet"
"CID3838_TGGAGAGTCGAGCCAC",0.0410527270838497,"singlet"
"CID3838_TGGGATTTCCCGAGTG",0.0883508613175848,"singlet"
"CID3838_TGTGATGAGGTCGTAG",0.210139131471993,"singlet"
"CID3838_TTCCACGAGAGACAAG",0.0553799950715513,"singlet"
"CID3838_TTCTCTCCATTATGCG",0.0417179233313408,"singlet"
"CID3838_TTGAACGGTGTAACGG",0.0703579972305173,"singlet"
"CID3838_TTGCCTGAGCAGCGAT",0.0357097862947779,"singlet"
"CID3838_CGAAGTTCACAGAGAC",0.1603259135375,"singlet"
"CID3838_TGTGAGTGTGAATTAG",0.134961970589041,"singlet"
"CID3838_CCTGCATCACAACGCC",0.341090686343172,"singlet"
"CID3838_AAGACAACATTATGCG",0.279697457560553,"singlet"
"CID3838_GAAGTAAGTAGTGGCA",0.0357146221046367,"singlet"
"CID3838_GCATGATTCCGATAAC",0.223707058174636,"singlet"
"CID3838_TCGCAGGGTTGGGATG",0.0929732639587492,"singlet"
"CID3838_TTCAATCTCAGACAAA",0.0576989496742808,"singlet"
"CID3838_GAGACTTAGAGTGAAG",0.222328160427721,"singlet"
"CID3838_GGCAGTCAGTATAGAC",0.0541494724647966,"singlet"
"CID3838_AACAACCGTTTCGACA",0.0686315291603758,"singlet"
"CID3838_AAGCGAGTCAAGCCCG",0.123465459955896,"singlet"
"CID3838_AAGTGAAGTCACTACA",0.0506967581464087,"singlet"
"CID3838_AATGACCAGTAACAGT",0.0446897335096309,"singlet"
"CID3838_AATTTCCGTCTTTATC",0.0630686423910028,"singlet"
"CID3838_ACCTACCAGTCGCTAT",0.110978441735889,"singlet"
"CID3838_ACGTACAAGGTAGCAC",0.0540269950223757,"singlet"
"CID3838_ACTCCCAGTATACCCA",0.1079466911881,"singlet"
"CID3838_ACTGTGATCGACATCA",0.0365656452916696,"singlet"
"CID3838_ACTTTGTGTCCTATAG",0.00416285075670607,"singlet"
"CID3838_AGAACAACACAGCCAC",0.0325306623361384,"singlet"
"CID3838_AGACACTCAGACGCTC",0.0155297538878349,"singlet"
"CID3838_AGACCCGCATGACTGT",0.0542787237514772,"singlet"
"CID3838_AGAGCCCCACACACGC",0.118028052710878,"singlet"
"CID3838_AGCCAATGTATGGTTC",0.0938334435382187,"singlet"
"CID3838_AGCCACGTCACCTCGT",0.313832675802341,"singlet"
"CID3838_AGCTTCCAGGGAGGTG",0.0416593800137649,"singlet"
"CID3838_AGGACTTTCCTCCACA",0.0990870721385856,"singlet"
"CID3838_AGGCATTGTTACCCAA",0.0606110328986577,"singlet"
"CID3838_AGGTAGGAGGTCCAGA",0.0629315330069461,"singlet"
"CID3838_AGGTCTATCCTGGCTT",0.0869810981615614,"singlet"
"CID3838_AGGTGTTGTCATAGTC",0.0451927565110979,"singlet"
"CID3838_AGTACCATCCTTCAGC",0.207361768620652,"singlet"
"CID3838_ATACTTCGTGATACCT",0.0309096931843706,"singlet"
"CID3838_ATCAGGTAGGGTCACA",0.093977992899421,"singlet"
"CID3838_ATCATTCTCTAGATCG",0.0650921893718431,"singlet"
"CID3838_ATCCATTCACAAAGCG",0.0327394285852249,"singlet"
"CID3838_ATCGTGATCAGTAGGG",0.022594867268102,"singlet"
"CID3838_ATGGGTTGTGAGCCAA",0.0665227554883621,"singlet"
"CID3838_ATTCTACGTGACGCCT",0.157199623065244,"singlet"
"CID3838_ATTCTACTCAAAGGAT",0.0618026734356037,"singlet"
"CID3838_CAACAGTCAAGAGGTC",0.01983639864055,"singlet"
"CID3838_CAAGACTAGACTTGTC",0.175416400432,"singlet"
"CID3838_CAGGCCAAGTGCTAGG",0.0587794986120166,"singlet"
"CID3838_CATCCCAGTTCTCGTC",0.0399837412978973,"singlet"
"CID3838_CATGCAAAGTCATCCA",0.0631846027370638,"singlet"
"CID3838_CATGCCTAGATGCCGA",0.0434700916383199,"singlet"
"CID3838_CATGCTCCATAGAAAC",0.0512496731972724,"singlet"
"CID3838_CCCTCAAAGAGGTCGT",0.0359488630863639,"singlet"
"CID3838_CCCTCAAAGATCGGTG",0.0303815072414072,"singlet"
"CID3838_CCGGGTATCACCTTAT",0.0244801840545503,"singlet"
"CID3838_CCGGTGAAGGTCACTT",0.0887952087974238,"singlet"
"CID3838_CCGTGAGTCCCGAACG",0.0406527033735927,"singlet"
"CID3838_CCTATCGCAGAGTGTG",0.0280543401808679,"singlet"
"CID3838_CCTCATGAGTCTTGGT",0.0635509497837709,"singlet"
"CID3838_CCTTCAGAGTCTTCCC",0.23773703951659,"singlet"
"CID3838_CGAAGGAAGAATAACC",0.0465174064266093,"singlet"
"CID3838_CGAGTGCTCGAAATCC",0.0330846825948803,"singlet"
"CID3838_CGCCAGAAGTCGGGAT",0.168315473009579,"singlet"
"CID3838_CGGAACCAGCTACAAA",0.064156611645596,"singlet"
"CID3838_CGGACACCATAGTCAC",0.0322901145625229,"singlet"
"CID3838_CGGTCAGCAGCATTGT",0.051071052793279,"singlet"
"CID3838_CTACAGAAGACATGCG",0.0233085900224041,"singlet"
"CID3838_CTATCTAAGCTCTTCC",0.0375512090417248,"singlet"
"CID3838_CTGCAGGGTGGTTCTA",0.0396726966422231,"singlet"
"CID3838_CTGCCATTCACAGTGT",0.0542573680945126,"singlet"
"CID3838_CTGCCTACAGACAATA",0.315614972025829,"singlet"
"CID3838_CTGGTCTCACCGGAAA",0.0503017164886456,"singlet"
"CID3838_CTGTAGACAGTATGAA",0.0461324513965655,"singlet"
"CID3838_CTGTGAATCGTCGATA",0.286647551213543,"singlet"
"CID3838_CTTCCGACAAGACGGT",0.0941436861441453,"singlet"
"CID3838_CTTCTAAAGGGCCAAT",0.0431768414956973,"singlet"
"CID3838_GAACACTTCCGATGCG",0.0694065542350757,"singlet"
"CID3838_GACATCACAGCTCGGT",0.0376297409590374,"singlet"
"CID3838_GACCCTTTCAAGGCTT",0.0352487076384535,"singlet"
"CID3838_GACGCTGCACCAAATC",0.123196807241355,"singlet"
"CID3838_GACTGATGTTATTCTC",0.339884482429652,"singlet"
"CID3838_GAGGGATAGTCTAGCT",0.00514065574458593,"singlet"
"CID3838_GAGTCTACAGGCAATG",0.0373301830619435,"singlet"
"CID3838_GCAACATTCCAACTGA",0.343046841179378,"singlet"
"CID3838_GCCAGCACAGCTACCG",0.192140120520766,"singlet"
"CID3838_GCCAGGTCAGTATACC",0.0704715080033752,"singlet"
"CID3838_GCCGATGCACTGATTG",0.0187094843482293,"singlet"
"CID3838_GCGGAAAAGAATTCAG",0.0308799964892426,"singlet"
"CID3838_GCTACCTGTCGTCATA",0.063224066686573,"singlet"
"CID3838_GGAATCTGTCATGACT",0.0245291706055226,"singlet"
"CID3838_GGAGCAATCATCCTGC",0.0545891868392725,"singlet"
"CID3838_GGCGTCACATCGTGCG",0.190793624098339,"singlet"
"CID3838_GGCTGTGTCAGAACCT",0.247555524849548,"singlet"
"CID3838_GGCTTTCCATTAGGAA",0.0641658803145794,"singlet"
"CID3838_GGCTTTCTCGTGCACG",0.100484075658019,"singlet"
"CID3838_GGGATGAGTATGACAA",0.242686769714627,"singlet"
"CID3838_GGTAGAGAGTCATGCT",0.0637493943541275,"singlet"
"CID3838_GGTGTTATCTCTGCTG",0.0659856580458546,"singlet"
"CID3838_GGTTAACGTAGCTGTT",0.105393245362658,"singlet"
"CID3838_GTAGATCGTACAACGG",0.0596635076501977,"singlet"
"CID3838_GTAGCTACAGATCATC",0.0687801075705874,"singlet"
"CID3838_GTAGCTAGTTGCGTAT",0.0272499101041756,"singlet"
"CID3838_GTCATTTAGAGCAACC",0.179855229477687,"singlet"
"CID3838_GTCTACCGTCTTACTT",0.264616961303087,"singlet"
"CID3838_GTCTGTCCAGCCCAGT",0.034192523117166,"singlet"
"CID3838_GTGGGAACACTGCTTC",0.0239066654193264,"singlet"
"CID3838_GTGGTTAAGGCACTAG",0.056824346035465,"singlet"
"CID3838_GTGTCCTGTTAGGCCC",0.0391837250501007,"singlet"
"CID3838_GTGTGGCCACGAAGAC",0.0407818451962106,"singlet"
"CID3838_TAAGCCATCTACCACC",0.105866101536153,"singlet"
"CID3838_TAAGCGTAGAATTGCA",0.109779307825614,"singlet"
"CID3838_TACCTCGAGTTCGCAT",0.0522863576344125,"singlet"
"CID3838_TCACGGGGTGTACAGG",0.0146106331267539,"singlet"
"CID3838_TCAGCCTTCTAGTGAC",0.0945199040935921,"singlet"
"CID3838_TCAGTTTAGCATAGGC",0.091199380711201,"singlet"
"CID3838_TCATACTTCTCGTCAC",0.0935854305194649,"singlet"
"CID3838_TCATACTTCTTAGCTT",0.0520098505075779,"singlet"
"CID3838_TCATATCCAGATAAAC",0.090116833614087,"singlet"
"CID3838_TCATATCTCTGACGCG",0.0577015284489661,"singlet"
"CID3838_TCATCATGTCTTCATT",0.0975582401846473,"singlet"
"CID3838_TCATTACAGCCTCTGG",0.0492365236953723,"singlet"
"CID3838_TCATTACTCCAGCTCT",0.0495705659475644,"singlet"
"CID3838_TCCTAATTCAGGACAG",0.0244264036945572,"singlet"
"CID3838_TCCTCCCTCCTCACCA",0.0773430983906858,"singlet"
"CID3838_TCGACGGAGCTGAAGC",0.0493398391958258,"singlet"
"CID3838_TCGCTCAAGAACCGCA",0.0907022878916486,"singlet"
"CID3838_TCGGATAAGAGTCAGC",0.0517556568539623,"singlet"
"CID3838_TCGGGCATCTTTCGAT",0.019993610277973,"singlet"
"CID3838_TCTAACTCAGAGACTG",0.132697803405636,"singlet"
"CID3838_TCTCCGACATCTCAAG",0.0525824186712812,"singlet"
"CID3838_TCTTGCGAGCGACTGA",0.0168440947370799,"singlet"
"CID3838_TCTTTGATCTCTAAGG",0.0728436800462131,"singlet"
"CID3838_TGATGGTAGTAGACCG",0.0357382663125662,"singlet"
"CID3838_TGCAGGCTCTAACGCA",0.0856436908527241,"singlet"
"CID3838_TGCAGTACATTCATCT",0.0305495540630688,"singlet"
"CID3838_TGCATCCTCCGTCCTA",0.239884096505819,"singlet"
"CID3838_TGGAACTCACAGCCAC",0.0353047752691129,"singlet"
"CID3838_TGGAACTCAGGAACCA",0.0967205664353542,"singlet"
"CID3838_TGGGCGTTCCGCCTAT",0.0690751031317277,"singlet"
"CID3838_TGTGCGGTCTTTGGAG",0.0570220343071226,"singlet"
"CID3838_TTAGTCTTCCATACTT",0.47362185430227,"doublet"
"CID3838_TTCACGCAGGTGGGTT",0.0688877362137608,"singlet"
"CID3838_TTCCGGTTCCGAGCTG",0.0524107580471701,"singlet"
"CID3838_TTCCTTCCAAATGAGT",0.0158527691184623,"singlet"
"CID3838_TTCTAGTCAGCACCCA",0.0869518926271196,"singlet"
"CID3838_TTCTCTCAGAATTTGG",0.0645485808057523,"singlet"
"CID3838_TTGGATGTCACGATAC",0.336494972931671,"singlet"
"CID3838_TTTACTGGTACTGCCG",0.0563017695487358,"singlet"
"CID3838_TTTAGTCAGGTAGTCG",0.0400371921269499,"singlet"
"CID3838_AACACACCAACGGCCT",0.116722645332986,"singlet"
"CID3838_CCTCAACAGACCAAGC",0.133747691733456,"singlet"
"CID3838_CCTCTCCTCATTCTTG",0.511232395717403,"doublet"
"CID3838_CGAGTGCCAGTGGTGA",0.230290448821871,"singlet"
"CID3838_CTGCCTAGTGACTGAG",0.237813779592352,"singlet"
"CID3838_TCAGCAAGTAGGACTG",0.310952323222226,"singlet"
"CID3838_TTCCTTCCATCTTCGC",0.177731856486043,"singlet"
"CID3838_TCAGCAATCCACGAAT",0.25697737856894,"singlet"
"CID3838_ACCTGTCAGGGCTAAC",0.245331834160123,"singlet"
"CID3838_ATTCATCCAACTGTGT",0.0501723401545483,"singlet"
"CID3838_AAACGAACAAGCCATT",0.19602028192195,"singlet"
"CID3838_AACAAAGGTGTACGCC",0.25217671714187,"singlet"
"CID3838_AACAGGGCACCATTCC",0.261384625258511,"singlet"
"CID3838_AAGACAAAGAGACAAG",0.0474421594476254,"singlet"
"CID3838_AAGCATCCAAACGGCA",0.0397190126384739,"singlet"
"CID3838_AAGTACCTCCGTCAAA",0.0628837533518706,"singlet"
"CID3838_AAGTTCGCACCGCTAG",0.080410388598036,"singlet"
"CID3838_AAGTTCGCACTGATTG",0.0730860851316699,"singlet"
"CID3838_AATCGTGCAAATTAGG",0.0464549707829071,"singlet"
"CID3838_AATTTCCGTCTAACTG",0.0637073855166882,"singlet"
"CID3838_ACAACCAAGGAACTCG",0.0309887671662923,"singlet"
"CID3838_ACATCCCAGAAGTGTT",0.0570249456814119,"singlet"
"CID3838_ACCAACAAGGTAAGGA",0.077993529019777,"singlet"
"CID3838_ACGTAGTAGCTATCCA",0.145208954658492,"singlet"
"CID3838_ACGTCCTGTAATCAGA",0.0932778640905158,"singlet"
"CID3838_ACTGCAATCCATGATG",0.0356496181722775,"singlet"
"CID3838_ACTGTGACATTGCTGA",0.116885695440793,"singlet"
"CID3838_ACTGTGAGTGTAGCAG",0.150699096676956,"singlet"
"CID3838_ACTTCGCAGAAGCGGG",0.0172182268889636,"singlet"
"CID3838_ACTTTCAAGGGTGAGG",0.0643451275448542,"singlet"
"CID3838_AGAAATGAGTAATACG",0.185772222793195,"singlet"
"CID3838_AGACAAAAGAAGTGTT",0.0764837860380169,"singlet"
"CID3838_AGATGCTAGTTGTAGA",0.0818847482759435,"singlet"
"CID3838_AGATGCTTCTTCTGTA",0.111494406753097,"singlet"
"CID3838_AGGAATAGTGCTCTCT",0.304434168645735,"singlet"
"CID3838_AGGACGAAGATGTTGA",0.128406949645998,"singlet"
"CID3838_AGGATAACACGTAGAG",0.0638660487511332,"singlet"
"CID3838_AGTCTCCCACTTCATT",0.143911951913538,"singlet"
"CID3838_ATCCATTTCATGAGTC",0.171757697890111,"singlet"
"CID3838_ATCTCTACACTGTGAT",0.0343938761602914,"singlet"
"CID3838_ATCTTCACAATTCGTG",0.27444069075712,"singlet"
"CID3838_ATGAAAGCAGCGGTTC",0.0824531940640086,"singlet"
"CID3838_ATTCCTAGTCTTGAGT",0.053361439079187,"singlet"
"CID3838_CAAGCTATCGCAGATT",0.142230171498141,"singlet"
"CID3838_CACGTTCCATGACTCA",0.0776237149824074,"singlet"
"CID3838_CACTAAGGTTGTTGCA",0.103292318881135,"singlet"
"CID3838_CAGATACCAAGAGCTG",0.0176891627118136,"singlet"
"CID3838_CAGATCATCTCATTTG",0.165048819473398,"singlet"
"CID3838_CAGCAGCCAGCATGCC",0.0645029859462042,"singlet"
"CID3838_CAGTGCGGTCGAACAG",0.0548705058976984,"singlet"
"CID3838_CATGCAATCGATTCCC",0.11127391087323,"singlet"
"CID3838_CATGGATAGTAAGACT",0.0213873948816642,"singlet"
"CID3838_CATTGAGTCCCTCATG",0.11604262854749,"singlet"
"CID3838_CATTGTTGTGTGACCC",0.0803482408924378,"singlet"
"CID3838_CATTTCAGTGCCTATA",0.154547421532838,"singlet"
"CID3838_CCACACTCAGAGTAAT",0.35678967629563,"doublet"
"CID3838_CCGGTGATCGTTAGTG",0.0807316030854877,"singlet"
"CID3838_CCGTAGGCAACCGTGC",0.115011388060085,"singlet"
"CID3838_CCTCCAATCGAGTACT",0.273656009308659,"singlet"
"CID3838_CCTGTTGCAAATAGCA",0.125441777318684,"singlet"
"CID3838_CGAGGAAGTATTCCTT",0.13622765217103,"singlet"
"CID3838_CGATGCGCACAACGCC",0.0545068697568587,"singlet"
"CID3838_CTACCCATCATGCCAA",0.179890953502488,"singlet"
"CID3838_CTACGGGCAAGGTCAG",0.0649504833168266,"singlet"
"CID3838_CTATAGGGTTTGGCTA",0.155697788443028,"singlet"
"CID3838_CTCAGAAAGAGCAACC",0.182781793374157,"singlet"
"CID3838_CTCCTTTTCCAGTTCC",0.216352844686006,"singlet"
"CID3838_CTGCAGGGTGTTATCG",0.0472931894736768,"singlet"
"CID3838_CTGGCAGAGCGATGCA",0.097356604384097,"singlet"
"CID3838_CTGTAGATCACATCAG",0.0627217877128237,"singlet"
"CID3838_CTTAGGAGTACAAGCG",0.0862270084054294,"singlet"
"CID3838_CTTGAGAGTAACACGG",0.313211496158226,"singlet"
"CID3838_GAACACTCACCCTTAC",0.0516406088311591,"singlet"
"CID3838_GAAGAATTCGCGATCG",0.117751289309034,"singlet"
"CID3838_GAATAGACAGTTCTAG",0.293947150450803,"singlet"
"CID3838_GAGACTTGTCGGAACA",0.24656211853753,"singlet"
"CID3838_GAGGGATTCGAGTTGT",0.0527677425110424,"singlet"
"CID3838_GATAGAAGTAGGACTG",0.302885435852934,"singlet"
"CID3838_GATCCCTCAGTCTGGC",0.208499905533011,"singlet"
"CID3838_GCACGGTCAGGTGTTT",0.0307626448233138,"singlet"
"CID3838_GCCAGGTGTCACATTG",0.157233485197388,"singlet"
"CID3838_GCCCAGAAGGACAGTC",0.112665169954922,"singlet"
"CID3838_GCGATCGCAAGCCCAC",0.11627325442854,"singlet"
"CID3838_GGAGGATCATTGGATC",0.142724868170705,"singlet"
"CID3838_GGGTGTCTCGACGACC",0.0487391916720707,"singlet"
"CID3838_GGGTGTCTCTTGTTAC",0.0351293850139292,"singlet"
"CID3838_GGTGATTTCCACTGGG",0.117457336892057,"singlet"
"CID3838_GTAACACGTCGCGGTT",0.0772589619436947,"singlet"
"CID3838_GTACAGTCAAAGACGC",0.0942314587603221,"singlet"
"CID3838_GTAGGTTAGACATAGT",0.143395122381898,"singlet"
"CID3838_GTAGTACAGCATCCCG",0.0651181912306887,"singlet"
"CID3838_GTCATGACACGAGGTA",0.0305904711154075,"singlet"
"CID3838_GTCGTAAAGATTGTGA",0.119313613118182,"singlet"
"CID3838_GTCTTTACAAGGGCAT",0.0358154712571278,"singlet"
"CID3838_GTGCAGCGTAACGCGA",0.159865474078681,"singlet"
"CID3838_GTGGCGTGTAACACCT",0.0519302241583945,"singlet"
"CID3838_GTTGAACGTGTATCCA",0.0457494206335596,"singlet"
"CID3838_GTTTGGAGTGCTGATT",0.0776160302379282,"singlet"
"CID3838_TAAGTCGCATTGTACG",0.0201388961609544,"singlet"
"CID3838_TAATCTCTCAGGCGAA",0.260513211176994,"singlet"
"CID3838_TACAACGAGCCGGATA",0.14072958488883,"singlet"
"CID3838_TACATTCAGTTGCTGT",0.210210130139324,"singlet"
"CID3838_TACCCGTGTCGAAACG",0.15179115724867,"singlet"
"CID3838_TAGCACACAGCGGTTC",0.206872745991333,"singlet"
"CID3838_TATCCTATCTTACCGC",0.0513846265797579,"singlet"
"CID3838_TATTGCTGTACAAACA",0.0696149276767282,"singlet"
"CID3838_TCACTCGAGTGGAATT",0.0529688670520345,"singlet"
"CID3838_TCTAACTGTAGACGGT",0.0756782755025423,"singlet"
"CID3838_TCTCCGAGTGGATCGA",0.0334733694803095,"singlet"
"CID3838_TGATTTCGTCAAGCGA",0.0682999325625137,"singlet"
"CID3838_TGCAGGCGTCCAGAAG",0.0219889040065515,"singlet"
"CID3838_TGCAGTAGTCACCGCA",0.108738489601486,"singlet"
"CID3838_TGCCGAGTCGGCTATA",0.0326310405349897,"singlet"
"CID3838_TGGGAGAAGAAACTGT",0.0496917292030011,"singlet"
"CID3838_TGGTTAGTCTTACGTT",0.0844105942038361,"singlet"
"CID3838_TGTAAGCAGTGTTCCA",0.0955165512603436,"singlet"
"CID3838_TGTCAGAGTCTGTGGC",0.10741165447421,"singlet"
"CID3838_TGTGTGACATTCGATG",0.0165882255608344,"singlet"
"CID3838_TTATTGCGTACCCACG",0.154257342853167,"singlet"
"CID3838_TTCCAATAGTCGAAGC",0.0708481060808608,"singlet"
"CID3838_TTCGCTGGTCGGAAAC",0.386919144621467,"doublet"
"CID3838_TTGACCCAGGTAAGTT",0.0699533000053988,"singlet"
"CID3838_TTGCATTTCAGCCTCT",0.114583311518973,"singlet"
"CID3838_TTGCCTGTCTACAGGT",0.0654872024326744,"singlet"
"CID3838_TTGGGTATCAGTCTTT",0.0514851702691446,"singlet"
"CID3838_TTGTGGAAGTAACCTC",0.219839807336497,"singlet"
"CID3838_TTTACCAAGATTGACA",0.183204966369593,"singlet"
"CID3838_TTTGACTAGCGTATGG",0.195571748022902,"singlet"
"CID3838_TTTGGTTGTACGTAGG",0.102195410549883,"singlet"
"CID3838_CATTGCCAGGAGACCT",0.0873119240555505,"singlet"
"CID3838_CTCCTTTCAGTAGAAT",0.11995170010003,"singlet"
"CID3838_GGAGATGGTAACATCC",0.554837085653715,"doublet"
"CID3838_CCACGAGAGTGCCGAA",0.376929270228457,"doublet"
"CID3838_GATGACTAGTAATACG",0.0331883908195275,"singlet"
"CID3838_AAGCCATAGTTCATGC",0.125302760907516,"singlet"
"CID3838_AATCACGTCTTGAGCA",0.0568285784225324,"singlet"
"CID3838_AATGCCACACTGCATA",0.0620372609048631,"singlet"
"CID3838_ACTTAGGGTTGGACTT",0.0483462544193169,"singlet"
"CID3838_AGGCATTAGCTAAATG",0.000919650055758929,"singlet"
"CID3838_AGTGTTGCACTATCCC",0.0159684472586545,"singlet"
"CID3838_ATCCACCGTCCGTACG",0.142172369585236,"singlet"
"CID3838_ATCGGATAGACCAGAC",0.0560335640224407,"singlet"
"CID3838_ATCGTGACAGACAAGC",0.0834402597975845,"singlet"
"CID3838_CATCCACCATCGCTGG",0.00144503429356596,"singlet"
"CID3838_CCTAAGATCAACGAGG",0.0670971895946386,"singlet"
"CID3838_CGAATTGAGCTGAGCA",0.135406191356811,"singlet"
"CID3838_CGTGATAAGCCATTCA",0.0854371041152572,"singlet"
"CID3838_CTATCCGGTGACATCT",0.0899204202560857,"singlet"
"CID3838_CTCTCAGTCACCATAG",0.043982317064295,"singlet"
"CID3838_CTCTCAGTCTCTCGAC",0.102496489374301,"singlet"
"CID3838_CTTCCGAAGGCGACAT",0.0171033097947557,"singlet"
"CID3838_GAAGGACCATCGAACT",0.118487452975227,"singlet"
"CID3838_GACGCTGAGTGATTCC",0.071638348320277,"singlet"
"CID3838_GAGGCCTGTTGAGTCT",0.087054567549748,"singlet"
"CID3838_GCATCGGCATCATCTT",0.14153912992616,"singlet"
"CID3838_GCTGAATGTGCCTGCA",0.0892048816018091,"singlet"
"CID3838_GCTGGGTTCTGAGGTT",0.0433067565499641,"singlet"
"CID3838_GGGATGAAGGGATCAC",0.0912163330599447,"singlet"
"CID3838_GGTAATCCAGCGTGAA",0.0438699332290857,"singlet"
"CID3838_GTAATGCTCGGCCAAC",0.0674360724285417,"singlet"
"CID3838_GTAATGCTCGGCTTCT",0.0509252003154506,"singlet"
"CID3838_GTGAGCCCACGAAGAC",0.1408545205029,"singlet"
"CID3838_TACCCACCAAATTGCC",0.0687898527998856,"singlet"
"CID3838_TCACTATGTGCTATTG",0.472711890473703,"doublet"
"CID3838_TCATTTGGTCCTTAAG",0.194887464411349,"singlet"
"CID3838_TCCTCGAGTGCGTCGT",0.0776032570304542,"singlet"
"CID3838_TCCTCTTGTACAGTCT",0.516435759225516,"doublet"
"CID3838_TCGTGCTGTGGGTCAA",0.0475880463698147,"singlet"
"CID3838_TCGTGGGAGCTGACAG",0.0151723651488208,"singlet"
"CID3838_TCTATACAGCGGTAAC",0.127119932340503,"singlet"
"CID3838_TGAGGGATCTCCGTGT",0.0538046223482705,"singlet"
"CID3838_TGCTGAAAGGCGATAC",0.0488723865279145,"singlet"
"CID3838_TGTGTGAGTAGCTTGT",0.0769103223987409,"singlet"
"CID3838_TTAATCCAGATCGCCC",0.0430546460225927,"singlet"
"CID3838_TTGACCCGTTATTCTC",0.0637059437853952,"singlet"
"CID3838_TTTACGTAGCTCGTGC",0.0256191444889409,"singlet"
"CID3838_TTTGGTTGTAGGTAGC",0.119572030052413,"singlet"
"CID3838_AGCGCTGGTGTGGTCC",0.0968850221226888,"singlet"
"CID3838_AGGGCTCTCAGTCCGG",0.155808445366939,"singlet"
"CID3838_GACTGATCAAGCTGCC",0.170169370088288,"singlet"
"CID3838_GTTAGTGGTGTCCCTT",0.198582276171483,"singlet"
"CID3838_ACAGAAAAGGTCGACA",0.468248429838149,"doublet"
"CID3838_CTAACCCAGATTCGAA",0.106975280888801,"singlet"
"CID3838_TAATCTCTCAAGCCAT",0.0794643480494085,"singlet"
"CID3838_TACACCCTCAGACTGT",0.137674032782058,"singlet"
"CID3838_TCCAGAAAGCTAATCC",0.0632151908555534,"singlet"
"CID3838_AGGGTGAGTTTGGGAG",0.20248214136198,"singlet"
"CID3838_CGGCAGTTCCGGCAGT",0.0546839188085966,"singlet"
"CID3838_CTAGACAGTGAGTAAT",0.181169437779905,"singlet"
"CID3838_CTGCATCGTTATAGAG",0.0781466483808961,"singlet"
"CID3838_CTGTATTGTGACACAG",0.146627530447503,"singlet"
"CID3838_GTTACCCGTTGTCTAG",0.027446884416606,"singlet"
"CID3838_TACAACGCAGCGTACC",0.17411652133191,"singlet"
"CID3838_TTGTGTTTCCCAAGCG",0.100259804579141,"singlet"
"CID3838_CTCCCTCGTGGTTCTA",0.0501194347537057,"singlet"
"CID3838_ACTATTCCAGGATGAC",0.114532324695767,"singlet"
"CID3838_ATTCGTTGTGCCTGAC",0.053980674241119,"singlet"
"CID3838_GCATCTCAGGTACCTT",0.270976185949695,"singlet"
"CID3838_GCATTAGTCCGATCGG",0.0671161514587928,"singlet"
"CID3838_GCCATTCCAAGGCGTA",0.0360455440727035,"singlet"
"CID3838_AGGCTGCGTCCTATAG",0.113285156845377,"singlet"
"CID3838_GACCTTCTCATCCTGC",0.0702355440141294,"singlet"
"CID3838_TTTAGTCAGACTTGTC",0.0400926655336861,"singlet"
"CID3838_GGTAATCTCCGGGACT",0.0190019346999537,"singlet"
"CID3838_ATTTACCTCCACGTAA",0.160726035422467,"singlet"
"CID3838_GAATCACAGGAAAGTG",0.48596992609909,"doublet"
"CID3838_GTCTTTAGTCCCACGA",0.158671695025536,"singlet"
"CID3838_AAGACAAAGTCAATCC",0.15699325628771,"singlet"
"CID3838_AGCGTCGCATTGAGGG",0.0922210008561846,"singlet"
"CID3838_AGTAGCTGTGTTGCCG",0.10747872874176,"singlet"
"CID3838_TTGTTCACAGCAGAAC",0.17647014582874,"singlet"
"CID3838_CTAGACACAATTCGTG",0.196543607300336,"singlet"
"CID3838_CTAACTTCAAGTGGGT",0.0884906750430452,"singlet"
"CID3838_TGTTACTGTCATATGC",0.0984229994523151,"singlet"
"CID3838_AAGCGTTCACCTTCGT",0.38087447998588,"doublet"
"CID3838_CCCTGATTCAATCGGT",0.116486981658004,"singlet"
"CID3838_ATTCCCGAGAATCCCT",0.185442760919706,"singlet"
"CID3838_GTTATGGTCGGCTATA",0.0401618300293405,"singlet"
"CID3838_CCGGTAGAGATACATG",0.0629074404578352,"singlet"
"CID3838_TACCGGGTCACGTAGT",0.100661094332889,"singlet"
"CID3838_TCACTCGTCATCTCTA",0.190581708643818,"singlet"
"CID3838_AGGCTGCCAAATTAGG",0.141402552141208,"singlet"
"CID3838_GCAGGCTAGGTCATTC",0.106844059257021,"singlet"
"CID3838_TACGGGCAGGATTTGA",0.247288629447153,"singlet"
"CID3838_TTTCACATCGCAGTCG",0.222923225678467,"singlet"
"CID3838_AATGGAACAAGATTGA",0.189591420975161,"singlet"
"CID3838_AATTCCTAGCGTTCAT",0.1357145951664,"singlet"
"CID3838_GGCTTTCCAGTGTGGA",0.297411996595502,"singlet"
"CID3838_TACATTCTCAAGTGTC",0.397593580654944,"doublet"
"CID3838_AAACCCATCAAGCCAT",0.157751050426474,"singlet"
"CID3838_AAACCCATCGCTAAAC",0.0958686110376238,"singlet"
"CID3838_AAAGGATAGAGCAAGA",0.303536397733148,"singlet"
"CID3838_AAAGGTATCGGCGATC",0.115062134438098,"singlet"
"CID3838_AAATGGAGTCTTGCGG",0.0600159044524582,"singlet"
"CID3838_AACAAAGCAGCATACT",0.106625798166642,"singlet"
"CID3838_AACAAAGTCTGCTAGA",0.139201529421644,"singlet"
"CID3838_AACAGGGTCGGCTTGG",0.128877833504153,"singlet"
"CID3838_AACCCAAGTCCCTCAT",0.106118311621938,"singlet"
"CID3838_AACCTGACAACAGCCC",0.0756941334611157,"singlet"
"CID3838_AACCTTTAGCAAGGAA",0.0751361759552673,"singlet"
"CID3838_AACGGGAAGCATCCTA",0.197610193495532,"singlet"
"CID3838_AACGTCAGTCGCACGT",0.165527893803971,"singlet"
"CID3838_AAGATAGGTACAGAGC",0.093957293256663,"singlet"
"CID3838_AAGCGTTAGGATTTCC",0.195697219107738,"singlet"
"CID3838_AAGGAATGTGACGCCT",0.168115042377138,"singlet"
"CID3838_AAGGAATTCGCAATTG",0.215277389238105,"singlet"
"CID3838_AAGTACCGTTAACCTG",0.0872707168743655,"singlet"
"CID3838_AAGTCGTGTTACGTAC",0.0682796936121468,"singlet"
"CID3838_AATAGAGAGACAAGCC",0.124400434996404,"singlet"
"CID3838_AATTCCTCAAATCAGA",0.0937531394401797,"singlet"
"CID3838_ACAAAGACATAATGCC",0.211850997897464,"singlet"
"CID3838_ACAAAGAGTGGTTCTA",0.102747705469285,"singlet"
"CID3838_ACAACCACAATACCTG",0.154320861458649,"singlet"
"CID3838_ACACGCGCAATCACGT",0.209672035480316,"singlet"
"CID3838_ACAGCCGGTTCTCCAC",0.112679056431705,"singlet"
"CID3838_ACATGCAGTGGATTTC",0.179069950640073,"singlet"
"CID3838_ACCTACCCATGACCCG",0.193869193830214,"singlet"
"CID3838_ACGGTTATCGGATACT",0.166586569115426,"singlet"
"CID3838_ACGTAACAGCATCAGG",0.195476058849099,"singlet"
"CID3838_ACGTAGTGTACTGCCG",0.150265969366498,"singlet"
"CID3838_ACGTTCCTCGTGGGTC",0.164588401454685,"singlet"
"CID3838_ACGTTCCTCTACCCAC",0.187888484898262,"singlet"
"CID3838_ACTACGAGTAGTGCGA",0.127362291315239,"singlet"
"CID3838_ACTATCTCAAATGAAC",0.0793819708893945,"singlet"
"CID3838_ACTGATGCAACCGTAT",0.309009357320224,"singlet"
"CID3838_ACTTCCGGTAGGTCAG",0.261152555319286,"singlet"
"CID3838_ACTTTGTTCGGTGTAT",0.129736245738069,"singlet"
"CID3838_AGAACCTCAAGACTGG",0.0958780898155682,"singlet"
"CID3838_AGAAGTAAGCAGGTCA",0.174367250266428,"singlet"
"CID3838_AGACAAAGTAGATGTA",0.101594818317236,"singlet"
"CID3838_AGACCATTCTACTCAT",0.0759865863086122,"singlet"
"CID3838_AGACCATTCTGAATGC",0.119227656561992,"singlet"
"CID3838_AGAGCAGTCGGTTGTA",0.547216025228052,"doublet"
"CID3838_AGAGCCCCAAGCACAG",0.0764381686792751,"singlet"
"CID3838_AGCCAGCGTAGCGATG",0.255390233677135,"singlet"
"CID3838_AGCGATTCAGGCTATT",0.135729417349051,"singlet"
"CID3838_AGCTTCCAGTTGGACG",0.0945741517341695,"singlet"
"CID3838_AGCTTCCGTACGCTTA",0.128036424893218,"singlet"
"CID3838_AGGACTTGTTGCTCAA",0.121430152638147,"singlet"
"CID3838_AGGGAGTCAGTAACGG",0.11535645904907,"singlet"
"CID3838_AGGGAGTTCTAGCAAC",0.176944915107035,"singlet"
"CID3838_AGGTGTTGTGGATACG",0.0830870783374137,"singlet"
"CID3838_AGGTGTTTCCATTGCC",0.0842695787748315,"singlet"
"CID3838_AGGTGTTTCCCTTGGT",0.128678579616173,"singlet"
"CID3838_AGTGACTAGGCCACTC",0.0630051672025551,"singlet"
"CID3838_AGTGCCGCATCTGGGC",0.073222662573574,"singlet"
"CID3838_AGTTCGACAGGTGGAT",0.062149061183008,"singlet"
"CID3838_AGTTCGATCGACCAAT",0.368241082729182,"doublet"
"CID3838_ATACCTTGTTAGGCCC",0.123689526145514,"singlet"
"CID3838_ATACTTCGTCGCGTTG",0.118330480109361,"singlet"
"CID3838_ATCACAGTCGGATACT",0.0707991557849778,"singlet"
"CID3838_ATCACGATCAATGTCG",0.0885548281283519,"singlet"
"CID3838_ATCCATTTCACTCTTA",0.150403960678675,"singlet"
"CID3838_ATCCTATGTAGATGTA",0.0420521141455857,"singlet"
"CID3838_ATCGGATTCTTCTGGC",0.0578753745640426,"singlet"
"CID3838_ATCTCTAAGTATAGGT",0.101281723695103,"singlet"
"CID3838_ATGAAAGGTGCCGTAC",0.399702259370383,"doublet"
"CID3838_ATGAGGGGTTCCGGTG",0.149821189821563,"singlet"
"CID3838_ATGATCGGTAGCTTTG",0.0996868328606247,"singlet"
"CID3838_ATGCATGTCTTGCAAG",0.0541594652971966,"singlet"
"CID3838_ATGCCTCAGATTGATG",0.0888173362754605,"singlet"
"CID3838_ATGCGATAGCTGGCTC",0.251349942806953,"singlet"
"CID3838_ATGCGATCAAGTGACG",0.110966980220287,"singlet"
"CID3838_ATGGGTTAGTTTGAGA",0.10338163965069,"singlet"
"CID3838_ATGGTTGTCTATTGTC",0.211756474586093,"singlet"
"CID3838_ATGTCTTGTCCGACGT",0.172149671133865,"singlet"
"CID3838_ATTGGGTAGGCGAACT",0.0432662010707127,"singlet"
"CID3838_ATTTCACAGTCAGCCC",0.145811230823918,"singlet"
"CID3838_CAACAACTCTCTAAGG",0.165899641280888,"singlet"
"CID3838_CAACGGCTCATTCGGA",0.0459491257870023,"singlet"
"CID3838_CAATACGCATCCGCGA",0.149447995922062,"singlet"
"CID3838_CACTAAGAGCCATCCG",0.526566686596634,"doublet"
"CID3838_CAGATCATCAAGGACG",0.148783302357236,"singlet"
"CID3838_CAGATTGTCTGCATGA",0.0858411536457686,"singlet"
"CID3838_CAGCAATCATGTCGTA",0.138228477038591,"singlet"
"CID3838_CAGCACGGTCGCTTAA",0.116697251185708,"singlet"
"CID3838_CATCCACGTATCCTTT",0.24289781768268,"singlet"
"CID3838_CATCCGTTCGATGCAT",0.105556923533522,"singlet"
"CID3838_CATCGCTAGAACTTCC",0.160299534654325,"singlet"
"CID3838_CATCGGGCACGGCACT",0.408759127025158,"doublet"
"CID3838_CATGAGTAGCTGCCAC",0.15182251153056,"singlet"
"CID3838_CATGCTCGTGAAAGTT",0.0825561262573868,"singlet"
"CID3838_CATGGTAAGACAACAT",0.11577422552049,"singlet"
"CID3838_CCACACTTCTTCTGGC",0.202122691985375,"singlet"
"CID3838_CCATAAGAGGTAACTA",0.0533632957141936,"singlet"
"CID3838_CCATAAGAGTAGAATC",0.140469631752849,"singlet"
"CID3838_CCCGAAGGTGAATGAT",0.113001453689376,"singlet"
"CID3838_CCCGGAATCATAGAGA",0.390738102214868,"doublet"
"CID3838_CCCTAACGTATTCCTT",0.238883638077922,"singlet"
"CID3838_CCCTAACGTTCCGCTT",0.1899619758025,"singlet"
"CID3838_CCCTCAAAGTCTGGTT",0.0969755158748594,"singlet"
"CID3838_CCCTTAGAGTACCGGA",0.254556039203505,"singlet"
"CID3838_CCGATGGGTAGGAGTC",0.186491784104821,"singlet"
"CID3838_CCTACGTCAGACCTGC",0.0997114088542698,"singlet"
"CID3838_CCTACGTTCCCAGTGG",0.0731529475240918,"singlet"
"CID3838_CCTCAACTCAGTCCGG",0.12580985245108,"singlet"
"CID3838_CCTCACAAGAGTAACT",0.159402716185761,"singlet"
"CID3838_CCTCACAAGGTTGAGC",0.22122858978309,"singlet"
"CID3838_CCTCCTCCAATAGTAG",0.154621177411393,"singlet"
"CID3838_CCTGTTGTCTGTTGGA",0.318104867780144,"singlet"
"CID3838_CCTTGTGGTCAAAGTA",0.185592418393631,"singlet"
"CID3838_CGAGGCTTCACCCTCA",0.122298921786798,"singlet"
"CID3838_CGAGTTATCTGCATAG",0.128422373919542,"singlet"
"CID3838_CGATGGCAGATCACCT",0.117881727028373,"singlet"
"CID3838_CGCCAGATCGTAGAGG",0.0946000954162614,"singlet"
"CID3838_CGGAACCTCTCTTGCG",0.282185611177176,"singlet"
"CID3838_CGGAATTAGGGCAGGA",0.0835420132410222,"singlet"
"CID3838_CGGGTGTAGGAACATT",0.232835878880383,"singlet"
"CID3838_CGGGTGTGTGAGATAT",0.115081901327511,"singlet"
"CID3838_CGTAGTATCCGTGTAA",0.128153035255813,"singlet"
"CID3838_CGTCCATCAGTTTCGA",0.231779014079107,"singlet"
"CID3838_CGTGCTTGTACCCGCA",0.12666534942212,"singlet"
"CID3838_CGTTAGAGTTCGGCTG",0.216123365863551,"singlet"
"CID3838_CGTTGGGCAGCAGATG",0.2232074028809,"singlet"
"CID3838_CTACAGATCGCAACAT",0.15106207539171,"singlet"
"CID3838_CTACATTTCTCTGGTC",0.268916439386844,"singlet"
"CID3838_CTACCCAAGCATGCAG",0.238756495591208,"singlet"
"CID3838_CTACGGGCAGAGTAAT",0.170263995330707,"singlet"
"CID3838_CTACTATGTCAGGTAG",0.0689042378335035,"singlet"
"CID3838_CTAGACATCGAACACT",0.242253737023401,"singlet"
"CID3838_CTATAGGAGGGACTGT",0.0491070272401448,"singlet"
"CID3838_CTATAGGCAAGCTACT",0.112585955487762,"singlet"
"CID3838_CTATCTATCTCTAAGG",0.0790586732763292,"singlet"
"CID3838_CTCAACCCATGTCTAG",0.120152049431926,"singlet"
"CID3838_CTCAAGACATGTTCAG",0.0872021810330364,"singlet"
"CID3838_CTCAAGATCAAACCTG",0.0480915001580185,"singlet"
"CID3838_CTCAGGGGTACTAACC",0.148694809615097,"singlet"
"CID3838_CTCATCGTCCTCTTTC",0.309640755586656,"singlet"
"CID3838_CTCATTAAGCATCGAG",0.34232172691293,"singlet"
"CID3838_CTCCCTCAGTGTACCT",0.117206005008066,"singlet"
"CID3838_CTCTCAGGTGACATCT",0.0439498277034624,"singlet"
"CID3838_CTCTCAGGTTGCCATA",0.181328763788567,"singlet"
"CID3838_CTCTCGATCTCTAAGG",0.193956199222208,"singlet"
"CID3838_CTGATCCAGGGCTGAT",0.098141005341323,"singlet"
"CID3838_CTGCATCGTGACAGGT",0.121723999268679,"singlet"
"CID3838_CTGCATCTCGAGAGAC",0.121799360657655,"singlet"
"CID3838_CTGCCATCATGGGCAA",0.13447528171555,"singlet"
"CID3838_CTGGACGTCCCTCGTA",0.125661554361066,"singlet"
"CID3838_CTGGCAGCAACAGAGC",0.145029248325471,"singlet"
"CID3838_CTGTCGTCAGGCACTC",0.0768455046041553,"singlet"
"CID3838_CTGTGAAAGTACTGGG",0.0894024155207933,"singlet"
"CID3838_CTTTCGGAGTCAGCGA",0.0857803439016014,"singlet"
"CID3838_GAAACCTAGGCCCAAA",0.231757366538943,"singlet"
"CID3838_GAACTGTGTGAGATAT",0.349465342543138,"singlet"
"CID3838_GAAGGACTCTTGGAAC",0.175707721620438,"singlet"
"CID3838_GAATAGAGTGGGCTTC",0.105373075374485,"singlet"
"CID3838_GACATCACAATCTGCA",0.11783213746306,"singlet"
"CID3838_GACATCACAGAGACTG",0.122349573188642,"singlet"
"CID3838_GACCAATTCGTCTACC",0.135209606754851,"singlet"
"CID3838_GACCAATTCTTGGGCG",0.151216490381473,"singlet"
"CID3838_GACCCAGAGTTGGCGA",0.220845491706906,"singlet"
"CID3838_GACCCAGGTACCCGCA",0.107226721453347,"singlet"
"CID3838_GACCCTTTCAGTGCGC",0.153694169153227,"singlet"
"CID3838_GACCGTGGTGGATGAC",0.133617505878396,"singlet"
"CID3838_GACCTTCGTAACTTCG",0.0357096511972312,"singlet"
"CID3838_GAGAGGTCATGGCTGC",0.263325362961045,"singlet"
"CID3838_GAGCTGCGTGAACCGA",0.160418719186853,"singlet"
"CID3838_GAGGCCTAGTCGAGGT",0.100948391707069,"singlet"
"CID3838_GAGTTACCACCGGTCA",0.123693654123441,"singlet"
"CID3838_GAGTTTGCACGGGTAA",0.0513668687020882,"singlet"
"CID3838_GATAGCTTCCGACAGC",0.125256329999036,"singlet"
"CID3838_GATAGCTTCTAACGGT",0.137202955503769,"singlet"
"CID3838_GATCAGTCAGAAATCA",0.167549408862725,"singlet"
"CID3838_GATGAGGCATACAGAA",0.0679964577310762,"singlet"
"CID3838_GATGGAGAGAGATTCA",0.157338141439132,"singlet"
"CID3838_GATGGAGAGTTCCAGT",0.24622314674278,"singlet"
"CID3838_GATGGAGGTCCAAAGG",0.181144602209,"singlet"
"CID3838_GATTCTTAGAGAATCT",0.111804407640774,"singlet"
"CID3838_GATTCTTCACCTATCC",0.131914461185992,"singlet"
"CID3838_GCACGGTGTAAGCTCT",0.240283352810683,"singlet"
"CID3838_GCCAACGCAGTAGAAT",0.256393011534252,"singlet"
"CID3838_GCCAGTGCACACCGCA",0.0875817860705777,"singlet"
"CID3838_GCCATTCAGTAACCTC",0.24665020387802,"singlet"
"CID3838_GCTACCTAGTGATAAC",0.231235396935342,"singlet"
"CID3838_GCTGCAGCACATCCCT",0.0601117141126802,"singlet"
"CID3838_GCTGCAGTCACTTGGA",0.0877852512622535,"singlet"
"CID3838_GCTGGGTCATGATAGA",0.171757694049314,"singlet"
"CID3838_GCTTCACTCGACTCCT",0.171523718036255,"singlet"
"CID3838_GGAACCCGTGCATGAG",0.103685021706866,"singlet"
"CID3838_GGAATCTGTATAATGG",0.223915262182999,"singlet"
"CID3838_GGACGTCTCCGATGTA",0.124241652398647,"singlet"
"CID3838_GGAGATGGTATCTCTT",0.122128203575076,"singlet"
"CID3838_GGCGTCAAGAAATGGG",0.162580667152391,"singlet"
"CID3838_GGGACCTGTTCACCGG",0.196563479088894,"singlet"
"CID3838_GGGAGATTCTGGACTA",0.0416311291188083,"singlet"
"CID3838_GGGAGTATCCGAAGGA",0.278168113309355,"singlet"
"CID3838_GGGATGATCTTCCGTG",0.156736317973245,"singlet"
"CID3838_GGGTTTACACTGATTG",0.100272313825206,"singlet"
"CID3838_GGGTTTATCGTTCGCT",0.195809693692467,"singlet"
"CID3838_GGTCACGTCCACAGGC",0.0940158170749412,"singlet"
"CID3838_GGTCTGGTCTTGGTGA",0.0180865432300531,"singlet"
"CID3838_GGTGTTAAGAAGCTCG",0.0275142568843476,"singlet"
"CID3838_GTACAGTCACGAGGAT",0.136753094670032,"singlet"
"CID3838_GTACAGTTCAGGTAAA",0.153785304521949,"singlet"
"CID3838_GTAGAGGTCACCTCTG",0.147907898272812,"singlet"
"CID3838_GTAGGTTCAAGCACAG",0.215509450894177,"singlet"
"CID3838_GTATTTCCATTGCCTC",0.502977287405673,"doublet"
"CID3838_GTCAAGTCATTCATCT",0.119937261835023,"singlet"
"CID3838_GTCAAGTGTCACGACC",0.467986064934533,"doublet"
"CID3838_GTCACTCCACTGATTG",0.047635851461082,"singlet"
"CID3838_GTCATGATCTGAACGT",0.115439081187401,"singlet"
"CID3838_GTCTGTCTCGCACGGT",0.208577251696117,"singlet"
"CID3838_GTGAGCCTCCGATAGT",0.106574042599229,"singlet"
"CID3838_GTGCTGGTCGGCTGGT",0.0663492952019463,"singlet"
"CID3838_GTGGAAGTCGGTCTGG",0.123277197316366,"singlet"
"CID3838_GTGTCCTTCGGAGTGA",0.130775631306809,"singlet"
"CID3838_GTTACGACACTGAATC",0.0658286496821815,"singlet"
"CID3838_GTTAGACAGACTGAGC",0.0919589159959484,"singlet"
"CID3838_GTTAGTGGTATCCTCC",0.131170864254493,"singlet"
"CID3838_GTTAGTGTCTTTCAGT",0.118123996411821,"singlet"
"CID3838_GTTCCGTAGACTGAGC",0.0517959294423603,"singlet"
"CID3838_GTTGTGAGTAGCTTTG",0.00363676782228486,"singlet"
"CID3838_GTTTACTCAACTCGAT",0.119871633340853,"singlet"
"CID3838_GTTTACTTCAAATGCC",0.130435657888605,"singlet"
"CID3838_TAACACGAGTACCGGA",0.375968457451381,"doublet"
"CID3838_TAAGCACAGACTCTAC",0.151697824368801,"singlet"
"CID3838_TAAGCACGTAACGCGA",0.172048449665505,"singlet"
"CID3838_TAAGCCAAGATGGGCT",0.123616017447116,"singlet"
"CID3838_TACCTCGTCAGATTGC",0.126209177128307,"singlet"
"CID3838_TACGCTCCATTCACAG",0.15098189018939,"singlet"
"CID3838_TACGGTATCTCTCCGA",0.336587172229288,"singlet"
"CID3838_TACGTCCTCTCGACGG",0.114656009070433,"singlet"
"CID3838_TACTTCATCATCACAG",0.208742450258065,"singlet"
"CID3838_TATCAGGTCCGACATA",0.162693693640058,"singlet"
"CID3838_TATCTTGAGGTTATAG",0.0685291006150116,"singlet"
"CID3838_TCACAAGAGACGCTCC",0.157764084289329,"singlet"
"CID3838_TCACACCGTGGGATTG",0.124859510509934,"singlet"
"CID3838_TCACGCTCATTGCAAC",0.167146329058187,"singlet"
"CID3838_TCAGCAAAGGACAGTC",0.195925120790143,"singlet"
"CID3838_TCAGTTTAGCAGATAT",0.0634200683300789,"singlet"
"CID3838_TCAGTTTAGGTGCTGA",0.088717482459604,"singlet"
"CID3838_TCATGAGAGTTTCGAC",0.344397977414679,"singlet"
"CID3838_TCATTCACAGCTGCCA",0.203346084329253,"singlet"
"CID3838_TCCATCGAGTCAACAA",0.245278956291066,"singlet"
"CID3838_TCCCAGTAGCATCCTA",0.0840988275367113,"singlet"
"CID3838_TCCCATGAGCGTGCCT",0.090958685138372,"singlet"
"CID3838_TCCTAATGTGTGTGTT",0.140460626133872,"singlet"
"CID3838_TCCTGCAAGTCCGCCA",0.158553948266163,"singlet"
"CID3838_TCCTTCTAGCTCGGCT",0.481333914058918,"doublet"
"CID3838_TCCTTTCTCGAAACAA",0.0632875111226191,"singlet"
"CID3838_TCGGATACATAATCGC",0.17513681265059,"singlet"
"CID3838_TCGTCCACATGCCGCA",0.133032496423351,"singlet"
"CID3838_TCGTGGGCAAAGCTCT",0.123673951307544,"singlet"
"CID3838_TCTATACAGGTGCAGT",0.17142340101817,"singlet"
"CID3838_TCTATCACATAATGCC",0.168714423252905,"singlet"
"CID3838_TCTCACGCACGGAAGT",0.0785889582382725,"singlet"
"CID3838_TCTCACGGTATCGCAT",0.194253609528465,"singlet"
"CID3838_TCTGGCTCACTCTAGA",0.16793418179334,"singlet"
"CID3838_TCTGGCTGTAACAGGC",0.125091289705016,"singlet"
"CID3838_TCTGGCTTCGGAGATG",0.147152805691801,"singlet"
"CID3838_TGACAGTCACAACGAG",0.0333848885340809,"singlet"
"CID3838_TGACAGTGTGTCACAT",0.0943839681412338,"singlet"
"CID3838_TGACGCGCAACCAATC",0.0682779716726103,"singlet"
"CID3838_TGACTCCCAACGATTC",0.182723107625211,"singlet"
"CID3838_TGAGGAGCAAATTAGG",0.0781204244656612,"singlet"
"CID3838_TGATTCTCAACACAAA",0.125978133535091,"singlet"
"CID3838_TGCAGATCATGAGGGT",0.0682329298747405,"singlet"
"CID3838_TGCAGGCGTGCGTGCT",0.188040660605059,"singlet"
"CID3838_TGCAGTAAGAAACTCA",0.155454559861928,"singlet"
"CID3838_TGCATCCCACGTCTCT",0.0928829340017142,"singlet"
"CID3838_TGCATCCGTGGATCAG",0.0999885054018575,"singlet"
"CID3838_TGCGATACAGGCTTGC",0.157448662832736,"singlet"
"CID3838_TGCGGGTAGCGAAACC",0.0641914925040742,"singlet"
"CID3838_TGCTCGTGTCGAAACG",0.214784686985954,"singlet"
"CID3838_TGCTTGCTCGCATTAG",0.174915612217731,"singlet"
"CID3838_TGGAACTGTAATGCTC",0.117828673848877,"singlet"
"CID3838_TGGAGAGAGGAGGTTC",0.0779783341969462,"singlet"
"CID3838_TGGAGGAGTCCTCATC",0.0663747114224817,"singlet"
"CID3838_TGGGAAGCATAGGTAA",0.211513119778618,"singlet"
"CID3838_TGGGAAGTCCACTGAA",0.275246994153522,"singlet"
"CID3838_TGGGATTCAACAGTGG",0.123474175292287,"singlet"
"CID3838_TGGGCTGAGCATCGAG",0.199722213065884,"singlet"
"CID3838_TGGGCTGCAACTACGT",0.123651408555402,"singlet"
"CID3838_TGGTACACACATGACT",0.151938802202651,"singlet"
"CID3838_TGTAAGCGTTGCTCCT",0.120997729722071,"singlet"
"CID3838_TGTCCCAGTTGAGGAC",0.0624103113558445,"singlet"
"CID3838_TGTGCGGAGTCGTTAC",0.201560631609538,"singlet"
"CID3838_TGTGTGAGTGTACATC",0.17070760634724,"singlet"
"CID3838_TGTTCTAGTGCGTCGT",0.130806749958455,"singlet"
"CID3838_TGTTTGTCAATTAGGA",0.0651222519229106,"singlet"
"CID3838_TTAATCCCAGAGACTG",0.0859835840949562,"singlet"
"CID3838_TTAATCCTCTCTCAAT",0.0956055223945225,"singlet"
"CID3838_TTACGTTTCATGGAGG",0.0942203458899659,"singlet"
"CID3838_TTCACGCGTGTTCATG",0.170106851803244,"singlet"
"CID3838_TTCCAATAGATGCTGG",0.0679761457057689,"singlet"
"CID3838_TTCGATTCATTCTGTT",0.0456576755012334,"singlet"
"CID3838_TTCGGTCAGTGCAGCA",0.143794750879219,"singlet"
"CID3838_TTCTCTCGTATAGCTC",0.231924478849083,"singlet"
"CID3838_TTGCCTGGTTCCGCGA",0.135075169517968,"singlet"
"CID3838_TTGGTTTGTCTCTCTG",0.0983854465664216,"singlet"
"CID3838_TTGTGGAAGGGACACT",0.125084680695593,"singlet"
"CID3838_TTTACCAGTCCGGCAT",0.0541787504747732,"singlet"
"CID3838_TTTACCATCTTTGCTA",0.229282011908368,"singlet"
"CID3838_TTTACGTAGTTGTCGT",0.0906494592797987,"singlet"
"CID3838_TTTACTGAGGAAAGGT",0.1403517163692,"singlet"
"CID3838_TTTCACAAGGTTATAG",0.18515238535162,"singlet"
"CID3838_TTTCAGTTCGAAGAAT",0.110515823820458,"singlet"
"CID3838_AACAAGAGTGGTACAG",0.229037797655086,"singlet"
"CID3838_CTATAGGAGCTGAAAT",0.249830891171016,"singlet"
"CID3838_TCTCTGGAGCTCGGCT",0.185567046725795,"singlet"
"CID3838_CAGCAATAGTTGCGAG",0.395578646790397,"doublet"
"CID3838_GTTGAACTCATCCTGC",0.226585539059394,"singlet"
"CID3838_ATCACAGTCCTCACGT",0.178442286863352,"singlet"
"CID3838_CGATCGGTCGTACCTC",0.129594312321781,"singlet"
"CID3838_CGCCAGATCCTAGCCT",0.391042397889709,"doublet"
"CID3838_TAACTTCTCACCATCC",0.208467005109888,"singlet"
"CID3838_TGAGACTCAAGGTACG",0.0946078314495057,"singlet"
"CID3838_AATGACCGTATTGCCA",0.158032824303787,"singlet"
"CID3838_ACAAGCTAGCGCCTTG",0.143429730087298,"singlet"
"CID3838_ACAGAAACAATTCTCT",0.18767624061663,"singlet"
"CID3838_ACAGGGAAGGTAAGTT",0.188995635202366,"singlet"
"CID3838_ACTCCCAGTACCAATC",0.142648452101262,"singlet"
"CID3838_ACTGTCCCACCGTGAC",0.0961235298260998,"singlet"
"CID3838_AGGTTACTCGGTGAAG",0.22431260700362,"singlet"
"CID3838_ATAGACCAGTTAACGA",0.0590194254657709,"singlet"
"CID3838_CAGATCAGTTATGTGC",0.198630967390344,"singlet"
"CID3838_CATACCCCATGAGATA",0.191316845895797,"singlet"
"CID3838_CATCGCTTCGCAACAT",0.16021902892799,"singlet"
"CID3838_CCACGAGAGATGCAGC",0.126890847679782,"singlet"
"CID3838_CCGGTAGAGTGAATAC",0.101551813568968,"singlet"
"CID3838_CCTCAACAGTAGTCTC",0.145487397793831,"singlet"
"CID3838_CGAAGGATCTCTTGCG",0.116616700570514,"singlet"
"CID3838_CGTTAGATCTAGACAC",0.135120925630048,"singlet"
"CID3838_CTCAACCAGCATCCTA",0.228510624801918,"singlet"
"CID3838_CTCCGATTCAGCAGAG",0.0352748062253904,"singlet"
"CID3838_GAATCACGTACAGAGC",0.153182993575579,"singlet"
"CID3838_GACATCATCCTTATAC",0.159249920677452,"singlet"
"CID3838_GACCTTCTCTCTAGGA",0.146513792866888,"singlet"
"CID3838_GGCTTGGCACCCAAGC",0.232192973623526,"singlet"
"CID3838_GTACAACGTCGCCTAG",0.102963293987755,"singlet"
"CID3838_GTATTGGTCATTACGG",0.187565185680811,"singlet"
"CID3838_GTCAGCGAGTCACACT",0.107993350427602,"singlet"
"CID3838_GTGAGGACATCAACCA",0.175070387575259,"singlet"
"CID3838_GTGAGTTGTAAGACCG",0.120582275801663,"singlet"
"CID3838_GTGGCGTCACAGTATC",0.173794465644088,"singlet"
"CID3838_TAACTTCTCCAGCACG",0.132374606631079,"singlet"
"CID3838_TACCGGGTCGAGAAGC",0.142162340302018,"singlet"
"CID3838_TCCATCGAGCATCCCG",0.416399955011371,"doublet"
"CID3838_TCGCACTGTCCGCAGT",0.0827878968005419,"singlet"
"CID3838_TCGGGTGAGTTGTCAC",0.0369908504462821,"singlet"
"CID3838_TGTGGCGAGGTGAGAA",0.276666251430586,"singlet"
"CID3838_TTGTTGTGTGCCCTTT",0.200793075871469,"singlet"
"CID3838_TTTCATGCATAGGCGA",0.150897298877797,"singlet"
"CID3838_AAGCGTTGTCACTCTC",0.313575390438255,"singlet"
"CID3838_AAGTACCCATGTACGT",0.234908067748605,"singlet"
"CID3838_ACGTACACATAAGCGG",0.244320733278861,"singlet"
"CID3838_ACGTTCCCAGCAGGAT",0.177021149820294,"singlet"
"CID3838_AGATAGACAAACGGCA",0.251608796149548,"singlet"
"CID3838_AGGAGGTGTAACCAGG",0.30424607473215,"singlet"
"CID3838_ATACCGATCTGCGGCA",0.261684225776431,"singlet"
"CID3838_ATCACAGTCACGGGCT",0.398631344064217,"doublet"
"CID3838_ATCCCTGGTGTGCCTG",0.145321899428809,"singlet"
"CID3838_ATCCCTGTCCTCACTG",0.108304999819519,"singlet"
"CID3838_ATCGTCCAGCGACTAG",0.131847821972574,"singlet"
"CID3838_ATGAGGGCAGAATTCC",0.400157687910364,"doublet"
"CID3838_ATTCCCGCAGAATGTA",0.156597715783819,"singlet"
"CID3838_CACCGTTTCTCCCATG",0.297690565173794,"singlet"
"CID3838_CACGGGTCAGACCTGC",0.300601386589329,"singlet"
"CID3838_CACTGTCGTCGATTAC",0.184229703922526,"singlet"
"CID3838_CATGGTATCTTGTTAC",0.209781247672446,"singlet"
"CID3838_CCAAGCGTCCGTACGG",0.090017822763703,"singlet"
"CID3838_CCAATGACACTACCCT",0.336229860655338,"singlet"
"CID3838_CCACACTGTTACCTGA",0.176751810885232,"singlet"
"CID3838_CCGGTGAGTTCGCGTG",0.150609192811114,"singlet"
"CID3838_CCGTGAGAGAAGTATC",0.0620204600938155,"singlet"
"CID3838_CCTTCAGGTAGACGTG",0.350514000405585,"singlet"
"CID3838_CGAGGCTGTATGACAA",0.275608592724208,"singlet"
"CID3838_CGATCGGTCACTGTTT",0.161808479248058,"singlet"
"CID3838_CGCGTGAGTCACAGAG",0.178988455596028,"singlet"
"CID3838_CGGAATTCATGTCTAG",0.127530136251951,"singlet"
"CID3838_CGGACACTCACCGGGT",0.198385267826685,"singlet"
"CID3838_CGTGAATAGGATTCCT",0.132262840397483,"singlet"
"CID3838_CTCAACCGTGGTTTGT",0.143844639655531,"singlet"
"CID3838_CTCCCAAGTAACCAGG",0.162721653161475,"singlet"
"CID3838_CTGATCCGTCGCTCGA",0.0459765281896857,"singlet"
"CID3838_CTGCTCAGTCGCTGCA",0.308925927388104,"singlet"
"CID3838_CTGGCAGAGCATTTCG",0.326683341428842,"singlet"
"CID3838_CTGTACCAGCTCCACG",0.259996825333115,"singlet"
"CID3838_CTGTCGTAGCGGTAAC",0.261693629150109,"singlet"
"CID3838_CTTTCGGCATACATCG",0.100804795053553,"singlet"
"CID3838_GAATAGACACGAGGTA",0.320926970539378,"singlet"
"CID3838_GAGGGATTCGTTGTTT",0.0186695997962712,"singlet"
"CID3838_GAGTCATCATAATCCG",0.112510294856555,"singlet"
"CID3838_GAGTGAGCAACGTATC",0.0372875807883486,"singlet"
"CID3838_GATCCCTTCCCAATAG",0.143776710511343,"singlet"
"CID3838_GATGCTAGTCAATGGG",0.240518481693413,"singlet"
"CID3838_GCTGCAGTCTCACGAA",0.160148494673034,"singlet"
"CID3838_GGAGATGAGAGCATTA",0.201311950234164,"singlet"
"CID3838_GGTGATTTCTAGAACC",0.171783122588758,"singlet"
"CID3838_GTAACCATCTAGAGCT",0.336928408248072,"singlet"
"CID3838_GTAGGAGAGTTGAAGT",0.307854810139248,"singlet"
"CID3838_GTCACTCAGTGGAAAG",0.0482800776325666,"singlet"
"CID3838_GTCCACTGTGCTCTTC",0.128562719630156,"singlet"
"CID3838_GTGACGCGTGTCACAT",0.501393195779883,"doublet"
"CID3838_GTGATGTTCTATTTCG",0.333523774145217,"singlet"
"CID3838_GTTTACTTCCCGTTGT",0.0742145577817042,"singlet"
"CID3838_TAATCTCTCAAACCCA",0.116544907274304,"singlet"
"CID3838_TACACCCTCCACGGGT",0.421471109391734,"doublet"
"CID3838_TCAGTGACATACGCAT",0.315394714726808,"singlet"
"CID3838_TCATACTAGATGACAT",0.242675381024529,"singlet"
"CID3838_TCATGCCGTTCGGGTC",0.256839254974815,"singlet"
"CID3838_TCCTAATTCCAGTACA",0.289755913768352,"singlet"
"CID3838_TCTTCCTTCAGAGTTC",0.119778399047999,"singlet"
"CID3838_TCTTTGAGTCGCTTGG",0.27951446152176,"singlet"
"CID3838_TGAGCGCGTGCCTATA",0.177834798570403,"singlet"
"CID3838_TTCCACGAGCACTGGA",0.35464242154623,"singlet"
"CID3838_GGGAAGTTCATATGGC",0.0465441769486166,"singlet"
"CID3838_TGAGGGATCTACTGAG",0.0831274627916561,"singlet"
"CID3838_ATTGTTCGTTCGTTCC",0.1421333586965,"singlet"
"CID3838_GGACGTCGTCTCAAGT",0.0946945444294878,"singlet"
"CID3838_GAATCACTCTGTCGTC",0.0624677637749094,"singlet"
"CID3838_CTCATCGTCACGGAGA",0.162163065067968,"singlet"
"CID3838_AACTTCTTCCAGTGTA",0.0804976066236754,"singlet"
"CID3838_AATCGTGAGCTGGCCT",0.124136434375075,"singlet"
"CID3838_AATTTCCGTACAAACA",0.0303156668354009,"singlet"
"CID3838_ACGGGTCAGAGCAGCT",0.160491168031567,"singlet"
"CID3838_AGAACAAAGGATGGCT",0.0491943039046772,"singlet"
"CID3838_AGATCGTGTATGTCCA",0.0942188402622186,"singlet"
"CID3838_AGGACTTAGGCTCCCA",0.500047081707595,"doublet"
"CID3838_ATCGTCCAGAGAGGTA",0.0456872424251255,"singlet"
"CID3838_ATGTCCCCATCGGAGA",0.109350573952962,"singlet"
"CID3838_CAACCTCCACAGAGCA",0.367133119641989,"doublet"
"CID3838_CAACGATTCAGGAGAC",0.177786822219787,"singlet"
"CID3838_CACTGGGAGCGCGTTC",0.031935668656019,"singlet"
"CID3838_CATAAGCGTATTGCCA",0.0151646480406393,"singlet"
"CID3838_CATCCGTAGTAAACAC",0.323480162757039,"singlet"
"CID3838_CATGCGGCACCCTGTT",0.108440118834482,"singlet"
"CID3838_CCACAAAAGGCGTTAG",0.0303607860651183,"singlet"
"CID3838_CCACCATGTAGACAGC",0.0336531551108313,"singlet"
"CID3838_CCGATGGGTTGGCTAT",0.106876669061649,"singlet"
"CID3838_CCGGTAGCACTTGGGC",0.0342659179383125,"singlet"
"CID3838_CCTCTCCGTGGACTAG",0.0807089281550358,"singlet"
"CID3838_CCTGCATCATCCGCGA",0.0705971961303734,"singlet"
"CID3838_CGCATAAAGTACGAGC",0.0213438924220982,"singlet"
"CID3838_CGCATAACAATCCAGT",0.0932782214686959,"singlet"
"CID3838_CGGGACTCAAGAATGT",0.167202978032457,"singlet"
"CID3838_CTCAAGAAGCTAGCCC",0.132664982095841,"singlet"
"CID3838_CTCCAACGTTACACTG",0.226788877600563,"singlet"
"CID3838_CTCCCTCTCACGAGGA",0.0467091918099927,"singlet"
"CID3838_CTCGAGGGTAGCGTCC",0.0438977081268825,"singlet"
"CID3838_GAAGGACCAAACACCT",0.0660871342301277,"singlet"
"CID3838_GACCAATCATGAAGCG",0.0973091400128493,"singlet"
"CID3838_GACTGATCAGTGGTGA",0.0607004945233991,"singlet"
"CID3838_GACTTCCTCGGATTAC",0.228312041654334,"singlet"
"CID3838_GAGGGTAAGTCCCGGT",0.0911867204622074,"singlet"
"CID3838_GATGCTACACGCTGCA",0.0324468339529758,"singlet"
"CID3838_GCAGTTATCTATCGTT",0.317358904919506,"singlet"
"CID3838_GCCAGCACAACCCGCA",0.0758062916120535,"singlet"
"CID3838_GCCCGAAAGTTGTACC",0.0475729142028976,"singlet"
"CID3838_GCTACCTTCGACATTG",0.200291028446793,"singlet"
"CID3838_GCTGCAGAGCTGTTAC",0.0503220233214371,"singlet"
"CID3838_GGGTTATGTCTCCTGT",0.0609101536853779,"singlet"
"CID3838_GGTAACTGTATGTCAC",0.0636057393509647,"singlet"
"CID3838_GGTAGAGCAGGCACTC",0.0909760798915396,"singlet"
"CID3838_GTAACACTCCACGTAA",0.0371368959163504,"singlet"
"CID3838_GTGAGGACAACGTTAC",0.0475672248851439,"singlet"
"CID3838_GTGCTGGTCACTGGGC",0.33519038489252,"singlet"
"CID3838_GTGTCCTAGGGTAGCT",0.113596744145168,"singlet"
"CID3838_TAGGTTGAGTGGCGAT",0.261190458550309,"singlet"
"CID3838_TATCTTGAGCATAGGC",0.111716291536284,"singlet"
"CID3838_TATTGGGCACAGAAGC",0.315295197321246,"singlet"
"CID3838_TCATACTAGAGTCTTC",0.0163583931393006,"singlet"
"CID3838_TCATTCAAGACGCTCC",0.0495227281951754,"singlet"
"CID3838_TCCTCTTAGTTCAACC",0.112047693835932,"singlet"
"CID3838_TCTACATAGTCTGCAT",0.0456055616226255,"singlet"
"CID3838_TGAATGCGTGCAAGAC",0.113239826103839,"singlet"
"CID3838_TGCGGGTAGTTGCCTA",0.142453566768829,"singlet"
"CID3838_TGCTCCAAGAAAGCGA",0.303539824850109,"singlet"
"CID3838_TGGAGAGCATTAAAGG",0.0606564278512753,"singlet"
"CID3838_TGTCCACAGCACTAGG",0.0758585372875485,"singlet"
"CID3838_TTATTGCGTAGTTAGA",0.0454954683946578,"singlet"
"CID3838_TTCAGGAAGATCCGAG",0.106201625387899,"singlet"
"CID3838_TTCATGTCAACGTATC",0.0431723306219201,"singlet"
"CID3838_TTCGCTGCACGAAAGC",0.01528800632852,"singlet"
"CID3838_TTCGGTCAGTGAGTGC",0.0627433580283605,"singlet"
"CID3838_TTGACCCCAGTCCCGA",0.0865810121777835,"singlet"
"CID3838_TTGCATTCATAACTCG",0.201338767499494,"singlet"
"CID3838_TTTGACTCAAAGGGCT",0.110028351758169,"singlet"
"CID3838_AGTCACATCTACACAG",0.392856288415401,"doublet"
"CID3838_GTCCCATTCATCCTAT",0.403843607738246,"doublet"
"CID3838_GTTAGACCAACGTATC",0.187730323567253,"singlet"
"CID3838_TGGTACATCATCAGTG",0.137617435958367,"singlet"
"CID3838_TTCTAGTTCTTTCCGG",0.240977469018015,"singlet"
"CID3838_CAACGGCGTCGCATCG",0.062435673028946,"singlet"
"CID3838_ACAGAAAGTAACGCGA",0.515816469228695,"doublet"
"CID3838_AGACCCGCACAAGTTC",0.34296733530239,"singlet"
"CID3838_AGCCACGGTCGTTATG",0.458449389315567,"doublet"
"CID3838_AGGTTACAGTATGATG",0.554570781109391,"doublet"
"CID3838_AGGTTGTGTCGGAAAC",0.260076517997279,"singlet"
"CID3838_ATGAGTCCAAGCTCTA",0.201215387607174,"singlet"
"CID3838_ATTGTTCTCTGAGAGG",0.210569811413112,"singlet"
"CID3838_CATACAGGTAGCCAGA",0.421891057695405,"doublet"
"CID3838_CATCAAGCAGCCTATA",0.38253841173035,"doublet"
"CID3838_CATGCCTCACGACTAT",0.0865881529065258,"singlet"
"CID3838_CGGAACCCACCTCGTT",0.132569216207344,"singlet"
"CID3838_CTCAACCGTCCGTACG",0.322089046940629,"singlet"
"CID3838_CTGCCTAAGACTGTTC",0.297086258337391,"singlet"
"CID3838_CTGTATTCATAGACTC",0.320012885099665,"singlet"
"CID3838_GACCAATAGGTATCTC",0.33253978497808,"singlet"
"CID3838_GATAGCTCACAAGTTC",0.285695625170613,"singlet"
"CID3838_GCAACATAGCGTATAA",0.344733727346992,"singlet"
"CID3838_GGCGTCAGTATCGAAA",0.445786510360477,"doublet"
"CID3838_GGGATCCCACAAGTTC",0.397398652668973,"doublet"
"CID3838_GGTGGCTCAGTTAGAA",0.240557014285877,"singlet"
"CID3838_GTACAGTAGGCTAGCA",0.601362821873857,"doublet"
"CID3838_GTGCAGCGTTCTAACG",0.360223024666586,"doublet"
"CID3838_GTTGCTCCAAATGCTC",0.262854911849255,"singlet"
"CID3838_GTTGTAGCACGATTCA",0.367193640228835,"doublet"
"CID3838_TCGATTTGTAAGATTG",0.124650594413758,"singlet"
"CID3838_TCTAACTCAGTTAGGG",0.178737521785448,"singlet"
"CID3838_TCTACCGAGTTCGGTT",0.17012202586577,"singlet"
"CID3838_TCTACCGGTAAGAACT",0.431683735267058,"doublet"
"CID3838_TGAGCGCAGACAGCTG",0.116538166349907,"singlet"
"CID3838_TGATGCAAGCACACAG",0.426055046413355,"doublet"
"CID3838_TGCGGGTAGCGCCTTG",0.30702165583979,"singlet"
"CID3838_TGGTACACAACTTCTT",0.340754207106435,"singlet"
"CID3838_TTACCATTCGTAACAC",0.402454632220482,"doublet"
"CID3838_TTATTGCAGTGTTGAA",0.189478203771222,"singlet"
"CID3838_CGCCATTTCTCGCTTG",0.0685132973135567,"singlet"
"CID3838_CTACCTGAGTGGTTGG",0.162684792183045,"singlet"
"CID3838_GAGCCTGAGGCAGCTA",0.0507484656162895,"singlet"
"CID3838_TCTGTCGCAACCGGAA",0.0371089939204124,"singlet"
"CID3838_AAGTTCGCAATGAGCG",0.123816872120775,"singlet"
"CID3838_ACTTTCATCATGAGGG",0.0606723472477225,"singlet"
"CID3838_AGACAGGGTAACCCTA",0.0972190474490073,"singlet"
"CID3838_AGGATCTCATCTTTCA",0.130636233418065,"singlet"
"CID3838_AGGCTGCCACAGAGAC",0.186550304020069,"singlet"
"CID3838_ATCACGATCGTCAGAT",0.172992467181274,"singlet"
"CID3838_ATGCGATTCGAACGCC",0.0583692578749771,"singlet"
"CID3838_ATGGGAGTCAAATAGG",0.0787807465236349,"singlet"
"CID3838_CACACAATCACCTCTG",0.487518859504757,"doublet"
"CID3838_CATCCGTCAGACCCGT",0.200590076722292,"singlet"
"CID3838_CATCGTCGTGACTAAA",0.0606511697273655,"singlet"
"CID3838_CCGATCTCACATTCTT",0.190404624790702,"singlet"
"CID3838_CCGGTAGGTACGATGG",0.12064607194067,"singlet"
"CID3838_CCTATCGAGTCTCCTC",0.170011189373533,"singlet"
"CID3838_CGAGGCTCATGTTCAG",0.136849643874696,"singlet"
"CID3838_GAAACCTGTGCTCTCT",0.0708667669828706,"singlet"
"CID3838_GAGAAATGTTGGCTAT",0.0454615838093933,"singlet"
"CID3838_GGGACAACACCTAAAC",0.254750049010396,"singlet"
"CID3838_GTTAGTGCACCACTGG",0.0619635812519006,"singlet"
"CID3838_GTTCTATAGCAGGTCA",0.322470246637579,"singlet"
"CID3838_TCTACATGTTTCTATC",0.0642104506607607,"singlet"
"CID3838_TGTCCACCACTACTTT",0.106147730796846,"singlet"
"CID3838_TGTCCCATCTCGAGTA",0.0950472364293957,"singlet"
"CID3838_AAACCCATCTTAGCTT",0.259586660050877,"singlet"
"CID3838_AAAGGATTCTCCTGCA",0.182657456469651,"singlet"
"CID3838_AAAGGGCAGGATACGC",0.13776607381654,"singlet"
"CID3838_AAATGGATCAAGTGTC",0.212720366618097,"singlet"
"CID3838_AACAAGAAGCGGGTAT",0.192920255348478,"singlet"
"CID3838_AATTCCTCAGTCCCGA",0.197945039910947,"singlet"
"CID3838_AATTCCTGTGTGAATA",0.261027950309928,"singlet"
"CID3838_ACCAACAGTAGTGCGA",0.327762433225733,"singlet"
"CID3838_ACCTACCAGGCGTCCT",0.0758582535954305,"singlet"
"CID3838_ACGGAAGGTGATGGCA",0.298390899005698,"singlet"
"CID3838_ACGGTTAAGTGCTACT",0.0456679510801242,"singlet"
"CID3838_ACTTCGCCAGGTGTGA",0.160845636412723,"singlet"
"CID3838_AGACACTTCTGGGCAC",0.337731334196199,"singlet"
"CID3838_AGAGAATTCGTTCATT",0.122290298615987,"singlet"
"CID3838_AGCGATTAGCTAATCC",0.258537095217292,"singlet"
"CID3838_AGGACTTCAAACTCTG",0.0455984270647904,"singlet"
"CID3838_AGGATAATCTAAACGC",0.153402829147289,"singlet"
"CID3838_AGGGCTCCATGAAGCG",0.264244996226747,"singlet"
"CID3838_AGGTTGTTCGTTACCC",0.214903229143706,"singlet"
"CID3838_AGTAGCTCACACAGCC",0.182668026691822,"singlet"
"CID3838_ATCACGATCAACACGT",0.177129651989393,"singlet"
"CID3838_ATCGTGATCAGCGCAC",0.0910901334584824,"singlet"
"CID3838_ATCTCTACACATCCCT",0.410116998139589,"doublet"
"CID3838_ATGAGTCTCCTTATCA",0.27424592333224,"singlet"
"CID3838_ATGCATGCATAACGGG",0.107765714610887,"singlet"
"CID3838_ATGGATCTCTCTATAC",0.171319374199927,"singlet"
"CID3838_ATTTCTGGTGCCCTTT",0.12382914447167,"singlet"
"CID3838_CAACGGCCACTCTAGA",0.15272482439304,"singlet"
"CID3838_CAAGCTAGTTCGGACC",0.259539645825079,"singlet"
"CID3838_CAAGCTATCCGAGAAG",0.243636859109206,"singlet"
"CID3838_CACGAATCAGGTCCGT",0.123867449145189,"singlet"
"CID3838_CACTGTCTCGTTCTGC",0.136388930683801,"singlet"
"CID3838_CAGATACGTGGCTCTG",0.250967141518141,"singlet"
"CID3838_CAGATCACAGGGACTA",0.179639598490986,"singlet"
"CID3838_CAGTTCCGTTCGAACT",0.152995080848803,"singlet"
"CID3838_CAGTTCCTCCACGTCT",0.206603136015592,"singlet"
"CID3838_CATCGGGTCGTCCTCA",0.197667584507574,"singlet"
"CID3838_CATGCAATCGTAGTGT",0.249412760755202,"singlet"
"CID3838_CATGCCTCACTTCATT",0.294636285540095,"singlet"
"CID3838_CCAAGCGGTGTACAGG",0.0920737962581498,"singlet"
"CID3838_CCCTAACTCCTGCCAT",0.227797426830803,"singlet"
"CID3838_CCCTCTCAGACGTCCC",0.15287340831397,"singlet"
"CID3838_CCCTGATTCAGTCATG",0.075866364957399,"singlet"
"CID3838_CCGGACACAGAAATTG",0.279886334838004,"singlet"
"CID3838_CCGGTGAAGCCACTCG",0.261012467134221,"singlet"
"CID3838_CCGGTGAAGGAACGAA",0.1073024523023,"singlet"
"CID3838_CCGTTCACAGAATGTA",0.156598909394457,"singlet"
"CID3838_CCTTTGGGTATGACAA",0.219705215745646,"singlet"
"CID3838_CGGACACCAGCAAGAC",0.122259997963462,"singlet"
"CID3838_CGGAGAATCGGCATAT",0.0466373770292217,"singlet"
"CID3838_CGTCCATCACCAGACC",0.169865763511417,"singlet"
"CID3838_CGTGATACAGCCATTA",0.244504483361772,"singlet"
"CID3838_CGTTCTGAGGAAGTCC",0.113164609566725,"singlet"
"CID3838_CTACCCAGTCTAGGTT",0.137869097494302,"singlet"
"CID3838_CTATAGGCAAAGGGCT",0.257855687317121,"singlet"
"CID3838_CTCAGTCAGCACCGAA",0.183454969124703,"singlet"
"CID3838_CTCATGCAGCTTGTTG",0.239920779242742,"singlet"
"CID3838_CTCCAACAGGAACGTC",0.167234493949497,"singlet"
"CID3838_CTCCCTCTCTCAAAGC",0.197092333532131,"singlet"
"CID3838_CTCTGGTAGTGTCATC",0.137218424501218,"singlet"
"CID3838_CTGCAGGTCTACAGGT",0.0768044668776827,"singlet"
"CID3838_CTGCCATAGGTGGGTT",0.106439852190067,"singlet"
"CID3838_CTGGCAGGTAGTGGCA",0.265141420642988,"singlet"
"CID3838_CTGTACCGTCGTTGCG",0.213986388111964,"singlet"
"CID3838_CTGTGAAGTACCCGAC",0.0614211647431938,"singlet"
"CID3838_CTGTGAATCCTCGATC",0.151515247593841,"singlet"
"CID3838_CTTCAATGTACGGGAT",0.122540510494525,"singlet"
"CID3838_CTTCGGTAGGATGAGA",0.182773404475982,"singlet"
"CID3838_GACTTCCTCGATGGAG",0.138073969468266,"singlet"
"CID3838_GAGGGATAGAGTAACT",0.213791507303214,"singlet"
"CID3838_GAGTCATTCAGCGGAA",0.0454545454969468,"singlet"
"CID3838_GAGTCTATCCACTGGG",0.77164260137492,"doublet"
"CID3838_GATCCCTCAACCGACC",0.0324885102085484,"singlet"
"CID3838_GATGACTCAGGGTCTC",0.183284549441284,"singlet"
"CID3838_GATTGGTGTCTAGGTT",0.13697322251153,"singlet"
"CID3838_GATTGGTTCAAGGACG",0.293862773045623,"singlet"
"CID3838_GCACGTGCAATTGTGC",0.192019423857322,"singlet"
"CID3838_GCATGATTCAAGCCCG",0.0923593035685555,"singlet"
"CID3838_GCCAGCACAATAAGGT",0.168063244628271,"singlet"
"CID3838_GCCAGTGGTATCAGGG",0.305611871659776,"singlet"
"CID3838_GCCCAGACACTGGACC",0.353249653636509,"singlet"
"CID3838_GCCCGAAAGTATGACA",0.136363636365705,"singlet"
"CID3838_GGAATCTGTTCCTAGA",0.1831091402301,"singlet"
"CID3838_GGAATCTTCGATCCAA",0.062233918635348,"singlet"
"CID3838_GGACGTCGTCAGGTAG",0.107573153361274,"singlet"
"CID3838_GGAGATGAGCTGGTGA",0.288781782195826,"singlet"
"CID3838_GGGACCTTCATCGCTC",0.0923375674030702,"singlet"
"CID3838_GGTAACTCATTATGCG",0.31526392160114,"singlet"
"CID3838_GGTCTGGTCTGCATAG",0.0606442590363559,"singlet"
"CID3838_GGTGTTAAGCCTCTTC",0.152357401236308,"singlet"
"CID3838_GTACAACAGCTCTGTA",0.1468226010062,"singlet"
"CID3838_GTACAGTTCGAACGCC",0.213544604007635,"singlet"
"CID3838_GTCAAGTTCACTTGGA",0.0629505751370304,"singlet"
"CID3838_GTCATTTTCCTAGCCT",0.122396393898479,"singlet"
"CID3838_GTGATGTCATCGGATT",0.183778538593968,"singlet"
"CID3838_GTGGCGTAGGTTACAA",0.136661562558484,"singlet"
"CID3838_GTTCGCTAGGCAGGTT",0.227771672573778,"singlet"
"CID3838_GTTCGCTAGTAACAGT",0.182550676913171,"singlet"
"CID3838_GTTGTAGGTCGCATGC",0.137289390781466,"singlet"
"CID3838_TAACACGCATTCGATG",0.228831343398089,"singlet"
"CID3838_TAACGACCAGCATGCC",0.151802650653641,"singlet"
"CID3838_TAAGCACTCTATTCGT",0.152934960493049,"singlet"
"CID3838_TAAGCCAGTCTGCCTT",0.283300428504271,"singlet"
"CID3838_TACAACGAGTCCTGCG",0.227623259403401,"singlet"
"CID3838_TACCCGTAGCGAGAAA",0.0462898682702315,"singlet"
"CID3838_TACCTCGCATGACTGT",0.15337832043236,"singlet"
"CID3838_TACTGCCTCACTAGCA",0.289201574104371,"singlet"
"CID3838_TCAAGTGCATTAGGAA",0.265628294328178,"singlet"
"CID3838_TCAGCAAAGATGTTAG",0.151839332233768,"singlet"
"CID3838_TCAGCAATCGATGCTA",0.333385232138288,"singlet"
"CID3838_TCATACTAGGCCTAGA",0.197139659484533,"singlet"
"CID3838_TCATACTTCTGTAAGC",0.186801034577443,"singlet"
"CID3838_TCATCATAGACCAAAT",0.248908149532283,"singlet"
"CID3838_TCATCATCAAATACAG",0.249738018126361,"singlet"
"CID3838_TCCACGTAGACAACAT",0.168703956197714,"singlet"
"CID3838_TCCATCGAGTTCACTG",0.122708474314341,"singlet"
"CID3838_TCCGAAACATCGTTCC",0.155252488501654,"singlet"
"CID3838_TCCGATCTCCGTATGA",0.0917143490613284,"singlet"
"CID3838_TCGACCTAGCAAGTCG",0.162380167127948,"singlet"
"CID3838_TCGCTCAGTTCCTAGA",0.197506099390271,"singlet"
"CID3838_TCGGGCACAAGGATGC",0.197298439779225,"singlet"
"CID3838_TCGTAGAAGTAGACCG",0.235796999285687,"singlet"
"CID3838_TCGTGCTTCCGCGAGT",0.323779742114839,"singlet"
"CID3838_TCTCAGCAGTATGACA",0.222796216899651,"singlet"
"CID3838_TCTCCGACATCCTCAC",0.259089496642001,"singlet"
"CID3838_TGACCCTCATCGGAGA",0.166980590089974,"singlet"
"CID3838_TGAGGTTTCCCATGGG",0.308976292406844,"singlet"
"CID3838_TGATTTCGTTTACACG",0.244864046995048,"singlet"
"CID3838_TGCGACGAGTATTCCG",0.357646396614754,"doublet"
"CID3838_TGCTCCACAGCTTTCC",0.271128592694421,"singlet"
"CID3838_TGCTCCATCTCGGTCT",0.198174864890528,"singlet"
"CID3838_TGCTGAAGTTCTCGTC",0.152638286091016,"singlet"
"CID3838_TGCTTGCCATAACAGA",0.172681773078527,"singlet"
"CID3838_TGGGATTTCATTACGG",0.106060951915926,"singlet"
"CID3838_TGTCCCAGTATGTCCA",0.183693953974739,"singlet"
"CID3838_TGTGATGTCAAAGCCT",0.183299331374782,"singlet"
"CID3838_TGTGTGATCGCCTTTG",0.183124066003834,"singlet"
"CID3838_TTACGTTTCACCTTGC",0.298501145035417,"singlet"
"CID3838_TTCATTGGTTCGGCGT",0.790427355635583,"doublet"
"CID3838_TTCTCTCGTACGCTTA",0.0913451460632293,"singlet"
"CID3838_TTGAACGAGTAACGTA",0.259712580683848,"singlet"
"CID3838_TTGTGGACATGAAAGT",0.151721145115681,"singlet"
"CID3838_TTGTTCACACATATGC",0.207826963589734,"singlet"
"CID3838_TTGTTCATCGCACGGT",0.226374016486136,"singlet"
"CID3838_TTTACGTAGATTGATG",0.169073086539944,"singlet"
"CID3838_TTTACGTTCGATACGT",0.204072072056186,"singlet"
"CID3838_TTTCACATCACTTGTT",0.2506570630562,"singlet"
"CID3838_TTTCACATCTCAATCT",0.213133790456668,"singlet"
"CID3838_TACTTCACACCAGCGT",0.360015636445497,"doublet"
"CID3838_ATGGGAGCATTGACTG",0.24770482455521,"singlet"
"CID3838_CCACGTTTCCGTCACT",0.229624409323162,"singlet"
"CID3838_GTAGAAATCTCAACCC",0.243434899398648,"singlet"
"CID3838_TACACCCAGGATCATA",0.258731782940632,"singlet"
"CID3838_TCTCAGCAGTAGCCAG",0.294357401782428,"singlet"
"CID3838_AACGAAAGTCCTGTCT",0.122478756919923,"singlet"
"CID3838_ACATGCAAGCTCGACC",0.190580380154701,"singlet"
"CID3838_ACGTAGTTCCAAACCA",0.188268917488013,"singlet"
"CID3838_CATACAGCAGTCACGC",0.14697437535418,"singlet"
"CID3838_CATCCACGTTTGGGAG",0.189362178249548,"singlet"
"CID3838_GAAGCCCCACTTCAAG",0.162886835640767,"singlet"
"CID3838_GAGCCTGAGCTGTGCC",0.224584454220619,"singlet"
"CID3838_GTCAAACTCTTACGGA",0.154376490226085,"singlet"
"CID3838_TGTCCACAGCTACGTT",0.277721418461366,"singlet"
"CID3838_TTCATGTGTCCCTCAT",0.292955870417594,"singlet"
"CID3838_GCCAACGCACGCAAAG",0.178903124436367,"singlet"
"CID3838_CGAGGCTGTGATCGTT",0.17608274191159,"singlet"
"CID3838_GGAATGGAGGATTTGA",0.334016857702828,"singlet"
"CID3838_ACCCTTGGTCGGATTT",0.28183110372324,"singlet"
"CID3838_CAATGACGTGGTGATG",0.182940811148051,"singlet"
"CID3838_CACTGGGCAAGGTCAG",0.7000439308093,"doublet"
"CID3838_CATAAGCGTCGTCTCT",0.166820926236288,"singlet"
"CID3838_CGGGACTAGTTACGTC",0.197378661670012,"singlet"
"CID3838_CTTAGGAGTATACAGA",0.291117422948586,"singlet"
"CID3838_GATCGTACACGCGTCA",0.122841427950169,"singlet"
"CID3838_TCGGTCTAGCGCTTCG",0.275345550164371,"singlet"
"CID3838_TGCGACGGTGCTATTG",0.168783868283871,"singlet"
"CID3838_TGGATGTAGTTCCAGT",0.355824068625093,"singlet"
"CID3838_TTGAGTGGTCCTGGGT",0.4031909632648,"doublet"
"CID3838_TTGTGGAGTTCAGGTT",0.182707790998188,"singlet"
"CID3838_ACAGGGATCCAAGCCG",0.319139090920846,"singlet"
"CID3838_ACATCCCTCAGCGCGT",0.235782642603173,"singlet"
"CID3838_AGGTGTTTCCATTTAC",0.302177213564407,"singlet"
"CID3838_ATACCGACATAGATGA",0.247371387083779,"singlet"
"CID3838_ATAGACCCACATACTG",0.333568113717243,"singlet"
"CID3838_ATCGTAGCAGCAGAAC",0.282479403257653,"singlet"
"CID3838_CAGCGTGTCGCATAGT",0.288789692361661,"singlet"
"CID3838_CGACAGCAGCGCTGAA",0.220842268328708,"singlet"
"CID3838_CGGCAGTTCCTAAGTG",0.287931484566385,"singlet"
"CID3838_CTCCGATAGCCTAACT",0.23712474031087,"singlet"
"CID3838_CTTTCGGAGGGCTGAT",0.257906544648481,"singlet"
"CID3838_CTTTCGGTCCATCTCG",0.2794018870198,"singlet"
"CID3838_GAACACTGTGCCTTTC",0.276011816606854,"singlet"
"CID3838_GCCAGTGCAAGTGATA",0.2601237345904,"singlet"
"CID3838_GCGGAAACAGCAGTAG",0.24535006261586,"singlet"
"CID3838_GTCATTTCACGACAGA",0.247435051726,"singlet"
"CID3838_TAACTTCAGTTTGGCT",0.25871044744154,"singlet"
"CID3838_TACCGGGGTCAGACTT",0.259709210709873,"singlet"
"CID3838_TATCTGTAGACCATGG",0.161429771034145,"singlet"
"CID3838_TCACATTTCACAAGGG",0.381626946151688,"doublet"
"CID3838_TCCTCCCCAGCATCTA",0.22613735053686,"singlet"
"CID3838_TCGCACTAGCTGTCCG",0.204546144015901,"singlet"
"CID3838_TCTCAGCTCCTGGGAC",0.257957486143979,"singlet"
"CID3838_TGCTCCAAGAGTGGCT",0.279811478753647,"singlet"
"CID3838_TGTAAGCTCCTCAGAA",0.250891648570649,"singlet"
"CID3838_TGTGGCGTCTACGCGG",0.24925741037455,"singlet"
"CID3838_TGTTCCGTCCAAACCA",0.392529386010522,"doublet"
"CID3838_TTAGGGTTCTGTTGGA",0.16250551019843,"singlet"
"CID3838_TGAATCGGTCGCGTCA",0.315953188198323,"singlet"
"CID3838_CAACAGTGTATCGATC",0.132838570975529,"singlet"
"CID3838_TCACACCTCTGGGCAC",0.160986321964489,"singlet"
"CID3838_CTGTCGTGTGCCTAAT",0.266063217437333,"singlet"
"CID3838_AGGAAATGTGGCACTC",0.204634920685182,"singlet"
"CID3838_ATACCGATCAAATGCC",0.151736216258567,"singlet"
"CID3838_ATGAAAGGTGGAACCA",0.128494981995302,"singlet"
"CID3838_CAGCAATCACGGTAGA",0.0909099730744018,"singlet"
"CID3838_CAGCCAGAGGCCCGTT",0.154647205681375,"singlet"
"CID3838_CCCAACTAGACCAGAC",0.114361756996481,"singlet"
"CID3838_CGCCAGAAGTTTGAGA",0.173977030675237,"singlet"
"CID3838_CTAGGTACAGCGACAA",0.122677870851667,"singlet"
"CID3838_CTCAGAACAGGTTACT",0.160899304357416,"singlet"
"CID3838_CTTAGGATCTAACGCA",0.171294472466025,"singlet"
"CID3838_CTTCCGATCATCTGTT",0.167225674037451,"singlet"
"CID3838_GATTCTTCATGCCATA",0.130604163423377,"singlet"
"CID3838_GCAGGCTAGGCTCTAT",0.0608197705910319,"singlet"
"CID3838_GCTACAAGTGGATACG",0.122508247463836,"singlet"
"CID3838_GGAATGGGTGACCGAA",0.17832594130839,"singlet"
"CID3838_GTAGAAACATTGCTGA",0.122825972628287,"singlet"
"CID3838_GTTCGCTAGATCGCCC",0.158532172231215,"singlet"
"CID3838_TAGGTACGTTTCACAG",0.11123693455088,"singlet"
"CID3838_TCCATCGTCTGAGGTT",0.181883307213389,"singlet"
"CID3838_TGAGCATGTCAGCGTC",0.166788021530195,"singlet"
"CID3838_TGGATGTAGGTGCATG",0.151515151962958,"singlet"
"CID3838_TGGGAAGAGCCTGGAA",0.151932914425604,"singlet"
"CID3838_TGTGGCGAGCACCGAA",0.136466380085251,"singlet"
"CID3838_ATCCTATCAACGTATC",0.197312165355333,"singlet"
"CID3838_CATCGTCGTTGCACGC",0.0988102204311108,"singlet"
"CID3838_CGCAGGTTCCTGTACC",0.213523831225751,"singlet"
"CID3838_TTTGATCTCGATTGAC",0.0873430820208189,"singlet"
"CID3838_CTCAAGAGTCACTCGG",0.11762343089319,"singlet"
"CID3838_GTGATGTCACAAGCAG",0.15000732121339,"singlet"
"CID3838_AGGATAAGTAAGGCCA",0.107642292141765,"singlet"
"CID3838_ATCGTAGAGCGTCAAG",0.0860029682211934,"singlet"
"CID3838_CCATAAGGTCTCGGAC",0.0757575757575758,"singlet"
"CID3838_GGACGTCTCCCAGGCA",0.0774789472953704,"singlet"
"CID3838_TAAGCACCATTCCTCG",0.136451527436541,"singlet"
"CID3838_TCATATCAGGAGCTGT",0.136987412054928,"singlet"
"CID3838_TCCTCCCCATCTTTCA",0.19898598980896,"singlet"
"CID3838_ATGGAGGCACTTGAAC",0.0759751789520343,"singlet"
"CID3838_TCGTAGAAGAGGTGCT",0.0909090909090909,"singlet"
"CID3838_CTGTATTCATTGAAAG",0.147310610545771,"singlet"
"CID3838_TACGTCCTCTACTTCA",0.146367171047772,"singlet"
"CID3838_ACCAACAGTCCTACGG",0.236547392785379,"singlet"
"CID3838_AGCGCCACAACCCTAA",0.118759750355631,"singlet"
"CID3838_ATAGACCCATCTCATT",0.16662497513339,"singlet"
"CID3838_CGAGAAGTCAGCAGAG",0.149519573116691,"singlet"
"CID3838_GTAGTACAGACTCTTG",0.177759717926736,"singlet"
"CID3838_GTGTTCCAGCAGTACG",0.254219089864412,"singlet"
"CID3838_TGGAGAGTCATTGAGC",0.18889626038018,"singlet"
"CID3838_TTGGTTTCAAGAAATC",0.139161390716216,"singlet"
"CID3838_AACCTGAAGCCTGGAA",0.227273992157255,"singlet"
"CID3838_AACGTCATCTTTGATC",0.318272596144572,"singlet"
"CID3838_AAGCCATGTTTCGTAG",0.244090756367782,"singlet"
"CID3838_AAGGAATTCTACTGAG",0.227846463689188,"singlet"
"CID3838_ACAACCACACGACGTC",0.11293468447668,"singlet"
"CID3838_ACACTGATCAGCGTCG",0.24704105175174,"singlet"
"CID3838_ACGGAAGAGGCGAAGG",0.217880453625113,"singlet"
"CID3838_ACTGATGCATGCTGCG",0.37919592971473,"doublet"
"CID3838_ATCCATTCACTAGGTT",0.279859419702836,"singlet"
"CID3838_ATCCGTCCAGAGATTA",0.175736859232984,"singlet"
"CID3838_ATCGTGACATTATGCG",0.214201997626393,"singlet"
"CID3838_CCAAGCGCAATTCTTC",0.160900126767426,"singlet"
"CID3838_CCACACTAGTGGTGAC",0.243313120497839,"singlet"
"CID3838_CCCGGAAAGTGAGGCT",0.194878544482464,"singlet"
"CID3838_CCCTAACCACCTGCTT",0.298171404315843,"singlet"
"CID3838_CCCTCAACAGCTAACT",0.206488233138072,"singlet"
"CID3838_CCGTGAGTCCGAACGC",0.190800236844324,"singlet"
"CID3838_CCGTTCAGTATGCGTT",0.138335246341118,"singlet"
"CID3838_CCTCATGGTCGAAACG",0.17087574330022,"singlet"
"CID3838_CGAAGGATCTAGTTCT",0.205086369373362,"singlet"
"CID3838_CGCATAACAGCTACAT",0.191473218005175,"singlet"
"CID3838_CGCCAGACAGATCATC",0.0824990719597364,"singlet"
"CID3838_CTCCGATAGCCGCTTG",0.0682344784876876,"singlet"
"CID3838_CTGATCCTCTGGGCAC",0.145485515327821,"singlet"
"CID3838_GAATCACTCCAACCGG",0.306666229332644,"singlet"
"CID3838_GTAACACTCGTCGACG",0.212748659691329,"singlet"
"CID3838_GTCCTCATCCTAAGTG",0.121467013704449,"singlet"
"CID3838_GTGCTGGCATAACAGA",0.223104002066582,"singlet"
"CID3838_TACCCACCATTGAGGG",0.195033938730692,"singlet"
"CID3838_TCGTAGATCCATTTCA",0.20472485899409,"singlet"
"CID3838_TGCTTGCAGCAACAAT",0.258953566278267,"singlet"
"CID3838_TGGTACAAGGCACAAC",0.278179686040812,"singlet"
"CID3838_TTCACCGTCCGATGCG",0.350828862885647,"singlet"
"CID3838_TTCACGCAGACGGTTG",0.147924718133885,"singlet"
"CID3838_TTCTTGACAAATTAGG",0.184154024435106,"singlet"
"CID3838_TTGGGATCAGCCTTCT",0.139239509764966,"singlet"
"CID3838_TTGGTTTGTTGTATGC",0.141793929072436,"singlet"
"CID3838_AGGAGGTTCCGATCTC",0.222552341111432,"singlet"
"CID3838_AGTAACCTCCCTAGGG",0.222785793025356,"singlet"
"CID3838_CAGCACGTCGGTGTAT",0.267792386078163,"singlet"
"CID3838_CTCATTATCGCCAGAC",0.0859114631992939,"singlet"
"CID3838_GTAACCAGTCCGGTCA",0.238188389508286,"singlet"
"CID3838_GTTACAGTCTCACCCA",0.085814011745526,"singlet"
"CID3838_TTCCGTGTCATTCGTT",0.177302887818154,"singlet"
"CID3838_TTCCTAAGTTAGGGTG",0.352549589078447,"singlet"
"CID3838_ATGGGTTTCGAGCCAC",0.197761411129827,"singlet"
"CID3838_ATTCTACAGCTTAGTC",0.257936520065308,"singlet"
"CID3838_CACGGGTGTCACAATC",0.198198324865609,"singlet"
"CID3838_CGTGCTTCATGACTTG",0.0613541214319886,"singlet"
"CID3838_GAATCACCAGCTGTAT",0.131511119734867,"singlet"
"CID3838_GCAGGCTCACTGCGTG",0.055913515696233,"singlet"
"CID3838_GCGAGAACAAACTGCT",0.138400074535517,"singlet"
"CID3838_GGGTTTAGTCGGAAAC",0.092726140406522,"singlet"
"CID3838_GTTGCGGTCACGGACC",0.0770936710655987,"singlet"
"CID3838_TTGTTCAGTGTTACTG",0.0850041830671157,"singlet"
"CID3838_TAACACGTCAAGAGGC",0.161484054276322,"singlet"
"CID3838_TCGATTTAGACCAGCA",0.12318599024422,"singlet"
"CID3838_ACTATTCGTTGCATGT",0.410806339009599,"doublet"
"CID3838_ACTTCCGGTTGCTTGA",0.333599683719092,"singlet"
"CID3838_AGCGTATTCCCAGGAC",0.273184832059557,"singlet"
"CID3838_ATACCTTAGTTCGCAT",0.285085594332611,"singlet"
"CID3838_ATTGTTCCATTGACTG",0.292682010776003,"singlet"
"CID3838_ATTTCTGTCACCTCAC",0.257778492843087,"singlet"
"CID3838_CATCCCAAGGTGGTTG",0.309359485765881,"singlet"
"CID3838_CCATCACTCGAATCCA",0.306340353877019,"singlet"
"CID3838_CCGGTAGCAGACCTAT",0.257888541781307,"singlet"
"CID3838_CTGTACCAGGGACTGT",0.252158295790575,"singlet"
"CID3838_GCCATGGTCACATCAG",0.292292152265894,"singlet"
"CID3838_GGGTCACCACCGAATT",0.286136244164388,"singlet"
"CID3838_GTAGGAGAGGGCATGT",0.18186652863941,"singlet"
"CID3838_GTGCTGGTCATTGAGC",0.261083894239583,"singlet"
"CID3838_TAAGCCATCATGCATG",0.259203646908701,"singlet"
"CID3838_TTGAGTGTCGACCACG",0.290405628294922,"singlet"
"CID3838_AAGACTCCAGACACAG",0.318427122089513,"singlet"
"CID3838_ACTATCTCAACGCATT",0.293479606655991,"singlet"
"CID3838_AGTACCAAGCCGCTTG",0.291430451121458,"singlet"
"CID3838_CAAGCTACAAGGCAAC",0.227388323259542,"singlet"
"CID3838_CCACAAACATACAGCT",0.322323901011924,"singlet"
"CID3838_GCGGATCTCGCTGACG",0.242528929226856,"singlet"
"CID3838_TACGCTCTCATGCGGC",0.212352183958976,"singlet"
"CID3838_CTTGATTTCGGAGTAG",0.257950578632743,"singlet"
"CID3838_CTGCCATGTGTAACGG",0.1596022122565,"singlet"
"CID3838_AGTAGTCAGGGCTAAC",0.132646623188592,"singlet"
"CID3838_CGGGTGTTCAAGTAAG",0.183705393165058,"singlet"
"CID3838_CTAGGTAGTGCTTATG",0.245718467614974,"singlet"
"CID3838_TACAACGCACATAACC",0.178382263740181,"singlet"
"CID3838_TGACAGTCAAGTTGGG",0.146530670558885,"singlet"
"CID3838_CGTGCTTCAGTTGTTG",0.138527682162939,"singlet"
"CID3838_TGTTACTTCCACAAGT",0.204424232598812,"singlet"
"CID3838_AACCAACCAGGTGACA",0.352140685648471,"singlet"
"CID3838_CATAAGCCATCACCAA",0.0913330005824589,"singlet"
"CID3838_CTGCCATCATTAGGAA",0.266627255860376,"singlet"
"CID3838_GACCCTTAGGCTCCCA",0.122689403769747,"singlet"
"CID3838_GATGTTGGTCGTCATA",0.186181000180237,"singlet"
"CID3838_GCATTAGCAGTAACGG",0.180540398197732,"singlet"
"CID3838_GCCAGGTAGGTTGGTG",0.184273056435801,"singlet"
"CID3838_GTGTCCTTCTTTGGAG",0.188044736943292,"singlet"
"CID3838_GTTTGGATCCGATCTC",0.182541425948874,"singlet"
"CID3838_TCCGATCCAGCAGGAT",0.206435998391488,"singlet"
"CID3838_TGGGCTGAGGTTGGAC",0.143415913184925,"singlet"
"CID3838_TTCATTGGTTTGGAGG",0.143592425467704,"singlet"
"CID3838_ATCCACCGTTCCGCTT",0.161208933021044,"singlet"
"CID3838_CAACAGTCATAGACTC",0.500033264114292,"doublet"
"CID3838_GATTCTTAGCGTCGAA",0.177402948022146,"singlet"
"CID3838_CAAAGAATCCACGTAA",0.0622079458788108,"singlet"
"CID3838_AAAGGTATCGAACTCA",0.18992381410931,"singlet"
"CID3838_AACCCAAGTATCTCTT",0.18483191822451,"singlet"
"CID3838_ACCGTTCGTGTTGACT",0.178466087314957,"singlet"
"CID3838_CAGTTCCGTGGCATCC",0.162821429607116,"singlet"
"CID3838_CATGGATCAAATGCTC",0.370044189430673,"doublet"
"CID3838_CTACAGAGTTTCCCAC",0.384349642105916,"doublet"
"CID3838_GGGCTCAAGCACGTCC",0.177892904287647,"singlet"
"CID3838_GTAGGTTGTCCAGCCA",0.117811251186159,"singlet"
"CID3838_GTCGCGATCCGCCTAT",0.289332656060282,"singlet"
"CID3838_TAACACGCAATACCTG",0.491407859967425,"doublet"
"CID3838_TAACCAGTCGCATTAG",0.227439474735232,"singlet"
"CID3838_TAACGACTCATCGCTC",0.178436843049126,"singlet"
"CID3838_TCCTGCACACACGGTC",0.396118312050852,"doublet"
"CID3838_TTCCGTGGTGCTCTCT",0.191890672800764,"singlet"
"CID3838_TTCGCTGAGCACTCAT",0.115762505448865,"singlet"
"CID3838_TTGAGTGAGGTGCTGA",0.234238341835548,"singlet"
"CID3838_CAGCGTGAGCATTGTC",0.383185052952962,"doublet"
"CID3838_CAGGCCATCCGAGTGC",0.296915855030295,"singlet"
"CID3838_CCGCAAGAGAAGGCTC",0.354093376021398,"singlet"
"CID3838_CGAGAAGGTTGGAGGT",0.273787281895386,"singlet"
"CID3838_CTGAGGCTCCCGTTCA",0.580863020151372,"doublet"
"CID3838_GGTTGTATCCCAGCGA",0.362057139891966,"doublet"
"CID3838_GTCTCACAGTGGAAGA",0.305565719047221,"singlet"
"CID3838_GTGGAAGTCTAGAACC",0.354400180710254,"singlet"
"CID3838_TCTTCCTGTCGTGATT",0.311711248183459,"singlet"
"CID3838_TTACCATGTTAAGAAC",0.32671080245434,"singlet"
"CID3838_GGCTTTCCACCAGTAT",0.277735823915372,"singlet"
"CID3838_TCAAGACAGTAACCTC",0.25027876499317,"singlet"
"CID3838_TCGGTCTCAAGACCGA",0.259710168381878,"singlet"
"CID3838_TGGTACATCCGCAACG",0.182046993966668,"singlet"
"CID3838_TTCCTTCGTCCACATA",0.296011366118294,"singlet"
"CID3838_AATTTCCCAACACGAG",0.276519025774665,"singlet"
"CID3838_ACGTAGTCAGCAGTGA",0.277501600805956,"singlet"
"CID3838_CACAGATCAGAGTTGG",0.268002229116293,"singlet"
"CID3838_CGAGAAGTCCCACAGG",0.263612492175697,"singlet"
"CID3838_CGCAGGTTCCTGTTGC",0.260757775255967,"singlet"
"CID3838_CTCGAGGTCTCTCCGA",0.272687993611987,"singlet"
"CID3838_CTCTCGAGTATGCTAC",0.145100555322316,"singlet"
"CID3838_GGGAAGTCACCTCTAC",0.255932226359241,"singlet"
"CID3838_GTAAGTCTCCCGAACG",0.287505359540248,"singlet"
"CID3838_TTACCATAGGGTTAAT",0.255420654660719,"singlet"
"CID3838_ACGTACATCAACACGT",0.32960948920511,"singlet"
"CID3838_ACTTATCTCACGATAC",0.225852387465842,"singlet"
"CID3838_CAAGGGACACAGTCCG",0.265506844603891,"singlet"
"CID3838_GATGTTGTCGCTTACC",0.23146161567797,"singlet"
"CID3838_TCAGTCCAGCCATGCC",0.258324511941482,"singlet"
"CID3838_TCGCTTGGTCGAATTC",0.838732439706649,"doublet"
"CID3838_TGATGGTCATCGATAC",0.25188471186857,"singlet"
