,mal_cpm_L1,mal_cpm_L2,mal_det_L1,mal_det_L2,nonmal_cpm_L1,nonmal_cpm_L2,normepi_cpm_L1,normepi_cpm_L2,ambient_share_L1,ambient_share_L2,lfc_vs_nonmal_L1,lfc_vs_nonmal_L2,lfc_vs_normepi_L1,lfc_vs_normepi_L2,mal_cpm,mal_det,lfc_vs_nonmal,lfc_vs_normepi,ambient_share,Protein class,Subcellular location,RNA tissue specificity,RNA tissue specific nTPM,fda_target,membrane,cd_marker,kinase_enzyme,secreted
ESRRG,3741.4058070211586,3736.5672109133448,0.9851246105919003,0.9785815157696532,340.9935191260348,347.6268612896776,1035.9147537991146,1160.3554903206752,0.06525324277533906,0.05252043867211365,3.451925114404079,3.422343886035374,1.851668712342807,1.6862898748321324,3738.9865089672517,0.9818530631807767,3.422343886035374,1.6862898748321324,0.06525324277533906,"FDA approved drug targets, Nuclear receptors, Predicted intracellular proteins, Transcription factors",Nucleoplasm,Tissue enhanced,kidney: 27.1;parathyroid gland: 43.5;retina: 33.5;stomach 1: 33.1,True,False,False,False,False
LINC01208,692.7303084446474,702.688227340514,0.742601246105919,0.7223442648674094,62.97837264163759,64.69627484301661,149.83495337623023,166.91577242175543,0.06731744292149854,0.05188201380363061,3.4387187144488918,3.4210529037635857,2.201404129165071,2.0671986272347724,697.7092678925808,0.7324727554866642,3.4210529037635857,2.0671986272347724,0.06731744292149854,,,,,False,False,False,False,False
LINC01883,30.154278183915327,27.946074803489076,0.15475077881619936,0.13776871175270672,0.8359960970128884,1.8011754470967754,5.32408463773407,9.84489810530461,0.1289793232127575,0.07303580874859832,4.084795394402918,3.3692634743819863,2.3005017102701966,1.4163512285701008,29.050176493702203,0.14625974528445304,3.3692634743819863,1.4163512285701008,0.1289793232127575,,,,,False,False,False,False,False
DPP10,621.6843236433751,621.3710499852558,0.5811526479750779,0.5691981798211203,60.609717033434414,56.17720178242375,241.86555925706202,175.41818442179124,0.06522380213536812,0.048118461286617766,3.337271144535943,3.444263031750033,1.3583430431530177,1.8187756786273712,621.5276868143155,0.5751754138980991,3.337271144535943,1.3583430431530177,0.06522380213536812,"Disease related genes, Enzymes, Potential drug targets, Predicted intracellular proteins, Predicted membrane proteins, Transporters",,Group enriched,adrenal gland: 10.1;brain: 20.3;pancreas: 16.3,False,True,False,True,False
ENSG00000226022,219.23527983566416,213.7794263518344,0.5338006230529595,0.5063549348815315,21.921675432782408,19.715569083086326,69.9736838102192,62.64935157921116,0.05901691330077958,0.05393335288855204,3.2642611898503984,3.3740684460289434,1.633689500121194,1.7546380826580679,216.50735309374926,0.5200777789672455,3.2642611898503984,1.633689500121194,0.05901691330077958,,,,,False,False,False,False,False
LINC02343,436.3742045962278,432.3863896178991,0.7046728971962617,0.6798995763376746,44.6793469625777,40.550787768422,188.62471287972133,140.51354568480215,0.0629184646957666,0.05282901715989616,3.259254204779158,3.382706112029122,1.2057211397815408,1.6147136921764669,434.3802971070635,0.6922862367669682,3.259254204779158,1.2057211397815408,0.0629184646957666,,,,,False,False,False,False,False
ENSG00000248515,1039.7282039853703,1032.3687691081623,0.9101246105919003,0.8867880119253099,108.72593683928733,107.97316599082832,357.474254247859,424.2256092649441,0.0625913814127054,0.050225962821066165,3.245616851288459,3.245310359243844,1.5376519314968764,1.281054796731606,1036.0484865467663,0.898456311258605,3.245310359243844,1.281054796731606,0.0625913814127054,,,,,False,False,False,False,False
ENSG00000289084,509.8105454892306,520.9314625197409,0.7047507788161994,0.6770751608347717,52.899975249871105,50.28687126624241,192.4276304781028,177.65566126390593,0.06503422868278541,0.052894417672743464,3.244431793613113,3.347198903479289,1.4009944156305092,1.5466787406382871,515.3710040044857,0.6909129698254856,3.244431793613113,1.4009944156305092,0.06503422868278541,,,,,False,False,False,False,False
ENSG00000287277,738.0959435759385,734.0538074582495,0.8574766355140186,0.8306919817982112,75.88986791772554,76.817698797803,220.56922070612575,257.75733221161164,0.07126651761023181,0.05359929828491495,3.2648962495729927,3.239679638974973,1.7380041724727449,1.5062501183201478,736.0748755170939,0.844084308656115,3.239679638974973,1.5062501183201478,0.07126651761023181,,,,,False,False,False,False,False
CARD18,223.60694712642257,213.52463968136112,0.4604361370716511,0.44790522516868037,22.85055998501895,20.54313618040106,34.9868419051096,50.56697663179186,0.06561261400619031,0.05664166404923958,3.2353075065616284,3.315843167850548,2.641861144764173,2.056623993012276,218.56579340389186,0.45417068112016573,3.2353075065616284,2.056623993012276,0.06561261400619031,Predicted intracellular proteins,,Tissue enriched,skin 1: 40.1,False,False,False,False,False
LINC01994,48.44625447945702,50.112515134663475,0.197196261682243,0.1944923897693394,4.3193131678999235,3.943113816617265,10.64816927546814,14.319851789533978,0.07312658261244634,0.04766233239066687,3.21654936050934,3.370184554499702,2.085758015368494,1.7382742448278703,49.27938480706025,0.1958443257257912,3.21654936050934,1.7382742448278703,0.07312658261244634,,,,,False,False,False,False,False
SHANK2,2940.623733638556,2813.4616939639295,0.9891744548286604,0.9826612270516241,297.9861643574829,306.93003226878835,953.7717336740748,1121.4233932678796,0.08179187777446438,0.06234356725089771,3.2984620915786946,3.1921845279236756,1.623384960956281,1.326242029965044,2877.042713801243,0.9859178409401422,3.1921845279236756,1.326242029965044,0.08179187777446438,"Disease related genes, Human disease related genes, Plasma proteins, Predicted intracellular proteins","Nucleoplasm,Nuclear speckles,Vesicles,Plasma membrane",Tissue enhanced,brain: 9.8,False,True,False,False,False
ENSG00000224326,149.08408073717868,154.6420991525125,0.46129283489096573,0.44923897693394005,16.02325852608036,14.214681906817795,32.70509134608071,46.53951831598543,0.05837472187302171,0.04858219902389955,3.140191836250755,3.35469626638078,2.1547325196199734,1.7110331525846454,151.86308994484557,0.45526590591245286,3.140191836250755,1.7110331525846454,0.05837472187302171,,,,,False,False,False,False,False
ENSG00000229642,206.2608871452555,200.46347036341564,0.5366043613707165,0.5139651655421309,20.89990242532221,22.149589957541426,69.21310029054291,77.864194105591,0.06683651585182164,0.05339990459620504,3.242451539560635,3.1214597262401798,1.5616357492431816,1.3530759289035799,203.36217875433556,0.5252847634564237,3.1214597262401798,1.3530759289035799,0.06683651585182164,,,,,False,False,False,False,False
ENSG00000226197,1059.9120129096614,1056.3723554316966,0.5820093457943926,0.5666091322767928,115.69257098106138,120.82479620795125,266.9648154063798,390.2159612648009,0.06354299080035976,0.04963967322622163,3.1845203882790813,3.1176037993892196,1.9851895228283147,1.4344463763683188,1058.142184170679,0.5743092390355926,3.1176037993892196,1.4344463763683188,0.06354299080035976,,,,,False,False,False,False,False
AQP4-AS1,70.06172052820683,64.82309289830431,0.28761682242990655,0.2614153459908991,7.105966824609552,6.620536778517877,32.70509134608071,26.84972210537621,0.1615898914466268,0.10584884910196597,3.1320164432817545,3.1106292899115124,1.0761060840814598,1.2409308855682646,67.44240671325556,0.27451608421040286,3.1106292899115124,1.0761060840814598,0.1615898914466268,,,,,False,False,False,False,False
ENSG00000243276,706.1904419451404,702.7418666395608,0.8637850467289719,0.8416758198650557,81.18450986547383,81.1989363718222,236.54147461932794,270.2872025274538,0.06827003895278409,0.05515326140234729,3.1051603705565447,3.0978547124965554,1.5739193468217694,1.3752253508685337,704.4661542923507,0.8527304332970138,3.0978547124965554,1.3752253508685337,0.06827003895278409,,,,,False,False,False,False,False
ENSG00000227088,575.7179038259274,577.0113496733835,0.7805295950155763,0.7658088812176369,60.052386302092486,66.64349154258069,187.10354584036875,220.61521663250784,0.06735462028026915,0.05727420940445017,3.2397462197966025,3.09507478724418,1.616338766005753,1.383040877679729,576.3646267496554,0.7731692381166066,3.09507478724418,1.383040877679729,0.06735462028026915,,,,,False,False,False,False,False
ENSG00000283982,77.20722349760432,77.37468887530325,0.2969626168224299,0.28581515769653226,8.174184059681576,7.4481038758326115,23.578089109965166,24.16474989483859,0.0643397594029858,0.05752859289349935,3.0916501088340875,3.2136883319010074,1.6699291122958018,1.638983551468894,77.29095618645378,0.2913888872594811,3.0916501088340875,1.638983551468894,0.0643397594029858,,,,,False,False,False,False,False
LINC02055,1210.2232283249475,1197.711908420552,0.9352803738317756,0.917699670484858,141.14400771234264,136.1591277170184,386.3764279955582,392.90093347533855,0.0634146312526245,0.0535352562335367,3.091039591595228,3.1275624318140443,1.6446567049174228,1.605580230317754,1203.9675683727496,0.9264900221583168,3.091039591595228,1.605580230317754,0.0634146312526245,,,,,False,False,False,False,False
ENSG00000248242,221.0120685883408,222.99197596315733,0.5170560747663552,0.5014906637376432,24.243886813373763,25.313817094333057,68.45251677086661,79.65417557928275,0.0656860305241417,0.05579486002573125,3.136632138705408,3.0895546049237583,1.676539224066809,1.4736259209589304,222.00202227574908,0.5092733692519992,3.0895546049237583,1.4736259209589304,0.0656860305241417,,,,,False,False,False,False,False
LINC02306,392.9515327052739,390.762293557424,0.6116043613707165,0.5933626235681783,41.98558176109173,45.17542742988669,120.17219610885472,159.75584652698845,0.06663732923909745,0.05451112733424458,3.1960934110983676,3.0847813264783532,1.7009594485617403,1.2851073395253678,391.85691313134896,0.6024834924694473,3.0847813264783532,1.2851073395253678,0.06663732923909745,,,,,False,False,False,False,False
RTL4,32.8769832509666,33.658660151995,0.10856697819314642,0.10191432606307861,2.6008767462623195,3.11554671930253,11.408752795144434,10.739888842150485,0.07261851875664617,0.050963479736942575,3.233885284493289,3.0740598836765436,1.4489472908929357,1.5617971347954633,33.2678217014808,0.10524065212811251,3.0740598836765436,1.4489472908929357,0.07261851875664617,Predicted intracellular proteins,"Nucleoplasm,Plasma membrane,Cytosol",Not detected,,False,True,False,False,False
ENSG00000249413,291.87909624905575,289.5583460804893,0.6253115264797507,0.6104660285579789,31.39629786559514,34.173653077349634,93.55177292018438,147.22597621114622,0.06543744599880667,0.051591856648416534,3.1764043654169454,3.0462608118651477,1.6311288117601521,0.9710295973411925,290.71872116477255,0.6178887775188648,3.0462608118651477,0.9710295973411925,0.06543744599880667,,,,,False,False,False,False,False
ENSG00000250905,39.933007650085415,38.63370513860462,0.16549844236760125,0.15589204456300015,3.994203574617133,3.6510313116826527,15.211670393525914,7.607421263189926,0.06460861605375808,0.04721084041554213,3.034938141154883,3.0911052857670267,1.3362319273854282,2.2030748594452074,39.28335639434502,0.1606952434653007,3.034938141154883,1.3362319273854282,0.06460861605375808,,,,,False,False,False,False,False
LINC01122,401.1452132122216,394.4365855421438,0.6996884735202492,0.6686019143260631,48.209108261076565,45.66223160477771,228.93563942256498,168.25825852702422,0.06345231948765787,0.05471898085854558,3.03071926941887,3.083119144006035,0.8064864502088203,1.224220126312917,397.7908993771827,0.6841451939231562,3.03071926941887,0.8064864502088203,0.06345231948765787,,,,,False,False,False,False,False
GRIP1,968.2603916384986,965.1319077527427,0.89898753894081,0.884277420367174,113.04525000718725,119.16966201332178,359.7560048068878,474.345090528313,0.06677381452772856,0.054377443129381094,3.087277937937573,3.007147456514378,1.4258608888193627,1.0232449162586765,966.6961496956206,0.8916324796539921,3.007147456514378,1.0232449162586765,0.06677381452772856,"Disease related genes, Human disease related genes, Potential drug targets, Predicted intracellular proteins, Transporters",,Tissue enhanced,parathyroid gland: 15.4,False,False,False,False,False
LINC00457,20.643984428581287,19.52470485310945,0.1073208722741433,0.09626549505727287,1.7184364216376038,1.314371272205755,4.563501118057774,3.5799629473834944,0.169744427764212,0.12566744121043455,2.9931171163904042,3.1486692503428486,1.9599011449064405,2.1639536442290823,20.08434464084537,0.10179318366570808,2.9931171163904042,1.9599011449064405,0.169744427764212,,,,,False,False,False,False,False
GALNT13,1379.823466961738,1346.6011927502732,0.9170560747663551,0.895731994351169,171.1934229771948,172.1826366589539,471.5617821993033,480.1625303178112,0.06569473856756342,0.05661358290592513,3.003426943934435,2.9600274130824764,1.5469540251864662,1.4857974058172019,1363.2123298560055,0.906394034558762,2.9600274130824764,1.4857974058172019,0.06569473856756342,"Enzymes, Metabolic proteins, Predicted intracellular proteins",,Tissue enhanced,brain: 19.8;retina: 9.2,False,False,False,True,False
LINC01781,25.25852212438181,24.030405973057785,0.13068535825545172,0.1187823630943041,2.4150998358150106,1.9958971170531834,6.084668157410365,3.5799629473834944,0.0838498731823427,0.07228658122724112,2.9427860616331984,3.0626217048063,1.8900135364438186,2.4502738587159247,24.644464048719797,0.1247338606748779,2.9427860616331984,1.8900135364438186,0.0838498731823427,,,,,False,False,False,False,False
KBTBD12,364.088302463951,355.36035618640136,0.7368380062305296,0.7199121292954652,42.35713558198635,45.71091202226681,92.03060588083177,105.60890694781308,0.06991049714432043,0.05810859124283703,3.0739040927971772,2.9315053322386335,1.9724681174808114,1.7410088738890412,359.7243293251762,0.7283750677629974,2.9315053322386335,1.7410088738890412,0.06991049714432043,Predicted intracellular proteins,,Tissue enhanced,heart muscle: 12.9;skeletal muscle: 55.0;tongue: 24.1,False,False,False,False,False
DLGAP1,1006.7361768583312,988.9075270553271,0.8908878504672897,0.8702337988388514,125.58519146238056,128.808384676164,476.8858668370374,539.6794143180617,0.06797033488051209,0.05833976537508258,2.992937447417655,2.930910187122849,1.0763799872790933,0.8725203323767624,997.8218519568292,0.8805608246530705,2.930910187122849,0.8725203323767624,0.06797033488051209,Predicted intracellular proteins,"Vesicles,Cytosol",Tissue enriched,brain: 51.7,False,False,False,False,False
PLEKHA7,768.735962569938,747.8659269628531,0.9185358255451713,0.8988702337988389,100.27308741393477,96.63062871586753,246.42906037511978,256.86234147476574,0.08170044454134354,0.06291641531352457,2.9261128131774594,2.9393017225148466,1.6373486987207027,1.5381063536330553,758.3009447663956,0.9087030296720051,2.9261128131774594,1.5381063536330553,0.08170044454134354,Predicted intracellular proteins,"Nucleoplasm,Cell Junctions,Cytosol",Low tissue specificity,,False,False,False,False,False
CAPN8,122.3044229180593,124.44317378904924,0.3812305295950156,0.3690569590459752,15.001485518620164,15.577733596512651,41.07151006251996,42.512060000179,0.09634449855378267,0.07293466781755432,2.945946799100228,2.9197152768607704,1.5513090435520827,1.5275467406862966,123.37379835355426,0.37514374432049535,2.9197152768607704,1.5275467406862966,0.09634449855378267,"Enzymes, Predicted intracellular proteins","Nucleoplasm,Nuclear membrane,Vesicles",Tissue enriched,stomach 1: 274.8,False,False,False,True,False
PPP1R3B-DT,198.37399030783465,192.00187093875078,0.554595015576324,0.5301270986976306,21.317900473828654,24.53493041450743,70.7342673298955,90.39406442143324,0.07221141706634214,0.05993758152883129,3.159203993550784,2.9180708002212734,1.474742851122702,1.0784424551368241,195.18793062329271,0.5423610571369772,2.9180708002212734,1.0784424551368241,0.07221141706634214,,,,,False,False,False,False,False
LINC01344,83.72637647505104,81.93402929429858,0.2542056074766355,0.23772163816099168,9.70684357087187,9.979485585265918,38.78975950349108,32.66716189487439,0.07174802639193956,0.05432732913183163,2.9842779407880187,2.9171537241406487,1.0904139909513142,1.300622077741125,82.8302028846748,0.2459636228188136,2.9171537241406487,1.0904139909513142,0.07174802639193956,,,,,False,False,False,False,False
LINC02613,1161.4446248701697,1124.9770189128146,0.932632398753894,0.9107170877137926,149.03952640635327,149.35152085656506,460.9136129238352,421.5406370544065,0.07711855065804353,0.06247810590866566,2.953747473073877,2.904766015998387,1.3314670233190602,1.4140153807723932,1143.2108218914923,0.9216747432338432,2.904766015998387,1.3314670233190602,0.07711855065804353,,,,,False,False,False,False,False
SHROOM3,1473.2646596384745,1432.8800052673791,0.946183800623053,0.9305664522203044,187.07734882043968,193.26125743173506,676.1587489922268,771.4820151611431,0.06819318343219635,0.05809932574963203,2.9705975271371434,2.8838541863840854,1.1224295447072457,0.8923510468114758,1453.0723324529267,0.9383751264216786,2.8838541863840854,0.8923510468114758,0.06819318343219635,"Plasma proteins, Predicted intracellular proteins",,Low tissue specificity,,False,False,False,False,False
IQCM,72.86112151263983,70.0797442049107,0.2680685358255452,0.24870547622783618,9.010180156694464,8.421712225614653,36.50800894446219,16.557328631648662,0.0998880671074017,0.08396641076958372,2.8833472296041753,2.9153773170603934,0.9776164869335979,2.017365135729751,71.47043285877527,0.2583870060266907,2.8833472296041753,0.9776164869335979,0.0998880671074017,Predicted intracellular proteins,,Tissue enriched,testis: 4.3,False,False,False,False,False
MDGA2,147.4734664721624,150.7532499716047,0.3809190031152648,0.3708614467283854,17.9739160857771,19.666888665597224,69.21310029054291,81.44415705297449,0.06188453246829454,0.04969139830315953,2.968115754709,2.8763342967268444,1.0803929942715198,0.8802382574643135,149.11335822188354,0.3758902249218251,2.8763342967268444,0.8802382574643135,0.06188453246829454,"Predicted intracellular proteins, Predicted membrane proteins",,Group enriched,brain: 3.4;retina: 4.1;testis: 3.5,False,True,False,False,False
LINC02568,61.49734308724741,59.52621211741267,0.24073208722741432,0.22414875254981956,7.245299507445033,7.253382205876203,25.859839668994052,20.137291579032155,0.0845327645740698,0.06821221704092534,2.922151053544241,2.87450270958944,1.2183441655374179,1.5177695371530469,60.51177760233004,0.23244041988861694,2.87450270958944,1.2183441655374179,0.0845327645740698,,,,,False,False,False,False,False
BRINP3,500.0190333701636,508.92966935797375,0.7357476635514019,0.7140279303310842,67.39057426476117,64.98835734795122,154.39845449428802,183.92059642182704,0.06661579700906019,0.05738433071285626,2.87299600285081,2.9500148708544423,1.6888932558759975,1.4633923602754253,504.47435136406864,0.7248877969412431,2.87299600285081,1.4633923602754253,0.06661579700906019,"Predicted intracellular proteins, Predicted secreted proteins",,Tissue enhanced,brain: 24.9;intestine: 16.8,False,False,False,False,True
ENSG00000240086,126.10087082845473,125.98530363665061,0.4289719626168224,0.41409069512003766,16.301923891751322,16.356620276338287,51.719679337988104,48.32949978967718,0.08489348594297552,0.05618579358741943,2.8769695422359653,2.8711035844111628,1.2695604145244113,1.3641389762151679,126.04308723255267,0.42153132886843003,2.8711035844111628,1.2695604145244113,0.08489348594297552,,,,,False,False,False,False,False
PLCH1,487.90107842385083,471.89173336601755,0.7624610591900312,0.7366232543543072,65.30058402222895,64.35551192059289,143.7502852188199,161.5458280006802,0.07853060797137497,0.06671975442627995,2.8824491038832982,2.8551291026628713,1.7559763967314448,1.5406633948008113,479.8964058949342,0.7495421567721692,2.8551291026628713,1.5406633948008113,0.07853060797137497,"Disease related genes, Enzymes, Human disease related genes, Metabolic proteins, Potential drug targets, Predicted intracellular proteins",Vesicles,Tissue enhanced,lymphoid tissue: 15.5;retina: 11.5;testis: 10.5,False,False,False,True,False
ENSG00000286708,22.024510941452355,21.5361785673721,0.11830218068535825,0.11132904440608818,2.1828786977558754,1.6064537771403673,9.887585755791843,7.607421263189926,0.10140733673489084,0.06251033873498908,2.854766431890005,3.112082719675534,1.0804864304559536,1.3885899163462536,21.780344754412226,0.11481561254572321,2.854766431890005,1.0804864304559536,0.10140733673489084,,,,,False,False,False,False,False
KCNK2,388.0174286870495,395.6568795954631,0.7261682242990655,0.7109681468696062,52.946419477482934,53.597139655501344,118.65102906950212,152.59592063222144,0.06728621787564344,0.061135754391190775,2.8502356783211416,2.8609942957938705,1.7010019870573718,1.368751671327558,391.8371541412563,0.7185681855843358,2.8502356783211416,1.368751671327558,0.06728621787564344,"FDA approved drug targets, Predicted membrane proteins, Voltage-gated ion channels",,Tissue enriched,adrenal gland: 50.1,True,True,False,False,False
LINC01956,195.20389238938998,194.2010821996779,0.5388629283489097,0.5179664208379099,26.240988600682332,24.729652084463837,72.25543436924808,64.43933305290291,0.0905465420236978,0.0737940075171615,2.84850269658474,2.9234571970204906,1.4213459694632589,1.5767311015075915,194.70248729453394,0.5284146745934097,2.84850269658474,1.4213459694632589,0.0905465420236978,,,,,False,False,False,False,False
ENSG00000279110,21.18085585025337,19.81972099786797,0.11440809968847351,0.10473874156598148,1.8577691044730855,1.8985362820749794,8.366418716439252,5.817439789498179,0.1127186664104369,0.07887943044877842,2.956353770424177,2.8445542858173853,1.2437455942481943,1.6106487767497744,20.50028842406067,0.1095734206272275,2.8445542858173853,1.2437455942481943,0.1127186664104369,,,,,False,False,False,False,False
LINC00871,103.25827010159729,104.56981349213427,0.2837227414330218,0.2815000784559862,13.60815869026535,13.484475644481263,34.226258385433304,39.37959242121844,0.0671267030396715,0.058348378671036996,2.8353155796135416,2.865618007783344,1.565438677550624,1.3864991173960848,103.91404179686577,0.28261140994450396,2.8353155796135416,1.3864991173960848,0.0671267030396715,,,,,False,False,False,False,False
PDE4B,5013.292552921013,4926.836666591124,0.9850467289719627,0.981405931272556,672.6053042744805,690.0935983255105,1748.5815117358036,2109.493166745724,0.06429098301274287,0.05209725713529666,2.896070766951132,2.834001418125954,1.5190362906887342,1.2233742804074066,4970.064609756069,0.9832263301222594,2.834001418125954,1.2233742804074066,0.06429098301274287,"Enzymes, FDA approved drug targets, Metabolic proteins, Plasma proteins, Predicted intracellular proteins","Golgi apparatus,Primary cilium,Cytosol",Tissue enhanced,bone marrow: 71.3,True,False,False,True,False
GPR156,106.01932312733943,101.32463589979052,0.3598130841121495,0.3391652283069198,12.447052999969673,13.581836479459469,30.423340787051828,44.30204147387075,0.06319924325809631,0.057216991133388524,2.992509371856225,2.810909199784793,1.7679628346745155,1.175505563363511,103.67197951356498,0.3494891562095347,2.810909199784793,1.175505563363511,0.06319924325809631,"G-protein coupled receptors, Predicted membrane proteins, Transporters",Plasma membrane,Tissue enhanced,testis: 2.5,False,True,False,False,False
SOX6,2194.832633018651,2203.7974209956824,0.9815420560747663,0.9734034206809979,308.9934463014859,313.4045277948389,527.8449626553491,656.9232008448712,0.06968759682093538,0.059569681580105845,2.8244584755841573,2.809952206237411,2.053851350106262,1.7446550120090445,2199.3150270071665,0.9774727383778821,2.809952206237411,1.7446550120090445,0.06968759682093538,"Disease related genes, Predicted intracellular proteins, Transcription factors",Nucleoplasm,Tissue enhanced,bone marrow: 25.3,False,False,False,False,False
ENSG00000250237,61.51012574014437,61.43040723358131,0.2471183800623053,0.23968303781578534,8.081295604457923,7.88622763323453,24.33867262964146,29.087198947490894,0.06385592699934835,0.05301962735724299,2.7831198617209427,2.81260587292665,1.3027489538732995,1.0530990753600713,61.47026648686284,0.2434007089390453,2.7831198617209427,1.0530990753600713,0.06385592699934835,,,,,False,False,False,False,False
LINC02713,153.3023561931736,150.4850534763697,0.47289719626168225,0.4464930174172289,21.503677384275964,20.737857850357464,44.11384414122515,43.85454610544781,0.06455530695623272,0.06016881998996736,2.7775274116371587,2.800893772223804,1.774117963844106,1.7558493368888695,151.89370483477165,0.4596951068394556,2.7775274116371587,1.7558493368888695,0.06455530695623272,,,,,False,False,False,False,False
ENSG00000242021,54.351840117849925,55.168019069843595,0.18014018691588785,0.17534912913855327,7.152411052221379,7.058660535919795,17.4934209525548,27.297217473799144,0.06801498992216573,0.05274073947780432,2.7633325783021596,2.8011369555932117,1.5816191565489979,0.989088726207915,54.75992959384676,0.17774465802722056,2.7633325783021596,0.989088726207915,0.06801498992216573,,,,,False,False,False,False,False
STXBP5L,153.25122558158577,151.65170823064201,0.40397196261682244,0.39196610701396517,21.7358985223351,20.494455762911954,58.56493101507476,81.89165242139744,0.06558193221903212,0.05884686368471771,2.762238026546344,2.8282072469131374,1.3727468563076222,0.8809450059568141,152.4514669061139,0.3979690348153938,2.762238026546344,0.8809450059568141,0.06558193221903212,Predicted intracellular proteins,,Tissue enhanced,brain: 24.4;thyroid gland: 7.1,False,False,False,False,False
LINC01725,363.5897790009697,366.23572406818147,0.7218068535825545,0.702024164443747,53.039307932706585,51.163118781046244,188.62471287972133,191.08052231659403,0.0713831793899339,0.05590875151328255,2.754193013402142,2.815604373940728,0.9431271210612319,0.9349951767571495,364.9127515345756,0.7119155090131508,2.754193013402142,0.9349951767571495,0.0713831793899339,,,,,False,False,False,False,False
ENSG00000281386,28.543663918899078,28.898172361573394,0.12422118380062305,0.12058685077671426,3.3904286156633807,3.3102683892589386,6.845251677086661,9.84489810530461,0.07824668212907161,0.05560196614490714,2.7504150611479017,2.794207686838139,1.9129571210577012,1.4630407989100198,28.720918140236236,0.12240401728866865,2.7504150611479017,1.4630407989100198,0.07824668212907161,,,,,False,False,False,False,False
ENSG00000286481,1107.8469612732404,1076.2054862543262,0.8655763239875389,0.8497567864428056,163.90167924213796,154.80372761534449,337.6990827362753,293.10946631702365,0.0714646048207965,0.059458471487603554,2.7493822687547858,2.7894918271720996,1.7109842792560046,1.872868357473618,1092.0262237637833,0.8576665552151723,2.7493822687547858,1.7109842792560046,0.0714646048207965,,,,,False,False,False,False,False
ENSG00000287683,106.0576710860303,102.93381487120064,0.30700934579439254,0.29703436372195197,14.955041291008337,12.656908547166529,41.83209358219626,38.03710631594963,0.06390255732271777,0.058642912795502336,2.7463039265980065,2.9279622621857264,1.3216240726733333,1.4127470914663902,104.49574297861547,0.3020218547581722,2.7463039265980065,1.3216240726733333,0.06390255732271777,,,,,False,False,False,False,False
ENSG00000286417,99.39790892671708,99.12542463886336,0.3715732087227414,0.3587007688686647,13.561714462653523,14.019960236861387,41.83209358219626,43.85454610544781,0.06973373291595503,0.05410541079735926,2.785477091121744,2.736855462569931,1.2289651200593037,1.158482243280323,99.26166678279023,0.36513698879570305,2.736855462569931,1.158482243280323,0.06973373291595503,,,,,False,False,False,False,False
XDH,284.0049820645319,279.5412069834613,0.4876947040498442,0.4705005491919033,40.545810705125085,41.08627236080212,88.98827180212659,85.91911073720388,0.08650523238529058,0.07394689088336713,2.7782122242180147,2.736791056096289,1.6631782467667409,1.6904673754522397,281.7730945239966,0.47909762662087374,2.736791056096289,1.6631782467667409,0.08650523238529058,"Disease related genes, Enzymes, FDA approved drug targets, Human disease related genes, Metabolic proteins, Plasma proteins, Predicted intracellular proteins","Nucleoplasm,Nucleoli",Group enriched,breast: 39.2;intestine: 46.6;liver: 64.0,True,False,False,True,False
ENSG00000290957,140.00839718034106,130.20939843660219,0.4750778816199377,0.4427271300800251,17.741694947717964,18.693280315815183,41.83209358219626,41.16957389491019,0.07811094881760879,0.07320672761649827,2.9114577415947753,2.7360957163553707,1.7190169777086046,1.6375967138834497,135.10889780847162,0.4589025058499814,2.7360957163553707,1.6375967138834497,0.07811094881760879,,,,,False,False,False,False,False
ITPRID1,116.43718523835723,120.43363618528569,0.3477414330218069,0.34324493958889063,16.627033485034115,17.13550695616392,57.04376397572217,53.25194884232948,0.0744112288882515,0.060759040682351384,2.7360276908424694,2.7432791126238567,1.0166763125710128,1.1624212242099181,118.43541071182146,0.34549318630534875,2.7360276908424694,1.0166763125710128,0.0744112288882515,Predicted intracellular proteins,Nucleoplasm,Tissue enhanced,brain: 2.4;salivary gland: 4.2;skin 1: 1.9,False,False,False,False,False
SLC5A4-AS1,122.08711781881105,114.17124802154798,0.3744548286604361,0.3543856896281186,17.37014112682335,16.30793985884918,34.9868419051096,57.27940715813591,0.07569881089651573,0.057245130992077814,2.744245163657473,2.734274681514361,1.7741383721887967,0.9827224925631075,118.12918292017952,0.36442025914427734,2.734274681514361,0.9827224925631075,0.07569881089651573,,,,,False,False,False,False,False
PPP1R9A-AS1,79.94271121755254,77.32104957625624,0.3292056074766355,0.3100580574297819,9.70684357087187,10.855733100069754,32.70509134608071,38.9320970527955,0.12764818906649397,0.08761645141882463,2.9183679443143586,2.723815223826327,1.2639346384517096,0.9718512607845622,78.63188039690439,0.3196318324532087,2.723815223826327,0.9718512607845622,0.12764818906649397,,,,,False,False,False,False,False
ENSG00000255580,59.91229412802507,58.171819816475825,0.2664330218068536,0.24972540404832888,8.220628287293403,7.058660535919795,11.408752795144434,17.452319368494535,0.08934011508720434,0.08473093781103634,2.723796478022716,2.8762982982003424,2.29537532404367,1.6811080979772457,59.04205697225045,0.25807921292759123,2.723796478022716,1.6811080979772457,0.08934011508720434,,,,,False,False,False,False,False
HS6ST3,36.481691367907736,34.46324963770006,0.11222741433021807,0.1022281500078456,3.994203574617133,4.381237574019184,10.64816927546814,23.71725452641565,0.053832291646962904,0.05670418200549342,2.9078595213631777,2.7203148358869114,1.6860828297581176,0.520806237616621,35.4724705028039,0.10722778216903184,2.7203148358869114,0.520806237616621,0.05670418200549342,"Metabolic proteins, Predicted intracellular proteins","Nucleoplasm,Nuclear membrane,Plasma membrane,Actin filaments",Tissue enhanced,blood vessel: 6.1;brain: 16.1,False,True,False,False,False
LINC02147,309.3274174533985,315.3990783963834,0.31487538940809967,0.30017260316962185,46.11911801854434,40.98891152582391,152.11670393525915,96.65899957935436,0.06523197509285056,0.056314688994174515,2.7194067247354123,2.9136651026140514,1.0191594856109019,1.6959204933828862,312.36324792489097,0.30752399628886073,2.7194067247354123,1.0191594856109019,0.06523197509285056,,,,,False,False,False,False,False
C10orf90,157.12436940936297,161.33360170862622,0.41674454828660434,0.4082064961556567,22.897004212630776,23.65868289970359,73.01601788892438,76.96920336874513,0.07499383030935508,0.062179317746195076,2.7261580515891333,2.718794008813568,1.0951503015516384,1.0579853573640257,159.2289855589946,0.4124755222211305,2.718794008813568,1.0579853573640257,0.07499383030935508,Predicted intracellular proteins,"Nucleoplasm,Cytosol",Group enriched,brain: 18.7;salivary gland: 5.7;testis: 5.8,False,False,False,False,False
SLC30A10,133.55315746737912,130.62510300421644,0.25171339563862927,0.2441550290287149,19.506575596967398,17.96307405347865,53.240846377340695,62.64935157921116,0.07813808939449357,0.07014788984959089,2.714017745421311,2.7951699004818984,1.3107246504579202,1.048216938226688,132.08913023579777,0.24793421233367208,2.714017745421311,1.048216938226688,0.07813808939449357,"Disease related genes, Human disease related genes, Potential drug targets, Predicted membrane proteins, Transporters",,Group enriched,intestine: 23.1;liver: 44.2,False,True,False,False,False
LINC01152,52.357746265925044,48.65084423563261,0.23738317757009345,0.21685234583398713,7.105966824609552,6.571856361028774,19.014587991907394,18.794805473763347,0.25226722677135144,0.15442390274079648,2.71864155502333,2.7130993004289614,1.4146458134054545,1.3266963588768266,50.504295250778824,0.2271177617020403,2.7130993004289614,1.3266963588768266,0.25226722677135144,,,,,False,False,False,False,False
KIAA1671,509.5932403899824,485.6636233963358,0.8528816199376947,0.8184528479522988,74.960983365489,73.60479124352227,234.25972406029905,242.09499431680882,0.08266874039518304,0.06813624527992564,2.7488439510416294,2.705584750806794,1.117920082879747,1.001404755183932,497.62843189315913,0.8356672339449968,2.705584750806794,1.001404755183932,0.08266874039518304,Predicted intracellular proteins,"Microtubules,Cytokinetic bridge,Primary cilium",Low tissue specificity,,False,False,False,False,False
CHST9,514.5656923668976,509.55993112177606,0.7610591900311526,0.7392907578848266,78.44430043637603,76.37957504040111,273.04948356379015,247.01744336946115,0.06592994877145487,0.06306599491685301,2.6981406393824705,2.7220556082972243,0.9117198486882439,1.0416387284166169,512.0628117443368,0.7501749739579896,2.6981406393824705,0.9117198486882439,0.06592994877145487,"Metabolic proteins, Predicted intracellular proteins, Predicted membrane proteins",,Tissue enhanced,salivary gland: 12.6,False,True,False,False,False
LINC01876,661.5278527231818,651.5431556991956,0.8498442367601247,0.8206496155656676,101.38774887661863,95.26757702617269,283.69765283925824,259.99480905372627,0.06828063240628264,0.05608797174145366,2.6939380056963986,2.760951432446803,1.218550507874236,1.3220522037328535,656.5355042111887,0.8352469261628961,2.6939380056963986,1.218550507874236,0.06828063240628264,,,,,False,False,False,False,False
NAALADL2,5185.027494591596,5161.441550797958,0.9950934579439252,0.9916836654636749,800.8378167107353,788.8661654108985,1646.66332009918,1678.555126954436,0.06688496990186901,0.056052168213269526,2.693247489527209,2.7083734129484305,1.6542083793974796,1.6199743934222806,5173.234522694777,0.9933885617038001,2.693247489527209,1.6199743934222806,0.06688496990186901,"Enzymes, Predicted intracellular proteins, Predicted membrane proteins",Nucleoplasm,Low tissue specificity,,False,True,False,True,False
ENSG00000258077,510.75646180360525,512.2418960741263,0.6424454828660436,0.6294523772163816,76.6794197871266,78.42415257494338,183.30062824198725,348.5988920014678,0.0750919056215777,0.06239668539725061,2.7198530839134487,2.691989245684874,1.4733964250442821,0.5539383303676382,511.4991789388658,0.6359489300412127,2.691989245684874,0.5539383303676382,0.0750919056215777,,,,,False,False,False,False,False
LINC02208,123.85112391859076,124.25543624238473,0.34205607476635513,0.3313196296877452,18.345469906671717,17.914393635989548,60.846681574103656,67.57180063186345,0.09451947235407723,0.06710341647790169,2.690141130796428,2.727316787709026,1.0134407149625329,0.8691859078990349,124.05328008048775,0.33668785222705017,2.690141130796428,0.8691859078990349,0.09451947235407723,,,,,False,False,False,False,False
KIRREL3-AS1,57.54750334208851,55.47644503936387,0.24322429906542056,0.22909147967989957,7.988407149234266,7.7888667982563256,22.056922070612575,19.242300842186282,0.10505599069950543,0.07788848549155185,2.7034702696959543,2.6839002126534157,1.344407714107329,1.4802759963699679,56.51197419072619,0.23615788937266008,2.6839002126534157,1.344407714107329,0.10505599069950543,,,,,False,False,False,False,False
SCN1A,22.778687462372663,20.785228380714045,0.1176791277258567,0.10466028557978974,1.9971017873085666,2.434020874455102,2.281750559028887,6.264935157921116,0.13862220846323184,0.08775124595946894,2.9880290968222796,2.6653795232926276,2.8571315922704974,1.5843284110406883,21.781957921543352,0.11116970665282322,2.6653795232926276,1.5843284110406883,0.13862220846323184,"Disease related genes, FDA approved drug targets, Human disease related genes, Metabolic proteins, Predicted intracellular proteins, Predicted membrane proteins, Transporters, Voltage-gated ion channels","Nucleoplasm,Nuclear bodies,Plasma membrane",Tissue enhanced,brain: 7.9;retina: 3.1,True,True,False,False,False
LINC00342,1956.985810565021,1815.851190638226,0.9156542056074767,0.9018515612741252,301.23726029031076,286.53293734085463,771.2316889517639,737.9198625294229,0.07453666386891676,0.060051693532920204,2.6956168755139562,2.659641126767507,1.3422646474424926,1.2979504457981954,1886.4185006016235,0.908752883440801,2.659641126767507,1.2979504457981954,0.07453666386891676,,,,,False,False,False,False,False
ARHGEF26-AS1,232.23523783186673,235.78494878586778,0.625233644859813,0.6062294053036247,36.13360908200151,35.341983097088075,73.01601788892438,79.65417557928275,0.0703048678486881,0.06943590071635167,2.6509883261704084,2.703868327770335,1.6558763465219162,1.5537562483361982,234.01009330886725,0.6157315250817188,2.6509883261704084,1.5537562483361982,0.0703048678486881,,,,,False,False,False,False,False
LINC00276,77.92305205983376,78.05858993815255,0.2265576323987539,0.2107327789110309,10.821505033555722,11.68330019738449,15.211670393525914,25.059740631684463,0.06473706386449683,0.056190057161487825,2.7390330267632117,2.6399920400962036,2.283413999344908,1.6010994989030487,77.99082099899316,0.2186452056548924,2.6399920400962036,1.6010994989030487,0.06473706386449683,,,,,False,False,False,False,False
PKN2-AS1,466.7202225735975,465.20023080990376,0.6957165109034268,0.6804487682410167,70.36300483191812,74.3836779233479,184.82179528133983,220.61521663250784,0.06782079177636748,0.055963912368301616,2.712397538956579,2.6286256286901732,1.3317260799202522,1.072892775036113,465.9602266917506,0.6880826395722217,2.6286256286901732,1.072892775036113,0.06782079177636748,,,,,False,False,False,False,False
CASC19,105.54636497015211,98.44152357601406,0.3613707165109034,0.3374391966107014,16.39481234697498,13.484475644481263,47.15617821993033,23.71725452641565,0.1393694991004307,0.08800824797392594,2.6147523531589427,2.7793409423108972,1.145688567396313,2.0083298960361007,101.99394427308309,0.3494049565608024,2.6147523531589427,1.145688567396313,0.1393694991004307,,,,,False,False,False,False,False
TMC5,187.76438840336255,175.3602784094178,0.5477414330218069,0.5116114859563785,29.956526809628503,27.893879221255467,73.01601788892438,72.49424968451576,0.08039341865967384,0.07639813273881273,2.6082710953796098,2.60968984485308,1.3506771919350515,1.2628223790084827,181.56233340639017,0.5296764594890927,2.6082710953796098,1.2628223790084827,0.08039341865967384,"Predicted membrane proteins, Transporters","Nucleoplasm,Plasma membrane",Tissue enhanced,intestine: 50.3;stomach 1: 43.5,False,True,False,False,False
ENSG00000272046,21.44929156108941,24.043815797819537,0.11479750778816199,0.12066530676290602,2.6008767462623195,3.11554671930253,4.563501118057774,9.397402736881673,0.0700163249206204,0.05418469892326383,2.6402497943853183,2.6052983954335494,2.0126049545290963,1.2682312057940093,22.746553679454472,0.117731407275534,2.6052983954335494,1.2682312057940093,0.0700163249206204,,,,,False,False,False,False,False
LINC01606,59.01750842523826,62.23499671928637,0.2554517133956386,0.2625921857837753,8.870847473858982,8.56775347808196,19.775171511583686,22.822263789569778,0.10309174082545866,0.09106146703015351,2.604137568462208,2.7244711004946667,1.5305230405837564,1.4084127066709264,60.62625257226232,0.2590219495897069,2.604137568462208,1.4084127066709264,0.10309174082545866,,,,,False,False,False,False,False
ABTB2,260.6382925688993,256.30198067134677,0.5764797507788162,0.5619802290914797,37.01604940662622,41.32967444824763,76.81893548730586,81.89165242139744,0.08317979198080884,0.06277620414598645,2.7828931833315647,2.603721264519661,1.749380554236414,1.634163834776401,258.47013662012307,0.569229989935148,2.603721264519661,1.634163834776401,0.08317979198080884,"Metabolic proteins, Predicted intracellular proteins","Nucleoplasm,Vesicles",Tissue enhanced,brain: 21.6,False,False,False,False,False
UNC80,200.5726066061108,202.059239510064,0.5622274143302181,0.53773732935823,31.953628596937065,32.51851888272016,79.86126956601105,76.07421263189926,0.08831487735044663,0.08510895807248733,2.61279035478208,2.598870367907513,1.317778832218307,1.3975805222550854,201.3159230580874,0.549982371844224,2.598870367907513,1.317778832218307,0.08831487735044663,"Disease related genes, Human disease related genes, Potential drug targets, Predicted intracellular proteins, Transporters","Nuclear bodies,Vesicles",Group enriched,brain: 29.7;pituitary gland: 12.8;retina: 17.6,False,False,False,False,False
MAP2,941.1995154556463,934.2893108007154,0.8322429906542056,0.8184528479522988,145.37043242501895,153.87879968305154,374.2070916807375,421.0931416859836,0.07069841871878524,0.06323768573362092,2.6864084387860667,2.59427302261094,1.3283454939993973,1.1478513113520077,937.7444131281809,0.8253479193032522,2.59427302261094,1.1478513113520077,0.07069841871878524,"FDA approved drug targets, Plasma proteins, Predicted intracellular proteins","Plasma membrane,Primary cilium,Primary cilium tip,Cytosol",Group enriched,brain: 259.5;retina: 379.4,True,True,False,False,False
PCDH11X,267.48979452166685,261.0490586370066,0.36549844236760126,0.357680841048172,38.688041600652,42.59536530296428,88.98827180212659,161.5458280006802,0.06722910357161632,0.057808470567919545,2.758090971763719,2.587590253452188,1.5770583595018728,0.6889903989469762,264.2694265793367,0.36158964170788666,2.587590253452188,0.6889903989469762,0.06722910357161632,Predicted membrane proteins,"Vesicles,Plasma membrane,Cytosol",Tissue enhanced,brain: 2.8;ovary: 4.8,False,True,False,False,False
PRNCR1,56.972283961725566,56.71014891744496,0.2516355140186916,0.24227208536011297,8.685070563411674,7.4967842933217135,17.4934209525548,16.109833263225728,0.06488663611152092,0.053603858767705875,2.581528860121082,2.7638362088312416,1.6483512030345522,1.7539993530881688,56.84121643958527,0.2469537996894023,2.581528860121082,1.6483512030345522,0.06488663611152092,,,,,False,False,False,False,False
ADAMTS19,150.05556235734718,153.3011166763374,0.4187694704049844,0.4080495841832732,23.779444537255493,24.77833250195294,60.08609805442736,82.33914778982037,0.06338587815882159,0.0596301063335702,2.6078635566594084,2.581517653110067,1.3061633151200753,0.8886822502174699,151.6783395168423,0.41340952729412883,2.581517653110067,0.8886822502174699,0.06338587815882159,Predicted secreted proteins,"Vesicles,Midbody",Tissue enhanced,cervix: 9.5;endometrium 1: 9.2;smooth muscle: 5.5,False,False,False,False,True
ENSG00000287536,46.810074908646854,47.73897615183355,0.1957165109034268,0.19457084575553116,5.387530402971948,7.204701788387101,10.64816927546814,17.0048240000716,0.07403734395882937,0.06413200509778605,2.903984508066762,2.5705531420340693,2.037211439521517,1.4366924479945782,47.2745255302402,0.195143678329479,2.5705531420340693,1.4366924479945782,0.07403734395882937,,,,,False,False,False,False,False
ELAVL4,32.60854754013056,34.08777454437103,0.1399532710280374,0.1351796642083791,4.365757395511751,4.916722166399306,15.211670393525914,8.949907368458737,0.061407235445864905,0.04968493891433348,2.646974463130057,2.5680983904991854,1.0517954463334196,1.818213447507989,33.348161042250794,0.13756646761820823,2.5680983904991854,1.0517954463334196,0.061407235445864905,Predicted intracellular proteins,"Nucleoplasm,Vesicles",Tissue enhanced,adrenal gland: 10.5;brain: 38.1,False,False,False,False,False
SCN1A-AS1,220.7180675717109,215.5495232203855,0.5758566978193146,0.549191903342225,32.092961279772545,35.53670476704449,82.90360364471623,86.36660610562681,0.06891390620709194,0.06366471775026794,2.7441300385015053,2.5672785672394394,1.401921658092839,1.3095431431165083,218.13379539604819,0.5625243005807699,2.5672785672394394,1.3095431431165083,0.06891390620709194,,,,,False,False,False,False,False
STXBP6,171.14693963732188,170.3718235980464,0.4122274143302181,0.4016946493017417,28.098757705155414,27.699157551299056,66.93134973151402,67.57180063186345,0.07469931219462196,0.06882160460643122,2.5646110659585664,2.5780496326078133,1.3414911088869113,1.321442614040504,170.75938161768414,0.40696103181597987,2.5646110659585664,1.321442614040504,0.07469931219462196,Predicted intracellular proteins,,Low tissue specificity,,False,False,False,False,False
ADCY2,327.9006121126732,317.7726173792134,0.6609813084112149,0.6270202416444375,52.06397915285822,53.01297464563212,115.60869499079693,128.87866610580582,0.07422026623906793,0.05958388546210301,2.631846923844985,2.561149798064342,1.4959763252667748,1.2953632340200405,322.8366147459433,0.6440007750278263,2.561149798064342,1.2953632340200405,0.07422026623906793,"Enzymes, Metabolic proteins, Predicted intracellular proteins, Predicted membrane proteins","Nuclear membrane,Golgi apparatus,Vesicles,Primary cilium",Group enriched,brain: 35.4;skeletal muscle: 64.1;tongue: 28.8,False,True,False,True,False
ENSG00000287158,87.98299988973683,88.46461395327132,0.31144859813084114,0.2998587792248549,14.165489421607276,13.922599401883183,32.70509134608071,31.32467578960558,0.08228236019907315,0.07338890502161136,2.552737679550071,2.583818300439536,1.4005632018325551,1.4686812641383973,88.22380692150408,0.30565368867784803,2.552737679550071,1.4005632018325551,0.08228236019907315,,,,,False,False,False,False,False
ENSG00000284418,153.80087965615482,151.1957741887425,0.3980529595015576,0.3724305664522203,25.404992503669444,23.999445822127303,51.719679337988104,50.56697663179186,0.07586325385444523,0.061752935732220515,2.5515310326781586,2.6059602828048662,1.5540001691801346,1.5614089340430162,152.49832692244865,0.38524176297688895,2.5515310326781586,1.5540001691801346,0.07586325385444523,,,,,False,False,False,False,False
ZIC1,210.45359729545652,218.92879906034676,0.6303738317757009,0.6179193472461949,34.32228420514025,36.558993534315626,63.88901565280884,68.0192960002864,0.10557646502406834,0.08063367561224632,2.581690557371756,2.549806224612832,1.7042949179809699,1.6719648700273022,214.69119817790164,0.6241465895109479,2.549806224612832,1.6719648700273022,0.10557646502406834,"Disease related genes, Human disease related genes, Predicted intracellular proteins, Transcription factors",Nucleoplasm,Tissue enriched,brain: 536.2,False,False,False,False,False
RIMS1,91.53657739509015,93.02395437226666,0.30101246105919005,0.28824729326847637,14.304822104442758,15.236970674088937,41.83209358219626,62.64935157921116,0.06730897387447021,0.059988379819660036,2.596037463836983,2.533745862815391,1.111331543453784,0.5628825404335601,92.2802658836784,0.2946298771638332,2.533745862815391,0.5628825404335601,0.06730897387447021,"Disease related genes, Human disease related genes, Plasma proteins, Predicted intracellular proteins",,Tissue enriched,brain: 59.7,False,False,False,False,False
ENSG00000290749,28.9015782000138,29.836860094895968,0.1399532710280374,0.13831790365604896,4.179980485064442,3.7483921466608567,9.887585755791843,9.397402736881673,0.054627327616426156,0.06840747210430512,2.529203063762607,2.6991448828367224,1.457537549402622,1.5684326837591251,29.369219147454885,0.13913558734204318,2.529203063762607,1.457537549402622,0.06840747210430512,,,,,False,False,False,False,False
PCAT1,1771.9952578402977,1726.1528728068736,0.9349688473520249,0.9194257021810764,300.7263737865807,298.7030417131301,633.5660718903542,575.9265391603197,0.06675846051411764,0.0544423424528141,2.5548759649938293,2.526790152469654,1.4823463851352259,1.5819362481907135,1749.0740653235857,0.9271972747665507,2.526790152469654,1.4823463851352259,0.06675846051411764,,,,,False,False,False,False,False
EGF,112.42343222871357,112.50842975109086,0.35210280373831776,0.3293582300329515,18.717023727566335,18.157795723435058,67.69193325119032,63.99183768447996,0.07467019933022151,0.06677591408147909,2.5242050191342322,2.5667959631405486,0.7235061254138877,0.8044689970781425,112.4659309899022,0.3407305168856346,2.5242050191342322,0.7235061254138877,0.07467019933022151,"Cancer-related genes, Disease related genes, FDA approved drug targets, Human disease related genes, Plasma proteins, Predicted membrane proteins, RAS pathway related proteins",,Group enriched,kidney: 102.9;pancreas: 84.4;skeletal muscle: 26.0,True,True,False,False,False
LINC00511,294.5123227458283,284.8917270633999,0.4811526479750779,0.4683822375647262,43.23957590661106,48.77777832408024,167.32837432878503,222.4051981061996,0.08420348249601571,0.06394563864214067,2.7398088308051447,2.5218951261902096,0.8119399059247454,0.35580611857917743,289.7020249046141,0.474767442769902,2.5218951261902096,0.35580611857917743,0.08420348249601571,,,,,False,False,False,False,False
ENSG00000285987,34.3342056812194,32.08971065487013,0.1706386292834891,0.15738270830064333,5.155309264912812,4.770680913931999,8.366418716439252,12.082374947419295,0.1278572925779953,0.08728763272638361,2.5211622275045302,2.519569210962659,1.9154960385051911,1.3387582079011482,33.21195816804477,0.16401066879206622,2.519569210962659,1.3387582079011482,0.1278572925779953,,,,,False,False,False,False,False
LINC02300,94.3487610324201,95.62546037604635,0.25537383177570094,0.24760709242115173,15.605260477573918,15.869816101447265,52.4802628576644,51.90946273706067,0.06407831867350948,0.07129924242321177,2.5215738384125213,2.5179591360009392,0.834207635839602,0.8688776146928129,94.98711070423323,0.25149046209842635,2.5179591360009392,0.834207635839602,0.07129924242321177,,,,,False,False,False,False,False
ST8SIA6-AS1,113.3949138488821,108.06977775495128,0.41253894080996883,0.3854542601600502,18.9956890932373,17.573630713565837,39.55034302316737,44.30204147387075,0.09406625426282092,0.08157377891959569,2.516262003984265,2.5539236380025243,1.4962368857457928,1.2676034294333223,110.7323458019167,0.3989966004850095,2.516262003984265,1.2676034294333223,0.09406625426282092,,,,,False,False,False,False,False
LINC00393,56.52489111033217,61.02811249072878,0.19828660436137072,0.198022909147968,9.056624384306291,8.37303180812555,21.29633855093628,27.744712842222082,0.08175026491097034,0.06333136819803468,2.5160402174866587,2.7263345407709076,1.3673795337366512,1.1096256061160494,58.776501800530475,0.19815475675466937,2.5160402174866587,1.1096256061160494,0.08175026491097034,,,,,False,False,False,False,False
ENSG00000254024,62.25151960816771,58.6143440336136,0.27102803738317754,0.24713635650400126,8.499293652964367,9.444000992885794,25.859839668994052,30.877180421182643,0.10268471159895211,0.08705480749947317,2.735207993907368,2.51298500486989,1.2356494476568618,0.9031354781018506,60.43293182089066,0.2590821969435894,2.51298500486989,0.9031354781018506,0.10268471159895211,,,,,False,False,False,False,False
LDLRAD3,1856.4885934891659,1796.6080921051132,0.9795171339563863,0.967519221716617,299.47237964106137,314.23209489215367,483.73111851412403,538.784423581216,0.07921456290467584,0.06595221845658604,2.628049066341441,2.5115921908162275,1.9380967434849314,1.735623273032747,1826.5483427971394,0.9735181778365016,2.5115921908162275,1.735623273032747,0.07921456290467584,Predicted membrane proteins,Cell Junctions,Tissue enhanced,brain: 28.1,False,True,False,False,False
ATP6V0A4,86.4235162363084,83.00681527523867,0.3152647975077882,0.2953867880119253,14.351266332054584,13.533156061970367,50.95909581831181,38.03710631594963,0.09267851360591708,0.08187652315031226,2.5096637365252787,2.5311583382943144,0.7506450799996459,1.10566026016239,84.71516575577354,0.3053257927598567,2.5096637365252787,0.7506450799996459,0.09267851360591708,"Disease related genes, Human disease related genes, Metabolic proteins, Potential drug targets, Predicted intracellular proteins, Predicted membrane proteins, Transporters",Cytosol,Group enriched,kidney: 59.4;salivary gland: 73.9,False,True,False,False,False
GLYATL1,52.038179943501184,50.52821970227775,0.24322429906542056,0.22720853601129767,8.313516742517058,7.5941451282999175,11.408752795144434,17.899814736917474,0.1620577009018097,0.10743228632498679,2.5096333378178564,2.583936703253208,2.0956731514755425,1.4469906556248295,51.28319982288947,0.23521641753835912,2.5096333378178564,1.4469906556248295,0.1620577009018097,"Enzymes, Metabolic proteins, Predicted intracellular proteins","Golgi apparatus,Cytosol",Group enriched,kidney: 130.7;liver: 508.1,False,False,False,True,False
SLC1A2,221.5489400100129,219.1433562565348,0.565809968847352,0.5420524085987761,33.81139770141015,38.068086476477795,88.98827180212659,76.96920336874513,0.07943175909992792,0.07470881423911464,2.6764909837898156,2.494380805275543,1.3063137373802662,1.4974670062592177,220.34614813327386,0.553931188723064,2.494380805275543,1.3063137373802662,0.07943175909992792,"Disease related genes, Human disease related genes, Metabolic proteins, Potential drug targets, Predicted intracellular proteins, Predicted membrane proteins, Transporters",,Tissue enriched,brain: 1024.9,False,True,False,False,False
ENSG00000287352,94.39989164400792,94.20401895130074,0.3110591900311526,0.30142789894868977,14.815708608172855,15.918496518936367,25.099256149317757,24.612245263261524,0.06363569030023077,0.053013589534910505,2.5926294316884535,2.4924211094310187,1.869978938243809,1.894188746468769,94.30195529765433,0.3062435444899212,2.4924211094310187,1.869978938243809,0.06363569030023077,,,,,False,False,False,False,False
GMDS,3313.2764135434663,3305.427934998288,0.9863707165109035,0.9812490193001726,571.2175553978619,587.0858349185705,1270.93506137909,1535.8041044275192,0.0721741351184181,0.05960079106925793,2.534058264862105,2.491174811581632,1.3816689138678069,1.105340180559232,3309.352174270877,0.983809867905538,2.491174811581632,1.105340180559232,0.0721741351184181,"Enzymes, Metabolic proteins, Predicted intracellular proteins",,Tissue enhanced,intestine: 99.8;salivary gland: 99.4;stomach 1: 91.7,False,False,False,True,False
LINC02652,48.369558562075284,44.98996207567459,0.2027258566978193,0.1849992154401381,7.1988552798332055,7.204701788387101,15.97225391320221,26.40222673695327,0.08279590783425018,0.07722059824692463,2.5901273447512243,2.4867962050492074,1.5404435779537942,0.7470258750069233,46.67976031887494,0.19386253606897869,2.4867962050492074,0.7470258750069233,0.08279590783425018,,,,,False,False,False,False,False
ENSG00000286329,93.41562737094245,92.19254523703809,0.36682242990654207,0.35611172132433705,14.072600966383622,15.675094431490857,40.31092654284367,46.53951831598543,0.06842837239831646,0.05228606707299268,2.6470972760473552,2.4825196223574446,1.1925022515257058,0.9710872682546811,92.80408630399026,0.36146707561543956,2.4825196223574446,0.9710872682546811,0.06842837239831646,,,,,False,False,False,False,False
LINC01505,135.7134258069644,137.973686973656,0.3410436137071651,0.3330456613839636,23.50077917158453,23.46396122974718,44.11384414122515,46.98701368440837,0.06440961462437801,0.055710338662603866,2.4802553928143203,2.5060818209809197,1.5995128001923862,1.5340958120067827,136.8435563903102,0.33704463754556435,2.4802553928143203,1.5340958120067827,0.06440961462437801,,,,,False,False,False,False,False
GPR158,89.06952538597795,89.09487571707362,0.3302180685358255,0.3220618233171191,15.187262429067472,14.458083994263305,31.94450782640442,33.114657263297325,0.08214329503073463,0.0648272675473199,2.4761800399289915,2.5430835423874822,1.4510010854758264,1.4010533307247988,89.08220055152579,0.32613994592647233,2.4761800399289915,1.4010533307247988,0.08214329503073463,"G-protein coupled receptors, Predicted membrane proteins",,Group enriched,brain: 10.1;retina: 4.2,False,True,False,False,False
COBL,253.4800069466049,257.4149961265721,0.6284267912772585,0.6162717715361682,44.77223541780136,41.81647862313865,173.41304248619542,167.8107631586013,0.08157897275226883,0.06157690019940857,2.4750076594685204,2.5934517403214357,0.5450443884896256,0.6142829023831294,255.4475015365885,0.6223492814067133,2.4750076594685204,0.5450443884896256,0.08157897275226883,Predicted intracellular proteins,"Plasma membrane,Cell Junctions",Tissue enhanced,skeletal muscle: 124.0;tongue: 100.7,False,True,False,False,False
ARHGEF38,220.2323267616266,221.28892821841492,0.5995327102803738,0.5710811234897223,36.92316095140257,39.285096913705345,108.00285979403398,127.536180000537,0.07361201156707049,0.06250410678798074,2.5444110843725096,2.464117960974161,1.021196223513087,0.7902615900017294,220.76062749002077,0.585306916885048,2.464117960974161,0.7902615900017294,0.07361201156707049,Predicted intracellular proteins,"Nucleoplasm,Centrosome",Tissue enhanced,breast: 7.4;pancreas: 6.1,False,False,False,False,False
KIRREL3,36.468908715010784,33.48433243009224,0.1751557632398754,0.15447983681154873,5.155309264912812,5.25748508882302,17.4934209525548,16.109833263225728,0.18900701363214056,0.12904471945476573,2.6057907098296784,2.462286185245602,1.018681837427174,1.0111153377177182,34.97662057255151,0.16481780002571206,2.462286185245602,1.0111153377177182,0.18900701363214056,"Disease related genes, Human disease related genes, Plasma proteins, Predicted membrane proteins",,Tissue enriched,brain: 26.6,False,True,False,False,False
GNGT1,42.52788618816714,39.7601304185917,0.12850467289719625,0.1164286835085517,6.920189914162243,5.792969681203142,13.690503354173321,19.68979621060922,0.058855522100391286,0.056795554680263385,2.4583330318432264,2.5850443474571585,1.5670561321953946,0.9782392325683809,41.14400830337942,0.12246667820287398,2.4583330318432264,0.9782392325683809,0.058855522100391286,"Predicted intracellular proteins, RAS pathway related proteins",,Tissue enriched,retina: 1760.3,False,False,False,False,False
LNX1-AS1,26.396178232210744,24.285192643531055,0.13917445482866045,0.12388200219676761,3.994203574617133,2.774783796878816,7.605835196762957,5.817439789498179,0.10795389703909204,0.06169306457472328,2.4556481162451416,2.743826849503435,1.6705875334120759,1.8909908114870835,25.3406854378709,0.13152822851271403,2.4556481162451416,1.6705875334120759,0.10795389703909204,,,,,False,False,False,False,False
PPP1R9A,1461.3256618327189,1446.8664524938854,0.9630841121495327,0.9405303624666562,259.0194573911599,263.1663369460856,572.7193903162506,661.8456498975236,0.07409961687404372,0.06328546277888132,2.491573147113662,2.4544099991121096,1.3498474536387794,1.1271836691631012,1454.0960571633022,0.9518072373080945,2.4544099991121096,1.1271836691631012,0.07409961687404372,"Plasma proteins, Predicted intracellular proteins",Plasma membrane,Tissue enhanced,retina: 17.2,False,True,False,False,False
PTCHD1,120.91111375229126,121.06389794908799,0.42834890965732086,0.4100894398242586,21.27145624621683,20.591816597890162,43.353260621548856,65.78181915817171,0.10127646995519864,0.08609053182934166,2.45256185330959,2.499080034068061,1.458717579009428,0.8701092682924271,120.98750585068962,0.41921917474078974,2.45256185330959,0.8701092682924271,0.10127646995519864,"Disease related genes, Human disease related genes, Predicted intracellular proteins, Predicted membrane proteins",,Tissue enhanced,brain: 11.1;intestine: 6.1,False,True,False,False,False
ENSG00000239311,35.05003424344885,32.96134926438395,0.15031152647975077,0.13792562372509024,4.412201623123577,5.208804671333918,6.845251677086661,15.66233789480279,0.07910277274317525,0.06851050432342592,2.73571313908355,2.451506327039417,2.200108994898491,1.0273029378177678,34.005691753916395,0.1441185751024205,2.451506327039417,1.0273029378177678,0.07910277274317525,,,,,False,False,False,False,False
ENSG00000277693,31.49645673809554,29.957548517751725,0.16238317757009346,0.14859563784716773,4.830199671630021,4.673320078953796,12.16933631482073,12.977365684265168,0.06479803363813744,0.06378303890561221,2.478665223440731,2.4480260653412,1.3030997809806446,1.1471987496987328,30.727002627923632,0.1554894077086306,2.4480260653412,1.1471987496987328,0.06479803363813744,,,,,False,False,False,False,False
ENSG00000255240,502.69060782562707,493.15971543815465,0.8011682242990654,0.7665934410795544,87.68670173112963,89.57196817994776,139.9473676204384,159.3083511585655,0.07300284520817531,0.06287375818555598,2.505748131077702,2.4478408914255048,1.8373812958149005,1.6241278213248875,497.9251616318909,0.7838808326893099,2.4478408914255048,1.6241278213248875,0.07300284520817531,,,,,False,False,False,False,False
ENSG00000289509,66.49536036995657,68.6046634811181,0.27476635514018694,0.2725560960301271,9.753287798483699,11.780661032362694,21.29633855093628,32.219666526451455,0.09323568996098623,0.0670982245762163,2.650010506050538,2.4452215129574277,1.5979815209189288,1.0671463782616128,67.55001192553733,0.27366122558515704,2.4452215129574277,1.0671463782616128,0.09323568996098623,,,,,False,False,False,False,False
CCDC73,43.051974956942274,43.91717609473451,0.17741433021806854,0.16930801820178878,6.31641495520849,7.253382205876203,8.366418716439252,15.214842526379853,0.08676135225980341,0.06724086749638697,2.5899978942129342,2.44420987276036,2.2336372612762907,1.469952216713656,43.484575525838395,0.17336117420992866,2.44420987276036,1.469952216713656,0.08676135225980341,Predicted intracellular proteins,,Tissue enriched,testis: 3.5,False,False,False,False,False
C4orf19,336.74620791736555,330.5655902019238,0.7202492211838006,0.6867252471363565,57.312176872994684,59.925593929084606,123.21453018755989,157.51836968487376,0.08382024343393052,0.06509457809885154,2.5340704849747957,2.444173976907978,1.4431056267024256,1.06464425725629,333.65589905964464,0.7034872341600786,2.444173976907978,1.06464425725629,0.08382024343393052,Predicted intracellular proteins,"Nucleoplasm,Cell Junctions",Tissue enhanced,liver: 33.6,False,False,False,False,False
TTC6,478.8637428257041,481.5468071944783,0.7859813084112149,0.7641613055076102,87.31514791023501,87.72211231536187,321.72682882307305,340.54397536985493,0.08009308827402116,0.07318276574304083,2.4418919943004536,2.443303272029578,0.5723112946626295,0.4985975469002942,480.2052750100912,0.7750713069594126,2.4418919943004536,0.4985975469002942,0.08009308827402116,Predicted intracellular proteins,"Centrosome,Basal body",Tissue enhanced,breast: 4.0;prostate: 6.1;testis: 4.6,False,False,False,False,False
COL28A1,96.06163652061198,98.2135565550643,0.33309968847352023,0.3207280715518594,16.998587305928734,16.25925944136008,52.4802628576644,48.32949978967718,0.09259971623618077,0.0665462923629916,2.431017509987588,2.5231667013202244,0.8598946287050777,1.0080866059354678,97.13759653783814,0.32691388001268984,2.431017509987588,0.8598946287050777,0.09259971623618077,"Predicted intracellular proteins, Predicted secreted proteins","Nucleoplasm,Cytosol",Tissue enhanced,salivary gland: 17.3,False,False,False,False,True
DNAH14,865.5901235701613,841.8687985427275,0.912227414330218,0.8896908834144045,160.18614103319177,153.29463467318232,365.8406729642982,420.6456463175606,0.07834201190749397,0.06582108885853763,2.426622089824796,2.449620182300905,1.240196189805089,0.9992770198418923,853.7294610564444,0.9009591488723112,2.426622089824796,0.9992770198418923,0.07834201190749397,Predicted intracellular proteins,"Golgi apparatus,Centrosome,Basal body",Tissue enhanced,testis: 18.5,False,False,False,False,False
SLC12A8,170.26493658743203,163.81441928955016,0.5371495327102803,0.5147497254040483,29.30630762306292,29.695054668352242,58.56493101507476,74.2842311582075,0.09340550819769544,0.08297571681408528,2.4985398190027936,2.424764322179168,1.5236947199709954,1.1304228481427951,167.03967793849108,0.5259496290571644,2.424764322179168,1.1304228481427951,0.09340550819769544,"Disease related genes, Potential drug targets, Predicted membrane proteins, Transporters",Nucleoplasm,Tissue enhanced,thyroid gland: 21.0,False,True,False,False,False
DIAPH3,356.8788862300687,356.92930568352625,0.4887071651090343,0.4714420210262043,60.656161261046236,65.76724402777685,89.74885532180288,208.53284168508856,0.07833636635229345,0.06503157979618383,2.5371544570849203,2.4224622741377217,1.9795200810053166,0.7724982838627781,356.9040959567975,0.4800745930676193,2.4224622741377217,0.7724982838627781,0.07833636635229345,"Cancer-related genes, Disease related genes, Human disease related genes, Plasma proteins, Predicted intracellular proteins","Plasma membrane,Microtubules",Tissue enhanced,bone marrow: 6.7;testis: 17.7,False,True,False,False,False
ROCR,1487.8496665938992,1486.5595337886684,0.9287383177570093,0.9189549662639259,267.611639499348,277.4783796878816,682.2434171496373,733.4449088451934,0.10945265233227937,0.09000532278720699,2.4706043620321396,2.417310177773247,1.1237265282488123,1.018221225308618,1487.2046001912838,0.9238466420104676,2.417310177773247,1.018221225308618,0.10945265233227937,,,,,False,False,False,False,False
NPAS2,403.62504787423075,412.07050510384636,0.7387071651090342,0.719049113447356,74.91453913787717,74.0429150009242,184.82179528133983,200.03042968505275,0.08328826037810876,0.06381186231255927,2.414137509239228,2.4606002748877853,1.1226659038977103,1.038974153047677,407.84777648903855,0.7288781392781951,2.414137509239228,1.038974153047677,0.08328826037810876,"Predicted intracellular proteins, Transcription factors",Nucleoplasm,Low tissue specificity,,False,False,False,False,False
RMEL3,227.05826340860023,223.86361457267114,0.5503894080996885,0.5340498980072179,38.08426664169825,41.32967444824763,73.77660140860067,96.21150421093142,0.06461529340822424,0.05674154548950327,2.544742572304608,2.4093089376978103,1.6087436380017635,1.2098512753699218,225.46093899063567,0.5422196530534532,2.4093089376978103,1.2098512753699218,0.06461529340822424,,,,,False,False,False,False,False
OSBP2,160.83133874947973,154.34708300775395,0.4995327102803738,0.4749725404048329,29.584972988733885,27.796518386277263,71.49485084957179,89.05157831616444,0.07613846203355777,0.06302435273080888,2.4035961066383553,2.431528852107681,1.1585405812929326,0.7866716845613793,157.58921087861683,0.4872526253426034,2.4035961066383553,0.7866716845613793,0.07613846203355777,Predicted intracellular proteins,Cytosol,Tissue enhanced,bone marrow: 49.6;retina: 149.3,False,False,False,False,False
SORBS2,949.9172847313691,985.7159887620304,0.8820872274143302,0.8690569590459752,178.76383207792264,172.52339958137762,497.4216218682974,549.0768170549435,0.07450876653478522,0.059762230604934435,2.4032170698187842,2.5075046635975036,0.9319531993174247,0.8430017845447727,967.8166367466997,0.8755720932301527,2.4032170698187842,0.8430017845447727,0.07450876653478522,Predicted intracellular proteins,,Tissue enhanced,heart muscle: 601.0,False,False,False,False,False
PTPRN2,136.1608186583578,133.44116620418416,0.3862928348909657,0.3769810136513416,24.94055022755117,23.17187872481257,52.4802628576644,59.5168840002506,0.08936811254058254,0.06769121480332868,2.402587434112024,2.4755734484204464,1.3587899588185526,1.1515653518494242,134.80099243127097,0.3816369242711537,2.402587434112024,1.1515653518494242,0.08936811254058254,"Disease related genes, Enzymes, Potential drug targets, Predicted intracellular proteins, Predicted membrane proteins, Transporters",Vesicles,Tissue enhanced,brain: 60.1;pancreas: 92.5,False,True,False,True,False
ENSG00000285280,262.18499356943084,268.1428559359729,0.5145638629283489,0.5013337517652597,48.998660130477624,47.41472663438538,84.42477068406882,105.60890694781308,0.0760798391936071,0.058222582647202176,2.3961158919981163,2.4748542776492046,1.6233508560443064,1.3360441540712047,265.16392475270186,0.5079488073468044,2.3961158919981163,1.3360441540712047,0.0760798391936071,,,,,False,False,False,False,False
ACSM3,298.257640044636,285.2537923319672,0.6077881619937695,0.5797897379570062,56.011738499863526,53.45109840303403,223.61155478483093,184.36809179025,0.0747540356868041,0.06043908513892533,2.3920571792394982,2.3942617495675997,0.4139559328258372,0.6269018783602475,291.75571618830156,0.5937889499753879,2.3920571792394982,0.4139559328258372,0.0747540356868041,"Enzymes, Metabolic proteins, Predicted intracellular proteins",,Tissue enhanced,kidney: 79.3;liver: 166.3;ovary: 72.9,False,False,False,True,False
LINC02955,58.48063700356618,58.57411455932835,0.214797507788162,0.20335791620900676,9.89262048131918,10.368928925178732,15.97225391320221,38.484601684372564,0.07309009750351642,0.052639459150093534,2.449069027178808,2.3895892607122198,1.8092419305862386,0.5933954673129153,58.52737578144726,0.20907771199858438,2.3895892607122198,0.5933954673129153,0.07309009750351642,,,,,False,False,False,False,False
TENT5D,20.286070147466564,20.262245215005755,0.10498442367601246,0.10065903028401067,3.065319022380591,2.87214463185702,8.366418716439252,8.5024120000358,0.05315055030569578,0.07394185304091586,2.3884691466818837,2.4570892021163817,1.1843401839388588,1.161928283463437,20.27415768123616,0.10282172698001157,2.3884691466818837,1.161928283463437,0.07394185304091586,"Enzymes, Predicted intracellular proteins",,Tissue enriched,testis: 3.2,False,False,False,True,False
LINC00964,24.44043233897673,24.218143519722297,0.11323987538940809,0.10834771693080182,3.2975401604397265,3.845752981639061,7.605835196762957,12.977365684265168,0.09138328514341888,0.05469124285099795,2.565540161392648,2.3796693043317685,1.5637360704291732,0.8513695914803614,24.329287929349512,0.11079379616010496,2.3796693043317685,0.8513695914803614,0.09138328514341888,,,,,False,False,False,False,False
EPHA7,224.98747363929363,224.40000756314117,0.5766355140186916,0.5520163188451279,42.49646826482183,42.157241545562364,116.36927851047324,144.09350863218566,0.06794849230167577,0.07199111079841697,2.3772726371707535,2.384813002870749,0.9451879756280254,0.635504588095392,224.6937406012174,0.5643259164319098,2.3772726371707535,0.635504588095392,0.07199111079841697,"Cancer-related genes, Enzymes, Plasma proteins, Predicted intracellular proteins, Predicted membrane proteins",Principal piece,Tissue enriched,parathyroid gland: 65.8,False,True,False,True,False
CTNND2,158.05750307084062,157.52521147628894,0.4605140186915888,0.44429624980386,29.77074989918119,29.305611328439426,79.10068604633474,102.02894400042959,0.07114025074767677,0.0567905338239519,2.369916919945441,2.3870554512626887,0.9896619241929224,0.6216626096570798,157.79135727356478,0.45240513424772444,2.369916919945441,0.6216626096570798,0.07114025074767677,"Disease related genes, Human disease related genes, Predicted intracellular proteins","Nucleoplasm,Cell Junctions,Cytosol",Tissue enriched,brain: 72.2,False,False,False,False,False
BARX2,204.31792390491844,204.15117217289716,0.5672118380062305,0.5516240389141691,30.838967134253213,38.70093190383612,79.86126956601105,106.05640231623603,0.08669599227389002,0.07253728613323154,2.6889941374743134,2.369442619985837,1.3443388177644557,0.9383163212910067,204.2345480389078,0.5594179384601998,2.369442619985837,0.9383163212910067,0.08669599227389002,"Predicted intracellular proteins, Transcription factors","Nucleoplasm,Golgi apparatus,Cytosol",Tissue enhanced,esophagus: 142.8;salivary gland: 123.8;vagina: 66.3,False,False,False,False,False
SLC24A3,822.231364943692,821.914979297242,0.8866822429906542,0.8654479836811548,158.28192770110687,158.30871767455983,327.8114969804834,329.3565911592815,0.0735749206914014,0.05587432409159067,2.3697153632426993,2.3689181681046234,1.3240372055467393,1.3167192549815414,822.073172120467,0.8760651133359045,2.3689181681046234,1.3167192549815414,0.0735749206914014,"Metabolic proteins, Predicted membrane proteins, Transporters","Golgi apparatus,Cytosol",Low tissue specificity,,False,True,False,False,False
ENSG00000283445,38.232914814790476,37.735246879567306,0.17289719626168223,0.1637376431821748,6.455747638043971,6.523175943539673,23.578089109965166,21.927273052723905,0.07956779795906765,0.06272029734343706,2.395639590996659,2.3642331987424225,0.6746917707814736,0.7565821623415029,37.98408084717889,0.1683174197219285,2.3642331987424225,0.6746917707814736,0.07956779795906765,,,,,False,False,False,False,False
GRHL2,455.04966047867816,460.1179072252002,0.8105140186915888,0.7919347246194884,86.6184844960576,88.84176191761122,323.2479958624256,307.4293181065576,0.08631554839205154,0.07465624625884525,2.3798837656655087,2.359677566680394,0.4920932745205037,0.580195784174704,457.5837838519392,0.8012243716555386,2.359677566680394,0.4920932745205037,0.08631554839205154,"Disease related genes, Human disease related genes, Predicted intracellular proteins, Transcription factors",Nucleoplasm,Tissue enhanced,skin 1: 27.0,False,False,False,False,False
ANKRD36C,2928.3396042045824,2941.9144053567425,0.959190031152648,0.9521418484230347,570.938890032191,562.6482653390414,1277.7803130561767,1137.0857311626824,0.06582897018782428,0.06153306880730134,2.356642544756907,2.384378521734565,1.195807018461858,1.370636343217778,2935.1270047806624,0.9556659397878413,2.356642544756907,1.195807018461858,0.06582897018782428,Predicted intracellular proteins,"Nucleoplasm,Cytosol",Tissue enhanced,bone marrow: 13.9;salivary gland: 14.6,False,False,False,False,False
C2orf72,42.01658007228897,42.3616364223714,0.16129283489096574,0.1576180762592186,7.1988552798332055,7.4967842933217135,13.690503354173321,16.557328631648662,0.12830837136467785,0.10148953626434308,2.391398430861494,2.3514303585392264,1.5500090022659319,1.3043458496954814,42.18910824733018,0.15945545557509216,2.3514303585392264,1.3043458496954814,0.12830837136467785,Predicted intracellular proteins,"Nucleoplasm,Plasma membrane",Group enriched,brain: 5.9;liver: 18.9,False,True,False,False,False
RHPN2,65.34492160923067,63.978273938314,0.2837227414330218,0.269496312568649,12.029054951463229,11.48857852742808,37.268592464138486,37.589610947526694,0.07837678713652413,0.07161083578126859,2.3482535949598007,2.3793481447612983,0.7938251993056641,0.7517449218960623,64.66159777377233,0.2766095270008354,2.3482535949598007,0.7517449218960623,0.07837678713652413,Predicted intracellular proteins,,Low tissue specificity,,False,False,False,False,False
LINC02050,35.67638423539961,35.80423211387516,0.17959501557632399,0.17542758512474502,5.712639996254738,6.23109343860506,11.408752795144434,14.319851789533978,0.06692039779365602,0.06367716818219891,2.4498992401168573,2.3475859474538314,1.5634932995906223,1.2644693310238833,35.740308174637384,0.1775113003505345,2.3475859474538314,1.2644693310238833,0.06692039779365602,,,,,False,False,False,False,False
PLEKHS1,73.33407966982715,72.1850866925056,0.30280373831775703,0.29342538835713167,13.143716414147079,13.435795226992163,28.902173747699234,29.982189684336767,0.09241755588401417,0.08572868930981002,2.393862535822347,2.341899109213827,1.3137734240817325,1.24011058190766,72.75958318116638,0.29811456333744435,2.341899109213827,1.24011058190766,0.09241755588401417,Predicted intracellular proteins,"Vesicles,Centrosome",Group enriched,breast: 23.2;cervix: 46.2;intestine: 34.6;pancreas: 25.6;salivary gland: 40.2,False,False,False,False,False
ELAVL2,40.048051526158,41.7313746585691,0.17172897196261683,0.16640514671269419,6.687968776103107,7.4481038758326115,12.929919834497026,15.214842526379853,0.0759614694208654,0.08168941158739125,2.4166393597286175,2.3385962499899695,1.5591267862309424,1.397980716089522,40.88971309236355,0.1690670593376555,2.3385962499899695,1.397980716089522,0.08168941158739125,Predicted intracellular proteins,"Nucleoplasm,Cytosol",Group enriched,brain: 22.3;testis: 40.3,False,False,False,False,False
PKP4-AS1,47.48755551218543,45.74091226233265,0.20342679127725857,0.19370782990742194,8.59218210818802,8.12962972068004,27.381006708346643,20.137291579032155,0.07784649721374125,0.0659840220783166,2.3376835686810002,2.356057638375174,0.7726887580334938,1.14489536285446,46.61423388725904,0.19856731059234026,2.3376835686810002,0.7726887580334938,0.07784649721374125,,,,,False,False,False,False,False
SLC28A3,529.9304411490367,527.7302436739486,0.8192367601246106,0.7968774517495685,96.09310692887034,103.64060883429823,174.17362600587168,234.04007768519594,0.08625405239060975,0.07986240009225189,2.4510820803779345,2.3370890120063836,1.599737281104188,1.1696250742200525,528.8303424114927,0.8080571059370896,2.3370890120063836,1.1696250742200525,0.08625405239060975,"Metabolic proteins, Predicted membrane proteins, Transporters",,Tissue enhanced,choroid plexus: 31.6,False,True,False,False,False
UGT2B7,74.13938680233527,74.10269163343601,0.289797507788162,0.27757727914639885,12.354164544746016,13.87391898439408,33.46567486575701,38.03710631594963,0.08258397666432965,0.0641710193391882,2.492279620706963,2.336079794777792,1.1244090777520774,0.9440184990222319,74.12103921788564,0.28368739346728045,2.336079794777792,0.9440184990222319,0.08258397666432965,"Enzymes, Metabolic proteins, Predicted intracellular proteins, Predicted membrane proteins",,Group enriched,kidney: 1212.8;liver: 1507.2,False,True,False,True,False
TDRD5,131.57184626835118,133.68254304989568,0.47834890965732085,0.4639887023379884,24.150998358150108,25.75194085173498,45.635011180577735,52.80445347390654,0.08897300764001305,0.07390358469937221,2.398086855387967,2.3318473993621365,1.5072890604384046,1.3237653703943897,132.62719465912343,0.47116880599765465,2.3318473993621365,1.3237653703943897,0.08897300764001305,Predicted intracellular proteins,,Tissue enhanced,epididymis: 6.2;testis: 20.4,False,False,False,False,False
ENSG00000258216,162.78708464271372,164.12284525907043,0.48146417445482864,0.46595010199278203,31.39629786559514,31.836993037872734,76.05835196762958,94.42152273723967,0.0688368043371067,0.057418190053006565,2.3379207368396435,2.3301458081695916,1.0877983615974227,0.7911531212501814,163.45496495089208,0.47370713822380534,2.3301458081695916,0.7911531212501814,0.0688368043371067,,,,,False,False,False,False,False
FIRRE,318.7226673326599,311.8857043088047,0.6708722741433022,0.6432606307861289,61.12060353716451,61.386006453757666,108.00285979403398,148.1209669479921,0.09109741459552499,0.07713883897132784,2.3636772787775824,2.3263413780596736,1.5524550443106222,1.0691526235786344,315.3041858207323,0.6570664524647156,2.3263413780596736,1.0691526235786344,0.09109741459552499,,,,,False,False,False,False,False
ENSG00000231358,27.648878216112273,27.20853444159277,0.13613707165109035,0.13000156911972383,3.065319022380591,4.624639661464694,6.084668157410365,14.767347157956914,0.06267331335580979,0.05027640385800033,2.817038173401397,2.3262991342958275,2.015706464829474,0.8391917650711035,27.42870632885252,0.13306932038540709,2.3262991342958275,0.8391917650711035,0.06267331335580979,,,,,False,False,False,False,False
NEBL,975.2397201202357,979.9899935887628,0.9169003115264798,0.9060097285422878,194.2762041002729,189.1234219451614,581.0858090326899,562.0541827392086,0.08031325439543698,0.06576140171109629,2.3217192951391623,2.3673021471697213,0.7460036058291016,0.8009646609496315,977.6148568544993,0.9114550200343838,2.3217192951391623,0.7460036058291016,0.08031325439543698,Predicted intracellular proteins,,Tissue enriched,heart muscle: 292.1,False,False,False,False,False
LINC02006,81.98793568106525,80.79419418954974,0.26510903426791277,0.2536482033579162,15.605260477573918,14.11732107183959,21.29633855093628,20.137291579032155,0.07092096765783565,0.0631562761128958,2.3212612670384845,2.4357959398794047,1.896094807001232,1.9522079140386455,81.3910649353075,0.25937861881291446,2.3212612670384845,1.896094807001232,0.07092096765783565,,,,,False,False,False,False,False
APBA1,340.8750048030818,331.5847368838169,0.685981308411215,0.658088812176369,65.67213784312356,65.76724402777685,172.6524589665191,168.70575389544717,0.07613991654731615,0.061816764346615025,2.3583130551660583,2.316509565385136,0.977266108351239,0.9706864809163427,336.22987084344936,0.672035060293792,2.316509565385136,0.9706864809163427,0.07613991654731615,"Predicted intracellular proteins, Transporters",Golgi apparatus,Tissue enhanced,brain: 35.1,False,False,False,False,False
LINC01387,30.115930225224464,29.6625323729932,0.1411993769470405,0.1350227522359956,4.133536257452614,5.160124253844816,12.16933631482073,8.949907368458737,0.08950543647616639,0.07759369731734235,2.5996284971329686,2.315445495502644,1.2404707359051506,1.6237218523126073,29.889231299108832,0.13811106459151806,2.315445495502644,1.2404707359051506,0.08950543647616639,,,,,False,False,False,False,False
ENSG00000217455,21.257551767635096,21.91165366070113,0.11542056074766355,0.11470265181233329,3.483317070887035,3.3589488067480406,6.845251677086661,11.187384210573422,0.07427082846707128,0.0535115352830299,2.311656472378862,2.3940294243649536,1.504403276360764,0.9106930774505136,21.584602714168113,0.11506160627999842,2.311656472378862,0.9106930774505136,0.07427082846707128,,,,,False,False,False,False,False
CASC8,40.738314782593534,41.382719214763576,0.18582554517133956,0.17903656048956534,7.013078369385898,7.5454647108108155,12.16933631482073,18.34731010534041,0.137060590833242,0.07870476763562222,2.3809438600228807,2.3102452976053365,1.6641897107176173,1.13134315235717,41.06051699867855,0.18243105283045247,2.3102452976053365,1.13134315235717,0.137060590833242,,,,,False,False,False,False,False
RASAL1,44.18963106477121,42.58960344332117,0.21425233644859812,0.2024164443747058,7.941962921622441,7.7888667982563256,21.29633855093628,28.19220821064502,0.1089274393248936,0.0983971498619675,2.337328309883255,2.31023501174827,1.0191849648508706,0.5784007328681063,43.389617254046186,0.20833439041165197,2.31023501174827,0.5784007328681063,0.1089274393248936,"Plasma proteins, Predicted intracellular proteins, RAS pathway related proteins","Plasma membrane,Cell Junctions,Cytosol",Tissue enhanced,parathyroid gland: 56.1;salivary gland: 26.2,False,True,False,False,False
CPAMD8,86.62803868265968,81.12943980859353,0.32741433021806854,0.30354621057586695,16.67347771264594,15.090929421621631,38.78975950349108,34.0096480001432,0.10846234792983603,0.09072981540614515,2.309806613122205,2.351651798334808,1.1389953892635958,1.2301469012700026,83.8787392456266,0.31548027039696774,2.309806613122205,1.1389953892635958,0.10846234792983603,"Disease related genes, Human disease related genes, Predicted intracellular proteins, Predicted secreted proteins",Focal adhesion sites,Tissue enhanced,seminal vesicle: 34.6,False,False,False,False,True
TOX3,268.1544924723085,265.2597436121965,0.6140186915887851,0.5972069668915738,50.71709655211523,53.20769631558852,105.7211092350051,139.17105957953336,0.07151414035945707,0.07432643612037321,2.379721317422366,2.2962647182484908,1.3345889389017758,0.9256458068107944,266.7071180422525,0.6056128292401795,2.2962647182484908,0.9256458068107944,0.07432643612037321,"Predicted intracellular proteins, Transcription factors","Nucleoplasm,Cytosol",Tissue enhanced,intestine: 16.8;retina: 16.4;stomach 1: 19.1,False,False,False,False,False
LINC02398,76.35078575350838,75.45708393437286,0.2542834890965732,0.24211517338772948,14.537043242501893,14.60412524673061,26.620423188670348,39.37959242121844,0.07212240222025847,0.06215592582368641,2.315703967498133,2.2927226936419176,1.485680522956377,0.9210238283381986,75.90393484394062,0.24819933124215135,2.2927226936419176,0.9210238283381986,0.07212240222025847,,,,,False,False,False,False,False
ENSG00000257194,21.794423189307178,21.41549014451634,0.1130841121495327,0.10960301270986976,3.6690939813343437,3.0668663018134286,6.845251677086661,9.84489810530461,0.07597500426080825,0.06590435959102259,2.287466369294658,2.462506578072023,1.5387892674398005,1.0474795481410988,21.60495666691176,0.11134356242970123,2.287466369294658,1.0474795481410988,0.07597500426080825,,,,,False,False,False,False,False
FGF13,1332.7449563422551,1306.3314889907351,0.9242990654205607,0.9151890789267221,272.3953949433661,262.43613068374907,390.939929113616,560.2642012655169,0.07110697820592682,0.057211887594289156,2.2864219678120032,2.3110998673074534,1.7667783544432025,1.21987305059497,1319.5382226664951,0.9197440721736414,2.2864219678120032,1.21987305059497,0.07110697820592682,"Disease related genes, Human disease related genes, Predicted intracellular proteins",Cytosol,Tissue enhanced,brain: 64.9;skeletal muscle: 51.9;tongue: 41.3,False,False,False,False,False
MIR924HG,177.47435282131428,176.04417947226707,0.288006230529595,0.28401067001412206,35.854943716330546,35.00122017466436,61.607265093779944,77.41669873716806,0.06444192500755326,0.052419885228773264,2.27578671022491,2.297991705106011,1.5113147848248492,1.1748766020169652,176.75926614679068,0.2860084502718585,2.27578671022491,1.1748766020169652,0.06444192500755326,,,,,False,False,False,False,False
ENSG00000285679,596.8859770232837,581.7584276390435,0.8331775700934579,0.806605994037345,121.59098788776343,119.89986827565832,279.1341517212005,250.1499109484217,0.06632074494709062,0.05419419120622759,2.286017448808021,2.269085290507855,1.0937524979361273,1.2143491997668698,589.3222023311636,0.8198917820654015,2.269085290507855,1.0937524979361273,0.06632074494709062,,,,,False,False,False,False,False
ERBB4,1991.0643631883013,1992.2574353790603,0.9575545171339563,0.9406088184528479,414.28251029749805,383.74773106659137,1656.550905854972,1727.779617480959,0.06469317707855632,0.054429192087974206,2.2620992425613147,2.3731433269154967,0.26521108300808577,0.20537408288616738,1991.660899283681,0.9490816677934022,2.2620992425613147,0.20537408288616738,0.06469317707855632,"Cancer-related genes, Disease related genes, Enzymes, FDA approved drug targets, Human disease related genes, Plasma proteins, Predicted intracellular proteins, Predicted membrane proteins, Transporters",,Tissue enhanced,blood vessel: 7.6;brain: 7.7;fallopian tube: 10.6,True,True,False,True,False
POLR2F,326.2005192773782,312.7037036192715,0.7174454828660436,0.675427585124745,62.09593231701288,64.4528727555711,155.1590380139643,159.75584652698845,0.11391746768291602,0.09325492861509241,2.3745561325585847,2.2608741426960512,1.0671589672722375,0.9645313540312391,319.45211144832484,0.6964365339953943,2.2608741426960512,0.9645313540312391,0.11391746768291602,"Essential proteins, Metabolic proteins, Predicted intracellular proteins, RNA polymerase related proteins","Nucleoplasm,Nucleoli fibrillar center",Low tissue specificity,,False,False,False,False,False
NIPAL1,210.24907484910526,205.90785921668655,0.5741433021806853,0.5463674878393221,36.87671672379075,42.25460238054057,95.07293995953695,101.58144863200665,0.08479974661306945,0.07698014824017237,2.4795618393538525,2.2580628939546123,1.136742981426966,1.0122185957816363,208.0784670328959,0.5602553950100038,2.2580628939546123,1.0122185957816363,0.08479974661306945,Predicted membrane proteins,Golgi apparatus,Tissue enhanced,esophagus: 20.5;liver: 15.1;skin 1: 24.3,False,True,False,False,False
BICDL2,28.645925142074713,27.771747081586312,0.14657320872274143,0.14051467126941786,5.201753492524639,5.014083001377509,13.690503354173321,11.187384210573422,0.11695103158916796,0.10711398380982982,2.2570857308042296,2.258236143203409,1.0129499896004284,1.239264315017479,28.208836111830514,0.14354393999607964,2.2570857308042296,1.0129499896004284,0.11695103158916796,Predicted intracellular proteins,"Intermediate filaments,Actin filaments,Cytosol",Tissue enhanced,esophagus: 101.5;pancreas: 123.7,False,False,False,False,False
NCKAP5,698.0990226613683,685.6845695426136,0.8397196261682243,0.8133532088498352,139.3326828354814,142.68230366055806,341.50200033465677,357.9962947383495,0.07115744361123436,0.06045195611066814,2.3166457729762215,2.256765159116424,1.0293844041415732,0.9356785914201223,691.891796101991,0.8265364175090297,2.256765159116424,0.9356785914201223,0.07115744361123436,Predicted intracellular proteins,"Nucleoli,Golgi apparatus,Plasma membrane,Cytosol",Tissue enhanced,lung: 10.8,False,True,False,False,False
SERPINI2,26.600700678562013,26.993977245404754,0.11713395638629283,0.11752706731523616,4.783755444018195,4.770680913931999,10.64816927546814,7.607421263189926,0.07382862102855942,0.06917678592953666,2.254626435244541,2.2783030069886214,1.2446016655245942,1.7014634885825966,26.797338961983385,0.11733051185076449,2.254626435244541,1.2446016655245942,0.07382862102855942,Predicted secreted proteins,,Tissue enriched,pancreas: 1338.6,False,False,False,False,True
PRLR,457.0309716777061,452.7425036062371,0.8051401869158878,0.7782049270359328,94.83911278335101,94.29396867639065,240.34439221770944,284.1595589485649,0.08450899909814749,0.07769490727960801,2.2567586977114664,2.251416996758725,0.9243518501891913,0.6701044134980504,454.8867376419716,0.7916725569759103,2.251416996758725,0.6701044134980504,0.08450899909814749,"Disease related genes, FDA approved drug targets, Human disease related genes, Predicted intracellular proteins, Predicted membrane proteins",,Tissue enhanced,choroid plexus: 120.7;parathyroid gland: 77.7;placenta: 47.2,True,True,False,False,False
ENSG00000259345,93.95249879261452,92.48756138179662,0.2680685358255452,0.25866938647418797,18.94924486562547,18.060434888456857,49.43792877895922,49.67198589494599,0.07295571600415343,0.061040604475489674,2.25087182971792,2.2941933891034743,0.9126969342129438,0.8835860547886373,93.22003008720557,0.2633689611498666,2.25087182971792,0.8835860547886373,0.07295571600415343,,,,,False,False,False,False,False
MIR4500HG,28.326358819650853,29.407745702519932,0.1235202492211838,0.12309744233485015,3.9477593470053063,5.403526341290326,10.64816927546814,21.032282315878028,0.07204979913554634,0.057591935576942865,2.567350720029867,2.247500362178542,1.3320947296567216,0.4648199142035868,28.86705226108539,0.12330884577801698,2.247500362178542,0.4648199142035868,0.07204979913554634,,,,,False,False,False,False,False
PPP2R3A,746.2001455126075,730.8622691649527,0.913785046728972,0.8882002196767613,155.49527404439723,153.29463467318232,337.6990827362753,333.83154484351087,0.07069893875732977,0.060874474157561594,2.2553756457188703,2.2458842743957446,1.1414906562680704,1.128136717814845,738.5312073387802,0.9009926332028666,2.2458842743957446,1.128136717814845,0.07069893875732977,Predicted intracellular proteins,"Golgi apparatus,Flagellar centriole,Mid piece",Group enriched,heart muscle: 47.9;skeletal muscle: 168.9;tongue: 110.0,False,False,False,False,False
LINC01235,116.83344747816282,113.7823631034572,0.2979750778816199,0.28801192530990116,22.293229253677026,23.22055914230167,92.03060588083177,82.33914778982037,0.06460059774025978,0.06392911084610693,2.338766545489635,2.2445969057973527,0.3409717841864064,0.461834729073592,115.30790529081001,0.29299350159576054,2.2445969057973527,0.3409717841864064,0.06460059774025978,,,,,False,False,False,False,False
NIHCOLE,55.84741050679359,58.855720879325126,0.12679127725856698,0.12600031382394478,7.895518694010613,11.634619779895386,29.66275726737553,59.5168840002506,0.0730887410777618,0.0641932510802677,2.675943997470204,2.2441068942331124,0.8906072001112714,-0.01584856204166303,57.35156569305936,0.12639579554125588,2.2441068942331124,-0.01584856204166303,0.0730887410777618,,,,,False,False,False,False,False
MYBPC1,145.04476242174107,142.4257487945573,0.43481308411214953,0.40734348030754747,29.956526809628503,28.283322561168283,76.05835196762958,71.5992589476699,0.09849620905883447,0.08095334824868626,2.2380950985303953,2.2921528900904065,0.9223873831754874,0.9822773228150258,143.7352556081492,0.4210782822098485,2.2380950985303953,0.9223873831754874,0.09849620905883447,"Disease related genes, Human disease related genes, Predicted intracellular proteins",,Group enriched,skeletal muscle: 10574.4;tongue: 4864.3,False,False,False,False,False
MECOM,1083.3937462813665,1099.5117616902494,0.9230529595015576,0.9092264239761494,229.62026131287334,197.73985584073247,288.2611539573161,311.0092810539411,0.07222458186917034,0.06135785660185693,2.2332975255578793,2.469221435305634,1.906444202189202,1.8185137147120949,1091.452753985808,0.9161396917388536,2.2332975255578793,1.8185137147120949,0.07222458186917034,"Cancer-related genes, Disease related genes, Enzymes, Human disease related genes, Potential drug targets, Predicted intracellular proteins, Transcription factors",Nuclear speckles,Tissue enhanced,stomach 1: 69.2,False,False,False,True,False
KYNU,835.6020198739063,834.949328965664,0.8324766355140187,0.8117056331398086,177.8349475256861,167.2659144925546,274.5706506031427,255.51985536949692,0.07507049165898608,0.0659244704549605,2.225912788886331,2.3126725355071205,1.6021192378728832,1.704344997184404,835.2756744197852,0.8220911343269137,2.225912788886331,1.6021192378728832,0.07507049165898608,"Disease related genes, Enzymes, Human disease related genes, Metabolic proteins, Plasma proteins, Potential drug targets, Predicted intracellular proteins","Nucleoplasm,Cytosol",Tissue enhanced,liver: 82.6;urinary bladder: 48.0,False,False,False,True,False
PLEKHG4B,68.09319198207585,64.62194552687804,0.28862928348909656,0.26824101678958107,12.261276089522363,13.095032304568448,34.226258385433304,41.61706926333312,0.09783405787885893,0.07862571989224053,2.381323955338009,2.218991582355404,0.9718923185653771,0.6227469830766271,66.35756875447694,0.27843515013933884,2.218991582355404,0.6227469830766271,0.09783405787885893,Predicted intracellular proteins,Nucleoplasm,Tissue enhanced,choroid plexus: 7.9,False,False,False,False,False
VTCN1,191.85483733038794,196.18573626441707,0.5416666666666666,0.5296563627804801,40.452922249901434,36.851076039250245,97.35469051856585,115.90130042154063,0.09313070354812016,0.08068427592675027,2.217969619069327,2.3811489767313256,0.9714495720452035,0.7542642172702132,194.0202867974025,0.5356615147235734,2.217969619069327,0.7542642172702132,0.09313070354812016,"Predicted intracellular proteins, Predicted membrane proteins","Plasma membrane,Cell Junctions,Focal adhesion sites",Tissue enhanced,breast: 94.8;fallopian tube: 30.5;pancreas: 28.4,False,True,False,False,False
VSNL1,59.349857400559074,54.282970635568034,0.23933021806853583,0.21857837753020556,12.029054951463229,8.908516400505674,61.607265093779944,32.66716189487439,0.08304967683223453,0.06480077716339243,2.2116179187073453,2.4800941768068716,-0.052979718516321876,0.7154930324925302,56.816414018063554,0.2289542977993707,2.2116179187073453,-0.052979718516321876,0.08304967683223453,Predicted intracellular proteins,Cytosol,Tissue enriched,brain: 725.4,False,False,False,False,False
COL27A1,218.96684412482813,213.49782003183762,0.549221183800623,0.5378942413306135,46.63000452227444,44.20181908010465,94.31235643986066,108.74137452677364,0.1187061092719935,0.08624446126045412,2.207343490132212,2.2465102474677003,1.2065509163576544,0.9668554345091801,216.2323320783329,0.5435577125656182,2.207343490132212,0.9668554345091801,0.1187061092719935,"Disease related genes, Human disease related genes, Predicted intracellular proteins, Predicted secreted proteins",,Tissue enhanced,brain: 98.1;cervix: 113.0,False,False,False,False,True
PPM1H,230.9953205008622,231.17196906782542,0.5848909657320872,0.5709242115173387,49.32376972376042,47.85285039178731,136.14445002205693,154.83339747433612,0.0828515931159715,0.06678258641786258,2.2047838027244713,2.2486791551723524,0.7583994653199598,0.5751893430173892,231.0836447843438,0.5779075886247129,2.2047838027244713,0.5751893430173892,0.0828515931159715,"Enzymes, Predicted intracellular proteins",Nucleoplasm,Tissue enhanced,brain: 34.8;parathyroid gland: 39.8,False,False,False,True,False
CFAP20DC,64.82083284045554,64.95719114592183,0.25358255451713396,0.24729326847638475,13.28304909698256,12.608228129677428,30.423340787051828,31.772171158028513,0.08435705210010541,0.06351190951757602,2.204240287305507,2.2770507296491944,1.0667077116268573,1.0090587067800147,64.88901199318869,0.25043791149675937,2.204240287305507,1.0090587067800147,0.08435705210010541,Predicted intracellular proteins,Golgi apparatus,Group enriched,esophagus: 8.1;testis: 20.9,False,False,False,False,False
MGAM2,40.68718417100572,40.336752883346996,0.1470404984423676,0.14435901459281344,8.034851376846094,7.983588468212734,16.732837432878505,27.297217473799144,0.10221479870960722,0.08020734491490691,2.2060311521542175,2.202061319982243,1.2331805257747759,0.5467648687870845,40.51196852717636,0.14569975651759054,2.202061319982243,0.5467648687870845,0.10221479870960722,"Enzymes, Predicted membrane proteins","Vesicles,Cytosol",Tissue enhanced,intestine: 5.5;pancreas: 3.8;salivary gland: 8.1,False,True,False,True,False
GRB14,515.6010872515509,528.843259129174,0.7887071651090343,0.7625137297975836,110.86237130943137,114.39898109938979,211.4422184700102,236.27755452731063,0.07916618151743884,0.07854468518104203,2.207325861125098,2.198935151613109,1.281980179539922,1.158990003542367,522.2221731903625,0.775610447453309,2.198935151613109,1.158990003542367,0.07916618151743884,Predicted intracellular proteins,"Nucleoplasm,Cytosol",Tissue enhanced,epididymis: 23.8;liver: 29.1;tongue: 43.3,False,False,False,False,False
ITIH6,38.07952298002703,35.85787141292216,0.16121495327102803,0.14859563784716773,6.455747638043971,7.058660535919795,16.732837432878505,21.47977768430097,0.0859557795459506,0.08719805400396,2.389987923686431,2.193360788631471,1.139989456844828,0.7133449880017905,36.968697196474594,0.15490529555909788,2.193360788631471,0.7133449880017905,0.08719805400396,Predicted secreted proteins,,Tissue enhanced,skeletal muscle: 1.4,False,False,False,False,True
CXXC4-AS1,41.160142328193025,42.495734669988906,0.17289719626168223,0.175741409069512,8.220628287293403,7.156021370897999,22.056922070612575,17.452319368494535,0.09074914112143415,0.0725557455246477,2.1929427740014886,2.4149364719272883,0.8706798006955514,1.2370717650699041,41.82793849909096,0.17431930266559711,2.1929427740014886,0.8706798006955514,0.09074914112143415,,,,,False,False,False,False,False
SMC1B,66.22692465912053,65.1583385173481,0.2164330218068536,0.208536011297662,13.422381779818043,13.484475644481263,18.254004472231095,25.507236000107397,0.08547328652952726,0.07964466788601729,2.220729716339745,2.191415545260311,1.8038806234679967,1.3195367601943682,65.69263158823432,0.2124845165522578,2.191415545260311,1.3195367601943682,0.08547328652952726,Predicted intracellular proteins,"Nucleoplasm,Cytosol",Tissue enriched,testis: 29.0,False,False,False,False,False
DTL,64.22004815429868,63.41506129832047,0.16721183800623052,0.1624038914169151,13.329493324594386,12.46218687721012,11.408752795144434,29.53469431591383,0.10553334357217144,0.07704046719925887,2.1863279079165987,2.2584852646602025,2.3939573889330443,1.0769486511821762,63.817554726309574,0.16480786471157283,2.1863279079165987,1.0769486511821762,0.10553334357217144,"Essential proteins, Predicted intracellular proteins","Nucleoplasm,Nucleoli,Cytosol",Group enriched,bone marrow: 13.8;intestine: 4.5;lymphoid tissue: 13.2;placenta: 3.7;testis: 12.8,False,False,False,False,False
PDE7B-AS1,209.9806391382692,212.26411615375653,0.5232866043613708,0.5120037658873372,45.46889883197876,44.49390158503926,86.70652124309771,126.64118926369113,0.0768391278240165,0.06465011517580434,2.1827732515767395,2.2288961665909137,1.2663545940915226,0.7405472823252124,211.12237764601286,0.517645185124354,2.1827732515767395,0.7405472823252124,0.0768391278240165,,,,,False,False,False,False,False
SLC25A21,118.78919337139683,115.84747611676686,0.36440809968847354,0.352424289973325,25.4978809588931,20.591816597890162,76.05835196762958,54.14693957917535,0.06677869751056355,0.04985673869480188,2.1765488663364283,2.436070039770212,0.6364745263177468,1.08327384281301,117.31833474408185,0.35841619483089926,2.1765488663364283,0.6364745263177468,0.06677869751056355,"Disease related genes, Human disease related genes, Metabolic proteins, Potential drug targets, Predicted intracellular proteins, Transporters",,Tissue enhanced,bone marrow: 5.9,False,False,False,False,False
GOLT1A,21.819988495101086,20.73158908166704,0.11814641744548286,0.10764161305507611,4.087092029840788,3.7970725641499588,7.605835196762957,13.872356421111041,0.16765509073642615,0.12882534838117382,2.165384965144254,2.179567504629626,1.4069109464762504,0.5471604222790336,21.275788788384062,0.11289401525027948,2.165384965144254,0.5471604222790336,0.16765509073642615,Predicted membrane proteins,,Tissue enriched,liver: 217.2,False,True,False,False,False
ARFGEF3,219.49093289360326,219.74679837081356,0.6082554517133957,0.5822218735289503,48.16266403346474,47.22000496442897,127.77803130561767,168.70575389544717,0.08087829699888344,0.0747012803523886,2.1650843300786184,2.1946888091310752,0.775832829930801,0.37935703324394965,219.6188656322084,0.595238662621173,2.1650843300786184,0.37935703324394965,0.08087829699888344,Predicted intracellular proteins,,Tissue enhanced,brain: 20.1;salivary gland: 17.0,False,False,False,False,False
FOLH1,151.46165417601216,154.11911598680422,0.49805295950155765,0.4861132904440609,32.41807087305534,33.5894880674804,50.198512298635514,63.09684694763409,0.10296745641805631,0.09340837684869079,2.1897460758655964,2.1649709200035523,1.5742726394204198,1.2750511921191445,152.7903850814082,0.49208312497280926,2.1649709200035523,1.2750511921191445,0.10296745641805631,"Cancer-related genes, Enzymes, FDA approved drug targets, Plasma proteins, Predicted intracellular proteins, Predicted membrane proteins",,Tissue enhanced,intestine: 250.9;prostate: 71.4,True,True,False,True,False
CFAP20DC-DT,28.24966290226913,28.348369546341605,0.12414330218068535,0.12309744233485015,5.387530402971948,5.549567593757632,10.64816927546814,13.424861052688104,0.06815604665088816,0.06510579501261453,2.195089839930255,2.163808789048049,1.3283167713850101,1.0247229341994606,28.29901622430537,0.12362037225776776,2.163808789048049,1.0247229341994606,0.06815604665088816,,,,,False,False,False,False,False
ENSG00000228142,24.862259884576225,23.467193333064245,0.12149532710280374,0.11038757257178723,4.783755444018195,4.04047465159547,11.408752795144434,11.634879578996358,0.077442088996639,0.06569404501931674,2.1607698887424243,2.279217116293009,1.0594902282503682,0.9534367030315855,24.164726608820235,0.11594144983729548,2.1607698887424243,0.9534367030315855,0.077442088996639,,,,,False,False,False,False,False
STOX2,411.24350900081555,411.21227631909426,0.7360591900311526,0.7176369056959045,91.54157262291129,83.48691599381,220.56922070612575,231.80260084308125,0.08324350571586069,0.06230813353981535,2.155323256882042,2.2865876293427774,0.895739294532277,0.8242802952521473,411.22789265995493,0.7268480478635286,2.155323256882042,0.8242802952521473,0.08324350571586069,Predicted intracellular proteins,"Nucleoplasm,Actin filaments,Cytosol",Low tissue specificity,,False,False,False,False,False
PROM1,509.66993630736414,507.1193430151375,0.8292834890965732,0.811862545112192,113.74191342136464,113.52273358458595,242.6261427767383,312.79926252763283,0.09859823753184893,0.09364129546037679,2.1539986470298302,2.1495333734202626,1.0677221757833302,0.6953254237174572,508.39463966125084,0.8205730171043826,2.1495333734202626,0.6953254237174572,0.09859823753184893,"CD markers, Disease related genes, Human disease related genes, Potential drug targets, Predicted intracellular proteins, Predicted membrane proteins, Transporters",Plasma membrane,Tissue enriched,retina: 252.8,False,True,True,False,False
PHEX,166.59631520600612,166.1879582723801,0.5169781931464175,0.49772477640043933,36.78382826856709,34.02761182488233,63.88901565280884,79.20668021085982,0.08274948360200983,0.07564980584885228,2.1491496415789966,2.2549064069567137,1.3689442440662396,1.0596766357156908,166.39213673919312,0.5073514847734284,2.1491496415789966,1.0596766357156908,0.08274948360200983,"Disease related genes, Enzymes, Human disease related genes, Plasma proteins, Potential drug targets, Predicted intracellular proteins, Predicted membrane proteins","Vesicles,Plasma membrane",Tissue enhanced,ovary: 4.8,False,True,False,True,False
ANKS1B,713.1953357326714,697.0024616415315,0.8595015576323988,0.8418327318374392,160.09325257796814,153.87879968305154,387.13701151523446,468.5276507388149,0.06981322292229003,0.060872207816608376,2.1484226442518817,2.172092447565072,0.8797527014916271,0.5720220029119922,705.0988986871014,0.850667144734919,2.1484226442518817,0.5720220029119922,0.06981322292229003,Predicted intracellular proteins,"Nucleoplasm,Plasma membrane",Tissue enriched,brain: 66.3,False,True,False,False,False
ENSG00000282890,45.37841778418797,43.541701001405485,0.1616822429906542,0.15432292483916524,9.474622432812735,8.421712225614653,15.97225391320221,16.109833263225728,0.0653414899075022,0.0593431200860283,2.146555361160194,2.2410954817258815,1.4502754354569443,1.3803309534959112,44.46005939279672,0.15800258391490973,2.146555361160194,1.3803309534959112,0.0653414899075022,,,,,False,False,False,False,False
NALCN,93.04493043693076,93.15805261988416,0.3437694704049844,0.32841675819865057,19.692352507414704,20.29973409295555,86.70652124309771,86.81410147404975,0.08484159069977988,0.07621775589078678,2.1842525021844343,2.1442490629361424,0.10066606091322093,0.10063185178958924,93.10149152840745,0.3360931143018175,2.1442490629361424,0.10063185178958924,0.08484159069977988,"Disease related genes, Human disease related genes, Metabolic proteins, Potential drug targets, Predicted intracellular proteins, Predicted membrane proteins, Transporters","Nucleoli,Plasma membrane,Microtubules,Cytokinetic bridge,Mitotic spindle,Primary cilium,Cytosol",Tissue enhanced,brain: 15.1,False,True,False,False,False
ENSG00000255910,121.92094333115065,125.08684537761329,0.34937694704049843,0.3428526596579319,26.89120778724791,26.968951288962526,41.07151006251996,71.5992589476699,0.07674951086795236,0.058151640815739425,2.1398484291548687,2.1725197020459777,1.5468152372959718,0.7963910401610702,123.50389435438197,0.3461148033492152,2.1398484291548687,0.7963910401610702,0.07674951086795236,,,,,False,False,False,False,False
ARNT2,47.09129327237985,49.737040041334446,0.18722741433021806,0.1902557665149851,9.753287798483699,10.51497017764604,23.578089109965166,31.32467578960558,0.09158515020101976,0.05544374933277312,2.1609978950438187,2.139528681439462,0.9684029698885045,0.6504034560234093,48.41416665685715,0.18874159042260158,2.139528681439462,0.6504034560234093,0.09158515020101976,"Disease related genes, Human disease related genes, Predicted intracellular proteins, Transcription factors",Nucleoplasm,Tissue enriched,brain: 97.5,False,False,False,False,False
PADI2,232.98941435278707,215.77749024133527,0.6461059190031153,0.6012082221873529,49.09154858570128,48.58305665412384,77.57951900698215,112.76883284258008,0.148748973268905,0.11753453992695014,2.2238041454974797,2.1282958404679038,1.5742180219132518,0.9301095746735083,224.38345229706118,0.6236570705952341,2.1282958404679038,0.9301095746735083,0.148748973268905,"Enzymes, Metabolic proteins, Predicted intracellular proteins",,Tissue enhanced,brain: 236.1;skeletal muscle: 292.0;tongue: 459.8,False,False,False,True,False
CNGA1,113.3949138488821,115.32449295105856,0.40373831775700936,0.3939275066687588,24.894105999939345,25.654580016756775,66.17076621183772,56.831911789712976,0.09712255855294867,0.07738362574540379,2.1433272543302158,2.125699542983352,0.7681175185568947,1.0082171983240076,114.35970339997033,0.3988329122128841,2.125699542983352,0.7681175185568947,0.09712255855294867,"Disease related genes, Human disease related genes, Potential drug targets, Predicted intracellular proteins, Predicted membrane proteins, Transporters, Voltage-gated ion channels","Nucleoplasm,Vesicles,Plasma membrane,Mitotic spindle,Primary cilium,Primary cilium tip,Mid piece,Principal piece",Tissue enriched,retina: 244.8,False,True,False,False,False
ENSG00000289077,27.572182298730546,27.530370235874795,0.14026479750778817,0.1340028244155029,4.969532354465504,5.549567593757632,9.887585755791843,17.452319368494535,0.06983072002710379,0.06388542278553642,2.2589214091362977,2.123026901410774,1.3919271490605583,0.6286963011902658,27.55127626730267,0.13713381096164554,2.123026901410774,0.6286963011902658,0.06983072002710379,,,,,False,False,False,False,False
SLC5A1,176.92469874674524,172.00782221898004,0.5072429906542056,0.4859563784716774,37.06249363423805,38.74961232132522,81.38243660536364,92.63154126354793,0.1066486278711752,0.10060948603209559,2.2248248064221747,2.12182457309567,1.1108580910788053,0.8857707566350561,174.46626048286265,0.4965996845629415,2.12182457309567,0.8857707566350561,0.1066486278711752,"Disease related genes, FDA approved drug targets, Human disease related genes, Metabolic proteins, Plasma proteins, Predicted membrane proteins, Transporters","Nuclear membrane,Golgi apparatus,Plasma membrane",Tissue enriched,intestine: 497.5,True,True,False,False,False
ENSG00000236230,36.2388209628656,37.42682091004703,0.1369158878504673,0.13525812019457084,7.570409100727823,7.204701788387101,5.32408463773407,14.767347157956914,0.07332003918020416,0.050473697418719994,2.119371418885677,2.227590822719139,2.557878814624535,1.2851736773136266,36.832820936456315,0.13608700402251905,2.119371418885677,1.2851736773136266,0.07332003918020416,,,,,False,False,False,False,False
ATP2C2,71.95355315695608,69.8383673591992,0.28154205607476634,0.2680841048171976,15.791037388021225,15.236970674088937,56.28318045604588,50.119481263368925,0.10542937655142008,0.08021478691022886,2.1192868794395907,2.125248467568665,0.34886664979093684,0.4706577655273973,70.89596025807764,0.27481308044598196,2.1192868794395907,0.34886664979093684,0.10542937655142008,"Enzymes, FDA approved drug targets, Metabolic proteins, Predicted membrane proteins, Transporters","Plasma membrane,Focal adhesion sites",Tissue enhanced,intestine: 35.1;salivary gland: 19.1;skin 1: 24.5,True,True,False,True,False
ENSG00000250519,48.919212636644325,47.92671369849806,0.20965732087227415,0.1966891573827083,9.70684357087187,10.27156809020053,12.16933631482073,26.40222673695327,0.08265278612667157,0.06342773327605712,2.2210619497973534,2.117934147439135,1.9224125381037354,0.8363292502870504,48.4229631675712,0.20317323912749125,2.117934147439135,0.8363292502870504,0.08265278612667157,,,,,False,False,False,False,False
PROSER2,67.35179811405251,68.45715540873883,0.30179127725856697,0.296406715832418,14.629931697725548,15.090929421621631,31.183924306728123,36.69462021068082,0.10176969304052527,0.09198308161648548,2.1286678171338207,2.109875667516884,1.0866390409463214,0.8817646906584522,67.90447676139567,0.2990989965454925,2.109875667516884,0.8817646906584522,0.10176969304052527,Predicted intracellular proteins,"Plasma membrane,Cytosol",Tissue enhanced,liver: 40.0,False,True,False,False,False
ESRP1,215.60500641292913,216.03227691180854,0.639797507788162,0.6185469951357289,49.184437040924934,48.14493289672191,123.21453018755989,132.4586290531893,0.09215916210210096,0.0893535731798131,2.1097546515658916,2.1427950355438825,0.8022326435622373,0.7015170263485035,215.81864166236883,0.6291722514619454,2.1097546515658916,0.7015170263485035,0.09215916210210096,"Disease related genes, Human disease related genes, Predicted intracellular proteins","Nucleoplasm,Nuclear bodies",Low tissue specificity,,False,False,False,False,False
ENSG00000228566,65.0253552868068,67.77325434588953,0.18317757009345795,0.17801663266907264,14.304822104442758,14.701486081708815,63.128432133132534,51.46196736863774,0.06454928279037726,0.058309840591059876,2.1090338838501985,2.1309465046542497,0.04205602428863819,0.3905757045280352,66.39930481634816,0.18059710138126528,2.1090338838501985,0.04205602428863819,0.06454928279037726,,,,,False,False,False,False,False
ABCA13,57.713677829748924,55.57031381269613,0.20771028037383177,0.197709085203201,10.031953164154661,12.121423954786408,25.859839668994052,34.90463873698907,0.09207632827281452,0.07541248744247317,2.4120083929993603,2.1081208823897937,1.128245936959825,0.6558749275011744,56.64199582122252,0.20270968278851637,2.1081208823897937,0.6558749275011744,0.09207632827281452,Predicted membrane proteins,"Nucleoplasm,Vesicles,Centrosome,Basal body,Cytosol",Tissue enriched,bone marrow: 42.1,False,True,False,False,False
RGS6,177.09087323440565,172.71854293135283,0.37671339563862927,0.3568962811862545,38.92026273871114,39.38245774868354,64.64959917248513,77.41669873716806,0.07632355557609423,0.05456065435238722,2.157420462342883,2.1049511338567997,1.4397554755882145,1.1475189450546865,174.90470808287924,0.3668048384124419,2.1049511338567997,1.1475189450546865,0.07632355557609423,Predicted intracellular proteins,"Nucleoplasm,Nucleoli,Vesicles",Tissue enhanced,brain: 11.5;heart muscle: 10.5,False,False,False,False,False
UNC5C,618.2202247083005,609.999518587291,0.7550623052959502,0.7267378000941472,141.88711535413188,141.51397364081961,686.0463347480186,509.24972926530216,0.06471724123699565,0.057665269836095004,2.1155767636548215,2.1000678593937994,-0.14995480545332493,0.259967731555441,614.1098716477958,0.7409000526950487,2.1000678593937994,-0.14995480545332493,0.06471724123699565,"Disease related genes, Plasma proteins, Predicted intracellular proteins, Predicted membrane proteins",,Tissue enhanced,thyroid gland: 11.1,False,True,False,False,False
CACNB2,291.2271809513111,286.2997586633837,0.6498442367601246,0.6176055233014279,65.48636093267626,66.05932653271145,101.15760811694732,127.536180000537,0.07232743722500039,0.05968738562710953,2.1359600534782066,2.0990468814471406,1.5162937221135282,1.160382278679915,288.7634698073474,0.6337248800307762,2.0990468814471406,1.160382278679915,0.07232743722500039,"Disease related genes, FDA approved drug targets, Human disease related genes, Predicted intracellular proteins, Transporters",,Tissue enhanced,retina: 19.5,True,False,False,False,False
ENSG00000287306,58.544550268050955,56.10670680316617,0.25989096573208725,0.2406245096500863,12.911495276087942,11.926702284829998,25.859839668994052,32.66716189487439,0.0795878097594498,0.07236951038352475,2.097691977290024,2.143305912559491,1.1485187803831098,0.7623180818136198,57.32562853560856,0.2502577376910868,2.097691977290024,0.7623180818136198,0.0795878097594498,,,,,False,False,False,False,False
MLIP,41.799274973040745,42.45550519570366,0.16666666666666666,0.16326690726502432,9.010180156694464,9.054557652972978,20.53575503125998,29.53469431591383,0.09581031047241673,0.0654643353426234,2.096118418243272,2.1116893454663854,0.9908524528055125,0.5090895552281252,42.1273900843722,0.1649667869658455,2.096118418243272,0.5090895552281252,0.09581031047241673,"Disease related genes, Predicted intracellular proteins","Nucleoplasm,Vesicles,Plasma membrane",Group enriched,heart muscle: 186.2;liver: 119.5;skeletal muscle: 205.1;tongue: 139.5,False,True,False,False,False
ENSG00000255202,23.456168065911246,21.737325938798364,0.11230529595015576,0.1012082221873529,4.7373112164063675,3.4563096417262447,8.366418716439252,12.529870315842231,0.08700945770265431,0.0779143212339517,2.0917516885546346,2.3511412083100813,1.3846289329170993,0.7489145825347973,22.596747002354803,0.10675675906875433,2.0917516885546346,0.7489145825347973,0.08700945770265431,,,,,False,False,False,False,False
FHIP1A,366.3763973325058,362.21277663965617,0.7394859813084113,0.715361682096344,78.95518694010613,84.46052434359204,348.34725201174336,341.4389661067008,0.07252191440788457,0.06941824026395367,2.1999954073013166,2.0874848789993985,0.07259714926061622,0.08496807757221499,364.29458698608096,0.7274238317023776,2.0874848789993985,0.07259714926061622,0.07252191440788457,Predicted intracellular proteins,Cytosol,Tissue enhanced,skeletal muscle: 32.3,False,False,False,False,False
ENSG00000286909,23.00877521451784,26.605092327313976,0.12562305295950155,0.137376431821748,4.040647802228961,5.50088717626853,7.605835196762957,9.397402736881673,0.10711101375890693,0.06692338326522,2.251880748018697,2.0862259050153176,1.4801746898880734,1.4087112370689532,24.806933770915908,0.13149974239062479,2.0862259050153176,1.4087112370689532,0.10711101375890693,,,,,False,False,False,False,False
TMEM108,106.37723740845416,103.6311257588117,0.2576323987538941,0.25184371567550606,24.290331040985592,23.36660039476898,90.50943884147918,85.024120000358,0.06371058857325033,0.05992452820577089,2.0860303663886275,2.102335202860584,0.23069572841779418,0.28249895578106865,105.00418158363294,0.2547380572147001,2.0860303663886275,0.23069572841779418,0.06371058857325033,"Predicted intracellular proteins, Predicted membrane proteins","Nucleoli,Vesicles,Plasma membrane,Cytosol",Tissue enhanced,retina: 32.3;skeletal muscle: 21.7,False,True,False,False,False
FGFR2,418.3506640115222,418.6279094123426,0.7505451713395639,0.7280715518594069,88.75491896620164,97.9936804055624,338.45966625595156,332.0415633698191,0.09738517792604112,0.08511560853941379,2.224094228190875,2.0837023006604514,0.30491697321415107,0.33340839868399785,418.48928671193244,0.7393083615994853,2.0837023006604514,0.30491697321415107,0.09738517792604112,"Cancer-related genes, CD markers, Disease related genes, Enzymes, FDA approved drug targets, Human disease related genes, Plasma proteins, Predicted intracellular proteins, Predicted membrane proteins, Predicted secreted proteins, RAS pathway related proteins","Nucleoplasm,Vesicles,Cell Junctions",Tissue enriched,brain: 549.0,True,True,True,True,True
SPTSSB,487.9522090354386,492.5160438495905,0.8049844236760124,0.7814216224697944,110.7230386265959,115.51863070163914,170.37070840749024,202.7154018955904,0.09383227004640576,0.09438980551972667,2.1297667432971163,2.0825363339238687,1.512572923349903,1.2765419270825398,490.2341264425146,0.7932030230729035,2.0825363339238687,1.2765419270825398,0.09438980551972667,Predicted membrane proteins,,Tissue enhanced,skin 1: 58.9;stomach 1: 67.0;urinary bladder: 62.6,False,True,False,False,False
KRTAP5-10,86.64082133555662,96.14844354175463,0.20615264797507787,0.2017887964851718,19.645908279802878,21.95486828758502,24.33867262964146,29.087198947490894,0.27822710032351067,0.2167992528187717,2.0857471160682612,2.0813907278849926,1.790262054114963,1.6910410807739094,91.39463243865563,0.20397072223012486,2.0813907278849926,1.6910410807739094,0.27822710032351067,Predicted intracellular proteins,,Tissue enhanced,skin 1: 4.5,False,False,False,False,False
CADM1,994.1069157961404,995.1296857447797,0.9329439252336449,0.9158951828024479,219.17031010021225,235.02905563738463,419.8421028613152,457.7877618966644,0.08099693679796473,0.0763253719815214,2.1762316042988856,2.077369109344752,1.2415724940344428,1.118506670273105,994.6183007704601,0.9244195540180464,2.077369109344752,1.118506670273105,0.08099693679796473,"Human disease related genes, Plasma proteins, Predicted intracellular proteins, Predicted membrane proteins",Plasma membrane,Tissue enhanced,retina: 266.5,False,True,False,False,False
ELF5,464.6622154571878,472.9779291717193,0.8101246105919003,0.7972697316805272,105.47484090645942,111.57551688502187,171.89187544684282,218.8252351588161,0.11428114011321851,0.10017115401683023,2.128771250199235,2.0739267796937457,1.4294137491336905,1.1084628693754544,468.82007231445357,0.8036971711362138,2.0739267796937457,1.1084628693754544,0.11428114011321851,"Predicted intracellular proteins, Transcription factors",Nucleoplasm,Group enriched,breast: 140.5;salivary gland: 138.9,False,False,False,False,False
LLGL2,246.65407029963126,239.49947024487278,0.6887071651090343,0.6592656519692452,54.47907898867322,56.17720178242375,116.36927851047324,118.58627263207825,0.10959644889626963,0.09854935660615055,2.1583105897607533,2.07252179394381,1.0772715010315208,1.007981924776212,243.07677027225202,0.6739864085391398,2.07252179394381,1.007981924776212,0.10959644889626963,Predicted intracellular proteins,"Vesicles,Cytosol",Low tissue specificity,,False,False,False,False,False
ENSG00000286123,23.162167049281294,23.882897900678525,0.11129283489096574,0.10936764475129453,3.065319022380591,4.916722166399306,6.084668157410365,12.082374947419295,0.05985093897952167,0.07000555603635343,2.571309376375175,2.0722844570899768,1.769977667803252,0.9275300452436447,23.52253247497991,0.11033023982113013,2.0722844570899768,0.9275300452436447,0.07000555603635343,,,,,False,False,False,False,False
ENSG00000286133,362.1709045294078,364.8545121177211,0.6829439252336449,0.65903028401067,85.45737880576192,71.7062549614473,184.06121176166354,192.42300842186285,0.0651770310799123,0.058560420052130184,2.0705876228873974,2.3311186613660126,0.9726460829866806,0.9195106326278686,363.5127083235644,0.6709871046221574,2.0705876228873974,0.9195106326278686,0.0651770310799123,,,,,False,False,False,False,False
LINC02188,76.15904596005406,78.16586853624655,0.32585669781931464,0.3237878550133375,16.67347771264594,17.914393635989548,27.381006708346643,44.749536842293686,0.09505697973316891,0.08972514539292074,2.126249349875617,2.065394036069319,1.4429095407355528,0.7911214248333167,77.1624572481503,0.3248222764163261,2.065394036069319,0.7911214248333167,0.09505697973316891,,,,,False,False,False,False,False
PTPRD,190.4998761233108,189.02488984164202,0.2855919003115265,0.26879020869292325,44.911568100636835,42.157241545562364,102.67877515629992,79.65417557928275,0.06650416689175907,0.06076667656855253,2.0604138459339945,2.138513836978321,0.8852228792275633,1.2363672672626835,189.76238298247642,0.27719105450222487,2.0604138459339945,0.8852228792275633,0.06650416689175907,"Enzymes, Plasma proteins, Predicted intracellular proteins, Predicted membrane proteins","Nucleoplasm,Vesicles",Tissue enhanced,brain: 39.1;parathyroid gland: 17.4,False,True,False,True,False
CRACDL,59.77168494615857,59.40552369455691,0.26238317757009344,0.24697944453161777,13.60815869026535,12.364826042231918,34.9868419051096,23.71725452641565,0.08117507592132729,0.06761977259722059,2.056624949675222,2.1762394212596874,0.7559297910479068,1.2891619761906625,59.588604320357746,0.2546813110508556,2.056624949675222,0.7559297910479068,0.08117507592132729,Predicted intracellular proteins,"Microtubules,Cytokinetic bridge,Centrosome",Tissue enhanced,brain: 35.0;epididymis: 29.9,False,False,False,False,False
ENSG00000228933,206.5932361205763,213.72578705278738,0.6013239875389408,0.5858308488937706,48.16266403346474,50.627634188666114,79.86126956601105,110.5313560004654,0.08630034848977641,0.08127591514569964,2.0781244381328934,2.0562800651765567,1.3602386780407292,0.9450460916755161,210.15951158668184,0.5935774182163557,2.0562800651765567,0.9450460916755161,0.08630034848977641,,,,,False,False,False,False,False
CFAP47,27.35487719948232,26.135748460652692,0.1102803738317757,0.104268005648831,5.573307313419257,5.549567593757632,15.97225391320221,14.767347157956914,0.07601628604969154,0.0756023433420258,2.108905568017839,2.0507231344280323,0.7404187409055738,0.7832547533765142,26.745312830067505,0.10727418974030335,2.0507231344280323,0.7404187409055738,0.07601628604969154,"Disease related genes, Human disease related genes, Predicted intracellular proteins, Predicted membrane proteins",,Tissue enhanced,fallopian tube: 4.4;pituitary gland: 1.7;retina: 1.4,False,True,False,False,False
LINC01515,350.9477352858819,348.1324606398176,0.6685358255451713,0.652832261101522,84.01760774979529,78.27811132247606,333.1355816182175,263.12727663268686,0.06945586475419922,0.06424236362524198,2.049527632918523,2.138779999817621,0.0749275812298007,0.40254120044563063,349.54009796284976,0.6606840433233467,2.049527632918523,0.0749275812298007,0.06945586475419922,,,,,False,False,False,False,False
USP43,43.563281072820445,42.76393116522392,0.20809968847352026,0.1941785658245724,7.7561860111751315,9.590042245353102,19.775171511583686,29.087198947490894,0.08839487271036553,0.08174798574409607,2.347480950581809,2.0470339918640152,1.100995070925489,0.5405925351788081,43.163606119022184,0.20113912714904633,2.0470339918640152,0.5405925351788081,0.08839487271036553,"Enzymes, Metabolic proteins, Predicted intracellular proteins","Nucleoplasm,Nuclear speckles",Low tissue specificity,,False,False,False,True,False
ZNF98,246.20667744823785,237.24661968489863,0.6518691588785047,0.616977875411894,56.847734596876414,56.761366792292975,127.77803130561767,128.87866610580582,0.08883746663197852,0.08008235315701595,2.095385345798898,2.0442789590253323,0.940831213217719,0.8752912719997469,241.72664856656826,0.6344235171451993,2.0442789590253323,0.8752912719997469,0.08883746663197852,"Predicted intracellular proteins, Transcription factors",,Tissue enhanced,pancreas: 35.0,False,False,False,False,False
CHRM3,148.38103482784618,146.55597482117665,0.3281152647975078,0.31453004864271145,32.6967362387263,34.855178922197055,86.70652124309771,103.37143010569841,0.07370341337002662,0.05881874915706925,2.148316229224434,2.0410089174415638,0.7682409770704104,0.4995354865600464,147.4685048245114,0.3213226567201096,2.0410089174415638,0.4995354865600464,0.07370341337002662,"Disease related genes, FDA approved drug targets, G-protein coupled receptors, Human disease related genes, Predicted membrane proteins","Nucleoli,Vesicles,Plasma membrane,Primary cilium tip",Tissue enhanced,salivary gland: 16.5,True,True,False,False,False
KLRK1-AS1,120.08024131398922,119.48153862720137,0.3870716510903427,0.3663894555154558,26.7054308768006,28.332002978657385,44.87442766090144,77.41669873716806,0.08466034459866767,0.08323260315673536,2.1277227463619814,2.0382646032802487,1.4002013917737173,0.6195792871296681,119.7808899705953,0.3767305533028993,2.0382646032802487,0.6195792871296681,0.08466034459866767,,,,,False,False,False,False,False
IQGAP3,42.003797419392015,39.7601304185917,0.13411214953271028,0.12560803389298603,9.474622432812735,8.811155565527468,13.690503354173321,19.242300842186282,0.18702052387149376,0.160556664192283,2.0375658199660798,2.054663694338054,1.5495802324646981,1.0097853842858873,40.88196391899186,0.12986009171284815,2.0375658199660798,1.0097853842858873,0.18702052387149376,"Plasma proteins, Predicted intracellular proteins","Nucleoplasm,Nucleoli rim,Mitotic chromosome",Tissue enhanced,bone marrow: 14.7,False,False,False,False,False
DTNB,820.0455312983128,793.8213964213737,0.9077881619937694,0.8854542601600502,198.17751921966638,192.62841200437677,533.1690472930833,443.4679101071304,0.07715201161933956,0.06882031284418715,2.043407406855506,2.0373400486008677,0.620165848588082,0.838551447677679,806.9334638598432,0.8966212110769098,2.0373400486008677,0.620165848588082,0.07715201161933956,"Plasma proteins, Predicted intracellular proteins",Golgi apparatus,Tissue enhanced,brain: 24.4;salivary gland: 33.9,False,False,False,False,False
INSL6,88.51987131140892,89.08146589231187,0.36230529595015576,0.3554056174486113,20.89990242532221,18.303836975902367,33.46567486575701,46.0920229475625,0.08439342510065499,0.06313078874724704,2.0312835204455766,2.222342667611997,1.377047697653877,0.935747606236059,88.8006686018604,0.35885545669938357,2.0312835204455766,0.935747606236059,0.08439342510065499,Predicted secreted proteins,,Group enriched,retina: 6.1;testis: 14.5,False,False,False,False,True
SLC6A11,42.79632189900319,43.783077847117,0.1883956386292835,0.18915738270830065,9.474622432812735,9.979485585265918,22.056922070612575,24.16474989483859,0.09987670133769043,0.08877190691845208,2.063911472933738,2.028143222736353,0.9256097778811103,0.8315494256277254,43.289699873060094,0.18877651066879209,2.028143222736353,0.8315494256277254,0.09987670133769043,"Metabolic proteins, Predicted membrane proteins, Transporters","Nucleoplasm,Vesicles",Tissue enriched,brain: 77.7,False,True,False,False,False
WWC1,119.7223270328745,114.72105083677978,0.3956386292834891,0.3871802918562686,28.423867298438207,27.407075046364447,122.45394666788361,110.5313560004654,0.08362687252957582,0.07911557186988943,2.0366337370679104,2.0263291330085003,-0.032280437862495466,0.05320196180203623,117.22168893482714,0.39140946056987885,2.0263291330085003,-0.032280437862495466,0.08362687252957582,Predicted intracellular proteins,Golgi apparatus,Tissue enhanced,salivary gland: 134.1,False,False,False,False,False
NSUN7,71.63398683453222,71.21957930965954,0.30802180685358255,0.2987603954181704,16.85925462309325,15.236970674088937,40.31092654284367,41.16957389491019,0.07794648518657071,0.08445185072468193,2.023972901719728,2.1531075218647064,0.8141213528002292,0.776187572498196,71.42678307209587,0.3033911011358765,2.023972901719728,0.776187572498196,0.08445185072468193,Predicted intracellular proteins,Vesicles,Tissue enhanced,testis: 15.4,False,False,False,False,False
NCALD,799.0308499357199,795.7255915375423,0.8878504672897196,0.8598776086615408,190.65355434655038,194.96507204385364,344.5443344133619,351.7313595804284,0.07826545862896661,0.06609058855062046,2.061554878583848,2.0234863787079322,1.2111848079866958,1.175513072051858,797.3782207366311,0.8738640379756302,2.0234863787079322,1.175513072051858,0.07826545862896661,Predicted intracellular proteins,,Tissue enhanced,brain: 113.1;salivary gland: 94.5,False,False,False,False,False
ZYG11A,38.68030766618388,38.04367284908758,0.17764797507788163,0.17040640200847323,8.267072514905228,8.61643389557106,11.408752795144434,25.507236000107397,0.0935805494465004,0.0850418376820726,2.098237645940992,2.0215148766638125,1.6770650945358025,0.5587025306894733,38.361990257635725,0.17402718854317745,2.0215148766638125,0.5587025306894733,0.0935805494465004,Predicted intracellular proteins,Nucleoplasm,Tissue enhanced,kidney: 2.7;testis: 3.5;thyroid gland: 2.2,False,False,False,False,False
TMC1,63.74708999711138,63.911224814505246,0.24088785046728972,0.22948375961085832,14.955041291008337,14.019960236861387,25.859839668994052,37.14211557910375,0.0845698048276912,0.06591031627803169,2.020803011295654,2.1115869852137124,1.269364660458689,0.7670831127888414,63.82915740580832,0.23518580503907402,2.020803011295654,0.7670831127888414,0.0845698048276912,"Disease related genes, Human disease related genes, Potential drug targets, Predicted membrane proteins, Transporters",,Tissue enhanced,brain: 1.1;cervix: 1.0,False,True,False,False,False
NLGN4X,97.91512119067038,102.1828646845426,0.2945482866043614,0.2953083320257336,23.407890716360875,23.8047241521709,60.08609805442736,46.98701368440837,0.08376787425580311,0.07416109939659844,2.0188434576251497,2.056516587421456,0.6953469936235899,1.1044874664321351,100.04899293760649,0.2949283093150475,2.0188434576251497,0.6953469936235899,0.08376787425580311,"Disease related genes, Human disease related genes, Potential drug targets, Predicted intracellular proteins, Predicted membrane proteins, Transporters",,Tissue enhanced,brain: 11.8;lymphoid tissue: 13.3;ovary: 13.8,False,True,False,False,False
VAX2,38.09230563292399,37.775476353852554,0.18730529595015577,0.18154715204770125,7.663297555951478,8.61643389557106,17.4934209525548,17.452319368494535,0.08188331483876168,0.09656686633807375,2.1738965010263565,2.0115706074301896,1.079872553894047,1.0713423372060145,37.933890993388275,0.1844262239989285,2.0115706074301896,1.0713423372060145,0.09656686633807375,"Plasma proteins, Predicted intracellular proteins, Transcription factors",Nuclear speckles,Group enriched,brain: 12.4;retina: 10.3,False,False,False,False,False
PPM1L,548.7848541720444,543.5404270680532,0.8456386292834891,0.8182959359799152,135.3849234884761,129.78199302594604,171.13129192716653,186.15807326394173,0.0750107046735567,0.06779205474242891,2.0111829909605046,2.0578752453963496,1.675357772847383,1.5407818778468005,546.1626406200488,0.8319672826317022,2.0111829909605046,1.5407818778468005,0.0750107046735567,"Enzymes, Metabolic proteins, Predicted intracellular proteins, Predicted membrane proteins","Nucleoplasm,Cytosol",Low tissue specificity,,False,True,False,True,False
CFTR,66.41866445257484,64.16601148497851,0.22258566978193148,0.20775145143574456,15.744593160409398,14.3607231592851,23.578089109965166,33.56215263172026,0.08812540104298058,0.08561390034086121,2.009452724530077,2.0848735593305254,1.455775294324157,0.9149266213013202,65.29233796877668,0.21516856060883802,2.009452724530077,0.9149266213013202,0.08812540104298058,"Cancer-related genes, Disease related genes, Enzymes, FDA approved drug targets, Human disease related genes, Plasma proteins, Predicted intracellular proteins, Predicted membrane proteins, Transporters",,Tissue enhanced,gallbladder: 47.0;intestine: 42.2;pancreas: 187.0,True,True,False,True,False
ARHGAP39,109.98194552539529,109.2364325092236,0.4077881619937695,0.39439824258590933,26.658986649188773,25.02173458939845,56.28318045604588,82.78664315824331,0.10643876890267948,0.08467805950194277,2.0045047928151893,2.082812065812187,0.9541414981906982,0.39580892492045233,109.60918901730945,0.4010932022898394,2.0045047928151893,0.39580892492045233,0.10643876890267948,Predicted intracellular proteins,Nucleoplasm,Tissue enhanced,brain: 16.1;testis: 20.3,False,False,False,False,False
FMNL2,1903.6821479847215,1897.9997771287126,0.9419781931464174,0.923583869449239,454.50321140934034,474.24462717883205,672.3558313938454,615.3061315815381,0.0727601620344425,0.06179982269133424,2.064017131343063,1.9984975143063768,1.5001092657087398,1.6235206866184058,1900.840962556717,0.9327810312978282,1.9984975143063768,1.5001092657087398,0.0727601620344425,Predicted intracellular proteins,"Golgi apparatus,Plasma membrane,Cytosol",Tissue enriched,brain: 214.1,False,True,False,False,False
ENSG00000231424,823.637456762357,794.2505108137498,0.767601246105919,0.7495684920759454,206.2588148241243,196.91228874341772,365.0800894446219,397.3758871595679,0.07443113326900484,0.06008955552245456,1.9923265313591463,2.0065481986577307,1.171600683224292,0.9972790666489401,808.9439837880534,0.7585848690909323,1.9923265313591463,0.9972790666489401,0.07443113326900484,,,,,False,False,False,False,False
ENPP3,236.40238267627387,235.43629334206224,0.6143302180685358,0.5935979915267535,56.70840191404093,58.56254223938975,107.24227627435768,140.51354568480215,0.09203314334447012,0.08927518357729192,2.0404811296422953,1.9889742712292549,1.1330703307702286,0.7405113539470612,235.91933800916806,0.6039641047976447,1.9889742712292549,0.7405113539470612,0.09203314334447012,"CD markers, Enzymes, Metabolic proteins, Predicted intracellular proteins, Predicted secreted proteins",,Tissue enhanced,cervix: 30.3;intestine: 41.9,False,False,True,True,True
PYDC2-AS1,55.54062683726668,55.100969946034844,0.17297507788161995,0.16718970657461163,13.28304909698256,11.926702284829998,14.451086873849617,9.397402736881673,0.06586587799472485,0.07369044328173949,1.9849838837864051,2.1176714363022224,1.871579552672388,2.4318025249537345,55.32079839165076,0.17008239222811578,1.9849838837864051,1.871579552672388,0.07369044328173949,,,,,False,False,False,False,False
ENSG00000227885,51.18174219940524,54.20251168699753,0.23052959501557632,0.23458339871332182,11.796833813404092,12.997671469590244,28.902173747699234,34.457143368566136,0.08652277350810803,0.07691492541863397,2.0277582089796486,1.9795470574290306,0.8032947470338803,0.6386576013010935,52.69212694320139,0.23255649686444907,1.9795470574290306,0.6386576013010935,0.08652277350810803,,,,,False,False,False,False,False
MIR181A2HG,162.26299587393862,162.56730558670733,0.4866822429906542,0.47034363721951983,36.87671672379075,40.5994681859111,70.7342673298955,84.12912926351211,0.07428010422218193,0.06130674862212342,2.1078146522298833,1.9752474161349243,1.18646347458533,0.9421596269631811,162.41515073032298,0.47851294010508705,1.9752474161349243,0.9421596269631811,0.07428010422218193,,,,,False,False,False,False,False
MAP3K13,482.7496693063782,478.3686787259433,0.8132398753894081,0.7831476541660128,122.10187439149354,115.56731111912823,177.2159600845769,212.11280463247206,0.08423442007730594,0.06822209479140447,1.974407946063381,2.039972377004332,1.4406341321944227,1.1695183700438792,480.5591740161608,0.7981937647777104,1.974407946063381,1.1695183700438792,0.08423442007730594,"Cancer-related genes, Enzymes, Predicted intracellular proteins","Nucleoplasm,Centriolar satellite,Cytosol",Low tissue specificity,,False,False,False,True,False
POLQ,86.78143051742312,86.11789461996489,0.23341121495327102,0.2254040483288875,21.36434470144048,20.348414510444652,30.423340787051828,43.85454610544781,0.09895225945192877,0.08244857523719959,1.972715294564147,2.0288401601055823,1.4820792114822603,0.9577148760103659,86.44966256869401,0.22940763164107925,1.972715294564147,0.9577148760103659,0.09895225945192877,"Cancer-related genes, Disease related genes, Enzymes, Metabolic proteins, Potential drug targets, Predicted intracellular proteins","Nucleoplasm,Golgi apparatus,Cytosol",Tissue enhanced,bone marrow: 5.6;lymphoid tissue: 4.2,False,False,False,True,False
SLC39A11,1012.0154125047734,974.5590145602537,0.9457943925233645,0.9205240859877609,244.4359699210462,248.02672710697487,428.2085215777545,461.81522021247076,0.08500484878603683,0.0689129090400164,2.045237520075233,1.9699285588624431,1.2389054991637871,1.0757928386105207,993.2872135325135,0.9331592392555628,1.9699285588624431,1.0757928386105207,0.08500484878603683,"Predicted intracellular proteins, Predicted membrane proteins, Transporters",Nucleoplasm,Low tissue specificity,,False,True,False,False,False
SPATA17,77.56513777871903,73.45902004487196,0.308411214953271,0.28942413306135256,16.487700802198635,18.011754470967755,41.07151006251996,41.61706926333312,0.08886569048986438,0.08069494368762775,2.1675486547875353,1.969554953948734,0.9010456766519221,0.8050152452851693,75.5120789117955,0.2989176740073118,1.969554953948734,0.8050152452851693,0.08886569048986438,Predicted intracellular proteins,"Nucleoplasm,Nucleoli,Cytosol",Tissue enhanced,testis: 9.5,False,False,False,False,False
AKR1E2,118.16284337944607,112.25364308061759,0.4452492211838006,0.4251529891730739,29.30630762306292,28.283322561168283,47.15617821993033,54.59443494759829,0.09972135029885253,0.0926539364395898,1.975244456866055,1.9514062989195846,1.3071416473727129,1.0265450786031294,115.20824323003183,0.43520110517843724,1.9514062989195846,1.0265450786031294,0.09972135029885253,"Enzymes, Predicted intracellular proteins","Nucleoplasm,Golgi apparatus,Cytosol",Tissue enriched,testis: 17.2,False,False,False,True,False
LINC02473,25.194608859897038,25.639584944467902,0.12764797507788161,0.12529420994821905,5.108865037300985,5.890330516181347,12.929919834497026,15.214842526379853,0.08253417156080158,0.07875910356306941,2.1002936471950076,1.9509265117439731,0.9110829643482052,0.7162565919645301,25.41709690218247,0.12647109251305033,1.9509265117439731,0.7162565919645301,0.08253417156080158,,,,,False,False,False,False,False
ENSG00000179066,27.866183315360498,27.32922286444853,0.14104361370716512,0.13251216067785973,4.783755444018195,6.328454273583264,9.127002236115548,13.872356421111041,0.11469599667130659,0.08580750603775356,2.3193019102959127,1.9507101852454947,1.5111731919401543,0.9296577753605985,27.597703089904513,0.13677788719251244,1.9507101852454947,0.9296577753605985,0.11469599667130659,,,,,False,False,False,False,False
PTH2R,192.60901385130825,189.3735452854476,0.49096573208722744,0.472775772791464,44.958012328248664,48.29097414918922,101.15760811694732,82.78664315824331,0.07577226322579961,0.0728086907928252,2.0747578134317206,1.9494376138620741,0.9223494699187861,1.1840408323494556,190.99127956837793,0.48187075243934574,1.9494376138620741,0.9223494699187861,0.07577226322579961,"FDA approved drug targets, G-protein coupled receptors, Predicted membrane proteins",,Tissue enhanced,brain: 4.1;retina: 15.2,True,True,False,False,False
RASEF,126.91896061385981,126.0121232861741,0.45093457943925236,0.4386474187980543,28.238090387990898,31.885673455361832,63.128432133132534,97.55399031620023,0.09648243824214159,0.08770700058747605,2.1293091280804344,1.9494350883876013,0.9961940811037014,0.36598001826112725,126.46554195001696,0.44479099911865333,1.9494350883876013,0.36598001826112725,0.09648243824214159,Predicted intracellular proteins,Microtubules,Tissue enhanced,stomach 1: 38.1,False,False,False,False,False
BTBD3,299.9705155328279,309.40488672788075,0.7129283489096573,0.7035932841675819,76.95808515279757,78.08338965251967,183.30062824198725,168.70575389544717,0.08613737004224534,0.08182767057277225,1.9488516008974184,1.9727046562222708,0.7075611719917355,0.8711157896911996,304.6877011303543,0.7082608165386196,1.9488516008974184,0.7075611719917355,0.08613737004224534,Predicted intracellular proteins,Vesicles,Tissue enhanced,brain: 65.8,False,False,False,False,False
FZD4-DT,73.10399191768197,72.60079126011989,0.3117601246105919,0.29679899576337676,15.744593160409398,18.109115305945956,22.056922070612575,20.137291579032155,0.07953961996106974,0.06609669222521879,2.1458559377177178,1.9454602888902857,1.6843513246791928,1.7999307471131756,72.85239158890093,0.3042795601869843,1.9454602888902857,1.6843513246791928,0.07953961996106974,,,,,False,False,False,False,False
SUSD4,54.351840117849925,55.65077276126664,0.21690031152647976,0.2161462419582614,13.375937552206214,11.780661032362694,29.66275726737553,24.16474989483859,0.09848003749146914,0.09091039150390767,1.9449752317560836,2.1481331794063268,0.8521438454243058,1.170691376301524,55.00130643955828,0.2165232767423706,1.9449752317560836,0.8521438454243058,0.09848003749146914,"Predicted intracellular proteins, Predicted membrane proteins",Vesicles,Tissue enhanced,brain: 47.5;esophagus: 46.6,False,True,False,False,False
GAS8,91.31927229584191,93.89559298178047,0.382398753894081,0.37352895025890476,22.98989266785443,22.92847663736706,47.91676173960663,53.69944421075242,0.11764931916145337,0.0957379091215286,1.9442051490776742,1.9876125357647403,0.9163029505468673,0.7948149148482478,92.60743263881119,0.37796385207649286,1.9442051490776742,0.7948149148482478,0.11764931916145337,"Disease related genes, Human disease related genes, Plasma proteins, Predicted intracellular proteins","Golgi apparatus,Vesicles,Plasma membrane,Primary cilium,Cytosol,Mid piece,Principal piece,End piece",Low tissue specificity,,False,True,False,False,False
STX17-DT,40.91727192315089,41.516817462381084,0.19088785046728973,0.1849992154401381,9.939064708931008,9.151918487951184,15.211670393525914,26.40222673695327,0.07717112636097442,0.06851348318902335,1.938055433027624,2.0662812193533933,1.3705120771288979,0.6337404769332581,41.21704469276599,0.1879435329537139,1.938055433027624,0.6337404769332581,0.07717112636097442,,,,,False,False,False,False,False
TPD52L1,200.48312803583212,209.8905771709266,0.5641744548286605,0.5556252942099482,51.64598110435177,51.30916003351355,131.58094890399914,120.82374947419295,0.0943086046688922,0.07707120288271146,1.9362637262683757,2.0113591264246526,0.6037855505737425,0.7916992220462926,205.18685260337935,0.5598998745193043,1.9362637262683757,0.6037855505737425,0.0943086046688922,"Plasma proteins, Predicted intracellular proteins","Plasma membrane,Cell Junctions,Cytosol",Tissue enhanced,salivary gland: 281.1,False,True,False,False,False
MLPH,53.75105543169307,53.089496231772195,0.23426791277258566,0.22163816099168365,12.725718365640635,13.143712722057549,37.268592464138486,48.776995158100114,0.11820738364445361,0.10961121607056677,1.996005117875622,1.935187583810302,0.5167259366815866,0.11986931775335273,53.42027583173263,0.22795303688213464,1.935187583810302,0.11986931775335273,0.11820738364445361,"Disease related genes, Human disease related genes, Plasma proteins, Predicted intracellular proteins",,Tissue enhanced,prostate: 133.3;salivary gland: 118.7,False,False,False,False,False
TACC2,196.85285461309707,193.81219728158715,0.6005451713395639,0.5772791463988702,49.55599086181955,49.94610834381869,104.19994219565251,114.55881431627182,0.09859081948263025,0.07853544683198166,1.968473914533087,1.9350401564978232,0.9112939686963644,0.7534567016383902,195.3325259473421,0.588912158869217,1.9350401564978232,0.7534567016383902,0.09859081948263025,Predicted intracellular proteins,"Nucleoplasm,Plasma membrane,Cytosol",Tissue enhanced,heart muscle: 238.7;skeletal muscle: 371.3,False,True,False,False,False
ENSG00000203279,36.95464952509504,38.539836365272365,0.17453271028037384,0.17260316962184213,8.824403246247154,9.346640157907592,15.97225391320221,17.452319368494535,0.0812780305892778,0.06253770200536267,1.9498349466852143,1.9341445399874235,1.1610984623455036,1.0995047329524983,37.7472429451837,0.17356793995110797,1.9341445399874235,1.0995047329524983,0.0812780305892778,,,,,False,False,False,False,False
CLIC6,67.36458076694946,66.64682906590245,0.2853582554517134,0.2710654322924839,16.905698850705075,16.113218188892773,44.11384414122515,39.827087789641375,0.09889222510828871,0.09806540146208259,1.932830240554286,1.9829112214845734,0.5996788449585582,0.7284956463970713,67.00570491642596,0.27821184387209863,1.932830240554286,0.5996788449585582,0.09889222510828871,"Predicted intracellular proteins, Transporters",,Group enriched,choroid plexus: 410.0;stomach 1: 126.7,False,False,False,False,False
FA2H,27.278181282100597,25.85414214065592,0.13761682242990655,0.12733406558920446,6.362859182820317,6.036371768648652,12.929919834497026,17.452319368494535,0.08328834979202725,0.08062503333561166,1.9413513210042288,1.9322410200059539,1.0215023804832508,0.5413424675679126,26.566161711378257,0.13247544400955552,1.9322410200059539,0.5413424675679126,0.08328834979202725,"Disease related genes, Human disease related genes, Predicted intracellular proteins, Predicted membrane proteins",Nuclear membrane,Group enriched,brain: 182.4;stomach 1: 57.6,False,True,False,False,False
ENSG00000229618,111.95047407152626,115.02947680630005,0.16954828660436136,0.16820963439510433,28.609644208885516,23.36660039476898,48.67734525928292,80.99666168455155,0.07429771735388897,0.061537133452297214,1.9315512657403988,2.251514475839312,1.1850303423791635,0.500854282741145,113.48997543891315,0.16887896049973283,1.9315512657403988,0.500854282741145,0.07429771735388897,,,,,False,False,False,False,False
NCMAP,121.23068007471512,117.1482291186567,0.3764797507788162,0.3585438568962812,29.30630762306292,29.987137173286854,53.240846377340695,76.07421263189926,0.13182057820721654,0.10416681705053721,2.0119164523066493,1.9308566263510296,1.1721548534591968,0.6162778540756874,119.18945459668592,0.36751180383754867,1.9308566263510296,0.6162778540756874,0.13182057820721654,Predicted membrane proteins,,Tissue enhanced,gallbladder: 6.9;pancreas: 8.1;salivary gland: 7.3,False,True,False,False,False
HORMAD1,165.5481376684559,161.86999469909625,0.5433800623052959,0.5103561901773105,42.68224517526913,41.183633195780324,48.67734525928292,73.38924042136163,0.09257770907758199,0.08839910508193542,1.9308203072124972,1.9489655805811443,1.74527923838033,1.1305549710483935,163.7090661837761,0.5268681262413032,1.9308203072124972,1.1305549710483935,0.09257770907758199,Predicted intracellular proteins,"Nucleoplasm,Nucleoli",Tissue enriched,testis: 110.1,False,False,False,False,False
SLC1A1,99.15503852167494,97.36873759507398,0.25950155763239874,0.25592342695747683,25.45143673128127,24.827012919442037,38.78975950349108,57.726902526558845,0.08039021957298392,0.0764897756349179,1.920817010221131,1.9293190928905022,1.3317659166941276,0.7441783411102675,98.26188805837447,0.25771249229493776,1.920817010221131,0.7441783411102675,0.08039021957298392,"Disease related genes, Human disease related genes, Metabolic proteins, Potential drug targets, Predicted membrane proteins, Transporters",,Tissue enhanced,epididymis: 42.5;intestine: 60.9;kidney: 47.6,False,True,False,False,False
FMO5,226.68756647458855,229.53597044689178,0.5378504672897196,0.516397301114075,57.91595183194843,60.02295476406281,85.94593772342141,101.58144863200665,0.10582980682343787,0.09913781338001582,1.9503253011528188,1.9175679286358687,1.3888649823579449,1.1682220214361505,228.11176846074017,0.5271238842018973,1.9175679286358687,1.1682220214361505,0.10582980682343787,"Cancer-related genes, Enzymes, Metabolic proteins, Predicted intracellular proteins, Predicted membrane proteins","Endoplasmic reticulum,Cytosol",Tissue enriched,liver: 638.8,False,True,False,True,False
ENSG00000240499,32.95367916834833,31.620366788208848,0.16261682242990655,0.1536168209634395,7.988407149234266,6.571856361028774,15.97225391320221,21.47977768430097,0.14489901492792392,0.09545016934229769,1.9174305300662,2.1070540556907273,1.000389743826953,0.5371452360441034,32.287022978278586,0.15811682169667302,1.9174305300662,0.5371452360441034,0.14489901492792392,,,,,False,False,False,False,False
ZNF695,41.10901171660522,38.96895075764839,0.1737538940809969,0.16193315549976464,10.078397391766488,9.590042245353102,11.408752795144434,27.744712842222082,0.10022923104188759,0.10252456062842293,1.9263798210992875,1.9161713559585913,1.7627708990222426,0.47558308204349126,40.038981237126805,0.16784352479038078,1.9161713559585913,0.47558308204349126,0.10252456062842293,"Predicted intracellular proteins, Transcription factors",Nuclear speckles,Not detected,,False,False,False,False,False
NOS1AP,301.9518267318558,302.7402038212905,0.678582554517134,0.655029028714891,79.51251767144807,77.10978130273763,395.50343023167375,301.6118783170594,0.07460464390195648,0.060749417448095325,1.9118033961493444,1.9592627535291285,-0.3882449423109633,0.005369261642969242,302.34601527657316,0.6668057916160125,1.9118033961493444,-0.3882449423109633,0.07460464390195648,"Disease related genes, Human disease related genes, Predicted intracellular proteins","Nucleoplasm,Vesicles",Tissue enriched,brain: 16.3,False,False,False,False,False
ZNF730,95.72928754529117,95.93388634556662,0.30537383177570093,0.30260473874156596,24.708329089492032,22.44167246247604,37.268592464138486,51.90946273706067,0.08889863732076458,0.08713998832872902,1.9117169274502548,2.0479255905717197,1.3377919338195305,0.8734753259461643,95.8315869454289,0.30398928525863345,1.9117169274502548,0.8734753259461643,0.08889863732076458,"Predicted intracellular proteins, Transcription factors",,Tissue enhanced,testis: 4.7,False,False,False,False,False
FHIT,2289.73104812564,2247.942564111366,0.9669003115264797,0.9565353836497725,607.8620509835936,593.4629696096429,1175.1015378998768,973.3024263198876,0.06959109502718049,0.05588844483320987,1.9116207826740792,1.9195879672319576,0.9617954639467969,1.2068052528124027,2268.836806118503,0.9617178475881261,1.9116207826740792,0.9617954639467969,0.06959109502718049,"Cancer-related genes, Disease related genes, Enzymes, Human disease related genes, Metabolic proteins, Potential drug targets, Predicted intracellular proteins","Nucleoli fibrillar center,Plasma membrane",Tissue enriched,choroid plexus: 607.4,False,True,False,True,False
CCDC90B-AS1,75.0853031167099,73.20423337439868,0.2879283489096573,0.2766358073120979,19.227910231296434,17.184187373653018,40.31092654284367,34.457143368566136,0.07077368439764344,0.05902631699552116,1.9112705238905605,2.0288170402158876,0.8810943869309625,1.0654251862839446,74.14476824555429,0.2822820781108776,1.9112705238905605,0.8810943869309625,0.07077368439764344,,,,,False,False,False,False,False
MKRN3,34.71768526812803,35.17397035007286,0.17772585669781932,0.170484857994665,8.499293652964367,8.226990555658244,32.70509134608071,27.297217473799144,0.0787508488953672,0.09506663766736217,1.9107464408812527,1.9710198675885062,0.08367205255282383,0.35429175597961937,34.94582780910044,0.17410535734624216,1.9107464408812527,0.08367205255282383,0.09506663766736217,"Disease related genes, Enzymes, Human disease related genes, Metabolic proteins, Potential drug targets, Predicted intracellular proteins","Nucleoplasm,Plasma membrane,Cytosol",Tissue enhanced,brain: 6.1;retina: 8.2,False,True,False,True,False
LMCD1-AS1,212.39656053579358,205.2105483290755,0.5478971962616822,0.5235367958575239,55.91885004463987,53.353737568055834,98.11527403824213,97.55399031620023,0.08992529140206738,0.06539094303371523,1.9065585035077375,1.9236669841290353,1.1063576189934063,1.0651319427472643,208.80355443243454,0.5357169960596031,1.9065585035077375,1.0651319427472643,0.08992529140206738,,,,,False,False,False,False,False
MROH9,54.74810235765551,51.03779304322429,0.2162772585669782,0.20084732465087085,12.029054951463229,12.900310634612039,10.64816927546814,22.374768421146843,0.16036641973593058,0.11103948199867116,2.097190253763871,1.9044426540458932,2.2588194705512468,1.1546077057332669,52.892947700439905,0.20856229160892453,1.9044426540458932,1.1546077057332669,0.16036641973593058,Predicted intracellular proteins,,Tissue enhanced,fallopian tube: 2.4;testis: 1.5,False,False,False,False,False
ADAM32,93.68406308177848,92.72893822750814,0.37414330218068537,0.35744547308959673,24.33677526859742,23.36660039476898,42.59267710187256,42.064564631756056,0.08015240361359055,0.08242447370362267,1.901888698788068,1.94358955814989,1.119035811503244,1.1219932936134083,93.2065006546433,0.36579438763514105,1.901888698788068,1.119035811503244,0.08242447370362267,"Predicted intracellular proteins, Predicted membrane proteins",Principal piece,Tissue enriched,testis: 26.5,False,True,False,False,False
ENSG00000234261,35.75308015278133,35.187380174834615,0.15062305295950157,0.14208379099325277,8.870847473858982,8.61643389557106,16.732837432878505,23.71725452641565,0.09047185198620582,0.0666447017168223,1.8966193029792175,1.9119127686560065,1.0514417619962506,0.5499681614728135,35.47023016380797,0.14635342197637718,1.8966193029792175,0.5499681614728135,0.09047185198620582,,,,,False,False,False,False,False
ENSG00000263508,24.977303760648816,23.373324559731987,0.12468847352024923,0.11564412364663423,4.8766438992418495,5.549567593757632,12.16933631482073,11.187384210573422,0.09558589060496106,0.09754333852350608,2.1441873135572447,1.8958314830064527,0.9800690571787752,0.9999145381254454,24.175314160190403,0.12016629858344173,1.8958314830064527,0.9800690571787752,0.09754333852350608,,,,,False,False,False,False,False
ARHGAP8,92.76371207319777,87.15045112661971,0.38714953271028035,0.3526596579319002,24.243886813373763,21.662785782650406,87.467104762774,70.70426821082401,0.12744063103549153,0.09766641213112155,1.8930956268212702,1.9596427400473928,0.08388857746050504,0.29790895463691863,89.95708159990875,0.36990459532109027,1.8930956268212702,0.08388857746050504,0.12744063103549153,Predicted intracellular proteins,,Tissue enhanced,kidney: 23.2;salivary gland: 21.9,False,False,False,False,False
KIAA1549,79.45697040746828,77.70993449434702,0.3189252336448598,0.30589989016161934,20.38901592159211,20.29973409295555,41.83209358219626,61.30686547394235,0.09741183231271248,0.08410440815643667,1.9113473068989246,1.885710319298886,0.909525218384174,0.33715459937250386,78.58345245090766,0.31241256190323957,1.885710319298886,0.33715459937250386,0.09741183231271248,"Disease related genes, Human disease related genes, Predicted membrane proteins","Nuclear membrane,Intermediate filaments",Low tissue specificity,,False,True,False,False,False
ENSG00000230490,343.25257824191533,338.26282961516887,0.6881619937694704,0.666483602698886,92.33112449231234,85.9209368682651,111.80577739241546,150.8059391585297,0.06865707087942448,0.058413862110449286,1.8830372763045822,1.9646277441986622,1.6096265014820728,1.160175138916395,340.7577039285421,0.6773227982341782,1.8830372763045822,1.160175138916395,0.06865707087942448,,,,,False,False,False,False,False
LINC01708,32.31454652350061,31.030334498691808,0.14384735202492213,0.13102149694021653,8.034851376846094,7.691505963278122,7.605835196762957,13.872356421111041,0.07388244867171438,0.0643769172831022,1.8825794817343484,1.8817607872581443,1.9527651380197144,1.1068056140570237,31.67244051109621,0.13743442448256932,1.8817607872581443,1.1068056140570237,0.07388244867171438,,,,,False,False,False,False,False
CCDC150,48.01164428096057,47.8328449251658,0.1764797507788162,0.17174015377373295,11.425279992509475,12.267465207253714,15.97225391320221,29.087198947490894,0.07699673513020465,0.0835257564301085,1.9798461862316774,1.8799590641651296,1.52994638089605,0.6987020284147334,47.922244603063184,0.17410995227627457,1.8799590641651296,0.6987020284147334,0.0835257564301085,Predicted intracellular proteins,Nucleoplasm,Tissue enhanced,kidney: 2.4;testis: 4.6,False,False,False,False,False
PITX1-AS1,43.40988923805699,42.06662027761288,0.19088785046728973,0.1791150164757571,10.171285846990143,10.709691847602448,39.55034302316737,40.27458315806431,0.09580379985061244,0.08052222806518054,1.9910857193993148,1.8788669998472693,0.13116685457897226,0.061316465117016,42.73825475783494,0.18500143347152342,1.8788669998472693,0.061316465117016,0.09580379985061244,,,,,False,False,False,False,False
GRHL1,195.1783270835961,198.43858682439125,0.5980529595015577,0.5828495214184842,51.59953687673995,53.25637673307763,103.43935867597621,112.76883284258008,0.10831495165506072,0.10799902466798407,1.8990436655889231,1.878079953294734,0.9095001640484611,0.809839182264986,196.80845695399367,0.590451240460021,1.878079953294734,0.809839182264986,0.10831495165506072,"Predicted intracellular proteins, Transcription factors","Nucleoplasm,Vesicles",Tissue enhanced,esophagus: 114.7;skin 1: 84.6;vagina: 65.5,False,False,False,False,False
EHF,1180.7592133974679,1230.606208561127,0.9702492211838006,0.9519849364506512,311.26921345446544,335.4567569174021,475.3646997976848,587.561418739316,0.09956647188316961,0.10330863037752541,1.9200738659523164,1.8720480456020259,1.310797698688653,1.0652761659464838,1205.6827109792976,0.9611170788172259,1.8720480456020259,1.0652761659464838,0.10330863037752541,"Predicted intracellular proteins, Transcription factors","Nucleoplasm,Golgi apparatus",Tissue enhanced,esophagus: 196.3;salivary gland: 270.9,False,False,False,False,False
LINC02018,70.24067766876419,67.33073012875175,0.292601246105919,0.2738898477953868,18.484802589507197,16.210579023870977,31.183924306728123,38.484601684372564,0.0904571516332898,0.06933522708432448,1.8703519250754426,1.9892389069212828,1.1463609899655103,0.7912444056929644,68.78570389875797,0.28324554695065285,1.8703519250754426,0.7912444056929644,0.0904571516332898,,,,,False,False,False,False,False
PLCB4,624.9311174792015,619.8155103128928,0.8456386292834891,0.8264553585438569,170.2645384249583,153.29463467318232,267.7253989260561,264.02226736953276,0.07566828197955058,0.06582534538893767,1.8697774382808006,2.0084767063616398,1.219871214097382,1.2280510208515738,622.3733138960472,0.836046993913673,1.8697774382808006,1.219871214097382,0.07566828197955058,"Disease related genes, Enzymes, Human disease related genes, Metabolic proteins, Potential drug targets, Predicted intracellular proteins","Nucleoplasm,Plasma membrane,Actin filaments,Microtubules,Cytokinetic bridge,Primary cilium,Centrosome,Basal body,Acrosome,Equatorial segment,Mid piece,Principal piece,End piece",Tissue enhanced,salivary gland: 47.7,False,True,False,True,False
GNG12-AS1,167.78510192542288,159.12098062293734,0.45809968847352023,0.43386160364035775,43.843350865564815,42.936128225387996,97.35469051856585,103.81892547412134,0.0716059077963133,0.06522727814902377,1.9122215770464335,1.865682710158868,0.779121806845813,0.6112631315836909,163.45304127418012,0.445980646056939,1.865682710158868,0.6112631315836909,0.0716059077963133,,,,,False,False,False,False,False
SPECC1L,1051.4882446505685,1006.3134795960801,0.9515576323987539,0.928526596579319,280.3838020926004,275.77456507576306,463.95594700254037,528.9395254759113,0.07957982166400268,0.07133429368274995,1.9031929326854364,1.8637294511958826,1.1786381824212135,0.92661308538844,1028.9008621233243,0.9400421144890365,1.8637294511958826,0.92661308538844,0.07957982166400268,"Disease related genes, Human disease related genes, Predicted intracellular proteins",Actin filaments,Low tissue specificity,,False,False,False,False,False
MAP3K21,104.25531702755973,104.93187876070154,0.39797507788161995,0.3798838851404362,24.150998358150108,28.137281308700977,49.43792877895922,61.30686547394235,0.09344799010277369,0.08277159971834894,2.0652055401851075,1.8621986378672188,1.0613121755483796,0.7656737692371722,104.59359789413062,0.3889294815110281,1.8621986378672188,0.7656737692371722,0.09344799010277369,"Enzymes, Predicted intracellular proteins","Plasma membrane,Cytosol",Tissue enhanced,pancreas: 19.1,False,True,False,True,False
PLEKHA6,172.66807533205946,173.56336189134316,0.5348130841121496,0.5215753962027303,46.76933720510992,40.40474651595469,79.86126956601105,85.47161536878093,0.11284598864054221,0.08607146415894755,1.8621758090841987,2.075882723153445,1.1028118138933938,1.0134522461769504,173.1157186117013,0.52819424015744,1.8621758090841987,1.0134522461769504,0.11284598864054221,Predicted intracellular proteins,"Vesicles,Cell Junctions",Low tissue specificity,,False,False,False,False,False
ENSG00000288723,28.645925142074713,28.254500773009347,0.12694704049844235,0.12325435430723364,6.827301458938589,7.058660535919795,10.64816927546814,22.374768421146843,0.06452470708367887,0.0630166076878009,1.9212469040297897,1.8600466314861455,1.347730592148183,0.3237065268475737,28.45021295754203,0.125100697402838,1.8600466314861455,0.3237065268475737,0.06452470708367887,,,,,False,False,False,False,False
DEUP1,26.166090480065566,25.948010913988178,0.12866043613707165,0.120979130707673,4.5979785335708865,6.425815108561469,8.366418716439252,13.872356421111041,0.10301651604193847,0.09121184326844026,2.278829099946064,1.8595574888792503,1.536237520874215,0.857545538267094,26.057050697026874,0.12481978342237232,1.8595574888792503,0.857545538267094,0.10301651604193847,"Predicted intracellular proteins, Predicted membrane proteins",,Group enriched,fallopian tube: 4.5;testis: 15.3,False,True,False,False,False
LGALSL-DT,36.992997483785906,36.54177247577146,0.16386292834890967,0.16005021183116272,9.474622432812735,8.178310138169143,28.14159022802294,19.242300842186282,0.07390715466476064,0.06417456781832724,1.8588352972937947,2.0321963045208356,0.3826539329100291,0.8911234829952258,36.76738497977868,0.1619565700900362,1.8588352972937947,0.3826539329100291,0.07390715466476064,,,,,False,False,False,False,False
RANBP17,562.615684606549,560.3295276697653,0.802803738317757,0.7848736858622313,154.56638949216068,140.10224153363566,298.90932323278423,298.9269061065218,0.07569914054023717,0.06556705175966067,1.857181364199357,1.9921070449172482,0.9101853885835152,0.9042370009514332,561.4726061381572,0.7938387120899941,1.857181364199357,0.9042370009514332,0.07569914054023717,"Predicted intracellular proteins, Predicted membrane proteins, Transporters","Nucleoplasm,Nuclear membrane,Nuclear bodies,Cytosol",Low tissue specificity,,False,True,False,False,False
XNDC1N,263.6805639583745,260.7004031932011,0.6878504672897197,0.6555782206182331,71.84922011549658,71.6088941264691,125.49628074658877,135.1436012637269,0.09098244106102614,0.07962418420002224,1.8612668258707639,1.8496979620005447,1.065157291327791,0.9427869696546425,262.19048357578777,0.6717143439539763,1.8496979620005447,0.9427869696546425,0.09098244106102614,Predicted intracellular proteins,"Nucleoli,Mitotic chromosome",Low tissue specificity,,False,False,False,False,False
ART3,42.41284231209456,43.313733980455716,0.17990654205607476,0.1744076573042523,11.053726171614858,10.953093935047958,22.817505590288867,23.269759157992716,0.10350352256313904,0.09524820114648241,1.8486426852548197,1.8903698035852936,0.8660995538440462,0.8685941049425988,42.86328814627514,0.17715709968016352,1.8486426852548197,0.8660995538440462,0.10350352256313904,"Enzymes, Metabolic proteins, Predicted intracellular proteins, Predicted membrane proteins","Principal piece,End piece",Group enriched,heart muscle: 63.7;skeletal muscle: 190.7;testis: 86.3;tongue: 70.8,False,True,False,True,False
SHB,77.84635614245204,76.87852535911847,0.332398753894081,0.3170406402008473,20.94634665293404,20.348414510444652,33.46567486575701,42.95955536860194,0.10091123833197511,0.08586127743328469,1.8450632845638504,1.8670966379539788,1.1938838181685247,0.8250487725416772,77.36244075078525,0.3247196970474642,1.8450632845638504,0.8250487725416772,0.10091123833197511,Predicted intracellular proteins,"Nucleoplasm,Cytosol,Cytoplasmic bodies",Low tissue specificity,,False,False,False,False,False
AKAP6,180.4143629876138,183.37935361694488,0.5084890965732087,0.49388043307704377,41.38180680213798,50.53027335368792,164.28604025007985,143.6460132637627,0.07128908073527929,0.06358470407796986,2.0977716833747198,1.8391849643658817,0.1343237993852915,0.35015055485680824,181.89685830227933,0.5011847648251262,1.8391849643658817,0.1343237993852915,0.07128908073527929,"Predicted intracellular proteins, Predicted membrane proteins",,Tissue enhanced,heart muscle: 51.1;skeletal muscle: 44.4;tongue: 47.4,False,True,False,False,False
LIN9,138.78126250223346,139.04647295459608,0.4557632398753894,0.4420994821904911,38.08426664169825,36.94843687422844,57.04376397572217,71.5992589476699,0.08074391666510582,0.07807982541663616,1.8385111091611888,1.8837932836120168,1.2679579999781474,0.9478789226623436,138.91386772841477,0.4489313610329403,1.8385111091611888,0.9478789226623436,0.08074391666510582,"Essential proteins, Predicted intracellular proteins",Nucleoplasm,Low tissue specificity,,False,False,False,False,False
CBR3-AS1,111.26021081509072,109.0486949625591,0.42593457943925234,0.4049898007217951,28.934753802168302,29.841095920819548,73.77660140860067,68.91428673713227,0.09414053943653929,0.07725739483057036,1.906953363689804,1.835216100179155,0.5861878662649225,0.6544828363378002,110.1544528888249,0.4154621900805237,1.835216100179155,0.5861878662649225,0.09414053943653929,,,,,False,False,False,False,False
ATL2,650.3174661325529,657.0277740267518,0.8798286604361371,0.8612898164129923,174.9554054137528,183.42781309893647,352.1501696101249,387.5309890542633,0.09983430729592467,0.0863874512724995,1.8881510805143986,1.8350922370783769,0.8830791260004992,0.7601188065772323,653.6726200796523,0.8705592384245646,1.8350922370783769,0.7601188065772323,0.09983430729592467,"Essential proteins, Predicted intracellular proteins, Predicted membrane proteins, Transporters",Endoplasmic reticulum,Low tissue specificity,,False,True,False,False,False
RNFT2,36.75012707874377,35.938330361492675,0.17967289719626167,0.16938647418798053,7.895518694010613,9.395320575396694,9.127002236115548,22.374768421146843,0.09430426211382023,0.08639864812951445,2.0853308650009317,1.8291844076271353,1.8982743257980947,0.6601665849824229,36.344228720118224,0.1745296856921211,1.8291844076271353,0.6601665849824229,0.09430426211382023,"Predicted intracellular proteins, Predicted membrane proteins","Nucleoplasm,Cytosol",Group enriched,brain: 10.3;choroid plexus: 4.7;pituitary gland: 4.9;retina: 4.6;testis: 6.5,False,True,False,False,False
CADPS2,939.8701195543629,941.5440259968226,0.9185358255451713,0.8864741879805429,264.4998762493555,251.43435633121203,586.409893670424,603.6712520025417,0.07362543799908547,0.06263512374254605,1.825284394299097,1.900651733315459,0.6796280178850552,0.640409017579345,940.7070727755927,0.902505006762857,1.825284394299097,0.640409017579345,0.07362543799908547,Predicted intracellular proteins,"Nucleoplasm,Vesicles",Tissue enhanced,brain: 160.8,False,False,False,False,False
HCCS-DT,96.59850794228407,93.5067080636897,0.2814641744548287,0.2698885924996077,26.56609819396512,25.557219181778567,34.9868419051096,46.53951831598543,0.06418050273614535,0.05828539714499362,1.8239640149699061,1.8313126457648987,1.4393895911279888,0.9912894495643633,95.05260800298689,0.27567638347721823,1.8239640149699061,0.9912894495643633,0.06418050273614535,,,,,False,False,False,False,False
SH2D4A,68.41275830449972,64.87673219735132,0.29883177570093455,0.27498823160207125,17.9739160857771,17.622311131054936,26.620423188670348,34.457143368566136,0.08780821615605458,0.08668413179990947,1.871183387687938,1.8227368618452933,1.3294654353626993,0.8936926831217255,66.64474525092552,0.2869100036515029,1.8227368618452933,0.8936926831217255,0.08780821615605458,Predicted intracellular proteins,Cytosol,Low tissue specificity,,False,False,False,False,False
DISC1FP1,153.26400823448276,163.41212454669764,0.2804517133956386,0.27749882316020713,42.68224517526913,36.51031311682653,43.353260621548856,55.9369210528671,0.0683402214558497,0.061787053180940715,1.820282587211562,2.131957483225928,1.7982894289797187,1.5298803098038625,158.3380663905902,0.27897526827792285,1.820282587211562,1.5298803098038625,0.0683402214558497,,,,,False,False,False,False,False
NINL,196.35433115011585,196.7221292548871,0.5842679127725857,0.5698258277106544,54.9435212647915,53.840541742946854,122.45394666788361,109.18886989519658,0.09511497767431092,0.0732898223954665,1.81874521141002,1.8501596199690789,0.6768152226817948,0.8434958423520663,196.5382302025015,0.57704687024162,1.81874521141002,0.6768152226817948,0.09511497767431092,Predicted intracellular proteins,"Nucleoplasm,Vesicles,Microtubules,Cytokinetic bridge,Primary cilium,Cytosol",Low tissue specificity,,False,False,False,False,False
QRICH2,64.73135427017687,58.5875243840901,0.29937694704049844,0.2672995449552801,14.90859706339651,15.918496518936367,41.83209358219626,34.457143368566136,0.11540767551777958,0.09154204545984886,2.0467750954933663,1.8164089432168846,0.6178895131731686,0.7489340015600384,61.659439327133484,0.28333824599788926,1.8164089432168846,0.6178895131731686,0.11540767551777958,"Disease related genes, Human disease related genes, Predicted intracellular proteins","Nucleoplasm,Nuclear membrane,Vesicles",Tissue enhanced,testis: 21.3,False,False,False,False,False
PIK3C2G,381.77949407333574,380.9194821822988,0.6879283489096574,0.6645222030440923,107.8434965146626,104.12741300918925,674.6375819528741,508.8022338968791,0.07060461657945158,0.06150594077412966,1.814258337176003,1.8611296001753614,-0.8197360343520771,-0.4166691796185619,381.34948812781727,0.6762252759768748,1.814258337176003,-0.8197360343520771,0.07060461657945158,"Enzymes, Metabolic proteins, Plasma proteins, Predicted intracellular proteins","Plasma membrane,Centrosome",Tissue enhanced,epididymis: 15.7;stomach 1: 20.4,False,True,False,True,False
LNX1,185.66803332826203,182.60158378076332,0.5697819314641744,0.5475443276321983,52.156867608081875,47.46340705187448,72.25543436924808,92.184045895125,0.07570130813210182,0.07122805553900494,1.812146890885423,1.9216107666139424,1.3494671956877982,0.9784236274360085,184.1348085545127,0.5586631295481863,1.812146890885423,0.9784236274360085,0.07570130813210182,"Enzymes, Plasma proteins, Predicted intracellular proteins","Cell Junctions,Cytosol",Low tissue specificity,,False,False,False,True,False
COL9A1,27.840618009566587,28.482467793959117,0.1292056074766355,0.12474501804487682,6.687968776103107,7.39942345834351,14.451086873849617,21.032282315878028,0.12310020951114045,0.10520352160529554,1.9074276977415736,1.8114950795970977,0.9003937546058808,0.4202383374944275,28.16154290176285,0.12697531276075616,1.8114950795970977,0.4202383374944275,0.12310020951114045,"Disease related genes, Human disease related genes, Predicted secreted proteins",,Tissue enhanced,brain: 10.4;choroid plexus: 23.9;prostate: 10.8,False,False,False,False,True
PCLO,138.05265128710707,140.69588140029143,0.4131619937694704,0.3983210418954966,36.55160713050795,39.43113816617265,130.05978186464657,124.85120778999936,0.0722441473009294,0.06558980683218982,1.8886846939901554,1.8092591025901956,0.08540621687696906,0.17107876274358721,139.37426634369925,0.40574151783248347,1.8092591025901956,0.08540621687696906,0.0722441473009294,"Disease related genes, Human disease related genes, Plasma proteins, Predicted intracellular proteins, Predicted membrane proteins","Nuclear speckles,Plasma membrane",Tissue enhanced,brain: 21.2;retina: 20.1,False,True,False,False,False
CASZ1,111.87377815414453,112.68275747299361,0.4350467289719626,0.41495371096814687,30.328080630523118,31.447549697959914,57.80434749539847,100.68645789516079,0.10842511854665403,0.10155047412487636,1.8491820824780616,1.808832012717545,0.9407156460109662,0.16088589300357373,112.27826781356907,0.42500021997005477,1.808832012717545,0.16088589300357373,0.10842511854665403,"Predicted intracellular proteins, Transcription factors","Nucleoplasm,Vesicles,Cytosol",Tissue enhanced,skin 1: 46.8,False,False,False,False,False
CIT,63.44030632758447,62.59706198785365,0.19929906542056075,0.19002039855640984,17.463029582047003,16.113218188892773,23.578089109965166,41.61706926333312,0.10865142250503668,0.09504415615687985,1.8033240491987048,1.893849030235618,1.3905905983072513,0.5775287347222184,63.018684157719065,0.1946597319884853,1.8033240491987048,0.5775287347222184,0.10865142250503668,"Disease related genes, Enzymes, Essential proteins, Human disease related genes, Potential drug targets, Predicted intracellular proteins",Cytosol,Tissue enhanced,brain: 13.4;lymphoid tissue: 6.3,False,False,False,True,False
SLC9A2,24.517128256358454,26.2698467082702,0.11783489096573209,0.11784089126000313,6.31641495520849,5.841650098692245,13.690503354173321,13.872356421111041,0.08952676951629181,0.08265540681420118,1.8022571688337443,1.9948903628616803,0.7965821456133959,0.8746733400033758,25.393487482314328,0.1178378911128676,1.8022571688337443,0.7965821456133959,0.08952676951629181,"Metabolic proteins, Plasma proteins, Predicted membrane proteins, Transporters",Cell Junctions,Tissue enhanced,intestine: 19.4;stomach 1: 24.9,False,True,False,False,False
SAMD13,42.14440660125852,44.96314242615109,0.1996884735202492,0.20014122077514515,11.378835764897648,11.829341449851794,12.16933631482073,22.822263789569778,0.10142165486156735,0.08982249091117728,1.8012979004517946,1.8410303195594775,1.7119908942582074,0.9481669195021933,43.5537745137048,0.1999148471476972,1.8012979004517946,0.9481669195021933,0.10142165486156735,Predicted intracellular proteins,Mitochondria,Tissue enhanced,intestine: 20.6;salivary gland: 16.5,False,False,False,False,False
SHROOM2,41.97823211359811,43.62215994997599,0.19766355140186917,0.1965322454103248,11.33239153728582,9.395320575396694,23.578089109965166,33.56215263172026,0.09081523414584544,0.05873590270514717,1.8011535405400583,2.101826100052226,0.8062333856622237,0.36856727383210003,42.80019603178705,0.19709789840609698,1.8011535405400583,0.36856727383210003,0.09081523414584544,"Plasma proteins, Predicted intracellular proteins","Plasma membrane,Cell Junctions,Cytosol",Tissue enhanced,retina: 19.3,False,True,False,False,False
SLCO1A2,35.088382202139705,36.514952826247956,0.14454828660436136,0.13698415189078927,7.152411052221379,9.784763915309508,17.4934209525548,33.56215263172026,0.06913928142224526,0.07968248336822878,2.146235769948456,1.798471148683124,0.9645223481952944,0.11827266854546759,35.80166751419383,0.14076621924757532,1.798471148683124,0.11827266854546759,0.07968248336822878,"Metabolic proteins, Plasma proteins, Predicted intracellular proteins, Predicted membrane proteins, Transporters",Plasma membrane,Tissue enhanced,brain: 15.0;choroid plexus: 7.0;liver: 7.5;salivary gland: 14.6,False,True,False,False,False
NTN1,49.16208304168646,47.041665264222495,0.2129283489096573,0.20131806056802135,13.422381779818043,9.930805167776816,38.02917598381479,28.19220821064502,0.10260976113311822,0.07616054852220158,1.798287821370947,2.1358864854709685,0.3620442553256493,0.7187028139710276,48.10187415295448,0.20712320473883933,1.798287821370947,0.3620442553256493,0.10260976113311822,"Cancer-related genes, Disease related genes, Human disease related genes, Predicted intracellular proteins, Predicted secreted proteins","Nucleoplasm,Actin filaments,Cytosol",Tissue enhanced,blood vessel: 35.5;heart muscle: 56.1,False,False,False,False,True
PIP5K1B,304.26548690620456,308.66734636598443,0.6657320872274143,0.647261886081908,83.41383279084154,88.11155565527469,169.61012488781392,164.2308002112178,0.07884660732709521,0.06809472578271415,1.8545131526356202,1.7970348301894639,0.8393612225258714,0.9062366219382297,306.4664166360945,0.6564969866546612,1.7970348301894639,0.8393612225258714,0.07884660732709521,"Enzymes, Metabolic proteins, Predicted intracellular proteins","Nucleoplasm,Vesicles",Tissue enhanced,choroid plexus: 111.3,False,False,False,True,False
ANKRD18A,35.47186178904834,34.73144613293508,0.16869158878504673,0.15926565196924525,8.499293652964367,9.297959740418488,19.014587991907394,23.71725452641565,0.0911891063082586,0.07377138667947633,1.9408917003543855,1.7948357691723804,0.8657319296083759,0.5316757997312067,35.10165396099171,0.163978620377146,1.7948357691723804,0.5316757997312067,0.0911891063082586,Predicted intracellular proteins,,Tissue enhanced,bone marrow: 17.6;testis: 7.2,False,False,False,False,False
UCK2,277.37078521101256,277.6101922177691,0.6703271028037383,0.653773732935823,75.51831409683092,79.34908050723632,144.51086873849616,166.91577242175543,0.10037492605206567,0.0948755268013532,1.8631308167369536,1.7938946167884045,0.9358808921297832,0.7305102863047432,277.49048871439084,0.6620504178697806,1.7938946167884045,0.7305102863047432,0.10037492605206567,"Enzymes, Metabolic proteins, Predicted intracellular proteins","Nucleoplasm,Cytosol",Low tissue specificity,,False,False,False,True,False
LINC00639,113.99569853503895,116.90685227294517,0.28450155763239876,0.28142162246979446,32.185849734996204,28.867487571037508,56.28318045604588,63.544342316057026,0.07803171871662912,0.0722500979790879,1.7929397770181832,1.9809997748763015,1.0053963968015762,0.8692850187540957,115.45127540399207,0.2829615900510966,1.7929397770181832,0.8692850187540957,0.07803171871662912,,,,,False,False,False,False,False
CNKSR3,125.20608512566793,127.42015488615796,0.42562305295950154,0.4159736387886396,35.436945667824105,33.4921272325022,74.53718492827697,114.11131894784889,0.08396240454493181,0.06918575924153038,1.7923075374706205,1.8965326318670044,0.7405225482215538,0.15784194253568404,126.31312000591294,0.42079834587407056,1.7923075374706205,0.15784194253568404,0.08396240454493181,Predicted intracellular proteins,"Mitochondria,Cytosol",Low tissue specificity,,False,False,False,False,False
ALOX12P2,169.77919577734775,171.1630032589897,0.4514797507788162,0.44366860191432606,47.04800257078089,48.72909790659114,209.16046791098128,176.76067052706006,0.07711557514452247,0.06634689410791093,1.8295838750776496,1.791612984214588,-0.2993590802821294,-0.04616101381015843,170.47109951816873,0.44757417634657115,1.791612984214588,-0.2993590802821294,0.07711557514452247,,,,,False,False,False,False,False
ENSG00000291065,181.66706297151532,181.47515850077622,0.44665109034267914,0.4366860191432606,46.49067183943897,51.74728379091547,81.38243660536364,137.82857347426454,0.10895184299551071,0.09129272275704008,1.9435004515403624,1.7905313645451846,1.1488078202718355,0.39439554248924774,181.57111073614578,0.44166855474296984,1.7905313645451846,0.39439554248924774,0.10895184299551071,,,,,False,False,False,False,False
GLYATL2,110.21203327754047,110.76515253206323,0.35046728971962615,0.34198964380982266,30.00297103724033,31.398869280470812,42.59267710187256,56.831911789712976,0.09818043732467656,0.10272045712020161,1.842834516117843,1.7864550685918092,1.3511551879402697,0.9505327374856364,110.48859290480185,0.3462284667647244,1.7864550685918092,0.9505327374856364,0.10272045712020161,"Enzymes, Metabolic proteins, Predicted intracellular proteins",Mitochondria,Tissue enhanced,breast: 11.2;cervix: 18.7;salivary gland: 33.6,False,False,False,True,False
LEKR1,118.94258520616029,117.9125891300765,0.4093457943925234,0.3950258904754433,32.27873819021986,33.4921272325022,53.240846377340695,54.14693957917535,0.09065010567989168,0.07458021891203588,1.8496713358297576,1.7855624475578176,1.1448923780031113,1.108548729818897,118.4275871681184,0.40218584243398336,1.7855624475578176,1.108548729818897,0.09065010567989168,Predicted intracellular proteins,"Nucleoplasm,Nucleoli",Tissue enhanced,testis: 12.1,False,False,False,False,False
APOO,121.51189843844811,118.03327755293228,0.4250778816199377,0.40310685705319316,33.85784192902198,33.54080764999131,49.43792877895922,74.2842311582075,0.09887430525293586,0.0897726740185433,1.813366712369478,1.7849912349668915,1.280340933469636,0.6609453386859983,119.7725879956902,0.41409236933656546,1.7849912349668915,0.6609453386859983,0.09887430525293586,"Predicted intracellular proteins, Predicted membrane proteins, Predicted secreted proteins, Transporters","Mitochondria,Cytosol",Tissue enhanced,choroid plexus: 102.5,False,True,False,False,True
ENSG00000290762,52.5111381006885,52.82129973653717,0.2514018691588785,0.2372509022438412,12.911495276087942,14.701486081708815,16.732837432878505,23.269759157992716,0.10266543736019865,0.09084729416281657,1.94356171701025,1.777276120412714,1.5934158127315077,1.1490174392882857,52.666218918612834,0.24432638570135987,1.777276120412714,1.1490174392882857,0.10266543736019865,,,,,False,False,False,False,False
RNF121,263.2843017185689,259.7080761608315,0.6984423676012461,0.6741722893456771,74.91453913787717,75.25992543815175,104.9605257153288,119.0337680005012,0.0984323278781041,0.0859481366879706,1.7996426106727603,1.77343824946737,1.3185638259011763,1.118994951959685,261.49618893970023,0.6863073284734615,1.77343824946737,1.118994951959685,0.0984323278781041,"Enzymes, Predicted membrane proteins","Nucleoplasm,Golgi apparatus,Vesicles",Low tissue specificity,,False,True,False,True,False
STX19,48.22894938020879,48.50333616325335,0.2281152647975078,0.2186568335163973,13.468826007429868,13.095032304568448,20.53575503125998,26.84972210537621,0.08223885978871813,0.08147579053005712,1.7665590834824454,1.8123389711343156,1.1927730460903534,0.8298628236730032,48.36614277173107,0.22338604915695254,1.7665590834824454,0.8298628236730032,0.08223885978871813,"Predicted intracellular proteins, Transporters","Intermediate filaments,Cytosol",Tissue enhanced,epididymis: 15.4;intestine: 12.6,False,False,False,False,False
CGNL1,78.10200920039112,79.17160539337787,0.3104361370716511,0.3030754746587165,20.528348604427592,22.587713714943344,60.846681574103656,52.80445347390654,0.09121309222001843,0.0869397960668011,1.8774766822234454,1.7650557743881379,0.35501815129662034,0.5753657719986337,78.6368072968845,0.3067558058651838,1.7650557743881379,0.35501815129662034,0.09121309222001843,"Disease related genes, Predicted intracellular proteins","Nuclear bodies,Cell Junctions",Tissue enhanced,kidney: 63.8,False,False,False,False,False
CCSER1,1528.0638926077177,1538.281227894742,0.9531931464174455,0.9369213871018359,449.76590019293394,439.8275720140369,1017.6607493268837,1012.682018741106,0.06851968392108557,0.061204356985777655,1.7621984047078452,1.8039704705801172,0.5859750294584265,0.6026516720389768,1533.1725602512297,0.9450572667596406,1.7621984047078452,0.5859750294584265,0.06851968392108557,Predicted intracellular proteins,,Tissue enhanced,retina: 3.1;testis: 2.4,False,False,False,False,False
DENND6B,33.23489753208133,34.54370858627056,0.16806853582554518,0.170171034049898,9.103068611918118,9.492681410374898,14.451086873849617,21.47977768430097,0.16105273823604876,0.1068584244228782,1.7606741440443099,1.7602108116984545,1.1477593693153825,0.660966450250847,33.889303059175944,0.1691197849377216,1.7602108116984545,0.660966450250847,0.16105273823604876,Predicted intracellular proteins,Plasma membrane,Tissue enhanced,brain: 25.0,False,True,False,False,False
LNC-LBCS,44.45806677560726,43.783077847117,0.18006230529595016,0.17362309744233484,11.378835764897648,12.267465207253714,50.95909581831181,53.69944421075242,0.07535573944546445,0.05802409558356923,1.8766606962306924,1.7550609195904021,-0.1928399944745494,-0.2885724891737605,44.120572311362125,0.17684270136914249,1.7550609195904021,-0.2885724891737605,0.07535573944546445,,,,,False,False,False,False,False
CA3,54.21123093598342,53.853856243192,0.22990654205607478,0.21951984936450653,14.44415478727824,15.285651091578039,52.4802628576644,53.25194884232948,0.07458434626427071,0.07378415183433935,1.8379008477046774,1.7519916470455108,0.0459552100624704,0.01591808302380873,54.03254358958771,0.22471319571029064,1.7519916470455108,0.01591808302380873,0.07458434626427071,"Enzymes, FDA approved drug targets, Metabolic proteins, Plasma proteins, Predicted intracellular proteins",,Tissue enriched,skeletal muscle: 4941.5,True,False,False,True,False
CTTN-DT,61.804126756774316,58.09136086790531,0.27686915887850466,0.2546681311784089,16.67347771264594,16.55134194629469,34.9868419051096,37.589610947526694,0.1065433364626149,0.09195013323974827,1.8292734040810918,1.7513658836111854,0.8033898580455988,0.6147347254121078,59.94774381233981,0.26576864502845676,1.7513658836111854,0.6147347254121078,0.1065433364626149,,,,,False,False,False,False,False
RERGL,60.47473085549106,58.09136086790531,0.19813084112149532,0.18295935979915268,14.537043242501893,16.6487027812729,60.08609805442736,55.04193031602123,0.07641083733593551,0.06466411809136768,1.9842815339266284,1.7433850782977949,0.009149423988055875,0.07644057539903128,59.283045861698184,0.190545100460324,1.7433850782977949,0.009149423988055875,0.07641083733593551,"Enzymes, Predicted intracellular proteins",Nucleoplasm,Tissue enriched,blood vessel: 166.7,False,False,False,True,False
AGAP1,686.2878513845825,669.2038949104217,0.8943146417445483,0.8714106386317276,204.4010457196512,196.62020623848312,357.474254247859,363.3662391594247,0.08197691332930553,0.06207051036960473,1.7424709316731397,1.7618696039222876,0.9390449505074643,0.8792107803366142,677.7458731475022,0.882862640188138,1.7424709316731397,0.8792107803366142,0.08197691332930553,"Plasma proteins, Predicted intracellular proteins",,Tissue enhanced,retina: 43.5,False,False,False,False,False
KIF18A,93.36449675935462,92.91667577417266,0.23271028037383176,0.23324964694806213,27.2163173805307,24.486249997018326,21.29633855093628,31.32467578960558,0.096924542245725,0.10165398289482427,1.741714460509061,1.881662231159073,2.081437355266667,1.5387454443188302,93.14058626676365,0.23297996366094695,1.741714460509061,1.5387454443188302,0.10165398289482427,"Essential proteins, Predicted intracellular proteins","Microtubules,Cytokinetic bridge",Group enriched,bone marrow: 7.8;lymphoid tissue: 8.9;testis: 12.8,False,False,False,False,False
KIAA1671-AS1,21.883901759585857,20.315884514052758,0.1190809968847352,0.10709242115173388,5.851972679090219,4.624639661464694,11.408752795144434,11.634879578996358,0.15836726260352404,0.13253017030810887,1.7397417519392044,1.9220963427757989,0.8829749386718752,0.7545170076939477,21.099893136819308,0.11308670901823453,1.7397417519392044,0.7545170076939477,0.15836726260352404,,,,,False,False,False,False,False
H2BC15,58.570115573844866,59.16414684884539,0.2547507788161994,0.24674407657304254,15.001485518620164,17.03814612118571,23.578089109965166,49.67198589494599,0.09401726505054644,0.08954885275512446,1.896382912310446,1.7378529364763589,1.2772160042605178,0.24771563814797568,58.867131211345125,0.250747427694621,1.7378529364763589,0.24771563814797568,0.09401726505054644,"Essential proteins, Predicted intracellular proteins","Nucleoplasm,Cytosol",Low tissue specificity,,False,False,False,False,False
SH3BP4,124.27295146419027,119.87042354529216,0.4532710280373832,0.42742821277263454,35.9478321715542,35.29330267959898,62.367848613456246,68.0192960002864,0.11495952316299057,0.11085829340284181,1.7615133209977034,1.7356860139982018,0.983252005291553,0.8083896033043424,122.07168750474122,0.44034962040500886,1.7356860139982018,0.8083896033043424,0.11495952316299057,Predicted intracellular proteins,,Tissue enhanced,salivary gland: 78.6,False,False,False,False,False
SEMA3E,63.568132856554016,63.8978149897435,0.2369158878504673,0.22242272085360112,18.438358361895375,15.431692344045347,57.80434749539847,45.644527579139556,0.09450021573842834,0.06592414845353599,1.7319159252880452,1.9816888307346265,0.1348994890215497,0.4764620743072006,63.73297392314876,0.2296693043520342,1.7319159252880452,0.1348994890215497,0.09450021573842834,"Human disease related genes, Predicted secreted proteins","Nucleoplasm,Vesicles",Low tissue specificity,,False,False,False,False,True
TSNAXIP1,20.40111402353915,20.423163112146767,0.11160436137071651,0.10709242115173388,4.412201623123577,5.452206758779428,8.366418716439252,13.424861052688104,0.13967719134443926,0.1328971946397079,1.9833984065194343,1.7313069335128375,1.1921164584603812,0.5706140863396088,20.41213856784296,0.1093483912612252,1.7313069335128375,0.5706140863396088,0.13967719134443926,Predicted intracellular proteins,"Nucleoplasm,Cytosol",Tissue enhanced,fallopian tube: 8.1;testis: 19.7,False,False,False,False,False
SOX9-AS1,50.93887179436311,48.543565637538606,0.23450155763239874,0.22179507296406717,14.676375925337375,13.825238566904979,28.14159022802294,42.95955536860194,0.10734620105386061,0.10914075645182572,1.728222601595292,1.7406423819822903,0.8337350704224549,0.17252090856708546,49.74121871595086,0.22814831529823296,1.728222601595292,0.17252090856708546,0.10914075645182572,,,,,False,False,False,False,False
FTCDNL1,161.32986221246094,164.36422210478196,0.5167445482866043,0.49466499293896127,48.116219805852914,46.44111828460334,69.21310029054291,61.75436084236529,0.0759031874895986,0.07041233177680323,1.7246569884592677,1.801437206775359,1.2091162852124433,1.3978595079585652,162.84704215862143,0.5057047706127829,1.7246569884592677,1.2091162852124433,0.0759031874895986,Predicted intracellular proteins,Vesicles,Low tissue specificity,,False,False,False,False,False
BFSP1,26.242786397447293,26.14915828541444,0.13255451713395638,0.12835399340969716,7.245299507445033,5.306165506312122,16.732837432878505,9.84489810530461,0.07777026540885079,0.09300132050405258,1.7242304649345077,2.1060725309675665,0.6194508695558565,1.3238909723190717,26.195972341430867,0.13045425527182677,1.7242304649345077,0.6194508695558565,0.09300132050405258,"Disease related genes, Human disease related genes, Predicted intracellular proteins","Plasma membrane,Cytosol",Low tissue specificity,,False,True,False,False,False
JPH1,30.537757770823955,29.32728675394943,0.13699376947040498,0.12819708143731368,8.545737880576192,6.717897613496081,21.29633855093628,18.34731010534041,0.0718762427510455,0.0755191498802014,1.7241514663496467,1.9743366221309042,0.5002732791608988,0.6484834327171188,29.93252226238669,0.13259542545385933,1.7241514663496467,0.5002732791608988,0.0755191498802014,"Human disease related genes, Predicted membrane proteins, Transporters",Nucleoplasm,Group enriched,skeletal muscle: 222.3;tongue: 99.1,False,True,False,False,False
SLC13A3,91.8050131059262,90.55654661610447,0.33130841121495325,0.32010042366232544,27.123428925307046,25.946662521691387,46.39559470025404,41.61706926333312,0.08598746013696709,0.06569911460688807,1.722430233901874,1.764556448417234,0.969449767882647,1.1032316637758273,91.18077986101534,0.3257044174386393,1.722430233901874,0.969449767882647,0.08598746013696709,"Disease related genes, Metabolic proteins, Potential drug targets, Predicted membrane proteins, Transporters",Plasma membrane,Tissue enriched,kidney: 379.8,False,True,False,False,False
EPHA6,35.67638423539961,36.79655914624473,0.13714953271028038,0.13572885611172134,10.124841619378316,8.56775347808196,36.50800894446219,20.584786947455093,0.05720614650102854,0.06727077763188152,1.7210666198757476,1.9820027802314681,-0.03234726482485024,0.8082400502473664,36.23647169082217,0.13643919441100086,1.7210666198757476,-0.03234726482485024,0.06727077763188152,"Enzymes, Predicted intracellular proteins, Predicted membrane proteins",Mid piece,Tissue enhanced,ovary: 3.8;testis: 7.7,False,True,False,True,False
ENSG00000243004,46.36268205725345,46.26389542804093,0.18894080996884735,0.17958575239290758,12.911495276087942,13.338434392013959,25.859839668994052,34.90463873698907,0.09468560459456724,0.06805414951480555,1.7674732841260972,1.720851033900202,0.8183000872191829,0.3965682926682036,46.31328874264719,0.18426328118087748,1.720851033900202,0.3965682926682036,0.09468560459456724,,,,,False,False,False,False,False
MND1,33.2988107965661,33.40387348152173,0.12383177570093458,0.12396045818295937,9.288845522365426,9.444000992885794,12.929919834497026,19.68979621060922,0.08673216685132218,0.0981542080863189,1.7370774451192215,1.719896505068137,1.2999716009744136,0.7336515699075409,33.351342139043915,0.12389611694194697,1.719896505068137,0.7336515699075409,0.0981542080863189,Predicted intracellular proteins,,Tissue enhanced,bone marrow: 12.5;lymphoid tissue: 24.9;testis: 14.8,False,False,False,False,False
ENSG00000286480,50.52982690166057,48.58379511182386,0.23699376947040499,0.22265808881217636,14.304822104442758,14.068640654350489,34.226258385433304,29.087198947490894,0.09144944888345835,0.07463694260415776,1.7514214704156819,1.7183194216586941,0.5487565014557263,0.7207188974367195,49.556811006742215,0.22982592914129069,1.7183194216586941,0.5487565014557263,0.09144944888345835,,,,,False,False,False,False,False
ENSG00000272243,29.911407778873194,27.59741935968355,0.12172897196261682,0.10944610073748627,6.780857231326761,7.691505963278122,15.211670393525914,16.557328631648662,0.0759561275453787,0.053501905017168935,1.9901383460067121,1.7182068863496187,0.9311066107090271,0.7038116098020485,28.75441356927837,0.11558753635005155,1.7182068863496187,0.7038116098020485,0.0759561275453787,,,,,False,False,False,False,False
ENSG00000267383,141.7596206272238,137.3166055603302,0.4265576323987539,0.40318531303938493,42.40357980959818,38.89565357379252,62.367848613456246,68.0192960002864,0.10485337629577399,0.09313674199997347,1.7177020303873636,1.7936708833058792,1.1717650317684116,1.002902705813443,139.53811309377699,0.41487147271906943,1.7177020303873636,1.002902705813443,0.10485337629577399,,,,,False,False,False,False,False
ITGA10,44.752067792237206,42.58960344332117,0.21495327102803738,0.1934724619488467,12.214831861910536,12.267465207253714,18.254004472231095,21.032282315878028,0.10067471569563069,0.09380868173368923,1.7916788792849245,1.7160913134096338,1.2486784177846744,0.9843651278055888,43.67083561777919,0.20421286648844206,1.7160913134096338,0.9843651278055888,0.10067471569563069,"Plasma proteins, Predicted membrane proteins",Endoplasmic reticulum,Tissue enriched,blood vessel: 114.0,False,True,False,False,False
LINC00536,34.577076086261535,36.233346506251195,0.13372274143302182,0.13643495998744704,9.846176253707352,10.222887672711428,31.183924306728123,36.24712484225788,0.11582244556184942,0.0934856511622766,1.7137614272137154,1.7301513582101202,0.14460769709890273,-0.000533775817886312,35.40521129625637,0.13507885071023443,1.7137614272137154,-0.000533775817886312,0.11582244556184942,,,,,False,False,False,False,False
SH3RF2,36.366647491835145,36.233346506251195,0.1660436137071651,0.1591871959830535,10.403506985049278,10.076846420244122,54.762013416693286,37.589610947526694,0.07306232375250572,0.06591936940929759,1.7122735591858942,1.749048086043425,-0.5775315220084277,-0.05161720859585538,36.299996999043174,0.1626154048451093,1.7122735591858942,-0.5775315220084277,0.07306232375250572,"Enzymes, Metabolic proteins, Predicted intracellular proteins",Nucleoplasm,Tissue enhanced,heart muscle: 54.7;skeletal muscle: 40.2;skin 1: 53.6,False,False,False,True,False
ATP13A3-DT,55.71958397782404,52.80788991177542,0.2570872274143302,0.23215126314137768,15.094373973843819,15.431692344045347,18.254004472231095,17.0048240000716,0.10020924592464839,0.08017973255474586,1.8172904897514992,1.711336657328874,1.5586884202982974,1.579434235268143,54.26373694479973,0.24461924527785395,1.711336657328874,1.5586884202982974,0.10020924592464839,,,,,False,False,False,False,False
FANCA,83.18950505337895,80.48576822002947,0.2672897196261682,0.25443276321983366,24.80121754471569,22.782435384899753,34.226258385433304,42.95955536860194,0.12266622225289693,0.09604167166586333,1.706201252933139,1.7766516510384003,1.2569891553822983,0.8903713153712717,81.83763663670422,0.26086124142300093,1.706201252933139,0.8903713153712717,0.12266622225289693,"Cancer-related genes, Disease related genes, Human disease related genes, Predicted intracellular proteins, Predicted membrane proteins",Nucleoplasm,Tissue enhanced,testis: 21.0,False,True,False,False,False
MAGI3,563.8172539788628,552.4177310603324,0.8309190031152648,0.808488937705947,172.3545286674905,160.40197562659122,343.0231673740093,403.19332694906603,0.08100167209339665,0.07141938791634166,1.7040586349669855,1.77771062957593,0.7152784377167664,0.45332336381580196,558.1174925195976,0.8197039704106059,1.7040586349669855,0.45332336381580196,0.08100167209339665,Predicted intracellular proteins,Cell Junctions,Tissue enhanced,retina: 32.2,False,False,False,False,False
SRCIN1,31.72654449024071,31.553317664400094,0.15786604361370715,0.15251843715675506,7.152411052221379,9.005877235483878,11.408752795144434,16.557328631648662,0.11409135480463749,0.08601888118838721,2.00516257956011,1.7019569260608558,1.399103162702054,0.8907312290288567,31.6399310773204,0.1551922403852311,1.7019569260608558,0.8907312290288567,0.11409135480463749,Predicted intracellular proteins,Cell Junctions,Tissue enriched,brain: 76.5,False,False,False,False,False
LINC02301,30.742280217175228,31.80810433487336,0.1415109034267913,0.13808253569747372,8.777959018635329,7.4481038758326115,17.4934209525548,16.109833263225728,0.08141884491808805,0.06962916559359211,1.698800504519608,1.9573527578338759,0.779393646127765,0.9392265360691607,31.275192276024292,0.13979671956213252,1.698800504519608,0.779393646127765,0.08141884491808805,,,,,False,False,False,False,False
FAM227A,22.305729305185352,21.455719618801595,0.11666666666666667,0.10709242115173388,5.619751541031083,5.939010933670448,22.817505590288867,17.0048240000716,0.058696221723183235,0.08197298311169142,1.8158356852527298,1.694281010606722,-0.0313376677423282,0.31869945861331295,21.880724461993474,0.11187954390920027,1.694281010606722,-0.0313376677423282,0.08197298311169142,"Essential proteins, Predicted intracellular proteins",Nucleoplasm,Tissue enhanced,choroid plexus: 4.7;testis: 4.7,False,False,False,False,False
RNF43,75.9800888194967,73.75403618963047,0.31822429906542055,0.30158481092107325,19.320798686520085,22.149589957541426,77.57951900698215,89.05157831616444,0.08109010126431379,0.08449381334430686,1.9215282289712352,1.6911648371069656,-0.029668001215588595,-0.2686000854334902,74.86706250456359,0.3099045549932469,1.6911648371069656,-0.2686000854334902,0.08449381334430686,"Cancer-related genes, Disease related genes, Enzymes, Potential drug targets, Predicted membrane proteins",,Tissue enhanced,intestine: 21.4,False,True,False,True,False
SKA3,33.413854672638685,31.352170292973828,0.1353582554517134,0.12411737015534285,9.288845522365426,9.054557652972978,9.887585755791843,19.242300842186282,0.11524473075628376,0.1059626052959798,1.7419083851925434,1.686012884190022,1.6603054142040006,0.676489212965568,32.38301248280626,0.12973781280352814,1.686012884190022,0.676489212965568,0.11524473075628376,"Essential proteins, Predicted intracellular proteins","Mitotic spindle,Centrosome,Cytosol",Tissue enhanced,bone marrow: 4.5;lymphoid tissue: 11.3;testis: 5.9,False,False,False,False,False
CPEB3,456.9798410661183,451.2808327072063,0.7707943925233645,0.74752863643496,141.51556153323727,138.44710733900618,243.38672629641462,211.21781389562616,0.07760867072094225,0.06601399707427437,1.6841646381285773,1.6975008493066994,0.9061181682446954,1.0916730936090373,454.1303368866623,0.7591615144791622,1.6841646381285773,0.9061181682446954,0.07760867072094225,Predicted intracellular proteins,"Nucleoplasm,Plasma membrane,Midbody,Cytosol",Tissue enhanced,liver: 30.1,False,True,False,False,False
GSTO2,73.01451334740328,73.16400390011343,0.3172897196261682,0.3060568021340028,19.692352507414704,22.100909540052324,68.45251677086661,71.15176357924696,0.10073301418699722,0.07627188247965207,1.8387105193687776,1.6827694777611102,0.09178121895214887,0.039684474583188974,73.08925862375835,0.3116732608800855,1.6827694777611102,0.039684474583188974,0.10073301418699722,"Enzymes, Metabolic proteins, Predicted intracellular proteins","Nucleoplasm,Nucleoli",Tissue enhanced,testis: 19.4,False,False,False,True,False
GINS1,43.767803519171714,43.27350450617047,0.18722741433021806,0.17950729640671584,12.95793950369977,11.9753827023191,19.775171511583686,25.507236000107397,0.09765981193883984,0.0973438386678336,1.6813755517919249,1.77066648491702,1.1076011484404098,0.7400573323687913,43.52065401267109,0.18336735536846693,1.6813755517919249,0.7400573323687913,0.09765981193883984,"Disease related genes, Essential proteins, Human disease related genes, Predicted intracellular proteins",Nucleoplasm,Tissue enhanced,lymphoid tissue: 6.8;testis: 8.3,False,False,False,False,False
EXPH5,217.02388088449106,204.35231954432345,0.5929906542056075,0.5581358857680842,62.79259573119028,63.18718190085445,119.41161258917842,132.01113368476638,0.09883148633036141,0.10051719737763173,1.773025278545438,1.6777441164347515,0.8565116334334576,0.6265542318437195,210.68810021440726,0.5755632699868458,1.6777441164347515,0.6265542318437195,0.10051719737763173,"Disease related genes, Human disease related genes, Predicted intracellular proteins",Cytosol,Tissue enhanced,brain: 15.1;skin 1: 24.4,False,False,False,False,False
DDAH1,191.45857509058234,188.85056211973927,0.5428348909657321,0.5194570845755531,59.63438825358604,58.36782056943334,104.9605257153288,109.63636526361952,0.08668622779468221,0.069331059429993,1.6663398100285025,1.677111213636256,0.8610210459358338,0.7790386050511986,190.15456860516082,0.5311459877706426,1.6663398100285025,0.7790386050511986,0.08668622779468221,"Enzymes, Metabolic proteins, Plasma proteins, Predicted intracellular proteins","Nucleoli,Plasma membrane,Cytosol",Tissue enhanced,kidney: 116.6,False,True,False,True,False
FAM171A1,175.56973753966807,170.9216264132782,0.5457165109034268,0.5285579789737958,48.719994764806664,53.20769631558852,76.81893548730586,107.84638378992777,0.10176911026965675,0.07952544771699872,1.8283400496601354,1.665181433531931,1.182044948833189,0.6594575585524626,173.24568197647312,0.5371372449386113,1.665181433531931,0.6594575585524626,0.10176911026965675,"Predicted intracellular proteins, Predicted membrane proteins","Nucleoplasm,Plasma membrane",Tissue enhanced,brain: 97.5,False,True,False,False,False
GOLPH3L,305.3775777082396,298.75748586705043,0.7309968847352025,0.7072022595324023,91.54157262291129,93.51508199656502,120.93277962853101,156.17588357960494,0.10037454250847756,0.08459856386222873,1.7271371963219784,1.6651793155277617,1.3292246942532884,0.9314159092345744,302.067531787645,0.7190995721338025,1.6651793155277617,0.9314159092345744,0.10037454250847756,Predicted intracellular proteins,"Golgi apparatus,Cytosol",Low tissue specificity,,False,False,False,False,False
ENSG00000254604,88.73717641065714,81.06239068478476,0.3744548286604361,0.33767456456927664,27.169873152918875,24.973054171909347,31.183924306728123,29.982189684336767,0.09633742324361498,0.08651908560716874,1.671552722816021,1.6597055136670213,1.479365540172688,1.4052820731496543,84.89978354772094,0.3560646966148564,1.6597055136670213,1.4052820731496543,0.09633742324361498,,,,,False,False,False,False,False
BRIP1,100.12652014184349,98.30742532839655,0.2570872274143302,0.24313510120822218,31.024744044700526,29.35429174592853,47.15617821993033,47.882004421254244,0.08768663037520626,0.07332981138599738,1.658902444427459,1.710001082422559,1.0703685832178735,1.0225981492124865,99.21697273512001,0.2501111643112762,1.658902444427459,1.0225981492124865,0.08768663037520626,"Cancer-related genes, Disease related genes, Enzymes, Human disease related genes, Potential drug targets, Predicted intracellular proteins","Nucleoplasm,Nuclear membrane",Tissue enhanced,bone marrow: 2.6;lymphoid tissue: 3.4,False,False,False,True,False
ARHGAP32,536.1300278040596,528.4677840358449,0.856386292834891,0.8270830064333908,169.05698850705076,166.77911031766357,305.7545749098708,316.82672084343926,0.08310188670302873,0.07486152356850331,1.6592530814602624,1.6579798035012332,0.8081865161337011,0.7363024823722375,532.2989059199523,0.8417346496341409,1.6579798035012332,0.7363024823722375,0.08310188670302873,"Cancer-related genes, Predicted intracellular proteins","Nucleoplasm,Nucleoli fibrillar center,Golgi apparatus,Cytosol",Low tissue specificity,,False,False,False,False,False
XRCC2,41.23683824557475,39.00918023193365,0.1603582554517134,0.14898791777812648,11.100170399226684,11.68330019738449,12.929919834497026,25.507236000107397,0.09431563033443738,0.0951827159617822,1.8034744776161304,1.6574008850097448,1.6003148864664152,0.593944825571449,40.1230092387542,0.15467308661491994,1.6574008850097448,0.593944825571449,0.0951827159617822,"Cancer-related genes, Disease related genes, Human disease related genes, Predicted intracellular proteins","Nucleoplasm,Vesicles",Tissue enhanced,bone marrow: 5.5,False,False,False,False,False
SLC25A29,183.87846192268842,177.96178441319745,0.5674454828660436,0.5420524085987761,54.20041362300227,55.73907802502183,108.00285979403398,122.6137309478847,0.14345225056996466,0.11835150605873672,1.7438261801801322,1.657236933562783,0.7622111766356832,0.5338125406288371,180.92012316794293,0.5547489457324098,1.657236933562783,0.5338125406288371,0.14345225056996466,"Metabolic proteins, Predicted intracellular proteins, Predicted membrane proteins, Transporters",,Tissue enhanced,thyroid gland: 407.2,False,True,False,False,False
NADSYN1,225.57547567255352,230.39419923164385,0.6587227414330218,0.6476541660128667,70.92033556326002,72.43646122378382,108.00285979403398,119.0337680005012,0.14476101763188817,0.12553403566503393,1.6555200563299248,1.6557842537487244,1.055625727604451,0.9469123751916488,227.9848374520987,0.6531884537229442,1.6555200563299248,0.9469123751916488,0.14476101763188817,"Disease related genes, Enzymes, Human disease related genes, Metabolic proteins, Potential drug targets, Predicted intracellular proteins","Golgi apparatus,Vesicles,Cytosol",Low tissue specificity,,False,False,False,True,False
MIPOL1,516.0484801029444,513.8376652207747,0.831386292834891,0.8050368743135101,163.20501582796055,156.41018139248484,372.6859246413849,299.82189684336765,0.07842596473532212,0.06942892390579883,1.654801361997459,1.7095887458273034,0.4684733347513977,0.7752080194466558,514.9430726618596,0.8182115835742005,1.654801361997459,0.4684733347513977,0.07842596473532212,"Disease related genes, Plasma proteins, Predicted intracellular proteins",Cytosol,Low tissue specificity,,False,False,False,False,False
SMC5-DT,84.23768259092921,81.33058718001979,0.34158878504672896,0.3283383022124588,25.683657869340404,25.167775841865755,63.128432133132534,51.90946273706067,0.07634097765536661,0.07528769600927232,1.6755349215300754,1.653637209208368,0.4105272348581906,0.6379027472532034,82.7841348854745,0.3349635436295939,1.653637209208368,0.4105272348581906,0.07634097765536661,,,,,False,False,False,False,False
RARB,221.74067980346723,226.53216970025957,0.5359813084112149,0.5196924525341283,69.20189914162243,71.41417245651269,193.1882139977791,180.34063347444354,0.07727914230566203,0.06201592164862133,1.6657831011686222,1.6517265501227567,0.1979094250374571,0.327368305787756,224.1364247518634,0.5278368804726716,1.6517265501227567,0.1979094250374571,0.07727914230566203,"Cancer-related genes, Disease related genes, FDA approved drug targets, Human disease related genes, Nuclear receptors, Predicted intracellular proteins, Transcription factors",Nucleoplasm,Low tissue specificity,,True,False,False,False,False
C1orf116,24.88782519037013,24.191323870198797,0.13302180685358256,0.1241958261415346,7.245299507445033,6.036371768648652,9.887585755791843,15.214842526379853,0.10830755435944943,0.11399161101732568,1.6506299659094412,1.8400233263482189,1.2495896887790392,0.6356119286298253,24.53957453028446,0.12860881649755856,1.6506299659094412,0.6356119286298253,0.11399161101732568,Predicted intracellular proteins,"Plasma membrane,Cytosol",Tissue enhanced,esophagus: 98.1;lung: 68.8;stomach 1: 55.4,False,True,False,False,False
PATJ,727.6525161591268,715.3336920908451,0.9095794392523364,0.8866310999529264,230.7349227755572,227.19150842163918,727.1178448105387,622.0185621078822,0.08266176061828687,0.06987558307713038,1.6527555014220614,1.6503866931446618,0.0010590107520257362,0.20135665217168483,721.493104124986,0.8981052696026315,1.6503866931446618,0.0010590107520257362,0.08266176061828687,Predicted intracellular proteins,"Cell Junctions,Centriolar satellite,Cytosol",Low tissue specificity,,False,False,False,False,False
HID1,58.889681896268726,59.12391737456014,0.2743769470404984,0.26706417699670487,15.791037388021225,18.157795723435058,26.620423188670348,33.114657263297325,0.13470250400817602,0.13441467623801626,1.8346161034995068,1.650007435536081,1.1165720453290513,0.8175472889541264,59.00679963541444,0.2707205620186016,1.650007435536081,0.8175472889541264,0.13470250400817602,"Disease related genes, Human disease related genes, Predicted intracellular proteins","Golgi apparatus,Cytosol",Tissue enhanced,brain: 146.5;pancreas: 104.3,False,False,False,False,False
BAIAP2L1,100.74008748089729,96.25572213984864,0.39057632398753894,0.3597206966891574,31.442742093206967,27.796518386277263,65.41018269216141,76.07421263189926,0.1150566775603028,0.0897811826354277,1.6489205719527165,1.7558887403969026,0.6154118673248707,0.335534888785743,98.49790481037297,0.3751485103383482,1.6489205719527165,0.335534888785743,0.1150566775603028,Predicted intracellular proteins,"Plasma membrane,Cytosol",Tissue enhanced,stomach 1: 55.5,False,True,False,False,False
LPAR3,22.625295627609212,21.214342773090074,0.1089563862928349,0.09838380668445003,5.34108617536012,6.085052186137754,13.690503354173321,19.68979621060922,0.105522502961635,0.10030562775603018,1.8975304938366435,1.6486410741278936,0.6854485530285549,0.10257202375725216,21.919819200349643,0.10367009648864246,1.6486410741278936,0.10257202375725216,0.105522502961635,"G-protein coupled receptors, Predicted membrane proteins","Plasma membrane,Primary cilium",Tissue enhanced,fallopian tube: 34.2,False,True,False,False,False
CLPSL1,22.06285890014322,22.555325249265177,0.1088785046728972,0.10591558135885767,6.362859182820317,5.549567593757632,15.211670393525914,13.872356421111041,0.1867538858810606,0.13092380561870826,1.6472333474586252,1.846581685367875,0.5085386135740816,0.6634200022485245,22.309092074704196,0.10739704301587744,1.6472333474586252,0.5085386135740816,0.1867538858810606,"Predicted intracellular proteins, Predicted secreted proteins",,Group enriched,epididymis: 572.6;pancreas: 165.3,False,False,False,False,True
KCNK1,109.09994247550543,107.31882756829322,0.39501557632398754,0.3809038129609289,30.328080630523118,33.5894880674804,56.28318045604588,70.25677284240108,0.09353389272663776,0.08963066385532413,1.8132854268277379,1.6468784617720142,0.9426302143987395,0.6041849768761941,108.20938502189932,0.3879596946424582,1.6468784617720142,0.6041849768761941,0.09353389272663776,"Predicted membrane proteins, Voltage-gated ion channels",Vesicles,Tissue enhanced,brain: 108.6;choroid plexus: 70.0,False,True,False,False,False
REXO5,40.878923964460036,41.597276410951594,0.19010903426791279,0.1845284795229876,12.400608772357845,12.413506459721019,15.211670393525914,27.297217473799144,0.1111553086029932,0.09448056574072417,1.6439258322462043,1.6670747649955566,1.3691916254518814,0.5901009934876875,41.23810018770581,0.1873187568954502,1.6439258322462043,0.5901009934876875,0.1111553086029932,Predicted intracellular proteins,"Nuclear membrane,Nucleoli,Endoplasmic reticulum",Tissue enriched,testis: 321.5,False,False,False,False,False
TRPS1,3559.0484807932075,3601.905750655841,0.9904984423676012,0.9870547622783619,1123.6716428405457,1152.0220798795997,2837.737111912259,2880.0801911700214,0.0771333809120449,0.06840337284515867,1.6623930317629914,1.6437407721781954,0.32664763696889004,0.3225510958035143,3580.477115724524,0.9887766023229816,1.6437407721781954,0.3225510958035143,0.0771333809120449,"Disease related genes, Human disease related genes, Predicted intracellular proteins, Transcription factors",Nucleoplasm,Tissue enriched,breast: 56.9,False,False,False,False,False
STEAP2-AS1,57.84150435871846,58.815491405039865,0.22422118380062306,0.20657461164286836,17.091475761152385,18.157795723435058,31.94450782640442,29.53469431591383,0.07589495864408738,0.05980701002220989,1.7015240348763758,1.64258759576792,0.8367961575970904,0.9700697689874418,58.32849788187916,0.21539789772174572,1.64258759576792,0.8367961575970904,0.07589495864408738,,,,,False,False,False,False,False
PPP6R2,632.2939255478473,599.9421500159779,0.8996884735202493,0.874705790051781,196.22686165996964,191.65480365459473,284.4582363589346,322.6441606329375,0.10341090368591528,0.0869707473353216,1.6830191858857388,1.6412079572893976,1.149595552199218,0.8928176416854049,616.1180377819126,0.8871971317860151,1.6412079572893976,0.8928176416854049,0.10341090368591528,"Plasma proteins, Predicted intracellular proteins","Cytosol,Cytoplasmic bodies",Low tissue specificity,,False,False,False,False,False
MACROD2,562.0404652261861,560.7318224126179,0.7437694704049844,0.731445159265652,179.5998281749355,158.74684143196174,390.939929113616,323.0916560013604,0.07015845700963222,0.0594017120530424,1.6404420910430761,1.8140941286838501,0.5226060554199425,0.7934796568913876,561.386143819402,0.7376073148353182,1.6404420910430761,0.5226060554199425,0.07015845700963222,"Metabolic proteins, Predicted intracellular proteins","Nucleoplasm,Nucleoli",Low tissue specificity,,False,False,False,False,False
CCDC57,237.83403980073274,223.5417787783891,0.6728971962616822,0.6336105444845441,74.35720840653524,71.02472911659987,149.07436985655394,137.3810781058416,0.0950411637523355,0.07838692690633425,1.6641910445526125,1.6404196666547999,0.6703308609601191,0.6983372153912977,230.68790928956093,0.6532538703731132,1.6404196666547999,0.6703308609601191,0.0950411637523355,"Essential proteins, Predicted intracellular proteins","Microtubules,Centriolar satellite,Cytosol",Low tissue specificity,,False,False,False,False,False
TFCP2L1,34.23194445804376,34.74485595769683,0.15716510903426792,0.15487211674250745,9.939064708931008,10.466289760156938,19.014587991907394,22.822263789569778,0.14736263678789124,0.11748871125594666,1.6873947068165576,1.6403369961860061,0.8158321820657369,0.5854251219879,34.4884002078703,0.1560186128883877,1.6403369961860061,0.5854251219879,0.14736263678789124,"Predicted intracellular proteins, Transcription factors","Nucleoli fibrillar center,Mitochondria",Tissue enhanced,kidney: 46.2;salivary gland: 92.0,False,False,False,False,False
MC1R,23.494516024602106,21.67027681498961,0.12570093457943926,0.11344735603326533,6.223526499984836,6.279773856094162,14.451086873849617,11.634879578996358,0.14095471410737548,0.123245042448821,1.7616835535831936,1.638836467826044,0.6647504613688696,0.8433900929329877,22.582396419795856,0.1195741453063523,1.638836467826044,0.6647504613688696,0.14095471410737548,"Disease related genes, FDA approved drug targets, G-protein coupled receptors, Human disease related genes, Predicted membrane proteins",,Tissue enhanced,pituitary gland: 31.2;testis: 29.6,True,True,False,False,False
FBXO16,36.047081169411285,36.39426440339221,0.17320872274143304,0.16734661854699515,10.914393488779377,9.784763915309508,15.211670393525914,22.374768421146843,0.08439265379275579,0.06324143642813605,1.6366543693943936,1.7938224086150814,1.1923271325690685,0.6778649320528384,36.22067278640175,0.1702776706442141,1.6366543693943936,0.6778649320528384,0.08439265379275579,Predicted intracellular proteins,"Nucleoplasm,Vesicles,Plasma membrane,Cytosol",Tissue enhanced,epididymis: 17.3;pituitary gland: 16.7,False,True,False,False,False
ENSG00000286288,71.76181336350176,68.0816803154098,0.2718068535825545,0.25341283539934095,19.181466003684605,21.27334244273759,49.43792877895922,48.776995158100114,0.09283256614190978,0.08483599873633908,1.8501505209652809,1.6329851028472715,0.5286724651877979,0.4728240317277384,69.92174683945578,0.2626098444909477,1.6329851028472715,0.4728240317277384,0.09283256614190978,,,,,False,False,False,False,False
MCM10,42.5406688410641,44.03786451759027,0.14579439252336449,0.13933783147654166,13.050827958923424,13.241073557035755,20.53575503125998,26.40222673695327,0.11405488431734569,0.1010779479279815,1.6317084241785744,1.6610805159362123,1.015629664830809,0.7168452902344039,43.289266679327184,0.14256611199995306,1.6317084241785744,0.7168452902344039,0.11405488431734569,"Disease related genes, Essential proteins, Human disease related genes, Predicted intracellular proteins","Nucleoplasm,Nucleoli",Tissue enhanced,bone marrow: 8.7;lymphoid tissue: 7.5,False,False,False,False,False
CRACD,74.45895312475913,75.14865796485259,0.25194704049844235,0.24996077200690411,23.407890716360875,22.539033297454242,41.83209358219626,45.19703221071662,0.0765407029650558,0.058654807665330266,1.6283444596083985,1.693763538146496,0.8169998889603538,0.7210184380281729,74.80380554480587,0.2509539062526732,1.6283444596083985,0.7210184380281729,0.0765407029650558,"Disease related genes, Predicted intracellular proteins","Nucleoplasm,Golgi apparatus",Tissue enhanced,intestine: 18.2;testis: 27.4,False,False,False,False,False
CTPS2,190.92170366891025,189.5881024816356,0.5845794392523365,0.5691197238349286,59.77372093642152,60.70448060891024,109.52402683338657,110.08386063204246,0.09015708865159737,0.07341347063893187,1.6589983391987964,1.627010903253423,0.7961578380692734,0.7788088385264255,190.25490307527292,0.5768495815436325,1.627010903253423,0.7788088385264255,0.09015708865159737,"Enzymes, Metabolic proteins, Predicted intracellular proteins","Mitochondria,Cytosol",Low tissue specificity,,False,False,False,True,False
MELK,33.413854672638685,32.67974294438718,0.12406542056074767,0.11831162717715361,9.799732026095525,9.930805167776816,16.732837432878505,10.292393473727547,0.09795802114284119,0.10630903041380063,1.6719939812033526,1.6234814528349129,0.956566095955751,1.576529823049124,33.04679880851293,0.12118852386895064,1.6234814528349129,0.956566095955751,0.10630903041380063,"Disease related genes, Enzymes, Plasma proteins, Potential drug targets, Predicted intracellular proteins, Predicted membrane proteins",,Tissue enhanced,bone marrow: 9.6;lymphoid tissue: 19.6,False,True,False,True,False
MACROD1,80.5690612095033,77.10649238006823,0.3410436137071651,0.318374391966107,24.75477331710386,24.38888916204012,54.762013416693286,40.722078526487245,0.12139843003969404,0.10813569688421514,1.6631822058767305,1.6212451990243186,0.5487393939929441,0.9046314408921076,78.83777679478577,0.32970900283663607,1.6212451990243186,0.5487393939929441,0.12139843003969404,"Disease related genes, Enzymes, Metabolic proteins, Potential drug targets, Predicted intracellular proteins",Nucleoplasm,Tissue enhanced,skeletal muscle: 270.3,False,False,False,True,False
ATAT1,58.78742067309309,57.9036233212408,0.2781152647975078,0.263612113604268,16.627033485034115,18.157795723435058,33.46567486575701,41.16957389491019,0.14672741610809167,0.11474783287725833,1.7620522731176542,1.6204248052673007,0.7946817072950291,0.48215393697196307,58.34552199716694,0.2708636892008879,1.6204248052673007,0.48215393697196307,0.14672741610809167,"Enzymes, Predicted intracellular proteins","Golgi apparatus,Cytosol",Tissue enhanced,brain: 31.4,False,False,False,True,False
FAM222B,406.0537519246521,387.06118192318075,0.805841121495327,0.7745959516711125,129.85806040266866,125.30339461694864,227.4144723832124,202.7154018955904,0.08658345401303066,0.07113256041829182,1.6372165245070605,1.6193907118668804,0.833565253619525,0.9297290670444416,396.5574669239164,0.7902185365832197,1.6193907118668804,0.833565253619525,0.08658345401303066,Predicted intracellular proteins,Nucleoplasm,Low tissue specificity,,False,False,False,False,False
STIL,52.255485042749406,51.13166181655655,0.21137071651090342,0.2019457084575553,14.90859706339651,16.01585735391457,21.29633855093628,29.982189684336767,0.11422139814218076,0.10871234497495184,1.7431235093424795,1.6152800057209025,1.2561233093882844,0.7507207388429654,51.69357342965298,0.20665821248422936,1.6152800057209025,0.7507207388429654,0.11422139814218076,"Cancer-related genes, Disease related genes, Essential proteins, Human disease related genes, Predicted intracellular proteins, Predicted membrane proteins","Nucleoplasm,Centrosome,Basal body,Cytosol",Tissue enhanced,bone marrow: 8.4;lymphoid tissue: 8.2,False,True,False,False,False
TJP3,26.81800577781024,24.72771686066884,0.13800623052959501,0.1241958261415346,8.081295604457923,7.107340953408897,19.775171511583686,18.34731010534041,0.16225557226049864,0.12556853415786265,1.6150489566026767,1.6660227126786098,0.42115861204279464,0.4111904349555651,25.77286131923954,0.1311010283355648,1.6150489566026767,0.4111904349555651,0.16225557226049864,"Predicted intracellular proteins, Transporters","Nucleoplasm,Plasma membrane,Cell Junctions",Tissue enhanced,esophagus: 24.6;intestine: 40.5;stomach 1: 25.5,False,True,False,False,False
RNF144B,452.0840850065847,480.0851362954474,0.7874610591900312,0.7740467597677703,140.77245389144807,156.06941847006112,273.04948356379015,343.6764429488155,0.09335530294111195,0.08281307106188537,1.676201568755641,1.6148899121076712,0.7253423997736068,0.4810495258110439,466.0846106510161,0.7807539094789007,1.6148899121076712,0.4810495258110439,0.09335530294111195,"Enzymes, Metabolic proteins, Predicted membrane proteins","Nucleoli,Mitochondria",Tissue enhanced,skeletal muscle: 53.3,False,True,False,True,False
FSIP2,80.10888570521294,77.03944325625947,0.2750778816199377,0.253099011454574,23.64011185442001,24.486249997018326,46.39559470025404,41.16957389491019,0.08075626934910408,0.08004496347001168,1.7188511691773911,1.6144843722968398,0.775107003848725,0.8880010417171839,78.57416448073621,0.2640884465372558,1.6144843722968398,0.775107003848725,0.08075626934910408,"Disease related genes, Human disease related genes, Predicted intracellular proteins","Microtubules,Cytokinetic bridge,Mitotic spindle,Primary cilium,Basal body,Mid piece",Group enriched,intestine: 1.3;stomach 1: 2.4;testis: 5.0,False,False,False,False,False
DEPDC5,205.1999269548083,198.15698050439448,0.6197819314641745,0.5906166640514672,65.30058402222895,64.20947066812559,107.24227627435768,105.16141157939015,0.09307909063332409,0.0713346309865413,1.6369503378590649,1.6107526334769389,0.9297797378257058,0.9076465886281236,201.6784537296014,0.6051992977578209,1.6107526334769389,0.9076465886281236,0.09307909063332409,"Disease related genes, Human disease related genes, Predicted intracellular proteins",,Low tissue specificity,,False,False,False,False,False
PTPN14,495.8518885257564,503.6327885770822,0.8394859813084112,0.8164914482975051,161.7652447719939,162.1057902387098,453.3077777270722,397.3758871595679,0.08884269205982911,0.07717343666659902,1.6100231745738187,1.6294259501623645,0.12914584422363817,0.34110362184288384,499.74233855141927,0.8279887148029581,1.6100231745738187,0.12914584422363817,0.08884269205982911,"Disease related genes, Enzymes, Human disease related genes, Plasma proteins, Potential drug targets, Predicted intracellular proteins",Nucleoplasm,Low tissue specificity,,False,False,False,True,False
LINC00106,54.45410134102556,48.94586038039113,0.2602803738317757,0.23207280715518594,17.18436421637604,14.701486081708815,21.29633855093628,26.40222673695327,0.08061612391185337,0.07852105130130564,1.6085956794701781,1.669463998536763,1.314487351087633,0.8660719762919974,51.69998086070835,0.24617659049348084,1.6085956794701781,0.8660719762919974,0.08061612391185337,,,,,False,False,False,False,False
KCNS3,39.08935255888642,39.947867965256215,0.1689252336448598,0.1672681625608034,11.750389585792265,12.46218687721012,19.014587991907394,23.71725452641565,0.09654176967723586,0.08696713901256535,1.6526777891840134,1.6048755480492252,1.0021672006298237,0.7282698324201401,39.51861026207132,0.16809669810283162,1.6048755480492252,0.7282698324201401,0.09654176967723586,"Predicted intracellular proteins, Predicted membrane proteins, Transporters, Voltage-gated ion channels","Golgi apparatus,Plasma membrane,Cytosol",Tissue enhanced,skeletal muscle: 80.6;tongue: 42.5,False,True,False,False,False
DNER,34.052987317486405,34.82531490626734,0.12313084112149533,0.12396045818295937,10.54283966788476,9.297959740418488,27.381006708346643,18.794805473763347,0.09611946969496504,0.10350035565474523,1.6025392133492637,1.7986208508193198,0.30461163571145533,0.855857496025069,34.43915111187687,0.12354564965222735,1.6025392133492637,0.30461163571145533,0.10350035565474523,"Cancer-related genes, Predicted membrane proteins",,Tissue enhanced,adrenal gland: 67.9;brain: 121.9;choroid plexus: 144.6,False,True,False,False,False
SNTB1,367.0794432418383,361.00589241109856,0.7082554517133957,0.6929232700455045,110.30504057808945,118.68285783843076,134.62328298270432,159.75584652698845,0.07122908524139449,0.06153045823477864,1.725498251049743,1.5967966503726536,1.4404123064589702,1.1711419725490926,364.04266782646846,0.70058936087945,1.5967966503726536,1.1711419725490926,0.07122908524139449,"Plasma proteins, Predicted intracellular proteins",,Tissue enhanced,liver: 83.5,False,False,False,False,False
FAXC,35.98316790492651,35.536035618640135,0.16510903426791276,0.15895182802447827,11.239503082062166,10.417609342667836,55.52259693636959,46.0920229475625,0.09417398190170326,0.08065545787649304,1.595323821940613,1.6780594953039203,-0.6119589435271346,-0.3661625969958106,35.75960176178332,0.16203043114619553,1.595323821940613,-0.6119589435271346,0.09417398190170326,Predicted intracellular proteins,Nucleoplasm,Tissue enhanced,intestine: 21.7,False,False,False,False,False
EPB41L1,106.96523944171406,105.40122262736283,0.41253894080996883,0.3982425859093049,33.11473428723274,34.22233349483873,64.64959917248513,68.0192960002864,0.08784050333657968,0.08837724312484684,1.662100011523322,1.594952331929824,0.7177087883209081,0.6244430651374827,106.18323103453844,0.40539076335963686,1.594952331929824,0.6244430651374827,0.08837724312484684,"Disease related genes, Human disease related genes, Predicted intracellular proteins",Plasma membrane,Low tissue specificity,,False,True,False,False,False
GCNT1,262.81134356138153,268.96085524643973,0.6580218068535826,0.6448297505099639,85.22515766770279,88.5983598301657,121.69336314820731,176.76067052706006,0.09948860120997695,0.08920763117797638,1.613325833172271,1.5912060014173457,1.1044493886128994,0.6028140655571361,265.88609940391063,0.6514257786817732,1.5912060014173457,0.6028140655571361,0.09948860120997695,"Enzymes, Metabolic proteins, Predicted intracellular proteins",Nuclear speckles,Group enriched,intestine: 47.0;parathyroid gland: 79.0;stomach 1: 36.8;thyroid gland: 20.2,False,False,False,True,False
DNA2,83.56020198739063,82.36314368667462,0.28138629283489097,0.26941785658245726,23.872332992479144,26.676868784027917,33.46567486575701,46.0920229475625,0.09447176666723232,0.09780696916816421,1.7654369860438177,1.590728950508119,1.2948185581367302,0.8239269854590237,82.96167283703262,0.2754020747086741,1.590728950508119,0.8239269854590237,0.09780696916816421,"Disease related genes, Enzymes, Essential proteins, Human disease related genes, Plasma proteins, Potential drug targets, Predicted intracellular proteins",Mitochondria,Tissue enhanced,lymphoid tissue: 7.6,False,False,False,True,False
TMEM123-DT,20.15824361849702,19.980638895008987,0.10802180685358255,0.10356190177310529,5.201753492524639,5.98769135115955,6.845251677086661,10.739888842150485,0.093603275736521,0.10215209760542206,1.7704717839538113,1.5861708206084428,1.4313282369077085,0.8376398625112649,20.069441256753002,0.10579185431334392,1.5861708206084428,0.8376398625112649,0.10215209760542206,,,,,False,False,False,False,False
NEURL3,21.38537829660464,21.14729364928132,0.11261682242990655,0.10764161305507611,5.851972679090219,6.377134691072367,9.127002236115548,10.739888842150485,0.154856404380966,0.15093548171531995,1.707965394864044,1.5859979337737429,1.1443495237330128,0.9157116668674681,21.26633597294298,0.11012921774249132,1.5859979337737429,0.9157116668674681,0.154856404380966,"Enzymes, Predicted intracellular proteins",,Group enriched,kidney: 15.2;pancreas: 24.5;salivary gland: 28.5,False,False,False,True,False
CLEC4F,19.6597201555158,21.469129443563343,0.10607476635514018,0.1096814686960615,5.898416906702046,6.377134691072367,7.605835196762957,7.159925894766989,0.13906846918063542,0.10113800246659595,1.5824834864279904,1.606811747415662,1.2634335946291417,1.4613162736415277,20.564424799539573,0.10787811752560084,1.5824834864279904,1.2634335946291417,0.13906846918063542,Predicted membrane proteins,"Plasma membrane,Cytosol",Tissue enhanced,retina: 16.0,False,True,False,False,False
LMCD1,298.24485739173906,299.4011574556145,0.6917445482866044,0.6704064020084732,98.97264904080362,96.14382454097651,115.60869499079693,128.43117073738287,0.1088434421326969,0.09921136587372217,1.581721099159882,1.628696180287792,1.3596510863657656,1.2147052701050514,298.8230074236768,0.6810754751475387,1.581721099159882,1.2147052701050514,0.1088434421326969,Predicted intracellular proteins,"Nucleoplasm,Plasma membrane,Cell Junctions,Cytosol",Tissue enhanced,blood vessel: 381.9;skeletal muscle: 537.1,False,True,False,False,False
FBF1,75.73721841445456,70.28089157633697,0.31978193146417444,0.29342538835713167,23.918777220090973,22.831115802388855,40.31092654284367,39.827087789641375,0.10524673978525506,0.089905142352919,1.622693194644272,1.580668880219822,0.893403052731369,0.8039887188054077,73.00905499539576,0.3066036599106531,1.580668880219822,0.8039887188054077,0.10524673978525506,Predicted intracellular proteins,"Primary cilium,Centrosome,Basal body",Tissue enhanced,testis: 29.7,False,False,False,False,False
SOX10,61.0243849300601,54.966871698417336,0.2799065420560748,0.24799937235211048,16.069702753692187,17.71967196603314,46.39559470025404,45.644527579139556,0.1463970181769727,0.13154429536234127,1.86139758762657,1.5800179555977167,0.38808255305651834,0.262865278292244,57.995628314238715,0.2639529572040926,1.5800179555977167,0.262865278292244,0.1463970181769727,"Disease related genes, Human disease related genes, Predicted intracellular proteins, Transcription factors",Nucleoplasm,Group enriched,brain: 151.8;salivary gland: 105.2,False,False,False,False,False
DMD,3608.8624791326383,3650.9991191086115,0.9801401869158879,0.9704220932057116,1212.798115627642,1193.0109914054237,4640.32005354508,3564.748104857115,0.07110699284074429,0.06018629239096328,1.5724153914241559,1.6128703000153815,-0.36259130806349843,0.03448162707559915,3629.930799120625,0.9752811400607997,1.5724153914241559,-0.36259130806349843,0.07110699284074429,"Cancer-related genes, Disease related genes, FDA approved drug targets, Human disease related genes, Plasma proteins, Predicted intracellular proteins, Transporters",,Low tissue specificity,,True,False,False,False,False
PISD,178.82931402839145,175.4809668322735,0.5864485981308412,0.5645692766358074,54.47907898867322,58.36782056943334,84.42477068406882,110.97885136888833,0.11025007849379984,0.09589599954951138,1.6966124714464115,1.5717595427794495,1.073901839183933,0.6562863130240426,177.1551404303325,0.5755089373833242,1.5717595427794495,0.6562863130240426,0.11025007849379984,"Disease related genes, Enzymes, Essential proteins, Metabolic proteins, Plasma proteins, Potential drug targets, Predicted intracellular proteins, Predicted membrane proteins","Golgi apparatus,Cytosol",Low tissue specificity,,False,True,False,True,False
SLC44A3,53.53375033244484,51.41326813655331,0.24462616822429906,0.23332810293425388,16.81281039548142,16.6487027812729,36.50800894446219,34.0096480001432,0.0978270362053054,0.09629160867077878,1.6142342203024056,1.57036992236203,0.5399506924726483,0.582179512022295,52.473509234499076,0.23897713557927647,1.57036992236203,0.5399506924726483,0.0978270362053054,"Cancer-related genes, Metabolic proteins, Predicted intracellular proteins, Predicted membrane proteins, Transporters",,Low tissue specificity,,False,True,False,False,False
KIAA1522,92.07344881676224,82.56429105810088,0.3969626168224299,0.3532088498352424,29.35275185067475,27.163672958918937,61.607265093779944,68.0192960002864,0.14303402243419214,0.13096821031445838,1.6165423465146775,1.569051082259495,0.5720395864078105,0.2758868189472044,87.31886993743156,0.37508573332883616,1.569051082259495,0.2758868189472044,0.14303402243419214,Predicted intracellular proteins,"Nucleoplasm,Plasma membrane,Cell Junctions",Low tissue specificity,,False,True,False,False,False
CHRNA7,24.862259884576225,25.62617511970615,0.11799065420560748,0.11234897222658088,5.387530402971948,7.983588468212734,12.929919834497026,34.457143368566136,0.06814903831704232,0.06015938188582119,2.0175181875677226,1.5674814531186732,0.8926613902216488,-0.41323111045547,25.24421750214119,0.11516981321609418,1.5674814531186732,-0.41323111045547,0.06814903831704232,"FDA approved drug targets, Human disease related genes, Predicted membrane proteins, Transporters",,Tissue enhanced,adrenal gland: 7.3;intestine: 9.1,True,True,False,False,False
MSC-AS1,403.7528744032003,406.7870341477165,0.6976635514018692,0.6767613368900047,135.61714462653524,127.59137423893645,118.65102906950212,121.71874021103882,0.07381982146407287,0.06533458280718661,1.566902781540067,1.665022033070415,1.7582085210846239,1.7324603268510117,405.2699542754584,0.687212444145937,1.566902781540067,1.7324603268510117,0.07381982146407287,,,,,False,False,False,False,False
LIMK2,227.64626544186015,220.0686341650956,0.6013239875389408,0.581986505570375,67.48346271998483,73.70215207850049,185.58237880101615,183.92059642182704,0.11688672064802945,0.0954107110259597,1.7392897998141843,1.5652726350523283,0.29330461357608767,0.2575884252762467,223.8574498034779,0.5916552465546578,1.5652726350523283,0.2575884252762467,0.11688672064802945,"Enzymes, Predicted intracellular proteins","Nucleoplasm,Cytosol",Low tissue specificity,,False,False,False,True,False
CCDC138,154.04375006119693,149.64023451637937,0.4953271028037383,0.47544327632198335,50.80998500733889,49.94610834381869,79.86126956601105,73.38924042136163,0.07849341467582333,0.08038780879985406,1.5813732997034875,1.5640632994982655,0.9391546109215723,1.0179412793534994,151.84199228878816,0.4853851895628608,1.5640632994982655,0.9391546109215723,0.08038780879985406,Predicted intracellular proteins,"Nucleoplasm,Cytosol",Tissue enhanced,testis: 10.2,False,False,False,False,False
RNF217-AS1,203.4231382021316,199.65888087771057,0.5063084112149533,0.4857210105131021,68.18012613416224,60.607119773932034,127.01744778594137,118.58627263207825,0.07174415371913716,0.06525163890752372,1.5631289517224372,1.7035760150032715,0.6752180491947832,0.7466932178124012,201.5410095399211,0.4960147108640277,1.5631289517224372,0.6752180491947832,0.07174415371913716,,,,,False,False,False,False,False
SHROOM3-AS1,25.14347824830922,26.175977934937944,0.13169781931464175,0.1284324493958889,7.849074466398785,7.983588468212734,8.366418716439252,11.187384210573422,0.14549427548911004,0.08875844153967805,1.5628526213982354,1.5969682064262225,1.4808816578320887,1.1569434397327643,25.65972809162358,0.13006513435526534,1.5628526213982354,1.1569434397327643,0.14549427548911004,,,,,False,False,False,False,False
FBXL2,140.6730951309827,142.22460142313108,0.46370716510903426,0.44351168994194257,46.95511411555724,47.22000496442897,122.45394666788361,114.11131894784889,0.08841768429041982,0.06305276449645983,1.5628092217462848,1.5705756183447133,0.19859284641740027,0.3152496216301066,141.44884827705687,0.4536094275254884,1.5628092217462848,0.19859284641740027,0.08841768429041982,Predicted intracellular proteins,"Nucleoplasm,Nucleoli,Plasma membrane",Low tissue specificity,,False,True,False,False,False
ENSG00000283480,24.44043233897673,23.105128064496963,0.11697819314641744,0.10795543699984309,7.6168533283396505,6.523175943539673,21.29633855093628,12.977365684265168,0.09138328514341888,0.08175977335789177,1.5618901558460963,1.6799263584370328,0.19031637441448798,0.7862476130001836,23.772780201736847,0.11246681507313026,1.5618901558460963,0.19031637441448798,0.09138328514341888,,,,,False,False,False,False,False
FANCC,217.9058839343809,217.07824324322513,0.5935358255451714,0.5713164914482975,71.01322401848368,72.92326539867484,154.39845449428802,147.22597621114622,0.09631084693924122,0.08002072742723998,1.603976970300508,1.5607454543165307,0.49433857741428466,0.5570475471922498,217.49206358880303,0.5824261584967345,1.5607454543165307,0.49433857741428466,0.09631084693924122,"Cancer-related genes, Disease related genes, Human disease related genes, Plasma proteins, Predicted intracellular proteins",Nucleoplasm,Tissue enhanced,liver: 23.4,False,False,False,False,False
FARP1,438.30438518366793,422.8654140370559,0.8082554517133956,0.7821277263455202,144.72021323845334,142.73098407804716,273.04948356379015,265.8122488432245,0.08811965218452464,0.0789737891538,1.592019889289189,1.5602351552428837,0.6807844846565898,0.6677813528018576,430.58489961036196,0.7951915890294579,1.5602351552428837,0.6677813528018576,0.08811965218452464,Predicted intracellular proteins,Cytosol,Low tissue specificity,,False,False,False,False,False
MOK,116.91014339554455,116.66547542723367,0.43987538940809967,0.423270045504472,38.96670696632297,38.94433399128163,85.94593772342141,87.70909221089562,0.11758818308801934,0.10422561780626581,1.5608172208987168,1.5586282971559464,0.43949730483146654,0.40753719127807314,116.7878094113891,0.43157271745628584,1.5586282971559464,0.40753719127807314,0.11758818308801934,"Enzymes, Predicted intracellular proteins","Endoplasmic reticulum,Mid piece,Principal piece,End piece",Tissue enhanced,retina: 116.9;testis: 52.1,False,False,False,True,False
ENSG00000268119,58.90246454916568,57.259951732676754,0.2580996884735203,0.24705790051780951,19.367242914131914,18.595919480836976,38.02917598381479,30.429685052759705,0.10983062934262916,0.10200703134493304,1.5563646627423642,1.571951237485567,0.6180623568756631,0.8903766908275385,58.08120814092122,0.2525787944956649,1.5563646627423642,0.6180623568756631,0.10983062934262916,,,,,False,False,False,False,False
DEPTOR,314.1976082071381,307.62138003456784,0.6656542056074767,0.642005335007061,106.17150432063683,103.78665008676555,127.77803130561767,142.75102252691684,0.08346259704642246,0.07474949281779089,1.5563352266856147,1.558383081478126,1.2913700872755478,1.1022657911748925,310.90949412085297,0.6538297703072689,1.5563352266856147,1.1022657911748925,0.08346259704642246,Predicted intracellular proteins,"Nucleoplasm,Nuclear bodies,Mitochondria",Tissue enhanced,skeletal muscle: 148.1;tongue: 114.2,False,False,False,False,False
BSPRY,37.73439135180926,39.31760620145392,0.1927570093457944,0.1880589989016162,12.16838763429871,12.754269382144734,22.817505590288867,19.68979621060922,0.15307404786429155,0.12701925869125044,1.5565363605117584,1.5515304768193132,0.7015927427169218,0.9624905484078137,38.52599877663159,0.1904080041237053,1.5515304768193132,0.7015927427169218,0.15307404786429155,Predicted intracellular proteins,"Nucleoplasm,Cytosol",Tissue enriched,parathyroid gland: 420.6,False,False,False,False,False
AFMID,142.47544918945326,133.2400188327579,0.5109034267912772,0.4749725404048329,48.023331350629256,41.76779820564955,104.19994219565251,79.20668021085982,0.17676056067897847,0.1492758643571884,1.5492634610553064,1.6502179826370111,0.4476699792559284,0.7430205180826167,137.85773401110558,0.4929379835980551,1.5492634610553064,0.4476699792559284,0.17676056067897847,"Enzymes, Metabolic proteins, Predicted intracellular proteins",Mitochondria,Tissue enhanced,liver: 166.7,False,False,False,True,False
GALNT14,50.1846952734428,49.79067934038145,0.1633956386292835,0.16091322767927194,15.187262429067472,16.356620276338287,60.846681574103656,50.119481263368925,0.09821692550485607,0.0667224807923514,1.660853475352563,1.5490777205433384,-0.27298369377122517,-0.009309426006134536,49.98768730691212,0.16215443315427772,1.5490777205433384,-0.27298369377122517,0.09821692550485607,"Enzymes, Metabolic proteins, Predicted intracellular proteins, Predicted membrane proteins","Nucleoplasm,Golgi apparatus",Tissue enhanced,kidney: 38.6,False,True,False,True,False
LINC00472,637.125768342896,655.7136112001002,0.8531931464174455,0.8312411737015535,217.12676408529185,219.98680663325212,532.408463773407,586.6664280024702,0.08080791363386829,0.06785104892910593,1.5486739940185699,1.5713041168578468,0.2586000762824907,0.16026687427078026,646.419689771498,0.8422171600594994,1.5486739940185699,0.16026687427078026,0.08080791363386829,,,,,False,False,False,False,False
ACADL,118.36736582579734,122.37806077573958,0.41573208722741434,0.4040483288874941,39.80270306333585,38.36016898141241,42.59267710187256,43.407050737024875,0.07059523821245452,0.08179488849276605,1.5486718331932339,1.6482775560602558,1.4532507581939702,1.474225211628965,120.37271330076845,0.40989020805745424,1.5486718331932339,1.4532507581939702,0.08179488849276605,"Enzymes, Metabolic proteins, Predicted intracellular proteins",,Tissue enhanced,blood vessel: 24.9;liver: 26.3,False,False,False,True,False
VWA2,42.45119027078542,43.40760275378798,0.20023364485981307,0.20218107641613056,13.886824055936314,12.121423954786408,19.014587991907394,21.927273052723905,0.14060134766794186,0.12855711795149263,1.5453596944850398,1.7588824010250437,1.11834378014408,0.9537419203111291,42.9293965122867,0.20120736063797182,1.5453596944850398,0.9537419203111291,0.14060134766794186,"Predicted intracellular proteins, Predicted secreted proteins",,Tissue enhanced,stomach 1: 8.1,False,False,False,False,True
GPM6B,286.0118585693537,291.6100492690372,0.6862928348909657,0.6676604424917622,93.35289749977254,99.25937126027905,209.16046791098128,211.6653092640491,0.10488202757872857,0.10067068220135894,1.6049716188729335,1.5452422256716571,0.4496190287973758,0.4603946027546869,288.8109539191954,0.6769766386913639,1.5452422256716571,0.4496190287973758,0.10488202757872857,Predicted membrane proteins,,Group enriched,brain: 709.5;retina: 180.8,False,True,False,False,False
ENSG00000225489,27.290963934997553,26.068699336843935,0.14587227414330217,0.13368900047073592,7.6168533283396505,8.275670973147346,17.4934209525548,13.872356421111041,0.10018140777509005,0.0882907708158237,1.7151083009598587,1.5451020163873577,0.613329211103726,0.8639923166091779,26.679831635920742,0.13978063730701906,1.5451020163873577,0.613329211103726,0.10018140777509005,,,,,False,False,False,False,False
ZBTB44-DT,26.43452619090161,24.834995458762844,0.13045171339563863,0.12035148281813902,8.40640519774071,7.6428255457890195,12.929919834497026,11.634879578996358,0.10779729080547633,0.08743085418413613,1.544277274581344,1.5797516841378405,0.9778057045237715,1.031914715914018,25.634760824832227,0.12540159810688883,1.544277274581344,0.9778057045237715,0.10779729080547633,,,,,False,False,False,False,False
CARMIL1,569.3265773774501,568.3486028772925,0.8565420560747663,0.8335948532873059,194.74064637639117,193.3586182667133,313.3604101066338,358.4437901067724,0.08975468390923022,0.07331434929102934,1.5428448954400344,1.5505911805433037,0.8593687252284539,0.6635460823891524,568.8375901273713,0.8450684546810361,1.5428448954400344,0.6635460823891524,0.08975468390923022,Predicted intracellular proteins,"Nuclear speckles,Plasma membrane,Cytosol",Low tissue specificity,,False,True,False,False,False
CMTM8,353.8110495347996,334.42761973330806,0.736993769470405,0.713792562372509,116.57501130568612,114.25293984692249,146.79261929752508,160.20334189541137,0.09022581127109051,0.08161348932592256,1.593469467863073,1.5411979369077646,1.263476715097039,1.0571198353953246,344.11933463405387,0.725393165921457,1.5411979369077646,1.0571198353953246,0.09022581127109051,Predicted membrane proteins,Nucleoplasm,Tissue enhanced,pancreas: 45.0,False,True,False,False,False
LRIG3-DT,26.217221091653386,28.455648144435614,0.11658878504672897,0.1165855954809352,8.359960970128885,8.957196817994774,10.64816927546814,27.297217473799144,0.05875177497745992,0.06257115570131785,1.5399453545281465,1.564732746099033,1.2244165470283626,0.05788410179872505,27.3364346180445,0.11658719026383207,1.5399453545281465,0.05788410179872505,0.06257115570131785,,,,,False,False,False,False,False
ENSG00000282917,24.287040504213277,24.151094395913542,0.1294392523364486,0.12215597050054919,7.709741783563303,7.350743040854407,8.366418716439252,11.634879578996358,0.09830254223268103,0.0791178839062397,1.537696346323797,1.5906446991879193,1.4328287606872718,0.9932092629221841,24.21906745006341,0.12579761141849888,1.537696346323797,0.9932092629221841,0.09830254223268103,,,,,False,False,False,False,False
ENSG00000253194,82.65263363170688,78.59498292862258,0.3043613707165109,0.28275537423505415,26.798319332024256,26.433466696582407,63.128432133132534,59.964379368673534,0.08199806961128815,0.06796245985234423,1.589413300076114,1.5367405535829657,0.3834468259127724,0.38471095457436927,80.62380828016472,0.29355837247578254,1.5367405535829657,0.3834468259127724,0.08199806961128815,,,,,False,False,False,False,False
USP54,125.5767820596796,122.44510989954834,0.4585669781931464,0.4362937392123019,42.63580094765731,40.453426933443794,85.94593772342141,88.6040829477415,0.08862089868781711,0.08476474455331466,1.5364286123282764,1.5743064087044996,0.5418222671124843,0.46223330981396465,124.01094597961398,0.4474303587027242,1.5364286123282764,0.46223330981396465,0.08862089868781711,"Enzymes, Predicted intracellular proteins",Mitochondria,Tissue enhanced,brain: 67.5;skeletal muscle: 122.6,False,False,False,True,False
C21orf58,60.42360024390324,53.65270887176574,0.23878504672897197,0.21332182645535855,20.203239011144802,17.817032801011347,23.578089109965166,30.429685052759705,0.08029927120967346,0.08417836522218491,1.5345084079891824,1.5382538531827932,1.3214203221617071,0.7981651897153704,57.03815455783449,0.22605343659216526,1.5345084079891824,0.7981651897153704,0.08417836522218491,Predicted intracellular proteins,"Nucleoplasm,Nuclear bodies,Primary cilium transition zone",Tissue enhanced,fallopian tube: 24.9;pituitary gland: 20.6,False,False,False,False,False
CP,68.0804093291789,68.12190978969505,0.19626168224299065,0.18860819080495841,22.897004212630776,22.24695079251963,33.46567486575701,24.612245263261524,0.08993373350602928,0.11538532083768757,1.5314468617057795,1.5721015824795876,1.0031163667129517,1.432309348287718,68.10115955943698,0.19243493652397453,1.5314468617057795,1.0031163667129517,0.11538532083768757,"Cancer-related genes, Candidate cardiovascular disease genes, Disease related genes, Enzymes, Human disease related genes, Metabolic proteins, Plasma proteins, Potential drug targets, Predicted intracellular proteins, Predicted secreted proteins, Transporters",,Tissue enriched,liver: 1750.2,False,False,False,True,True
PRKAA2,54.93984215110982,54.32320010985328,0.2413551401869159,0.23481876667189708,18.29902567905989,18.157795723435058,31.94450782640442,47.4345090528313,0.11354689540228473,0.08873530267263013,1.5353481687256727,1.5299530344215915,0.7638382090576721,0.19184929187103944,54.63152113048155,0.2380869534294065,1.5299530344215915,0.19184929187103944,0.11354689540228473,"Enzymes, FDA approved drug targets, Predicted membrane proteins, Transporters","Nucleoplasm,Nuclear speckles,Golgi apparatus,Basal body,Cytosol",Tissue enhanced,heart muscle: 38.2;skeletal muscle: 36.1;tongue: 34.0,True,True,False,True,False
PPP1R26-AS1,20.925202792314284,21.656866990227858,0.11152647975077881,0.10928918876510278,6.595080320879453,6.766578030985183,11.408752795144434,17.0048240000716,0.1306580974953068,0.10527432758295426,1.5294530596478872,1.5445973883533104,0.8212320692732618,0.33156488089017,21.29103489127107,0.11040783425794079,1.5294530596478872,0.33156488089017,0.1306580974953068,,,,,False,False,False,False,False
COL4A5,170.66119882723763,169.80861095805287,0.5359034267912772,0.511140750039228,58.47328256329036,58.07573806449873,321.72682882307305,264.46976273795565,0.08709639301326742,0.07812864765920498,1.5292503678420843,1.5317430534599286,-0.910749537617445,-0.6361668387924235,170.23490489264526,0.5235220884152526,1.5292503678420843,-0.910749537617445,0.08709639301326742,"Cancer-related genes, Disease related genes, Human disease related genes, Predicted intracellular proteins, Predicted secreted proteins","Vesicles,Plasma membrane",Low tissue specificity,,False,True,False,False,True
IQANK1,46.9634667434103,48.597204936585605,0.220404984423676,0.22116742507453319,15.651704705185743,15.918496518936367,41.83209358219626,32.219666526451455,0.17136960472280208,0.12689247106380164,1.5262660592065684,1.5516574519976718,0.16324374265119937,0.5782212284789799,47.78033583999795,0.2207862047491046,1.5262660592065684,0.16324374265119937,0.17136960472280208,Predicted intracellular proteins,,Tissue enhanced,esophagus: 39.7;skin 1: 27.0,False,False,False,False,False
TMPRSS2,55.310539085121505,55.97260855554866,0.2568535825545171,0.24917621214498667,17.83458340294162,18.790641150793387,28.14159022802294,48.32949978967718,0.14341909775032746,0.12918065804749326,1.5800208394424138,1.525450111498722,0.9503253564938436,0.20781780494083635,55.64157382033508,0.2530148973497519,1.525450111498722,0.20781780494083635,0.14341909775032746,"Cancer-related genes, Enzymes, Predicted intracellular proteins, Predicted membrane proteins, Predicted secreted proteins, Transporters",Plasma membrane,Tissue enhanced,prostate: 263.4;stomach 1: 138.0,False,True,False,True,True
RBFADN,64.18170019560782,60.719686521208516,0.2839563862928349,0.2627490977561588,18.345469906671717,20.445775345422856,42.59267710187256,47.882004421254244,0.08039725813660238,0.08224833623735563,1.7524712110816283,1.52503725860671,0.5803811789232678,0.3364272898613855,62.45069335840817,0.27335274202449683,1.52503725860671,0.3364272898613855,0.08224833623735563,,,,,False,False,False,False,False
GRM5,33.92516078851686,31.298530993926825,0.11557632398753893,0.10458182959359799,11.146614626838513,6.961299700941591,17.4934209525548,8.5024120000358,0.061294217086036135,0.07353781425276833,1.5237124800486639,2.0203926710895366,0.9172546352897225,1.7651028848166486,32.61184589122185,0.11007907679056847,1.5237124800486639,0.9172546352897225,0.07353781425276833,"FDA approved drug targets, G-protein coupled receptors, Predicted intracellular proteins, Predicted membrane proteins, Transporters",,Tissue enriched,brain: 13.9,True,True,False,False,False
ENSG00000269256,25.79539354605389,26.082109161605686,0.1352803738317757,0.13086458496783304,7.3381879626686874,8.421712225614653,12.16933631482073,18.794805473763347,0.10300411847169415,0.09407290200637157,1.684179205763466,1.5232789282675632,1.024802364175478,0.45221821087011776,25.938751353829787,0.13307247939980438,1.5232789282675632,0.45221821087011776,0.10300411847169415,,,,,False,False,False,False,False
FHDC1,22.612512974712256,23.118537889258715,0.11775700934579439,0.11493801977090852,7.1988552798332055,7.39942345834351,13.690503354173321,12.977365684265168,0.10898802982816985,0.10801057612608653,1.526057188825314,1.5217802421086788,0.6846677602297517,0.7870499695941504,22.865525431985485,0.11634751455835146,1.5217802421086788,0.6846677602297517,0.10898802982816985,Predicted intracellular proteins,"Primary cilium,Centrosome,Basal body",Tissue enhanced,parathyroid gland: 16.5;thyroid gland: 14.7,False,False,False,False,False
NPNT,86.94760500508353,87.405237797093,0.32928348909657323,0.3193943197865997,28.748976891720996,29.792415503330446,51.719679337988104,60.85937010551941,0.10230621398337231,0.09713329135020997,1.563804237661973,1.5215568046767385,0.7383026953378352,0.5151397053573082,87.17642140108826,0.3243389044415865,1.5215568046767385,0.5151397053573082,0.10230621398337231,"Predicted intracellular proteins, Predicted secreted proteins","Nucleoplasm,Cell Junctions,Cytosol",Tissue enhanced,blood vessel: 185.2;thyroid gland: 224.8,False,False,False,False,True
TRAPPC9,673.4796331818342,651.7577128953836,0.8613707165109035,0.8433233955750824,230.59559009272172,226.50998257679177,308.79690898857604,319.5116930539769,0.08547997431328487,0.06792972442730942,1.5421670970807704,1.520617750725512,1.1224521300672845,1.0261706084615148,662.6186730386089,0.8523470560429929,1.520617750725512,1.0261706084615148,0.08547997431328487,"Disease related genes, Human disease related genes, Predicted intracellular proteins","Nucleoplasm,Golgi apparatus,Vesicles",Low tissue specificity,,False,False,False,False,False
PCSK6,64.56517978251645,62.07407882214536,0.26059190031152646,0.247214812490193,21.87523120517058,19.228764908195306,60.08609805442736,59.5168840002506,0.0900588173742542,0.08220275730831653,1.5191435096637749,1.6406389941428492,0.10208574524415795,0.05970952578286832,63.31962930233091,0.2539033564008597,1.5191435096637749,0.05970952578286832,0.0900588173742542,"Enzymes, Predicted intracellular proteins, Predicted secreted proteins",,Tissue enhanced,brain: 108.7;liver: 149.2;lymphoid tissue: 76.5,False,False,False,True,True
RAD18,173.29442532401023,169.15152954472705,0.5140965732087227,0.49827396830378157,59.82016516403335,56.07984094744555,120.93277962853101,114.55881431627182,0.08021771126140753,0.07368257069822225,1.5189047873985273,1.575766900320303,0.5154404036797342,0.5581928137810613,171.22297743436866,0.5061852707562522,1.5189047873985273,0.5154404036797342,0.08021771126140753,"Enzymes, Metabolic proteins, Plasma proteins, Predicted intracellular proteins","Nucleoplasm,Nuclear speckles,Nuclear bodies",Low tissue specificity,,False,False,False,True,False
H3-3A-DT,43.72945556048085,41.62409606047509,0.21783489096573208,0.20437784402949946,14.490599014890066,13.87391898439408,19.014587991907394,21.032282315878028,0.10214840175049221,0.0829432627896076,1.5298322645933187,1.51888441970309,1.160173280612917,0.9520502878589717,42.67677581047797,0.21110636749761577,1.51888441970309,0.9520502878589717,0.10214840175049221,,,,,False,False,False,False,False
PRMT3,319.31066936591986,314.82245593162816,0.7269470404984424,0.6979444531617762,106.31083700347232,109.33621768052316,122.45394666788361,129.32616147422874,0.0865881919172909,0.07945396648859358,1.5776760773138372,1.5172073239005548,1.3754988958934122,1.2769870374529502,317.06656264877404,0.7124457468301093,1.5172073239005548,1.2769870374529502,0.0865881919172909,"Enzymes, Predicted intracellular proteins",,Low tissue specificity,,False,False,False,True,False
TGFB2,148.7389491089609,155.3125903906,0.25241433021806853,0.2549034991369842,51.36731573868081,51.649922955937264,58.56493101507476,102.92393473727547,0.09216646831050666,0.07521499289291386,1.5157109728879894,1.5699306614408246,1.3299144386952717,0.5889060268457555,152.02576974978047,0.2536589146775263,1.5157109728879894,0.5889060268457555,0.09216646831050666,"Cancer-related genes, Disease related genes, Human disease related genes, Predicted secreted proteins",Vesicles,Low tissue specificity,,False,False,False,False,True
ZNF462,306.5152338160685,315.43930787066864,0.7185358255451714,0.696453789424133,106.68239082436692,104.22477384416747,212.2028019896865,194.66048526397753,0.08454942480108889,0.08122598796915519,1.5138755341075423,1.5884544125670006,0.5284314823913221,0.6935763965167623,310.97727084336856,0.7074948074846522,1.5138755341075423,0.5284314823913221,0.08454942480108889,"Disease related genes, Human disease related genes, Plasma proteins, Predicted intracellular proteins, Transcription factors",Nucleoplasm,Low tissue specificity,,False,False,False,False,False
LINC01572,148.3426868691553,145.88548358308907,0.3218068535825545,0.3129609289188765,46.90866988794541,50.48159293619881,63.88901565280884,80.54916631612862,0.08306756775787698,0.06653103047266476,1.640267927461957,1.5125632250648267,1.2025804063039691,0.8489497907590283,147.1140852261222,0.31738389125071553,1.5125632250648267,0.8489497907590283,0.08306756775787698,,,,,False,False,False,False,False
CHODL,168.29640804130108,170.9216264132782,0.3626947040498442,0.3546995135728856,58.47328256329036,55.10623259766351,120.17219610885472,131.11614294792048,0.07802381637031115,0.06491614022905168,1.509237752913291,1.6155180885550176,0.4824926645989428,0.37994427940039593,169.60901722728966,0.3586971088113649,1.509237752913291,0.37994427940039593,0.07802381637031115,"Predicted intracellular proteins, Predicted membrane proteins","Centrosome,Cytosol",Tissue enhanced,lymphoid tissue: 13.3;testis: 29.0,False,True,False,False,False
ZRANB3,280.9882759808507,275.3305220082715,0.65,0.6270202416444375,94.28178205200908,96.38722662842203,130.82036538432283,160.20334189541137,0.08606351926652231,0.07499891232881263,1.565362880755837,1.504590458402419,1.0970619074869694,0.7775132708294297,278.1593989945611,0.6385101208222188,1.504590458402419,0.7775132708294297,0.08606351926652231,"Cancer-related genes, Predicted intracellular proteins",Nucleoplasm,Low tissue specificity,,False,False,False,False,False
TRIM16,113.97013322924504,107.51997493971949,0.4475856697819315,0.4089126000313824,39.616926152888546,36.89975645673935,62.367848613456246,61.75436084236529,0.09663237067330728,0.08219285404496281,1.501106161458476,1.5177001367717227,0.859436187778001,0.7901729980744298,110.74505408448226,0.42824913490665695,1.501106161458476,0.7901729980744298,0.09663237067330728,"Enzymes, Predicted intracellular proteins","Plasma membrane,Cytosol",Tissue enhanced,esophagus: 141.5,False,True,False,True,False
LNCBRM,33.92516078851686,33.59161102818624,0.13605919003115266,0.13219833673309273,10.171285846990143,11.24517643998257,12.929919834497026,18.34731010534041,0.07945546659300981,0.06657868271756118,1.6444715038227598,1.4982086438688844,1.3260798021561084,0.8382892060465666,33.758385908351556,0.1341287633821227,1.4982086438688844,0.8382892060465666,0.07945546659300981,,,,,False,False,False,False,False
MTA3,370.91423911092454,357.2377316530465,0.7510124610591901,0.718735289502589,130.69405649968155,118.34209491600704,222.8509712651546,177.208165895483,0.08637687293512154,0.06941248412379165,1.4977797474187438,1.5858142911313062,0.7324314060860143,1.0073538523671215,364.07598538198556,0.7348738752808895,1.4977797474187438,0.7324314060860143,0.08637687293512154,"Plasma proteins, Predicted intracellular proteins, Transcription factors","Nucleoplasm,Vesicles",Tissue enhanced,lymphoid tissue: 65.6,False,False,False,False,False
KIAA1549L,61.59960431042305,58.69480298218411,0.19633956386292836,0.1833516397301114,20.481904376815766,20.153692840488244,19.775171511583686,24.612245263261524,0.08939346513002777,0.08249621442684826,1.5430316436590028,1.4966957968555634,1.5912931506061192,1.220771605797987,60.14720364630358,0.18984560179651988,1.4966957968555634,1.220771605797987,0.08939346513002777,Predicted membrane proteins,"Nucleoplasm,Vesicles",Group enriched,brain: 20.8;parathyroid gland: 30.9,False,True,False,False,False
RAPGEF5,256.3049732368318,254.73303117422194,0.6274922118380062,0.6075631570688843,90.19469002216829,83.8763593337228,135.38386650238064,148.1209669479921,0.07737449952192746,0.06938537626158263,1.4964576136231775,1.5912038349561761,0.9158063508277742,0.778155395001541,255.51900220552687,0.6175276844534452,1.4964576136231775,0.778155395001541,0.07737449952192746,"Plasma proteins, Predicted intracellular proteins, RAS pathway related proteins","Nucleoplasm,Nuclear bodies",Group enriched,brain: 158.3;parathyroid gland: 364.8,False,False,False,False,False
VGLL4,591.5044801536659,584.8695069837696,0.882398753894081,0.8565040012552958,203.9830476711448,206.74573307621637,358.9954212872115,328.0141050540127,0.08788674641609753,0.07217155913077958,1.531321460663059,1.4957605177468947,0.7188475055129437,0.8324299287116086,588.1869935687178,0.8694513775746884,1.4957605177468947,0.7188475055129437,0.08788674641609753,Predicted intracellular proteins,"Nucleoplasm,Nucleoli fibrillar center",Low tissue specificity,,False,False,False,False,False
PDK3,330.9812314608391,337.69961697517533,0.7216510903426792,0.7021810764161306,116.85367667135706,119.07230117834358,162.00428969105099,190.18553157974816,0.1050587041887089,0.10332707013146777,1.494104914271975,1.4961029733287448,1.0261917496597943,0.8250330072663442,334.34042421800723,0.7119160833794049,1.494104914271975,0.8250330072663442,0.1050587041887089,"Disease related genes, Enzymes, Human disease related genes, Metabolic proteins, Potential drug targets, Predicted intracellular proteins","Nucleoli,Mitochondria",Tissue enhanced,blood vessel: 33.6,False,False,False,True,False
ZNF678,226.4446960695464,223.36745105648632,0.6258566978193146,0.5999529264082849,79.74473880950718,77.98602881754147,101.91819163662362,124.40371242157644,0.09727058616124276,0.08534998200830862,1.4940756274650167,1.5061940050025202,1.1440177788969574,0.8392833416587369,224.90607356301638,0.6129048121137998,1.4940756274650167,0.8392833416587369,0.09727058616124276,"Predicted intracellular proteins, Transcription factors","Nucleoplasm,Nucleoli,Cytosol",Low tissue specificity,,False,False,False,False,False
ZNF385D,514.7574321603519,495.7746312666961,0.5894859813084112,0.5655107484701083,182.1078164659742,141.6113344757978,317.9239112246916,268.0497256853391,0.06987018730268903,0.06079025599124717,1.493999327868331,1.8005028525186921,0.693480438491273,0.8847186656299277,505.26603171352394,0.5774983648892598,1.493999327868331,0.693480438491273,0.06987018730268903,Predicted intracellular proteins,,Tissue enhanced,blood vessel: 23.6;testis: 13.1,False,False,False,False,False
ACAD9-DT,28.326358819650853,25.652994769229654,0.14914330218068536,0.13149223285736703,9.428178205200908,8.37303180812555,13.690503354173321,16.109833263225728,0.07884694999739031,0.08210365064848381,1.4917108140873683,1.507709961663199,0.9973141271089672,0.6394719446933513,26.989676794440253,0.1403177675190262,1.4917108140873683,0.6394719446933513,0.08210365064848381,,,,,False,False,False,False,False
HDAC10,45.36563513129101,45.7543220870944,0.22959501557632397,0.21920602541973952,14.862152835784684,15.626414014001755,19.775171511583686,24.612245263261524,0.18589374482143348,0.15945419840231756,1.5474673284295828,1.491622695901482,1.1581955301871214,0.8682660071097213,45.559978609192704,0.22440052049803175,1.491622695901482,0.8682660071097213,0.18589374482143348,"Cancer-related genes, Disease related genes, Enzymes, FDA approved drug targets, Predicted intracellular proteins, Predicted membrane proteins","Nucleoplasm,Vesicles,Cytosol",Low tissue specificity,,True,True,False,True,False
ICA1,226.91765422673376,228.2754469192872,0.6403426791277259,0.6181547152047702,80.06984840278997,73.50743040854408,101.91819163662362,110.5313560004654,0.08705560474257709,0.08456124442970035,1.4912753279437352,1.621625651520823,1.1470146653669975,1.0396324977219396,227.59655057301046,0.6292486971662481,1.4912753279437352,1.0396324977219396,0.08705560474257709,"Predicted intracellular proteins, Predicted membrane proteins","Vesicles,Cytosol",Low tissue specificity,,False,True,False,False,False
CEP70,184.54315987333004,183.36594379218312,0.565809968847352,0.5426016005021184,63.39637069014404,64.69627484301661,99.63644107759472,87.26159684247268,0.08972596956755426,0.08372006213102035,1.5267035294456013,1.4886887114699792,0.882602007910817,1.06271443060265,183.95455183275658,0.5542057846747352,1.4886887114699792,0.882602007910817,0.08972596956755426,"Plasma proteins, Predicted intracellular proteins","Nucleoplasm,Primary cilium,Centrosome,Basal body,Cytosol",Low tissue specificity,,False,False,False,False,False
CCDC192,34.6154240449524,33.6318405024715,0.1349688473520249,0.12513729797583556,9.753287798483699,11.342537274960774,20.53575503125998,31.772171158028513,0.08343326981081768,0.06391655603250794,1.7277243387433363,1.488460059238892,0.7257682628996529,0.07962780665405633,34.12363227371195,0.13005307266393024,1.488460059238892,0.07962780665405633,0.08343326981081768,Predicted intracellular proteins,,Tissue enriched,testis: 14.4,False,False,False,False,False
MTUS1-DT,53.086357481051444,56.62968996887446,0.2472741433021807,0.2485485642554527,18.29902567905989,18.595919480836976,28.14159022802294,34.0096480001432,0.08922156590951567,0.06940059553107421,1.4867367263598692,1.5562589897156087,0.8921851345075892,0.7190597020082495,54.85802372496295,0.24791135377881668,1.4867367263598692,0.7190597020082495,0.08922156590951567,,,,,False,False,False,False,False
GLRB,40.59770560072703,41.47658798809583,0.19034267912772584,0.1853914953710968,13.60815869026535,14.166001489328693,9.887585755791843,23.269759157992716,0.07872710098975076,0.09109090817694633,1.5097296133192717,1.4858271138957848,1.9338198737972405,0.8075080916875187,41.03714679441143,0.1878670872494113,1.4858271138957848,0.8075080916875187,0.09109090817694633,"Disease related genes, Human disease related genes, Potential drug targets, Predicted intracellular proteins, Predicted membrane proteins, Transporters",,Tissue enhanced,brain: 41.3;parathyroid gland: 31.1,False,True,False,False,False
LINC01535,30.831758787453907,28.750664289194134,0.16409657320872273,0.1460065903028401,8.638626335799847,9.638722662842204,22.056922070612575,18.34731010534041,0.10616180234966288,0.0974250490271623,1.7235674135951673,1.4835969378654208,0.4652669351548624,0.6207888824918145,29.79121153832402,0.15505158175578143,1.4835969378654208,0.4652669351548624,0.10616180234966288,,,,,False,False,False,False,False
TOM1L1,73.99877762046877,72.53374213631113,0.32951713395638627,0.31241173701553426,25.358548276057615,25.313817094333057,59.32551453475106,53.69944421075242,0.09158741027925191,0.07992819097871764,1.5085961671725583,1.4825858639404443,0.31409876612461596,0.426880231447284,73.26625987838995,0.32096443548596026,1.4825858639404443,0.31409876612461596,0.09158741027925191,Predicted intracellular proteins,,Low tissue specificity,,False,False,False,False,False
ENSG00000246225,39.67735459214632,42.97848836141194,0.1753115264797508,0.1801349442962498,13.561714462653523,13.241073557035755,16.732837432878505,11.634879578996358,0.08055324508487384,0.06113121677326499,1.4820456330099248,1.6267401090717415,1.1978024576633646,1.7993861021495778,41.32792147677913,0.17772323538800028,1.4820456330099248,1.1978024576633646,0.08055324508487384,,,,,False,False,False,False,False
C3orf70,43.01362699825141,41.87888273094836,0.19493769470404984,0.1833516397301114,14.769264380561028,14.3607231592851,19.775171511583686,21.927273052723905,0.12085798822164927,0.10421489059158834,1.4808349022229828,1.4810211773278608,1.0830898763659846,0.903202542460229,42.44625486459989,0.18914466721708062,1.4808349022229828,0.903202542460229,0.12085798822164927,"Cancer-related genes, Predicted intracellular proteins",Cytosol,Tissue enhanced,smooth muscle: 13.8,False,False,False,False,False
CTNNA3,58.544550268050955,57.715885774576286,0.19462616822429907,0.18445002353679585,20.342571693980286,19.277445325684408,50.198512298635514,42.512060000179,0.06445954840021555,0.06470858274914372,1.4802354478972914,1.5338749775937364,0.2178675837727053,0.4323355617040297,58.130218021313624,0.18953809588054746,1.4802354478972914,0.2178675837727053,0.06470858274914372,"Disease related genes, Human disease related genes, Predicted intracellular proteins",,Tissue enhanced,heart muscle: 13.7;tongue: 14.0,False,False,False,False,False
ZRANB2-DT,166.35344480096398,167.5825800476022,0.47110591900311527,0.4574768554840734,59.07705752224411,57.491573054629505,79.10068604633474,83.23413852666624,0.06967586259818245,0.061804246066802106,1.4780121889346314,1.5271547734965636,1.063011743550954,1.00097851327679,166.96801242428307,0.4642913872435943,1.4780121889346314,1.00097851327679,0.06967586259818245,,,,,False,False,False,False,False
RBM47,642.724570311762,615.926661131985,0.8863707165109034,0.8555625294209949,227.6696037531766,220.52229122563222,272.28890004411386,330.69907726455034,0.08531644360780856,0.071105910367981,1.4931789299876272,1.477647114369867,1.2360166718354701,0.895223996415917,629.3256157218735,0.8709666229659492,1.477647114369867,0.895223996415917,0.08531644360780856,Predicted intracellular proteins,"Nucleoplasm,Cytosol",Low tissue specificity,,False,False,False,False,False
FNBP1L,412.35559980285063,411.56093176289977,0.7971183800623053,0.7753020555468382,143.6055517757695,147.16090206955548,349.1078355314197,336.06902168562556,0.08441977509594868,0.0768695283372071,1.515260489282204,1.4774424214518973,0.23958408124570096,0.2915631663722514,411.9582657828752,0.7862102178045718,1.4774424214518973,0.23958408124570096,0.08441977509594868,Predicted intracellular proteins,"Vesicles,Cytosol",Low tissue specificity,,False,False,False,False,False
LINC02984,24.14643132234678,25.29092950066238,0.12172897196261682,0.1241958261415346,8.034851376846094,8.032268885701836,17.4934209525548,19.68979621060922,0.0877116725295443,0.0970157976682888,1.4767808991485911,1.541404808404745,0.44334155099474776,0.34564571343193035,24.71868041150458,0.1229623990520757,1.4767808991485911,0.34564571343193035,0.0970157976682888,,,,,False,False,False,False,False
KCNK5,33.247680184978286,30.62803975583927,0.1618380062305296,0.14247607092421152,10.775060805943896,10.368928925178732,18.254004472231095,18.794805473763347,0.12045356218562193,0.1495863824485256,1.5402717585181842,1.4761077998900913,0.8308477378389879,0.6760822533258998,31.93785997040878,0.15215703857737056,1.4761077998900913,0.6760822533258998,0.1495863824485256,"Predicted membrane proteins, Transporters, Voltage-gated ion channels",Nucleoplasm,Tissue enhanced,intestine: 33.3;kidney: 34.0,False,True,False,False,False
PBX1,1771.8674313113281,1783.6273817357383,0.9737538940809969,0.9646948062137141,637.4005797447155,632.5046644359028,1101.324936491276,1071.7514073729337,0.07889019991305707,0.06572612113336387,1.4735507938775996,1.4941957336718545,0.685535105417292,0.734307086819043,1777.7474065235333,0.9692243501473554,1.4735507938775996,0.685535105417292,0.07889019991305707,"Cancer-related genes, Disease related genes, Human disease related genes, Predicted intracellular proteins, Transcription factors","Nucleoplasm,Nuclear bodies,Cytosol",Low tissue specificity,,False,False,False,False,False
GAS2,64.82083284045554,66.94184521066097,0.26947040498442365,0.2615722579632826,22.711227302183467,21.419383695204896,40.31092654284367,29.982189684336767,0.06950545842050938,0.07460345883067834,1.4729739420063614,1.5995537811752862,0.672020863137359,1.1328612893937282,65.88133902555825,0.26552133147385315,1.4729739420063614,0.672020863137359,0.07460345883067834,Predicted intracellular proteins,"Nucleoplasm,Nucleoli,Plasma membrane,Cytosol",Tissue enhanced,liver: 37.0,False,True,False,False,False
PTPRZ1,48.280079991796605,46.62596069660821,0.1864485981308411,0.1794288404205241,12.81860682086429,16.16189860638188,50.198512298635514,63.99183768447996,0.07896140559569936,0.09267318506716998,1.8343924259476123,1.4725390287082678,-0.05509729187829491,-0.44851034714419064,47.45302034420241,0.18293871927568262,1.4725390287082678,-0.44851034714419064,0.09267318506716998,"Enzymes, Plasma proteins, Predicted membrane proteins, Predicted secreted proteins","Vesicles,Cytosol",Tissue enriched,brain: 150.5,False,True,False,True,True
MROH1,97.27598854582266,96.91280355317446,0.39797507788161995,0.3874941158010356,34.41517266036391,33.73552931994771,51.719679337988104,55.9369210528671,0.13300907753241398,0.10261553813844085,1.4724713947030663,1.495085443852616,0.898497375281662,0.7821330466179841,97.09439604949856,0.3927345968413278,1.4724713947030663,0.7821330466179841,0.13300907753241398,Predicted intracellular proteins,"Nucleoplasm,Cytosol",Tissue enhanced,thyroid gland: 46.1,False,False,False,False,False
OVOL2,64.19448284850478,60.86719459358777,0.29127725856697817,0.2690255766514985,18.67057949995451,21.322022860226692,65.41018269216141,59.964379368673534,0.113973412937905,0.09881554950402859,1.728710419659081,1.4707068429257055,-0.026654587332115343,0.021208073156870746,62.53083872104627,0.28015141760923834,1.4707068429257055,-0.026654587332115343,0.113973412937905,"Disease related genes, Human disease related genes, Predicted intracellular proteins, Transcription factors","Nucleoplasm,Cytosol",Tissue enhanced,salivary gland: 6.7;stomach 1: 7.4,False,False,False,False,False
NARS2,334.5092436603985,338.5846654094509,0.7511682242990654,0.7347403106857053,120.42988219746776,110.45586728277252,171.13129192716653,143.1985178953398,0.08645288103247785,0.07041478563904476,1.4662290224810521,1.6072987474802354,0.9628431246016419,1.2357149764149005,336.5469545349247,0.7429542674923854,1.4662290224810521,0.9628431246016419,0.08645288103247785,"Disease related genes, Enzymes, Human disease related genes, Potential drug targets, Predicted intracellular proteins","Nucleoplasm,Mitochondria,Cytosol",Low tissue specificity,,False,False,False,True,False
HSD17B2,22.625295627609212,22.60896454831218,0.10973520249221184,0.1052879334693237,7.152411052221379,7.5454647108108155,21.29633855093628,22.822263789569778,0.15147585102557282,0.12293006268964751,1.5350336816622558,1.4661039143124062,0.08352556833361846,-0.012975747953251435,22.617130087960696,0.10751156798076777,1.4661039143124062,-0.012975747953251435,0.15147585102557282,"Enzymes, Metabolic proteins, Plasma proteins, Predicted intracellular proteins, Predicted membrane proteins",Endoplasmic reticulum,Group enriched,intestine: 403.6;liver: 203.6;placenta: 358.5,False,True,False,True,False
ST8SIA6,33.04315773862701,29.541843950137444,0.1560747663551402,0.13831790365604896,11.33239153728582,9.492681410374898,39.55034302316737,37.14211557910375,0.1375143817842833,0.10069589671818319,1.4649122642226136,1.5414037603057953,-0.2523492553433459,-0.3205976991282732,31.292500844382225,0.1471963350055946,1.4649122642226136,-0.3205976991282732,0.1375143817842833,Predicted intracellular proteins,Endoplasmic reticulum,Tissue enhanced,brain: 4.7;breast: 4.9;lung: 5.6,False,False,False,False,False
CAMKK1,47.27025041293721,46.371174026134945,0.22570093457943924,0.21536168209634396,16.487700802198635,14.11732107183959,22.817505590288867,29.087198947490894,0.12545283351629682,0.09130936576072561,1.46479368790755,1.6478069240803055,1.0191119835921347,0.6548596263098511,46.82071221953608,0.22053130833789159,1.46479368790755,0.6548596263098511,0.12545283351629682,"Enzymes, Predicted intracellular proteins",Cytosol,Tissue enhanced,brain: 70.2,False,False,False,True,False
LINC00551,21.462074213986366,22.555325249265177,0.11580996884735202,0.11799780323238664,5.619751541031083,7.5454647108108155,9.887585755791843,11.634879578996358,0.12918392070386334,0.12033438016425392,1.7626421820681186,1.4628223983846624,1.0448070743729116,0.8986413384592297,22.00869973162577,0.11690388603986933,1.4628223983846624,0.8986413384592297,0.12918392070386334,,,,,False,False,False,False,False
ALG1L9P,30.28210471288487,28.039943576821333,0.15124610591900312,0.13816099168366547,8.870847473858982,9.541361827863998,19.775171511583686,16.109833263225728,0.11953344982064594,0.09215069867017403,1.6640917233870218,1.4619773909237848,0.5904771955085703,0.7632129495405819,29.1610241448531,0.1447035488013343,1.4619773909237848,0.5904771955085703,0.11953344982064594,,,,,False,False,False,False,False
APPAT,102.1078313408714,91.87070944275608,0.3715732087227414,0.3346932370939903,33.16117851484457,32.713240552676574,64.64959917248513,59.06938863182766,0.07731120915168975,0.06428662707653403,1.593724261795023,1.4619083483851456,0.6512958059709909,0.6285936751372162,96.98927039181373,0.35313322290836585,1.4619083483851456,0.6285936751372162,0.07731120915168975,,,,,False,False,False,False,False
ENSG00000291054,103.75679356457852,97.38214741983573,0.3757788161993769,0.35054134630472306,37.06249363423805,34.75781808721885,92.79118940050807,84.57662463193505,0.08202068435323467,0.07781707207409531,1.4606018200752755,1.460137838452326,0.15951949724919787,0.20117976920782613,100.56947049220713,0.36316008125205,1.460137838452326,0.15951949724919787,0.08202068435323467,,,,,False,False,False,False,False
IL1RL2,31.828805713416347,30.520761157745262,0.15101246105919003,0.14082849521418483,10.310618529825623,10.466289760156938,25.859839668994052,25.059740631684463,0.09436738410988035,0.09035187446188733,1.537284440367948,1.4589037307625812,0.28951157363873015,0.27447964808781355,31.174783435580807,0.14592047813668743,1.4589037307625812,0.27447964808781355,0.09436738410988035,"Enzymes, FDA approved drug targets, Predicted intracellular proteins, Predicted membrane proteins",,Tissue enhanced,skin 1: 11.6,True,True,False,True,False
ENSG00000287117,41.83762293173161,41.08770307000505,0.19672897196261682,0.18750980699827396,14.58348747011372,14.312042741795999,27.381006708346643,26.84972210537621,0.110449028853135,0.07715601672505527,1.4588602927795598,1.4587320149063787,0.5939526624432441,0.5957358450619119,41.46266300086833,0.19211938948044538,1.4587320149063787,0.5939526624432441,0.110449028853135,,,,,False,False,False,False,False
SH3RF1,363.781518794424,359.9331064301585,0.7207943925233645,0.7054762278361839,124.84208382059134,130.51219928828257,246.42906037511978,288.1870172643713,0.07198067880596981,0.06714322170904935,1.5354181733212318,1.456534847377563,0.5600176851714941,0.31972869434846773,361.85731261229125,0.7131353101797742,1.456534847377563,0.31972869434846773,0.07198067880596981,"Enzymes, Metabolic proteins, Predicted intracellular proteins","Vesicles,Intermediate filaments",Low tissue specificity,,False,False,False,True,False
ENSG00000288876,56.20532478790831,58.54729490980485,0.26433021806853585,0.26094461007374864,19.878129417862016,19.520847413129918,47.15617821993033,34.0096480001432,0.09591758396081329,0.0674983816645022,1.454156983228897,1.5369456628170328,0.24842854104724224,0.7662834149631885,57.37630984885658,0.26263741407114227,1.454156983228897,0.24842854104724224,0.09591758396081329,,,,,False,False,False,False,False
FOXP4-AS1,29.19557921664375,29.233417980617173,0.14649532710280375,0.13988702337988387,10.031953164154661,9.200598905440284,14.451086873849617,18.34731010534041,0.15431794205359153,0.11735626985295951,1.4526491102065526,1.5674902299755848,0.9666290222491556,0.6440110897077099,29.214498598630463,0.1431911752413438,1.4526491102065526,0.6440110897077099,0.15431794205359153,,,,,False,False,False,False,False
PPP1R13B,193.83614852941585,189.90993827591763,0.581386292834891,0.5621371410638631,70.36300483191812,66.8382132125371,93.55177292018438,115.00630968469476,0.0897948273813047,0.07740513677410436,1.4490131015539822,1.4927221312180672,1.0430849545413265,0.7186889307237138,191.87304340266672,0.571761716949377,1.4490131015539822,0.7186889307237138,0.0897948273813047,"Plasma proteins, Predicted intracellular proteins","Nucleoplasm,Cytosol",Low tissue specificity,,False,False,False,False,False
EXO1,46.15815961090218,43.79648767187876,0.15062305295950157,0.1417699670484858,12.261276089522363,15.431692344045347,9.887585755791843,27.297217473799144,0.12263558502062609,0.11948312311608648,1.8302878089720047,1.4469045453259823,2.1148233347402594,0.6627254235680401,44.97732364139047,0.1461965100039937,1.4469045453259823,0.6627254235680401,0.12263558502062609,Predicted intracellular proteins,"Nucleoplasm,Nuclear bodies",Tissue enhanced,bone marrow: 16.4;lymphoid tissue: 10.3,False,False,False,False,False
PLCB1,1522.38839472147,1538.9114896585443,0.9232087227414331,0.9021653852188922,560.1173849986352,542.1051291586402,1622.3246474695386,1240.9046566368038,0.069458072187338,0.05837147733034996,1.4409092929370362,1.503544037278034,-0.09166774192142907,0.3102930113351518,1530.649942190007,0.9126870539801626,1.4409092929370362,-0.09166774192142907,0.069458072187338,"Disease related genes, Enzymes, Human disease related genes, Metabolic proteins, Plasma proteins, Potential drug targets, Predicted intracellular proteins",Plasma membrane,Tissue enhanced,brain: 44.7,False,True,False,True,False
XYLB,134.07724623615425,132.90477321371412,0.4823208722741433,0.47238349286050524,48.812883220030315,45.66223160477771,96.59410699888954,68.91428673713227,0.08214073952933622,0.07237556279226708,1.4391938499447472,1.5208801778956944,0.4689187315031199,0.9375481878957919,133.4910097249342,0.47735218256732426,1.4391938499447472,0.4689187315031199,0.08214073952933622,"Enzymes, Metabolic proteins, Predicted intracellular proteins",Nuclear speckles,Tissue enhanced,liver: 31.2,False,False,False,True,False
USP6NL,385.6015072895251,390.40022828885674,0.7945482866043614,0.7771849992154402,138.3109098280212,143.3638295054055,224.37213830450722,225.53766568516016,0.08428521146661982,0.07831075267551277,1.4725390185100042,1.438935278546116,0.7785380894238977,0.7888936549794896,388.0008677891909,0.7858666429099008,1.438935278546116,0.7785380894238977,0.08428521146661982,Predicted intracellular proteins,,Low tissue specificity,,False,False,False,False,False
PRRG4,73.81982047991141,77.72334431910878,0.315809968847352,0.31578534442177936,26.61254242157695,26.287425444115097,34.9868419051096,41.16957389491019,0.123108113216406,0.11761410897263191,1.4380967743233188,1.5285552270120863,1.0559510030154144,0.9005890665510355,75.7715823995101,0.3157976566345657,1.4380967743233188,0.9005890665510355,0.123108113216406,Predicted membrane proteins,Golgi apparatus,Low tissue specificity,,False,True,False,False,False
A2ML1,39.33222296392855,38.311869344322595,0.18309968847352026,0.1723678016632669,13.886824055936314,13.241073557035755,15.211670393525914,21.927273052723905,0.1351071245212082,0.14112202850999653,1.4378969207340464,1.464907060593555,1.3149001752451808,0.7779001955302137,38.82204615412557,0.17773374506839357,1.4378969207340464,0.7779001955302137,0.14112202850999653,"Disease related genes, Predicted intracellular proteins, Predicted secreted proteins",,Tissue enhanced,cervix: 188.5;esophagus: 538.3;vagina: 199.8,False,False,False,False,True
FANK1,33.51611589581432,34.141413843418036,0.15942367601246105,0.15808881217636905,11.471724220121303,11.9753827023191,21.29633855093628,31.772171158028513,0.08731876121650022,0.0833141178135178,1.4686091949040765,1.4373951456512082,0.6304633131231878,0.1007009817513093,33.82876486961618,0.15875624409441505,1.4373951456512082,0.1007009817513093,0.08731876121650022,Predicted intracellular proteins,Nucleoplasm,Tissue enhanced,choroid plexus: 64.6;fallopian tube: 32.9;testis: 56.5,False,False,False,False,False
PACSIN2,303.1533961041695,295.60617704803894,0.7246105919003115,0.6910403263769026,111.32681358554963,107.58372265091549,158.9619556123458,189.2905408429023,0.09247335160708466,0.0868225981599264,1.437096757839169,1.449740792580829,0.927070289074283,0.6403447948894931,299.3797865761042,0.7078254591386071,1.437096757839169,0.6403447948894931,0.09247335160708466,Predicted intracellular proteins,"Nuclear speckles,Vesicles,Plasma membrane,Primary cilium,Centriolar satellite",Low tissue specificity,,False,True,False,False,False
USP13,191.68866284272752,188.3543986035545,0.5805295950155763,0.555389926251373,64.37169946999241,69.02883199954668,76.81893548730586,92.184045895125,0.09582296572148144,0.09084044586062069,1.5595335822130545,1.4350680043667314,1.3080785403500261,1.0229340583420887,190.021530723141,0.5679597606334746,1.4350680043667314,1.0229340583420887,0.09582296572148144,"Enzymes, Metabolic proteins, Plasma proteins, Predicted intracellular proteins","Nucleoplasm,Cytosol",Group enriched,heart muscle: 39.8;skeletal muscle: 99.1;tongue: 101.6,False,False,False,True,False
FAM83F,30.358800630266597,30.654859405362775,0.15615264797507789,0.1542444688529735,10.310618529825623,10.709691847602448,34.226258385433304,32.219666526451455,0.16235774717139576,0.13387247169013475,1.4711925558587466,1.4347238775068503,-0.16778086253493646,-0.06961060310414519,30.506830017814686,0.1551985584140257,1.4347238775068503,-0.16778086253493646,0.16235774717139576,Predicted intracellular proteins,"Nucleoplasm,Mitochondria",Tissue enhanced,esophagus: 18.9;testis: 38.9,False,False,False,False,False
YAP1,688.4353370712707,681.7018515883736,0.9128504672897196,0.8861603640357759,247.73351008148592,251.6290780011684,432.7720226958122,433.6230120018258,0.0905030092627933,0.0800436383897017,1.470814361464491,1.434234959551965,0.6684782405889776,0.6514911017127926,685.0685943298222,0.8995054156627478,1.434234959551965,0.6514911017127926,0.0905030092627933,"Disease related genes, Human disease related genes, Predicted intracellular proteins","Nucleoplasm,Nucleoli,Cytosol",Low tissue specificity,,False,False,False,False,False
MAP7,214.12221867688243,214.08785232135466,0.6173676012461059,0.5944610073748627,77.14386206324488,78.71623507987799,222.8509712651546,230.90761010623538,0.08308600889677016,0.08509396134997048,1.4609520757694776,1.431980567069999,-0.05738203822424764,-0.10862411627205869,214.10503549911854,0.6059143043104843,1.431980567069999,-0.10862411627205869,0.08509396134997048,Predicted intracellular proteins,"Microtubules,Cytosol",Tissue enhanced,brain: 85.6,False,False,False,False,False
PHLDA1-DT,25.859306810538662,27.691288133015806,0.13177570093457944,0.13204142476070924,6.409303410432145,9.638722662842204,12.16933631482073,18.34731010534041,0.08636917508364653,0.08546969332902271,1.8580122536479111,1.4312877970437938,1.0282394309270915,0.5684797416701877,26.775297471777236,0.13190856284764435,1.4312877970437938,0.5684797416701877,0.08636917508364653,,,,,False,False,False,False,False
CYYR1-AS1,34.01463935879554,32.54564469676966,0.1618380062305296,0.15134159736387887,11.564612675344957,11.43989810993898,9.887585755791843,11.634879578996358,0.1256622307698563,0.10007536585229922,1.4785920297110025,1.4311508013839094,1.6852741459704452,1.4087135561283648,33.2801420277826,0.15658980179720422,1.4311508013839094,1.4087135561283648,0.1256622307698563,,,,,False,False,False,False,False
RAD54B,37.47873829387017,36.68928054815073,0.1707165109034268,0.16169778754118938,13.28304909698256,12.316145624742814,15.97225391320221,21.47977768430097,0.09658074441511262,0.08522207471001059,1.4297575004518477,1.500977702692329,1.1808833270270547,0.745526487642156,37.08400942101045,0.1662071492223081,1.4297575004518477,0.745526487642156,0.09658074441511262,"Cancer-related genes, Human disease related genes, Plasma proteins, Predicted intracellular proteins","Nucleoplasm,Cytosol",Low tissue specificity,,False,False,False,False,False
PPP2R3B,65.51109609689108,64.72922412497206,0.29898753894081,0.28973795700611954,23.593667626808184,23.41528081225808,35.747425424785895,44.749536842293686,0.16693643363888178,0.14625640499227835,1.4353081480923737,1.4287505841958008,0.8559518703180393,0.522777817457617,65.12016011093158,0.29436274797346473,1.4287505841958008,0.522777817457617,0.16693643363888178,Predicted intracellular proteins,"Nucleoplasm,Primary cilium,Primary cilium tip,Cytosol",Group enriched,heart muscle: 59.2;skeletal muscle: 87.3,False,False,False,False,False
NRXN1,58.19941863983318,59.351884395509906,0.18652647975077882,0.18460693550917934,20.992790880545865,16.98946570369661,63.128432133132534,54.59443494759829,0.07542822048418524,0.055608077668890775,1.4285523146174222,1.7462464791876333,-0.11538112723674454,0.11845834251590229,58.77565151767155,0.18556670762997907,1.4285523146174222,-0.11538112723674454,0.07542822048418524,"Disease related genes, Human disease related genes, Potential drug targets, Predicted intracellular proteins, Predicted membrane proteins, Transporters","Nucleoplasm,Nucleoli,Plasma membrane",Tissue enriched,brain: 75.9,False,True,False,False,False
UBE2Q2P2,68.77067258561443,70.05292455538721,0.3047507788161994,0.29264082849521417,22.80411575740712,25.459858346800367,44.87442766090144,61.75436084236529,0.07895206578767015,0.06850066839726923,1.5514097025774987,1.4250886942130956,0.6049305825149972,0.17917831597650788,69.41179857050082,0.2986958036557068,1.4250886942130956,0.17917831597650788,0.07895206578767015,,,,,False,False,False,False,False
TBC1D16,268.53797205921717,267.1639387283651,0.6996105919003115,0.6787227365447984,99.39064708931006,96.67930913335665,121.69336314820731,148.568462316415,0.10611424094903132,0.08777578542636234,1.4248636651274906,1.4569903426940312,1.135431320350585,0.842309240542146,267.85095539379114,0.6891666642225549,1.4248636651274906,0.842309240542146,0.10611424094903132,Predicted intracellular proteins,Intermediate filaments,Low tissue specificity,,False,False,False,False,False
CNKSR1,26.920267000985877,27.543780060636546,0.14291277258566978,0.14106386317276007,8.59218210818802,9.638722662842204,26.620423188670348,23.269759157992716,0.15877834571632837,0.13638021400769462,1.5413817842969781,1.4238514597631957,0.015577313938498358,0.2340166120530152,27.23202353081121,0.14198831787921493,1.4238514597631957,0.015577313938498358,0.15877834571632837,"Cancer-related genes, Predicted intracellular proteins",Cytosol,Tissue enhanced,skeletal muscle: 53.5,False,False,False,False,False
CC2D1A,63.0696093935728,63.25414340117944,0.2968847352024922,0.2845598619174643,22.897004212630776,22.539033297454242,34.9868419051096,38.484601684372564,0.11234282452418794,0.11671286890537809,1.422810425268239,1.4487344159844366,0.8321706936774437,0.702499352170835,63.16187639737612,0.2907222985599782,1.422810425268239,0.702499352170835,0.11671286890537809,"Disease related genes, Human disease related genes, Predicted intracellular proteins","Nucleoli fibrillar center,Plasma membrane,Basal body,Cytosol",Low tissue specificity,,False,True,False,False,False
ENSG00000240291,75.51991331520634,73.57970846772771,0.32975077881619935,0.3062921700925781,26.148100145458674,26.822910036495223,53.240846377340695,39.37959242121844,0.07852481014611809,0.07731647310122702,1.4949839992000202,1.4225098363900928,0.49645554879503884,0.885156808986622,74.54981089146702,0.3180214744543887,1.4225098363900928,0.49645554879503884,0.07852481014611809,,,,,False,False,False,False,False
ALG8,176.83522017646658,176.3660152665491,0.5827881619937695,0.5591558135885768,65.43991670506443,64.20947066812559,79.10068604633474,89.94656905301031,0.10539602969445716,0.0896283255313919,1.4204189077726,1.4435761903704623,1.1506545733033542,0.9636384857802449,176.60061772150783,0.5709719877911732,1.4204189077726,0.9636384857802449,0.10539602969445716,"Disease related genes, Enzymes, Human disease related genes, Metabolic proteins, Potential drug targets, Predicted membrane proteins",Nucleoplasm,Low tissue specificity,,False,True,False,True,False
RPTOR,340.542655827761,331.9333923276224,0.7653426791277259,0.7275223599560646,126.6534086974526,121.21423954786407,187.10354584036875,195.10798063240046,0.08277271858269195,0.07195658552253145,1.4198337081512418,1.4458211885047958,0.86053872574213,0.7635853288512524,336.2380240776917,0.7464325195418953,1.4198337081512418,0.7635853288512524,0.08277271858269195,"Essential proteins, Plasma proteins, Predicted intracellular proteins, Predicted membrane proteins","Vesicles,Lysosomes,Cytosol",Low tissue specificity,,False,True,False,False,False
ZNF337-AS1,125.66626062995829,124.25543624238473,0.45716510903426794,0.43417542758512473,46.49067183943897,45.66223160477771,90.50943884147918,64.88682842132584,0.09499279332829516,0.08457826451902192,1.415316222269364,1.424546009079657,0.4690398286449405,0.9268112326679571,124.96084843617152,0.44567026830969636,1.415316222269364,0.4690398286449405,0.09499279332829516,,,,,False,False,False,False,False
DDIAS,34.487597515982856,32.69315276914893,0.1499221183800623,0.1400439353522674,12.30772031713419,11.585939362406284,6.845251677086661,15.214842526379853,0.1004910131865208,0.12951098720286675,1.4150514571953547,1.420642534766868,2.177423273355989,1.0551404192229081,33.59037514256589,0.14498302686616485,1.4150514571953547,1.0551404192229081,0.12951098720286675,Predicted intracellular proteins,"Plasma membrane,Cytosol",Tissue enhanced,bone marrow: 7.4;testis: 10.2,False,True,False,False,False
ZNF33B,201.37791373861893,199.26999595961982,0.6090342679127726,0.5858308488937706,74.91453913787717,70.53792494170885,139.9473676204384,126.64118926369113,0.09465444615175718,0.07801891684757631,1.4146037300064727,1.4851661190748031,0.5218953179866443,0.6498523399959265,200.3239548491194,0.5974325584032716,1.4146037300064727,0.5218953179866443,0.09465444615175718,"Predicted intracellular proteins, Transcription factors","Nucleoli fibrillar center,Endoplasmic reticulum,Vesicles",Low tissue specificity,,False,False,False,False,False
ARHGEF28,203.84496574773112,203.35999251195386,0.5704828660436138,0.54581829593598,75.00742759310083,75.69804919555366,216.76630310774428,185.26308252709586,0.07310694427679831,0.06748082249375581,1.4303201241918593,1.4138509994323958,-0.0882482927486872,0.133771028538547,203.6024791298425,0.5581505809897969,1.4138509994323958,-0.0882482927486872,0.07310694427679831,Predicted intracellular proteins,"Plasma membrane,Microtubules,Cytosol",Low tissue specificity,,False,True,False,False,False
CENPI,26.076611909786887,26.81964952350199,0.11292834890965732,0.11258434018515613,9.010180156694464,9.444000992885794,8.366418716439252,16.557328631648662,0.10484671843128297,0.09634355545966695,1.4355792870161221,1.4134297447694735,1.5314777872690777,0.6640308908752449,26.44813071664444,0.11275634454740673,1.4134297447694735,0.6640308908752449,0.10484671843128297,"Essential proteins, Predicted intracellular proteins","Nucleoplasm,Nuclear bodies",Tissue enhanced,bone marrow: 5.2;lymphoid tissue: 4.9,False,False,False,False,False
LRRC1,92.03510085807136,93.13123297036067,0.36962616822429906,0.3592499607720069,33.99717461185747,32.177755960296444,48.67734525928292,71.5992589476699,0.07865965072919728,0.07414136434814744,1.4105366725738542,1.5044571818735166,0.9051870493537345,0.3747186700061719,92.58316691421601,0.36443806449815297,1.4105366725738542,0.3747186700061719,0.07865965072919728,Predicted intracellular proteins,Cytosol,Low tissue specificity,,False,False,False,False,False
IQCK,111.46473326144199,109.89351392254942,0.4265576323987539,0.4106386317276008,38.92026273871114,40.7455094383784,86.70652124309771,93.97402736881673,0.10433190058654997,0.08970416308097026,1.494279550396221,1.4094820653915923,0.35871665096211897,0.22357004842372458,110.6791235919957,0.4185981320631773,1.4094820653915923,0.22357004842372458,0.10433190058654997,Predicted intracellular proteins,"Nuclear speckles,Cytosol",Low tissue specificity,,False,False,False,False,False
GPR160,117.97110358599176,122.24396252812208,0.4352803738317757,0.42593754903499137,43.796906637952986,39.771901088596366,52.4802628576644,58.62189326340472,0.11130800371996065,0.10177849137427436,1.4091401872972247,1.595869840972423,1.1535327442051295,1.0476028804002246,120.10753305705691,0.43060896143338356,1.4091401872972247,1.0476028804002246,0.11130800371996065,"G-protein coupled receptors, Predicted intracellular proteins, Predicted membrane proteins, Transporters",Plasma membrane,Tissue enhanced,bone marrow: 102.0;parathyroid gland: 203.7;retina: 96.9,False,True,False,False,False
ITGB8,166.9414468342239,173.88519768562517,0.5263239875389408,0.5229091479679899,59.68083248119787,65.08571818292941,262.401314288322,231.35510547465833,0.08188641102596374,0.0816664996025751,1.4686455385892372,1.4039977554656928,-0.6493042224230328,-0.4099231606762208,170.41332225992454,0.5246165677534653,1.4039977554656928,-0.6493042224230328,0.08188641102596374,"Cancer-related genes, Predicted membrane proteins","Plasma membrane,Cytosol",Low tissue specificity,,False,True,False,False,False
CABYR,24.41486703318282,23.668340704490507,0.12453271028037383,0.11737015534285265,8.220628287293403,8.32435139063645,20.53575503125998,16.109833263225728,0.11829177730245775,0.09174047702494056,1.4627357194713646,1.403585398268145,0.23893877830966326,0.5278349765039159,24.041603868836663,0.12095143281161325,1.403585398268145,0.23893877830966326,0.11829177730245775,Predicted intracellular proteins,"Nucleoplasm,Cytosol,Principal piece",Tissue enriched,testis: 287.9,False,False,False,False,False
KMO,112.98586895617956,115.47200102343783,0.35257009345794393,0.34175427585124746,42.12491444392721,41.28099403075853,32.70509134608071,70.70426821082401,0.10667628046118086,0.10060183363456714,1.4022614821295218,1.4619019835765459,1.7578165415552978,0.6998522804204539,114.22893498980869,0.3471621846545957,1.4022614821295218,0.6998522804204539,0.10667628046118086,"Enzymes, Metabolic proteins, Predicted membrane proteins",,Group enriched,kidney: 29.3;liver: 85.6,False,True,False,True,False
ASCC2,223.3385114155865,230.3271501078351,0.6535046728971963,0.6360426800564883,83.97116352218346,83.43823557632088,113.32694443176806,125.29870315842231,0.10483049080112801,0.08927577959112834,1.4006320789840365,1.4539662627722953,0.972511847952666,0.8730947747552897,226.8328307617108,0.6447736764768424,1.4006320789840365,0.8730947747552897,0.10483049080112801,Predicted intracellular proteins,"Nucleoplasm,Focal adhesion sites,Cytosol",Low tissue specificity,,False,False,False,False,False
ASPSCR1,77.96140001852461,70.87092386585401,0.3472741433021807,0.30935195355405615,28.934753802168302,25.654580016756775,41.07151006251996,37.589610947526694,0.1387951681609053,0.12071380345868292,1.3993261647346134,1.4310247808998693,0.9083039682656331,0.8971957323235928,74.41616194218932,0.3283130484281184,1.3993261647346134,0.8971957323235928,0.1387951681609053,"Cancer-related genes, Disease related genes, Human disease related genes, Predicted intracellular proteins","Nucleoplasm,Vesicles,Plasma membrane",Low tissue specificity,,False,True,False,False,False
FAM83B,37.01856278957982,36.55518230053322,0.17009345794392525,0.1662482347403107,12.16838763429871,13.241073557035755,60.08609805442736,58.62189326340472,0.07593656772229138,0.08434671957725919,1.5296252852934713,1.3989540939739096,-0.6841400945191597,-0.6668301868102934,36.78687254505652,0.16817084634211799,1.3989540939739096,-0.6841400945191597,0.08434671957725919,Predicted intracellular proteins,,Tissue enhanced,esophagus: 12.4;skin 1: 24.4,False,False,False,False,False
ENAH,511.93246587012504,524.3777874835109,0.7953271028037383,0.7841675819865056,193.53309645848367,196.96096916090684,257.8378131702642,351.2838642120054,0.10011820159507306,0.09556972228374039,1.3987532632265323,1.4081391955061322,0.9867204954924149,0.5766168098156185,518.155126676818,0.789747342395122,1.3987532632265323,0.5766168098156185,0.10011820159507306,Predicted intracellular proteins,"Plasma membrane,Focal adhesion sites,Cytosol",Low tissue specificity,,False,True,False,False,False
ENSG00000259616,39.920224997188456,37.66819775575855,0.1261682242990654,0.11933155499764632,14.537043242501893,11.585939362406284,25.099256149317757,19.68979621060922,0.04726620744043984,0.06340837883372094,1.397102098070943,1.6193346276713372,0.6488053883067879,0.9022280898960701,38.7942113764735,0.12274988964835587,1.397102098070943,0.6488053883067879,0.06340837883372094,,,,,False,False,False,False,False
LINC01473,966.6625600263793,945.8888092196299,0.8816978193146418,0.8624666562058685,363.61185797299464,358.6286356422147,609.2273992607129,486.42746547573233,0.06979219553535483,0.060281415364720196,1.4081425617944696,1.3966871227062025,0.6651570850268007,0.9580074775017607,956.2756846230046,0.8720822377602551,1.3966871227062025,0.6651570850268007,0.06979219553535483,,,,,False,False,False,False,False
RPSA2,131.02219219378216,131.6844791603948,0.4776479750778816,0.4641456143103719,48.719994764806664,49.410623751438564,97.35469051856585,106.50389768465897,0.10521697753999942,0.09926375667343186,1.4088824093572931,1.3961999099042288,0.42471469781418486,0.3036106531076729,131.35333567708847,0.4708967946941267,1.3961999099042288,0.3036106531076729,0.10521697753999942,,,,,False,False,False,False,False
SCYL3,181.04071297956457,185.80653189882182,0.5968847352024922,0.5757100266750353,64.97547442894616,70.00244034932872,84.42477068406882,90.39406442143324,0.1001826032893822,0.09056690604105844,1.464259416774126,1.3956043854530802,1.0915347669070559,1.0313725236211801,183.4236224391932,0.5862973809387637,1.3956043854530802,1.0313725236211801,0.1001826032893822,"Enzymes, Predicted intracellular proteins","Golgi apparatus,Cytosol",Low tissue specificity,,False,False,False,True,False
SYDE2,94.97511102437086,96.45686951127492,0.3957943925233645,0.38655264396673467,35.529834123047756,34.51441599977334,68.45251677086661,66.67680989501758,0.12285150341543541,0.09634726978198334,1.3935851213532011,1.4563591195416126,0.4666333494783548,0.5261023160828581,95.71599026782289,0.3911735182450496,1.3935851213532011,0.4666333494783548,0.12285150341543541,Predicted intracellular proteins,"Nucleoli,Nucleoli rim,Golgi apparatus",Tissue enhanced,retina: 7.1,False,False,False,False,False
FANCI,60.947689012678374,61.00129284120528,0.2014018691588785,0.1934724619488467,21.87523120517058,22.63639413243245,23.578089109965166,29.53469431591383,0.1111995633612813,0.10820899176193036,1.4372641378432671,1.3912883377690783,1.3336777091194634,1.0218488962894032,60.974490926941826,0.1974371655538626,1.3912883377690783,1.0218488962894032,0.1111995633612813,"Disease related genes, Human disease related genes, Predicted intracellular proteins, Predicted membrane proteins",Nucleoplasm,Tissue enhanced,bone marrow: 28.0;lymphoid tissue: 41.4;testis: 29.9,False,True,False,False,False
LINC00862,55.69401867203013,53.67952852128924,0.2261682242990654,0.2132433704691668,20.621237059651246,19.37480616066261,37.268592464138486,40.722078526487245,0.07536428771050013,0.08090029575269553,1.3907474668264526,1.424214469168034,0.5670356970788922,0.3901897708593974,54.68677359665969,0.2197057973841161,1.3907474668264526,0.3901897708593974,0.08090029575269553,,,,,False,False,False,False,False
GK5,163.65630503970664,165.061532992393,0.560981308411215,0.5471520477012396,60.377495895375276,62.359614803539706,74.53718492827697,84.57662463193505,0.10564799426885857,0.0941880822451039,1.4236760644039645,1.3900824520010713,1.1241988323967438,0.9564292401611242,164.3589190160498,0.5540666780562273,1.3900824520010713,0.9564292401611242,0.10564799426885857,"Enzymes, Metabolic proteins, Predicted intracellular proteins","Nucleoplasm,Cytosol",Low tissue specificity,,False,False,False,True,False
C6orf132,37.696043393118394,36.68928054815073,0.18341121495327103,0.17629060097285423,12.81860682086429,13.387114809503059,31.94450782640442,33.114657263297325,0.12564841072303107,0.126057652175224,1.4855738888317025,1.3893769524427488,0.23214808689132616,0.14376253343930345,37.19266197063456,0.17985090796306263,1.3893769524427488,0.14376253343930345,0.126057652175224,Predicted intracellular proteins,"Golgi apparatus,Cytosol",Tissue enhanced,esophagus: 142.8;skin 1: 65.5,False,False,False,False,False
EZH2,162.13516934496906,163.02323962860686,0.420404984423676,0.4158167268162561,59.68083248119787,61.629408541203176,92.79118940050807,116.79629115838651,0.10473914321416292,0.09802957084352949,1.4267550544726362,1.3889880779213983,0.7985435279854641,0.4776061212171546,162.57920448678794,0.4181108556199661,1.3889880779213983,0.4776061212171546,0.10473914321416292,"Cancer-related genes, Disease related genes, Enzymes, FDA approved drug targets, Human disease related genes, Metabolic proteins, Plasma proteins, Predicted intracellular proteins",Nucleoplasm,Tissue enhanced,bone marrow: 23.9;lymphoid tissue: 34.1;testis: 24.5,True,False,False,True,False
ADGRG6,115.4401383123948,115.29767330153507,0.41253894080996883,0.39463361054448454,43.518241272282026,39.041694826259835,76.81893548730586,74.2842311582075,0.09673615391109341,0.09755241443311514,1.3871199541374186,1.5382472890938905,0.5813953078434082,0.6274026155041478,115.36890580696493,0.4035862756772267,1.3871199541374186,0.5813953078434082,0.09755241443311514,"Disease related genes, G-protein coupled receptors, Human disease related genes, Plasma proteins, Potential drug targets, Predicted intracellular proteins, Predicted membrane proteins",,Tissue enhanced,liver: 67.2;placenta: 44.6,False,True,False,False,False
HOMER2,97.90233853777342,96.2154926655634,0.3952492211838006,0.3781578534442178,35.762055261106894,36.16955019440281,62.367848613456246,65.33432378974878,0.13373143609734267,0.11780244417754493,1.4277872079699423,1.38706501644203,0.642253598023062,0.5514306796591248,97.05891560166842,0.3867035373140092,1.38706501644203,0.5514306796591248,0.13373143609734267,"Disease related genes, Human disease related genes, Predicted intracellular proteins",Cytosol,Tissue enhanced,pancreas: 213.3,False,False,False,False,False
CDS1,80.07053774652209,83.90527353427598,0.3382398753894081,0.32857367017103406,27.91298079470811,31.49623011544902,57.04376397572217,68.91428673713227,0.10195552674608599,0.10739588606176019,1.4874603609244634,1.385581802566575,0.48203663542290776,0.2802668681474682,81.98790564039903,0.3334067727802211,1.385581802566575,0.2802668681474682,0.10739588606176019,"Enzymes, Metabolic proteins, Predicted membrane proteins",,Low tissue specificity,,False,True,False,True,False
ABHD17C,85.03020707054038,86.58723848662618,0.3475077881619938,0.3368900047073592,28.748976891720996,32.61587971769836,53.240846377340695,52.356958105483606,0.11185911360589394,0.10432016083443144,1.5320032572646933,1.3815777786333145,0.6654636197216924,0.7150442631672282,85.80872277858327,0.3421988964346765,1.3815777786333145,0.6654636197216924,0.11185911360589394,"Enzymes, Predicted intracellular proteins",,Tissue enhanced,intestine: 61.2,False,False,False,True,False
C11orf65,63.248566534130156,61.564505481198815,0.2739096573208723,0.25812019457084573,22.85055998501895,23.025837472345263,30.423340787051828,29.087198947490894,0.08219222521541023,0.0723023265074039,1.4296411268075107,1.3807576896049543,1.031827696756424,1.0561946085597955,62.406536007664485,0.266014925945859,1.3807576896049543,1.031827696756424,0.08219222521541023,Predicted intracellular proteins,,Tissue enriched,testis: 47.4,False,False,False,False,False
GALNT7,363.62812695966056,364.4790370243921,0.7306074766355141,0.7093990271457712,139.10046169742225,136.1591277170184,193.94879751745538,232.69759157992715,0.08546016417932265,0.08298648459712472,1.3799641432280103,1.413938024732571,0.9033305974324123,0.6451457929258541,364.05358199202635,0.7200032518906426,1.3799641432280103,0.6451457929258541,0.08546016417932265,"Enzymes, Metabolic proteins, Predicted intracellular proteins","Nucleoplasm,Golgi apparatus",Tissue enhanced,stomach 1: 61.9,False,False,False,True,False
TARBP1,266.1987465790745,268.3574131321609,0.6986760124610591,0.6729954495528009,100.55175277960575,102.5209592320489,135.38386650238064,157.51836968487376,0.09185765960866642,0.09126921373100874,1.3956980994771737,1.3795988803072758,0.9702402490079025,0.7648717361220759,267.2780798556177,0.6858357310069301,1.3795988803072758,0.7648717361220759,0.09185765960866642,Predicted intracellular proteins,Nuclear speckles,Low tissue specificity,,False,False,False,False,False
SLC12A2,1051.3732007744957,1072.0752602277068,0.9139408099688473,0.8996547936607563,391.61772722292636,411.6416102878468,693.6521699447817,807.729140003401,0.10863303196353578,0.11388633464411924,1.4224491960867622,1.3787900498665482,0.5992837455589201,0.4080227627172986,1061.7242305011014,0.9067978018148017,1.3787900498665482,0.4080227627172986,0.11388633464411924,"Disease related genes, FDA approved drug targets, Human disease related genes, Metabolic proteins, Predicted membrane proteins, Transporters","Vesicles,Plasma membrane,Basal body",Tissue enhanced,salivary gland: 71.2,True,True,False,False,False
SLC37A1,90.65457434520029,89.32284273802338,0.3812305295950156,0.3609759924682253,34.2293957499166,33.73552931994771,47.91676173960663,51.90946273706067,0.10491917987963996,0.09456183068333407,1.3794271552281876,1.3786788107671564,0.9058779838758784,0.7715651247394942,89.98870854161183,0.37110326103162045,1.3786788107671564,0.7715651247394942,0.10491917987963996,"Metabolic proteins, Predicted intracellular proteins, Predicted membrane proteins, Transporters",,Tissue enhanced,intestine: 43.1,False,True,False,False,False
C1orf112,126.72722082040548,131.9258560061063,0.43598130841121496,0.4309587321512631,48.16266403346474,47.8041699742982,47.91676173960663,70.70426821082401,0.10787134637876604,0.0929923736543976,1.3774310204953046,1.4455454306636537,1.3846652138123006,0.89049085370657,129.3265384132559,0.43347002028123904,1.3774310204953046,0.89049085370657,0.10787134637876604,Predicted intracellular proteins,"Nucleoplasm,Nucleoli",Tissue enhanced,parathyroid gland: 12.7,False,False,False,False,False
ENSG00000285783,44.25354432925598,46.17002665470868,0.16113707165109034,0.1618546995135729,16.441256574586806,14.847527334176121,22.056922070612575,21.032282315878028,0.07657416494895859,0.05878664752723645,1.3755268063649126,1.5736126597124545,0.972830854107223,1.098251465082645,45.211785491982326,0.16149588558233163,1.3755268063649126,0.972830854107223,0.07657416494895859,,,,,False,False,False,False,False
MSH5,71.54450826425354,72.5203323115494,0.309190031152648,0.3031539306449082,23.50077917158453,27.358394628875345,41.07151006251996,40.27458315806431,0.13079092990147034,0.11018356996530952,1.5660387736789425,1.3743674238159054,0.7860228027551287,0.832889642528214,72.03242028790146,0.30617198089877806,1.3743674238159054,0.7860228027551287,0.13079092990147034,"Disease related genes, Human disease related genes, Plasma proteins, Predicted intracellular proteins",Nucleoli fibrillar center,Tissue enhanced,testis: 11.3,False,False,False,False,False
H2BC4,65.2810083447459,67.67938557255728,0.2028816199376947,0.1963753334379413,23.31500226113722,25.50853876428947,35.747425424785895,90.39406442143324,0.0932004243961509,0.10362747622257477,1.4467488249641929,1.3734199861756142,0.8509523744131043,-0.41222334004458205,66.48019695865159,0.19962847668781802,1.3734199861756142,-0.41222334004458205,0.10362747622257477,"Essential proteins, Plasma proteins, Predicted intracellular proteins","Nucleoplasm,Cytosol",Low tissue specificity,,False,False,False,False,False
NRG2,95.06458959464955,99.0047362160076,0.33107476635514016,0.31798211203514826,36.087164854389684,32.956642640122084,57.80434749539847,67.57180063186345,0.08141884491808804,0.060750884355788404,1.3730847520515608,1.5583025985697738,0.7080819169559048,0.5443810158883525,97.03466290532857,0.3245284391951442,1.3730847520515608,0.5443810158883525,0.08141884491808804,"Cancer-related genes, Predicted membrane proteins, Predicted secreted proteins","Nucleoplasm,Nucleoli",Tissue enhanced,brain: 11.6,False,True,False,False,True
FAHD2A,51.61635239790169,51.212120765127054,0.23839563862928348,0.2309744233485015,19.320798686520085,17.96307405347865,31.94450782640442,31.32467578960558,0.12384213607897393,0.10642159578215253,1.372554131106539,1.461191904979273,0.6754732640431981,0.6917488594787958,51.41423658151437,0.23468503098889248,1.372554131106539,0.6754732640431981,0.12384213607897393,Predicted intracellular proteins,,Tissue enhanced,liver: 107.6,False,False,False,False,False
SRGAP3,221.30606960497076,220.80617452699192,0.6047507788161994,0.5922642397614938,84.94649230203183,83.00011181891898,139.9473676204384,114.11131894784889,0.07690890023626246,0.06745928105005937,1.3710366727780288,1.4008363735801805,0.6573908047796616,0.9462698257677552,221.05612206598136,0.5985075092888466,1.3710366727780288,0.6573908047796616,0.07690890023626246,"Disease related genes, Predicted intracellular proteins","Centrosome,Basal body,Cytosol",Tissue enhanced,brain: 35.0,False,False,False,False,False
LYRM4,166.5196192886244,166.71094143808838,0.5161214953271028,0.4954495528008787,63.76792451103865,63.33322315332175,114.84811147112065,99.34397178989198,0.0830188467833702,0.07280756559644645,1.370978649908099,1.3823409372439461,0.5320955427456411,0.7410228644551199,166.6152803633564,0.5057855240639908,1.370978649908099,0.5320955427456411,0.0830188467833702,"Disease related genes, Essential proteins, Human disease related genes, Predicted intracellular proteins",Nuclear bodies,Low tissue specificity,,False,False,False,False,False
TLE1,292.5182288939035,284.8514975891146,0.7137071651090343,0.6769182488623882,111.37325781316146,109.62830018545779,162.00428969105099,202.26790652716744,0.09938976720795269,0.09673239070393869,1.3851513554320465,1.3695453553380614,0.8485401728797917,0.4918833990671952,288.68486324150905,0.6953127069857112,1.3695453553380614,0.4918833990671952,0.09938976720795269,Predicted intracellular proteins,Nucleoplasm,Low tissue specificity,,False,False,False,False,False
RNF185,170.66119882723763,169.31244744186807,0.5727414330218068,0.5543699984308803,58.61261524612584,64.93967693046211,93.55177292018438,116.79629115838651,0.10537309724662146,0.09361873722697979,1.5258744070275116,1.3689651558680835,0.8603875636444002,0.5318897632445913,169.98682313455285,0.5635557157263436,1.3689651558680835,0.5318897632445913,0.10537309724662146,"Enzymes, Metabolic proteins, Predicted membrane proteins",,Low tissue specificity,,False,True,False,True,False
SOX13,73.50025415748755,72.21190634202911,0.3220404984423676,0.3006433390867723,27.86653656709628,26.044023356669587,44.11384414122515,36.69462021068082,0.13464552979584332,0.10674519849935402,1.3678473252204173,1.4367684926586115,0.7236751242970205,0.9577196546633198,72.85608024975832,0.31134191876456996,1.3678473252204173,0.7236751242970205,0.13464552979584332,"Disease related genes, Plasma proteins, Predicted intracellular proteins, Transcription factors",Nucleoplasm,Low tissue specificity,,False,False,False,False,False
PARPBP,76.33800310061142,78.75590082576359,0.27702492211838003,0.2715361682096344,28.98119802978013,27.845198803766365,36.50800894446219,59.06938863182766,0.09836519860750254,0.09704839701354517,1.3671194802936502,1.4672600555441426,1.043978832153315,0.4089612815415955,77.5469519631875,0.27428054516400724,1.3671194802936502,0.4089612815415955,0.09836519860750254,Predicted intracellular proteins,Nucleoplasm,Tissue enhanced,bone marrow: 8.8;lymphoid tissue: 7.0,False,False,False,False,False
NR6A1,139.13917678334818,135.30513184606755,0.44088785046728973,0.4179350384434332,52.2033118356937,51.893325043382774,84.42477068406882,93.5265320003938,0.10046270152456044,0.07718974636023654,1.3972723670857594,1.3656823044262043,0.7141339516020702,0.5280486487790258,137.22215431470786,0.4294114444553615,1.3656823044262043,0.5280486487790258,0.10046270152456044,"Nuclear receptors, Predicted intracellular proteins, Transcription factors","Nucleoplasm,Centrosome,Cytosol",Tissue enriched,testis: 21.4,False,False,False,False,False
FGGY,338.24177830630924,333.75712849522057,0.7363707165109035,0.704220932057116,130.64761227206972,127.20193089902362,195.469964556808,197.34545747451514,0.07878190942453897,0.06720453454672254,1.3656324965582562,1.38469678627732,0.788005075012551,0.7550994202572747,335.9994534007649,0.7202958242840097,1.3656324965582562,0.7550994202572747,0.07878190942453897,"Disease related genes, Enzymes, Metabolic proteins, Potential drug targets, Predicted intracellular proteins","Nucleoplasm,Nuclear bodies",Tissue enhanced,liver: 70.7,False,False,False,True,False
SVOPL,24.52991090925541,24.151094395913542,0.12609034267912772,0.11941001098383806,6.687968776103107,8.762475148038368,6.845251677086661,21.032282315878028,0.1177369956475739,0.13036469507278134,1.7315141213584044,1.3653023014181267,1.7022968682715023,0.1910022261569349,24.340502652584476,0.1227501768314829,1.3653023014181267,0.1910022261569349,0.13036469507278134,"Predicted membrane proteins, Transporters",,Tissue enhanced,choroid plexus: 8.6;salivary gland: 5.0,False,True,False,False,False
SCN8A,27.239833323409734,29.635712723469698,0.12858255451713396,0.13235524870547624,9.985508936542834,10.076846420244122,45.635011180577735,35.352134105412006,0.09188752793430398,0.0769312393875435,1.3621298651176714,1.467667210873806,-0.7236818896933169,-0.24682564692777223,28.437773023439718,0.1304689016113051,1.3621298651176714,-0.7236818896933169,0.09188752793430398,"Disease related genes, FDA approved drug targets, Human disease related genes, Metabolic proteins, Plasma proteins, Predicted intracellular proteins, Predicted membrane proteins, Transporters, Voltage-gated ion channels","Vesicles,Plasma membrane,Cell Junctions",Group enriched,brain: 16.9;pituitary gland: 6.3;retina: 7.3,True,True,False,False,False
LTBP1,168.8971927274579,174.16680400562194,0.44898753894080995,0.4461007374862702,65.11480711178164,64.5502335905493,114.08752795144434,105.16141157939015,0.09233795437051004,0.09163275895636724,1.36161669467134,1.4180565679439838,0.5619305176343518,0.7224699358073237,171.53199836653994,0.4475441382135401,1.36161669467134,0.5619305176343518,0.09233795437051004,"Disease related genes, Human disease related genes, Plasma proteins, Potential drug targets, Predicted intracellular proteins, Predicted secreted proteins, Transporters",,Tissue enhanced,blood vessel: 382.8,False,False,False,False,True
LYPLAL1-DT,49.77565038074026,47.779205626118795,0.2042834890965732,0.18813745488780795,18.76346795517816,17.330228626120327,27.381006708346643,27.297217473799144,0.08277791654615065,0.06998590811156076,1.3613006908157965,1.412041483714662,0.8392110495613561,0.7856060671749991,48.77742800342953,0.19621047199219058,1.3613006908157965,0.7856060671749991,0.08277791654615065,,,,,False,False,False,False,False
OXA1L-DT,65.2810083447459,67.71961504684252,0.29439252336448596,0.28934567707516085,24.150998358150108,25.75194085173498,54.762013416693286,45.644527579139556,0.0843522828395543,0.07791491464081562,1.3979798823704672,1.3610783920668343,0.24931289670813575,0.5590141234204229,66.50031169579421,0.2918691002198234,1.3610783920668343,0.24931289670813575,0.0843522828395543,,,,,False,False,False,False,False
PARD3,1146.4761383278362,1148.0821469773116,0.9491433021806853,0.9339400596265495,444.7963678384685,446.6915108800003,1617.0005628318045,1209.5799808471984,0.07738648334905976,0.06844542520744072,1.3640073859409323,1.359905071551743,-0.49574795639265357,-0.07521645995585415,1147.279142652574,0.9415416809036175,1.359905071551743,-0.49574795639265357,0.07738648334905976,"Disease related genes, Plasma proteins, Predicted intracellular proteins","Plasma membrane,Cell Junctions",Low tissue specificity,,False,True,False,False,False
ENSG00000205740,21.577118090058956,20.47680241119377,0.11775700934579439,0.10693550917935038,7.802630238786959,6.523175943539673,8.366418716439252,13.872356421111041,0.11064859611498455,0.06044237518725701,1.3588547689565507,1.513365476653468,1.269291902784209,0.5301459621830209,21.026960250626363,0.11234625926257238,1.3588547689565507,0.5301459621830209,0.11064859611498455,,,,,False,False,False,False,False
ENSG00000225313,22.932079297136116,21.656866990227858,0.11822429906542056,0.10991683665463675,7.941962921622441,7.8375472157454285,12.929919834497026,14.319851789533978,0.127619727931808,0.07018288505530283,1.4202822795890426,1.3582304550798465,0.7807587929985201,0.5645460378081777,22.294473143681987,0.11407056786002866,1.3582304550798465,0.5645460378081777,0.127619727931808,,,,,False,False,False,False,False
MTMR3,453.42626356076494,458.0393843871288,0.8381619937694704,0.8217479993723521,176.30228801449582,177.14803924284232,255.55606261123535,278.3421191590667,0.09800467524561689,0.08755740456709901,1.3578350640415664,1.3655413336650357,0.824772099903065,0.7165848190959492,455.7328239739469,0.8299549965709112,1.3578350640415664,0.7165848190959492,0.09800467524561689,"Enzymes, Plasma proteins, Predicted intracellular proteins","Nucleoplasm,Cytosol",Tissue enhanced,bone marrow: 77.1,False,False,False,True,False
ATP13A4,32.32732917639757,32.07630083010839,0.1263239875389408,0.11933155499764632,11.703945358180437,11.926702284829998,28.902173747699234,32.66716189487439,0.12269166389198635,0.09815502333866184,1.3914290934050042,1.3554436182406941,0.15645534034181646,-0.02554421250517717,32.201815003252975,0.12282777126829356,1.3554436182406941,-0.02554421250517717,0.12269166389198635,"Disease related genes, Potential drug targets, Predicted membrane proteins, Transporters",,Tissue enhanced,epididymis: 61.0;parathyroid gland: 54.9;thyroid gland: 48.9,False,True,False,False,False
FSIP2-AS1,83.52185402869978,81.10262015907003,0.30101246105919005,0.2856582457241488,31.16407672753601,31.106786775536204,54.762013416693286,47.4345090528313,0.06131958001865798,0.06077427384660642,1.3938741372504035,1.3545499753925911,0.6000417598557501,0.761392945639694,82.3122370938849,0.2933353533916694,1.3545499753925911,0.6000417598557501,0.06131958001865798,,,,,False,False,False,False,False
CHAF1B,26.012698645302116,27.20853444159277,0.13037383177570094,0.12921700925780638,9.56751088803639,9.882124750287714,12.929919834497026,19.242300842186282,0.1687590603756734,0.12848414319266752,1.3540021775549893,1.3741714411237218,0.9554508210023092,0.4787584301079608,26.610616543447442,0.12979542051675366,1.3540021775549893,0.4787584301079608,0.1687590603756734,"Essential proteins, Plasma proteins, Predicted intracellular proteins",Nucleoplasm,Tissue enhanced,skeletal muscle: 14.6,False,False,False,False,False
WDR31,31.138542456980815,29.796630620610713,0.15771028037383178,0.14490820649615566,10.728616578332067,11.050454770026162,21.29633855093628,21.47977768430097,0.08532935594247897,0.08088809881341688,1.4542716479115798,1.3536849249347775,0.5274976877600405,0.45414475006332783,30.467586538795764,0.15130924343499372,1.3536849249347775,0.45414475006332783,0.08532935594247897,Predicted intracellular proteins,"Nuclear bodies,Cytosol",Tissue enhanced,parathyroid gland: 10.4;retina: 16.6,False,False,False,False,False
IMMP1L,283.2635881965086,287.89552781003215,0.7137850467289719,0.6936293739212301,110.53726171614858,111.52683646753276,141.468534659791,149.4634530532609,0.09203342266936765,0.09208938055789907,1.3497035558110206,1.3602787606430367,0.9965859901355392,0.9411347658073373,285.57955800327034,0.703707210325101,1.3497035558110206,0.9411347658073373,0.09208938055789907,"Enzymes, Predicted intracellular proteins",Mitochondria,Low tissue specificity,,False,False,False,True,False
SYCP2,84.64672748363175,87.12363147709623,0.27274143302180687,0.27192844814059314,31.07118827231235,33.5894880674804,68.45251677086661,66.67680989501758,0.09553373980875025,0.10043795998992629,1.4171203145584261,1.3491952864814745,0.30237114823447964,0.3808673828760245,85.88517948036399,0.2723349405812,1.3491952864814745,0.30237114823447964,0.10043795998992629,"Disease related genes, Human disease related genes, Predicted intracellular proteins",Nucleoplasm,Group enriched,breast: 13.0;testis: 40.2,False,False,False,False,False
ST3GAL4,120.61711273566131,121.72097936241379,0.4371495327102804,0.4301741722893457,46.49067183943897,47.22000496442897,65.41018269216141,68.46679136870934,0.14909243549593507,0.13628772022590213,1.356630173663152,1.3476781966979636,0.8728698721004041,0.8209865345566106,121.16904604903755,0.43366185249981304,1.3476781966979636,0.8209865345566106,0.14909243549593507,"Enzymes, Metabolic proteins, Predicted intracellular proteins, Predicted membrane proteins",,Low tissue specificity,,False,True,False,True,False
ABHD17B,147.62685830692587,150.12298820780242,0.503582554517134,0.49827396830378157,53.039307932706585,58.41650098692244,73.77660140860067,94.42152273723967,0.09546921793062152,0.08605945105821076,1.4596137446693318,1.346787580960118,0.991036040937322,0.6633365198807702,148.87492325736415,0.5009282614104578,1.346787580960118,0.6633365198807702,0.09546921793062152,"Enzymes, Predicted intracellular proteins",,Low tissue specificity,,False,False,False,True,False
TRIM44,647.8376314705438,655.3917754058182,0.8964953271028038,0.8803546210575867,254.1428134919181,252.89476885588508,314.8815771459864,332.0415633698191,0.10075142280219197,0.08892222699004992,1.3465524893550092,1.370326491392232,1.0384736971828537,0.9788549260523035,651.614703438181,0.8884249740801953,1.3465524893550092,0.9788549260523035,0.10075142280219197,"Disease related genes, Human disease related genes, Predicted intracellular proteins","Vesicles,Plasma membrane",Low tissue specificity,,False,True,False,False,False
XKR9,68.97519503196571,69.86518700872269,0.2866822429906542,0.27977404675976775,26.519653966353292,23.65868289970359,59.32551453475106,43.407050737024875,0.07815967692284953,0.07148185537096859,1.3463812731966156,1.5229813252495277,0.21407528714321936,0.6742883091106668,69.42019102034419,0.283228144875211,1.3463812731966156,0.21407528714321936,0.07815967692284953,"Predicted membrane proteins, Transporters",Mitochondria,Tissue enhanced,intestine: 5.0;testis: 6.9,False,True,False,False,False
SELENOO,200.4064321184504,199.39068438247554,0.6281152647975078,0.6032480778283383,76.72586401473842,77.83998756507417,106.48169275468139,113.21632821100302,0.11452024289664994,0.09768241437102095,1.3736431039814385,1.3458159891789936,0.9060188100189694,0.8110465319598528,199.89855825046297,0.6156816713129231,1.3458159891789936,0.8110465319598528,0.11452024289664994,"Enzymes, Predicted intracellular proteins","Mitotic chromosome,Mitochondria",Tissue enhanced,liver: 26.5,False,False,False,True,False
F5,61.36951655827787,64.13919183545501,0.23870716510903428,0.2325435430723364,23.547223399196355,22.24695079251963,25.099256149317757,28.19220821064502,0.11043522560020605,0.11340968127309584,1.3452812295211023,1.4864843244924648,1.256832386907827,1.1579424747563147,62.754354196866444,0.23562535409068536,1.3452812295211023,1.1579424747563147,0.11340968127309584,"Candidate cardiovascular disease genes, Disease related genes, FDA approved drug targets, Human disease related genes, Plasma proteins, Predicted secreted proteins",Golgi apparatus,Group enriched,choroid plexus: 77.1;liver: 164.8;placenta: 44.1,True,False,False,False,True
USP49,120.98780966967298,123.45084675667965,0.45062305295950156,0.4422563941628746,47.04800257078089,45.321468682353995,73.77660140860067,75.62671726347632,0.11139715178967143,0.08055642995073997,1.344188623118088,1.425823144683772,0.7060781780207844,0.6996566401894276,122.21932821317631,0.4464397235611881,1.344188623118088,0.6996566401894276,0.11139715178967143,"Enzymes, Metabolic proteins, Plasma proteins, Predicted intracellular proteins",,Tissue enhanced,retina: 8.3,False,False,False,True,False
SPIRE2,30.12871287812142,28.334959721579853,0.15809968847352024,0.14122077514514358,10.078397391766488,10.563650595135142,17.4934209525548,25.059740631684463,0.1457041526790392,0.1318058401099454,1.490496729666063,1.3430240887031364,0.7512338026939125,0.17079828604470015,29.231836299850634,0.1496602318093319,1.3430240887031364,0.17079828604470015,0.1457041526790392,Predicted intracellular proteins,"Nucleoplasm,Vesicles,Intermediate filaments,Primary cilium",Tissue enhanced,brain: 24.9;pituitary gland: 21.0,False,False,False,False,False
CENPP,268.013883290442,267.15052890360334,0.5097352024922118,0.49074219362937394,100.96975082811218,104.71157801905849,117.89044554982583,133.35361979003517,0.08347693562284249,0.06437214035921289,1.399539387058776,1.342909702972941,1.1780478496814788,0.9970079076165537,267.58220609702266,0.5002386980607929,1.342909702972941,0.9970079076165537,0.08347693562284249,Predicted intracellular proteins,"Nucleoplasm,Nucleoli",Tissue enhanced,skin 1: 20.3,False,False,False,False,False
ERRFI1-DT,34.142465887765084,30.78895765298029,0.15358255451713396,0.1361995920288718,8.777959018635329,11.537258944917182,15.211670393525914,29.982189684336767,0.09586756543144398,0.08462819265628227,1.8456101625338264,1.3423037495986718,1.116182677644804,0.03708660082180617,32.465711770372685,0.14489107327300288,1.3423037495986718,0.03708660082180617,0.09586756543144398,,,,,False,False,False,False,False
RAD9A,129.06644630054814,121.69415971289028,0.4838006230529595,0.4433547779695591,50.29909850360879,47.17132454693987,69.21310029054291,78.31168947401395,0.11814884775079983,0.09617182006669073,1.3422434547299105,1.3488200790505134,0.8894366955648885,0.6294611573042972,125.3803030067192,0.4635777005112593,1.3422434547299105,0.6294611573042972,0.11814884775079983,"Enzymes, Essential proteins, Metabolic proteins, Predicted intracellular proteins","Nucleoplasm,Nuclear bodies",Low tissue specificity,,False,False,False,True,False
ENSG00000227486,407.71549680125617,386.56501840699593,0.7269470404984424,0.6922171661697788,157.58526428692946,151.93158298348746,324.00857938210197,258.6523229484575,0.07234678024418269,0.06465194268682907,1.3658382231082509,1.3415519804394367,0.33061914338019355,0.5778572266879942,397.1402576041261,0.7095821033341105,1.3415519804394367,0.33061914338019355,0.07234678024418269,,,,,False,False,False,False,False
STK32A,42.04214537808288,41.35589956524007,0.1619158878504673,0.15189078926722108,14.676375925337375,15.723774848979957,19.014587991907394,22.374768421146843,0.06045145007296169,0.06667991772868208,1.4571579140562116,1.3406624044194,1.104698071297024,0.8576108581603071,41.69902247166148,0.1569033385588442,1.3406624044194,0.8576108581603071,0.06667991772868208,"Enzymes, Predicted intracellular proteins",Centrosome,Tissue enhanced,adrenal gland: 10.6;brain: 11.3;thyroid gland: 8.1,False,False,False,True,False
CA13,44.26632698215293,43.82330732140226,0.21713395638629285,0.20320100423662327,16.905698850705075,16.453981111316487,44.87442766090144,41.16957389491019,0.08699096915880039,0.08522207471001057,1.3380194201727122,1.3606929621236004,-0.019251911083737264,0.08804665922444593,44.04481715177759,0.21016748031145804,1.3380194201727122,-0.019251911083737264,0.08699096915880039,"Enzymes, FDA approved drug targets, Metabolic proteins, Predicted intracellular proteins","Nucleoplasm,Nucleoli,Vesicles",Tissue enhanced,intestine: 13.8,True,False,False,True,False
ZNF93,54.33905746495297,52.419004993684645,0.23956386292834891,0.2237564726188608,20.89990242532221,19.37480616066261,35.747425424785895,44.749536842293686,0.12188885651816331,0.12426856634613975,1.337373630234196,1.390566769865739,0.5906548958804709,0.22359596597878764,53.37903122931881,0.23166016777360487,1.337373630234196,0.22359596597878764,0.12426856634613975,"Predicted intracellular proteins, Transcription factors",,Low tissue specificity,,False,False,False,False,False
ELAPOR1,417.21300790369327,409.68355629625466,0.8158878504672897,0.7987603954181705,148.43575144739953,161.71634689879696,248.7108109341487,301.6118783170594,0.13816931894874163,0.14522147260001805,1.4847125915297472,1.3356679880843154,0.7439796531503997,0.4405585649308487,413.448282099974,0.8073241229427301,1.3356679880843154,0.4405585649308487,0.14522147260001805,"Predicted intracellular proteins, Predicted membrane proteins",Plasma membrane,Tissue enhanced,pancreas: 147.7;salivary gland: 156.2;stomach 1: 83.2,False,True,False,False,False
LCA5L,20.70789769306606,20.06109784357949,0.11066978193146418,0.10434646163502276,7.6168533283396505,6.912619283452489,12.929919834497026,15.66233789480279,0.11715267129880445,0.10174239667919713,1.3329869821597926,1.412353392545796,0.6400330591700459,0.3379898014865555,20.384497768322774,0.10750812178324347,1.3329869821597926,0.3379898014865555,0.11715267129880445,Predicted intracellular proteins,"Nucleoplasm,Nuclear speckles,Cytosol,Flagellar centriole,Mid piece,Principal piece,End piece",Tissue enriched,testis: 103.2,False,False,False,False,False
ZNF239,30.755062870072184,32.947939439622196,0.1555295950155763,0.15879491605209478,11.611056902956784,11.585939362406284,17.4934209525548,23.71725452641565,0.1339722389986328,0.11796511033322996,1.3322974367765401,1.431511111616767,0.7799745041383946,0.45780550439414147,31.851501154847192,0.15716225553383556,1.3322974367765401,0.45780550439414147,0.1339722389986328,"Predicted intracellular proteins, Transcription factors","Nucleoplasm,Nuclear bodies",Low tissue specificity,,False,False,False,False,False
NIPAL3,190.11639653640216,188.50190667593375,0.5684579439252336,0.554448454417072,74.91453913787717,73.16666748612036,108.00285979403398,121.27124484261589,0.1010714807854945,0.09422504696186842,1.3320034355292012,1.353369512866629,0.8100855714408194,0.6321272064210027,189.30915160616797,0.5614531991711529,1.3320034355292012,0.6321272064210027,0.1010714807854945,"Predicted intracellular proteins, Predicted membrane proteins, Transporters",Nucleoplasm,Tissue enhanced,brain: 59.6,False,True,False,False,False
BCL2L14,66.06075017146011,63.3480121745117,0.2869158878504673,0.2666718970657461,24.197442585761937,24.583610831996527,31.183924306728123,36.69462021068082,0.11483397070587145,0.08980429464573088,1.412191307018553,1.3306756833191826,1.0591283718419524,0.7715369454501619,64.7043811729859,0.2767938924581067,1.3306756833191826,0.7715369454501619,0.11483397070587145,Predicted intracellular proteins,"Vesicles,Cytosol",Tissue enhanced,intestine: 14.5;stomach 1: 8.8;testis: 29.6,False,False,False,False,False
CNNM2,209.8400299564027,199.2968156091433,0.5347352024922118,0.49976463204142474,78.63007734682333,78.71623507987799,131.58094890399914,124.85120778999936,0.08514855808685036,0.07691891469250989,1.4047634380984617,1.3291940050306956,0.6692753185370252,0.6704204227846882,204.56842278277298,0.5172499172668183,1.3291940050306956,0.6692753185370252,0.08514855808685036,"Disease related genes, Human disease related genes, Potential drug targets, Predicted membrane proteins, Transporters",Vesicles,Tissue enhanced,choroid plexus: 22.2;parathyroid gland: 29.6,False,True,False,False,False
LINC02608,166.67301112338785,161.78953575052577,0.5269470404984423,0.4937235211046603,64.13947833193328,63.91738816319098,63.128432133132534,89.49907368458737,0.08386659299753359,0.06441983600126784,1.3640464183259076,1.3263311030519898,1.3866144489526477,0.8470330344380297,164.23127343695683,0.5103352808015513,1.3263311030519898,0.8470330344380297,0.08386659299753359,,,,,False,False,False,False,False
RAB38,20.91242013941733,20.89250697880805,0.10755451713395639,0.10262042993880433,7.3381879626686874,7.7401863807672235,20.53575503125998,15.214842526379853,0.0920689872239993,0.09457571705623126,1.3939430336248344,1.3247012214317773,0.025014928511958856,0.43312215861191306,20.90246355911269,0.10508747353638036,1.3247012214317773,0.025014928511958856,0.09457571705623126,Predicted intracellular proteins,,Tissue enhanced,esophagus: 47.9;skin 1: 43.2,False,False,False,False,False
TBX19,53.725490125899164,52.40559516892289,0.24369158878504674,0.22924839165228306,20.89990242532221,18.498558645858775,32.70509134608071,25.507236000107397,0.09461090615749274,0.06587919337229836,1.321288528421871,1.45362341496758,0.6992464351831428,1.010604654019951,53.06554264741103,0.23646999021866488,1.321288528421871,0.6992464351831428,0.09461090615749274,"Disease related genes, Human disease related genes, Predicted intracellular proteins, Transcription factors",Nuclear speckles,Tissue enriched,pituitary gland: 48.1,False,False,False,False,False
BDNF-AS,137.7330849646832,141.366372638379,0.4651869158878505,0.4553585438568963,54.57196744389688,51.69860337342636,91.27002236115547,63.544342316057026,0.07464842403209203,0.07219058311140147,1.3198826587470112,1.4337717847201938,0.588377970124249,1.1412458720294325,139.5497288015311,0.4602727298723734,1.3198826587470112,0.588377970124249,0.07464842403209203,,,,,False,False,False,False,False
MYEF2,81.57889078836271,84.8841907418838,0.3457165109034268,0.34104817197552173,32.092961279772545,31.885673455361832,42.59267710187256,49.22449052652305,0.10620681352915744,0.10359934674463371,1.3192486450750367,1.3849333745289414,0.9216872353392044,0.7740015651595559,83.23154076512326,0.34338234143947427,1.3192486450750367,0.7740015651595559,0.10620681352915744,Predicted intracellular proteins,"Nucleoplasm,Cytosol",Low tissue specificity,,False,False,False,False,False
HOOK1,92.63588554422822,95.70591932461686,0.38909657320872276,0.3827867566295308,36.55160713050795,32.56719930020927,45.635011180577735,72.9417450529387,0.11473012892279774,0.10867396692389047,1.3181868889581971,1.5265520291870625,1.0056480790782947,0.3872151070299147,94.17090243442254,0.3859416649191268,1.3181868889581971,0.3872151070299147,0.11473012892279774,Predicted intracellular proteins,,Tissue enhanced,retina: 46.7,False,False,False,False,False
SPATA22,31.202455721465586,31.204662220594564,0.1454828660436137,0.13878863957319942,10.449951212661105,11.926702284829998,7.605835196762957,16.557328631648662,0.08392044810074129,0.07445486802125122,1.4918292596394858,1.3169152823312753,1.903783592961968,0.8751962064430259,31.203558971030077,0.14213575280840657,1.3169152823312753,0.8751962064430259,0.08392044810074129,Predicted intracellular proteins,,Tissue enriched,testis: 215.0,False,False,False,False,False
PPARGC1A,74.90634597615254,74.31724882962402,0.2871495327102804,0.2759297034363722,24.75477331710386,29.256930910950324,27.381006708346643,72.9417450529387,0.07659762662686337,0.06895268549254556,1.5593806617863195,1.31571464620794,1.4192947394669886,0.026591210425194998,74.61179740288827,0.2815396180733263,1.31571464620794,0.026591210425194998,0.07659762662686337,"Cancer-related genes, Predicted intracellular proteins","Nucleoplasm,Cytosol",Tissue enhanced,liver: 41.7,False,False,False,False,False
NFXL1,189.2343934865123,187.56321894261117,0.5880841121495327,0.5690412678487369,75.47186986921909,73.45874999105497,114.08752795144434,107.39888842150484,0.08974002246206718,0.08601415805256449,1.3147770462706823,1.340534990375023,0.7250466053652671,0.7986983293807217,188.39880621456172,0.5785626899991347,1.3147770462706823,0.7250466053652671,0.08974002246206718,"Predicted membrane proteins, Transcription factors",Nucleoplasm,Low tissue specificity,,False,True,False,False,False
EPB41L5,171.86276819955134,170.47910219614042,0.543613707165109,0.5207123803546211,68.55167995505684,65.42648110535315,125.49628074658877,125.29870315842231,0.09074461815526583,0.07603822806856368,1.3134699023924001,1.368202373016594,0.45053220231560925,0.44119294331224834,171.1709351978459,0.532163043759865,1.3134699023924001,0.44119294331224834,0.09074461815526583,Predicted intracellular proteins,Plasma membrane,Low tissue specificity,,False,True,False,False,False
L3MBTL4,486.2265508943498,480.7288078840115,0.8162772585669782,0.7918562686332967,192.88287727191806,192.92049450931137,398.5457643103789,356.65380863308064,0.0803850023896839,0.06942286389456996,1.3294073557807649,1.3127559182792061,0.2862319933930382,0.42965739639264705,483.47767938918065,0.8040667636001375,1.3127559182792061,0.2862319933930382,0.0803850023896839,Predicted intracellular proteins,"Nucleoplasm,Vesicles",Low tissue specificity,,False,False,False,False,False
TMEM63A,194.1429321989428,191.17046180352222,0.6193146417445483,0.5939902714577122,77.56186011175132,76.03881211797737,91.27002236115547,97.10649494777729,0.11880997234129476,0.10063330567258122,1.312630217441121,1.3187292357740534,1.080597299921582,0.9699660434293667,192.6566970012325,0.6066524566011302,1.312630217441121,0.9699660434293667,0.11880997234129476,"Disease related genes, Human disease related genes, Potential drug targets, Predicted intracellular proteins, Predicted membrane proteins, Transporters","Vesicles,Centriolar satellite",Tissue enhanced,brain: 153.0,False,True,False,False,False
AUTS2,1893.9673317830363,1865.185935936708,0.959190031152648,0.944923897693394,752.7680411324942,751.1875222743336,1130.9876937586516,1357.2534524267674,0.07998518042875308,0.06704304834133099,1.3299804444651249,1.3109284556905687,0.7433147031211967,0.4583400210370726,1879.5766338598721,0.952056964423021,1.3109284556905687,0.4583400210370726,0.07998518042875308,"Disease related genes, Human disease related genes, Plasma proteins, Predicted intracellular proteins","Nucleoplasm,Plasma membrane,Cell Junctions,Cytosol",Low tissue specificity,,False,True,False,False,False
QSER1,336.337163024663,329.29165684955746,0.756619937694704,0.7279146398870234,128.1860682086429,132.26469431789022,161.24370617137467,169.1532492638701,0.09102064925758437,0.09323897455445286,1.3847407686886126,1.3094459083864534,1.0560287491367608,0.9569058262621951,332.8144099371102,0.7422672887908637,1.3094459083864534,0.9569058262621951,0.09323897455445286,Predicted intracellular proteins,"Nucleoplasm,Cytosol",Low tissue specificity,,False,False,False,False,False
CGN,31.125759804083856,29.944138692989974,0.15989096573208722,0.1498509336262357,10.728616578332067,11.48857852742808,18.254004472231095,25.954731368530336,0.20042076239795473,0.150102292805406,1.453697722122667,1.3090568900301345,0.7385720452327994,0.19912763445561615,30.534949248536915,0.15487094967916146,1.3090568900301345,0.19912763445561615,0.20042076239795473,"Plasma proteins, Predicted intracellular proteins","Plasma membrane,Cell Junctions",Tissue enhanced,intestine: 53.1,False,True,False,False,False
BDH1,69.38423992466825,68.91308945063837,0.306619937694704,0.29444531617762437,27.44853851858984,24.340208744551017,22.817505590288867,30.429685052759705,0.14374296073139972,0.09610078282633029,1.3068978850697863,1.4641341799112417,1.5632300966852948,1.153434773495854,69.14866468765331,0.3005326269361642,1.3068978850697863,1.153434773495854,0.14374296073139972,"Candidate cardiovascular disease genes, Enzymes, Metabolic proteins, Predicted intracellular proteins","Nucleoplasm,Mitochondria",Tissue enriched,liver: 302.0,False,False,False,True,False
ENSG00000279317,36.73734442584682,33.390463656759984,0.17718068535825546,0.15793190020398556,14.25837787683093,10.855733100069754,25.859839668994052,15.66233789480279,0.11425267973369836,0.09104044928860568,1.3063913072259803,1.536423691875347,0.49054221107022566,1.0454177269651321,35.0639040413034,0.1675562927811205,1.3063913072259803,0.49054221107022566,0.11425267973369836,,,,,False,False,False,False,False
KDM4D,20.36276606484829,20.610900658811282,0.10654205607476636,0.10277734191118783,7.523964873115996,7.7401863807672235,13.690503354173321,11.187384210573422,0.06997011845126336,0.09060043596366772,1.3255019072498084,1.3060232493771797,0.5402146310897397,0.8263706871771687,20.486833361829788,0.10465969899297708,1.3060232493771797,0.5402146310897397,0.09060043596366772,"Enzymes, Predicted intracellular proteins",Nucleoplasm,Tissue enriched,testis: 31.1,False,False,False,True,False
WWTR1,570.8093651134967,563.6417543859178,0.8411993769470405,0.818688215910874,230.31692472705075,221.15513665299056,334.65674865757006,294.0044570538695,0.08385475527102873,0.07754778957541338,1.3056634214070046,1.3457683181922202,0.7685475993849564,0.9365990663085076,567.2255597497073,0.8299437964289573,1.3056634214070046,0.7685475993849564,0.08385475527102873,"Cancer-related genes, Predicted intracellular proteins","Nucleoplasm,Nuclear bodies,Cytosol",Low tissue specificity,,False,False,False,False,False
TMEM87B,308.57324093247814,310.7458692040558,0.7365264797507788,0.7152047701239604,120.42988219746776,125.15735336448135,150.59553689590655,180.78812884286648,0.1044515413532837,0.09586885787513726,1.350157280001282,1.3051461442337746,1.0300534924378968,0.7781124522088484,309.65955506826697,0.7258656249373696,1.3051461442337746,0.7781124522088484,0.1044515413532837,"Disease related genes, Potential drug targets, Predicted membrane proteins, Transporters","Golgi apparatus,Vesicles",Low tissue specificity,,False,True,False,False,False
C1orf159,70.7136358259515,67.11617293256373,0.30794392523364483,0.2810293425388357,28.052313477543592,25.11909542437665,43.353260621548856,46.0920229475625,0.11108992072337825,0.08573289633664402,1.3035944108858581,1.3828924470349653,0.6932072950954685,0.5325146820189244,68.91490437925762,0.2944866338862403,1.3035944108858581,0.5325146820189244,0.11108992072337825,"Predicted intracellular proteins, Predicted membrane proteins","Nucleoli rim,Mitotic chromosome,Intermediate filaments",Tissue enhanced,testis: 22.4,False,True,False,False,False
DNAH11,26.089394562683843,26.323486007317204,0.12242990654205607,0.11556566766044249,9.242401294753599,10.076846420244122,22.817505590288867,38.9320970527955,0.09298742160904616,0.07918750090222072,1.4031741604911419,1.3025943541078469,0.1857058227139039,-0.5474072792986262,26.206440285000525,0.11899778710124928,1.3025943541078469,-0.5474072792986262,0.09298742160904616,"Disease related genes, Human disease related genes, Predicted intracellular proteins",,Tissue enriched,parathyroid gland: 66.9,False,False,False,False,False
TFAP2B,40.853358658666124,41.08770307000505,0.19462616822429907,0.18578377530205556,14.537043242501893,16.06453777140367,42.59267710187256,45.19703221071662,0.12253587110638409,0.10252237838808716,1.4296314215705668,1.3023974404030116,-0.05874240364674419,-0.13440139605288665,40.970530864335586,0.1902049717631773,1.3023974404030116,-0.13440139605288665,0.12253587110638409,"Cancer-related genes, Disease related genes, Human disease related genes, Plasma proteins, Predicted intracellular proteins, Transcription factors",Nucleoplasm,Tissue enhanced,epididymis: 31.4;retina: 13.7,False,False,False,False,False
GVQW3,39.805181121115865,38.88849180907789,0.2016355140186916,0.18837282284638318,15.55881624996209,14.312042741795999,22.817505590288867,22.374768421146843,0.10931669576189022,0.1021783288850713,1.3011528041850384,1.3813058138434184,0.7767300183825798,0.771020503920607,39.34683646509688,0.19500416843253737,1.3011528041850384,0.771020503920607,0.10931669576189022,Predicted intracellular proteins,"Nucleoplasm,Endoplasmic reticulum,Centrosome,Cytosol",Tissue enhanced,retina: 13.2,False,False,False,False,False
ZNF552,47.80712183460929,46.277305252802684,0.22258566978193148,0.20673152361525185,18.80991218278999,18.060434888456857,28.14159022802294,30.429685052759705,0.09746314671077008,0.10791668110192591,1.3008691934511023,1.3105667694728003,0.7440120722298762,0.5890199906438702,47.042213543705984,0.21465859669859166,1.3008691934511023,0.5890199906438702,0.10791668110192591,"Predicted intracellular proteins, Transcription factors",Nucleoplasm,Low tissue specificity,,False,False,False,False,False
ARHGEF10L,94.47658756138965,91.37454592657127,0.37601246105919,0.3558763533657618,37.75915704841546,34.27101391232784,53.240846377340695,56.38441642129004,0.10760374471111947,0.0898246170483264,1.300609809114781,1.3890123190565915,0.8157673132804396,0.6868363624883187,92.92556674398045,0.3659444072124759,1.300609809114781,0.6868363624883187,0.10760374471111947,Predicted intracellular proteins,"Golgi apparatus,Vesicles,Cytosol",Low tissue specificity,,False,False,False,False,False
NFIB,2103.500578069912,2119.9994260595004,0.9809190031152648,0.9705005491919033,853.7377919606064,843.2908721637147,1686.2136631223475,1584.1336042171963,0.08280024256277049,0.0756386140621984,1.2999240887525652,1.3289322085009085,0.31883522266988795,0.420139786314839,2111.750002064706,0.975709776153584,1.2999240887525652,0.31883522266988795,0.08280024256277049,"Cancer-related genes, Disease related genes, Predicted intracellular proteins, Transcription factors","Nucleoplasm,Nucleoli fibrillar center",Low tissue specificity,,False,False,False,False,False
ENSG00000286415,21.347030337913775,22.86375121878545,0.10903426791277258,0.10787698101365134,8.081295604457923,6.766578030985183,19.014587991907394,16.557328631648662,0.08658674764941578,0.05888070616328004,1.2991130838435734,1.619469853103445,0.15903120905550056,0.4427474888600013,22.105390778349612,0.10845562446321197,1.2991130838435734,0.15903120905550056,0.08658674764941578,,,,,False,False,False,False,False
INTS7,135.73899111275833,138.69781751079054,0.4674454828660436,0.46343951043464615,54.61841167150871,55.64171719004362,61.607265093779944,79.20668021085982,0.09446855525339133,0.09424442526666355,1.2977902355137292,1.302372572848207,1.1270227002890119,0.8005151765940703,137.21840431177444,0.4654424966503449,1.2977902355137292,0.8005151765940703,0.09446855525339133,"Essential proteins, Predicted intracellular proteins",Nuclear bodies,Low tissue specificity,,False,False,False,False,False
MYO5C,53.61044624982657,51.48031726036207,0.25070093457943926,0.2328573670171034,21.225012018605,18.936682403260694,32.70509134608071,38.9320970527955,0.0969687959861349,0.0856216572431651,1.296992746637302,1.3963510858918893,0.6962104106838248,0.3942276037701591,52.545381755094326,0.24177915079827134,1.296992746637302,0.3942276037701591,0.0969687959861349,Predicted intracellular proteins,"Nucleoplasm,Cytosol",Low tissue specificity,,False,False,False,False,False
ACBD6,631.0284429110487,632.782810857506,0.8892523364485981,0.8716460065903029,256.325692189674,254.45254221553637,329.33266401983605,347.7039012646219,0.08055131843372806,0.07415302970073588,1.2963939774839734,1.3109332389545727,0.9360698513299489,0.8619860272588932,631.9056268842774,0.8804491715194505,1.2963939774839734,0.8619860272588932,0.08055131843372806,Predicted intracellular proteins,"Nucleoplasm,Cytosol",Low tissue specificity,,False,False,False,False,False
ZDHHC13,154.0309674083,152.04059314873277,0.4853582554517134,0.47607092421151737,62.1423765446247,59.390109336704484,67.69193325119032,82.78664315824331,0.08949991865435636,0.0971131773904866,1.2958759556088646,1.3415301802437805,1.1743438292971784,0.8691221901086661,153.03578027851637,0.4807145898316154,1.2958759556088646,0.8691221901086661,0.0971131773904866,"Enzymes, Metabolic proteins, Predicted membrane proteins, Transporters","Golgi apparatus,Vesicles",Low tissue specificity,,False,True,False,True,False
H2AC6,214.95309111518444,214.0744424965929,0.567367601246106,0.5523301427898949,86.99003831695222,84.70392643103754,145.27145225817247,170.49573536913894,0.11698148858622297,0.11502097354684841,1.2953058620018816,1.327402891653677,0.5620697404540508,0.3266633971470615,214.51376680588868,0.5598488720180004,1.2953058620018816,0.3266633971470615,0.11698148858622297,"Cancer-related genes, Essential proteins, Predicted intracellular proteins",Nucleoplasm,Low tissue specificity,,False,False,False,False,False
MTMR12,220.75641553040174,215.79090006609704,0.6460280373831776,0.6183116271771536,83.59960970128884,87.33266897544905,108.00285979403398,133.80111515845812,0.1119874488815439,0.10243384097943231,1.3902529304340343,1.2952851915768189,1.0246098570810567,0.6854717684965904,218.2736577982494,0.6321698322801657,1.2952851915768189,0.6854717684965904,0.1119874488815439,"Metabolic proteins, Predicted intracellular proteins",,Low tissue specificity,,False,False,False,False,False
FANCD2,67.73527770096113,70.02610490586369,0.2498442367601246,0.24650870861446728,26.240988600682332,27.99124005623367,41.07151006251996,35.352134105412006,0.12052263059775102,0.1203096772811563,1.3352716770348845,1.2927323258294507,0.7082071367332071,0.9663093074744995,68.88069130341242,0.24817647268729592,1.2927323258294507,0.7082071367332071,0.12052263059775102,"Cancer-related genes, Disease related genes, Human disease related genes, Predicted intracellular proteins","Nucleoplasm,Nucleoli,Nuclear bodies,Cytosol",Tissue enhanced,bone marrow: 12.8;lymphoid tissue: 10.0,False,False,False,False,False
MYO5B,52.677312588348904,50.64890812513351,0.22492211838006232,0.21693080182017888,20.621237059651246,20.105012422999142,34.9868419051096,55.04193031602123,0.10234157162720117,0.09903089380519896,1.3118633740180323,1.2911521718597174,0.5768429419621376,-0.11776879864653546,51.66311035674121,0.2209264601001206,1.2911521718597174,-0.11776879864653546,0.10234157162720117,"Disease related genes, Human disease related genes, Metabolic proteins, Plasma proteins, Predicted intracellular proteins",Plasma membrane,Tissue enhanced,intestine: 58.3,False,True,False,False,False
KIF14,51.87200545584078,54.24274116128278,0.14742990654205607,0.14451592656519693,20.621237059651246,20.54313618040106,28.902173747699234,34.0096480001432,0.1313977366605615,0.11928983609594065,1.2900549804746957,1.3585566202603325,0.8222536843492685,0.6580323518764342,53.05737330856178,0.14597291655362649,1.2900549804746957,0.6580323518764342,0.1313977366605615,"Disease related genes, Essential proteins, Human disease related genes, Plasma proteins, Predicted intracellular proteins","Plasma membrane,Midbody ring,Cytosol,Calyx,Connecting piece,Mid piece,Principal piece,End piece",Tissue enhanced,bone marrow: 6.2;lymphoid tissue: 10.2,False,True,False,False,False
CDK6,535.7721135229449,539.4638403404808,0.8198598130841122,0.7983681154872116,213.13256051067472,220.18152830320852,319.4450782640442,313.69425326447873,0.0892666316592503,0.08066110807274263,1.3258055370102355,1.2889671921298653,0.7442326107604473,0.7802472645267404,537.6179769317129,0.809113964285662,1.2889671921298653,0.7442326107604473,0.0892666316592503,"Cancer-related genes, Disease related genes, Enzymes, FDA approved drug targets, Human disease related genes, Plasma proteins, Predicted intracellular proteins","Nucleoplasm,Cytosol",Tissue enhanced,lymphoid tissue: 38.3,True,False,False,True,False
PTPRK,904.845650616708,898.4448492125549,0.9004672897196262,0.8831790365604896,364.4478540700075,367.24506953778575,744.6112657630935,808.6241307402469,0.07775202364301119,0.07015916617830198,1.3095996846586808,1.2883686141815571,0.28084158821284344,0.15178253320645105,901.6452499146314,0.8918231631400579,1.2883686141815571,0.15178253320645105,0.07775202364301119,"Cancer-related genes, Enzymes, Plasma proteins, Predicted intracellular proteins, Predicted membrane proteins","Vesicles,Plasma membrane,Cell Junctions,Connecting piece,Flagellar centriole",Low tissue specificity,,False,True,False,True,False
FRMD3,194.01510566997322,191.3313797006632,0.5232866043613708,0.5029028714890946,77.56186011175132,77.83998756507417,110.28461035306287,115.45380505311769,0.09765111693825763,0.07751099407848383,1.3116848840729092,1.286594709902001,0.809331783076567,0.7238363843983142,192.6732426853182,0.5130947379252326,1.286594709902001,0.7238363843983142,0.09765111693825763,"Predicted intracellular proteins, Predicted membrane proteins","Golgi apparatus,Plasma membrane",Tissue enhanced,heart muscle: 79.6;skeletal muscle: 76.1;tongue: 69.7,False,True,False,False,False
CATSPERE,79.9554938704495,74.58544532485904,0.3234423676012461,0.2955436999843088,31.674963231266105,29.987137173286854,41.07151006251996,43.407050737024875,0.07753989755028784,0.08238746776622202,1.3089433766710015,1.2864389829711023,0.9442853879059763,0.7673196980314273,77.27046959765427,0.3094930337927775,1.2864389829711023,0.7673196980314273,0.08238746776622202,"Predicted membrane proteins, Transporters","Mid piece,Principal piece,End piece,Annulus",Tissue enriched,testis: 20.1,False,True,False,False,False
AACS,71.10989806575708,70.73682561823651,0.3116822429906542,0.2997803232386631,27.7272038842608,28.42936381363559,31.94450782640442,57.27940715813591,0.1380885856196586,0.11695215143616429,1.3277797252796406,1.2854575516067863,1.1301593287836282,0.29972770510911534,70.9233618419968,0.3057312831146587,1.2854575516067863,0.29972770510911534,0.1380885856196586,"Enzymes, Metabolic proteins, Predicted membrane proteins",Vesicles,Low tissue specificity,,False,True,False,True,False
KANSL1L,517.544050491888,508.6882925122623,0.8483644859813084,0.8166483602698886,197.0164135293707,208.15746518340032,263.1618978079983,286.3970357906796,0.08258921064972029,0.07661988870103101,1.3888465317938667,1.285025723941944,0.9730441615758544,0.8265700331330036,513.1161715020752,0.8325064231255985,1.285025723941944,0.8265700331330036,0.08258921064972029,"Predicted intracellular proteins, Predicted membrane proteins",Cytosol,Tissue enriched,parathyroid gland: 187.0,False,True,False,False,False
RRM2,42.55345149396105,44.73517540520132,0.13894080996884736,0.14318217479993722,15.280150884291128,17.768352383522245,19.014587991907394,27.744712842222082,0.17736541404204703,0.13833259429097944,1.4196729825079173,1.2850021782305965,1.1217351354670735,0.6700075657602278,43.64431344958118,0.1410614923843923,1.2850021782305965,0.6700075657602278,0.17736541404204703,"Enzymes, Essential proteins, FDA approved drug targets, Metabolic proteins, Plasma proteins, Predicted membrane proteins","Nucleoplasm,Cytosol",Tissue enhanced,bone marrow: 41.5;lymphoid tissue: 54.1,True,True,False,True,False
NEK8,23.3283415369417,21.589817866419104,0.12694704049844235,0.11454573983994978,8.777959018635329,8.275670973147346,14.451086873849617,12.977365684265168,0.15351355910309092,0.12169288804864241,1.3150327112560924,1.284149088159883,0.6549296500926177,0.6925801574153009,22.459079701680402,0.12074639016919607,1.284149088159883,0.6549296500926177,0.15351355910309092,"Disease related genes, Enzymes, Human disease related genes, Potential drug targets, Predicted intracellular proteins","Nuclear speckles,Microtubules,Mitotic spindle,Primary cilium",Low tissue specificity,,False,False,False,True,False
ASMTL-AS1,25.296870083072672,24.566798963527827,0.1308411214953271,0.12294053036246666,9.799732026095525,9.249279322929388,13.690503354173321,14.767347157956914,0.2526905232374415,0.19356389348709277,1.2838955814705875,1.3187490719975463,0.8400072675680447,0.6973315939373802,24.93183452330025,0.1268908259288969,1.2838955814705875,0.6973315939373802,0.2526905232374415,,,,,False,False,False,False,False
MBOAT2,146.5275501577878,144.53109128215223,0.42725856697819314,0.4159736387886396,58.56617101851401,58.85462474432436,101.91819163662362,99.79146715831492,0.10301831341637868,0.09419656485622156,1.3084192678557987,1.2817927753567506,0.5194863839628673,0.5299538958353324,145.52932071997003,0.42161610288341633,1.2817927753567506,0.5194863839628673,0.10301831341637868,"Enzymes, Metabolic proteins, Predicted membrane proteins",Vesicles,Low tissue specificity,,False,True,False,True,False
TBC1D22B,95.95937529743635,96.71165618174818,0.37741433021806853,0.3685862231288247,36.36583022006065,39.18773607872714,50.95909581831181,65.78181915817171,0.11035523471980097,0.086214677909628,1.375660826196195,1.2817753664587543,0.9000040781396268,0.5490752804761334,96.33551573959227,0.3730002766734466,1.2817753664587543,0.5490752804761334,0.11035523471980097,Predicted intracellular proteins,"Nucleoplasm,Cytosol",Low tissue specificity,,False,False,False,False,False
ENSG00000232006,53.90444726645652,52.52628359177865,0.2220404984423676,0.21363565040012553,18.252581451448062,21.02994035529208,80.62185308568733,64.88682842132584,0.07643756391527402,0.06614120682114684,1.5118711122017483,1.2807818986656303,-0.5720324524854637,-0.2997425940638325,53.21536542911758,0.21783807442124656,1.2807818986656303,-0.5720324524854637,0.07643756391527402,,,,,False,False,False,False,False
C6orf141,40.418748460169674,44.07809399187552,0.19042056074766356,0.19865055703750195,16.02325852608036,17.573630713565837,20.53575503125998,33.56215263172026,0.13052249364003424,0.11527147677539004,1.2827767421232499,1.2791706600262303,0.943550056136612,0.38323344069425846,42.2484212260226,0.19453555889258276,1.2791706600262303,0.38323344069425846,0.13052249364003424,Predicted intracellular proteins,Nuclear membrane,Tissue enhanced,brain: 8.0,False,False,False,False,False
PTK2,869.3226582160719,860.0659307444237,0.9302959501557633,0.9148752549819551,357.7598852939044,344.6086754053533,500.4639559470026,548.1818263180976,0.08974413970047221,0.07889456454007636,1.2785317718081022,1.3169842749901626,0.7954043492316055,0.648839823012971,864.6942944802478,0.9225856025688592,1.2785317718081022,0.648839823012971,0.08974413970047221,"Cancer-related genes, Disease related genes, Enzymes, Essential proteins, Plasma proteins, Potential drug targets, Predicted intracellular proteins","Vesicles,Focal adhesion sites,Primary cilium,Primary cilium tip,Cytosol",Low tissue specificity,,False,False,False,True,False
CCDC14,553.2076520743907,576.126301239108,0.858177570093458,0.8426957476855484,226.88005188377554,236.92759191945962,333.8961651378938,345.46642442250726,0.09828656901660408,0.09674688103324597,1.2821519907896322,1.2783644925899749,0.7267127745997134,0.736171530529766,564.6669766567493,0.8504366588895031,1.2783644925899749,0.7267127745997134,0.09828656901660408,Predicted intracellular proteins,"Microtubules,Primary cilium,Centriolar satellite,Basal body",Low tissue specificity,,False,False,False,False,False
ZNRF3,103.55227111822725,102.38401205596885,0.3526479750778816,0.340655892044563,42.12491444392721,40.30738568097649,95.07293995953695,83.68163389508918,0.09631363916183651,0.07846904848871962,1.27763090124348,1.3235414346901098,0.12202235915856952,0.2878920847080795,102.96814158709805,0.34665193356122226,1.27763090124348,0.12202235915856952,0.09631363916183651,"Enzymes, Predicted membrane proteins",Golgi apparatus,Low tissue specificity,,False,True,False,True,False
ANGPTL1,108.25628738430645,108.63299039494483,0.3652647975077882,0.35407186568335164,44.075572003623954,44.00709741014824,36.50800894446219,59.06938863182766,0.10884687237721015,0.10193826736699203,1.2772986005403888,1.284457563824947,1.5424457181792435,0.8679801088894933,108.44463888962564,0.3596683315955699,1.2772986005403888,0.8679801088894933,0.10884687237721015,Predicted secreted proteins,,Tissue enhanced,placenta: 125.3,False,False,False,False,True
LINC00665,84.74898870680738,85.42058373235385,0.3655763239875389,0.34857994664992936,34.41517266036391,33.930250989904124,66.17076621183772,59.06938863182766,0.11631965295084915,0.10676171996638688,1.2757520808441398,1.3068979665228633,0.3522861710331217,0.5247449950968341,85.08478621958062,0.3570781353187341,1.2757520808441398,0.3522861710331217,0.11631965295084915,,,,,False,False,False,False,False
RECQL5,45.83859328847832,43.7026188985465,0.23115264797507787,0.21355719441393378,18.345469906671717,16.7460636162511,22.817505590288867,19.68979621060922,0.14281219591042213,0.10384070533091502,1.2757019751240153,1.3328603086326114,0.9756754202621877,1.1114399189545454,44.77060609351241,0.22235492119450584,1.2757019751240153,0.9756754202621877,0.14281219591042213,"Enzymes, Plasma proteins, Predicted intracellular proteins","Nucleoplasm,Cytosol",Low tissue specificity,,False,False,False,True,False
CCDC15,42.55345149396105,44.654716456630815,0.18021806853582553,0.1804487682410168,16.998587305928734,17.03814612118571,27.381006708346643,27.297217473799144,0.08325315352994044,0.10211293636424691,1.2749033779877146,1.3397128359961505,0.6178612886291438,0.6901037118299248,43.604083975295936,0.18033341838842115,1.2749033779877146,0.6178612886291438,0.10211293636424691,Predicted intracellular proteins,"Plasma membrane,Cytosol",Tissue enhanced,testis: 9.8,False,True,False,False,False
POLA1,278.0099178558603,278.4416013529977,0.6362149532710281,0.6233328102934254,114.3456883803184,106.31803179619885,158.2013720926695,156.6233789480279,0.083799753712419,0.07135358162365314,1.2743523287643435,1.3806543142533243,0.8094636359352678,0.8260652818320592,278.22575960442896,0.6297738817822267,1.2743523287643435,0.8094636359352678,0.083799753712419,"Disease related genes, Enzymes, Essential proteins, FDA approved drug targets, Human disease related genes, Metabolic proteins, Predicted intracellular proteins","Nucleoplasm,Cytosol",Low tissue specificity,,True,False,False,True,False
FGD5,88.34091417085156,86.1447142694884,0.33138629283489096,0.31476541660128665,35.9478321715542,29.40297216341763,24.33867262964146,33.114657263297325,0.09764135243540929,0.084691426673211,1.273831296865662,1.5192007939163572,1.8179800662802452,1.3530214386936483,87.24281422016998,0.3230758547180888,1.273831296865662,1.3530214386936483,0.09764135243540929,Predicted intracellular proteins,Plasma membrane,Low tissue specificity,,False,True,False,False,False
BCL9,75.99287147239365,76.74442711150095,0.32601246105919,0.32316020712380356,30.467413313358602,31.155467193025302,32.70509134608071,46.0920229475625,0.09881193710412198,0.09647978718262423,1.2908662864126894,1.2736752126268898,1.1917583422243854,0.7232565651568392,76.36864929194729,0.3245863340914968,1.2736752126268898,0.7232565651568392,0.09881193710412198,"Cancer-related genes, Disease related genes, Predicted intracellular proteins","Nucleoplasm,Nuclear bodies,Cytosol",Low tissue specificity,,False,False,False,False,False
GDPD1,45.659636147920956,44.453569085204556,0.21269470404984422,0.20390710811234897,18.29902567905989,17.768352383522245,20.53575503125998,25.059740631684463,0.08349306521135401,0.08303689330718979,1.2736470430698164,1.2760915756089508,1.1154411526929096,0.802570856463189,45.056602616562756,0.20830090608109658,1.2736470430698164,0.802570856463189,0.08349306521135401,Predicted membrane proteins,,Tissue enhanced,brain: 11.2,False,True,False,False,False
ENDOV,54.2751442004682,53.65270887176574,0.2651869158878505,0.2538835713164915,20.992790880545865,21.614105365161304,27.381006708346643,32.66716189487439,0.1284178060330748,0.107651178601448,1.3296001902066192,1.2730700823661392,0.9617051192850893,0.698950896450907,53.96392653611697,0.25953524360217095,1.2730700823661392,0.698950896450907,0.1284178060330748,Predicted intracellular proteins,,Low tissue specificity,,False,False,False,False,False
PPP1R12B,643.1591805102585,637.2751021526925,0.8911214953271028,0.8638004079711282,265.6145377120394,258.39565603215357,399.30634783005524,394.6909149490303,0.07891228045862031,0.06957570133617388,1.2726617934792843,1.299024052507945,0.6863127486547932,0.6898044307576523,640.2171413314754,0.8774609516491155,1.2726617934792843,0.6863127486547932,0.07891228045862031,"Plasma proteins, Predicted intracellular proteins","Plasma membrane,Actin filaments",Tissue enhanced,heart muscle: 334.5,False,True,False,False,False
NUF2,65.42161752661241,70.44180947347797,0.217601246105919,0.21810764161305507,26.10165591784685,28.575405066102896,21.29633855093628,40.27458315806431,0.13125965014051275,0.11251001106299703,1.29327185307851,1.2723706934897738,1.5748460425550492,0.7915149763193974,67.93171350004519,0.21785444385948705,1.2723706934897738,0.7915149763193974,0.13125965014051275,"Essential proteins, Plasma proteins, Predicted intracellular proteins","Nucleoplasm,Kinetochore,Cytosol",Group enriched,bone marrow: 26.8;lymphoid tissue: 24.2;testis: 50.0,False,False,False,False,False
GTF2IRD1,63.78543795580224,61.135391088822786,0.27702492211838003,0.25725717872273657,25.4978809588931,24.729652084463837,57.80434749539847,52.356958105483606,0.09659309858017659,0.07423050201216322,1.2897925783932476,1.2719832839659857,0.1397467503997748,0.21973881265815057,62.46041452231251,0.2671410504205583,1.2719832839659857,0.1397467503997748,0.09659309858017659,"Disease related genes, Human disease related genes, Predicted intracellular proteins","Nucleoplasm,Cytosol",Tissue enhanced,skeletal muscle: 65.9,False,False,False,False,False
PRR14L,509.7466322247458,483.73260863064365,0.8658099688473521,0.8375176525968931,196.4590827980288,200.02783546272028,266.2042318867035,333.3840494750879,0.10749745733944165,0.1125773377340788,1.3710540551474015,1.2697938588183493,0.934664929217587,0.5356831070965637,496.7396204276947,0.8516638107221226,1.2697938588183493,0.5356831070965637,0.1125773377340788,Predicted intracellular proteins,Nucleoplasm,Low tissue specificity,,False,False,False,False,False
MAMDC2-AS1,31.074629192496037,31.67400608725585,0.14758566978193147,0.14341754275851248,12.30772031713419,12.024063119808204,28.14159022802294,25.954731368530336,0.08426565767746175,0.07472265737698218,1.2691691356158785,1.326963754642925,0.13835298073643065,0.2776048195437968,31.374317639875944,0.14550160627022196,1.2691691356158785,0.13835298073643065,0.08426565767746175,,,,,False,False,False,False,False
KCNMB2-AS1,47.19355449555548,44.453569085204556,0.10700934579439253,0.10246351796642084,17.695250720106138,17.865713218500446,30.423340787051828,19.68979621060922,0.07425169307670705,0.07033713315432548,1.3661683912120897,1.2686269392527982,0.6170036407958388,1.135474146456553,45.82356179038002,0.10473643188040668,1.2686269392527982,0.6170036407958388,0.07425169307670705,,,,,False,False,False,False,False
PTPRG-AS1,34.85829444999453,36.79655914624473,0.1528816199376947,0.1532245410324808,13.886824055936314,13.971279819372285,17.4934209525548,26.40222673695327,0.1016317374775107,0.06904106125377316,1.2682708668003344,1.3360573475949111,0.9552947478086485,0.46396176996830807,35.82742679811963,0.15305308048508776,1.2682708668003344,0.46396176996830807,0.1016317374775107,,,,,False,False,False,False,False
ENSG00000286548,24.402084380285867,22.51509577497992,0.1146417445482866,0.1044249176212145,8.034851376846094,8.762475148038368,4.563501118057774,13.872356421111041,0.07574639527214476,0.05786370766492678,1.491374108803604,1.2682683324236994,2.190881919288998,0.6609539577170517,23.45859007763289,0.10953333108475055,1.2682683324236994,0.6609539577170517,0.07574639527214476,,,,,False,False,False,False,False
PDE1A,95.10293755334041,90.71746451324549,0.3073208722741433,0.2918562686332967,38.92026273871114,34.75781808721885,24.33867262964146,27.297217473799144,0.15143467419039008,0.10507573173040625,1.2674593142243602,1.3589377656980632,1.9232395795036261,1.696536276106845,92.91020103329295,0.29958857045372,1.2674593142243602,1.696536276106845,0.15143467419039008,"Enzymes, Metabolic proteins, Predicted intracellular proteins",Nucleoplasm,Tissue enhanced,thyroid gland: 40.1,False,False,False,True,False
KCNQ1OT1,357.90149846182504,352.2358670169134,0.6562305295950156,0.6301584810921074,148.11064185411672,138.30106608653887,185.58237880101615,182.57811031655822,0.08177070320713724,0.064418635297798,1.2672047218387492,1.3424255403329075,0.9437752048849518,0.9442377960300897,355.06868273936925,0.6431945053435615,1.2672047218387492,0.9437752048849518,0.08177070320713724,,,,,False,False,False,False,False
KLF5,89.26126517943227,89.73854730563767,0.36697819314641744,0.35258120194570847,33.53273233573919,36.70503478678293,53.240846377340695,68.91428673713227,0.11130234764257031,0.12557903148765903,1.3861425115794144,1.266958382092211,0.7347273101974435,0.3761282674457251,89.49990624253496,0.359779697546063,1.266958382092211,0.3761282674457251,0.12557903148765903,"Cancer-related genes, Predicted intracellular proteins, Transcription factors","Nucleoplasm,Golgi apparatus,Vesicles",Tissue enhanced,esophagus: 226.7;skin 1: 221.8,False,False,False,False,False
CYP2J2,20.3883313706422,21.120473999757817,0.11074766355140186,0.10921073277891104,7.895518694010613,7.691505963278122,9.887585755791843,14.767347157956914,0.12465505911596929,0.1552394491066796,1.2656732977711282,1.3477042228557627,0.9741398515595393,0.4884423517224744,20.754402685200006,0.10997919816515644,1.2656732977711282,0.4884423517224744,0.1552394491066796,"Enzymes, Metabolic proteins, Predicted intracellular proteins",,Group enriched,heart muscle: 83.9;intestine: 78.5;liver: 136.7,False,False,False,True,False
CHKA,288.5044758842598,287.8284786862234,0.708411214953271,0.6814686960615095,118.52566886538284,119.16966201332178,124.73569722691249,150.8059391585297,0.11505417101539656,0.10870737902932258,1.2762651741486561,1.2651402801780982,1.2031913542447727,0.9279847650235746,288.1664772852416,0.6949399555073903,1.2651402801780982,0.9279847650235746,0.11505417101539656,"Enzymes, Essential proteins, Metabolic proteins, Predicted intracellular proteins",Endoplasmic reticulum,Low tissue specificity,,False,False,False,True,False
MCOLN3,24.632172132431045,26.430764605411213,0.12281931464174455,0.12388200219676761,8.499293652964367,10.417609342667836,12.16933631482073,23.71725452641565,0.11099496917478842,0.10022565660974356,1.4320635944411042,1.2645342304472809,0.9607731002817066,0.15027633191801662,25.53146836892113,0.12335065841925608,1.2645342304472809,0.15027633191801662,0.11099496917478842,"Predicted membrane proteins, Transporters, Voltage-gated ion channels",,Group enriched,adrenal gland: 41.3;epididymis: 13.3;parathyroid gland: 33.2,False,True,False,False,False
NMNAT3,94.42545694980183,92.97031507321965,0.37227414330218067,0.3578377530205555,38.73448582826383,36.364271864359225,43.353260621548856,39.37959242121844,0.07870745519968414,0.0679637748552789,1.2639825140744727,1.3305456778584577,1.105334022000674,1.2185787372988073,93.69788601151075,0.3650559481613681,1.2639825140744727,1.105334022000674,0.07870745519968414,"Enzymes, Metabolic proteins, Predicted intracellular proteins",Mitochondria,Low tissue specificity,,False,False,False,True,False
PANK1,40.329269889890995,38.3386889938461,0.19080996884735202,0.17668288090381296,14.44415478727824,15.383011926556245,22.056922070612575,24.16474989483859,0.08116078201818917,0.11157265674696383,1.4201029590216256,1.263748266075111,0.8419639410587757,0.6445446196012448,39.33397944186855,0.1837464248755825,1.263748266075111,0.6445446196012448,0.11157265674696383,"Enzymes, Metabolic proteins, Predicted intracellular proteins",,Tissue enhanced,kidney: 42.5;liver: 103.0,False,False,False,True,False
COL9A3,45.22502594942451,49.60294179371693,0.19190031152647974,0.19410010983838066,18.29902567905989,18.839321568282486,28.902173747699234,34.457143368566136,0.28949945423107615,0.20004954709570744,1.2601461153650404,1.350858566484819,0.6284237641235185,0.5131449490900041,47.41398387157072,0.1930002106824302,1.2601461153650404,0.5131449490900041,0.28949945423107615,"Disease related genes, Human disease related genes, Predicted intracellular proteins, Predicted secreted proteins","Nucleoplasm,Intermediate filaments",Tissue enhanced,brain: 70.9,False,False,False,False,True
FOXK2,243.01101422399927,238.46691373821795,0.6648753894080996,0.6504785815157696,100.96975082811218,96.92271122080216,165.80720728943245,140.9610410532251,0.12043016775007288,0.10817256201734009,1.258805027583085,1.2901109297637248,0.5487646448608625,0.7543312784979591,240.7389639811086,0.6576769854619346,1.258805027583085,0.5487646448608625,0.12043016775007288,"Predicted intracellular proteins, Transcription factors","Nucleoplasm,Vesicles,Mitochondria",Low tissue specificity,,False,False,False,False,False
VPS37C,53.66157686141439,52.20444779749663,0.2597352024922118,0.24572414875254983,21.87523120517058,19.910290753042734,29.66275726737553,31.32467578960558,0.11051085715656639,0.10897392445580084,1.25674075379449,1.3473337350877441,0.8340396455451747,0.7189109573660574,52.93301232945551,0.2527296756223808,1.25674075379449,0.7189109573660574,0.11051085715656639,Predicted intracellular proteins,"Nucleoplasm,Golgi apparatus,Vesicles,Primary cilium",Low tissue specificity,,False,False,False,False,False
RNF213-AS1,72.0302490743378,69.52994138967891,0.3076323987538941,0.28730582143417543,24.476107951432898,28.526724648613794,41.07151006251996,66.22931452659465,0.11226697870692887,0.09368675522604829,1.5193492606769121,1.2562145112936003,0.7956505496450826,0.0691454009795507,70.78009523200836,0.29746911009403476,1.2562145112936003,0.0691454009795507,0.11226697870692887,,,,,False,False,False,False,False
CRACR2B,69.76771951157687,68.28282768683607,0.3029595015576324,0.2899733249646948,28.470311526050033,28.088600891211875,30.423340787051828,42.064564631756056,0.2759708008399833,0.2105112442463694,1.2638291181812202,1.2520439058533979,1.1712548596486416,0.6859965667742542,69.02527359920647,0.29646641326116363,1.2520439058533979,0.6859965667742542,0.2759708008399833,Predicted intracellular proteins,,Tissue enhanced,pancreas: 136.4;salivary gland: 210.1,False,False,False,False,False
LINC00685,32.787504680687924,32.96134926438395,0.16814641744548287,0.16546367487839322,13.190160641758906,11.585939362406284,17.4934209525548,20.584786947455093,0.0927825667429128,0.0856381304042824,1.2515988848929367,1.4320808801507519,0.8694776843787274,0.6538789246984208,32.874426972535936,0.16680504616193803,1.2515988848929367,0.6538789246984208,0.0927825667429128,,,,,False,False,False,False,False
PDSS1,51.24565546389002,51.8289727041676,0.2371495327102804,0.22901302369370782,20.94634665293404,20.689177432868366,26.620423188670348,30.877180421182643,0.09618349950912071,0.10389816714969467,1.2513302752007018,1.2843540164618148,0.9195756493918645,0.7288053292773924,51.53731408402881,0.2330812782019941,1.2513302752007018,0.7288053292773924,0.10389816714969467,"Disease related genes, Enzymes, Human disease related genes, Metabolic proteins, Potential drug targets, Predicted intracellular proteins",Cytosol,Tissue enhanced,intestine: 18.0,False,False,False,True,False
CDCA2,28.55644657179603,31.79469451011161,0.11853582554517134,0.12231288247293269,11.425279992509475,11.878021867340896,17.4934209525548,21.927273052723905,0.09978728620668087,0.10039023815481211,1.2501944696938003,1.3485514312529743,0.6764607094405803,0.5163976636962926,30.17557054095382,0.12042435400905202,1.2501944696938003,0.5163976636962926,0.10039023815481211,Predicted intracellular proteins,"Nucleoplasm,Cytosol",Group enriched,bone marrow: 6.1;lymphoid tissue: 10.6;testis: 18.2,False,False,False,False,False
BCL11A,251.7926967642069,256.4763083932495,0.6345015576323988,0.6165071394947435,100.3195316415466,107.24295972849178,219.04805366677314,197.7929528429381,0.08243151711856178,0.08567656867740686,1.319042471151041,1.250166496116631,0.20013617324714422,0.3731730745903024,254.1345025787282,0.6255043485635712,1.250166496116631,0.20013617324714422,0.08567656867740686,"Cancer-related genes, Disease related genes, Human disease related genes, Plasma proteins, Predicted intracellular proteins, Transcription factors","Nucleoplasm,Nuclear bodies",Tissue enhanced,brain: 49.4;lymphoid tissue: 38.2;skin 1: 44.7,False,False,False,False,False
CNTN3,100.54834768744297,104.61004296641951,0.3674454828660436,0.35744547308959673,41.61402794019711,43.42293240027902,37.268592464138486,56.831911789712976,0.08425494503346513,0.07783710835903417,1.252766436740995,1.2493704992020596,1.4079340213293172,0.8688093338279363,102.57919532693124,0.3624454779778202,1.2493704992020596,0.8688093338279363,0.08425494503346513,"Plasma proteins, Predicted intracellular proteins",,Low tissue specificity,,False,False,False,False,False
ENSG00000285756,61.70186553359868,62.00702969833661,0.28925233644859816,0.2781264710497411,22.618338846959816,25.50853876428947,35.747425424785895,45.644527579139556,0.12107405610566312,0.10015068208784547,1.408600868402666,1.2490556527531809,0.770865191076992,0.4338049677729986,61.85444761596764,0.2836894037491696,1.2490556527531809,0.4338049677729986,0.12107405610566312,,,,,False,False,False,False,False
OXR1-AS1,46.84842286733772,45.44589611757412,0.21059190031152647,0.197709085203201,15.37303933951478,18.547239063347877,45.635011180577735,42.512060000179,0.09370387117721565,0.08026818013406721,1.5471492175704475,1.2485862786657538,0.03705790951855914,0.09413580780002248,46.14715949245592,0.20415049275736374,1.2485862786657538,0.03705790951855914,0.09370387117721565,,,,,False,False,False,False,False
MTBP,101.85217828293231,101.15030817788775,0.3808411214953271,0.3683508551702495,42.35713558198635,37.289199796652156,63.128432133132534,59.964379368673534,0.0858229014140338,0.09745798971875268,1.2462309963522964,1.4156841417216433,0.6815363082223694,0.7446551090664473,101.50124323041004,0.3745959883327883,1.2462309963522964,0.6815363082223694,0.09745798971875268,"Essential proteins, Predicted intracellular proteins","Nucleoplasm,Nuclear bodies",Low tissue specificity,,False,False,False,False,False
NFIA,1885.2112145486226,1879.9501529993954,0.9723520249221184,0.9609289188765103,795.7289516734343,752.1611306241156,987.2374085398317,1123.2133747415714,0.07759914496834332,0.06891892744306402,1.2433303295778233,1.3204311646242428,0.9325616620425187,0.7425457327135296,1882.580683774009,0.9666404718993143,1.2433303295778233,0.7425457327135296,0.07759914496834332,"Disease related genes, Human disease related genes, Predicted intracellular proteins, Transcription factors",Nucleoplasm,Low tissue specificity,,False,False,False,False,False
ANKRD42-DT,128.58070549046386,130.86647984992797,0.4876947040498442,0.46798995763376744,52.34264451852918,54.71678925775069,66.17076621183772,73.38924042136163,0.07786552223004346,0.07831453694019622,1.2804896626419735,1.2428938529618037,0.9479455267316,0.8259120097974435,129.7235926701959,0.47784233084180583,1.2428938529618037,0.8259120097974435,0.07831453694019622,,,,,False,False,False,False,False
SERTAD4,55.37445234960627,57.00516506220348,0.25981308411214954,0.25670798681939433,22.107452343229717,23.512641647236283,30.423340787051828,37.589610947526694,0.11474193172320578,0.12265082405924366,1.2866833056655518,1.2426554034380994,0.843204943776706,0.5879688715484429,56.18980870590488,0.25826053546577193,1.2426554034380994,0.5879688715484429,0.12265082405924366,Predicted intracellular proteins,Nucleoplasm,Low tissue specificity,,False,False,False,False,False
EIF4ENIF1,150.2217368450076,144.14220636406145,0.5310747663551402,0.5043150792405461,58.89128061179681,60.363717686486524,88.2276882824503,92.63154126354793,0.11048215792280038,0.12292148537575626,1.3362476438084303,1.2420093108232608,0.7611021616148126,0.6324005948875064,147.1819716045345,0.5176949227978431,1.2420093108232608,0.6324005948875064,0.12292148537575626,"Plasma proteins, Predicted intracellular proteins","Vesicles,Cytosol",Low tissue specificity,,False,False,False,False,False
PSD4,44.56032799878289,42.67006239189167,0.21697819314641745,0.20524085987760865,18.29902567905989,16.06453777140367,31.183924306728123,26.40222673695327,0.12357633633436714,0.09159632165563676,1.239250119208162,1.355643255751811,0.5014378833509118,0.6723514592800598,43.61519519533728,0.21110952651201303,1.239250119208162,0.5014378833509118,0.12357633633436714,Predicted intracellular proteins,,Low tissue specificity,,False,False,False,False,False
ZFHX3-AS1,48.395123867869195,46.371174026134945,0.2058411214953271,0.18743135101208222,19.92457364547384,18.206476140924163,25.099256149317757,33.56215263172026,0.09866604872799468,0.07164273313533856,1.2391704034598747,1.3024165789747826,0.9203599411341871,0.4548163519187004,47.38314894700207,0.19663623625370466,1.2391704034598747,0.4548163519187004,0.09866604872799468,,,,,False,False,False,False,False
ZNF492,28.49253330731126,28.469057969197365,0.13613707165109035,0.13306135258120194,10.68217235072024,11.48857852742808,19.014587991907394,16.557328631648662,0.09460511814169943,0.11593092405205396,1.3360411756934834,1.2385916667541201,0.5592978326793596,0.7471275890773252,28.480795638254314,0.13459921211614614,1.2385916667541201,0.5592978326793596,0.11593092405205396,"Essential proteins, Predicted intracellular proteins, Transcription factors",,Tissue enhanced,bone marrow: 2.4;testis: 1.8,False,False,False,False,False
SPATA13,169.53632537230564,166.75117091237365,0.5442367601246106,0.5244782676918249,71.29188938415466,69.61299700941592,76.05835196762958,98.4489810530461,0.09494261143807205,0.07630579652764437,1.2381733739843497,1.2483171814363794,1.1460558388338975,0.7542943420511365,168.14374814233963,0.5343575139082177,1.2381733739843497,0.7542943420511365,0.09494261143807205,"Plasma proteins, Predicted intracellular proteins","Nucleoplasm,Cytosol",Tissue enhanced,lymphoid tissue: 61.5,False,False,False,False,False
ZNF66,158.6710704098944,158.329800961994,0.5304517133956387,0.5145928134316649,63.95370142148596,66.78953279504799,77.57951900698215,100.68645789516079,0.11551991433959288,0.10285547256861614,1.2976192995762899,1.2328817001297365,1.022877703397682,0.647888572099479,158.5004356859442,0.5225222634136517,1.2328817001297365,0.647888572099479,0.11551991433959288,"Predicted intracellular proteins, Predicted membrane proteins, Transcription factors",,Low tissue specificity,,False,True,False,False,False
DRG1,178.26687730092547,171.18982290851324,0.5902647975077882,0.5608818452847952,75.28609295877177,71.75493537893641,109.52402683338657,115.45380505311769,0.13003896111469185,0.12417482466558878,1.2326169684214037,1.2428828537183083,0.6977489182378266,0.5642420968885575,174.72835010471937,0.5755733213962917,1.2326169684214037,0.5642420968885575,0.13003896111469185,"Plasma proteins, Predicted intracellular proteins","Nucleoplasm,Nuclear bodies,Cytosol",Tissue enhanced,testis: 149.8,False,False,False,False,False
TUFT1,19.787546684485346,20.959556102616805,0.10926791277258567,0.10677859720696689,7.849074466398785,7.39942345834351,15.211670393525914,18.34731010534041,0.2101742275792505,0.16679099586559334,1.2321210282347597,1.3864866826293687,0.3586867547682679,0.18271589196921434,20.373551393551075,0.10802325498977627,1.2321210282347597,0.18271589196921434,0.2101742275792505,"Predicted intracellular proteins, Predicted secreted proteins",Vesicles,Tissue enhanced,skin 1: 105.2,False,False,False,False,True
PDGFC,485.06332948072696,490.89345505341873,0.7883177570093458,0.7722422720853601,202.8219419808491,208.64426935829133,338.45966625595156,348.5988920014678,0.07891064585863025,0.07072778025418176,1.2538349258039545,1.2304024646923868,0.5179041284182185,0.49264524678790106,487.9783922670729,0.780280014547353,1.2304024646923868,0.49264524678790106,0.07891064585863025,"Predicted secreted proteins, RAS pathway related proteins","Plasma membrane,Cytosol",Tissue enhanced,parathyroid gland: 19.1,False,True,False,False,True
PPFIA1,555.9431397943389,547.7645218680047,0.8761682242990654,0.8638788639573199,229.15581903675508,233.03315852033143,336.1779156969227,362.02375305415586,0.09835707973871852,0.09263894886771934,1.2749191267487998,1.2294742633079232,0.7240199989876105,0.5961232644865829,551.8538308311718,0.8700235441281927,1.2294742633079232,0.5961232644865829,0.09835707973871852,"Predicted intracellular proteins, Predicted membrane proteins","Focal adhesion sites,Cytosol",Low tissue specificity,,False,True,False,False,False
SRPK1,245.10736929909976,247.57218475144688,0.6356697819314642,0.615094931743292,104.03506985049279,102.9590829894508,134.62328298270432,182.57811031655822,0.10416092227825909,0.10998272950063438,1.228416752153877,1.257649054585057,0.8596829848113954,0.4372708243350479,246.33977702527332,0.6253823568373781,1.228416752153877,0.4372708243350479,0.10998272950063438,"Enzymes, Predicted intracellular proteins","Nucleoplasm,Plasma membrane,Cytosol",Low tissue specificity,,False,True,False,True,False
SCARA3,35.12673016083057,33.390463656759984,0.16510903426791276,0.15212615722579634,12.493497227581498,13.679197314437673,25.859839668994052,23.269759157992716,0.1534751152386085,0.14891616347921927,1.4208023693689094,1.22823548548607,0.4276159889028298,0.5028487746870639,34.258596908795276,0.15861759574685455,1.22823548548607,0.4276159889028298,0.1534751152386085,Predicted membrane proteins,Endoplasmic reticulum,Low tissue specificity,,False,True,False,False,False
CEP295,210.0701177085479,206.12241641287454,0.6139408099688474,0.5834771693080182,86.15404221993934,87.43002981042726,93.55177292018438,120.82374947419295,0.08890478106700071,0.0979685160448824,1.276082859854116,1.227875421380634,1.1585459281122281,0.7656882885020908,208.09626706071123,0.5987089896384328,1.227875421380634,0.7656882885020908,0.0979685160448824,Predicted intracellular proteins,,Low tissue specificity,,False,False,False,False,False
HELLS,96.49624671910843,93.84195368273346,0.27414330218068533,0.263612113604268,40.63869916034874,37.92204522401048,60.846681574103656,70.70426821082401,0.0822061777673423,0.0974123143191447,1.2274216830449498,1.2849378607717383,0.6566504924839872,0.4034663835157671,95.16910020092095,0.26887770789247667,1.2274216830449498,0.4034663835157671,0.0974123143191447,"Disease related genes, Human disease related genes, Predicted intracellular proteins","Nucleoplasm,Golgi apparatus,Vesicles",Tissue enhanced,lymphoid tissue: 10.5,False,False,False,False,False
KIAA1958,206.120277963389,204.87530271003172,0.5951713395638629,0.5663737643182175,81.92761750726307,86.99190605302535,109.52402683338657,115.00630968469476,0.0795859741766762,0.06708770078133901,1.3205442567822978,1.226328042754933,0.9061087751195728,0.8275674942961794,205.49779033671035,0.5807725519410403,1.226328042754933,0.8275674942961794,0.0795859741766762,Predicted intracellular proteins,"Plasma membrane,Cytosol",Low tissue specificity,,False,True,False,False,False
ARHGEF37,40.022486220364094,39.719900944306445,0.19890965732087226,0.19237407814216226,15.976814298468533,16.40530069382739,24.33867262964146,33.56215263172026,0.1144960632942643,0.08910626785175652,1.2728491684838226,1.2262073136373333,0.6950739801986887,0.23654097634479798,39.871193582335266,0.19564186773151726,1.2262073136373333,0.23654097634479798,0.1144960632942643,Predicted intracellular proteins,Cytosol,Tissue enhanced,brain: 58.1,False,False,False,False,False
EMSY,305.42870831982736,297.65788023658683,0.7425233644859813,0.702337988388514,120.75499179075055,126.7151267241326,160.48312265169838,158.41336042171963,0.09203662012377829,0.08666183134452218,1.3315705429769673,1.2255643789134498,0.9241680749872306,0.9057212419492665,301.5432942782071,0.7224306764372477,1.2255643789134498,0.9057212419492665,0.09203662012377829,"Plasma proteins, Predicted intracellular proteins","Nucleoplasm,Centrosome",Low tissue specificity,,False,False,False,False,False
WWP2,296.8259829201771,295.74027529565643,0.7358255451713396,0.7120665306762906,126.37474333178163,120.04590952812562,171.89187544684282,176.3131751586371,0.11117997302044069,0.09273030410882942,1.2253903836708258,1.293646423415444,0.7845995476461894,0.7429010120838802,296.2831291079168,0.7239460379238151,1.2253903836708258,0.7429010120838802,0.11117997302044069,"Enzymes, Metabolic proteins, Predicted intracellular proteins",,Tissue enhanced,blood vessel: 111.7,False,False,False,True,False
COPB2-DT,128.86192385419687,125.97189381188885,0.45794392523364486,0.433155499764632,54.57196744389688,51.45520128598085,102.67877515629992,82.33914778982037,0.08964876287975172,0.07549692417891293,1.2245492648008744,1.2753514429654247,0.32485790792726715,0.6074429283840873,127.41690883304287,0.44554971249913844,1.2245492648008744,0.32485790792726715,0.08964876287975172,,,,,False,False,False,False,False
RSKR,58.838551284680904,54.91323239937033,0.2794392523364486,0.25372665934410793,22.479006164124332,22.92847663736706,23.578089109965166,31.32467578960558,0.15968918790364953,0.1245553399607847,1.349703905092303,1.2244611977451358,1.2837024935815016,0.7905538508587414,56.87589184202562,0.26658295584027825,1.2244611977451358,0.7905538508587414,0.15968918790364953,Predicted intracellular proteins,"Nucleoplasm,Vesicles,Plasma membrane",Tissue enhanced,retina: 5.3,False,True,False,False,False
FANCB,37.77273931050013,36.59541177481847,0.16370716510903427,0.15706888435587635,14.490599014890066,15.090929421621631,15.97225391320221,30.877180421182643,0.07849823660630552,0.08425399691008008,1.3236497320960954,1.2243089436411383,1.1918644983825601,0.23803257634501157,37.1840755426593,0.1603880247324553,1.2243089436411383,0.23803257634501157,0.08425399691008008,"Disease related genes, Human disease related genes, Predicted intracellular proteins",,Tissue enhanced,bone marrow: 2.3;lymphoid tissue: 1.7,False,False,False,False,False
GPATCH2,383.85028384264234,372.9808659233422,0.7802180685358255,0.7490977561587949,156.47060282424562,159.13628477187456,161.24370617137467,221.5102073693537,0.08567293821711498,0.08586857854850242,1.2892147850755713,1.2236642184540782,1.24613479769604,0.7490929396585072,378.41557488299225,0.7646579123473103,1.2236642184540782,0.7490929396585072,0.08586857854850242,"Plasma proteins, Predicted intracellular proteins",Nuclear speckles,Low tissue specificity,,False,False,False,False,False
FRAS1,38.475785219832616,36.447903702439206,0.12398753894080997,0.11768397928761964,15.419483567126607,15.042249004132529,82.90360364471623,64.88682842132584,0.08306886137656092,0.07029723749074457,1.265559211727849,1.2230085491678835,-1.0877648122154489,-0.8151051214991702,37.46184446113591,0.1208357591142148,1.2230085491678835,-1.0877648122154489,0.08306886137656092,"Disease related genes, Human disease related genes, Predicted intracellular proteins, Predicted membrane proteins",,Tissue enhanced,thyroid gland: 11.2,False,True,False,False,False
MPHOSPH6,144.49510834717205,150.40459452779916,0.5143302180685358,0.5091008943982426,60.052386302092486,63.86870774570187,110.28461035306287,102.02894400042959,0.11406129052749843,0.11708157535721765,1.2528510586707273,1.222814381868363,0.386716554573812,0.5553592942733494,147.44985143748562,0.5117155562333893,1.222814381868363,0.386716554573812,0.11708157535721765,Predicted intracellular proteins,"Nucleoplasm,Nucleoli",Low tissue specificity,,False,False,False,False,False
KIF15,29.08053534057116,29.98436816727523,0.11721183800623053,0.11666405146712694,11.889722268627747,10.709691847602448,14.451086873849617,12.977365684265168,0.11387901737554115,0.11658959147492055,1.222609064084213,1.4038374388381114,0.9611219177434802,1.1484480677649016,29.532451753923194,0.11693794473667873,1.222609064084213,0.9611219177434802,0.11658959147492055,"Disease related genes, Plasma proteins, Predicted intracellular proteins",,Group enriched,bone marrow: 4.9;lymphoid tissue: 8.6;testis: 6.8,False,False,False,False,False
RORC,22.38242522256708,20.972965927378556,0.1191588785046729,0.10960301270986976,7.7561860111751315,8.421712225614653,12.929919834497026,13.424861052688104,0.14623773116355618,0.13976638211712095,1.4170500660938268,1.221668446480565,0.7472376184249756,0.6071721967671334,21.677695574972816,0.11438094560727133,1.221668446480565,0.6071721967671334,0.14623773116355618,"Disease related genes, Human disease related genes, Nuclear receptors, Predicted intracellular proteins, Transcription factors",Nuclear bodies,Tissue enhanced,skeletal muscle: 100.2,False,False,False,False,False
GATA6,40.955619881841756,38.79462303574563,0.19026479750778816,0.17644751294523772,16.301923891751322,16.06453777140367,15.97225391320221,25.954731368530336,0.10624600206071352,0.10130615794252555,1.277931602466807,1.2215721735106284,1.3056859027594352,0.5620349783636434,39.87512145879369,0.18335615522651294,1.2215721735106284,0.5620349783636434,0.10624600206071352,"Disease related genes, Human disease related genes, Predicted intracellular proteins, Transcription factors",Nucleoplasm,Tissue enhanced,adrenal gland: 57.4;ovary: 70.1,False,False,False,False,False
LINC02614,66.40588179967789,65.37289571353611,0.2837227414330218,0.26722108896908836,27.91298079470811,24.583610831996527,59.32551453475106,32.66716189487439,0.09394120431934931,0.08469763117333359,1.221157133990922,1.37537431905615,0.16010616998469593,0.9792521087656234,65.88938875660699,0.2754719152010551,1.221157133990922,0.16010616998469593,0.09394120431934931,,,,,False,False,False,False,False
ENSG00000279159,20.899637486520373,20.03427819405599,0.11666666666666667,0.10772006904126785,8.40640519774071,7.4481038758326115,11.408752795144434,8.054916631612864,0.17319556123859953,0.11921963597317409,1.2191916031963477,1.3160428329226355,0.8195488711674948,1.2159690483757093,20.46695784028818,0.11219336785396726,1.2191916031963477,0.8195488711674948,0.17319556123859953,,,,,False,False,False,False,False
PIR,88.40482743533633,92.31323365989385,0.3307632398753894,0.3250431507924055,37.43404745513267,37.14315854418486,47.15617821993033,57.27940715813591,0.09974868030522845,0.07197576152876256,1.2179678188559742,1.290657383503079,0.8926318309866842,0.6790954964477732,90.35903054761509,0.32790319533389745,1.2179678188559742,0.6790954964477732,0.09974868030522845,"Enzymes, Plasma proteins, Predicted intracellular proteins","Nucleoplasm,Nuclear bodies,Cytosol",Low tissue specificity,,False,False,False,True,False
GNE,82.895504036749,78.93022854766636,0.33216510903426794,0.31013651341597365,34.2293957499166,33.394766397523995,45.635011180577735,47.882004421254244,0.10033915321285422,0.08032824846944252,1.2518137685300277,1.2165521572233877,0.8471800353733957,0.7094377698835993,80.91286629220768,0.3211508112251208,1.2165521572233877,0.7094377698835993,0.10033915321285422,"Disease related genes, Enzymes, Human disease related genes, Metabolic proteins, Potential drug targets, Predicted intracellular proteins, Predicted membrane proteins",Cytosol,Group enriched,intestine: 45.4;liver: 84.6;salivary gland: 52.1,False,True,False,True,False
E2F3,171.58154983581835,172.49057591040304,0.5027258566978193,0.48313196296877453,73.38187962668687,70.05112076681783,92.03060588083177,116.34879578996357,0.08662921426805731,0.08711030383947907,1.214255128297887,1.2879279850969878,0.8915009109973863,0.5640542597724266,172.0360628731107,0.49292890983329696,1.214255128297887,0.5640542597724266,0.08711030383947907,"Cancer-related genes, Predicted intracellular proteins, Transcription factors",Nucleoplasm,Low tissue specificity,,False,False,False,False,False
CDCP1,56.959501308828614,57.66224647552928,0.25638629283489095,0.24972540404832888,23.36144648874905,24.29152832706192,39.55034302316737,51.46196736863774,0.09532363418708828,0.11108598343014171,1.2504453843547536,1.2137781008621786,0.5153310632808017,0.1611604093623339,57.31087389217895,0.2530558484416099,1.2137781008621786,0.1611604093623339,0.11108598343014171,"CD markers, Predicted intracellular proteins, Predicted membrane proteins","Nucleoplasm,Nuclear bodies,Vesicles",Tissue enhanced,esophagus: 35.8,False,True,True,False,False
TFDP2,395.35467144990133,384.80833136320655,0.7869158878504673,0.7622783618390083,169.98587305928731,164.10168735576295,238.06264165868055,205.400374106128,0.08249814675184974,0.08221364281423275,1.2129148463195751,1.2245294332815047,0.7294032825741336,0.9024387124092862,390.0815014065539,0.7745971248447379,1.2129148463195751,0.7294032825741336,0.08249814675184974,"Cancer-related genes, Predicted intracellular proteins, Transcription factors","Nucleoplasm,Vesicles,Mitotic spindle",Tissue enhanced,lymphoid tissue: 157.9,False,False,False,False,False
GRB7,23.78851704123206,23.654930879728756,0.1264797507788162,0.120979130707673,9.195957067141773,9.638722662842204,18.254004472231095,22.374768421146843,0.1829189632469243,0.1597189223306661,1.2816747619809854,1.2125512640359477,0.364513435049472,0.076924136257737,23.721723960480407,0.1237294407432446,1.2125512640359477,0.076924136257737,0.1829189632469243,"Cancer-related genes, Predicted intracellular proteins","Plasma membrane,Cytosol",Tissue enhanced,esophagus: 58.0;kidney: 59.1,False,True,False,False,False
EXOC7,114.72430975016535,106.9969917740112,0.46214953271028036,0.4222501176839793,46.53711606705078,45.61355118728861,66.17076621183772,66.22931452659465,0.14231741939553932,0.12784913325965994,1.283565670442619,1.2121697952297272,0.784786566717817,0.6838287821143841,110.86065076208828,0.44219982519712986,1.2121697952297272,0.6838287821143841,0.14231741939553932,"Disease related genes, Human disease related genes, Potential drug targets, Predicted intracellular proteins, Transporters","Vesicles,Plasma membrane,Cytosol",Low tissue specificity,,False,True,False,False,False
ITGA9-AS1,73.66642864514796,70.1333835039577,0.3161214953271028,0.29444531617762437,31.256965182759664,26.676868784027917,69.9736838102192,46.98701368440837,0.09984157158357246,0.08173497643315739,1.2108490149722837,1.3618460546205289,0.0731755376679922,0.5678827534488249,71.89990607455283,0.30528340575236357,1.2108490149722837,0.0731755376679922,0.09984157158357246,,,,,False,False,False,False,False
CEACAM1,160.98473058424318,156.1171798763051,0.5316978193146418,0.5010199278204926,69.01612223117512,64.20947066812559,115.60869499079693,114.11131894784889,0.1406501818356299,0.14645576779962047,1.2100987575843285,1.2686875258615569,0.4741824566479436,0.4488112385139353,158.55095523027416,0.5163588735675673,1.2100987575843285,0.4488112385139353,0.14645576779962047,"CD markers, Plasma proteins, Predicted intracellular proteins, Predicted membrane proteins",,Tissue enhanced,intestine: 230.9,False,True,True,False,False
PRPSAP1,208.0504585508291,205.2641876281225,0.6416666666666667,0.6227836183900831,85.41093457815009,88.20891649025289,168.84954136813764,159.75584652698845,0.12012231033534336,0.119957850767746,1.2745654179319874,1.209233535983748,0.2995938853056273,0.3596221489112662,206.6573230894758,0.6322251425283749,1.209233535983748,0.2995938853056273,0.12012231033534336,Predicted intracellular proteins,Cytosol,Low tissue specificity,,False,False,False,False,False
NEK11,115.87474851089124,115.79383681771985,0.4229750778816199,0.4061666405146713,49.6488793170432,46.58715953707065,113.32694443176806,82.33914778982037,0.08673599397396316,0.07050683285794043,1.206361007951479,1.2953198974038107,0.03179780444216841,0.48689789305607933,115.83429266430554,0.4145708591981456,1.206361007951479,0.03179780444216841,0.08673599397396316,"Enzymes, Predicted intracellular proteins",Nucleoplasm,Tissue enhanced,choroid plexus: 41.9,False,False,False,True,False
BACE2,252.90478756624196,263.4494172693601,0.6426791277258567,0.6319629687745175,109.0510464325701,110.26114561281611,172.6524589665191,201.82041115874452,0.11937315407550658,0.11720095767662964,1.2061147350244814,1.249041930663729,0.5480847585221226,0.3827889487286048,258.17710241780105,0.6373210482501871,1.2061147350244814,0.3827889487286048,0.11937315407550658,"Enzymes, Predicted intracellular proteins, Predicted membrane proteins, Transporters",,Tissue enhanced,stomach 1: 21.6,False,True,False,True,False
HNF4G,33.605594466093,32.84066084152819,0.14026479750778817,0.13588576808410482,12.81860682086429,13.679197314437673,22.817505590288867,22.374768421146843,0.07218993058351587,0.07074580558817947,1.3243931161563454,1.2049846606144552,0.5389829605174129,0.5338056697474193,33.22312765381059,0.1380752827959465,1.2049846606144552,0.5338056697474193,0.07218993058351587,"Nuclear receptors, Predicted intracellular proteins, Transcription factors","Nucleoplasm,Cytokinetic bridge,Mitotic spindle,Cytosol",Tissue enriched,intestine: 108.0,False,False,False,False,False
ROPN1B,96.77746508284143,104.31502682166101,0.39501557632398754,0.39879177781264713,41.42825102974981,43.95841699265914,58.56493101507476,67.57180063186345,0.1798505828041348,0.18130095312713265,1.204476794103942,1.2280481576833822,0.7150388126931363,0.6190239896204641,100.54624595225121,0.3969036770683173,1.204476794103942,0.6190239896204641,0.18130095312713265,Predicted intracellular proteins,Principal piece,Tissue enriched,testis: 204.8,False,False,False,False,False
GCC2-AS1,21.44929156108941,21.589817866419104,0.11300623052959502,0.11046602855797898,8.731514791023502,8.811155565527468,13.690503354173321,9.84489810530461,0.06463045377288038,0.07844665510573647,1.2059336230796738,1.203177665538559,0.6117860890093199,1.0586561408073742,21.519554713754257,0.111736129543787,1.203177665538559,0.6117860890093199,0.07844665510573647,,,,,False,False,False,False,False
MRE11,191.67588018983056,192.84668989874106,0.5980529595015577,0.5685705319315864,82.76361360427596,80.61477136195298,106.48169275468139,104.71391621096721,0.09181135369922978,0.0945792582137382,1.201780394242299,1.248013907395175,0.8420850335642407,0.8747507940028153,192.2612850442858,0.583311745716572,1.201780394242299,0.8420850335642407,0.0945792582137382,"Cancer-related genes, Disease related genes, Human disease related genes, Plasma proteins, Predicted intracellular proteins",Nucleoplasm,Low tissue specificity,,False,False,False,False,False
CTTN,410.5021151327922,419.7811543418532,0.832632398753894,0.8155499764632042,173.32985744733887,181.9674005742634,241.86555925706202,284.60705431698784,0.182828584529429,0.1606081107052477,1.2390801653813555,1.2014834661871014,0.7607419301344609,0.5590384781605114,415.1416347373227,0.824091187608549,1.2014834661871014,0.5590384781605114,0.182828584529429,"Cancer-related genes, Plasma proteins, Predicted intracellular proteins","Golgi apparatus,Vesicles,Plasma membrane",Low tissue specificity,,False,True,False,False,False
POLA2,36.95464952509504,36.622231424341976,0.16643302180685357,0.16012866781735446,15.512372022350263,15.334331509067141,13.690503354173321,18.34731010534041,0.111496785551958,0.10257230302885563,1.2007292496325228,1.2036780066049264,1.3693928005473714,0.9594524199744746,36.78844047471851,0.16328084481210403,1.2007292496325228,0.9594524199744746,0.111496785551958,"Essential proteins, Metabolic proteins, Predicted intracellular proteins","Nucleoplasm,Basal body,Cytosol",Low tissue specificity,,False,False,False,False,False
ZNF420,86.76864786452617,85.71559987711237,0.3678348909657321,0.34865840263612113,37.20182631707353,35.19594184462077,66.17076621183772,55.04193031602123,0.08032734301951025,0.07979570042856905,1.2000640708891868,1.260463596585564,0.3858721960914819,0.6297849043059428,86.24212387081927,0.3582466468009266,1.2000640708891868,0.3858721960914819,0.08032734301951025,"Predicted intracellular proteins, Transcription factors",Nucleoplasm,Low tissue specificity,,False,False,False,False,False
LRP5,176.22165283741276,176.48670368940483,0.5663551401869159,0.5464459438255139,71.57055474982562,76.28221420542289,78.34010252665846,101.58144863200665,0.14378523127635073,0.12512317830115754,1.2880986787320357,1.1995026156286595,1.1594327153853596,0.7909411000418848,176.3541782634088,0.5564005420062149,1.1995026156286595,0.7909411000418848,0.14378523127635073,"Disease related genes, Human disease related genes, Predicted intracellular proteins, Predicted membrane proteins",,Tissue enhanced,liver: 122.3,False,True,False,False,False
TRIM16L,21.21920380894423,20.932736453093305,0.11347352024922118,0.10936764475129453,8.685070563411674,7.6428255457890195,9.887585755791843,9.397402736881673,0.11432971536389352,0.09439395719001172,1.197972655735622,1.34351087605968,1.0291230386717436,1.076862632818464,21.075970131018767,0.11142058250025785,1.197972655735622,1.0291230386717436,0.11432971536389352,,,,,False,False,False,False,False
TESMIN,25.488609876526986,25.30433932542413,0.13489096573208723,0.13055076102306606,8.267072514905228,10.466289760156938,19.775171511583686,21.927273052723905,0.15863200226016655,0.14072707196417222,1.5151865670496265,1.1979021725918588,0.3505117456282486,0.19823604259279984,25.39647460097556,0.13272086337757666,1.1979021725918588,0.19823604259279984,0.15863200226016655,Predicted intracellular proteins,"Nucleoplasm,Vesicles,Cytosol",Tissue enriched,testis: 49.1,False,False,False,False,False
CCDC137,110.27594654202522,107.84181073400151,0.42866043613707167,0.4052251686803703,47.51244484689916,45.3701490998431,60.08609805442736,68.91428673713227,0.12640825418255142,0.12443143512123156,1.1977149798350473,1.2309645924129438,0.8652257781301861,0.6385736626601525,109.05887863801337,0.41694280240872095,1.1977149798350473,0.6385736626601525,0.12640825418255142,"Essential proteins, Predicted intracellular proteins","Nucleoplasm,Nucleoli,Mitotic chromosome",Low tissue specificity,,False,False,False,False,False
RC3H1,522.6059810390818,515.004319975047,0.8764797507788162,0.8481876667189706,223.536067495724,224.07596170233668,234.25972406029905,255.072360001074,0.08790502968225528,0.08073962214096433,1.221534371571874,1.1969711599017014,1.1542272214436458,1.010831604524694,518.8051505070644,0.8623337087488934,1.1969711599017014,1.010831604524694,0.08790502968225528,"Disease related genes, Enzymes, Human disease related genes, Potential drug targets, Predicted intracellular proteins","Golgi apparatus,Plasma membrane,Cytosol",Low tissue specificity,,False,True,False,True,False
ITGB4,83.02333056571855,78.7290811762401,0.34797507788161997,0.33210418954966264,35.576278350659585,33.83289015492591,97.35469051856585,85.024120000358,0.21428386990451068,0.1754085421215752,1.199881685523784,1.1946558619154843,-0.22720388268285238,-0.10963518560764267,80.87620587097933,0.3400396337156413,1.1946558619154843,-0.22720388268285238,0.21428386990451068,"Cancer-related genes, CD markers, Disease related genes, Human disease related genes, Plasma proteins, Predicted intracellular proteins, Predicted membrane proteins","Plasma membrane,Cell Junctions",Tissue enhanced,salivary gland: 198.1;skin 1: 198.6,False,True,True,False,False
D2HGDH,90.48839985753989,89.75195713039942,0.3852803738317757,0.3680370312254825,39.013151193934796,38.068086476477795,57.80434749539847,50.119481263368925,0.13702841055998033,0.11491546754188636,1.1931145794132318,1.2159381609801851,0.6376660108554366,0.8280555596234834,90.12017849396966,0.3766587025286291,1.1931145794132318,0.6376660108554366,0.13702841055998033,"Disease related genes, Enzymes, Human disease related genes, Potential drug targets, Predicted intracellular proteins",Mitochondria,Low tissue specificity,,False,False,False,True,False
EXTL3,66.3419685351931,67.81348382017478,0.2751557632398754,0.2680841048171976,28.470311526050033,28.42936381363559,46.39559470025404,45.19703221071662,0.10680144435497946,0.09765907117747902,1.192243583485368,1.2254349296074967,0.5067529240038311,0.5748911118876201,67.07772617768394,0.27161993402853646,1.192243583485368,0.5067529240038311,0.10680144435497946,"Disease related genes, Enzymes, Human disease related genes, Metabolic proteins, Potential drug targets, Predicted intracellular proteins, Predicted membrane proteins",,Low tissue specificity,,False,True,False,True,False
PRRT3-AS1,27.290963934997553,25.5859456454209,0.14228971962616824,0.13102149694021653,11.239503082062166,10.661011430113346,12.929919834497026,14.319851789533978,0.10300341926171232,0.12220523920680765,1.2087963468511733,1.1889708554516127,1.0221543779701119,0.7952614429788162,26.438454790209228,0.1366556082831924,1.1889708554516127,0.7952614429788162,0.12220523920680765,,,,,False,False,False,False,False
URI1,877.5802519875044,917.3124726523386,0.9392523364485982,0.9182488623882002,384.6046488535405,397.37824796353993,492.85812075023955,534.7569652654096,0.0985531629676778,0.0987542528157343,1.188051627250392,1.204846264319177,0.8310774389422155,0.7774064394077286,897.4463623199215,0.9287505994183992,1.188051627250392,0.7774064394077286,0.0987542528157343,"Essential proteins, Predicted intracellular proteins","Nucleoplasm,Cytosol",Low tissue specificity,,False,False,False,False,False
EPN2,209.482115675288,198.69337349486452,0.6325545171339564,0.5923426957476855,91.12357457440483,86.65114313060162,165.04662376975617,151.70092989537557,0.09558814841493862,0.08272586222272268,1.1920553583251328,1.1879416484572394,0.3421092662528395,0.38707761237836125,204.08774458507625,0.612448606440821,1.1879416484572394,0.3421092662528395,0.09558814841493862,Predicted intracellular proteins,Vesicles,Low tissue specificity,,False,False,False,False,False
TUBGCP6,46.66946572678035,43.91717609473451,0.2334890965732087,0.2139494743448925,19.92457364547384,18.693280315815183,25.859839668994052,38.9320970527955,0.2747635136225042,0.2140830560730556,1.187867228921208,1.1895637881431103,0.8276147628623265,0.1697183917930818,45.29332091075743,0.22371928545905062,1.187867228921208,0.1697183917930818,0.2747635136225042,"Disease related genes, Essential proteins, Human disease related genes, Predicted intracellular proteins",,Low tissue specificity,,False,False,False,False,False
TMEM11-DT,25.514175182320898,22.997849466402958,0.13489096573208723,0.11831162717715361,9.939064708931008,9.541361827863998,18.254004472231095,11.634879578996358,0.07848189259639346,0.07458794993570023,1.2772744761778443,1.1868438672078827,0.4616053384624936,0.9254932122811622,24.256012324361926,0.12660129645462043,1.1868438672078827,0.4616053384624936,0.07848189259639346,,,,,False,False,False,False,False
CA5BP1,39.85631173270368,39.45170444907143,0.19883177570093458,0.18735289502589048,16.952143078316904,16.50266152880559,25.859839668994052,29.53469431591383,0.10627796626575317,0.10071963078406079,1.1864028925709362,1.208626171425503,0.6051082788383564,0.4057510901063308,39.65400809088756,0.19309233536341253,1.1864028925709362,0.4057510901063308,0.10627796626575317,,,,,False,False,False,False,False
ZNF90,48.29286264469356,48.06081194611557,0.20763239875389408,0.19833673309273497,20.667681287263076,18.839321568282486,30.423340787051828,28.19220821064502,0.1363517818413825,0.12740509941301245,1.1858339915464482,1.3062084186802654,0.6495421972569306,0.7489877644357663,48.17683729540457,0.20298456592331454,1.1858339915464482,0.6495421972569306,0.1363517818413825,"Predicted intracellular proteins, Transcription factors","Nucleoplasm,Golgi apparatus",Low tissue specificity,,False,False,False,False,False
SLC6A14,710.1147163845054,743.4406847914752,0.8786604361370717,0.8636434959987447,311.5478788201364,326.30483842945097,356.71367072818265,547.2868355812518,0.13133887222093388,0.14988878176088946,1.186005101521449,1.185521973601907,0.9912770580794913,0.4412260681767438,726.7777005879902,0.8711519660679081,1.185521973601907,0.4412260681767438,0.14988878176088946,"Disease related genes, Human disease related genes, Metabolic proteins, Potential drug targets, Predicted membrane proteins, Transporters","Vesicles,Plasma membrane,Primary cilium,Primary cilium tip,Mitochondria",Tissue enhanced,lung: 15.1;salivary gland: 20.2,False,True,False,False,False
ENSG00000289884,102.93870377917344,104.368666120708,0.26456386292834894,0.25694335477796953,44.72579119018953,44.20181908010465,41.07151006251996,33.56215263172026,0.06322017102605296,0.06303783683740599,1.1846529342087095,1.2209931730225116,1.3048174659110963,1.608180930394694,103.65368494994073,0.26075360885315924,1.1846529342087095,1.3048174659110963,0.06322017102605296,,,,,False,False,False,False,False
C1orf21,402.05278156790536,397.1453701440175,0.7543613707165109,0.7335634708928291,176.53450915255493,153.0512325857368,293.58523859505016,295.7944385275613,0.09165929735492892,0.08348690078206163,1.1828692956107318,1.369885055625586,0.45228363848896125,0.4238312229361397,399.5990758559614,0.74396242080467,1.1828692956107318,0.4238312229361397,0.09165929735492892,Predicted intracellular proteins,"Nucleoplasm,Cytosol",Tissue enhanced,skeletal muscle: 36.2,False,False,False,False,False
ENSG00000266846,23.826864999922922,23.467193333064245,0.1263239875389408,0.12027302683194728,9.939064708931008,9.200598905440284,18.254004472231095,16.557328631648662,0.1971698851718076,0.14804291835338979,1.182412704573633,1.2621947579767272,0.3667435668582822,0.4787752634744305,23.64702916649358,0.12329850718544405,1.182412704573633,0.3667435668582822,0.1971698851718076,,,,,False,False,False,False,False
YEATS2,220.48797981956568,219.65292959748132,0.6333333333333333,0.6128197081437313,96.60399343260043,96.04646370599832,92.79118940050807,117.69128189523238,0.09762803463625805,0.08797956552785587,1.182216324202289,1.185031353649641,1.2397040959898473,0.8945649319044947,220.0704547085235,0.6230765207385323,1.182216324202289,0.8945649319044947,0.09762803463625805,"Disease related genes, Essential proteins, Human disease related genes, Predicted intracellular proteins",Nucleoplasm,Low tissue specificity,,False,False,False,False,False
DCAF6,580.0000925464069,581.3427230714292,0.8710280373831776,0.8508551702494901,244.20374878298708,255.91295474020944,352.1501696101249,363.3662391594247,0.09029391890241527,0.08004214836610768,1.2445573576790225,1.1805888252984476,0.7182566040378002,0.6764791742358754,580.671407808918,0.8609416038163338,1.1805888252984476,0.6764791742358754,0.09029391890241527,Predicted intracellular proteins,"Nucleoplasm,Cytosol",Group enriched,skeletal muscle: 585.8;tongue: 429.2,False,False,False,False,False
ANLN,28.441402695723443,29.836860094895968,0.10919003115264797,0.11297662011611485,11.239503082062166,12.608228129677428,14.451086873849617,28.19220821064502,0.12726954724724054,0.14045363953330733,1.2663014217871857,1.1801766412320012,0.9301380832681069,0.07907252707378684,29.139131395309704,0.11108332563438142,1.1801766412320012,0.07907252707378684,0.14045363953330733,"Disease related genes, Essential proteins, Human disease related genes, Predicted intracellular proteins","Nucleoplasm,Midbody",Tissue enriched,brain: 163.3,False,False,False,False,False
RNF24,222.7249440765327,224.26590931552366,0.5889408099688473,0.5732778911030911,97.76509912289612,96.28986579344382,158.2013720926695,146.77848084272327,0.09716617660851255,0.0864603528823696,1.179652889650308,1.211267559899697,0.4908733478265412,0.6081927965065221,223.49542669602818,0.5811093505359692,1.179652889650308,0.4908733478265412,0.09716617660851255,Predicted membrane proteins,Golgi apparatus,Tissue enhanced,bone marrow: 48.9,False,True,False,False,False
FAAH2,200.55982395321385,191.3045600511397,0.5697040498442367,0.5424446885297348,83.87827506695982,83.9250397512119,254.79547909155906,192.87050379028577,0.07564843347456261,0.07298178092893588,1.2477408587490268,1.179131079703628,-0.3437826650310974,-0.011700349717393267,195.93219200217678,0.5560743691869858,1.179131079703628,-0.3437826650310974,0.07564843347456261,"Enzymes, Metabolic proteins, Predicted intracellular proteins",,Low tissue specificity,,False,False,False,True,False
ARHGEF11,193.58049547147678,191.3581993501867,0.5894080996884735,0.5673936921387102,77.46897165652766,83.97372016870102,117.12986203014952,116.34879578996357,0.08911772143173714,0.07443643582239468,1.3101729044700776,1.17870669353743,0.7199933937468769,0.7129922891488083,192.46934741083174,0.5784008959135918,1.17870669353743,0.7129922891488083,0.08911772143173714,Predicted intracellular proteins,"Nucleoplasm,Plasma membrane",Low tissue specificity,,False,True,False,False,False
PBLD,24.26147519841937,24.37906141686331,0.12733644859813084,0.12105758669386474,10.171285846990143,8.908516400505674,14.451086873849617,13.424861052688104,0.11110369248569443,0.06858080049545956,1.1771436371700048,1.356897751228251,0.7092305658653357,0.815081293388743,24.32026830764134,0.12419701764599779,1.1771436371700048,0.7092305658653357,0.11110369248569443,Predicted intracellular proteins,Vesicles,Group enriched,intestine: 160.8;kidney: 251.7;liver: 312.7,False,False,False,False,False
GALNTL6,36.50725667370164,36.152887557680685,0.12850467289719625,0.1263925937549035,12.95793950369977,15.431692344045347,5.32408463773407,9.84489810530461,0.08332888084578828,0.08828829920810814,1.426083762379132,1.1769932677790833,2.5682411652926667,1.77645784471017,36.330072115691166,0.1274486333260499,1.1769932677790833,1.77645784471017,0.08828829920810814,"Enzymes, Metabolic proteins, Predicted intracellular proteins",,Tissue enhanced,brain: 3.9;lymphoid tissue: 2.4;testis: 2.3,False,False,False,True,False
OTUD7B,176.17052222582493,175.57483560560578,0.5667445482866044,0.5435430723364193,77.05097360802122,77.10978130273763,109.52402683338657,125.74619852684526,0.08808855003436446,0.07717046649063512,1.1826500534874045,1.176704626948819,0.680778555711981,0.47833727591080744,175.87267891571537,0.5551438103115118,1.176704626948819,0.47833727591080744,0.08808855003436446,"Enzymes, Predicted intracellular proteins","Microtubules,Cytokinetic bridge,Mitotic spindle",Low tissue specificity,,False,False,False,True,False
EXT1,911.9400229745177,919.9005688313565,0.9024922118380062,0.8867095559391182,388.97040624905225,406.3841251990238,633.5660718903542,697.6452793713585,0.08267878162843495,0.06797988204101778,1.2271554371277726,1.1766556315709238,0.5247496959361463,0.3984852473571457,915.9202959029371,0.8946008838885622,1.1766556315709238,0.3984852473571457,0.08267878162843495,"Cancer-related genes, Disease related genes, Enzymes, Human disease related genes, Metabolic proteins, Potential drug targets, Predicted membrane proteins",,Low tissue specificity,,False,True,False,True,False
TMEM241,133.23359114495526,131.32241389182752,0.4614485981308411,0.4440608818452848,56.940623052100065,57.54025347211861,108.76344331371027,101.13395326358372,0.0988462116083168,0.08647521253889258,1.212098638916084,1.1765565606628317,0.2903480973030113,0.3735949048237848,132.2780025183914,0.4527547399880629,1.1765565606628317,0.2903480973030113,0.0988462116083168,"Predicted membrane proteins, Transporters","Golgi apparatus,Vesicles",Low tissue specificity,,False,True,False,False,False
KIAA1217,1558.0519963039726,1509.9194485236385,0.9689252336448598,0.9552800878707045,689.139449304291,645.8917792454058,1527.2517075100016,1387.6831374795272,0.08388369410543826,0.07447678798504194,1.1757092376460303,1.2238304642241926,0.02878686547278269,0.12170929812362573,1533.9857224138054,0.9621026607577822,1.1757092376460303,0.02878686547278269,0.08388369410543826,Predicted intracellular proteins,"Nucleoplasm,Cytosol",Tissue enhanced,skeletal muscle: 101.4,False,False,False,False,False
TSNARE1,70.9948541896845,69.20810559539689,0.3176791277258567,0.29734818766671894,29.910082582016674,30.084498008265058,53.240846377340695,55.489425684444164,0.10956507866722899,0.08314147377734998,1.219816285421853,1.1754423201163842,0.40851410350269846,0.31365676753319904,70.1014798925407,0.3075136576962878,1.1754423201163842,0.31365676753319904,0.10956507866722899,"Predicted intracellular proteins, Predicted membrane proteins, Transporters",Cytosol,Low tissue specificity,,False,True,False,False,False
TSPAN12,82.74211220198555,85.28648548473633,0.3411214953271028,0.33445786913541503,34.18295152230477,37.289199796652156,46.39559470025404,56.831911789712976,0.12332948778338533,0.12831550116714802,1.2510767906196758,1.1721971070324582,0.8212003366706017,0.5772688216687021,84.01429884336093,0.33778968223125894,1.1721971070324582,0.5772688216687021,0.12831550116714802,"Disease related genes, Human disease related genes, Potential drug targets, Predicted membrane proteins, Transporters","Vesicles,Microtubules",Tissue enhanced,kidney: 85.5,False,True,False,False,False
PLEKHB1,35.45907913615139,38.07049249861108,0.18574766355140188,0.1858622312882473,15.187262429067472,16.30793985884918,26.620423188670348,26.84972210537621,0.26606410568942607,0.2076068575887401,1.1714191036525912,1.1746454285187231,0.40054269887989363,0.4884165094600625,36.76478581738124,0.1858049474198246,1.1714191036525912,0.40054269887989363,0.26606410568942607,Predicted intracellular proteins,,Tissue enhanced,brain: 2714.0;retina: 703.2,False,False,False,False,False
ARHGEF9,144.6996307935233,142.74758458883935,0.5077102803738318,0.48187666718970656,62.09593231701288,62.84641897843073,79.86126956601105,73.38924042136163,0.08728790653055798,0.08092294327560234,1.2073783162573606,1.1708601051016667,0.8494764615834117,0.950371842752763,143.72360769118131,0.4947934737817692,1.1708601051016667,0.8494764615834117,0.08728790653055798,"Disease related genes, Human disease related genes, Predicted intracellular proteins",Cytosol,Tissue enhanced,brain: 68.4;retina: 81.7,False,False,False,False,False
WDHD1,40.342052542787954,41.74478448333085,0.16518691588785048,0.16420837909932529,17.37014112682335,17.086826538674817,22.056922070612575,28.639703579067955,0.08495318641168056,0.09154597424679582,1.1702473073491126,1.2408091007638107,0.8424100805312832,0.5282173803011826,41.0434185130594,0.1646976474935879,1.1702473073491126,0.5282173803011826,0.09154597424679582,"Essential proteins, Predicted intracellular proteins, Predicted membrane proteins",Nucleoplasm,Tissue enhanced,lymphoid tissue: 7.5,False,True,False,False,False
DOP1B,165.2924846105168,158.8527841277023,0.5551401869158878,0.5203985564098541,69.71278564535253,70.05112076681783,87.467104762774,83.68163389508918,0.09854507322040026,0.08556739461428885,1.2336799704440704,1.1698145595394225,0.9105099548809583,0.9166228606054053,162.07263436910955,0.537769371662871,1.1698145595394225,0.9105099548809583,0.09854507322040026,Predicted intracellular proteins,"Nucleoplasm,Mitochondria",Tissue enhanced,parathyroid gland: 24.1,False,False,False,False,False
HPS5,176.1833048787219,180.69738866459465,0.5840342679127726,0.566216852345834,76.95808515279757,79.88456509961644,116.36927851047324,124.85120778999936,0.11059447250645317,0.11091202405858669,1.1844721122436492,1.1676013555530307,0.5941878407179703,0.5298186233991408,178.44034677165828,0.5751255601293033,1.1676013555530307,0.5298186233991408,0.11091202405858669,"Disease related genes, Human disease related genes, Plasma proteins, Predicted intracellular proteins",Cytosol,Tissue enhanced,liver: 32.8,False,False,False,False,False
CCDC171,184.49202926174223,183.03069817313934,0.5556853582554517,0.527538051153303,80.67362336174372,80.95553428437668,127.77803130561767,135.59109663214986,0.07660129530539163,0.06655301445776268,1.18341505660059,1.1670331625330674,0.5264706943841203,0.4300829943874833,183.7613637174408,0.5416117047043774,1.1670331625330674,0.4300829943874833,0.07660129530539163,Predicted intracellular proteins,"Nucleoplasm,Nucleoli",Tissue enhanced,testis: 10.5,False,False,False,False,False
EPCAM-DT,33.656725077680825,31.566727489161842,0.16137071651090343,0.14875254981955124,14.44415478727824,12.072743537297304,61.607265093779944,32.219666526451455,0.0938187525565815,0.08185518730642902,1.1660744132994043,1.3168368089207905,-0.8531947485754883,-0.02863883507784019,32.61172628342133,0.15506163316522734,1.1660744132994043,-0.8531947485754883,0.0938187525565815,,,,,False,False,False,False,False
CHEK1,42.19553721284633,44.90950312710409,0.17679127725856697,0.17935038443433235,18.206137223836237,19.472166995640816,19.775171511583686,28.19220821064502,0.11681298077311872,0.11652191104721961,1.1693148761976817,1.1651289971284629,1.0560218793429634,0.6532094720673817,43.55252016997521,0.17807083084644965,1.1651289971284629,0.6532094720673817,0.11681298077311872,"Cancer-related genes, Enzymes, Essential proteins, Plasma proteins, Predicted intracellular proteins","Nucleoplasm,Vesicles",Tissue enhanced,bone marrow: 24.9;lymphoid tissue: 19.5;seminal vesicle: 28.7,False,False,False,True,False
ECT2,116.00257503986079,120.52750495861795,0.37149532710280375,0.36356504001255296,51.1815388282335,52.28276838329559,57.80434749539847,73.83673578978457,0.11585251178261938,0.11727991122475756,1.1649288867481349,1.1895419248864585,0.99254555680302,0.6994643337145345,118.26503999923938,0.36753018355767836,1.1649288867481349,0.6994643337145345,0.11727991122475756,"Essential proteins, Predicted intracellular proteins","Nucleoplasm,Cytosol",Low tissue specificity,,False,False,False,False,False
B3GNT5,90.00265904745562,101.7135208178813,0.3679906542056075,0.3798054291542445,39.616926152888546,43.374251982789914,53.240846377340695,50.119481263368925,0.12022606598684298,0.10439001926574931,1.1638276385884285,1.210831399756565,0.7465290101320788,1.0066810033780456,95.85808993266846,0.373898041679926,1.1638276385884285,0.7465290101320788,0.12022606598684298,"Enzymes, Metabolic proteins, Predicted intracellular proteins",Nucleoli,Tissue enhanced,bone marrow: 72.3,False,False,False,True,False
GMPS,209.04750547679154,210.38674068711137,0.5820872274143302,0.5622940530362467,92.79556676843062,91.85994780193555,104.9605257153288,104.71391621096721,0.10573397507462112,0.10785163448067181,1.1631240117584367,1.1867565109135971,0.9871887458235927,0.9997195799482431,209.71712308195146,0.5721906402252884,1.1631240117584367,0.9871887458235927,0.10785163448067181,"Disease related genes, Enzymes, Essential proteins, Metabolic proteins, Plasma proteins, Potential drug targets, Predicted intracellular proteins","Mitochondria,Cytosol",Tissue enhanced,testis: 93.8,False,False,False,True,False
UEVLD,120.60433008276436,117.10799964437145,0.4570872274143302,0.43707829907421936,50.94931769017437,51.94200546087187,62.367848613456246,58.62189326340472,0.10472698483581519,0.09641521792452819,1.2270178953291047,1.1576219333433317,0.9403716602465771,0.9861925908663403,118.8561648635679,0.44708276324427476,1.1576219333433317,0.9403716602465771,0.10472698483581519,Predicted intracellular proteins,"Nucleoplasm,Cytosol",Low tissue specificity,,False,False,False,False,False
ENSG00000289228,30.384365936060505,32.00925170629963,0.13816199376947041,0.14051467126941786,13.097272186535251,13.776558149415877,39.55034302316737,37.589610947526694,0.10645762305654928,0.0691916132333475,1.1546300331607757,1.1595601673289466,-0.36966805633924604,-0.22534206482710337,31.196808821180067,0.13933833251944414,1.1546300331607757,-0.36966805633924604,0.10645762305654928,,,,,False,False,False,False,False
ENSG00000260711,36.63508320267118,37.400001260523524,0.186993769470405,0.18091950415816727,14.397710559666411,16.25925944136008,19.775171511583686,21.927273052723905,0.08303813108708002,0.08302200680785184,1.2893623041646733,1.153735795479342,0.8572177735813882,0.7440415859093686,37.01754223159735,0.18395663681428615,1.153735795479342,0.7440415859093686,0.08303813108708002,,,,,False,False,False,False,False
CTBP2,346.4610241190509,340.83751596942506,0.7411993769470405,0.7174015377373294,155.17016445111446,151.1040158861727,279.8947352408768,264.02226736953276,0.08636032956575092,0.08065199610790394,1.1537322949714046,1.1682524945974693,0.30682157037271063,0.36719715745106224,343.64927004423794,0.729300457342185,1.1537322949714046,0.30682157037271063,0.08636032956575092,"Plasma proteins, Predicted intracellular proteins",Nucleoplasm,Low tissue specificity,,False,False,False,False,False
MARVELD3,29.527928191964563,31.539907839638342,0.15389408099688473,0.1554213086458497,12.725718365640635,13.533156061970367,23.578089109965166,30.877180421182643,0.12649880277533243,0.11703541722505706,1.1532480251187645,1.1628621281795752,0.312756929099846,0.02968613829337638,30.533918015801454,0.1546576948213672,1.1532480251187645,0.02968613829337638,0.12649880277533243,"Predicted intracellular proteins, Predicted membrane proteins, Transporters","Vesicles,Intermediate filaments",Tissue enhanced,intestine: 31.2,False,True,False,False,False
MYLK4,25.066782330927495,24.39247124162506,0.12437694704049844,0.12035148281813902,8.40640519774071,10.417609342667836,12.929919834497026,22.374768421146843,0.09524468650795204,0.1023695619798643,1.470497123074427,1.1531402015358385,0.9040255530168547,0.11944873555011723,24.729626786276278,0.12236421492931873,1.1531402015358385,0.11944873555011723,0.1023695619798643,"Enzymes, Metabolic proteins, Predicted membrane proteins","Nucleoli,Golgi apparatus,Vesicles",Group enriched,skeletal muscle: 27.0;tongue: 66.6,False,True,False,True,False
PACS1,662.2820292441022,630.1678950289645,0.8870716510903427,0.8521889220147497,297.42883362614094,278.0625446977508,298.1487397131079,271.62968863272266,0.0807038312252867,0.07411616562729391,1.1522355056989713,1.1774353218143694,1.1487594534160215,1.2110811468562672,646.2249621365333,0.8696302865525463,1.1522355056989713,1.1487594534160215,0.0807038312252867,"Disease related genes, Human disease related genes, Plasma proteins, Predicted intracellular proteins","Nucleoplasm,Vesicles,Plasma membrane",Low tissue specificity,,False,True,False,False,False
UGT8,66.30362057650224,63.96486411355225,0.2812305295950156,0.2637690255766515,26.798319332024256,28.23464214367918,47.91676173960663,50.119481263368925,0.11615566847770416,0.11473714125528048,1.2756864550375155,1.1519807238184612,0.46035521475944735,0.34578645889355625,65.13424234502725,0.27249977758583355,1.1519807238184612,0.34578645889355625,0.11615566847770416,"Enzymes, Metabolic proteins, Predicted intracellular proteins, Predicted membrane proteins",Mitochondria,Tissue enriched,brain: 244.3,False,True,False,True,False
ZBTB8A,37.99004440974835,35.401937371022626,0.1809190031152648,0.1674250745331869,15.605260477573918,15.383011926556245,25.859839668994052,25.507236000107397,0.09021273765654908,0.09322778475852674,1.2314654441888808,1.151814622167972,0.5376551048733338,0.45762899175595984,36.69599089038549,0.17417203882422583,1.151814622167972,0.45762899175595984,0.09322778475852674,Predicted intracellular proteins,"Nuclear speckles,Focal adhesion sites",Low tissue specificity,,False,False,False,False,False
ST3GAL6,206.79775856692757,210.06490489282936,0.5977414330218068,0.5744547308959673,91.35579571246397,94.14792742392333,79.86126956601105,96.21150421093142,0.09831861505252615,0.08165868760914516,1.1699056882302739,1.149442576324042,1.3616593325407935,1.1184877519568879,208.43133172987848,0.586098081958887,1.149442576324042,1.1184877519568879,0.09831861505252615,"Metabolic proteins, Predicted intracellular proteins, Predicted membrane proteins",,Tissue enhanced,heart muscle: 21.4;liver: 39.3,False,True,False,False,False
ZDHHC23,22.471903792845758,22.38099752736241,0.12001557632398754,0.11446728385375804,9.103068611918118,9.541361827863998,9.127002236115548,10.292393473727547,0.14565544213161938,0.1397049708847148,1.2161413125009892,1.149275223026436,1.2127276875750965,1.0499851781111362,22.426450660104084,0.11724143008887279,1.149275223026436,1.0499851781111362,0.14565544213161938,"Enzymes, Metabolic proteins, Predicted intracellular proteins, Predicted membrane proteins",Nucleoplasm,Tissue enhanced,testis: 10.2,False,True,False,True,False
METTL15,605.8210513982548,600.6126412540654,0.8887071651090342,0.8633296720539777,272.76694876426075,265.2109144806279,276.85240116217165,264.9172581063786,0.08053411889511433,0.07544957307544373,1.148322851437751,1.1762651595933484,1.1269524274748748,1.177857470091784,603.2168463261601,0.876018418581506,1.148322851437751,1.1269524274748748,0.08053411889511433,"Essential proteins, Predicted intracellular proteins",,Low tissue specificity,,False,False,False,False,False
ENSG00000289956,62.32821552554944,60.317391778355976,0.2617601246105919,0.2450180448768241,27.587871201425315,25.411177929311265,45.635011180577735,34.90463873698907,0.08834846358933632,0.06191768344871378,1.147445233900943,1.2151476846009204,0.44143496416371397,0.7721260846659023,61.32280365195271,0.253389084743708,1.147445233900943,0.44143496416371397,0.08834846358933632,,,,,False,False,False,False,False
KREMEN1,122.86685964552527,122.21714287859858,0.43722741433021806,0.4156598148438726,50.29909850360879,54.66810884026158,87.467104762774,91.73655052670205,0.11752876334149726,0.10624239772384685,1.2717848704532302,1.1462800105401594,0.48557723430883354,0.40999301873690214,122.54200126206192,0.4264436145870453,1.1462800105401594,0.40999301873690214,0.11752876334149726,"Disease related genes, Human disease related genes, Predicted membrane proteins",,Low tissue specificity,,False,True,False,False,False
CNOT10,170.1626753642564,167.54235057331695,0.5586448598130841,0.5423662325435431,72.12788548116754,75.21124502066264,95.83352347921326,107.84638378992777,0.09346164131560272,0.08190704923305642,1.2268745826451422,1.1450353617979439,0.8217896385055362,0.6308176733861154,168.85251296878667,0.5505055461783136,1.1450353617979439,0.6308176733861154,0.09346164131560272,Predicted intracellular proteins,"Nucleoplasm,Centrosome,Cytosol",Low tissue specificity,,False,False,False,False,False
RALGPS1,89.98987639455868,89.69831783135241,0.3692367601246106,0.34740310685705317,40.17425688423047,39.47981858366175,55.52259693636959,59.06938863182766,0.0928568048078592,0.0815782545026458,1.143963426522585,1.163872969150704,0.6868782868890483,0.5944458129217856,89.84409711295555,0.3583199334908319,1.143963426522585,0.5944458129217856,0.0928568048078592,Predicted intracellular proteins,,Low tissue specificity,,False,False,False,False,False
LINC02615,128.26113916804002,130.62510300421644,0.4378504672897196,0.4279774046759768,55.12929817523881,58.56254223938975,67.69193325119032,74.2842311582075,0.08676616590682831,0.06349880076432161,1.203462685662771,1.143957423005698,0.9120760180730694,0.806015041790281,129.44312108612823,0.4329139359828482,1.143957423005698,0.806015041790281,0.08676616590682831,,,,,False,False,False,False,False
MAML3,761.2453279723228,766.8676486502542,0.8697819314641745,0.8523458339871333,344.5232804245337,345.53360333764624,525.5632120963203,495.37737284419103,0.0753212839499643,0.05980015412529604,1.1414724837763532,1.147862409120876,0.5336486703484801,0.6294203139826008,764.0564883112885,0.8610638827256538,1.1414724837763532,0.5336486703484801,0.0753212839499643,Predicted intracellular proteins,Nuclear speckles,Low tissue specificity,,False,False,False,False,False
MIR3142HG,44.70093718064938,45.097240673768596,0.1912772585669782,0.186568335163973,19.13502177607278,19.910290753042734,20.53575503125998,29.087198947490894,0.11974181281490615,0.10544426192933513,1.182516718103992,1.140467272795098,1.085489846136708,0.6155305940570799,44.89908892720899,0.18892279686547558,1.140467272795098,0.6155305940570799,0.11974181281490615,,,,,False,False,False,False,False
ENSG00000288880,23.200515007972157,21.37526067023109,0.12476635514018691,0.11132904440608818,9.846176253707352,9.151918487951184,9.887585755791843,12.529870315842231,0.0929475739230184,0.11072453997768625,1.1578512297343253,1.1401520991582204,1.1523536674100578,0.7257564786603649,22.28788783910162,0.11804769977313755,1.1401520991582204,0.7257564786603649,0.11072453997768625,,,,,False,False,False,False,False
PPP1CB-DT,34.372553639910265,33.69888962628025,0.17258566978193146,0.15957947591401223,12.77216259325246,14.750166499197917,25.099256149317757,33.56215263172026,0.12099282420702112,0.10309395428509041,1.3608752563544178,1.139522417110175,0.43862168547603647,0.005696421359485243,34.03572163309526,0.16608257284797184,1.139522417110175,0.005696421359485243,0.12099282420702112,,,,,False,False,False,False,False
CHEK2,59.567162499807296,57.39404998029426,0.2600467289719626,0.2407814216224698,26.519653966353292,25.313817094333057,34.9868419051096,34.457143368566136,0.13058464526132832,0.12711629087586623,1.1380734947840256,1.1500008325348323,0.7510663230861633,0.7197450651139917,58.480606240050776,0.2504140752972162,1.1380734947840256,0.7197450651139917,0.13058464526132832,"Cancer-related genes, Disease related genes, Enzymes, Human disease related genes, Plasma proteins, Potential drug targets, Predicted intracellular proteins, Predicted membrane proteins","Nucleoplasm,Golgi apparatus",Low tissue specificity,,False,True,False,True,False
TBC1D8B,82.24358873900434,83.5163886161852,0.34392523364485983,0.3368900047073592,35.529834123047756,37.43524104911946,58.56493101507476,60.411874737096475,0.07912838627180671,0.09567642041945955,1.1882639602320315,1.1368014058077378,0.48287597213501354,0.46071347695507503,82.87998867759477,0.3404076191761095,1.1368014058077378,0.46071347695507503,0.09567642041945955,"Disease related genes, Human disease related genes, Predicted intracellular proteins",Cytosol,Low tissue specificity,,False,False,False,False,False
TBC1D8,202.8734841275626,198.49222612343823,0.5947040498442367,0.5728856111721324,91.72734953335859,86.55378229562342,119.41161258917842,128.87866610580582,0.10154911695252679,0.08926381882880718,1.1366073265902648,1.1880911190576016,0.7596996165879433,0.6191680552563705,200.6828551255004,0.5837948305081846,1.1366073265902648,0.6191680552563705,0.10154911695252679,"Predicted intracellular proteins, Predicted membrane proteins","Nucleoplasm,Plasma membrane,Centrosome",Low tissue specificity,,False,True,False,False,False
NAT9,64.89752875783726,63.817356041172985,0.2976635514018692,0.2804801506354935,28.98119802978013,28.283322561168283,44.87442766090144,34.457143368566136,0.20174297204442534,0.16739986433897436,1.1361663297041427,1.1463009182121449,0.5225342046279351,0.8703038639078093,64.35744239950512,0.2890718510186813,1.1361663297041427,0.5225342046279351,0.20174297204442534,"Enzymes, Metabolic proteins, Predicted intracellular proteins",Nucleoplasm,Low tissue specificity,,False,False,False,True,False
ARHGEF26,187.3297782048661,187.6973171902287,0.5663551401869159,0.5491134473560333,84.76071539158453,82.41594680904974,91.27002236115547,91.28905515827911,0.08777457051251264,0.08063127351465815,1.1348722875890151,1.1776787932079251,1.029327221673513,1.0318424420196666,187.51354769754738,0.5577342937714747,1.1348722875890151,1.029327221673513,0.08777457051251264,Predicted intracellular proteins,"Nucleoplasm,Plasma membrane,Cytosol",Low tissue specificity,,False,True,False,False,False
SNHG4,38.38630664955393,41.007244121434546,0.18886292834890966,0.1914326063078613,16.952143078316904,17.23286779114212,35.747425424785895,33.56215263172026,0.11034788505381897,0.11384309195238496,1.1335380588834203,1.2040966449040968,0.10005096195791995,0.2814450655936719,39.696775385494234,0.19014776732838548,1.1335380588834203,0.10005096195791995,0.11384309195238496,,,,,False,False,False,False,False
CHDH,26.66461394304679,26.658731626360982,0.14314641744548287,0.13572885611172134,11.611056902956784,10.076846420244122,37.268592464138486,19.68979621060922,0.1155320138818507,0.1417224240398868,1.1333526016503765,1.3201877945606597,-0.46811904776206686,0.41881556384345336,26.661672784703885,0.1394376367786021,1.1333526016503765,-0.46811904776206686,0.1417224240398868,"Enzymes, Metabolic proteins, Predicted intracellular proteins","Nucleoli,Mitochondria",Tissue enhanced,kidney: 35.1;liver: 33.2,False,False,False,True,False
EPHB1,38.539698484317384,38.459377416701855,0.17577881619937694,0.1681311784089126,16.02325852608036,16.98946570369661,85.18535420374512,60.85937010551941,0.08892612149759996,0.09484967310821261,1.2157946510864326,1.133215855198376,-1.1241408580046426,-0.6486239493470108,38.49953795050962,0.17195499730414476,1.133215855198376,-1.1241408580046426,0.09484967310821261,"Enzymes, Predicted intracellular proteins, Predicted membrane proteins","Endoplasmic reticulum,Plasma membrane,Cytosol",Tissue enhanced,brain: 19.3,False,True,False,True,False
ERBB3,127.96713815141005,129.36457947661185,0.4840342679127726,0.4694806213714106,57.869507604336604,57.15081013220579,82.14302012503993,104.71391621096721,0.194092571568292,0.1864779491089057,1.1314110365084935,1.1646807414377873,0.6333364432084887,0.30238663137815247,128.66585881401096,0.4767574446420916,1.1314110365084935,0.30238663137815247,0.194092571568292,"Cancer-related genes, Disease related genes, Enzymes, Human disease related genes, Plasma proteins, Potential drug targets, Predicted intracellular proteins, Predicted membrane proteins, Predicted secreted proteins, Transporters","Plasma membrane,Actin filaments",Low tissue specificity,,False,True,False,True,True
ZMYND11,448.26207179039534,452.62181518338133,0.8281931464174455,0.8153930644908206,204.16882458159208,206.01552681387983,261.64073076864565,276.55213768537493,0.08994195942973117,0.09052431027102804,1.1307457398746121,1.1317510443396797,0.7744666006846764,0.7087312181065829,450.44194348688836,0.821793105454133,1.1307457398746121,0.7087312181065829,0.09052431027102804,"Disease related genes, Human disease related genes, Plasma proteins, Predicted intracellular proteins",Nucleoplasm,Low tissue specificity,,False,False,False,False,False
ENSG00000226310,47.19355449555548,49.57612214419343,0.23457943925233646,0.23144515926565196,18.80991218278999,22.100909540052324,30.423340787051828,27.744712842222082,0.07914740910374267,0.06569729859981882,1.2826177255904059,1.1305067693109905,0.6170036407958388,0.8151598061538405,48.384838319874454,0.2330122992589942,1.1305067693109905,0.6170036407958388,0.07914740910374267,,,,,False,False,False,False,False
UNK,153.95427149091827,150.7532499716047,0.5227414330218069,0.500627647889534,67.99434922371493,68.34730615469927,104.9605257153288,103.37143010569841,0.10555246135428652,0.09578197064232198,1.1672924127938793,1.129815667559281,0.5483156183407722,0.5400005609469208,152.3537607312615,0.5116845404556705,1.129815667559281,0.5400005609469208,0.10555246135428652,Predicted intracellular proteins,"Cytosol,Cytoplasmic bodies",Low tissue specificity,,False,False,False,False,False
ADGRA3,179.1744456566092,177.58630931986843,0.5622274143302181,0.5417385846540091,80.90584449980287,80.61477136195298,170.37070840749024,162.44081873752606,0.09778741914789271,0.0951259313118913,1.1373561005438515,1.1297192930188227,0.07227386919097083,0.12785314943454126,178.38037748823882,0.5519829994921136,1.1297192930188227,0.07227386919097083,0.09778741914789271,"G-protein coupled receptors, Predicted intracellular proteins, Predicted membrane proteins",,Tissue enhanced,liver: 54.5,False,True,False,False,False
PDE5A,272.46224649858215,273.25199917020007,0.6148753894080997,0.5877922485485643,124.14542040641393,116.78432155635579,165.80720728943245,176.3131751586371,0.07914606927998048,0.08216483681370503,1.127736174206198,1.2193546245487044,0.7131600468715801,0.6292023983597052,272.85712283439113,0.6013338189783319,1.127736174206198,0.6292023983597052,0.08216483681370503,"Enzymes, FDA approved drug targets, Metabolic proteins, Predicted intracellular proteins","Basal body,Cytosol",Low tissue specificity,,True,False,False,True,False
CD44,991.6909943986159,1006.5414466170297,0.9289719626168225,0.9096971598932999,451.0663385660651,460.2246669419706,466.23769756156923,503.43228947580394,0.10523024426002098,0.10779695495860027,1.1348102076838202,1.1272976097190264,1.0871880263398734,0.9981066544065993,999.1162205078228,0.9193345612550612,1.1272976097190264,0.9981066544065993,0.10779695495860027,"Blood group antigen proteins, Cancer-related genes, CD markers, FDA approved drug targets, Plasma proteins, Predicted intracellular proteins, Predicted membrane proteins, Predicted secreted proteins, Transporters","Golgi apparatus,Plasma membrane",Tissue enhanced,salivary gland: 469.7,True,True,True,False,True
BRCA1,57.279067631252474,55.18142889460535,0.1943146417445483,0.1845284795229876,25.683657869340404,23.512641647236283,22.817505590288867,30.877180421182643,0.11361571909680974,0.0995534661314753,1.1270213481609181,1.1965673507140475,1.2909554693316738,0.817569291139022,56.23024826292891,0.18942156063376794,1.1270213481609181,0.817569291139022,0.11361571909680974,"Cancer-related genes, Disease related genes, Enzymes, Human disease related genes, Plasma proteins, Potential drug targets, Predicted intracellular proteins","Nucleoplasm,Nuclear bodies",Low tissue specificity,,False,False,False,True,False
PDHX,283.68541574210803,290.5909025871441,0.7257788161993769,0.7061038757257179,127.44296056685367,132.50809640533575,132.34153242367543,157.96586505329668,0.0966475037409143,0.09310324857797833,1.1482407624050748,1.1270184746674166,1.094242374144434,0.8752287024009116,287.1381591646261,0.7159413459625474,1.1270184746674166,0.8752287024009116,0.0966475037409143,"Disease related genes, Human disease related genes, Metabolic proteins, Plasma proteins, Predicted intracellular proteins","Nucleoplasm,Plasma membrane,Mitochondria",Tissue enhanced,skeletal muscle: 130.0;tongue: 116.9,False,True,False,False,False
PXYLP1,49.430518752522495,50.76959654798927,0.23637071651090344,0.23395575082378786,22.107452343229717,22.19827037503053,24.33867262964146,25.954731368530336,0.1308765296123184,0.11162606140701067,1.125938857935549,1.1580878306105915,0.9929561149741234,0.9415665432896072,50.100057650255884,0.23516323366734565,1.125938857935549,0.9415665432896072,0.1308765296123184,"Metabolic proteins, Predicted intracellular proteins",,Tissue enhanced,epididymis: 139.9,False,False,False,False,False
CENPL,30.934020010629546,33.12226716152496,0.14626168224299066,0.15118468539149538,13.143716414147079,14.652805664219713,14.451086873849617,26.84972210537621,0.12323852435328779,0.12193312227739975,1.174932924194362,1.1242922317058346,1.047385852834281,0.2930505738981868,32.02814358607725,0.14872318381724303,1.1242922317058346,0.2930505738981868,0.12323852435328779,"Essential proteins, Predicted intracellular proteins",,Tissue enhanced,bone marrow: 8.9;testis: 9.1,False,False,False,False,False
FAM111B,28.109053720402628,26.739190574931484,0.1043613707165109,0.1000313823944767,12.354164544746016,11.634619779895386,7.605835196762957,20.584786947455093,0.09041601604819055,0.11125028107831374,1.1241782191976515,1.1345434414962714,1.7580808231666403,0.3619108379145302,27.424122147667056,0.1021963765554938,1.1241782191976515,0.3619108379145302,0.11125028107831374,"Disease related genes, Human disease related genes, Predicted intracellular proteins","Nucleoplasm,Cytosol",Tissue enhanced,lymphoid tissue: 16.7,False,False,False,False,False
ATAD2,171.60711514161224,173.04037872563484,0.3922897196261682,0.379020869292327,77.46897165652766,78.8622763323453,85.18535420374512,115.00630968469476,0.11197289636667856,0.11945884123951266,1.1372977371625723,1.1238359622835965,1.0019773031949162,0.5852187844804203,172.32374693362354,0.3856552944592476,1.1238359622835965,0.5852187844804203,0.11945884123951266,Predicted intracellular proteins,Nucleoplasm,Tissue enhanced,bone marrow: 25.0;lymphoid tissue: 26.3,False,False,False,False,False
CAP2,41.76092701434989,44.68153610615432,0.1649532710280374,0.16381609916836654,18.62413527234268,19.715569083086326,46.39559470025404,54.14693957917535,0.10788557687493205,0.07143615085986181,1.1236640458174114,1.140895710641165,-0.14845984093709252,-0.2716696604192015,43.22123156025211,0.16438468509820198,1.1236640458174114,-0.2716696604192015,0.10788557687493205,"Cancer-related genes, Predicted intracellular proteins","Nucleoplasm,Plasma membrane,Cytosol",Tissue enhanced,skeletal muscle: 539.5;tongue: 291.8,False,True,False,False,False
RASA2,653.8582609850092,670.3035005408852,0.903582554517134,0.8804330770437785,297.15016826046997,307.12475393874473,315.6421606656627,308.32430884340346,0.081213515097271,0.07563872573339775,1.1351435292901144,1.1234505760400717,1.0483293182096052,1.1178449505923698,662.0808807629472,0.8920078157804563,1.1234505760400717,1.0483293182096052,0.081213515097271,"Predicted intracellular proteins, RAS pathway related proteins",Vesicles,Low tissue specificity,,False,False,False,False,False
NSUN6,254.11913959145264,238.6412414601207,0.6906542056074766,0.6434959987447042,114.1599114698711,109.04413517558856,177.97654360425318,162.44081873752606,0.09243578117712507,0.08862214624541785,1.147532552182402,1.1227939539539962,0.511400614669761,0.552107876295968,246.38019052578667,0.6670751021760903,1.1227939539539962,0.511400614669761,0.09243578117712507,Predicted intracellular proteins,Golgi apparatus,Tissue enhanced,liver: 57.1,False,False,False,False,False
ATL1,83.86698565691754,83.36888054380594,0.3338006230529595,0.3197081437313667,37.9913781864746,36.364271864359225,96.59410699888954,78.31168947401395,0.08815721297029376,0.07865598595561214,1.1220482870527462,1.1750515509965997,-0.20159060043047194,0.08917744367035996,83.61793310036174,0.3267543833921631,1.1220482870527462,-0.20159060043047194,0.08815721297029376,"Disease related genes, Human disease related genes, Potential drug targets, Predicted intracellular proteins, Predicted membrane proteins, Transporters",,Tissue enhanced,brain: 56.1,False,True,False,False,False
GTF2H1,201.633566796558,197.94242330820646,0.634968847352025,0.6020712380354621,92.14534758186502,89.96141151986056,100.39702459727103,98.00148568462316,0.09778106999671991,0.10048133515703705,1.1213175638227746,1.1290244083060488,0.9988578618590256,1.0068288747128766,199.78799505238223,0.6185200426937436,1.1213175638227746,0.9988578618590256,0.10048133515703705,"Cancer-related genes, Essential proteins, Predicted intracellular proteins",Nucleoplasm,Low tissue specificity,,False,False,False,False,False
DIP2C,432.38601689237805,434.8806170235848,0.8038940809968848,0.7829907421936294,198.2239634472782,195.45187621874467,237.30205813900423,281.0270913696043,0.09190850748986797,0.07065049270979447,1.1212614150177325,1.1497571042114891,0.8628611942542519,0.6280992967856366,433.63331695798144,0.7934424115952571,1.1212614150177325,0.6280992967856366,0.09190850748986797,"Plasma proteins, Predicted intracellular proteins, Predicted membrane proteins","Nucleoplasm,Vesicles,Cytosol",Low tissue specificity,,False,True,False,False,False
NPY1R,54.978190109800686,57.474508928864765,0.2498442367601246,0.24729326847638475,24.058109902926457,25.897982104202285,20.53575503125998,36.69462021068082,0.13448023117835325,0.13336081546431194,1.1595872440039232,1.1203098954539972,1.3781309378324795,0.6334492045738612,56.22634951933273,0.24856875261825467,1.1203098954539972,0.6334492045738612,0.13448023117835325,"G-protein coupled receptors, Predicted intracellular proteins, Predicted membrane proteins",,Tissue enhanced,lymphoid tissue: 112.7,False,True,False,False,False
GOLGA2P5,28.160184331990447,25.921191264464674,0.14758566978193147,0.13172760081594226,11.750389585792265,11.391217692449876,19.775171511583686,23.71725452641565,0.12170324844088239,0.09968293373995546,1.1934585104494324,1.119424281751623,0.48913945212343385,0.12322374618526091,27.04068779822756,0.13965663529893685,1.119424281751623,0.12322374618526091,0.12170324844088239,,,,,False,False,False,False,False
ENSG00000289551,25.718697628672167,23.90971755020203,0.1368380062305296,0.12294053036246666,11.007281944003031,10.466289760156938,15.97225391320221,12.529870315842231,0.07336598699626919,0.06266188443344019,1.1539400780417697,1.1193100206425795,0.6546715197369674,0.8805606519273326,24.814207589437096,0.12988926829649813,1.1193100206425795,0.6546715197369674,0.07336598699626919,,,,,False,False,False,False,False
MACC1,93.32614880066376,93.58716701226021,0.3299065420560748,0.3171190961870391,41.79980485064442,42.54668488547518,39.55034302316737,57.726902526558845,0.09572652578781916,0.08027653233179675,1.1400535472129818,1.1190815673509846,1.2179436472338991,0.6876229143314665,93.45665790646198,0.32351281912155694,1.1190815673509846,0.6876229143314665,0.09572652578781916,Predicted intracellular proteins,Mitochondria,Tissue enhanced,intestine: 11.0,False,False,False,False,False
NDC80,28.67149044786862,30.775547828218535,0.10942367601246106,0.11336890004707359,12.63282991041698,13.63051689694857,13.690503354173321,18.34731010534041,0.12490514728628663,0.11923663699078169,1.12199232891881,1.1189362574439625,1.0141935684652381,0.715783998737421,29.723519138043578,0.11139628802976732,1.1189362574439625,0.715783998737421,0.12490514728628663,"Essential proteins, Predicted intracellular proteins","Nucleoplasm,Nuclear speckles,Centrosome,Cytosol",Tissue enhanced,bone marrow: 29.4;lymphoid tissue: 27.2,False,False,False,False,False
CSTF3,376.48747577399666,381.9788583384771,0.7941588785046729,0.774752863643496,168.49965777570884,175.54158546570193,181.77946120263468,221.0627120009308,0.14073935532780016,0.13415333789702913,1.155146419174893,1.1172566936589967,1.0463248148065603,0.786297592071255,379.2331670562369,0.7844558710740845,1.1172566936589967,0.786297592071255,0.14073935532780016,"Essential proteins, Predicted intracellular proteins",Nucleoplasm,Low tissue specificity,,False,False,False,False,False
PYROXD2,45.467896354466646,45.097240673768596,0.21799065420560748,0.2105758669386474,18.80991218278999,20.251053675466448,36.50800894446219,38.484601684372564,0.14312961407725738,0.12903681368521377,1.2300118493765921,1.117146020104856,0.3090356523979221,0.22339025850960978,45.28256851411762,0.21428326057212743,1.117146020104856,0.22339025850960978,0.14312961407725738,Predicted intracellular proteins,Mitochondria,Low tissue specificity,,False,False,False,False,False
CLSPN,28.33914147254781,28.482467793959117,0.10919003115264797,0.10316962184214655,12.539941455193325,12.46218687721012,9.887585755791843,28.639703579067955,0.11957589492706118,0.13036088546743144,1.1156051543009942,1.1309444996178808,1.4301425729968709,-0.007673731088686695,28.410804633253463,0.10617982649739727,1.1156051543009942,-0.007673731088686695,0.13036088546743144,"Essential proteins, Predicted intracellular proteins","Nucleoplasm,Golgi apparatus",Tissue enhanced,bone marrow: 10.6;lymphoid tissue: 7.3;retina: 6.3;testis: 5.4,False,False,False,False,False
CIP2A,59.18368291289867,61.80588232691034,0.22071651090342678,0.2259532402322297,26.798319332024256,24.43756957952922,28.902173747699234,30.429685052759705,0.08653609845397653,0.09345028543814135,1.1143747332358236,1.3039388510116718,1.0091220290401572,0.9987718712036334,60.494782619904505,0.22333487556782824,1.1143747332358236,0.9987718712036334,0.09345028543814135,"Predicted intracellular proteins, Predicted membrane proteins","Plasma membrane,Centrosome,Basal body,Cytosol",Low tissue specificity,,False,True,False,False,False
NUMA1,320.47389077954267,318.49674791634794,0.7661214953271028,0.7379570061195669,144.48799210039422,146.62541747717535,202.31521623389463,200.4779250534757,0.1670205095184583,0.14671214646721875,1.1438014858750958,1.1138601068907517,0.6609833792156788,0.6651794679838018,319.4853193479453,0.7520392507233349,1.1138601068907517,0.6609833792156788,0.1670205095184583,"Cancer-related genes, Essential proteins, Human disease related genes, Plasma proteins, Predicted intracellular proteins",Nucleoplasm,Low tissue specificity,,False,False,False,False,False
NPLOC4,165.0112662467838,161.03858556386768,0.5570093457943925,0.53279460222815,75.75053523489005,73.21534790360947,81.38243660536364,103.37143010569841,0.1215826999369419,0.11042890370242942,1.1130324359097237,1.1265479214496348,1.0108724502652398,0.6346105440451155,163.02492590532574,0.5449019740112713,1.1130324359097237,0.6346105440451155,0.1215826999369419,"Essential proteins, Predicted intracellular proteins, Transporters","Nucleoplasm,Cytosol",Tissue enhanced,skeletal muscle: 155.9,False,False,False,False,False
ERRFI1,147.1411174968416,153.82409984204568,0.4564641744548287,0.45159265651969244,60.377495895375276,70.63528577668706,82.90360364471623,118.13877726365531,0.12640397685093835,0.10939717985397138,1.2711904328253572,1.1118877544418908,0.8201674446687949,0.3779870004433688,150.48260866944364,0.4540284154872606,1.1118877544418908,0.3779870004433688,0.12640397685093835,Predicted intracellular proteins,Cytosol,Tissue enhanced,liver: 695.4;pancreas: 640.2,False,False,False,False,False
HMGA1P4,82.8443734251612,84.2539289780815,0.342601246105919,0.3404989800721795,36.64449558573161,38.50621023387971,44.11384414122515,47.4345090528313,0.08924540569327223,0.07267545381127434,1.1552750435123424,1.1096868655509435,0.8941437485397691,0.8157310049850475,83.54915120162136,0.34155011308904926,1.1096868655509435,0.8157310049850475,0.08924540569327223,,,,,False,False,False,False,False
SUV39H2,40.54657498913922,41.61068623571334,0.19361370716510903,0.1930017260316962,18.252581451448062,17.914393635989548,17.4934209525548,26.84972210537621,0.13770873360199945,0.13045596354255568,1.1096776489776532,1.1717307592645587,1.167717426959089,0.6135523540860102,41.07863061242628,0.19330771659840262,1.1096776489776532,0.6135523540860102,0.13770873360199945,"Enzymes, Metabolic proteins, Predicted intracellular proteins",Mitochondria,Tissue enriched,testis: 36.6,False,False,False,True,False
ACAD9,102.1078313408714,100.61391518741772,0.4116043613707165,0.39345677075160834,45.84045265287338,46.10035536217963,60.08609805442736,59.5168840002506,0.12784634098742842,0.09064003147885971,1.1383269909531235,1.1092881310035756,0.7552379191187752,0.7476883702628239,101.36087326414456,0.40253056606116244,1.1092881310035756,0.7476883702628239,0.12784634098742842,"Disease related genes, Human disease related genes, Metabolic proteins, Predicted intracellular proteins",Mitochondria,Low tissue specificity,,False,False,False,False,False
CATSPERB,162.19908260945382,160.34127467625666,0.4926791277258567,0.4715989329985878,71.84922011549658,73.7995129134787,100.39702459727103,122.6137309478847,0.08356836915542427,0.07813745965090291,1.163647514745375,1.1090147785189146,0.6866176291155863,0.3842765531515935,161.27017864285523,0.4821390303622223,1.1090147785189146,0.3842765531515935,0.08356836915542427,"Predicted intracellular proteins, Predicted membrane proteins, Transporters",Mid piece,Tissue enriched,pancreas: 10.3,False,True,False,False,False
ZNF124,159.94933569958988,157.0424577848659,0.5260903426791277,0.5099639102463518,70.03789523863531,72.33910038880562,73.01601788892438,96.21150421093142,0.12350444301048738,0.10992053953502776,1.179945880027705,1.1076577130525642,1.1206971973809527,0.7011132269925119,158.4958967422279,0.5180271264627397,1.1076577130525642,0.7011132269925119,0.12350444301048738,"Predicted intracellular proteins, Transcription factors","Nucleoplasm,Nuclear membrane",Low tissue specificity,,False,False,False,False,False
PSD3,261.23907725505615,262.4570902369905,0.5771028037383178,0.560332653381453,120.80143601836238,116.39487821644296,321.72682882307305,275.6571469485291,0.08431513597134685,0.07462374393930928,1.1063515406488074,1.1661985395387269,-0.29943083334678744,-0.07053118725957483,261.84808374602335,0.5687177285598854,1.1063515406488074,-0.29943083334678744,0.08431513597134685,Predicted intracellular proteins,"Nucleoplasm,Vesicles,Cytosol,Calyx,Mid piece,Principal piece,End piece",Tissue enhanced,brain: 65.1,False,False,False,False,False
STAP2,41.09622906370826,41.597276410951594,0.202803738317757,0.1990428369684607,17.04503153354056,18.790641150793387,19.775171511583686,35.79962947383495,0.20333185251860927,0.2020109333793384,1.2220893396279395,1.1059428385636747,1.0188306165993535,0.21106994999192433,41.34675273732992,0.20092328764310885,1.1059428385636747,0.21106994999192433,0.20333185251860927,Predicted intracellular proteins,,Tissue enhanced,esophagus: 89.7,False,False,False,False,False
KANK1,368.25544730835804,364.7204138701036,0.7329439252336448,0.7069668915738271,160.60413908169824,169.06708993965137,400.06693134973153,367.39369747523114,0.08302692998728142,0.07781159575239696,1.1921550544363153,1.1046371687379097,-0.11922381441004387,-0.010507222209899903,366.4879305892308,0.719955408403736,1.1046371687379097,-0.11922381441004387,0.08302692998728142,"Disease related genes, Human disease related genes, Plasma proteins, Predicted intracellular proteins",Plasma membrane,Low tissue specificity,,False,True,False,False,False
MYO10,159.48916019529952,159.21484939626959,0.516822429906542,0.5045504471991213,73.66054499235784,70.63528577668706,117.12986203014952,135.1436012637269,0.11130570151220866,0.11305760117555601,1.104057912824157,1.1612655653697004,0.4421021482151928,0.2348786916337375,159.35200479578455,0.5106864385528317,1.104057912824157,0.2348786916337375,0.11305760117555601,"Plasma proteins, Predicted intracellular proteins","Nucleoli rim,Plasma membrane,Cytosol",Low tissue specificity,,False,True,False,False,False
PRDM5,142.23257878441115,146.40846674879737,0.4532710280373832,0.44280558606621684,65.67213784312356,66.5948111250916,105.7211092350051,106.9513930530819,0.08013832924803632,0.07178074730108602,1.103203783288393,1.1248349831085376,0.42451410953817265,0.44943753070153075,144.32052276660426,0.44803830705180003,1.103203783288393,0.42451410953817265,0.08013832924803632,"Disease related genes, Human disease related genes, Predicted intracellular proteins, Transcription factors","Nucleoplasm,Nucleoli,Nuclear bodies",Low tissue specificity,,False,False,False,False,False
SAAL1,64.53961447672255,67.9744017173158,0.2942367601246106,0.29177781264710495,27.7272038842608,31.106786775536204,34.9868419051096,39.827087789641375,0.1330534540342928,0.11883006984619347,1.189949609224416,1.1031827493317479,0.8648976852244156,0.7565343744281867,66.25700809701917,0.29300728638585777,1.1031827493317479,0.7565343744281867,0.1330534540342928,Predicted intracellular proteins,Nucleoplasm,Low tissue specificity,,False,False,False,False,False
ZBED3-AS1,128.56792283756693,128.66726858900083,0.45529595015576324,0.44037345049427273,59.40216711552691,59.04934641428077,61.607265093779944,82.33914778982037,0.08955425346279657,0.07779678503230669,1.1010363773009986,1.1105939029439393,1.049306608363536,0.6377480990676314,128.6175957132839,0.447834700325018,1.1010363773009986,0.6377480990676314,0.08955425346279657,,,,,False,False,False,False,False
ANKRD26,358.79628416461185,352.9197680797627,0.7713395638629283,0.746900988545426,163.9481234697498,164.00432652078476,231.97797350127018,211.6653092640491,0.08521581908880226,0.07905984322687544,1.12516792188163,1.1009184919317545,0.6269867228513002,0.7348376304536781,355.8580261221873,0.7591202762041771,1.1009184919317545,0.6269867228513002,0.08521581908880226,"Disease related genes, Human disease related genes, Predicted intracellular proteins","Golgi apparatus,Vesicles,Cytosol",Low tissue specificity,,False,False,False,False,False
E2F8,26.34504762062293,29.273647454902424,0.1043613707165109,0.11195669229562216,11.750389585792265,11.634619779895386,12.16933631482073,18.34731010534041,0.13447343430430456,0.12832109920833934,1.1007382454754204,1.2606802564546575,1.0540969335078427,0.6459295060507694,27.809347537762676,0.10815903150606654,1.1007382454754204,0.6459295060507694,0.13447343430430456,"Predicted intracellular proteins, Transcription factors","Nucleoplasm,Nucleoli,Cytosol",Tissue enhanced,bone marrow: 13.4;lymphoid tissue: 11.0;skeletal muscle: 11.8,False,False,False,False,False
DCAF4,28.824882282632075,29.541843950137444,0.15490654205607476,0.1493801977090852,12.539941455193325,13.241073557035755,16.732837432878505,26.40222673695327,0.14828700491289915,0.10363592289973596,1.1392949427686838,1.1007292594987976,0.7500930432163107,0.15649403379698937,29.18336311638476,0.15214336988257998,1.1007292594987976,0.15649403379698937,0.14828700491289915,Predicted intracellular proteins,Nucleoplasm,Low tissue specificity,,False,False,False,False,False
MRAS,157.81463266579848,161.33360170862622,0.5358255451713395,0.5265965793190021,69.99145101102349,74.77312126326073,76.81893548730586,97.10649494777729,0.11712284835130758,0.11803303390349153,1.1616266370323898,1.0992035746570237,1.0291506934290298,0.7265411011897197,159.57411718721235,0.5312110622451708,1.0992035746570237,0.7265411011897197,0.11803303390349153,"Disease related genes, Enzymes, Human disease related genes, Potential drug targets, Predicted intracellular proteins, RAS pathway related proteins","Vesicles,Cytosol",Tissue enhanced,brain: 111.6;heart muscle: 113.4,False,False,False,True,False
ANXA3,82.83159077226424,87.43205744661648,0.3192367601246106,0.31758983210418956,38.13071086931007,38.60357106885792,142.98970169914358,135.59109663214986,0.1152931050877123,0.11796460494752233,1.0991926867597288,1.1589389303352449,-0.780399721116282,-0.627222088054618,85.13182410944036,0.31841329611440006,1.0991926867597288,-0.780399721116282,0.11796460494752233,"FDA approved drug targets, Metabolic proteins, Plasma proteins, Predicted intracellular proteins",Plasma membrane,Tissue enhanced,bone marrow: 319.2,True,True,False,False,False
SIPA1L3,308.624371544066,293.9835882518671,0.7250778816199377,0.6960615094931744,137.47491373100831,136.69461230939854,189.38529639939762,198.68794357978396,0.0975717718215689,0.08146690779992208,1.1608943954719468,1.099162579665262,0.7015969726658663,0.5628874599090822,301.30397989796654,0.710569695556556,1.099162579665262,0.5628874599090822,0.0975717718215689,"Disease related genes, Human disease related genes, Predicted intracellular proteins","Nucleoplasm,Golgi apparatus,Plasma membrane",Low tissue specificity,,False,True,False,False,False
FAM20B,164.8706570649173,170.3450039485229,0.5512461059190031,0.5452691040326377,76.49364287667929,75.30860585564085,85.94593772342141,111.42634673731126,0.11748225482792186,0.11382846111979447,1.0979088223698585,1.1669864524222158,0.9318681636830467,0.6079239606638297,167.60783050672012,0.5482576049758204,1.0979088223698585,0.6079239606638297,0.11748225482792186,"Metabolic proteins, Predicted intracellular proteins","Nucleoplasm,Golgi apparatus",Low tissue specificity,,False,False,False,False,False
DOCK1,505.61783533902957,505.18832824944525,0.8376168224299065,0.8130393849050682,235.70445513002272,221.64194082788157,390.1793455939397,327.1191143171668,0.09040157375698415,0.07513061198388425,1.097811007624154,1.1849488518126026,0.3730676701202755,0.6254546026459212,505.40308179423744,0.8253281036674873,1.097811007624154,0.3730676701202755,0.09040157375698415,"Plasma proteins, Predicted intracellular proteins","Nucleoplasm,Nucleoli,Plasma membrane,Actin filaments,Focal adhesion sites,Cytosol",Low tissue specificity,,False,True,False,False,False
DHX32,146.4125062817152,145.0540744478605,0.5083333333333333,0.48634865840263614,67.90146076849128,61.337326036268564,109.52402683338657,87.26159684247268,0.0891598194349204,0.08921649015588057,1.097252451255233,1.2283344284644955,0.41549889457629374,0.7266448512435993,145.73329036478785,0.49734099586798475,1.097252451255233,0.41549889457629374,0.08921649015588057,"Enzymes, Predicted intracellular proteins",,Low tissue specificity,,False,False,False,True,False
MEOX2,263.6166506938897,263.75784323888035,0.5327102803738317,0.5220461321198807,122.7056493504473,105.58782553386231,79.10068604633474,118.13877726365531,0.07800385675661073,0.08051230831569561,1.0969924580150772,1.312630760718846,1.7240173401807382,1.1520303658264583,263.68724696638503,0.5273782062468562,1.0969924580150772,1.1520303658264583,0.08051230831569561,"Predicted intracellular proteins, Transcription factors",,Tissue enhanced,adipose tissue: 38.4;blood vessel: 30.8;placenta: 39.6,False,False,False,False,False
ZNF85,57.95654823479105,56.32126399935418,0.26222741433021807,0.2482347403106857,26.287432828294158,25.84930168671318,33.46567486575701,38.03710631594963,0.11428088422115401,0.10794796129934675,1.1114153867221443,1.0941858568331544,0.7744917958267059,0.5542243080939114,57.138906117072615,0.2552310773204519,1.0941858568331544,0.5542243080939114,0.11428088422115401,"Predicted intracellular proteins, Transcription factors",Nucleoplasm,Low tissue specificity,,False,False,False,False,False
CACNA1D,49.41773609962554,51.2523502394123,0.20950155763239875,0.20877137925623726,22.618338846959816,21.95486828758502,30.423340787051828,32.66716189487439,0.10441661487425775,0.07498739854781937,1.0940238395589954,1.1866957750527,0.6820947689437477,0.6341538204384404,50.335043169518926,0.209136468444318,1.0940238395589954,0.6341538204384404,0.10441661487425775,"Cancer-related genes, Disease related genes, FDA approved drug targets, Human disease related genes, Plasma proteins, Predicted intracellular proteins, Predicted membrane proteins, Transporters, Voltage-gated ion channels",Nuclear membrane,Low tissue specificity,,True,True,False,False,False
NF2,111.17073224481203,106.4471889587794,0.42429906542056073,0.40412678487368586,51.46020419390447,49.36194333394946,65.41018269216141,70.70426821082401,0.11084271861908272,0.10872309783173055,1.0964009666878753,1.0932218803435847,0.7562199224144914,0.5834968360611505,108.80896060179572,0.41421292514712327,1.0932218803435847,0.5834968360611505,0.11084271861908272,"Cancer-related genes, Disease related genes, Human disease related genes, Plasma proteins, Predicted intracellular proteins","Nucleoplasm,Plasma membrane,Cytosol",Low tissue specificity,,False,True,False,False,False
SEPTIN9,269.9184985720882,260.1774200274928,0.6851246105919003,0.6585595480935196,117.45745163031083,121.50632205279868,157.4407885729932,186.15807326394173,0.13453234125956665,0.11433515125768354,1.1934899505416423,1.0921739719765011,0.7739151187028626,0.48077289297027515,265.0479592997905,0.67184207934271,1.0921739719765011,0.48077289297027515,0.13453234125956665,"Disease related genes, Human disease related genes, Plasma proteins, Predicted intracellular proteins","Actin filaments,Microtubules,Cytokinetic bridge,Primary cilium",Low tissue specificity,,False,False,False,False,False
CXADR,100.19043340632824,103.5774864597647,0.4022585669781931,0.3999686176055233,46.49067183943897,45.95431410971232,74.53718492827697,89.49907368458737,0.10723229600528487,0.14695401515570053,1.091356832452804,1.155242677974496,0.4218139789235928,0.2085973697727092,101.88395993304647,0.4011135922918582,1.091356832452804,0.2085973697727092,0.14695401515570053,"Predicted membrane proteins, Predicted secreted proteins, Transporters","Nucleoplasm,Plasma membrane,Cell Junctions",Tissue enhanced,skin 1: 50.3,False,True,False,False,True
ENSG00000278932,47.21911980134939,43.62215994997599,0.23442367601246106,0.21136042680056488,21.643010067111444,18.839321568282486,25.859839668994052,20.137291579032155,0.07258047003661719,0.0662023310151235,1.090539559254082,1.1693976576766185,0.8441546229248901,1.077969820152946,45.42063987566269,0.22289205140651297,1.090539559254082,0.8441546229248901,0.07258047003661719,,,,,False,False,False,False,False
TNFRSF19,40.8022280470783,41.7581943080926,0.18559190031152648,0.18091950415816727,16.02325852608036,19.082723655727996,26.620423188670348,27.744712842222082,0.10287036389556678,0.10347612860582853,1.2960726210549784,1.090245985383396,0.5978444154577135,0.572904310486927,41.28021117758545,0.18325570223484688,1.090245985383396,0.572904310486927,0.10347612860582853,"Plasma proteins, Predicted membrane proteins","Nucleoplasm,Golgi apparatus",Tissue enhanced,salivary gland: 52.1;skin 1: 101.5,False,True,False,False,False
RASSF6,76.4019163650962,78.8631794238576,0.3059968847352025,0.30558606621685236,32.92895737678544,36.51031311682653,152.8772874549354,126.64118926369113,0.08316246415006313,0.08287451883464557,1.1898521886670992,1.0902432021539274,-0.9913391121069707,-0.6764915425361562,77.6325478944769,0.3057914754760274,1.0902432021539274,-0.9913391121069707,0.08316246415006313,Predicted intracellular proteins,"Nucleoplasm,Golgi apparatus",Tissue enhanced,lymphoid tissue: 28.5;stomach 1: 33.0,False,False,False,False,False
ENSG00000254459,50.44034833138189,47.122124212793,0.23489096573208723,0.2188137454887808,23.17566957830174,21.224662025248488,22.056922070612575,33.114657263297325,0.0939019673649819,0.07280497105277511,1.0893445643224797,1.114538847665351,1.1577004753202509,0.49630860536826704,48.78123627208744,0.22685235561043401,1.0893445643224797,0.49630860536826704,0.0939019673649819,,,,,False,False,False,False,False
GEN1,97.16094466975007,99.32657201028962,0.32928348909657323,0.32010042366232544,45.14378923869597,44.68862325499567,38.78975950349108,69.3617821055552,0.09472264775827556,0.08503798490369761,1.089012652895423,1.1347968865089042,1.3027519539583905,0.5118398331831797,98.24375834001984,0.32469195637944936,1.089012652895423,0.5118398331831797,0.09472264775827556,Predicted intracellular proteins,Nucleoplasm,Tissue enhanced,bone marrow: 14.3,False,False,False,False,False
INCENP,25.923220075023433,25.277519675900628,0.12087227414330218,0.11266279617134788,11.65750113056861,10.368928925178732,10.64816927546814,13.424861052688104,0.19310879884418322,0.1511844126420559,1.0888583565879986,1.2087327633909293,1.208747743122254,0.8652716845107518,25.60036987546203,0.11676753515732502,1.0888583565879986,0.8652716845107518,0.19310879884418322,"Essential proteins, Predicted intracellular proteins","Nucleoplasm,Nuclear bodies,Kinetochore,Midbody",Tissue enhanced,bone marrow: 19.8,False,False,False,False,False
SLITRK5,22.791470115269618,24.11086492162829,0.12141744548286604,0.12144986662482347,6.455747638043971,10.807052682580652,9.127002236115548,25.507236000107397,0.11658009594833359,0.11527257268895756,1.6740194874633716,1.0886628426864575,1.2322372458787705,-0.07807452149060308,23.451167518448955,0.12143365605384476,1.0886628426864575,-0.07807452149060308,0.11658009594833359,Predicted membrane proteins,Vesicles,Tissue enhanced,brain: 9.2;fallopian tube: 9.6;salivary gland: 9.2,False,True,False,False,False
ZMYND8,366.77265957231134,369.8563767538542,0.7765576323987539,0.7496469480621372,171.98297484659588,169.5052136970533,229.6962229422413,203.61039263243626,0.0939666486412186,0.08536111946407862,1.0881841795767786,1.121044721339758,0.6728198491795199,0.8579811511528953,368.31451816308277,0.7631022902304455,1.0881841795767786,0.6728198491795199,0.0939666486412186,"Disease related genes, Predicted intracellular proteins","Nucleoplasm,Nucleoli",Low tissue specificity,,False,False,False,False,False
EHHADH,66.32918588229614,64.35374903164302,0.2913551401869159,0.27310528793346933,30.560301768582256,29.743735085841344,35.747425424785895,30.877180421182643,0.08940539185647828,0.08333969506440503,1.0931210204769413,1.0879775488209864,0.8735888441513745,1.0357459722159528,65.34146745696958,0.2822302140601926,1.0879775488209864,0.8735888441513745,0.08940539185647828,"Disease related genes, Enzymes, Human disease related genes, Metabolic proteins, Plasma proteins, Potential drug targets, Predicted intracellular proteins",,Group enriched,kidney: 134.7;liver: 322.1,False,False,False,True,False
PRDM10,86.85812643480484,86.2519928675824,0.3694704049844237,0.35289502589047544,38.45582046259287,40.06398359353098,35.747425424785895,46.98701368440837,0.11792851680409458,0.09943900352901577,1.1549375943254654,1.0873144941284232,1.2575325581515377,0.8625440489655973,86.55505965119363,0.36118271543744956,1.0873144941284232,0.8625440489655973,0.11792851680409458,"Essential proteins, Predicted intracellular proteins, Transcription factors","Nucleoplasm,Nucleoli fibrillar center,Vesicles",Low tissue specificity,,False,False,False,False,False
MASTL,51.24565546389002,50.95733409465378,0.22141744548286604,0.21081123489722267,21.87523120517058,23.46396122974718,30.423340787051828,36.69462021068082,0.10444926899818577,0.10482315189331302,1.191524748414664,1.0866693832655623,0.733474503953777,0.46296877246210977,51.1014947792719,0.21611434019004436,1.0866693832655623,0.46296877246210977,0.10482315189331302,"Disease related genes, Enzymes, Essential proteins, Potential drug targets, Predicted intracellular proteins",Nucleoplasm,Low tissue specificity,,False,False,False,True,False
TRIM2,176.42617528376402,180.69738866459465,0.5450934579439253,0.5293425388357131,81.37028677592114,84.65524601354844,131.58094890399914,173.18070757967655,0.09276273991718116,0.08303381216087044,1.1070229462380246,1.084924172499842,0.4203453792652375,0.06095284694747938,178.56178197417933,0.5372179983898192,1.084924172499842,0.06095284694747938,0.09276273991718116,"Disease related genes, Enzymes, Human disease related genes, Potential drug targets, Predicted intracellular proteins",Centrosome,Tissue enhanced,brain: 62.9,False,False,False,True,False
MYH14,31.85437101921026,29.917319043466474,0.15794392523364487,0.14420210262042993,14.211933649219104,13.581836479459469,30.423340787051828,26.40222673695327,0.15473501185074834,0.13644699724973455,1.1108817712933483,1.084242794823235,0.0642487531223122,0.1741220901622897,30.885845031338366,0.1510730139270374,1.084242794823235,0.0642487531223122,0.15473501185074834,"Disease related genes, Human disease related genes, Plasma proteins, Predicted intracellular proteins",Nucleoplasm,Tissue enhanced,intestine: 70.3;skeletal muscle: 133.3,False,False,False,False,False
TRIOBP,131.77636871470247,128.92205525947406,0.4954828660436137,0.4749725404048329,59.40216711552691,60.31503726899743,91.27002236115547,91.28905515827911,0.11981025098529395,0.10863288179438108,1.136326184653909,1.0833335224168936,0.5250644899879788,0.49341489055428855,130.34921198708827,0.48522770322422326,1.0833335224168936,0.49341489055428855,0.11981025098529395,"Disease related genes, Human disease related genes, Plasma proteins, Predicted intracellular proteins",,Low tissue specificity,,False,False,False,False,False
NAT10,96.7007691654597,95.38408353033483,0.396183800623053,0.3841205083947905,45.14378923869597,42.74140655543159,57.80434749539847,50.56697663179186,0.11269487443982812,0.10721950605650002,1.082233439882627,1.1397953127640568,0.7324471004368708,0.9023474625127378,96.04242634789728,0.3901521545089217,1.082233439882627,0.7324471004368708,0.11269487443982812,"Essential proteins, Metabolic proteins, Plasma proteins, Predicted intracellular proteins","Nucleoli,Midbody",Low tissue specificity,,False,False,False,False,False
HULC,246.32172132431043,238.92284778011748,0.5898753894080997,0.5650400125529578,115.8783478915087,103.25116549438543,214.48455254871536,166.46827705333249,0.07441352862985814,0.06479785856746442,1.081381261204088,1.2025070389601151,0.1988045012262181,0.5186827149536615,242.62228455221396,0.5774577009805287,1.081381261204088,0.1988045012262181,0.07441352862985814,,,,,False,False,False,False,False
TMEM213,76.42748167089009,75.06819901628207,0.3029595015576324,0.28848266122705163,31.16407672753601,34.95253975717526,38.02917598381479,68.0192960002864,0.14359620666687378,0.15532705042269346,1.2673954426556244,1.0811997592960696,0.9882927155252762,0.14029369003925599,75.74784034358608,0.295721081392342,1.0811997592960696,0.14029369003925599,0.15532705042269346,"Predicted intracellular proteins, Predicted membrane proteins",,Group enriched,kidney: 70.9;salivary gland: 49.2,False,True,False,False,False
RAVER2,67.10892770901037,68.53761435730934,0.29190031152647977,0.28189235838694493,31.210520955147835,28.91616798852661,52.4802628576644,65.33432378974878,0.10156419340353497,0.08870699226320805,1.0803119246419954,1.2168681831845385,0.3488373625495199,0.06803800666818148,67.82327103315986,0.28689633495671235,1.0803119246419954,0.06803800666818148,0.10156419340353497,Predicted intracellular proteins,Nucleoplasm,Low tissue specificity,,False,False,False,False,False
RFTN2,174.47042939053003,168.03851408950172,0.5105140186915887,0.4773262199905853,82.02050596248671,76.6716575453357,66.17076621183772,71.5992589476699,0.08828477579219743,0.07662573743178432,1.0796882958279155,1.1218918315130906,1.3853225344786348,1.2193252634323,171.25447174001587,0.49392011934108704,1.0796882958279155,1.2193252634323,0.08828477579219743,Predicted intracellular proteins,Plasma membrane,Tissue enhanced,brain: 24.7,False,True,False,False,False
C11orf80,165.70152950321932,159.45622624198108,0.52702492211838,0.494743448925153,77.93341393264593,73.21534790360947,108.00285979403398,99.79146715831492,0.08087240971729551,0.07285193755169941,1.0785592878667205,1.1123902966867822,0.6129013552767565,0.6708062643406797,162.5788778726002,0.5108841855217665,1.0785592878667205,0.6129013552767565,0.08087240971729551,"Disease related genes, Human disease related genes, Predicted intracellular proteins",Centrosome,Low tissue specificity,,False,False,False,False,False
DENND1B,480.2698346443691,484.4969686420635,0.8343457943925233,0.8091165855954809,217.86987172708106,228.89532303375776,270.7677330047613,280.13210063275847,0.07777393655142605,0.07802549153978522,1.1367726242134624,1.0784851714190922,0.8244718248970258,0.7882140927189156,482.3834016432163,0.8217311899940021,1.0784851714190922,0.7882140927189156,0.07802549153978522,"Disease related genes, Predicted intracellular proteins, Predicted membrane proteins","Nuclear speckles,Cytosol",Low tissue specificity,,False,True,False,False,False
ENSG00000291224,57.45802477180983,54.135462563188774,0.2541277258566978,0.23175898321041896,23.22211380591357,25.11909542437665,25.859839668994052,40.27458315806431,0.12599543609571087,0.11591637657484964,1.2710763119215296,1.077875610693051,1.1219503898957222,0.41772689888420617,55.7967436674993,0.24294335453355836,1.077875610693051,0.41772689888420617,0.12599543609571087,,,,,False,False,False,False,False
CSGALNACT1,225.0258215979845,222.73718929268404,0.5458722741433022,0.5182017887964852,102.45596611169066,105.00366052399309,84.42477068406882,84.57662463193505,0.08077134217504484,0.07613548263828097,1.1274707530257522,1.07769099427563,1.4037612231686143,1.3865163976515402,223.88150544533426,0.5320370314698937,1.07769099427563,1.3865163976515402,0.08077134217504484,"Disease related genes, Enzymes, Human disease related genes, Metabolic proteins, Potential drug targets, Predicted intracellular proteins","Golgi apparatus,Cytosol",Tissue enhanced,thyroid gland: 70.7,False,False,False,True,False
PRIM2,267.09353228186126,261.18315688462417,0.6159657320872274,0.5860662168523458,117.64322854075813,123.35617791738456,127.77803130561767,167.36326779017836,0.08635969657428022,0.07822998786980948,1.1761066526138144,1.076096825931026,1.0578499148743916,0.638997590657147,264.1383445832427,0.6010159744697866,1.076096825931026,0.638997590657147,0.08635969657428022,"Essential proteins, Plasma proteins, Predicted intracellular proteins",Nucleoplasm,Tissue enhanced,prostate: 30.3,False,False,False,False,False
ZNF670,54.59471052289206,55.986018380310405,0.24742990654205607,0.24376274909775617,24.429663723821072,26.044023356669587,39.55034302316737,37.589610947526694,0.09945261389315509,0.08260927816800308,1.1284352420987487,1.0752981966796482,0.45523350784714683,0.5623954959320314,55.290364451601235,0.24559632781990612,1.0752981966796482,0.45523350784714683,0.09945261389315509,"Predicted intracellular proteins, Transcription factors","Nucleoplasm,Cytosol",Low tissue specificity,,False,False,False,False,False
ZNF273,60.14238188017025,59.566441591697924,0.2833333333333333,0.274439039698729,28.052313477543592,27.50443588134265,35.747425424785895,41.16957389491019,0.13445790117184786,0.12831275003614379,1.073519703274419,1.0873322024381675,0.7345295790725742,0.5223162085648481,59.854411735934086,0.27888618651603114,1.073519703274419,0.5223162085648481,0.13445790117184786,"Predicted intracellular proteins, Transcription factors",Nucleoplasm,Tissue enhanced,brain: 10.7,False,False,False,False,False
ENSG00000268362,45.96641981744787,45.13747014805386,0.22803738317757008,0.21724462576494585,21.317900473828654,20.397094927933754,32.70509134608071,24.16474989483859,0.09969053786828184,0.07648719182975103,1.0734283092473251,1.1085239630235637,0.47866308804759644,0.874534639638267,45.55194498275087,0.22264100447125795,1.0734283092473251,0.47866308804759644,0.09969053786828184,,,,,False,False,False,False,False
TTLL4,52.86905238180322,52.43241481844639,0.24875389408099688,0.24038914169151107,24.61544063426838,22.19827037503053,43.353260621548856,39.37959242121844,0.1529556153320948,0.12713564239987002,1.0724429776427544,1.203697975240932,0.28041651886812696,0.4040888709914828,52.65073360012481,0.24457151788625398,1.0724429776427544,0.28041651886812696,0.1529556153320948,Predicted intracellular proteins,Mitochondria,Low tissue specificity,,False,False,False,False,False
NVL,188.92760981698538,181.38128972744397,0.6031152647975078,0.5611172132433705,86.20048644755117,85.7262151983087,113.32694443176806,110.5313560004654,0.09803864567031209,0.091938526849658,1.123041557411753,1.0724176771291003,0.7322841894226919,0.7095083653551663,185.15444977221466,0.5821162390204391,1.0724176771291003,0.7095083653551663,0.09803864567031209,"Essential proteins, Predicted intracellular proteins",Nucleoli,Low tissue specificity,,False,False,False,False,False
PARD6B,48.33121060338443,51.10484216703305,0.23302180685358256,0.2385846540091009,22.479006164124332,23.317919977279878,32.70509134608071,42.064564631756056,0.11313795588458993,0.12406509328027779,1.0711293496250751,1.0993976163923176,0.5495341567817611,0.2749162039784562,49.71802638520874,0.23580323043134171,1.0711293496250751,0.2749162039784562,0.12406509328027779,Predicted intracellular proteins,"Plasma membrane,Cell Junctions,Cytosol",Tissue enhanced,kidney: 15.0,False,True,False,False,False
PKNOX1,98.91216811663281,92.63506945417588,0.41051401869158877,0.3712537266593441,43.843350865564815,43.56897365274632,73.01601788892438,63.09684694763409,0.09499215972092256,0.08227359818197172,1.1557663060299959,1.0710092298628164,0.4328228720848367,0.5467955788670503,95.77361878540435,0.3908838726754664,1.0710092298628164,0.4328228720848367,0.09499215972092256,"Predicted intracellular proteins, Transcription factors",Nucleoplasm,Low tissue specificity,,False,False,False,False,False
PAK1,187.30421289907218,185.87358102263056,0.5605919003115265,0.5396202730268319,87.03648254456405,87.96551440280739,108.00285979403398,94.8690181056626,0.09601011542616825,0.08901559755079239,1.0968918681860216,1.0707445052346132,0.7886992915115131,0.9629260632436611,186.58889696085137,0.5501060866691792,1.0707445052346132,0.7886992915115131,0.09601011542616825,"Disease related genes, Enzymes, Human disease related genes, Plasma proteins, Potential drug targets, Predicted intracellular proteins, RAS pathway related proteins","Plasma membrane,Cytosol",Tissue enhanced,brain: 118.6,False,True,False,True,False
ZNF257,38.74422093066866,39.25055707764517,0.18177570093457943,0.17817354464145616,17.927471858165273,17.573630713565837,17.4934209525548,24.16474989483859,0.09938955004847431,0.10012938671941454,1.0702633751867345,1.1157528943961406,1.103732976122144,0.6776044912430387,38.997389004156915,0.1799746227880178,1.0702633751867345,0.6776044912430387,0.10012938671941454,"Predicted intracellular proteins, Transcription factors",,Low tissue specificity,,False,False,False,False,False
LARP1B,257.5704558736303,258.68892947893846,0.6458722741433022,0.6285109053820807,122.14831861910537,118.19605366353974,147.55320281720134,197.7929528429381,0.08626356923852413,0.08712610841484779,1.0701605125529794,1.1234480414157901,0.7995777328643516,0.3855178986846494,258.1296926762844,0.6371915897626914,1.0701605125529794,0.3855178986846494,0.08712610841484779,Predicted intracellular proteins,Cytosol,Low tissue specificity,,False,False,False,False,False
GCNT2,109.39394349213539,110.45672656254295,0.35085669781931467,0.33547779695590774,51.506648421516296,52.136727130828284,72.25543436924808,94.42152273723967,0.09574658275948093,0.08649466366100382,1.0720890098478062,1.0687024125475635,0.5916533308951982,0.2240970736459411,109.92533502733917,0.3431672473876112,1.0687024125475635,0.2240970736459411,0.09574658275948093,"Disease related genes, Enzymes, Human disease related genes, Metabolic proteins, Potential drug targets, Predicted intracellular proteins",Golgi apparatus,Tissue enhanced,prostate: 13.7,False,False,False,True,False
ENSG00000240963,47.74320857012452,49.46884354609942,0.22858255451713397,0.22148124901930016,22.246785026065197,22.73375496741065,29.66275726737553,34.0096480001432,0.07500997198477669,0.07637413363819327,1.0681700122270366,1.0884526583777498,0.6687137876542688,0.5276404723380035,48.60602605811197,0.22503190176821708,1.0681700122270366,0.5276404723380035,0.07637413363819327,,,,,False,False,False,False,False
ENGASE,53.06079217525754,50.689137599418764,0.2602803738317757,0.24368429311156442,22.479006164124332,23.65868289970359,25.859839668994052,29.087198947490894,0.2264271611020015,0.1632070367263933,1.2032113101069148,1.0677653892566734,1.009131959341524,0.7807113308645935,51.87496488733815,0.2519823334716701,1.0677653892566734,0.7807113308645935,0.2264271611020015,"Enzymes, Metabolic proteins, Predicted intracellular proteins","Centrosome,Cytosol",Low tissue specificity,,False,False,False,True,False
SAMD12,188.8636965525006,188.97125054259504,0.45272585669781934,0.44021653852188924,89.63735929082638,89.66932901492595,194.7093810371317,163.78330484279488,0.08543054841049874,0.0711252356418134,1.0667863429737936,1.0670945899950453,-0.04374883395515021,0.20521102153926565,188.91747354754784,0.4464711976098543,1.0667863429737936,-0.04374883395515021,0.08543054841049874,"Disease related genes, Human disease related genes, Predicted intracellular proteins","Golgi apparatus,Cytosol",Low tissue specificity,,False,False,False,False,False
LONRF2,22.101206858834082,22.448046651171165,0.10973520249221184,0.10670014122077515,10.031953164154661,8.56775347808196,12.929919834497026,16.109833263225728,0.09234375643977481,0.07254567291622765,1.0662799861767642,1.2932156206931618,0.7297812678573847,0.45464204275316406,22.274626755002622,0.1082176718564935,1.0662799861767642,0.45464204275316406,0.09234375643977481,Predicted intracellular proteins,Nucleoplasm,Tissue enhanced,epididymis: 39.8;fallopian tube: 40.8,False,False,False,False,False
CTSV,21.487639519780274,21.884834011177627,0.11105919003115265,0.11132904440608818,8.870847473858982,9.930805167776816,11.408752795144434,20.584786947455093,0.15591151801982475,0.13295061410029835,1.18788637291439,1.0659921533297638,0.8577741150521266,0.08437697503196775,21.686236765478952,0.11119411721862041,1.0659921533297638,0.08437697503196775,0.15591151801982475,"Enzymes, Metabolic proteins, Predicted intracellular proteins","Nucleoplasm,Nucleoli fibrillar center,Plasma membrane,Cytosol",Tissue enriched,lymphoid tissue: 599.5,False,True,False,True,False
BLM,48.95756059533519,48.4631066889681,0.19742990654205608,0.1890789267221089,22.107452343229717,22.63639413243245,25.859839668994052,29.087198947490894,0.10775773495816926,0.09453660694865314,1.1123448248419496,1.0653428947660197,0.8952523394355977,0.7172030544945662,48.71033364215164,0.19325441663208248,1.0653428947660197,0.7172030544945662,0.10775773495816926,"Cancer-related genes, Disease related genes, Enzymes, Human disease related genes, Plasma proteins, Potential drug targets, Predicted intracellular proteins","Nucleoplasm,Cytosol",Tissue enhanced,bone marrow: 5.3;lymphoid tissue: 7.4;salivary gland: 7.4,False,False,False,True,False
TFAP2A,113.65056690682118,120.07157091671841,0.4485202492211838,0.4487682410167896,51.73886955957543,56.90740804476028,92.79118940050807,132.4586290531893,0.14942203267668908,0.15823285593633307,1.120304935607009,1.0640403145203945,0.2897191788828968,-0.14053244664393622,116.86106891176979,0.4486442451189867,1.0640403145203945,-0.14053244664393622,0.15823285593633307,"Disease related genes, Human disease related genes, Predicted intracellular proteins, Transcription factors",Nucleoplasm,Tissue enhanced,breast: 30.8;skin 1: 63.0,False,False,False,False,False
HGS,76.734265340417,76.75783693626269,0.35,0.33516397301114076,36.180053309613335,35.9261481069573,48.67734525928292,45.644527579139556,0.20223828028879076,0.1547367264956569,1.0640218413971236,1.0743453087523804,0.6459626017474072,0.7372802552836697,76.74605113833985,0.34258198650557037,1.0640218413971236,0.6459626017474072,0.20223828028879076,"Essential proteins, Plasma proteins, Predicted intracellular proteins","Endosomes,Lysosomes,Cytosol",Low tissue specificity,,False,False,False,False,False
PELI1,300.775822665336,307.44705231266505,0.7062305295950155,0.6842146555782206,143.55910754815767,141.75737572826512,266.9648154063798,224.64267494831427,0.0859067429996333,0.0805125022121878,1.0618177215787337,1.111457573102624,0.1714336434015067,0.45098291414301667,304.11143748900054,0.695222592586618,1.0618177215787337,0.1714336434015067,0.0859067429996333,"Enzymes, Predicted intracellular proteins","Nucleoplasm,Nucleoli,Intermediate filaments,Centriolar satellite,Centrosome,Basal body,Cytosol",Tissue enriched,bone marrow: 215.9,False,False,False,True,False
ENSG00000272800,46.720596338368175,45.7275024375709,0.2164330218068536,0.20688843558763534,21.87523120517058,19.277445325684408,30.423340787051828,34.90463873698907,0.09643288088930317,0.07597510472681294,1.0608257466043123,1.2043960235043951,0.6027755021434251,0.38010168134065064,46.224049387969536,0.21166072869724445,1.0608257466043123,0.38010168134065064,0.09643288088930317,,,,,False,False,False,False,False
GPRC5D-AS1,27.725574133494,26.135748460652692,0.14205607476635515,0.13141377687117528,12.77216259325246,10.953093935047958,37.268592464138486,32.66716189487439,0.09166658335176164,0.07144836843312329,1.0605806095920314,1.1828106085027743,-0.4138251109400714,-0.31114740689538933,26.930661297073346,0.13673492581876523,1.0605806095920314,-0.4138251109400714,0.09166658335176164,,,,,False,False,False,False,False
CHCHD6,82.75489485488251,81.08921033430828,0.33901869158878506,0.3230817511376118,35.808499488718724,38.36016898141241,69.9736838102192,56.38441642129004,0.09632173821866484,0.07926061653201578,1.1861345688335225,1.0604561946092323,0.2388893180216515,0.5165336039690267,81.92205259459539,0.3310502213631984,1.0604561946092323,0.2388893180216515,0.09632173821866484,Predicted intracellular proteins,"Mitochondria,Cytosol",Tissue enhanced,brain: 62.3,False,False,False,False,False
EWSR1,416.3565701595973,435.4304198388166,0.8238317757009346,0.8131962968774518,193.99753873460193,208.54690852331314,229.6962229422413,289.97699873806306,0.1282799245471988,0.12222311592407017,1.0978245680997845,1.0584784257902329,0.8552860986542563,0.5848465481942295,425.89349499920695,0.8185140362891932,1.0584784257902329,0.5848465481942295,0.1282799245471988,"Cancer-related genes, Disease related genes, Essential proteins, Plasma proteins, Predicted intracellular proteins","Nucleoplasm,Nucleoli",Low tissue specificity,,False,False,False,False,False
FRYL,760.9513269556928,760.5784408369931,0.9090342679127725,0.8880433077043779,363.4260810625473,364.7136878283525,378.01000927911895,436.7554795807863,0.08704006871471734,0.08127786041977153,1.06407262916422,1.0582780141827315,1.007462893025171,0.7988674010241841,760.764883896343,0.8985387878085752,1.0582780141827315,0.7988674010241841,0.08704006871471734,"Disease related genes, Predicted intracellular proteins","Microtubules,Cytokinetic bridge,Cytosol",Low tissue specificity,,False,False,False,False,False
HSD17B7,58.30167986300882,58.92277000313388,0.2664330218068536,0.25537423505413465,27.49498274620166,26.238745026626,37.268592464138486,45.19703221071662,0.10964142632907185,0.11644818765564485,1.05736505404074,1.1374440802252215,0.6319121341477151,0.3753041426583412,58.612224933071346,0.2609036284304941,1.05736505404074,0.3753041426583412,0.11644818765564485,"Enzymes, Metabolic proteins, Predicted intracellular proteins, Predicted membrane proteins",,Tissue enhanced,liver: 64.5,False,True,False,True,False
MCM8,43.60162903151131,43.0991767842677,0.1969626168224299,0.18617605523301428,20.43546014920394,19.910290753042734,18.254004472231095,34.457143368566136,0.09273298519694285,0.09975278315465458,1.057097016723622,1.0765386022817678,1.2119378735976347,0.3146754156023026,43.3504029078895,0.19156933602772208,1.057097016723622,0.3146754156023026,0.09975278315465458,"Disease related genes, Enzymes, Human disease related genes, Plasma proteins, Potential drug targets, Predicted intracellular proteins","Nucleoplasm,Cytosol",Low tissue specificity,,False,False,False,True,False
DPY19L3,100.10095483604957,95.12929685986157,0.395404984423676,0.36678173544641457,47.651777529734645,44.93202534244118,58.56493101507476,57.27940715813591,0.10694346045555529,0.09586582410288756,1.0552322016248012,1.0654757815373341,0.7632615268237939,0.7219899793919395,97.61512584795557,0.3810933599350453,1.0552322016248012,0.7219899793919395,0.10694346045555529,Predicted membrane proteins,Microtubules,Low tissue specificity,,False,True,False,False,False
MYRIP,73.0656439589911,73.25787267344569,0.25202492211838007,0.24007531774674407,34.647393798423046,22.24695079251963,22.817505590288867,22.822263789569778,0.07378404770393562,0.06135427783900267,1.0550078858612932,1.6755024894887705,1.6367821625976957,1.6402334691151272,73.1617583162184,0.24605011993256207,1.0550078858612932,1.6367821625976957,0.07378404770393562,Predicted intracellular proteins,"Nucleoplasm,Nucleoli fibrillar center,Golgi apparatus",Tissue enhanced,brain: 34.9,False,False,False,False,False
RHBDD3,62.16204103788903,62.36909496690389,0.2814641744548287,0.27184999215440137,28.934753802168302,29.500332998395834,33.46567486575701,50.119481263368925,0.1957534720917716,0.17650919064320186,1.0772363867781174,1.054954417301217,0.87389752692187,0.3099062146432104,62.26556800239646,0.276657083304615,1.054954417301217,0.3099062146432104,0.1957534720917716,Predicted membrane proteins,Microtubules,Low tissue specificity,,False,True,False,False,False
MMS22L,170.59728556275283,166.1879582723801,0.4457943925233645,0.43080182017887964,79.6054061266717,79.49512175970362,136.90503354173322,151.25343452695265,0.08464607172474686,0.08949933852584427,1.0900782242587044,1.0544976814802611,0.31535161526563305,0.13499616816523852,168.39262191756646,0.4382981063511221,1.0544976814802611,0.13499616816523852,0.08949933852584427,"Essential proteins, Predicted intracellular proteins",Nucleoplasm,Tissue enhanced,bone marrow: 6.7;testis: 6.4,False,False,False,False,False
SOBP,256.3816691542135,251.62195182949569,0.6221183800623052,0.5974423348501491,118.1076708168764,120.67875495548395,208.39988439130502,216.5877583167014,0.0729956458751089,0.069725500476875,1.11164297860434,1.0539027126883955,0.2976486620216088,0.21538261740853065,254.0018104918546,0.6097803574562272,1.0539027126883955,0.21538261740853065,0.0729956458751089,"Disease related genes, Human disease related genes, Predicted intracellular proteins","Nucleoplasm,Vesicles",Low tissue specificity,,False,False,False,False,False
CYYR1,194.05345362866407,189.60151230639732,0.5187694704049844,0.4979601443590146,93.02778790648975,84.46052434359204,69.21310029054291,91.28905515827911,0.08354267487576955,0.08050861106878926,1.052710460384325,1.1572294923723905,1.4740574056720224,1.0463280966913775,191.8274829675307,0.5083648073819995,1.052710460384325,1.0463280966913775,0.08354267487576955,Predicted membrane proteins,Nucleoplasm,Low tissue specificity,,False,True,False,False,False
ATAD5,107.38706698731355,105.66941912259784,0.34657320872274144,0.3313196296877452,48.952215902865795,50.43291251870971,56.28318045604588,69.3617821055552,0.10829355709019353,0.09267359875508636,1.117572037870143,1.0523828742393242,0.9200091202925492,0.6002827030067027,106.5282430549557,0.3389464192052433,1.0523828742393242,0.6002827030067027,0.10829355709019353,"Essential proteins, Predicted intracellular proteins","Nucleoplasm,Cytokinetic bridge,Centriolar satellite,Cytosol",Tissue enhanced,bone marrow: 11.6,False,False,False,False,False
CYP2R1,83.02333056571855,85.15238723711882,0.3574766355140187,0.3490506825670799,39.524037697664895,40.11266401102007,41.83209358219626,38.484601684372564,0.1196650182583631,0.10505801587873433,1.0520120460909845,1.0673079148962714,0.9720977771604618,1.125600636608159,84.08785890141868,0.3532636590405493,1.0520120460909845,0.9720977771604618,0.1196650182583631,"Disease related genes, Enzymes, Human disease related genes, Metabolic proteins, Potential drug targets, Predicted intracellular proteins",,Low tissue specificity,,False,False,False,True,False
EFCAB6,53.5465329853418,53.384512376530715,0.24306853582554516,0.23332810293425388,23.918777220090973,25.26513667684396,55.52259693636959,51.46196736863774,0.08126335416627503,0.0699587390485593,1.1302542246318545,1.050046767301187,-0.051340251175586285,0.05192394830275778,53.46552268093626,0.23819831937989952,1.050046767301187,-0.051340251175586285,0.08126335416627503,Predicted intracellular proteins,"Nucleoplasm,Mid piece,Principal piece",Group enriched,fallopian tube: 7.2;testis: 22.7,False,False,False,False,False
DNAJC3-DT,72.24755417358602,75.12183831532907,0.31300623052959503,0.30903812960928917,34.41517266036391,34.660457252240654,52.4802628576644,59.06938863182766,0.12472122422165714,0.11677341047376674,1.0484130110601917,1.0939852007269428,0.4537740306142344,0.3416804219820506,73.68469624445754,0.3110221800694421,1.0484130110601917,0.3416804219820506,0.12472122422165714,,,,,False,False,False,False,False
ENSG00000291068,33.822899565341224,32.71997241867243,0.177803738317757,0.16616977875411895,15.837481615633052,14.944888169154325,15.211670393525914,17.899814736917474,0.15142182004607382,0.12741398710742566,1.048359965059047,1.080509377065008,1.103003586770373,0.835231263547797,33.27143599200683,0.17198675853593798,1.048359965059047,0.835231263547797,0.15142182004607382,,,,,False,False,False,False,False
TTLL7,109.57290063269275,113.1521013396549,0.3978193146417445,0.3911815471520477,52.528421428976486,46.68452037204885,53.240846377340695,67.12430526344052,0.07731560868329872,0.07771792662876646,1.046620838259971,1.2593645060481429,1.0275462554339372,0.7447159000314729,111.36250098617383,0.3945004308968961,1.046620838259971,0.7447159000314729,0.07771792662876646,Predicted intracellular proteins,,Tissue enhanced,blood vessel: 17.3;brain: 26.7,False,False,False,False,False
FBXO36,31.36863020912599,31.231481870118067,0.1556853582554517,0.15181233328102933,14.397710559666411,14.60412524673061,15.97225391320221,26.84972210537621,0.08593105474239937,0.09177198942580787,1.0718804574134382,1.0465430357347845,0.9314181468688282,0.21080758716541545,31.300056039622028,0.15374884576824052,1.0465430357347845,0.21080758716541545,0.09177198942580787,Predicted intracellular proteins,"Nucleoplasm,Nucleoli",Low tissue specificity,,False,False,False,False,False
SSX2IP,40.91727192315089,41.18157184333731,0.19735202492211837,0.18445002353679585,18.29902567905989,19.423486578151714,27.381006708346643,29.982189684336767,0.12987335899773747,0.12021557396410479,1.1190168117154342,1.0463836806551956,0.5626190614388739,0.44517374530865084,41.0494218832441,0.1909010242294571,1.0463836806551956,0.44517374530865084,0.12987335899773747,Predicted intracellular proteins,"Centriolar satellite,Centrosome,Basal body,Acrosome,Equatorial segment,Principal piece",Tissue enhanced,retina: 109.9;testis: 98.7,False,False,False,False,False
PGM2L1,54.63305848158292,55.89214960697815,0.23450155763239874,0.23160207123803547,25.962323235011368,24.68097166697473,35.747425424785895,34.90463873698907,0.10361186184124492,0.08740987749167352,1.044997608228818,1.1475298033000245,0.5982992450480268,0.6640593461298536,55.262604044280536,0.2330518144352171,1.044997608228818,0.5982992450480268,0.10361186184124492,"Enzymes, Metabolic proteins, Predicted intracellular proteins",Mitochondria,Tissue enhanced,brain: 37.1,False,False,False,True,False
MTUS1,263.97456497500445,267.02984048074757,0.6849688473520249,0.6630315393064491,127.44296056685367,122.77201290751533,175.6947930452243,198.68794357978396,0.0869424419221189,0.08082680173621554,1.0447260571978032,1.1147084967655843,0.5845943551317421,0.42464639791637654,265.502202727876,0.674000193329237,1.0447260571978032,0.42464639791637654,0.0869424419221189,"Disease related genes, Predicted intracellular proteins, Predicted membrane proteins","Nucleoli,Microtubules",Low tissue specificity,,False,True,False,False,False
SLX4IP,223.1467716221322,223.94407352124162,0.618380062305296,0.5961870390710812,106.91461196242606,108.07052682580652,140.7079511401147,123.06122631630762,0.0776550247972828,0.07174984254028435,1.054553497161711,1.044305050052773,0.6615230112549011,0.8585140667216433,223.5454225716869,0.6072835506881886,1.044305050052773,0.6615230112549011,0.0776550247972828,"Disease related genes, Predicted intracellular proteins",Cytosol,Low tissue specificity,,False,False,False,False,False
ORC6,23.456168065911246,25.5859456454209,0.11246105919003116,0.11807625921857838,10.86794926116755,10.563650595135142,12.929919834497026,19.68979621060922,0.15431866083112272,0.13238900914070828,1.043127707740667,1.20106686067921,0.8120114163803199,0.3617443480141378,24.521056855666075,0.11526865920430476,1.043127707740667,0.3617443480141378,0.15431866083112272,"Disease related genes, Essential proteins, Human disease related genes, Predicted intracellular proteins","Nucleoplasm,Nucleoli fibrillar center",Tissue enhanced,bone marrow: 9.7;lymphoid tissue: 6.9;testis: 9.3,False,False,False,False,False
PATZ1,127.41748407684103,140.13266876029792,0.4884735202492212,0.49937235211046604,60.00594207448066,67.51973905738453,79.86126956601105,101.13395326358372,0.22364044681553474,0.19818006100746097,1.0738199637787966,1.0424604128482216,0.6673208791729021,0.46658942179653445,133.77507641856948,0.4939229361798436,1.0424604128482216,0.46658942179653445,0.22364044681553474,"Cancer-related genes, Disease related genes, Predicted intracellular proteins, Transcription factors",Nucleoplasm,Low tissue specificity,,False,False,False,False,False
CEP85,31.66263122575594,31.539907839638342,0.1560747663551402,0.15024321355719442,14.862152835784684,14.263362324306897,17.4934209525548,19.242300842186282,0.10337596579224338,0.11634697359432142,1.0420524266239213,1.0921373604547353,0.8206288935025428,0.684836881618326,31.601269532697142,0.1531589899561673,1.0420524266239213,0.684836881618326,0.11634697359432142,Predicted intracellular proteins,"Nucleoli,Golgi apparatus,Vesicles,Centrosome,Cytosol",Tissue enhanced,skeletal muscle: 124.5;tongue: 61.6,False,False,False,False,False
AK4,114.89048423782576,117.49688456246221,0.41869158878504675,0.41401223913384594,54.66485589912054,56.61532553982567,98.87585755791844,109.18886989519658,0.12233661555616145,0.11383692791668157,1.0579234394493917,1.040324608004964,0.214554221056048,0.10487062369180526,116.19368440014398,0.4163519139594464,1.040324608004964,0.10487062369180526,0.12233661555616145,"Enzymes, Metabolic proteins, Predicted intracellular proteins",Mitochondria,Tissue enhanced,kidney: 169.3;liver: 95.6,False,False,False,True,False
TXNRD3,87.70178152600384,88.94736764469435,0.3623831775700935,0.352424289973325,41.98558176109173,42.74140655543159,64.64959917248513,59.964379368673534,0.10142644913495094,0.09007869226471947,1.0451102488691635,1.0400814482362457,0.4341768778606756,0.5611145185188403,88.3245745853491,0.3574037337717092,1.0400814482362457,0.4341768778606756,0.10142644913495094,"Enzymes, Metabolic proteins, Predicted intracellular proteins","Nucleoplasm,Cytosol",Tissue enhanced,testis: 19.1,False,False,False,True,False
SAP30BP,159.31020305474215,156.13058970106684,0.5596573208722742,0.5345990899105602,75.75053523489005,75.45464710810816,94.31235643986066,104.71391621096721,0.15880692458587836,0.14310545243111028,1.0626175332002556,1.0392879673763027,0.7501310851800898,0.5717987613971136,157.72039637790448,0.5471282053914172,1.0392879673763027,0.5717987613971136,0.15880692458587836,"Essential proteins, Predicted intracellular proteins",Nucleoplasm,Low tissue specificity,,False,False,False,False,False
ZNF726,45.41676574287883,43.66238942426124,0.21012461059190032,0.19935666091322768,16.952143078316904,20.737857850357464,19.014587991907394,27.297217473799144,0.14498649923916213,0.13476918387034537,1.3704899217922604,1.0388506594826696,1.213594083564177,0.6584002402433172,44.539577583570036,0.20474063575256402,1.0388506594826696,0.6584002402433172,0.14498649923916213,"Predicted intracellular proteins, Transcription factors",,Low tissue specificity,,False,False,False,False,False
LTO1,114.08517710531764,113.8360024025042,0.4663551401869159,0.44249176212144986,55.03640972001515,50.28687126624241,63.88901565280884,69.3617821055552,0.16201665946725416,0.14801675927958488,1.0382655975983415,1.1629135462392464,0.8266558412265588,0.7067110857513642,113.96058975391092,0.45442345115418287,1.0382655975983415,0.7067110857513642,0.16201665946725416,"Essential proteins, Predicted intracellular proteins",Nucleoplasm,Low tissue specificity,,False,False,False,False,False
TADA1,32.16115468873716,33.13567698628671,0.16440809968847353,0.16428683508551703,14.862152835784684,15.626414014001755,13.690503354173321,21.47977768430097,0.09818154828357674,0.10419097033546823,1.0639056539827083,1.037803322387938,1.1746104139807902,0.6026525960361817,32.64841583751193,0.1643474673869953,1.037803322387938,0.6026525960361817,0.10419097033546823,Predicted intracellular proteins,"Nucleoplasm,Focal adhesion sites,Cytosol",Low tissue specificity,,False,False,False,False,False
MAML2,3128.439252653506,3126.7554298727177,0.9903426791277259,0.9841518907892672,1524.2531059925548,1509.5310659195652,1864.1902067266005,1633.8055901121425,0.07379197227070944,0.061652406650257986,1.0368555030181867,1.0500718525289645,0.7465814117011226,0.9360086260064717,3127.597341263112,0.9872472849584966,1.0368555030181867,0.7465814117011226,0.07379197227070944,"Cancer-related genes, Disease related genes, Human disease related genes, Predicted intracellular proteins","Nucleoplasm,Nuclear bodies,Cytosol",Low tissue specificity,,False,False,False,False,False
RTKN,30.870106746144767,31.566727489161842,0.16292834890965732,0.1564412364663424,14.537043242501893,13.533156061970367,37.268592464138486,26.40222673695327,0.2008331507979505,0.12519028646865615,1.0364918717064526,1.1640507190922862,-0.26395698771142395,0.24910562285740812,31.218417117653303,0.15968479268799984,1.0364918717064526,-0.26395698771142395,0.2008331507979505,Predicted intracellular proteins,"Nucleoplasm,Mitochondria",Tissue enhanced,brain: 114.0;liver: 120.9,False,False,False,False,False
CPD,252.03556716924908,258.8632572008412,0.6787383177570093,0.6580103561901773,122.33409552955268,125.88755962681788,177.2159600845769,187.50055936921055,0.11886812749465345,0.12858803201815575,1.0367685013773438,1.034202030819182,0.5057136443517236,0.4631838568570042,255.44941218504513,0.6683743369735933,1.034202030819182,0.4631838568570042,0.12858803201815575,"Enzymes, Predicted intracellular proteins, Predicted membrane proteins","Nucleoli,Cytosol",Low tissue specificity,,False,True,False,True,False
ENSG00000286072,40.52100968334531,39.129868654789405,0.1425233644859813,0.1356504001255296,15.605260477573918,18.595919480836976,6.845251677086661,21.927273052723905,0.09123020099339074,0.0665888726315367,1.322201172946212,1.0341231654330878,2.4039498917615942,0.8076116617841947,39.82543916906736,0.13908688230575544,1.0341231654330878,0.8076116617841947,0.09123020099339074,,,,,False,False,False,False,False
TET1,157.49506634337462,157.64589989914472,0.4954828660436137,0.4748156284324494,76.40075442145563,73.06930665114216,95.07293995953695,91.28905515827911,0.08141884491808804,0.07368853261545233,1.0340183992198213,1.098862498634897,0.722235890853019,0.7815787667110249,157.57048312125966,0.48514924723803154,1.0340183992198213,0.722235890853019,0.08141884491808804,"Cancer-related genes, Disease related genes, Enzymes, Potential drug targets, Predicted intracellular proteins, Transcription factors","Nucleoplasm,Nuclear membrane",Low tissue specificity,,False,False,False,True,False
B3GALNT2,131.9936738139507,134.23234586512746,0.4764018691588785,0.46759767770280874,61.12060353716451,65.13439860041854,85.94593772342141,88.15658757931855,0.10035822759223556,0.08621817688194577,1.0982138703467526,1.0319675037255278,0.6131670930468818,0.6010269628987522,133.11300983953907,0.47199977343084365,1.0319675037255278,0.6010269628987522,0.10035822759223556,"Disease related genes, Enzymes, Human disease related genes, Metabolic proteins, Potential drug targets, Predicted intracellular proteins",Golgi apparatus,Low tissue specificity,,False,False,False,True,False
CLCN5,76.24852453033273,74.85364182009405,0.3144859813084112,0.29930958732151264,36.78382826856709,35.877467689468205,38.78975950349108,37.589610947526694,0.09191525593938053,0.08934424600555033,1.0317384939613004,1.0404788557242384,0.9571101982301391,0.9750059485743939,75.55108317521339,0.30689778431496195,1.0317384939613004,0.9571101982301391,0.09191525593938053,"Disease related genes, Human disease related genes, Plasma proteins, Potential drug targets, Predicted intracellular proteins, Predicted membrane proteins, Transporters","Golgi apparatus,Plasma membrane,Cytosol",Group enriched,epididymis: 22.3;kidney: 43.1;liver: 15.8,False,True,False,False,False
FN3K,32.14837203584021,32.38472679962865,0.16962616822429907,0.16420837909932529,13.515270235041696,15.334331509067141,14.451086873849617,23.269759157992716,0.1341549476503208,0.10392505590930898,1.1913665879609707,1.0312808211910625,1.1012296942382185,0.46002844222403627,32.26654941773443,0.1669172736618122,1.0312808211910625,0.46002844222403627,0.1341549476503208,"Enzymes, Metabolic proteins, Plasma proteins, Predicted intracellular proteins",Mitochondria,Low tissue specificity,,False,False,False,True,False
LINC01409,44.98215554438238,46.07615788137642,0.210202492211838,0.20861446728385377,21.550121611887793,19.034043238238898,26.620423188670348,27.744712842222082,0.1181371475282062,0.09283650338753481,1.0279388841792698,1.2325429667687433,0.73533867393607,0.7116999612911032,45.5291567128794,0.20940847974784588,1.0279388841792698,0.7116999612911032,0.1181371475282062,,,,,False,False,False,False,False
CA5B,121.43520252106639,112.3072823796646,0.45062305295950156,0.4146398870233799,57.63728646627747,54.570748005283384,72.25543436924808,60.85937010551941,0.09830254223268103,0.08912957043402779,1.062128173661528,1.027843022879942,0.7410107275101769,0.8731765395789919,116.87124245036549,0.43263146999144075,1.027843022879942,0.7410107275101769,0.09830254223268103,"Enzymes, FDA approved drug targets, Metabolic proteins, Predicted intracellular proteins",Mitochondria,Low tissue specificity,,True,False,False,True,False
ENSG00000262580,24.900607843267085,25.170241077806622,0.1368380062305296,0.13102149694021653,11.703945358180437,9.833444332798612,20.53575503125998,14.767347157956914,0.12680943299870592,0.1371634990404592,1.0277093435796814,1.2724352150702454,0.2662520513811087,0.7309872660217277,25.035424460536852,0.13392975158537307,1.0277093435796814,0.2662520513811087,0.1371634990404592,,,,,False,False,False,False,False
ZNF431,231.877323550752,230.72944485068763,0.670404984423676,0.6437313667032795,113.41680382808185,110.50454770026163,161.24370617137467,147.67347157956914,0.08785066436503514,0.09062584569156479,1.0252712146986018,1.0553388213237722,0.5214076501808645,0.6402941284911634,231.30338420071982,0.6570681755634777,1.0252712146986018,0.5214076501808645,0.09062584569156479,"Essential proteins, Predicted intracellular proteins, Transcription factors",,Low tissue specificity,,False,False,False,False,False
EPS8L2,28.49253330731126,27.34263268921028,0.1499221183800623,0.13792562372509024,12.493497227581498,12.948991052101142,46.39559470025404,39.37959242121844,0.21894327341364728,0.17708971581476943,1.1280854376409424,1.0228129995745248,-0.6844032202565888,-0.5106525751640216,27.91758299826077,0.14392387105257626,1.0228129995745248,-0.6844032202565888,0.21894327341364728,"Disease related genes, Human disease related genes, Predicted intracellular proteins","Centrosome,Cytosol",Tissue enhanced,esophagus: 184.2,False,False,False,False,False
ZNF793,58.17385333403927,59.874867561218196,0.269392523364486,0.26439667346618545,27.587871201425315,28.96484840601571,34.9868419051096,42.512060000179,0.10458680891917,0.08304619195145711,1.0495566512634644,1.0225756532396602,0.7174903434824924,0.484431408188981,59.02436044762874,0.2668945984153357,1.0225756532396602,0.484431408188981,0.10458680891917,"Predicted intracellular proteins, Transcription factors","Nucleoplasm,Nucleoli,Cytosol",Low tissue specificity,,False,False,False,False,False
ENSG00000226465,26.79244047201633,27.6108291844453,0.1412772585669782,0.13871018358700768,11.936166496239572,13.095032304568448,20.53575503125998,22.374768421146843,0.11354355138147487,0.10144696702974064,1.1032823716812128,1.021374525276486,0.36795861954756254,0.29160923773682884,27.201634828230816,0.13999372107699293,1.021374525276486,0.29160923773682884,0.11354355138147487,,,,,False,False,False,False,False
SH3YL1,197.14685562972704,200.6109784357949,0.6107476635514019,0.5952455672367801,96.65043766021226,95.02417493872717,116.36927851047324,140.9610410532251,0.10703809243073027,0.11191663634711682,1.0208716582567536,1.0701046328973518,0.7555152420811782,0.5060791414891048,198.87891703276097,0.602996615394091,1.0208716582567536,0.5060791414891048,0.11191663634711682,Predicted intracellular proteins,Nucleoplasm,Low tissue specificity,,False,False,False,False,False
SMARCA4,183.06037213728334,176.6073921122606,0.5865264797507788,0.5549191903342225,89.73024774605001,84.60656559605934,134.62328298270432,132.90612442161225,0.12873740132149888,0.1113904930947701,1.0205235472494605,1.0528982751703102,0.4405741776352443,0.40746968240424214,179.83388212477197,0.5707228350425007,1.0205235472494605,0.40746968240424214,0.12873740132149888,"Cancer-related genes, Disease related genes, Human disease related genes, Plasma proteins, Predicted intracellular proteins","Nucleoplasm,Nucleoli fibrillar center,Nucleoli rim",Low tissue specificity,,False,False,False,False,False
CCHCR1,20.631201775684332,19.873360296914974,0.11066978193146418,0.10473874156598148,9.149512839529946,9.297959740418488,14.451086873849617,14.319851789533978,0.21091213791978075,0.142036791183351,1.091703338063624,1.019304336303182,0.4854054950551187,0.44626053127404475,20.252281036299653,0.10770426174872283,1.019304336303182,0.44626053127404475,0.21091213791978075,Predicted intracellular proteins,Cytosol,Tissue enriched,testis: 129.4,False,False,False,False,False
ST8SIA1,231.08479907114085,232.486131894477,0.6144859813084113,0.5986191746430253,113.50969228330551,107.04823805853538,114.08752795144434,121.71874021103882,0.09081817721945154,0.08228253495823193,1.0191823176360981,1.1116613160155802,1.0119205362250716,0.9279812845806164,231.78546548280895,0.6065525779757183,1.0191823176360981,0.9279812845806164,0.09081817721945154,"Enzymes, Metabolic proteins, Predicted intracellular proteins, Predicted membrane proteins",,Low tissue specificity,,False,True,False,True,False
MARK1,148.13816442280404,147.3069250078347,0.4690031152647975,0.45457398399497884,68.08723767893858,72.19305913633832,87.467104762774,78.75918484243688,0.08032286253762193,0.07399619013054902,1.1101583554880012,1.0188072142096096,0.7534364758591005,0.8948633939774644,147.72254471531937,0.46178854962988813,1.0188072142096096,0.7534364758591005,0.08032286253762193,"Disease related genes, Enzymes, Potential drug targets, Predicted intracellular proteins",,Low tissue specificity,,False,False,False,True,False
MISFA,37.299781153312814,33.96708612151527,0.18520249221183802,0.16718970657461163,17.37014112682335,16.25925944136008,19.014587991907394,20.584786947455093,0.1393718746970013,0.12273593704781625,1.0599734386926294,1.0186270155040638,0.9362842309573117,0.6959827255746818,35.63343363741404,0.17619609939322484,1.0186270155040638,0.6959827255746818,0.1393718746970013,,,,,False,False,False,False,False
LINC01376,168.04075498336195,167.87759619236073,0.5014797507788162,0.4857210105131021,82.43850401099317,73.55611082603318,140.7079511401147,98.89647642146905,0.08364228667418068,0.06751597867033188,1.0185859191042332,1.1795794388266976,0.25445040668135194,0.7574722517342132,167.95917558786135,0.4936003806459592,1.0185859191042332,0.25445040668135194,0.08364228667418068,,,,,False,False,False,False,False
ENSG00000224905,112.01438733601103,106.64833633020567,0.319392523364486,0.30260473874156596,54.80418858195602,51.06575794606804,57.80434749539847,55.9369210528671,0.08353724006145494,0.07512787197181997,1.0180611292862074,1.0479192501449732,0.9425117223582369,0.9188896388364092,109.33136183310835,0.31099863105302594,1.0180611292862074,0.9188896388364092,0.08353724006145494,,,,,False,False,False,False,False
FANCL,202.18322087112708,211.92887053471273,0.60303738317757,0.5942256394162875,99.34420286169824,101.15790754235404,149.07436985655394,120.82374947419295,0.10380040511938071,0.09999735215277376,1.017823996469314,1.0595706944101269,0.4371036571551616,0.8055761614653638,207.0560457029199,0.5986315112969287,1.017823996469314,0.4371036571551616,0.10380040511938071,"Disease related genes, Enzymes, Human disease related genes, Metabolic proteins, Potential drug targets, Predicted intracellular proteins","Nuclear bodies,Vesicles",Low tissue specificity,,False,False,False,True,False
MAST2,143.95823692549996,144.2628947869172,0.4678348909657321,0.4563000156911972,70.59522596997724,67.37369780491723,81.38243660536364,98.4489810530461,0.11181174351830488,0.08353474417336508,1.017702017938717,1.0871528785917572,0.8152286114351142,0.5466377408642272,144.11056585620858,0.46206745332846466,1.017702017938717,0.5466377408642272,0.11181174351830488,"Cancer-related genes, Enzymes, Predicted membrane proteins",Cytosol,Tissue enhanced,skeletal muscle: 161.4,False,True,False,True,False
ENSG00000268081,48.44625447945702,50.00523653656946,0.23800623052959502,0.235760238506198,23.407890716360875,24.19416749208371,24.33867262964146,38.03710631594963,0.08584424915374136,0.07902867641384194,1.0185136164078443,1.0175555862019008,0.9645202912924347,0.385799256418512,49.22574550801324,0.2368832345178965,1.0175555862019008,0.385799256418512,0.08584424915374136,,,,,False,False,False,False,False
ALCAM,514.5145617553098,510.1767830608166,0.743613707165109,0.7211674250745332,242.16020276806668,251.58039758367931,313.3604101066338,339.64898463300904,0.07963273177648482,0.08401469665064153,1.084106053077161,1.01707963467133,0.7135936409824521,0.5855364060145409,512.3456724080633,0.7323905661198211,1.01707963467133,0.5855364060145409,0.08401469665064153,"Cancer-related genes, CD markers, Plasma proteins, Predicted membrane proteins, Predicted secreted proteins, Transporters",Vesicles,Tissue enriched,parathyroid gland: 412.8,False,True,True,False,True
CFAP70,53.36757584478444,51.26576006417406,0.2457165109034268,0.23003295151420053,25.776546324564062,24.827012919442037,33.46567486575701,43.85454610544781,0.08514363518859216,0.07496778374307234,1.021776610429711,1.0169853338269004,0.6575862375919596,0.22061191600748492,52.31666795447925,0.23787473120881367,1.0169853338269004,0.22061191600748492,0.08514363518859216,"Human disease related genes, Predicted intracellular proteins","Centrosome,Basal body,Cytosol,Mid piece,Principal piece,End piece",Tissue enhanced,choroid plexus: 56.9,False,False,False,False,False
IGSF3,21.60268339585286,22.51509577497992,0.11510903426791277,0.11501647575710026,10.171285846990143,10.368928925178732,16.732837432878505,20.137291579032155,0.13547324965068852,0.15141003505655842,1.0166988061913291,1.0484908648679907,0.35007065943269344,0.1537966789458517,22.058889585416388,0.11506275501250651,1.0166988061913291,0.1537966789458517,0.15141003505655842,"Disease related genes, Human disease related genes, Predicted intracellular proteins, Predicted membrane proteins","Nucleoplasm,Cytosol",Low tissue specificity,,False,True,False,False,False
ZNF692,43.74223821337781,44.02445469282852,0.2207943925233645,0.21167425074533186,17.881027630553447,21.27334244273759,33.46567486575701,34.90463873698907,0.23416840201163722,0.17065181819787073,1.2447001406163638,1.0153907312563424,0.3764771637436913,0.32653855667515225,43.883346453103165,0.2162343216343482,1.0153907312563424,0.32653855667515225,0.23416840201163722,"Predicted intracellular proteins, Transcription factors","Nucleoplasm,Nucleoli",Low tissue specificity,,False,False,False,False,False
PICK1,27.099224141543235,29.126139382523164,0.1468847352024922,0.15087086144672837,12.911495276087942,13.241073557035755,26.620423188670348,17.0048240000716,0.1833076164122803,0.17295529710945057,1.014252800000804,1.0809578983404455,0.024794872049483534,0.7426323086414303,28.112681762033198,0.1488777983246103,1.014252800000804,0.024794872049483534,0.1833076164122803,"Predicted intracellular proteins, Transporters",Cytosol,Low tissue specificity,,False,False,False,False,False
ANKRD36B,262.7985609084846,265.05859624077016,0.662227414330218,0.6346304723050369,123.21653585417738,130.8529622107063,155.9196215336406,158.86085579014255,0.07780709402722291,0.07978952315002813,1.0865794546884362,1.012814033964933,0.7494109333547316,0.7349272995295836,263.9285785746274,0.6484289433176275,1.012814033964933,0.7349272995295836,0.07978952315002813,Predicted intracellular proteins,"Nucleoplasm,Cytosol",Low tissue specificity,,False,False,False,False,False
ZGRF1,48.74025549608696,50.87687514608328,0.1911993769470405,0.192138710183587,23.68655608203184,23.756043734681793,31.183924306728123,35.79962947383495,0.10033756943878724,0.10498892387838415,1.0106883319497308,1.067310804307349,0.628073668119454,0.49540033984720794,49.80856532108512,0.19166904356531375,1.0106883319497308,0.49540033984720794,0.10498892387838415,Predicted intracellular proteins,Nucleoplasm,Tissue enhanced,bone marrow: 7.5,False,False,False,False,False
CMTM7,275.6579097228207,272.2060328387834,0.6612149532710281,0.6391809195041581,130.2296142235633,134.60135435736714,199.27288215518945,216.1402629482785,0.14919300142745962,0.12914509286933526,1.076009845712657,1.0106177531841183,0.4661360843954272,0.3313620804682964,273.93197128080203,0.6501979363875932,1.0106177531841183,0.3313620804682964,0.14919300142745962,"Predicted membrane proteins, Transporters",Plasma membrane,Low tissue specificity,,False,True,False,False,False
PDXDC1,306.8603654442863,301.9892536346324,0.7525700934579439,0.7204613211988075,151.87262429067474,145.01896370003496,194.7093810371317,199.13543894820688,0.1205952623824234,0.1100810360230683,1.009946065111729,1.0531108791474637,0.6535632328528429,0.5982899705324624,304.4248095394594,0.7365157073283757,1.009946065111729,0.5982899705324624,0.1205952623824234,Predicted intracellular proteins,"Golgi apparatus,Vesicles",Low tissue specificity,,False,False,False,False,False
IKZF2,278.8791382528532,282.3706800081907,0.6776479750778817,0.655029028714891,137.6142464138438,139.71279819372285,169.61012488781392,162.44081873752606,0.07511566716373819,0.07766593596832898,1.0137284131563864,1.009936940822825,0.714100688530561,0.7939221560055998,280.6249091305219,0.6663385018963863,1.009936940822825,0.714100688530561,0.07766593596832898,"Predicted intracellular proteins, Transcription factors","Nucleoplasm,Nuclear bodies,Cytosol",Tissue enhanced,lymphoid tissue: 38.3,False,False,False,False,False
DOCK7,402.75582747723786,406.35791975534045,0.7930685358255452,0.7781264710497411,188.33134296595904,201.34220673492604,257.8378131702642,325.32913284347507,0.08748365477662406,0.08480022501834633,1.0925698200301919,1.0094996727096162,0.6414346890620966,0.31996916805586173,404.5568736162892,0.7855975034376431,1.0094996727096162,0.31996916805586173,0.08748365477662406,"Disease related genes, Human disease related genes, Predicted intracellular proteins",,Low tissue specificity,,False,False,False,False,False
PCNX4-DT,38.96152602991688,36.78314932148298,0.16261682242990655,0.15000784559861918,18.856356410401816,16.7947440337402,31.94450782640442,20.584786947455093,0.08697498656604154,0.057260037801877335,1.0090107606923173,1.0862917783036155,0.27857370324724806,0.8077281062804422,37.87233767569993,0.15631233401426287,1.0090107606923173,0.27857370324724806,0.08697498656604154,,,,,False,False,False,False,False
KLHDC4,82.4225458795617,82.43019281048336,0.34657320872274144,0.3466185469951357,40.49936647751326,39.47981858366175,46.39559470025404,52.80445347390654,0.1359548237023967,0.10958114177776539,1.0073480282155665,1.0433667551411148,0.8156843703710918,0.632843987816181,82.42636934502252,0.3465958778589386,1.0073480282155665,0.632843987816181,0.1359548237023967,Predicted intracellular proteins,"Nucleoli,Kinetochore",Low tissue specificity,,False,False,False,False,False
ZNF16,36.481691367907736,36.50154300148621,0.18232087227414331,0.17417228934567708,17.64880649249431,14.458083994263305,21.29633855093628,23.71725452641565,0.12244207511858228,0.09041930630511041,1.007102754134576,1.2785884460238,0.7493792425154268,0.6014314520115351,36.49161718469698,0.17824658080991018,1.007102754134576,0.6014314520115351,0.12244207511858228,"Predicted intracellular proteins, Transcription factors","Nucleoplasm,Nucleoli",Low tissue specificity,,False,False,False,False,False
PKIB,69.6782409412982,76.40918149245718,0.2839563862928349,0.29271928448140594,34.18295152230477,33.2974055625458,62.367848613456246,91.73655052670205,0.1016876712901015,0.09548222621072437,1.0063896175832299,1.174405246950898,0.15751509838980043,-0.2606333701518079,73.04371121687768,0.28833783538712043,1.0063896175832299,-0.2606333701518079,0.1016876712901015,Predicted intracellular proteins,,Tissue enhanced,brain: 248.3;intestine: 87.1,False,False,False,False,False
NLK,397.7833755003226,398.6204508678101,0.7822429906542057,0.7589047544327632,192.74354458908263,197.983257928178,252.51372853253014,223.30018884304548,0.08828681843619535,0.08448527617672413,1.04145702634037,1.0059833657237267,0.653541392223507,0.8331995809297151,398.20191318406637,0.7705738725434844,1.0059833657237267,0.653541392223507,0.08828681843619535,"Enzymes, Predicted intracellular proteins","Nucleoplasm,Nucleoli,Cell Junctions",Tissue enhanced,retina: 72.8,False,False,False,True,False
KATNIP,89.14622130335968,84.96464969045432,0.36985981308411214,0.34857994664992936,43.88979509317664,39.18773607872714,66.17076621183772,59.5168840002506,0.08725615814708775,0.07360088270410005,1.005879508026514,1.096988210514887,0.4244335331586686,0.5064058124965706,87.055435496907,0.35921987986702075,1.005879508026514,0.4244335331586686,0.08725615814708775,"Disease related genes, Human disease related genes, Predicted intracellular proteins","Nucleoplasm,Primary cilium,Centriolar satellite,Basal body",Low tissue specificity,,False,False,False,False,False
ENTPD6,54.53079725840728,52.96880780891644,0.2644080996884735,0.2512945237721638,26.287432828294158,25.897982104202285,40.31092654284367,33.114657263297325,0.18642739736518613,0.15987229711422235,1.0250514350910005,1.0046278726241569,0.42676469085446445,0.6617340958159929,53.749802533661864,0.25785131173031867,1.0046278726241569,0.42676469085446445,0.18642739736518613,"Enzymes, Metabolic proteins, Predicted intracellular proteins, Predicted membrane proteins, Predicted secreted proteins",Golgi apparatus,Low tissue specificity,,False,True,False,True,True
INSYN2A,23.71182112385033,23.212406662590976,0.12577881619937695,0.11972383492860506,11.33239153728582,9.784763915309508,16.732837432878505,11.187384210573422,0.11692711744570702,0.09167157891972254,1.0027487342257615,1.1667518919153177,0.47877793272150926,0.9903579751080503,23.462113893220653,0.122751325563991,1.0027487342257615,0.47877793272150926,0.11692711744570702,Predicted intracellular proteins,,Tissue enhanced,brain: 3.5;retina: 1.4,False,False,False,False,False
SPICE1,108.29463534299731,104.86482963689278,0.43333333333333335,0.4046759767770281,53.55019443643668,51.06575794606804,79.10068604633474,73.83673578978457,0.1031190044819505,0.09234934285071991,1.0025663450352065,1.0238166043176777,0.4483360847942471,0.5004048395220984,106.57973248994504,0.4190046550551807,1.0025663450352065,0.4483360847942471,0.1031190044819505,Predicted intracellular proteins,"Centrosome,Basal body",Low tissue specificity,,False,False,False,False,False
HIP1R,40.91727192315089,42.02639080332762,0.19937694704049844,0.20014122077514515,19.92457364547384,19.764249500575428,25.859839668994052,31.32467578960558,0.1534011414248638,0.12296561003148303,1.0023465988311886,1.0511200991200977,0.6420941327723071,0.4125859271571018,41.47183136323926,0.1997590839078218,1.0023465988311886,0.4125859271571018,0.1534011414248638,"Cancer-related genes, Predicted intracellular proteins","Vesicles,Plasma membrane,Cytosol",Low tissue specificity,,False,True,False,False,False
AHCYL2,342.60066294417067,341.53482685703614,0.7292056074766355,0.7050839479052252,166.6883328988476,170.0893787069225,256.31664613091164,263.57477200110975,0.07710518325911912,0.07056945917131112,1.034950504727736,1.0015004804286372,0.4171880302087106,0.37257517711332133,342.06774490060343,0.7171447776909303,1.0015004804286372,0.37257517711332133,0.07710518325911912,"Enzymes, Metabolic proteins, Predicted intracellular proteins","Nucleoplasm,Vesicles,Cytosol",Tissue enhanced,choroid plexus: 258.9;intestine: 166.5,False,False,False,True,False
RNF32-DT,55.195495209048914,55.704412060313636,0.24820872274143302,0.24148752549819552,27.07698469769522,27.212353376408036,44.87442766090144,55.04193031602123,0.11860225440823846,0.106804554872488,1.0010664775016602,1.0071339772912364,0.2927643258393335,0.016954343824934947,55.44995363468128,0.24484812411981427,1.0010664775016602,0.016954343824934947,0.11860225440823846,,,,,False,False,False,False,False
FERMT1,22.7403395036818,24.151094395913542,0.11651090342679128,0.11854699513572886,10.86794926116755,9.784763915309508,44.11384414122515,25.507236000107397,0.09144173813734677,0.10429175605822506,1.0002699026734485,1.2216265817570897,-0.9262296563488026,-0.0757650661398428,23.44571694979767,0.11752894928126006,1.0002699026734485,-0.9262296563488026,0.10429175605822506,"Disease related genes, Human disease related genes, Predicted intracellular proteins",,Tissue enhanced,intestine: 29.9,False,False,False,False,False
