,umap_1,umap_2,leiden,coarse_label_hint,marker_score_margin,capture_id
CID3838_AAACGCTAGAGCCGAT,-1.7306895,7.87175,0,Endothelial,3.5812657774525087,CID3838-sample-proxy
CID3838_ACGCACGGTCCAGGTC,-1.8467855,7.600749,0,Endothelial,3.5812657774525087,CID3838-sample-proxy
CID3838_ACTCCCACATCATCCC,-1.7769778,7.7116857,0,Endothelial,3.5812657774525087,CID3838-sample-proxy
CID3838_AGACAGGAGGGTTAAT,-2.343628,7.5292783,0,Endothelial,3.5812657774525087,CID3838-sample-proxy
CID3838_AGTTAGCGTCAGTTTG,-2.3098779,7.8458686,0,Endothelial,3.5812657774525087,CID3838-sample-proxy
CID3838_ATAGGCTAGCATCAGG,-2.2118375,7.5216446,0,Endothelial,3.5812657774525087,CID3838-sample-proxy
CID3838_ATCGATGTCTAGACAC,-2.19048,7.8468423,0,Endothelial,3.5812657774525087,CID3838-sample-proxy
CID3838_CGCATGGTCATGGATC,-2.2009597,7.548332,0,Endothelial,3.5812657774525087,CID3838-sample-proxy
CID3838_CGCGTGAAGCGTGCTC,-1.9303018,7.983164,0,Endothelial,3.5812657774525087,CID3838-sample-proxy
CID3838_CTCAGTCGTCACTTCC,-1.8576514,7.79684,0,Endothelial,3.5812657774525087,CID3838-sample-proxy
CID3838_GAGAGGTGTTCTTGTT,-1.7856379,7.7686,0,Endothelial,3.5812657774525087,CID3838-sample-proxy
CID3838_GAGGCCTCAAAGGTTA,-1.8595511,7.79991,0,Endothelial,3.5812657774525087,CID3838-sample-proxy
CID3838_GATCACATCCCGAATA,-2.4149194,7.510113,0,Endothelial,3.5812657774525087,CID3838-sample-proxy
CID3838_GCACATAGTTACACTG,-2.0651243,7.747796,0,Endothelial,3.5812657774525087,CID3838-sample-proxy
CID3838_GCAGCCAAGGTTGAGC,-1.760142,7.9020653,0,Endothelial,3.5812657774525087,CID3838-sample-proxy
CID3838_GCTTCACTCTTAATCC,-1.7180426,8.028719,0,Endothelial,3.5812657774525087,CID3838-sample-proxy
CID3838_GGAGCAATCCACAAGT,-1.6434975,7.904243,0,Endothelial,3.5812657774525087,CID3838-sample-proxy
CID3838_GGGTATTAGTGCGACA,-2.1697915,8.304477,0,Endothelial,3.5812657774525087,CID3838-sample-proxy
CID3838_GGTAGAGAGCTAAACA,-2.4325733,7.529869,0,Endothelial,3.5812657774525087,CID3838-sample-proxy
CID3838_GTGCAGCCACTTTAGG,-2.4045594,7.9732723,0,Endothelial,3.5812657774525087,CID3838-sample-proxy
CID3838_GTTACGAGTGAGACGT,-1.927813,7.4302225,0,Endothelial,3.5812657774525087,CID3838-sample-proxy
CID3838_TGTAGACTCTTGGGCG,-2.1832771,8.182011,0,Endothelial,3.5812657774525087,CID3838-sample-proxy
CID3838_TTACGCCCAGCCTTCT,-1.8079767,7.873407,0,Endothelial,3.5812657774525087,CID3838-sample-proxy
CID3838_TTAGTCTTCTGGGATT,-2.3759017,7.4649277,0,Endothelial,3.5812657774525087,CID3838-sample-proxy
CID3838_TTCATGTTCTGCATAG,-1.5938014,7.639957,0,Endothelial,3.5812657774525087,CID3838-sample-proxy
CID3838_TTTGACTAGAAAGTCT,-1.803771,7.746257,0,Endothelial,3.5812657774525087,CID3838-sample-proxy
CID3838_TAAGTCGCAAGACCGA,-2.4640217,7.646905,0,Endothelial,3.5812657774525087,CID3838-sample-proxy
CID3838_ATAGAGAAGATGCTTC,-1.9771352,8.076279,0,Endothelial,3.5812657774525087,CID3838-sample-proxy
CID3838_GTAACACCATAACCCA,-2.6362443,7.696693,0,Endothelial,3.5812657774525087,CID3838-sample-proxy
CID3838_TCTACCGAGTCGGGAT,-2.4703426,7.9042034,0,Endothelial,3.5812657774525087,CID3838-sample-proxy
CID3838_AACAAGAAGGTGGGTT,-2.5443811,7.79042,0,Endothelial,3.5812657774525087,CID3838-sample-proxy
CID3838_ACGTAGTTCGCAGATT,-2.672728,7.7512345,0,Endothelial,3.5812657774525087,CID3838-sample-proxy
CID3838_AAAGAACAGTACTCGT,-2.7051435,7.779119,0,Endothelial,3.5812657774525087,CID3838-sample-proxy
CID3838_ATTCACTCAACCCGCA,16.583073,13.928929,1,Perivascular,1.978175974626124,CID3838-sample-proxy
CID3838_ACGTACACAAGCACAG,-3.055164,8.362792,0,Endothelial,3.5812657774525087,CID3838-sample-proxy
CID3838_ACTTTCAGTTCCGCAG,-3.2542193,8.267426,0,Endothelial,3.5812657774525087,CID3838-sample-proxy
CID3838_ATCCTATGTTCCTACC,-2.9405835,8.025266,0,Endothelial,3.5812657774525087,CID3838-sample-proxy
CID3838_CAGCCAGAGAGAGAAC,-3.3291228,8.308385,0,Endothelial,3.5812657774525087,CID3838-sample-proxy
CID3838_CTCCTTTGTCCGGCAT,-2.7444112,8.466282,0,Endothelial,3.5812657774525087,CID3838-sample-proxy
CID3838_GAAGTAACAGCGTTGC,-3.042687,8.028691,0,Endothelial,3.5812657774525087,CID3838-sample-proxy
CID3838_GACCCTTGTCGGCCTA,-3.2380762,8.504513,0,Endothelial,3.5812657774525087,CID3838-sample-proxy
CID3838_GTACAGTGTTACACTG,-3.260135,8.181073,0,Endothelial,3.5812657774525087,CID3838-sample-proxy
CID3838_TCAATTCAGCACTTTG,-3.121471,8.502923,0,Endothelial,3.5812657774525087,CID3838-sample-proxy
CID3838_TCCTTCTCATGTGCTA,-2.9619162,8.330167,0,Endothelial,3.5812657774525087,CID3838-sample-proxy
CID3838_TCGACCTCAGAGTAAT,-2.925903,8.527863,0,Endothelial,3.5812657774525087,CID3838-sample-proxy
CID3838_TCGACGGGTTCGAACT,-3.2365167,8.399349,0,Endothelial,3.5812657774525087,CID3838-sample-proxy
CID3838_TCTCCGAAGTGGTGGT,-2.8266811,7.898253,0,Endothelial,3.5812657774525087,CID3838-sample-proxy
CID3838_TGTGAGTGTGTGACCC,-3.065912,8.299395,0,Endothelial,3.5812657774525087,CID3838-sample-proxy
CID3838_AGCTCAAGTTACGTAC,-2.716301,8.17542,0,Endothelial,3.5812657774525087,CID3838-sample-proxy
CID3838_AACCAACAGATAGTGT,-3.1843748,8.576364,0,Endothelial,3.5812657774525087,CID3838-sample-proxy
CID3838_AAGAACACACTACTTT,-2.877004,8.217103,0,Endothelial,3.5812657774525087,CID3838-sample-proxy
CID3838_ATTCAGGAGAAGGTAG,-3.3648136,8.304565,0,Endothelial,3.5812657774525087,CID3838-sample-proxy
CID3838_CGAATTGAGAGCAGCT,-3.3111496,8.185666,0,Endothelial,3.5812657774525087,CID3838-sample-proxy
CID3838_GTATTGGAGCAGGGAG,-3.3695803,8.394517,0,Endothelial,3.5812657774525087,CID3838-sample-proxy
CID3838_GTTATGGGTCGACTTA,-2.937078,8.259474,0,Endothelial,3.5812657774525087,CID3838-sample-proxy
CID3838_TACGCTCTCCTCGCAT,-3.1528573,8.084476,0,Endothelial,3.5812657774525087,CID3838-sample-proxy
CID3838_TACTTACAGCCATTGT,-3.3186975,8.489835,0,Endothelial,3.5812657774525087,CID3838-sample-proxy
CID3838_TAGGTACTCCCAATAG,-3.2029376,8.130159,0,Endothelial,3.5812657774525087,CID3838-sample-proxy
CID3838_TCCATGCTCTATGCCC,-3.1698809,8.497166,0,Endothelial,3.5812657774525087,CID3838-sample-proxy
CID3838_ACAGCCGTCCTCTGCA,-2.5184221,8.418814,0,Endothelial,3.5812657774525087,CID3838-sample-proxy
CID3838_CACTAAGAGTACTCGT,-2.6119814,8.611611,0,Endothelial,3.5812657774525087,CID3838-sample-proxy
CID3838_CCATCACCATCCGTGG,-2.847433,8.602285,0,Endothelial,3.5812657774525087,CID3838-sample-proxy
CID3838_CGGAACCAGTCCCTAA,-2.8380148,8.714258,0,Endothelial,3.5812657774525087,CID3838-sample-proxy
CID3838_CTCCACATCCCTGGTT,-2.7900436,8.69154,0,Endothelial,3.5812657774525087,CID3838-sample-proxy
CID3838_GCGATCGTCGCATGAT,-2.7259045,8.7428055,0,Endothelial,3.5812657774525087,CID3838-sample-proxy
CID3838_GGTAACTTCTTTGCGC,-2.574625,8.814066,0,Endothelial,3.5812657774525087,CID3838-sample-proxy
CID3838_GTGTCCTTCAGTGGGA,-3.0615556,8.471383,0,Endothelial,3.5812657774525087,CID3838-sample-proxy
CID3838_TCCCACACACGTTCGG,-2.7527483,8.537351,0,Endothelial,3.5812657774525087,CID3838-sample-proxy
CID3838_AATGACCGTATCATGC,19.042698,17.483688,2,Fibroblast,1.9678979916827077,CID3838-sample-proxy
CID3838_ACCCTCACATGTTTGG,17.757545,17.74599,2,Fibroblast,1.9678979916827077,CID3838-sample-proxy
CID3838_AGGATAAAGTGATGGC,17.963066,18.337114,2,Fibroblast,1.9678979916827077,CID3838-sample-proxy
CID3838_ATGAAAGAGGCAGGGA,17.546638,16.975262,2,Fibroblast,1.9678979916827077,CID3838-sample-proxy
CID3838_ATTCCCGCAGGCGATA,17.873037,18.501541,2,Fibroblast,1.9678979916827077,CID3838-sample-proxy
CID3838_CAACGATCATGGCACC,18.630234,18.293957,2,Fibroblast,1.9678979916827077,CID3838-sample-proxy
CID3838_CAGATCAGTACGTGTT,17.861185,18.456749,2,Fibroblast,1.9678979916827077,CID3838-sample-proxy
CID3838_CATGCGGCAACACGAG,17.899002,18.477228,2,Fibroblast,1.9678979916827077,CID3838-sample-proxy
CID3838_CCACTTGTCCATAGGT,17.97007,17.913765,2,Fibroblast,1.9678979916827077,CID3838-sample-proxy
CID3838_CCTTCAGCAGCTCATA,18.800236,17.34833,2,Fibroblast,1.9678979916827077,CID3838-sample-proxy
CID3838_CTCCTCCAGTCGGCAA,18.344353,18.212002,2,Fibroblast,1.9678979916827077,CID3838-sample-proxy
CID3838_GAAGCCCGTGGTCTCG,17.832396,17.36787,2,Fibroblast,1.9678979916827077,CID3838-sample-proxy
CID3838_GACATCACACATACTG,17.445683,18.334333,2,Fibroblast,1.9678979916827077,CID3838-sample-proxy
CID3838_GACCCAGCACGACGAA,17.997272,18.31884,2,Fibroblast,1.9678979916827077,CID3838-sample-proxy
CID3838_GACCCTTCACCCAAGC,18.757479,16.837036,2,Fibroblast,1.9678979916827077,CID3838-sample-proxy
CID3838_GAGACTTGTAACCCTA,17.847073,18.439356,2,Fibroblast,1.9678979916827077,CID3838-sample-proxy
CID3838_GATTTCTAGATTAGCA,17.482285,18.089811,2,Fibroblast,1.9678979916827077,CID3838-sample-proxy
CID3838_GGGACTCGTTAGAGTA,17.550787,17.484993,2,Fibroblast,1.9678979916827077,CID3838-sample-proxy
CID3838_GTCAAGTGTCGAAACG,18.207253,18.537622,2,Fibroblast,1.9678979916827077,CID3838-sample-proxy
CID3838_GTGCACGTCACCCTGT,17.60202,18.400856,2,Fibroblast,1.9678979916827077,CID3838-sample-proxy
CID3838_TAAGTCGCATGGCTGC,17.775654,17.46128,2,Fibroblast,1.9678979916827077,CID3838-sample-proxy
CID3838_TAGGAGGTCAAGCTGT,18.185537,17.878977,2,Fibroblast,1.9678979916827077,CID3838-sample-proxy
CID3838_TATTGCTCAAGTATCC,18.057772,18.612463,2,Fibroblast,1.9678979916827077,CID3838-sample-proxy
CID3838_TGATTTCAGTTACTCG,18.510681,18.511663,2,Fibroblast,1.9678979916827077,CID3838-sample-proxy
CID3838_TTCCTTCAGGAAACGA,18.708408,17.73728,2,Fibroblast,1.9678979916827077,CID3838-sample-proxy
CID3838_AAAGGTATCACTGGTA,19.123112,17.75187,2,Fibroblast,1.9678979916827077,CID3838-sample-proxy
CID3838_AGTACTGCACAACGCC,18.279867,18.046724,2,Fibroblast,1.9678979916827077,CID3838-sample-proxy
CID3838_CACTAAGAGCAACTCT,18.084906,17.27262,2,Fibroblast,1.9678979916827077,CID3838-sample-proxy
CID3838_CTCATTATCCCATGGG,19.326862,17.324808,2,Fibroblast,1.9678979916827077,CID3838-sample-proxy
CID3838_CTCCTCCCACACGTGC,18.218004,17.145397,2,Fibroblast,1.9678979916827077,CID3838-sample-proxy
CID3838_CTGAGCGAGCGAGGAG,18.084805,17.648401,2,Fibroblast,1.9678979916827077,CID3838-sample-proxy
CID3838_GAGATGGAGGTAGCAC,19.0733,17.820156,2,Fibroblast,1.9678979916827077,CID3838-sample-proxy
CID3838_GAGGGTAAGTCTGCAT,18.156305,18.333412,2,Fibroblast,1.9678979916827077,CID3838-sample-proxy
CID3838_GATGAGGCAGCTCCTT,19.055754,16.747532,2,Fibroblast,1.9678979916827077,CID3838-sample-proxy
CID3838_GCCAGGTCATAAGCAA,18.563627,18.32452,2,Fibroblast,1.9678979916827077,CID3838-sample-proxy
CID3838_GTGAGCCTCATGGCCG,18.115469,18.606436,2,Fibroblast,1.9678979916827077,CID3838-sample-proxy
CID3838_TAGTGCACAGCTATTG,18.997189,17.667156,2,Fibroblast,1.9678979916827077,CID3838-sample-proxy
CID3838_TATACCTCATTGGATC,19.067173,17.432514,2,Fibroblast,1.9678979916827077,CID3838-sample-proxy
CID3838_TCCTTTCTCGTAGGGA,18.210089,18.340956,2,Fibroblast,1.9678979916827077,CID3838-sample-proxy
CID3838_TCTCACGTCTGGGCCA,18.493956,16.215788,2,Fibroblast,1.9678979916827077,CID3838-sample-proxy
CID3838_AAAGGGCTCTCAATCT,17.14659,15.702702,2,Fibroblast,1.9678979916827077,CID3838-sample-proxy
CID3838_GCGGAAAGTGATACAA,16.264885,13.906106,1,Perivascular,1.978175974626124,CID3838-sample-proxy
CID3838_CTTCCTTAGGTCACCC,17.848984,14.682135,1,Perivascular,1.978175974626124,CID3838-sample-proxy
CID3838_TACAGGTGTCGTGGAA,17.792027,14.586519,1,Perivascular,1.978175974626124,CID3838-sample-proxy
CID3838_ACCTGAATCGTAACTG,18.825026,17.570925,2,Fibroblast,1.9678979916827077,CID3838-sample-proxy
CID3838_ACTATCTGTCAGACGA,18.739206,17.971937,2,Fibroblast,1.9678979916827077,CID3838-sample-proxy
CID3838_CCCTGATCACAGTCAT,18.11825,17.510504,2,Fibroblast,1.9678979916827077,CID3838-sample-proxy
CID3838_CTATCTAGTCTACATG,18.009075,18.680832,2,Fibroblast,1.9678979916827077,CID3838-sample-proxy
CID3838_GGGTCTGTCCGCACGA,18.536919,17.705404,2,Fibroblast,1.9678979916827077,CID3838-sample-proxy
CID3838_GTGCTGGCAATGGCAG,17.361582,17.160109,2,Fibroblast,1.9678979916827077,CID3838-sample-proxy
CID3838_TACCTGCGTTAGGCCC,17.43734,18.018684,2,Fibroblast,1.9678979916827077,CID3838-sample-proxy
CID3838_TGGAGAGTCCGGACGT,18.490812,17.799047,2,Fibroblast,1.9678979916827077,CID3838-sample-proxy
CID3838_TGGTAGTTCAAACTGC,17.910532,17.321768,2,Fibroblast,1.9678979916827077,CID3838-sample-proxy
CID3838_ACACGCGGTGATACAA,18.438587,18.505436,2,Fibroblast,1.9678979916827077,CID3838-sample-proxy
CID3838_TTTGGAGAGAAGCGCT,17.50316,17.790892,2,Fibroblast,1.9678979916827077,CID3838-sample-proxy
CID3838_CAAGACTAGACAGTCG,17.762121,16.745443,2,Fibroblast,1.9678979916827077,CID3838-sample-proxy
CID3838_CTCCATGAGGCTCAAG,18.2972,17.73452,2,Fibroblast,1.9678979916827077,CID3838-sample-proxy
CID3838_GAAGGACCAAGCTGTT,17.792824,17.451696,2,Fibroblast,1.9678979916827077,CID3838-sample-proxy
CID3838_GGATGTTGTGGTCCGT,18.14322,17.584515,2,Fibroblast,1.9678979916827077,CID3838-sample-proxy
CID3838_TGAGGTTAGCTCCATA,17.771152,16.481504,2,Fibroblast,1.9678979916827077,CID3838-sample-proxy
CID3838_ACGATCAGTCGCATCG,18.358387,17.689287,2,Fibroblast,1.9678979916827077,CID3838-sample-proxy
CID3838_TTGCGTCTCCATCGTC,18.479557,17.926388,2,Fibroblast,1.9678979916827077,CID3838-sample-proxy
CID3838_ACTCTCGTCATACGAC,18.970976,17.592058,2,Fibroblast,1.9678979916827077,CID3838-sample-proxy
CID3838_GTGGCGTAGACCAGAC,18.943531,17.313162,2,Fibroblast,1.9678979916827077,CID3838-sample-proxy
CID3838_TGTCCTGGTCACTCGG,18.512316,17.57379,2,Fibroblast,1.9678979916827077,CID3838-sample-proxy
CID3838_AAGCCATGTCAATCTG,19.321085,17.60871,2,Fibroblast,1.9678979916827077,CID3838-sample-proxy
CID3838_CTATCTAAGTGGTCAG,18.774282,17.635092,2,Fibroblast,1.9678979916827077,CID3838-sample-proxy
CID3838_CTCCCAACACAAGTTC,19.102253,16.689281,2,Fibroblast,1.9678979916827077,CID3838-sample-proxy
CID3838_GATCATGAGTCCTACA,18.550186,18.085207,2,Fibroblast,1.9678979916827077,CID3838-sample-proxy
CID3838_ATTCACTCAAATTGCC,17.93703,16.939621,2,Fibroblast,1.9678979916827077,CID3838-sample-proxy
CID3838_GCCGTGAGTAGTCTTG,17.934402,15.746528,2,Fibroblast,1.9678979916827077,CID3838-sample-proxy
CID3838_GGGAGATAGGTGAGAA,19.162413,16.663132,2,Fibroblast,1.9678979916827077,CID3838-sample-proxy
CID3838_CCGGGTAAGAGGTATT,18.42435,17.195305,2,Fibroblast,1.9678979916827077,CID3838-sample-proxy
CID3838_GTAGAGGAGTTGGACG,17.932741,14.735075,1,Perivascular,1.978175974626124,CID3838-sample-proxy
CID3838_TTCCTAAGTTCCTTGC,17.617218,14.8184805,1,Perivascular,1.978175974626124,CID3838-sample-proxy
CID3838_TGACGCGCAACAGCTT,17.860811,14.801761,1,Perivascular,1.978175974626124,CID3838-sample-proxy
CID3838_TACCTCGCAACTTGCA,18.475214,15.982624,2,Fibroblast,1.9678979916827077,CID3838-sample-proxy
CID3838_TGTTCATCAGCACGAA,17.82274,17.070114,2,Fibroblast,1.9678979916827077,CID3838-sample-proxy
CID3838_CGGAGAACAAGTGGTG,18.311693,15.541309,2,Fibroblast,1.9678979916827077,CID3838-sample-proxy
CID3838_TCATCATGTCTTAGTG,16.783789,16.730356,2,Fibroblast,1.9678979916827077,CID3838-sample-proxy
CID3838_ACAGGGATCTAGCCAA,19.468483,17.335144,2,Fibroblast,1.9678979916827077,CID3838-sample-proxy
CID3838_AGTAGCTCAGCAGAAC,17.852383,17.6521,2,Fibroblast,1.9678979916827077,CID3838-sample-proxy
CID3838_CAATACGAGCGTTAGG,19.062563,16.86697,2,Fibroblast,1.9678979916827077,CID3838-sample-proxy
CID3838_CTGTAGATCACTCTTA,19.484753,17.103586,2,Fibroblast,1.9678979916827077,CID3838-sample-proxy
CID3838_GAAGCGACATGTCGTA,19.44939,17.275612,2,Fibroblast,1.9678979916827077,CID3838-sample-proxy
CID3838_AAGTCGTAGGAAAGGT,17.928396,18.341095,2,Fibroblast,1.9678979916827077,CID3838-sample-proxy
CID3838_ATACCGACATGGGCAA,18.962866,17.220835,2,Fibroblast,1.9678979916827077,CID3838-sample-proxy
CID3838_CACGGGTCAACGGGTA,18.004923,17.36892,2,Fibroblast,1.9678979916827077,CID3838-sample-proxy
CID3838_CGGGTCACAACCTAAC,17.802284,17.787066,2,Fibroblast,1.9678979916827077,CID3838-sample-proxy
CID3838_GATGCTATCCGCCTAT,18.748978,18.218586,2,Fibroblast,1.9678979916827077,CID3838-sample-proxy
CID3838_GCTTGGGTCCAACCAA,18.452755,17.87261,2,Fibroblast,1.9678979916827077,CID3838-sample-proxy
CID3838_GTGGTTAAGTTTGTCG,19.119677,17.181566,2,Fibroblast,1.9678979916827077,CID3838-sample-proxy
CID3838_TACCCGTTCCAAGGGA,17.593536,18.41953,2,Fibroblast,1.9678979916827077,CID3838-sample-proxy
CID3838_TATCCTACAACACACT,18.19014,18.586164,2,Fibroblast,1.9678979916827077,CID3838-sample-proxy
CID3838_TATCTGTCAAGCACAG,17.613781,17.783827,2,Fibroblast,1.9678979916827077,CID3838-sample-proxy
CID3838_TCGAAGTCATCATTGG,18.030493,17.858185,2,Fibroblast,1.9678979916827077,CID3838-sample-proxy
CID3838_AACAACCGTTGAATCC,17.440733,17.30868,2,Fibroblast,1.9678979916827077,CID3838-sample-proxy
CID3838_AACGTCAGTGCTTCAA,17.93013,16.984663,2,Fibroblast,1.9678979916827077,CID3838-sample-proxy
CID3838_AATAGAGTCAACTTTC,18.940807,17.415104,2,Fibroblast,1.9678979916827077,CID3838-sample-proxy
CID3838_AATGAAGAGTTCCTGA,16.57971,16.989748,2,Fibroblast,1.9678979916827077,CID3838-sample-proxy
CID3838_AATGGAATCGTTCTAT,17.20784,16.872982,2,Fibroblast,1.9678979916827077,CID3838-sample-proxy
CID3838_ACACGCGAGCACTAAA,16.966349,18.076569,2,Fibroblast,1.9678979916827077,CID3838-sample-proxy
CID3838_ACCTACCCAAAGACGC,18.176548,16.460398,2,Fibroblast,1.9678979916827077,CID3838-sample-proxy
CID3838_ACTGATGAGAACAGGA,17.145292,17.04145,2,Fibroblast,1.9678979916827077,CID3838-sample-proxy
CID3838_ACTGTGAGTTTCCCAC,16.720127,17.268415,2,Fibroblast,1.9678979916827077,CID3838-sample-proxy
CID3838_AGACAGGCACAGAGAC,18.072678,16.538294,2,Fibroblast,1.9678979916827077,CID3838-sample-proxy
CID3838_AGACTCACACTGTGTA,16.623432,17.557158,2,Fibroblast,1.9678979916827077,CID3838-sample-proxy
CID3838_AGATGCTCACGGGCTT,17.277208,17.290367,2,Fibroblast,1.9678979916827077,CID3838-sample-proxy
CID3838_AGCCAATAGAGTCTTC,18.594831,15.997806,2,Fibroblast,1.9678979916827077,CID3838-sample-proxy
CID3838_AGCCACGAGTGCCTCG,17.450394,17.495327,2,Fibroblast,1.9678979916827077,CID3838-sample-proxy
CID3838_AGCTACAAGACAAGCC,18.246088,16.108305,2,Fibroblast,1.9678979916827077,CID3838-sample-proxy
CID3838_AGGCTGCAGCAAACAT,18.685068,17.271326,2,Fibroblast,1.9678979916827077,CID3838-sample-proxy
CID3838_AGGGTTTGTCCAGCCA,17.749668,16.645706,2,Fibroblast,1.9678979916827077,CID3838-sample-proxy
CID3838_AGGTCATTCAAACGTC,17.350685,16.671526,2,Fibroblast,1.9678979916827077,CID3838-sample-proxy
CID3838_AGTCAACCACTTCAGA,16.561796,17.346794,2,Fibroblast,1.9678979916827077,CID3838-sample-proxy
CID3838_AGTGCCGTCAGCCTCT,18.647993,16.000118,2,Fibroblast,1.9678979916827077,CID3838-sample-proxy
CID3838_ATCGGCGGTCTGTGAT,18.816757,17.54284,2,Fibroblast,1.9678979916827077,CID3838-sample-proxy
CID3838_ATGCATGTCGCTGACG,18.083502,17.296307,2,Fibroblast,1.9678979916827077,CID3838-sample-proxy
CID3838_CAATCGACATAATCCG,18.204996,16.778612,2,Fibroblast,1.9678979916827077,CID3838-sample-proxy
CID3838_CACGGGTGTCCGAAGA,17.605957,17.12997,2,Fibroblast,1.9678979916827077,CID3838-sample-proxy
CID3838_CACTGGGAGCATTGTC,17.051487,17.364088,2,Fibroblast,1.9678979916827077,CID3838-sample-proxy
CID3838_CATAGACAGGTTTACC,18.41857,15.729793,2,Fibroblast,1.9678979916827077,CID3838-sample-proxy
CID3838_CATCGCTTCAATGTCG,17.57129,16.818333,2,Fibroblast,1.9678979916827077,CID3838-sample-proxy
CID3838_CCATAAGTCCTCACGT,16.839579,16.931978,2,Fibroblast,1.9678979916827077,CID3838-sample-proxy
CID3838_CCGAACGAGATGTTGA,18.937292,17.150045,2,Fibroblast,1.9678979916827077,CID3838-sample-proxy
CID3838_CCTTCAGCAAATTGGA,17.920158,16.556187,2,Fibroblast,1.9678979916827077,CID3838-sample-proxy
CID3838_CGATGGCTCGTTCGCT,16.861044,18.030949,2,Fibroblast,1.9678979916827077,CID3838-sample-proxy
CID3838_CGGGACTGTGATACCT,18.569334,16.561749,2,Fibroblast,1.9678979916827077,CID3838-sample-proxy
CID3838_CGTAGTAAGTATCCTG,18.848818,16.142769,2,Fibroblast,1.9678979916827077,CID3838-sample-proxy
CID3838_CTAAGTGAGAGAGCAA,16.572681,17.836258,2,Fibroblast,1.9678979916827077,CID3838-sample-proxy
CID3838_CTACAGACAATTGGTC,18.398777,16.381405,2,Fibroblast,1.9678979916827077,CID3838-sample-proxy
CID3838_CTACGGGTCCGTGTAA,17.67866,17.22218,2,Fibroblast,1.9678979916827077,CID3838-sample-proxy
CID3838_CTCATGCAGACCTGGA,19.212706,17.166042,2,Fibroblast,1.9678979916827077,CID3838-sample-proxy
CID3838_CTCCTCCTCGGCACTG,18.702278,17.746145,2,Fibroblast,1.9678979916827077,CID3838-sample-proxy
CID3838_CTCCTTTCATCAGCAT,17.66896,16.554209,2,Fibroblast,1.9678979916827077,CID3838-sample-proxy
CID3838_CTGTGGGAGACCAGAC,18.337305,16.20334,2,Fibroblast,1.9678979916827077,CID3838-sample-proxy
CID3838_CTGTGGGGTTGTATGC,18.50066,17.619743,2,Fibroblast,1.9678979916827077,CID3838-sample-proxy
CID3838_GAACACTAGGCGTTGA,18.303913,16.814604,2,Fibroblast,1.9678979916827077,CID3838-sample-proxy
CID3838_GACAGCCCATGTTCGA,17.069136,17.369352,2,Fibroblast,1.9678979916827077,CID3838-sample-proxy
CID3838_GACTCTCTCTCGGCTT,18.158514,17.46112,2,Fibroblast,1.9678979916827077,CID3838-sample-proxy
CID3838_GAGATGGAGAGCTGAC,18.182539,16.284895,2,Fibroblast,1.9678979916827077,CID3838-sample-proxy
CID3838_GAGTGTTGTTAGGGAC,17.312967,17.653227,2,Fibroblast,1.9678979916827077,CID3838-sample-proxy
CID3838_GATGTTGAGCGACTAG,18.781956,16.054125,2,Fibroblast,1.9678979916827077,CID3838-sample-proxy
CID3838_GATTTCTTCGTGAGAG,18.799528,17.900236,2,Fibroblast,1.9678979916827077,CID3838-sample-proxy
CID3838_GCCAACGGTCCTTGTC,16.88812,17.10462,2,Fibroblast,1.9678979916827077,CID3838-sample-proxy
CID3838_GCCAGCATCAGCTGAT,17.07945,17.273348,2,Fibroblast,1.9678979916827077,CID3838-sample-proxy
CID3838_GCGGATCCACTCAAGT,17.828594,15.9325,2,Fibroblast,1.9678979916827077,CID3838-sample-proxy
CID3838_GGAAGTGTCGAAGTGG,16.677742,17.0537,2,Fibroblast,1.9678979916827077,CID3838-sample-proxy
CID3838_GGCTTGGTCGGAAACG,18.684027,16.971884,2,Fibroblast,1.9678979916827077,CID3838-sample-proxy
CID3838_GGTAATCAGTAAACGT,17.276068,16.947998,2,Fibroblast,1.9678979916827077,CID3838-sample-proxy
CID3838_GTACAACTCCCAAGCG,16.580265,17.009829,2,Fibroblast,1.9678979916827077,CID3838-sample-proxy
CID3838_GTAGCTACAAGTGGGT,19.277426,17.462486,2,Fibroblast,1.9678979916827077,CID3838-sample-proxy
CID3838_GTAGCTACAGTAACAA,17.420109,18.34694,2,Fibroblast,1.9678979916827077,CID3838-sample-proxy
CID3838_GTAGGTTCAAAGTGTA,17.548178,16.21567,2,Fibroblast,1.9678979916827077,CID3838-sample-proxy
CID3838_GTCACTCAGGCCTGCT,17.494179,17.45763,2,Fibroblast,1.9678979916827077,CID3838-sample-proxy
CID3838_GTTAGACGTTCGTGCG,16.59051,17.493834,2,Fibroblast,1.9678979916827077,CID3838-sample-proxy
CID3838_GTTGCGGGTACATTGC,16.417057,17.510733,2,Fibroblast,1.9678979916827077,CID3838-sample-proxy
CID3838_GTTGTAGGTAATGTGA,18.038963,17.664772,2,Fibroblast,1.9678979916827077,CID3838-sample-proxy
CID3838_GTTTACTCACGGTGCT,18.051695,16.505823,2,Fibroblast,1.9678979916827077,CID3838-sample-proxy
CID3838_TAACACGCAATTCGTG,17.433521,17.659994,2,Fibroblast,1.9678979916827077,CID3838-sample-proxy
CID3838_TAATTCCCAACGGTAG,18.531439,15.924494,2,Fibroblast,1.9678979916827077,CID3838-sample-proxy
CID3838_TACAACGGTGGGAGAG,19.365017,17.420322,2,Fibroblast,1.9678979916827077,CID3838-sample-proxy
CID3838_TACTGCCTCATAAGGA,17.73829,16.93744,2,Fibroblast,1.9678979916827077,CID3838-sample-proxy
CID3838_TAGATCGGTGTCCTAA,16.390804,17.400812,2,Fibroblast,1.9678979916827077,CID3838-sample-proxy
CID3838_TATCGCCTCCCGGTAG,16.938435,18.057817,2,Fibroblast,1.9678979916827077,CID3838-sample-proxy
CID3838_TATCGCCTCTGCAGCG,16.728216,17.761217,2,Fibroblast,1.9678979916827077,CID3838-sample-proxy
CID3838_TATTCCAAGAAGTCTA,17.496664,16.779636,2,Fibroblast,1.9678979916827077,CID3838-sample-proxy
CID3838_TATTTCGAGGTAATCA,16.728725,16.757858,2,Fibroblast,1.9678979916827077,CID3838-sample-proxy
CID3838_TCAAGTGCAATGTTGC,16.56487,17.651825,2,Fibroblast,1.9678979916827077,CID3838-sample-proxy
CID3838_TCCACGTGTTGATCGT,17.194677,17.623163,2,Fibroblast,1.9678979916827077,CID3838-sample-proxy
CID3838_TCCCAGTTCGATACAC,17.24137,16.462969,2,Fibroblast,1.9678979916827077,CID3838-sample-proxy
CID3838_TCCCATGCATTCCTAT,17.040771,17.898478,2,Fibroblast,1.9678979916827077,CID3838-sample-proxy
CID3838_TCCGAAAAGCACGATG,16.434937,16.950706,2,Fibroblast,1.9678979916827077,CID3838-sample-proxy
CID3838_TCCGATCAGGTTACAA,16.849625,17.657755,2,Fibroblast,1.9678979916827077,CID3838-sample-proxy
CID3838_TCCTTTCTCAAGTGGG,16.997414,17.299532,2,Fibroblast,1.9678979916827077,CID3838-sample-proxy
CID3838_TCTCTGGTCGCTTGAA,18.26748,17.164564,2,Fibroblast,1.9678979916827077,CID3838-sample-proxy
CID3838_TCTGTCGGTCGTTCAA,16.964884,16.591438,2,Fibroblast,1.9678979916827077,CID3838-sample-proxy
CID3838_TGAGCATAGCACCAGA,16.386934,17.132408,2,Fibroblast,1.9678979916827077,CID3838-sample-proxy
CID3838_TGAGTCATCGGACCAC,16.562054,17.928122,2,Fibroblast,1.9678979916827077,CID3838-sample-proxy
CID3838_TGCGGGTGTGGGCTTC,16.50157,17.525944,2,Fibroblast,1.9678979916827077,CID3838-sample-proxy
CID3838_TGCTCCAGTCTCCTGT,18.852362,16.599966,2,Fibroblast,1.9678979916827077,CID3838-sample-proxy
CID3838_TGCTGAAAGAGTTGAT,17.061586,16.326946,2,Fibroblast,1.9678979916827077,CID3838-sample-proxy
CID3838_TGGGAAGTCGCGTCGA,16.656816,17.310883,2,Fibroblast,1.9678979916827077,CID3838-sample-proxy
CID3838_TTACTGTTCGTGCAGC,18.452135,16.932886,2,Fibroblast,1.9678979916827077,CID3838-sample-proxy
CID3838_TTCATTGTCCGACATA,17.91028,16.445421,2,Fibroblast,1.9678979916827077,CID3838-sample-proxy
CID3838_TTCCGTGAGACATAGT,17.43672,17.457022,2,Fibroblast,1.9678979916827077,CID3838-sample-proxy
CID3838_TTCGCTGTCGTCGGGT,16.768549,17.678862,2,Fibroblast,1.9678979916827077,CID3838-sample-proxy
CID3838_AGATGCTCAAGGTACG,18.179739,15.0668955,1,Perivascular,1.978175974626124,CID3838-sample-proxy
CID3838_ATACTTCAGGCGCTTC,18.939499,17.706512,2,Fibroblast,1.9678979916827077,CID3838-sample-proxy
CID3838_CCCGGAAAGTGAGTGC,18.689875,18.06515,2,Fibroblast,1.9678979916827077,CID3838-sample-proxy
CID3838_CCTCTAGCAAACACGG,19.053623,17.845636,2,Fibroblast,1.9678979916827077,CID3838-sample-proxy
CID3838_GATGATCCAAAGGCTG,19.329334,17.104733,2,Fibroblast,1.9678979916827077,CID3838-sample-proxy
CID3838_TACACCCCAAACCACT,19.066801,17.555988,2,Fibroblast,1.9678979916827077,CID3838-sample-proxy
CID3838_TCGCAGGGTGGCATCC,18.345984,16.75285,2,Fibroblast,1.9678979916827077,CID3838-sample-proxy
CID3838_TTTGACTCACATGTTG,16.533056,14.259268,1,Perivascular,1.978175974626124,CID3838-sample-proxy
CID3838_AAACGCTGTCTACACA,14.756858,14.398594,1,Perivascular,1.978175974626124,CID3838-sample-proxy
CID3838_AACCAACAGGTAGGCT,15.139775,13.289593,1,Perivascular,1.978175974626124,CID3838-sample-proxy
CID3838_AAGCATCTCGTGGACC,14.931792,13.302466,1,Perivascular,1.978175974626124,CID3838-sample-proxy
CID3838_AATGAAGTCTCTGCTG,14.88194,14.623422,1,Perivascular,1.978175974626124,CID3838-sample-proxy
CID3838_ACTTATCTCAAGTTGC,15.20389,12.991119,1,Perivascular,1.978175974626124,CID3838-sample-proxy
CID3838_AGAGCCCCAACAGCCC,14.618874,14.806904,1,Perivascular,1.978175974626124,CID3838-sample-proxy
CID3838_AGCGTATGTCTAGGCC,14.609845,14.6310215,1,Perivascular,1.978175974626124,CID3838-sample-proxy
CID3838_AGTGACTTCTCTTGCG,15.812341,13.94244,1,Perivascular,1.978175974626124,CID3838-sample-proxy
CID3838_ATATCCTAGACCTTTG,14.997896,13.807556,1,Perivascular,1.978175974626124,CID3838-sample-proxy
CID3838_ATCTCTATCCTCTCGA,15.511018,13.505995,1,Perivascular,1.978175974626124,CID3838-sample-proxy
CID3838_ATCTTCAGTTCGTAAC,14.463068,14.391218,1,Perivascular,1.978175974626124,CID3838-sample-proxy
CID3838_ATGATCGTCATTCACT,14.713133,14.627457,1,Perivascular,1.978175974626124,CID3838-sample-proxy
CID3838_ATTCACTTCAAGCCAT,16.389013,13.833414,1,Perivascular,1.978175974626124,CID3838-sample-proxy
CID3838_CAGAGCCCAGAATTCC,16.434254,13.774017,1,Perivascular,1.978175974626124,CID3838-sample-proxy
CID3838_CAGATCACATCATCTT,14.452788,14.651424,1,Perivascular,1.978175974626124,CID3838-sample-proxy
CID3838_CAGTTCCGTGTATTGC,14.646352,14.274464,1,Perivascular,1.978175974626124,CID3838-sample-proxy
CID3838_CATAGACAGTTACGTC,14.952145,13.300652,1,Perivascular,1.978175974626124,CID3838-sample-proxy
CID3838_CATTGTTGTTCTCTCG,14.617569,14.684522,1,Perivascular,1.978175974626124,CID3838-sample-proxy
CID3838_CCATAAGCAAAGGTTA,14.485192,14.570867,1,Perivascular,1.978175974626124,CID3838-sample-proxy
CID3838_CCCGGAACAGCCTACG,14.56471,14.362161,1,Perivascular,1.978175974626124,CID3838-sample-proxy
CID3838_CCCTCAAGTGTTCATG,15.044205,13.661787,1,Perivascular,1.978175974626124,CID3838-sample-proxy
CID3838_CCGGTAGGTGATGGCA,14.794325,13.721924,1,Perivascular,1.978175974626124,CID3838-sample-proxy
CID3838_CCGTTCACAACTTCTT,15.750747,13.106086,1,Perivascular,1.978175974626124,CID3838-sample-proxy
CID3838_CCTAACCTCGTAGTCA,15.269521,13.416651,1,Perivascular,1.978175974626124,CID3838-sample-proxy
CID3838_CCTCCAAAGAGAGCGG,15.038931,13.190363,1,Perivascular,1.978175974626124,CID3838-sample-proxy
CID3838_CCTTCAGCAGGTAGTG,15.19923,13.61195,1,Perivascular,1.978175974626124,CID3838-sample-proxy
CID3838_CTTCTCTAGCTGTACT,16.058752,13.267185,1,Perivascular,1.978175974626124,CID3838-sample-proxy
CID3838_CTTTCAACAAAGCTAA,14.422949,14.687525,1,Perivascular,1.978175974626124,CID3838-sample-proxy
CID3838_GAAGCGAGTCATCAGT,15.293944,14.295058,1,Perivascular,1.978175974626124,CID3838-sample-proxy
CID3838_GACCCTTAGCGCTGCT,15.710549,14.220986,1,Perivascular,1.978175974626124,CID3838-sample-proxy
CID3838_GACGTTATCCGCCTAT,14.451828,14.232316,1,Perivascular,1.978175974626124,CID3838-sample-proxy
CID3838_GATGATCTCAAGTAAG,14.872064,14.44005,1,Perivascular,1.978175974626124,CID3838-sample-proxy
CID3838_GCAGCCACAGATCATC,14.417319,14.342563,1,Perivascular,1.978175974626124,CID3838-sample-proxy
CID3838_GCCCAGATCAAGAATG,15.549582,13.050191,1,Perivascular,1.978175974626124,CID3838-sample-proxy
CID3838_GGAGCAATCGACCACG,15.390179,13.645475,1,Perivascular,1.978175974626124,CID3838-sample-proxy
CID3838_GGTGATTGTATGTCTG,14.737116,14.560644,1,Perivascular,1.978175974626124,CID3838-sample-proxy
CID3838_GGTTGTAAGCTGCCAC,15.37299,13.301086,1,Perivascular,1.978175974626124,CID3838-sample-proxy
CID3838_GTTGCTCGTAGCACAG,14.84101,13.5315275,1,Perivascular,1.978175974626124,CID3838-sample-proxy
CID3838_TACATTCGTAGGACCA,15.039142,13.888079,1,Perivascular,1.978175974626124,CID3838-sample-proxy
CID3838_TACCTGCGTACGATTC,14.607501,14.8776045,1,Perivascular,1.978175974626124,CID3838-sample-proxy
CID3838_TCACAAGGTCCAGCCA,14.995664,13.403442,1,Perivascular,1.978175974626124,CID3838-sample-proxy
CID3838_TCATCCGCACAATGAA,15.261107,13.082035,1,Perivascular,1.978175974626124,CID3838-sample-proxy
CID3838_TCATGCCTCTGGTCAA,15.188554,13.021263,1,Perivascular,1.978175974626124,CID3838-sample-proxy
CID3838_TCATGTTTCTTACGTT,14.985286,13.190129,1,Perivascular,1.978175974626124,CID3838-sample-proxy
CID3838_TCCATGCTCCGCGAGT,14.536189,14.499949,1,Perivascular,1.978175974626124,CID3838-sample-proxy
CID3838_TCGGTCTAGCGGCTCT,14.514965,14.836738,1,Perivascular,1.978175974626124,CID3838-sample-proxy
CID3838_TCGTCCAGTCGACGCT,17.03633,14.291463,1,Perivascular,1.978175974626124,CID3838-sample-proxy
CID3838_TCGTGGGAGCATGATA,14.683531,13.621014,1,Perivascular,1.978175974626124,CID3838-sample-proxy
CID3838_TCTAACTAGGAACGCT,15.505151,13.1161175,1,Perivascular,1.978175974626124,CID3838-sample-proxy
CID3838_TCTCAGCGTCGAAGCA,15.282984,13.577773,1,Perivascular,1.978175974626124,CID3838-sample-proxy
CID3838_TCTCTGGCATAGTCGT,14.475363,14.570859,1,Perivascular,1.978175974626124,CID3838-sample-proxy
CID3838_TCTGGCTGTAGACTGG,15.11183,12.983607,1,Perivascular,1.978175974626124,CID3838-sample-proxy
CID3838_TGCAGATTCTCCTGTG,15.529556,14.127035,1,Perivascular,1.978175974626124,CID3838-sample-proxy
CID3838_TGCTCGTTCGTCCTCA,14.989041,13.353896,1,Perivascular,1.978175974626124,CID3838-sample-proxy
CID3838_TGGATCACACTACACA,14.736763,14.129519,1,Perivascular,1.978175974626124,CID3838-sample-proxy
CID3838_TGGGCGTCATCGTCCT,14.980243,14.237014,1,Perivascular,1.978175974626124,CID3838-sample-proxy
CID3838_TGGTTAGGTGAATAAC,15.481714,12.832837,1,Perivascular,1.978175974626124,CID3838-sample-proxy
CID3838_TGTTCTACAGCACCCA,14.979194,14.307815,1,Perivascular,1.978175974626124,CID3838-sample-proxy
CID3838_TTGAACGCATAGGAGC,15.181635,13.186732,1,Perivascular,1.978175974626124,CID3838-sample-proxy
CID3838_TTGGGATTCAGGAACG,16.281054,15.840288,1,Perivascular,1.978175974626124,CID3838-sample-proxy
CID3838_TTGGGTACACGAAAGC,15.130512,14.27125,1,Perivascular,1.978175974626124,CID3838-sample-proxy
CID3838_GTCAAACGTCGTTCAA,16.914127,15.031974,1,Perivascular,1.978175974626124,CID3838-sample-proxy
CID3838_ATAGACCTCCTCACGT,15.959851,13.890927,1,Perivascular,1.978175974626124,CID3838-sample-proxy
CID3838_ATGAGTCTCCATAGGT,16.405088,13.476455,1,Perivascular,1.978175974626124,CID3838-sample-proxy
CID3838_CGTAATGGTCTAGGCC,16.615923,14.232389,1,Perivascular,1.978175974626124,CID3838-sample-proxy
CID3838_GACCTTCTCGGTCTAA,17.166824,13.620876,1,Perivascular,1.978175974626124,CID3838-sample-proxy
CID3838_GATGGAGCAAGAAATC,16.117544,13.107473,1,Perivascular,1.978175974626124,CID3838-sample-proxy
CID3838_GTGTTCCCACGTGAGA,16.282753,13.261894,1,Perivascular,1.978175974626124,CID3838-sample-proxy
CID3838_TAGCACAGTCCAGCAC,16.091103,13.235806,1,Perivascular,1.978175974626124,CID3838-sample-proxy
CID3838_AGAACAAAGTTGCGCC,15.0274315,14.629811,1,Perivascular,1.978175974626124,CID3838-sample-proxy
CID3838_ATCCACCAGATAGGGA,16.657494,13.347463,1,Perivascular,1.978175974626124,CID3838-sample-proxy
CID3838_GACACGCAGCGGACAT,15.827401,14.338609,1,Perivascular,1.978175974626124,CID3838-sample-proxy
CID3838_GGAATCTGTCCGGCAT,15.926545,14.450982,1,Perivascular,1.978175974626124,CID3838-sample-proxy
CID3838_TATACCTAGCTCCATA,15.107277,13.135293,1,Perivascular,1.978175974626124,CID3838-sample-proxy
CID3838_GTTACGAAGGATACGC,16.59632,14.201977,1,Perivascular,1.978175974626124,CID3838-sample-proxy
CID3838_TAGGGTTCACAGTCAT,16.883068,14.105476,1,Perivascular,1.978175974626124,CID3838-sample-proxy
CID3838_TCATCATCAGAAGCGT,16.911741,14.179616,1,Perivascular,1.978175974626124,CID3838-sample-proxy
CID3838_TCAAGTGAGGGAGATA,16.744926,13.694673,1,Perivascular,1.978175974626124,CID3838-sample-proxy
CID3838_TGTCCTGAGAGGACTC,16.186468,14.051102,1,Perivascular,1.978175974626124,CID3838-sample-proxy
CID3838_TTTGGTTTCTGGAGAG,17.325994,14.196557,1,Perivascular,1.978175974626124,CID3838-sample-proxy
CID3838_AGTACCAAGTACAGAT,17.635025,14.026783,1,Perivascular,1.978175974626124,CID3838-sample-proxy
CID3838_AACACACGTCCCACGA,17.675455,14.320803,1,Perivascular,1.978175974626124,CID3838-sample-proxy
CID3838_AACCCAATCTTACGGA,16.532816,13.827408,1,Perivascular,1.978175974626124,CID3838-sample-proxy
CID3838_AATGGCTAGAGGCGGA,17.183817,13.887196,1,Perivascular,1.978175974626124,CID3838-sample-proxy
CID3838_ACTTATCAGCCTCTTC,16.074642,13.10672,1,Perivascular,1.978175974626124,CID3838-sample-proxy
CID3838_AGTCTCCTCTCCAATT,16.495424,13.309986,1,Perivascular,1.978175974626124,CID3838-sample-proxy
CID3838_ATCGTAGGTCCAGGTC,16.632778,13.847219,1,Perivascular,1.978175974626124,CID3838-sample-proxy
CID3838_CACATGACACATACTG,16.916399,13.321279,1,Perivascular,1.978175974626124,CID3838-sample-proxy
CID3838_CATAAGCAGCTAGTTC,17.52311,13.554106,1,Perivascular,1.978175974626124,CID3838-sample-proxy
CID3838_CCAATGACAATACCTG,17.614445,13.800817,1,Perivascular,1.978175974626124,CID3838-sample-proxy
CID3838_CCACCATTCTACAGGT,17.19494,13.950193,1,Perivascular,1.978175974626124,CID3838-sample-proxy
CID3838_CCTATCGTCCATCTCG,16.971672,14.5506,1,Perivascular,1.978175974626124,CID3838-sample-proxy
CID3838_CGTAAGTCAGTGGGTA,17.629772,14.15091,1,Perivascular,1.978175974626124,CID3838-sample-proxy
CID3838_CTAGGTACATCCCGTT,17.416792,13.930514,1,Perivascular,1.978175974626124,CID3838-sample-proxy
CID3838_CTCAGGGGTATCGAAA,16.795883,13.303609,1,Perivascular,1.978175974626124,CID3838-sample-proxy
CID3838_GCAGCTGTCCCATTTA,16.502562,13.471697,1,Perivascular,1.978175974626124,CID3838-sample-proxy
CID3838_GGGAAGTCAACGTATC,16.868286,13.429754,1,Perivascular,1.978175974626124,CID3838-sample-proxy
CID3838_GGGCTCACACACTGGC,17.633984,13.914851,1,Perivascular,1.978175974626124,CID3838-sample-proxy
CID3838_GGGTCTGGTATCCTTT,16.932606,13.844843,1,Perivascular,1.978175974626124,CID3838-sample-proxy
CID3838_GTGCACGTCGTAGCTA,15.946289,13.334305,1,Perivascular,1.978175974626124,CID3838-sample-proxy
CID3838_TAAGCGTTCTCCGAGG,16.741478,13.587708,1,Perivascular,1.978175974626124,CID3838-sample-proxy
CID3838_TATTCCAGTGTCTTCC,17.390917,14.116386,1,Perivascular,1.978175974626124,CID3838-sample-proxy
CID3838_TCATGGAGTAACACCT,17.045546,13.523223,1,Perivascular,1.978175974626124,CID3838-sample-proxy
CID3838_TCTCCGATCTTGGAAC,17.235266,13.73738,1,Perivascular,1.978175974626124,CID3838-sample-proxy
CID3838_TGTACAGCACAGTATC,17.685736,13.818642,1,Perivascular,1.978175974626124,CID3838-sample-proxy
CID3838_TTCAATCAGGGATGTC,16.691055,14.009875,1,Perivascular,1.978175974626124,CID3838-sample-proxy
CID3838_TTGCATTGTATACCCA,17.53306,13.680304,1,Perivascular,1.978175974626124,CID3838-sample-proxy
CID3838_TTGTGGACATTGCTGA,17.369371,13.872777,1,Perivascular,1.978175974626124,CID3838-sample-proxy
CID3838_CAAGGGACAATGCAAA,17.170605,14.193973,1,Perivascular,1.978175974626124,CID3838-sample-proxy
CID3838_GAGATGGAGCTTGTGT,16.07517,14.0038805,1,Perivascular,1.978175974626124,CID3838-sample-proxy
CID3838_TTTGTTGAGCGCTTCG,16.470783,13.977461,1,Perivascular,1.978175974626124,CID3838-sample-proxy
CID3838_CATGCTCAGCGTCAGA,17.837774,14.191584,1,Perivascular,1.978175974626124,CID3838-sample-proxy
CID3838_AGCTACAAGGAAAGAC,17.385685,14.622249,1,Perivascular,1.978175974626124,CID3838-sample-proxy
CID3838_TCAAGCAGTTGCTAGT,17.503263,14.446947,1,Perivascular,1.978175974626124,CID3838-sample-proxy
CID3838_CAACAACTCCACAGCG,17.517073,14.196539,1,Perivascular,1.978175974626124,CID3838-sample-proxy
CID3838_GATGATCGTGGATGAC,17.724678,14.399044,1,Perivascular,1.978175974626124,CID3838-sample-proxy
CID3838_GGTTCTCAGATGGTCG,17.505663,14.505181,1,Perivascular,1.978175974626124,CID3838-sample-proxy
CID3838_TAACTTCGTCAACACT,16.96971,13.916899,1,Perivascular,1.978175974626124,CID3838-sample-proxy
CID3838_TCACTATTCGCCGAAC,17.013186,14.296461,1,Perivascular,1.978175974626124,CID3838-sample-proxy
CID3838_TCAGCCTGTAGGGTAC,16.685343,13.67949,1,Perivascular,1.978175974626124,CID3838-sample-proxy
CID3838_TGCAGGCTCTGCTGAA,17.382599,14.5671835,1,Perivascular,1.978175974626124,CID3838-sample-proxy
CID3838_TGGGTTATCGATACTG,16.584902,13.975498,1,Perivascular,1.978175974626124,CID3838-sample-proxy
CID3838_ACTACGAAGTAATTGG,16.917387,14.673683,1,Perivascular,1.978175974626124,CID3838-sample-proxy
CID3838_AGGCATTGTTCCGCAG,16.078465,14.313847,1,Perivascular,1.978175974626124,CID3838-sample-proxy
CID3838_AGTGTTGCAGAACTTC,16.2832,14.359531,1,Perivascular,1.978175974626124,CID3838-sample-proxy
CID3838_CAGGCCACACCCTGAG,16.292803,14.468423,1,Perivascular,1.978175974626124,CID3838-sample-proxy
CID3838_CCTCATGCAATCGTCA,16.617193,14.444375,1,Perivascular,1.978175974626124,CID3838-sample-proxy
CID3838_CGTAATGAGTGGACTG,16.430965,14.427036,1,Perivascular,1.978175974626124,CID3838-sample-proxy
CID3838_CTGCCTACAGTCGGTC,14.760713,13.25117,1,Perivascular,1.978175974626124,CID3838-sample-proxy
CID3838_GACATCATCGCATAGT,16.411514,14.602716,1,Perivascular,1.978175974626124,CID3838-sample-proxy
CID3838_GTCGTTCCAATTTCCT,14.794582,13.387507,1,Perivascular,1.978175974626124,CID3838-sample-proxy
CID3838_TAAGCACCAGGATCTT,14.8611145,13.235666,1,Perivascular,1.978175974626124,CID3838-sample-proxy
CID3838_TCAGTGAGTTTCGCTC,16.11023,14.595147,1,Perivascular,1.978175974626124,CID3838-sample-proxy
CID3838_GATCATGGTACCGTCG,-2.663785,7.8925343,0,Endothelial,3.5812657774525087,CID3838-sample-proxy
CID3838_TGGTAGTCAATTGCAC,-2.5936854,7.673449,0,Endothelial,3.5812657774525087,CID3838-sample-proxy
CID3838_TACATTCGTCTAGATC,-2.2513947,8.16519,0,Endothelial,3.5812657774525087,CID3838-sample-proxy
CID3838_ACAGAAAAGGGAGGCA,16.57873,13.75321,1,Perivascular,1.978175974626124,CID3838-sample-proxy
CID3838_ATGGGAGGTCCTGGTG,15.603584,13.66644,1,Perivascular,1.978175974626124,CID3838-sample-proxy
CID3838_GCACTAATCCCTATTA,16.834366,14.233584,1,Perivascular,1.978175974626124,CID3838-sample-proxy
CID3838_CTCAACCCATCCTAAG,29.058964,0.8428059,3,B cells,3.865051026582663,CID3838-sample-proxy
CID3838_CTGTATTTCCCGAGTG,29.391045,0.7835833,3,B cells,3.865051026582663,CID3838-sample-proxy
CID3838_GGGCCATTCGGAGATG,29.006382,0.85618424,3,B cells,3.865051026582663,CID3838-sample-proxy
CID3838_GTAACACGTGGGAGAG,29.115791,0.93488306,3,B cells,3.865051026582663,CID3838-sample-proxy
CID3838_GTAATCGAGTCACTCA,28.969862,0.6198797,3,B cells,3.865051026582663,CID3838-sample-proxy
CID3838_AGTCACACACTGTGAT,28.741243,1.215092,3,B cells,3.865051026582663,CID3838-sample-proxy
CID3838_CACCAAATCAGACCCG,28.878206,0.87163275,3,B cells,3.865051026582663,CID3838-sample-proxy
CID3838_CTCATGCCAAATGAAC,28.781818,0.75477195,3,B cells,3.865051026582663,CID3838-sample-proxy
CID3838_AGAACCTGTTTGGAAA,28.70716,1.2634604,3,B cells,3.865051026582663,CID3838-sample-proxy
CID3838_AGCTCAATCGCACTCT,28.994331,0.8305094,3,B cells,3.865051026582663,CID3838-sample-proxy
CID3838_AGTGCCGCAGAGATGC,28.938652,0.9573355,3,B cells,3.865051026582663,CID3838-sample-proxy
CID3838_ATCCATTCATAATGAG,28.87115,0.97668403,3,B cells,3.865051026582663,CID3838-sample-proxy
CID3838_ATCGGATTCCGTGGTG,28.87954,0.8656526,3,B cells,3.865051026582663,CID3838-sample-proxy
CID3838_ATGGATCTCGAGCCAC,28.965816,0.6282545,3,B cells,3.865051026582663,CID3838-sample-proxy
CID3838_CTTCTCTCAAATGGTA,28.73945,1.3658985,3,B cells,3.865051026582663,CID3838-sample-proxy
CID3838_GTGGGAACAGACCAGA,28.708557,1.034432,3,B cells,3.865051026582663,CID3838-sample-proxy
CID3838_GTGGGAACATGTAACC,28.801397,1.2129846,3,B cells,3.865051026582663,CID3838-sample-proxy
CID3838_GTGTGGCGTCTTGCTC,28.676159,1.4988422,3,B cells,3.865051026582663,CID3838-sample-proxy
CID3838_TTTACTGAGACGGTTG,29.04447,0.7410598,3,B cells,3.865051026582663,CID3838-sample-proxy
CID3838_ACGTCCTTCATGGAGG,29.145674,0.630389,3,B cells,3.865051026582663,CID3838-sample-proxy
CID3838_CAATGACAGGCAATGC,29.099554,0.71989405,3,B cells,3.865051026582663,CID3838-sample-proxy
CID3838_CCTGCATCACCCAATA,28.751022,0.9589633,3,B cells,3.865051026582663,CID3838-sample-proxy
CID3838_GCTACCTGTGCCCAGT,29.06424,0.65020865,3,B cells,3.865051026582663,CID3838-sample-proxy
CID3838_AAGTACCGTGTCATGT,29.066725,0.5242042,3,B cells,3.865051026582663,CID3838-sample-proxy
CID3838_AATGGCTTCATTCATC,28.976336,0.91329783,3,B cells,3.865051026582663,CID3838-sample-proxy
CID3838_CAATGACTCGGCCAAC,29.113438,0.620937,3,B cells,3.865051026582663,CID3838-sample-proxy
CID3838_TATCCTACACCAGCGT,28.936258,0.57399625,3,B cells,3.865051026582663,CID3838-sample-proxy
CID3838_TGGGAGATCCAAGCAT,28.774834,0.74635214,3,B cells,3.865051026582663,CID3838-sample-proxy
CID3838_TGTCCTGCACTGGCCA,28.81395,0.7883338,3,B cells,3.865051026582663,CID3838-sample-proxy
CID3838_TGTTCTACAAGATTGA,28.84771,1.2613494,3,B cells,3.865051026582663,CID3838-sample-proxy
CID3838_TGACAGTGTAATTAGG,28.716578,1.0409495,3,B cells,3.865051026582663,CID3838-sample-proxy
CID3838_CTGTACCCACGTCTCT,11.183545,-13.050005,4,Plasma cells,2.793639625120386,CID3838-sample-proxy
CID3838_ACCATTTCACAAGCAG,10.811021,-12.979344,4,Plasma cells,2.793639625120386,CID3838-sample-proxy
CID3838_AGCGATTGTCGCTGCA,10.647782,-12.799201,4,Plasma cells,2.793639625120386,CID3838-sample-proxy
CID3838_CCCTGATTCCTGTACC,10.460811,-12.865828,4,Plasma cells,2.793639625120386,CID3838-sample-proxy
CID3838_CGAAGTTAGAGCAGCT,10.663051,-12.772294,4,Plasma cells,2.793639625120386,CID3838-sample-proxy
CID3838_CTCGAGGTCTACACAG,10.758857,-12.955582,4,Plasma cells,2.793639625120386,CID3838-sample-proxy
CID3838_GTCATTTTCGACCATA,10.813,-13.057661,4,Plasma cells,2.793639625120386,CID3838-sample-proxy
CID3838_TCTACCGAGATGTAGT,11.043226,-13.057092,4,Plasma cells,2.793639625120386,CID3838-sample-proxy
CID3838_TCTATACGTTGGGTTT,10.3952875,-13.05944,4,Plasma cells,2.793639625120386,CID3838-sample-proxy
CID3838_TTCGCTGCAAGCACAG,10.622263,-13.008874,4,Plasma cells,2.793639625120386,CID3838-sample-proxy
CID3838_CCACCATTCACTGGTA,11.121859,-12.9702635,4,Plasma cells,2.793639625120386,CID3838-sample-proxy
CID3838_CTGCAGGGTGTACAGG,11.053615,-12.764573,4,Plasma cells,2.793639625120386,CID3838-sample-proxy
CID3838_CTGGCAGCAAGGCAAC,11.233908,-12.742093,4,Plasma cells,2.793639625120386,CID3838-sample-proxy
CID3838_GGGTTATCAGGAGGAG,10.76403,-12.840747,4,Plasma cells,2.793639625120386,CID3838-sample-proxy
CID3838_TGAGGGAGTCCAGTTA,10.945459,-12.900411,4,Plasma cells,2.793639625120386,CID3838-sample-proxy
CID3838_ATCACTTGTATGTCCA,10.5770855,-12.574798,4,Plasma cells,2.793639625120386,CID3838-sample-proxy
CID3838_ATGGATCAGGTTAGTA,10.369716,-12.652163,4,Plasma cells,2.793639625120386,CID3838-sample-proxy
CID3838_GCCAGGTCAATACGCT,11.142426,-12.849691,4,Plasma cells,2.793639625120386,CID3838-sample-proxy
CID3838_TATTTCGGTTTCGTAG,11.079981,-12.752262,4,Plasma cells,2.793639625120386,CID3838-sample-proxy
CID3838_ACGGAAGGTACCAGAG,10.446524,-12.8761835,4,Plasma cells,2.793639625120386,CID3838-sample-proxy
CID3838_ATTCGTTTCACTCACC,10.5525055,-12.786109,4,Plasma cells,2.793639625120386,CID3838-sample-proxy
CID3838_CCCATTGCATCCGGTG,10.51327,-12.811046,4,Plasma cells,2.793639625120386,CID3838-sample-proxy
CID3838_CCGCAAGTCTCGGGAC,11.07221,-12.80132,4,Plasma cells,2.793639625120386,CID3838-sample-proxy
CID3838_CGGTCAGGTCCACAGC,10.264743,-12.6137495,4,Plasma cells,2.793639625120386,CID3838-sample-proxy
CID3838_CAGTTCCGTATCTTCT,10.336708,-12.708265,4,Plasma cells,2.793639625120386,CID3838-sample-proxy
CID3838_CTCTCGACAATCAGCT,11.063863,-12.888704,4,Plasma cells,2.793639625120386,CID3838-sample-proxy
CID3838_GAAACCTAGATGTAGT,10.317938,-12.552224,4,Plasma cells,2.793639625120386,CID3838-sample-proxy
CID3838_GAAGCCCGTGACCTGC,10.401375,-12.479997,4,Plasma cells,2.793639625120386,CID3838-sample-proxy
CID3838_GATTTCTTCATTGTTC,10.338954,-12.407506,4,Plasma cells,2.793639625120386,CID3838-sample-proxy
CID3838_GGATCTATCCTAACAG,10.56904,-12.602559,4,Plasma cells,2.793639625120386,CID3838-sample-proxy
CID3838_GGGAGTAGTTCAAACC,10.38579,-12.481395,4,Plasma cells,2.793639625120386,CID3838-sample-proxy
CID3838_TCATCATGTCGATTCA,10.217315,-12.496172,4,Plasma cells,2.793639625120386,CID3838-sample-proxy
CID3838_TTCCAATAGCACGTCC,10.231529,-12.514936,4,Plasma cells,2.793639625120386,CID3838-sample-proxy
CID3838_TTCTAGTAGTTGGGAC,10.417449,-12.639582,4,Plasma cells,2.793639625120386,CID3838-sample-proxy
CID3838_ACATCGAGTATTTCGG,10.710944,-13.029922,4,Plasma cells,2.793639625120386,CID3838-sample-proxy
CID3838_GTAGGTTCAAGGACAC,10.871114,-12.436642,4,Plasma cells,2.793639625120386,CID3838-sample-proxy
CID3838_TGGTACATCGCTAATG,10.419435,-12.825736,4,Plasma cells,2.793639625120386,CID3838-sample-proxy
CID3838_GTGGAAGTCGAAGAAT,24.485382,3.3209054,5,T / NK,0.7122188288084502,CID3838-sample-proxy
CID3838_AAGGTAAAGAGAGCAA,24.127417,0.69191414,6,T / NK,1.728483689433326,CID3838-sample-proxy
CID3838_AGCGATTCAGGAGACT,23.177832,1.3193277,6,T / NK,1.728483689433326,CID3838-sample-proxy
CID3838_CCTCCAAGTGCCCACA,23.61626,1.1379791,6,T / NK,1.728483689433326,CID3838-sample-proxy
CID3838_CGGGTGTGTCCCGTGA,23.748129,1.4469434,6,T / NK,1.728483689433326,CID3838-sample-proxy
CID3838_CTCAAGAAGGTGATAT,23.358444,1.0202957,6,T / NK,1.728483689433326,CID3838-sample-proxy
CID3838_CTCATTACATAAGCGG,24.097866,1.7414532,6,T / NK,1.728483689433326,CID3838-sample-proxy
CID3838_CTCTCGAGTGGAAATT,25.939346,4.9746394,7,T / NK,0.8225941530255941,CID3838-sample-proxy
CID3838_GGGATGATCCGAGCTG,23.227825,1.3347964,6,T / NK,1.728483689433326,CID3838-sample-proxy
CID3838_GGGCTCACACACAGAG,24.454245,2.5588648,5,T / NK,0.7122188288084502,CID3838-sample-proxy
CID3838_GTTATGGTCGATCCAA,24.018631,0.90230316,6,T / NK,1.728483689433326,CID3838-sample-proxy
CID3838_TACCTCGAGCGTGTCC,23.25002,0.76884586,6,T / NK,1.728483689433326,CID3838-sample-proxy
CID3838_TATTTCGGTAGATTAG,23.804533,1.1294676,6,T / NK,1.728483689433326,CID3838-sample-proxy
CID3838_TCACACCGTGCAGATG,24.277369,0.84923804,6,T / NK,1.728483689433326,CID3838-sample-proxy
CID3838_TCCACCAGTGCCTAAT,23.784378,0.55471736,6,T / NK,1.728483689433326,CID3838-sample-proxy
CID3838_TTAGGGTGTTTGGAAA,24.094833,0.7484681,6,T / NK,1.728483689433326,CID3838-sample-proxy
CID3838_TTCCAATCAACCAACT,23.871498,1.2869455,6,T / NK,1.728483689433326,CID3838-sample-proxy
CID3838_AGGATCTGTAGAATGT,23.70518,0.89008045,6,T / NK,1.728483689433326,CID3838-sample-proxy
CID3838_CCGATGGAGGTAAACT,23.432323,1.4098346,6,T / NK,1.728483689433326,CID3838-sample-proxy
CID3838_CTCAAGACATGCCATA,22.862488,1.2344584,6,T / NK,1.728483689433326,CID3838-sample-proxy
CID3838_TCAGTGAGTGTCCATA,23.335545,0.93400246,6,T / NK,1.728483689433326,CID3838-sample-proxy
CID3838_ATTACCTAGGATTTAG,21.553446,4.572748,5,T / NK,0.7122188288084502,CID3838-sample-proxy
CID3838_GTGTTAGTCGGACTGC,24.123272,2.908238,5,T / NK,0.7122188288084502,CID3838-sample-proxy
CID3838_AGGTCTAAGCACTCTA,22.988619,2.0792587,6,T / NK,1.728483689433326,CID3838-sample-proxy
CID3838_GGTGAAGCAGTATACC,21.656464,2.6787865,5,T / NK,0.7122188288084502,CID3838-sample-proxy
CID3838_AATAGAGCAATAACCC,21.550915,4.1149907,5,T / NK,0.7122188288084502,CID3838-sample-proxy
CID3838_AGAAGTACACCTAAAC,23.766687,2.5707145,5,T / NK,0.7122188288084502,CID3838-sample-proxy
CID3838_AGGGAGTCATAGCACT,23.935192,3.4379191,5,T / NK,0.7122188288084502,CID3838-sample-proxy
CID3838_AGGTGTTAGATAGTGT,23.220203,2.2985742,6,T / NK,1.728483689433326,CID3838-sample-proxy
CID3838_AGTTCCCAGCTATCTG,22.713541,2.4634929,5,T / NK,0.7122188288084502,CID3838-sample-proxy
CID3838_CAAAGAACAGCACCCA,22.325863,2.4282415,5,T / NK,0.7122188288084502,CID3838-sample-proxy
CID3838_CACAACACAACGTATC,23.460716,2.7595212,5,T / NK,0.7122188288084502,CID3838-sample-proxy
CID3838_CTCTCGACAAGCTGTT,23.739607,2.8898208,5,T / NK,0.7122188288084502,CID3838-sample-proxy
CID3838_GCCGTGATCCTTATGT,22.283703,1.6156089,6,T / NK,1.728483689433326,CID3838-sample-proxy
CID3838_TACCCACTCAGGACGA,23.728878,2.0745788,5,T / NK,0.7122188288084502,CID3838-sample-proxy
CID3838_TCCTTTCCACCAGCGT,23.704498,2.2628016,5,T / NK,0.7122188288084502,CID3838-sample-proxy
CID3838_TCTTCCTCATGGTACT,22.260704,1.2056513,6,T / NK,1.728483689433326,CID3838-sample-proxy
CID3838_TGAATCGTCTAACGCA,22.736141,1.8166995,5,T / NK,0.7122188288084502,CID3838-sample-proxy
CID3838_TGGGAGAAGTCAGCGA,24.153008,3.3429165,5,T / NK,0.7122188288084502,CID3838-sample-proxy
CID3838_AGTTAGCAGCGGTATG,22.966127,1.1710798,6,T / NK,1.728483689433326,CID3838-sample-proxy
CID3838_ATCTCTAGTCGGAACA,24.284004,0.8609575,6,T / NK,1.728483689433326,CID3838-sample-proxy
CID3838_CCAAGCGAGGTCACAG,22.99733,1.1868701,6,T / NK,1.728483689433326,CID3838-sample-proxy
CID3838_CCCTGATTCGAGATAA,23.171663,0.38597423,6,T / NK,1.728483689433326,CID3838-sample-proxy
CID3838_CGGAACCAGTTTGAGA,24.624111,2.681916,6,T / NK,1.728483689433326,CID3838-sample-proxy
CID3838_GCATTAGGTTCTTAGG,23.431244,1.5231222,6,T / NK,1.728483689433326,CID3838-sample-proxy
CID3838_TCCAGAAAGCTACGTT,22.910128,1.2038171,6,T / NK,1.728483689433326,CID3838-sample-proxy
CID3838_TTGGGATCAGACCAAG,22.798,1.5158443,6,T / NK,1.728483689433326,CID3838-sample-proxy
CID3838_TTTCGATAGGCCTTCG,22.857561,0.86690843,6,T / NK,1.728483689433326,CID3838-sample-proxy
CID3838_AAAGTCCAGTCTTGGT,21.751162,1.6123586,6,T / NK,1.728483689433326,CID3838-sample-proxy
CID3838_AACTTCTCAGCTCGGT,23.88604,1.8343537,6,T / NK,1.728483689433326,CID3838-sample-proxy
CID3838_AGAAGTAGTGACAGGT,21.903925,1.4966323,6,T / NK,1.728483689433326,CID3838-sample-proxy
CID3838_AGGTGTTTCCATTCAT,22.125465,2.8232896,5,T / NK,0.7122188288084502,CID3838-sample-proxy
CID3838_AGTCACAAGCTCACTA,22.057474,0.67929226,6,T / NK,1.728483689433326,CID3838-sample-proxy
CID3838_ATCATTCTCAGCGGAA,23.632225,1.4616103,6,T / NK,1.728483689433326,CID3838-sample-proxy
CID3838_ATGGTTGGTAGTCTTG,21.883888,2.0381057,6,T / NK,1.728483689433326,CID3838-sample-proxy
CID3838_ATGTCTTTCGTGCAGC,22.269241,1.0385966,6,T / NK,1.728483689433326,CID3838-sample-proxy
CID3838_ATTACTCTCGTCCTTG,21.99639,0.85416657,6,T / NK,1.728483689433326,CID3838-sample-proxy
CID3838_ATTCACTTCGAAGCCC,23.37805,2.4771986,5,T / NK,0.7122188288084502,CID3838-sample-proxy
CID3838_CACTGAAAGTCCTACA,21.48092,1.004614,6,T / NK,1.728483689433326,CID3838-sample-proxy
CID3838_CAGTTAGTCGCAATGT,23.315275,0.51750576,6,T / NK,1.728483689433326,CID3838-sample-proxy
CID3838_CCACGTTCAGCGGTTC,22.654234,1.5388303,6,T / NK,1.728483689433326,CID3838-sample-proxy
CID3838_CCCATTGGTCATCCGG,22.50689,0.76209307,6,T / NK,1.728483689433326,CID3838-sample-proxy
CID3838_CCGAACGTCGACACCG,23.039911,1.370035,6,T / NK,1.728483689433326,CID3838-sample-proxy
CID3838_CCTTTGGTCCCTCTTT,22.587301,2.014237,6,T / NK,1.728483689433326,CID3838-sample-proxy
CID3838_CGCGTGAAGTCATAGA,23.185215,2.5269144,5,T / NK,0.7122188288084502,CID3838-sample-proxy
CID3838_CGTTAGAAGTCACACT,21.78008,0.32607442,6,T / NK,1.728483689433326,CID3838-sample-proxy
CID3838_CGTTGGGTCGGATTAC,22.312284,1.8178784,5,T / NK,0.7122188288084502,CID3838-sample-proxy
CID3838_CTTCCGATCCCAGTGG,21.874056,0.6481689,6,T / NK,1.728483689433326,CID3838-sample-proxy
CID3838_CTTCTAACAGTATTCG,21.672443,0.88285977,6,T / NK,1.728483689433326,CID3838-sample-proxy
CID3838_CTTCTCTGTACAGGTG,22.709812,0.72939116,6,T / NK,1.728483689433326,CID3838-sample-proxy
CID3838_GACCGTGTCCGAGATT,21.442156,0.78211284,6,T / NK,1.728483689433326,CID3838-sample-proxy
CID3838_GACCGTGTCTTGTTAC,22.64469,0.60376203,6,T / NK,1.728483689433326,CID3838-sample-proxy
CID3838_GATAGAAGTTCTCACC,21.806553,3.30003,5,T / NK,0.7122188288084502,CID3838-sample-proxy
CID3838_GATGATCTCTTGATTC,22.937157,1.0037432,6,T / NK,1.728483689433326,CID3838-sample-proxy
CID3838_GGGATGATCATGGGAG,22.493752,1.7095876,6,T / NK,1.728483689433326,CID3838-sample-proxy
CID3838_GTCATCCCATTAGGCT,23.44568,1.2812166,6,T / NK,1.728483689433326,CID3838-sample-proxy
CID3838_TACCGAATCGCCACTT,23.112787,0.4480226,6,T / NK,1.728483689433326,CID3838-sample-proxy
CID3838_TATTGGGAGGCACTAG,22.990822,0.6143159,6,T / NK,1.728483689433326,CID3838-sample-proxy
CID3838_TCCAGAAGTCACTGAT,22.249249,0.023350911,6,T / NK,1.728483689433326,CID3838-sample-proxy
CID3838_TCCCAGTCAAGGTCTT,22.635286,0.5404868,6,T / NK,1.728483689433326,CID3838-sample-proxy
CID3838_TCTCAGCTCAATCTTC,22.109428,1.3589697,6,T / NK,1.728483689433326,CID3838-sample-proxy
CID3838_TGACAGTCATCCAATG,22.075523,0.9004816,6,T / NK,1.728483689433326,CID3838-sample-proxy
CID3838_TGCGGCATCCATACAG,22.33962,0.42731252,6,T / NK,1.728483689433326,CID3838-sample-proxy
CID3838_TGGTTAGAGCCACTCG,22.159674,0.43605623,6,T / NK,1.728483689433326,CID3838-sample-proxy
CID3838_TGTCAGACAACCGCCA,22.522062,0.5434348,6,T / NK,1.728483689433326,CID3838-sample-proxy
CID3838_TTAATCCTCACTGCTC,21.937307,1.068258,6,T / NK,1.728483689433326,CID3838-sample-proxy
CID3838_TTCCTAATCATTCACT,23.247358,0.6684239,6,T / NK,1.728483689433326,CID3838-sample-proxy
CID3838_TTGCTGCGTAATGCGG,22.720413,1.515557,6,T / NK,1.728483689433326,CID3838-sample-proxy
CID3838_TTGTTGTTCGAGCCAC,22.061775,0.43798757,6,T / NK,1.728483689433326,CID3838-sample-proxy
CID3838_TTTAGTCTCTGGACCG,23.089375,0.9594729,6,T / NK,1.728483689433326,CID3838-sample-proxy
CID3838_CTGCATCTCGTACCTC,21.704624,0.9828835,6,T / NK,1.728483689433326,CID3838-sample-proxy
CID3838_GGTAATCTCCTTTGAT,23.279877,0.61891145,6,T / NK,1.728483689433326,CID3838-sample-proxy
CID3838_CAATTTCTCATGTCTT,24.045504,3.6123784,5,T / NK,0.7122188288084502,CID3838-sample-proxy
CID3838_CATGCAATCGCGTAGC,23.28972,0.62262946,6,T / NK,1.728483689433326,CID3838-sample-proxy
CID3838_CGAATTGCATTGGCAT,24.593973,2.7055683,5,T / NK,0.7122188288084502,CID3838-sample-proxy
CID3838_GCATTAGCACGTAGTT,23.512793,2.81639,5,T / NK,0.7122188288084502,CID3838-sample-proxy
CID3838_CAGTTAGGTGCGTGCT,23.334866,-0.15827729,6,T / NK,1.728483689433326,CID3838-sample-proxy
CID3838_TGCAGATGTTGCTCAA,22.289036,1.3812304,5,T / NK,0.7122188288084502,CID3838-sample-proxy
CID3838_GAAACCTTCTCGTGGG,23.247435,0.4394032,6,T / NK,1.728483689433326,CID3838-sample-proxy
CID3838_TCCGATCAGGCTTAGG,24.634851,0.77099574,6,T / NK,1.728483689433326,CID3838-sample-proxy
CID3838_GACGTTATCTCGAGTA,24.61993,2.4747295,6,T / NK,1.728483689433326,CID3838-sample-proxy
CID3838_TCAGCCTGTAGTAAGT,21.24642,3.9035006,5,T / NK,0.7122188288084502,CID3838-sample-proxy
CID3838_TATACCTAGGCCATAG,23.029493,0.36882833,6,T / NK,1.728483689433326,CID3838-sample-proxy
CID3838_AAACGAACACCTGTCT,20.871277,3.7221332,5,T / NK,0.7122188288084502,CID3838-sample-proxy
CID3838_AACAGGGGTGCCGTTG,21.218475,3.4218242,5,T / NK,0.7122188288084502,CID3838-sample-proxy
CID3838_AGCGATTGTGGGCTCT,21.012487,3.591011,5,T / NK,0.7122188288084502,CID3838-sample-proxy
CID3838_AGCTCAAGTTGAAGTA,24.560951,8.19452,8,T / NK,0.5795934644410073,CID3838-sample-proxy
CID3838_ATTCCTAAGTTGCCTA,24.112314,1.332097,6,T / NK,1.728483689433326,CID3838-sample-proxy
CID3838_CCTTCAGCATAGCACT,24.861233,1.0018312,6,T / NK,1.728483689433326,CID3838-sample-proxy
CID3838_CTCAGTCAGAGTCAGC,23.72515,0.82179546,6,T / NK,1.728483689433326,CID3838-sample-proxy
CID3838_CTCAGTCCATCTAGAC,24.913641,8.626168,8,T / NK,0.5795934644410073,CID3838-sample-proxy
CID3838_CTCATGCTCGTGCACG,24.217249,1.1635255,6,T / NK,1.728483689433326,CID3838-sample-proxy
CID3838_GAGTTGTCACGGTCTG,21.17873,3.452497,5,T / NK,0.7122188288084502,CID3838-sample-proxy
CID3838_GGAGGTACAAATCCCA,23.628149,0.78142786,6,T / NK,1.728483689433326,CID3838-sample-proxy
CID3838_GTCATGACACTAGAGG,21.064768,3.8828344,5,T / NK,0.7122188288084502,CID3838-sample-proxy
CID3838_GTCGAATAGATGGTAT,21.25123,3.337738,5,T / NK,0.7122188288084502,CID3838-sample-proxy
CID3838_GTGTTAGGTATCATGC,21.113474,3.254648,5,T / NK,0.7122188288084502,CID3838-sample-proxy
CID3838_TACCTGCAGCGTCTGC,21.075607,3.3761332,5,T / NK,0.7122188288084502,CID3838-sample-proxy
CID3838_TTAGTCTGTTCCACGG,20.91344,3.469493,5,T / NK,0.7122188288084502,CID3838-sample-proxy
CID3838_TTCAATCTCGCGCCAA,21.434492,3.2476256,5,T / NK,0.7122188288084502,CID3838-sample-proxy
CID3838_TTTGATCCACCGTCGA,24.169,7.814478,5,T / NK,0.7122188288084502,CID3838-sample-proxy
CID3838_GGTCTGGTCACCATAG,22.84733,4.5105147,5,T / NK,0.7122188288084502,CID3838-sample-proxy
CID3838_TCGCTCATCAAAGCCT,21.54078,3.9599206,5,T / NK,0.7122188288084502,CID3838-sample-proxy
CID3838_TTGCATTGTCCTGGTG,22.44653,6.1780066,5,T / NK,0.7122188288084502,CID3838-sample-proxy
CID3838_ATGGGAGTCATAGACC,24.784645,8.399879,8,T / NK,0.5795934644410073,CID3838-sample-proxy
CID3838_CTGAATGTCACTGTTT,25.357,8.876186,8,T / NK,0.5795934644410073,CID3838-sample-proxy
CID3838_GGGACTCAGGTACAAT,23.381638,1.5987316,6,T / NK,1.728483689433326,CID3838-sample-proxy
CID3838_GCGAGAAGTGATGAAT,26.408253,9.405007,8,T / NK,0.5795934644410073,CID3838-sample-proxy
CID3838_ATTCCCGGTAATACCC,23.976639,2.0791247,6,T / NK,1.728483689433326,CID3838-sample-proxy
CID3838_CCATAAGAGGTCACCC,25.515501,4.417988,7,T / NK,0.8225941530255941,CID3838-sample-proxy
CID3838_TACAGGTCAGAGGTAC,21.995344,3.150445,5,T / NK,0.7122188288084502,CID3838-sample-proxy
CID3838_TCCATCGAGTGGATAT,22.037195,2.3466294,5,T / NK,0.7122188288084502,CID3838-sample-proxy
CID3838_AACTTCTCAGGACGAT,25.475382,1.1335438,6,T / NK,1.728483689433326,CID3838-sample-proxy
CID3838_AATGACCGTCAAGTTC,24.28834,0.5708732,6,T / NK,1.728483689433326,CID3838-sample-proxy
CID3838_ACACAGTGTGGCGTAA,25.202799,1.4500755,6,T / NK,1.728483689433326,CID3838-sample-proxy
CID3838_ACAGCCGCAGGCTATT,24.9086,1.0136399,6,T / NK,1.728483689433326,CID3838-sample-proxy
CID3838_ACCCTCATCGTTCTCG,25.067469,1.1331362,6,T / NK,1.728483689433326,CID3838-sample-proxy
CID3838_ACGCACGCACGGTCTG,25.781027,2.1280694,6,T / NK,1.728483689433326,CID3838-sample-proxy
CID3838_ACGGTCGTCCGAGGCT,24.359907,1.6834764,6,T / NK,1.728483689433326,CID3838-sample-proxy
CID3838_ACTATTCAGGGAGGCA,24.592434,0.7102109,6,T / NK,1.728483689433326,CID3838-sample-proxy
CID3838_ACTTATCGTTAACCTG,24.86099,1.4955271,6,T / NK,1.728483689433326,CID3838-sample-proxy
CID3838_AGAGCCCAGGAACATT,25.22378,1.3406249,6,T / NK,1.728483689433326,CID3838-sample-proxy
CID3838_AGATGAATCAGTGTGT,24.52941,1.4037044,6,T / NK,1.728483689433326,CID3838-sample-proxy
CID3838_AGCGCCAGTGGTCTTA,23.91792,1.154261,6,T / NK,1.728483689433326,CID3838-sample-proxy
CID3838_AGGGCTCTCCTCCACA,24.600557,1.7836907,6,T / NK,1.728483689433326,CID3838-sample-proxy
CID3838_AGTAACCGTACGATCT,24.189594,1.7502635,6,T / NK,1.728483689433326,CID3838-sample-proxy
CID3838_AGTAGCTAGGTACATA,23.495634,0.6045841,6,T / NK,1.728483689433326,CID3838-sample-proxy
CID3838_AGTTCGAAGGTTAGTA,24.717962,0.9605883,6,T / NK,1.728483689433326,CID3838-sample-proxy
CID3838_AGTTCGAAGTTAGAAC,24.0478,1.297398,6,T / NK,1.728483689433326,CID3838-sample-proxy
CID3838_ATAGGCTTCAAAGAAC,24.46993,0.8196081,6,T / NK,1.728483689433326,CID3838-sample-proxy
CID3838_ATCCATTAGAGTACCG,23.363998,1.3184083,6,T / NK,1.728483689433326,CID3838-sample-proxy
CID3838_ATCGGATTCTTCCCGA,24.22586,0.668098,6,T / NK,1.728483689433326,CID3838-sample-proxy
CID3838_ATGATCGAGTGTTCCA,25.773062,4.6770473,7,T / NK,0.8225941530255941,CID3838-sample-proxy
CID3838_ATGGGTTCAGAGTCTT,23.953194,0.936889,6,T / NK,1.728483689433326,CID3838-sample-proxy
CID3838_CAATACGAGCTTCGTA,24.290106,0.6918273,6,T / NK,1.728483689433326,CID3838-sample-proxy
CID3838_CAATACGAGTCACGAG,25.384682,1.4665574,6,T / NK,1.728483689433326,CID3838-sample-proxy
CID3838_CAGATCACACTATGTG,24.653399,1.2090161,6,T / NK,1.728483689433326,CID3838-sample-proxy
CID3838_CAGCACGTCACTACGA,24.86115,1.3531215,6,T / NK,1.728483689433326,CID3838-sample-proxy
CID3838_CCCTCTCGTTCTTAGG,24.806395,1.1380711,6,T / NK,1.728483689433326,CID3838-sample-proxy
CID3838_CCTACGTAGATGTAGT,23.826572,0.54431677,6,T / NK,1.728483689433326,CID3838-sample-proxy
CID3838_CGACAGCGTCACTCTC,25.825035,3.7996116,7,T / NK,0.8225941530255941,CID3838-sample-proxy
CID3838_CTGGTCTCATACCACA,24.455616,1.0609273,6,T / NK,1.728483689433326,CID3838-sample-proxy
CID3838_CTGTAGAGTGATTAGA,24.397297,1.317331,6,T / NK,1.728483689433326,CID3838-sample-proxy
CID3838_GACTATGCAAGTATAG,24.530046,1.287798,6,T / NK,1.728483689433326,CID3838-sample-proxy
CID3838_GATGAGGTCTTGGGCG,25.003815,1.4599968,6,T / NK,1.728483689433326,CID3838-sample-proxy
CID3838_GCCGTGACACCATTCC,24.791039,1.122526,6,T / NK,1.728483689433326,CID3838-sample-proxy
CID3838_GGTCTGGGTGTATCCA,24.614216,1.8149759,6,T / NK,1.728483689433326,CID3838-sample-proxy
CID3838_GTATTTCAGGAACTAT,26.059198,2.6025136,7,T / NK,0.8225941530255941,CID3838-sample-proxy
CID3838_GTGAGTTAGAATCGCG,24.770864,2.0684855,6,T / NK,1.728483689433326,CID3838-sample-proxy
CID3838_GTGGAGATCACGTCCT,23.821033,0.6661405,6,T / NK,1.728483689433326,CID3838-sample-proxy
CID3838_GTTCGCTGTGTGTGGA,24.010544,0.68191445,6,T / NK,1.728483689433326,CID3838-sample-proxy
CID3838_GTTTACTTCTCGGTAA,28.508993,3.4425952,9,Myeloid,1.6604254295783991,CID3838-sample-proxy
CID3838_TACAGGTTCAAGGAGC,24.181984,1.1929132,6,T / NK,1.728483689433326,CID3838-sample-proxy
CID3838_TAGATCGAGATGATTG,24.467611,1.3596414,6,T / NK,1.728483689433326,CID3838-sample-proxy
CID3838_TAGGAGGTCCTCACTG,25.299381,1.1830264,6,T / NK,1.728483689433326,CID3838-sample-proxy
CID3838_TATTGGGAGAGCCCAA,23.783962,1.2124776,6,T / NK,1.728483689433326,CID3838-sample-proxy
CID3838_TCACGCTAGCTGACTT,23.92372,0.594802,6,T / NK,1.728483689433326,CID3838-sample-proxy
CID3838_TCATGTTCAAGAATAC,24.587494,0.9390674,6,T / NK,1.728483689433326,CID3838-sample-proxy
CID3838_TCCGGGACAGATAAAC,25.053196,1.1042255,6,T / NK,1.728483689433326,CID3838-sample-proxy
CID3838_TCCTGCAAGTGCTAGG,25.502085,1.3076619,6,T / NK,1.728483689433326,CID3838-sample-proxy
CID3838_TCGAACAAGTAGCAAT,25.470316,1.8235219,6,T / NK,1.728483689433326,CID3838-sample-proxy
CID3838_TCTTTGATCGCTTGCT,24.962532,2.1431217,6,T / NK,1.728483689433326,CID3838-sample-proxy
CID3838_TGACTCCGTAACACGG,25.382101,1.1376394,6,T / NK,1.728483689433326,CID3838-sample-proxy
CID3838_TGAGGTTCAAGGAGTC,24.150558,1.8828982,6,T / NK,1.728483689433326,CID3838-sample-proxy
CID3838_TGCGACGCAACGATTC,24.650665,1.0379957,6,T / NK,1.728483689433326,CID3838-sample-proxy
CID3838_TGCTTCGAGTTAGAAC,25.720821,2.1187375,6,T / NK,1.728483689433326,CID3838-sample-proxy
CID3838_TGTGAGTAGCTTCGTA,24.973341,1.1949757,6,T / NK,1.728483689433326,CID3838-sample-proxy
CID3838_TGTTCCGAGATGGCAC,23.71067,1.3234605,6,T / NK,1.728483689433326,CID3838-sample-proxy
CID3838_TGTTCCGGTCGATTCA,25.596334,2.7363572,6,T / NK,1.728483689433326,CID3838-sample-proxy
CID3838_TTCTCTCGTGAGTTTC,24.954367,0.98978907,6,T / NK,1.728483689433326,CID3838-sample-proxy
CID3838_TTGGGTAAGTCGCGAA,24.921818,1.623166,6,T / NK,1.728483689433326,CID3838-sample-proxy
CID3838_TTTACCATCTGCCCTA,25.014025,2.5244677,6,T / NK,1.728483689433326,CID3838-sample-proxy
CID3838_TTTAGTCCATGTGGTT,25.240995,1.1564759,6,T / NK,1.728483689433326,CID3838-sample-proxy
CID3838_TTTGACTAGCCATTTG,24.531168,1.2431383,6,T / NK,1.728483689433326,CID3838-sample-proxy
CID3838_AGGAGGTAGGTGCTGA,23.44943,-0.42618012,6,T / NK,1.728483689433326,CID3838-sample-proxy
CID3838_ACCCTTGGTGACTAAA,24.13983,1.2921902,6,T / NK,1.728483689433326,CID3838-sample-proxy
CID3838_ATTGTTCGTCTTGAGT,24.841967,0.99911785,6,T / NK,1.728483689433326,CID3838-sample-proxy
CID3838_TTTGATCTCCATTGCC,25.441946,1.6260847,6,T / NK,1.728483689433326,CID3838-sample-proxy
CID3838_AAGTGAATCGCAAGAG,27.142159,2.9336832,7,T / NK,0.8225941530255941,CID3838-sample-proxy
CID3838_AATGCCACACACGCCA,27.309183,2.898938,7,T / NK,0.8225941530255941,CID3838-sample-proxy
CID3838_ACGGAAGCATCCTCAC,27.162514,2.5036352,7,T / NK,0.8225941530255941,CID3838-sample-proxy
CID3838_ACTTAGGGTATCACCA,26.749842,3.517492,7,T / NK,0.8225941530255941,CID3838-sample-proxy
CID3838_AGAAATGCACCGGCTA,27.228714,2.666135,7,T / NK,0.8225941530255941,CID3838-sample-proxy
CID3838_AGCTTCCTCCATCGTC,26.993635,2.8537643,7,T / NK,0.8225941530255941,CID3838-sample-proxy
CID3838_AGGCTGCTCGAGTACT,27.062836,2.7027063,7,T / NK,0.8225941530255941,CID3838-sample-proxy
CID3838_AGGGCTCAGCCTCGTG,26.16185,3.5424917,7,T / NK,0.8225941530255941,CID3838-sample-proxy
CID3838_AGGTCATGTCACTCTC,26.49596,2.5659657,7,T / NK,0.8225941530255941,CID3838-sample-proxy
CID3838_AGTCATGGTGTGGTCC,27.137281,2.757028,7,T / NK,0.8225941530255941,CID3838-sample-proxy
CID3838_ATTTCACCACAGTACT,26.781715,2.9784064,7,T / NK,0.8225941530255941,CID3838-sample-proxy
CID3838_CAAGACTCACCAGACC,26.355963,3.0645149,7,T / NK,0.8225941530255941,CID3838-sample-proxy
CID3838_CAAGCTATCCCGAATA,27.011803,3.195323,7,T / NK,0.8225941530255941,CID3838-sample-proxy
CID3838_CAATGACCAGAAGCTG,27.019472,2.9528873,7,T / NK,0.8225941530255941,CID3838-sample-proxy
CID3838_CACGTGGAGTCATACC,27.020472,3.0356805,7,T / NK,0.8225941530255941,CID3838-sample-proxy
CID3838_CCACAAAGTAGATTAG,26.588453,3.1349616,7,T / NK,0.8225941530255941,CID3838-sample-proxy
CID3838_CCGATGGCACACAGAG,26.879755,2.8120496,7,T / NK,0.8225941530255941,CID3838-sample-proxy
CID3838_CCGGACAGTTGCATCA,26.901833,2.5733814,7,T / NK,0.8225941530255941,CID3838-sample-proxy
CID3838_CGATGCGGTGAGACCA,26.512472,2.7237093,7,T / NK,0.8225941530255941,CID3838-sample-proxy
CID3838_CGTTCTGCATTGACAC,26.93808,5.0352945,7,T / NK,0.8225941530255941,CID3838-sample-proxy
CID3838_CTCAATTCAATTGCGT,27.061464,3.004605,7,T / NK,0.8225941530255941,CID3838-sample-proxy
CID3838_CTCCGATAGACAACTA,27.152578,2.6619432,7,T / NK,0.8225941530255941,CID3838-sample-proxy
CID3838_CTGCCTAAGTAAAGCT,27.052624,2.9520252,7,T / NK,0.8225941530255941,CID3838-sample-proxy
CID3838_GACTCAAGTCGAAGCA,26.093304,3.1399157,7,T / NK,0.8225941530255941,CID3838-sample-proxy
CID3838_GAGTTGTGTCACCGCA,26.466936,2.7555335,7,T / NK,0.8225941530255941,CID3838-sample-proxy
CID3838_GATAGCTCACAGTCAT,27.13065,2.6098988,7,T / NK,0.8225941530255941,CID3838-sample-proxy
CID3838_GATGACTTCCTGCTAC,26.757284,2.8959634,7,T / NK,0.8225941530255941,CID3838-sample-proxy
CID3838_GCATTAGCATGACTCA,26.369368,5.0298276,7,T / NK,0.8225941530255941,CID3838-sample-proxy
CID3838_GCTCAAAGTCCAACGC,26.474178,2.9387445,7,T / NK,0.8225941530255941,CID3838-sample-proxy
CID3838_GGCTTTCAGTCGGCAA,25.88529,2.2638023,6,T / NK,1.728483689433326,CID3838-sample-proxy
CID3838_GGGAGATTCGGCTGGT,24.681507,1.3048135,6,T / NK,1.728483689433326,CID3838-sample-proxy
CID3838_GTACAACAGCAGATAT,26.988491,2.8723364,7,T / NK,0.8225941530255941,CID3838-sample-proxy
CID3838_GTACAGTTCCATTTCA,26.815361,3.0126052,7,T / NK,0.8225941530255941,CID3838-sample-proxy
CID3838_GTCAAACAGGACTGGT,26.537437,2.8961678,7,T / NK,0.8225941530255941,CID3838-sample-proxy
CID3838_GTCACGGAGCAGGCAT,26.571394,3.2560632,7,T / NK,0.8225941530255941,CID3838-sample-proxy
CID3838_GTCAGCGCATTCCTCG,26.852093,2.7285838,7,T / NK,0.8225941530255941,CID3838-sample-proxy
CID3838_GTGCAGCCACCCTTGT,26.721102,3.669152,7,T / NK,0.8225941530255941,CID3838-sample-proxy
CID3838_GTGGGAATCCGCAGTG,27.217096,2.7770133,7,T / NK,0.8225941530255941,CID3838-sample-proxy
CID3838_GTGTCCTGTTGCTCAA,26.950476,3.064245,7,T / NK,0.8225941530255941,CID3838-sample-proxy
CID3838_TACCTGCAGGGTACAC,27.247473,3.3087902,7,T / NK,0.8225941530255941,CID3838-sample-proxy
CID3838_TAGTGCATCTCATTTG,27.091312,3.0962873,7,T / NK,0.8225941530255941,CID3838-sample-proxy
CID3838_TATTTCGGTACCCAGC,26.98298,3.495442,7,T / NK,0.8225941530255941,CID3838-sample-proxy
CID3838_TCAGTCCCATACTGTG,26.850246,2.932573,7,T / NK,0.8225941530255941,CID3838-sample-proxy
CID3838_TCTTGCGAGAGGCGGA,26.57318,2.4302669,7,T / NK,0.8225941530255941,CID3838-sample-proxy
CID3838_TGTGCGGTCGCATTAG,26.194904,4.2947316,7,T / NK,0.8225941530255941,CID3838-sample-proxy
CID3838_TGTTACTCAGTCGAGA,25.730438,1.8780552,6,T / NK,1.728483689433326,CID3838-sample-proxy
CID3838_TTAATCCAGAAACTAC,26.96624,2.4755764,7,T / NK,0.8225941530255941,CID3838-sample-proxy
CID3838_TTACAGGAGACGGAAA,27.213968,2.8873432,7,T / NK,0.8225941530255941,CID3838-sample-proxy
CID3838_TTCATGTTCCAAGGGA,26.485846,3.2851288,7,T / NK,0.8225941530255941,CID3838-sample-proxy
CID3838_CATTTCACACGCTGCA,28.49657,4.0887046,9,Myeloid,1.6604254295783991,CID3838-sample-proxy
CID3838_CTAAGTGTCATGCGGC,29.442593,4.833316,9,Myeloid,1.6604254295783991,CID3838-sample-proxy
CID3838_GAGGCCTTCTTCCCGA,29.103144,4.7228727,9,Myeloid,1.6604254295783991,CID3838-sample-proxy
CID3838_GGTCACGGTATGCGTT,29.0739,5.140363,9,Myeloid,1.6604254295783991,CID3838-sample-proxy
CID3838_CATGCGGCAGGTACGA,27.51934,9.691779,8,T / NK,0.5795934644410073,CID3838-sample-proxy
CID3838_CTTGATTTCCTCTAAT,22.450216,-0.09655812,6,T / NK,1.728483689433326,CID3838-sample-proxy
CID3838_GGCGTCACATGGACAG,27.254807,4.561086,7,T / NK,0.8225941530255941,CID3838-sample-proxy
CID3838_TCCGTGTTCTATCCAT,26.384853,2.9462993,7,T / NK,0.8225941530255941,CID3838-sample-proxy
CID3838_CACCGTTTCTCGCTTG,26.990929,5.206719,7,T / NK,0.8225941530255941,CID3838-sample-proxy
CID3838_AAGATAGCACGCGTGT,22.972452,3.627678,5,T / NK,0.7122188288084502,CID3838-sample-proxy
CID3838_AAGCGAGGTAATCAAG,21.823328,3.5649047,5,T / NK,0.7122188288084502,CID3838-sample-proxy
CID3838_AAGCGAGTCTAGAACC,22.408037,4.4530797,5,T / NK,0.7122188288084502,CID3838-sample-proxy
CID3838_AGGATCTGTATTGACC,23.927717,3.8362405,5,T / NK,0.7122188288084502,CID3838-sample-proxy
CID3838_AGGGTTTTCAGGACAG,22.81641,3.0490906,5,T / NK,0.7122188288084502,CID3838-sample-proxy
CID3838_ATAGACCCAAGACGGT,22.467922,5.155653,5,T / NK,0.7122188288084502,CID3838-sample-proxy
CID3838_ATGGGAGGTTAAGAAC,23.079044,3.8034625,5,T / NK,0.7122188288084502,CID3838-sample-proxy
CID3838_ATTCCATTCAATCCGA,23.04414,5.07555,5,T / NK,0.7122188288084502,CID3838-sample-proxy
CID3838_CTGGACGAGACTTCCA,22.540562,5.897756,5,T / NK,0.7122188288084502,CID3838-sample-proxy
CID3838_GAACTGTCAAGAATGT,22.431372,3.1247911,5,T / NK,0.7122188288084502,CID3838-sample-proxy
CID3838_TCAGCAAGTCTTCTAT,21.389986,5.026305,5,T / NK,0.7122188288084502,CID3838-sample-proxy
CID3838_TCATACTTCCCATACC,22.177404,5.1230736,5,T / NK,0.7122188288084502,CID3838-sample-proxy
CID3838_TCGGGCAAGGAGTCTG,25.175838,6.496236,7,T / NK,0.8225941530255941,CID3838-sample-proxy
CID3838_TGGTAGTAGTCTTGGT,23.293768,3.4230452,5,T / NK,0.7122188288084502,CID3838-sample-proxy
CID3838_TGTGAGTTCTTGAACG,22.676498,3.4282238,5,T / NK,0.7122188288084502,CID3838-sample-proxy
CID3838_TTGCCTGCAGGTGAGT,22.159887,4.144511,5,T / NK,0.7122188288084502,CID3838-sample-proxy
CID3838_TTGGGTAAGCCAGACA,23.258917,3.742914,5,T / NK,0.7122188288084502,CID3838-sample-proxy
CID3838_TTGTTTGTCACCTGGG,22.138216,3.734569,5,T / NK,0.7122188288084502,CID3838-sample-proxy
CID3838_AAGTCGTTCCACATAG,22.83768,4.22373,5,T / NK,0.7122188288084502,CID3838-sample-proxy
CID3838_ACTTCCGAGGAAACGA,23.611244,3.0659435,5,T / NK,0.7122188288084502,CID3838-sample-proxy
CID3838_AGCCAATCAAGCTCTA,21.519058,5.4252057,5,T / NK,0.7122188288084502,CID3838-sample-proxy
CID3838_AGGCCACCAGAATGTA,21.261631,4.3400364,5,T / NK,0.7122188288084502,CID3838-sample-proxy
CID3838_AGGTCTACAGTACTAC,22.456352,4.198505,5,T / NK,0.7122188288084502,CID3838-sample-proxy
CID3838_AGTGACTTCTAGTTCT,24.51936,3.5497155,5,T / NK,0.7122188288084502,CID3838-sample-proxy
CID3838_ATCTTCAGTGTGACCC,22.290323,3.846026,5,T / NK,0.7122188288084502,CID3838-sample-proxy
CID3838_ATGGAGGAGAGAACCC,21.560822,4.6421785,5,T / NK,0.7122188288084502,CID3838-sample-proxy
CID3838_ATGGAGGTCCAACCGG,22.161999,5.4528995,5,T / NK,0.7122188288084502,CID3838-sample-proxy
CID3838_ATGGGTTTCCGAGATT,23.131805,4.3075557,5,T / NK,0.7122188288084502,CID3838-sample-proxy
CID3838_ATGGTTGAGAGATTCA,24.308592,4.0591474,5,T / NK,0.7122188288084502,CID3838-sample-proxy
CID3838_CAAGGGAAGTCTCGTA,22.858433,3.6604922,5,T / NK,0.7122188288084502,CID3838-sample-proxy
CID3838_CAGATTGTCGTGGGTC,23.485268,3.098997,5,T / NK,0.7122188288084502,CID3838-sample-proxy
CID3838_CATACAGCAGGCGTTC,23.048735,3.3209882,5,T / NK,0.7122188288084502,CID3838-sample-proxy
CID3838_CATTCATTCCAAGCTA,22.851313,3.5661669,5,T / NK,0.7122188288084502,CID3838-sample-proxy
CID3838_CATTGCCTCAGAGTTC,23.802727,6.517228,5,T / NK,0.7122188288084502,CID3838-sample-proxy
CID3838_CCGGTGAGTAATGTGA,22.278954,5.122155,5,T / NK,0.7122188288084502,CID3838-sample-proxy
CID3838_CGAAGGATCTTCGTGC,21.334614,4.1389484,5,T / NK,0.7122188288084502,CID3838-sample-proxy
CID3838_CTACATTTCATCCCGT,23.166197,3.957788,5,T / NK,0.7122188288084502,CID3838-sample-proxy
CID3838_CTATCCGGTGTGGACA,22.787252,3.5968215,5,T / NK,0.7122188288084502,CID3838-sample-proxy
CID3838_CTCAAGAAGTATGGAT,21.47799,4.927659,5,T / NK,0.7122188288084502,CID3838-sample-proxy
CID3838_CTCTCAGGTGAGGCAT,24.045406,3.363122,5,T / NK,0.7122188288084502,CID3838-sample-proxy
CID3838_CTGCAGGGTACTTGTG,22.14115,4.622775,6,T / NK,1.728483689433326,CID3838-sample-proxy
CID3838_CTTAGGAAGGTTACCT,22.359636,4.2564044,5,T / NK,0.7122188288084502,CID3838-sample-proxy
CID3838_GAATCGTGTCTTCTAT,22.751347,4.6138196,5,T / NK,0.7122188288084502,CID3838-sample-proxy
CID3838_GACCGTGGTGATCGTT,23.047535,5.51315,5,T / NK,0.7122188288084502,CID3838-sample-proxy
CID3838_GAGTCTAGTCAAGTTC,23.432116,2.9784892,5,T / NK,0.7122188288084502,CID3838-sample-proxy
CID3838_GCACGTGAGAGTTGCG,23.96255,3.2680414,5,T / NK,0.7122188288084502,CID3838-sample-proxy
CID3838_GCCAACGCAGCTCTGG,24.293674,4.310936,5,T / NK,0.7122188288084502,CID3838-sample-proxy
CID3838_GCTGCAGAGAGCAGCT,22.817623,4.968808,5,T / NK,0.7122188288084502,CID3838-sample-proxy
CID3838_GGTGATTTCACTCACC,23.735207,4.11491,5,T / NK,0.7122188288084502,CID3838-sample-proxy
CID3838_GTACAACAGTAAACGT,22.581814,5.040458,5,T / NK,0.7122188288084502,CID3838-sample-proxy
CID3838_GTCTCACCATGAAAGT,22.515034,3.8515978,5,T / NK,0.7122188288084502,CID3838-sample-proxy
CID3838_GTGGGAAAGAGCCATG,22.700418,3.2896938,5,T / NK,0.7122188288084502,CID3838-sample-proxy
CID3838_GTGGGAAAGAGTCTTC,21.813457,4.843312,5,T / NK,0.7122188288084502,CID3838-sample-proxy
CID3838_TACTTCAGTAACAGTA,23.559343,3.8797317,5,T / NK,0.7122188288084502,CID3838-sample-proxy
CID3838_TAGTGCATCGTAACAC,21.602467,4.0620613,5,T / NK,0.7122188288084502,CID3838-sample-proxy
CID3838_TCACATTCATGACGGA,24.224209,3.8488922,5,T / NK,0.7122188288084502,CID3838-sample-proxy
CID3838_TCCACGTGTCACGTGC,24.631207,4.4315987,5,T / NK,0.7122188288084502,CID3838-sample-proxy
CID3838_TGAGGTTGTCGGTACC,22.039557,4.2089605,5,T / NK,0.7122188288084502,CID3838-sample-proxy
CID3838_TGGAGAGTCGAGCCAC,22.329716,3.461349,5,T / NK,0.7122188288084502,CID3838-sample-proxy
CID3838_TGGGATTTCCCGAGTG,22.364382,4.732541,5,T / NK,0.7122188288084502,CID3838-sample-proxy
CID3838_TGTGATGAGGTCGTAG,21.799421,4.6045623,5,T / NK,0.7122188288084502,CID3838-sample-proxy
CID3838_TTCCACGAGAGACAAG,22.796827,4.3206825,5,T / NK,0.7122188288084502,CID3838-sample-proxy
CID3838_TTCTCTCCATTATGCG,22.231924,6.0787873,5,T / NK,0.7122188288084502,CID3838-sample-proxy
CID3838_TTGAACGGTGTAACGG,21.715176,4.5514345,5,T / NK,0.7122188288084502,CID3838-sample-proxy
CID3838_TTGCCTGAGCAGCGAT,22.2028,4.1218853,5,T / NK,0.7122188288084502,CID3838-sample-proxy
CID3838_CGAAGTTCACAGAGAC,25.706356,9.228732,8,T / NK,0.5795934644410073,CID3838-sample-proxy
CID3838_TGTGAGTGTGAATTAG,22.206825,5.769002,5,T / NK,0.7122188288084502,CID3838-sample-proxy
CID3838_CCTGCATCACAACGCC,24.656967,5.798342,7,T / NK,0.8225941530255941,CID3838-sample-proxy
CID3838_AAGACAACATTATGCG,21.841316,5.4671392,5,T / NK,0.7122188288084502,CID3838-sample-proxy
CID3838_GAAGTAAGTAGTGGCA,24.89271,3.7319632,5,T / NK,0.7122188288084502,CID3838-sample-proxy
CID3838_GCATGATTCCGATAAC,25.717052,7.400209,8,T / NK,0.5795934644410073,CID3838-sample-proxy
CID3838_TCGCAGGGTTGGGATG,24.418015,1.3632443,6,T / NK,1.728483689433326,CID3838-sample-proxy
CID3838_TTCAATCTCAGACAAA,24.848763,3.7275894,5,T / NK,0.7122188288084502,CID3838-sample-proxy
CID3838_GAGACTTAGAGTGAAG,24.95109,5.8395042,7,T / NK,0.8225941530255941,CID3838-sample-proxy
CID3838_GGCAGTCAGTATAGAC,20.877594,3.445835,5,T / NK,0.7122188288084502,CID3838-sample-proxy
CID3838_AACAACCGTTTCGACA,21.684732,5.4668946,5,T / NK,0.7122188288084502,CID3838-sample-proxy
CID3838_AAGCGAGTCAAGCCCG,23.909397,3.8455524,5,T / NK,0.7122188288084502,CID3838-sample-proxy
CID3838_AAGTGAAGTCACTACA,23.532093,5.49994,6,T / NK,1.728483689433326,CID3838-sample-proxy
CID3838_AATGACCAGTAACAGT,24.00884,5.745114,5,T / NK,0.7122188288084502,CID3838-sample-proxy
CID3838_AATTTCCGTCTTTATC,24.196367,5.283907,5,T / NK,0.7122188288084502,CID3838-sample-proxy
CID3838_ACCTACCAGTCGCTAT,22.919456,3.3974006,5,T / NK,0.7122188288084502,CID3838-sample-proxy
CID3838_ACGTACAAGGTAGCAC,22.3048,4.78685,5,T / NK,0.7122188288084502,CID3838-sample-proxy
CID3838_ACTCCCAGTATACCCA,23.920467,4.7507453,5,T / NK,0.7122188288084502,CID3838-sample-proxy
CID3838_ACTGTGATCGACATCA,23.678833,6.4380436,5,T / NK,0.7122188288084502,CID3838-sample-proxy
CID3838_ACTTTGTGTCCTATAG,25.06908,8.826307,8,T / NK,0.5795934644410073,CID3838-sample-proxy
CID3838_AGAACAACACAGCCAC,24.66822,7.077956,8,T / NK,0.5795934644410073,CID3838-sample-proxy
CID3838_AGACACTCAGACGCTC,24.089365,6.9084005,5,T / NK,0.7122188288084502,CID3838-sample-proxy
CID3838_AGACCCGCATGACTGT,22.794338,6.369286,5,T / NK,0.7122188288084502,CID3838-sample-proxy
CID3838_AGAGCCCCACACACGC,23.08357,3.8549156,5,T / NK,0.7122188288084502,CID3838-sample-proxy
CID3838_AGCCAATGTATGGTTC,21.97429,2.0660655,6,T / NK,1.728483689433326,CID3838-sample-proxy
CID3838_AGCCACGTCACCTCGT,24.833506,4.1131077,5,T / NK,0.7122188288084502,CID3838-sample-proxy
CID3838_AGCTTCCAGGGAGGTG,23.369593,3.822322,5,T / NK,0.7122188288084502,CID3838-sample-proxy
CID3838_AGGACTTTCCTCCACA,22.712946,5.085192,5,T / NK,0.7122188288084502,CID3838-sample-proxy
CID3838_AGGCATTGTTACCCAA,22.868212,6.3599396,5,T / NK,0.7122188288084502,CID3838-sample-proxy
CID3838_AGGTAGGAGGTCCAGA,22.225859,5.907987,5,T / NK,0.7122188288084502,CID3838-sample-proxy
CID3838_AGGTCTATCCTGGCTT,22.483444,4.07561,5,T / NK,0.7122188288084502,CID3838-sample-proxy
CID3838_AGGTGTTGTCATAGTC,23.11849,6.1620765,5,T / NK,0.7122188288084502,CID3838-sample-proxy
CID3838_AGTACCATCCTTCAGC,22.134918,4.7533364,5,T / NK,0.7122188288084502,CID3838-sample-proxy
CID3838_ATACTTCGTGATACCT,23.795012,5.5338316,5,T / NK,0.7122188288084502,CID3838-sample-proxy
CID3838_ATCAGGTAGGGTCACA,23.642601,3.685895,5,T / NK,0.7122188288084502,CID3838-sample-proxy
CID3838_ATCATTCTCTAGATCG,24.635893,4.186059,5,T / NK,0.7122188288084502,CID3838-sample-proxy
CID3838_ATCCATTCACAAAGCG,21.895552,4.601678,5,T / NK,0.7122188288084502,CID3838-sample-proxy
CID3838_ATCGTGATCAGTAGGG,24.804913,4.941998,7,T / NK,0.8225941530255941,CID3838-sample-proxy
CID3838_ATGGGTTGTGAGCCAA,23.183107,4.0144176,5,T / NK,0.7122188288084502,CID3838-sample-proxy
CID3838_ATTCTACGTGACGCCT,23.125563,6.2717056,5,T / NK,0.7122188288084502,CID3838-sample-proxy
CID3838_ATTCTACTCAAAGGAT,23.010042,6.3205056,5,T / NK,0.7122188288084502,CID3838-sample-proxy
CID3838_CAACAGTCAAGAGGTC,24.150387,5.24294,5,T / NK,0.7122188288084502,CID3838-sample-proxy
CID3838_CAAGACTAGACTTGTC,22.625221,4.4410267,5,T / NK,0.7122188288084502,CID3838-sample-proxy
CID3838_CAGGCCAAGTGCTAGG,22.464273,5.2004995,5,T / NK,0.7122188288084502,CID3838-sample-proxy
CID3838_CATCCCAGTTCTCGTC,24.057863,5.037876,5,T / NK,0.7122188288084502,CID3838-sample-proxy
CID3838_CATGCAAAGTCATCCA,21.547073,5.2961745,5,T / NK,0.7122188288084502,CID3838-sample-proxy
CID3838_CATGCCTAGATGCCGA,24.260971,5.317118,5,T / NK,0.7122188288084502,CID3838-sample-proxy
CID3838_CATGCTCCATAGAAAC,23.425365,6.2229657,5,T / NK,0.7122188288084502,CID3838-sample-proxy
CID3838_CCCTCAAAGAGGTCGT,23.176546,4.075768,5,T / NK,0.7122188288084502,CID3838-sample-proxy
CID3838_CCCTCAAAGATCGGTG,21.622297,4.6710706,5,T / NK,0.7122188288084502,CID3838-sample-proxy
CID3838_CCGGGTATCACCTTAT,24.602047,4.2009397,5,T / NK,0.7122188288084502,CID3838-sample-proxy
CID3838_CCGGTGAAGGTCACTT,22.047989,5.1089945,5,T / NK,0.7122188288084502,CID3838-sample-proxy
CID3838_CCGTGAGTCCCGAACG,24.603102,6.073978,7,T / NK,0.8225941530255941,CID3838-sample-proxy
CID3838_CCTATCGCAGAGTGTG,23.990303,6.201571,5,T / NK,0.7122188288084502,CID3838-sample-proxy
CID3838_CCTCATGAGTCTTGGT,24.393873,5.380363,5,T / NK,0.7122188288084502,CID3838-sample-proxy
CID3838_CCTTCAGAGTCTTCCC,23.657116,6.405542,5,T / NK,0.7122188288084502,CID3838-sample-proxy
CID3838_CGAAGGAAGAATAACC,23.177715,6.162,5,T / NK,0.7122188288084502,CID3838-sample-proxy
CID3838_CGAGTGCTCGAAATCC,24.589012,4.6819434,5,T / NK,0.7122188288084502,CID3838-sample-proxy
CID3838_CGCCAGAAGTCGGGAT,24.420937,5.9779844,7,T / NK,0.8225941530255941,CID3838-sample-proxy
CID3838_CGGAACCAGCTACAAA,24.391062,5.2543974,5,T / NK,0.7122188288084502,CID3838-sample-proxy
CID3838_CGGACACCATAGTCAC,24.546717,5.5678434,5,T / NK,0.7122188288084502,CID3838-sample-proxy
CID3838_CGGTCAGCAGCATTGT,22.780338,5.567788,5,T / NK,0.7122188288084502,CID3838-sample-proxy
CID3838_CTACAGAAGACATGCG,22.395916,5.076947,5,T / NK,0.7122188288084502,CID3838-sample-proxy
CID3838_CTATCTAAGCTCTTCC,24.309534,4.9870443,5,T / NK,0.7122188288084502,CID3838-sample-proxy
CID3838_CTGCAGGGTGGTTCTA,25.284492,6.8584375,8,T / NK,0.5795934644410073,CID3838-sample-proxy
CID3838_CTGCCATTCACAGTGT,23.000343,3.5859687,5,T / NK,0.7122188288084502,CID3838-sample-proxy
CID3838_CTGCCTACAGACAATA,22.734438,5.680011,5,T / NK,0.7122188288084502,CID3838-sample-proxy
CID3838_CTGGTCTCACCGGAAA,23.72897,4.9078026,5,T / NK,0.7122188288084502,CID3838-sample-proxy
CID3838_CTGTAGACAGTATGAA,23.678883,5.014524,5,T / NK,0.7122188288084502,CID3838-sample-proxy
CID3838_CTGTGAATCGTCGATA,22.356094,3.4327657,5,T / NK,0.7122188288084502,CID3838-sample-proxy
CID3838_CTTCCGACAAGACGGT,23.868458,5.7221355,5,T / NK,0.7122188288084502,CID3838-sample-proxy
CID3838_CTTCTAAAGGGCCAAT,22.753332,6.153777,5,T / NK,0.7122188288084502,CID3838-sample-proxy
CID3838_GAACACTTCCGATGCG,22.98328,3.069002,5,T / NK,0.7122188288084502,CID3838-sample-proxy
CID3838_GACATCACAGCTCGGT,21.812614,5.718709,5,T / NK,0.7122188288084502,CID3838-sample-proxy
CID3838_GACCCTTTCAAGGCTT,23.870335,4.8140464,5,T / NK,0.7122188288084502,CID3838-sample-proxy
CID3838_GACGCTGCACCAAATC,23.362835,6.2853856,5,T / NK,0.7122188288084502,CID3838-sample-proxy
CID3838_GACTGATGTTATTCTC,23.004261,5.523141,5,T / NK,0.7122188288084502,CID3838-sample-proxy
CID3838_GAGGGATAGTCTAGCT,24.915865,7.6641736,8,T / NK,0.5795934644410073,CID3838-sample-proxy
CID3838_GAGTCTACAGGCAATG,22.500484,6.047156,5,T / NK,0.7122188288084502,CID3838-sample-proxy
CID3838_GCAACATTCCAACTGA,23.278524,6.4464564,5,T / NK,0.7122188288084502,CID3838-sample-proxy
CID3838_GCCAGCACAGCTACCG,21.77461,4.726068,5,T / NK,0.7122188288084502,CID3838-sample-proxy
CID3838_GCCAGGTCAGTATACC,24.548767,7.1348295,8,T / NK,0.5795934644410073,CID3838-sample-proxy
CID3838_GCCGATGCACTGATTG,24.237688,5.38359,5,T / NK,0.7122188288084502,CID3838-sample-proxy
CID3838_GCGGAAAAGAATTCAG,22.574135,4.987459,5,T / NK,0.7122188288084502,CID3838-sample-proxy
CID3838_GCTACCTGTCGTCATA,22.792997,5.868693,5,T / NK,0.7122188288084502,CID3838-sample-proxy
CID3838_GGAATCTGTCATGACT,24.32418,5.4234214,5,T / NK,0.7122188288084502,CID3838-sample-proxy
CID3838_GGAGCAATCATCCTGC,23.598793,6.3621063,5,T / NK,0.7122188288084502,CID3838-sample-proxy
CID3838_GGCGTCACATCGTGCG,22.41804,6.1937127,5,T / NK,0.7122188288084502,CID3838-sample-proxy
CID3838_GGCTGTGTCAGAACCT,23.05716,5.603681,5,T / NK,0.7122188288084502,CID3838-sample-proxy
CID3838_GGCTTTCCATTAGGAA,22.90403,4.149917,5,T / NK,0.7122188288084502,CID3838-sample-proxy
CID3838_GGCTTTCTCGTGCACG,22.646605,3.5069044,5,T / NK,0.7122188288084502,CID3838-sample-proxy
CID3838_GGGATGAGTATGACAA,24.907364,5.4136004,7,T / NK,0.8225941530255941,CID3838-sample-proxy
CID3838_GGTAGAGAGTCATGCT,24.895891,7.238309,8,T / NK,0.5795934644410073,CID3838-sample-proxy
CID3838_GGTGTTATCTCTGCTG,22.583616,5.4336824,5,T / NK,0.7122188288084502,CID3838-sample-proxy
CID3838_GGTTAACGTAGCTGTT,22.463312,5.9262156,5,T / NK,0.7122188288084502,CID3838-sample-proxy
CID3838_GTAGATCGTACAACGG,22.596792,5.5972724,5,T / NK,0.7122188288084502,CID3838-sample-proxy
CID3838_GTAGCTACAGATCATC,23.91892,4.6224713,5,T / NK,0.7122188288084502,CID3838-sample-proxy
CID3838_GTAGCTAGTTGCGTAT,24.20214,5.0557237,5,T / NK,0.7122188288084502,CID3838-sample-proxy
CID3838_GTCATTTAGAGCAACC,21.841673,1.8539851,6,T / NK,1.728483689433326,CID3838-sample-proxy
CID3838_GTCTACCGTCTTACTT,22.480131,5.589693,5,T / NK,0.7122188288084502,CID3838-sample-proxy
CID3838_GTCTGTCCAGCCCAGT,24.930283,4.286772,5,T / NK,0.7122188288084502,CID3838-sample-proxy
CID3838_GTGGGAACACTGCTTC,23.061546,3.7651198,5,T / NK,0.7122188288084502,CID3838-sample-proxy
CID3838_GTGGTTAAGGCACTAG,23.267029,5.9608417,5,T / NK,0.7122188288084502,CID3838-sample-proxy
CID3838_GTGTCCTGTTAGGCCC,24.192041,4.3233585,5,T / NK,0.7122188288084502,CID3838-sample-proxy
CID3838_GTGTGGCCACGAAGAC,23.226955,5.8554425,5,T / NK,0.7122188288084502,CID3838-sample-proxy
CID3838_TAAGCCATCTACCACC,22.202652,2.2340035,6,T / NK,1.728483689433326,CID3838-sample-proxy
CID3838_TAAGCGTAGAATTGCA,22.730513,3.8002853,5,T / NK,0.7122188288084502,CID3838-sample-proxy
CID3838_TACCTCGAGTTCGCAT,22.931988,3.9640872,5,T / NK,0.7122188288084502,CID3838-sample-proxy
CID3838_TCACGGGGTGTACAGG,22.824055,5.9881544,5,T / NK,0.7122188288084502,CID3838-sample-proxy
CID3838_TCAGCCTTCTAGTGAC,23.264193,6.0040226,5,T / NK,0.7122188288084502,CID3838-sample-proxy
CID3838_TCAGTTTAGCATAGGC,23.281271,5.106746,5,T / NK,0.7122188288084502,CID3838-sample-proxy
CID3838_TCATACTTCTCGTCAC,23.702997,3.5314095,5,T / NK,0.7122188288084502,CID3838-sample-proxy
CID3838_TCATACTTCTTAGCTT,23.58798,5.620629,5,T / NK,0.7122188288084502,CID3838-sample-proxy
CID3838_TCATATCCAGATAAAC,22.067518,5.4829125,5,T / NK,0.7122188288084502,CID3838-sample-proxy
CID3838_TCATATCTCTGACGCG,22.75731,4.1939554,5,T / NK,0.7122188288084502,CID3838-sample-proxy
CID3838_TCATCATGTCTTCATT,22.310688,5.0706234,5,T / NK,0.7122188288084502,CID3838-sample-proxy
CID3838_TCATTACAGCCTCTGG,22.41449,5.8230133,5,T / NK,0.7122188288084502,CID3838-sample-proxy
CID3838_TCATTACTCCAGCTCT,24.729105,4.5102863,5,T / NK,0.7122188288084502,CID3838-sample-proxy
CID3838_TCCTAATTCAGGACAG,22.83071,4.8550553,5,T / NK,0.7122188288084502,CID3838-sample-proxy
CID3838_TCCTCCCTCCTCACCA,22.912485,6.097235,5,T / NK,0.7122188288084502,CID3838-sample-proxy
CID3838_TCGACGGAGCTGAAGC,25.17349,7.486868,8,T / NK,0.5795934644410073,CID3838-sample-proxy
CID3838_TCGCTCAAGAACCGCA,21.884806,5.605441,5,T / NK,0.7122188288084502,CID3838-sample-proxy
CID3838_TCGGATAAGAGTCAGC,23.725409,3.825224,5,T / NK,0.7122188288084502,CID3838-sample-proxy
CID3838_TCGGGCATCTTTCGAT,23.242949,4.355148,5,T / NK,0.7122188288084502,CID3838-sample-proxy
CID3838_TCTAACTCAGAGACTG,22.084139,5.266629,5,T / NK,0.7122188288084502,CID3838-sample-proxy
CID3838_TCTCCGACATCTCAAG,22.823702,3.8666239,5,T / NK,0.7122188288084502,CID3838-sample-proxy
CID3838_TCTTGCGAGCGACTGA,23.940517,4.9524794,5,T / NK,0.7122188288084502,CID3838-sample-proxy
CID3838_TCTTTGATCTCTAAGG,22.044165,5.9257197,5,T / NK,0.7122188288084502,CID3838-sample-proxy
CID3838_TGATGGTAGTAGACCG,24.285988,6.8792686,5,T / NK,0.7122188288084502,CID3838-sample-proxy
CID3838_TGCAGGCTCTAACGCA,21.654612,5.185777,5,T / NK,0.7122188288084502,CID3838-sample-proxy
CID3838_TGCAGTACATTCATCT,22.145254,4.0809054,5,T / NK,0.7122188288084502,CID3838-sample-proxy
CID3838_TGCATCCTCCGTCCTA,22.027796,5.646054,5,T / NK,0.7122188288084502,CID3838-sample-proxy
CID3838_TGGAACTCACAGCCAC,23.713787,6.222454,5,T / NK,0.7122188288084502,CID3838-sample-proxy
CID3838_TGGAACTCAGGAACCA,24.288132,6.227423,5,T / NK,0.7122188288084502,CID3838-sample-proxy
CID3838_TGGGCGTTCCGCCTAT,21.748785,5.1775584,5,T / NK,0.7122188288084502,CID3838-sample-proxy
CID3838_TGTGCGGTCTTTGGAG,23.841215,6.0613236,5,T / NK,0.7122188288084502,CID3838-sample-proxy
CID3838_TTCACGCAGGTGGGTT,22.488277,3.5814302,5,T / NK,0.7122188288084502,CID3838-sample-proxy
CID3838_TTCCGGTTCCGAGCTG,24.235004,3.809859,5,T / NK,0.7122188288084502,CID3838-sample-proxy
CID3838_TTCCTTCCAAATGAGT,21.697397,3.9090369,5,T / NK,0.7122188288084502,CID3838-sample-proxy
CID3838_TTCTAGTCAGCACCCA,23.447052,4.4013996,5,T / NK,0.7122188288084502,CID3838-sample-proxy
CID3838_TTCTCTCAGAATTTGG,22.201317,4.774269,5,T / NK,0.7122188288084502,CID3838-sample-proxy
CID3838_TTGGATGTCACGATAC,23.821966,6.1696835,5,T / NK,0.7122188288084502,CID3838-sample-proxy
CID3838_TTTACTGGTACTGCCG,23.140156,5.9543076,5,T / NK,0.7122188288084502,CID3838-sample-proxy
CID3838_TTTAGTCAGGTAGTCG,23.876312,6.0642724,5,T / NK,0.7122188288084502,CID3838-sample-proxy
CID3838_AACACACCAACGGCCT,24.974514,7.734105,8,T / NK,0.5795934644410073,CID3838-sample-proxy
CID3838_CCTCAACAGACCAAGC,25.624136,9.136849,8,T / NK,0.5795934644410073,CID3838-sample-proxy
CID3838_CGAGTGCCAGTGGTGA,24.760962,7.6786532,8,T / NK,0.5795934644410073,CID3838-sample-proxy
CID3838_CTGCCTAGTGACTGAG,24.968136,7.770258,8,T / NK,0.5795934644410073,CID3838-sample-proxy
CID3838_TCAGCAAGTAGGACTG,24.786207,7.1473646,8,T / NK,0.5795934644410073,CID3838-sample-proxy
CID3838_TTCCTTCCATCTTCGC,24.743433,8.040862,8,T / NK,0.5795934644410073,CID3838-sample-proxy
CID3838_TCAGCAATCCACGAAT,24.688719,6.0170593,7,T / NK,0.8225941530255941,CID3838-sample-proxy
CID3838_ACCTGTCAGGGCTAAC,25.505253,7.447512,8,T / NK,0.5795934644410073,CID3838-sample-proxy
CID3838_ATTCATCCAACTGTGT,23.971827,1.9500525,6,T / NK,1.728483689433326,CID3838-sample-proxy
CID3838_AAACGAACAAGCCATT,24.388912,3.7311091,5,T / NK,0.7122188288084502,CID3838-sample-proxy
CID3838_AACAAAGGTGTACGCC,23.233122,2.8049767,5,T / NK,0.7122188288084502,CID3838-sample-proxy
CID3838_AACAGGGCACCATTCC,21.857656,2.9153552,5,T / NK,0.7122188288084502,CID3838-sample-proxy
CID3838_AAGACAAAGAGACAAG,23.622814,4.2124295,5,T / NK,0.7122188288084502,CID3838-sample-proxy
CID3838_AAGCATCCAAACGGCA,23.351036,3.5846705,5,T / NK,0.7122188288084502,CID3838-sample-proxy
CID3838_AAGTACCTCCGTCAAA,24.081009,2.5266585,5,T / NK,0.7122188288084502,CID3838-sample-proxy
CID3838_AAGTTCGCACCGCTAG,24.594374,3.3227687,5,T / NK,0.7122188288084502,CID3838-sample-proxy
CID3838_AAGTTCGCACTGATTG,23.127657,2.9897952,5,T / NK,0.7122188288084502,CID3838-sample-proxy
CID3838_AATCGTGCAAATTAGG,21.519993,5.212195,5,T / NK,0.7122188288084502,CID3838-sample-proxy
CID3838_AATTTCCGTCTAACTG,21.556952,4.561277,5,T / NK,0.7122188288084502,CID3838-sample-proxy
CID3838_ACAACCAAGGAACTCG,24.664368,3.908174,5,T / NK,0.7122188288084502,CID3838-sample-proxy
CID3838_ACATCCCAGAAGTGTT,24.834723,4.031566,5,T / NK,0.7122188288084502,CID3838-sample-proxy
CID3838_ACCAACAAGGTAAGGA,23.916836,2.9267077,5,T / NK,0.7122188288084502,CID3838-sample-proxy
CID3838_ACGTAGTAGCTATCCA,22.597359,4.0212226,5,T / NK,0.7122188288084502,CID3838-sample-proxy
CID3838_ACGTCCTGTAATCAGA,23.201553,4.410846,5,T / NK,0.7122188288084502,CID3838-sample-proxy
CID3838_ACTGCAATCCATGATG,23.543547,3.631325,5,T / NK,0.7122188288084502,CID3838-sample-proxy
CID3838_ACTGTGACATTGCTGA,22.472261,4.668742,5,T / NK,0.7122188288084502,CID3838-sample-proxy
CID3838_ACTGTGAGTGTAGCAG,24.033709,2.8991797,5,T / NK,0.7122188288084502,CID3838-sample-proxy
CID3838_ACTTCGCAGAAGCGGG,24.379213,4.117961,5,T / NK,0.7122188288084502,CID3838-sample-proxy
CID3838_ACTTTCAAGGGTGAGG,22.935936,4.0703616,5,T / NK,0.7122188288084502,CID3838-sample-proxy
CID3838_AGAAATGAGTAATACG,21.692406,5.0396914,5,T / NK,0.7122188288084502,CID3838-sample-proxy
CID3838_AGACAAAAGAAGTGTT,24.317278,3.03607,5,T / NK,0.7122188288084502,CID3838-sample-proxy
CID3838_AGATGCTAGTTGTAGA,21.965738,4.6654706,5,T / NK,0.7122188288084502,CID3838-sample-proxy
CID3838_AGATGCTTCTTCTGTA,21.544363,5.076023,5,T / NK,0.7122188288084502,CID3838-sample-proxy
CID3838_AGGAATAGTGCTCTCT,24.825237,3.676792,5,T / NK,0.7122188288084502,CID3838-sample-proxy
CID3838_AGGACGAAGATGTTGA,21.557255,3.8567648,5,T / NK,0.7122188288084502,CID3838-sample-proxy
CID3838_AGGATAACACGTAGAG,24.167162,3.7981126,5,T / NK,0.7122188288084502,CID3838-sample-proxy
CID3838_AGTCTCCCACTTCATT,23.6363,5.084277,5,T / NK,0.7122188288084502,CID3838-sample-proxy
CID3838_ATCCATTTCATGAGTC,23.969477,2.5365531,5,T / NK,0.7122188288084502,CID3838-sample-proxy
CID3838_ATCTCTACACTGTGAT,23.667257,3.1936834,5,T / NK,0.7122188288084502,CID3838-sample-proxy
CID3838_ATCTTCACAATTCGTG,21.823626,4.4337635,5,T / NK,0.7122188288084502,CID3838-sample-proxy
CID3838_ATGAAAGCAGCGGTTC,21.992962,2.8203564,5,T / NK,0.7122188288084502,CID3838-sample-proxy
CID3838_ATTCCTAGTCTTGAGT,22.661625,2.9755177,5,T / NK,0.7122188288084502,CID3838-sample-proxy
CID3838_CAAGCTATCGCAGATT,21.840105,2.9515827,5,T / NK,0.7122188288084502,CID3838-sample-proxy
CID3838_CACGTTCCATGACTCA,22.93598,4.8366027,5,T / NK,0.7122188288084502,CID3838-sample-proxy
CID3838_CACTAAGGTTGTTGCA,24.91676,3.41696,5,T / NK,0.7122188288084502,CID3838-sample-proxy
CID3838_CAGATACCAAGAGCTG,24.179049,4.157614,5,T / NK,0.7122188288084502,CID3838-sample-proxy
CID3838_CAGATCATCTCATTTG,22.48688,2.8031816,5,T / NK,0.7122188288084502,CID3838-sample-proxy
CID3838_CAGCAGCCAGCATGCC,22.396076,3.3516765,5,T / NK,0.7122188288084502,CID3838-sample-proxy
CID3838_CAGTGCGGTCGAACAG,23.611351,3.1128397,5,T / NK,0.7122188288084502,CID3838-sample-proxy
CID3838_CATGCAATCGATTCCC,23.540272,3.1423414,5,T / NK,0.7122188288084502,CID3838-sample-proxy
CID3838_CATGGATAGTAAGACT,21.629751,4.258663,5,T / NK,0.7122188288084502,CID3838-sample-proxy
CID3838_CATTGAGTCCCTCATG,21.696321,3.431683,5,T / NK,0.7122188288084502,CID3838-sample-proxy
CID3838_CATTGTTGTGTGACCC,23.106745,4.249165,5,T / NK,0.7122188288084502,CID3838-sample-proxy
CID3838_CATTTCAGTGCCTATA,22.169258,3.1759148,5,T / NK,0.7122188288084502,CID3838-sample-proxy
CID3838_CCGGTGATCGTTAGTG,24.082943,4.053949,5,T / NK,0.7122188288084502,CID3838-sample-proxy
CID3838_CCGTAGGCAACCGTGC,25.22647,4.0926123,7,T / NK,0.8225941530255941,CID3838-sample-proxy
CID3838_CCTCCAATCGAGTACT,21.79675,2.6358914,5,T / NK,0.7122188288084502,CID3838-sample-proxy
CID3838_CCTGTTGCAAATAGCA,24.48936,3.6599984,5,T / NK,0.7122188288084502,CID3838-sample-proxy
CID3838_CGAGGAAGTATTCCTT,22.133068,3.1563969,5,T / NK,0.7122188288084502,CID3838-sample-proxy
CID3838_CGATGCGCACAACGCC,23.730429,3.5072904,5,T / NK,0.7122188288084502,CID3838-sample-proxy
CID3838_CTACCCATCATGCCAA,23.967922,2.6900456,5,T / NK,0.7122188288084502,CID3838-sample-proxy
CID3838_CTACGGGCAAGGTCAG,23.682789,2.7453578,5,T / NK,0.7122188288084502,CID3838-sample-proxy
CID3838_CTATAGGGTTTGGCTA,23.780298,3.1801324,5,T / NK,0.7122188288084502,CID3838-sample-proxy
CID3838_CTCAGAAAGAGCAACC,22.142418,2.712497,5,T / NK,0.7122188288084502,CID3838-sample-proxy
CID3838_CTCCTTTTCCAGTTCC,22.465902,3.2811875,5,T / NK,0.7122188288084502,CID3838-sample-proxy
CID3838_CTGCAGGGTGTTATCG,24.167095,3.7280087,5,T / NK,0.7122188288084502,CID3838-sample-proxy
CID3838_CTGGCAGAGCGATGCA,23.367435,3.3887563,5,T / NK,0.7122188288084502,CID3838-sample-proxy
CID3838_CTGTAGATCACATCAG,21.733109,3.9789784,5,T / NK,0.7122188288084502,CID3838-sample-proxy
CID3838_CTTAGGAGTACAAGCG,24.356783,2.50057,6,T / NK,1.728483689433326,CID3838-sample-proxy
CID3838_CTTGAGAGTAACACGG,24.000963,3.1832063,5,T / NK,0.7122188288084502,CID3838-sample-proxy
CID3838_GAACACTCACCCTTAC,24.784464,3.6828403,5,T / NK,0.7122188288084502,CID3838-sample-proxy
CID3838_GAAGAATTCGCGATCG,23.73036,3.4052684,5,T / NK,0.7122188288084502,CID3838-sample-proxy
CID3838_GAATAGACAGTTCTAG,23.627193,4.0610857,5,T / NK,0.7122188288084502,CID3838-sample-proxy
CID3838_GAGACTTGTCGGAACA,24.760956,3.5047896,5,T / NK,0.7122188288084502,CID3838-sample-proxy
CID3838_GAGGGATTCGAGTTGT,23.597363,3.5671184,5,T / NK,0.7122188288084502,CID3838-sample-proxy
CID3838_GATAGAAGTAGGACTG,23.153341,2.8116658,5,T / NK,0.7122188288084502,CID3838-sample-proxy
CID3838_GATCCCTCAGTCTGGC,22.86348,3.230233,5,T / NK,0.7122188288084502,CID3838-sample-proxy
CID3838_GCACGGTCAGGTGTTT,21.609777,3.9125874,5,T / NK,0.7122188288084502,CID3838-sample-proxy
CID3838_GCCAGGTGTCACATTG,25.160397,4.233217,7,T / NK,0.8225941530255941,CID3838-sample-proxy
CID3838_GCCCAGAAGGACAGTC,22.348572,5.905803,5,T / NK,0.7122188288084502,CID3838-sample-proxy
CID3838_GCGATCGCAAGCCCAC,21.89531,3.9873798,5,T / NK,0.7122188288084502,CID3838-sample-proxy
CID3838_GGAGGATCATTGGATC,24.755993,2.8121505,5,T / NK,0.7122188288084502,CID3838-sample-proxy
CID3838_GGGTGTCTCGACGACC,23.638628,3.0382845,5,T / NK,0.7122188288084502,CID3838-sample-proxy
CID3838_GGGTGTCTCTTGTTAC,23.40942,2.819645,5,T / NK,0.7122188288084502,CID3838-sample-proxy
CID3838_GGTGATTTCCACTGGG,24.095285,3.973349,5,T / NK,0.7122188288084502,CID3838-sample-proxy
CID3838_GTAACACGTCGCGGTT,23.04058,4.781568,5,T / NK,0.7122188288084502,CID3838-sample-proxy
CID3838_GTACAGTCAAAGACGC,22.845636,2.6041284,5,T / NK,0.7122188288084502,CID3838-sample-proxy
CID3838_GTAGGTTAGACATAGT,22.870808,5.7709384,5,T / NK,0.7122188288084502,CID3838-sample-proxy
CID3838_GTAGTACAGCATCCCG,23.584785,4.6612005,5,T / NK,0.7122188288084502,CID3838-sample-proxy
CID3838_GTCATGACACGAGGTA,22.840942,4.101692,5,T / NK,0.7122188288084502,CID3838-sample-proxy
CID3838_GTCGTAAAGATTGTGA,22.952427,3.0849473,5,T / NK,0.7122188288084502,CID3838-sample-proxy
CID3838_GTCTTTACAAGGGCAT,23.67055,2.7284064,5,T / NK,0.7122188288084502,CID3838-sample-proxy
CID3838_GTGCAGCGTAACGCGA,24.097332,4.55651,5,T / NK,0.7122188288084502,CID3838-sample-proxy
CID3838_GTGGCGTGTAACACCT,21.83481,3.9442885,5,T / NK,0.7122188288084502,CID3838-sample-proxy
CID3838_GTTGAACGTGTATCCA,22.300344,5.320316,5,T / NK,0.7122188288084502,CID3838-sample-proxy
CID3838_GTTTGGAGTGCTGATT,22.571447,4.2418427,5,T / NK,0.7122188288084502,CID3838-sample-proxy
CID3838_TAAGTCGCATTGTACG,23.853615,3.9493515,5,T / NK,0.7122188288084502,CID3838-sample-proxy
CID3838_TAATCTCTCAGGCGAA,22.135721,3.5336242,5,T / NK,0.7122188288084502,CID3838-sample-proxy
CID3838_TACAACGAGCCGGATA,23.77408,3.4657092,5,T / NK,0.7122188288084502,CID3838-sample-proxy
CID3838_TACATTCAGTTGCTGT,22.07062,2.7578447,5,T / NK,0.7122188288084502,CID3838-sample-proxy
CID3838_TACCCGTGTCGAAACG,24.469152,3.2680001,5,T / NK,0.7122188288084502,CID3838-sample-proxy
CID3838_TAGCACACAGCGGTTC,24.321747,2.1528966,6,T / NK,1.728483689433326,CID3838-sample-proxy
CID3838_TATCCTATCTTACCGC,23.302122,4.1881475,5,T / NK,0.7122188288084502,CID3838-sample-proxy
CID3838_TATTGCTGTACAAACA,22.732893,4.598171,5,T / NK,0.7122188288084502,CID3838-sample-proxy
CID3838_TCACTCGAGTGGAATT,24.645056,2.851527,5,T / NK,0.7122188288084502,CID3838-sample-proxy
CID3838_TCTAACTGTAGACGGT,22.272097,3.333815,5,T / NK,0.7122188288084502,CID3838-sample-proxy
CID3838_TCTCCGAGTGGATCGA,24.646091,3.4696772,5,T / NK,0.7122188288084502,CID3838-sample-proxy
CID3838_TGATTTCGTCAAGCGA,24.133842,3.1879566,5,T / NK,0.7122188288084502,CID3838-sample-proxy
CID3838_TGCAGGCGTCCAGAAG,21.815042,3.3554537,5,T / NK,0.7122188288084502,CID3838-sample-proxy
CID3838_TGCAGTAGTCACCGCA,22.856771,4.9491425,5,T / NK,0.7122188288084502,CID3838-sample-proxy
CID3838_TGCCGAGTCGGCTATA,23.5028,5.2683563,5,T / NK,0.7122188288084502,CID3838-sample-proxy
CID3838_TGGGAGAAGAAACTGT,22.372448,4.877141,5,T / NK,0.7122188288084502,CID3838-sample-proxy
CID3838_TGGTTAGTCTTACGTT,24.572153,2.882672,5,T / NK,0.7122188288084502,CID3838-sample-proxy
CID3838_TGTAAGCAGTGTTCCA,24.320356,3.377011,5,T / NK,0.7122188288084502,CID3838-sample-proxy
CID3838_TGTCAGAGTCTGTGGC,22.790062,3.3030162,5,T / NK,0.7122188288084502,CID3838-sample-proxy
CID3838_TGTGTGACATTCGATG,24.856203,3.958644,5,T / NK,0.7122188288084502,CID3838-sample-proxy
CID3838_TTATTGCGTACCCACG,24.425316,2.6516123,5,T / NK,0.7122188288084502,CID3838-sample-proxy
CID3838_TTCCAATAGTCGAAGC,22.012096,3.3945642,5,T / NK,0.7122188288084502,CID3838-sample-proxy
CID3838_TTGACCCAGGTAAGTT,22.185892,4.455544,5,T / NK,0.7122188288084502,CID3838-sample-proxy
CID3838_TTGCATTTCAGCCTCT,23.423925,2.996987,5,T / NK,0.7122188288084502,CID3838-sample-proxy
CID3838_TTGCCTGTCTACAGGT,24.889074,3.5707676,5,T / NK,0.7122188288084502,CID3838-sample-proxy
CID3838_TTGGGTATCAGTCTTT,22.675772,3.3683214,5,T / NK,0.7122188288084502,CID3838-sample-proxy
CID3838_TTGTGGAAGTAACCTC,25.222055,4.987076,7,T / NK,0.8225941530255941,CID3838-sample-proxy
CID3838_TTTACCAAGATTGACA,21.590029,3.7499187,5,T / NK,0.7122188288084502,CID3838-sample-proxy
CID3838_TTTGACTAGCGTATGG,22.152159,3.2768164,5,T / NK,0.7122188288084502,CID3838-sample-proxy
CID3838_TTTGGTTGTACGTAGG,22.467148,3.992282,5,T / NK,0.7122188288084502,CID3838-sample-proxy
CID3838_CATTGCCAGGAGACCT,24.638178,2.4673676,5,T / NK,0.7122188288084502,CID3838-sample-proxy
CID3838_CTCCTTTCAGTAGAAT,24.092163,2.1501555,6,T / NK,1.728483689433326,CID3838-sample-proxy
CID3838_GATGACTAGTAATACG,21.205763,3.3612118,5,T / NK,0.7122188288084502,CID3838-sample-proxy
CID3838_AAGCCATAGTTCATGC,23.545753,4.247881,5,T / NK,0.7122188288084502,CID3838-sample-proxy
CID3838_AATCACGTCTTGAGCA,21.780487,5.103494,5,T / NK,0.7122188288084502,CID3838-sample-proxy
CID3838_AATGCCACACTGCATA,23.469717,4.5612464,5,T / NK,0.7122188288084502,CID3838-sample-proxy
CID3838_ACTTAGGGTTGGACTT,28.047804,2.496592,5,T / NK,0.7122188288084502,CID3838-sample-proxy
CID3838_AGGCATTAGCTAAATG,23.771482,5.708448,5,T / NK,0.7122188288084502,CID3838-sample-proxy
CID3838_AGTGTTGCACTATCCC,23.930275,5.4355025,5,T / NK,0.7122188288084502,CID3838-sample-proxy
CID3838_ATCCACCGTCCGTACG,24.653305,2.665227,6,T / NK,1.728483689433326,CID3838-sample-proxy
CID3838_ATCGGATAGACCAGAC,22.802956,3.4123168,5,T / NK,0.7122188288084502,CID3838-sample-proxy
CID3838_ATCGTGACAGACAAGC,22.062853,3.5777347,5,T / NK,0.7122188288084502,CID3838-sample-proxy
CID3838_CATCCACCATCGCTGG,23.818506,5.054317,5,T / NK,0.7122188288084502,CID3838-sample-proxy
CID3838_CCTAAGATCAACGAGG,21.846933,4.503246,5,T / NK,0.7122188288084502,CID3838-sample-proxy
CID3838_CGAATTGAGCTGAGCA,21.605768,3.8344417,5,T / NK,0.7122188288084502,CID3838-sample-proxy
CID3838_CGTGATAAGCCATTCA,22.480547,4.8090076,5,T / NK,0.7122188288084502,CID3838-sample-proxy
CID3838_CTATCCGGTGACATCT,24.742704,3.5476909,5,T / NK,0.7122188288084502,CID3838-sample-proxy
CID3838_CTCTCAGTCACCATAG,22.493279,6.234518,5,T / NK,0.7122188288084502,CID3838-sample-proxy
CID3838_CTCTCAGTCTCTCGAC,22.585331,3.7691813,5,T / NK,0.7122188288084502,CID3838-sample-proxy
CID3838_CTTCCGAAGGCGACAT,24.344013,5.5496545,5,T / NK,0.7122188288084502,CID3838-sample-proxy
CID3838_GAAGGACCATCGAACT,22.9276,5.508427,5,T / NK,0.7122188288084502,CID3838-sample-proxy
CID3838_GACGCTGAGTGATTCC,21.931335,4.375113,5,T / NK,0.7122188288084502,CID3838-sample-proxy
CID3838_GAGGCCTGTTGAGTCT,21.86256,5.3793273,5,T / NK,0.7122188288084502,CID3838-sample-proxy
CID3838_GCATCGGCATCATCTT,21.787266,4.2084866,5,T / NK,0.7122188288084502,CID3838-sample-proxy
CID3838_GCTGAATGTGCCTGCA,23.028128,4.4082894,5,T / NK,0.7122188288084502,CID3838-sample-proxy
CID3838_GCTGGGTTCTGAGGTT,22.57297,5.53873,5,T / NK,0.7122188288084502,CID3838-sample-proxy
CID3838_GGGATGAAGGGATCAC,21.554913,5.1121135,5,T / NK,0.7122188288084502,CID3838-sample-proxy
CID3838_GGTAATCCAGCGTGAA,23.6634,4.2963195,5,T / NK,0.7122188288084502,CID3838-sample-proxy
CID3838_GTAATGCTCGGCCAAC,22.314955,5.089768,5,T / NK,0.7122188288084502,CID3838-sample-proxy
CID3838_GTAATGCTCGGCTTCT,23.638899,4.4526196,5,T / NK,0.7122188288084502,CID3838-sample-proxy
CID3838_GTGAGCCCACGAAGAC,22.848986,3.752555,5,T / NK,0.7122188288084502,CID3838-sample-proxy
CID3838_TACCCACCAAATTGCC,22.734917,4.3570237,5,T / NK,0.7122188288084502,CID3838-sample-proxy
CID3838_TCATTTGGTCCTTAAG,22.275614,5.375186,5,T / NK,0.7122188288084502,CID3838-sample-proxy
CID3838_TCCTCGAGTGCGTCGT,22.051205,3.9327366,5,T / NK,0.7122188288084502,CID3838-sample-proxy
CID3838_TCGTGCTGTGGGTCAA,21.71189,3.6757798,5,T / NK,0.7122188288084502,CID3838-sample-proxy
CID3838_TCGTGGGAGCTGACAG,23.77296,4.6437025,5,T / NK,0.7122188288084502,CID3838-sample-proxy
CID3838_TCTATACAGCGGTAAC,24.555927,3.5050073,5,T / NK,0.7122188288084502,CID3838-sample-proxy
CID3838_TGAGGGATCTCCGTGT,23.909426,4.2039165,5,T / NK,0.7122188288084502,CID3838-sample-proxy
CID3838_TGCTGAAAGGCGATAC,22.430153,4.655024,5,T / NK,0.7122188288084502,CID3838-sample-proxy
CID3838_TGTGTGAGTAGCTTGT,23.34965,5.0126576,5,T / NK,0.7122188288084502,CID3838-sample-proxy
CID3838_TTAATCCAGATCGCCC,23.008465,4.5974536,5,T / NK,0.7122188288084502,CID3838-sample-proxy
CID3838_TTGACCCGTTATTCTC,24.607124,4.367483,5,T / NK,0.7122188288084502,CID3838-sample-proxy
CID3838_TTTACGTAGCTCGTGC,23.600183,4.5151873,5,T / NK,0.7122188288084502,CID3838-sample-proxy
CID3838_TTTGGTTGTAGGTAGC,24.368309,2.9512248,5,T / NK,0.7122188288084502,CID3838-sample-proxy
CID3838_AGCGCTGGTGTGGTCC,25.55805,8.03839,8,T / NK,0.5795934644410073,CID3838-sample-proxy
CID3838_AGGGCTCTCAGTCCGG,25.583282,8.232724,8,T / NK,0.5795934644410073,CID3838-sample-proxy
CID3838_GACTGATCAAGCTGCC,25.32999,9.480417,8,T / NK,0.5795934644410073,CID3838-sample-proxy
CID3838_GTTAGTGGTGTCCCTT,25.481647,6.976247,7,T / NK,0.8225941530255941,CID3838-sample-proxy
CID3838_CTAACCCAGATTCGAA,21.731012,2.8547084,5,T / NK,0.7122188288084502,CID3838-sample-proxy
CID3838_TAATCTCTCAAGCCAT,22.395046,3.097603,5,T / NK,0.7122188288084502,CID3838-sample-proxy
CID3838_TACACCCTCAGACTGT,23.198164,3.9632213,5,T / NK,0.7122188288084502,CID3838-sample-proxy
CID3838_TCCAGAAAGCTAATCC,24.31667,2.055232,6,T / NK,1.728483689433326,CID3838-sample-proxy
CID3838_AGGGTGAGTTTGGGAG,25.35099,7.854837,8,T / NK,0.5795934644410073,CID3838-sample-proxy
CID3838_CGGCAGTTCCGGCAGT,23.268684,3.122613,5,T / NK,0.7122188288084502,CID3838-sample-proxy
CID3838_CTAGACAGTGAGTAAT,24.79228,5.4106603,5,T / NK,0.7122188288084502,CID3838-sample-proxy
CID3838_CTGCATCGTTATAGAG,28.20668,2.9625988,5,T / NK,0.7122188288084502,CID3838-sample-proxy
CID3838_CTGTATTGTGACACAG,21.801476,2.9389277,5,T / NK,0.7122188288084502,CID3838-sample-proxy
CID3838_GTTACCCGTTGTCTAG,21.705788,4.9330616,5,T / NK,0.7122188288084502,CID3838-sample-proxy
CID3838_TACAACGCAGCGTACC,22.263617,3.2727234,5,T / NK,0.7122188288084502,CID3838-sample-proxy
CID3838_TTGTGTTTCCCAAGCG,23.788382,4.037644,5,T / NK,0.7122188288084502,CID3838-sample-proxy
CID3838_CTCCCTCGTGGTTCTA,24.64222,7.852311,8,T / NK,0.5795934644410073,CID3838-sample-proxy
CID3838_ACTATTCCAGGATGAC,23.787455,2.6560454,5,T / NK,0.7122188288084502,CID3838-sample-proxy
CID3838_ATTCGTTGTGCCTGAC,21.35187,4.2457156,5,T / NK,0.7122188288084502,CID3838-sample-proxy
CID3838_GCATCTCAGGTACCTT,21.824009,2.440679,5,T / NK,0.7122188288084502,CID3838-sample-proxy
CID3838_GCATTAGTCCGATCGG,23.304173,4.026206,5,T / NK,0.7122188288084502,CID3838-sample-proxy
CID3838_GCCATTCCAAGGCGTA,21.663427,4.5773087,5,T / NK,0.7122188288084502,CID3838-sample-proxy
CID3838_AGGCTGCGTCCTATAG,21.403948,3.2346106,5,T / NK,0.7122188288084502,CID3838-sample-proxy
CID3838_GACCTTCTCATCCTGC,22.409563,3.3325617,5,T / NK,0.7122188288084502,CID3838-sample-proxy
CID3838_TTTAGTCAGACTTGTC,24.205032,3.0126605,5,T / NK,0.7122188288084502,CID3838-sample-proxy
CID3838_GGTAATCTCCGGGACT,21.393276,0.77047056,6,T / NK,1.728483689433326,CID3838-sample-proxy
CID3838_ATTTACCTCCACGTAA,25.665365,6.9797373,7,T / NK,0.8225941530255941,CID3838-sample-proxy
CID3838_GTCTTTAGTCCCACGA,25.878788,4.23561,7,T / NK,0.8225941530255941,CID3838-sample-proxy
CID3838_AAGACAAAGTCAATCC,25.614977,9.551076,8,T / NK,0.5795934644410073,CID3838-sample-proxy
CID3838_AGCGTCGCATTGAGGG,22.44277,3.6616693,5,T / NK,0.7122188288084502,CID3838-sample-proxy
CID3838_AGTAGCTGTGTTGCCG,25.79506,7.5460362,8,T / NK,0.5795934644410073,CID3838-sample-proxy
CID3838_TTGTTCACAGCAGAAC,25.621141,5.845828,7,T / NK,0.8225941530255941,CID3838-sample-proxy
CID3838_CTAGACACAATTCGTG,26.39427,4.9820642,7,T / NK,0.8225941530255941,CID3838-sample-proxy
CID3838_CTAACTTCAAGTGGGT,26.32691,8.33161,8,T / NK,0.5795934644410073,CID3838-sample-proxy
CID3838_TGTTACTGTCATATGC,27.128138,9.3298235,8,T / NK,0.5795934644410073,CID3838-sample-proxy
CID3838_CCCTGATTCAATCGGT,27.397917,9.029464,8,T / NK,0.5795934644410073,CID3838-sample-proxy
CID3838_ATTCCCGAGAATCCCT,25.279827,8.052367,8,T / NK,0.5795934644410073,CID3838-sample-proxy
CID3838_GTTATGGTCGGCTATA,28.05955,10.8849945,8,T / NK,0.5795934644410073,CID3838-sample-proxy
CID3838_CCGGTAGAGATACATG,26.625406,9.169182,8,T / NK,0.5795934644410073,CID3838-sample-proxy
CID3838_TACCGGGTCACGTAGT,24.53407,8.001997,8,T / NK,0.5795934644410073,CID3838-sample-proxy
CID3838_TCACTCGTCATCTCTA,24.600668,8.303011,8,T / NK,0.5795934644410073,CID3838-sample-proxy
CID3838_AGGCTGCCAAATTAGG,24.951372,8.57447,8,T / NK,0.5795934644410073,CID3838-sample-proxy
CID3838_GCAGGCTAGGTCATTC,26.217674,8.306965,8,T / NK,0.5795934644410073,CID3838-sample-proxy
CID3838_TACGGGCAGGATTTGA,25.836237,10.010514,8,T / NK,0.5795934644410073,CID3838-sample-proxy
CID3838_TTTCACATCGCAGTCG,25.382214,9.206425,8,T / NK,0.5795934644410073,CID3838-sample-proxy
CID3838_AATGGAACAAGATTGA,26.68074,8.844089,8,T / NK,0.5795934644410073,CID3838-sample-proxy
CID3838_AATTCCTAGCGTTCAT,26.996479,8.822251,8,T / NK,0.5795934644410073,CID3838-sample-proxy
CID3838_GGCTTTCCAGTGTGGA,28.482052,9.602,8,T / NK,0.5795934644410073,CID3838-sample-proxy
CID3838_AAACCCATCAAGCCAT,28.364342,11.094767,8,T / NK,0.5795934644410073,CID3838-sample-proxy
CID3838_AAACCCATCGCTAAAC,26.524782,11.268017,8,T / NK,0.5795934644410073,CID3838-sample-proxy
CID3838_AAAGGATAGAGCAAGA,24.66512,8.185565,8,T / NK,0.5795934644410073,CID3838-sample-proxy
CID3838_AAAGGTATCGGCGATC,26.352732,11.304867,8,T / NK,0.5795934644410073,CID3838-sample-proxy
CID3838_AAATGGAGTCTTGCGG,26.465906,11.299336,8,T / NK,0.5795934644410073,CID3838-sample-proxy
CID3838_AACAAAGCAGCATACT,25.169617,7.1394176,7,T / NK,0.8225941530255941,CID3838-sample-proxy
CID3838_AACAAAGTCTGCTAGA,27.820889,10.284155,8,T / NK,0.5795934644410073,CID3838-sample-proxy
CID3838_AACAGGGTCGGCTTGG,27.56926,10.960768,8,T / NK,0.5795934644410073,CID3838-sample-proxy
CID3838_AACCCAAGTCCCTCAT,28.73107,10.744995,8,T / NK,0.5795934644410073,CID3838-sample-proxy
CID3838_AACCTGACAACAGCCC,28.945229,10.598363,8,T / NK,0.5795934644410073,CID3838-sample-proxy
CID3838_AACCTTTAGCAAGGAA,27.05634,9.474943,8,T / NK,0.5795934644410073,CID3838-sample-proxy
CID3838_AACGGGAAGCATCCTA,26.578768,9.095714,8,T / NK,0.5795934644410073,CID3838-sample-proxy
CID3838_AACGTCAGTCGCACGT,28.02267,10.341029,8,T / NK,0.5795934644410073,CID3838-sample-proxy
CID3838_AAGATAGGTACAGAGC,26.079563,10.340456,8,T / NK,0.5795934644410073,CID3838-sample-proxy
CID3838_AAGCGTTAGGATTTCC,27.380196,9.898181,8,T / NK,0.5795934644410073,CID3838-sample-proxy
CID3838_AAGGAATGTGACGCCT,29.050112,10.932509,8,T / NK,0.5795934644410073,CID3838-sample-proxy
CID3838_AAGGAATTCGCAATTG,24.964893,8.307622,8,T / NK,0.5795934644410073,CID3838-sample-proxy
CID3838_AAGTACCGTTAACCTG,29.184103,10.980024,8,T / NK,0.5795934644410073,CID3838-sample-proxy
CID3838_AAGTCGTGTTACGTAC,26.551434,10.647612,8,T / NK,0.5795934644410073,CID3838-sample-proxy
CID3838_AATAGAGAGACAAGCC,26.809662,10.230564,8,T / NK,0.5795934644410073,CID3838-sample-proxy
CID3838_AATTCCTCAAATCAGA,26.332102,11.249704,8,T / NK,0.5795934644410073,CID3838-sample-proxy
CID3838_ACAAAGACATAATGCC,28.833496,10.53092,8,T / NK,0.5795934644410073,CID3838-sample-proxy
CID3838_ACAAAGAGTGGTTCTA,25.353539,8.798759,8,T / NK,0.5795934644410073,CID3838-sample-proxy
CID3838_ACAACCACAATACCTG,27.03255,11.40621,8,T / NK,0.5795934644410073,CID3838-sample-proxy
CID3838_ACACGCGCAATCACGT,26.292286,9.625196,8,T / NK,0.5795934644410073,CID3838-sample-proxy
CID3838_ACAGCCGGTTCTCCAC,26.619915,9.510472,8,T / NK,0.5795934644410073,CID3838-sample-proxy
CID3838_ACATGCAGTGGATTTC,28.299328,9.980228,8,T / NK,0.5795934644410073,CID3838-sample-proxy
CID3838_ACCTACCCATGACCCG,26.683407,11.308819,8,T / NK,0.5795934644410073,CID3838-sample-proxy
CID3838_ACGGTTATCGGATACT,26.967438,11.525974,8,T / NK,0.5795934644410073,CID3838-sample-proxy
CID3838_ACGTAACAGCATCAGG,26.344711,9.333203,8,T / NK,0.5795934644410073,CID3838-sample-proxy
CID3838_ACGTAGTGTACTGCCG,25.625875,9.776552,8,T / NK,0.5795934644410073,CID3838-sample-proxy
CID3838_ACGTTCCTCGTGGGTC,27.79595,10.109037,8,T / NK,0.5795934644410073,CID3838-sample-proxy
CID3838_ACGTTCCTCTACCCAC,25.810688,9.106172,8,T / NK,0.5795934644410073,CID3838-sample-proxy
CID3838_ACTACGAGTAGTGCGA,27.257458,9.393107,8,T / NK,0.5795934644410073,CID3838-sample-proxy
CID3838_ACTATCTCAAATGAAC,25.978977,11.367777,8,T / NK,0.5795934644410073,CID3838-sample-proxy
CID3838_ACTGATGCAACCGTAT,26.175804,10.609207,8,T / NK,0.5795934644410073,CID3838-sample-proxy
CID3838_ACTTCCGGTAGGTCAG,25.88305,10.464432,8,T / NK,0.5795934644410073,CID3838-sample-proxy
CID3838_ACTTTGTTCGGTGTAT,26.088312,10.367167,8,T / NK,0.5795934644410073,CID3838-sample-proxy
CID3838_AGAACCTCAAGACTGG,25.299164,10.526594,8,T / NK,0.5795934644410073,CID3838-sample-proxy
CID3838_AGAAGTAAGCAGGTCA,26.985186,9.121208,8,T / NK,0.5795934644410073,CID3838-sample-proxy
CID3838_AGACAAAGTAGATGTA,26.276102,8.53794,8,T / NK,0.5795934644410073,CID3838-sample-proxy
CID3838_AGACCATTCTACTCAT,27.612505,10.186122,8,T / NK,0.5795934644410073,CID3838-sample-proxy
CID3838_AGACCATTCTGAATGC,27.828444,10.956214,8,T / NK,0.5795934644410073,CID3838-sample-proxy
CID3838_AGAGCCCCAAGCACAG,29.076921,10.847586,8,T / NK,0.5795934644410073,CID3838-sample-proxy
CID3838_AGCCAGCGTAGCGATG,26.630909,10.555529,8,T / NK,0.5795934644410073,CID3838-sample-proxy
CID3838_AGCGATTCAGGCTATT,29.118053,10.91366,8,T / NK,0.5795934644410073,CID3838-sample-proxy
CID3838_AGCTTCCAGTTGGACG,25.955856,11.498264,8,T / NK,0.5795934644410073,CID3838-sample-proxy
CID3838_AGCTTCCGTACGCTTA,24.768278,8.87837,8,T / NK,0.5795934644410073,CID3838-sample-proxy
CID3838_AGGACTTGTTGCTCAA,25.409359,11.199528,8,T / NK,0.5795934644410073,CID3838-sample-proxy
CID3838_AGGGAGTCAGTAACGG,28.348629,10.54533,8,T / NK,0.5795934644410073,CID3838-sample-proxy
CID3838_AGGGAGTTCTAGCAAC,26.967878,9.260849,8,T / NK,0.5795934644410073,CID3838-sample-proxy
CID3838_AGGTGTTGTGGATACG,26.368578,8.711466,8,T / NK,0.5795934644410073,CID3838-sample-proxy
CID3838_AGGTGTTTCCATTGCC,25.64563,11.505735,8,T / NK,0.5795934644410073,CID3838-sample-proxy
CID3838_AGGTGTTTCCCTTGGT,26.110003,10.958729,8,T / NK,0.5795934644410073,CID3838-sample-proxy
CID3838_AGTGACTAGGCCACTC,26.869034,10.120386,8,T / NK,0.5795934644410073,CID3838-sample-proxy
CID3838_AGTGCCGCATCTGGGC,27.818033,11.3885145,8,T / NK,0.5795934644410073,CID3838-sample-proxy
CID3838_AGTTCGACAGGTGGAT,26.974974,9.951614,8,T / NK,0.5795934644410073,CID3838-sample-proxy
CID3838_ATACCTTGTTAGGCCC,29.19467,10.775901,8,T / NK,0.5795934644410073,CID3838-sample-proxy
CID3838_ATACTTCGTCGCGTTG,25.820217,8.790393,8,T / NK,0.5795934644410073,CID3838-sample-proxy
CID3838_ATCACAGTCGGATACT,25.177843,10.587228,8,T / NK,0.5795934644410073,CID3838-sample-proxy
CID3838_ATCACGATCAATGTCG,29.142712,10.756414,8,T / NK,0.5795934644410073,CID3838-sample-proxy
CID3838_ATCCATTTCACTCTTA,26.999716,9.859805,8,T / NK,0.5795934644410073,CID3838-sample-proxy
CID3838_ATCCTATGTAGATGTA,25.206867,10.693444,8,T / NK,0.5795934644410073,CID3838-sample-proxy
CID3838_ATCGGATTCTTCTGGC,25.941963,10.808069,8,T / NK,0.5795934644410073,CID3838-sample-proxy
CID3838_ATCTCTAAGTATAGGT,26.756866,10.426213,8,T / NK,0.5795934644410073,CID3838-sample-proxy
CID3838_ATGAGGGGTTCCGGTG,27.489014,10.047862,8,T / NK,0.5795934644410073,CID3838-sample-proxy
CID3838_ATGATCGGTAGCTTTG,26.490044,10.955647,8,T / NK,0.5795934644410073,CID3838-sample-proxy
CID3838_ATGCATGTCTTGCAAG,29.245804,10.871975,8,T / NK,0.5795934644410073,CID3838-sample-proxy
CID3838_ATGCCTCAGATTGATG,26.300495,11.482948,8,T / NK,0.5795934644410073,CID3838-sample-proxy
CID3838_ATGCGATAGCTGGCTC,27.084242,10.915457,8,T / NK,0.5795934644410073,CID3838-sample-proxy
CID3838_ATGCGATCAAGTGACG,26.833813,11.003514,8,T / NK,0.5795934644410073,CID3838-sample-proxy
CID3838_ATGGGTTAGTTTGAGA,26.126122,10.794035,8,T / NK,0.5795934644410073,CID3838-sample-proxy
CID3838_ATGGTTGTCTATTGTC,26.945673,11.780942,8,T / NK,0.5795934644410073,CID3838-sample-proxy
CID3838_ATGTCTTGTCCGACGT,27.966751,10.795056,8,T / NK,0.5795934644410073,CID3838-sample-proxy
CID3838_ATTGGGTAGGCGAACT,26.72303,10.366798,8,T / NK,0.5795934644410073,CID3838-sample-proxy
CID3838_ATTTCACAGTCAGCCC,26.555752,10.98615,8,T / NK,0.5795934644410073,CID3838-sample-proxy
CID3838_CAACAACTCTCTAAGG,25.815685,11.057625,8,T / NK,0.5795934644410073,CID3838-sample-proxy
CID3838_CAACGGCTCATTCGGA,26.53262,11.048643,8,T / NK,0.5795934644410073,CID3838-sample-proxy
CID3838_CAATACGCATCCGCGA,27.537245,10.930464,8,T / NK,0.5795934644410073,CID3838-sample-proxy
CID3838_CAGATCATCAAGGACG,26.583427,9.88226,8,T / NK,0.5795934644410073,CID3838-sample-proxy
CID3838_CAGATTGTCTGCATGA,27.115086,9.719986,8,T / NK,0.5795934644410073,CID3838-sample-proxy
CID3838_CAGCAATCATGTCGTA,25.161064,10.875485,8,T / NK,0.5795934644410073,CID3838-sample-proxy
CID3838_CAGCACGGTCGCTTAA,25.442776,10.474853,8,T / NK,0.5795934644410073,CID3838-sample-proxy
CID3838_CATCCACGTATCCTTT,27.201693,10.59649,8,T / NK,0.5795934644410073,CID3838-sample-proxy
CID3838_CATCCGTTCGATGCAT,27.507921,10.313947,8,T / NK,0.5795934644410073,CID3838-sample-proxy
CID3838_CATCGCTAGAACTTCC,28.143728,10.532227,8,T / NK,0.5795934644410073,CID3838-sample-proxy
CID3838_CATGAGTAGCTGCCAC,27.628592,10.290456,8,T / NK,0.5795934644410073,CID3838-sample-proxy
CID3838_CATGCTCGTGAAAGTT,26.00119,10.310673,8,T / NK,0.5795934644410073,CID3838-sample-proxy
CID3838_CATGGTAAGACAACAT,27.676193,11.399672,8,T / NK,0.5795934644410073,CID3838-sample-proxy
CID3838_CCACACTTCTTCTGGC,25.425074,10.577365,8,T / NK,0.5795934644410073,CID3838-sample-proxy
CID3838_CCATAAGAGGTAACTA,27.943235,10.835226,8,T / NK,0.5795934644410073,CID3838-sample-proxy
CID3838_CCATAAGAGTAGAATC,28.807795,10.453983,8,T / NK,0.5795934644410073,CID3838-sample-proxy
CID3838_CCCGAAGGTGAATGAT,27.960274,10.439627,8,T / NK,0.5795934644410073,CID3838-sample-proxy
CID3838_CCCTAACGTATTCCTT,25.75395,8.825587,8,T / NK,0.5795934644410073,CID3838-sample-proxy
CID3838_CCCTAACGTTCCGCTT,25.684345,11.121103,8,T / NK,0.5795934644410073,CID3838-sample-proxy
CID3838_CCCTCAAAGTCTGGTT,26.987246,9.042199,8,T / NK,0.5795934644410073,CID3838-sample-proxy
CID3838_CCCTTAGAGTACCGGA,25.158268,10.180939,8,T / NK,0.5795934644410073,CID3838-sample-proxy
CID3838_CCGATGGGTAGGAGTC,25.012995,9.48324,8,T / NK,0.5795934644410073,CID3838-sample-proxy
CID3838_CCTACGTCAGACCTGC,26.282585,10.674886,8,T / NK,0.5795934644410073,CID3838-sample-proxy
CID3838_CCTACGTTCCCAGTGG,25.489157,11.447359,8,T / NK,0.5795934644410073,CID3838-sample-proxy
CID3838_CCTCAACTCAGTCCGG,25.847675,8.674327,8,T / NK,0.5795934644410073,CID3838-sample-proxy
CID3838_CCTCACAAGAGTAACT,25.766182,9.726785,8,T / NK,0.5795934644410073,CID3838-sample-proxy
CID3838_CCTCACAAGGTTGAGC,28.213926,10.258704,8,T / NK,0.5795934644410073,CID3838-sample-proxy
CID3838_CCTCCTCCAATAGTAG,27.34285,10.506739,8,T / NK,0.5795934644410073,CID3838-sample-proxy
CID3838_CCTGTTGTCTGTTGGA,27.647997,10.971506,8,T / NK,0.5795934644410073,CID3838-sample-proxy
CID3838_CCTTGTGGTCAAAGTA,27.060001,10.009345,8,T / NK,0.5795934644410073,CID3838-sample-proxy
CID3838_CGAGGCTTCACCCTCA,25.150507,9.441588,8,T / NK,0.5795934644410073,CID3838-sample-proxy
CID3838_CGAGTTATCTGCATAG,26.852995,9.629269,8,T / NK,0.5795934644410073,CID3838-sample-proxy
CID3838_CGATGGCAGATCACCT,26.56388,10.288284,8,T / NK,0.5795934644410073,CID3838-sample-proxy
CID3838_CGCCAGATCGTAGAGG,26.017366,9.554558,8,T / NK,0.5795934644410073,CID3838-sample-proxy
CID3838_CGGAACCTCTCTTGCG,27.072622,10.821804,8,T / NK,0.5795934644410073,CID3838-sample-proxy
CID3838_CGGAATTAGGGCAGGA,28.924744,10.518892,8,T / NK,0.5795934644410073,CID3838-sample-proxy
CID3838_CGGGTGTAGGAACATT,25.306593,10.435708,8,T / NK,0.5795934644410073,CID3838-sample-proxy
CID3838_CGGGTGTGTGAGATAT,27.951773,9.495664,8,T / NK,0.5795934644410073,CID3838-sample-proxy
CID3838_CGTAGTATCCGTGTAA,26.252716,8.861462,8,T / NK,0.5795934644410073,CID3838-sample-proxy
CID3838_CGTCCATCAGTTTCGA,26.25264,8.821542,8,T / NK,0.5795934644410073,CID3838-sample-proxy
CID3838_CGTGCTTGTACCCGCA,25.836327,9.522713,8,T / NK,0.5795934644410073,CID3838-sample-proxy
CID3838_CGTTAGAGTTCGGCTG,26.653233,9.058948,8,T / NK,0.5795934644410073,CID3838-sample-proxy
CID3838_CGTTGGGCAGCAGATG,25.838041,8.082395,8,T / NK,0.5795934644410073,CID3838-sample-proxy
CID3838_CTACAGATCGCAACAT,26.546194,9.401128,8,T / NK,0.5795934644410073,CID3838-sample-proxy
CID3838_CTACATTTCTCTGGTC,26.177694,11.749251,8,T / NK,0.5795934644410073,CID3838-sample-proxy
CID3838_CTACCCAAGCATGCAG,28.876053,11.120427,8,T / NK,0.5795934644410073,CID3838-sample-proxy
CID3838_CTACGGGCAGAGTAAT,27.061962,11.670092,8,T / NK,0.5795934644410073,CID3838-sample-proxy
CID3838_CTACTATGTCAGGTAG,27.902859,11.135897,8,T / NK,0.5795934644410073,CID3838-sample-proxy
CID3838_CTAGACATCGAACACT,27.608242,11.060634,8,T / NK,0.5795934644410073,CID3838-sample-proxy
CID3838_CTATAGGAGGGACTGT,25.418867,11.163408,8,T / NK,0.5795934644410073,CID3838-sample-proxy
CID3838_CTATAGGCAAGCTACT,27.956232,10.872928,8,T / NK,0.5795934644410073,CID3838-sample-proxy
CID3838_CTATCTATCTCTAAGG,26.087019,10.52312,8,T / NK,0.5795934644410073,CID3838-sample-proxy
CID3838_CTCAACCCATGTCTAG,27.74102,9.539008,8,T / NK,0.5795934644410073,CID3838-sample-proxy
CID3838_CTCAAGACATGTTCAG,27.673685,11.006204,8,T / NK,0.5795934644410073,CID3838-sample-proxy
CID3838_CTCAAGATCAAACCTG,25.988733,10.909482,8,T / NK,0.5795934644410073,CID3838-sample-proxy
CID3838_CTCAGGGGTACTAACC,27.411499,11.041124,8,T / NK,0.5795934644410073,CID3838-sample-proxy
CID3838_CTCATCGTCCTCTTTC,26.589674,11.8832855,8,T / NK,0.5795934644410073,CID3838-sample-proxy
CID3838_CTCATTAAGCATCGAG,27.015566,10.010236,8,T / NK,0.5795934644410073,CID3838-sample-proxy
CID3838_CTCCCTCAGTGTACCT,24.748358,8.745114,8,T / NK,0.5795934644410073,CID3838-sample-proxy
CID3838_CTCTCAGGTGACATCT,25.43591,9.421508,8,T / NK,0.5795934644410073,CID3838-sample-proxy
CID3838_CTCTCAGGTTGCCATA,26.714828,11.263617,8,T / NK,0.5795934644410073,CID3838-sample-proxy
CID3838_CTCTCGATCTCTAAGG,26.364157,11.840895,8,T / NK,0.5795934644410073,CID3838-sample-proxy
CID3838_CTGATCCAGGGCTGAT,26.055977,11.558701,8,T / NK,0.5795934644410073,CID3838-sample-proxy
CID3838_CTGCATCGTGACAGGT,27.257627,9.867456,8,T / NK,0.5795934644410073,CID3838-sample-proxy
CID3838_CTGCATCTCGAGAGAC,26.640574,11.782096,8,T / NK,0.5795934644410073,CID3838-sample-proxy
CID3838_CTGCCATCATGGGCAA,28.30831,10.958793,8,T / NK,0.5795934644410073,CID3838-sample-proxy
CID3838_CTGGACGTCCCTCGTA,25.897358,9.76434,8,T / NK,0.5795934644410073,CID3838-sample-proxy
CID3838_CTGGCAGCAACAGAGC,25.254654,9.591942,8,T / NK,0.5795934644410073,CID3838-sample-proxy
CID3838_CTGTCGTCAGGCACTC,29.255398,11.004942,8,T / NK,0.5795934644410073,CID3838-sample-proxy
CID3838_CTGTGAAAGTACTGGG,27.274185,11.18908,8,T / NK,0.5795934644410073,CID3838-sample-proxy
CID3838_CTTTCGGAGTCAGCGA,26.056805,9.409998,8,T / NK,0.5795934644410073,CID3838-sample-proxy
CID3838_GAAACCTAGGCCCAAA,26.004131,10.612137,8,T / NK,0.5795934644410073,CID3838-sample-proxy
CID3838_GAACTGTGTGAGATAT,27.684013,9.813071,8,T / NK,0.5795934644410073,CID3838-sample-proxy
CID3838_GAAGGACTCTTGGAAC,27.837996,9.690703,8,T / NK,0.5795934644410073,CID3838-sample-proxy
CID3838_GAATAGAGTGGGCTTC,26.404215,9.881983,8,T / NK,0.5795934644410073,CID3838-sample-proxy
CID3838_GACATCACAATCTGCA,25.687883,10.306913,8,T / NK,0.5795934644410073,CID3838-sample-proxy
CID3838_GACATCACAGAGACTG,28.55477,10.674047,8,T / NK,0.5795934644410073,CID3838-sample-proxy
CID3838_GACCAATTCGTCTACC,28.837475,10.986402,8,T / NK,0.5795934644410073,CID3838-sample-proxy
CID3838_GACCAATTCTTGGGCG,27.485477,9.598675,8,T / NK,0.5795934644410073,CID3838-sample-proxy
CID3838_GACCCAGAGTTGGCGA,25.881056,9.172367,8,T / NK,0.5795934644410073,CID3838-sample-proxy
CID3838_GACCCAGGTACCCGCA,26.679255,9.082168,8,T / NK,0.5795934644410073,CID3838-sample-proxy
CID3838_GACCCTTTCAGTGCGC,26.485569,9.269833,8,T / NK,0.5795934644410073,CID3838-sample-proxy
CID3838_GACCGTGGTGGATGAC,26.900198,9.816746,8,T / NK,0.5795934644410073,CID3838-sample-proxy
CID3838_GACCTTCGTAACTTCG,27.649271,10.676681,8,T / NK,0.5795934644410073,CID3838-sample-proxy
CID3838_GAGAGGTCATGGCTGC,26.158875,9.313606,8,T / NK,0.5795934644410073,CID3838-sample-proxy
CID3838_GAGCTGCGTGAACCGA,24.910189,8.202976,8,T / NK,0.5795934644410073,CID3838-sample-proxy
CID3838_GAGGCCTAGTCGAGGT,28.497314,10.5665455,8,T / NK,0.5795934644410073,CID3838-sample-proxy
CID3838_GAGTTACCACCGGTCA,25.926266,10.998608,8,T / NK,0.5795934644410073,CID3838-sample-proxy
CID3838_GAGTTTGCACGGGTAA,27.121382,10.763433,8,T / NK,0.5795934644410073,CID3838-sample-proxy
CID3838_GATAGCTTCCGACAGC,27.958567,9.8801565,8,T / NK,0.5795934644410073,CID3838-sample-proxy
CID3838_GATAGCTTCTAACGGT,26.536993,11.470782,8,T / NK,0.5795934644410073,CID3838-sample-proxy
CID3838_GATCAGTCAGAAATCA,26.728073,9.891912,8,T / NK,0.5795934644410073,CID3838-sample-proxy
CID3838_GATGAGGCATACAGAA,25.662483,10.600471,8,T / NK,0.5795934644410073,CID3838-sample-proxy
CID3838_GATGGAGAGAGATTCA,26.344421,11.591341,8,T / NK,0.5795934644410073,CID3838-sample-proxy
CID3838_GATGGAGAGTTCCAGT,27.054749,9.213007,8,T / NK,0.5795934644410073,CID3838-sample-proxy
CID3838_GATGGAGGTCCAAAGG,28.367435,10.60108,8,T / NK,0.5795934644410073,CID3838-sample-proxy
CID3838_GATTCTTAGAGAATCT,26.697449,10.940811,8,T / NK,0.5795934644410073,CID3838-sample-proxy
CID3838_GATTCTTCACCTATCC,27.642162,11.273966,8,T / NK,0.5795934644410073,CID3838-sample-proxy
CID3838_GCACGGTGTAAGCTCT,27.608189,10.0993,8,T / NK,0.5795934644410073,CID3838-sample-proxy
CID3838_GCCAACGCAGTAGAAT,27.087036,10.924011,8,T / NK,0.5795934644410073,CID3838-sample-proxy
CID3838_GCCAGTGCACACCGCA,27.110195,10.483858,8,T / NK,0.5795934644410073,CID3838-sample-proxy
CID3838_GCCATTCAGTAACCTC,27.229937,10.218216,8,T / NK,0.5795934644410073,CID3838-sample-proxy
CID3838_GCTACCTAGTGATAAC,26.379522,9.75975,8,T / NK,0.5795934644410073,CID3838-sample-proxy
CID3838_GCTGCAGCACATCCCT,28.18203,10.317929,8,T / NK,0.5795934644410073,CID3838-sample-proxy
CID3838_GCTGCAGTCACTTGGA,28.820398,10.421116,8,T / NK,0.5795934644410073,CID3838-sample-proxy
CID3838_GCTGGGTCATGATAGA,25.84964,9.024087,8,T / NK,0.5795934644410073,CID3838-sample-proxy
CID3838_GCTTCACTCGACTCCT,26.104538,9.6662245,8,T / NK,0.5795934644410073,CID3838-sample-proxy
CID3838_GGAACCCGTGCATGAG,25.737427,10.168432,8,T / NK,0.5795934644410073,CID3838-sample-proxy
CID3838_GGAATCTGTATAATGG,26.330133,10.283169,8,T / NK,0.5795934644410073,CID3838-sample-proxy
CID3838_GGACGTCTCCGATGTA,27.70199,10.168887,8,T / NK,0.5795934644410073,CID3838-sample-proxy
CID3838_GGAGATGGTATCTCTT,25.463247,11.245382,8,T / NK,0.5795934644410073,CID3838-sample-proxy
CID3838_GGCGTCAAGAAATGGG,26.2835,10.975163,8,T / NK,0.5795934644410073,CID3838-sample-proxy
CID3838_GGGACCTGTTCACCGG,26.54203,10.566808,8,T / NK,0.5795934644410073,CID3838-sample-proxy
CID3838_GGGAGATTCTGGACTA,27.142984,11.38139,8,T / NK,0.5795934644410073,CID3838-sample-proxy
CID3838_GGGAGTATCCGAAGGA,28.07891,11.33917,8,T / NK,0.5795934644410073,CID3838-sample-proxy
CID3838_GGGATGATCTTCCGTG,27.454721,10.828712,8,T / NK,0.5795934644410073,CID3838-sample-proxy
CID3838_GGGTTTACACTGATTG,25.61952,9.842138,8,T / NK,0.5795934644410073,CID3838-sample-proxy
CID3838_GGGTTTATCGTTCGCT,25.388472,10.163522,8,T / NK,0.5795934644410073,CID3838-sample-proxy
CID3838_GGTCACGTCCACAGGC,26.216082,9.121067,8,T / NK,0.5795934644410073,CID3838-sample-proxy
CID3838_GGTCTGGTCTTGGTGA,25.212526,10.908452,8,T / NK,0.5795934644410073,CID3838-sample-proxy
CID3838_GGTGTTAAGAAGCTCG,27.415373,10.883408,8,T / NK,0.5795934644410073,CID3838-sample-proxy
CID3838_GTACAGTCACGAGGAT,24.87239,7.95887,8,T / NK,0.5795934644410073,CID3838-sample-proxy
CID3838_GTACAGTTCAGGTAAA,26.870577,10.5997305,8,T / NK,0.5795934644410073,CID3838-sample-proxy
CID3838_GTAGAGGTCACCTCTG,24.677364,8.653476,8,T / NK,0.5795934644410073,CID3838-sample-proxy
CID3838_GTAGGTTCAAGCACAG,27.786242,10.895931,8,T / NK,0.5795934644410073,CID3838-sample-proxy
CID3838_GTCAAGTCATTCATCT,27.681578,10.186624,8,T / NK,0.5795934644410073,CID3838-sample-proxy
CID3838_GTCACTCCACTGATTG,25.869337,10.2003355,8,T / NK,0.5795934644410073,CID3838-sample-proxy
CID3838_GTCATGATCTGAACGT,26.749617,8.926304,8,T / NK,0.5795934644410073,CID3838-sample-proxy
CID3838_GTCTGTCTCGCACGGT,24.67092,7.7444506,8,T / NK,0.5795934644410073,CID3838-sample-proxy
CID3838_GTGAGCCTCCGATAGT,28.071321,10.368506,8,T / NK,0.5795934644410073,CID3838-sample-proxy
CID3838_GTGCTGGTCGGCTGGT,25.98767,9.843489,8,T / NK,0.5795934644410073,CID3838-sample-proxy
CID3838_GTGGAAGTCGGTCTGG,27.392916,10.560314,8,T / NK,0.5795934644410073,CID3838-sample-proxy
CID3838_GTGTCCTTCGGAGTGA,26.927284,9.364974,8,T / NK,0.5795934644410073,CID3838-sample-proxy
CID3838_GTTACGACACTGAATC,25.147093,9.459852,8,T / NK,0.5795934644410073,CID3838-sample-proxy
CID3838_GTTAGACAGACTGAGC,25.587986,8.981243,8,T / NK,0.5795934644410073,CID3838-sample-proxy
CID3838_GTTAGTGGTATCCTCC,25.336489,10.863139,8,T / NK,0.5795934644410073,CID3838-sample-proxy
CID3838_GTTAGTGTCTTTCAGT,27.790998,10.189205,8,T / NK,0.5795934644410073,CID3838-sample-proxy
CID3838_GTTCCGTAGACTGAGC,27.992918,10.499547,8,T / NK,0.5795934644410073,CID3838-sample-proxy
CID3838_GTTGTGAGTAGCTTTG,27.331518,10.3352585,8,T / NK,0.5795934644410073,CID3838-sample-proxy
CID3838_GTTTACTCAACTCGAT,24.805738,9.29524,8,T / NK,0.5795934644410073,CID3838-sample-proxy
CID3838_GTTTACTTCAAATGCC,27.135765,10.322137,8,T / NK,0.5795934644410073,CID3838-sample-proxy
CID3838_TAAGCACAGACTCTAC,26.51753,10.894987,8,T / NK,0.5795934644410073,CID3838-sample-proxy
CID3838_TAAGCACGTAACGCGA,26.947823,10.710702,8,T / NK,0.5795934644410073,CID3838-sample-proxy
CID3838_TAAGCCAAGATGGGCT,25.053143,10.049978,8,T / NK,0.5795934644410073,CID3838-sample-proxy
CID3838_TACCTCGTCAGATTGC,27.162632,10.398977,8,T / NK,0.5795934644410073,CID3838-sample-proxy
CID3838_TACGCTCCATTCACAG,27.191994,10.885391,8,T / NK,0.5795934644410073,CID3838-sample-proxy
CID3838_TACGGTATCTCTCCGA,28.608683,10.95326,8,T / NK,0.5795934644410073,CID3838-sample-proxy
CID3838_TACGTCCTCTCGACGG,26.43213,11.193746,8,T / NK,0.5795934644410073,CID3838-sample-proxy
CID3838_TACTTCATCATCACAG,26.74296,11.983504,8,T / NK,0.5795934644410073,CID3838-sample-proxy
CID3838_TATCAGGTCCGACATA,26.404282,11.371587,8,T / NK,0.5795934644410073,CID3838-sample-proxy
CID3838_TATCTTGAGGTTATAG,25.618067,10.105953,8,T / NK,0.5795934644410073,CID3838-sample-proxy
CID3838_TCACAAGAGACGCTCC,26.998571,10.540934,8,T / NK,0.5795934644410073,CID3838-sample-proxy
CID3838_TCACACCGTGGGATTG,26.81324,10.163725,8,T / NK,0.5795934644410073,CID3838-sample-proxy
CID3838_TCACGCTCATTGCAAC,26.823227,9.917086,8,T / NK,0.5795934644410073,CID3838-sample-proxy
CID3838_TCAGCAAAGGACAGTC,26.446722,9.310956,8,T / NK,0.5795934644410073,CID3838-sample-proxy
CID3838_TCAGTTTAGCAGATAT,26.81854,10.7947,8,T / NK,0.5795934644410073,CID3838-sample-proxy
CID3838_TCAGTTTAGGTGCTGA,27.381243,9.690267,8,T / NK,0.5795934644410073,CID3838-sample-proxy
CID3838_TCATGAGAGTTTCGAC,26.906458,11.798103,8,T / NK,0.5795934644410073,CID3838-sample-proxy
CID3838_TCATTCACAGCTGCCA,27.845837,10.419588,8,T / NK,0.5795934644410073,CID3838-sample-proxy
CID3838_TCCATCGAGTCAACAA,26.562023,10.764766,8,T / NK,0.5795934644410073,CID3838-sample-proxy
CID3838_TCCCAGTAGCATCCTA,27.63019,10.570625,8,T / NK,0.5795934644410073,CID3838-sample-proxy
CID3838_TCCCATGAGCGTGCCT,26.119345,10.594944,8,T / NK,0.5795934644410073,CID3838-sample-proxy
CID3838_TCCTAATGTGTGTGTT,28.00916,10.268532,8,T / NK,0.5795934644410073,CID3838-sample-proxy
CID3838_TCCTGCAAGTCCGCCA,25.87288,11.204309,8,T / NK,0.5795934644410073,CID3838-sample-proxy
CID3838_TCCTTTCTCGAAACAA,28.008669,10.620924,8,T / NK,0.5795934644410073,CID3838-sample-proxy
CID3838_TCGGATACATAATCGC,28.85784,10.965563,8,T / NK,0.5795934644410073,CID3838-sample-proxy
CID3838_TCGTCCACATGCCGCA,25.943836,9.45411,8,T / NK,0.5795934644410073,CID3838-sample-proxy
CID3838_TCGTGGGCAAAGCTCT,26.300209,9.220081,8,T / NK,0.5795934644410073,CID3838-sample-proxy
CID3838_TCTATACAGGTGCAGT,25.452488,8.629674,8,T / NK,0.5795934644410073,CID3838-sample-proxy
CID3838_TCTATCACATAATGCC,26.359613,8.862311,8,T / NK,0.5795934644410073,CID3838-sample-proxy
CID3838_TCTCACGCACGGAAGT,28.448889,10.744085,8,T / NK,0.5795934644410073,CID3838-sample-proxy
CID3838_TCTCACGGTATCGCAT,26.318813,9.132882,8,T / NK,0.5795934644410073,CID3838-sample-proxy
CID3838_TCTGGCTCACTCTAGA,27.068874,9.134243,8,T / NK,0.5795934644410073,CID3838-sample-proxy
CID3838_TCTGGCTGTAACAGGC,27.31811,11.116122,8,T / NK,0.5795934644410073,CID3838-sample-proxy
CID3838_TCTGGCTTCGGAGATG,26.792175,11.5208645,8,T / NK,0.5795934644410073,CID3838-sample-proxy
CID3838_TGACAGTCACAACGAG,26.553602,11.214211,8,T / NK,0.5795934644410073,CID3838-sample-proxy
CID3838_TGACAGTGTGTCACAT,25.48736,10.344338,8,T / NK,0.5795934644410073,CID3838-sample-proxy
CID3838_TGACGCGCAACCAATC,25.94668,10.894697,8,T / NK,0.5795934644410073,CID3838-sample-proxy
CID3838_TGACTCCCAACGATTC,26.214224,10.198662,8,T / NK,0.5795934644410073,CID3838-sample-proxy
CID3838_TGAGGAGCAAATTAGG,26.091589,9.591827,8,T / NK,0.5795934644410073,CID3838-sample-proxy
CID3838_TGATTCTCAACACAAA,25.849714,9.779777,8,T / NK,0.5795934644410073,CID3838-sample-proxy
CID3838_TGCAGATCATGAGGGT,25.815592,10.717611,8,T / NK,0.5795934644410073,CID3838-sample-proxy
CID3838_TGCAGGCGTGCGTGCT,28.578455,10.52331,8,T / NK,0.5795934644410073,CID3838-sample-proxy
CID3838_TGCAGTAAGAAACTCA,26.786154,10.339841,8,T / NK,0.5795934644410073,CID3838-sample-proxy
CID3838_TGCATCCCACGTCTCT,25.915522,10.457587,8,T / NK,0.5795934644410073,CID3838-sample-proxy
CID3838_TGCATCCGTGGATCAG,27.08637,9.97593,8,T / NK,0.5795934644410073,CID3838-sample-proxy
CID3838_TGCGATACAGGCTTGC,28.347544,11.111838,8,T / NK,0.5795934644410073,CID3838-sample-proxy
CID3838_TGCGGGTAGCGAAACC,26.281002,10.050023,8,T / NK,0.5795934644410073,CID3838-sample-proxy
CID3838_TGCTCGTGTCGAAACG,27.11701,9.7713585,8,T / NK,0.5795934644410073,CID3838-sample-proxy
CID3838_TGCTTGCTCGCATTAG,26.761436,10.134313,8,T / NK,0.5795934644410073,CID3838-sample-proxy
CID3838_TGGAACTGTAATGCTC,28.43512,10.590769,8,T / NK,0.5795934644410073,CID3838-sample-proxy
CID3838_TGGAGAGAGGAGGTTC,25.959879,9.224362,8,T / NK,0.5795934644410073,CID3838-sample-proxy
CID3838_TGGAGGAGTCCTCATC,26.468847,10.864565,8,T / NK,0.5795934644410073,CID3838-sample-proxy
CID3838_TGGGAAGCATAGGTAA,28.925379,10.800061,8,T / NK,0.5795934644410073,CID3838-sample-proxy
CID3838_TGGGAAGTCCACTGAA,25.930363,8.899432,8,T / NK,0.5795934644410073,CID3838-sample-proxy
CID3838_TGGGATTCAACAGTGG,27.706373,10.256113,8,T / NK,0.5795934644410073,CID3838-sample-proxy
CID3838_TGGGCTGAGCATCGAG,24.600088,8.544748,8,T / NK,0.5795934644410073,CID3838-sample-proxy
CID3838_TGGGCTGCAACTACGT,26.941563,10.490498,8,T / NK,0.5795934644410073,CID3838-sample-proxy
CID3838_TGGTACACACATGACT,27.635712,10.612955,8,T / NK,0.5795934644410073,CID3838-sample-proxy
CID3838_TGTAAGCGTTGCTCCT,24.913029,10.300768,8,T / NK,0.5795934644410073,CID3838-sample-proxy
CID3838_TGTCCCAGTTGAGGAC,28.01939,9.871858,8,T / NK,0.5795934644410073,CID3838-sample-proxy
CID3838_TGTGCGGAGTCGTTAC,27.192694,10.427447,8,T / NK,0.5795934644410073,CID3838-sample-proxy
CID3838_TGTGTGAGTGTACATC,26.876188,9.399269,8,T / NK,0.5795934644410073,CID3838-sample-proxy
CID3838_TGTTCTAGTGCGTCGT,26.432413,8.999851,8,T / NK,0.5795934644410073,CID3838-sample-proxy
CID3838_TGTTTGTCAATTAGGA,27.68506,10.092476,8,T / NK,0.5795934644410073,CID3838-sample-proxy
CID3838_TTAATCCCAGAGACTG,25.589867,11.111179,8,T / NK,0.5795934644410073,CID3838-sample-proxy
CID3838_TTAATCCTCTCTCAAT,26.26499,9.423446,8,T / NK,0.5795934644410073,CID3838-sample-proxy
CID3838_TTACGTTTCATGGAGG,27.53534,9.807559,8,T / NK,0.5795934644410073,CID3838-sample-proxy
CID3838_TTCACGCGTGTTCATG,24.99602,8.318721,8,T / NK,0.5795934644410073,CID3838-sample-proxy
CID3838_TTCCAATAGATGCTGG,27.259018,10.46735,8,T / NK,0.5795934644410073,CID3838-sample-proxy
CID3838_TTCGATTCATTCTGTT,29.006275,10.530633,8,T / NK,0.5795934644410073,CID3838-sample-proxy
CID3838_TTCGGTCAGTGCAGCA,28.158121,10.156356,8,T / NK,0.5795934644410073,CID3838-sample-proxy
CID3838_TTCTCTCGTATAGCTC,27.842052,11.384947,8,T / NK,0.5795934644410073,CID3838-sample-proxy
CID3838_TTGCCTGGTTCCGCGA,25.531008,10.479278,8,T / NK,0.5795934644410073,CID3838-sample-proxy
CID3838_TTGGTTTGTCTCTCTG,26.749271,11.69929,8,T / NK,0.5795934644410073,CID3838-sample-proxy
CID3838_TTGTGGAAGGGACACT,28.683634,10.48354,8,T / NK,0.5795934644410073,CID3838-sample-proxy
CID3838_TTTACCAGTCCGGCAT,25.827639,9.9516735,8,T / NK,0.5795934644410073,CID3838-sample-proxy
CID3838_TTTACCATCTTTGCTA,24.844667,10.016916,8,T / NK,0.5795934644410073,CID3838-sample-proxy
CID3838_TTTACGTAGTTGTCGT,27.647017,10.594301,8,T / NK,0.5795934644410073,CID3838-sample-proxy
CID3838_TTTACTGAGGAAAGGT,26.991884,9.916894,8,T / NK,0.5795934644410073,CID3838-sample-proxy
CID3838_TTTCACAAGGTTATAG,25.56196,10.3950815,8,T / NK,0.5795934644410073,CID3838-sample-proxy
CID3838_TTTCAGTTCGAAGAAT,27.529247,9.696993,8,T / NK,0.5795934644410073,CID3838-sample-proxy
CID3838_AACAAGAGTGGTACAG,26.217905,4.1950264,7,T / NK,0.8225941530255941,CID3838-sample-proxy
CID3838_CTATAGGAGCTGAAAT,25.843847,4.155654,7,T / NK,0.8225941530255941,CID3838-sample-proxy
CID3838_TCTCTGGAGCTCGGCT,26.369854,8.937984,8,T / NK,0.5795934644410073,CID3838-sample-proxy
CID3838_GTTGAACTCATCCTGC,25.884611,4.6828713,7,T / NK,0.8225941530255941,CID3838-sample-proxy
CID3838_ATCACAGTCCTCACGT,26.103556,5.0248146,7,T / NK,0.8225941530255941,CID3838-sample-proxy
CID3838_CGATCGGTCGTACCTC,25.409338,6.538883,7,T / NK,0.8225941530255941,CID3838-sample-proxy
CID3838_TAACTTCTCACCATCC,26.285017,4.952133,7,T / NK,0.8225941530255941,CID3838-sample-proxy
CID3838_TGAGACTCAAGGTACG,25.967203,7.491873,8,T / NK,0.5795934644410073,CID3838-sample-proxy
CID3838_AATGACCGTATTGCCA,26.785433,4.8776493,7,T / NK,0.8225941530255941,CID3838-sample-proxy
CID3838_ACAAGCTAGCGCCTTG,26.27055,4.6999726,7,T / NK,0.8225941530255941,CID3838-sample-proxy
CID3838_ACAGAAACAATTCTCT,26.95072,4.665046,7,T / NK,0.8225941530255941,CID3838-sample-proxy
CID3838_ACAGGGAAGGTAAGTT,26.600304,4.5954356,7,T / NK,0.8225941530255941,CID3838-sample-proxy
CID3838_ACTCCCAGTACCAATC,26.940876,4.8424706,7,T / NK,0.8225941530255941,CID3838-sample-proxy
CID3838_ACTGTCCCACCGTGAC,27.108282,4.368997,7,T / NK,0.8225941530255941,CID3838-sample-proxy
CID3838_AGGTTACTCGGTGAAG,26.486244,4.7849474,7,T / NK,0.8225941530255941,CID3838-sample-proxy
CID3838_ATAGACCAGTTAACGA,26.673853,4.4474397,7,T / NK,0.8225941530255941,CID3838-sample-proxy
CID3838_CAGATCAGTTATGTGC,26.773363,4.4572053,7,T / NK,0.8225941530255941,CID3838-sample-proxy
CID3838_CATACCCCATGAGATA,26.364634,4.8540215,7,T / NK,0.8225941530255941,CID3838-sample-proxy
CID3838_CATCGCTTCGCAACAT,26.351057,4.4468594,7,T / NK,0.8225941530255941,CID3838-sample-proxy
CID3838_CCACGAGAGATGCAGC,27.184446,4.7740245,7,T / NK,0.8225941530255941,CID3838-sample-proxy
CID3838_CCGGTAGAGTGAATAC,25.983164,5.2503104,7,T / NK,0.8225941530255941,CID3838-sample-proxy
CID3838_CCTCAACAGTAGTCTC,26.439566,4.3903804,7,T / NK,0.8225941530255941,CID3838-sample-proxy
CID3838_CGAAGGATCTCTTGCG,26.74411,4.3451076,7,T / NK,0.8225941530255941,CID3838-sample-proxy
CID3838_CGTTAGATCTAGACAC,26.697088,4.470493,7,T / NK,0.8225941530255941,CID3838-sample-proxy
CID3838_CTCAACCAGCATCCTA,26.899376,3.7975235,7,T / NK,0.8225941530255941,CID3838-sample-proxy
CID3838_CTCCGATTCAGCAGAG,26.606512,4.5112815,7,T / NK,0.8225941530255941,CID3838-sample-proxy
CID3838_GAATCACGTACAGAGC,26.249773,5.00741,7,T / NK,0.8225941530255941,CID3838-sample-proxy
CID3838_GACATCATCCTTATAC,26.685678,4.8853436,7,T / NK,0.8225941530255941,CID3838-sample-proxy
CID3838_GACCTTCTCTCTAGGA,26.223082,4.1203046,7,T / NK,0.8225941530255941,CID3838-sample-proxy
CID3838_GGCTTGGCACCCAAGC,27.00842,5.05681,7,T / NK,0.8225941530255941,CID3838-sample-proxy
CID3838_GTACAACGTCGCCTAG,26.7028,4.3970046,7,T / NK,0.8225941530255941,CID3838-sample-proxy
CID3838_GTATTGGTCATTACGG,26.602808,4.4829497,7,T / NK,0.8225941530255941,CID3838-sample-proxy
CID3838_GTCAGCGAGTCACACT,26.709724,5.17395,7,T / NK,0.8225941530255941,CID3838-sample-proxy
CID3838_GTGAGGACATCAACCA,26.843058,4.3194623,7,T / NK,0.8225941530255941,CID3838-sample-proxy
CID3838_GTGAGTTGTAAGACCG,26.166023,4.776356,7,T / NK,0.8225941530255941,CID3838-sample-proxy
CID3838_GTGGCGTCACAGTATC,26.666447,4.9570456,7,T / NK,0.8225941530255941,CID3838-sample-proxy
CID3838_TAACTTCTCCAGCACG,26.88067,5.01816,7,T / NK,0.8225941530255941,CID3838-sample-proxy
CID3838_TACCGGGTCGAGAAGC,26.487177,4.836174,7,T / NK,0.8225941530255941,CID3838-sample-proxy
CID3838_TCGCACTGTCCGCAGT,26.0234,4.8994427,7,T / NK,0.8225941530255941,CID3838-sample-proxy
CID3838_TCGGGTGAGTTGTCAC,27.131245,4.8915358,7,T / NK,0.8225941530255941,CID3838-sample-proxy
CID3838_TGTGGCGAGGTGAGAA,26.601374,4.7557564,7,T / NK,0.8225941530255941,CID3838-sample-proxy
CID3838_TTGTTGTGTGCCCTTT,26.789745,3.935065,7,T / NK,0.8225941530255941,CID3838-sample-proxy
CID3838_TTTCATGCATAGGCGA,25.652304,5.2394238,7,T / NK,0.8225941530255941,CID3838-sample-proxy
CID3838_AAGCGTTGTCACTCTC,26.660625,6.4767528,7,T / NK,0.8225941530255941,CID3838-sample-proxy
CID3838_AAGTACCCATGTACGT,26.913153,5.0721335,7,T / NK,0.8225941530255941,CID3838-sample-proxy
CID3838_ACGTACACATAAGCGG,27.065619,6.519999,7,T / NK,0.8225941530255941,CID3838-sample-proxy
CID3838_ACGTTCCCAGCAGGAT,27.101103,6.5476556,7,T / NK,0.8225941530255941,CID3838-sample-proxy
CID3838_AGATAGACAAACGGCA,27.096214,6.2259154,7,T / NK,0.8225941530255941,CID3838-sample-proxy
CID3838_AGGAGGTGTAACCAGG,27.107542,6.6407475,7,T / NK,0.8225941530255941,CID3838-sample-proxy
CID3838_ATACCGATCTGCGGCA,25.757763,4.8049374,7,T / NK,0.8225941530255941,CID3838-sample-proxy
CID3838_ATCCCTGGTGTGCCTG,26.948912,5.0584536,7,T / NK,0.8225941530255941,CID3838-sample-proxy
CID3838_ATCCCTGTCCTCACTG,27.232718,6.754997,7,T / NK,0.8225941530255941,CID3838-sample-proxy
CID3838_ATCGTCCAGCGACTAG,25.927813,7.358075,8,T / NK,0.5795934644410073,CID3838-sample-proxy
CID3838_ATTCCCGCAGAATGTA,27.019506,6.010224,7,T / NK,0.8225941530255941,CID3838-sample-proxy
CID3838_CACCGTTTCTCCCATG,27.083357,6.573165,7,T / NK,0.8225941530255941,CID3838-sample-proxy
CID3838_CACGGGTCAGACCTGC,26.760977,4.960401,7,T / NK,0.8225941530255941,CID3838-sample-proxy
CID3838_CACTGTCGTCGATTAC,26.539673,5.2892957,7,T / NK,0.8225941530255941,CID3838-sample-proxy
CID3838_CATGGTATCTTGTTAC,25.018744,6.367614,7,T / NK,0.8225941530255941,CID3838-sample-proxy
CID3838_CCAAGCGTCCGTACGG,27.062508,6.7925525,7,T / NK,0.8225941530255941,CID3838-sample-proxy
CID3838_CCAATGACACTACCCT,27.203663,6.533957,7,T / NK,0.8225941530255941,CID3838-sample-proxy
CID3838_CCACACTGTTACCTGA,27.143847,6.3176346,7,T / NK,0.8225941530255941,CID3838-sample-proxy
CID3838_CCGGTGAGTTCGCGTG,26.789396,5.2757797,7,T / NK,0.8225941530255941,CID3838-sample-proxy
CID3838_CCGTGAGAGAAGTATC,26.206745,7.872216,8,T / NK,0.5795934644410073,CID3838-sample-proxy
CID3838_CCTTCAGGTAGACGTG,27.040325,5.5945487,7,T / NK,0.8225941530255941,CID3838-sample-proxy
CID3838_CGAGGCTGTATGACAA,27.34361,6.7857523,7,T / NK,0.8225941530255941,CID3838-sample-proxy
CID3838_CGATCGGTCACTGTTT,26.900372,6.6226764,7,T / NK,0.8225941530255941,CID3838-sample-proxy
CID3838_CGCGTGAGTCACAGAG,27.331652,5.018345,7,T / NK,0.8225941530255941,CID3838-sample-proxy
CID3838_CGGAATTCATGTCTAG,25.795994,6.649344,7,T / NK,0.8225941530255941,CID3838-sample-proxy
CID3838_CGGACACTCACCGGGT,27.2312,6.425132,7,T / NK,0.8225941530255941,CID3838-sample-proxy
CID3838_CGTGAATAGGATTCCT,25.704693,6.239864,7,T / NK,0.8225941530255941,CID3838-sample-proxy
CID3838_CTCAACCGTGGTTTGT,25.745867,5.917514,7,T / NK,0.8225941530255941,CID3838-sample-proxy
CID3838_CTCCCAAGTAACCAGG,27.025578,5.325619,7,T / NK,0.8225941530255941,CID3838-sample-proxy
CID3838_CTGATCCGTCGCTCGA,26.292976,7.6299663,8,T / NK,0.5795934644410073,CID3838-sample-proxy
CID3838_CTGCTCAGTCGCTGCA,27.273949,6.757469,7,T / NK,0.8225941530255941,CID3838-sample-proxy
CID3838_CTGGCAGAGCATTTCG,27.155733,6.692717,7,T / NK,0.8225941530255941,CID3838-sample-proxy
CID3838_CTGTACCAGCTCCACG,25.962616,4.7047753,7,T / NK,0.8225941530255941,CID3838-sample-proxy
CID3838_CTGTCGTAGCGGTAAC,27.353148,4.6465125,7,T / NK,0.8225941530255941,CID3838-sample-proxy
CID3838_CTTTCGGCATACATCG,25.790545,7.7429037,8,T / NK,0.5795934644410073,CID3838-sample-proxy
CID3838_GAATAGACACGAGGTA,27.28933,6.6044497,7,T / NK,0.8225941530255941,CID3838-sample-proxy
CID3838_GAGGGATTCGTTGTTT,26.592691,5.339258,7,T / NK,0.8225941530255941,CID3838-sample-proxy
CID3838_GAGTCATCATAATCCG,25.840431,6.890313,8,T / NK,0.5795934644410073,CID3838-sample-proxy
CID3838_GAGTGAGCAACGTATC,26.68789,6.2575827,7,T / NK,0.8225941530255941,CID3838-sample-proxy
CID3838_GATCCCTTCCCAATAG,26.810396,5.244731,7,T / NK,0.8225941530255941,CID3838-sample-proxy
CID3838_GATGCTAGTCAATGGG,26.47179,4.8988047,7,T / NK,0.8225941530255941,CID3838-sample-proxy
CID3838_GCTGCAGTCTCACGAA,25.994198,4.794352,7,T / NK,0.8225941530255941,CID3838-sample-proxy
CID3838_GGAGATGAGAGCATTA,27.196915,6.7916164,7,T / NK,0.8225941530255941,CID3838-sample-proxy
CID3838_GGTGATTTCTAGAACC,27.253103,6.596848,7,T / NK,0.8225941530255941,CID3838-sample-proxy
CID3838_GTAACCATCTAGAGCT,25.616766,5.521691,7,T / NK,0.8225941530255941,CID3838-sample-proxy
CID3838_GTAGGAGAGTTGAAGT,27.15922,6.2912126,7,T / NK,0.8225941530255941,CID3838-sample-proxy
CID3838_GTCACTCAGTGGAAAG,25.897072,5.3573203,7,T / NK,0.8225941530255941,CID3838-sample-proxy
CID3838_GTCCACTGTGCTCTTC,26.935345,8.865011,8,T / NK,0.5795934644410073,CID3838-sample-proxy
CID3838_GTGATGTTCTATTTCG,25.128988,6.0915785,7,T / NK,0.8225941530255941,CID3838-sample-proxy
CID3838_GTTTACTTCCCGTTGT,27.03495,5.4631553,7,T / NK,0.8225941530255941,CID3838-sample-proxy
CID3838_TAATCTCTCAAACCCA,27.186722,6.7701077,7,T / NK,0.8225941530255941,CID3838-sample-proxy
CID3838_TCAGTGACATACGCAT,27.309351,6.8161545,7,T / NK,0.8225941530255941,CID3838-sample-proxy
CID3838_TCATACTAGATGACAT,25.418003,6.556398,7,T / NK,0.8225941530255941,CID3838-sample-proxy
CID3838_TCATGCCGTTCGGGTC,26.95305,5.8682203,7,T / NK,0.8225941530255941,CID3838-sample-proxy
CID3838_TCCTAATTCCAGTACA,26.660446,6.6338058,7,T / NK,0.8225941530255941,CID3838-sample-proxy
CID3838_TCTTCCTTCAGAGTTC,26.097118,4.910269,7,T / NK,0.8225941530255941,CID3838-sample-proxy
CID3838_TCTTTGAGTCGCTTGG,26.225233,8.014413,8,T / NK,0.5795934644410073,CID3838-sample-proxy
CID3838_TGAGCGCGTGCCTATA,26.922457,5.4664497,7,T / NK,0.8225941530255941,CID3838-sample-proxy
CID3838_TTCCACGAGCACTGGA,27.164045,6.663729,7,T / NK,0.8225941530255941,CID3838-sample-proxy
CID3838_GGGAAGTTCATATGGC,25.26205,6.171237,7,T / NK,0.8225941530255941,CID3838-sample-proxy
CID3838_TGAGGGATCTACTGAG,25.127468,7.491517,8,T / NK,0.5795934644410073,CID3838-sample-proxy
CID3838_ATTGTTCGTTCGTTCC,26.535215,8.316459,8,T / NK,0.5795934644410073,CID3838-sample-proxy
CID3838_GGACGTCGTCTCAAGT,27.115292,8.421737,8,T / NK,0.5795934644410073,CID3838-sample-proxy
CID3838_GAATCACTCTGTCGTC,23.99936,3.519116,5,T / NK,0.7122188288084502,CID3838-sample-proxy
CID3838_CTCATCGTCACGGAGA,21.106117,0.2048269,6,T / NK,1.728483689433326,CID3838-sample-proxy
CID3838_AACTTCTTCCAGTGTA,20.494915,0.56267107,6,T / NK,1.728483689433326,CID3838-sample-proxy
CID3838_AATCGTGAGCTGGCCT,23.629126,0.33803502,6,T / NK,1.728483689433326,CID3838-sample-proxy
CID3838_AATTTCCGTACAAACA,20.68071,0.10640307,6,T / NK,1.728483689433326,CID3838-sample-proxy
CID3838_ACGGGTCAGAGCAGCT,21.76455,-0.44244343,6,T / NK,1.728483689433326,CID3838-sample-proxy
CID3838_AGAACAAAGGATGGCT,20.737373,0.80755895,6,T / NK,1.728483689433326,CID3838-sample-proxy
CID3838_AGATCGTGTATGTCCA,21.715933,-0.21207744,6,T / NK,1.728483689433326,CID3838-sample-proxy
CID3838_ATCGTCCAGAGAGGTA,21.635592,0.23014292,6,T / NK,1.728483689433326,CID3838-sample-proxy
CID3838_ATGTCCCCATCGGAGA,21.547487,-0.36049214,6,T / NK,1.728483689433326,CID3838-sample-proxy
CID3838_CAACGATTCAGGAGAC,21.602991,0.045788698,6,T / NK,1.728483689433326,CID3838-sample-proxy
CID3838_CACTGGGAGCGCGTTC,20.882868,0.34074378,6,T / NK,1.728483689433326,CID3838-sample-proxy
CID3838_CATAAGCGTATTGCCA,20.571356,0.44876742,6,T / NK,1.728483689433326,CID3838-sample-proxy
CID3838_CATCCGTAGTAAACAC,21.79585,-0.48947388,6,T / NK,1.728483689433326,CID3838-sample-proxy
CID3838_CATGCGGCACCCTGTT,21.994425,-0.25388244,6,T / NK,1.728483689433326,CID3838-sample-proxy
CID3838_CCACAAAAGGCGTTAG,21.020712,0.4763517,6,T / NK,1.728483689433326,CID3838-sample-proxy
CID3838_CCACCATGTAGACAGC,20.383415,0.84168375,6,T / NK,1.728483689433326,CID3838-sample-proxy
CID3838_CCGATGGGTTGGCTAT,21.063509,1.2578143,6,T / NK,1.728483689433326,CID3838-sample-proxy
CID3838_CCGGTAGCACTTGGGC,20.929352,0.09639183,6,T / NK,1.728483689433326,CID3838-sample-proxy
CID3838_CCTCTCCGTGGACTAG,21.33645,-0.17532304,6,T / NK,1.728483689433326,CID3838-sample-proxy
CID3838_CCTGCATCATCCGCGA,20.616629,0.3800543,6,T / NK,1.728483689433326,CID3838-sample-proxy
CID3838_CGCATAAAGTACGAGC,20.879429,0.9934567,6,T / NK,1.728483689433326,CID3838-sample-proxy
CID3838_CGCATAACAATCCAGT,21.206364,-0.08176235,6,T / NK,1.728483689433326,CID3838-sample-proxy
CID3838_CGGGACTCAAGAATGT,21.91543,-0.2403759,6,T / NK,1.728483689433326,CID3838-sample-proxy
CID3838_CTCAAGAAGCTAGCCC,20.757261,0.7451068,6,T / NK,1.728483689433326,CID3838-sample-proxy
CID3838_CTCCAACGTTACACTG,20.36615,0.65299326,6,T / NK,1.728483689433326,CID3838-sample-proxy
CID3838_CTCCCTCTCACGAGGA,21.168184,-0.2747357,6,T / NK,1.728483689433326,CID3838-sample-proxy
CID3838_CTCGAGGGTAGCGTCC,20.512836,0.11693081,6,T / NK,1.728483689433326,CID3838-sample-proxy
CID3838_GAAGGACCAAACACCT,21.973614,-0.5710649,6,T / NK,1.728483689433326,CID3838-sample-proxy
CID3838_GACCAATCATGAAGCG,21.06081,-0.30951402,6,T / NK,1.728483689433326,CID3838-sample-proxy
CID3838_GACTGATCAGTGGTGA,21.366453,0.39834166,6,T / NK,1.728483689433326,CID3838-sample-proxy
CID3838_GACTTCCTCGGATTAC,21.408566,-0.46589667,6,T / NK,1.728483689433326,CID3838-sample-proxy
CID3838_GAGGGTAAGTCCCGGT,21.686628,-0.5546593,6,T / NK,1.728483689433326,CID3838-sample-proxy
CID3838_GATGCTACACGCTGCA,21.654665,0.22334662,6,T / NK,1.728483689433326,CID3838-sample-proxy
CID3838_GCAGTTATCTATCGTT,21.934872,-0.33160606,6,T / NK,1.728483689433326,CID3838-sample-proxy
CID3838_GCCAGCACAACCCGCA,21.30973,0.3093772,6,T / NK,1.728483689433326,CID3838-sample-proxy
CID3838_GCCCGAAAGTTGTACC,21.19744,0.7563771,6,T / NK,1.728483689433326,CID3838-sample-proxy
CID3838_GCTACCTTCGACATTG,21.647427,-0.24375674,6,T / NK,1.728483689433326,CID3838-sample-proxy
CID3838_GCTGCAGAGCTGTTAC,20.61444,0.7980637,6,T / NK,1.728483689433326,CID3838-sample-proxy
CID3838_GGGTTATGTCTCCTGT,20.995022,0.47436732,6,T / NK,1.728483689433326,CID3838-sample-proxy
CID3838_GGTAACTGTATGTCAC,21.231352,0.68721586,6,T / NK,1.728483689433326,CID3838-sample-proxy
CID3838_GGTAGAGCAGGCACTC,21.534966,-0.13694385,6,T / NK,1.728483689433326,CID3838-sample-proxy
CID3838_GTAACACTCCACGTAA,20.303888,0.5210699,6,T / NK,1.728483689433326,CID3838-sample-proxy
CID3838_GTGAGGACAACGTTAC,20.460022,0.254861,6,T / NK,1.728483689433326,CID3838-sample-proxy
CID3838_GTGCTGGTCACTGGGC,21.620062,-0.5893587,6,T / NK,1.728483689433326,CID3838-sample-proxy
CID3838_GTGTCCTAGGGTAGCT,20.450377,0.7166192,6,T / NK,1.728483689433326,CID3838-sample-proxy
CID3838_TAGGTTGAGTGGCGAT,21.19245,-0.3294233,6,T / NK,1.728483689433326,CID3838-sample-proxy
CID3838_TATCTTGAGCATAGGC,20.577675,0.14095215,6,T / NK,1.728483689433326,CID3838-sample-proxy
CID3838_TATTGGGCACAGAAGC,20.652525,0.9564263,6,T / NK,1.728483689433326,CID3838-sample-proxy
CID3838_TCATACTAGAGTCTTC,20.662197,0.48620299,6,T / NK,1.728483689433326,CID3838-sample-proxy
CID3838_TCATTCAAGACGCTCC,20.782227,0.14038073,6,T / NK,1.728483689433326,CID3838-sample-proxy
CID3838_TCCTCTTAGTTCAACC,20.475794,0.13440703,6,T / NK,1.728483689433326,CID3838-sample-proxy
CID3838_TCTACATAGTCTGCAT,20.292706,0.3860046,6,T / NK,1.728483689433326,CID3838-sample-proxy
CID3838_TGAATGCGTGCAAGAC,21.942053,-0.3223881,6,T / NK,1.728483689433326,CID3838-sample-proxy
CID3838_TGCGGGTAGTTGCCTA,21.843933,-0.35597408,6,T / NK,1.728483689433326,CID3838-sample-proxy
CID3838_TGCTCCAAGAAAGCGA,21.229713,-0.39430633,6,T / NK,1.728483689433326,CID3838-sample-proxy
CID3838_TGGAGAGCATTAAAGG,20.200657,0.28337678,6,T / NK,1.728483689433326,CID3838-sample-proxy
CID3838_TGTCCACAGCACTAGG,21.015133,0.1951747,6,T / NK,1.728483689433326,CID3838-sample-proxy
CID3838_TTATTGCGTAGTTAGA,21.03494,0.49829865,6,T / NK,1.728483689433326,CID3838-sample-proxy
CID3838_TTCAGGAAGATCCGAG,20.559702,0.6203019,6,T / NK,1.728483689433326,CID3838-sample-proxy
CID3838_TTCATGTCAACGTATC,20.378466,0.74351954,6,T / NK,1.728483689433326,CID3838-sample-proxy
CID3838_TTCGCTGCACGAAAGC,21.092472,0.06327357,6,T / NK,1.728483689433326,CID3838-sample-proxy
CID3838_TTCGGTCAGTGAGTGC,20.824768,-0.11791513,6,T / NK,1.728483689433326,CID3838-sample-proxy
CID3838_TTGACCCCAGTCCCGA,20.490547,0.05529561,6,T / NK,1.728483689433326,CID3838-sample-proxy
CID3838_TTGCATTCATAACTCG,21.519814,-0.38651925,6,T / NK,1.728483689433326,CID3838-sample-proxy
CID3838_TTTGACTCAAAGGGCT,20.87809,0.626826,6,T / NK,1.728483689433326,CID3838-sample-proxy
CID3838_GTTAGACCAACGTATC,26.941092,3.2526805,7,T / NK,0.8225941530255941,CID3838-sample-proxy
CID3838_TGGTACATCATCAGTG,27.42027,3.4576514,7,T / NK,0.8225941530255941,CID3838-sample-proxy
CID3838_TTCTAGTTCTTTCCGG,26.757635,3.37699,7,T / NK,0.8225941530255941,CID3838-sample-proxy
CID3838_CAACGGCGTCGCATCG,26.799006,6.1100783,7,T / NK,0.8225941530255941,CID3838-sample-proxy
CID3838_AGACCCGCACAAGTTC,27.749474,4.3621798,7,T / NK,0.8225941530255941,CID3838-sample-proxy
CID3838_AGGTTGTGTCGGAAAC,27.53132,7.2493043,8,T / NK,0.5795934644410073,CID3838-sample-proxy
CID3838_ATGAGTCCAAGCTCTA,28.345789,10.028229,8,T / NK,0.5795934644410073,CID3838-sample-proxy
CID3838_ATTGTTCTCTGAGAGG,27.421736,4.4644146,7,T / NK,0.8225941530255941,CID3838-sample-proxy
CID3838_CATGCCTCACGACTAT,27.639326,3.958433,7,T / NK,0.8225941530255941,CID3838-sample-proxy
CID3838_CGGAACCCACCTCGTT,28.369041,9.603135,8,T / NK,0.5795934644410073,CID3838-sample-proxy
CID3838_CTCAACCGTCCGTACG,27.622461,3.8393464,7,T / NK,0.8225941530255941,CID3838-sample-proxy
CID3838_CTGCCTAAGACTGTTC,27.947504,4.1276946,7,T / NK,0.8225941530255941,CID3838-sample-proxy
CID3838_CTGTATTCATAGACTC,27.609222,3.7402918,7,T / NK,0.8225941530255941,CID3838-sample-proxy
CID3838_GACCAATAGGTATCTC,27.59728,4.619316,7,T / NK,0.8225941530255941,CID3838-sample-proxy
CID3838_GATAGCTCACAAGTTC,28.323393,9.692529,8,T / NK,0.5795934644410073,CID3838-sample-proxy
CID3838_GCAACATAGCGTATAA,28.777885,9.855671,8,T / NK,0.5795934644410073,CID3838-sample-proxy
CID3838_GGTGGCTCAGTTAGAA,27.29837,5.086395,7,T / NK,0.8225941530255941,CID3838-sample-proxy
CID3838_GTTGCTCCAAATGCTC,28.0556,9.412465,8,T / NK,0.5795934644410073,CID3838-sample-proxy
CID3838_TCGATTTGTAAGATTG,27.394321,3.725169,7,T / NK,0.8225941530255941,CID3838-sample-proxy
CID3838_TCTAACTCAGTTAGGG,28.416746,9.901182,8,T / NK,0.5795934644410073,CID3838-sample-proxy
CID3838_TCTACCGAGTTCGGTT,27.925873,4.3274302,7,T / NK,0.8225941530255941,CID3838-sample-proxy
CID3838_TGAGCGCAGACAGCTG,27.795004,4.034259,7,T / NK,0.8225941530255941,CID3838-sample-proxy
CID3838_TGCGGGTAGCGCCTTG,27.29728,3.5162008,7,T / NK,0.8225941530255941,CID3838-sample-proxy
CID3838_TGGTACACAACTTCTT,27.96902,4.0882516,7,T / NK,0.8225941530255941,CID3838-sample-proxy
CID3838_TTATTGCAGTGTTGAA,28.254795,10.460817,8,T / NK,0.5795934644410073,CID3838-sample-proxy
CID3838_CGCCATTTCTCGCTTG,23.000378,0.27583158,6,T / NK,1.728483689433326,CID3838-sample-proxy
CID3838_CTACCTGAGTGGTTGG,23.432205,0.70254284,6,T / NK,1.728483689433326,CID3838-sample-proxy
CID3838_GAGCCTGAGGCAGCTA,23.054993,1.1206458,6,T / NK,1.728483689433326,CID3838-sample-proxy
CID3838_TCTGTCGCAACCGGAA,23.381433,-0.34553453,6,T / NK,1.728483689433326,CID3838-sample-proxy
CID3838_AAGTTCGCAATGAGCG,23.128124,-0.29447344,6,T / NK,1.728483689433326,CID3838-sample-proxy
CID3838_ACTTTCATCATGAGGG,21.484224,-0.22232084,6,T / NK,1.728483689433326,CID3838-sample-proxy
CID3838_AGACAGGGTAACCCTA,23.21165,-0.32521293,6,T / NK,1.728483689433326,CID3838-sample-proxy
CID3838_AGGATCTCATCTTTCA,23.330935,-0.47984076,6,T / NK,1.728483689433326,CID3838-sample-proxy
CID3838_AGGCTGCCACAGAGAC,23.248722,-0.65529275,6,T / NK,1.728483689433326,CID3838-sample-proxy
CID3838_ATCACGATCGTCAGAT,23.159695,0.1913742,6,T / NK,1.728483689433326,CID3838-sample-proxy
CID3838_ATGCGATTCGAACGCC,23.16413,-0.17212953,6,T / NK,1.728483689433326,CID3838-sample-proxy
CID3838_ATGGGAGTCAAATAGG,23.311113,-0.2630264,6,T / NK,1.728483689433326,CID3838-sample-proxy
CID3838_CATCCGTCAGACCCGT,23.409746,-0.6268995,6,T / NK,1.728483689433326,CID3838-sample-proxy
CID3838_CATCGTCGTGACTAAA,22.798588,-0.43096158,6,T / NK,1.728483689433326,CID3838-sample-proxy
CID3838_CCGATCTCACATTCTT,23.356024,-0.61706066,6,T / NK,1.728483689433326,CID3838-sample-proxy
CID3838_CCGGTAGGTACGATGG,23.159468,-0.54170406,6,T / NK,1.728483689433326,CID3838-sample-proxy
CID3838_CCTATCGAGTCTCCTC,23.077816,-0.6876463,6,T / NK,1.728483689433326,CID3838-sample-proxy
CID3838_CGAGGCTCATGTTCAG,23.202164,-0.60767454,6,T / NK,1.728483689433326,CID3838-sample-proxy
CID3838_GAAACCTGTGCTCTCT,23.32829,-0.4238732,6,T / NK,1.728483689433326,CID3838-sample-proxy
CID3838_GAGAAATGTTGGCTAT,21.665274,-0.20540945,6,T / NK,1.728483689433326,CID3838-sample-proxy
CID3838_GGGACAACACCTAAAC,23.14578,-0.5089849,6,T / NK,1.728483689433326,CID3838-sample-proxy
CID3838_GTTAGTGCACCACTGG,21.722164,-0.136087,6,T / NK,1.728483689433326,CID3838-sample-proxy
CID3838_GTTCTATAGCAGGTCA,23.619366,0.05009163,6,T / NK,1.728483689433326,CID3838-sample-proxy
CID3838_TCTACATGTTTCTATC,23.194736,-0.5321976,6,T / NK,1.728483689433326,CID3838-sample-proxy
CID3838_TGTCCACCACTACTTT,22.423588,-0.49319112,6,T / NK,1.728483689433326,CID3838-sample-proxy
CID3838_TGTCCCATCTCGAGTA,23.135273,0.07313888,6,T / NK,1.728483689433326,CID3838-sample-proxy
CID3838_AAACCCATCTTAGCTT,31.455627,3.8002934,9,Myeloid,1.6604254295783991,CID3838-sample-proxy
CID3838_AAAGGATTCTCCTGCA,32.641285,3.716437,9,Myeloid,1.6604254295783991,CID3838-sample-proxy
CID3838_AAAGGGCAGGATACGC,32.176083,4.048501,9,Myeloid,1.6604254295783991,CID3838-sample-proxy
CID3838_AAATGGATCAAGTGTC,31.860888,3.3556855,9,Myeloid,1.6604254295783991,CID3838-sample-proxy
CID3838_AACAAGAAGCGGGTAT,33.52317,4.0872188,9,Myeloid,1.6604254295783991,CID3838-sample-proxy
CID3838_AATTCCTCAGTCCCGA,33.124172,3.5972793,9,Myeloid,1.6604254295783991,CID3838-sample-proxy
CID3838_AATTCCTGTGTGAATA,32.318077,4.856491,9,Myeloid,1.6604254295783991,CID3838-sample-proxy
CID3838_ACCAACAGTAGTGCGA,30.910227,4.9659286,9,Myeloid,1.6604254295783991,CID3838-sample-proxy
CID3838_ACCTACCAGGCGTCCT,33.444855,3.503649,9,Myeloid,1.6604254295783991,CID3838-sample-proxy
CID3838_ACGGAAGGTGATGGCA,31.263748,3.8513904,9,Myeloid,1.6604254295783991,CID3838-sample-proxy
CID3838_ACGGTTAAGTGCTACT,33.698994,3.6521163,9,Myeloid,1.6604254295783991,CID3838-sample-proxy
CID3838_ACTTCGCCAGGTGTGA,32.73297,3.2403233,9,Myeloid,1.6604254295783991,CID3838-sample-proxy
CID3838_AGACACTTCTGGGCAC,31.60391,2.7682357,9,Myeloid,1.6604254295783991,CID3838-sample-proxy
CID3838_AGAGAATTCGTTCATT,32.760387,2.8939502,9,Myeloid,1.6604254295783991,CID3838-sample-proxy
CID3838_AGCGATTAGCTAATCC,32.679893,3.1611626,9,Myeloid,1.6604254295783991,CID3838-sample-proxy
CID3838_AGGACTTCAAACTCTG,33.73786,3.5093546,9,Myeloid,1.6604254295783991,CID3838-sample-proxy
CID3838_AGGATAATCTAAACGC,32.960487,2.6183174,9,Myeloid,1.6604254295783991,CID3838-sample-proxy
CID3838_AGGGCTCCATGAAGCG,32.839714,2.3889241,9,Myeloid,1.6604254295783991,CID3838-sample-proxy
CID3838_AGGTTGTTCGTTACCC,32.40422,4.0990863,9,Myeloid,1.6604254295783991,CID3838-sample-proxy
CID3838_AGTAGCTCACACAGCC,32.105602,2.6391578,9,Myeloid,1.6604254295783991,CID3838-sample-proxy
CID3838_ATCACGATCAACACGT,31.51466,6.511418,9,Myeloid,1.6604254295783991,CID3838-sample-proxy
CID3838_ATCGTGATCAGCGCAC,33.79338,3.63853,9,Myeloid,1.6604254295783991,CID3838-sample-proxy
CID3838_ATGAGTCTCCTTATCA,33.087032,2.4519777,9,Myeloid,1.6604254295783991,CID3838-sample-proxy
CID3838_ATGCATGCATAACGGG,33.35193,2.7083669,9,Myeloid,1.6604254295783991,CID3838-sample-proxy
CID3838_ATGGATCTCTCTATAC,30.660604,3.8678498,9,Myeloid,1.6604254295783991,CID3838-sample-proxy
CID3838_ATTTCTGGTGCCCTTT,31.799902,6.6072993,9,Myeloid,1.6604254295783991,CID3838-sample-proxy
CID3838_CAACGGCCACTCTAGA,33.715218,2.83811,9,Myeloid,1.6604254295783991,CID3838-sample-proxy
CID3838_CAAGCTAGTTCGGACC,31.074778,4.633144,9,Myeloid,1.6604254295783991,CID3838-sample-proxy
CID3838_CAAGCTATCCGAGAAG,31.092108,6.0138717,9,Myeloid,1.6604254295783991,CID3838-sample-proxy
CID3838_CACGAATCAGGTCCGT,32.20224,3.6299207,9,Myeloid,1.6604254295783991,CID3838-sample-proxy
CID3838_CACTGTCTCGTTCTGC,33.514164,2.7342865,9,Myeloid,1.6604254295783991,CID3838-sample-proxy
CID3838_CAGATACGTGGCTCTG,31.388414,4.686614,9,Myeloid,1.6604254295783991,CID3838-sample-proxy
CID3838_CAGATCACAGGGACTA,32.75549,2.568634,9,Myeloid,1.6604254295783991,CID3838-sample-proxy
CID3838_CAGTTCCGTTCGAACT,31.721252,6.135037,9,Myeloid,1.6604254295783991,CID3838-sample-proxy
CID3838_CAGTTCCTCCACGTCT,32.593094,3.6507955,9,Myeloid,1.6604254295783991,CID3838-sample-proxy
CID3838_CATCGGGTCGTCCTCA,31.668581,3.8761377,9,Myeloid,1.6604254295783991,CID3838-sample-proxy
CID3838_CATGCAATCGTAGTGT,31.467226,4.018402,9,Myeloid,1.6604254295783991,CID3838-sample-proxy
CID3838_CATGCCTCACTTCATT,31.94143,3.6665246,9,Myeloid,1.6604254295783991,CID3838-sample-proxy
CID3838_CCAAGCGGTGTACAGG,32.7848,4.845944,9,Myeloid,1.6604254295783991,CID3838-sample-proxy
CID3838_CCCTAACTCCTGCCAT,33.40933,3.1184442,9,Myeloid,1.6604254295783991,CID3838-sample-proxy
CID3838_CCCTCTCAGACGTCCC,33.08505,3.6838827,9,Myeloid,1.6604254295783991,CID3838-sample-proxy
CID3838_CCCTGATTCAGTCATG,32.415936,3.5408907,9,Myeloid,1.6604254295783991,CID3838-sample-proxy
CID3838_CCGGACACAGAAATTG,31.509628,3.9875083,9,Myeloid,1.6604254295783991,CID3838-sample-proxy
CID3838_CCGGTGAAGCCACTCG,30.925247,3.424373,9,Myeloid,1.6604254295783991,CID3838-sample-proxy
CID3838_CCGGTGAAGGAACGAA,33.876106,3.7523596,9,Myeloid,1.6604254295783991,CID3838-sample-proxy
CID3838_CCGTTCACAGAATGTA,32.326008,2.64614,9,Myeloid,1.6604254295783991,CID3838-sample-proxy
CID3838_CCTTTGGGTATGACAA,32.45436,3.9486325,9,Myeloid,1.6604254295783991,CID3838-sample-proxy
CID3838_CGGACACCAGCAAGAC,33.3673,4.1751046,9,Myeloid,1.6604254295783991,CID3838-sample-proxy
CID3838_CGGAGAATCGGCATAT,33.726753,2.9461043,9,Myeloid,1.6604254295783991,CID3838-sample-proxy
CID3838_CGTCCATCACCAGACC,30.756178,3.61279,9,Myeloid,1.6604254295783991,CID3838-sample-proxy
CID3838_CGTGATACAGCCATTA,32.196663,3.4537053,9,Myeloid,1.6604254295783991,CID3838-sample-proxy
CID3838_CGTTCTGAGGAAGTCC,33.7964,3.0084505,9,Myeloid,1.6604254295783991,CID3838-sample-proxy
CID3838_CTACCCAGTCTAGGTT,32.45874,3.1202185,9,Myeloid,1.6604254295783991,CID3838-sample-proxy
CID3838_CTATAGGCAAAGGGCT,31.793459,3.1909971,9,Myeloid,1.6604254295783991,CID3838-sample-proxy
CID3838_CTCAGTCAGCACCGAA,32.592384,2.6134188,9,Myeloid,1.6604254295783991,CID3838-sample-proxy
CID3838_CTCATGCAGCTTGTTG,31.45165,2.8671572,9,Myeloid,1.6604254295783991,CID3838-sample-proxy
CID3838_CTCCAACAGGAACGTC,31.454556,6.5348682,9,Myeloid,1.6604254295783991,CID3838-sample-proxy
CID3838_CTCCCTCTCTCAAAGC,31.985943,2.377025,9,Myeloid,1.6604254295783991,CID3838-sample-proxy
CID3838_CTCTGGTAGTGTCATC,33.889336,3.4206479,9,Myeloid,1.6604254295783991,CID3838-sample-proxy
CID3838_CTGCAGGTCTACAGGT,32.428288,5.140273,9,Myeloid,1.6604254295783991,CID3838-sample-proxy
CID3838_CTGCCATAGGTGGGTT,33.706676,3.8035688,9,Myeloid,1.6604254295783991,CID3838-sample-proxy
CID3838_CTGGCAGGTAGTGGCA,31.45812,4.484886,9,Myeloid,1.6604254295783991,CID3838-sample-proxy
CID3838_CTGTACCGTCGTTGCG,32.346226,3.2896047,9,Myeloid,1.6604254295783991,CID3838-sample-proxy
CID3838_CTGTGAAGTACCCGAC,33.61038,3.9164999,9,Myeloid,1.6604254295783991,CID3838-sample-proxy
CID3838_CTGTGAATCCTCGATC,33.838245,3.8047667,9,Myeloid,1.6604254295783991,CID3838-sample-proxy
CID3838_CTTCAATGTACGGGAT,32.56122,4.3657203,9,Myeloid,1.6604254295783991,CID3838-sample-proxy
CID3838_CTTCGGTAGGATGAGA,31.975739,4.876508,9,Myeloid,1.6604254295783991,CID3838-sample-proxy
CID3838_GACTTCCTCGATGGAG,31.110535,6.321275,9,Myeloid,1.6604254295783991,CID3838-sample-proxy
CID3838_GAGGGATAGAGTAACT,32.482666,2.3954902,9,Myeloid,1.6604254295783991,CID3838-sample-proxy
CID3838_GAGTCATTCAGCGGAA,33.60616,3.403522,9,Myeloid,1.6604254295783991,CID3838-sample-proxy
CID3838_GATCCCTCAACCGACC,33.39545,4.1463375,9,Myeloid,1.6604254295783991,CID3838-sample-proxy
CID3838_GATGACTCAGGGTCTC,33.626152,4.284821,9,Myeloid,1.6604254295783991,CID3838-sample-proxy
CID3838_GATTGGTGTCTAGGTT,33.30019,3.3673153,9,Myeloid,1.6604254295783991,CID3838-sample-proxy
CID3838_GATTGGTTCAAGGACG,32.07276,2.9692202,9,Myeloid,1.6604254295783991,CID3838-sample-proxy
CID3838_GCACGTGCAATTGTGC,31.091457,5.480256,9,Myeloid,1.6604254295783991,CID3838-sample-proxy
CID3838_GCATGATTCAAGCCCG,33.47522,2.6547072,9,Myeloid,1.6604254295783991,CID3838-sample-proxy
CID3838_GCCAGCACAATAAGGT,32.765087,3.890555,9,Myeloid,1.6604254295783991,CID3838-sample-proxy
CID3838_GCCAGTGGTATCAGGG,31.828697,2.7196999,9,Myeloid,1.6604254295783991,CID3838-sample-proxy
CID3838_GCCCAGACACTGGACC,31.553322,3.5286815,9,Myeloid,1.6604254295783991,CID3838-sample-proxy
CID3838_GCCCGAAAGTATGACA,30.730505,5.1879344,9,Myeloid,1.6604254295783991,CID3838-sample-proxy
CID3838_GGAATCTGTTCCTAGA,32.825607,4.199039,9,Myeloid,1.6604254295783991,CID3838-sample-proxy
CID3838_GGAATCTTCGATCCAA,33.679,3.3530555,9,Myeloid,1.6604254295783991,CID3838-sample-proxy
CID3838_GGACGTCGTCAGGTAG,32.94086,4.7608976,9,Myeloid,1.6604254295783991,CID3838-sample-proxy
CID3838_GGAGATGAGCTGGTGA,31.991043,4.064276,9,Myeloid,1.6604254295783991,CID3838-sample-proxy
CID3838_GGGACCTTCATCGCTC,33.259453,4.5566673,9,Myeloid,1.6604254295783991,CID3838-sample-proxy
CID3838_GGTAACTCATTATGCG,31.306414,4.2105656,9,Myeloid,1.6604254295783991,CID3838-sample-proxy
CID3838_GGTCTGGTCTGCATAG,33.480125,3.1793005,9,Myeloid,1.6604254295783991,CID3838-sample-proxy
CID3838_GGTGTTAAGCCTCTTC,33.645256,3.0875704,9,Myeloid,1.6604254295783991,CID3838-sample-proxy
CID3838_GTACAACAGCTCTGTA,31.631273,6.3260937,9,Myeloid,1.6604254295783991,CID3838-sample-proxy
CID3838_GTACAGTTCGAACGCC,31.855904,4.650137,9,Myeloid,1.6604254295783991,CID3838-sample-proxy
CID3838_GTCAAGTTCACTTGGA,33.358128,3.9950538,9,Myeloid,1.6604254295783991,CID3838-sample-proxy
CID3838_GTCATTTTCCTAGCCT,33.989944,3.7061837,9,Myeloid,1.6604254295783991,CID3838-sample-proxy
CID3838_GTGATGTCATCGGATT,33.00894,3.9211764,9,Myeloid,1.6604254295783991,CID3838-sample-proxy
CID3838_GTGGCGTAGGTTACAA,33.58703,3.5093112,9,Myeloid,1.6604254295783991,CID3838-sample-proxy
CID3838_GTTCGCTAGGCAGGTT,31.356335,3.8471055,9,Myeloid,1.6604254295783991,CID3838-sample-proxy
CID3838_GTTCGCTAGTAACAGT,32.355362,3.1018403,9,Myeloid,1.6604254295783991,CID3838-sample-proxy
CID3838_GTTGTAGGTCGCATGC,32.713062,3.6696684,9,Myeloid,1.6604254295783991,CID3838-sample-proxy
CID3838_TAACACGCATTCGATG,31.798468,4.7381463,9,Myeloid,1.6604254295783991,CID3838-sample-proxy
CID3838_TAACGACCAGCATGCC,32.635582,2.3134272,9,Myeloid,1.6604254295783991,CID3838-sample-proxy
CID3838_TAAGCACTCTATTCGT,31.86426,5.4788795,9,Myeloid,1.6604254295783991,CID3838-sample-proxy
CID3838_TAAGCCAGTCTGCCTT,30.955421,4.312511,9,Myeloid,1.6604254295783991,CID3838-sample-proxy
CID3838_TACAACGAGTCCTGCG,31.737444,3.850282,9,Myeloid,1.6604254295783991,CID3838-sample-proxy
CID3838_TACCCGTAGCGAGAAA,33.544666,3.0507145,9,Myeloid,1.6604254295783991,CID3838-sample-proxy
CID3838_TACCTCGCATGACTGT,32.187897,3.14428,9,Myeloid,1.6604254295783991,CID3838-sample-proxy
CID3838_TACTGCCTCACTAGCA,32.538353,4.089586,9,Myeloid,1.6604254295783991,CID3838-sample-proxy
CID3838_TCAAGTGCATTAGGAA,32.440727,4.9391437,9,Myeloid,1.6604254295783991,CID3838-sample-proxy
CID3838_TCAGCAAAGATGTTAG,33.249096,2.5801806,9,Myeloid,1.6604254295783991,CID3838-sample-proxy
CID3838_TCAGCAATCGATGCTA,31.520931,3.5920603,9,Myeloid,1.6604254295783991,CID3838-sample-proxy
CID3838_TCATACTAGGCCTAGA,31.115755,2.8893,9,Myeloid,1.6604254295783991,CID3838-sample-proxy
CID3838_TCATACTTCTGTAAGC,32.878956,3.010988,9,Myeloid,1.6604254295783991,CID3838-sample-proxy
CID3838_TCATCATAGACCAAAT,31.923903,3.9992073,9,Myeloid,1.6604254295783991,CID3838-sample-proxy
CID3838_TCATCATCAAATACAG,33.314804,4.436319,9,Myeloid,1.6604254295783991,CID3838-sample-proxy
CID3838_TCCACGTAGACAACAT,32.646187,2.7016692,9,Myeloid,1.6604254295783991,CID3838-sample-proxy
CID3838_TCCATCGAGTTCACTG,33.786125,3.2002864,9,Myeloid,1.6604254295783991,CID3838-sample-proxy
CID3838_TCCGAAACATCGTTCC,31.832333,6.1570315,9,Myeloid,1.6604254295783991,CID3838-sample-proxy
CID3838_TCCGATCTCCGTATGA,33.565235,4.3941536,9,Myeloid,1.6604254295783991,CID3838-sample-proxy
CID3838_TCGACCTAGCAAGTCG,30.722906,5.2805357,9,Myeloid,1.6604254295783991,CID3838-sample-proxy
CID3838_TCGCTCAGTTCCTAGA,32.110435,4.421989,9,Myeloid,1.6604254295783991,CID3838-sample-proxy
CID3838_TCGGGCACAAGGATGC,32.348965,2.6524854,9,Myeloid,1.6604254295783991,CID3838-sample-proxy
CID3838_TCGTAGAAGTAGACCG,32.67411,3.9390137,9,Myeloid,1.6604254295783991,CID3838-sample-proxy
CID3838_TCGTGCTTCCGCGAGT,31.35184,6.1258245,9,Myeloid,1.6604254295783991,CID3838-sample-proxy
CID3838_TCTCAGCAGTATGACA,32.60444,2.399783,9,Myeloid,1.6604254295783991,CID3838-sample-proxy
CID3838_TCTCCGACATCCTCAC,32.46476,2.5607376,9,Myeloid,1.6604254295783991,CID3838-sample-proxy
CID3838_TGACCCTCATCGGAGA,33.628975,3.8882246,9,Myeloid,1.6604254295783991,CID3838-sample-proxy
CID3838_TGAGGTTTCCCATGGG,31.587084,4.183009,9,Myeloid,1.6604254295783991,CID3838-sample-proxy
CID3838_TGATTTCGTTTACACG,32.444675,2.38393,9,Myeloid,1.6604254295783991,CID3838-sample-proxy
CID3838_TGCTCCACAGCTTTCC,33.395237,2.7727518,9,Myeloid,1.6604254295783991,CID3838-sample-proxy
CID3838_TGCTCCATCTCGGTCT,33.392014,2.8038905,9,Myeloid,1.6604254295783991,CID3838-sample-proxy
CID3838_TGCTGAAGTTCTCGTC,33.263115,4.396161,9,Myeloid,1.6604254295783991,CID3838-sample-proxy
CID3838_TGCTTGCCATAACAGA,32.405766,3.4847386,9,Myeloid,1.6604254295783991,CID3838-sample-proxy
CID3838_TGGGATTTCATTACGG,31.450804,4.9761424,9,Myeloid,1.6604254295783991,CID3838-sample-proxy
CID3838_TGTCCCAGTATGTCCA,31.599348,6.374399,9,Myeloid,1.6604254295783991,CID3838-sample-proxy
CID3838_TGTGATGTCAAAGCCT,32.168613,2.5032759,9,Myeloid,1.6604254295783991,CID3838-sample-proxy
CID3838_TGTGTGATCGCCTTTG,32.259888,4.97692,9,Myeloid,1.6604254295783991,CID3838-sample-proxy
CID3838_TTACGTTTCACCTTGC,32.244392,2.4663644,9,Myeloid,1.6604254295783991,CID3838-sample-proxy
CID3838_TTCTCTCGTACGCTTA,31.938263,3.254757,9,Myeloid,1.6604254295783991,CID3838-sample-proxy
CID3838_TTGAACGAGTAACGTA,32.099075,4.4695525,9,Myeloid,1.6604254295783991,CID3838-sample-proxy
CID3838_TTGTGGACATGAAAGT,32.373947,2.416676,9,Myeloid,1.6604254295783991,CID3838-sample-proxy
CID3838_TTGTTCACACATATGC,30.217134,5.6539536,9,Myeloid,1.6604254295783991,CID3838-sample-proxy
CID3838_TTGTTCATCGCACGGT,33.011395,2.4657774,9,Myeloid,1.6604254295783991,CID3838-sample-proxy
CID3838_TTTACGTAGATTGATG,31.485529,5.6712914,9,Myeloid,1.6604254295783991,CID3838-sample-proxy
CID3838_TTTACGTTCGATACGT,32.33713,4.523423,9,Myeloid,1.6604254295783991,CID3838-sample-proxy
CID3838_TTTCACATCACTTGTT,31.511074,6.518056,9,Myeloid,1.6604254295783991,CID3838-sample-proxy
CID3838_TTTCACATCTCAATCT,31.097801,3.64116,9,Myeloid,1.6604254295783991,CID3838-sample-proxy
CID3838_ATGGGAGCATTGACTG,30.25687,3.636074,9,Myeloid,1.6604254295783991,CID3838-sample-proxy
CID3838_CCACGTTTCCGTCACT,30.532011,4.2179227,9,Myeloid,1.6604254295783991,CID3838-sample-proxy
CID3838_GTAGAAATCTCAACCC,31.069775,3.5752535,9,Myeloid,1.6604254295783991,CID3838-sample-proxy
CID3838_TACACCCAGGATCATA,30.893955,3.3499916,9,Myeloid,1.6604254295783991,CID3838-sample-proxy
CID3838_TCTCAGCAGTAGCCAG,30.834116,3.444414,9,Myeloid,1.6604254295783991,CID3838-sample-proxy
CID3838_AACGAAAGTCCTGTCT,30.5884,6.129344,9,Myeloid,1.6604254295783991,CID3838-sample-proxy
CID3838_ACATGCAAGCTCGACC,32.362656,3.8510191,9,Myeloid,1.6604254295783991,CID3838-sample-proxy
CID3838_ACGTAGTTCCAAACCA,32.655903,4.6261168,9,Myeloid,1.6604254295783991,CID3838-sample-proxy
CID3838_CATACAGCAGTCACGC,31.65454,6.091612,9,Myeloid,1.6604254295783991,CID3838-sample-proxy
CID3838_CATCCACGTTTGGGAG,30.908972,4.262289,9,Myeloid,1.6604254295783991,CID3838-sample-proxy
CID3838_GAAGCCCCACTTCAAG,31.505093,6.7798553,9,Myeloid,1.6604254295783991,CID3838-sample-proxy
CID3838_GAGCCTGAGCTGTGCC,32.225407,5.0743866,9,Myeloid,1.6604254295783991,CID3838-sample-proxy
CID3838_GTCAAACTCTTACGGA,32.211254,3.4142659,9,Myeloid,1.6604254295783991,CID3838-sample-proxy
CID3838_TGTCCACAGCTACGTT,31.017622,5.329163,9,Myeloid,1.6604254295783991,CID3838-sample-proxy
CID3838_TTCATGTGTCCCTCAT,30.35096,5.389077,9,Myeloid,1.6604254295783991,CID3838-sample-proxy
CID3838_GCCAACGCACGCAAAG,29.973347,5.3828707,9,Myeloid,1.6604254295783991,CID3838-sample-proxy
CID3838_CGAGGCTGTGATCGTT,31.607874,4.883344,9,Myeloid,1.6604254295783991,CID3838-sample-proxy
CID3838_GGAATGGAGGATTTGA,31.136654,3.499671,9,Myeloid,1.6604254295783991,CID3838-sample-proxy
CID3838_ACCCTTGGTCGGATTT,30.563662,3.8068645,9,Myeloid,1.6604254295783991,CID3838-sample-proxy
CID3838_CAATGACGTGGTGATG,31.576721,4.7079782,9,Myeloid,1.6604254295783991,CID3838-sample-proxy
CID3838_CATAAGCGTCGTCTCT,32.313812,4.4389052,9,Myeloid,1.6604254295783991,CID3838-sample-proxy
CID3838_CGGGACTAGTTACGTC,32.347843,3.6940165,9,Myeloid,1.6604254295783991,CID3838-sample-proxy
CID3838_CTTAGGAGTATACAGA,31.43654,3.8412323,9,Myeloid,1.6604254295783991,CID3838-sample-proxy
CID3838_GATCGTACACGCGTCA,30.867874,4.224321,9,Myeloid,1.6604254295783991,CID3838-sample-proxy
CID3838_TCGGTCTAGCGCTTCG,29.64339,5.5602875,9,Myeloid,1.6604254295783991,CID3838-sample-proxy
CID3838_TGCGACGGTGCTATTG,31.472696,4.0546875,9,Myeloid,1.6604254295783991,CID3838-sample-proxy
CID3838_TGGATGTAGTTCCAGT,31.460768,4.286607,9,Myeloid,1.6604254295783991,CID3838-sample-proxy
CID3838_TTGTGGAGTTCAGGTT,31.007269,5.5443745,9,Myeloid,1.6604254295783991,CID3838-sample-proxy
CID3838_ACAGGGATCCAAGCCG,30.47746,2.8508787,9,Myeloid,1.6604254295783991,CID3838-sample-proxy
CID3838_ACATCCCTCAGCGCGT,30.106367,5.0649834,9,Myeloid,1.6604254295783991,CID3838-sample-proxy
CID3838_AGGTGTTTCCATTTAC,30.62279,3.5373268,9,Myeloid,1.6604254295783991,CID3838-sample-proxy
CID3838_ATACCGACATAGATGA,30.007158,3.7223692,9,Myeloid,1.6604254295783991,CID3838-sample-proxy
CID3838_ATAGACCCACATACTG,32.008858,3.1461716,9,Myeloid,1.6604254295783991,CID3838-sample-proxy
CID3838_ATCGTAGCAGCAGAAC,30.387321,4.2216144,9,Myeloid,1.6604254295783991,CID3838-sample-proxy
CID3838_CAGCGTGTCGCATAGT,31.805405,2.559263,9,Myeloid,1.6604254295783991,CID3838-sample-proxy
CID3838_CGACAGCAGCGCTGAA,30.333712,3.7014668,9,Myeloid,1.6604254295783991,CID3838-sample-proxy
CID3838_CGGCAGTTCCTAAGTG,31.966955,3.1922646,9,Myeloid,1.6604254295783991,CID3838-sample-proxy
CID3838_CTCCGATAGCCTAACT,29.714281,5.051019,9,Myeloid,1.6604254295783991,CID3838-sample-proxy
CID3838_CTTTCGGAGGGCTGAT,30.11564,3.165769,9,Myeloid,1.6604254295783991,CID3838-sample-proxy
CID3838_CTTTCGGTCCATCTCG,29.573689,3.4131424,9,Myeloid,1.6604254295783991,CID3838-sample-proxy
CID3838_GAACACTGTGCCTTTC,30.07837,2.9955256,9,Myeloid,1.6604254295783991,CID3838-sample-proxy
CID3838_GCCAGTGCAAGTGATA,29.758257,3.8855953,9,Myeloid,1.6604254295783991,CID3838-sample-proxy
CID3838_GCGGAAACAGCAGTAG,30.79754,3.149624,9,Myeloid,1.6604254295783991,CID3838-sample-proxy
CID3838_GTCATTTCACGACAGA,31.277546,3.868815,9,Myeloid,1.6604254295783991,CID3838-sample-proxy
CID3838_TAACTTCAGTTTGGCT,30.242554,3.2091992,9,Myeloid,1.6604254295783991,CID3838-sample-proxy
CID3838_TACCGGGGTCAGACTT,29.987226,3.712023,9,Myeloid,1.6604254295783991,CID3838-sample-proxy
CID3838_TATCTGTAGACCATGG,30.085556,5.2820053,9,Myeloid,1.6604254295783991,CID3838-sample-proxy
CID3838_TCCTCCCCAGCATCTA,30.437939,5.1492944,9,Myeloid,1.6604254295783991,CID3838-sample-proxy
CID3838_TCGCACTAGCTGTCCG,29.736952,5.1506786,9,Myeloid,1.6604254295783991,CID3838-sample-proxy
CID3838_TCTCAGCTCCTGGGAC,31.745508,2.4787195,9,Myeloid,1.6604254295783991,CID3838-sample-proxy
CID3838_TGCTCCAAGAGTGGCT,30.429586,3.497789,9,Myeloid,1.6604254295783991,CID3838-sample-proxy
CID3838_TGTAAGCTCCTCAGAA,30.55863,4.9331326,9,Myeloid,1.6604254295783991,CID3838-sample-proxy
CID3838_TGTGGCGTCTACGCGG,30.148376,3.9402673,9,Myeloid,1.6604254295783991,CID3838-sample-proxy
CID3838_TTAGGGTTCTGTTGGA,30.234861,5.3464203,9,Myeloid,1.6604254295783991,CID3838-sample-proxy
CID3838_TGAATCGGTCGCGTCA,29.729145,3.2067494,9,Myeloid,1.6604254295783991,CID3838-sample-proxy
CID3838_CAACAGTGTATCGATC,29.650143,6.2894177,9,Myeloid,1.6604254295783991,CID3838-sample-proxy
CID3838_TCACACCTCTGGGCAC,29.730488,6.279993,9,Myeloid,1.6604254295783991,CID3838-sample-proxy
CID3838_CTGTCGTGTGCCTAAT,30.098845,5.89727,9,Myeloid,1.6604254295783991,CID3838-sample-proxy
CID3838_AGGAAATGTGGCACTC,31.30971,5.302243,9,Myeloid,1.6604254295783991,CID3838-sample-proxy
CID3838_ATACCGATCAAATGCC,33.374237,3.3809478,9,Myeloid,1.6604254295783991,CID3838-sample-proxy
CID3838_ATGAAAGGTGGAACCA,32.1338,5.146832,9,Myeloid,1.6604254295783991,CID3838-sample-proxy
CID3838_CAGCAATCACGGTAGA,31.93839,4.158952,9,Myeloid,1.6604254295783991,CID3838-sample-proxy
CID3838_CAGCCAGAGGCCCGTT,32.906937,4.36542,9,Myeloid,1.6604254295783991,CID3838-sample-proxy
CID3838_CCCAACTAGACCAGAC,31.056437,4.91129,9,Myeloid,1.6604254295783991,CID3838-sample-proxy
CID3838_CGCCAGAAGTTTGAGA,31.112774,6.7652087,9,Myeloid,1.6604254295783991,CID3838-sample-proxy
CID3838_CTAGGTACAGCGACAA,31.509352,6.1628118,9,Myeloid,1.6604254295783991,CID3838-sample-proxy
CID3838_CTCAGAACAGGTTACT,31.809645,6.067246,9,Myeloid,1.6604254295783991,CID3838-sample-proxy
CID3838_CTTAGGATCTAACGCA,32.65814,4.5319986,9,Myeloid,1.6604254295783991,CID3838-sample-proxy
CID3838_CTTCCGATCATCTGTT,31.754883,5.7296877,9,Myeloid,1.6604254295783991,CID3838-sample-proxy
CID3838_GATTCTTCATGCCATA,31.584698,6.1032667,9,Myeloid,1.6604254295783991,CID3838-sample-proxy
CID3838_GCAGGCTAGGCTCTAT,31.800455,4.09943,9,Myeloid,1.6604254295783991,CID3838-sample-proxy
CID3838_GCTACAAGTGGATACG,30.686258,4.3582997,9,Myeloid,1.6604254295783991,CID3838-sample-proxy
CID3838_GGAATGGGTGACCGAA,31.090239,4.765698,9,Myeloid,1.6604254295783991,CID3838-sample-proxy
CID3838_GTAGAAACATTGCTGA,31.762281,5.3973765,9,Myeloid,1.6604254295783991,CID3838-sample-proxy
CID3838_GTTCGCTAGATCGCCC,31.130726,4.2444544,9,Myeloid,1.6604254295783991,CID3838-sample-proxy
CID3838_TAGGTACGTTTCACAG,30.40607,6.8496175,9,Myeloid,1.6604254295783991,CID3838-sample-proxy
CID3838_TCCATCGTCTGAGGTT,31.716301,5.0222325,9,Myeloid,1.6604254295783991,CID3838-sample-proxy
CID3838_TGAGCATGTCAGCGTC,32.779667,4.6444416,9,Myeloid,1.6604254295783991,CID3838-sample-proxy
CID3838_TGGATGTAGGTGCATG,30.99461,4.9669604,9,Myeloid,1.6604254295783991,CID3838-sample-proxy
CID3838_TGGGAAGAGCCTGGAA,31.20263,4.7744455,9,Myeloid,1.6604254295783991,CID3838-sample-proxy
CID3838_TGTGGCGAGCACCGAA,33.046066,4.6330237,9,Myeloid,1.6604254295783991,CID3838-sample-proxy
CID3838_ATCCTATCAACGTATC,29.625175,5.41367,9,Myeloid,1.6604254295783991,CID3838-sample-proxy
CID3838_CATCGTCGTTGCACGC,30.497482,5.2692924,9,Myeloid,1.6604254295783991,CID3838-sample-proxy
CID3838_CGCAGGTTCCTGTACC,30.4901,4.224181,9,Myeloid,1.6604254295783991,CID3838-sample-proxy
CID3838_TTTGATCTCGATTGAC,30.266518,5.966211,9,Myeloid,1.6604254295783991,CID3838-sample-proxy
CID3838_CTCAAGAGTCACTCGG,31.33852,6.6620545,9,Myeloid,1.6604254295783991,CID3838-sample-proxy
CID3838_GTGATGTCACAAGCAG,31.380512,5.0767703,9,Myeloid,1.6604254295783991,CID3838-sample-proxy
CID3838_AGGATAAGTAAGGCCA,31.614882,6.6364894,9,Myeloid,1.6604254295783991,CID3838-sample-proxy
CID3838_ATCGTAGAGCGTCAAG,31.82369,6.0655484,9,Myeloid,1.6604254295783991,CID3838-sample-proxy
CID3838_CCATAAGGTCTCGGAC,30.510988,6.337427,9,Myeloid,1.6604254295783991,CID3838-sample-proxy
CID3838_GGACGTCTCCCAGGCA,31.916418,6.3074794,9,Myeloid,1.6604254295783991,CID3838-sample-proxy
CID3838_TAAGCACCATTCCTCG,29.903238,5.5578322,9,Myeloid,1.6604254295783991,CID3838-sample-proxy
CID3838_TCATATCAGGAGCTGT,31.963047,6.2307105,9,Myeloid,1.6604254295783991,CID3838-sample-proxy
CID3838_TCCTCCCCATCTTTCA,31.904354,6.507942,9,Myeloid,1.6604254295783991,CID3838-sample-proxy
CID3838_ATGGAGGCACTTGAAC,30.422657,4.932222,9,Myeloid,1.6604254295783991,CID3838-sample-proxy
CID3838_TCGTAGAAGAGGTGCT,29.872166,5.2358575,9,Myeloid,1.6604254295783991,CID3838-sample-proxy
CID3838_CTGTATTCATTGAAAG,31.577534,5.7668204,9,Myeloid,1.6604254295783991,CID3838-sample-proxy
CID3838_TACGTCCTCTACTTCA,30.65519,4.7923636,9,Myeloid,1.6604254295783991,CID3838-sample-proxy
CID3838_ACCAACAGTCCTACGG,30.967144,5.2507777,9,Myeloid,1.6604254295783991,CID3838-sample-proxy
CID3838_AGCGCCACAACCCTAA,29.98919,6.1680207,9,Myeloid,1.6604254295783991,CID3838-sample-proxy
CID3838_ATAGACCCATCTCATT,31.411604,6.277175,9,Myeloid,1.6604254295783991,CID3838-sample-proxy
CID3838_CGAGAAGTCAGCAGAG,30.64367,6.6430707,9,Myeloid,1.6604254295783991,CID3838-sample-proxy
CID3838_GTAGTACAGACTCTTG,30.683668,6.2226915,9,Myeloid,1.6604254295783991,CID3838-sample-proxy
CID3838_GTGTTCCAGCAGTACG,31.076523,4.8643174,9,Myeloid,1.6604254295783991,CID3838-sample-proxy
CID3838_TGGAGAGTCATTGAGC,30.962025,6.7950106,9,Myeloid,1.6604254295783991,CID3838-sample-proxy
CID3838_TTGGTTTCAAGAAATC,31.737534,6.589718,9,Myeloid,1.6604254295783991,CID3838-sample-proxy
CID3838_AACCTGAAGCCTGGAA,30.644718,5.4110265,9,Myeloid,1.6604254295783991,CID3838-sample-proxy
CID3838_AACGTCATCTTTGATC,30.42031,4.797826,9,Myeloid,1.6604254295783991,CID3838-sample-proxy
CID3838_AAGCCATGTTTCGTAG,30.673294,6.6572757,9,Myeloid,1.6604254295783991,CID3838-sample-proxy
CID3838_AAGGAATTCTACTGAG,31.910934,3.9196525,9,Myeloid,1.6604254295783991,CID3838-sample-proxy
CID3838_ACAACCACACGACGTC,30.401176,5.800015,9,Myeloid,1.6604254295783991,CID3838-sample-proxy
CID3838_ACACTGATCAGCGTCG,30.93407,6.4327307,9,Myeloid,1.6604254295783991,CID3838-sample-proxy
CID3838_ACGGAAGAGGCGAAGG,30.703726,4.8978963,9,Myeloid,1.6604254295783991,CID3838-sample-proxy
CID3838_ATCCATTCACTAGGTT,30.27688,5.428264,9,Myeloid,1.6604254295783991,CID3838-sample-proxy
CID3838_ATCCGTCCAGAGATTA,30.137602,5.587568,9,Myeloid,1.6604254295783991,CID3838-sample-proxy
CID3838_ATCGTGACATTATGCG,30.279263,5.6045966,9,Myeloid,1.6604254295783991,CID3838-sample-proxy
CID3838_CCAAGCGCAATTCTTC,30.262714,6.036062,9,Myeloid,1.6604254295783991,CID3838-sample-proxy
CID3838_CCACACTAGTGGTGAC,30.833204,4.823175,9,Myeloid,1.6604254295783991,CID3838-sample-proxy
CID3838_CCCGGAAAGTGAGGCT,30.87492,5.5979576,9,Myeloid,1.6604254295783991,CID3838-sample-proxy
CID3838_CCCTAACCACCTGCTT,30.53397,4.6227508,9,Myeloid,1.6604254295783991,CID3838-sample-proxy
CID3838_CCCTCAACAGCTAACT,30.27016,5.893227,9,Myeloid,1.6604254295783991,CID3838-sample-proxy
CID3838_CCGTGAGTCCGAACGC,30.03316,6.015496,9,Myeloid,1.6604254295783991,CID3838-sample-proxy
CID3838_CCGTTCAGTATGCGTT,31.145237,6.1827517,9,Myeloid,1.6604254295783991,CID3838-sample-proxy
CID3838_CCTCATGGTCGAAACG,30.138222,5.990295,9,Myeloid,1.6604254295783991,CID3838-sample-proxy
CID3838_CGAAGGATCTAGTTCT,31.562622,5.379264,9,Myeloid,1.6604254295783991,CID3838-sample-proxy
CID3838_CGCATAACAGCTACAT,30.601482,5.804889,9,Myeloid,1.6604254295783991,CID3838-sample-proxy
CID3838_CGCCAGACAGATCATC,30.365578,5.52667,9,Myeloid,1.6604254295783991,CID3838-sample-proxy
CID3838_CTCCGATAGCCGCTTG,29.53373,5.78634,9,Myeloid,1.6604254295783991,CID3838-sample-proxy
CID3838_CTGATCCTCTGGGCAC,31.045277,5.640472,9,Myeloid,1.6604254295783991,CID3838-sample-proxy
CID3838_GAATCACTCCAACCGG,31.854818,3.6629624,9,Myeloid,1.6604254295783991,CID3838-sample-proxy
CID3838_GTAACACTCGTCGACG,30.377796,5.5094514,9,Myeloid,1.6604254295783991,CID3838-sample-proxy
CID3838_GTCCTCATCCTAAGTG,31.037283,4.373161,9,Myeloid,1.6604254295783991,CID3838-sample-proxy
CID3838_GTGCTGGCATAACAGA,31.304308,5.478207,9,Myeloid,1.6604254295783991,CID3838-sample-proxy
CID3838_TACCCACCATTGAGGG,30.416258,5.6778984,9,Myeloid,1.6604254295783991,CID3838-sample-proxy
CID3838_TCGTAGATCCATTTCA,31.470621,5.42159,9,Myeloid,1.6604254295783991,CID3838-sample-proxy
CID3838_TGCTTGCAGCAACAAT,32.041214,2.8597896,9,Myeloid,1.6604254295783991,CID3838-sample-proxy
CID3838_TGGTACAAGGCACAAC,29.633312,5.6940713,9,Myeloid,1.6604254295783991,CID3838-sample-proxy
CID3838_TTCACCGTCCGATGCG,29.696587,5.9793763,9,Myeloid,1.6604254295783991,CID3838-sample-proxy
CID3838_TTCACGCAGACGGTTG,30.426052,4.830127,9,Myeloid,1.6604254295783991,CID3838-sample-proxy
CID3838_TTCTTGACAAATTAGG,30.74859,5.300051,9,Myeloid,1.6604254295783991,CID3838-sample-proxy
CID3838_TTGGGATCAGCCTTCT,30.810186,5.2779307,9,Myeloid,1.6604254295783991,CID3838-sample-proxy
CID3838_TTGGTTTGTTGTATGC,29.97861,6.6555834,9,Myeloid,1.6604254295783991,CID3838-sample-proxy
CID3838_AGGAGGTTCCGATCTC,30.039198,6.7865767,9,Myeloid,1.6604254295783991,CID3838-sample-proxy
CID3838_AGTAACCTCCCTAGGG,29.792116,6.111051,9,Myeloid,1.6604254295783991,CID3838-sample-proxy
CID3838_CAGCACGTCGGTGTAT,30.419058,6.2458315,9,Myeloid,1.6604254295783991,CID3838-sample-proxy
CID3838_CTCATTATCGCCAGAC,29.952492,6.206243,9,Myeloid,1.6604254295783991,CID3838-sample-proxy
CID3838_GTAACCAGTCCGGTCA,29.677742,6.372488,9,Myeloid,1.6604254295783991,CID3838-sample-proxy
CID3838_GTTACAGTCTCACCCA,30.186487,6.743031,9,Myeloid,1.6604254295783991,CID3838-sample-proxy
CID3838_TTCCGTGTCATTCGTT,29.654505,6.1341844,9,Myeloid,1.6604254295783991,CID3838-sample-proxy
CID3838_TTCCTAAGTTAGGGTG,29.547047,5.749746,9,Myeloid,1.6604254295783991,CID3838-sample-proxy
CID3838_ATGGGTTTCGAGCCAC,31.475725,6.6567717,9,Myeloid,1.6604254295783991,CID3838-sample-proxy
CID3838_ATTCTACAGCTTAGTC,29.526442,5.4298043,9,Myeloid,1.6604254295783991,CID3838-sample-proxy
CID3838_CACGGGTGTCACAATC,31.785498,5.8912187,9,Myeloid,1.6604254295783991,CID3838-sample-proxy
CID3838_CGTGCTTCATGACTTG,29.731924,6.4242826,9,Myeloid,1.6604254295783991,CID3838-sample-proxy
CID3838_GAATCACCAGCTGTAT,30.57883,5.972841,9,Myeloid,1.6604254295783991,CID3838-sample-proxy
CID3838_GCAGGCTCACTGCGTG,30.07195,6.562492,9,Myeloid,1.6604254295783991,CID3838-sample-proxy
CID3838_GCGAGAACAAACTGCT,29.58953,5.808127,9,Myeloid,1.6604254295783991,CID3838-sample-proxy
CID3838_GGGTTTAGTCGGAAAC,30.197468,6.550514,9,Myeloid,1.6604254295783991,CID3838-sample-proxy
CID3838_GTTGCGGTCACGGACC,30.274591,6.534796,9,Myeloid,1.6604254295783991,CID3838-sample-proxy
CID3838_TTGTTCAGTGTTACTG,30.812998,6.840456,9,Myeloid,1.6604254295783991,CID3838-sample-proxy
CID3838_TAACACGTCAAGAGGC,29.980211,5.4076967,9,Myeloid,1.6604254295783991,CID3838-sample-proxy
CID3838_TCGATTTAGACCAGCA,30.9882,4.518547,9,Myeloid,1.6604254295783991,CID3838-sample-proxy
CID3838_ACTTCCGGTTGCTTGA,30.071321,3.186085,9,Myeloid,1.6604254295783991,CID3838-sample-proxy
CID3838_AGCGTATTCCCAGGAC,30.960585,2.6973276,9,Myeloid,1.6604254295783991,CID3838-sample-proxy
CID3838_ATACCTTAGTTCGCAT,30.55124,3.216104,9,Myeloid,1.6604254295783991,CID3838-sample-proxy
CID3838_ATTGTTCCATTGACTG,29.961355,3.5052547,9,Myeloid,1.6604254295783991,CID3838-sample-proxy
CID3838_ATTTCTGTCACCTCAC,30.744198,2.8045971,9,Myeloid,1.6604254295783991,CID3838-sample-proxy
CID3838_CATCCCAAGGTGGTTG,30.277779,3.889472,9,Myeloid,1.6604254295783991,CID3838-sample-proxy
CID3838_CCATCACTCGAATCCA,30.782747,2.9250522,9,Myeloid,1.6604254295783991,CID3838-sample-proxy
CID3838_CCGGTAGCAGACCTAT,30.19136,3.0824976,9,Myeloid,1.6604254295783991,CID3838-sample-proxy
CID3838_CTGTACCAGGGACTGT,30.699392,3.2268,9,Myeloid,1.6604254295783991,CID3838-sample-proxy
CID3838_GCCATGGTCACATCAG,30.216372,3.0342648,9,Myeloid,1.6604254295783991,CID3838-sample-proxy
CID3838_GGGTCACCACCGAATT,29.948702,2.9213893,9,Myeloid,1.6604254295783991,CID3838-sample-proxy
CID3838_GTAGGAGAGGGCATGT,30.236269,2.951785,9,Myeloid,1.6604254295783991,CID3838-sample-proxy
CID3838_GTGCTGGTCATTGAGC,30.463495,2.9268754,9,Myeloid,1.6604254295783991,CID3838-sample-proxy
CID3838_TAAGCCATCATGCATG,30.595144,3.1312091,9,Myeloid,1.6604254295783991,CID3838-sample-proxy
CID3838_TTGAGTGTCGACCACG,30.487635,3.1207955,9,Myeloid,1.6604254295783991,CID3838-sample-proxy
CID3838_AAGACTCCAGACACAG,30.614225,2.9215894,9,Myeloid,1.6604254295783991,CID3838-sample-proxy
CID3838_ACTATCTCAACGCATT,30.260511,2.7780557,9,Myeloid,1.6604254295783991,CID3838-sample-proxy
CID3838_AGTACCAAGCCGCTTG,30.09211,3.078412,9,Myeloid,1.6604254295783991,CID3838-sample-proxy
CID3838_CAAGCTACAAGGCAAC,30.283216,3.059097,9,Myeloid,1.6604254295783991,CID3838-sample-proxy
CID3838_CCACAAACATACAGCT,29.843655,3.147992,9,Myeloid,1.6604254295783991,CID3838-sample-proxy
CID3838_GCGGATCTCGCTGACG,30.365852,2.9352388,9,Myeloid,1.6604254295783991,CID3838-sample-proxy
CID3838_TACGCTCTCATGCGGC,30.309763,3.0414913,9,Myeloid,1.6604254295783991,CID3838-sample-proxy
CID3838_CTTGATTTCGGAGTAG,30.374315,3.1581166,9,Myeloid,1.6604254295783991,CID3838-sample-proxy
CID3838_CTGCCATGTGTAACGG,32.16392,4.4437137,9,Myeloid,1.6604254295783991,CID3838-sample-proxy
CID3838_AGTAGTCAGGGCTAAC,29.993698,5.883669,9,Myeloid,1.6604254295783991,CID3838-sample-proxy
CID3838_CGGGTGTTCAAGTAAG,30.06848,4.283775,9,Myeloid,1.6604254295783991,CID3838-sample-proxy
CID3838_CTAGGTAGTGCTTATG,29.797415,4.123519,9,Myeloid,1.6604254295783991,CID3838-sample-proxy
CID3838_TACAACGCACATAACC,29.734203,5.9147587,9,Myeloid,1.6604254295783991,CID3838-sample-proxy
CID3838_TGACAGTCAAGTTGGG,29.841833,4.4742136,9,Myeloid,1.6604254295783991,CID3838-sample-proxy
CID3838_CGTGCTTCAGTTGTTG,30.370895,4.662156,9,Myeloid,1.6604254295783991,CID3838-sample-proxy
CID3838_TGTTACTTCCACAAGT,30.71603,5.2473936,9,Myeloid,1.6604254295783991,CID3838-sample-proxy
CID3838_AACCAACCAGGTGACA,30.139349,4.2899218,9,Myeloid,1.6604254295783991,CID3838-sample-proxy
CID3838_CATAAGCCATCACCAA,29.77906,4.9877634,9,Myeloid,1.6604254295783991,CID3838-sample-proxy
CID3838_CTGCCATCATTAGGAA,30.224836,4.48172,9,Myeloid,1.6604254295783991,CID3838-sample-proxy
CID3838_GACCCTTAGGCTCCCA,30.776518,4.91587,9,Myeloid,1.6604254295783991,CID3838-sample-proxy
CID3838_GATGTTGGTCGTCATA,29.91772,4.4047236,9,Myeloid,1.6604254295783991,CID3838-sample-proxy
CID3838_GCATTAGCAGTAACGG,30.787258,4.878773,9,Myeloid,1.6604254295783991,CID3838-sample-proxy
CID3838_GCCAGGTAGGTTGGTG,31.385874,5.078489,9,Myeloid,1.6604254295783991,CID3838-sample-proxy
CID3838_GTGTCCTTCTTTGGAG,29.673658,3.950115,9,Myeloid,1.6604254295783991,CID3838-sample-proxy
CID3838_GTTTGGATCCGATCTC,32.23055,2.9318423,9,Myeloid,1.6604254295783991,CID3838-sample-proxy
CID3838_TCCGATCCAGCAGGAT,30.606571,4.8151717,9,Myeloid,1.6604254295783991,CID3838-sample-proxy
CID3838_TGGGCTGAGGTTGGAC,29.997072,4.6933093,9,Myeloid,1.6604254295783991,CID3838-sample-proxy
CID3838_TTCATTGGTTTGGAGG,30.150585,4.5935864,9,Myeloid,1.6604254295783991,CID3838-sample-proxy
CID3838_ATCCACCGTTCCGCTT,29.655376,3.8613133,9,Myeloid,1.6604254295783991,CID3838-sample-proxy
CID3838_GATTCTTAGCGTCGAA,29.654253,4.8365912,9,Myeloid,1.6604254295783991,CID3838-sample-proxy
CID3838_CAAAGAATCCACGTAA,30.327833,6.3925037,9,Myeloid,1.6604254295783991,CID3838-sample-proxy
CID3838_AAAGGTATCGAACTCA,29.364477,5.405048,9,Myeloid,1.6604254295783991,CID3838-sample-proxy
CID3838_AACCCAAGTATCTCTT,29.088093,4.789331,9,Myeloid,1.6604254295783991,CID3838-sample-proxy
CID3838_ACCGTTCGTGTTGACT,29.08814,4.8293343,9,Myeloid,1.6604254295783991,CID3838-sample-proxy
CID3838_CAGTTCCGTGGCATCC,29.030474,4.727979,9,Myeloid,1.6604254295783991,CID3838-sample-proxy
CID3838_GGGCTCAAGCACGTCC,28.971418,4.7284884,9,Myeloid,1.6604254295783991,CID3838-sample-proxy
CID3838_GTAGGTTGTCCAGCCA,29.059795,4.689374,9,Myeloid,1.6604254295783991,CID3838-sample-proxy
CID3838_GTCGCGATCCGCCTAT,28.709908,4.567452,9,Myeloid,1.6604254295783991,CID3838-sample-proxy
CID3838_TAACCAGTCGCATTAG,28.949903,4.8141823,9,Myeloid,1.6604254295783991,CID3838-sample-proxy
CID3838_TAACGACTCATCGCTC,29.036257,4.8691664,9,Myeloid,1.6604254295783991,CID3838-sample-proxy
CID3838_TTCCGTGGTGCTCTCT,28.898548,4.7646847,9,Myeloid,1.6604254295783991,CID3838-sample-proxy
CID3838_TTCGCTGAGCACTCAT,28.843954,4.8649693,9,Myeloid,1.6604254295783991,CID3838-sample-proxy
CID3838_TTGAGTGAGGTGCTGA,29.456635,4.387786,9,Myeloid,1.6604254295783991,CID3838-sample-proxy
CID3838_CAGGCCATCCGAGTGC,29.20103,3.124924,9,Myeloid,1.6604254295783991,CID3838-sample-proxy
CID3838_CCGCAAGAGAAGGCTC,30.021152,2.878173,9,Myeloid,1.6604254295783991,CID3838-sample-proxy
CID3838_CGAGAAGGTTGGAGGT,29.697626,3.6437526,9,Myeloid,1.6604254295783991,CID3838-sample-proxy
CID3838_GTCTCACAGTGGAAGA,28.8756,3.021932,9,Myeloid,1.6604254295783991,CID3838-sample-proxy
CID3838_GTGGAAGTCTAGAACC,29.462112,3.4148107,9,Myeloid,1.6604254295783991,CID3838-sample-proxy
CID3838_TCTTCCTGTCGTGATT,28.477776,2.799724,9,Myeloid,1.6604254295783991,CID3838-sample-proxy
CID3838_TTACCATGTTAAGAAC,29.463394,3.2079613,9,Myeloid,1.6604254295783991,CID3838-sample-proxy
CID3838_GGCTTTCCACCAGTAT,28.536734,1.903035,3,B cells,3.865051026582663,CID3838-sample-proxy
CID3838_TCAAGACAGTAACCTC,28.550669,2.3044984,9,Myeloid,1.6604254295783991,CID3838-sample-proxy
CID3838_TCGGTCTCAAGACCGA,28.560999,2.382331,9,Myeloid,1.6604254295783991,CID3838-sample-proxy
CID3838_TGGTACATCCGCAACG,28.613115,2.2782378,9,Myeloid,1.6604254295783991,CID3838-sample-proxy
CID3838_TTCCTTCGTCCACATA,28.655983,1.7989405,3,B cells,3.865051026582663,CID3838-sample-proxy
CID3838_AATTTCCCAACACGAG,28.800968,3.2151947,9,Myeloid,1.6604254295783991,CID3838-sample-proxy
CID3838_ACGTAGTCAGCAGTGA,28.823618,3.1887035,9,Myeloid,1.6604254295783991,CID3838-sample-proxy
CID3838_CACAGATCAGAGTTGG,28.783016,2.979371,9,Myeloid,1.6604254295783991,CID3838-sample-proxy
CID3838_CGAGAAGTCCCACAGG,28.843073,2.7975292,9,Myeloid,1.6604254295783991,CID3838-sample-proxy
CID3838_CGCAGGTTCCTGTTGC,28.91935,3.2786822,9,Myeloid,1.6604254295783991,CID3838-sample-proxy
CID3838_CTCGAGGTCTCTCCGA,28.691074,3.1965773,9,Myeloid,1.6604254295783991,CID3838-sample-proxy
CID3838_CTCTCGAGTATGCTAC,28.40999,3.1243215,9,Myeloid,1.6604254295783991,CID3838-sample-proxy
CID3838_GGGAAGTCACCTCTAC,28.70352,3.1733985,9,Myeloid,1.6604254295783991,CID3838-sample-proxy
CID3838_GTAAGTCTCCCGAACG,28.592392,3.0954425,9,Myeloid,1.6604254295783991,CID3838-sample-proxy
CID3838_TTACCATAGGGTTAAT,28.745497,2.9145286,9,Myeloid,1.6604254295783991,CID3838-sample-proxy
CID3838_ACGTACATCAACACGT,29.05347,3.1854017,9,Myeloid,1.6604254295783991,CID3838-sample-proxy
CID3838_ACTTATCTCACGATAC,28.943409,3.1335602,9,Myeloid,1.6604254295783991,CID3838-sample-proxy
CID3838_CAAGGGACACAGTCCG,29.198025,3.417329,9,Myeloid,1.6604254295783991,CID3838-sample-proxy
CID3838_GATGTTGTCGCTTACC,29.11839,3.392475,9,Myeloid,1.6604254295783991,CID3838-sample-proxy
CID3838_TCAGTCCAGCCATGCC,29.245508,3.5071065,9,Myeloid,1.6604254295783991,CID3838-sample-proxy
CID3838_TGATGGTCATCGATAC,29.053513,3.2803962,9,Myeloid,1.6604254295783991,CID3838-sample-proxy
