"barcode","doublet_score","doublet_class"
"AAACATACAACCAC-1",0.241585854412604,"singlet"
"AAACATTGAGCTAC-1",0.266820222190886,"singlet"
"AAACATTGATCAGC-1",0.317813013797874,"singlet"
"AAACCGTGCTTCCG-1",0.181988429776938,"singlet"
"AAACGCACTGGTAC-1",0.207303702540947,"singlet"
"AAACGCTGACCAGT-1",0.324982456716529,"singlet"
"AAACGCTGGTTCTT-1",0.227651672074068,"singlet"
"AAACGCTGTAGCCA-1",0.347866352894228,"singlet"
"AAACTTGAAAAACG-1",0.280151643198681,"singlet"
"AAACTTGATCCAGA-1",0.134049210220525,"singlet"
"AAAGAGACGAGATA-1",0.308457624964504,"singlet"
"AAAGAGACGCGAGA-1",0.286485093306658,"singlet"
"AAAGCAGATATCGG-1",0.287710225490752,"singlet"
"AAAGCCTGTATGCG-1",0.230665889906537,"singlet"
"AAAGGCCTGTCTAG-1",0.755136092624592,"doublet"
"AAAGTTTGGGGTGA-1",0.230385928969032,"singlet"
"AAAGTTTGTAGCGT-1",0.129933074395047,"singlet"
"AAATCAACAATGCC-1",0.112735017484296,"singlet"
"AAATCAACACCAGT-1",0.108458705786933,"singlet"
"AAATCAACCAGGAG-1",0.200499821751391,"singlet"
"AAATCAACCCTATT-1",0.816424055547635,"doublet"
"AAATCAACGGAAGC-1",0.182612947615124,"singlet"
"AAATCAACTCGCAA-1",0.286833897895869,"singlet"
"AAATCATGACCACA-1",0.274632067741404,"singlet"
"AAATGTTGAACGAA-1",0.197666952217249,"singlet"
"AAATGTTGCCACAA-1",0.179663598873913,"singlet"
"AAATGTTGTGGCAT-1",0.154117945714068,"singlet"
"AAATTCGAAGGTTC-1",0.179963255023129,"singlet"
"AAATTCGAATCACG-1",0.0730674427428106,"singlet"
"AAATTCGAGCTGAT-1",0.164710073873645,"singlet"
"AAATTCGAGGAGTG-1",0.213410249080133,"singlet"
"AAATTCGATTCTCA-1",0.340268694554635,"singlet"
"AAATTGACACGACT-1",0.265284811250988,"singlet"
"AAATTGACTCGCTC-1",0.294705110097033,"singlet"
"AACAAACTCATTTC-1",0.119999317675382,"singlet"
"AACAAACTTTCGTT-1",0.191055323579414,"singlet"
"AACAATACGACGAG-1",0.20586353117725,"singlet"
"AACACGTGCAGAGG-1",0.259638372928005,"singlet"
"AACACGTGGAAAGT-1",0.144838455610125,"singlet"
"AACACGTGGAACCT-1",0.164638691395688,"singlet"
"AACACGTGGCTACA-1",0.152169366048059,"singlet"
"AACACGTGTACGAC-1",0.187697515524594,"singlet"
"AACATTGATGGGAG-1",0.215063609678249,"singlet"
"AACCAGTGATACCG-1",0.23093021843504,"singlet"
"AACCCAGATCGCTC-1",0.197770728550726,"singlet"
"AACCGATGCTCCCA-1",0.323231851844774,"singlet"
"AACCGATGGTCATG-1",0.0635896832939293,"singlet"
"AACCGATGTTCTAC-1",0.115667750012486,"singlet"
"AACCGCCTAGCGTT-1",0.546341990162488,"doublet"
"AACCGCCTCTACGA-1",0.219394999460793,"singlet"
"AACCTACTGTGAGG-1",0.217293047473755,"singlet"
"AACCTACTGTGTTG-1",0.195248234473543,"singlet"
"AACCTTACGAGACG-1",0.0788402643083524,"singlet"
"AACCTTACGCGAGA-1",0.0416226915916192,"singlet"
"AACCTTACTAACGC-1",0.117634317224072,"singlet"
"AACCTTTGGACGGA-1",0.174354602442919,"singlet"
"AACCTTTGTACGCA-1",0.221815803730649,"singlet"
"AACGCAACAAGTAG-1",0.287786418954996,"singlet"
"AACGCATGACCCAA-1",0.240287708195405,"singlet"
"AACGCATGCCTTCG-1",0.195565050969342,"singlet"
"AACGCATGTACTTC-1",0.446226656846149,"doublet"
"AACGCCCTCGGGAA-1",0.251556782260792,"singlet"
"AACGCCCTCGTACA-1",0.0847506052710953,"singlet"
"AACGCCCTGGCATT-1",0.131144260463173,"singlet"
"AACGTCGAGTATCG-1",0.143578962958383,"singlet"
"AACGTGTGAAAGCA-1",0.342742735512566,"singlet"
"AACGTGTGGCGGAA-1",0.182627120566613,"singlet"
"AACGTGTGTCCAAG-1",0.123003034715003,"singlet"
"AACGTGTGTGCTTT-1",0.305861477203591,"singlet"
"AACTACCTTAGAGA-1",0.232603063876789,"singlet"
"AACTCACTCAAGCT-1",0.241347549603831,"singlet"
"AACTCACTTGGAGG-1",0.157879368878776,"singlet"
"AACTCGGAAAGTGA-1",0.168399025977103,"singlet"
"AACTCGGAAGGTCT-1",0.0752289010650326,"singlet"
"AACTCTTGCAGGAG-1",0.280255092620715,"singlet"
"AACTGTCTCCCTTG-1",0.147551225510033,"singlet"
"AACTTGCTACGCTA-1",0.425624316187568,"singlet"
"AACTTGCTGGGACA-1",0.133782778617662,"singlet"
"AAGAAGACGTAGGG-1",0.0873922842165554,"singlet"
"AAGACAGAAGTCTG-1",0.0439590305554787,"singlet"
"AAGACAGAGGATCT-1",0.169762071324698,"singlet"
"AAGACAGATTACCT-1",0.164411776153611,"singlet"
"AAGAGATGGGTAGG-1",0.0375909736889976,"singlet"
"AAGATGGAGAACTC-1",0.294960882911446,"singlet"
"AAGATGGAGATAAG-1",0.176660231896823,"singlet"
"AAGATTACAACCTG-1",0.051334639339259,"singlet"
"AAGATTACAGATCC-1",0.391221596512251,"singlet"
"AAGATTACCCGTTC-1",0.232413892411498,"singlet"
"AAGATTACCGCCTT-1",0.30227687120337,"singlet"
"AAGATTACCTCAAG-1",0.144463945164648,"singlet"
"AAGCAAGAGCGAGA-1",0.280420531580922,"singlet"
"AAGCAAGAGCTTAG-1",0.213181965436201,"singlet"
"AAGCAAGAGGTGTT-1",0.187453312032396,"singlet"
"AAGCACTGAGCAAA-1",0.330163516273039,"singlet"
"AAGCACTGGTTCTT-1",0.624090157893828,"doublet"
"AAGCCAACGTGTTG-1",0.166142281449775,"singlet"
"AAGCCATGAACTGC-1",0.272832381523536,"singlet"
"AAGCCATGACACGT-1",0.135735764880599,"singlet"
"AAGCCATGCGTGAT-1",0.305843656374624,"singlet"
"AAGCCTGACATGCA-1",0.237410668347656,"singlet"
"AAGCGACTCCTCAC-1",0.163819342491746,"singlet"
"AAGCGACTGTGTCA-1",0.127400640282081,"singlet"
"AAGCGACTTACAGC-1",0.0917060838324824,"singlet"
"AAGCGACTTTGACG-1",0.146922997210381,"singlet"
"AAGCGTACGTCTTT-1",0.109911193044012,"singlet"
"AAGGCTTGCGAACT-1",0.14293985658857,"singlet"
"AAGGTCACGGTTAC-1",0.117801089861882,"singlet"
"AAGGTCACTGTTTC-1",0.0624789534205141,"singlet"
"AAGGTCACTTCCCG-1",0.404352323302421,"singlet"
"AAGGTCTGACAGTC-1",0.24870282269247,"singlet"
"AAGTAACTCTGAAC-1",0.0617294641342595,"singlet"
"AAGTAGGATACAGC-1",0.158050158612207,"singlet"
"AAGTATACCGAACT-1",0.308570483291013,"singlet"
"AAGTCCGACTTGTT-1",0.200279548055403,"singlet"
"AAGTCCGATAGAAG-1",0.44326427250362,"singlet"
"AAGTCTCTAGTCGT-1",0.260891049046369,"singlet"
"AAGTCTCTCGGAGA-1",0.225203063320333,"singlet"
"AAGTGGCTTGGAGG-1",0.0877554391402056,"singlet"
"AAGTTCCTCATTCT-1",0.244507463840862,"singlet"
"AAGTTCCTTCTTAC-1",0.370908721562615,"singlet"
"AATAAGCTCGAATC-1",0.253833241564544,"singlet"
"AATAAGCTCGTTGA-1",0.0881021391174779,"singlet"
"AATACCCTGGACGA-1",0.0538254566171783,"singlet"
"AATACCCTGGCATT-1",0.338868461061851,"singlet"
"AATACTGAAAGGGC-1",0.269696110037522,"singlet"
"AATACTGAATTGGC-1",0.103875393860621,"singlet"
"AATAGGGAACCCTC-1",0.17888978658013,"singlet"
"AATAGGGAGAATGA-1",0.240984618125631,"singlet"
"AATCAAACTATCGG-1",0.40110421881565,"singlet"
"AATCCGGAATGCTG-1",0.219849145973755,"singlet"
"AATCCTACCGGTAT-1",0.180980651834535,"singlet"
"AATCCTTGACGGGA-1",0.160304408353281,"singlet"
"AATCCTTGGTGAGG-1",0.0684373378722985,"singlet"
"AATCGGTGGAACTC-1",0.27421934548396,"singlet"
"AATCGGTGTGCTTT-1",0.176505683297604,"singlet"
"AATCTAGAAAAGTG-1",0.235140308344331,"singlet"
"AATCTAGAATCGGT-1",0.197933859088529,"singlet"
"AATCTCACAGCCTA-1",0.277487719876997,"singlet"
"AATCTCACTCTAGG-1",0.233578177199005,"singlet"
"AATCTCTGAACAGA-1",0.0747998041014188,"singlet"
"AATCTCTGCTTTAC-1",0.129384336782168,"singlet"
"AATGATACACCAAC-1",0.215127177639529,"singlet"
"AATGATACGGTCAT-1",0.197184325103653,"singlet"
"AATGCGTGACACCA-1",0.267052481167686,"singlet"
"AATGCGTGGACGGA-1",0.407898283937906,"singlet"
"AATGCGTGGCTATG-1",0.168955067444838,"singlet"
"AATGGAGAATCGTG-1",0.0924667009495044,"singlet"
"AATGGAGATCCTTA-1",0.245274760123672,"singlet"
"AATGGCTGACACCA-1",0.24280883472135,"singlet"
"AATGGCTGCGTGAT-1",0.266703379320731,"singlet"
"AATGGCTGTAAAGG-1",0.0980339485274037,"singlet"
"AATGGCTGTACTCT-1",0.147157451106541,"singlet"
"AATGGCTGTGAAGA-1",0.173990850883777,"singlet"
"AATGTAACGGTGGA-1",0.148798565755555,"singlet"
"AATGTCCTCTTCTA-1",0.299959556652834,"singlet"
"AATGTTGACAGTCA-1",0.298539322640893,"singlet"
"AATGTTGAGTTGAC-1",0.0670673732362492,"singlet"
"AATGTTGATCTACT-1",0.333546026820419,"singlet"
"AATTACGAATTCCT-1",0.240323250213931,"singlet"
"AATTACGACTTCTA-1",0.164914491090441,"singlet"
"AATTACGAGTGAGG-1",0.411615107848227,"singlet"
"AATTACGATTGGCA-1",0.0722638073648343,"singlet"
"AATTCCTGCTCAGA-1",0.127470704573131,"singlet"
"AATTGATGTCGCAA-1",0.101446452801722,"singlet"
"AATTGTGACTTGGA-1",0.0859423528087163,"singlet"
"ACAAAGGAGGGTGA-1",0.0625683544349138,"singlet"
"ACAAATTGATTCTC-1",0.305147733491609,"singlet"
"ACAAATTGTTGCGA-1",0.122751791150474,"singlet"
"ACAACCGAGGGATG-1",0.416665044143248,"singlet"
"ACAACCGAGTTACG-1",0.321050534870829,"singlet"
"ACAAGAGAAGTCGT-1",0.345401192474947,"singlet"
"ACAAGAGAGTTGAC-1",0.084708568921435,"singlet"
"ACAATCCTAACCGT-1",0.392395473079057,"singlet"
"ACAATCCTTAGCGT-1",0.0844503608603064,"singlet"
"ACAATTGACTGACA-1",0.327686600506846,"singlet"
"ACAATTGATGACTG-1",0.134595859615432,"singlet"
"ACACAGACCATACG-1",0.205692101731978,"singlet"
"ACACCAGAGGGCAA-1",0.356774318433845,"singlet"
"ACACCCTGGTGTTG-1",0.105371539614001,"singlet"
"ACACGAACAGTTCG-1",0.306413116185215,"singlet"
"ACACGATGACGCAT-1",0.310367074280419,"singlet"
"ACACGATGATGTGC-1",0.216344590100697,"singlet"
"ACACGATGTCGTAG-1",0.562039185883644,"doublet"
"ACACGATGTGGTCA-1",0.527931089986668,"doublet"
"ACAGACACGGCATT-1",0.166975960156664,"singlet"
"ACAGACACGTTGTG-1",0.223728746695128,"singlet"
"ACAGCAACCTCAAG-1",0.213007399454476,"singlet"
"ACAGGTACCCCACT-1",0.178081290623401,"singlet"
"ACAGGTACGCTGTA-1",0.332656760613218,"singlet"
"ACAGGTACTGGTGT-1",0.131562202111839,"singlet"
"ACAGTCGACCGATA-1",0.441996576151845,"singlet"
"ACAGTGACTCACCC-1",0.389264335293188,"singlet"
"ACAGTGACTCTATC-1",0.167643188991461,"singlet"
"ACAGTGTGTTGCGA-1",0.0835764505172501,"singlet"
"ACATCACTCTACTT-1",0.200891501484006,"singlet"
"ACATGGTGAAGCCT-1",0.239872704522491,"singlet"
"ACATGGTGCAACCA-1",0.239178074603638,"singlet"
"ACATGGTGCGAGTT-1",0.24035431449339,"singlet"
"ACATTCTGGCATAC-1",0.251116981942754,"singlet"
"ACATTCTGGGAACG-1",0.818827259211031,"doublet"
"ACCAACGACATGCA-1",0.174989621128273,"singlet"
"ACCACAGAAAGTAG-1",0.189601302284814,"singlet"
"ACCACAGAGTTGGT-1",0.156807622502387,"singlet"
"ACCACCTGTGTGCA-1",0.0780099794262511,"singlet"
"ACCACGCTACAGCT-1",0.224839537421309,"singlet"
"ACCACGCTACCCAA-1",0.186596577453743,"singlet"
"ACCACGCTGCGAGA-1",0.308212592410541,"singlet"
"ACCACGCTGCTGTA-1",0.334509566399914,"singlet"
"ACCAGCCTGACAGG-1",0.295493722872694,"singlet"
"ACCAGTGAACGGTT-1",0.0759244095297384,"singlet"
"ACCAGTGAATACCG-1",0.211436496883756,"singlet"
"ACCAGTGAGGGATG-1",0.187321672263083,"singlet"
"ACCATTACCTTCTA-1",0.244406758886631,"singlet"
"ACCATTACGAGATA-1",0.291667722946318,"singlet"
"ACCATTTGTCATTC-1",0.206483338224495,"singlet"
"ACCCAAGAACTGTG-1",0.17028143190973,"singlet"
"ACCCAAGAATTCCT-1",0.135064927064456,"singlet"
"ACCCAAGAGGACAG-1",0.305228546887344,"singlet"
"ACCCAAGATTCACT-1",0.0338960397736696,"singlet"
"ACCCACTGTCGTAG-1",0.275744931809882,"singlet"
"ACCCAGCTCAGAAA-1",0.211027745512702,"singlet"
"ACCCAGCTGTTAGC-1",0.849273936780201,"doublet"
"ACCCAGCTTGCTTT-1",0.189090665119484,"singlet"
"ACCCGTTGATGACC-1",0.0524270518263803,"singlet"
"ACCCGTTGCTGCAA-1",0.176608060284321,"singlet"
"ACCCGTTGCTTCTA-1",0.804494370285539,"doublet"
"ACCCTCGACCTATT-1",0.170483817604591,"singlet"
"ACCCTCGATAAGGA-1",0.215103701232036,"singlet"
"ACCCTCGATCAAGC-1",0.0349022268885197,"singlet"
"ACCGTGCTACCAGT-1",0.215531842856201,"singlet"
"ACCGTGCTGGAACG-1",0.134762179120269,"singlet"
"ACCTATTGTGCCCT-1",0.0966736587219573,"singlet"
"ACCTCCGAGTCCTC-1",0.332716487015131,"singlet"
"ACCTCCGATATGCG-1",0.214685269628632,"singlet"
"ACCTCCGATGCTGA-1",0.207257040668016,"singlet"
"ACCTCGTGAACCAC-1",0.0904650315753122,"singlet"
"ACCTGAGATATCGG-1",0.113270247028027,"singlet"
"ACCTGGCTAAGTAG-1",0.127282631807573,"singlet"
"ACCTTTGACTCCCA-1",0.257894517604806,"singlet"
"ACCTTTGAGGAACG-1",0.447439113016197,"doublet"
"ACCTTTGAGGAAGC-1",0.290198772617429,"singlet"
"ACGAACACCTTGTT-1",0.234942837934359,"singlet"
"ACGAACTGGCTATG-1",0.347791176910971,"singlet"
"ACGAAGCTCTGAGT-1",0.524149713093153,"doublet"
"ACGACCCTATCTCT-1",0.200734296889848,"singlet"
"ACGACCCTGATGAA-1",0.236410981564351,"singlet"
"ACGACCCTTGACAC-1",0.133412410599976,"singlet"
"ACGACCCTTGACCA-1",0.0764854602787442,"singlet"
"ACGAGGGACAGGAG-1",0.303211746687764,"singlet"
"ACGAGGGACGAACT-1",0.196068526968714,"singlet"
"ACGAGGGATGTAGC-1",0.423013054861945,"singlet"
"ACGAGTACCCTAAG-1",0.0330207655096222,"singlet"
"ACGAGTACGAATCC-1",0.712114683925811,"doublet"
"ACGATCGAGGACTT-1",0.319207871461303,"singlet"
"ACGATCGAGTCACA-1",0.22191561824011,"singlet"
"ACGATGACAATGCC-1",0.156640799249398,"singlet"
"ACGATGACTGGTCA-1",0.314602118468857,"singlet"
"ACGATTCTACGGGA-1",0.139310850142385,"singlet"
"ACGCAATGGTTCAG-1",0.0727226171844475,"singlet"
"ACGCACCTGTTAGC-1",0.0902115131690174,"singlet"
"ACGCCGGAAACCAC-1",0.12943660502833,"singlet"
"ACGCCGGAAAGCCT-1",0.218002484941631,"singlet"
"ACGCCTTGCTCCCA-1",0.104070355416152,"singlet"
"ACGCGGTGGCGAGA-1",0.360192564133011,"singlet"
"ACGCGGTGTGTGGT-1",0.148139389467282,"singlet"
"ACGCGGTGTTTGCT-1",0.0969422990260274,"singlet"
"ACGCTCACAGTACC-1",0.186611309930903,"singlet"
"ACGCTCACCCTTGC-1",0.210662229963509,"singlet"
"ACGCTGCTGTTCTT-1",0.124537003899395,"singlet"
"ACGGAACTCAGATC-1",0.0819488191820061,"singlet"
"ACGGAACTGTCGTA-1",0.0883893081442809,"singlet"
"ACGGAGGACTCTTA-1",0.232900918452711,"singlet"
"ACGGATTGGGAGGT-1",0.07142148015067,"singlet"
"ACGGATTGGTTAGC-1",0.415209157616084,"singlet"
"ACGGCTCTGAGCAG-1",0.338317785881099,"singlet"
"ACGGCTCTTGCACA-1",0.188837848422017,"singlet"
"ACGGTAACCGCTAA-1",0.214006740629935,"singlet"
"ACGGTAACCTTCGC-1",0.251752073538095,"singlet"
"ACGGTAACTCGCAA-1",0.342632452285457,"singlet"
"ACGGTATGAGTCGT-1",0.125087554575693,"singlet"
"ACGGTATGGGTATC-1",0.172667606584849,"singlet"
"ACGGTATGGTTGTG-1",0.0602883874110098,"singlet"
"ACGGTCCTAACGGG-1",0.233118220529306,"singlet"
"ACGGTCCTCGGGAA-1",0.224653531532817,"singlet"
"ACGTAGACAACCAC-1",0.320184638453095,"singlet"
"ACGTAGACTACAGC-1",0.0750239166592716,"singlet"
"ACGTCAGAAACGAA-1",0.234518881653818,"singlet"
"ACGTCAGAGAGCTT-1",0.11938760150241,"singlet"
"ACGTCAGAGGGATG-1",0.114641339631332,"singlet"
"ACGTCCTGATAAGG-1",0.208219981449052,"singlet"
"ACGTCCTGTGAACC-1",0.177033490801856,"singlet"
"ACGTCGCTCCTGAA-1",0.194187890176766,"singlet"
"ACGTCGCTCTATTC-1",0.372100033387337,"singlet"
"ACGTCGCTTCTCAT-1",0.0611491816143361,"singlet"
"ACGTGATGCCATGA-1",0.242551530737173,"singlet"
"ACGTGATGGGTCTA-1",0.148743701384459,"singlet"
"ACGTGATGTAACCG-1",0.197028402542446,"singlet"
"ACGTGATGTGACAC-1",0.237378919042915,"singlet"
"ACGTGCCTCCGTAA-1",0.261779360654022,"singlet"
"ACGTTACTTTCCAT-1",0.271667324848181,"singlet"
"ACGTTGGAAAAGCA-1",0.142429097395295,"singlet"
"ACGTTGGAAACCTG-1",0.344764080235998,"singlet"
"ACGTTGGACCGTAA-1",0.0685575909668471,"singlet"
"ACGTTGGAGCCAAT-1",0.0963867588089133,"singlet"
"ACGTTGGATCAGGT-1",0.22078449437768,"singlet"
"ACGTTTACATCAGC-1",0.147729648842721,"singlet"
"ACTAAAACCCACAA-1",0.293875966340586,"singlet"
"ACTAAAACTCGACA-1",0.14537499186155,"singlet"
"ACTACGGAATTTCC-1",0.294164687320023,"singlet"
"ACTACGGACCTATT-1",0.171456310092906,"singlet"
"ACTACGGATCGCTC-1",0.430734694957211,"singlet"
"ACTACTACTAAGGA-1",0.198789714296964,"singlet"
"ACTAGGTGGAACCT-1",0.41664219821434,"singlet"
"ACTAGGTGGAACTC-1",0.477588985781832,"doublet"
"ACTATCACCTTGGA-1",0.338139621330923,"singlet"
"ACTATCACTGCCAA-1",0.26303815345081,"singlet"
"ACTCAGGACTGAAC-1",0.204778129863548,"singlet"
"ACTCAGGATCTATC-1",0.105721128880977,"singlet"
"ACTCCTCTCAACTG-1",0.426712070742552,"singlet"
"ACTCGCACGAAAGT-1",0.078125349038526,"singlet"
"ACTCGCACTACGAC-1",0.207887157805921,"singlet"
"ACTCTCCTGCATAC-1",0.455961469221652,"doublet"
"ACTCTCCTGTTTGG-1",0.170004772682801,"singlet"
"ACTGAGACAACCAC-1",0.227600576238324,"singlet"
"ACTGAGACCCATAG-1",0.258259978614523,"singlet"
"ACTGAGACGTTGGT-1",0.22280021683037,"singlet"
"ACTGCCACACACGT-1",0.266673149963538,"singlet"
"ACTGCCACTCCGTC-1",0.0579675168499907,"singlet"
"ACTGGCCTTCAGTG-1",0.105540400532958,"singlet"
"ACTGTGGACGTGTA-1",0.681784111428898,"doublet"
"ACTGTGGATCTAGG-1",0.736147688882222,"doublet"
"ACTGTTACCCACAA-1",0.0471265760045901,"singlet"
"ACTGTTACTGCAGT-1",0.116601796155569,"singlet"
"ACTTAAGAACCACA-1",0.17616243944392,"singlet"
"ACTTAAGATTACTC-1",0.208244430423945,"singlet"
"ACTTAGCTGCGTAT-1",0.142529295116396,"singlet"
"ACTTAGCTGGGAGT-1",0.151112601120097,"singlet"
"ACTTCAACAAGCAA-1",0.472998286161455,"doublet"
"ACTTCAACGTAGGG-1",0.0681962269436162,"singlet"
"ACTTCCCTTTCCGC-1",0.139072040987095,"singlet"
"ACTTCTGACATGCA-1",0.0556185821180119,"singlet"
"ACTTGACTCCACAA-1",0.125233159862994,"singlet"
"ACTTGGGAGAAAGT-1",0.256964552443535,"singlet"
"ACTTGGGAGGTTTG-1",0.236958879314027,"singlet"
"ACTTGGGATTGACG-1",0.238081157206631,"singlet"
"ACTTTGTGGAAAGT-1",0.168515971339434,"singlet"
"ACTTTGTGGATAGA-1",0.252228447728561,"singlet"
"AGAAACGAAAGTAG-1",0.086536801825871,"singlet"
"AGAAAGTGCGCAAT-1",0.249796615881048,"singlet"
"AGAAAGTGGGGATG-1",0.13318645767386,"singlet"
"AGAACAGAAATGCC-1",0.146560823275299,"singlet"
"AGAACAGAGACAAA-1",0.332559880611445,"singlet"
"AGAACGCTTTGCTT-1",0.0300479871863363,"singlet"
"AGAAGATGTGACTG-1",0.227010356674757,"singlet"
"AGAATGGAAGAAGT-1",0.369363646443099,"singlet"
"AGAATTTGTAACCG-1",0.236198206799394,"singlet"
"AGACACACTGTAGC-1",0.288336148998558,"singlet"
"AGACACTGTCAAGC-1",0.0727599257977048,"singlet"
"AGACCTGAAGTAGA-1",0.241192764778593,"singlet"
"AGACCTGACCAACA-1",0.286532056908448,"singlet"
"AGACCTGAGGAAGC-1",0.344502838128109,"singlet"
"AGACGTACAGAGGC-1",0.362273084140873,"singlet"
"AGACGTACCCCTAC-1",0.0476696029803141,"singlet"
"AGACGTACCTCTTA-1",0.226095403225848,"singlet"
"AGACGTACTCGTGA-1",0.070360998525472,"singlet"
"AGACTGACCATCAG-1",0.233867817162992,"singlet"
"AGACTGACCCTTTA-1",0.369482577173847,"singlet"
"AGACTTCTCATGCA-1",0.0297760064005997,"singlet"
"AGAGATGACAGTCA-1",0.0277626930354142,"singlet"
"AGAGATGACTGAAC-1",0.104445511533766,"singlet"
"AGAGATGAGGTTTG-1",0.172064302930629,"singlet"
"AGAGATGATCTCGC-1",0.322213167955715,"singlet"
"AGAGATGATTGTGG-1",0.405038054224663,"singlet"
"AGAGCGGAGGCAAG-1",0.168368190423347,"singlet"
"AGAGGTCTACAGCT-1",0.650751628900703,"doublet"
"AGAGTCTGGTCGTA-1",0.199852664120713,"singlet"
"AGAGTGCTCAGCTA-1",0.116257857334358,"singlet"
"AGAGTGCTCGAATC-1",0.327882837472844,"singlet"
"AGAGTGCTGTCATG-1",0.25592518247631,"singlet"
"AGAGTGCTGTCCTC-1",0.2542657707596,"singlet"
"AGAGTGCTGTGTTG-1",0.0693017606102757,"singlet"
"AGATATACCCGTAA-1",0.363387591508452,"singlet"
"AGATATACGATGAA-1",0.20590055211636,"singlet"
"AGATATACTGTTCT-1",0.148193290042723,"singlet"
"AGATATTGCCTACC-1",0.396057326318083,"singlet"
"AGATATTGGCCAAT-1",0.224200208439146,"singlet"
"AGATCGTGTCTGGA-1",0.187631700576764,"singlet"
"AGATCGTGTTTGTC-1",0.0641374426564328,"singlet"
"AGATCTCTATCACG-1",0.0577824027223267,"singlet"
"AGATTAACGTTCTT-1",0.161346162300593,"singlet"
"AGATTCCTATCGTG-1",0.341393157146193,"singlet"
"AGATTCCTCACTTT-1",0.138621422074518,"singlet"
"AGATTCCTGACGAG-1",0.22933049683002,"singlet"
"AGATTCCTGTTCAG-1",0.153097485491322,"singlet"
"AGCAAAGATATGCG-1",0.263193812965583,"singlet"
"AGCACAACAGTCTG-1",0.2161283013876,"singlet"
"AGCACTGAGGGAGT-1",0.267921295748259,"singlet"
"AGCACTGATATGCG-1",0.2147624873323,"singlet"
"AGCACTGATGCTTT-1",0.28986026980785,"singlet"
"AGCACTGATTGCGA-1",0.172191961995362,"singlet"
"AGCATCGAAGATCC-1",0.218979680349098,"singlet"
"AGCATCGAAGGGTG-1",0.0522044235164527,"singlet"
"AGCATCGAGCTTCC-1",0.0521806176359433,"singlet"
"AGCATCGAGTGAGG-1",0.459390815727659,"doublet"
"AGCATCGATAACCG-1",0.242704227132558,"singlet"
"AGCATGACGATGAA-1",0.262670249812445,"singlet"
"AGCCAATGGGGAGT-1",0.144319200955997,"singlet"
"AGCCAATGTATCTC-1",0.336671714709379,"singlet"
"AGCCACCTGGATCT-1",0.237290781792972,"singlet"
"AGCCGGTGCCAATG-1",0.387603156448136,"singlet"
"AGCCGGTGTGTTTC-1",0.188419919894053,"singlet"
"AGCCGTCTCAATCG-1",0.229681133434379,"singlet"
"AGCCGTCTGAGAGC-1",0.357246911017287,"singlet"
"AGCCTCACGTTCGA-1",0.210264689143461,"singlet"
"AGCCTCACTGTCAG-1",0.27745689138845,"singlet"
"AGCCTCTGCAGTTG-1",0.091853010123906,"singlet"
"AGCCTCTGCCAATG-1",0.134716367026343,"singlet"
"AGCGAACTGGATCT-1",0.217464324489195,"singlet"
"AGCGAACTTACTGG-1",0.306106362661083,"singlet"
"AGCGATACGGAGCA-1",0.0786286740021575,"singlet"
"AGCGATTGAGATCC-1",0.0866686112753783,"singlet"
"AGCGCCGAATCTCT-1",0.15367870573453,"singlet"
"AGCGCCGACAGAGG-1",0.391143746904025,"singlet"
"AGCGCTCTACCTTT-1",0.318359005666147,"singlet"
"AGCGGCACCGGGAA-1",0.0819852008418099,"singlet"
"AGCGGCTGATGTGC-1",0.283687158254079,"singlet"
"AGCGGGCTTGCCAA-1",0.275344204769738,"singlet"
"AGCGTAACATGCTG-1",0.281680724006051,"singlet"
"AGCGTAACTGAGAA-1",0.258910696104984,"singlet"
"AGCTCGCTACTGGT-1",0.134333599141969,"singlet"
"AGCTCGCTCTGCTC-1",0.226856258231927,"singlet"
"AGCTGAACCATACG-1",0.18264035533474,"singlet"
"AGCTGAACCTCTCG-1",0.203051627213168,"singlet"
"AGCTGCCTTTCATC-1",0.504348687329657,"doublet"
"AGCTGCCTTTCTGT-1",0.185259560417045,"singlet"
"AGCTGTGATCCAAG-1",0.247817099097851,"singlet"
"AGCTTTACAAGTAG-1",0.245625709293039,"singlet"
"AGCTTTACACCAAC-1",0.24509992715152,"singlet"
"AGCTTTACTCTCAT-1",0.116234692840917,"singlet"
"AGGAAATGAGGAGC-1",0.211726827165448,"singlet"
"AGGAACCTCTTAGG-1",0.165050209399956,"singlet"
"AGGAACCTTGCCTC-1",0.389681976099276,"singlet"
"AGGAATGATAACGC-1",0.254119833302319,"singlet"
"AGGAATGATTTGTC-1",0.253236795803965,"singlet"
"AGGAGTCTGGTTTG-1",0.269413736638632,"singlet"
"AGGAGTCTTGTCAG-1",0.103255422479941,"singlet"
"AGGATAGACATTTC-1",0.259422607617258,"singlet"
"AGGATAGAGGATTC-1",0.206556467186944,"singlet"
"AGGATGCTACTAGC-1",0.039996716101529,"singlet"
"AGGATGCTTTAGGC-1",0.0843440275563018,"singlet"
"AGGCAACTGAAGGC-1",0.199530257620455,"singlet"
"AGGCAGGAGTACCA-1",0.165734837740047,"singlet"
"AGGCCTCTAGTCGT-1",0.23123164325743,"singlet"
"AGGCCTCTCGGAGA-1",0.186481803300786,"singlet"
"AGGGACGACGTTGA-1",0.118234546483862,"singlet"
"AGGGACGAGTCAAC-1",0.100701470709842,"singlet"
"AGGGACGAGTTGTG-1",0.161198978889633,"singlet"
"AGGGACGATAGAGA-1",0.123164037918342,"singlet"
"AGGGACGATGCATG-1",0.294497175696868,"singlet"
"AGGGCCACCATACG-1",0.340214554016235,"singlet"
"AGGGCGCTAACCAC-1",0.62341373912921,"doublet"
"AGGGCGCTATGGTC-1",0.281734140387562,"singlet"
"AGGGTGGACAGTCA-1",0.232952533372807,"singlet"
"AGGGTGGACTCAAG-1",0.121546501880587,"singlet"
"AGGGTGGAGTTGCA-1",0.291767721195866,"singlet"
"AGGGTTTGTTCATC-1",0.0588933969129638,"singlet"
"AGGTCATGCTTATC-1",0.228351123950628,"singlet"
"AGGTCTGATTCTCA-1",0.203923421796294,"singlet"
"AGGTGGGAAGAATG-1",0.196067549574953,"singlet"
"AGGTGGGAAGTTCG-1",0.1649512950831,"singlet"
"AGGTGTTGGTTACG-1",0.18080352222468,"singlet"
"AGGTTCGAACCTCC-1",0.0178304402566383,"singlet"
"AGGTTCGAACGTAC-1",0.0239848821762386,"singlet"
"AGTAAGGAGTTTGG-1",0.147869166359493,"singlet"
"AGTAAGGATTCTTG-1",0.206954320591899,"singlet"
"AGTAATACATCACG-1",0.43722980468629,"singlet"
"AGTAATTGTCCCAC-1",0.230435412195734,"singlet"
"AGTACGTGAGGGTG-1",0.160935103570911,"singlet"
"AGTACGTGCTGCAA-1",0.37033605971244,"singlet"
"AGTACGTGCTTGGA-1",0.173826656543994,"singlet"
"AGTACTCTACGTGT-1",0.0623006328827865,"singlet"
"AGTACTCTCAACCA-1",0.130875540052978,"singlet"
"AGTACTCTCGGTAT-1",0.38928103979308,"singlet"
"AGTAGGCTTGCCTC-1",0.229003552660073,"singlet"
"AGTATAACTTGTCT-1",0.240312397529835,"singlet"
"AGTATCCTAGAACA-1",0.0713618564719404,"singlet"
"AGTCACGATGAGCT-1",0.620303750095723,"doublet"
"AGTCAGACGAATAG-1",0.495618385869731,"doublet"
"AGTCAGACTAGAGA-1",0.314935010426758,"singlet"
"AGTCAGACTGCACA-1",0.349513988151117,"singlet"
"AGTCCAGATATCTC-1",0.0805267737498345,"singlet"
"AGTCCAGATTTCAC-1",0.381924904783159,"singlet"
"AGTCGAACCAACCA-1",0.0553473725377825,"singlet"
"AGTCGCCTCCGTAA-1",0.2774787762035,"singlet"
"AGTCTACTAGGGTG-1",0.0327453617101108,"singlet"
"AGTCTACTTGCATG-1",0.343490193653224,"singlet"
"AGTCTTACACCACA-1",0.130203415593905,"singlet"
"AGTCTTACTTCGCC-1",0.217809488914629,"singlet"
"AGTGACTGCAACTG-1",0.284444114592848,"singlet"
"AGTGTTCTAACCTG-1",0.274716179718103,"singlet"
"AGTGTTCTATAAGG-1",0.127096646045549,"singlet"
"AGTGTTCTCACTTT-1",0.178721776103831,"singlet"
"AGTTAAACCACTTT-1",0.271195416282146,"singlet"
"AGTTATGAACAGTC-1",0.216929219057125,"singlet"
"AGTTATGACTGAGT-1",0.380638546080403,"singlet"
"AGTTATGAGTTCAG-1",0.271920545442031,"singlet"
"AGTTCTACCAGCTA-1",0.0949764291242372,"singlet"
"AGTTCTTGAAGCCT-1",0.172542912019358,"singlet"
"AGTTGTCTACTACG-1",0.115299912326721,"singlet"
"AGTTTAGATGGTCA-1",0.14908688431461,"singlet"
"AGTTTCACGGTCTA-1",0.403669559076685,"singlet"
"AGTTTGCTACAGTC-1",0.150166002784055,"singlet"
"AGTTTGCTACTGGT-1",0.428660971771739,"singlet"
"AGTTTGCTCCAAGT-1",0.272463268769378,"singlet"
"ATAAACACAGTGCT-1",0.172900345017659,"singlet"
"ATAAACACCACCAA-1",0.286555745297313,"singlet"
"ATAACAACATGCTG-1",0.103233200808143,"singlet"
"ATAACAACGTCTAG-1",0.173592920924603,"singlet"
"ATAACAACTTTGTC-1",0.427316055576339,"singlet"
"ATAACATGTACTCT-1",0.320153829083628,"singlet"
"ATAACCCTGTTGGT-1",0.105471462126537,"singlet"
"ATAACCCTTGGTAC-1",0.443401414518197,"singlet"
"ATAAGTACGAATGA-1",0.0541309217939088,"singlet"
"ATAAGTTGGTACGT-1",0.0919156593062442,"singlet"
"ATAAGTTGTCTAGG-1",0.270213385182459,"singlet"
"ATAATCGAGCTGAT-1",0.0528114881803668,"singlet"
"ATAATCGATGGTTG-1",0.219351093203835,"singlet"
"ATAATGACCTACTT-1",0.225122405368124,"singlet"
"ATAATGACTCGTGA-1",0.0939686007664184,"singlet"
"ATACAATGTTAGGC-1",0.308862327982523,"singlet"
"ATACCACTCGTACA-1",0.186276695169444,"singlet"
"ATACCACTCTAAGC-1",0.220503456368468,"singlet"
"ATACCACTGCCAAT-1",0.314762259990119,"singlet"
"ATACCGGAATGCTG-1",0.245802234633455,"singlet"
"ATACCGGACATTTC-1",0.13183659514942,"singlet"
"ATACCGGACTTCGC-1",0.352275983517874,"singlet"
"ATACCGGAGGTGTT-1",0.12063225879229,"singlet"
"ATACCGGATCTCGC-1",0.263893016108511,"singlet"
"ATACCTACGCATCA-1",0.319840034127021,"singlet"
"ATACCTTGGGGCAA-1",0.165662318883315,"singlet"
"ATACGGACGAGGTG-1",0.0769194109438325,"singlet"
"ATACGGACTATGCG-1",0.0827760555019093,"singlet"
"ATACGGACTCTGGA-1",0.0164521337055401,"singlet"
"ATACGTCTTAACGC-1",0.0398855370221911,"singlet"
"ATACTCTGCTTCGC-1",0.24070035369511,"singlet"
"ATACTCTGGTATGC-1",0.0841877211955704,"singlet"
"ATAGATACCATGGT-1",0.290348338444796,"singlet"
"ATAGATACGACGAG-1",0.0874559387869061,"singlet"
"ATAGATTGGTGTAC-1",0.138900576047857,"singlet"
"ATAGCCGAACGGAG-1",0.0364684466237029,"singlet"
"ATAGCGTGCAGATC-1",0.244411263729452,"singlet"
"ATAGCGTGCCCTTG-1",0.16660197166033,"singlet"
"ATAGCGTGTCTCTA-1",0.248192544370073,"singlet"
"ATAGCTCTCTGATG-1",0.0832853216528696,"singlet"
"ATAGCTCTGAGGTG-1",0.106527388192075,"singlet"
"ATAGGAGAAACAGA-1",0.140190594039838,"singlet"
"ATAGGCTGTCAGAC-1",0.244212101141848,"singlet"
"ATAGTCCTAGTGTC-1",0.234428646699598,"singlet"
"ATAGTCCTTGCATG-1",0.408159334510094,"singlet"
"ATAGTCCTTGTCGA-1",0.239350522766257,"singlet"
"ATAGTTGACAACTG-1",0.16008674740371,"singlet"
"ATAGTTGACCCTCA-1",0.170809219544956,"singlet"
"ATAGTTGAGACGTT-1",0.0773124670694901,"singlet"
"ATAGTTGATAAGCC-1",0.106627038411178,"singlet"
"ATATACGAAGCCAT-1",0.100260178305676,"singlet"
"ATATACGAATTGGC-1",0.445541062869996,"doublet"
"ATATGCCTAGATCC-1",0.129887651873141,"singlet"
"ATATGCCTGGACAG-1",0.33855189224528,"singlet"
"ATATGCCTTGGTAC-1",0.106964062242091,"singlet"
"ATCAAATGAGCCTA-1",0.153999115222506,"singlet"
"ATCAAATGGGTAAA-1",0.185451393016119,"singlet"
"ATCAACCTAAACGA-1",0.364836736514713,"singlet"
"ATCAACCTGAGGAC-1",0.253712900696092,"singlet"
"ATCAACCTTCTCTA-1",0.405355441112549,"singlet"
"ATCAACCTTTGTCT-1",0.280926927913695,"singlet"
"ATCACACTTTGTCT-1",0.252193839122093,"singlet"
"ATCACGGATTTCGT-1",0.116751804263172,"singlet"
"ATCATGCTGAACCT-1",0.295791731610691,"singlet"
"ATCCAGGACGCTAA-1",0.163081790820258,"singlet"
"ATCCAGGATGGAAA-1",0.260293704956167,"singlet"
"ATCCATACTCCTTA-1",0.147368785842997,"singlet"
"ATCCATACTTCATC-1",0.120956201677459,"singlet"
"ATCCCGTGCAGTCA-1",0.137707683617879,"singlet"
"ATCCCGTGGCTGAT-1",0.118469660020033,"singlet"
"ATCCGCACGCATCA-1",0.0970368730329618,"singlet"
"ATCCTAACGACGGA-1",0.0727496225996871,"singlet"
"ATCCTAACGCTACA-1",0.451685273480164,"doublet"
"ATCGACGAAACTGC-1",0.286518075288793,"singlet"
"ATCGACGAATGACC-1",0.364477617549315,"singlet"
"ATCGAGTGGACGTT-1",0.307428000379656,"singlet"
"ATCGCAGAATCTCT-1",0.236080832998574,"singlet"
"ATCGCAGAGTGTCA-1",0.165015371653286,"singlet"
"ATCGCCACTGAGGG-1",0.191735733046375,"singlet"
"ATCGCCTGGGTCAT-1",0.280232900047838,"singlet"
"ATCGCGCTCAGAGG-1",0.044291750167424,"singlet"
"ATCGCGCTGGGATG-1",0.234516904425985,"singlet"
"ATCGCGCTTTTCGT-1",0.0974167563414209,"singlet"
"ATCGGAACCAGTCA-1",0.105296675262698,"singlet"
"ATCGGTGAGTCAAC-1",0.0976923454106593,"singlet"
"ATCGGTGATTGCAG-1",0.308944237951654,"singlet"
"ATCGTTTGCCTACC-1",0.251181452065446,"singlet"
"ATCGTTTGGGTACT-1",0.0505644076564687,"singlet"
"ATCTACACCGGGAA-1",0.26620666027263,"singlet"
"ATCTCAACAGGAGC-1",0.0477363571433441,"singlet"
"ATCTCAACCTTGTT-1",0.098026093325234,"singlet"
"ATCTGGGAAACCAC-1",0.147543582146645,"singlet"
"ATCTGGGAAGTGTC-1",0.207727626887583,"singlet"
"ATCTGGGATTCCGC-1",0.442689892504739,"singlet"
"ATCTGTTGAACGGG-1",0.302568061083317,"singlet"
"ATCTGTTGACCTCC-1",0.406458076007272,"singlet"
"ATCTGTTGCCTTCG-1",0.315963377052953,"singlet"
"ATCTGTTGGTTGCA-1",0.291356831516963,"singlet"
"ATCTTGACACCAAC-1",0.300801451818471,"singlet"
"ATCTTGACCTCCCA-1",0.066447406395796,"singlet"
"ATCTTTCTGTTTCT-1",0.33022847096604,"singlet"
"ATCTTTCTTGTCCC-1",0.0753090214999187,"singlet"
"ATGAAACTCTGTGA-1",0.277442211692819,"singlet"
"ATGAAACTGAGGCA-1",0.0914264950733682,"singlet"
"ATGAAGGAACAGCT-1",0.218297767134659,"singlet"
"ATGAAGGACCTGTC-1",0.10636883974685,"singlet"
"ATGAAGGACTTGCC-1",0.0922502040329372,"singlet"
"ATGACGTGACGACT-1",0.0817704657087564,"singlet"
"ATGACGTGATCGGT-1",0.187504545062305,"singlet"
"ATGAGAGAAAGTGA-1",0.21744466372388,"singlet"
"ATGAGAGAACGCAT-1",0.18753993440887,"singlet"
"ATGAGAGAAGTAGA-1",0.056846139432663,"singlet"
"ATGAGCACACAGCT-1",0.447698316979629,"doublet"
"ATGAGCACATCTTC-1",0.280494953128989,"singlet"
"ATGATAACTTCACT-1",0.169043653087665,"singlet"
"ATGATATGAAACAG-1",0.490184865848387,"doublet"
"ATGATATGACTGGT-1",0.128017897671872,"singlet"
"ATGATATGAGCACT-1",0.2623625640773,"singlet"
"ATGATATGGTCATG-1",0.166481563537184,"singlet"
"ATGATATGGTGCTA-1",0.256159877469926,"singlet"
"ATGATATGTTGTCT-1",0.237680561067585,"singlet"
"ATGCACGAATGTCG-1",0.0623596745575709,"singlet"
"ATGCACGACTGTAG-1",0.295817072954649,"singlet"
"ATGCACGAGAACCT-1",0.254401334711123,"singlet"
"ATGCACGAGTTCGA-1",0.198772970086543,"singlet"
"ATGCACGATTGGTG-1",0.333064253717912,"singlet"
"ATGCAGTGTTACCT-1",0.0635208378522548,"singlet"
"ATGCAGTGTTCTAC-1",0.266647225088417,"singlet"
"ATGCCAGAACGACT-1",0.304445851179827,"singlet"
"ATGCCAGACAGTCA-1",0.0947519117485069,"singlet"
"ATGCCGCTTGAACC-1",0.248892438691628,"singlet"
"ATGCGATGCTATGG-1",0.239407807972601,"singlet"
"ATGCGATGCTGAGT-1",0.323153476278936,"singlet"
"ATGCGATGGTTACG-1",0.216113280718342,"singlet"
"ATGCGCCTTCATTC-1",0.0942504897220679,"singlet"
"ATGCTTTGCGAATC-1",0.46248090217859,"doublet"
"ATGCTTTGTAGTCG-1",0.109543715667424,"singlet"
"ATGGACACATCGGT-1",0.285022313044206,"singlet"
"ATGGGTACAACCTG-1",0.0317235411402909,"singlet"
"ATGGGTACATCGGT-1",0.11556465369581,"singlet"
"ATGGGTACTATTCC-1",0.258727394998483,"singlet"
"ATGGGTACTGGGAG-1",0.161065957067433,"singlet"
"ATGTAAACACCTCC-1",0.187267876063044,"singlet"
"ATGTAAACCCGCTT-1",0.3743178061069,"singlet"
"ATGTAAACGGGATG-1",0.218848559399147,"singlet"
"ATGTAAACTCTCCG-1",0.455832686800403,"doublet"
"ATGTAAACTTCACT-1",0.239556790201129,"singlet"
"ATGTACCTCAGTCA-1",0.148432107987858,"singlet"
"ATGTACCTTAGTCG-1",0.259327060452594,"singlet"
"ATGTACCTTTATCC-1",0.101375229299686,"singlet"
"ATGTACCTTTCACT-1",0.450172484378402,"doublet"
"ATGTCACTAATGCC-1",0.257829899679636,"singlet"
"ATGTCGGAGGTGAG-1",0.386004061039976,"singlet"
"ATGTTCACAGTCTG-1",0.142022673147458,"singlet"
"ATGTTCACCGTAGT-1",0.302196235077271,"singlet"
"ATGTTGCTTTCAGG-1",0.175486177000869,"singlet"
"ATTAACGATGAGAA-1",0.157874762147556,"singlet"
"ATTAACGATGCAAC-1",0.221674380104696,"singlet"
"ATTAAGACTGCAGT-1",0.307961743290444,"singlet"
"ATTACCTGCCTTAT-1",0.290440924941583,"singlet"
"ATTACCTGGAGGAC-1",0.102228724480491,"singlet"
"ATTAGATGTTTCAC-1",0.149693013659104,"singlet"
"ATTATGGAATCTCT-1",0.359808530201502,"singlet"
"ATTCAAGAACGGGA-1",0.229189125818586,"singlet"
"ATTCAAGACCTTTA-1",0.349392626617783,"singlet"
"ATTCCAACCATTGG-1",0.247946767779096,"singlet"
"ATTCCAACTTAGGC-1",0.21571821458281,"singlet"
"ATTCGACTCACTAG-1",0.194539404089354,"singlet"
"ATTCGACTGAATAG-1",0.100840539211889,"singlet"
"ATTCGACTTTTGTC-1",0.0676023790865549,"singlet"
"ATTCGGGAAAGGCG-1",0.436351181157957,"singlet"
"ATTCGGGATTAGGC-1",0.403264105789565,"singlet"
"ATTCTTCTGATACC-1",0.242555936294892,"singlet"
"ATTGAATGGACGGA-1",0.17321217938634,"singlet"
"ATTGATGAAGGTTC-1",0.103061300638244,"singlet"
"ATTGATGACTGAGT-1",0.334451256741886,"singlet"
"ATTGATGAGCGAAG-1",0.190383524846614,"singlet"
"ATTGATGATCTATC-1",0.227267094031509,"singlet"
"ATTGCACTGACGGA-1",0.119064621313798,"singlet"
"ATTGCACTGAGAGC-1",0.225011669820367,"singlet"
"ATTGCACTGGAGCA-1",0.151191202016666,"singlet"
"ATTGCACTTAGCCA-1",0.22898362794884,"singlet"
"ATTGCACTTGCTTT-1",0.256837595046292,"singlet"
"ATTGCTTGTTACTC-1",0.198123230293327,"singlet"
"ATTGGTCTGACTAC-1",0.259889789453333,"singlet"
"ATTGTAGATTCCCG-1",0.261112197362551,"singlet"
"ATTGTAGATTGCAG-1",0.305030620670117,"singlet"
"ATTGTCTGCGTACA-1",0.352119993733248,"singlet"
"ATTTAGGAACCATG-1",0.219121145336807,"singlet"
"ATTTAGGACAGAGG-1",0.396418411699252,"singlet"
"ATTTCCGAGATGAA-1",0.217415883038599,"singlet"
"ATTTCCGAGTGCTA-1",0.261670345166316,"singlet"
"ATTTCGTGTATGGC-1",0.329320122875989,"singlet"
"ATTTCTCTACTTTC-1",0.109748520892788,"singlet"
"ATTTCTCTAGCAAA-1",0.285766305659955,"singlet"
"ATTTCTCTCACTTT-1",0.264792497222251,"singlet"
"ATTTCTCTTCCCAC-1",0.12622191877002,"singlet"
"ATTTGCACAAGATG-1",0.0795266600135017,"singlet"
"CAAAGCACAGCTCA-1",0.435707989619579,"singlet"
"CAAAGCACCGTAAC-1",0.164533184866411,"singlet"
"CAAAGCACGGTAAA-1",0.369933558161658,"singlet"
"CAAAGCTGAAAGTG-1",0.176483319172828,"singlet"
"CAAAGCTGTTGCTT-1",0.151428730664996,"singlet"
"CAAATATGTGACAC-1",0.112575141550132,"singlet"
"CAAATTGAGGGCAA-1",0.181360330876665,"singlet"
"CAACCAGAAAAGTG-1",0.175519381810527,"singlet"
"CAACCAGAAGTGCT-1",0.382706194730209,"singlet"
"CAACCAGAGTTCAG-1",0.259967873886206,"singlet"
"CAACCGCTGTTCAG-1",0.128355246252024,"singlet"
"CAACCGCTTTGAGC-1",0.230376321451438,"singlet"
"CAACGATGCGCAAT-1",0.242949078781858,"singlet"
"CAACGTGACTCCAC-1",0.184758759493561,"singlet"
"CAACGTGAGCCATA-1",0.147105497118816,"singlet"
"CAACGTGATCAAGC-1",0.208744043714776,"singlet"
"CAAGAAGACCACAA-1",0.291638044811774,"singlet"
"CAAGAAGACGTCTC-1",0.190714800588144,"singlet"
"CAAGAAGATTCTAC-1",0.127444815371247,"singlet"
"CAAGACTGACCTGA-1",0.0401317917646656,"singlet"
"CAAGACTGAGTAGA-1",0.138497590161242,"singlet"
"CAAGCTGACCATAG-1",0.184101340461228,"singlet"
"CAAGCTGATCTATC-1",0.294116166534185,"singlet"
"CAAGGACTGTTCAG-1",0.396046598455684,"singlet"
"CAAGGACTTCTTTG-1",0.126762725228327,"singlet"
"CAAGGTTGCTCCAC-1",0.223692063312078,"singlet"
"CAAGGTTGTCATTC-1",0.0902335176577832,"singlet"
"CAAGGTTGTCTGGA-1",0.0961821221603323,"singlet"
"CAAGTCGAAACAGA-1",0.145706265369325,"singlet"
"CAAGTCGATAGCGT-1",0.212858391895451,"singlet"
"CAATAATGAACTGC-1",0.0746015895043753,"singlet"
"CAATATGACATGGT-1",0.254595371941132,"singlet"
"CAATATGACCTTCG-1",0.177235739780034,"singlet"
"CAATATGACGTTAG-1",0.0777718309979776,"singlet"
"CAATATGAGGAGCA-1",0.235540746724324,"singlet"
"CAATCGGAGAAACA-1",0.254557611283278,"singlet"
"CAATCTACTGACTG-1",0.275982474172293,"singlet"
"CAATTCACCCAACA-1",0.152833160562911,"singlet"
"CAATTCACGATAGA-1",0.349700050940083,"singlet"
"CAATTCTGCTTGTT-1",0.391859460822546,"singlet"
"CAATTCTGGCGTAT-1",0.0844736018441006,"singlet"
"CACAACGATACGAC-1",0.206428648826703,"singlet"
"CACAATCTTGTTCT-1",0.232017086793274,"singlet"
"CACAATCTTTCCAT-1",0.494918420753682,"doublet"
"CACACCTGCTTGAG-1",0.222537218141619,"singlet"
"CACACCTGTATGGC-1",0.167160797020786,"singlet"
"CACAGAACCCTTGC-1",0.423234464666832,"singlet"
"CACAGAACCTGATG-1",0.315610932456696,"singlet"
"CACAGATGGGATTC-1",0.418264472862286,"singlet"
"CACAGATGGTTTCT-1",0.21278683000552,"singlet"
"CACAGCCTGATACC-1",0.376044464517418,"singlet"
"CACAGCCTTGCCAA-1",0.175459791517409,"singlet"
"CACAGCCTTGTAGC-1",0.35140307669282,"singlet"
"CACAGTGATGAAGA-1",0.166947534114057,"singlet"
"CACATACTACAGCT-1",0.175524407189906,"singlet"
"CACATGGAACACGT-1",0.366208665355798,"singlet"
"CACATGGAAGTCGT-1",0.0962090140263356,"singlet"
"CACCACTGCCAACA-1",0.191795087752615,"singlet"
"CACCACTGGCGAAG-1",0.527707604596439,"doublet"
"CACCGGGAATCGAC-1",0.410196771541578,"singlet"
"CACCGGGACGAGAG-1",0.213317912064812,"singlet"
"CACCGGGACGTGTA-1",0.368718664405233,"singlet"
"CACCGGGACTTCTA-1",0.506509708168773,"doublet"
"CACCGGGACTTGCC-1",0.2081719614349,"singlet"
"CACCGGGATTCGGA-1",0.239892853618729,"singlet"
"CACCGTACTAAGGA-1",0.0491392443807832,"singlet"
"CACCGTACTAGCGT-1",0.208227724482369,"singlet"
"CACCTGACACCCAA-1",0.286703165701003,"singlet"
"CACCTGACCAGAAA-1",0.135584231356805,"singlet"
"CACCTGACCTCAAG-1",0.265066276325198,"singlet"
"CACCTGACGAAAGT-1",0.134831125847731,"singlet"
"CACCTGACTCGTAG-1",0.274866692764869,"singlet"
"CACGAAACTTCCGC-1",0.103091228686231,"singlet"
"CACGACCTCGATAC-1",0.0535591802709788,"singlet"
"CACGCTACTGTTCT-1",0.0549288921674291,"singlet"
"CACGGGACAGAGTA-1",0.312118973025705,"singlet"
"CACGGGACATAAGG-1",0.189760215965907,"singlet"
"CACGGGACGTAGGG-1",0.23813216615446,"singlet"
"CACGGGTGCTTCGC-1",0.184280472848251,"singlet"
"CACGGGTGGAGGAC-1",0.256621433040209,"singlet"
"CACTAACTCCTAAG-1",0.113250297052467,"singlet"
"CACTAACTGAAAGT-1",0.121010586621856,"singlet"
"CACTAGGATGATGC-1",0.0357718148868569,"singlet"
"CACTATACCCCGTT-1",0.154353550599315,"singlet"
"CACTATACGTTTGG-1",0.182008676081179,"singlet"
"CACTGCACTTCATC-1",0.181453934099487,"singlet"
"CACTGCTGAGACTC-1",0.147830002958977,"singlet"
"CACTGCTGGAAAGT-1",0.296860042848559,"singlet"
"CACTTAACCGAATC-1",0.202856951073404,"singlet"
"CACTTAACCGTACA-1",0.11292406504154,"singlet"
"CACTTTGACTCTAT-1",0.100765914161949,"singlet"
"CAGAAGCTCTCAAG-1",0.0602872850977898,"singlet"
"CAGACATGAACGGG-1",0.109845350516992,"singlet"
"CAGACATGTCGACA-1",0.166719094000555,"singlet"
"CAGACCCTAAGGTA-1",0.234223865881846,"singlet"
"CAGACCCTAATGCC-1",0.34378095767243,"singlet"
"CAGACCCTAGGAGC-1",0.3331075238383,"singlet"
"CAGACTGAGTATGC-1",0.173192086574865,"singlet"
"CAGATCGAATGTCG-1",0.0303379608413548,"singlet"
"CAGATCGATATGGC-1",0.252862407432514,"singlet"
"CAGATGACATTCTC-1",0.152720821711915,"singlet"
"CAGCAATGCCTTCG-1",0.196734330604433,"singlet"
"CAGCAATGGAGGGT-1",0.249667878781524,"singlet"
"CAGCAATGGTGCTA-1",0.295862649606753,"singlet"
"CAGCAATGTCTACT-1",0.258492095732851,"singlet"
"CAGCAATGTGACCA-1",0.285627888360106,"singlet"
"CAGCACCTAAGCCT-1",0.139062930039209,"singlet"
"CAGCACCTAGGCGA-1",0.200500488618673,"singlet"
"CAGCACCTGTAGGG-1",0.241251585275267,"singlet"
"CAGCATGACAACCA-1",0.371294030182422,"singlet"
"CAGCATGAGACGTT-1",0.359478365528164,"singlet"
"CAGCCTACCCAACA-1",0.178404308284475,"singlet"
"CAGCCTTGCTACCC-1",0.168789010677101,"singlet"
"CAGCCTTGGGGACA-1",0.297135153362687,"singlet"
"CAGCGGACACCCTC-1",0.234258597085957,"singlet"
"CAGCGGACCTTTAC-1",0.191938745336063,"singlet"
"CAGCGTCTAAAGCA-1",0.301038691797849,"singlet"
"CAGCGTCTTATCGG-1",0.289134871519484,"singlet"
"CAGCTAGATGTGAC-1",0.0722375934553564,"singlet"
"CAGCTCTGAGGCGA-1",0.169134459612738,"singlet"
"CAGCTCTGCAAGCT-1",0.16227530026737,"singlet"
"CAGCTCTGTCGTAG-1",0.266318768219535,"singlet"
"CAGCTCTGTGTGGT-1",0.0741322982930664,"singlet"
"CAGGAACTAACTGC-1",0.335645399787851,"singlet"
"CAGGAACTCTCAGA-1",0.111007838556603,"singlet"
"CAGGCCGAACACCA-1",0.248246225290605,"singlet"
"CAGGCCGAACACGT-1",0.330268369678207,"singlet"
"CAGGCCGAACGACT-1",0.194803234712667,"singlet"
"CAGGCCGAATCTCT-1",0.149322045005233,"singlet"
"CAGGCCGACTAGCA-1",0.141685263890012,"singlet"
"CAGGGCACCATACG-1",0.0235867266124305,"singlet"
"CAGGGCACCCAACA-1",0.256873168705081,"singlet"
"CAGGGCACTCCCGT-1",0.175102285906374,"singlet"
"CAGGTAACAGACTC-1",0.171031864673092,"singlet"
"CAGGTATGAGTCGT-1",0.276270987497164,"singlet"
"CAGGTATGTGCTTT-1",0.351470773732091,"singlet"
"CAGGTTGAGGATCT-1",0.420780232825986,"singlet"
"CAGTGATGGACGGA-1",0.0451861582077706,"singlet"
"CAGTGATGGCTAAC-1",0.210507751032736,"singlet"
"CAGTGATGGGACAG-1",0.386106766146495,"singlet"
"CAGTGATGTAAGGA-1",0.182617760616063,"singlet"
"CAGTGTGATGTCAG-1",0.0529952397043144,"singlet"
"CAGTTACTAAGGTA-1",0.163672555441447,"singlet"
"CAGTTACTGATAGA-1",0.229095452527503,"singlet"
"CAGTTGGAAAGAGT-1",0.20358298480984,"singlet"
"CAGTTGGACATACG-1",0.191351277556047,"singlet"
"CAGTTTACACACGT-1",0.737647142815985,"doublet"
"CAGTTTACCCCAAA-1",0.0843117968530751,"singlet"
"CATAAAACGGAGCA-1",0.0937002733514739,"singlet"
"CATAAATGAACTGC-1",0.129461734208177,"singlet"
"CATAACCTTCTCCG-1",0.372949334599011,"singlet"
"CATACTACCTCGAA-1",0.121944687578812,"singlet"
"CATACTACCTGAAC-1",0.135725026722349,"singlet"
"CATACTACGTACCA-1",0.111409879512991,"singlet"
"CATACTTGGGTTAC-1",0.880395497872902,"doublet"
"CATAGTCTAATCGC-1",0.158078605411326,"singlet"
"CATAGTCTCACTTT-1",0.375301265042417,"singlet"
"CATATAGACTAAGC-1",0.240251500823832,"singlet"
"CATATAGATCAGGT-1",0.139345350246153,"singlet"
"CATCAACTAGAAGT-1",0.272780158959542,"singlet"
"CATCAACTCCCTCA-1",0.253152575242799,"singlet"
"CATCAGGACTTCCG-1",0.0547230126770118,"singlet"
"CATCAGGATAGCCA-1",0.072667215807461,"singlet"
"CATCAGGATCCTAT-1",0.132022243438142,"singlet"
"CATCAGGATGCACA-1",0.287224634259754,"singlet"
"CATCAGGATTTCGT-1",0.0204173428363563,"singlet"
"CATCATACCGCATA-1",0.254386110146584,"singlet"
"CATCATACGGAGCA-1",0.0574505951666647,"singlet"
"CATCATACTCAAGC-1",0.16564297846708,"singlet"
"CATCGCTGGGATCT-1",0.408901766424531,"singlet"
"CATCGCTGTGGCAT-1",0.0499814333690983,"singlet"
"CATCGGCTATGCTG-1",0.202993975092899,"singlet"
"CATCGGCTTTGGCA-1",0.233610705478808,"singlet"
"CATCTCCTATGTGC-1",0.0935865137054615,"singlet"
"CATCTCCTCGAACT-1",0.198802949224881,"singlet"
"CATGAGACGTTGAC-1",0.145883386690183,"singlet"
"CATGCCACGGGTGA-1",0.269504142965384,"singlet"
"CATGCCACTGCCAA-1",0.308002045240377,"singlet"
"CATGCGCTAGTCAC-1",0.145622306085418,"singlet"
"CATGCGCTCAGATC-1",0.0684293069507984,"singlet"
"CATGCGCTTTGCAG-1",0.203617002392643,"singlet"
"CATGGCCTAGGGTG-1",0.0709992834974655,"singlet"
"CATGGCCTGTGCAT-1",0.196532285285167,"singlet"
"CATGTACTATCGTG-1",0.194071770681476,"singlet"
"CATGTTACAGTCGT-1",0.336391061199209,"singlet"
"CATGTTACCTGAGT-1",0.319426573148167,"singlet"
"CATGTTTGGGGATG-1",0.127834369761709,"singlet"
"CATTACACACGGAG-1",0.0657450972768104,"singlet"
"CATTACACCAACTG-1",0.0844285452007436,"singlet"
"CATTACACGGAGTG-1",0.297254364857129,"singlet"
"CATTACACTACTCT-1",0.192750283316323,"singlet"
"CATTAGCTCCACAA-1",0.242375387177755,"singlet"
"CATTGACTAGCGGA-1",0.0690343537715397,"singlet"
"CATTGGGACTCGAA-1",0.284000719395535,"singlet"
"CATTGTACAGCGTT-1",0.218480594362853,"singlet"
"CATTGTACTCGATG-1",0.0556259627537428,"singlet"
"CATTGTACTTATCC-1",0.113286064902125,"singlet"
"CATTGTACTTTGCT-1",0.250034559901029,"singlet"
"CATTGTTGCTAGTG-1",0.117870523207192,"singlet"
"CATTTCGACTCTAT-1",0.230011095012146,"singlet"
"CATTTCGAGATACC-1",0.205233221305561,"singlet"
"CATTTGACCACACA-1",0.180327807203069,"singlet"
"CATTTGACCCTGAA-1",0.352833422393179,"singlet"
"CATTTGTGACGACT-1",0.102026123898762,"singlet"
"CATTTGTGCATTGG-1",0.231147765106602,"singlet"
"CATTTGTGCGGAGA-1",0.13819180690966,"singlet"
"CATTTGTGGGATCT-1",0.127104146977525,"singlet"
"CCAAAGTGCTACGA-1",0.309785291644774,"singlet"
"CCAACCTGAAGTAG-1",0.255571484068952,"singlet"
"CCAACCTGACGTAC-1",0.0908280983644682,"singlet"
"CCAACCTGTTCGCC-1",0.713375215091878,"doublet"
"CCAAGAACCCAATG-1",0.169497846811568,"singlet"
"CCAAGAACGTAGCT-1",0.281245970713832,"singlet"
"CCAAGAACGTGTCA-1",0.184639090352576,"singlet"
"CCAAGAACTACTGG-1",0.125913544252067,"singlet"
"CCAAGATGTCATTC-1",0.172202650927506,"singlet"
"CCAAGATGTTTCAC-1",0.181313319454853,"singlet"
"CCAAGTGAGGAACG-1",0.26305318617562,"singlet"
"CCAAGTGATCAAGC-1",0.49327212499581,"doublet"
"CCAATTTGAACGTC-1",0.253692007455914,"singlet"
"CCACCATGAACGTC-1",0.115666427049835,"singlet"
"CCACCATGATCGGT-1",0.145374300027882,"singlet"
"CCACCATGGACGAG-1",0.253059560702776,"singlet"
"CCACCATGGGGAGT-1",0.160473841127124,"singlet"
"CCACCATGTCCTGC-1",0.221993836647956,"singlet"
"CCACTGACCCGCTT-1",0.0903060893689956,"singlet"
"CCACTGTGTGTAGC-1",0.237965797402946,"singlet"
"CCACTTCTCGGGAA-1",0.234125924041857,"singlet"
"CCAGAAACCCTGTC-1",0.0399315815016079,"singlet"
"CCAGAAACGAACTC-1",0.327363095340761,"singlet"
"CCAGAAACGGTCTA-1",0.166297163928325,"singlet"
"CCAGACCTTGTGGT-1",0.108490970334466,"singlet"
"CCAGCACTGCGATT-1",0.28559530766065,"singlet"
"CCAGCGGAAAGGCG-1",0.0689534084727072,"singlet"
"CCAGCGGACGACTA-1",0.165321312491522,"singlet"
"CCAGCGGATGGGAG-1",0.428920527738238,"singlet"
"CCAGCTACACAGTC-1",0.122689904418087,"singlet"
"CCAGGTCTACACCA-1",0.0552323388400323,"singlet"
"CCAGGTCTAGCATC-1",0.137950305542104,"singlet"
"CCAGGTCTATGGTC-1",0.354838140399092,"singlet"
"CCAGTCACACTGGT-1",0.130239427412425,"singlet"
"CCAGTCACACTGTG-1",0.0872841458921649,"singlet"
"CCAGTCACGTTGTG-1",0.308201740051094,"singlet"
"CCAGTCTGCGGAGA-1",0.501038662379207,"doublet"
"CCAGTGCTAACCAC-1",0.415810921688161,"singlet"
"CCAGTGCTCGTAGT-1",0.243863976259816,"singlet"
"CCATCCGAAAGCAA-1",0.276978369923957,"singlet"
"CCATCCGAAGGTTC-1",0.142896489536108,"singlet"
"CCATCCGATTCGCC-1",0.0575029523096175,"singlet"
"CCATCGTGAACGGG-1",0.239229826419897,"singlet"
"CCATCGTGCTAGAC-1",0.14917734369777,"singlet"
"CCCAACACCTCGCT-1",0.101322014846827,"singlet"
"CCCAACACGCATCA-1",0.121687070775556,"singlet"
"CCCAACACTTTGTC-1",0.291820006610628,"singlet"
"CCCAGACTGCCTTC-1",0.339454304252829,"singlet"
"CCCAGACTGGTTTG-1",0.234076933640896,"singlet"
"CCCAGACTTTCGCC-1",0.155197018633942,"singlet"
"CCCAGTTGCAGTTG-1",0.303844287934726,"singlet"
"CCCAGTTGGGTACT-1",0.186355023065392,"singlet"
"CCCAGTTGTCTATC-1",0.103459415223389,"singlet"
"CCCGATTGTGTTTC-1",0.286025178642152,"singlet"
"CCCTACGAATTGGC-1",0.191815873424299,"singlet"
"CCCTAGTGCAAAGA-1",0.333719848203521,"singlet"
"CCCTCAGACACTTT-1",0.129554255743345,"singlet"
"CCCTCAGACGAGAG-1",0.341898083446048,"singlet"
"CCCTCAGAGGTCAT-1",0.0819371164805363,"singlet"
"CCCTGAACTAAAGG-1",0.06775174539115,"singlet"
"CCCTGATGCAACCA-1",0.267634663939734,"singlet"
"CCCTGATGCAAGCT-1",0.0876730270387619,"singlet"
"CCCTTACTAACCAC-1",0.214758617966779,"singlet"
"CCGAAAACCTTGTT-1",0.330300728675116,"singlet"
"CCGACACTGGTTTG-1",0.313305579344376,"singlet"
"CCGACTACCCAGTA-1",0.197918808982148,"singlet"
"CCGACTACCGTGTA-1",0.0615598987296746,"singlet"
"CCGACTACTGAGGG-1",0.416354993835806,"singlet"
"CCGATAGACCTAAG-1",0.0345146333462983,"singlet"
"CCGATAGAGTTGGT-1",0.181583931672645,"singlet"
"CCGCGAGACACACA-1",0.11014709143605,"singlet"
"CCGCGAGAGGTTCA-1",0.179088958761489,"singlet"
"CCGCTATGGGACGA-1",0.157025882830376,"singlet"
"CCGCTATGTGCAAC-1",0.194098305654806,"singlet"
"CCGCTATGTGCACA-1",0.175940544603577,"singlet"
"CCGGTACTGTCCTC-1",0.401313459057317,"singlet"
"CCGTACACAAGCAA-1",0.224346894385267,"singlet"
"CCGTACACAGCGTT-1",0.160995215785024,"singlet"
"CCGTACACGTCATG-1",0.16792165024951,"singlet"
"CCGTACACGTTGGT-1",0.247576646902827,"singlet"
"CCGTACACTAACGC-1",0.162174001475083,"singlet"
"CCTAAACTTTCGTT-1",0.133549868847187,"singlet"
"CCTAAGGACCCAAA-1",0.116079092738333,"singlet"
"CCTAAGGACTAGCA-1",0.0933369638751943,"singlet"
"CCTAAGGATGATGC-1",0.227892489515361,"singlet"
"CCTAAGGATGTCAG-1",0.120487684033722,"singlet"
"CCTACCGACTCTTA-1",0.136972760051975,"singlet"
"CCTACCGAGGGATG-1",0.184419190362335,"singlet"
"CCTAGAGAGGTGAG-1",0.0793940945365313,"singlet"
"CCTATAACCAAAGA-1",0.14580034255482,"singlet"
"CCTATAACGAGACG-1",0.0802801821741939,"singlet"
"CCTATAACTCAGAC-1",0.116874208284598,"singlet"
"CCTATAACTGCATG-1",0.0651030394804431,"singlet"
"CCTCGAACACTTTC-1",0.104777413031842,"singlet"
"CCTCGAACCCGTAA-1",0.105609563326396,"singlet"
"CCTCGAACGTATCG-1",0.210597733178986,"singlet"
"CCTCGAACTTACTC-1",0.374101129550426,"singlet"
"CCTCTACTCTTCGC-1",0.519455463587693,"doublet"
"CCTCTACTGGCATT-1",0.115540947236509,"singlet"
"CCTGACTGAAGTAG-1",0.137092462911847,"singlet"
"CCTGACTGGGGAGT-1",0.162972764885202,"singlet"
"CCTGACTGTGTCTT-1",0.0890589569068833,"singlet"
"CCTGCAACACGTTG-1",0.45361736100743,"doublet"
"CCTGGACTCGTGAT-1",0.139703624187809,"singlet"
"CCTTAATGCCCAAA-1",0.082746752758611,"singlet"
"CCTTAATGTTCTAC-1",0.296193071049181,"singlet"
"CCTTCACTACGACT-1",0.37359039377698,"singlet"
"CCTTCACTCAGTCA-1",0.15930719922253,"singlet"
"CCTTCACTGGAGTG-1",0.0953717852423588,"singlet"
"CCTTTAGATTCATC-1",0.312406807239841,"singlet"
"CGAACATGCCCTAC-1",0.181918788165709,"singlet"
"CGAACATGTCAGAC-1",0.300758446193785,"singlet"
"CGAAGACTGGAACG-1",0.253314227332656,"singlet"
"CGAAGACTGTTACG-1",0.0941682891820444,"singlet"
"CGAAGGGAAACCTG-1",0.257253646288962,"singlet"
"CGAAGGGATCCGAA-1",0.177063515426382,"singlet"
"CGAAGTACCAACTG-1",0.0524797203817285,"singlet"
"CGAATCGAGGAGGT-1",0.38137159667954,"singlet"
"CGACAAACCCATAG-1",0.211946862249047,"singlet"
"CGACAAACCGACAT-1",0.238788952481309,"singlet"
"CGACCACTAAAGTG-1",0.120636691647649,"singlet"
"CGACCACTGCCAAT-1",0.187312317080459,"singlet"
"CGACCGGAAGGTCT-1",0.140129473571462,"singlet"
"CGACCGGATGGAAA-1",0.386564127635013,"singlet"
"CGACCTTGCTAGTG-1",0.173925898107579,"singlet"
"CGACGTCTATCGTG-1",0.268378299285444,"singlet"
"CGACGTCTCGTGTA-1",0.171068677280496,"singlet"
"CGACTCACGTCGTA-1",0.270037936125145,"singlet"
"CGACTCTGTGTGAC-1",0.338939758365322,"singlet"
"CGACTGCTTCCTCG-1",0.210676483820008,"singlet"
"CGAGAACTAAGGCG-1",0.199475363475934,"singlet"
"CGAGAACTACGTTG-1",0.086638131223413,"singlet"
"CGAGAACTTGTTCT-1",0.0817089543381855,"singlet"
"CGAGATTGGACACT-1",0.162181439320792,"singlet"
"CGAGCCGAACACCA-1",0.253821543163816,"singlet"
"CGAGCCGAGGCGAA-1",0.265537645187674,"singlet"
"CGAGCGTGCTCCAC-1",0.591006665270826,"doublet"
"CGAGCGTGGATACC-1",0.358946358197337,"singlet"
"CGAGCGTGTATGCG-1",0.0712051880123797,"singlet"
"CGAGGAGACCTCCA-1",0.0507499874224886,"singlet"
"CGAGGCACCTATGG-1",0.169360102276381,"singlet"
"CGAGGCACTATGCG-1",0.26042680320254,"singlet"
"CGAGGCACTCTTCA-1",0.306227454140195,"singlet"
"CGAGGCTGACGCTA-1",0.0326896090057283,"singlet"
"CGAGGCTGGCAGTT-1",0.15584594183909,"singlet"
"CGAGGGCTACGACT-1",0.0681593142455678,"singlet"
"CGAGTATGTCACCC-1",0.227766502943686,"singlet"
"CGATACGAACAGTC-1",0.22653048512023,"singlet"
"CGATACGACAGGAG-1",0.481313303469302,"doublet"
"CGATACGATTCACT-1",0.031195184566354,"singlet"
"CGATAGACCCGTAA-1",0.0239358419604337,"singlet"
"CGATAGACCGTACA-1",0.199006358231793,"singlet"
"CGATAGACGTAGGG-1",0.118338804349853,"singlet"
"CGATAGACTGTTCT-1",0.128932127151625,"singlet"
"CGATCAGAAGAACA-1",0.33406803090131,"singlet"
"CGATCAGAGAGGGT-1",0.225075143200066,"singlet"
"CGATCAGAGGTACT-1",0.601773257843913,"doublet"
"CGATCAGATGTGAC-1",0.423220855421899,"singlet"
"CGATCCACCGGGAA-1",0.294525728666271,"singlet"
"CGCAACCTCCTTGC-1",0.25194911515706,"singlet"
"CGCAACCTGGACGA-1",0.314554340736181,"singlet"
"CGCACGGAGGACGA-1",0.0375719348412412,"singlet"
"CGCACGGATCTTTG-1",0.0598928082441587,"singlet"
"CGCACTACAGAATG-1",0.192757242210373,"singlet"
"CGCACTACAGCCAT-1",0.371219750864126,"singlet"
"CGCACTACATTGGC-1",0.255678865243082,"singlet"
"CGCACTACTCGCCT-1",0.0800951523311379,"singlet"
"CGCACTACTCGTGA-1",0.378009840912401,"singlet"
"CGCACTTGTCACGA-1",0.275306996327092,"singlet"
"CGCAGGACAGATCC-1",0.350948348448496,"singlet"
"CGCAGGACTTGTCT-1",0.244480683436269,"singlet"
"CGCAGGTGCACTGA-1",0.284511499657354,"singlet"
"CGCAGGTGCCATAG-1",0.301381376413726,"singlet"
"CGCAGGTGGGAACG-1",0.264010921013457,"singlet"
"CGCCATACTGCAAC-1",0.476069679206394,"doublet"
"CGCCATTGAGAGGC-1",0.290652552735768,"singlet"
"CGCCATTGCTATGG-1",0.187537350270264,"singlet"
"CGCCATTGGAGACG-1",0.225041431895802,"singlet"
"CGCCATTGGAGCAG-1",0.129452568771435,"singlet"
"CGCCATTGTACTGG-1",0.114553938094701,"singlet"
"CGCCGAGAGCTTAG-1",0.232420952510553,"singlet"
"CGCCTAACGAATGA-1",0.210313242100531,"singlet"
"CGCCTAACTGCTCC-1",0.263473760882755,"singlet"
"CGCGAGACACAGCT-1",0.316550767188,"singlet"
"CGCGAGACAGGTCT-1",0.21618778429696,"singlet"
"CGCGAGACGCTACA-1",0.280789823347312,"singlet"
"CGCGATCTCAGTCA-1",0.21648639739487,"singlet"
"CGCGATCTGTTGAC-1",0.124687546052804,"singlet"
"CGCGATCTTTCTTG-1",0.14252761076126,"singlet"
"CGCGGATGGCCAAT-1",0.269539101150343,"singlet"
"CGCTAAGAATGTCG-1",0.301823694115325,"singlet"
"CGCTAAGACAACTG-1",0.148622748065368,"singlet"
"CGCTAAGACCCTTG-1",0.263986603118581,"singlet"
"CGCTACTGAACAGA-1",0.215598052655023,"singlet"
"CGCTACTGAGAACA-1",0.220903074257199,"singlet"
"CGCTACTGTGAGCT-1",0.238699682623438,"singlet"
"CGCTACTGTTCCCG-1",0.133339710993068,"singlet"
"CGCTCATGCATTTC-1",0.0589542539480221,"singlet"
"CGGAATTGGTTTGG-1",0.288235092733204,"singlet"
"CGGAATTGTGGAGG-1",0.270329057216786,"singlet"
"CGGACCGATGCGTA-1",0.193042270392492,"singlet"
"CGGACTCTAAACAG-1",0.0224414480568114,"singlet"
"CGGACTCTCCAATG-1",0.194459404866663,"singlet"
"CGGACTCTCCTCGT-1",0.139982489926939,"singlet"
"CGGAGGCTTGGATC-1",0.184758394681766,"singlet"
"CGGATAACAACGAA-1",0.125334210449589,"singlet"
"CGGATAACAGCTCA-1",0.192611440736601,"singlet"
"CGGCACGAACTCAG-1",0.351092545215312,"singlet"
"CGGCACGAAGGGTG-1",0.222300009765415,"singlet"
"CGGCACGACTACGA-1",0.0976482271588886,"singlet"
"CGGCATCTTAGAAG-1",0.276815930966778,"singlet"
"CGGCATCTTCGTAG-1",0.22797559687523,"singlet"
"CGGCCAGAAAGGTA-1",0.138247122229523,"singlet"
"CGGCCAGAGAGGCA-1",0.273354215422563,"singlet"
"CGGCGAACCAGTCA-1",0.272672017313235,"singlet"
"CGGCGAACGACAAA-1",0.107310292008117,"singlet"
"CGGCGAACGGTCTA-1",0.344337644594765,"singlet"
"CGGCGAACTACTTC-1",0.180770051296464,"singlet"
"CGGGACTGCGTGTA-1",0.175492698411755,"singlet"
"CGGGACTGGAATAG-1",0.298779756512488,"singlet"
"CGGGCATGTCTCTA-1",0.522159104509432,"doublet"
"CGGGCATGTTGTGG-1",0.189655489217386,"singlet"
"CGGTAAACTCGCAA-1",0.401607629146743,"singlet"
"CGGTCACTGTTTGG-1",0.296063923395943,"singlet"
"CGGTCACTTACTTC-1",0.371152521385274,"singlet"
"CGTAACGATCGCCT-1",0.36724073448687,"singlet"
"CGTACCACACACAC-1",0.197438501773273,"singlet"
"CGTACCACACGTTG-1",0.121688779399254,"singlet"
"CGTACCACCTCATT-1",0.121593149490095,"singlet"
"CGTACCACGGAGCA-1",0.19303808252886,"singlet"
"CGTACCTGGCATCA-1",0.272724076217986,"singlet"
"CGTAGCCTCTCTCG-1",0.147615554442448,"singlet"
"CGTAGCCTGCGAAG-1",0.352786388195287,"singlet"
"CGTAGCCTGTATGC-1",0.236476023530407,"singlet"
"CGTCAAGAAAGGTA-1",0.0198476470159816,"singlet"
"CGTCAAGAACGTGT-1",0.29815374768565,"singlet"
"CGTCAAGACAGAGG-1",0.423652654691597,"singlet"
"CGTCAAGACAGGAG-1",0.330427930995943,"singlet"
"CGTCCATGCTCTTA-1",0.433026142284679,"singlet"
"CGTCGACTTTCCGC-1",0.250087650701585,"singlet"
"CGTGATGAGGTTCA-1",0.189990371870798,"singlet"
"CGTGCACTTATGGC-1",0.127820261217169,"singlet"
"CGTGTAGAAAAACG-1",0.151470593293906,"singlet"
"CGTGTAGACGATAC-1",0.409526651340516,"singlet"
"CGTGTAGAGTTACG-1",0.156052547687301,"singlet"
"CGTGTAGAGTTCAG-1",0.0867573459859277,"singlet"
"CGTGTAGATTCGGA-1",0.0927961090295236,"singlet"
"CGTTAGGAAACCAC-1",0.228848367116678,"singlet"
"CGTTAGGATCATTC-1",0.27257824311454,"singlet"
"CGTTATACCCTGAA-1",0.22757834179786,"singlet"
"CGTTTAACTGGTCA-1",0.363570291138758,"singlet"
"CTAAACCTCTGACA-1",0.147348543902413,"singlet"
"CTAAACCTGTGCAT-1",0.148635642735601,"singlet"
"CTAACACTAACGTC-1",0.258790669340351,"singlet"
"CTAACACTAGTGCT-1",0.228056281162888,"singlet"
"CTAACGGAACCGAT-1",0.0508088762739258,"singlet"
"CTAACGGATTTCTG-1",0.148009858946571,"singlet"
"CTAACTACGGCAAG-1",0.120799949924793,"singlet"
"CTAAGGACACCATG-1",0.233841531577202,"singlet"
"CTAAGGACCGTTAG-1",0.419817934860826,"singlet"
"CTAAGGACGCCATA-1",0.270062209695807,"singlet"
"CTAAGGTGTTGCAG-1",0.248982223524931,"singlet"
"CTAATGCTTGTGGT-1",0.159885451982914,"singlet"
"CTACAACTCCCGTT-1",0.228461316913844,"singlet"
"CTACCTCTCAACCA-1",0.375721617661682,"singlet"
"CTACGCACACCTAG-1",0.247981388866449,"singlet"
"CTACGCACTCTCCG-1",0.335022370646042,"singlet"
"CTACGCACTGGTCA-1",0.352616190336542,"singlet"
"CTACGGCTTTCTTG-1",0.37453227870422,"singlet"
"CTACTATGAACCAC-1",0.243715006187132,"singlet"
"CTACTATGATGTGC-1",0.0590245477893166,"singlet"
"CTACTATGCTAAGC-1",0.327856946848976,"singlet"
"CTACTATGTAAAGG-1",0.02766250080558,"singlet"
"CTACTCCTATGTCG-1",0.132901314039977,"singlet"
"CTAGAGACACTTTC-1",0.412061517163542,"singlet"
"CTAGAGACAGCATC-1",0.235053388461432,"singlet"
"CTAGAGACTTTGGG-1",0.402053826193131,"singlet"
"CTAGATCTCTCTAT-1",0.206141777318051,"singlet"
"CTAGATCTTCGACA-1",0.4207898554668,"singlet"
"CTAGGATGAGCCTA-1",0.594478384126114,"doublet"
"CTAGGATGATCGTG-1",0.128946596618667,"singlet"
"CTAGGCCTCTCAGA-1",0.138457976730139,"singlet"
"CTAGGTGATGGTTG-1",0.145209539544791,"singlet"
"CTAGTTACCAGAGG-1",0.236400909624048,"singlet"
"CTAGTTACCGCATA-1",0.340935497714139,"singlet"
"CTAGTTACGAAACA-1",0.141827158610695,"singlet"
"CTATAAGATCGTTT-1",0.141756155174638,"singlet"
"CTATACTGCCAGTA-1",0.20063113539052,"singlet"
"CTATACTGCGCTAA-1",0.117702674918548,"singlet"
"CTATACTGCTACGA-1",0.16892084612604,"singlet"
"CTATACTGTCTCAT-1",0.0504260585179645,"singlet"
"CTATACTGTTCGTT-1",0.538963319882179,"doublet"
"CTATAGCTGTCACA-1",0.0699640225981977,"singlet"
"CTATAGCTTCGCTC-1",0.294687359789183,"singlet"
"CTATAGCTTGCCTC-1",0.162131124954004,"singlet"
"CTATCAACGAACTC-1",0.496769353304518,"doublet"
"CTATCAACGCAGAG-1",0.346720704871355,"singlet"
"CTATCAACTTTGGG-1",0.166858016176848,"singlet"
"CTATCCCTCCACCT-1",0.151613888681795,"singlet"
"CTATGTACGAGAGC-1",0.2931311598615,"singlet"
"CTATGTACGCTTAG-1",0.163018283533803,"singlet"
"CTATGTACTGTTTC-1",0.742830823224162,"doublet"
"CTATGTTGAAAGCA-1",0.282673777687978,"singlet"
"CTATGTTGTCCTCG-1",0.103003755025204,"singlet"
"CTATGTTGTCTCGC-1",0.447819421145831,"doublet"
"CTATTGACAAACGA-1",0.0727132695227211,"singlet"
"CTATTGACACTGGT-1",0.182818920207252,"singlet"
"CTATTGACGGTGAG-1",0.246036954515574,"singlet"
"CTATTGTGGCAAGG-1",0.16559001060749,"singlet"
"CTCAATTGGTTCAG-1",0.345325355506811,"singlet"
"CTCAATTGGTTGCA-1",0.106410487416531,"singlet"
"CTCAGAGATAGAAG-1",0.281961119428065,"singlet"
"CTCAGCACTCTAGG-1",0.475441776513749,"doublet"
"CTCAGCACTTGCAG-1",0.13636038317465,"singlet"
"CTCAGCTGAACCTG-1",0.447063265126649,"doublet"
"CTCAGCTGCAGTTG-1",0.253036831090072,"singlet"
"CTCAGGCTCGTTGA-1",0.21215970344746,"singlet"
"CTCAGGCTGCTAAC-1",0.112842838517377,"singlet"
"CTCATTGACCTTAT-1",0.560126023283966,"doublet"
"CTCATTGATGCTTT-1",0.317937657127774,"singlet"
"CTCCACGAGAGATA-1",0.233254008671399,"singlet"
"CTCCATCTCTTAGG-1",0.169762608408357,"singlet"
"CTCCATCTGACGAG-1",0.285006525985755,"singlet"
"CTCCGAACAAGTGA-1",0.0782735432557372,"singlet"
"CTCCTACTGCCTTC-1",0.0417477359106683,"singlet"
"CTCGAAGATGTGGT-1",0.249156194449866,"singlet"
"CTCGAAGATTAGGC-1",0.199556411355094,"singlet"
"CTCGACTGCTCTAT-1",0.166067924939794,"singlet"
"CTCGACTGGGTGAG-1",0.0765675697811832,"singlet"
"CTCGACTGGTTGAC-1",0.105845076537552,"singlet"
"CTCGAGCTCTGGAT-1",0.10743062988563,"singlet"
"CTCGCATGACTTTC-1",0.233724272391655,"singlet"
"CTCGCATGCTTAGG-1",0.267145568891778,"singlet"
"CTCTAAACCTCGAA-1",0.242636291765614,"singlet"
"CTCTAAACGGCGAA-1",0.0647656082811917,"singlet"
"CTCTAATGTCCAAG-1",0.276039090259651,"singlet"
"CTGAACGACAGTCA-1",0.206932849422065,"singlet"
"CTGAACGATGAGGG-1",0.243973474652734,"singlet"
"CTGAAGACCCAACA-1",0.216276340901478,"singlet"
"CTGAAGACGTGCAT-1",0.153002763748401,"singlet"
"CTGAAGTGAAGCCT-1",0.123616542095892,"singlet"
"CTGAAGTGCAGCTA-1",0.0729697226228514,"singlet"
"CTGAAGTGGCTATG-1",0.114284024348324,"singlet"
"CTGAAGTGTCCAGA-1",0.332907243338169,"singlet"
"CTGAATCTGAATAG-1",0.321871828770649,"singlet"
"CTGACAGAATCGTG-1",0.256862866673418,"singlet"
"CTGACCACAGCAAA-1",0.211963188595381,"singlet"
"CTGAGAACCGGGAA-1",0.340463324906234,"singlet"
"CTGAGAACGTAAAG-1",0.0534453101942911,"singlet"
"CTGATACTAGTAGA-1",0.174305217961922,"singlet"
"CTGATTTGGTGTTG-1",0.157154022584345,"singlet"
"CTGCAGCTAACCGT-1",0.115702630653678,"singlet"
"CTGCAGCTGACACT-1",0.143098864811294,"singlet"
"CTGCAGCTGGATTC-1",0.194430405139992,"singlet"
"CTGCAGCTTGGCAT-1",0.625899858846533,"doublet"
"CTGCCAACAGGAGC-1",0.345297557518903,"singlet"
"CTGCCAACCAGCTA-1",0.283986000833426,"singlet"
"CTGCCAACTAACCG-1",0.219919498975117,"singlet"
"CTGCCAACTGCTCC-1",0.290344176055827,"singlet"
"CTGCCAACTTGCAG-1",0.100784984800488,"singlet"
"CTGCCAACTTGCTT-1",0.313882780484647,"singlet"
"CTGGAAACAAACGA-1",0.193911793750993,"singlet"
"CTGGAAACATCGAC-1",0.40507533939719,"singlet"
"CTGGATGACTGGAT-1",0.231185650839104,"singlet"
"CTGGATGACTTGTT-1",0.17459031209034,"singlet"
"CTGGCACTCAAGCT-1",0.142988063235213,"singlet"
"CTGTAACTAACCAC-1",0.309987847985059,"singlet"
"CTGTAACTAGCGTT-1",0.237995100965815,"singlet"
"CTGTATACGTACGT-1",0.195335738046376,"singlet"
"CTGTATACGTTGGT-1",0.251797286882448,"singlet"
"CTGTGAGACAACCA-1",0.125170583739565,"singlet"
"CTGTGAGACCTTGC-1",0.167303438503149,"singlet"
"CTGTGAGACGAACT-1",0.226767067343692,"singlet"
"CTGTGAGACTGTAG-1",0.262816972627476,"singlet"
"CTTAAAGAACCTGA-1",0.109482949009378,"singlet"
"CTTAACACCTGTAG-1",0.392956692240664,"singlet"
"CTTAACACTATCGG-1",0.0685781870262215,"singlet"
"CTTAAGCTACCTAG-1",0.330118165680507,"singlet"
"CTTAAGCTCATCAG-1",0.0975554407256792,"singlet"
"CTTAAGCTCCGCTT-1",0.117294111627257,"singlet"
"CTTACAACTAACGC-1",0.279821663343378,"singlet"
"CTTACAACTCCCGT-1",0.0877423605485413,"singlet"
"CTTACTGACGTACA-1",0.0870137256143326,"singlet"
"CTTAGACTAAACGA-1",0.30990390310146,"singlet"
"CTTAGGGACTTGCC-1",0.425955131033255,"singlet"
"CTTAGGGAGAATCC-1",0.0714136998651015,"singlet"
"CTTATCGACTCATT-1",0.242312648960112,"singlet"
"CTTCACCTACCTGA-1",0.278794180595799,"singlet"
"CTTCATGAAGCATC-1",0.0916126790304326,"singlet"
"CTTCATGAAGTACC-1",0.22413113963402,"singlet"
"CTTGAACTACGCAT-1",0.164228101674728,"singlet"
"CTTGATTGAGGTTC-1",0.210172716054035,"singlet"
"CTTGATTGATCTTC-1",0.202062654823397,"singlet"
"CTTGATTGCATTCT-1",0.152234998671921,"singlet"
"CTTGATTGTTTCGT-1",0.356302950564998,"singlet"
"CTTGTATGACACCA-1",0.125495774531468,"singlet"
"CTTTACGAGCGAAG-1",0.0654121791991583,"singlet"
"CTTTAGACCGTGAT-1",0.075349175355042,"singlet"
"CTTTAGACGAGACG-1",0.127860392897054,"singlet"
"CTTTAGACGATACC-1",0.316195166550465,"singlet"
"CTTTAGACGTTGGT-1",0.385587739278841,"singlet"
"CTTTAGACTCATTC-1",0.413000108490681,"singlet"
"CTTTAGTGACGGGA-1",0.0852763951746086,"singlet"
"CTTTAGTGGGTGGA-1",0.0663671885871313,"singlet"
"CTTTCAGAGAAACA-1",0.357101675434704,"singlet"
"CTTTGATGAGCACT-1",0.256264833689287,"singlet"
"CTTTGATGTCTAGG-1",0.265994193330193,"singlet"
"CTTTGATGTGTCCC-1",0.257541215370121,"singlet"
"CTTTGATGTGTGGT-1",0.272249335150534,"singlet"
"GAAACAGAACTACG-1",0.174159659859878,"singlet"
"GAAACAGAATCACG-1",0.313228880023173,"singlet"
"GAAACAGACATTCT-1",0.157219368335796,"singlet"
"GAAACCTGATCGTG-1",0.247504704553452,"singlet"
"GAAACCTGATGCCA-1",0.295684765738702,"singlet"
"GAAACCTGCTTATC-1",0.428292687245368,"singlet"
"GAAACCTGGACTAC-1",0.179950660935051,"singlet"
"GAAACCTGTGCTAG-1",0.225086071830848,"singlet"
"GAAAGATGATTTCC-1",0.371193401876582,"singlet"
"GAAAGATGCTGATG-1",0.129341597896841,"singlet"
"GAAAGATGCTTCGC-1",0.0904410882024902,"singlet"
"GAAAGCCTACGTTG-1",0.0624594577610485,"singlet"
"GAAAGTGAAAGTGA-1",0.262271911819338,"singlet"
"GAAAGTGACCACAA-1",0.212605139424689,"singlet"
"GAAAGTGACTCAAG-1",0.277551248556307,"singlet"
"GAAATACTCTTAGG-1",0.116295950358119,"singlet"
"GAAATACTTCCTCG-1",0.256753376165381,"singlet"
"GAACACACGTGCAT-1",0.227685285269709,"singlet"
"GAACACACTGCCTC-1",0.193380567976674,"singlet"
"GAACAGCTAACTGC-1",0.252211780008859,"singlet"
"GAACAGCTCTCAGA-1",0.121082079656722,"singlet"
"GAACCAACTTCCGC-1",0.0582501113106004,"singlet"
"GAACCTGAACGTGT-1",0.537930254263848,"doublet"
"GAACCTGAGAGACG-1",0.273987355279257,"singlet"
"GAACCTGATGAACC-1",0.373350647423414,"singlet"
"GAACGGGATACTTC-1",0.11489313329295,"singlet"
"GAACTGTGACCTGA-1",0.209625417875864,"singlet"
"GAACTGTGCCAGTA-1",0.203570803404406,"singlet"
"GAAGAATGCAATCG-1",0.139392680815358,"singlet"
"GAAGCGGACCTATT-1",0.279348153767957,"singlet"
"GAAGCTACGAATGA-1",0.201046565642777,"singlet"
"GAAGCTACGGTTTG-1",0.304345272387598,"singlet"
"GAAGGGTGAAAGTG-1",0.230025278857043,"singlet"
"GAAGGGTGCTTAGG-1",0.233111984852178,"singlet"
"GAAGGTCTGAAAGT-1",0.272755533962201,"singlet"
"GAAGGTCTGTTGCA-1",0.243918245731875,"singlet"
"GAAGGTCTTAAAGG-1",0.309780916791943,"singlet"
"GAAGTAGACTCCCA-1",0.278631541694241,"singlet"
"GAAGTAGATCCAAG-1",0.0889023485945805,"singlet"
"GAAGTCACCCTCGT-1",0.128479814575738,"singlet"
"GAAGTCACCCTGTC-1",0.0782697817602119,"singlet"
"GAAGTCTGTCGCAA-1",0.0841731167244218,"singlet"
"GAAGTCTGTTCTGT-1",0.0778361968914887,"singlet"
"GAAGTGCTAAACGA-1",0.0338967143315742,"singlet"
"GAAGTGCTCCGCTT-1",0.224853154465193,"singlet"
"GAAGTGCTTAACCG-1",0.430261349506469,"singlet"
"GAATGCACCCTAAG-1",0.284241654909872,"singlet"
"GAATGCACCTTCGC-1",0.117903562441851,"singlet"
"GAATGCTGCGGTAT-1",0.168066349413613,"singlet"
"GAATTAACGATAAG-1",0.21597486364859,"singlet"
"GAATTAACGGTCAT-1",0.227616555645936,"singlet"
"GAATTAACGTCGTA-1",0.104669281350771,"singlet"
"GAATTAACTGAAGA-1",0.37268990069763,"singlet"
"GACAACACAGGCGA-1",0.134702327166759,"singlet"
"GACAACACATCGTG-1",0.26198583629805,"singlet"
"GACAACACTCGCCT-1",0.232980899058689,"singlet"
"GACAACTGAGGTTC-1",0.297964607816463,"singlet"
"GACAGGGAAGAGTA-1",0.0531232900117575,"singlet"
"GACAGGGAATGCCA-1",0.27300653624583,"singlet"
"GACAGTACGAGCTT-1",0.217908998435515,"singlet"
"GACAGTACTTCGGA-1",0.244962460512109,"singlet"
"GACAGTTGAGTAGA-1",0.279319826874602,"singlet"
"GACATTCTCCACCT-1",0.291169807302147,"singlet"
"GACCAAACGACTAC-1",0.0865100565921351,"singlet"
"GACCAAACGTATCG-1",0.082476029759889,"singlet"
"GACCCTACTAAAGG-1",0.0995218233460489,"singlet"
"GACCTAGACCTCAC-1",0.160606029824337,"singlet"
"GACCTAGACGAGAG-1",0.256159214704203,"singlet"
"GACCTCACAAGGTA-1",0.0473247923671797,"singlet"
"GACCTCACGTACGT-1",0.346695228521597,"singlet"
"GACCTCTGCATCAG-1",0.24620315634734,"singlet"
"GACGAACTCCCACT-1",0.22248184298861,"singlet"
"GACGATTGCCAATG-1",0.0798880436315575,"singlet"
"GACGCCGACCTTCG-1",0.368281797694156,"singlet"
"GACGGCACACGGGA-1",0.114753522355374,"singlet"
"GACGGCACGAGATA-1",0.191437220226394,"singlet"
"GACGTAACCTATGG-1",0.335794805204855,"singlet"
"GACGTAACCTGTGA-1",0.416116370296702,"singlet"
"GACGTAACTATGGC-1",0.468872768868138,"doublet"
"GACGTATGTTGACG-1",0.279932288503577,"singlet"
"GACGTATGTTTGCT-1",0.236123090162445,"singlet"
"GACGTCCTACGGAG-1",0.220910562062631,"singlet"
"GACGTCCTCTCAAG-1",0.224902775822527,"singlet"
"GACGTCCTGATAAG-1",0.170353437352728,"singlet"
"GACTACGATGGTCA-1",0.13492918892887,"singlet"
"GACTCCTGCTCGCT-1",0.26469581987018,"singlet"
"GACTCCTGGGTTAC-1",0.278867000565255,"singlet"
"GACTCCTGTTATCC-1",0.166471829835799,"singlet"
"GACTCCTGTTGGTG-1",0.206129203743563,"singlet"
"GACTGAACCAATCG-1",0.20361334411303,"singlet"
"GACTGATGTGATGC-1",0.207439943614366,"singlet"
"GACTTTACATGCCA-1",0.110887204542775,"singlet"
"GACTTTACGACAGG-1",0.0944010561257868,"singlet"
"GAGAAATGTTCTCA-1",0.0431678557088042,"singlet"
"GAGATAGAAAAAGC-1",0.246686057891172,"singlet"
"GAGATCACGACAAA-1",0.0763975969350208,"singlet"
"GAGATGCTCTGGAT-1",0.218907830864966,"singlet"
"GAGATGCTGAATGA-1",0.1855612300758,"singlet"
"GAGCAGGATTCCCG-1",0.237361304204052,"singlet"
"GAGCATACTTTGCT-1",0.875215869673925,"doublet"
"GAGCGCACGCGTAT-1",0.0907596520958141,"singlet"
"GAGCGCTGAAGATG-1",0.119438477232512,"singlet"
"GAGCGCTGTCTTAC-1",0.0645692063271145,"singlet"
"GAGCGGCTGGGAGT-1",0.0862612028831648,"singlet"
"GAGGACGACTCAGA-1",0.19568541902533,"singlet"
"GAGGCAGACTTGCC-1",0.186340311764338,"singlet"
"GAGGGAACACCAGT-1",0.167877456478264,"singlet"
"GAGGGAACGAGGGT-1",0.297247553354895,"singlet"
"GAGGGATGGGAAAT-1",0.159262434297378,"singlet"
"GAGGGCCTTCACCC-1",0.298611263133944,"singlet"
"GAGGGTGAAGAGTA-1",0.22042284356457,"singlet"
"GAGGTACTACGGTT-1",0.131854137223938,"singlet"
"GAGGTACTACTCAG-1",0.0961748555323793,"singlet"
"GAGGTACTGACACT-1",0.281003728982657,"singlet"
"GAGGTACTGGGAGT-1",0.148718779626583,"singlet"
"GAGGTACTTAGCGT-1",0.223225335869835,"singlet"
"GAGGTGGAGTACGT-1",0.109122888160726,"singlet"
"GAGGTGGATCCTCG-1",0.129734851452579,"singlet"
"GAGGTTACTCGTTT-1",0.518691586536667,"doublet"
"GAGTCAACGGGAGT-1",0.0825729308110995,"singlet"
"GAGTCTGATCGTGA-1",0.342100855319765,"singlet"
"GAGTCTGATTTGGG-1",0.0579579270962862,"singlet"
"GAGTGACTCAGCTA-1",0.415531645231535,"singlet"
"GAGTGACTCGGTAT-1",0.284264792952853,"singlet"
"GAGTGACTCTTGCC-1",0.152439694188829,"singlet"
"GAGTGACTGTCTAG-1",0.237817754931438,"singlet"
"GAGTGGGAGTCTTT-1",0.0638316875377634,"singlet"
"GAGTGGGATGCCCT-1",0.0904508494053917,"singlet"
"GAGTGGGATGCTGA-1",0.0566312269400093,"singlet"
"GAGTGTTGCTGTAG-1",0.356128565262502,"singlet"
"GAGTGTTGTGGTCA-1",0.169699943762526,"singlet"
"GAGTTGTGCTGAGT-1",0.205705384525101,"singlet"
"GAGTTGTGGTAGCT-1",0.102516170724737,"singlet"
"GAGTTGTGTATGCG-1",0.141873362836292,"singlet"
"GATAAGGATTCACT-1",0.238954861895069,"singlet"
"GATACTCTATCGGT-1",0.280729095205105,"singlet"
"GATACTCTTACTTC-1",0.386228418592982,"singlet"
"GATACTCTTGACTG-1",0.151683435598234,"singlet"
"GATAGAGAAGGGTG-1",0.206253027053672,"singlet"
"GATAGAGACTGTGA-1",0.332439116020349,"singlet"
"GATAGAGATCACGA-1",0.225076330522566,"singlet"
"GATAGCACCCATAG-1",0.299844815871655,"singlet"
"GATAGCACGAAGGC-1",0.244348833681593,"singlet"
"GATAGCACTTGTCT-1",0.20358847710965,"singlet"
"GATATAACAAGGTA-1",0.434977309983945,"singlet"
"GATATAACACGCAT-1",0.113882455292967,"singlet"
"GATATATGCTGGAT-1",0.131323535686028,"singlet"
"GATATATGTCCGTC-1",0.166977804697471,"singlet"
"GATATATGTGGAGG-1",0.769109218419106,"doublet"
"GATATCCTAGAAGT-1",0.355012003118283,"singlet"
"GATATTGACAGGAG-1",0.206404951259708,"singlet"
"GATATTGACGAGTT-1",0.140847071301513,"singlet"
"GATATTGAGCCAAT-1",0.129592782559842,"singlet"
"GATCCCTGACCTTT-1",0.151681800962427,"singlet"
"GATCCCTGTGTAGC-1",0.320794281540248,"singlet"
"GATCCGCTGGTCAT-1",0.292635590795352,"singlet"
"GATCGAACCGAGAG-1",0.558251442123616,"doublet"
"GATCGATGACTAGC-1",0.057328741323047,"singlet"
"GATCGATGGTAAAG-1",0.0736761188493973,"singlet"
"GATCGATGTAAGGA-1",0.220547003921481,"singlet"
"GATCGTGACACTAG-1",0.169649030730965,"singlet"
"GATCGTGATTCACT-1",0.375306664069075,"singlet"
"GATCTACTGGTGAG-1",0.246789369583078,"singlet"
"GATCTACTTTGCAG-1",0.144940397459247,"singlet"
"GATCTTACACCCAA-1",0.156361880284195,"singlet"
"GATCTTACCCTACC-1",0.257528334693808,"singlet"
"GATCTTACGAATAG-1",0.136166771845342,"singlet"
"GATCTTACGAGATA-1",0.0664522833482628,"singlet"
"GATGCAACTCCAGA-1",0.24898639646727,"singlet"
"GATGCCCTACGTAC-1",0.456259042133905,"doublet"
"GATGCCCTCTCATT-1",0.462026671771874,"doublet"
"GATGCCCTGGCAAG-1",0.175600502600931,"singlet"
"GATGCCCTTTTGCT-1",0.19696690496175,"singlet"
"GATTACCTTGTTCT-1",0.165772434529704,"singlet"
"GATTCGGAACGACT-1",0.156425439371303,"singlet"
"GATTCGGACAGGAG-1",0.21363695829504,"singlet"
"GATTCGGAGAAGGC-1",0.136273237622419,"singlet"
"GATTCTTGATTCGG-1",0.23015294347933,"singlet"
"GATTCTTGCCGATA-1",0.207675517334039,"singlet"
"GATTCTTGCGAGTT-1",0.0864468593564775,"singlet"
"GATTGGACCCGTTC-1",0.661454312328418,"doublet"
"GATTGGACGGTGTT-1",0.139059785128254,"singlet"
"GATTGGACTTTCGT-1",0.0779287464490432,"singlet"
"GATTGGTGTGTCAG-1",0.298538159478735,"singlet"
"GATTTAGACACTCC-1",0.148350098590095,"singlet"
"GATTTAGACTAAGC-1",0.353104206586213,"singlet"
"GATTTGCTAACGAA-1",0.306320327932028,"singlet"
"GCAACTGATTGCGA-1",0.249988180470795,"singlet"
"GCAAGACTACTGGT-1",0.429224306314565,"singlet"
"GCAAGACTAGGTCT-1",0.333701944059735,"singlet"
"GCAAGACTCCCTTG-1",0.370642446175886,"singlet"
"GCAATCGACTGCAA-1",0.31362988803655,"singlet"
"GCAATCGAGACGTT-1",0.413634905822171,"singlet"
"GCAATCGATCCTTA-1",0.12735142494506,"singlet"
"GCAATTCTCGTGTA-1",0.229130994419856,"singlet"
"GCAATTCTTCTCCG-1",0.514096253682447,"doublet"
"GCACAAACAATGCC-1",0.267991507891002,"singlet"
"GCACAAACGGTACT-1",0.354770549197768,"singlet"
"GCACAATGGTGCAT-1",0.306738462803771,"singlet"
"GCACACCTGTGCTA-1",0.0644989884734493,"singlet"
"GCACCACTCATGAC-1",0.73349263963665,"doublet"
"GCACCACTTCCTTA-1",0.0785206690726477,"singlet"
"GCACCACTTTCGGA-1",0.184257253745384,"singlet"
"GCACCTACGCGATT-1",0.433519407860723,"singlet"
"GCACCTTGGCTGTA-1",0.153426289539465,"singlet"
"GCACCTTGGGGAGT-1",0.194439351337805,"singlet"
"GCACGGACCAGCTA-1",0.313470346538468,"singlet"
"GCACGGTGACCTCC-1",0.342200091331421,"singlet"
"GCACGGTGCTATGG-1",0.229905377758368,"singlet"
"GCACTAGAACGGGA-1",0.236782139707351,"singlet"
"GCACTAGAAGATGA-1",0.0778576226222812,"singlet"
"GCACTAGACCTTTA-1",0.172739840989541,"singlet"
"GCACTAGAGTCGTA-1",0.462602465637578,"doublet"
"GCACTAGATGCAAC-1",0.209950493457312,"singlet"
"GCACTGCTGAGGCA-1",0.497841728982947,"doublet"
"GCAGATACAGCGTT-1",0.232989247163736,"singlet"
"GCAGATACGACGGA-1",0.152524948925078,"singlet"
"GCAGATACGCAGAG-1",0.134090586349661,"singlet"
"GCAGCCGACAGTCA-1",0.15309820529626,"singlet"
"GCAGCGTGCACTCC-1",0.151512454376969,"singlet"
"GCAGCTCTCAATCG-1",0.0922052503838574,"singlet"
"GCAGCTCTGTTTCT-1",0.196909979200143,"singlet"
"GCAGGGCTAAGAAC-1",0.147050333464859,"singlet"
"GCAGGGCTAAGGGC-1",0.155967936538132,"singlet"
"GCAGGGCTATCGAC-1",0.137414468542513,"singlet"
"GCAGGGCTTGGGAG-1",0.258563532570241,"singlet"
"GCAGTCCTAACTGC-1",0.290628345209922,"singlet"
"GCAGTCCTCTCTTA-1",0.165989664657717,"singlet"
"GCATCAGATGCGTA-1",0.190365369691648,"singlet"
"GCATGTGACAAGCT-1",0.175522525256433,"singlet"
"GCATTGGAGAAGGC-1",0.515220012814116,"doublet"
"GCCAAAACGAGGCA-1",0.121482415496182,"singlet"
"GCCAAATGATCGAC-1",0.47362663994282,"doublet"
"GCCAACCTACGGTT-1",0.09045867801197,"singlet"
"GCCAACCTCGCCTT-1",0.195084711304607,"singlet"
"GCCACGGAGGCGAA-1",0.0591077021703928,"singlet"
"GCCACGGATACTGG-1",0.207220632021038,"singlet"
"GCCACTACGTCTTT-1",0.204328801972296,"singlet"
"GCCCAACTACCGAT-1",0.409391985407565,"singlet"
"GCCCAACTATGGTC-1",0.181361795763322,"singlet"
"GCCCATACAGCGTT-1",0.196153139739737,"singlet"
"GCCGACGAACTCTT-1",0.223796636011242,"singlet"
"GCCGAGTGCGTTGA-1",0.31162558008749,"singlet"
"GCCGGAACGAACTC-1",0.362554383015088,"singlet"
"GCCGGAACGTTCTT-1",0.0808823449362845,"singlet"
"GCCGGAACTGCACA-1",0.128926548962269,"singlet"
"GCCGGAACTTACTC-1",0.210240558863199,"singlet"
"GCCGTACTACCTGA-1",0.110479280360363,"singlet"
"GCCGTACTGGCAAG-1",0.0735420378949261,"singlet"
"GCCTACACAGTTCG-1",0.143774750814071,"singlet"
"GCCTACACCACTGA-1",0.204053939234915,"singlet"
"GCCTACACCTTGAG-1",0.277474055676981,"singlet"
"GCCTAGCTACGGAG-1",0.0546328790918448,"singlet"
"GCCTAGCTCTATTC-1",0.401914944844203,"singlet"
"GCCTAGCTTCTCAT-1",0.20418543199615,"singlet"
"GCCTAGCTTCTCTA-1",0.102269690405054,"singlet"
"GCCTCAACCATGGT-1",0.160011115729895,"singlet"
"GCCTCAACTCTTTG-1",0.47369496054784,"doublet"
"GCCTCATGTCTTAC-1",0.237024683922881,"singlet"
"GCCTGACTCTCAAG-1",0.0819147702821973,"singlet"
"GCGAAGGAACTCTT-1",0.173206330624854,"singlet"
"GCGAAGGAGAGCTT-1",0.551124470887616,"doublet"
"GCGAAGGATGCCAA-1",0.149132152782595,"singlet"
"GCGAGAGAGGGACA-1",0.116575078426803,"singlet"
"GCGAGCACTTGACG-1",0.264849179410954,"singlet"
"GCGAGCACTTGCTT-1",0.226905855104519,"singlet"
"GCGATATGGTACGT-1",0.37412483460765,"singlet"
"GCGATATGGTGTTG-1",0.0888320952315112,"singlet"
"GCGCACGAAGTCGT-1",0.221228879513856,"singlet"
"GCGCACGACTTTAC-1",0.0761160643955368,"singlet"
"GCGCATCTAGGTCT-1",0.072430086143227,"singlet"
"GCGCATCTGGTTAC-1",0.192212615948933,"singlet"
"GCGCATCTTCGATG-1",0.191354470355197,"singlet"
"GCGCATCTTGCTCC-1",0.0986794006405256,"singlet"
"GCGCATCTTTCTAC-1",0.149328157092498,"singlet"
"GCGCGAACGTTCTT-1",0.0820820907238655,"singlet"
"GCGCGATGAACGGG-1",0.131068592228016,"singlet"
"GCGCGATGGTGCAT-1",0.363211176949286,"singlet"
"GCGGAGCTCCTGAA-1",0.319352870217245,"singlet"
"GCGGCAACCCGATA-1",0.149716586390486,"singlet"
"GCGGCAACGGAGGT-1",0.0420133163990562,"singlet"
"GCGTAAACACGGTT-1",0.442205681676606,"singlet"
"GCGTAATGCACCAA-1",0.155878302001186,"singlet"
"GCGTATGAACACCA-1",0.191632013626228,"singlet"
"GCGTATGATGAGAA-1",0.201130404813862,"singlet"
"GCTACAGAAAGGTA-1",0.19085166376775,"singlet"
"GCTACCTGAGAAGT-1",0.256750238569265,"singlet"
"GCTACCTGATCACG-1",0.287483276186984,"singlet"
"GCTACGCTAGAATG-1",0.301796383392536,"singlet"
"GCTACGCTAGCTAC-1",0.413737803906808,"singlet"
"GCTACGCTCCCTAC-1",0.365196369581803,"singlet"
"GCTAGAACAGAGGC-1",0.0774945451280924,"singlet"
"GCTAGAACGGATCT-1",0.486734593928999,"doublet"
"GCTAGATGAGCTCA-1",0.102976988013154,"singlet"
"GCTAGATGGCGATT-1",0.160578258574352,"singlet"
"GCTATACTAAGGCG-1",0.339172968557121,"singlet"
"GCTATACTAGCGTT-1",0.0738885372058355,"singlet"
"GCTATACTCTCTTA-1",0.185789172433373,"singlet"
"GCTATACTGGACGA-1",0.326106213896718,"singlet"
"GCTCAAGAACCATG-1",0.577204372223123,"doublet"
"GCTCAAGAAGTCAC-1",0.296145767431923,"singlet"
"GCTCAGCTGTCTAG-1",0.0867895620923183,"singlet"
"GCTCCATGAGAAGT-1",0.353529827343214,"singlet"
"GCTCCATGCCGAAT-1",0.136281314144472,"singlet"
"GCTCGACTCTAGTG-1",0.0259756752093796,"singlet"
"GCTGATGAGGTATC-1",0.106424672025067,"singlet"
"GCTTAACTACTGGT-1",0.169700880110421,"singlet"
"GCTTAACTGCTGAT-1",0.160063628773065,"singlet"
"GCTTAACTTAGACC-1",0.0212818452496708,"singlet"
"GCTTAACTTCAGTG-1",0.211226276449228,"singlet"
"GGAACTACTACTTC-1",0.191930763617014,"singlet"
"GGAACTTGAAGGTA-1",0.310221758188667,"singlet"
"GGAACTTGAGAATG-1",0.376042559427232,"singlet"
"GGAACTTGCTCCAC-1",0.113508650374427,"singlet"
"GGAACTTGGGTAGG-1",0.0228527759274793,"singlet"
"GGAAGGACATCGGT-1",0.0488025142750045,"singlet"
"GGAAGGACCACTAG-1",0.358406456597057,"singlet"
"GGAAGGACGAGGGT-1",0.337527619679415,"singlet"
"GGAAGGACGCGAAG-1",0.365974426657015,"singlet"
"GGAAGGTGGCGAGA-1",0.116710401088668,"singlet"
"GGAATCTGAAGGGC-1",0.245331275441807,"singlet"
"GGAATCTGAGGAGC-1",0.432563997335841,"singlet"
"GGAATCTGCTTAGG-1",0.0436475256908516,"singlet"
"GGAATCTGCTTGTT-1",0.265274698383311,"singlet"
"GGAATCTGGGAGGT-1",0.288753117656478,"singlet"
"GGAATGCTTTCTAC-1",0.148956511788816,"singlet"
"GGACAGGAAAGGGC-1",0.212424090697347,"singlet"
"GGACAGGAGTGCTA-1",0.206273481165027,"singlet"
"GGACAGGATCTCGC-1",0.262210545824496,"singlet"
"GGACCCGAAGCTAC-1",0.23810895166342,"singlet"
"GGACCGTGCTTACT-1",0.0480102170442952,"singlet"
"GGACCGTGGGAACG-1",0.240946113532327,"singlet"
"GGACCGTGTAACGC-1",0.273753740187596,"singlet"
"GGACCTCTGTAAGA-1",0.115638434652468,"singlet"
"GGACCTCTTTTCTG-1",0.29200492563742,"singlet"
"GGACGCTGACGCAT-1",0.401705721259458,"singlet"
"GGACGCTGCTAGCA-1",0.234661902376509,"singlet"
"GGACGCTGTCCTCG-1",0.109959184958818,"singlet"
"GGAGAGACGTGAGG-1",0.614400320585525,"doublet"
"GGAGCAGATTCAGG-1",0.0614329324880447,"singlet"
"GGAGCCACCTTCTA-1",0.327809444084392,"singlet"
"GGAGCGCTACGCAT-1",0.268496867265254,"singlet"
"GGAGCGCTCCGAAT-1",0.359633981200899,"singlet"
"GGAGGATGCCACCT-1",0.0768475457792895,"singlet"
"GGAGGATGGTTGAC-1",0.253325562728033,"singlet"
"GGAGGATGTCAGTG-1",0.263442660910194,"singlet"
"GGAGGCCTCGTTGA-1",0.140115639805212,"singlet"
"GGAGGCCTTTCTTG-1",0.190198576601258,"singlet"
"GGAGGTGATACGCA-1",0.253049663323585,"singlet"
"GGAGGTGATCGCTC-1",0.309714123762542,"singlet"
"GGATACTGCAGCTA-1",0.173654853096188,"singlet"
"GGATACTGTCTAGG-1",0.170042893867763,"singlet"
"GGATAGCTCGTCTC-1",0.333156827024701,"singlet"
"GGATAGCTCTGAAC-1",0.374509176955826,"singlet"
"GGATGTACCAAAGA-1",0.0439929694258228,"singlet"
"GGATGTACGCGAAG-1",0.0906508387996377,"singlet"
"GGATGTACGTGTCA-1",0.247545616955637,"singlet"
"GGATTTCTAGGTTC-1",0.187248999263873,"singlet"
"GGATTTCTTTGTCT-1",0.183417511274993,"singlet"
"GGCAAGGAAAAAGC-1",0.0991792782496844,"singlet"
"GGCAAGGAAGAAGT-1",0.131582590822936,"singlet"
"GGCAAGGACTTGGA-1",0.274094039477009,"singlet"
"GGCAAGGAGGACTT-1",0.364933934382212,"singlet"
"GGCAATACGTTTCT-1",0.0812696966241113,"singlet"
"GGCACGTGGCTTAG-1",0.266723787278192,"singlet"
"GGCACGTGTGAGAA-1",0.376847481281293,"singlet"
"GGCACTCTTTTGTC-1",0.368544835020075,"singlet"
"GGCATATGCTTATC-1",0.347092082795375,"singlet"
"GGCATATGTGTGAC-1",0.549473160503577,"doublet"
"GGCCAGACTGGTTG-1",0.398778476923365,"singlet"
"GGCCCAGAAAGTAG-1",0.267278347443937,"singlet"
"GGCCGAACAACGAA-1",0.200981091589966,"singlet"
"GGCCGAACGTAGGG-1",0.153061643381226,"singlet"
"GGCCGAACTCTAGG-1",0.0632284687607721,"singlet"
"GGCCGATGCAGGAG-1",0.351925984347789,"singlet"
"GGCCGATGCCGAAT-1",0.299319340948265,"singlet"
"GGCCGATGTACTCT-1",0.248582332153121,"singlet"
"GGCGACACTGCCCT-1",0.647954571302561,"doublet"
"GGCGACTGCGTAAC-1",0.24846091894019,"singlet"
"GGCGCATGCCTAAG-1",0.0902402529502481,"singlet"
"GGCGCATGCTCCAC-1",0.530201628506959,"doublet"
"GGCGGACTAGAGGC-1",0.22621513195009,"singlet"
"GGCGGACTAGGAGC-1",0.27302289841956,"singlet"
"GGCGGACTCTGACA-1",0.0563583864519398,"singlet"
"GGCGGACTCTTGGA-1",0.229920286672999,"singlet"
"GGCGGACTTACTGG-1",0.0615772263884059,"singlet"
"GGCGGACTTGAACC-1",0.244155494246284,"singlet"
"GGCTAAACACCTGA-1",0.344416020363341,"singlet"
"GGCTAAACTCTTAC-1",0.200331920266246,"singlet"
"GGCTAATGAGCACT-1",0.222145923273022,"singlet"
"GGCTAATGGTCTAG-1",0.156063162770172,"singlet"
"GGCTCACTACTCAG-1",0.33197957942915,"singlet"
"GGGAACGAAGCTCA-1",0.211184498957674,"singlet"
"GGGAACGACACAAC-1",0.217860158240542,"singlet"
"GGGAACGAGTGTCA-1",0.0596493440308731,"singlet"
"GGGAAGTGTTGAGC-1",0.0373713887462091,"singlet"
"GGGACCACACGTTG-1",0.235322759264682,"singlet"
"GGGACCACAGAACA-1",0.168826843146979,"singlet"
"GGGACCACGAATAG-1",0.218659224251082,"singlet"
"GGGACCACGTCATG-1",0.182987225561649,"singlet"
"GGGACCACTCGTGA-1",0.154242732721366,"singlet"
"GGGACCACTGCATG-1",0.0567932074995824,"singlet"
"GGGACCTGACCCTC-1",0.254419226066379,"singlet"
"GGGACCTGCTTGCC-1",0.101330264791924,"singlet"
"GGGACCTGTGGAGG-1",0.0670272585920036,"singlet"
"GGGATGGACGACAT-1",0.0332700340981138,"singlet"
"GGGATGGATACTTC-1",0.189010091841837,"singlet"
"GGGATGGATGGTTG-1",0.169443645587038,"singlet"
"GGGATTACGTCTAG-1",0.504237384329964,"doublet"
"GGGCAAGATGCATG-1",0.0758150902063231,"singlet"
"GGGCACACGGTGAG-1",0.771538647418829,"doublet"
"GGGCACACGTTGCA-1",0.52442538397733,"doublet"
"GGGCAGCTTGGGAG-1",0.291094232060052,"singlet"
"GGGCAGCTTTTCTG-1",0.183799776319005,"singlet"
"GGGCCAACCTTGGA-1",0.262347988641868,"singlet"
"GGGCCAACGCGTTA-1",0.112948297438806,"singlet"
"GGGCCAACTACGCA-1",0.161519726557205,"singlet"
"GGGCCAACTCCAAG-1",0.0884449630407345,"singlet"
"GGGCCATGATGGTC-1",0.282734271415554,"singlet"
"GGGCCATGTTGACG-1",0.208520939618537,"singlet"
"GGGTAACTCAGCTA-1",0.295391436875882,"singlet"
"GGGTAACTCTAGTG-1",0.0787423404602619,"singlet"
"GGGTAACTCTGGAT-1",0.153563283937106,"singlet"
"GGGTTAACGTGCAT-1",0.139099007661005,"singlet"
"GGTAAAGAGCTAAC-1",0.159818976315523,"singlet"
"GGTACAACTGCAAC-1",0.300909519835751,"singlet"
"GGTACATGAAAGCA-1",0.137001081323378,"singlet"
"GGTACATGAGCTCA-1",0.335040032371022,"singlet"
"GGTACATGCGGTAT-1",0.14152668277772,"singlet"
"GGTACATGGTTACG-1",0.171522739935676,"singlet"
"GGTACATGTGGGAG-1",0.3007454700827,"singlet"
"GGTACTGAACTCTT-1",0.129436980411156,"singlet"
"GGTAGTACACCACA-1",0.325931575119943,"singlet"
"GGTAGTACACTAGC-1",0.151203645643508,"singlet"
"GGTAGTACCCTGTC-1",0.1984361370381,"singlet"
"GGTAGTACGCCATA-1",0.0447569637679208,"singlet"
"GGTAGTACTGTCTT-1",0.390896196703845,"singlet"
"GGTATCGATGAACC-1",0.0483781232630565,"singlet"
"GGTCAAACCAAAGA-1",0.322494263033216,"singlet"
"GGTCTAGAGAAACA-1",0.0620353925726366,"singlet"
"GGTCTAGATAGCGT-1",0.259882778979898,"singlet"
"GGTGATACCGACTA-1",0.191925353579892,"singlet"
"GGTGATACGACTAC-1",0.228543516488587,"singlet"
"GGTGATACTGTTTC-1",0.231757840282864,"singlet"
"GGTGGAGAAACGGG-1",0.259761651709967,"singlet"
"GGTGGAGAAGTAGA-1",0.208304437495008,"singlet"
"GGTGGAGACAGATC-1",0.167837973490623,"singlet"
"GGTGGAGATCGATG-1",0.129807333336087,"singlet"
"GGTGGAGATCTCTA-1",0.0711372605314344,"singlet"
"GGTGGAGATTACTC-1",0.271779915795604,"singlet"
"GGTTTACTACGCAT-1",0.321365283211091,"singlet"
"GTAACGTGACCTCC-1",0.2686512112598,"singlet"
"GTAACGTGATCGGT-1",0.0768773961775104,"singlet"
"GTAACGTGCAGCTA-1",0.0524600701187921,"singlet"
"GTAACGTGGTTGAC-1",0.20378392420569,"singlet"
"GTAAGCACAACGGG-1",0.185069413909548,"singlet"
"GTAAGCACTCATTC-1",0.00731315444119448,"singlet"
"GTAAGCTGGTACCA-1",0.191507201696461,"singlet"
"GTAATAACCTTCTA-1",0.166016679254709,"singlet"
"GTAATAACGTTGTG-1",0.115426486975699,"singlet"
"GTACCCTGACAGTC-1",0.258624879818854,"singlet"
"GTACCCTGGAGCTT-1",0.127292608151464,"singlet"
"GTACCCTGTCCTTA-1",0.121294501274635,"singlet"
"GTACCCTGTGAACC-1",0.27111936430439,"singlet"
"GTACGTGAACGTTG-1",0.187492257223125,"singlet"
"GTACTTTGTCGACA-1",0.227776226132554,"singlet"
"GTAGACTGAGATGA-1",0.200253550778345,"singlet"
"GTAGACTGTATTCC-1",0.168697604825008,"singlet"
"GTAGCAACAGTCGT-1",0.114026176711241,"singlet"
"GTAGCAACCATTTC-1",0.0739193783676811,"singlet"
"GTAGCATGCACTCC-1",0.0565803869039108,"singlet"
"GTAGCATGTAAGCC-1",0.0463258460700332,"singlet"
"GTAGCCCTGACGTT-1",0.209293675552101,"singlet"
"GTAGCTGAAGCTAC-1",0.283752042902927,"singlet"
"GTAGCTGAATTCGG-1",0.167263602797058,"singlet"
"GTAGGTACACGGGA-1",0.171339482223127,"singlet"
"GTAGTGACCTCATT-1",0.184468094710684,"singlet"
"GTAGTGTGAGCGGA-1",0.354279838959065,"singlet"
"GTAGTGTGAGGCGA-1",0.0717685051512882,"singlet"
"GTAGTGTGTGGTTG-1",0.131767596320015,"singlet"
"GTATCACTGGTAGG-1",0.175822205144989,"singlet"
"GTATCTACAGAAGT-1",0.194815476630358,"singlet"
"GTATCTACGACGAG-1",0.246772848984739,"singlet"
"GTATCTACGTTACG-1",0.269750970674313,"singlet"
"GTATTAGAAACAGA-1",0.514589428204914,"doublet"
"GTATTAGAGGTCTA-1",0.138200355649414,"singlet"
"GTATTCACACAGCT-1",0.147208274688969,"singlet"
"GTATTCACGGGTGA-1",0.116133403319539,"singlet"
"GTCAACGACACTGA-1",0.462845774886151,"doublet"
"GTCAACGAGTGTAC-1",0.213266511024359,"singlet"
"GTCAATCTACACCA-1",0.431139860841142,"singlet"
"GTCAATCTGTAGCT-1",0.428365663545646,"singlet"
"GTCAATCTTGTGGT-1",0.0940861482044324,"singlet"
"GTCACCTGCCTCCA-1",0.226852846682556,"singlet"
"GTCACCTGTCCCGT-1",0.307314720217946,"singlet"
"GTCATACTAATCGC-1",0.127281303869461,"singlet"
"GTCATACTGCGATT-1",0.144695686108981,"singlet"
"GTCATACTTTACCT-1",0.240037825175413,"singlet"
"GTCATACTTTGACG-1",0.240510751408398,"singlet"
"GTCCAAGAAAAACG-1",0.13000444316757,"singlet"
"GTCCACTGACCTCC-1",0.284430096853135,"singlet"
"GTCCACTGGGTACT-1",0.20662405252187,"singlet"
"GTCCAGCTACGGGA-1",0.304550809190722,"singlet"
"GTCCCATGTGGTGT-1",0.315097997657432,"singlet"
"GTCGAATGAAGGCG-1",0.152318889067699,"singlet"
"GTCGACCTGAATGA-1",0.0595064848988309,"singlet"
"GTCGACCTGTTCAG-1",0.189603328436715,"singlet"
"GTCGCACTTGAGAA-1",0.399651408014583,"singlet"
"GTCTAACTGGTCTA-1",0.176681944260855,"singlet"
"GTCTAGGAGCTTCC-1",0.266984118715373,"singlet"
"GTGAACACACTCTT-1",0.106539464556213,"singlet"
"GTGAACACTCAGGT-1",0.116989103810334,"singlet"
"GTGACCCTTAAGCC-1",0.267286486512337,"singlet"
"GTGATGACAAGTGA-1",0.603387188558282,"doublet"
"GTGATGACGGTTTG-1",0.260263887023248,"singlet"
"GTGATTCTCATTTC-1",0.252874981403154,"singlet"
"GTGATTCTCTCTCG-1",0.187117338534852,"singlet"
"GTGATTCTGGTTCA-1",0.168607368820761,"singlet"
"GTGATTCTGTCGAT-1",0.103124922470101,"singlet"
"GTGCCACTCAGGAG-1",0.114795136930913,"singlet"
"GTGGATTGCACTAG-1",0.0763193686724411,"singlet"
"GTGGATTGCGGAGA-1",0.372806604150064,"singlet"
"GTGGATTGTAACGC-1",0.132864047440878,"singlet"
"GTGTACGATCAGTG-1",0.18411527021646,"singlet"
"GTGTAGTGGGTACT-1",0.227147057962951,"singlet"
"GTGTATCTAGCCTA-1",0.0537726059793451,"singlet"
"GTGTATCTAGTAGA-1",0.734382626679716,"doublet"
"GTGTATCTGTTACG-1",0.228580452880357,"singlet"
"GTGTCAGAAGCGTT-1",0.359535613093534,"singlet"
"GTTAAAACCGAGAG-1",0.10888362682086,"singlet"
"GTTAAATGCTCGAA-1",0.280627277187758,"singlet"
"GTTAAATGTCGACA-1",0.259359397433494,"singlet"
"GTTAACCTAGCTAC-1",0.256605301665427,"singlet"
"GTTAACCTTGCTTT-1",0.268349084434462,"singlet"
"GTTAGGTGCACTCC-1",0.222580425163106,"singlet"
"GTTAGGTGCCAGTA-1",0.228258958047234,"singlet"
"GTTAGGTGCCCAAA-1",0.14094913067855,"singlet"
"GTTAGGTGGAACTC-1",0.0694219454863253,"singlet"
"GTTAGTCTAAGAAC-1",0.16198025019385,"singlet"
"GTTATAGAGGACAG-1",0.366560614149151,"singlet"
"GTTATGCTTTCATC-1",0.203236623947943,"singlet"
"GTTCAACTGGGACA-1",0.117193963263236,"singlet"
"GTTCAACTTATGCG-1",0.201515093643081,"singlet"
"GTTGACGAGCCCTT-1",0.179302543810122,"singlet"
"GTTGACGATATCGG-1",0.190149841301717,"singlet"
"GTTGAGTGGTCTTT-1",0.312239760193003,"singlet"
"GTTGAGTGTGCTTT-1",0.317108124351269,"singlet"
"GTTGATCTTTTCAC-1",0.301890848150549,"singlet"
"GTTGGATGTTTACC-1",0.164185972912288,"singlet"
"GTTGTACTATTCCT-1",0.259676143702748,"singlet"
"GTTGTACTTTTGGG-1",0.300002318407346,"singlet"
"GTTTAAGACCATGA-1",0.20333574489535,"singlet"
"GTTTAAGACTGTCC-1",0.124532499085535,"singlet"
"TAAACAACCAACCA-1",0.363397141574471,"singlet"
"TAAACAACGAATCC-1",0.126222155733474,"singlet"
"TAAAGACTCAGGAG-1",0.395750692218565,"singlet"
"TAAATCGATGAGGG-1",0.214322291336447,"singlet"
"TAACAATGTGCCCT-1",0.12232519861596,"singlet"
"TAACACCTTCGCTC-1",0.159168626881935,"singlet"
"TAACACCTTCGTAG-1",0.29775291504682,"singlet"
"TAACATGACACTAG-1",0.679160041581425,"doublet"
"TAACCGGACTTACT-1",0.0330510546287969,"singlet"
"TAACGTCTCAACCA-1",0.117368323132313,"singlet"
"TAACGTCTCATTGG-1",0.297534534008036,"singlet"
"TAACTAGAATTTCC-1",0.401358787269921,"singlet"
"TAACTAGACTTAGG-1",0.320618786684897,"singlet"
"TAACTAGATCTGGA-1",0.250224783609924,"singlet"
"TAACTCACGAGGAC-1",0.078838909109791,"singlet"
"TAACTCACGTACAC-1",0.0640070661914349,"singlet"
"TAACTCACGTATCG-1",0.51153187690128,"doublet"
"TAACTCACTCTACT-1",0.239088376492454,"singlet"
"TAAGAACTGTGTCA-1",0.100990426074651,"singlet"
"TAAGAGGACTAAGC-1",0.138414341881104,"singlet"
"TAAGAGGACTTGTT-1",0.0935277773773266,"singlet"
"TAAGATACGGTTCA-1",0.175477828114932,"singlet"
"TAAGATTGCGTAGT-1",0.387997097331311,"singlet"
"TAAGATTGTTGCTT-1",0.207877956653549,"singlet"
"TAAGCGTGAGGTTC-1",0.265924538921454,"singlet"
"TAAGCGTGGACAAA-1",0.43796873279196,"singlet"
"TAAGCGTGGGAAAT-1",0.261666996124164,"singlet"
"TAAGCGTGTGCTCC-1",0.265251342422439,"singlet"
"TAAGGCTGCCATGA-1",0.304162358952335,"singlet"
"TAAGGCTGCTGCTC-1",0.11973507721834,"singlet"
"TAAGGCTGTCTCGC-1",0.239519299615745,"singlet"
"TAAGGGCTGCTGTA-1",0.292140374355349,"singlet"
"TAAGGGCTTTACTC-1",0.385907924419441,"singlet"
"TAAGTAACCTCCAC-1",0.0534978579200859,"singlet"
"TAAGTAACCTGTAG-1",0.509569752780265,"doublet"
"TAAGTAACTTGTCT-1",0.280213243326301,"singlet"
"TAATGATGAGCGGA-1",0.197832671325047,"singlet"
"TAATGCCTCATGAC-1",0.39839415340485,"singlet"
"TAATGCCTCGTCTC-1",0.177657145405976,"singlet"
"TAATGTGAAGATGA-1",0.0682070594831593,"singlet"
"TAATGTGACTGCAA-1",0.20230891601596,"singlet"
"TAATGTGATTACTC-1",0.4292262690747,"singlet"
"TACAAATGGGTACT-1",0.375237873459985,"singlet"
"TACAATGAAAACAG-1",0.215775736003337,"singlet"
"TACAATGACTTAGG-1",0.153251998254307,"singlet"
"TACAATGATGCTAG-1",0.181252134560175,"singlet"
"TACACACTCACACA-1",0.419418173479182,"singlet"
"TACACACTCTTACT-1",0.150335032789274,"singlet"
"TACATAGAACGCAT-1",0.186741328161619,"singlet"
"TACATCACACGGGA-1",0.0837582219255139,"singlet"
"TACATCACCTGTTT-1",0.115192510196255,"singlet"
"TACATCACGCTAAC-1",0.118569533075208,"singlet"
"TACATCACTGAACC-1",0.258176899071336,"singlet"
"TACCATTGAGGTTC-1",0.156796869796671,"singlet"
"TACCATTGCGGGAA-1",0.177935220749768,"singlet"
"TACCATTGGGGATG-1",0.064198767177646,"singlet"
"TACCATTGTGAGGG-1",0.65617210606938,"doublet"
"TACCGGCTGTTGGT-1",0.299548276793293,"singlet"
"TACGAGTGATCTCT-1",0.24724713456769,"singlet"
"TACGAGTGATGCTG-1",0.189206217419227,"singlet"
"TACGAGTGCGGAGA-1",0.299009597980196,"singlet"
"TACGAGTGGTTGGT-1",0.188982665535826,"singlet"
"TACGATCTAGTGTC-1",0.140892760762601,"singlet"
"TACGATCTCACTGA-1",0.343342397495114,"singlet"
"TACGATCTTACGAC-1",0.260448488822768,"singlet"
"TACGCAGAGAATCC-1",0.538150384756097,"doublet"
"TACGCCACATTCCT-1",0.259503020304448,"singlet"
"TACGCCACTCCCAC-1",0.156182575507364,"singlet"
"TACGCCACTCCGAA-1",0.0989784835723591,"singlet"
"TACGGAACGCGTTA-1",0.0291090926698009,"singlet"
"TACGGCCTGGGACA-1",0.0767257748468726,"singlet"
"TACGTACTACGGAG-1",0.618224207176274,"doublet"
"TACGTACTCAGTTG-1",0.314912843759941,"singlet"
"TACGTACTCCCGTT-1",0.101591610877241,"singlet"
"TACGTTACAGAAGT-1",0.170290705354625,"singlet"
"TACGTTACCAAGCT-1",0.0225880475035563,"singlet"
"TACTAAGAATCACG-1",0.231390512603684,"singlet"
"TACTAAGATGATGC-1",0.0750044301305828,"singlet"
"TACTAAGATTGCGA-1",0.278963724670027,"singlet"
"TACTACACGAGAGC-1",0.382797628262225,"singlet"
"TACTACTGAACCTG-1",0.125857240801432,"singlet"
"TACTACTGATGTCG-1",0.292657179446746,"singlet"
"TACTACTGATTCTC-1",0.0737990168626644,"singlet"
"TACTACTGTATGGC-1",0.118137944143409,"singlet"
"TACTCAACGGTCTA-1",0.221555965702552,"singlet"
"TACTCAACTGCTAG-1",0.160434015935236,"singlet"
"TACTCCCTCAGTTG-1",0.153568302270244,"singlet"
"TACTCTGAATCGAC-1",0.121787819404011,"singlet"
"TACTCTGACGAGTT-1",0.406239031388848,"singlet"
"TACTCTGATTGACG-1",0.0742463310165328,"singlet"
"TACTGGGATCGATG-1",0.440500386378797,"singlet"
"TACTGTTGAAAGCA-1",0.303509456481833,"singlet"
"TACTGTTGAGGCGA-1",0.118585826934757,"singlet"
"TACTGTTGCTGAAC-1",0.443467805357187,"singlet"
"TACTTGACTCCTCG-1",0.422258225368444,"singlet"
"TACTTGACTGGTGT-1",0.0511773777361495,"singlet"
"TACTTTCTTTTGGG-1",0.162930793209891,"singlet"
"TAGAAACTAATCGC-1",0.136335839599073,"singlet"
"TAGAAACTGCTTCC-1",0.175705928900145,"singlet"
"TAGAAACTGGGATG-1",0.194458327401958,"singlet"
"TAGAATTGCGACAT-1",0.104822098969773,"singlet"
"TAGAATTGTATCGG-1",0.299651846733355,"singlet"
"TAGACGTGCTTGAG-1",0.139520353173498,"singlet"
"TAGACGTGTCGCTC-1",0.210169776923706,"singlet"
"TAGAGCACCTTACT-1",0.0547375708834087,"singlet"
"TAGATTGACTTGTT-1",0.0955941951342437,"singlet"
"TAGCATCTCAGCTA-1",0.0748937777796915,"singlet"
"TAGCATCTCCCTCA-1",0.229247750834227,"singlet"
"TAGCATCTGCTGTA-1",0.166420273932412,"singlet"
"TAGCATCTGGGACA-1",0.121041742196202,"singlet"
"TAGCATCTTGTCGA-1",0.133626040839343,"singlet"
"TAGCCCACAAAAGC-1",0.324365190261186,"singlet"
"TAGCCCACAGCCAT-1",0.352638406777258,"singlet"
"TAGCCCACAGCTAC-1",0.121981484350952,"singlet"
"TAGCCCACCCACAA-1",0.155690657574163,"singlet"
"TAGCCCTGCGGAGA-1",0.187694820332409,"singlet"
"TAGCCGCTTACGAC-1",0.351981724907158,"singlet"
"TAGCCGCTTACTTC-1",0.356008546180951,"singlet"
"TAGCCGCTTTCCAT-1",0.191391667959798,"singlet"
"TAGCTACTGAATAG-1",0.0708393297972214,"singlet"
"TAGCTACTGTAGCT-1",0.471416533120682,"doublet"
"TAGGACTGTGCTGA-1",0.249736653321174,"singlet"
"TAGGAGCTAAGGCG-1",0.0716744149559209,"singlet"
"TAGGAGCTGAGGGT-1",0.270665222445417,"singlet"
"TAGGAGCTTGCATG-1",0.001277815229256,"singlet"
"TAGGCAACCGTCTC-1",0.0350466763913012,"singlet"
"TAGGCATGCTCTCG-1",0.210049379945071,"singlet"
"TAGGCATGGCGAGA-1",0.371628224639126,"singlet"
"TAGGCTGATGCCTC-1",0.0773183867801951,"singlet"
"TAGGGACTGAACTC-1",0.39524395744083,"singlet"
"TAGGTCGACACTGA-1",0.169728945520955,"singlet"
"TAGGTCGAGGATCT-1",0.0142857142857143,"singlet"
"TAGGTGACACACTG-1",0.20042943008093,"singlet"
"TAGGTGACACGTTG-1",0.0620184622259185,"singlet"
"TAGGTGTGTTCTGT-1",0.271286184605532,"singlet"
"TAGGTTCTGAAGGC-1",0.522090216962487,"doublet"
"TAGGTTCTTCTTAC-1",0.13393042607044,"singlet"
"TAGGTTCTTGCTGA-1",0.367044586944303,"singlet"
"TAGTAAACCTCGCT-1",0.165741739744187,"singlet"
"TAGTAAACGTCACA-1",0.57021989675162,"doublet"
"TAGTAATGAGATCC-1",0.101567310818301,"singlet"
"TAGTACCTAAGAAC-1",0.0953538015731149,"singlet"
"TAGTATGATCTTAC-1",0.158938108546614,"singlet"
"TAGTATGATTCTCA-1",0.344744590444097,"singlet"
"TAGTCTTGTGGAAA-1",0.286259481870592,"singlet"
"TAGTGGTGAAGTGA-1",0.198029783236726,"singlet"
"TAGTTAGAACCACA-1",0.15062292166799,"singlet"
"TAGTTAGATGAACC-1",0.204984481489176,"singlet"
"TATAAGACAGCTCA-1",0.150987327461197,"singlet"
"TATAAGTGACACCA-1",0.0774238226780662,"singlet"
"TATAAGTGTGGTGT-1",0.219026577342197,"singlet"
"TATACAGAACCCTC-1",0.197606208598624,"singlet"
"TATACAGAAGAACA-1",0.128641464144561,"singlet"
"TATACAGATCCAGA-1",0.232935978591515,"singlet"
"TATACCACCTGATG-1",0.0411641134819438,"singlet"
"TATACGCTACCAAC-1",0.250717011678134,"singlet"
"TATAGATGGACGGA-1",0.223463630882825,"singlet"
"TATAGATGTTCCGC-1",0.177600868870241,"singlet"
"TATCCAACTCTCTA-1",0.198291721441165,"singlet"
"TATCGACTACTAGC-1",0.327914063315899,"singlet"
"TATCGACTCGATAC-1",0.267439846935993,"singlet"
"TATCGTACAGATGA-1",0.41686301018015,"singlet"
"TATCGTACATTCCT-1",0.261366394288416,"singlet"
"TATCTGACAGGTTC-1",0.183829862960507,"singlet"
"TATCTGACTGTTTC-1",0.346845290664537,"singlet"
"TATCTTCTAAACAG-1",0.309927794043096,"singlet"
"TATGAATGGAGGAC-1",0.247131279660066,"singlet"
"TATGAATGTTTGCT-1",0.139936370265676,"singlet"
"TATGCGGATAACCG-1",0.127073645912488,"singlet"
"TATGGGTGCATCAG-1",0.286396106669608,"singlet"
"TATGGGTGCTAGCA-1",0.224689359457921,"singlet"
"TATGGTCTCTACCC-1",0.216525556835094,"singlet"
"TATGTCACGGAACG-1",0.232673242436713,"singlet"
"TATGTCACTAACCG-1",0.255023251484708,"singlet"
"TATGTCACTTCTCA-1",0.093775524239294,"singlet"
"TATGTGCTCCGATA-1",0.180132810842532,"singlet"
"TATGTGCTGGATTC-1",0.185784191394283,"singlet"
"TATTGCTGCCGTTC-1",0.158514846652625,"singlet"
"TATTGCTGTCTGGA-1",0.166547121639864,"singlet"
"TATTTCCTATTGGC-1",0.0820601051485462,"singlet"
"TATTTCCTGGAGGT-1",0.32812486013924,"singlet"
"TATTTCCTGGTGTT-1",0.141310846756048,"singlet"
"TCAACACTGTTTGG-1",0.204963625226747,"singlet"
"TCAAGGACAGCGTT-1",0.17670982119511,"singlet"
"TCAAGGACATTCTC-1",0.133183809753594,"singlet"
"TCAAGGACGGTGTT-1",0.116221157426679,"singlet"
"TCAATCACACTCTT-1",0.248314468149968,"singlet"
"TCAATCACAGTCGT-1",0.119130432320033,"singlet"
"TCACAACTATGTGC-1",0.183730087293443,"singlet"
"TCACAACTTTGCTT-1",0.100816574583856,"singlet"
"TCACATACACTTTC-1",0.528399738162523,"doublet"
"TCACCCGAGACGGA-1",0.313448441355384,"singlet"
"TCACCGTGCTCGCT-1",0.279107580967483,"singlet"
"TCACCTCTACGACT-1",0.167944934477416,"singlet"
"TCACCTCTTCCAAG-1",0.0661262942047637,"singlet"
"TCACGAGAGGAGGT-1",0.106605485620254,"singlet"
"TCACTATGGGGCAA-1",0.185365145282318,"singlet"
"TCAGACGACGCTAA-1",0.252952845855965,"singlet"
"TCAGACGACGTTAG-1",0.173574531176373,"singlet"
"TCAGAGACTCCAGA-1",0.106230309348806,"singlet"
"TCAGCAGACTCCAC-1",0.242124394755149,"singlet"
"TCAGCGCTCTAGTG-1",0.190988735905337,"singlet"
"TCAGCGCTGGATCT-1",0.0288100999995872,"singlet"
"TCAGCGCTGGTATC-1",0.19419653361528,"singlet"
"TCAGGATGAAGTAG-1",0.0879379535788826,"singlet"
"TCAGGATGCCTTTA-1",0.0966284639832454,"singlet"
"TCAGTGGAAGATCC-1",0.313309838670853,"singlet"
"TCAGTTACCTACGA-1",0.115640437432466,"singlet"
"TCAGTTACTAGAAG-1",0.141608875523664,"singlet"
"TCATCAACCCGATA-1",0.104821416541909,"singlet"
"TCATCAACTGTTCT-1",0.235670256308186,"singlet"
"TCATCATGCAGTTG-1",0.361563431578817,"singlet"
"TCATCCCTTACTGG-1",0.372401846704762,"singlet"
"TCATTCGATACAGC-1",0.163061556210459,"singlet"
"TCCACGTGGAAACA-1",0.486210909990758,"doublet"
"TCCACTCTACACTG-1",0.205808754642145,"singlet"
"TCCACTCTGAGCTT-1",0.235664488593002,"singlet"
"TCCACTCTTACTTC-1",0.0662340562448917,"singlet"
"TCCATAACAAAGTG-1",0.121579440606717,"singlet"
"TCCATAACCGTAGT-1",0.192203558460063,"singlet"
"TCCATAACGATGAA-1",0.499718775817695,"doublet"
"TCCATAACTACGCA-1",0.286995838231168,"singlet"
"TCCATCCTCCCTAC-1",0.183570284135048,"singlet"
"TCCCACGATCATTC-1",0.421624908176228,"singlet"
"TCCCATCTCAAAGA-1",0.292411184013484,"singlet"
"TCCCGAACACAGTC-1",0.0751754699210667,"singlet"
"TCCCGAACTTCGCC-1",0.186800647356623,"singlet"
"TCCCGATGAGATCC-1",0.274388159885199,"singlet"
"TCCCTACTCAACTG-1",0.0742123731132046,"singlet"
"TCCGAAGACGTTAG-1",0.265355429508448,"singlet"
"TCCGGACTGAGGTG-1",0.186138153490272,"singlet"
"TCCGGACTGTACGT-1",0.142623025038455,"singlet"
"TCCTAAACCGAGAG-1",0.429403478902551,"singlet"
"TCCTAAACCGCATA-1",0.0768155793898822,"singlet"
"TCCTAATGGTTTGG-1",0.361168516474834,"singlet"
"TCCTACCTGTCGTA-1",0.151590476009327,"singlet"
"TCCTATGAAAAGCA-1",0.136450520409728,"singlet"
"TCGAATCTCTGGTA-1",0.142055561614251,"singlet"
"TCGACCTGCCGATA-1",0.22584941959882,"singlet"
"TCGACGCTTCTATC-1",0.195263852096345,"singlet"
"TCGACGCTTTGACG-1",0.244413048527625,"singlet"
"TCGAGAACGACAGG-1",0.172541464705311,"singlet"
"TCGAGAACGTTAGC-1",0.450013351062331,"doublet"
"TCGAGCCTATCAGC-1",0.0302775327109603,"singlet"
"TCGAGCCTGCGAGA-1",0.408303331050432,"singlet"
"TCGAGCCTTGTGAC-1",0.178630900232273,"singlet"
"TCGATACTATTCCT-1",0.35107803102717,"singlet"
"TCGATACTTGCACA-1",0.21235412239549,"singlet"
"TCGATTTGATGCCA-1",0.100319372158287,"singlet"
"TCGATTTGCACTCC-1",0.196381876545193,"singlet"
"TCGATTTGCAGCTA-1",0.105232306154706,"singlet"
"TCGATTTGCCTACC-1",0.224717238822362,"singlet"
"TCGATTTGTCGTGA-1",0.133451234590558,"singlet"
"TCGCAGCTAGATCC-1",0.237870111115937,"singlet"
"TCGCCATGAGACTC-1",0.0826279229606929,"singlet"
"TCGCCATGTGGTCA-1",0.139296309424354,"singlet"
"TCGGACCTAACAGA-1",0.276274512602562,"singlet"
"TCGGACCTATAAGG-1",0.0482939942649649,"singlet"
"TCGGACCTGTACAC-1",0.607872955665178,"doublet"
"TCGGTAGAGTAGGG-1",0.202389283911471,"singlet"
"TCGGTAGATCCCAC-1",0.075656652999023,"singlet"
"TCGTAGGATCGACA-1",0.404655351322087,"singlet"
"TCGTTATGGACAAA-1",0.268875227528617,"singlet"
"TCTAACACGAGCAG-1",0.2090540998859,"singlet"
"TCTAACTGAACCAC-1",0.25043487663615,"singlet"
"TCTAAGCTAATGCC-1",0.230276442462169,"singlet"
"TCTAAGCTTAGTCG-1",0.168811588972441,"singlet"
"TCTAAGCTTCTAGG-1",0.151482475877182,"singlet"
"TCTAAGCTTGTTCT-1",0.111059402340486,"singlet"
"TCTACAACGACTAC-1",0.261551554433677,"singlet"
"TCTAGACTTAGAAG-1",0.0907695487486797,"singlet"
"TCTAGTTGCACCAA-1",0.280064259341728,"singlet"
"TCTCAAACCTAAGC-1",0.116091231885573,"singlet"
"TCTCTAGAATTTCC-1",0.397298442096402,"singlet"
"TCTGATACACGTGT-1",0.183486559654527,"singlet"
"TCTGATACTCGCCT-1",0.139401047667016,"singlet"
"TCTTACGAACCTGA-1",0.0726279788148871,"singlet"
"TCTTCAGAGCTACA-1",0.230646168420924,"singlet"
"TCTTGATGCGGAGA-1",0.263600435382075,"singlet"
"TGAAATTGGTGAGG-1",0.311539681446152,"singlet"
"TGAACCGAAAACGA-1",0.147162817340278,"singlet"
"TGAACCGACTACTT-1",0.145860693632918,"singlet"
"TGAACCGATTCGGA-1",0.229583048763509,"singlet"
"TGAAGCACTCACGA-1",0.312603705157088,"singlet"
"TGAAGCTGAACGAA-1",0.107947921960478,"singlet"
"TGAAGCTGCATGGT-1",0.111425650362001,"singlet"
"TGAAGCTGCGTAAC-1",0.266512783092256,"singlet"
"TGAATAACCACTTT-1",0.373911801422885,"singlet"
"TGAATAACTCCCAC-1",0.207743857490304,"singlet"
"TGACACGACCTTAT-1",0.0431757873443478,"singlet"
"TGACCAGACAACCA-1",0.178087500272661,"singlet"
"TGACCAGAGGATTC-1",0.176317891109704,"singlet"
"TGACCGCTAAAAGC-1",0.223437020575241,"singlet"
"TGACCGCTCTGCAA-1",0.0341409364148963,"singlet"
"TGACGATGCAAAGA-1",0.0585847956336508,"singlet"
"TGACGCCTGTACCA-1",0.562982146034693,"doublet"
"TGACGCCTTTACTC-1",0.332762849039661,"singlet"
"TGACTGGAAGAGAT-1",0.0305778366569431,"singlet"
"TGACTGGACCGTAA-1",0.129626843193062,"singlet"
"TGACTGGACGCAAT-1",0.126426469451045,"singlet"
"TGACTGGAGGACAG-1",0.105761420716265,"singlet"
"TGACTGGATTCTCA-1",0.472416618489525,"doublet"
"TGACTTACACACCA-1",0.310040860430166,"singlet"
"TGACTTACAGTCTG-1",0.36895391748358,"singlet"
"TGACTTTGCGCATA-1",0.106302320026644,"singlet"
"TGACTTTGTTTGTC-1",0.285298163866046,"singlet"
"TGAGACACAAGGTA-1",0.559963560483176,"doublet"
"TGAGACACTCAAGC-1",0.142277976420513,"singlet"
"TGAGCTGAATGCTG-1",0.208678357705305,"singlet"
"TGAGCTGACTGGAT-1",0.0825780147210884,"singlet"
"TGAGGACTCTCATT-1",0.177910783792067,"singlet"
"TGAGGACTTCATTC-1",0.397030322561108,"singlet"
"TGAGGTACGAACCT-1",0.15776068091392,"singlet"
"TGAGTCGAGTTACG-1",0.0349722006165874,"singlet"
"TGAGTGACTGAGCT-1",0.158621217075772,"singlet"
"TGATAAACGAATCC-1",0.315033547783997,"singlet"
"TGATAAACTCCGTC-1",0.150520869168675,"singlet"
"TGATAAACTTTCAC-1",0.177350091265831,"singlet"
"TGATACCTCACTAG-1",0.0876648290399578,"singlet"
"TGATACCTGTTGGT-1",0.256813013264466,"singlet"
"TGATACCTTATGCG-1",0.237658488756168,"singlet"
"TGATACCTTGAAGA-1",0.363056814479043,"singlet"
"TGATATGAACCTTT-1",0.253407414771244,"singlet"
"TGATCACTCTCGCT-1",0.177880295965685,"singlet"
"TGATCACTTCTACT-1",0.0842292923693033,"singlet"
"TGATCGGACTGACA-1",0.117687987270908,"singlet"
"TGATCGGAGGAGCA-1",0.0367478233962159,"singlet"
"TGATCGGATATGCG-1",0.0829866771612372,"singlet"
"TGATTAGACATTGG-1",0.344182474005071,"singlet"
"TGATTAGATGACTG-1",0.0303647371407343,"singlet"
"TGATTAGATGCTAG-1",0.10722178364547,"singlet"
"TGATTCACTATGCG-1",0.13014343792473,"singlet"
"TGATTCACTGTCAG-1",0.071498954948799,"singlet"
"TGATTCTGCCGAAT-1",0.329860169065481,"singlet"
"TGATTCTGCTCTTA-1",0.417487975533592,"singlet"
"TGCAAGTGAGAACA-1",0.394642230157654,"singlet"
"TGCAAGTGGGTAGG-1",0.0742500261523215,"singlet"
"TGCAATCTTCAGGT-1",0.407457210280813,"singlet"
"TGCACAGACGACAT-1",0.102198091843347,"singlet"
"TGCCAAGAGCAGTT-1",0.646420235316544,"doublet"
"TGCCAAGATCTCTA-1",0.23736889590741,"singlet"
"TGCCACTGAACGTC-1",0.326676873175983,"singlet"
"TGCCACTGCGATAC-1",0.285704039400343,"singlet"
"TGCCAGCTTGGCAT-1",0.166676517215727,"singlet"
"TGCCCAACAGCAAA-1",0.277753733410348,"singlet"
"TGCCCAACCGCATA-1",0.21593622807927,"singlet"
"TGCCGACTCTCCCA-1",0.0795665583844822,"singlet"
"TGCGAAACAGTCAC-1",0.19934105256538,"singlet"
"TGCGAAACGTTGCA-1",0.0567774538994402,"singlet"
"TGCGATGAACGGTT-1",0.291478177855392,"singlet"
"TGCGATGACCTCGT-1",0.326664798664529,"singlet"
"TGCGATGACTAGTG-1",0.229053206178474,"singlet"
"TGCGATGACTGCTC-1",0.131229343479626,"singlet"
"TGCGATGACTTGCC-1",0.0989397769245175,"singlet"
"TGCGATGAGTGCTA-1",0.161229576118876,"singlet"
"TGCGTAGAATAAGG-1",0.118274687903171,"singlet"
"TGCGTAGACGGGAA-1",0.083908030787104,"singlet"
"TGCGTAGATGGTCA-1",0.307292329217981,"singlet"
"TGCTAGGAAACCGT-1",0.309608032822088,"singlet"
"TGCTAGGATAGTCG-1",0.203304725783912,"singlet"
"TGCTATACGGTTCA-1",0.346244595255011,"singlet"
"TGCTATACTGCTGA-1",0.304024789916974,"singlet"
"TGCTGAGAGAGCAG-1",0.0946509422907094,"singlet"
"TGCTGAGATTATCC-1",0.293772294626715,"singlet"
"TGGAAAGACTCTCG-1",0.0593153490963065,"singlet"
"TGGAAAGAGCGATT-1",0.397737959216771,"singlet"
"TGGAAAGAGGTCAT-1",0.100571717833677,"singlet"
"TGGAAAGATATGGC-1",0.0994724500502753,"singlet"
"TGGAACACAAACAG-1",0.072286409167226,"singlet"
"TGGAACACGCTAAC-1",0.176520670247167,"singlet"
"TGGAAGCTCAGATC-1",0.168701416035856,"singlet"
"TGGACCCTCATGGT-1",0.294950717163922,"singlet"
"TGGACCCTGGTACT-1",0.258676927543078,"singlet"
"TGGACTGAGTATGC-1",0.445954614320743,"doublet"
"TGGAGACTATCAGC-1",0.226331731119088,"singlet"
"TGGAGACTTCAAGC-1",0.0860626470034894,"singlet"
"TGGAGACTTGACCA-1",0.11432697491102,"singlet"
"TGGAGGGACGGAGA-1",0.126400727546626,"singlet"
"TGGATCGATAAAGG-1",0.167183295948649,"singlet"
"TGGATGTGACCTAG-1",0.0536777728644586,"singlet"
"TGGATGTGTGAAGA-1",0.299807180097026,"singlet"
"TGGATTCTCATACG-1",0.33538285119503,"singlet"
"TGGCAATGCTTGTT-1",0.0551958121876931,"singlet"
"TGGCACCTTCAGTG-1",0.184216881734639,"singlet"
"TGGGTATGAAGAGT-1",0.254256882034794,"singlet"
"TGGGTATGCACAAC-1",0.506116419362043,"doublet"
"TGGGTATGGTACGT-1",0.0375859034170015,"singlet"
"TGGGTATGTTTGGG-1",0.105100278919451,"singlet"
"TGGTAGACATGCCA-1",0.193284362209909,"singlet"
"TGGTAGACCCTCAC-1",0.146390793518126,"singlet"
"TGGTAGACCTGATG-1",0.231460471825058,"singlet"
"TGGTATCTAAACAG-1",0.180538284884463,"singlet"
"TGGTATCTCTTCCG-1",0.167717149532388,"singlet"
"TGGTCAGACCCAAA-1",0.164064199047306,"singlet"
"TGGTTACTGACGTT-1",0.159732561123776,"singlet"
"TGGTTACTGTTCTT-1",0.285426343352875,"singlet"
"TGTAACCTAGAGGC-1",0.243221457961235,"singlet"
"TGTAACCTTGCCTC-1",0.253111983155498,"singlet"
"TGTAATGACACAAC-1",0.065273383068535,"singlet"
"TGTAATGAGGTAAA-1",0.227620713727543,"singlet"
"TGTACTTGCTCTAT-1",0.11029895288117,"singlet"
"TGTAGGTGCGAGAG-1",0.0514468008385574,"singlet"
"TGTAGGTGCTATGG-1",0.281719133579702,"singlet"
"TGTAGGTGCTCTAT-1",0.280929917740142,"singlet"
"TGTAGGTGTGCTGA-1",0.213798354286796,"singlet"
"TGTAGTCTTCCAGA-1",0.2032822411229,"singlet"
"TGTAGTCTTGCACA-1",0.182113508066967,"singlet"
"TGTATCTGTTAGGC-1",0.335423648721089,"singlet"
"TGTATGCTCATGGT-1",0.0408254210420816,"singlet"
"TGTATGCTGTAGGG-1",0.097820889893301,"singlet"
"TGTATGCTTTCATC-1",0.150156624267958,"singlet"
"TGTCAGGAATACCG-1",0.292215487982227,"singlet"
"TGTCAGGAGATGAA-1",0.171728135382258,"singlet"
"TGTCTAACCCCTTG-1",0.0629452049824602,"singlet"
"TGTGACGATTCTCA-1",0.68856759912688,"doublet"
"TGTGAGACTGTCAG-1",0.275259014614997,"singlet"
"TGTGAGACTTGAGC-1",0.149982217622423,"singlet"
"TGTGAGTGACCACA-1",0.119757483045299,"singlet"
"TGTGAGTGAGTGCT-1",0.326562550398942,"singlet"
"TGTGATCTCTCTAT-1",0.0685030065239626,"singlet"
"TGTGGATGGCCAAT-1",0.0582798075234485,"singlet"
"TGTTAAGATAAGGA-1",0.0760583980996762,"singlet"
"TGTTACACCGCATA-1",0.341815784662127,"singlet"
"TGTTACACGACTAC-1",0.141618270579871,"singlet"
"TGTTACTGGCTACA-1",0.254772132880113,"singlet"
"TGTTACTGTAGTCG-1",0.28863678512532,"singlet"
"TTAACCACCGTAAC-1",0.2513385082972,"singlet"
"TTAACCACTAAGGA-1",0.151479902509857,"singlet"
"TTAACCACTCAGAC-1",0.141097895071661,"singlet"
"TTACACACGTGTTG-1",0.195427918627282,"singlet"
"TTACACACTCCTAT-1",0.270134733303335,"singlet"
"TTACCATGAATCGC-1",0.181566123463357,"singlet"
"TTACCATGGTTGAC-1",0.57216872336666,"doublet"
"TTACCATGTGTCTT-1",0.234327454552607,"singlet"
"TTACCATGTTGTGG-1",0.0728232946491059,"singlet"
"TTACGACTGAGAGC-1",0.350391339531374,"singlet"
"TTACGACTTGACAC-1",0.0697697444031936,"singlet"
"TTACTCGAACGTTG-1",0.519952259434872,"doublet"
"TTACTCGAAGAATG-1",0.210111764759914,"singlet"
"TTACTCGACGCAAT-1",0.358790494683306,"singlet"
"TTACTCGAGGGTGA-1",0.385010562400758,"singlet"
"TTACTCGATCTACT-1",0.23393658442576,"singlet"
"TTAGAATGTGGTGT-1",0.165666971386184,"singlet"
"TTAGACCTCCTACC-1",0.0925177964298285,"singlet"
"TTAGACCTCCTTTA-1",0.130492647788452,"singlet"
"TTAGCTACAACCGT-1",0.157413533323955,"singlet"
"TTAGCTACTGTCCC-1",0.26169439581357,"singlet"
"TTAGCTACTTTCGT-1",0.311911868938466,"singlet"
"TTAGGGACGCGAAG-1",0.240861800493688,"singlet"
"TTAGGGTGCTGGAT-1",0.1965048769544,"singlet"
"TTAGGGTGTCCTGC-1",0.221606549438126,"singlet"
"TTAGTCACCAGTTG-1",0.40546839471911,"singlet"
"TTAGTCTGAAAGCA-1",0.28161597615789,"singlet"
"TTAGTCTGCCAACA-1",0.0634894030255449,"singlet"
"TTAGTCTGTGCACA-1",0.183868549382372,"singlet"
"TTATCCGACTAGTG-1",0.0805325167748795,"singlet"
"TTATCCGAGAAAGT-1",0.365628700140214,"singlet"
"TTATGAGAGATAAG-1",0.164559231869782,"singlet"
"TTATGCACGTCACA-1",0.062838936249781,"singlet"
"TTATGGCTTATGGC-1",0.423039865257617,"singlet"
"TTATTCCTATGCTG-1",0.304281202312019,"singlet"
"TTATTCCTGGACAG-1",0.130842450896677,"singlet"
"TTATTCCTGGTACT-1",0.0581748197584126,"singlet"
"TTATTCCTTCGTGA-1",0.405562635425731,"singlet"
"TTCAAAGATAAAGG-1",0.408413141299426,"singlet"
"TTCAACACAACAGA-1",0.258095026740592,"singlet"
"TTCAACACCCCAAA-1",0.0775209240793822,"singlet"
"TTCAACACGGACGA-1",0.123264665295312,"singlet"
"TTCAAGCTAAGAAC-1",0.223007098447069,"singlet"
"TTCAAGCTAGATGA-1",0.276737532694374,"singlet"
"TTCAAGCTGTTGAC-1",0.352832667642965,"singlet"
"TTCAAGCTTGATGC-1",0.33299699470306,"singlet"
"TTCAAGCTTTCGCC-1",0.225756554087437,"singlet"
"TTCACAACCCGTTC-1",0.15180018557863,"singlet"
"TTCAGACTCTCGAA-1",0.192868566145472,"singlet"
"TTCAGTACCGACTA-1",0.443487784737328,"singlet"
"TTCAGTACTCAAGC-1",0.63500141236329,"doublet"
"TTCAGTACTCCTAT-1",0.0396516156919465,"singlet"
"TTCAGTTGCCAAGT-1",0.206249619073121,"singlet"
"TTCAGTTGTCCTTA-1",0.314125811830967,"singlet"
"TTCAGTTGTCTCGC-1",0.101917083308508,"singlet"
"TTCATCGAGGTGGA-1",0.118594269196054,"singlet"
"TTCATGTGTGGTGT-1",0.329948865293202,"singlet"
"TTCATTCTATGTCG-1",0.160948481794077,"singlet"
"TTCATTCTTCTCTA-1",0.0830012514296818,"singlet"
"TTCCAAACCTCCCA-1",0.129824230636356,"singlet"
"TTCCAAACTTGACG-1",0.100752377288202,"singlet"
"TTCCATGACGAGAG-1",0.0910212319378464,"singlet"
"TTCCCACTTGAGGG-1",0.0565726505901614,"singlet"
"TTCCCACTTGTCTT-1",0.209883614855105,"singlet"
"TTCCTAGAAAGTGA-1",0.0552033574355686,"singlet"
"TTCCTAGACTAGTG-1",0.234922002566228,"singlet"
"TTCGAGGACTCTAT-1",0.311753990412369,"singlet"
"TTCGAGGAGGGCAA-1",0.339238887017951,"singlet"
"TTCGAGGATAGAAG-1",0.415699182104716,"singlet"
"TTCGATTGAGCATC-1",0.279342426142141,"singlet"
"TTCGGAGAATGCCA-1",0.0464054322389167,"singlet"
"TTCGGAGATGTGCA-1",0.332646529989692,"singlet"
"TTCGTATGAAAAGC-1",0.133428413820065,"singlet"
"TTCGTATGGATAGA-1",0.366589928463627,"singlet"
"TTCGTATGGTCTGA-1",0.116277845973375,"singlet"
"TTCGTATGTCCTTA-1",0.296634483805776,"singlet"
"TTCTACGAACGTAC-1",0.300348148574964,"singlet"
"TTCTACGAGTTGGT-1",0.370888800989001,"singlet"
"TTCTAGTGACACGT-1",0.370571983607028,"singlet"
"TTCTAGTGCATGAC-1",0.0686113802980447,"singlet"
"TTCTAGTGGAGAGC-1",0.141822564069688,"singlet"
"TTCTAGTGGTCACA-1",0.178478859740059,"singlet"
"TTCTCAGAAGAGAT-1",0.269072990826359,"singlet"
"TTCTCAGAAGCATC-1",0.169679715268462,"singlet"
"TTCTCAGATGGAGG-1",0.358830263805943,"singlet"
"TTCTGATGGAGACG-1",0.12691446359264,"singlet"
"TTCTTACTCTGGAT-1",0.154469118072531,"singlet"
"TTGAACCTCCTTGC-1",0.0634256446762967,"singlet"
"TTGAATGAACTACG-1",0.096275334746365,"singlet"
"TTGAATGACTTACT-1",0.0981163771367009,"singlet"
"TTGAATGATCTCAT-1",0.11547934205819,"singlet"
"TTGACACTCTGTAG-1",0.306266706568645,"singlet"
"TTGACACTGATAAG-1",0.0749153061550087,"singlet"
"TTGAGGACAGAACA-1",0.119803978969576,"singlet"
"TTGAGGACTACGCA-1",0.350052477854647,"singlet"
"TTGAGGTGGACGGA-1",0.0976537058804532,"singlet"
"TTGCATTGAGCTAC-1",0.371415753092602,"singlet"
"TTGCATTGCTAAGC-1",0.395351858933121,"singlet"
"TTGCATTGTGACTG-1",0.154667730110597,"singlet"
"TTGCTAACACCAAC-1",0.438819937443049,"singlet"
"TTGCTAACACGCTA-1",0.195499587980738,"singlet"
"TTGCTAACCACTCC-1",0.152030422466348,"singlet"
"TTGCTATGGTACGT-1",0.220217784932756,"singlet"
"TTGCTATGGTAGGG-1",0.116579272557551,"singlet"
"TTGGAGACCAATCG-1",0.353518125911041,"singlet"
"TTGGAGACGCTATG-1",0.0972176659503764,"singlet"
"TTGGAGACTATGGC-1",0.186518772207663,"singlet"
"TTGGGAACTGAACC-1",0.188137358026821,"singlet"
"TTGGTACTACTGGT-1",0.168639233117226,"singlet"
"TTGGTACTCTTAGG-1",0.162181963916569,"singlet"
"TTGGTACTGAATCC-1",0.0681963455432324,"singlet"
"TTGGTACTGGATTC-1",0.0875630927031634,"singlet"
"TTGTACACGTTGTG-1",0.032307764900844,"singlet"
"TTGTACACTTGCAG-1",0.333577409350382,"singlet"
"TTGTAGCTAGCTCA-1",0.398289289400719,"singlet"
"TTGTAGCTCTCTTA-1",0.149746536597346,"singlet"
"TTGTCATGGACGGA-1",0.160704653791451,"singlet"
"TTTAGAGATCCTCG-1",0.147579352398376,"singlet"
"TTTAGCTGATACCG-1",0.301789227615163,"singlet"
"TTTAGCTGGATACC-1",0.172279519672202,"singlet"
"TTTAGCTGTACTCT-1",0.612721481611666,"doublet"
"TTTAGGCTCCTTTA-1",0.121026476774786,"singlet"
"TTTATCCTGTTGTG-1",0.292428647694989,"singlet"
"TTTCACGAGGTTCA-1",0.216104418433146,"singlet"
"TTTCAGTGGAAGGC-1",0.177312679466907,"singlet"
"TTTCAGTGTCACGA-1",0.0999104577092718,"singlet"
"TTTCAGTGTGCAGT-1",0.063244307266285,"singlet"
"TTTCCAGAGGTGAG-1",0.207454762897214,"singlet"
"TTTCGAACACCTGA-1",0.34671318711982,"singlet"
"TTTCGAACTCTCAT-1",0.2319543668873,"singlet"
"TTTCTACTGAGGCA-1",0.390793601396045,"singlet"
"TTTCTACTTCCTCG-1",0.0942302958161046,"singlet"
"TTTGCATGCCTCAC-1",0.180654870314671,"singlet"
