"barcode","prob_compromised","candidate_keep"
"CID44971_AAGCCGCCACGCATCG",0.935476759889958,FALSE
"CID44971_AAGGAGCTCAACACAC",0.589816487390255,FALSE
"CID44971_ACGAGCCTCCGATATG",0.933434697555159,FALSE
"CID44971_ACGTCAATCCGAAGAG",0.569643275621502,FALSE
"CID44971_AGAGTGGCACACGCTG",0.106785340831999,TRUE
"CID44971_AGCCTAAAGTGTCTCA",0.427514778918913,FALSE
"CID44971_AGGGAGTTCAGTTCGA",0.488625163205711,FALSE
"CID44971_ATAGACCAGCCAACAG",0.563472289477557,FALSE
"CID44971_ATCTACTCACCGCTAG",0.160553366193963,TRUE
"CID44971_ATCTGCCGTGCTGTAT",0.512947213774758,FALSE
"CID44971_ATGAGGGTCGTTGACA",0.614028974357906,FALSE
"CID44971_ATGCGATTCAAACCGT",0.999002004289771,FALSE
"CID44971_ATTATCCTCAGAGCTT",0.179561708380549,TRUE
"CID44971_CAACCAATCTTGAGGT",0.975753677896566,FALSE
"CID44971_CAAGAAACATGCAACT",0.591381844959574,FALSE
"CID44971_CAAGTTGAGGTGCACA",0.890471440393971,FALSE
"CID44971_CACACAACATGGTCTA",0.061664278909143,TRUE
"CID44971_CAGATCATCGGCTACG",0.916604283944084,FALSE
"CID44971_CAGTCCTTCAAACGGG",0.167599296971494,TRUE
"CID44971_CATCGGGGTTAGGGTG",0.673797274591948,FALSE
"CID44971_CATGACACACATGACT",0.675143631118792,FALSE
"CID44971_CATGGCGGTGACGCCT",0.18925678968815,FALSE
"CID44971_CATTCGCCACATGGGA",0.595693650021536,FALSE
"CID44971_CCACTACTCTAAGCCA",0.147961327485172,TRUE
"CID44971_CCTACCAGTCACTTCC",0.169215954691539,TRUE
"CID44971_CGAGCACGTTACGACT",0.561980587652466,FALSE
"CID44971_CGATGTAGTGGTTTCA",0.148012367003363,TRUE
"CID44971_CGGACACTCCTAGGGC",0.99894238545735,FALSE
"CID44971_CGGAGCTGTAGGCTGA",0.764551377991047,FALSE
"CID44971_CGGTTAATCAATAAGG",0.997952736937981,FALSE
"CID44971_CGTGTCTGTCTGGTCG",0.103267187428287,TRUE
"CID44971_CTAAGACAGACCTTTG",0.646730599445168,FALSE
"CID44971_CTAGTGACAGGCGATA",0.370660358888965,FALSE
"CID44971_CTGCGGAAGCGTCTAT",0.1386122004836,TRUE
"CID44971_CTTACCGAGCGATATA",0.0572744499657905,TRUE
"CID44971_CTTACCGGTCCGACGT",0.719667424013373,FALSE
"CID44971_CTTCTCTTCAACTCTT",0.370593793690571,FALSE
"CID44971_GAATGAAAGAGGTTAT",1,FALSE
"CID44971_GACCAATAGCTAGTGG",0.984428154205047,FALSE
"CID44971_GACTACAAGCTAGGCA",0.677842862165815,FALSE
"CID44971_GACTGCGGTAGCACGA",0.176408656297057,TRUE
"CID44971_GAGCAGAAGGAGTTTA",0.597317209220197,FALSE
"CID44971_GATCTAGTCTCTTATG",0.999999999999999,FALSE
"CID44971_GATGAAAAGTGAAGAG",0.999999999925613,FALSE
"CID44971_GCATACATCCTTCAAT",0.193437570492108,FALSE
"CID44971_GGACAGAAGAAAGTGG",0.603086714439213,FALSE
"CID44971_GGAGCAAAGGGATCTG",0.784663832048025,FALSE
"CID44971_GGAGCAACAGGTCTCG",0.205325461599056,FALSE
"CID44971_GGGACCTAGTGTGAAT",0.453143933683998,FALSE
"CID44971_GGGACCTCACATTCGA",0.166330233084764,TRUE
"CID44971_GGGCACTCACGAGGTA",0.910645623814799,FALSE
"CID44971_GGGTCTGAGAAACGAG",0.145590822002498,TRUE
"CID44971_GTATCTTTCAGTTGAC",0.66865443702877,FALSE
"CID44971_GTATTCTGTCACACGC",0.281372524820375,FALSE
"CID44971_GTATTCTTCCGCGGTA",0.173224818931898,TRUE
"CID44971_GTCGGGTAGTGAACAT",0.507287360379061,FALSE
"CID44971_GTCGTAAAGATGTAAC",0.148570522639591,TRUE
"CID44971_GTGCAGCGTGAGTATA",0.590908559127838,FALSE
"CID44971_GTGGGTCGTCATCGGC",0.239756047001021,FALSE
"CID44971_TAAGTGCCAAGTTAAG",0.20128213649867,TRUE
"CID44971_TACTCGCCACGTAAGG",0.40067242505389,TRUE
"CID44971_TAGAGCTAGTATCGAA",0.883526307456352,FALSE
"CID44971_TAGAGCTCACCGGAAA",0.529735476385217,FALSE
"CID44971_TATCAGGAGGATGGTC",0.99880790843404,FALSE
"CID44971_TATCTCACATCTGGTA",0.166755621778965,TRUE
"CID44971_TATGCCCGTATCGCAT",0.429801475632983,FALSE
"CID44971_TCACAAGTCCACGACG",0.996235614025559,FALSE
"CID44971_TCACAAGTCTCAAGTG",0.536144620588289,FALSE
"CID44971_TCAGCAAAGGCATGGT",0.117820525334062,TRUE
"CID44971_TCAGGTAGTCTAAAGA",0.898025183474382,FALSE
"CID44971_TCGAGGCCATACTCTT",0.105220781832059,TRUE
"CID44971_TCGTAGAGTGTGGCTC",0.867766801095611,FALSE
"CID44971_TCTATTGGTTTGTTGG",0.205341280999404,FALSE
"CID44971_TGCCCATAGTATGACA",0.891542614852842,FALSE
"CID44971_TGCCCATGTAGCTTGT",0.134849530328572,TRUE
"CID44971_TGCCCTATCCGCAGTG",0.134177970753656,TRUE
"CID44971_TGCGCAGAGATTACCC",0.182234037284817,TRUE
"CID44971_TGCGGGTGTAGCTCCG",0.990846456881931,FALSE
"CID44971_TGGCTGGAGGAGTTTA",0.822488782697656,FALSE
"CID44971_TGTGTTTGTAGGACAC",0.814917731606078,FALSE
"CID44971_TTAGGCACAAGTCATC",0.128651566521638,TRUE
"CID44971_TTCTCAATCGGCGGTT",0.873732974895921,FALSE
"CID44971_TTGACTTCATGGTTGT",0.377522623602595,FALSE
"CID44971_TTTACTGTCTTTCCTC",0.436169963638229,FALSE
"CID44971_TTTCCTCAGATCGATA",0.874324342037173,FALSE
"CID44971_CCAATCCCAGGCTGAA",0.154432395701298,TRUE
"CID44971_CGGCTAGCAATGGATA",0.14698591941224,TRUE
"CID44971_CTGTGCTCATCCTAGA",0.31558721636997,FALSE
"CID44971_GCATGCGTCGTTGACA",0.155697599163881,TRUE
"CID44971_GGCGACTGTAGGGTAC",0.723955961578294,FALSE
"CID44971_GTGCAGCTCCCAGGTG",0.694084376951726,FALSE
"CID44971_TCACGAAGTGACGGTA",0.0976660845235995,TRUE
"CID44971_TGTATTCAGTGGGCTA",0.567632643990572,FALSE
"CID44971_CACACTCAGATGTGGC",0.752036947353512,FALSE
"CID44971_GGTGAAGGTATTCGTG",0.225075922793166,FALSE
"CID44971_TGCCCTATCTCGCATC",0.341114249951129,FALSE
"CID44971_AAGCCGCAGTACGACG",0.947519342596643,FALSE
"CID44971_CACCTTGGTATCAGTC",0.161582565051117,TRUE
"CID44971_CTACCCAGTACCAGTT",0.190782274229284,FALSE
"CID44971_TGTATTCGTACCGGCT",0.884576064022046,FALSE
"CID44971_TGTGTTTCAAACAACA",0.931671965719714,FALSE
"CID44971_AAGACCTTCGTAGGAG",0.307787913937992,FALSE
"CID44971_ACTGATGGTTAAAGTG",0.982868676821114,FALSE
"CID44971_CGTCCATAGTAGCCGA",0.138646902583328,TRUE
"CID44971_GTCTCGTTCACGCGGT",0.999999917920068,FALSE
"CID44971_TTATGCTAGTCATGCT",0.974921529978661,FALSE
"CID44971_ACCCACTAGAGTACAT",0.134339710992239,TRUE
"CID44971_ACGGGCTAGTCTCGGC",0.400017699903124,FALSE
"CID44971_CGTTGGGTCCCATTAT",0.215742570056522,FALSE
"CID44971_CTGAAGTCAGGCGATA",0.13627418561939,TRUE
"CID44971_GCGGGTTGTAGCGTCC",0.109972739731334,TRUE
"CID44971_AATCCAGAGAATTGTG",0.347839099067809,FALSE
"CID44971_ACGGGCTAGGCTATCT",0.139148083650337,TRUE
"CID44971_ACGGGCTAGTGGTAAT",0.129049604481328,TRUE
"CID44971_AGCGTCGAGCTAACTC",0.999936847389387,FALSE
"CID44971_AGGCCACTCCATGAGT",0.999984955791456,FALSE
"CID44971_AGTGAGGAGTCCAGGA",0.136388965760259,TRUE
"CID44971_ATCTGCCGTACCGTAT",0.229328529959202,TRUE
"CID44971_ATGGGAGCACAAGCCC",0.141703191723391,TRUE
"CID44971_ATTGGTGTCTCGTATT",0.400751618730485,FALSE
"CID44971_CAAGAAAAGCACCGCT",0.0926770748709004,TRUE
"CID44971_CATATGGCATGCCTAA",0.945466586544663,FALSE
"CID44971_CATATGGGTAGATTAG",0.20534340728163,FALSE
"CID44971_CATATGGTCTACTATC",0.979446706749973,FALSE
"CID44971_CCACCTACATCCCATC",0.274051544648369,TRUE
"CID44971_CGAGAAGTCCCTTGTG",0.999444706072859,FALSE
"CID44971_CGATTGAGTCATATGC",0.4072574188221,FALSE
"CID44971_CGTTCTGCACATCTTT",0.999991821290679,FALSE
"CID44971_CTACACCTCACATACG",0.40577615002255,FALSE
"CID44971_CTCGGAGTCCGTTGCT",0.218311569214558,TRUE
"CID44971_CTCGGGAAGGCATTGG",0.128162922820798,TRUE
"CID44971_CTCTAATAGAATTGTG",0.874101807114786,TRUE
"CID44971_CTCTAATCAGCGTTCG",0.311171443687372,FALSE
"CID44971_CTCTACGCACCGAAAG",0.457191065878972,FALSE
"CID44971_GAACGGATCTAACGGT",0.999960698803081,FALSE
"CID44971_GACACGCAGGGCTCTC",0.312006220493723,FALSE
"CID44971_GATCAGTGTGTAACGG",0.661045299956024,FALSE
"CID44971_GATGAGGTCAGTGCAT",0.953865805237685,FALSE
"CID44971_GCGCAACGTGGCGAAT",0.999999925355581,FALSE
"CID44971_GCGCCAAAGGAATGGA",0.213676207733304,FALSE
"CID44971_GGACAAGCATGGTTGT",0.125586086975117,TRUE
"CID44971_GGGAATGCAGCTTAAC",0.975241570152765,FALSE
"CID44971_GGGCATCAGCAGCCTC",0.999549700853597,FALSE
"CID44971_GGTGCGTAGCGCTTAT",0.233028803383239,FALSE
"CID44971_GGTGCGTCAAACTGTC",0.187761162603715,FALSE
"CID44971_GTATTCTGTGATAAGT",0.999999999999888,FALSE
"CID44971_GTGAAGGAGAGTAAGG",0.999972070107737,FALSE
"CID44971_GTGGGTCCATGCCTAA",0.679785356196284,FALSE
"CID44971_TACTTGTAGACCACGA",0.965962046692117,FALSE
"CID44971_TAGTGGTAGCTCCCAG",0.659879495693416,FALSE
"CID44971_TCGGGACGTACATGTC",0.999362497198455,FALSE
"CID44971_TCTCTAACAGATCCAT",0.796491339480021,FALSE
"CID44971_TGACTAGGTGCGCTTG",0.158601226547717,TRUE
"CID44971_TGCACCTAGAAGGACA",0.739552350461077,FALSE
"CID44971_TGCCAAACAAGTAGTA",0.953603928184044,FALSE
"CID44971_TGCGCAGCAACACCTA",0.401332000510609,FALSE
"CID44971_TTCCCAGAGGCCCGTT",0.999999999885082,FALSE
"CID44971_TTTCCTCGTGCTTCTC",0.448831477259893,FALSE
"CID44971_AACACGTGTGATGCCC",0.142001046601211,TRUE
"CID44971_AACCATGAGGTTACCT",0.66845463365665,FALSE
"CID44971_CAAGAAAAGCTAGGCA",0.982829117073941,FALSE
"CID44971_CACATTTGTCTGATCA",0.148204173769622,TRUE
"CID44971_CAGGTGCAGCCAGGAT",0.999998697028406,FALSE
"CID44971_CCTACCATCAAACAAG",0.364826647863144,FALSE
"CID44971_CGCGTTTCATGACGGA",0.163597397146252,TRUE
"CID44971_CTGCTGTGTTGTGGCC",0.138993060783367,TRUE
"CID44971_GAGTCCGTCTACCTGC",0.13424336978887,TRUE
"CID44971_GCACATATCCGCGCAA",0.144020801669397,TRUE
"CID44971_GCTTCCATCTTGTTTG",0.298563553876532,FALSE
"CID44971_GGGCATCTCCGAGCCA",0.999999377872826,FALSE
"CID44971_TCAATCTCAGGGCATA",0.147271323496468,TRUE
"CID44971_TCGCGTTGTGGTACAG",0.998830887199882,FALSE
"CID44971_TTCCCAGAGGAACTGC",0.381541472202833,FALSE
"CID44971_TTGTAGGTCATCATTC",0.203862669155331,TRUE
"CID44971_CACAAACAGAATCTCC",0.967128723064375,FALSE
"CID44971_GTCGGGTGTTCTGAAC",0.887756591326355,FALSE
"CID44971_GTTCTCGAGAAGATTC",0.329042604974836,FALSE
"CID44971_CTCACACGTACGCTGC",0.999999999674825,FALSE
"CID44971_TACTTGTTCAAACGGG",0.210332637402075,TRUE
"CID44971_TGCTGCTTCCATTCTA",0.627921009098198,TRUE
"CID44971_ACCGTAAAGCCCAGCT",0.998720179259987,FALSE
"CID44971_ACCGTAAGTTACGGAG",0.841343289644593,FALSE
"CID44971_ACTGCTCGTGTTTGGT",0.118724643962216,TRUE
"CID44971_ACTTACTTCAGAGCTT",0.13363814174291,TRUE
"CID44971_ACTTTCAGTGATGCCC",0.925263228243542,FALSE
"CID44971_AGGTCATTCGTACCGG",0.281564550342933,TRUE
"CID44971_CACAGTATCCGTCATC",0.112436215463332,TRUE
"CID44971_CACTCCAGTCTGGAGA",0.144711539345988,TRUE
"CID44971_CATCGGGAGGGCTCTC",0.953212742563966,FALSE
"CID44971_CATGACAAGAAACCAT",0.237323134734651,TRUE
"CID44971_CCAGCGAAGTTTCCTT",0.0636781262374507,TRUE
"CID44971_CCTACCAGTCTAGTCA",0.0841798711888469,TRUE
"CID44971_CCTTCCCGTTAAAGAC",0.279534226171979,FALSE
"CID44971_CTCGTCAAGGTGCACA",0.344873001598313,FALSE
"CID44971_GAACCTATCCCTCTTT",0.169044732039185,TRUE
"CID44971_GAATAAGCACTTCGAA",0.816738248192783,FALSE
"CID44971_GATCGATAGGCAAAGA",0.139933352092921,TRUE
"CID44971_GCGACCAGTTGCCTCT",0.0871250057833216,TRUE
"CID44971_GCGCAACTCCAAGCCG",0.107541906535673,TRUE
"CID44971_GGACAGACACTTAAGC",0.535399671401555,TRUE
"CID44971_GGCGACTTCGTTACAG",0.0726146513130548,TRUE
"CID44971_GGTGCGTAGTGAATTG",0.999657227224064,FALSE
"CID44971_TGCCCTACACCGTTGG",0.125892837093137,TRUE
"CID44971_TTGGCAAAGTACACCT",0.179046593717961,TRUE
"CID44971_TTTATGCTCGCAAACT",0.914483732247171,FALSE
"CID44971_AAACGGGTCCCAACGG",0.169859644659234,TRUE
"CID44971_AACTGGTCACGCCAGT",0.0450589357140447,TRUE
"CID44971_AAGCCGCAGGGTTTCT",0.12872237861131,TRUE
"CID44971_AAGGTTCCAATGAAAC",0.124717302484009,TRUE
"CID44971_AAGTCTGAGCCAGAAC",0.146138006202627,TRUE
"CID44971_ACACCAATCAGCTCGG",0.111148664053437,TRUE
"CID44971_ACATCAGCACTATCTT",0.143687153112857,TRUE
"CID44971_ACCGTAAAGACTTTCG",0.160923888878447,TRUE
"CID44971_ACCTTTACAAAGCAAT",0.0998745685365254,TRUE
"CID44971_ACGAGGAAGTCGTTTG",0.279147049933261,FALSE
"CID44971_ACGATACAGAACTGTA",0.147109185791146,TRUE
"CID44971_ACGCCGAAGTGGGTTG",0.139419783937119,TRUE
"CID44971_ACTGAGTAGCAATATG",0.141255287558766,TRUE
"CID44971_ACTGATGAGTCAAGCG",0.139411516024348,TRUE
"CID44971_ACTGTCCCATCTGGTA",0.0902390110741445,TRUE
"CID44971_ACTTACTAGCAAATCA",0.122541000645753,TRUE
"CID44971_ACTTACTTCAACCATG",0.131417506924516,TRUE
"CID44971_AGAGCGAGTTACGACT",0.149067045101905,TRUE
"CID44971_AGAGCTTTCGGTTAAC",0.4152828993369,FALSE
"CID44971_AGATCTGTCCCTAACC",0.135681845026388,TRUE
"CID44971_AGCGTATAGCTTATCG",0.121976367181988,TRUE
"CID44971_AGTCTTTCAGCCTATA",0.129034409550768,TRUE
"CID44971_AGTGAGGAGAGGGCTT",0.965867253264027,FALSE
"CID44971_AGTGAGGGTCTCCCTA",0.4571261837813,FALSE
"CID44971_AGTGTCAAGGATGGTC",0.161387454221257,TRUE
"CID44971_AGTGTCAGTAGGGACT",0.0903923800298954,TRUE
"CID44971_ATCATCTCACGAAGCA",0.977378524032287,FALSE
"CID44971_ATTACTCCACCTCGTT",0.939977478751057,FALSE
"CID44971_ATTGGACAGTCAAGGC",0.822793990691448,FALSE
"CID44971_CAACCTCGTAACGACG",0.161605762587036,TRUE
"CID44971_CACCACTAGCGTCTAT",0.107121134841507,TRUE
"CID44971_CACCACTGTTCACGGC",0.39017040842097,FALSE
"CID44971_CACCAGGCAAGGTTCT",0.253224906446707,FALSE
"CID44971_CAGATCAAGATATGCA",0.147050208063308,TRUE
"CID44971_CAGTCCTGTTCTGAAC",0.13014955534006,TRUE
"CID44971_CATCAGACATGTCGAT",0.193752511453623,TRUE
"CID44971_CATGGCGTCACATAGC",0.141033674483575,TRUE
"CID44971_CCGTACTGTGAGGCTA",0.991831327121642,FALSE
"CID44971_CCGTGGAAGAGCTATA",0.1694045761357,TRUE
"CID44971_CCGTTCATCTTCATGT",0.181151198573734,FALSE
"CID44971_CCTACACGTCATATGC",0.136321558632145,TRUE
"CID44971_CCTCTGAGTCTTGTCC",0.287397203754739,FALSE
"CID44971_CCTTACGTCAAAGACA",0.999986498326177,FALSE
"CID44971_CCTTCGAAGACAATAC",0.307015796387549,FALSE
"CID44971_CCTTCGATCTTTACGT",0.213266357388825,TRUE
"CID44971_CGAATGTTCAGTTCGA",0.15755858410476,TRUE
"CID44971_CGAATGTTCATGCAAC",0.100674836575148,TRUE
"CID44971_CGATGTAAGGACTGGT",0.131567148042677,TRUE
"CID44971_CGGACACTCGCAAGCC",0.13503470777698,TRUE
"CID44971_CGGACACTCGCTTGTC",0.134600013548544,TRUE
"CID44971_CGGAGCTCATGCCTTC",0.135348024189495,TRUE
"CID44971_CGTAGGCAGAGTCTGG",0.363391842339679,FALSE
"CID44971_CGTAGGCGTTATCCGA",0.107772497197931,TRUE
"CID44971_CGTCACTCAAAGTGCG",0.204836140821233,FALSE
"CID44971_CGTCTACCAAGAAAGG",0.117026445348285,TRUE
"CID44971_CGTGTCTAGGATTCGG",0.17272910474235,TRUE
"CID44971_CTAACTTCAGCCTTTC",0.266434453694843,FALSE
"CID44971_CTAACTTGTGCACCAC",0.974770579136004,FALSE
"CID44971_CTAGTGAGTGTGCCTG",0.149127981570284,TRUE
"CID44971_CTCGAAACAGCTTCGG",0.183043011639136,FALSE
"CID44971_CTCGTACAGGGTATCG",0.0822625094942928,TRUE
"CID44971_CTGATCCAGTCTCCTC",0.441927540204512,FALSE
"CID44971_CTGATCCTCGCCAGCA",0.203518605801919,FALSE
"CID44971_CTGGTCTCATGAAGTA",0.150046817060846,TRUE
"CID44971_CTGTTTAAGCCGATTT",0.15937900904609,TRUE
"CID44971_CTTAGGAAGAGCTGGT",0.202345163350136,TRUE
"CID44971_GAAACTCAGTGGGATC",0.136739333957505,TRUE
"CID44971_GAAACTCGTGATAAGT",0.493921710495865,FALSE
"CID44971_GAACCTAGTATATGGA",0.2001364221664,FALSE
"CID44971_GAAGCAGGTATGGTTC",0.148572109725039,TRUE
"CID44971_GAATGAACATCGACGC",0.965168125725108,FALSE
"CID44971_GACCTGGTCCTATTCA",0.166349487172022,TRUE
"CID44971_GACGGCTTCGAATCCA",0.105360954127254,TRUE
"CID44971_GAGGTGACATCAGTAC",0.109670793574931,TRUE
"CID44971_GAGGTGAGTGATGTCT",0.158587340700194,TRUE
"CID44971_GATGAAAGTCAGAAGC",0.186327927527035,FALSE
"CID44971_GATGAGGCAGTGGAGT",0.201777829487447,FALSE
"CID44971_GATGAGGGTAGGCTGA",0.143663386252955,TRUE
"CID44971_GCACTCTCATAACCTG",0.174807749938779,TRUE
"CID44971_GCAGCCAGTGTGGCTC",0.121508916975608,TRUE
"CID44971_GCATGCGCAGTATAAG",0.171303573225858,TRUE
"CID44971_GCATGTAGTCGCATCG",0.209839121328348,FALSE
"CID44971_GCCAAATTCGAGGTAG",0.140775757615502,TRUE
"CID44971_GCGCGATAGCTGCGAA",0.155978937067272,TRUE
"CID44971_GCGGGTTGTGTCAATC",0.259588013939889,FALSE
"CID44971_GCGGGTTGTTTGTTTC",0.0864769697729868,TRUE
"CID44971_GCTCCTAAGAGACGAA",0.236632054924165,TRUE
"CID44971_GCTGCAGAGGTGACCA",0.11116799944582,TRUE
"CID44971_GGAACTTCACGCTTTC",0.132786579374877,TRUE
"CID44971_GGACAAGTCTGCGGCA",0.266462134573274,FALSE
"CID44971_GGCGACTTCTTTAGGG",0.14558390504018,TRUE
"CID44971_GGGAGATGTATTAGCC",0.0986029891349099,TRUE
"CID44971_GGGTCTGAGACTACAA",0.152863589774861,TRUE
"CID44971_GTCACGGAGCCAACAG",0.162510427546135,TRUE
"CID44971_GTCACGGAGTATGACA",0.116094169760389,TRUE
"CID44971_GTGCATACAAGTAATG",0.316011851711006,FALSE
"CID44971_GTGTGCGCAAGGTTTC",0.103534754053823,TRUE
"CID44971_GTTAAGCAGCCGTCGT",0.999999999999741,FALSE
"CID44971_GTTAAGCTCCACGCAG",0.178688479765021,FALSE
"CID44971_GTTAAGCTCCATGAAC",0.175871377160598,TRUE
"CID44971_GTTCATTGTAGAAAGG",0.999999999987368,FALSE
"CID44971_GTTCGGGGTTCCATGA",0.111201818068118,TRUE
"CID44971_TAAACCGTCACCACCT",0.390566042749867,FALSE
"CID44971_TAAGTGCTCGCCTGAG",0.161766807450595,TRUE
"CID44971_TAGACCATCGGCATCG",0.162984697323124,TRUE
"CID44971_TAGAGCTGTGGCGAAT",0.14976026619487,TRUE
"CID44971_TAGTGGTGTCGAGTTT",0.99974508276884,FALSE
"CID44971_TAGTTGGGTCACTGGC",0.999999999994171,FALSE
"CID44971_TCAATCTTCGGAGCAA",0.231714195514343,FALSE
"CID44971_TCACAAGGTAGGACAC",0.203970306084269,TRUE
"CID44971_TCACAAGGTTCATGGT",0.0936096245296222,TRUE
"CID44971_TCAGCAACACATGTGT",0.1251246340499,TRUE
"CID44971_TCAGGTACACCCAGTG",0.229514978219451,FALSE
"CID44971_TCAGGTAGTCCTCCAT",0.140461797060945,TRUE
"CID44971_TCGTACCAGTGGTCCC",0.134557833435131,TRUE
"CID44971_TCTCTAACACCGTTGG",0.70765718293633,FALSE
"CID44971_TGAGAGGGTGAAGGCT",0.189225468293418,TRUE
"CID44971_TGCGCAGAGGACTGGT",0.140648832412036,TRUE
"CID44971_TGGGCGTGTCGGCACT",0.189434124125352,FALSE
"CID44971_TTAGTTCTCCGTTGCT",0.223949396279425,FALSE
"CID44971_TTCTCCTGTGATAAAC",0.138550975408584,TRUE
"CID44971_TTGACTTGTAAGTGTA",0.806253674728456,FALSE
"CID44971_TTGCCGTCATTTCACT",0.204969685912592,TRUE
"CID44971_CTCACACCACCACGTG",0.256286651413729,FALSE
"CID44971_AAAGCAAGTAAATGTG",0.129219261058545,TRUE
"CID44971_AAAGTAGAGAGTAATC",0.184772184557571,TRUE
"CID44971_AAATGCCCAAAGCGGT",0.108964613541242,TRUE
"CID44971_AAATGCCGTTGGGACA",0.108026085135733,TRUE
"CID44971_AAATGCCTCACGCGGT",0.146421407469926,TRUE
"CID44971_AAGACCTCAGACGTAG",0.116442243164502,TRUE
"CID44971_ACAGCCGTCGGAGGTA",0.108849563791751,TRUE
"CID44971_ACCGTAAGTCTGGTCG",0.146274949807227,TRUE
"CID44971_ACGGAGACAGTTAACC",0.128049685652215,TRUE
"CID44971_ACGGCCAAGTAGATGT",0.043046452253227,TRUE
"CID44971_ACGGGTCCATTATCTC",0.128531959882242,TRUE
"CID44971_AGAGCTTGTAAGGATT",0.112363906614386,TRUE
"CID44971_AGAGTGGTCGTGGGAA",0.182814208016947,TRUE
"CID44971_AGATTGCAGATCCGAG",0.117654588746026,TRUE
"CID44971_AGCAGCCAGGAGTTTA",0.131829581891939,TRUE
"CID44971_AGCTCCTCATAGGATA",0.195479096347568,TRUE
"CID44971_AGCTCCTTCCGCAAGC",0.0788864944254371,TRUE
"CID44971_AGGGATGTCGGAAACG",0.13761368129808,TRUE
"CID44971_AGGTCATCAGGACCCT",0.179707302254828,TRUE
"CID44971_AGGTCATGTCGGATCC",0.124164993390852,TRUE
"CID44971_AGTGAGGCAGCCTATA",0.146882645423342,TRUE
"CID44971_AGTGTCAGTATGAATG",0.176242497275055,TRUE
"CID44971_ATTATCCCAGGGTTAG",0.635977324796612,FALSE
"CID44971_ATTGGACAGCACCGCT",0.375465139717538,FALSE
"CID44971_CAACCAAGTCCTCCAT",0.167589953751765,TRUE
"CID44971_CAAGATCCACATGGGA",0.0830132652259233,TRUE
"CID44971_CACAAACGTTAGAACA",0.121003295941983,TRUE
"CID44971_CACATTTGTGACTCAT",0.117583132418675,TRUE
"CID44971_CACCAGGGTTTAAGCC",0.11999032210536,TRUE
"CID44971_CAGCAGCCATGTCCTC",0.277416585316446,FALSE
"CID44971_CAGTCCTCACATCTTT",0.41616372339975,FALSE
"CID44971_CATATTCGTAGCTAAA",0.177807076481393,TRUE
"CID44971_CATCAGAGTAATCACC",0.152868627681022,TRUE
"CID44971_CATCGGGTCCTAAGTG",0.110859256968263,TRUE
"CID44971_CATGACATCAACGCTA",0.0649401040727546,TRUE
"CID44971_CATGCCTTCGCGATCG",0.0988968443797181,TRUE
"CID44971_CATGCCTTCGGTTAAC",0.112706087086442,TRUE
"CID44971_CCAATCCTCTCCAACC",0.145670608268431,TRUE
"CID44971_CCCTCCTTCGCGCCAA",0.0891483544650901,TRUE
"CID44971_CCTAAAGGTAAGTTCC",0.0896542458012224,TRUE
"CID44971_CCTATTAAGTTATCGC",0.180551468048416,FALSE
"CID44971_CCTTACGGTGTTGAGG",0.0807394088941502,TRUE
"CID44971_CGACCTTTCCCAGGTG",0.165558895860637,TRUE
"CID44971_CGACTTCGTTTAGGAA",0.10460631407102,TRUE
"CID44971_CGCTATCTCACAGTAC",0.102971728899872,TRUE
"CID44971_CGGAGCTGTCCCGACA",0.173436892337364,TRUE
"CID44971_CGTCACTTCGGACAAG",0.111489053711514,TRUE
"CID44971_CGTGAGCAGTGTGAAT",0.0897975494922831,TRUE
"CID44971_CGTGTAATCGGCTACG",0.181567682235654,TRUE
"CID44971_CGTGTCTAGTCAAGGC",0.119715972801826,TRUE
"CID44971_CGTTCTGGTACGCACC",0.162682626768808,TRUE
"CID44971_CGTTGGGTCGTCTGCT",0.167393295494522,TRUE
"CID44971_CTAATGGTCTTGAGGT",0.116293588609064,TRUE
"CID44971_CTACCCAGTAGCTAAA",0.133827835986759,TRUE
"CID44971_CTCTAATCAAACAACA",0.136208162880586,TRUE
"CID44971_CTGCGGAGTCAATGTC",0.0871398400650194,TRUE
"CID44971_CTTAACTAGCGAAGGG",0.13417632363601,TRUE
"CID44971_CTTGGCTAGTGACTCT",0.159359583825814,TRUE
"CID44971_GAACATCTCAGTTGAC",0.11710689384716,TRUE
"CID44971_GAAGCAGGTAAATGAC",0.304935395048644,FALSE
"CID44971_GACACGCTCATATCGG",0.133005027631845,TRUE
"CID44971_GACGTGCAGTGGTAGC",0.138057093608645,TRUE
"CID44971_GACGTGCCAATGGAGC",0.117631133360315,TRUE
"CID44971_GACTGCGAGGCCATAG",0.138420104313023,TRUE
"CID44971_GATCAGTAGGGTCGAT",0.150362273079341,TRUE
"CID44971_GATCGCGGTTGGTTTG",0.132158807918502,TRUE
"CID44971_GATCTAGCATCACAAC",0.125311267398055,TRUE
"CID44971_GATGCTAGTGTCCTCT",0.137482677270403,TRUE
"CID44971_GCAAACTTCGTGACAT",0.107773678707388,TRUE
"CID44971_GCATACAAGTACTTGC",0.0809023946852568,TRUE
"CID44971_GCATACAGTATAATGG",0.139974942956082,TRUE
"CID44971_GCATGATCACACTGCG",0.0919834029025401,TRUE
"CID44971_GCCAAATTCAGAGGTG",0.094333170939327,TRUE
"CID44971_GCTCCTACAGATGGGT",0.158508513109524,TRUE
"CID44971_GCTGCGAGTTACAGAA",0.193234711583926,FALSE
"CID44971_GGATTACAGTGCTGCC",0.365434385765224,FALSE
"CID44971_GGGAGATAGATGTAAC",0.131159431009302,TRUE
"CID44971_GGGAGATAGCTAGCCC",0.174054805096819,TRUE
"CID44971_GGGCACTCACGTTGGC",0.238354276359216,FALSE
"CID44971_GGGTCTGTCATGCATG",0.204207292320159,TRUE
"CID44971_GGGTTGCAGCTTTGGT",0.0996626884262878,TRUE
"CID44971_GGTATTGCATTTCACT",0.185568217752847,TRUE
"CID44971_GGTATTGGTCGCGTGT",0.195986931939721,FALSE
"CID44971_GTAACTGCAGTCCTTC",0.241455444108989,TRUE
"CID44971_GTACGTACATGCCACG",0.110661861998802,TRUE
"CID44971_GTATTCTAGAGGTTGC",0.130401804800543,TRUE
"CID44971_GTCGGGTGTTGACGTT",0.196776883681882,TRUE
"CID44971_GTCGGGTTCTCCAACC",0.145773914337111,TRUE
"CID44971_GTCGTAAGTCCTCTTG",0.106463214228565,TRUE
"CID44971_GTGGGTCAGCTGAAAT",0.313826281756905,FALSE
"CID44971_GTGGGTCTCACAACGT",0.100960750935625,TRUE
"CID44971_GTGTTAGCATTAACCG",0.146743952017102,TRUE
"CID44971_GTTACAGGTGAGTATA",0.147957320388701,TRUE
"CID44971_GTTCTCGTCGAGCCCA",0.144163954013856,TRUE
"CID44971_GTTCTCGTCGTCTGAA",0.171689373560867,TRUE
"CID44971_TACCTATCAGTTCATG",0.112866097528143,TRUE
"CID44971_TACGGATTCCAGTAGT",0.185887771090432,TRUE
"CID44971_TACTCATAGTGTACCT",0.162998252592813,TRUE
"CID44971_TACTTACGTAAGAGGA",0.209786918925411,FALSE
"CID44971_TAGTGGTCAATAACGA",0.991261229219014,FALSE
"CID44971_TCAATCTGTTCGGGCT",0.145126465120326,TRUE
"CID44971_TCAGCAAAGTCATCCA",0.999999982734088,FALSE
"CID44971_TCAGCTCGTCCTCCAT",0.157208429133514,TRUE
"CID44971_TCGTACCAGACAGACC",0.121919673853511,TRUE
"CID44971_TCGTACCGTTCGGGCT",0.132442549924541,TRUE
"CID44971_TCTCTAAGTTATCGGT",0.133030212567747,TRUE
"CID44971_TGACTAGGTGCGATAG",0.123258005336927,TRUE
"CID44971_TGACTTTAGTTAGCGG",0.190808064602899,TRUE
"CID44971_TGAGAGGCAGCGTTCG",0.122444724069719,TRUE
"CID44971_TGAGGGAGTGCAGTAG",0.117753297116878,TRUE
"CID44971_TGCCAAACAGGCTCAC",0.10680684306085,TRUE
"CID44971_TGCTACCGTTCGCTAA",0.133907247069871,TRUE
"CID44971_TGCTGCTGTCCTAGCG",0.101276032565424,TRUE
"CID44971_TGGCCAGCAGTCCTTC",0.232006627181765,TRUE
"CID44971_TGTTCCGAGTGGTAAT",0.117020213188303,TRUE
"CID44971_TTAGGACTCAGTCAGT",0.172717246439349,TRUE
"CID44971_TTAGGCAAGCTAGGCA",0.122870575207473,TRUE
"CID44971_TTCTACACAGCTGTGC",0.0985176954721185,TRUE
"CID44971_TTCTCAAGTTGGGACA",0.154344298558101,TRUE
"CID44971_TTGGCAAAGCAATCTC",0.139264131497036,TRUE
"CID44971_TTGGCAATCTTCGGTC",0.24930118843029,TRUE
"CID44971_TTTCCTCGTGTTGGGA",0.197218973551334,FALSE
"CID44971_AATCGGTAGCGTGAAC",0.290408517516045,FALSE
"CID44971_ACACTGATCTCGCATC",0.129162355097914,TRUE
"CID44971_ATGAGGGCACGCTTTC",0.284900783471531,TRUE
"CID44971_ATGAGGGTCATCGATG",0.530345172638201,FALSE
"CID44971_ATTATCCGTGCATCTA",0.176513942095325,TRUE
"CID44971_CACATTTTCCTCAATT",0.459541424472926,FALSE
"CID44971_CACCACTGTAGAGCTG",0.931193311320418,FALSE
"CID44971_CAGCGACCAGCTTAAC",0.62376438732448,FALSE
"CID44971_CCTACCAAGTGTACCT",0.16648467894281,TRUE
"CID44971_CGATCGGAGGAGTCTG",0.532746449733169,FALSE
"CID44971_CGGAGCTAGCTACCGC",0.180701013481004,TRUE
"CID44971_CGTAGGCTCTAACCGA",0.192046808389231,TRUE
"CID44971_CGTTAGACACACATGT",0.14880773207292,TRUE
"CID44971_CTACATTAGTGTGGCA",0.609322011340522,FALSE
"CID44971_CTACCCAGTACTCAAC",0.131616981373232,TRUE
"CID44971_CTACGTCTCGTCTGCT",0.136258426636833,TRUE
"CID44971_CTGGTCTGTCTAGTCA",0.152839726767659,TRUE
"CID44971_CTGTGCTAGGAGTTGC",0.193247593243804,TRUE
"CID44971_GAATAAGCATAAAGGT",0.998343054200376,FALSE
"CID44971_GAGGTGACATGTCGAT",0.947799293706938,FALSE
"CID44971_GCAATCAAGGAGCGAG",0.170744012708842,TRUE
"CID44971_GCCTCTATCCAACCAA",0.154375451438699,TRUE
"CID44971_GGCTGGTAGTGTGAAT",0.454144905792836,FALSE
"CID44971_GGTGTTACATTCACTT",0.160754507196921,TRUE
"CID44971_GTAACTGTCTTGGGTA",0.117617792743893,TRUE
"CID44971_TAGCCGGGTCATATGC",0.975644358193254,FALSE
"CID44971_TGAAAGATCAGAGGTG",0.276327914219609,FALSE
"CID44971_TGGCCAGTCGTCTGAA",0.799722564764635,FALSE
"CID44971_TTAGGACCATGCAATC",0.996225660715336,FALSE
"CID44971_TTCTTAGGTCTCCACT",0.324658587093141,FALSE
"CID44971_TTTGGTTAGCTAGTGG",0.252129502897099,TRUE
"CID44971_ACTATCTAGCAAATCA",0.30664759275945,TRUE
"CID44971_ATCCGAACACATCCAA",0.353715760128789,FALSE
"CID44971_CACTCCACAGAAGCAC",0.141032413412824,TRUE
"CID44971_CGATTGATCTACTTAC",0.158328716626445,TRUE
"CID44971_GATGAAAAGTGGCACA",0.196337319530589,FALSE
"CID44971_AAAGATGCAGTAAGAT",0.137212793415305,TRUE
"CID44971_AAAGCAATCCCAAGAT",0.140827870574876,TRUE
"CID44971_AACGTTGTCGTCCGTT",0.277120144829923,TRUE
"CID44971_AACTCAGGTAGCGCTC",0.165825764723304,TRUE
"CID44971_AAGACCTTCCAGTAGT",0.177198457497935,TRUE
"CID44971_AAGGTTCAGACTGTAA",0.182287909842543,TRUE
"CID44971_ACACCGGAGCTTATCG",0.226466475967524,FALSE
"CID44971_ACATACGCACACTGCG",0.135379202054665,TRUE
"CID44971_ACATCAGCATTTCACT",0.096362965425131,TRUE
"CID44971_ACGAGCCCATAGGATA",0.659360432086355,FALSE
"CID44971_ACTTACTTCCGCAAGC",0.208457172208865,TRUE
"CID44971_AGATTGCTCGCATGAT",0.213334982540245,TRUE
"CID44971_AGCATACAGGAGTACC",0.246817415723667,FALSE
"CID44971_AGCTCTCAGTTAAGTG",0.141013898106375,TRUE
"CID44971_AGGCCACCAGGATCGA",0.173209968269194,TRUE
"CID44971_AGGCCGTCATATGCTG",0.090487837527412,TRUE
"CID44971_AGTTGGTTCGTCTGCT",0.191678604711728,TRUE
"CID44971_ATCCACCCAGGATTGG",0.100322539511681,TRUE
"CID44971_ATCCGAATCGCCAAAT",0.158513317040368,TRUE
"CID44971_ATCGAGTGTACGCACC",0.100348019983914,TRUE
"CID44971_ATCTGCCTCATAACCG",0.210987234575013,FALSE
"CID44971_ATTCTACGTGATAAGT",0.258262100562703,TRUE
"CID44971_ATTGGACTCGTGGACC",0.156334637816145,TRUE
"CID44971_ATTTCTGTCTGTTTGT",0.217682564595161,TRUE
"CID44971_CAACTAGGTGTCCTCT",0.195361657056366,TRUE
"CID44971_CACAAACGTGCTTCTC",0.129919533312692,TRUE
"CID44971_CACACCTTCCTGCAGG",0.126321417439436,TRUE
"CID44971_CACAGTAAGGTGATTA",0.243193538175359,TRUE
"CID44971_CAGCAGCTCGTTTAGG",0.11150506481599,TRUE
"CID44971_CATATTCTCAACGGCC",0.731002766872217,FALSE
"CID44971_CATCCACAGCGTGAAC",0.485556714717937,FALSE
"CID44971_CATCGAACATTTGCCC",0.14683591988678,TRUE
"CID44971_CATCGAATCCCAGGTG",0.271047319869231,FALSE
"CID44971_CATCGGGAGCGTGAGT",0.200026538316838,FALSE
"CID44971_CATGCCTTCAGATAAG",0.236554758678493,TRUE
"CID44971_CATTATCTCCTGTAGA",0.245330618524029,FALSE
"CID44971_CCCAATCCAGATGGGT",0.133983756267232,TRUE
"CID44971_CCGGGATTCAAGGCTT",0.12786724768068,TRUE
"CID44971_CCGTACTTCAACGAAA",0.141940089711548,TRUE
"CID44971_CCTATTAAGTTAGCGG",0.157332611629906,TRUE
"CID44971_CCTTACGGTTACGGAG",0.110839850812588,TRUE
"CID44971_CCTTTCTCACAAGACG",0.116769117233292,TRUE
"CID44971_CGACTTCCAGTAGAGC",0.152206069525137,TRUE
"CID44971_CGGACGTCATGAACCT",0.138616909055408,TRUE
"CID44971_CGGACTGCACACCGCA",0.206159920698453,TRUE
"CID44971_CGTAGGCGTATCGCAT",0.373181615287313,FALSE
"CID44971_CGTCTACTCATTATCC",0.161387388842338,TRUE
"CID44971_CTAACTTTCAAGAAGT",0.154627607291622,TRUE
"CID44971_CTAATGGGTCGACTGC",0.124399817650549,TRUE
"CID44971_CTAATGGGTTGTACAC",0.201838594758579,FALSE
"CID44971_CTACCCAAGATACACA",0.086335598846285,TRUE
"CID44971_CTACCCAAGCGAGAAA",0.135023626055058,TRUE
"CID44971_CTAGCCTAGTTCGATC",0.180739760415163,TRUE
"CID44971_CTAGTGACAAGGGTCA",0.288476020414555,FALSE
"CID44971_CTCATTAGTCTTCAAG",0.184516111346085,TRUE
"CID44971_CTCCTAGAGACCTTTG",0.180899185948614,FALSE
"CID44971_CTCCTAGAGTTGAGAT",0.155184868804712,TRUE
"CID44971_CTCTAATGTCAATGTC",0.147232694304737,TRUE
"CID44971_CTCTACGTCTCCAACC",0.175833974113737,TRUE
"CID44971_CTGATCCGTTACAGAA",0.215796354156966,TRUE
"CID44971_CTGCCTACACAGAGGT",0.109680118994499,TRUE
"CID44971_CTGGTCTCAAGTAGTA",0.166237577824535,TRUE
"CID44971_CTGGTCTTCCTATTCA",0.211449589230347,TRUE
"CID44971_CTGTGCTAGTCGTACT",0.191872804049327,TRUE
"CID44971_CTGTGCTTCATCGATG",0.142845692648347,TRUE
"CID44971_CTGTTTACAGTGGGAT",0.235736352489935,TRUE
"CID44971_CTTTGCGTCATCGATG",0.109740548565566,TRUE
"CID44971_GAACCTAGTAAGTGGC",0.204625529805406,TRUE
"CID44971_GAAGCAGGTATCACCA",0.102959664791579,TRUE
"CID44971_GACACGCAGACAATAC",0.130405662890253,TRUE
"CID44971_GACAGAGCACCCATTC",0.134103933388305,TRUE
"CID44971_GACCTGGAGCCACTAT",0.160509609043093,TRUE
"CID44971_GATCGATTCGCGGATC",0.136093399646437,TRUE
"CID44971_GATCGATTCTTCAACT",0.976088685021403,FALSE
"CID44971_GATCGCGGTTCTGGTA",0.134912018700055,TRUE
"CID44971_GATCTAGCAGTATAAG",0.148282900179089,TRUE
"CID44971_GATGAAAGTTTAAGCC",0.12272913069042,TRUE
"CID44971_GCATACATCGATCCCT",0.166967461096138,TRUE
"CID44971_GCATGCGGTCGGCATC",0.128009822658767,TRUE
"CID44971_GCATGTACATCCCATC",0.147024012771151,TRUE
"CID44971_GCATGTATCTGAGGGA",0.157429085397594,TRUE
"CID44971_GCGCAACAGTTACCCA",0.140209526099653,TRUE
"CID44971_GCTGGGTTCTACTTAC",0.313945850537321,FALSE
"CID44971_GGAAAGCAGGACTGGT",0.19682797479468,TRUE
"CID44971_GGAACTTCACACCGAC",0.169116745874296,TRUE
"CID44971_GGAACTTTCTACCTGC",0.127484752449552,TRUE
"CID44971_GGACATTCAAGTTAAG",0.174200093700768,TRUE
"CID44971_GGGACCTGTCGACTGC",0.183876601745968,FALSE
"CID44971_GGGCATCCACCACCAG",0.28180134226521,FALSE
"CID44971_GGTGAAGAGTATCTCG",0.587039879492135,FALSE
"CID44971_GGTGTTAGTGCACTTA",0.155122096253036,TRUE
"CID44971_GTACTCCTCTACCAGA",0.09515923783808,TRUE
"CID44971_GTACTTTAGCCGATTT",0.222916151541917,TRUE
"CID44971_GTATCTTTCCAAGTAC",0.178815685099832,TRUE
"CID44971_GTATTCTAGGAGTTTA",0.186354984699031,FALSE
"CID44971_GTGAAGGTCCCTAATT",0.167038492752661,TRUE
"CID44971_GTGCAGCGTGTAATGA",0.0736452176545325,TRUE
"CID44971_GTGTTAGAGTCGAGTG",0.123777679217018,TRUE
"CID44971_GTTACAGAGAATGTTG",0.174160978686363,TRUE
"CID44971_GTTTCTATCTTGGGTA",0.196233618202326,TRUE
"CID44971_TAAGAGAAGACAATAC",0.17329694966909,TRUE
"CID44971_TAAGTGCTCGGAGGTA",0.219757908459235,TRUE
"CID44971_TACACGAGTAGAGCTG",0.212042410420342,TRUE
"CID44971_TACAGTGCAGTATGCT",0.099267532369888,TRUE
"CID44971_TACCTATAGATGGGTC",0.123586509527082,TRUE
"CID44971_TACGGTAAGTCCTCCT",0.211330987088522,TRUE
"CID44971_TACTTACGTAGTAGTA",0.159906973466398,TRUE
"CID44971_TAGAGCTGTAGAGCTG",0.0975065218952217,TRUE
"CID44971_TAGGCATGTGGAAAGA",0.229351706517857,FALSE
"CID44971_TCAACGAAGGAATCGC",0.0954505637506317,TRUE
"CID44971_TCAACGAGTACCGGCT",0.139766950432247,TRUE
"CID44971_TCAGATGGTCATATCG",0.178003301857953,FALSE
"CID44971_TCAGCAAAGTTTAGGA",0.110430454749988,TRUE
"CID44971_TCAGCAAGTAAGGGAA",0.178404020637017,FALSE
"CID44971_TCCACACGTGTTTGGT",0.213972149562952,TRUE
"CID44971_TCGTACCAGCAGCCTC",0.103692660435729,TRUE
"CID44971_TCGTAGAAGCGTCTAT",0.177315098540603,TRUE
"CID44971_TCTCATAGTTAAAGTG",0.140304359550597,TRUE
"CID44971_TCTGGAACACAGGCCT",0.141633472237619,TRUE
"CID44971_TCTTTCCTCTGTCAAG",0.114181974155586,TRUE
"CID44971_TGAGCCGAGAAGGTGA",0.19742775711607,TRUE
"CID44971_TGAGCCGAGTGGGTTG",0.307339877035448,TRUE
"CID44971_TGCGTGGAGTTAAGTG",0.154898950070077,TRUE
"CID44971_TGGGCGTAGACTGTAA",0.197734944836576,TRUE
"CID44971_TGGGCGTAGCTAAGAT",0.184778376633698,FALSE
"CID44971_TGTCCCAGTAAGGGAA",0.173526994904202,TRUE
"CID44971_TGTGGTACACCCATTC",0.175303211250313,TRUE
"CID44971_TGTGGTAGTTACCGAT",0.135256435124827,TRUE
"CID44971_TTAGGACGTCTCCATC",0.139934283268506,TRUE
"CID44971_TTATGCTAGTGGTAGC",0.18508501196974,FALSE
"CID44971_TTATGCTCACTGAAGG",0.191009704684408,TRUE
"CID44971_TTATGCTTCAGCTCTC",0.071075663890908,TRUE
"CID44971_TTCTCAAAGCACAGGT",0.137204845010177,TRUE
"CID44971_TTCTTAGGTTTACTCT",0.218408790039309,TRUE
"CID44971_TTGCCGTTCTGAAAGA",0.143392159671885,TRUE
"CID44971_TTTGGTTGTAAGGGAA",0.153125877046215,TRUE
"CID44971_GATCGTACATGACATC",0.767508765030174,FALSE
"CID44971_GCGCCAATCATTTGGG",0.114607128570646,TRUE
"CID44971_CGTCCATAGAGGTTGC",0.147617957562907,TRUE
"CID44971_AAGCCGCGTCGCATAT",0.344524562172754,FALSE
"CID44971_AGCGGTCTCTGTCCGT",0.178162914831307,FALSE
"CID44971_AGGGATGCATGCTGGC",0.13568225576581,TRUE
"CID44971_CAGTAACGTGCGCTTG",0.0926068479362223,TRUE
"CID44971_CATGACAAGAGCTTCT",0.66288915082916,FALSE
"CID44971_CCTAAAGGTACCAGTT",0.125817877392973,TRUE
"CID44971_CCTAGCTTCGGTGTTA",0.135075134668663,TRUE
"CID44971_CGATCGGTCGTCTGCT",0.209055518693004,FALSE
"CID44971_CGGCTAGTCGGTGTTA",0.107889950777462,TRUE
"CID44971_GAAACTCTCTCGCATC",0.120843895126235,TRUE
"CID44971_CCTAGCTAGGGTTTCT",0.119400001865762,TRUE
"CID44971_CTCGTACTCGTAGGTT",0.105613131359571,TRUE
"CID44971_GTGTTAGGTAGGGTAC",0.0782435725699946,TRUE
"CID44971_TGTCCCACACATGGGA",0.130971128795152,TRUE
"CID44971_AGTGGGAGTTCAACCA",0.159341961266901,TRUE
"CID44971_GGGTCTGAGGCCGAAT",0.133847355397663,TRUE
"CID44971_TTAGGCAAGGGCTCTC",0.102422381129428,TRUE
"CID44971_CTCTAATCACCAGTTA",0.0609070271508217,TRUE
"CID44971_GTCTCGTTCAGCAACT",0.0778349794187896,TRUE
"CID44971_TGAGAGGTCACTTCAT",0.0967170490489533,TRUE
"CID44971_CCGTACTTCTGAGTGT",0.10090589877813,TRUE
"CID44971_CTGATCCAGCTTCGCG",0.109494676749128,TRUE
"CID44971_TTCTCAAAGCCGTCGT",0.450854972923979,FALSE
"CID44971_ACGGAGAGTATTCGTG",0.455232515118327,FALSE
"CID44971_CCACCTAAGTTGAGAT",0.972662244754651,FALSE
"CID44971_CTCAGAAGTGTGTGCC",0.21343614190382,FALSE
"CID44971_ATTTCTGCAGGAATGC",0.185219075275846,FALSE
"CID44971_GTGTGCGTCTCGTTTA",0.235896097023899,FALSE
"CID44971_TGATTTCCACCCTATC",0.075487632584123,TRUE
"CID44971_AGTGGGAGTGTGAAAT",0.111018729166415,TRUE
"CID44971_ACTATCTGTTCACGGC",0.192039572137582,FALSE
"CID44971_ACTGAACCAAACTGTC",0.999944949780107,FALSE
"CID44971_ATCTACTTCACGAAGG",0.174357600804099,TRUE
"CID44971_CTCCTAGAGTGGACGT",0.188989794279332,TRUE
"CID44971_GCAGTTATCTCTGAGA",0.999999999999594,FALSE
"CID44971_GCGCGATTCTGGTGTA",0.206579681761652,FALSE
"CID44971_GGATGTTCAGATCGGA",0.211544913670073,FALSE
"CID44971_GTAGGCCAGTATCTCG",0.225179094732264,FALSE
"CID44971_TATTACCGTCTCAACA",0.664412852621557,FALSE
"CID44971_ATGCGATCACTATCTT",0.969985806361488,FALSE
"CID44971_TCGTAGAGTCATATCG",0.999999997581368,FALSE
"CID44971_CGTTCTGGTGAGGGAG",0.0971658688114094,TRUE
"CID44971_GGCGACTGTCGCTTTC",0.146065962952501,TRUE
"CID44971_CTTCTCTTCCGTACAA",0.346496150297838,TRUE
"CID44971_ACAGCCGCAAGACGTG",0.106803133716961,TRUE
"CID44971_ACTGAGTTCCAGATCA",0.138307489967791,TRUE
"CID44971_CCTACCAAGTGAATTG",0.167677003372372,TRUE
"CID44971_CGGAGCTTCAAACCGT",0.0797470890881144,TRUE
"CID44971_CTCACACGTGGTCCGT",0.200146855922304,TRUE
"CID44971_CTGATCCTCCGTAGTA",0.166832920828307,TRUE
"CID44971_ACACCAAAGGGAACGG",0.246245033193283,TRUE
"CID44971_CCCAATCGTATGAATG",0.121816884665108,TRUE
"CID44971_CACATTTGTTATCCGA",0.178495927399499,TRUE
"CID44971_CGATCGGTCTCCAGGG",0.0956408711265816,TRUE
"CID44971_CTGCTGTCATCGTCGG",0.178543038124501,TRUE
"CID44971_TGAAAGAAGTCGTTTG",0.145244942399495,TRUE
"CID44971_AGCTCCTCACCGCTAG",0.130620036636073,TRUE
"CID44971_CAGAGAGCATGTCCTC",0.114887826558614,TRUE
"CID44971_CGTAGCGAGGCCGAAT",0.212075564189382,FALSE
"CID44971_TCAGGATTCACTTCAT",0.131770884944656,TRUE
"CID44971_ATCATGGCAGTAAGAT",0.138857048707247,TRUE
"CID44971_ATCTACTCAGTAAGCG",0.0980544819009568,TRUE
"CID44971_CGACTTCGTACTTGAC",0.304518303846823,FALSE
"CID44971_CTAGAGTGTAGCTTGT",0.102335210800733,TRUE
"CID44971_GTTCGGGTCCCATTTA",0.118661042935184,TRUE
"CID44971_GCATGTAGTCCGTGAC",0.115687452362674,TRUE
"CID44971_AACTGGTGTTAAGAAC",0.0988092064975155,TRUE
"CID44971_TTAACTCTCTATGTGG",0.140165946184987,TRUE
"CID44971_CATGGCGGTCGGCTCA",0.115242732087118,TRUE
"CID44971_CCTCAGTAGGCGCTCT",0.0948526094003499,TRUE
"CID44971_GGTGAAGAGTTACGGG",0.144186930075345,TRUE
"CID44971_TCGTAGAAGGACACCA",0.0621378271933023,TRUE
"CID44971_GCGCAACAGCAATCTC",0.0664630929733767,TRUE
"CID44971_CTTAGGAGTGCAACGA",0.031533089927192,TRUE
"CID44971_GAGGTGAGTGCGGTAA",0.289876551887684,FALSE
"CID44971_GACTAACCATTGGGCC",0.130060219540321,TRUE
"CID44971_GTCATTTGTCAATGTC",0.360744292982765,FALSE
"CID44971_AACCATGTCTTGCAAG",0.0981476562307805,TRUE
"CID44971_AGGGATGAGTTTCCTT",0.14367884483003,TRUE
"CID44971_CCCAGTTAGCTGCGAA",0.170273904133893,TRUE
"CID44971_CTCGAAAGTGTTGGGA",0.170787358631217,TRUE
"CID44971_CTGCCTACATGACGGA",0.91317220492364,FALSE
"CID44971_GGGCACTTCGTAGATC",0.179194186571649,FALSE
"CID44971_TGAGAGGCAGTCAGCC",0.834792577812024,FALSE
"CID44971_AAAGATGAGCGTCTAT",0.146136098985404,TRUE
"CID44971_AAAGATGAGCGTGTCC",0.151516167302326,TRUE
"CID44971_AAATGCCTCCCATTTA",0.14941260298637,TRUE
"CID44971_AACGTTGGTCAATGTC",0.15152307161448,TRUE
"CID44971_AACTCTTCAGTACACT",0.156134380329644,TRUE
"CID44971_AAGCCGCAGCGATAGC",0.999999999665356,FALSE
"CID44971_AAGCCGCGTCATGCAT",0.0963862345289981,TRUE
"CID44971_ACACCAAGTACCCAAT",0.990595315892135,FALSE
"CID44971_ACACCGGTCCTATTCA",0.112117313627286,TRUE
"CID44971_ACATCAGAGTAAGTAC",0.111559856022208,TRUE
"CID44971_ACGATGTGTAGGGTAC",0.591683905793349,FALSE
"CID44971_ACGGGCTCAGCCACCA",0.0801051952388589,TRUE
"CID44971_ACTGAACCACAAGACG",0.0428417943759154,TRUE
"CID44971_ACTGAGTAGAGCTTCT",0.191598093853748,TRUE
"CID44971_ACTGATGGTTCGTGAT",0.124515800829175,TRUE
"CID44971_ACTGTCCCACCAGGCT",0.0635406676728575,TRUE
"CID44971_AGAGCTTGTTAAGAAC",0.0791022088717128,TRUE
"CID44971_AGCAGCCGTTGAGGTG",0.121951909036043,TRUE
"CID44971_ATGCGATGTACCGTAT",0.080303951936863,TRUE
"CID44971_ATTATCCGTCCTGCTT",0.128730855413357,TRUE
"CID44971_CACCAGGGTAGATTAG",0.036139625574632,TRUE
"CID44971_CACCAGGTCTCTTATG",0.0988233833193755,TRUE
"CID44971_CAGAATCCAATGACCT",0.108523942975011,TRUE
"CID44971_CATCAAGGTCCGAATT",0.106748182984718,TRUE
"CID44971_CATGACACATGCCTTC",0.0963868673054624,TRUE
"CID44971_CCACCTATCTAGAGTC",0.0932462971116012,TRUE
"CID44971_CCACGGAGTGAGTGAC",0.999999725613156,FALSE
"CID44971_CCGTTCATCGCCAGCA",0.101118540567952,TRUE
"CID44971_CCTACACGTCGCTTCT",0.999999995959465,FALSE
"CID44971_CGATCGGCACCCAGTG",0.0538024657160136,TRUE
"CID44971_CGCTATCGTGCCTGGT",0.981518531120581,FALSE
"CID44971_CGGTTAATCCAGAGGA",0.999994566258706,FALSE
"CID44971_CTAACTTTCCTCATTA",0.133857949807687,TRUE
"CID44971_CTCGAGGTCCCTAACC",0.125821217496946,TRUE
"CID44971_CTCGTCATCTAAGCCA",0.0688073527785028,TRUE
"CID44971_CTGCGGAGTTTAAGCC",0.0606757703031922,TRUE
"CID44971_CTGCTGTCAGTCCTTC",0.100486844121149,TRUE
"CID44971_CTTCTCTTCTGAGTGT",0.999964733252661,FALSE
"CID44971_GACGTGCAGATAGTCA",0.944363645968379,FALSE
"CID44971_GACTAACCACTACAGT",0.152434207490436,TRUE
"CID44971_GACTGCGCACCAGTTA",0.427927738572433,FALSE
"CID44971_GCATGATCAATAAGCA",0.0495795039420051,TRUE
"CID44971_GCATGTACAATCCGAT",0.995422611108095,FALSE
"CID44971_GCCTCTAAGATGAGAG",0.19609024534226,FALSE
"CID44971_GCGACCAAGTGTTGAA",0.04993591862629,TRUE
"CID44971_GCGCGATTCCAAACAC",0.371269827854671,FALSE
"CID44971_GCTCTGTAGCCACTAT",0.0636704972156446,TRUE
"CID44971_GCTGCTTCATGAGCGA",0.041395932558077,TRUE
"CID44971_GCTGGGTGTAACGACG",0.093028735299146,TRUE
"CID44971_GCTTGAATCCCTTGCA",0.0766942229806614,TRUE
"CID44971_GGCGACTGTACCGTAT",0.0900498168609046,TRUE
"CID44971_GGGCACTGTGAGGGAG",0.0618353360267772,TRUE
"CID44971_GTAACGTAGTTCGATC",0.118653045403177,TRUE
"CID44971_GTCAAGTGTCTTGTCC",0.999997478889082,FALSE
"CID44971_GTCCTCAAGCTTATCG",0.10287752940339,TRUE
"CID44971_GTGTGCGCAGGTCCAC",0.13094699485999,TRUE
"CID44971_GTTCATTCATATACGC",0.109422679021779,TRUE
"CID44971_TAAACCGCAAGCCGCT",0.999999999335502,FALSE
"CID44971_TAAGTGCCAGGATTGG",0.10396443135332,TRUE
"CID44971_TACACGAGTGCCTGCA",0.0662026528421316,TRUE
"CID44971_TATCAGGTCTGAGGGA",0.0909376032309606,TRUE
"CID44971_TATCAGGTCTTGTACT",0.10802629639604,TRUE
"CID44971_TATTACCTCATGTCTT",0.0968816039622935,TRUE
"CID44971_TCACGAAGTGCCTTGG",0.162238841986621,TRUE
"CID44971_TCGCGTTGTCTAAACC",0.096241837567182,TRUE
"CID44971_TCTCTAATCATCTGCC",0.164747043178279,TRUE
"CID44971_TGCCAAAAGTCCGTAT",0.54685283860453,FALSE
"CID44971_TGGTTAGTCATGTCCC",0.452205675183321,FALSE
"CID44971_TTAGGACGTCAACATC",0.0679112860994716,TRUE
"CID44971_TTCTCAAAGGGAGTAA",0.0752353965673141,TRUE
"CID44971_TTCTCCTAGGCTAGCA",0.0742496846016513,TRUE
"CID44971_TTGCCGTTCTGGCGTG",0.0421624624620728,TRUE
"CID44971_AAACGGGTCCTAGAAC",0.176771452059581,TRUE
"CID44971_AGCCTAAGTAAGTTCC",0.125730284620721,TRUE
"CID44971_GAGCAGAGTACACCGC",0.0766964796577682,TRUE
"CID44971_GGACAAGAGTATGACA",0.0878221721231546,TRUE
"CID44971_TAAACCGCACAGACTT",0.09478156587495,TRUE
"CID44971_AACCGCGAGTCCGGTC",0.149498647684667,TRUE
"CID44971_ACCCACTGTGGCAAAC",0.999999998077048,FALSE
"CID44971_ACTGTCCCACCAACCG",0.999966939230196,FALSE
"CID44971_AGACGTTCACATGGGA",0.308022958857499,FALSE
"CID44971_AGATTGCCAGTATCTG",0.187028662798092,TRUE
"CID44971_AGTGAGGGTAAGTAGT",0.207472368350464,FALSE
"CID44971_AGTGGGACATGCCCGA",0.616834362662209,FALSE
"CID44971_AGTGGGATCTTCCTTC",0.642546669691768,FALSE
"CID44971_CAGCAGCTCTTAGCCC",0.685709776529412,FALSE
"CID44971_CAGCATAAGAGACGAA",0.82739695556704,FALSE
"CID44971_CATATGGAGCAGATCG",0.175588769105973,TRUE
"CID44971_CGGGTCAGTGTCAATC",0.155344635451345,TRUE
"CID44971_CGTGTCTTCATCTGTT",0.329975564575935,FALSE
"CID44971_CTGATAGTCCTAGAAC",0.999998049892031,FALSE
"CID44971_GCATGCGCATCTGGTA",0.147611448662716,TRUE
"CID44971_GTACTCCCATGTCCTC",0.220462246052307,FALSE
"CID44971_GTAGTCAGTAGTGAAT",0.135863145946818,TRUE
"CID44971_TCAGATGTCATAGCAC",0.158133191008223,TRUE
"CID44971_TCAGCTCAGTTGTCGT",0.570246031388214,FALSE
"CID44971_TCAGGTACAAAGAATC",0.687644425253407,FALSE
"CID44971_TGCTACCAGGCTAGGT",0.212924198887278,TRUE
"CID44971_TGGCCAGCATTGTGCA",0.778775598041893,FALSE
"CID44971_TGGTTAGTCGTATCAG",0.190150455317977,FALSE
"CID44971_TTGCGTCCAGGGATTG",0.999998749754615,FALSE
"CID44971_ACTGCTCCATGTAAGA",0.858812374162937,FALSE
"CID44971_TCTTCGGCAGTAACGG",0.0696291322572239,TRUE
"CID44971_AAACCTGGTCAGTGGA",0.138412096737012,TRUE
"CID44971_CAGCTAATCGGTCCGA",0.180486157395051,FALSE
"CID44971_AGAGCTTGTAACGACG",0.293087651193275,FALSE
"CID44971_CAACCTCTCTGTTGAG",1,FALSE
"CID44971_CAGCAGCAGCTAGTTC",0.132743248891319,TRUE
"CID44971_GTTTCTAGTGCCTTGG",0.134956452592319,TRUE
"CID44971_CGGCTAGGTACTCAAC",0.336019735378367,FALSE
"CID44971_CTCGGGAAGCAATATG",0.175278208792998,FALSE
"CID44971_GACGTTAGTATCTGCA",0.122409896373105,TRUE
"CID44971_GTCGTAAGTCGAGATG",0.338407703208686,FALSE
"CID44971_AACTCCCAGTTGTCGT",0.529719437744765,FALSE
"CID44971_ACGGAGATCATATCGG",0.151728204332757,TRUE
"CID44971_AGATCTGTCTCTGTCG",0.14917735071444,TRUE
"CID44971_AGGCCGTCAGCGTAAG",0.999930037216272,FALSE
"CID44971_ATCATCTCAGTCGTGC",0.283954249748151,FALSE
"CID44971_ATGGGAGTCTTTCCTC",0.213149620417717,FALSE
"CID44971_CAGCATACACGCGAAA",0.148553428312908,TRUE
"CID44971_CCACGGAGTGGCCCTA",0.260897629415444,FALSE
"CID44971_CCTTCCCCAATGAAAC",0.587523135261629,FALSE
"CID44971_CGATGGCTCGGTTAAC",0.208748782194446,FALSE
"CID44971_CGCGTTTTCGTGACAT",0.144878258566182,TRUE
"CID44971_CGGAGTCTCGTCTGAA",0.412072663139709,TRUE
"CID44971_CTACCCACAATTGCTG",0.261177360553493,FALSE
"CID44971_GAATGAATCAACACGT",0.991991108864655,FALSE
"CID44971_GAGTCCGAGTTTCCTT",0.36887375281873,FALSE
"CID44971_GCAGCCAAGTTCGCGC",0.77025252773271,FALSE
"CID44971_GCTGGGTGTCCTCTTG",0.242959623869534,FALSE
"CID44971_GGGAGATCACCAGGCT",0.0965475981053642,TRUE
"CID44971_GTCTTCGGTTCCACAA",0.830679691875087,FALSE
"CID44971_TCGAGGCGTGCGAAAC",0.96822138264101,FALSE
"CID44971_TCGCGTTTCCATGCTC",0.999999998548111,FALSE
"CID44971_TGTGGTAAGGTTACCT",0.250194455540833,FALSE
"CID44971_TGTTCCGGTGTATGGG",0.175097347742463,TRUE
"CID44971_ACGGGTCGTCCAACTA",0.191591803089722,FALSE
"CID44971_GATCGATAGAGTACAT",0.155373733454287,TRUE
"CID44971_GTCCTCACATCGACGC",0.0694020479592182,TRUE
"CID44971_ATGGGAGAGGTGCTTT",0.999798436634877,FALSE
"CID44971_CAACTAGCAAATTGCC",0.4294725156046,FALSE
"CID44971_CATCCACCAAACTGTC",0.180596351261387,TRUE
"CID44971_CTAACTTGTGACTACT",0.922363155330038,FALSE
"CID44971_GTTTCTACATCACCCT",0.451315264133869,FALSE
"CID44971_CTACGTCTCTTGTACT",0.11622215719576,TRUE
"CID44971_TGATTTCAGTCGTTTG",0.289902973055566,TRUE
"CID44971_AAACGGGAGGAGTAGA",0.185434502724489,FALSE
"CID44971_ACACCCTAGCTGGAAC",0.133985300595685,TRUE
"CID44971_ACGCCGAGTTGGGACA",0.129622616584135,TRUE
"CID44971_ACGGGCTTCCAGAGGA",0.423207561363065,FALSE
"CID44971_ATTGGTGCAGCGATCC",0.122600223744033,TRUE
"CID44971_CAACCTCTCCTCCTAG",0.454592254861932,FALSE
"CID44971_CACAAACAGGGATCTG",0.476601924936754,FALSE
"CID44971_CAGAGAGTCGGCATCG",0.990494152902105,FALSE
"CID44971_CAGCGACAGATGCCAG",0.234683497686609,FALSE
"CID44971_CCGTACTTCAGCTCGG",0.250662715607067,FALSE
"CID44971_CGAATGTAGTACACCT",0.173350714429685,TRUE
"CID44971_CGACTTCGTGTCCTCT",0.161579525711613,TRUE
"CID44971_CTCTACGGTTTGTTGG",0.483683237108562,TRUE
"CID44971_GCGCAACGTTCCGGCA",0.565911913495686,FALSE
"CID44971_GCTGCAGGTCTAGGTT",0.135601665510693,TRUE
"CID44971_GGGCACTCATCGGGTC",0.19213312493692,TRUE
"CID44971_TACTCATAGTTGAGAT",0.175054296338242,TRUE
"CID44971_TAGACCACAAGCGTAG",0.217840073547237,FALSE
"CID44971_TATCTCAGTAGAAAGG",0.432048415789224,FALSE
"CID44971_TCACAAGCAGTGGAGT",0.151338038476779,TRUE
"CID44971_TGACAACGTTAGTGGG",0.722875491406803,FALSE
"CID44971_TGACTTTCATGCCTTC",0.228148711966251,FALSE
"CID44971_CTCGTCAGTCACTGGC",0.292452669345316,FALSE
"CID44971_ACGCCGAAGGCAGGTT",0.188825049327306,FALSE
"CID44971_ATTTCTGTCAAACCAC",0.380062105174115,FALSE
"CID44971_CAAGAAACAAACAACA",0.340722845670133,FALSE
"CID44971_CCTCAGTGTGAAAGAG",0.48564132981741,FALSE
"CID44971_CGCCAAGAGCCCAGCT",0.502552631277527,FALSE
"CID44971_CTTAACTAGGTGATTA",0.309697201500395,FALSE
"CID44971_GACGTTATCCTAGGGC",0.204488712429767,FALSE
"CID44971_GCGCCAATCCGCTGTT",0.186184763003167,TRUE
"CID44971_GTCGTAAGTGTGCGTC",0.224962984460833,FALSE
"CID44971_TGGCTGGAGTTGTCGT",0.180775948321744,FALSE
"CID44971_ACGCCAGCACCGAAAG",0.506311991714815,FALSE
"CID44971_ACGGGCTGTCCGTGAC",0.888477335291546,FALSE
"CID44971_CAGCGACAGTCGAGTG",0.20391085075238,FALSE
"CID44971_CTACGTCAGAGTACCG",0.668115281037175,FALSE
"CID44971_CTCATTAAGGTAGCCA",0.973191817399728,FALSE
"CID44971_CTCCTAGCAGCAGTTT",0.181942461263085,TRUE
"CID44971_GTCACGGAGTCTCAAC",0.167121074349843,TRUE
"CID44971_ACATCAGAGAAACGAG",0.688819507513618,FALSE
"CID44971_ACGGGTCAGCACACAG",0.987832767853775,FALSE
"CID44971_ACGGGTCCAAGCCATT",0.168464632254838,TRUE
"CID44971_ACTATCTTCTTAGCCC",0.182736096948055,FALSE
"CID44971_ACTGATGGTTGGGACA",0.245477807818617,FALSE
"CID44971_AGCATACGTCTTCAAG",0.886764220744448,TRUE
"CID44971_AGCGTATCATATACGC",0.294675286261638,FALSE
"CID44971_AGCTCTCCATACTACG",0.175158354551878,FALSE
"CID44971_AGTAGTCTCTAACGGT",0.821109580537935,FALSE
"CID44971_ATAAGAGCACTAAGTC",0.29081201639421,FALSE
"CID44971_ATGTGTGAGCTAAGAT",0.231252450281395,FALSE
"CID44971_CAACCTCCATCGATTG",0.784043161189859,TRUE
"CID44971_CACACCTTCTTTAGGG",0.558205133127693,FALSE
"CID44971_CAGCTAAAGGCTATCT",0.999634479749854,FALSE
"CID44971_CATGCCTCAGTGACAG",0.587031655202186,TRUE
"CID44971_CCTAAAGGTATAGTAG",0.310620872642443,FALSE
"CID44971_CGGAGTCCACTGCCAG",0.999942461324024,FALSE
"CID44971_CGTGAGCCAGCTGTAT",0.243511682235274,FALSE
"CID44971_CTAGCCTTCTGTCTCG",0.158647658817035,TRUE
"CID44971_CTAGTGATCGGCATCG",0.140624347529107,TRUE
"CID44971_CTCGTACGTACTTAGC",0.83272912003249,FALSE
"CID44971_GACGTTACAATGAAAC",0.195322805341786,FALSE
"CID44971_GACTGCGGTCCCGACA",0.279738191044706,FALSE
"CID44971_GCAATCAAGCTGCCCA",0.999115200792193,FALSE
"CID44971_GCCAAATGTGATGCCC",0.21981034547936,FALSE
"CID44971_GCCTCTAAGTTGTCGT",0.465079612941483,TRUE
"CID44971_GCGACCATCCAGGGCT",0.631336778722128,TRUE
"CID44971_GCTCTGTCAGCTTCGG",0.171624710234507,TRUE
"CID44971_GGCAATTCAGTCGTGC",0.68788932673695,FALSE
"CID44971_GGCAATTGTTTAAGCC",0.286883454069709,FALSE
"CID44971_GGTATTGAGCATCATC",0.565437328229813,TRUE
"CID44971_GGTGCGTGTTCAGTAC",0.994696517353794,FALSE
"CID44971_GTAACGTTCCTTGACC",0.315302369807676,FALSE
"CID44971_GTAGGCCGTGTGGCTC",0.117367218083183,TRUE
"CID44971_GTCGGGTTCACCATAG",0.870851296193178,FALSE
"CID44971_GTGCGGTCAGTAAGAT",0.175350182950742,TRUE
"CID44971_GTGTTAGTCAACCAAC",0.80220434486491,FALSE
"CID44971_GTTACAGTCCATGAAC",0.433455748487293,FALSE
"CID44971_TACAGTGAGTGCTGCC",0.9574419973694,FALSE
"CID44971_TACGGATTCCTACAGA",0.230722019142946,FALSE
"CID44971_TACTCGCTCCTCGCAT",0.210994164338776,FALSE
"CID44971_TCGGTAATCTGCGACG",0.11477064688109,TRUE
"CID44971_TGCCCTAGTATGGTTC",0.999999999999777,FALSE
"CID44971_TTGACTTCAAACCTAC",0.874769622715643,FALSE
"CID44971_TTGCCGTCAGCGAACA",0.314794910259808,FALSE
"CID44971_TTTGCGCCAAGTTCTG",0.999999789205073,FALSE
"CID44971_ACGGGTCCATCTATGG",0.175110372847931,TRUE
"CID44971_AGCTCCTAGCCGGTAA",0.387151649386284,FALSE
"CID44971_CCTCTGACAATAGCAA",0.75873239058867,FALSE
"CID44971_CGAATGTTCAATAAGG",0.854401357171852,FALSE
"CID44971_CGAGCACAGCGAAGGG",0.187780446996889,FALSE
"CID44971_CTCGGAGTCAAACAAG",0.999211871628543,FALSE
"CID44971_CTGATAGCAGTCGATT",0.750458668700797,FALSE
"CID44971_CTGGTCTCAAGACGTG",0.393992018086866,FALSE
"CID44971_GATGAGGAGACTAAGT",0.274180807059182,FALSE
"CID44971_GGAAAGCAGTTATCGC",0.324212052113891,FALSE
"CID44971_GGGATGATCACCACCT",0.854766317995737,FALSE
"CID44971_GTAACTGAGGCTATCT",0.999820464923727,FALSE
"CID44971_GTGTTAGGTCGTCTTC",0.198882459263086,FALSE
"CID44971_GTTCTCGTCGGTTAAC",0.895029427387914,FALSE
"CID44971_AGCGGTCCAGCATGAG",0.196319360188575,FALSE
"CID44971_AGGCCGTGTACTTGAC",0.999999999940175,FALSE
"CID44971_ATCACGAAGAGGTACC",0.999999999999966,FALSE
"CID44971_ATTATCCAGTACGCGA",0.992515828216644,FALSE
"CID44971_CAGCAGCTCCACGAAT",0.356969578848432,FALSE
"CID44971_GCACATAGTGACAAAT",0.986521534474991,FALSE
"CID44971_GCATGCGGTGCTGTAT",0.526037334528676,FALSE
"CID44971_GGACATTTCTAACGGT",0.99445981478552,FALSE
"CID44971_GTCGGGTGTGACTACT",0.907190188838784,FALSE
"CID44971_GTGCGGTTCACAATGC",0.999961093182127,FALSE
"CID44971_GTTCATTGTGTTTGGT",0.996328512274167,FALSE
"CID44971_TACCTTAAGGCGTACA",0.201861298724071,FALSE
"CID44971_TAGTTGGGTTCTCATT",0.53053812603731,FALSE
"CID44971_TGAAAGATCCGGGTGT",0.183892326705287,FALSE
"CID44971_TGACTAGAGCTGCGAA",0.970425989867959,FALSE
"CID44971_TGGGCGTCAGTTAACC",0.233812661079011,FALSE
"CID44971_ACGGGCTGTCTCTCTG",0.197693128936746,FALSE
"CID44971_ACTTTCAAGGGTCGAT",0.547185920309437,FALSE
"CID44971_AGGGATGTCAGAAATG",0.155690078422199,TRUE
"CID44971_CAACTAGTCAATCTCT",0.181395850034011,FALSE
"CID44971_CAAGATCAGTCGCCGT",0.241326823440864,FALSE
"CID44971_CAGATCACACGTTGGC",0.237945477941852,FALSE
"CID44971_CAGTCCTCAAGTAGTA",0.203799580152651,FALSE
"CID44971_CATGCCTCAGGACCCT",0.223372339933007,FALSE
"CID44971_CCCAATCAGTACATGA",0.153237988997057,TRUE
"CID44971_CCTAAAGCAACGATGG",0.0980631634262825,TRUE
"CID44971_CCTACACTCATAACCG",0.543011200783025,FALSE
"CID44971_CCTTACGCATCACCCT",0.324757996940965,FALSE
"CID44971_CGAACATTCATTATCC",0.174747711892975,FALSE
"CID44971_CGCCAAGTCCATGAGT",0.333199214803456,FALSE
"CID44971_CGTAGCGCATCGGACC",0.167844265719108,TRUE
"CID44971_CTAAGACCATGGTTGT",0.168022358586426,TRUE
"CID44971_CTCAGAACACAGACTT",0.166564724203563,TRUE
"CID44971_CTCGTACAGACTAGAT",0.239297506606784,FALSE
"CID44971_GCGAGAAAGGTGATAT",0.766945070887376,FALSE
"CID44971_GGACGTCAGGACGAAA",0.188690510423079,FALSE
"CID44971_GGATGTTTCACGACTA",0.408183440874447,FALSE
"CID44971_GGGAGATAGCCCAATT",0.267886631141209,FALSE
"CID44971_GTCTTCGGTTGTGGAG",0.178028886737985,FALSE
"CID44971_TACCTTATCAGAGACG",0.155336940322158,TRUE
"CID44971_TACTCGCTCTTCGGTC",0.1540961586827,TRUE
"CID44971_TAGAGCTGTTACGCGC",0.149092538721895,TRUE
"CID44971_TGAAAGAAGAAGGACA",0.44447332612444,FALSE
"CID44971_TGACTAGTCGCATGGC",0.15622795071717,TRUE
"CID44971_TGAGCATTCTCTTGAT",0.25025015909016,TRUE
"CID44971_TGCACCTTCACCTTAT",0.469134849987033,FALSE
"CID44971_TGTGGTAGTTTAGCTG",0.138678192742412,TRUE
"CID44971_TTGTAGGTCGTACCGG",0.546888796847827,FALSE
"CID44971_TTTCCTCCACCTTGTC",0.154797836761934,TRUE
"CID44971_TTTGCGCTCATGTCTT",0.246337507655451,FALSE
"CID44971_AAAGATGCAATGGAAT",0.976904320306885,FALSE
"CID44971_AAAGATGGTAAACGCG",0.503405226990025,FALSE
"CID44971_AAAGATGTCCAGTATG",0.283781182761335,FALSE
"CID44971_AACCATGGTGGCCCTA",0.259505362729507,FALSE
"CID44971_AACTGGTGTTGCGCAC",0.684671712116249,FALSE
"CID44971_AACTTTCCATGCCCGA",0.318770211465228,FALSE
"CID44971_AACTTTCGTTCCACAA",0.796845676629565,FALSE
"CID44971_AAGACCTCATACGCCG",0.304224129045403,FALSE
"CID44971_AAGGAGCAGTCTCCTC",0.177958250450438,TRUE
"CID44971_ACACCCTTCCTAGAAC",0.544371617363162,FALSE
"CID44971_ACATCAGGTTATCGGT",0.874195247299982,FALSE
"CID44971_ACGAGGACAGTAACGG",0.252167650570008,FALSE
"CID44971_ACGCAGCTCTCTGCTG",0.157104446849987,TRUE
"CID44971_ACTATCTAGTGTCCCG",0.279085366704289,FALSE
"CID44971_ACTGATGAGCAATATG",0.410052441485184,FALSE
"CID44971_AGAGCGACAGGAATCG",0.999505097055015,FALSE
"CID44971_AGAGCGAGTGGAAAGA",0.452205245730161,FALSE
"CID44971_AGATCTGAGATAGTCA",0.252014673171051,FALSE
"CID44971_AGATTGCGTCTCCACT",0.518973764289492,FALSE
"CID44971_AGCAGCCCAGTTTACG",0.37066500609588,FALSE
"CID44971_AGCATACGTGGTTTCA",0.219031808228124,FALSE
"CID44971_AGCGTCGCAGGATTGG",0.17867374661242,FALSE
"CID44971_AGCTCCTCAGTCAGCC",0.334165241328465,FALSE
"CID44971_AGCTCTCAGTCCGGTC",0.272139273603536,FALSE
"CID44971_AGGCCGTGTCTAGCCG",0.797866395825022,FALSE
"CID44971_AGGGTGACACATAACC",0.273085063125803,FALSE
"CID44971_AGGTCCGAGAATTGTG",0.745512649452471,FALSE
"CID44971_AGGTCCGGTGACCAAG",0.24498672635513,FALSE
"CID44971_AGTGGGACACATGGGA",0.205996554700617,FALSE
"CID44971_AGTGTCAAGCCTTGAT",0.184701214750451,FALSE
"CID44971_AGTGTCAGTAATCGTC",0.427272938963132,FALSE
"CID44971_ATCCACCCATCACCCT",0.943689143218825,FALSE
"CID44971_ATCGAGTAGGCGCTCT",0.175565021768509,FALSE
"CID44971_ATTCTACTCACTCCTG",0.649773380184786,FALSE
"CID44971_ATTTCTGCAAGTTCTG",0.243471163542081,FALSE
"CID44971_CAACCAAAGAGCTTCT",0.189189947966446,FALSE
"CID44971_CAACTAGGTCTCCACT",0.278236100805313,TRUE
"CID44971_CACAAACGTTTCGCTC",0.352544803016951,FALSE
"CID44971_CACACAAAGCACACAG",0.825348568186393,FALSE
"CID44971_CACACCTAGTTGTCGT",0.295242796451795,FALSE
"CID44971_CACACTCAGATATGGT",0.185258050590606,FALSE
"CID44971_CACACTCGTCGAGTTT",0.288724582800052,FALSE
"CID44971_CACATTTGTTCAGCGC",0.499828881538561,FALSE
"CID44971_CACCACTAGTTTAGGA",0.921607388819074,FALSE
"CID44971_CACTCCAAGATGAGAG",0.447810869708827,FALSE
"CID44971_CACTCCACATGTCTCC",0.248447847800999,FALSE
"CID44971_CAGAATCTCCCAAGAT",0.452700414061906,FALSE
"CID44971_CAGAGAGCAAGTACCT",0.961944659034172,FALSE
"CID44971_CAGATCAAGTCCGTAT",0.900232930681857,FALSE
"CID44971_CAGCATACATTAGCCA",0.256881437691565,FALSE
"CID44971_CATCCACCAGTCAGAG",0.193784091405103,FALSE
"CID44971_CATCGAAAGTTTAGGA",0.166329103208958,TRUE
"CID44971_CATTATCTCCGTTGTC",0.174285503409993,TRUE
"CID44971_CCGTTCATCACTTATC",0.360822023723283,FALSE
"CID44971_CCGTTCATCCTACAGA",0.225578588902437,FALSE
"CID44971_CCTACACCATGCTGGC",0.163279207529874,TRUE
"CID44971_CCTACACTCCTTGCCA",0.998398182181832,FALSE
"CID44971_CCTTACGTCCGGCACA",0.253042075526195,FALSE
"CID44971_CCTTCGACATTTGCTT",0.170765403649754,TRUE
"CID44971_CGAACATAGCGATGAC",0.800340838944435,FALSE
"CID44971_CGAACATAGGAGTTTA",0.566225935123076,FALSE
"CID44971_CGATCGGGTTAGTGGG",0.370953602509093,FALSE
"CID44971_CGATGGCCAAGGACTG",0.445106314704793,FALSE
"CID44971_CGATTGACAAGCGTAG",0.324640146678563,FALSE
"CID44971_CGCTTCAAGTACCGGA",0.617050799636102,FALSE
"CID44971_CGCTTCACAGCTTCGG",0.173512124999567,TRUE
"CID44971_CGGAGTCCAATTGCTG",0.538703025598371,FALSE
"CID44971_CGGAGTCCATAGGATA",0.169746450531723,TRUE
"CID44971_CGGGTCAGTTGATTGC",0.166685460719334,TRUE
"CID44971_CGTCACTAGTCCGGTC",0.167263338703695,TRUE
"CID44971_CGTCACTTCTCCCTGA",0.695890847372931,FALSE
"CID44971_CGTGAGCGTGCTAGCC",0.8635959960213,FALSE
"CID44971_CGTTCTGAGCCCTAAT",0.383900525844533,FALSE
"CID44971_CTAGCCTAGAGTAATC",0.877429728255214,FALSE
"CID44971_CTAGCCTGTCAAACTC",0.16925411987607,TRUE
"CID44971_CTAGTGAGTAGCACGA",0.475854575409773,FALSE
"CID44971_CTCAGAACAAGGACAC",0.171610451830745,TRUE
"CID44971_CTCGAGGCAAGTAATG",0.185064375244837,FALSE
"CID44971_CTCTACGCAACTGCTA",0.674674415988375,FALSE
"CID44971_CTCTGGTAGCTGCGAA",0.411593113818453,FALSE
"CID44971_CTGCCTACAGTGGAGT",0.348301445827939,FALSE
"CID44971_CTTAACTCAAGTAGTA",0.916603644498447,FALSE
"CID44971_CTTAACTTCGCGGATC",0.477844345719899,FALSE
"CID44971_GAAACTCGTTGTCGCG",0.164274775870416,TRUE
"CID44971_GAACATCTCGTCTGCT",0.171175860692193,TRUE
"CID44971_GAACCTAAGAACTGTA",0.22012376971377,FALSE
"CID44971_GAACCTAGTCAACATC",0.430430676281231,FALSE
"CID44971_GAACGGAGTATCACCA",0.215400716633971,FALSE
"CID44971_GAATAAGCAAACCTAC",0.513315838502104,FALSE
"CID44971_GAATAAGGTACTCGCG",0.179250056780196,FALSE
"CID44971_GACACGCCATCCAACA",0.192111288113072,FALSE
"CID44971_GACGGCTAGTGCGTGA",0.181083762470186,FALSE
"CID44971_GAGTCCGCACAGCCCA",0.812045664855503,FALSE
"CID44971_GATGCTACAAACAACA",0.976263144382023,FALSE
"CID44971_GATTCAGAGGCCGAAT",0.221150257012252,FALSE
"CID44971_GCAGCCAGTGAGGCTA",0.224916044554561,FALSE
"CID44971_GCATGTATCATCTGCC",0.214262752233285,TRUE
"CID44971_GCGACCATCAGCTCGG",0.489644325717211,FALSE
"CID44971_GCGCAACAGGACGAAA",0.17870488352794,FALSE
"CID44971_GCGCCAACACCGAAAG",0.46572365335862,FALSE
"CID44971_GCGCGATGTTACGGAG",0.164075791656865,TRUE
"CID44971_GCTTCCACACTTGGAT",0.363525825661912,FALSE
"CID44971_GGAAAGCGTGTCAATC",0.33875000434792,FALSE
"CID44971_GGAATAATCTAACTGG",0.485899999181417,FALSE
"CID44971_GGAGCAACAAGGTTCT",0.189046706355214,FALSE
"CID44971_GGAGCAACACCCATGG",0.811644503404655,FALSE
"CID44971_GGATTACAGAAGGTGA",0.183506298587373,FALSE
"CID44971_GGCTCGAAGCGATGAC",0.381488162684665,FALSE
"CID44971_GGCTCGACACGGTAAG",0.930502784484677,FALSE
"CID44971_GGCTGGTAGTACGACG",0.253487998081386,FALSE
"CID44971_GGGAGATAGATCCCAT",0.985134024243407,FALSE
"CID44971_GTAGTCAAGGGCACTA",0.252090524819579,FALSE
"CID44971_GTAGTCATCAAGCCTA",0.289031528871171,FALSE
"CID44971_GTATCTTAGTTAACGA",0.201140927497344,FALSE
"CID44971_GTCACGGGTTCACGGC",0.287027280243457,FALSE
"CID44971_GTCCTCAAGACAGGCT",0.170784319955929,TRUE
"CID44971_GTGGGTCGTACCAGTT",0.166116603506009,TRUE
"CID44971_GTTCTCGGTCACCCAG",0.215072421944248,FALSE
"CID44971_TACCTTACATTCACTT",0.999207517345414,FALSE
"CID44971_TACGGATGTAAGCACG",0.201975913029447,FALSE
"CID44971_TACTCATAGCAACGGT",0.252350877821183,FALSE
"CID44971_TACTTGTAGCAGCGTA",0.316141560548032,FALSE
"CID44971_TAGTGGTTCTTGACGA",0.260524731438274,FALSE
"CID44971_TAGTTGGAGAGTAATC",0.349523003510081,FALSE
"CID44971_TAGTTGGCACGGTAAG",0.505772607083769,FALSE
"CID44971_TCAACGACACAAGACG",0.194751086729562,FALSE
"CID44971_TCAGGTAAGTCCATAC",0.23016015195246,FALSE
"CID44971_TCCACACTCAACGGGA",0.979653992482417,FALSE
"CID44971_TCGCGAGTCCACGACG",0.204973297465223,FALSE
"CID44971_TCGCGTTTCGGTCCGA",0.17431497130134,TRUE
"CID44971_TCTCTAATCACCCTCA",0.284047777830046,FALSE
"CID44971_TCTGGAATCAGCGATT",0.163864712082349,TRUE
"CID44971_TGAAAGAAGAATTGTG",0.824897086773121,FALSE
"CID44971_TGAAAGAGTATAAACG",0.509935820856553,FALSE
"CID44971_TGACGGCCACAAGACG",0.278347989070123,FALSE
"CID44971_TGAGAGGAGCCACTAT",0.329364476898717,FALSE
"CID44971_TGCCAAACATATACGC",0.693484432276242,FALSE
"CID44971_TGCCCATTCGAGGTAG",0.17550024455781,TRUE
"CID44971_TGGTTAGCAATCTACG",0.188984326267687,TRUE
"CID44971_TGGTTCCGTCGCCATG",0.46089352937282,FALSE
"CID44971_TGTATTCCATGTCCTC",0.194289638399294,FALSE
"CID44971_TGTTCCGCACATAACC",0.556850668752427,FALSE
"CID44971_TTAGGACCAGGAATCG",0.321970381613683,FALSE
"CID44971_TTAGTTCAGAAGGACA",0.354634163581973,FALSE
"CID44971_TTCTACAAGTCCAGGA",0.185806912520871,FALSE
"CID44971_TTCTCAAGTTGAGTTC",0.355993999935569,FALSE
"CID44971_TTCTCCTGTCCGAGTC",0.462411819720768,FALSE
"CID44971_TTCTCCTTCCTCAATT",0.227030892596667,FALSE
"CID44971_TTGACTTTCGCGCCAA",0.328572065413195,FALSE
"CID44971_TTGCGTCTCGAATGGG",0.685354703126607,FALSE
"CID44971_TTGGAACTCTGATACG",0.179105029250043,FALSE
"CID44971_TTTCCTCGTAGTGAAT",0.519706465520119,FALSE
"CID44971_TTTGCGCTCAGCACAT",0.827571153555917,FALSE
"CID44971_TTTGGTTAGAGAACAG",0.194807591969203,FALSE
"CID44971_TTTGGTTTCCCGGATG",0.171906566917697,TRUE
"CID44971_ATTCTACAGTCCCACG",0.497389377021135,FALSE
"CID44971_CACACAATCAAAGTAG",0.290432767692815,FALSE
"CID44971_AAATGCCTCACCAGGC",0.228582094143922,FALSE
"CID44971_ATTACTCAGCTATGCT",0.491467958453533,FALSE
"CID44971_CCACCTAAGATGCCTT",0.181179724414507,TRUE
"CID44971_CCCTCCTAGTATCGAA",0.803046879248524,FALSE
"CID44971_TCGAGGCTCCCTTGCA",0.875354959924355,FALSE
"CID44971_TGTGTTTCAATAACGA",0.174115516973103,TRUE
"CID44971_TTTGGTTGTCGTCTTC",0.999996524102593,FALSE
"CID44971_AGCTCTCTCTCTGCTG",0.889325311464148,FALSE
"CID44971_CAGGTGCTCAACGCTA",0.256290062030272,FALSE
"CID44971_AACCGCGAGCCGGTAA",0.998251269531341,FALSE
"CID44971_AACTCAGTCACAGTAC",0.42031622486236,FALSE
"CID44971_AGCTCCTGTTTGTGTG",0.227158087582102,FALSE
"CID44971_TACACGAGTATATCCG",0.189454795727159,FALSE
"CID44971_TGTTCCGAGACTTGAA",0.182875357519108,FALSE
"CID44971_TTGCCGTAGGAATTAC",0.279898760365877,FALSE
"CID44971_ATAGACCGTTATCGGT",0.734716940889684,FALSE
"CID44971_CAGTAACTCTTCGAGA",0.898653168344137,FALSE
"CID44971_CCTACACGTCGAATCT",0.19931469633896,TRUE
"CID44971_CGAATGTAGATGGGTC",0.940971860083872,FALSE
"CID44971_CGTGAGCTCACTTATC",0.898631316065943,FALSE
"CID44971_GAGGTGATCCTAAGTG",0.755469140221044,FALSE
"CID44971_GCCTCTAGTCCGAGTC",0.999999999999956,FALSE
"CID44971_AAATGCCTCTGAAAGA",0.662706070198826,FALSE
"CID44971_AACACGTCAAGCTGAG",0.854552548066573,FALSE
"CID44971_AACTGGTAGCCAGTAG",0.290172050781494,FALSE
"CID44971_AATCGGTAGCTAGGCA",0.174745067338701,TRUE
"CID44971_AGATTGCTCCCTCTTT",0.177680193424733,TRUE
"CID44971_AGGGAGTTCGGATGTT",0.210470501089319,FALSE
"CID44971_AGGGATGTCCGAATGT",0.220013988381282,FALSE
"CID44971_ATTCTACAGGCAAAGA",0.4137912490596,FALSE
"CID44971_ATTTCTGGTAGAGTGC",0.176781736088369,TRUE
"CID44971_CAACTAGGTCGCGAAA",0.601797367749385,FALSE
"CID44971_CACACAAAGGTAGCTG",0.417807694731003,FALSE
"CID44971_CACATTTGTTCTGTTT",0.180974162616537,TRUE
"CID44971_CAGAATCCAGCCACCA",0.287050558012306,FALSE
"CID44971_CATCGAACATCCGTGG",0.694158601138798,FALSE
"CID44971_CATCGAATCCGTCATC",0.514835796758226,FALSE
"CID44971_CCTAAAGGTCTCTCTG",0.187894020408668,FALSE
"CID44971_CCTACACGTTCCACGG",0.259405371052474,FALSE
"CID44971_CGATTGAGTTGCCTCT",0.259659045151674,FALSE
"CID44971_CGGACACCATCCCACT",0.179768060770259,TRUE
"CID44971_CGGACTGTCTGCCAGG",0.223698262142081,FALSE
"CID44971_CGTCACTTCTGGTTCC",0.211018602025548,TRUE
"CID44971_CTCACACTCTTACCTA",0.215306224640205,FALSE
"CID44971_CTGGTCTGTCACTTCC",0.195544218068459,FALSE
"CID44971_GACGGCTGTCCCGACA",0.362447343826761,FALSE
"CID44971_GACGGCTTCGCCCTTA",0.191840160493835,FALSE
"CID44971_GACGTTAAGTTCGCAT",0.184523947431893,FALSE
"CID44971_GATGAAAAGACAGAGA",0.535304485747567,FALSE
"CID44971_GATGAGGGTAAATGTG",0.368595917819812,FALSE
"CID44971_GATTCAGAGGTTACCT",0.999999971709347,FALSE
"CID44971_GCAGCCATCGTGGACC",0.605341630126094,FALSE
"CID44971_GCTGCGAGTTCCACTC",0.79116128863024,FALSE
"CID44971_GGAAAGCAGACCCACC",0.186350896129268,FALSE
"CID44971_GGACAAGAGGCGTACA",0.244972372653661,TRUE
"CID44971_GGACGTCTCTCCAGGG",0.435559142559185,FALSE
"CID44971_GGCTGGTCATTCTTAC",0.251776486833021,FALSE
"CID44971_GGTGAAGTCCAAACTG",0.379520870327114,FALSE
"CID44971_GTCACAATCACATGCA",0.69888178935053,FALSE
"CID44971_GTCACAATCTTGCAAG",0.504486159001445,FALSE
"CID44971_GTGCAGCCACGTCAGC",0.171271977565693,TRUE
"CID44971_TACGGATAGTGAAGTT",0.193046177508699,FALSE
"CID44971_TATTACCTCTGCCCTA",0.982798552990066,FALSE
"CID44971_TCAGATGAGCCAGTTT",0.177684527135515,FALSE
"CID44971_TCATTACAGTTACCCA",0.176072715860738,TRUE
"CID44971_TCCCGATTCCCTTGTG",0.198976293620798,FALSE
"CID44971_TGCCCTAGTGATAAAC",0.257647552271934,FALSE
"CID44971_TGCGCAGCAGACTCGC",0.220259212401945,FALSE
"CID44971_TGTGTTTCAGGACCCT",0.170045468175716,TRUE
"CID44971_TTTGCGCTCGGAGGTA",0.255215597242332,FALSE
"CID44971_TACAGTGGTCACAAGG",0.982463654026967,FALSE
"CID44971_ACACCCTAGCGTTGCC",0.492628049734324,FALSE
"CID44971_ACGCCGAAGGGAGTAA",0.390195798934755,FALSE
"CID44971_AGAGCGATCTGGTATG",0.180395650660658,FALSE
"CID44971_AGCGTATGTCATATCG",0.194071629447202,FALSE
"CID44971_AGGGAGTAGCTATGCT",0.234688507119994,FALSE
"CID44971_ATCATCTAGAGATGAG",0.783784688058517,FALSE
"CID44971_ATGAGGGGTCGGGTCT",0.225486219611613,FALSE
"CID44971_CAAGGCCGTACCGAGA",0.797701852425621,FALSE
"CID44971_CACAAACTCAGTTTGG",0.170855328760104,TRUE
"CID44971_CGCCAAGAGATGCCAG",0.569435261526506,FALSE
"CID44971_CGGAGCTGTACCAGTT",0.959253715888115,FALSE
"CID44971_CTACGTCTCGCTGATA",0.474633207116247,FALSE
"CID44971_GAGCAGACAGAGCCAA",0.69529671902164,FALSE
"CID44971_GCGCAGTAGACACGAC",0.898426909700591,FALSE
"CID44971_GCTTCCAAGCACAGGT",0.244482990934977,FALSE
"CID44971_GTACTCCAGAAGGTTT",0.184636603922576,FALSE
"CID44971_GTCGTAAAGACCTTTG",0.176747937706082,FALSE
"CID44971_GTCTCGTCAATACGCT",0.41438844463727,FALSE
"CID44971_TACACGACACTACAGT",0.308705210196967,FALSE
"CID44971_TCATTACCACCTATCC",0.518686667872453,FALSE
"CID44971_TGAGGGAAGGTGATTA",0.227204691165634,FALSE
"CID44971_TTAACTCAGCAAATCA",0.945271329567208,FALSE
"CID44971_TTCTCCTGTACCGAGA",0.184108337879598,FALSE
"CID44971_CGGACGTAGATAGGAG",0.215083452915588,FALSE
"CID44971_TATGCCCAGCTCCTTC",0.187452300328251,FALSE
"CID44971_ATTGGTGAGTGTTTGC",0.428492776325995,TRUE
"CID44971_CCGGTAGCAAGAGGCT",0.178216894778628,TRUE
"CID44971_AGGCCGTTCATCATTC",0.400032820467815,TRUE
"CID44971_CTAGCCTTCCTTTACA",0.927035520977345,TRUE
"CID44971_CTCGTACTCTTGAGGT",0.966514395776974,TRUE
"CID44971_TTCGGTCGTACTTCTT",0.174200391798961,TRUE
"CID44971_GACTGCGGTAAGCACG",0.516545449827154,TRUE
"CID44971_TTATGCTGTGCAACGA",0.350344585516872,TRUE
"CID44971_AAGGAGCCACGGATAG",0.543020467962322,TRUE
"CID44971_GTATCTTGTAGCGTCC",0.297170445443157,TRUE
"CID44971_GTCAAGTCAGTAAGCG",0.312827784023491,TRUE
"CID44971_CAGCAGCGTTCGTTGA",0.164236267087336,TRUE
"CID44971_GACGGCTAGCGCTTAT",0.392120123443028,TRUE
"CID44971_GGCCGATAGCTGTCTA",0.328229159236179,TRUE
"CID44971_TCTCTAACAGAGCCAA",0.546089696656267,TRUE
"CID44971_CGATGGCGTTACGCGC",0.853098706529462,TRUE
"CID44971_CGGCTAGGTCTCCATC",0.358762169837954,TRUE
"CID44971_CTACACCAGGAGTTGC",0.34346402457606,TRUE
"CID44971_GACAGAGTCAGCTCGG",0.472474709080816,TRUE
"CID44971_GATCGATGTTCGTCTC",0.893416010838638,TRUE
"CID44971_TTTGTCACACCACCAG",0.225552293111344,TRUE
"CID44971_TCTGGAAGTGACTCAT",0.237660153599157,TRUE
"CID44971_CATATTCCACATTCGA",0.345641479071761,TRUE
"CID44971_GATCAGTCACAAGACG",0.980862308433053,FALSE
"CID44971_TCGAGGCCACCACGTG",0.0870321306029974,TRUE
"CID44971_TGCCAAATCAGAAATG",0.832188010020877,FALSE
"CID44971_GGACAGAGTTGGTGGA",0.198527622469315,TRUE
"CID44971_GGGTCTGAGACCTAGG",0.226448601724343,TRUE
"CID44971_TAGTGGTAGCAAATCA",0.129373704696484,TRUE
"CID44971_ACGCCAGCAGTCTTCC",0.294491393543286,TRUE
"CID44971_ACTGTCCGTCATACTG",0.334930942535597,TRUE
"CID44971_AGGTCCGGTAAGTGTA",0.99999478632123,FALSE
"CID44971_ATAGACCAGCACCGTC",0.177445931947799,TRUE
"CID44971_CGTTAGAAGGATGGTC",0.0822889882523986,TRUE
"CID44971_GCTTGAATCTTGTTTG",0.880541088233696,FALSE
"CID44971_GTGGGTCGTGCGCTTG",0.195346300184206,TRUE
"CID44971_TCGCGAGGTGGTGTAG",0.286098947901466,TRUE
"CID44971_TTTGTCAGTCTGGTCG",0.199214109455322,TRUE
"CID44971_AGATCTGTCATCGGAT",0.133063526574415,TRUE
"CID44971_ACGCAGCAGATATACG",0.0754852627177069,TRUE
"CID44971_CTGAAGTCACATGTGT",0.330582570344554,TRUE
"CID44971_GTCTCGTCACCCATGG",0.177429369030965,TRUE
"CID44971_TGCGCAGGTTAAAGTG",0.1590305876304,TRUE
"CID44971_ATCCACCAGCTGCCCA",0.978999680045682,FALSE
"CID44971_CACACAAGTCCTAGCG",0.999999963397235,FALSE
"CID44971_CATCAGATCATGCAAC",0.986675066706169,FALSE
"CID44971_GAGGTGACATGGTCAT",0.998581125448445,FALSE
"CID44971_GTCTTCGGTGTATGGG",0.236109650148217,FALSE
"CID44971_ATAACGCAGGTGGGTT",0.126854925781927,TRUE
"CID44971_ACATCAGGTACATGTC",0.237315197486526,FALSE
"CID44971_ACTGTCCGTTCCTCCA",0.309861366007326,FALSE
"CID44971_AGGGAGTAGACTAGAT",0.889584944856586,FALSE
"CID44971_AGTAGTCTCTTGCATT",0.180918829148643,TRUE
"CID44971_ATAGACCCACGACTCG",0.218799844105769,FALSE
"CID44971_ATCATCTCATGACGGA",0.171193568132647,TRUE
"CID44971_ATCCACCGTAAACACA",0.453409411540249,FALSE
"CID44971_ATCCACCTCTTTCCTC",0.179139610116096,FALSE
"CID44971_ATTTCTGTCGCGCCAA",0.586934354161087,FALSE
"CID44971_CAAGAAAGTATAGGTA",0.201928378065026,FALSE
"CID44971_CACCAGGCAAGGACTG",0.117662962708529,TRUE
"CID44971_CATCAAGTCCGATATG",0.319228444636403,FALSE
"CID44971_CATCAGACACCAGTTA",0.688183239896358,FALSE
"CID44971_CATCCACGTTGGACCC",0.482696928997242,FALSE
"CID44971_CCACTACCAAGCTGTT",0.75601158261926,FALSE
"CID44971_CCCAGTTGTACCTACA",0.181832929189609,FALSE
"CID44971_CGATCGGTCGTACGGC",0.172679319929304,TRUE
"CID44971_CGCGTTTAGAGATGAG",0.296777342318232,TRUE
"CID44971_CGTCAGGAGTACGTAA",0.195045449922723,FALSE
"CID44971_CGTCAGGGTAGGGACT",0.174378944521136,TRUE
"CID44971_CGTGTAATCGCACTCT",0.205510514744969,TRUE
"CID44971_CTAATGGGTGGACGAT",0.337484977290985,FALSE
"CID44971_CTACACCAGATCGGGT",0.99988606408968,FALSE
"CID44971_CTACGTCCAAGCGAGT",0.999980197846049,FALSE
"CID44971_CTGCTGTTCTGCGGCA",0.265463201548861,FALSE
"CID44971_CTTAACTGTTCTGGTA",0.191004308645512,TRUE
"CID44971_GACCAATCAAAGCAAT",0.908976018588845,FALSE
"CID44971_GACTAACCATCCGCGA",0.56500769025008,FALSE
"CID44971_GACTAACGTCAGATAA",0.471901195654987,FALSE
"CID44971_GATGAAAGTCAAGCGA",0.233713228241065,FALSE
"CID44971_GCATGATCAATGGAGC",0.232840302074861,TRUE
"CID44971_GCTCTGTCATCGATGT",0.334862633804513,FALSE
"CID44971_GCTGGGTAGCCAGGAT",0.180663843871426,FALSE
"CID44971_GGACATTAGGTGTTAA",0.519857770193442,FALSE
"CID44971_GGCAATTGTCATTAGC",0.284417247610044,FALSE
"CID44971_GGCTGGTAGACTAAGT",0.215980941246035,TRUE
"CID44971_GTATTCTGTTACAGAA",0.179976217880142,TRUE
"CID44971_GTCACGGGTTTGGGCC",0.236080388680907,FALSE
"CID44971_GTTTCTATCCAGGGCT",0.372512324297797,TRUE
"CID44971_TACCTATTCCTATGTT",0.165926979172468,TRUE
"CID44971_TAGACCATCTCTGTCG",0.283133763172743,TRUE
"CID44971_TCAATCTAGATGGCGT",0.272858588187198,TRUE
"CID44971_TCAGGTATCAAAGTAG",0.163057828416959,TRUE
"CID44971_TCCACACTCGGTCTAA",0.62750318800373,FALSE
"CID44971_TCGCGAGGTGAACCTT",0.184472737684836,FALSE
"CID44971_TCTGGAATCGCTAGCG",0.445553358351542,FALSE
"CID44971_TGACAACGTCAAAGAT",0.180193584295744,TRUE
"CID44971_TGACAACGTCTTCGTC",0.325543085556997,FALSE
"CID44971_TGGCCAGCATATGCTG",0.178065473421332,TRUE
"CID44971_TGGGAAGAGCAGACTG",0.290132451360441,TRUE
"CID44971_TGTTCCGGTCTCATCC",0.175116120710717,TRUE
"CID44971_TTAACTCCACGAAACG",0.454536881102512,FALSE
"CID44971_TTCTCAAAGGAGTCTG",0.172047574503349,TRUE
"CID44971_TTCTTAGTCCGCTGTT",0.196492232759689,TRUE
"CID44971_TTGCCGTTCGAACGGA",0.145686366354937,TRUE
"CID44971_AACGTTGGTGGTGTAG",0.178789498621437,FALSE
"CID44971_AACTGGTCACGGCTAC",0.970376409683706,FALSE
"CID44971_AAGGTTCCAACTGCTA",0.170081150666728,TRUE
"CID44971_ACATGGTAGTCGATAA",0.17938981802588,TRUE
"CID44971_ACTGAACCACGAGGTA",0.391698828607017,FALSE
"CID44971_ACTGAGTTCAATACCG",0.177729607756614,FALSE
"CID44971_ATCCACCGTCTAACGT",0.247513966950661,TRUE
"CID44971_ATGGGAGCATCACGAT",0.15431070914936,TRUE
"CID44971_CAGCTAACACAACGCC",0.659076868507561,FALSE
"CID44971_CCTAAAGAGATCTGAA",0.996877049460642,FALSE
"CID44971_CCTACACTCTCGCTTG",0.871212679987457,FALSE
"CID44971_CGAACATTCTCATTCA",0.185144338229194,TRUE
"CID44971_CGATGGCGTTGCGCAC",0.1564871893151,TRUE
"CID44971_CGTCAGGCACCCATTC",0.991578484210049,FALSE
"CID44971_CGTTGGGTCACTTATC",0.585866426679577,FALSE
"CID44971_CTACATTCATACGCTA",0.99797315218757,FALSE
"CID44971_GAACCTACATTCACTT",0.802837991601117,FALSE
"CID44971_GAAGCAGCACATCTTT",0.628209661958571,FALSE
"CID44971_GATCGATGTACATCCA",0.258678549212112,FALSE
"CID44971_GATCGTAAGAGTACCG",0.316754277706298,FALSE
"CID44971_GCAGCCAGTAAATACG",0.238723641250582,FALSE
"CID44971_GCAGTTAAGTTGTCGT",0.643157920937027,FALSE
"CID44971_GCATACAAGCGATTCT",0.973639614236273,FALSE
"CID44971_GGCAATTAGATTACCC",0.60966522255724,FALSE
"CID44971_GTCACGGCATTCCTGC",0.606999155122093,FALSE
"CID44971_GTCATTTCACCACCAG",0.170016227401597,TRUE
"CID44971_GTGCAGCAGGCTAGAC",0.87388716391118,FALSE
"CID44971_TAAGAGACAAAGCAAT",0.164953118181448,TRUE
"CID44971_TGACTAGAGTAAGTAC",0.376429672583808,FALSE
"CID44971_TGCGCAGAGATGGCGT",0.17458256073606,TRUE
"CID44971_TGGCCAGAGGGTCGAT",0.264693709068761,TRUE
"CID44971_TGTGTTTAGCCGTCGT",0.184933226030289,TRUE
"CID44971_TGTGTTTAGTACGTTC",0.329407658144555,FALSE
"CID44971_GGCGACTTCCAACCAA",0.659037338860569,FALSE
"CID44971_TATTACCAGTACGACG",0.784266017322934,FALSE
"CID44971_CGAGCCACATACTACG",0.909079889138185,FALSE
"CID44971_CCTTCGAAGCGGCTTC",0.2644204996875,FALSE
"CID44971_AGGCCGTTCCGTAGTA",0.268552276463744,FALSE
"CID44971_ACCTTTAGTCTTCGTC",0.166323595764541,TRUE
"CID44971_TCTGAGATCCCAACGG",0.68365520911257,FALSE
"CID44971_TTGCCGTAGGGAGTAA",0.171976701324044,TRUE
"CID44971_GACACGCGTAGCTCCG",0.99994167759016,FALSE
"CID44971_AAAGCAATCTAGCACA",0.22041955205161,TRUE
"CID44971_ACATGGTCAGCTCCGA",0.159625906067632,TRUE
"CID44971_ACCGTAACACGAGAGT",0.170238621931647,TRUE
"CID44971_AGCGGTCGTCTCTTAT",0.181272471786825,FALSE
"CID44971_ATAAGAGCAATAACGA",0.740775363182407,FALSE
"CID44971_ATCATGGCAGGGTTAG",0.351554693274696,FALSE
"CID44971_CAACTAGTCACAAACC",0.756008391083607,FALSE
"CID44971_CAAGGCCCATGGGAAC",0.171370503974098,TRUE
"CID44971_CCTAAAGGTAGAGTGC",0.348141903497397,FALSE
"CID44971_CGAGAAGGTCTGCAAT",0.28973569347556,FALSE
"CID44971_CGCTGGAAGCGATATA",0.180133219150055,TRUE
"CID44971_GATCTAGTCGGCGGTT",0.347174658252351,FALSE
"CID44971_GCATACAGTGTCTGAT",0.180887360753004,TRUE
"CID44971_GTGTGCGTCGAGAGCA",0.178728370177419,TRUE
"CID44971_TACCTTAAGGTCGGAT",0.145937948885318,TRUE
"CID44971_TCACGAAGTCCCGACA",0.969175521885844,FALSE
"CID44971_TGTGGTATCAAAGACA",0.380381283792543,FALSE
"CID44971_TTTGCGCGTGGCTCCA",0.338080224355449,FALSE
"CID44971_AAAGATGTCCAAGCCG",0.184015914593081,FALSE
"CID44971_AAAGCAAGTATAGGGC",0.260491513740674,FALSE
"CID44971_AACCATGAGTACATGA",0.180886282173268,FALSE
"CID44971_AACTCTTCACATTTCT",0.177243878473252,FALSE
"CID44971_AACTGGTTCAACTCTT",0.223585907975365,FALSE
"CID44971_AAGACCTAGATCGGGT",0.800445715935023,FALSE
"CID44971_AAGGAGCGTAGCTTGT",0.421182196757903,FALSE
"CID44971_AAGGAGCTCTGCCCTA",0.215328292825713,FALSE
"CID44971_ACGAGGAAGACAGACC",0.187397334856574,FALSE
"CID44971_ACGCCGAAGCCAGTAG",0.189555047684668,FALSE
"CID44971_ACGCCGATCTAGAGTC",0.652800661517376,FALSE
"CID44971_ACTTGTTTCCGTAGGC",0.177841309744327,FALSE
"CID44971_AGAATAGCATAGAAAC",0.210136031221314,TRUE
"CID44971_AGCCTAATCGCGGATC",0.527025679533925,FALSE
"CID44971_CAAGAAATCGCGATCG",0.202468361220748,FALSE
"CID44971_CAAGATCCAGGCTCAC",0.167902117012738,TRUE
"CID44971_CACAAACGTCTACCTC",0.376363173170283,FALSE
"CID44971_CACCAGGTCTGCCAGG",0.856430247114743,FALSE
"CID44971_CAGCATACATAGTAAG",0.176192105481217,TRUE
"CID44971_CATGACAAGCCTATGT",0.335642410453322,FALSE
"CID44971_CATGGCGGTAATAGCA",0.118459821017266,TRUE
"CID44971_CATTCGCAGGTCGGAT",0.603016700763433,FALSE
"CID44971_CCGTTCAAGTGCTGCC",0.448842311011845,FALSE
"CID44971_CCTAGCTTCCGCGTTT",0.418132895955044,FALSE
"CID44971_CGACCTTAGGTGATTA",0.275937819262387,FALSE
"CID44971_CGGACGTAGTGTTAGA",0.142852679762627,TRUE
"CID44971_CGGAGCTTCTTAGAGC",0.63002931850004,TRUE
"CID44971_CGGAGTCTCGATAGAA",0.230344703918938,TRUE
"CID44971_CGTCAGGAGATAGGAG",0.160730871013864,TRUE
"CID44971_CTACCCAAGGTCGGAT",0.195448163448153,FALSE
"CID44971_CTCGAAACAGGGTATG",0.203655609517895,FALSE
"CID44971_CTTGGCTAGCGATGAC",0.169450951134207,TRUE
"CID44971_GACGGCTAGAGCTGGT",0.14780392414958,TRUE
"CID44971_GCTCTGTGTTGCTCCT",0.22600124909049,FALSE
"CID44971_GCTGCGAAGAAGGTGA",0.308904416859923,FALSE
"CID44971_GGTGCGTTCCCAACGG",0.255512175871105,FALSE
"CID44971_GTACTTTGTAGATTAG",0.205972891934499,TRUE
"CID44971_GTGTGCGGTGTGCCTG",0.165868492843857,TRUE
"CID44971_TACGGTAGTTCATGGT",0.341125834742209,TRUE
"CID44971_TAGTGGTGTGTATGGG",0.351684899570748,FALSE
"CID44971_TATGCCCTCAAGGTAA",0.21530713157818,TRUE
"CID44971_TCAGCTCAGTAACCCT",0.240544599683518,FALSE
"CID44971_TCAGGATCAAGAGTCG",0.146738098945624,TRUE
"CID44971_TCATTACCAACACCCG",0.16787367944073,TRUE
"CID44971_TCGCGTTTCAGGTAAA",0.187024440617145,TRUE
"CID44971_TCTTTCCTCTGCTGTC",0.182105193045084,FALSE
"CID44971_TGCCCTACAAATTGCC",0.588676376201165,FALSE
"CID44971_TGGACGCAGACTTTCG",0.161850107472229,TRUE
"CID44971_TGTGGTAAGCTGCCCA",0.186333833587323,FALSE
"CID44971_TTAACTCTCGAGGTAG",0.239460692033977,TRUE
"CID44971_TTAGGCAGTCAAAGCG",0.155797403769759,TRUE
"CID44971_TTCTCAATCTTCATGT",0.290317377032211,TRUE
"CID44971_TTGAACGGTAGAGGAA",0.213166603991428,FALSE
"CID44971_TTGGAACTCTGCGACG",0.17812679986851,TRUE
"CID44971_CAACCAATCGACCAGC",0.203344162027097,FALSE
"CID44971_GTAGTCATCGCTTAGA",0.167788179598975,TRUE
"CID44971_AAACCTGTCAGCGATT",0.166689575713318,TRUE
"CID44971_AAACGGGAGCTGAACG",0.183805910110516,FALSE
"CID44971_AAATGCCAGGGCTTCC",0.219059700797375,FALSE
"CID44971_AACTCAGGTACTCAAC",0.718291196063184,FALSE
"CID44971_AACTGGTAGTGTCCAT",0.197108690483806,FALSE
"CID44971_AACTTTCGTGCTAGCC",0.367181814220499,FALSE
"CID44971_AAGACCTAGCGTGAGT",0.275745872156315,FALSE
"CID44971_AAGCCGCCAGGTCCAC",0.618130131502737,FALSE
"CID44971_AAGGAGCAGGATTCGG",0.169338296358213,TRUE
"CID44971_AAGGCAGTCGCCAAAT",0.172816267449049,TRUE
"CID44971_ACATCAGGTCCAGTTA",0.160183911362544,TRUE
"CID44971_ACGATACAGACTTGAA",0.196669674914136,FALSE
"CID44971_ACGCAGCCAGACAAAT",0.999999675589514,FALSE
"CID44971_ACGCCAGAGTGTACCT",0.365243615181777,FALSE
"CID44971_ACGCCAGGTCCGAACC",0.680612614120324,FALSE
"CID44971_ACGCCAGTCGAATCCA",0.159105987800232,TRUE
"CID44971_ACGCCAGTCTGCAGTA",0.166552643993306,TRUE
"CID44971_ACGGAGAGTCAAGCGA",0.216548132400745,FALSE
"CID44971_ACGGGCTGTTAGAACA",0.277597876825329,FALSE
"CID44971_ACGTCAAGTCAAAGCG",0.265853725124277,FALSE
"CID44971_ACGTCAATCTTGCAAG",0.174002353414997,TRUE
"CID44971_ACTATCTGTTCAGCGC",0.356713912028753,FALSE
"CID44971_ACTGAGTAGGGAACGG",0.58452459537662,FALSE
"CID44971_AGAATAGGTCCTCCAT",0.226993402035879,FALSE
"CID44971_AGACGTTTCATGCATG",0.174658354823737,TRUE
"CID44971_AGCGGTCAGACCTAGG",0.225386687904372,TRUE
"CID44971_AGCGGTCGTTACCGAT",0.249571007801404,FALSE
"CID44971_AGCTCTCGTCGTCTTC",0.865932679909697,FALSE
"CID44971_AGCTTGACAGTCGTGC",0.212501556584068,FALSE
"CID44971_AGGCCACAGGACGAAA",0.501896865509238,FALSE
"CID44971_AGGCCGTAGTCCCACG",0.36431421486954,FALSE
"CID44971_AGTGGGACAAGAGTCG",0.950462911941121,FALSE
"CID44971_ATCTACTAGAACAACT",0.332997727672676,FALSE
"CID44971_ATGTGTGTCAACGGCC",0.156321216346495,TRUE
"CID44971_ATTGGTGCAGCTCCGA",0.350472717082223,FALSE
"CID44971_ATTGGTGTCTTGCATT",0.169861528979297,TRUE
"CID44971_ATTTCTGCAAGGACAC",0.805738776341566,FALSE
"CID44971_CAACCTCAGTTATCGC",0.180943193558852,FALSE
"CID44971_CAACTAGCACGGCTAC",0.165811721976079,TRUE
"CID44971_CAAGAAACACAAGACG",0.175007232786135,TRUE
"CID44971_CACACTCGTAGTGAAT",0.18874858032915,FALSE
"CID44971_CACAGGCAGGATTCGG",0.964741635933824,FALSE
"CID44971_CACAGTAAGCTACCTA",0.1854738717476,FALSE
"CID44971_CACATAGTCCCTTGCA",0.170022348166119,TRUE
"CID44971_CACATTTCAGCTGTGC",0.293408881179695,FALSE
"CID44971_CACCAGGAGTCATGCT",0.542540912037885,FALSE
"CID44971_CACCTTGCACCAGTTA",0.169130859898535,TRUE
"CID44971_CACCTTGGTTATCACG",0.949322663583147,FALSE
"CID44971_CACTCCAGTGCCTTGG",0.170359725132966,TRUE
"CID44971_CAGAATCCAAGCCTAT",0.256849366506613,FALSE
"CID44971_CAGCCGACACTTGGAT",0.214848827938012,FALSE
"CID44971_CAGCTGGGTCGCGGTT",0.934707125139841,FALSE
"CID44971_CATCAGAGTCATCCCT",0.392669986614879,FALSE
"CID44971_CATCAGAGTGCTGTAT",0.791102948666214,FALSE
"CID44971_CATCCACGTCTTCTCG",0.719575932371158,FALSE
"CID44971_CATGCCTAGGTGCTTT",0.592066558205388,FALSE
"CID44971_CATGGCGCAACACCTA",0.257645938826562,FALSE
"CID44971_CATGGCGGTCCGAAGA",0.161872258559169,TRUE
"CID44971_CATTATCTCAAACAAG",0.241006379289788,FALSE
"CID44971_CCAGCGACACACGCTG",0.127833366606157,TRUE
"CID44971_CCCAGTTTCCACGACG",0.132691437497616,TRUE
"CID44971_CCGGTAGAGCAGCCTC",0.721370608317037,FALSE
"CID44971_CCGGTAGCACCGAATT",0.130060136781326,TRUE
"CID44971_CCTAAAGCAAGCGAGT",0.205884226710979,TRUE
"CID44971_CCTACCATCAACGGGA",0.178167843337656,FALSE
"CID44971_CCTAGCTCAATAGAGT",0.174272000882119,TRUE
"CID44971_CCTAGCTGTCCGCTGA",0.208179489108762,FALSE
"CID44971_CCTTACGGTGCGATAG",0.991571446327375,FALSE
"CID44971_CCTTCGAGTCATACTG",0.318288518740643,FALSE
"CID44971_CCTTTCTAGTCCCACG",0.189962469711477,TRUE
"CID44971_CCTTTCTGTCTTCTCG",0.836483764202693,FALSE
"CID44971_CGACCTTGTAGGGTAC",0.167939795062702,TRUE
"CID44971_CGACCTTTCGCAGGCT",0.154010076404718,TRUE
"CID44971_CGACTTCGTAACGACG",0.833834739342689,FALSE
"CID44971_CGAGCCACACCAGTTA",0.799527813002989,FALSE
"CID44971_CGAGCCAGTACTCGCG",0.218083326203978,FALSE
"CID44971_CGAGCCAGTAGGGACT",0.191365519418715,FALSE
"CID44971_CGATGGCTCACGATGT",0.523473445651387,FALSE
"CID44971_CGATGTATCTGTCAAG",0.238330825290881,FALSE
"CID44971_CGCCAAGTCCCTGACT",0.358833965075353,FALSE
"CID44971_CGCTATCAGACCACGA",0.571020969967271,FALSE
"CID44971_CGCTATCTCGCCAAAT",0.766730111421972,FALSE
"CID44971_CGGACACGTCCTAGCG",0.348150246472933,FALSE
"CID44971_CGGAGCTTCAGCTCTC",0.4449194303445,FALSE
"CID44971_CGGGTCATCAATCACG",0.337428674639566,FALSE
"CID44971_CGGTTAAGTACCGAGA",0.705451130840796,FALSE
"CID44971_CGTCAGGAGTCGAGTG",0.487665953783149,FALSE
"CID44971_CGTCCATAGGGCTCTC",0.192251764828287,FALSE
"CID44971_CGTCTACAGCTACCTA",0.253682330297255,FALSE
"CID44971_CGTGAGCCATTATCTC",0.182334484397076,FALSE
"CID44971_CGTGTAACATAGGATA",0.415625646684419,FALSE
"CID44971_CGTGTCTTCTGTCCGT",0.46099698891898,FALSE
"CID44971_CTAACTTGTGGCCCTA",0.94107740738381,FALSE
"CID44971_CTACATTGTGGACGAT",0.287885169645794,FALSE
"CID44971_CTACATTGTTGATTGC",0.962253421844403,FALSE
"CID44971_CTAGAGTTCTCGATGA",0.177861330413939,FALSE
"CID44971_CTAGCCTGTGTAATGA",0.160939727660413,TRUE
"CID44971_CTCCTAGCATGTAGTC",0.199745510360733,TRUE
"CID44971_CTCGAAACACATGACT",0.229779990305689,FALSE
"CID44971_CTCGTACCACGTCAGC",0.211761393567209,FALSE
"CID44971_CTCGTACGTGTGGTTT",0.504657623736561,FALSE
"CID44971_CTCGTACTCCTTTACA",0.131016623887218,TRUE
"CID44971_CTCGTCAAGCTCCTTC",0.242299739390521,FALSE
"CID44971_CTCGTCAAGTATCGAA",0.209046462838497,FALSE
"CID44971_CTCGTCATCATTGCCC",0.417575700238537,FALSE
"CID44971_CTCTAATGTCTAGAGG",0.542055638342339,FALSE
"CID44971_CTCTAATTCTACGAGT",0.42815027485255,FALSE
"CID44971_CTCTGGTAGAGTAAGG",0.72394856751542,FALSE
"CID44971_CTGATAGTCCAAATGC",0.202272047132168,FALSE
"CID44971_CTGCCTACAAAGGAAG",0.203362870300748,FALSE
"CID44971_CTGCGGAGTAGAGCTG",0.774554279683286,FALSE
"CID44971_CTGGTCTGTCATATGC",0.23273342240829,FALSE
"CID44971_CTTACCGCACCTCGTT",0.150532855073111,TRUE
"CID44971_CTTTGCGTCCCTTGTG",0.270239715580103,FALSE
"CID44971_GAAACTCAGCCCAATT",0.263489610256046,FALSE
"CID44971_GAAACTCAGGAGTTGC",0.171048697669382,TRUE
"CID44971_GAACATCCATGGTCAT",0.293525630975602,FALSE
"CID44971_GACAGAGTCCAACCAA",0.200750309007006,FALSE
"CID44971_GACCTGGGTGTGAAAT",0.90381218430833,FALSE
"CID44971_GACGTGCAGACATAAC",0.176249348125689,FALSE
"CID44971_GACGTGCTCGGAATCT",0.364481765544993,FALSE
"CID44971_GACGTTACATCAGTCA",0.258888675895178,FALSE
"CID44971_GACTGCGGTACAAGTA",0.244957905584041,FALSE
"CID44971_GACTGCGGTCTGGAGA",0.328437192650514,FALSE
"CID44971_GAGGTGAAGCGATTCT",0.322538873454006,FALSE
"CID44971_GAGGTGATCCGTCAAA",0.370065439227956,FALSE
"CID44971_GAGTCCGAGGAGTCTG",0.179176125118181,FALSE
"CID44971_GATCAGTCATCCTAGA",0.191464432992711,FALSE
"CID44971_GATCGTACATTGTGCA",0.315506986783757,FALSE
"CID44971_GATGAGGGTACTCTCC",0.163569617565425,TRUE
"CID44971_GATTCAGAGACAGGCT",0.170576637687427,TRUE
"CID44971_GCAAACTGTCGCGAAA",0.161687742816173,TRUE
"CID44971_GCAATCAGTCTAGCCG",0.536379734183862,FALSE
"CID44971_GCAGCCAAGTAACCCT",0.202518332074241,FALSE
"CID44971_GCATGATCACAGCGTC",0.840964238505981,FALSE
"CID44971_GCATGTAAGATGTGGC",0.178152754175114,TRUE
"CID44971_GCCAAATAGCTCCCAG",0.198767281492587,FALSE
"CID44971_GCGAGAAGTATTCGTG",0.440283643034765,FALSE
"CID44971_GCGCAACTCATGCATG",0.213976682052885,FALSE
"CID44971_GCGCCAAAGCAATCTC",0.172725382574688,TRUE
"CID44971_GCGCCAATCGCCAGCA",0.502827668782118,FALSE
"CID44971_GCGGGTTTCCTTGGTC",0.416554253105786,TRUE
"CID44971_GCGGGTTTCTGCTGCT",0.522252925928886,FALSE
"CID44971_GCTGCAGGTCATTAGC",0.14569226185181,TRUE
"CID44971_GCTGCAGTCCGAAGAG",0.201040978082289,FALSE
"CID44971_GCTTCCAAGTCAAGGC",0.986168610696994,FALSE
"CID44971_GCTTCCATCTGTACGA",0.304986204290383,FALSE
"CID44971_GCTTGAATCTTGTCAT",0.469368142990932,FALSE
"CID44971_GGAAAGCAGGTGCACA",0.338707198084373,FALSE
"CID44971_GGAAAGCGTACCATCA",0.162992323060728,TRUE
"CID44971_GGAACTTTCCAAAGTC",0.1747250634215,TRUE
"CID44971_GGATGTTTCCAGAAGG",0.260221703141077,FALSE
"CID44971_GGCCGATAGAAGGGTA",0.218821823608353,FALSE
"CID44971_GGCTGGTGTCAAAGAT",0.174910588257686,TRUE
"CID44971_GGGACCTCACAGACAG",0.226949866446456,FALSE
"CID44971_GGGAGATAGGACCACA",0.415682558561862,FALSE
"CID44971_GGGAGATGTCTGCCAG",0.753923948292881,FALSE
"CID44971_GGGATGACAATGTAAG",0.735452303827063,FALSE
"CID44971_GGGCACTGTCTCTCTG",0.147798980422958,TRUE
"CID44971_GGTATTGAGTGCCATT",0.259320470888213,FALSE
"CID44971_GGTGTTAAGTTAGGTA",0.204129768467229,FALSE
"CID44971_GTAACGTAGTGAACGC",0.197126772313188,FALSE
"CID44971_GTAACTGTCTCCGGTT",0.489358504402314,FALSE
"CID44971_GTATCTTCACGTAAGG",0.162732926089538,TRUE
"CID44971_GTATTCTGTCGAATCT",0.186740116730086,FALSE
"CID44971_GTCACGGCACTCGACG",0.266329889778947,FALSE
"CID44971_GTCATTTAGACGACGT",0.171697116224631,TRUE
"CID44971_GTCATTTTCAATCTCT",0.66094968708236,FALSE
"CID44971_GTCGGGTCAAGAGGCT",0.183506023003196,FALSE
"CID44971_GTCGGGTTCAATCTCT",0.178600284566771,TRUE
"CID44971_GTCGTAAGTCACAAGG",0.999934956949174,FALSE
"CID44971_GTCTTCGGTCCAAGTT",0.227493768125717,FALSE
"CID44971_GTCTTCGGTGACTCAT",0.115831289860171,TRUE
"CID44971_GTGCGGTCATAACCTG",0.222032463487589,FALSE
"CID44971_GTGCTTCAGAGCCTAG",0.802222244138462,FALSE
"CID44971_GTGCTTCCACGCTTTC",0.488484627654605,FALSE
"CID44971_GTGTTAGCACCTATCC",0.244386058459228,TRUE
"CID44971_GTTACAGGTAAGTGTA",0.143486272941483,TRUE
"CID44971_GTTCATTGTCAGAAGC",0.728727464477412,FALSE
"CID44971_TAAACCGCAGAGTGTG",0.217435006169797,FALSE
"CID44971_TAAACCGTCATTGCCC",0.320686345656597,FALSE
"CID44971_TACCTATAGGCCCTTG",0.193223504482564,FALSE
"CID44971_TACGGGCCACTGAAGG",0.973821998711595,FALSE
"CID44971_TACGGGCTCACCGGGT",0.168268810758211,TRUE
"CID44971_TACTCGCAGGCTACGA",0.39808486840685,FALSE
"CID44971_TACTTACTCGTGACAT",0.22470722266752,FALSE
"CID44971_TACTTGTAGATGCGAC",0.129943385851169,TRUE
"CID44971_TAGACCACATGTCTCC",0.235202202194168,FALSE
"CID44971_TAGTGGTAGTAACCCT",0.162467011249238,TRUE
"CID44971_TATTACCGTTGATTCG",0.74629835699472,FALSE
"CID44971_TCATTACAGATGTAAC",0.999989368426705,FALSE
"CID44971_TCGGGACCACCTTGTC",0.245771860303393,FALSE
"CID44971_TCTGAGAGTTCCTCCA",0.172006094049038,TRUE
"CID44971_TCTTCGGTCAAAGACA",0.882903850473771,FALSE
"CID44971_TCTTCGGTCGGATGTT",0.870492706435824,FALSE
"CID44971_TCTTCGGTCTGTCAAG",0.191453151552309,FALSE
"CID44971_TGAAAGACACAGCCCA",0.883208281054403,FALSE
"CID44971_TGAAAGAGTAAAGGAG",0.999982674071777,FALSE
"CID44971_TGACAACAGGCTCATT",0.286266488684883,FALSE
"CID44971_TGACTAGTCGTCACGG",0.542339734885528,FALSE
"CID44971_TGCTACCAGCGGATCA",0.159442340028207,TRUE
"CID44971_TGCTACCAGTCACGCC",0.454359509039823,FALSE
"CID44971_TGCTACCGTCCAGTAT",0.231675697701076,FALSE
"CID44971_TGCTGCTTCCTCTAGC",0.165048787286775,TRUE
"CID44971_TGGCGCAAGCTAAACA",0.459247806734025,FALSE
"CID44971_TGGGCGTTCAGGTAAA",0.978325960838053,FALSE
"CID44971_TGGTTAGAGGAGCGAG",0.277274157261027,FALSE
"CID44971_TGTATTCAGCGAAGGG",0.235694311525963,FALSE
"CID44971_TGTATTCTCGGCATCG",0.998608754072,FALSE
"CID44971_TTAACTCAGTAACCCT",0.348624670196374,FALSE
"CID44971_TTAGGCACATCCTAGA",0.449286535620998,FALSE
"CID44971_TTAGTTCAGAAACCAT",0.653497077278501,FALSE
"CID44971_TTCCCAGGTTCCGTCT",0.207176235192055,FALSE
"CID44971_TTCGAAGCACGCATCG",0.382929999072276,FALSE
"CID44971_TTCGGTCTCTTCATGT",0.179823898888734,FALSE
"CID44971_TTGAACGAGTGTACGG",0.171951702102173,TRUE
"CID44971_TTGTAGGCAGCTCGAC",0.462706029300046,FALSE
"CID44971_TTTACTGAGGGCACTA",0.187836030612148,FALSE
"CID44971_TTTACTGTCCACGTGG",0.88222757380082,FALSE
"CID44971_TTTATGCCATACTACG",0.302311379278255,FALSE
"CID44971_TTTCCTCAGTACACCT",0.383824557757209,FALSE
"CID44971_TTTGGTTCACGTTGGC",0.168680170397951,TRUE
"CID44971_TTTGTCACAAAGGAAG",0.1647577707185,TRUE
"CID44971_TTTGTCATCAAACGGG",0.260140278158462,FALSE
"CID44971_AGGGTGACATAAGACA",0.22575413244257,FALSE
"CID44971_AAGGTTCGTCCATGAT",0.31823556761958,TRUE
"CID44971_CATTCGCAGGGTTTCT",0.193356589868073,TRUE
"CID44971_GGAAAGCAGTGTTGAA",0.492346580925985,TRUE
"CID44971_GTGCAGCAGTTAAGTG",0.499280530771739,TRUE
"CID44971_TCACAAGTCTACTCAT",0.571884762741529,TRUE
"CID44971_GGCTGGTAGTGTTAGA",0.999971721706324,FALSE
"CID44971_GTACGTAGTCGCATCG",0.183037780314699,FALSE
"CID44971_TTGCGTCTCTTGCAAG",0.999922825834895,FALSE
"CID44971_ACACCAAAGAATTCCC",0.162143524393136,TRUE
"CID44971_CAACCAAAGCTGCAAG",0.734673488590893,FALSE
"CID44971_AACTCCCCAGACACTT",0.178377084290567,TRUE
"CID44971_GGGCATCCATACAGCT",0.165465845403793,TRUE
"CID44971_TGACTAGTCCGTCATC",0.709019280226676,FALSE
"CID44971_TACTTACTCCGAAGAG",0.427721390586685,FALSE
"CID44971_AAAGTAGAGGATGGTC",0.172002236202757,TRUE
"CID44971_ACGTCAATCATGCAAC",0.164218139533102,TRUE
"CID44971_ATGTGTGGTAGTACCT",0.219913400293407,FALSE
"CID44971_CACACAACAAGCTGTT",0.197676393612821,FALSE
"CID44971_CAGTAACTCGCGTTTC",0.175935321122167,TRUE
"CID44971_CTTAACTGTAGCTAAA",0.543416676678576,FALSE
"CID44971_GAACATCCACGCTTTC",0.999897472057094,FALSE
"CID44971_TCATTTGGTCTCGTTC",0.174455370724392,TRUE
"CID44971_CTTAACTAGAGACGAA",0.155502213757623,TRUE
"CID44971_GACCAATAGGTGGGTT",0.179186477851907,TRUE
"CID44971_TACCTATGTCTTCAAG",0.186684572036548,TRUE
"CID44971_TATTACCAGGGCACTA",0.169646795833962,TRUE
"CID44971_TCAACGAGTGTGAAAT",0.193573647907191,FALSE
"CID44971_TGACGGCAGCACCGTC",0.262227081217156,TRUE
"CID44971_TTGGAACCAGCTCGCA",0.243674221335332,TRUE
"CID44971_GTTCTCGCATGTAAGA",0.184802225961827,TRUE
"CID44971_ACAGCTAGTATCAGTC",0.999976411949148,FALSE
"CID44971_GAATAAGTCAACCATG",0.20365569417657,FALSE
"CID44971_TTCTCCTTCAAACCGT",0.173030556914038,TRUE
"CID44971_AGCAGCCCAGGTCTCG",0.319352031267271,FALSE
"CID44971_ATCGAGTAGGCTCAGA",0.158358708153971,TRUE
"CID44971_CCCAGTTAGTGGAGTC",0.216917984631631,FALSE
"CID44971_ACTTTCATCCGCAGTG",0.425259911423546,TRUE
"CID44971_AGGCCGTGTCAACATC",0.180563977721642,FALSE
"CID44971_AGGGAGTAGCGACGTA",0.463882531568639,FALSE
"CID44971_AGTGTCAAGAACAACT",0.171429729858831,TRUE
"CID44971_CACACTCAGCACACAG",0.16897100517647,TRUE
"CID44971_CCTTCGATCACCTCGT",0.196956661264489,FALSE
"CID44971_GTCAAGTCATGCCTTC",0.184879647842787,TRUE
"CID44971_GTTTCTAGTTACGGAG",0.134167361169505,TRUE
"CID44971_TCAGGATGTAAGTGTA",0.471197306064618,FALSE
"CID44971_TGCCAAATCCAGGGCT",0.176486413410533,TRUE
"CID44971_AAGGAGCGTAACGACG",0.194506474128693,TRUE
"CID44971_AACTCAGAGCCTATGT",0.202665813527601,TRUE
"CID44971_AAGTCTGAGCTGCCCA",0.248563197141483,FALSE
"CID44971_ACACCAAAGTTCGATC",0.178805900973253,FALSE
"CID44971_ACACCGGAGGGATCTG",0.165921438173321,TRUE
"CID44971_ACCAGTAAGCGTGAAC",0.227017425463929,TRUE
"CID44971_ACCCACTTCACCATAG",0.165812795403044,TRUE
"CID44971_ACGAGCCTCCCTCAGT",0.278822658352215,FALSE
"CID44971_ACGGGTCGTGTAATGA",0.404945212708726,TRUE
"CID44971_ACGTCAAGTCCGTCAG",0.100722351678287,TRUE
"CID44971_ACTGATGAGTGGGATC",0.189235848054624,FALSE
"CID44971_ACTTGTTCAGCTGCTG",0.166211373061131,TRUE
"CID44971_ACTTTCATCAGTTGAC",0.179513783299127,TRUE
"CID44971_AGAATAGCATACGCCG",0.180107882378086,TRUE
"CID44971_AGATTGCGTAACGCGA",0.289373445060091,FALSE
"CID44971_AGCGTATGTATAGGGC",0.111889992326096,TRUE
"CID44971_ATCCACCGTCGCGTGT",0.168355059396051,TRUE
"CID44971_ATGGGAGTCATTGCCC",0.166519519971533,TRUE
"CID44971_ATTATCCGTCTCAACA",0.177068342840771,TRUE
"CID44971_CACATTTTCGTCGTTC",0.184745877173776,FALSE
"CID44971_CACCACTCAATACGCT",0.165013413249467,TRUE
"CID44971_CAGCTGGTCGAGAGCA",0.207793085087237,TRUE
"CID44971_CAGGTGCAGATACACA",0.236303381786881,FALSE
"CID44971_CATCAAGTCATACGGT",0.190580739799192,TRUE
"CID44971_CATGACAGTCCGACGT",0.251082739155225,FALSE
"CID44971_CCGTTCATCACCCGAG",0.214185449538965,TRUE
"CID44971_CCTCAGTGTAAAGGAG",0.185129014208432,FALSE
"CID44971_CGAGCACCAATCCGAT",0.158362910273672,TRUE
"CID44971_CGAGCACTCATGTCCC",0.178728593582003,TRUE
"CID44971_CGATGGCTCCGGCACA",0.204583682639207,FALSE
"CID44971_CGGACGTCAGGGTACA",0.479060964682574,FALSE
"CID44971_CGGACTGCAGCCAATT",0.175864023396075,TRUE
"CID44971_CGTCCATGTTCCTCCA",0.174000058093117,TRUE
"CID44971_CTAGCCTGTCATCCCT",0.387494345372011,FALSE
"CID44971_CTCGGGAAGTGGACGT",0.179821968737856,TRUE
"CID44971_CTCGTCATCACAACGT",0.223382926332285,FALSE
"CID44971_GAAGCAGAGGAGTTGC",0.210112369449,TRUE
"CID44971_GACACGCGTCGAGATG",0.466324422020286,FALSE
"CID44971_GACGCGTGTCGAACAG",0.173385720443322,TRUE
"CID44971_GACTAACAGGTGCACA",0.165995314669587,TRUE
"CID44971_GCACTCTAGTTACGGG",0.218830204818559,FALSE
"CID44971_GCGCCAAGTCTACCTC",0.175288611557424,TRUE
"CID44971_GCGGGTTGTGAGGCTA",0.171297322183179,TRUE
"CID44971_GGTGAAGCACCCAGTG",0.307818346188047,FALSE
"CID44971_GTATTCTAGCTGTCTA",0.177483090239761,FALSE
"CID44971_GTATTCTTCCAAACTG",0.195210347639322,FALSE
"CID44971_GTGCAGCTCTCGAGTA",0.17594397748568,TRUE
"CID44971_GTTCTCGCAACTGGCC",0.172758908583587,TRUE
"CID44971_TAGCCGGCACCGGAAA",0.183679208799522,FALSE
"CID44971_TAGGCATCACAAGCCC",0.312533349444958,FALSE
"CID44971_TCAGCTCAGGTGACCA",0.826748983136923,FALSE
"CID44971_TCGCGTTCATGCATGT",0.593559512902099,FALSE
"CID44971_TCTCTAAGTCGCGTGT",0.189549411934603,TRUE
"CID44971_TGCACCTCAGACTCGC",0.260160533384872,TRUE
"CID44971_TGGCCAGCAGCTGTGC",0.164852179023986,TRUE
"CID44971_TGGGCGTAGGAATCGC",0.209306301256109,TRUE
"CID44971_TGTGTTTCACAACTGT",0.845020203566321,FALSE
"CID44971_TTAGGCACATGCAACT",0.16510809917768,TRUE
"CID44971_TTGAACGAGTGTTAGA",0.644648265472718,FALSE
"CID44971_ATCGAGTGTAAGCACG",0.165840173676596,TRUE
"CID44971_GGGACCTAGCCAGGAT",0.178319701652639,TRUE
"CID44971_TTGCCGTTCGTAGATC",0.164439018865086,TRUE
"CID44971_AGCGTATTCTCACATT",0.204266142954941,FALSE
"CID44971_GCTCCTAAGAGTACAT",0.19575704676421,FALSE
"CID44971_TTCGAAGCACAACTGT",0.214948714066104,FALSE
"CID44971_CTGCCTAGTTCCACGG",0.185069978130023,FALSE
"CID44971_GATGAGGGTCTGGTCG",0.198925745930124,TRUE
"CID44971_TCTTTCCGTAACGCGA",0.356829271513621,TRUE
"CID44971_AAGGTTCAGGCATGTG",0.652291835112601,FALSE
"CID44971_GGTGAAGCAAAGTCAA",0.469468125791471,FALSE
"CID44971_GGCCGATCAGACAAAT",0.99984448905686,FALSE
"CID44971_CTGCTGTTCTCTTATG",0.992360638159374,FALSE
"CID44971_CAAGAAAAGAATGTGT",0.208741814438167,FALSE
"CID44971_CGGCTAGTCTCAAGTG",0.501597283591881,TRUE
"CID44971_GGTATTGGTATGGTTC",0.568672037196074,FALSE
"CID44971_ACTGAGTTCTGGAGCC",0.182264287802065,TRUE
"CID44971_AGTCTTTCATTAGGCT",0.221036377496409,TRUE
"CID44971_CCAATCCCAGCTTAAC",0.158642461589757,TRUE
"CID44971_GGAGCAACAGCGAACA",0.44061573607829,FALSE
"CID44971_GTCTCGTGTCGGCACT",0.45367236852915,FALSE
"CID44971_TTCTTAGCACATAACC",0.615430462447311,FALSE
"CID44971_ATCACGAAGATAGCAT",0.490373640355271,FALSE
"CID44971_ACACCGGTCGCAAGCC",0.393349664832596,FALSE
"CID44971_CATCAAGGTCGAGTTT",0.188073720990105,FALSE
"CID44971_CCACGGACACCCATGG",0.164246328966604,TRUE
"CID44971_CCCTCCTTCGCCATAA",0.284441074121703,TRUE
"CID44971_TCTCATAAGTGAAGAG",0.239240746540085,FALSE
"CID44971_AGATCTGGTAGAGGAA",0.320794884536246,FALSE
"CID44971_CTGTGCTCACATCCAA",0.193790431756248,FALSE
"CID44971_AGCGGTCGTAATCGTC",0.302103255747982,TRUE
"CID44971_GTGCTTCAGCACGCCT",0.173674282906353,TRUE
"CID44971_AAACGGGTCAAGGTAA",0.18832676294467,FALSE
"CID44971_AAACGGGTCAGGCAAG",0.189777568567197,TRUE
"CID44971_AACACGTTCAACACGT",0.228657986165878,FALSE
"CID44971_AACACGTTCCGTAGGC",0.280445402518119,FALSE
"CID44971_AACCATGAGATTACCC",0.344331534131427,FALSE
"CID44971_AACCGCGAGCCGTCGT",0.869144298921553,FALSE
"CID44971_AACCGCGAGTGGAGTC",0.186987501482649,FALSE
"CID44971_AACCGCGTCACATACG",0.175877152317689,TRUE
"CID44971_AACTGGTGTTATCGGT",0.170001939588798,TRUE
"CID44971_AACTTTCTCGCCGTGA",0.166310399182485,TRUE
"CID44971_AAGGTTCAGACTGGGT",0.29269384194796,TRUE
"CID44971_AAGGTTCCATTGGGCC",0.166670696120224,TRUE
"CID44971_AATCCAGTCCGCGCAA",0.434297270297362,FALSE
"CID44971_ACACCAAGTACAAGTA",0.192940261938697,TRUE
"CID44971_ACACCAAGTGCGGTAA",0.835563808456141,FALSE
"CID44971_ACACCCTAGTATCTCG",0.182009048894297,TRUE
"CID44971_ACAGCTAAGGGATGGG",0.187186613030682,TRUE
"CID44971_ACATCAGTCTGCTTGC",0.178687445069166,TRUE
"CID44971_ACATGGTAGACTAGGC",0.16202795279508,TRUE
"CID44971_ACATGGTAGGGAAACA",0.179747930675039,TRUE
"CID44971_ACATGGTGTTACGACT",0.258642755468765,TRUE
"CID44971_ACATGGTTCGCCTGTT",0.191023328260099,TRUE
"CID44971_ACCCACTGTCTGCCAG",0.354034767462784,FALSE
"CID44971_ACGAGCCTCTTGCATT",0.202781723822726,TRUE
"CID44971_ACGATACTCAGGTAAA",0.183017858345321,FALSE
"CID44971_ACGCAGCTCTAGAGTC",0.219988126718743,TRUE
"CID44971_ACGGAGACATGCAACT",0.173934876749423,TRUE
"CID44971_ACGGAGACATGGATGG",0.717994080645761,FALSE
"CID44971_ACGGAGAGTTGTGGAG",0.171116608057028,TRUE
"CID44971_ACGGCCAAGGAGTAGA",0.16450173203868,TRUE
"CID44971_ACTATCTAGGCCATAG",0.163919077777345,TRUE
"CID44971_ACTGTCCCACATTTCT",0.176409291990099,TRUE
"CID44971_ACTTGTTCAGGAACGT",0.199066867240285,TRUE
"CID44971_AGAATAGGTTAAGTAG",0.162106949764809,TRUE
"CID44971_AGACGTTAGGAGCGAG",0.214366663408569,FALSE
"CID44971_AGACGTTTCTCTAGGA",0.334281557676081,TRUE
"CID44971_AGAGCTTCAATGTAAG",0.382792792324173,FALSE
"CID44971_AGAGTGGGTTCTCATT",0.224060973907815,TRUE
"CID44971_AGCATACAGGGCACTA",0.155157023049503,TRUE
"CID44971_AGCATACTCATGTCTT",0.53868439076552,FALSE
"CID44971_AGCCTAACAATGGAGC",0.183802455891185,TRUE
"CID44971_AGCCTAACATAGAAAC",0.696535808458132,FALSE
"CID44971_AGCCTAACATCGGAAG",0.16689138298139,TRUE
"CID44971_AGCGTATTCTCTGAGA",0.189296192295575,TRUE
"CID44971_AGCGTCGCATACTACG",0.177666773155662,FALSE
"CID44971_AGGCCACGTGCAGTAG",0.297700977682296,TRUE
"CID44971_AGGGAGTGTTCAGGCC",0.499169723686467,FALSE
"CID44971_AGGGATGTCCATTCTA",0.212208811072033,FALSE
"CID44971_AGGTCCGGTCGACTGC",0.278110667858579,FALSE
"CID44971_AGTCTTTGTCAGAATA",0.236684142414082,FALSE
"CID44971_AGTTGGTTCAAACCAC",0.166462708968594,TRUE
"CID44971_AGTTGGTTCGAATGGG",0.222714863285315,FALSE
"CID44971_ATAACGCAGGCCATAG",0.209064450250552,TRUE
"CID44971_ATAACGCGTAGCTTGT",0.291512338910601,TRUE
"CID44971_ATAACGCGTTGCGTTA",0.21736218448411,TRUE
"CID44971_ATCATCTAGCGAGAAA",0.165808590493105,TRUE
"CID44971_ATCATGGGTCCTGCTT",0.207059316297549,FALSE
"CID44971_ATCCACCAGTTACGGG",0.171290242344602,TRUE
"CID44971_ATCTACTGTCTTTCAT",0.18124954725444,TRUE
"CID44971_ATGCGATTCCAAATGC",0.211577761612262,FALSE
"CID44971_ATGGGAGGTAGCGTGA",0.182709163150945,FALSE
"CID44971_ATTCTACAGGCTAGAC",0.432832981084876,FALSE
"CID44971_CAAGAAAGTAAGTTCC",0.695480335863305,FALSE
"CID44971_CAAGGCCCAGTAAGCG",0.69731520138169,FALSE
"CID44971_CAAGGCCGTCTAGTCA",0.198635719536071,FALSE
"CID44971_CAAGTTGCAAGTTAAG",0.197203877351779,FALSE
"CID44971_CACAAACAGACAGAGA",0.161314942895131,TRUE
"CID44971_CACAGGCAGTGTGGCA",0.168009739806501,TRUE
"CID44971_CACAGGCTCATGTCCC",0.554869242770848,FALSE
"CID44971_CACATAGGTCCAACTA",0.158636520293507,TRUE
"CID44971_CACCACTCACCTTGTC",0.162262623221498,TRUE
"CID44971_CACCAGGGTCACTGGC",0.194361425235315,TRUE
"CID44971_CACCTTGAGCAAATCA",0.195097818640372,FALSE
"CID44971_CAGAATCAGCTGCAAG",0.239577515024733,TRUE
"CID44971_CAGATCACACACATGT",0.311706532156774,FALSE
"CID44971_CAGCAGCAGGTGACCA",0.154347697983316,TRUE
"CID44971_CAGCCGATCGAACTGT",0.23371842679756,FALSE
"CID44971_CAGCGACTCACATGCA",0.175185817955118,TRUE
"CID44971_CAGCTAATCCTGTAGA",0.948309395778091,FALSE
"CID44971_CAGCTGGGTACGACCC",0.200749353460276,FALSE
"CID44971_CAGTCCTAGGAATGGA",0.244377220180216,FALSE
"CID44971_CATATTCAGCTAACTC",0.236373027709245,FALSE
"CID44971_CATATTCAGTACATGA",0.478984956047789,FALSE
"CID44971_CATATTCCAATAAGCA",0.344105958751404,TRUE
"CID44971_CATCCACTCGAGAACG",0.165638200685322,TRUE
"CID44971_CATCGGGTCACAATGC",0.135665929444082,TRUE
"CID44971_CATGGCGAGAACTCGG",0.218250492914134,FALSE
"CID44971_CATTATCTCACAGGCC",0.642350918584866,FALSE
"CID44971_CATTCGCTCTCTTATG",0.178022605525167,TRUE
"CID44971_CCAATCCAGTGTACCT",0.157852341017462,TRUE
"CID44971_CCACCTAGTTCCACAA",0.242836473296441,FALSE
"CID44971_CCACTACAGACACTAA",0.261086418095421,FALSE
"CID44971_CCACTACAGATCGATA",0.150147563073921,TRUE
"CID44971_CCATGTCTCCGAACGC",0.246613891791927,FALSE
"CID44971_CCATGTCTCGACCAGC",0.650921312087831,FALSE
"CID44971_CCATGTCTCTGCAGTA",0.286557878913757,FALSE
"CID44971_CCATGTCTCTTTAGGG",0.173056674420377,TRUE
"CID44971_CCCAGTTGTGAGCGAT",0.168327447087327,TRUE
"CID44971_CCCAGTTTCGCGTAGC",0.272116686442327,FALSE
"CID44971_CCCAGTTTCTTGACGA",0.214878849587634,TRUE
"CID44971_CCCTCCTAGAGCTGGT",0.187526209239671,FALSE
"CID44971_CCGTACTCATTATCTC",0.178463683709918,FALSE
"CID44971_CCTAAAGGTAAGGGAA",0.228612724170343,FALSE
"CID44971_CCTACACAGGAGTTTA",0.153818465621277,TRUE
"CID44971_CCTAGCTGTGGCTCCA",0.198091685206006,FALSE
"CID44971_CCTAGCTGTTTAAGCC",0.172430498461992,TRUE
"CID44971_CCTAGCTTCATAGCAC",0.219465017431581,TRUE
"CID44971_CCTCAGTAGACAATAC",0.462472009953088,FALSE
"CID44971_CCTCAGTTCGAACTGT",0.88824240408664,FALSE
"CID44971_CCTTCGAAGCAGATCG",0.167462435095233,TRUE
"CID44971_CCTTTCTGTAGCTGCC",0.239708625304093,TRUE
"CID44971_CGACTTCCATGAACCT",0.18578681899872,TRUE
"CID44971_CGAGCACAGATCGGGT",0.198648361247395,TRUE
"CID44971_CGAGCCAAGTGACTCT",0.342307272288316,FALSE
"CID44971_CGATGGCAGAGCTGCA",0.992389743381622,FALSE
"CID44971_CGCTGGAAGTACCGGA",0.167196810820462,TRUE
"CID44971_CGGACACTCAACACCA",0.189553939812633,FALSE
"CID44971_CGGAGCTTCTTCCTTC",0.185959711807779,FALSE
"CID44971_CGGAGTCAGTCCCACG",0.218578508025239,TRUE
"CID44971_CGGCTAGCATAAGACA",0.263926206229953,FALSE
"CID44971_CGTCACTCAGCCTATA",0.936791592355394,FALSE
"CID44971_CGTCACTTCGCATGAT",0.376666324567126,TRUE
"CID44971_CGTCTACCATTCCTGC",0.18854245290143,FALSE
"CID44971_CGTGAGCGTAACGCGA",0.483812752789216,FALSE
"CID44971_CGTGTAAGTCTTGATG",0.234778235410154,FALSE
"CID44971_CGTTAGAGTAGGGACT",0.196752900678368,FALSE
"CID44971_CTAATGGAGAGGGCTT",0.380890669650324,FALSE
"CID44971_CTACATTGTTTAAGCC",0.191021700644115,FALSE
"CID44971_CTACGTCTCACATACG",0.163655411038289,TRUE
"CID44971_CTAGCCTGTCACACGC",0.171553998465447,TRUE
"CID44971_CTCACACGTCGCGAAA",0.199522494192892,FALSE
"CID44971_CTCCTAGCAGCCTGTG",0.239641833230318,TRUE
"CID44971_CTCCTAGTCATTGCCC",0.18523030694418,FALSE
"CID44971_CTCTAATGTTGATTGC",0.452116649450753,TRUE
"CID44971_CTCTACGAGGAGTAGA",0.174136494988101,TRUE
"CID44971_CTCTGGTCATGTCTCC",0.242160096391132,TRUE
"CID44971_CTCTGGTGTCAATACC",0.162059187217705,TRUE
"CID44971_CTGAAGTAGGATCGCA",0.328411640734868,TRUE
"CID44971_CTGAAGTAGGATGGAA",0.275468229957751,FALSE
"CID44971_CTGCGGAGTGTGTGCC",0.192159820707289,TRUE
"CID44971_CTGCTGTGTTGAGGTG",0.29807889978635,TRUE
"CID44971_CTTAACTCATATGCTG",0.179098186616062,FALSE
"CID44971_CTTAACTGTAGAAGGA",0.175563458852183,TRUE
"CID44971_CTTACCGAGTCCATAC",0.171207463320957,TRUE
"CID44971_CTTAGGAAGGAATTAC",0.234086046666057,FALSE
"CID44971_CTTAGGACAGGGTACA",0.184374644842939,TRUE
"CID44971_CTTAGGAGTTTCGCTC",0.175910745770693,TRUE
"CID44971_CTTAGGATCACATGCA",0.222661264694526,FALSE
"CID44971_CTTGGCTAGGAATCGC",0.165611662832191,TRUE
"CID44971_CTTGGCTTCTTGAGAC",0.277693918514357,TRUE
"CID44971_GAAATGACAGTAAGAT",0.16859721431295,TRUE
"CID44971_GAAATGAGTATTCGTG",0.165793460297368,TRUE
"CID44971_GAACATCTCCCAAGAT",0.999989715970006,FALSE
"CID44971_GAACCTAAGCGTCAAG",0.959048338034614,FALSE
"CID44971_GAAGCAGGTTTCCACC",0.493571337859871,FALSE
"CID44971_GAATGAAAGCCACGCT",0.999701161790439,FALSE
"CID44971_GAATGAAAGTACGACG",0.185341739529841,FALSE
"CID44971_GACAGAGTCGTTTGCC",0.21546855670998,TRUE
"CID44971_GACCAATAGGACGAAA",0.172213408886605,TRUE
"CID44971_GACCAATCACTAAGTC",0.988363254360564,FALSE
"CID44971_GACCTGGCAGCATGAG",0.155003463981931,TRUE
"CID44971_GACCTGGGTACAGACG",0.855934586296124,FALSE
"CID44971_GACGCGTGTTGTACAC",0.182518625218246,FALSE
"CID44971_GACGTGCTCCCTTGTG",0.178572247048877,FALSE
"CID44971_GACTGCGTCAGTACGT",0.214202131908339,TRUE
"CID44971_GAGCAGAAGCCAACAG",0.637139455329008,FALSE
"CID44971_GAGGTGAGTGAGCGAT",0.180493913203195,FALSE
"CID44971_GATCAGTAGCCAGTAG",0.143915561217398,TRUE
"CID44971_GATCGTAGTTAAGATG",0.166527793467889,TRUE
"CID44971_GCAAACTTCATGTCCC",0.423256668160447,FALSE
"CID44971_GCAGCCAGTGGTCTCG",0.138301303626802,TRUE
"CID44971_GCAGTTATCATTTGGG",0.147822019911839,TRUE
"CID44971_GCATGATAGGCCGAAT",0.93353709245084,FALSE
"CID44971_GCCAAATCATCGATGT",0.211210971136848,TRUE
"CID44971_GCCTCTATCCACGAAT",0.21929470364327,FALSE
"CID44971_GCGAGAATCTTGTCAT",0.699234602192748,FALSE
"CID44971_GCGCAACAGTCTCGGC",0.367854417636236,FALSE
"CID44971_GCGCAACGTTAAGATG",0.171878975512177,TRUE
"CID44971_GCGCCAACAAGCGAGT",0.366374766535366,FALSE
"CID44971_GCTCCTACAAACTGCT",0.161488377192429,TRUE
"CID44971_GCTGCAGTCATCTGTT",0.166799052839267,TRUE
"CID44971_GCTTCCAAGCATCATC",0.683874930443629,FALSE
"CID44971_GCTTGAAAGTGTGAAT",0.186339181778302,TRUE
"CID44971_GGAAAGCCAGATGGGT",0.179256131920986,FALSE
"CID44971_GGACAAGGTGTATGGG",0.262276451981093,TRUE
"CID44971_GGACATTTCAGCTCTC",0.253699977674593,FALSE
"CID44971_GGAGCAAAGAAACCTA",0.20506934116707,FALSE
"CID44971_GGAGCAAGTGAAGGCT",0.185159831289611,TRUE
"CID44971_GGATGTTTCGCAAGCC",0.224821109058583,FALSE
"CID44971_GGCGTGTCATACTACG",0.878828957147654,FALSE
"CID44971_GGGAATGAGGCCCTCA",0.381209035124046,FALSE
"CID44971_GGGAATGTCGATCCCT",0.254084112230505,TRUE
"CID44971_GGGAGATCACAAGACG",0.282938804011123,TRUE
"CID44971_GGGTCTGTCAATCACG",0.245595604613405,TRUE
"CID44971_GGGTTGCCATATACCG",0.215227559507447,TRUE
"CID44971_GGTATTGAGCTATGCT",0.280003386356104,TRUE
"CID44971_GGTGCGTAGGCATTGG",0.164864287225446,TRUE
"CID44971_GTAACGTAGTGGACGT",0.357909553528724,TRUE
"CID44971_GTACTCCGTATCAGTC",0.168920031292997,TRUE
"CID44971_GTACTTTGTCTCATCC",0.191030052505867,FALSE
"CID44971_GTAGTCAAGGCAGTCA",0.351018039226718,TRUE
"CID44971_GTAGTCACAGGACCCT",0.163846976257205,TRUE
"CID44971_GTATCTTGTAAGGGAA",0.237066682448252,FALSE
"CID44971_GTATTCTCACTGTTAG",0.197350740345997,TRUE
"CID44971_GTCACAAGTTATCACG",0.204483366748764,TRUE
"CID44971_GTCACGGGTACAGTGG",0.821527465382958,FALSE
"CID44971_GTCACGGGTCAGAAGC",0.139987651654623,TRUE
"CID44971_GTCGGGTGTGCAACGA",0.170725734774869,TRUE
"CID44971_GTCGGGTTCAAACCAC",0.181647621336389,TRUE
"CID44971_GTCGGGTTCGCAGGCT",0.262247260311912,TRUE
"CID44971_GTCGTAAAGTGGGCTA",0.192431668308965,TRUE
"CID44971_GTCGTAAGTTATCACG",0.244021793309836,FALSE
"CID44971_GTCGTAATCAACGCTA",0.206410622838045,FALSE
"CID44971_GTGCGGTGTGCGATAG",0.999991455154897,FALSE
"CID44971_GTGCGGTTCTCATTCA",0.65238168521128,FALSE
"CID44971_GTGTGCGTCACAATGC",0.164639716127183,TRUE
"CID44971_GTTCGGGAGATATGGT",0.878729747895145,FALSE
"CID44971_TAAGAGAGTGCACTTA",0.186816879364775,TRUE
"CID44971_TAAGTGCGTCATGCAT",0.186837835008996,FALSE
"CID44971_TACACGAGTAAAGGAG",0.217548460771344,FALSE
"CID44971_TACAGTGCAAGACACG",0.173418718451422,TRUE
"CID44971_TACAGTGCAGCTGTAT",0.178527859186803,FALSE
"CID44971_TACAGTGCATCACAAC",0.205101531053475,FALSE
"CID44971_TACCTTACATCACGAT",0.258102084777663,FALSE
"CID44971_TACGGTATCTTGTCAT",0.157750974611835,TRUE
"CID44971_TAGAGCTCATCTACGA",0.223863984894606,FALSE
"CID44971_TAGGCATTCTCGCTTG",0.18798048133875,TRUE
"CID44971_TAGTGGTAGGCTATCT",0.6754054386165,FALSE
"CID44971_TAGTTGGGTGTTTGGT",0.354576578978342,TRUE
"CID44971_TATGCCCCAGATCGGA",0.184289182491138,FALSE
"CID44971_TCAGATGCAATCCGAT",0.720043574841715,FALSE
"CID44971_TCAGATGTCGTCGTTC",0.1913007790012,TRUE
"CID44971_TCAGCAATCCAAAGTC",0.184308161343975,TRUE
"CID44971_TCAGGATGTTGATTCG",0.223345874040829,TRUE
"CID44971_TCAGGATTCCATGAGT",0.213892075245584,TRUE
"CID44971_TCATTACCAAATACAG",0.861856535868405,FALSE
"CID44971_TCATTTGGTCTAGGTT",0.169074791690805,TRUE
"CID44971_TCCACACGTTCATGGT",0.160034944864448,TRUE
"CID44971_TCGAGGCCACCCAGTG",0.181416024546719,FALSE
"CID44971_TCGAGGCGTGACAAAT",0.149551764319512,TRUE
"CID44971_TCGAGGCTCTGGCGAC",0.171472093996966,TRUE
"CID44971_TCGCGTTAGTGTACTC",0.157309789719474,TRUE
"CID44971_TCGCGTTTCGGCGCTA",0.422165256757108,FALSE
"CID44971_TCGTACCTCCCAAGAT",0.222037600354965,TRUE
"CID44971_TCTATTGGTGTTTGTG",0.388961543524982,FALSE
"CID44971_TCTCATAGTTGTGGAG",0.157644220278885,TRUE
"CID44971_TCTCATATCCTGCCAT",0.423145178535849,FALSE
"CID44971_TCTCTAAGTTAAGGGC",0.176585328774693,FALSE
"CID44971_TCTGAGATCCACGACG",0.147241121006258,TRUE
"CID44971_TCTGGAAAGGCATGGT",0.209639032167984,TRUE
"CID44971_TCTGGAAAGGGAAACA",0.259176238556248,FALSE
"CID44971_TGACAACCAGATCGGA",0.288645386913774,FALSE
"CID44971_TGACGGCCAGTTTACG",0.304767178286985,TRUE
"CID44971_TGACGGCGTAGAGGAA",0.999934712104395,FALSE
"CID44971_TGACTAGTCGGCATCG",0.210447526624307,TRUE
"CID44971_TGACTTTGTCCGTCAG",0.259020665648577,TRUE
"CID44971_TGAGAGGAGTTAGCGG",0.257465630812543,FALSE
"CID44971_TGAGCATAGCAAATCA",0.224327221683355,FALSE
"CID44971_TGAGGGAAGTATCGAA",0.161123593794806,TRUE
"CID44971_TGAGGGAAGTTCCACA",0.171092740431875,TRUE
"CID44971_TGAGGGACAAAGGTGC",0.574817477827085,FALSE
"CID44971_TGAGGGACAAAGTCAA",0.305478195899231,TRUE
"CID44971_TGATTTCGTAGTACCT",0.236979296764769,FALSE
"CID44971_TGCCAAAAGTTGTCGT",0.174535933100334,TRUE
"CID44971_TGCCCATCAAGGTTTC",0.376809991829369,FALSE
"CID44971_TGCCCATTCAGTACGT",0.191877264320825,FALSE
"CID44971_TGCCCTAGTATGAATG",0.230142085395157,TRUE
"CID44971_TGCGCAGAGGAGTTTA",0.247911932640091,TRUE
"CID44971_TGCGCAGGTCCAAGTT",0.160780239178337,TRUE
"CID44971_TGCGGGTGTAACGTTC",0.246064216138003,TRUE
"CID44971_TGCGGGTGTCATCCCT",0.354348225409544,FALSE
"CID44971_TGCGTGGGTAATCGTC",0.321644196923523,FALSE
"CID44971_TGCTACCAGTTGAGAT",0.202551886864486,TRUE
"CID44971_TGGCGCAAGTATCTCG",0.223707753182454,FALSE
"CID44971_TGGCGCACAAGTTCTG",0.246511422488287,TRUE
"CID44971_TGGCTGGGTTAAGACA",0.16272736642361,TRUE
"CID44971_TGGGCGTAGGCAATTA",0.166096030196422,TRUE
"CID44971_TGGGCGTGTCTCTTAT",0.174769919127041,TRUE
"CID44971_TGGGCGTTCTTGAGAC",0.170685373944149,TRUE
"CID44971_TGGTTCCGTGCGCTTG",0.165606842208511,TRUE
"CID44971_TGTATTCCACTAGTAC",0.189359824219172,FALSE
"CID44971_TGTCCCACACGTGAGA",0.981364413490796,FALSE
"CID44971_TGTCCCACATGCCACG",0.394502420015606,FALSE
"CID44971_TGTCCCAGTCATGCCG",0.23076357362222,FALSE
"CID44971_TGTCCCAGTGGGTCAA",0.198469972662172,TRUE
"CID44971_TGTGGTACATACGCTA",0.261894482481933,TRUE
"CID44971_TGTGTTTGTGGTGTAG",0.211614530468523,FALSE
"CID44971_TTAGGACGTCGGCATC",0.167201126110653,TRUE
"CID44971_TTATGCTAGATGCGAC",0.174825663538153,TRUE
"CID44971_TTATGCTTCATCTGCC",0.905600273132142,FALSE
"CID44971_TTATGCTTCATTATCC",0.179883102785051,TRUE
"CID44971_TTCGAAGCACAAGACG",0.173688221582726,TRUE
"CID44971_TTCGGTCTCATAAAGG",0.179399467166679,TRUE
"CID44971_TTCTACACATACTCTT",0.313378627317883,TRUE
"CID44971_TTCTACAGTCATGCCG",0.235743972282656,TRUE
"CID44971_TTCTACATCTTCATGT",0.172029633109702,TRUE
"CID44971_TTCTCCTAGGCAAAGA",0.188584017870008,TRUE
"CID44971_TTCTCCTAGTAGCCGA",0.212897909524645,TRUE
"CID44971_TTCTCCTGTTGTACAC",0.194562049660085,TRUE
"CID44971_TTGCGTCCATATACGC",0.172331769970859,TRUE
"CID44971_TTGCGTCGTACCGTAT",0.297991643988802,TRUE
"CID44971_TTTACTGAGCGTGTCC",0.187098949351031,FALSE
"CID44971_TTTACTGTCGTTGCCT",0.374842442986687,TRUE
"CID44971_TTTATGCTCGCTAGCG",0.18524917693414,FALSE
"CID44971_TTTCCTCAGAGTTGGC",0.252631449901804,TRUE
"CID44971_TTTCCTCAGATATACG",0.523446834980096,FALSE
"CID44971_TTTCCTCAGTCCCACG",0.165169674147702,TRUE
"CID44971_TTTGGTTGTCTACCTC",0.1689443541668,TRUE
"CID44971_TTTGTCAAGGCTAGAC",0.237845738448805,FALSE
"CID44971_TTTGTCAGTCACCTAA",0.1653057125219,TRUE
"CID44971_ACTGCTCGTCAGAGGT",0.246561139988572,FALSE
"CID44971_GACTGCGAGAACTCGG",0.164168962629612,TRUE
"CID44971_GAGGTGAAGATATACG",0.226208739462876,TRUE
"CID44971_ACATGGTTCGCAGGCT",0.175462394547149,TRUE
"CID44971_ACGCAGCAGAGCAATT",0.165888579371041,TRUE
"CID44971_ACGCCGAAGCTTCGCG",0.248300593143445,FALSE
"CID44971_AGAGCGAGTTGAGGTG",0.242550567270731,FALSE
"CID44971_ATCACGAGTTGACGTT",0.378796732951372,FALSE
"CID44971_ATGTGTGGTACTCGCG",0.955198295325219,FALSE
"CID44971_ATTACTCTCGTAGGTT",0.258335151226096,TRUE
"CID44971_CAGCGACCACTGTGTA",0.185497173760609,FALSE
"CID44971_CATCAAGTCAGTCAGT",0.221241479268829,FALSE
"CID44971_CATCCACTCAGCACAT",0.168232003456253,TRUE
"CID44971_CATGGCGCAGGTGGAT",0.279215921529102,FALSE
"CID44971_CCTTCCCGTTGACGTT",0.180529645756977,TRUE
"CID44971_CGGACTGGTAGTAGTA",0.183508344834415,FALSE
"CID44971_CTAATGGTCCGTTGCT",0.608976944613319,FALSE
"CID44971_CTCATTATCTACGAGT",0.223857099202657,FALSE
"CID44971_GATGAAACAACACCCG",0.247300908432446,FALSE
"CID44971_GCGAGAAAGGCAGTCA",0.181833582758253,TRUE
"CID44971_GCTCTGTCACAGCCCA",0.185114846255412,FALSE
"CID44971_TACACGAGTCGCGAAA",0.176651198413077,TRUE
"CID44971_TAGGCATGTATATGGA",0.175271153469957,TRUE
"CID44971_TCGCGTTCAACGCACC",0.143664631326243,TRUE
"CID44971_TGGCTGGTCAGCACAT",0.451212747065724,FALSE
"CID44971_TTAACTCAGGACAGAA",0.382213608570166,FALSE
"CID44971_TTGACTTCATCTCGCT",0.164498111512711,TRUE
"CID44971_TTGACTTTCCGTTGCT",0.924838050611176,FALSE
"CID44971_TTTGTCAAGGTGTGGT",0.136616430012143,TRUE
"CID44971_GCCAAATAGCTGCGAA",0.181390371161479,TRUE
"CID44971_GGCCGATCATTAACCG",0.589972959654764,FALSE
"CID44971_TAAGCGTCAGCCTATA",0.202469296350176,FALSE
"CID44971_TACGGGCAGGCGTACA",0.190269694902388,FALSE
"CID44971_TAGCCGGGTCAGCTAT",0.302926297935135,FALSE
"CID44971_TGGGCGTTCGCCGTGA",0.173715291223598,TRUE
"CID44971_ATTACTCAGCTAACAA",0.94733585690246,FALSE
"CID44971_GATCGATCATGGGACA",0.510940169964818,FALSE
"CID44971_TTCCCAGTCGTCCGTT",0.208700928842457,TRUE
"CID44971_ATGTGTGAGTGGGTTG",0.146128724794559,TRUE
"CID44971_ATCCACCCATAGAAAC",0.172088796612248,TRUE
"CID44971_GTCACAAAGCGAAGGG",0.201063653173579,FALSE
"CID44971_AGTTGGTAGGCTAGCA",0.172586304783227,TRUE
"CID44971_CAGCTGGCACGGTGTC",0.205684768882914,FALSE
"CID44971_CGCCAAGTCGGAAACG",0.4471870213118,TRUE
"CID44971_CTAATGGCAGTTCATG",0.328020982143116,TRUE
"CID44971_TGAGCCGGTAACGACG",0.178775733009226,TRUE
"CID44971_TGCCAAAGTTGTCGCG",0.170166012984052,TRUE
"CID44971_AAACCTGAGTTGTCGT",0.205222889981181,FALSE
"CID44971_AACCATGGTAAGCACG",0.313812158603102,FALSE
"CID44971_AACGTTGAGACTGTAA",0.176711598713745,TRUE
"CID44971_AATCCAGTCATACGGT",0.188371933847039,TRUE
"CID44971_AGTGGGACATCACAAC",0.212316277758082,TRUE
"CID44971_ATGCGATTCTATCCTA",0.611167130276701,FALSE
"CID44971_CAGTCCTCAAATCCGT",0.999998123637705,FALSE
"CID44971_CATCGGGGTATCGCAT",0.232305014951276,FALSE
"CID44971_CCAGCGAAGCTTATCG",0.395132882017198,FALSE
"CID44971_CTTACCGGTTTCCACC",0.305017115617357,FALSE
"CID44971_GACTACAAGTCCAGGA",0.57567850103733,FALSE
"CID44971_GGGTCTGCAGCTCGAC",0.242691640644043,TRUE
"CID44971_GGTGTTACACGTAAGG",0.917089784925367,FALSE
"CID44971_GTCGGGTAGGTACTCT",0.258238962327976,TRUE
"CID44971_TCAGGTAAGAGGTTGC",0.211705420313856,TRUE
"CID44971_CTAATGGCAAACTGCT",0.546682243924768,FALSE
"CID44971_TGAGGGAGTCAGCTAT",0.212588030735694,TRUE
"CID44971_CACACCTGTAGCGTGA",0.254344583653983,TRUE
"CID44971_ACTATCTTCACAAACC",0.187068789842968,FALSE
"CID44971_TGTGGTATCAACGCTA",0.817167060206955,FALSE
"CID44971_AAACCTGGTCGCATCG",0.167421737655836,TRUE
"CID44971_AAAGATGGTGCAACTT",0.217785887122113,FALSE
"CID44971_AAAGTAGGTCAAGCGA",0.22462930720342,FALSE
"CID44971_AACACGTCATTAACCG",0.342086137611137,FALSE
"CID44971_AACCATGCAAGCTGTT",0.163544603817969,TRUE
"CID44971_AACCATGGTCTGATTG",0.189371369089768,FALSE
"CID44971_AACCGCGCATCGGTTA",0.240427113042129,TRUE
"CID44971_AACGTTGAGCTGCAAG",0.439454089091434,FALSE
"CID44971_AACGTTGAGGGATGGG",0.403684213337346,FALSE
"CID44971_AACTCAGAGAGTCGGT",0.454475768864464,FALSE
"CID44971_AACTCAGTCTGAAAGA",0.180581427299899,TRUE
"CID44971_AACTCCCAGGATCGCA",0.164196604680936,TRUE
"CID44971_AACTCCCCAGCTGCAC",0.167851984538142,TRUE
"CID44971_AACTCCCTCAACGGGA",0.181876647843395,FALSE
"CID44971_AAGACCTGTGGTGTAG",0.182193466898408,TRUE
"CID44971_AAGCCGCTCCCTCTTT",0.302591357060487,FALSE
"CID44971_AAGGAGCCATGACGGA",0.698117865038246,FALSE
"CID44971_AAGGAGCGTGCGATAG",0.436216487449389,FALSE
"CID44971_AAGGAGCTCCACGTGG",0.169439142939973,TRUE
"CID44971_AAGGCAGAGCTCAACT",0.245121553448431,TRUE
"CID44971_AAGGCAGGTTAAGACA",0.17015031594988,TRUE
"CID44971_AAGGCAGTCGTCCGTT",0.203287164941226,FALSE
"CID44971_AAGGTTCGTCCGAAGA",0.17581452046372,TRUE
"CID44971_AAGTCTGTCGAGCCCA",0.394656164938945,FALSE
"CID44971_AATCCAGAGCCTCGTG",0.547338702974022,FALSE
"CID44971_AATCCAGTCGAACTGT",0.243691725714236,TRUE
"CID44971_AATCGGTAGACACGAC",0.978821080665924,FALSE
"CID44971_AATCGGTAGCTAACTC",0.199087170309974,FALSE
"CID44971_AATCGGTGTCTTGATG",0.187767668452487,TRUE
"CID44971_AATCGGTGTGTTGGGA",0.253039877334052,TRUE
"CID44971_AATCGGTTCAAACGGG",0.186350237460765,FALSE
"CID44971_ACACCAAGTCCGTCAG",0.167879449976991,TRUE
"CID44971_ACACCCTCATCGGTTA",0.896734779537869,FALSE
"CID44971_ACACCGGTCCGCGTTT",0.173741392629047,TRUE
"CID44971_ACACTGATCAGGCGAA",0.379828824115294,FALSE
"CID44971_ACAGCCGGTACGAAAT",0.231971310961002,FALSE
"CID44971_ACAGCCGTCCCTCTTT",0.231903755674271,TRUE
"CID44971_ACAGCTAAGTACGATA",0.134270809987025,TRUE
"CID44971_ACAGCTACATCGTCGG",0.199813800562186,FALSE
"CID44971_ACAGCTATCCAGTAGT",0.141069492149309,TRUE
"CID44971_ACATCAGCAAGTAGTA",0.250952429018834,FALSE
"CID44971_ACATCAGCATTATCTC",0.383641775746479,TRUE
"CID44971_ACATGGTCAGAGTGTG",0.203614983052615,TRUE
"CID44971_ACCAGTACACCTTGTC",0.164416018550229,TRUE
"CID44971_ACCAGTAGTCAATGTC",0.204008666688558,FALSE
"CID44971_ACCAGTATCTGTCTAT",0.498532384066908,FALSE
"CID44971_ACCGTAATCGGCGCAT",0.563426007085172,TRUE
"CID44971_ACCTTTACACGAAACG",0.545500635881992,FALSE
"CID44971_ACCTTTAGTCAAGCGA",0.614524368982693,FALSE
"CID44971_ACCTTTATCGCACTCT",0.452690853751682,FALSE
"CID44971_ACGAGCCAGGACAGCT",0.222400112778587,FALSE
"CID44971_ACGAGCCTCAACTCTT",0.163202113455927,TRUE
"CID44971_ACGATACCAAGCCCAC",0.170545757050079,TRUE
"CID44971_ACGATGTAGAGGGATA",0.999999956643328,FALSE
"CID44971_ACGATGTAGTGCGATG",0.203884671795195,FALSE
"CID44971_ACGATGTGTACCGAGA",0.163776284206743,TRUE
"CID44971_ACGATGTTCGTCTGCT",0.163048529211172,TRUE
"CID44971_ACGCAGCAGCGTTCCG",0.993619467952019,FALSE
"CID44971_ACGCAGCGTGAAGGCT",0.997249414821935,FALSE
"CID44971_ACGCCGACATCACGTA",0.154684347828165,TRUE
"CID44971_ACGCCGATCACCTTAT",0.17454039365269,TRUE
"CID44971_ACGGAGACATCGATGT",0.170495898304943,TRUE
"CID44971_ACGGAGACATCGGTTA",0.162580120674133,TRUE
"CID44971_ACGGCCACAGACTCGC",0.756001755510348,FALSE
"CID44971_ACGGCCATCATACGGT",0.176630051810923,TRUE
"CID44971_ACGGGCTCAAGCCATT",0.172305127075551,TRUE
"CID44971_ACGGGTCGTCCGAGTC",0.224792445067242,FALSE
"CID44971_ACGGGTCTCGGACAAG",0.209110389847275,FALSE
"CID44971_ACGTCAAAGAGGTTGC",0.146074830921002,TRUE
"CID44971_ACGTCAATCCTAGAAC",0.164937180548813,TRUE
"CID44971_ACTATCTTCCGAAGAG",0.246195747194877,FALSE
"CID44971_ACTGAACGTTCGGCAC",0.519740179266938,FALSE
"CID44971_ACTGAGTGTATTCTCT",0.191366318916404,FALSE
"CID44971_ACTGATGAGTGTACTC",0.161344131329456,TRUE
"CID44971_ACTGATGCAAATTGCC",0.279884353789298,FALSE
"CID44971_ACTGATGCAGTATAAG",0.17502079545178,TRUE
"CID44971_ACTGATGGTGAGGCTA",0.18223942328829,FALSE
"CID44971_ACTGCTCCAACACCTA",0.24191133227605,FALSE
"CID44971_ACTGCTCGTTAAGACA",0.179194927018623,FALSE
"CID44971_ACTGTCCAGAATTCCC",0.170826820469646,TRUE
"CID44971_ACTGTCCTCCTATTCA",0.169420266398851,TRUE
"CID44971_ACTTACTTCGCCATAA",0.324816799378556,FALSE
"CID44971_ACTTGTTCAGGGTTAG",0.403119608818968,TRUE
"CID44971_ACTTGTTGTACATCCA",0.160590972826133,TRUE
"CID44971_ACTTGTTGTGGCTCCA",0.604119608734756,FALSE
"CID44971_ACTTGTTTCTTCGAGA",0.255837018065957,FALSE
"CID44971_ACTTTCAAGATAGGAG",0.330604416133282,TRUE
"CID44971_ACTTTCACATGATCCA",0.161383312432669,TRUE
"CID44971_AGAATAGTCTGTCCGT",0.170380632051196,TRUE
"CID44971_AGACGTTCAGCTCCGA",0.144458216307183,TRUE
"CID44971_AGACGTTTCTAACTGG",0.180922028626881,TRUE
"CID44971_AGACGTTTCTGCCCTA",0.163070969474543,TRUE
"CID44971_AGAGCGACAAGTCTAC",0.998950031326362,FALSE
"CID44971_AGAGCGATCTATGTGG",0.211288915514716,TRUE
"CID44971_AGAGCGATCTTAGAGC",0.164014127050337,TRUE
"CID44971_AGAGCTTCAGGGCATA",0.745097771150505,FALSE
"CID44971_AGAGTGGGTCAAGCGA",0.467283618798503,FALSE
"CID44971_AGAGTGGGTTTGTGTG",0.162362708822877,TRUE
"CID44971_AGATCTGAGGGTTCCC",0.225735450021336,TRUE
"CID44971_AGATTGCAGAATGTTG",0.182231756130206,FALSE
"CID44971_AGATTGCAGACTTGAA",0.181732754940788,FALSE
"CID44971_AGATTGCAGGGCTTGA",0.368352355657092,FALSE
"CID44971_AGCAGCCCATTGAGCT",0.223095802209898,TRUE
"CID44971_AGCAGCCGTATTACCG",0.361052190050807,FALSE
"CID44971_AGCAGCCTCCAGAAGG",0.188239362724961,FALSE
"CID44971_AGCATACAGCATCATC",0.206294406834615,FALSE
"CID44971_AGCGGTCGTACAGTTC",0.368831795236623,TRUE
"CID44971_AGCTCCTCAAACTGTC",0.181068835191385,TRUE
"CID44971_AGCTCCTCAGGGTATG",0.171213899976251,TRUE
"CID44971_AGCTCCTTCTCAAGTG",0.456929166476041,TRUE
"CID44971_AGCTCTCAGAATGTGT",0.227619440082173,FALSE
"CID44971_AGCTCTCCACCCAGTG",0.215282186564124,FALSE
"CID44971_AGCTCTCGTCGCCATG",0.161923981397866,TRUE
"CID44971_AGGCCACCAAATTGCC",0.180198827840873,FALSE
"CID44971_AGGCCGTAGCTGCCCA",0.983151770529277,FALSE
"CID44971_AGGCCGTGTCAAAGCG",0.159088062642971,TRUE
"CID44971_AGGCCGTGTTTACTCT",0.220796118040393,TRUE
"CID44971_AGGGATGTCACATACG",0.177568487384166,FALSE
"CID44971_AGGTCATCATTACCTT",0.163090413840642,TRUE
"CID44971_AGGTCCGAGTGTCCAT",0.202378409294084,TRUE
"CID44971_AGGTCCGCAGCTGTGC",0.171438459216147,TRUE
"CID44971_AGGTCCGCATTCTTAC",0.17621404807022,TRUE
"CID44971_AGGTCCGGTAAATGAC",0.213961758580861,TRUE
"CID44971_AGTAGTCGTGTAAGTA",0.340932196025688,FALSE
"CID44971_AGTCTTTAGCGATCCC",0.789740398169881,FALSE
"CID44971_AGTCTTTAGCGTGTCC",0.175018473503679,TRUE
"CID44971_AGTCTTTTCCAAACAC",0.177084619106405,TRUE
"CID44971_AGTGAGGGTCGACTAT",0.233691228658224,TRUE
"CID44971_AGTGGGAAGCGATATA",0.438550380404405,FALSE
"CID44971_AGTGGGACATATGAGA",0.16409447848894,TRUE
"CID44971_AGTGGGATCAATCACG",0.201121244167282,TRUE
"CID44971_AGTGTCAAGATCCGAG",0.354164872596981,TRUE
"CID44971_AGTGTCACACTGTTAG",0.240309683835811,TRUE
"CID44971_AGTGTCAGTAACGCGA",0.477058319718613,FALSE
"CID44971_AGTTGGTCACCTCGTT",0.268219639792124,FALSE
"CID44971_AGTTGGTTCTGCTGTC",0.219742081773299,TRUE
"CID44971_ATAACGCGTTATTCTC",0.371434881262617,FALSE
"CID44971_ATAAGAGGTCACTGGC",0.735881511311012,FALSE
"CID44971_ATAGACCGTTTAGCTG",0.206113944594526,FALSE
"CID44971_ATCACGAAGTGTCCAT",0.14012627450132,TRUE
"CID44971_ATCACGACAGAGTGTG",0.272282193700569,TRUE
"CID44971_ATCACGAGTTAAAGTG",0.161172873498753,TRUE
"CID44971_ATCATCTAGAAACGCC",0.162598245084723,TRUE
"CID44971_ATCATCTCAACTGGCC",0.386669834902891,FALSE
"CID44971_ATCATCTCATTCCTGC",0.142286707278195,TRUE
"CID44971_ATCATCTGTCAGGACA",0.164340703556392,TRUE
"CID44971_ATCATGGGTCTCTCTG",0.184896227902803,FALSE
"CID44971_ATCATGGTCTCTGAGA",0.851008318672446,FALSE
"CID44971_ATCCGAACAAAGGAAG",0.161147824599522,TRUE
"CID44971_ATCGAGTAGGGTCTCC",0.295826759511672,FALSE
"CID44971_ATCGAGTGTGCTGTAT",0.1825326418649,TRUE
"CID44971_ATCTACTAGTGCCAGA",0.196735536272058,FALSE
"CID44971_ATCTACTGTCTCTCTG",0.179325656070924,TRUE
"CID44971_ATCTGCCCAGTCGTGC",0.394880602357118,FALSE
"CID44971_ATCTGCCCATTAGCCA",0.197369647985364,FALSE
"CID44971_ATGGGAGAGATGGCGT",0.174061710277074,TRUE
"CID44971_ATGGGAGCACAGTCGC",0.208953703459874,FALSE
"CID44971_ATGTGTGAGATCGGGT",0.169119695722993,TRUE
"CID44971_ATGTGTGTCGCAAACT",0.167804032561038,TRUE
"CID44971_ATTATCCAGCAACGGT",0.294344914867295,FALSE
"CID44971_ATTATCCAGTTGCAGG",0.185296389209501,FALSE
"CID44971_ATTATCCGTACGACCC",0.998921096256042,FALSE
"CID44971_ATTCTACAGCGAGAAA",0.156124021610445,TRUE
"CID44971_ATTCTACGTCACTGGC",0.149330870269669,TRUE
"CID44971_ATTCTACTCGCGTTTC",0.183084154419757,FALSE
"CID44971_ATTGGTGAGATCGATA",0.121363092657355,TRUE
"CID44971_ATTGGTGGTGGGTCAA",0.207867540441189,TRUE
"CID44971_CAACCTCAGAGCTTCT",0.171476427574072,TRUE
"CID44971_CAACCTCTCGCATGGC",0.219251931847179,FALSE
"CID44971_CAACTAGCATCCAACA",0.370483308421258,FALSE
"CID44971_CAAGAAATCGAATGGG",0.150963039276171,TRUE
"CID44971_CAAGATCAGTATGACA",0.201336940082822,FALSE
"CID44971_CAAGATCTCTTTAGGG",0.758861830673688,FALSE
"CID44971_CAAGGCCAGATGTAAC",0.171462328627172,TRUE
"CID44971_CAAGTTGGTTACCGAT",0.991851397674427,FALSE
"CID44971_CACAAACAGCACCGTC",0.151023662369897,TRUE
"CID44971_CACACAAAGATGGCGT",0.211394821595896,TRUE
"CID44971_CACACAAAGCCGGTAA",0.192763858048011,FALSE
"CID44971_CACACAATCATGCATG",0.786739459137435,FALSE
"CID44971_CACACCTAGATATACG",0.169742245626471,TRUE
"CID44971_CACACCTGTAGAAGGA",0.16206901787628,TRUE
"CID44971_CACACCTGTCATTAGC",0.160701954469511,TRUE
"CID44971_CACACCTGTGGCTCCA",0.182811794192373,FALSE
"CID44971_CACACTCAGAACAACT",0.241049386197597,FALSE
"CID44971_CACACTCGTGGGTCAA",0.410437687880613,FALSE
"CID44971_CACAGGCCAAGGTTTC",0.999795745794376,FALSE
"CID44971_CACAGTACAAGTACCT",0.842834381390757,FALSE
"CID44971_CACAGTAGTAGTACCT",0.85466871441905,FALSE
"CID44971_CACAGTAGTTAAGAAC",0.326818186422476,FALSE
"CID44971_CACATAGAGGCAGGTT",0.406100082306715,FALSE
"CID44971_CACATAGAGTGTACTC",0.176606670907585,TRUE
"CID44971_CACATAGTCCCATTAT",0.294025054116575,FALSE
"CID44971_CACATTTTCCTGCCAT",0.180488062630949,FALSE
"CID44971_CACCACTAGCGAGAAA",0.20063011252834,FALSE
"CID44971_CACCACTCACTTCTGC",0.163676600999491,TRUE
"CID44971_CACCAGGTCAGAGCTT",0.230571730005848,TRUE
"CID44971_CAGAATCAGTATCTCG",0.350746861895036,TRUE
"CID44971_CAGAGAGCACTCGACG",0.202672089458887,FALSE
"CID44971_CAGAGAGGTGTCTGAT",0.182572473489552,TRUE
"CID44971_CAGAGAGTCTCTGAGA",0.218254175242131,TRUE
"CID44971_CAGAGAGTCTGCAAGT",0.327329437590327,TRUE
"CID44971_CAGATCATCGGTTAAC",0.153721468131304,TRUE
"CID44971_CAGCAGCGTCATATCG",0.178063056172606,FALSE
"CID44971_CAGCATACAAATACAG",0.167252010593611,TRUE
"CID44971_CAGCATAGTTGACGTT",0.353053082631931,FALSE
"CID44971_CAGCCGATCGGACAAG",0.165004334288839,TRUE
"CID44971_CAGCCGATCTGTACGA",0.266005581251744,FALSE
"CID44971_CAGCGACCACTGCCAG",0.174528487828116,TRUE
"CID44971_CAGCGACTCACGATGT",0.999999999873261,FALSE
"CID44971_CAGCTAAAGCTAGTTC",0.180258244298428,FALSE
"CID44971_CAGCTAACAGCCTGTG",0.179810147924979,TRUE
"CID44971_CAGCTAAGTTCAGTAC",0.246031009997515,FALSE
"CID44971_CAGCTGGAGAAACCGC",0.259215069937976,FALSE
"CID44971_CAGGTGCAGTGAAGTT",0.198785554013241,FALSE
"CID44971_CAGTAACCATTCGACA",0.28554474561032,FALSE
"CID44971_CATATGGCAGTTCCCT",0.807371563064133,FALSE
"CID44971_CATATTCCAGTTCCCT",0.222393408868867,FALSE
"CID44971_CATCAGAAGACAGAGA",0.171910682322653,TRUE
"CID44971_CATCCACTCAGAGACG",0.163267807785331,TRUE
"CID44971_CATCCACTCTCTGCTG",0.198578096258508,FALSE
"CID44971_CATCGGGAGATATACG",0.257255245549768,TRUE
"CID44971_CATCGGGCAATCTGCA",0.146785862170279,TRUE
"CID44971_CATCGGGCACGAAACG",0.209288286604549,FALSE
"CID44971_CATGCCTTCAATACCG",0.939912198489298,FALSE
"CID44971_CATGGCGGTGCGCTTG",0.162399258956963,TRUE
"CID44971_CATTCGCCAAACAACA",0.250379521407965,FALSE
"CID44971_CATTCGCTCCTTGCCA",0.180258088242397,TRUE
"CID44971_CCACGGATCCAGAAGG",0.139238394900758,TRUE
"CID44971_CCCAATCGTGGACGAT",0.240292170881387,FALSE
"CID44971_CCCAGTTGTAAATACG",0.205382449350486,TRUE
"CID44971_CCCTCCTAGGAATCGC",0.192407203872494,FALSE
"CID44971_CCCTCCTTCCGCGCAA",0.522371812038281,FALSE
"CID44971_CCGGGATCAGTCAGCC",0.174536056477666,FALSE
"CID44971_CCGGTAGCAGCGTTCG",0.207301171424018,TRUE
"CID44971_CCGTACTCAGCTCGAC",0.166154283652177,TRUE
"CID44971_CCGTACTGTCCTAGCG",0.183559262107758,FALSE
"CID44971_CCGTACTTCTTAGAGC",0.291975809468345,TRUE
"CID44971_CCGTTCAAGAAGAAGC",0.136078661465869,TRUE
"CID44971_CCGTTCAAGCTACCTA",0.165659418508251,TRUE
"CID44971_CCGTTCATCAGGCCCA",0.612728854992351,FALSE
"CID44971_CCTAAAGCAAATCCGT",0.163278864363666,TRUE
"CID44971_CCTAAAGGTGCAACTT",0.174063611191557,TRUE
"CID44971_CCTACACAGGCATGGT",0.16585692669197,TRUE
"CID44971_CCTACACCACCACGTG",0.181344004050431,FALSE
"CID44971_CCTACACGTGGCGAAT",0.924389059588649,FALSE
"CID44971_CCTACCACACTCTGTC",0.154546569419248,TRUE
"CID44971_CCTAGCTGTACTTAGC",0.164166957302325,TRUE
"CID44971_CCTAGCTTCTGCTGTC",0.322917110471253,TRUE
"CID44971_CCTATTAGTCTTTCAT",0.253017253698344,FALSE
"CID44971_CCTATTATCTGCTGCT",0.390011069233695,FALSE
"CID44971_CCTCAGTCATTGAGCT",0.24742550530284,TRUE
"CID44971_CCTCAGTGTACAGACG",0.258717351736,FALSE
"CID44971_CCTCAGTTCGTGGGAA",0.181050011943578,FALSE
"CID44971_CCTCTGATCGTGACAT",0.197869041513382,FALSE
"CID44971_CCTTACGTCCAGAAGG",0.189344744151653,FALSE
"CID44971_CCTTCGAGTCTCACCT",0.399407430450474,FALSE
"CID44971_CCTTCGAGTTCACGGC",0.698420481300679,FALSE
"CID44971_CCTTTCTCAGGATTGG",0.155789645821923,TRUE
"CID44971_CCTTTCTGTCCGCTGA",0.386252007488025,FALSE
"CID44971_CCTTTCTTCACCCGAG",0.266777429637961,FALSE
"CID44971_CGAACATCACTAGTAC",0.742266370509533,FALSE
"CID44971_CGAACATGTACAAGTA",0.343424438681142,FALSE
"CID44971_CGAATGTGTGGTTTCA",0.241232245190232,TRUE
"CID44971_CGAATGTTCACCTCGT",0.137403210945133,TRUE
"CID44971_CGACCTTCAAGCGATG",0.459004196943254,FALSE
"CID44971_CGACCTTGTAACGTTC",0.379662401283666,FALSE
"CID44971_CGACCTTGTCTAGAGG",0.144886051970829,TRUE
"CID44971_CGACTTCAGCTAGTCT",0.518292150628769,FALSE
"CID44971_CGAGAAGTCTGCCAGG",0.166430315509891,TRUE
"CID44971_CGATCGGAGCGATCCC",0.172686570903872,TRUE
"CID44971_CGATCGGAGTATCGAA",0.194805575496131,TRUE
"CID44971_CGATCGGAGTATGACA",0.226302607995195,TRUE
"CID44971_CGATGGCCACGTAAGG",0.972443977628215,FALSE
"CID44971_CGATGGCCAGTCGTGC",0.731806608263411,FALSE
"CID44971_CGATGTAAGCACCGTC",0.171014010788216,TRUE
"CID44971_CGATTGAAGCTGGAAC",0.985783871975452,FALSE
"CID44971_CGCGGTATCGTTTATC",0.191754433572363,TRUE
"CID44971_CGCGTTTAGCGTTCCG",0.549640780300948,TRUE
"CID44971_CGCGTTTCACCAACCG",0.150848226516532,TRUE
"CID44971_CGCTGGAAGCTGCGAA",0.20711705064179,FALSE
"CID44971_CGCTGGACAGCAGTTT",0.21772868037209,FALSE
"CID44971_CGGACACCAAACCCAT",0.224765597495265,TRUE
"CID44971_CGGACACCACCAGTTA",0.183356514198275,FALSE
"CID44971_CGGACACTCTAACTGG",0.200580742904763,FALSE
"CID44971_CGGACGTAGACCCACC",0.243864868719168,FALSE
"CID44971_CGGACGTCAAGTAATG",0.162128515097537,TRUE
"CID44971_CGGACTGGTTGAACTC",0.872956700530117,FALSE
"CID44971_CGGAGCTAGTGTACCT",0.408096939725974,TRUE
"CID44971_CGGAGCTGTCCGCTGA",0.219879937443478,FALSE
"CID44971_CGGAGCTGTCTCCATC",0.323087738967687,FALSE
"CID44971_CGGAGCTGTGGTAACG",0.201713224830008,TRUE
"CID44971_CGGAGCTGTTCCACAA",0.167073458038149,TRUE
"CID44971_CGGAGTCCACCGGAAA",0.166254455898771,TRUE
"CID44971_CGGAGTCTCAACCAAC",0.999999995949422,FALSE
"CID44971_CGGAGTCTCACATGCA",0.245233761987026,TRUE
"CID44971_CGGGTCAAGTCCGTAT",0.228325103752308,FALSE
"CID44971_CGGGTCAGTTCCACAA",0.277849347361776,FALSE
"CID44971_CGGTTAAAGAGGACGG",0.151251307690225,TRUE
"CID44971_CGGTTAACACCTGGTG",0.167388963559993,TRUE
"CID44971_CGGTTAACAGGGCATA",0.158396532019032,TRUE
"CID44971_CGTAGCGTCGATCCCT",0.182695424049791,TRUE
"CID44971_CGTAGGCCAACTGGCC",0.175688110485605,TRUE
"CID44971_CGTCACTTCGAGAACG",0.184992533051134,TRUE
"CID44971_CGTCACTTCGTCTGCT",0.172998767124431,TRUE
"CID44971_CGTCAGGAGACAAGCC",0.717726231837407,FALSE
"CID44971_CGTCAGGGTGGCAAAC",0.153231467788511,TRUE
"CID44971_CGTCCATCAGTAAGAT",0.59910878815673,FALSE
"CID44971_CGTCCATGTTCCGGCA",0.218488549891466,TRUE
"CID44971_CGTCTACTCTGGCGTG",0.223525852788464,TRUE
"CID44971_CGTGAGCGTCAGTGGA",0.173647443364804,TRUE
"CID44971_CGTGAGCGTTAAGATG",0.224675478137455,FALSE
"CID44971_CGTGTAATCGCAAGCC",0.223973220744974,FALSE
"CID44971_CGTGTCTGTAGGACAC",0.172266675702336,TRUE
"CID44971_CGTTAGATCGCAAGCC",0.284163168992549,FALSE
"CID44971_CGTTGGGGTAGAGCTG",0.199304219076321,FALSE
"CID44971_CTAACTTCATGGATGG",0.133939904345608,TRUE
"CID44971_CTAACTTGTTGTGGCC",0.350132009463304,FALSE
"CID44971_CTAACTTTCGAGCCCA",0.168362990027914,TRUE
"CID44971_CTAATGGTCGGCTACG",0.294807055824069,TRUE
"CID44971_CTACACCTCTCATTCA",0.18970982215018,FALSE
"CID44971_CTACATTAGACAAGCC",0.204446150446802,FALSE
"CID44971_CTACATTCAGAGTGTG",0.172957533136114,TRUE
"CID44971_CTACATTGTCGACTGC",0.172025985875879,TRUE
"CID44971_CTACCCACACGCGAAA",0.170179442817736,TRUE
"CID44971_CTACCCATCACCGGGT",0.268746237005329,FALSE
"CID44971_CTACGTCAGTGTACCT",0.999978703405479,FALSE
"CID44971_CTACGTCTCAACACTG",0.213884519371607,TRUE
"CID44971_CTAGAGTAGCTGGAAC",0.404402899748066,FALSE
"CID44971_CTAGAGTCAGTAAGAT",0.164147872319415,TRUE
"CID44971_CTAGTGATCAAGAAGT",0.590753970685526,FALSE
"CID44971_CTAGTGATCCGGGTGT",0.161382834371886,TRUE
"CID44971_CTCACACCAACTGCGC",0.856335477831607,FALSE
"CID44971_CTCACACCATCACCCT",0.275417343764859,FALSE
"CID44971_CTCAGAAAGCTGAACG",0.17826708004978,FALSE
"CID44971_CTCAGAAAGCTGCGAA",0.208795298722138,FALSE
"CID44971_CTCAGAAAGGTACTCT",0.183646886328324,TRUE
"CID44971_CTCAGAAGTCCGTCAG",0.227443577001914,TRUE
"CID44971_CTCATTAGTACTCTCC",0.176110932273918,TRUE
"CID44971_CTCATTATCTTATCTG",0.186584444812264,TRUE
"CID44971_CTCCTAGCAAAGGTGC",0.860897727516171,FALSE
"CID44971_CTCCTAGGTTACCAGT",0.188323334017348,FALSE
"CID44971_CTCCTAGTCTGGCGTG",0.150116508591411,TRUE
"CID44971_CTCGAGGGTAAGTTCC",0.150964753454103,TRUE
"CID44971_CTCGGAGAGGAACTGC",0.183332113203234,FALSE
"CID44971_CTCGGAGAGGTGGGTT",0.297365955369654,TRUE
"CID44971_CTCGGAGTCAACCAAC",0.195369281745138,FALSE
"CID44971_CTCGGGACAATGGAAT",0.188932975371647,FALSE
"CID44971_CTCGGGACACAGACTT",0.155552751901297,TRUE
"CID44971_CTCGTACGTGGTAACG",0.139233737295057,TRUE
"CID44971_CTCGTACTCCATGAGT",0.430946282932654,FALSE
"CID44971_CTCGTCAGTGACGCCT",0.275039980959685,FALSE
"CID44971_CTCTAATAGGATTCGG",0.175132247197764,FALSE
"CID44971_CTCTAATAGGGTCTCC",0.557491845828087,FALSE
"CID44971_CTCTAATTCGGCTTGG",0.163972745040969,TRUE
"CID44971_CTCTACGCACCAGGCT",0.215452268662953,FALSE
"CID44971_CTGATAGGTGCTGTAT",0.338128340498128,FALSE
"CID44971_CTGATAGTCACTGGGC",0.171399212002006,TRUE
"CID44971_CTGCCTACACCCATTC",0.202418887296722,FALSE
"CID44971_CTGCTGTAGACTAGAT",0.149637568406189,TRUE
"CID44971_CTGCTGTAGAGAGCTC",0.161914455817586,TRUE
"CID44971_CTGGTCTAGCAACGGT",0.17535959617929,FALSE
"CID44971_CTGTGCTTCGGAGCAA",0.224082838366884,FALSE
"CID44971_CTGTTTAAGCCACTAT",0.254162177583437,TRUE
"CID44971_CTGTTTAAGTATGACA",0.309674990309636,TRUE
"CID44971_CTTAACTAGGCATGTG",0.52402165990356,TRUE
"CID44971_CTTACCGTCACAGTAC",0.166969035852398,TRUE
"CID44971_CTTACCGTCTGCAGTA",0.39687417403452,FALSE
"CID44971_CTTAGGAAGTCACGCC",0.68842357134325,FALSE
"CID44971_CTTCTCTTCTCTGCTG",0.164633150224362,TRUE
"CID44971_CTTGGCTGTGGAAAGA",0.333687837774057,FALSE
"CID44971_CTTTGCGCACCAGCAC",0.298024825660745,FALSE
"CID44971_CTTTGCGCATGGGACA",0.186046733182791,TRUE
"CID44971_GAAACTCAGTCAAGCG",0.447280682718237,FALSE
"CID44971_GAAACTCGTGAAATCA",0.185897240243871,TRUE
"CID44971_GAAATGAAGCAACGGT",0.32708937916375,FALSE
"CID44971_GAAATGACAAGCTGAG",0.165444712006828,TRUE
"CID44971_GAACCTAGTCATATCG",0.999999671319124,FALSE
"CID44971_GAACCTAGTGCTGTAT",0.189899218275774,FALSE
"CID44971_GAACCTATCATGCAAC",0.155968662065592,TRUE
"CID44971_GAACGGAAGCCACGCT",0.11175975974581,TRUE
"CID44971_GAACGGAAGCGATGAC",0.230129730535456,FALSE
"CID44971_GAACGGACATGCTAGT",0.801251254892785,FALSE
"CID44971_GAACGGATCTCGTATT",0.172101327334461,TRUE
"CID44971_GAAGCAGCATGCTGGC",0.155885962725404,TRUE
"CID44971_GAAGCAGTCCAAACAC",0.926855154017486,FALSE
"CID44971_GAATAAGTCCCATTTA",0.166599306370645,TRUE
"CID44971_GAATGAACATGTCTCC",0.178157335291508,TRUE
"CID44971_GAATGAATCGGCTTGG",0.187681934524454,FALSE
"CID44971_GACACGCAGACATAAC",0.894449706328589,FALSE
"CID44971_GACACGCAGAGGGATA",0.159934089713048,TRUE
"CID44971_GACACGCAGCAGCGTA",0.14951315086666,TRUE
"CID44971_GACACGCGTGGTCTCG",0.176619205807623,FALSE
"CID44971_GACACGCTCAGGATCT",0.170870386556387,TRUE
"CID44971_GACAGAGAGAAAGTGG",0.210732219951192,FALSE
"CID44971_GACAGAGAGCTGCCCA",0.173782062896338,TRUE
"CID44971_GACAGAGGTGCTGTAT",0.28807310941414,FALSE
"CID44971_GACCAATGTTCACCTC",0.173830781531642,TRUE
"CID44971_GACCTGGGTTACCGAT",0.165080590392702,TRUE
"CID44971_GACGCGTTCTCAAACG",0.445848174271211,FALSE
"CID44971_GACGGCTAGGACACCA",0.17280040097687,TRUE
"CID44971_GACGGCTGTGCACGAA",0.999768212660699,FALSE
"CID44971_GACGTGCAGTTTCCTT",0.395848322643382,TRUE
"CID44971_GACGTGCCACAAGTAA",0.16066212455169,TRUE
"CID44971_GACGTGCCATTATCTC",0.424194674669378,FALSE
"CID44971_GACTACATCAGGTTCA",0.163945313882149,TRUE
"CID44971_GAGCAGAGTTTAGGAA",0.254433339619525,FALSE
"CID44971_GAGCAGATCCAAATGC",0.170176780773466,TRUE
"CID44971_GAGGTGACAACTGCTA",0.505648553515289,FALSE
"CID44971_GAGGTGACAAGTAATG",0.220974803643824,FALSE
"CID44971_GAGGTGACATCCTTGC",0.538688682185779,FALSE
"CID44971_GAGGTGAGTAAAGGAG",0.175833181381825,TRUE
"CID44971_GAGGTGATCAGCCTAA",0.947022947014313,FALSE
"CID44971_GAGTCCGAGCGCCTTG",0.267272551112738,FALSE
"CID44971_GAGTCCGAGTGTACCT",0.559558806293338,FALSE
"CID44971_GATCAGTAGCCCAGCT",0.184726899852874,TRUE
"CID44971_GATCAGTCATGAACCT",0.644650258136982,FALSE
"CID44971_GATCAGTTCGGCCGAT",0.251459779248823,FALSE
"CID44971_GATCGATTCCGAAGAG",0.390411941428908,FALSE
"CID44971_GATCGCGCATTTGCCC",0.227355355467892,FALSE
"CID44971_GATCGCGGTGGAAAGA",0.603338142237769,FALSE
"CID44971_GATCGTAAGCTAGTCT",0.998816014488379,FALSE
"CID44971_GATCGTAGTTGAGTTC",0.172772225873863,TRUE
"CID44971_GATCTAGAGAAGCCCA",0.248987088216439,FALSE
"CID44971_GATGAAAAGTCGATAA",0.187885929241456,TRUE
"CID44971_GATGAGGCACTGCCAG",0.825584257973236,FALSE
"CID44971_GATGAGGGTTTGACAC",0.999999904867039,FALSE
"CID44971_GATGCTACATCGATGT",0.16331708828149,TRUE
"CID44971_GATGCTAGTCAGCTAT",0.168149439170492,TRUE
"CID44971_GCAAACTAGCTAACAA",0.51441762697977,FALSE
"CID44971_GCAAACTGTCACAAGG",0.200402087454063,FALSE
"CID44971_GCACATAAGCCAGGAT",0.255458307313667,TRUE
"CID44971_GCACATATCGTTTGCC",0.160101434843051,TRUE
"CID44971_GCACTCTGTCTAGTCA",0.164523263572984,TRUE
"CID44971_GCAGCCAAGTGGACGT",0.197217631218128,TRUE
"CID44971_GCAGTTACACTGTCGG",0.225961454973412,FALSE
"CID44971_GCAGTTAGTAGCGTCC",0.370290009798257,FALSE
"CID44971_GCATACACAAGACACG",0.217816229662253,FALSE
"CID44971_GCATGCGAGAATTCCC",0.340702024904039,FALSE
"CID44971_GCATGTACAGCCACCA",0.721740479850051,FALSE
"CID44971_GCCAAATCACGCTTTC",0.173257687507141,TRUE
"CID44971_GCCAAATTCGCGCCAA",0.400448340355785,FALSE
"CID44971_GCCTCTACATCCCACT",0.917500865890308,FALSE
"CID44971_GCCTCTAGTCGGATCC",0.320641776453965,TRUE
"CID44971_GCGACCACATCCGCGA",0.43733910611787,FALSE
"CID44971_GCGCAGTGTGGGTATG",0.148800497570675,TRUE
"CID44971_GCGCAGTTCATCTGCC",0.213189538247522,TRUE
"CID44971_GCGCAGTTCCGATATG",0.168949297028916,TRUE
"CID44971_GCGCAGTTCGCGATCG",0.172638715270299,TRUE
"CID44971_GCGCGATTCGTTTAGG",0.583840565664643,FALSE
"CID44971_GCGGGTTAGAGTAATC",0.156638066733499,TRUE
"CID44971_GCGGGTTTCCACGTGG",0.2149307258015,TRUE
"CID44971_GCTCCTATCCACGCAG",0.163643369760484,TRUE
"CID44971_GCTCCTATCTAACGGT",0.203114524779093,TRUE
"CID44971_GCTCTGTGTAGCGTGA",0.175590223984108,TRUE
"CID44971_GCTGCAGAGCCAGTTT",0.236843325285617,TRUE
"CID44971_GCTGCAGCAGAAGCAC",0.235876260571093,FALSE
"CID44971_GCTGCAGGTTTAGCTG",0.158513831626685,TRUE
"CID44971_GCTGCGAAGGGTTTCT",0.153966497148051,TRUE
"CID44971_GCTGCGATCTCGTTTA",0.569427473135677,FALSE
"CID44971_GCTGCTTTCCGTTGTC",0.173171908430427,TRUE
"CID44971_GCTGGGTCAGAAGCAC",0.179362684379039,FALSE
"CID44971_GCTGGGTTCCTCGCAT",0.206169978381011,FALSE
"CID44971_GCTGGGTTCTGTCTAT",0.218255465342011,TRUE
"CID44971_GCTTGAACATACTACG",0.259228536457483,FALSE
"CID44971_GCTTGAAGTCGGCACT",0.154338005341533,TRUE
"CID44971_GGAACTTCACGCATCG",0.168913819434604,TRUE
"CID44971_GGAACTTGTAGATTAG",0.188604038197692,FALSE
"CID44971_GGACAAGTCCCTTGCA",0.170752987063534,TRUE
"CID44971_GGACAGAGTCTCCCTA",0.174325079682406,TRUE
"CID44971_GGACGTCAGCCATCGC",0.179460719855173,FALSE
"CID44971_GGACGTCCATCCCACT",0.208600235957061,FALSE
"CID44971_GGACGTCGTAAGTGGC",0.183513038450689,TRUE
"CID44971_GGACGTCGTGAGGGTT",0.214941786762899,FALSE
"CID44971_GGAGCAACACTAGTAC",0.646720199287816,FALSE
"CID44971_GGATGTTCAACACGCC",0.191972647995076,TRUE
"CID44971_GGATGTTCAGTGGAGT",0.370463241133451,TRUE
"CID44971_GGATGTTCAGTTCATG",0.189779526589585,FALSE
"CID44971_GGATTACTCTTGCCGT",0.167826927190875,TRUE
"CID44971_GGCAATTCAGTTAACC",0.169050869268169,TRUE
"CID44971_GGCTCGAAGTACGCGA",0.143121258986003,TRUE
"CID44971_GGCTCGACAAGTAGTA",0.294825596661124,FALSE
"CID44971_GGCTCGACAGGGTATG",0.19797584094601,TRUE
"CID44971_GGCTCGAGTCGCATCG",0.160280248147826,TRUE
"CID44971_GGCTGGTTCGTGGGAA",0.214298681603231,TRUE
"CID44971_GGGACCTAGCCGATTT",0.189989842001859,FALSE
"CID44971_GGGACCTCAAAGTCAA",0.412099016800962,FALSE
"CID44971_GGGATGACATGCAACT",0.285584905259965,FALSE
"CID44971_GGGATGAGTAGAGTGC",0.156649825898118,TRUE
"CID44971_GGGATGATCCAGTATG",0.161813356636578,TRUE
"CID44971_GGGCACTCATGCATGT",0.162841570724354,TRUE
"CID44971_GGGCATCTCGGCATCG",0.166490201748277,TRUE
"CID44971_GGGTCTGAGTGGAGTC",0.293730699429846,FALSE
"CID44971_GGGTCTGCAAGTCTGT",0.286506128080446,FALSE
"CID44971_GGGTTGCGTACAGACG",0.198287448582203,FALSE
"CID44971_GGTATTGCACTCGACG",0.169311258020642,TRUE
"CID44971_GGTGCGTCACAAGACG",0.176321439697556,FALSE
"CID44971_GGTGTTACATGTTGAC",0.163204526991103,TRUE
"CID44971_GTAACTGTCTCCTATA",0.189757103919311,TRUE
"CID44971_GTACGTAAGTCAATAG",0.624508336596025,FALSE
"CID44971_GTACGTAGTACTTAGC",0.3923313911286,FALSE
"CID44971_GTACGTATCAGTGCAT",0.195032664382484,FALSE
"CID44971_GTACTTTAGACTGGGT",0.166770833755392,TRUE
"CID44971_GTACTTTAGTGTTTGC",0.941363616208781,FALSE
"CID44971_GTACTTTTCGGTCTAA",0.204252998261588,FALSE
"CID44971_GTAGGCCCACGGTGTC",0.232512429180245,TRUE
"CID44971_GTAGTCAGTCCGACGT",0.233391480562143,TRUE
"CID44971_GTATCTTCAGCCTTTC",0.171224676946507,TRUE
"CID44971_GTATTCTAGCTTTGGT",0.245059334262217,TRUE
"CID44971_GTCAAGTAGTGAACGC",0.290502951709522,TRUE
"CID44971_GTCAAGTCAGACAGGT",0.546768391964948,FALSE
"CID44971_GTCACAAAGTGTACGG",0.181709304260852,TRUE
"CID44971_GTCACGGGTGGAAAGA",0.0882956593166667,TRUE
"CID44971_GTCACGGTCCCTGACT",0.159646142221645,TRUE
"CID44971_GTCATTTCATATACCG",0.318544912201248,FALSE
"CID44971_GTCCTCACAGCTGCAC",0.167462486133886,TRUE
"CID44971_GTCGGGTCAGTATAAG",0.228709470590171,TRUE
"CID44971_GTCGTAAAGGAGTTTA",0.198638194525218,TRUE
"CID44971_GTCGTAATCAAGGCTT",0.250257055126336,TRUE
"CID44971_GTCTCGTGTGAGTGAC",0.716112174768049,FALSE
"CID44971_GTCTTCGCAGCATACT",0.145862819938987,TRUE
"CID44971_GTGCAGCGTACTTAGC",0.173034366307798,TRUE
"CID44971_GTGCGGTCAGTGACAG",0.990707994808239,FALSE
"CID44971_GTGCGGTGTCTTGTCC",0.46364475273336,FALSE
"CID44971_GTGCGGTGTGTTGGGA",0.203341337136756,FALSE
"CID44971_GTGCTTCCACCTATCC",0.163565447668232,TRUE
"CID44971_GTGCTTCTCTGGTGTA",0.186274174944102,TRUE
"CID44971_GTGGGTCGTATGAAAC",0.164323832398621,TRUE
"CID44971_GTGTGCGCAATGGAGC",0.999555622599595,FALSE
"CID44971_GTGTGCGGTCGCATCG",0.132522822747953,TRUE
"CID44971_GTGTGCGGTCTAAAGA",0.17141221959383,TRUE
"CID44971_GTGTGCGTCAGAGACG",0.208462053472209,TRUE
"CID44971_GTTAAGCAGCGAGAAA",0.400659244679077,FALSE
"CID44971_GTTAAGCTCCCAGGTG",0.189889124039315,TRUE
"CID44971_GTTACAGAGCAATCTC",0.104264320133316,TRUE
"CID44971_GTTACAGTCCGTCATC",0.15646046780489,TRUE
"CID44971_GTTCTCGAGAGGTAGA",0.242436186220221,FALSE
"CID44971_GTTTCTACACTTAACG",0.161006371633485,TRUE
"CID44971_TAAACCGTCTAACGGT",0.19480335414684,FALSE
"CID44971_TAAGAGACATCAGTAC",0.242897014548169,FALSE
"CID44971_TAAGAGAGTTTGACAC",0.623788186944723,FALSE
"CID44971_TAAGCGTCATGTCTCC",0.194575082439539,TRUE
"CID44971_TAAGCGTGTTATGTGC",0.294757669742536,TRUE
"CID44971_TAAGTGCGTTCCGGCA",0.198013402552884,FALSE
"CID44971_TACAGTGAGACTTGAA",0.481695346789843,FALSE
"CID44971_TACCTATAGGGAAACA",0.159054026568362,TRUE
"CID44971_TACCTATCACCCATTC",0.232895256247698,FALSE
"CID44971_TACGGATGTGATAAGT",0.405061200490991,FALSE
"CID44971_TACTCATTCCTAGGGC",0.120289786599642,TRUE
"CID44971_TACTCATTCGCCATAA",0.164307289544549,TRUE
"CID44971_TACTCGCAGGCTAGAC",0.456336862431686,FALSE
"CID44971_TACTTACCACCTCGTT",0.238937002402401,FALSE
"CID44971_TACTTACGTTGTGGAG",0.172815249205257,TRUE
"CID44971_TACTTACTCCTGCAGG",0.506994226029097,FALSE
"CID44971_TAGACCAAGCGTGAGT",0.233967371752202,FALSE
"CID44971_TAGACCACATTTCAGG",0.173766393330921,TRUE
"CID44971_TAGAGCTAGATCCCGC",0.26097682134853,FALSE
"CID44971_TAGCCGGCATGTTGAC",0.169042583374361,TRUE
"CID44971_TAGCCGGGTGTTTGGT",0.163582661195968,TRUE
"CID44971_TAGGCATAGCTAAACA",0.187819128852611,FALSE
"CID44971_TAGGCATCAAAGTCAA",0.162336501936553,TRUE
"CID44971_TAGGCATCACACTGCG",0.309687172992874,TRUE
"CID44971_TAGGCATGTTGATTGC",0.172081889055259,TRUE
"CID44971_TAGGCATTCAGCTGGC",0.143484739133062,TRUE
"CID44971_TAGTGGTAGGTGCTAG",0.167707817427318,TRUE
"CID44971_TAGTGGTAGTATCGAA",0.20058009328013,FALSE
"CID44971_TAGTGGTCACCGATAT",0.952094505789745,FALSE
"CID44971_TATCAGGCATCGTCGG",0.285322749614621,FALSE
"CID44971_TATCAGGTCTGCTGTC",0.671923335019636,FALSE
"CID44971_TATCTCAGTCACTTCC",0.180238192821145,TRUE
"CID44971_TATCTCAGTCTAGTGT",0.297183554664346,FALSE
"CID44971_TATGCCCTCAAGGCTT",0.17338461260134,TRUE
"CID44971_TATTACCTCAACACTG",0.166544860463193,TRUE
"CID44971_TCAACGACAAGTCTAC",0.176943342736491,FALSE
"CID44971_TCAATCTAGAGTCGGT",0.671276192423898,TRUE
"CID44971_TCAATCTTCAACCAAC",0.938086585304721,FALSE
"CID44971_TCACAAGCACTGTCGG",0.174331095980291,FALSE
"CID44971_TCACAAGTCCACTCCA",0.162828920146831,TRUE
"CID44971_TCACGAAAGTGTCCAT",0.158920607171404,TRUE
"CID44971_TCACGAAGTACCGGCT",0.24793690913995,FALSE
"CID44971_TCACGAATCACGATGT",0.500695329355272,TRUE
"CID44971_TCAGCAAAGAATTCCC",0.332529077472745,FALSE
"CID44971_TCAGCAAAGGCTAGAC",0.284571663230358,TRUE
"CID44971_TCAGCTCGTGTCTGAT",0.178506699208854,TRUE
"CID44971_TCAGGATTCCAGATCA",0.174566522791451,TRUE
"CID44971_TCAGGTAAGGATGGTC",0.345946274560735,FALSE
"CID44971_TCATTACGTTCACCTC",0.212491643399979,FALSE
"CID44971_TCCACACAGTGACATA",0.168171061063448,TRUE
"CID44971_TCCACACTCATGTCCC",0.233911576983281,TRUE
"CID44971_TCCCGATAGCCACGCT",0.166060633934367,TRUE
"CID44971_TCCCGATAGTTTGCGT",0.262304891329258,FALSE
"CID44971_TCCCGATTCGCTTAGA",0.542345742315061,TRUE
"CID44971_TCCCGATTCTGCAGTA",0.682476084380461,FALSE
"CID44971_TCGCGTTTCAAGATCC",0.173551302381328,TRUE
"CID44971_TCGCGTTTCTGAGTGT",0.243671934541603,TRUE
"CID44971_TCGGGACCATCTATGG",0.28088142753556,TRUE
"CID44971_TCGGGACGTAACGTTC",0.169013240146181,TRUE
"CID44971_TCGGGACGTCGCCATG",0.171497152617267,TRUE
"CID44971_TCGGTAACAGTTTACG",0.163012735365685,TRUE
"CID44971_TCGGTAAGTCACCTAA",0.600618607628081,FALSE
"CID44971_TCGGTAAGTGCACTTA",0.226072892869069,FALSE
"CID44971_TCGTAGAGTTAAGATG",0.262414646526819,FALSE
"CID44971_TCGTAGAGTTGACGTT",0.399400689646746,FALSE
"CID44971_TCTATTGAGACCCACC",0.526527610702171,FALSE
"CID44971_TCTATTGGTATAATGG",0.193841872088912,FALSE
"CID44971_TCTATTGGTTCGGGCT",0.172123569310912,TRUE
"CID44971_TCTCTAAAGACTACAA",0.183302894029004,FALSE
"CID44971_TCTCTAAAGGCCCGTT",0.171043416213695,TRUE
"CID44971_TCTCTAACAGCTTAAC",0.138728994643798,TRUE
"CID44971_TCTCTAAGTCAGGACA",0.167442964525768,TRUE
"CID44971_TCTCTAATCGTATCAG",0.745572403204557,FALSE
"CID44971_TCTGGAAGTCTCCATC",0.208998179349984,FALSE
"CID44971_TCTTCGGCACTATCTT",0.16361718897974,TRUE
"CID44971_TCTTTCCTCAAAGACA",0.182417543240405,FALSE
"CID44971_TGACAACAGTGGGTTG",0.223691660360922,FALSE
"CID44971_TGACTTTGTAAACGCG",0.22650523722703,FALSE
"CID44971_TGAGAGGTCGGGAGTA",0.188006787609724,FALSE
"CID44971_TGAGAGGTCTTATCTG",0.248412578150366,TRUE
"CID44971_TGAGCATGTAGCCTAT",0.174941254286281,FALSE
"CID44971_TGAGCCGAGGTGCTTT",0.203751683993333,FALSE
"CID44971_TGAGCCGGTAATAGCA",0.352405302585612,TRUE
"CID44971_TGAGCCGGTGACTCAT",0.298544128603101,FALSE
"CID44971_TGAGGGATCCTTCAAT",0.344714632453618,FALSE
"CID44971_TGAGGGATCTAGCACA",0.165518092298122,TRUE
"CID44971_TGATTTCAGCAGATCG",0.162790201984651,TRUE
"CID44971_TGATTTCAGGCGCTCT",0.160970232725426,TRUE
"CID44971_TGATTTCCACCAGGTC",0.172190351689289,TRUE
"CID44971_TGCACCTAGCTGTTCA",0.181375338909102,FALSE
"CID44971_TGCACCTTCAGTCAGT",0.161027719084645,TRUE
"CID44971_TGCCAAACAGGTTTCA",0.206284268307392,TRUE
"CID44971_TGCCAAATCCTAGTGA",0.157322458789497,TRUE
"CID44971_TGCCCATAGATCCCAT",0.928850409056342,FALSE
"CID44971_TGCCCATTCAACACCA",0.51182283781612,TRUE
"CID44971_TGCCCATTCAGTCAGT",0.999043012514193,FALSE
"CID44971_TGCCCTACACATTTCT",0.124688250050809,TRUE
"CID44971_TGCGCAGAGATGTGTA",0.297435580891457,FALSE
"CID44971_TGCGGGTAGATGCCTT",0.206459407461186,FALSE
"CID44971_TGCGTGGAGAGACGAA",0.196569430964062,TRUE
"CID44971_TGCGTGGCATAAAGGT",0.1553433987966,TRUE
"CID44971_TGCGTGGGTGATGCCC",0.199364659151312,FALSE
"CID44971_TGCTACCCAAGCCGCT",0.803963708333343,FALSE
"CID44971_TGGACGCGTCGGCACT",0.210801974837624,FALSE
"CID44971_TGGCGCAAGAACAATC",0.80876268268003,FALSE
"CID44971_TGGCGCACACCCTATC",0.571118835935855,TRUE
"CID44971_TGGCGCAGTGCACTTA",0.177563178209824,FALSE
"CID44971_TGGCGCATCCATGAAC",0.16852878030354,TRUE
"CID44971_TGGCTGGAGCTAGTTC",0.374587301328646,FALSE
"CID44971_TGGCTGGGTAAACCTC",0.170589783233169,TRUE
"CID44971_TGGCTGGGTGTCCTCT",0.162666170787084,TRUE
"CID44971_TGGCTGGTCTACTATC",0.160252195832282,TRUE
"CID44971_TGGTTAGCATGTCTCC",0.357554845720881,FALSE
"CID44971_TGGTTCCTCACAACGT",0.180450230838444,TRUE
"CID44971_TGGTTCCTCACATGCA",0.166698975436633,TRUE
"CID44971_TGTATTCAGTCCGTAT",0.786417419257555,FALSE
"CID44971_TGTATTCGTTTAGGAA",0.227399082037301,FALSE
"CID44971_TGTATTCTCAAGAAGT",0.240206816580353,FALSE
"CID44971_TGTCCCACATGCAACT",0.191531143350695,FALSE
"CID44971_TGTCCCAGTCTCTTAT",0.316392720973141,TRUE
"CID44971_TGTGGTAAGACTAGAT",0.926717932220381,FALSE
"CID44971_TGTGGTAAGTGGACGT",0.146109661883348,TRUE
"CID44971_TGTGGTATCTGAAAGA",0.215222315774131,TRUE
"CID44971_TGTGTTTCAGGGATTG",0.32146718654341,FALSE
"CID44971_TGTGTTTGTAAGTGTA",0.142364213562111,TRUE
"CID44971_TGTGTTTGTCACTTCC",0.202178248001422,FALSE
"CID44971_TGTGTTTGTGAGTATA",0.922893904200063,FALSE
"CID44971_TGTGTTTTCAGCGATT",0.361772654242042,FALSE
"CID44971_TTAACTCAGATCTGCT",0.172040655157081,TRUE
"CID44971_TTAACTCAGTTAGCGG",0.184919307196626,TRUE
"CID44971_TTAACTCCAAACAACA",0.164953849393094,TRUE
"CID44971_TTAGGACCAAGTTAAG",0.379774761825898,FALSE
"CID44971_TTAGGACCATCATCCC",0.182188316708128,FALSE
"CID44971_TTAGTTCTCACTTACT",0.295517698970591,FALSE
"CID44971_TTATGCTTCAAACCGT",0.266087442715407,TRUE
"CID44971_TTCCCAGAGTTAACGA",0.243933044223463,FALSE
"CID44971_TTCGAAGAGTCCATAC",0.167459227412474,TRUE
"CID44971_TTCGAAGGTAAAGTCA",0.992596978555131,FALSE
"CID44971_TTCGGTCGTTCCAACA",0.23541589195978,FALSE
"CID44971_TTCGGTCTCGCCAAAT",0.279936606957617,FALSE
"CID44971_TTCTCAAGTCTAACGT",0.33432995844715,FALSE
"CID44971_TTCTCCTGTATAGGTA",0.191474722046275,FALSE
"CID44971_TTCTCCTGTGTAACGG",0.264299416212206,FALSE
"CID44971_TTCTTAGAGGTGACCA",0.167752922382459,TRUE
"CID44971_TTCTTAGGTGATGATA",0.17245842253462,TRUE
"CID44971_TTCTTAGGTGGCTCCA",0.212986214046657,TRUE
"CID44971_TTGAACGAGCACCGCT",0.185057177309642,FALSE
"CID44971_TTGAACGCATGAACCT",0.188991323256215,FALSE
"CID44971_TTGACTTCACCGTTGG",0.176184983583651,TRUE
"CID44971_TTGACTTCAGCTTAAC",0.204890621052132,FALSE
"CID44971_TTGCCGTAGTCAAGGC",0.202238337346878,TRUE
"CID44971_TTGCCGTGTATATCCG",0.185101061361527,FALSE
"CID44971_TTGCGTCCATCAGTCA",0.398572212865412,FALSE
"CID44971_TTGTAGGGTGCCTGTG",0.158420714105691,TRUE
"CID44971_TTGTAGGGTGGCAAAC",0.859519193328231,FALSE
"CID44971_TTTACTGAGTTTGCGT",0.262955583217547,FALSE
"CID44971_TTTCCTCCACCTGGTG",0.166714707972698,TRUE
"CID44971_TTTCCTCGTTGAACTC",0.173413767930662,TRUE
"CID44971_TTTGGTTCACGAGGTA",0.181855058067995,FALSE
"CID44971_TTTGTCAAGACAAGCC",0.174360798522958,TRUE
"CID44971_TTTGTCAGTCTGCGGT",0.167844925273004,TRUE
"CID44971_ATTGGTGAGGAGTACC",0.998382867231162,FALSE
"CID44971_CAGCGACTCACCCGAG",0.991500172750022,FALSE
"CID44971_CATCGGGGTCTCATCC",0.430570501370684,FALSE
"CID44971_CGACCTTCACCTGGTG",0.482267342638503,FALSE
"CID44971_CGTTGGGCAGGAACGT",0.316132333600284,FALSE
"CID44971_CTTTGCGGTACTCTCC",0.176593091540606,FALSE
"CID44971_GTTAAGCCAATGGATA",0.992442055798695,FALSE
"CID44971_TTCGAAGAGTTACGGG",0.999999999999938,FALSE
"CID44971_AGGTCCGAGGAGTTTA",0.209929290987275,TRUE
"CID44971_AGTGAGGGTGCACTTA",0.259641452388633,FALSE
"CID44971_CCGGGATAGGTAGCCA",0.168636050012414,TRUE
"CID44971_GGAAAGCTCACCATAG",0.17194198281176,TRUE
"CID44971_TGACTTTGTCCAACTA",0.176915489743923,TRUE
"CID44971_CGTAGGCGTTACTGAC",0.175239542276943,TRUE
"CID44971_AAGACCTGTCTGATCA",0.999999987219495,FALSE
"CID44971_ACCCACTAGCGTCAAG",0.16093102743375,TRUE
"CID44971_ACTGATGTCAACGGCC",0.124752887636443,TRUE
"CID44971_AGCTCCTGTGCTCTTC",0.375239202298764,FALSE
"CID44971_AGGCCACAGGCTACGA",0.178137360381223,TRUE
"CID44971_ATAACGCCATGGTCAT",0.33276656190687,FALSE
"CID44971_ATCTGCCTCATAGCAC",0.26089706902833,FALSE
"CID44971_CAGCTAAAGCAGCCTC",0.29005454119883,FALSE
"CID44971_CAGTAACAGGAATGGA",0.364138160191371,FALSE
"CID44971_CGTGTAATCCTATTCA",0.181778109845805,TRUE
"CID44971_CTCATTACAGTGACAG",0.903054581096828,FALSE
"CID44971_CTCTGGTGTTGAGGTG",0.489171259721872,FALSE
"CID44971_GAGGTGAGTTACGACT",0.170397138814831,TRUE
"CID44971_GATGAGGAGCAGCGTA",0.97802096348893,FALSE
"CID44971_GCGCAGTGTACCATCA",0.31845364087373,FALSE
"CID44971_GGAATAACATCGGGTC",0.167544895488669,TRUE
"CID44971_GGACAAGTCCACGAAT",0.21724500603032,FALSE
"CID44971_GGACATTAGACGCTTT",0.162023194502906,TRUE
"CID44971_GTCAAGTAGCCGATTT",0.16757487712784,TRUE
"CID44971_GTCATTTGTCGCTTTC",0.410171651042918,FALSE
"CID44971_GTTCATTCAAGCGAGT",0.162567784025777,TRUE
"CID44971_TCATTTGGTTCACCTC",0.265289263601319,FALSE
"CID44971_TGACTTTAGTATTGGA",0.20651618635157,FALSE
"CID44971_TTAGGCATCATAACCG",0.167015227363003,TRUE
"CID44971_CCTAAAGGTAGCCTCG",0.185419612208492,TRUE
"CID44971_CGTTCTGTCAGCTCGG",0.435631887986295,FALSE
"CID44971_CTAATGGCACCAGTTA",0.246373756981537,FALSE
"CID44971_CTGTGCTAGACAGGCT",0.426431312625342,FALSE
"CID44971_ACTGCTCAGGGCTTCC",0.470057072563008,FALSE
"CID44971_ACTTTCAAGTGTGGCA",0.232641984094929,TRUE
"CID44971_AGGCCGTGTATAGGTA",0.750053312998278,FALSE
"CID44971_AGGTCATGTAGGCTGA",0.189614961362827,FALSE
"CID44971_ATAGACCTCTGGCGAC",0.170552153623151,TRUE
"CID44971_ATAGACCTCTTACCTA",0.182832477219878,TRUE
"CID44971_ATTACTCGTTCGCTAA",0.177433825889395,TRUE
"CID44971_CACACTCTCAGAGGTG",0.212262000442716,TRUE
"CID44971_CAGCTAATCTTGCATT",0.171860898459482,TRUE
"CID44971_CATTATCTCGTGGTCG",0.178833293492664,TRUE
"CID44971_CCTTCGAAGAAGCCCA",0.166509566663138,TRUE
"CID44971_CTGCGGAAGGGCACTA",0.229156409661153,TRUE
"CID44971_CTTACCGCATGTCGAT",0.17575985708927,TRUE
"CID44971_CTTAGGATCCTTGGTC",0.175033152257776,TRUE
"CID44971_GACGGCTCATCGATGT",0.160793240799913,TRUE
"CID44971_GATCGTAAGTACGCGA",0.210261922603543,FALSE
"CID44971_GGATTACGTGATGATA",0.441708188787392,FALSE
"CID44971_GTACTCCGTTCCACTC",0.469067806042055,FALSE
"CID44971_GTATTCTCATCGGGTC",0.188352294744399,TRUE
"CID44971_GTCATTTCAAGCTGTT",0.173406429886176,TRUE
"CID44971_TACTTACTCCACGAAT",0.190174687711112,FALSE
"CID44971_TCAGCTCTCTCTTGAT",0.286033642214163,FALSE
"CID44971_GTTTCTATCTTCGGTC",0.179390636223368,FALSE
"CID44971_ACGCCAGAGCATGGCA",0.276618630034951,TRUE
"CID44971_CGGAGCTGTGACCAAG",0.220753174603361,FALSE
"CID44971_CTCCTAGCAGAGTGTG",0.184546970206254,FALSE
"CID44971_GACACGCTCCTGCAGG",0.149357326205909,TRUE
"CID44971_CACCACTTCCTAGGGC",0.165959074286938,TRUE
"CID44971_CTAATGGGTTGATTCG",0.246013446001113,FALSE
"CID44971_GGAACTTTCTGCGTAA",0.327353439891885,TRUE
"CID44971_TTCGGTCTCAGTGTTG",0.359544470937586,TRUE
"CID44971_AAAGATGAGCTCCTTC",0.184259730477565,FALSE
"CID44971_GGTGAAGTCTCTTGAT",0.213114383049478,TRUE
"CID44971_TGGACGCAGTTGAGAT",0.221583649679203,TRUE
"CID44971_AAGGTTCAGAAGGACA",0.17186436898106,TRUE
"CID44971_ACGGAGAGTGTCCTCT",0.168254982516654,TRUE
"CID44971_ACTATCTAGAATTGTG",0.999645390366552,FALSE
"CID44971_AGCTCCTGTGAGGGAG",0.171387747395237,TRUE
"CID44971_CCTTCCCGTTAGATGA",0.307820925647285,FALSE
"CID44971_CGCGTTTAGTGAAGTT",0.428160140441634,FALSE
"CID44971_CGCGTTTGTTGCGTTA",0.216374285007242,FALSE
"CID44971_CGTTCTGGTCCCTACT",0.593683217538871,FALSE
"CID44971_CTGATAGAGCTAGTCT",0.23025762035205,FALSE
"CID44971_CTTACCGCATCTCCCA",0.171502235294226,TRUE
"CID44971_GATCAGTAGCGATCCC",0.184551571504152,TRUE
"CID44971_GCCAAATTCGGGAGTA",0.187737489278383,FALSE
"CID44971_GCGAGAACAGACAAAT",0.232314140151035,FALSE
"CID44971_GGAGCAACACTCAGGC",0.999140408102254,FALSE
"CID44971_GTCACGGGTTGTCGCG",0.158677254242894,TRUE
"CID44971_TAGTGGTAGACCTAGG",0.999530518297696,FALSE
"CID44971_ACTGTCCCACTGAAGG",0.548359895876215,FALSE
"CID44971_TACCTTAAGTGTGAAT",0.167975301458594,TRUE
"CID44971_ACGGGCTAGTACGCCC",0.203855119693608,FALSE
"CID44971_CTAGTGACACATTCGA",0.981632309151915,FALSE
"CID44971_TCAATCTGTCCGTGAC",0.261829683925556,FALSE
"CID44971_TTTATGCAGATCTGAA",0.268961267926009,FALSE
"CID44971_GGGCACTGTACCATCA",0.245210168492073,FALSE
"CID44971_ACGTCAATCAGAGGTG",0.22827852629711,FALSE
"CID44971_AACTCAGCAATGAATG",0.998964314800631,FALSE
"CID44971_CCAGCGAGTGCAGGTA",0.165581477431015,TRUE
"CID44971_AAACCTGTCGCTTAGA",0.205939360408298,FALSE
"CID44971_AACTTTCCAGTATGCT",0.277729946902347,TRUE
"CID44971_AAGACCTTCACCATAG",0.209075901048064,FALSE
"CID44971_AAGGAGCAGTCCCACG",0.282698812746268,FALSE
"CID44971_AAGTCTGAGCCACGTC",0.285156633905632,FALSE
"CID44971_AATCCAGGTCAATACC",0.368484425922016,TRUE
"CID44971_ACACCAAAGGACCACA",0.28440052507569,FALSE
"CID44971_ACACTGACACAGACTT",0.282786545791202,FALSE
"CID44971_ACATCAGGTACCCAAT",0.764377080826698,FALSE
"CID44971_ACCGTAAAGAATGTGT",0.356549570492829,FALSE
"CID44971_ACCTTTAGTTAAGGGC",0.182877317573883,TRUE
"CID44971_ACGCAGCGTCGATTGT",0.456219923305794,FALSE
"CID44971_ACGCCGAGTTATCGGT",0.193652073665287,FALSE
"CID44971_ACGGGTCTCAGCATGT",0.186920454198471,FALSE
"CID44971_ACTATCTAGTCTCAAC",0.980113718499889,FALSE
"CID44971_ACTATCTCATACGCTA",0.577605002771982,FALSE
"CID44971_ACTGAGTGTAGGAGTC",0.210888989438329,FALSE
"CID44971_ACTGCTCAGACACTAA",0.234967339591415,FALSE
"CID44971_ACTTACTCATGGATGG",0.17965213550313,FALSE
"CID44971_ACTTTCAAGACAAGCC",0.228642641721046,FALSE
"CID44971_AGACGTTTCATCGCTC",0.171057531464307,TRUE
"CID44971_AGACGTTTCCACGTGG",0.188490189307406,FALSE
"CID44971_AGCATACTCTTGCATT",0.171932517117021,TRUE
"CID44971_AGCGGTCAGATGTGTA",0.577791857894017,FALSE
"CID44971_AGCGGTCCAGTGAGTG",0.189495131668047,TRUE
"CID44971_AGCTTGAGTCAAAGCG",0.614216374160268,FALSE
"CID44971_AGTGAGGGTGACCAAG",0.15873641067269,TRUE
"CID44971_ATCATGGCATGTTCCC",0.323399194882846,FALSE
"CID44971_ATGGGAGCATGCAACT",0.187388140936622,FALSE
"CID44971_ATTCTACCACAGAGGT",0.807124520261977,FALSE
"CID44971_ATTGGACCAAAGCAAT",0.525258659862381,FALSE
"CID44971_ATTTCTGTCTTCAACT",0.178835469793568,TRUE
"CID44971_CAAGGCCGTAGGGTAC",0.832167384074687,FALSE
"CID44971_CACAAACAGTTGTCGT",0.204580324203638,FALSE
"CID44971_CACCACTGTCACAAGG",0.217599683412061,TRUE
"CID44971_CACCACTGTTGCGCAC",0.765821473752628,FALSE
"CID44971_CACTCCAGTTTAGGAA",0.397953476305548,TRUE
"CID44971_CAGAATCTCCTAAGTG",0.23532452781007,FALSE
"CID44971_CAGAGAGAGAGGTAGA",0.170303357262277,TRUE
"CID44971_CAGCCGATCATAAAGG",0.312957234044206,FALSE
"CID44971_CAGGTGCTCTTCTGGC",0.227989646598502,FALSE
"CID44971_CATCGGGGTCCTCTTG",0.176738453910855,TRUE
"CID44971_CCAATCCTCGGTCCGA",0.194693073952949,FALSE
"CID44971_CCTAAAGAGCCGCCTA",0.732674922480589,FALSE
"CID44971_CCTACACGTTGGTAAA",0.203406659977988,FALSE
"CID44971_CCTCAGTAGTTCCACA",0.19080943991148,TRUE
"CID44971_CCTTCGAGTAGAGCTG",0.22606377704674,FALSE
"CID44971_CCTTTCTCACATCCAA",0.222420816654451,FALSE
"CID44971_CGCTGGATCGTCTGAA",0.177528580222019,TRUE
"CID44971_CGGACGTGTTCGCTAA",0.246923145176905,FALSE
"CID44971_CGGACTGGTTCCAACA",0.166643483114046,TRUE
"CID44971_CGTCAGGCAAACCTAC",0.325068949814823,FALSE
"CID44971_CGTTCTGCAAGACGTG",0.304523584204408,FALSE
"CID44971_CGTTGGGCATGCATGT",0.170748025560835,TRUE
"CID44971_CTACCCACACGACTCG",0.175090661199542,TRUE
"CID44971_CTCAGAAGTGGTAACG",0.444639341014307,FALSE
"CID44971_CTGCGGAAGCGCCTCA",0.22202753815748,TRUE
"CID44971_CTGTTTATCGATGAGG",0.773553444558954,FALSE
"CID44971_GAACCTACATTGGGCC",0.973702156550031,FALSE
"CID44971_GACGGCTCATGTCCTC",0.472702447904946,FALSE
"CID44971_GAGGTGAGTATCTGCA",0.488712880623081,FALSE
"CID44971_GATCGATCAGCTTCGG",0.570726079833183,FALSE
"CID44971_GATCTAGAGGTCGGAT",0.260803446225117,FALSE
"CID44971_GATGAGGAGTCGTACT",0.540118809530771,FALSE
"CID44971_GCACTCTCAGCCTGTG",0.171152953374623,TRUE
"CID44971_GCAGCCATCACATGCA",0.175502307451803,FALSE
"CID44971_GCCTCTAAGAGTGACC",0.171343498039735,TRUE
"CID44971_GCTTCCAAGAAACCAT",0.223104470780029,FALSE
"CID44971_GGACAAGAGTCGTACT",0.210784015955412,FALSE
"CID44971_GGCAATTCATCCCATC",0.182985908594191,TRUE
"CID44971_GTACTTTAGTGTACCT",0.248828169766859,FALSE
"CID44971_GTAGGCCGTGCGATAG",0.179618850247416,TRUE
"CID44971_GTATTCTTCACATACG",0.182558786411697,TRUE
"CID44971_GTCAAGTAGGTGCTTT",0.168941032765423,TRUE
"CID44971_GTCACAAAGTCTCGGC",0.160566916821439,TRUE
"CID44971_GTGTTAGGTCTTCGTC",0.194244561962861,FALSE
"CID44971_TAGCCGGGTCTAGCCG",0.268706047903671,FALSE
"CID44971_TAGTGGTCACTATCTT",0.18113291574699,FALSE
"CID44971_TAGTGGTCATTGGCGC",0.20441684370008,FALSE
"CID44971_TAGTTGGGTGAAAGAG",0.181743279396936,FALSE
"CID44971_TAGTTGGGTGCATCTA",0.25714622271597,TRUE
"CID44971_TATCAGGCAAGGTTCT",0.179251420590433,TRUE
"CID44971_TATCAGGGTAGGCTGA",0.20237887381924,FALSE
"CID44971_TATCAGGTCTTCAACT",0.181257296763523,TRUE
"CID44971_TCACAAGGTCTCTCGT",0.661327396013461,FALSE
"CID44971_TCAGCAATCTGGTGTA",0.357429228611183,FALSE
"CID44971_TCGCGTTGTAGGAGTC",0.270817548203101,TRUE
"CID44971_TGCACCTTCCGAAGAG",0.177126541011718,FALSE
"CID44971_TGCGGGTAGGCTCATT",0.182625480121238,TRUE
"CID44971_TGGGAAGCATTAGCCA",0.576877665328111,FALSE
"CID44971_TGGGCGTGTCCTCCAT",0.174097904620736,TRUE
"CID44971_TGTTCCGAGTAGTGCG",0.99898173063634,FALSE
"CID44971_TTAACTCCAAGACGTG",0.377701855742385,FALSE
"CID44971_TTAGGCACAGTAAGAT",0.171421396692634,TRUE
"CID44971_TTCTACAGTCTGCGGT",0.64071699319674,FALSE
"CID44971_TTCTCAAGTACCGAGA",0.173415444137956,TRUE
"CID44971_TTCTTAGAGTGGTAAT",0.241932907497796,FALSE
"CID44971_TTTGCGCCAAAGGAAG",0.798969360791527,FALSE
"CID44971_TTCTTAGTCCGTCAAA",0.141046106602353,TRUE
"CID44971_AACCATGCACTGTTAG",0.210482983604578,TRUE
"CID44971_TAAGAGAGTCTCTTTA",0.165231245507364,TRUE
"CID44971_AAAGTAGAGGAGTACC",0.592359800222374,FALSE
"CID44971_AACCATGGTAATCACC",0.163716861070256,TRUE
"CID44971_AACGTTGAGTGTGGCA",0.385976816991478,FALSE
"CID44971_AAGGCAGAGCTCCTTC",0.168952736986656,TRUE
"CID44971_ACACCCTGTTGCGCAC",0.167815043992206,TRUE
"CID44971_ACACCGGCAAGACACG",0.491777279670127,FALSE
"CID44971_ACATGGTGTAGAGCTG",0.219195156342512,FALSE
"CID44971_ACCCACTCAACAACCT",0.243784315953203,FALSE
"CID44971_ACGGCCAGTCACTGGC",0.24025357960151,FALSE
"CID44971_ACGGGTCCATGCCACG",0.169072814166287,TRUE
"CID44971_AGAGCGAAGCAGCGTA",0.180229331162766,TRUE
"CID44971_AGCTCCTTCTACTCAT",0.185699283432044,TRUE
"CID44971_AGGTCATCATCCGGGT",0.272592613396195,FALSE
"CID44971_AGTAGTCGTCACAAGG",0.257578863547139,FALSE
"CID44971_AGTGGGACATTGGTAC",0.655058272096117,FALSE
"CID44971_AGTGGGAGTCGGCACT",0.243467951629111,FALSE
"CID44971_AGTGGGAGTGCTAGCC",0.172582043783163,TRUE
"CID44971_ATAACGCGTGGTTTCA",0.195539961335423,FALSE
"CID44971_ATCATGGGTTTCCACC",0.177852132282895,TRUE
"CID44971_ATCATGGTCATAAAGG",0.581442390958197,FALSE
"CID44971_ATCATGGTCTGTCAAG",0.17052901777596,TRUE
"CID44971_ATCTGCCTCCTGCAGG",0.359276754784976,FALSE
"CID44971_ATTCTACCAGTGACAG",0.430980511916597,FALSE
"CID44971_ATTCTACTCGCCTGTT",0.208853948512774,FALSE
"CID44971_ATTGGTGTCAGGTTCA",0.169621071972522,TRUE
"CID44971_CACACCTTCCCAGGTG",0.322160941182003,FALSE
"CID44971_CACCAGGAGGCCCTTG",0.372176198628534,FALSE
"CID44971_CACCTTGAGCAATCTC",0.560737631971166,FALSE
"CID44971_CAGAATCCAGTGGGAT",0.204278857487677,FALSE
"CID44971_CAGAGAGTCGGATGTT",0.269298145964209,FALSE
"CID44971_CAGAGAGTCGGGAGTA",0.179271207669302,TRUE
"CID44971_CAGCAGCGTAAATACG",0.228468688616086,FALSE
"CID44971_CAGCATATCCGTAGGC",0.397172418908666,FALSE
"CID44971_CAGTAACAGATGCGAC",0.166071420162429,TRUE
"CID44971_CAGTAACCATGTAGTC",0.187354126272609,TRUE
"CID44971_CATCAAGGTAGCTAAA",0.227351781551156,FALSE
"CID44971_CATCGAAAGTGTGAAT",0.168904656871745,TRUE
"CID44971_CATGCCTCAACTGCGC",0.867888842518477,FALSE
"CID44971_CATGCCTCACTAAGTC",0.2651884300486,FALSE
"CID44971_CCACCTACACGGATAG",0.161628434350434,TRUE
"CID44971_CCATGTCAGGATCGCA",0.193910387855562,FALSE
"CID44971_CCCTCCTGTGACCAAG",0.207659334342573,FALSE
"CID44971_CCGGGATCAGTTCATG",0.212685983611871,FALSE
"CID44971_CCGGTAGGTCTCACCT",0.57628695041602,FALSE
"CID44971_CCGTGGACAACTGGCC",0.170696988885397,TRUE
"CID44971_CCGTGGACAAGTAGTA",0.180963787380664,FALSE
"CID44971_CCTAAAGAGAGATGAG",0.172959851030505,TRUE
"CID44971_CCTACCAAGCTGCCCA",0.198319751171993,FALSE
"CID44971_CCTCTGAAGTTTAGGA",0.291683435502461,FALSE
"CID44971_CCTTCCCGTCTAAACC",0.175063927565375,TRUE
"CID44971_CCTTCCCTCTCCAACC",0.28097366145935,FALSE
"CID44971_CGAATGTGTTCCTCCA",0.168531985479826,TRUE
"CID44971_CGAATGTTCATGGTCA",0.180489179944817,TRUE
"CID44971_CGACTTCAGTTAGGTA",0.178737899295597,FALSE
"CID44971_CGATCGGAGTGGCACA",0.234383834147497,FALSE
"CID44971_CGGACACAGAACTCGG",0.195324110942311,FALSE
"CID44971_CGGACGTAGTACGACG",0.363961989809908,FALSE
"CID44971_CGTAGCGAGGGAAACA",0.999865155773573,FALSE
"CID44971_CGTGTCTGTTAAAGAC",0.200653869897674,FALSE
"CID44971_CGTTAGAAGTACGACG",0.559296616889408,FALSE
"CID44971_CGTTAGAGTTGGACCC",0.268110125452404,FALSE
"CID44971_CGTTGGGCAAACTGTC",0.161965032920188,TRUE
"CID44971_CTACCCATCACGATGT",0.365904069352133,FALSE
"CID44971_CTACGTCAGGGTGTTG",0.410457938335222,FALSE
"CID44971_CTAGCCTTCAATACCG",0.16482997554019,TRUE
"CID44971_CTCGGAGGTGGTCTCG",0.257466603700048,TRUE
"CID44971_CTCTACGCATTAGCCA",0.173698571159646,TRUE
"CID44971_CTGATCCCAGCATGAG",0.174878100581077,TRUE
"CID44971_CTGTTTATCTCGAGTA",0.285897863410664,FALSE
"CID44971_GAATAAGTCGTCCGTT",0.349591403254288,FALSE
"CID44971_GACTAACTCACTCCTG",0.798724364294576,FALSE
"CID44971_GACTACACACAGTCGC",0.247883021300747,FALSE
"CID44971_GATCAGTAGGGTATCG",0.791259092953135,FALSE
"CID44971_GATCTAGAGTGGTCCC",0.20212096693252,FALSE
"CID44971_GCATGCGGTACAAGTA",0.22285919391602,FALSE
"CID44971_GCGCCAACACGGCTAC",0.148384600408426,TRUE
"CID44971_GCGCCAAGTCAAAGAT",0.591967197024728,FALSE
"CID44971_GCGCGATAGCCAACAG",0.194968301308256,FALSE
"CID44971_GCTGCAGAGTGAATTG",0.171722860199166,TRUE
"CID44971_GCTTGAACAGACTCGC",0.23108334883958,FALSE
"CID44971_GCTTGAATCCCAAGAT",0.185187904917247,FALSE
"CID44971_GGACAAGAGTGTGAAT",0.176267757753905,TRUE
"CID44971_GGCAATTTCTCTGTCG",0.184689309464366,TRUE
"CID44971_GGCCGATCAGGACCCT",0.335763701739684,FALSE
"CID44971_GGGACCTAGTCCTCCT",0.194031234462733,FALSE
"CID44971_GGGACCTTCCCGGATG",0.163074812416971,TRUE
"CID44971_GGGAGATTCACCTCGT",0.207052685141941,TRUE
"CID44971_GGTATTGTCGTTTGCC",0.169918925594485,TRUE
"CID44971_GGTGCGTCAAGCCATT",0.342222731854255,TRUE
"CID44971_GTAACGTCAAGGCTCC",0.717068541823701,FALSE
"CID44971_GTACTCCGTTAGAACA",0.178385069652107,TRUE
"CID44971_GTATCTTAGCCGATTT",0.223066319882136,TRUE
"CID44971_GTATCTTCAGGGAGAG",0.322403024847886,FALSE
"CID44971_GTATCTTCATGCTAGT",0.282933865165998,FALSE
"CID44971_GTATTCTAGATCGATA",0.261803742688384,FALSE
"CID44971_GTATTCTAGCTAAACA",0.570653510655586,FALSE
"CID44971_GTCATTTAGGCCCGTT",0.615147223965884,FALSE
"CID44971_GTCTTCGTCAGCATGT",0.172747595239262,TRUE
"CID44971_GTGCGGTAGAAGGGTA",0.168296874054486,TRUE
"CID44971_GTGGGTCGTTTCCACC",0.161651516383489,TRUE
"CID44971_GTGTTAGGTCAGAGGT",0.176429107770401,FALSE
"CID44971_GTTTCTAGTGAAAGAG",0.205219884285397,FALSE
"CID44971_TAAACCGAGCCACCTG",0.75106503925385,FALSE
"CID44971_TAAGAGAAGTTACGGG",0.196098546903257,FALSE
"CID44971_TACACGAAGCGTAATA",0.159083684747495,TRUE
"CID44971_TACACGACACCGATAT",0.58464808602125,FALSE
"CID44971_TACGGTAAGACATAAC",0.41888919696979,FALSE
"CID44971_TACGGTAAGTGTCCAT",0.243821294227553,TRUE
"CID44971_TACGGTATCCTGTAGA",0.174581662676094,TRUE
"CID44971_TAGACCAGTAGATTAG",0.169010016483297,TRUE
"CID44971_TAGAGCTAGCGATATA",0.183722433418681,FALSE
"CID44971_TAGAGCTGTCCAGTGC",0.418456581963691,FALSE
"CID44971_TCACAAGTCCGTCATC",0.163138888868272,TRUE
"CID44971_TCACGAAGTAGGAGTC",0.18288685072751,FALSE
"CID44971_TCAGCAAGTACGAAAT",0.237285886974826,FALSE
"CID44971_TCAGGTACAAGCTGGA",0.205992027350895,FALSE
"CID44971_TCCACACGTTCAGCGC",0.167298746039368,TRUE
"CID44971_TCGAGGCGTAGAGCTG",0.261388763144532,FALSE
"CID44971_TCGCGAGGTGATAAAC",0.165650848710622,TRUE
"CID44971_TCGTACCTCTTTAGTC",0.181223858996733,FALSE
"CID44971_TCTTTCCTCATGTAGC",0.174006642758737,TRUE
"CID44971_TGACAACGTCGTGGCT",0.192686497461996,FALSE
"CID44971_TGACTAGGTCAAACTC",0.181996218541553,TRUE
"CID44971_TGACTTTTCTCGGACG",0.188633051024913,TRUE
"CID44971_TGAGCATGTACACCGC",0.255048343517026,FALSE
"CID44971_TGCACCTGTTGTCTTT",0.175025853554888,FALSE
"CID44971_TGCACCTTCACTCTTA",0.177236002814232,FALSE
"CID44971_TGCACCTTCTGTCCGT",0.202524350299892,FALSE
"CID44971_TGCTGCTTCCCTCTTT",0.191675541462483,TRUE
"CID44971_TGGACGCCACGGTAGA",0.262858500529308,FALSE
"CID44971_TGGCGCAGTGCAACTT",0.183592537340353,TRUE
"CID44971_TGGTTAGTCGATAGAA",0.18273008977291,FALSE
"CID44971_TTAACTCGTCATACTG",0.31376178521127,FALSE
"CID44971_TTAGGACCAATAGCGG",0.327587352034882,FALSE
"CID44971_TTAGGCAAGACTTGAA",0.180014906188469,FALSE
"CID44971_TTAGGCAGTAAGGGAA",0.444561839613277,FALSE
"CID44971_TTAGGCATCGGGAGTA",0.203796901924961,FALSE
"CID44971_TTATGCTAGTACGCCC",0.16997067135448,TRUE
"CID44971_TTCTTAGCACTGTTAG",0.175023150104084,TRUE
"CID44971_TTGCCGTTCCGCTGTT",0.155998487025631,TRUE
"CID44971_TTGCGTCTCGGAGCAA",0.175124654414551,TRUE
"CID44971_TTGGAACCAAGTAATG",0.176912639174362,TRUE
"CID44971_TTGGCAAGTGTGTGCC",0.254787167892018,TRUE
"CID44971_TTTCCTCGTCTCAACA",0.194566158314475,TRUE
"CID44971_TTTGGTTGTGAGCGAT",0.181576372093111,FALSE
"CID44971_ATTGGACGTTAAGACA",0.25424870399013,TRUE
"CID44971_GGCTCGAGTCACCTAA",0.15750160046283,TRUE
"CID44971_AAACGGGTCAGTTAGC",0.219814550385001,FALSE
"CID44971_ACATACGTCCGGGTGT",0.818981723354808,FALSE
"CID44971_AGAGCTTTCATACGGT",0.376297003953707,FALSE
"CID44971_ATCACGACAGCTGGCT",0.991932847914433,FALSE
"CID44971_CGTTCTGCAAGGTTCT",0.166177002476628,TRUE
"CID44971_CTCGGAGGTGATGTGG",0.477961293429104,FALSE
"CID44971_TAGTGGTAGAAACCTA",0.360536366484715,FALSE
"CID44971_CCGTACTTCGTTTATC",0.185312106563014,FALSE
"CID44971_GTCGGGTGTTGAGGTG",0.697321711950417,FALSE
"CID44971_GTGCATATCCGCGCAA",0.502458355321102,FALSE
"CID44971_TTCGGTCCACAGCCCA",0.198457088082497,FALSE
"CID44971_CCAGCGACAGTGGGAT",0.328797579877786,FALSE
"CID44971_CGCGTTTCAGCCTATA",0.269866479790288,FALSE
"CID44971_CGCGTTTGTAAGGGAA",0.262443358626746,FALSE
"CID44971_CTCATTAGTGTGCGTC",0.388165586246565,FALSE
"CID44971_GAAATGAGTGACAAAT",0.171463621372285,TRUE
"CID44971_GAATGAATCAGCACAT",0.245341110228443,FALSE
"CID44971_GACTAACAGGGTTCCC",0.278192673455182,FALSE
"CID44971_TACGGTAAGTGGAGTC",0.231606312722452,FALSE
"CID44971_TCCACACCAAGTAATG",0.609844424068697,FALSE
"CID44971_TCGGGACGTCAGAATA",0.209530300513624,FALSE
"CID44971_TTTGGTTGTAGCGTAG",0.247874311149327,TRUE
"CID44971_CTTTGCGGTGTGAAAT",0.927952307484051,FALSE
"CID44971_AAGGAGCAGTCTCGGC",0.381932657141262,FALSE
"CID44971_ACATGGTAGAGCAATT",0.200410919747107,TRUE
"CID44971_ACGATGTGTCGGCACT",0.192662071507792,FALSE
"CID44971_CAACCAACATCGTCGG",0.24984145128866,FALSE
"CID44971_CAAGGCCAGTTGCAGG",0.171589106829456,TRUE
"CID44971_CACACAAGTTCGAATC",0.181432628836798,FALSE
"CID44971_CACACTCGTTACGCGC",0.18604820301676,TRUE
"CID44971_CAGGTGCTCTGCCAGG",0.183970126239809,TRUE
"CID44971_CAGTAACAGACAGGCT",0.205120911541817,FALSE
"CID44971_CCATGTCGTTTAGCTG",0.183217891024261,TRUE
"CID44971_CCTACCACACCACGTG",0.988303859000051,FALSE
"CID44971_CCTTCCCTCAGAAATG",0.71714421063202,FALSE
"CID44971_CCTTTCTGTTTGACAC",0.167730242257967,TRUE
"CID44971_CGCGGTATCCTATTCA",0.182956288726187,FALSE
"CID44971_CGCTGGAGTTGCCTCT",0.192162183294395,FALSE
"CID44971_CGTCTACTCGGATGGA",0.181917336326646,TRUE
"CID44971_CTGAAACCACCCTATC",0.189324867040454,FALSE
"CID44971_CTGCGGATCGCCTGTT",0.254111285818679,FALSE
"CID44971_GAAACTCTCATGCAAC",0.205184371952228,TRUE
"CID44971_GAACATCTCGAACGGA",0.184561214103464,TRUE
"CID44971_GACGGCTCATCGGTTA",0.265366678502419,FALSE
"CID44971_GACTACAAGTGTTGAA",0.216252348836834,FALSE
"CID44971_GATCAGTCACGACGAA",0.793056092196762,FALSE
"CID44971_GCACTCTCAACTGCTA",0.224639455304734,TRUE
"CID44971_GCCAAATTCTGCGACG",0.99749258962394,FALSE
"CID44971_GCTGCAGAGATCGGGT",0.358897816146724,FALSE
"CID44971_GCTGCGACACTGTTAG",0.184940896283911,FALSE
"CID44971_GTACTCCGTAAGGATT",0.318919396350406,TRUE
"CID44971_GTACTCCTCAGGCCCA",0.276486314554387,FALSE
"CID44971_GTCACAATCTACTATC",0.19309808637441,TRUE
"CID44971_GTCCTCATCGTTGCCT",0.211792915131864,TRUE
"CID44971_GTGCGGTTCTCCGGTT",0.214829555076373,TRUE
"CID44971_TAGCCGGCAAGGACAC",0.170969422955346,TRUE
"CID44971_TCACGAAAGCGTAGTG",0.180702035336736,TRUE
"CID44971_TCTCTAACAAGACGTG",0.214964282290225,FALSE
"CID44971_TCTGAGAGTTGTGGCC",0.291230224475438,FALSE
"CID44971_TGAGCCGTCGCTTGTC",0.314412231452656,FALSE
"CID44971_TTAACTCAGAATGTTG",0.211065729939749,FALSE
"CID44971_ACGGAGATCTTCCTTC",0.165959333735424,TRUE
"CID44971_CGTTAGAAGCAAATCA",0.181132475043745,FALSE
"CID44971_GTAGGCCCACTTGGAT",0.311026113151756,FALSE
"CID44971_CTCGAGGTCTCGTTTA",0.508629004099305,FALSE
"CID44971_GGAACTTAGATCCCAT",0.238031377298542,TRUE
"CID44971_TGAAAGAGTAAGTGGC",0.16926647883564,TRUE
"CID44971_AAACCTGAGGTTCCTA",0.179011932301707,TRUE
"CID44971_AAAGATGGTAAGGGAA",0.220352641051884,FALSE
"CID44971_AAAGATGGTTACGCGC",0.307337399223298,TRUE
"CID44971_AAAGTAGGTCTTCTCG",0.258808815868338,FALSE
"CID44971_AAATGCCCAGGGATTG",0.16467772962372,TRUE
"CID44971_AACCATGAGTTTCCTT",0.164162294632862,TRUE
"CID44971_AACCGCGTCTGGCGAC",0.185929922890838,TRUE
"CID44971_AACGTTGGTGTGAAAT",0.169781756211423,TRUE
"CID44971_AACTCAGAGAATGTGT",0.29423604388424,FALSE
"CID44971_AACTCAGGTTGTGGCC",0.328869909338505,FALSE
"CID44971_AACTCCCGTGTGCGTC",0.209596570508029,FALSE
"CID44971_AACTGGTGTACCGCTG",0.160984433525355,TRUE
"CID44971_AACTGGTGTGTCTGAT",0.181889698302697,TRUE
"CID44971_AAGACCTAGCCCAACC",0.193904624570993,FALSE
"CID44971_AAGACCTCACTGAAGG",0.256999768595865,FALSE
"CID44971_AAGCCGCAGAATGTTG",0.170391108128158,TRUE
"CID44971_AAGCCGCGTACAGACG",0.163391127827875,TRUE
"CID44971_AAGGCAGGTTGGTTTG",0.171826781497006,TRUE
"CID44971_AAGGTTCTCTTTACGT",0.224219253019268,TRUE
"CID44971_AAGTCTGTCGCAAGCC",0.180687536999787,TRUE
"CID44971_AAGTCTGTCTAACTCT",0.187717730281339,TRUE
"CID44971_AATCCAGAGCTTCGCG",0.224402981525315,FALSE
"CID44971_AATCCAGTCCTGCAGG",0.262469139981428,FALSE
"CID44971_AATCGGTCACTGTCGG",0.178175179996542,TRUE
"CID44971_ACACCAAAGCTCCTTC",0.245884051698488,FALSE
"CID44971_ACACCAACAGCCTTGG",0.499997930410442,FALSE
"CID44971_ACACCCTAGGAGTTTA",0.244694360497039,FALSE
"CID44971_ACACCCTGTGCACTTA",0.353883416350576,FALSE
"CID44971_ACACTGAGTACACCGC",0.268984274375129,FALSE
"CID44971_ACACTGATCCACGTGG",0.159957427869615,TRUE
"CID44971_ACACTGATCGTAGATC",0.172699379953377,TRUE
"CID44971_ACAGCTAGTTCTCATT",0.367605709287894,TRUE
"CID44971_ACATCAGCAGATGGGT",0.162110550059038,TRUE
"CID44971_ACATCAGGTCTACCTC",0.241152544225179,FALSE
"CID44971_ACCAGTAAGGTGGGTT",0.17450124248629,TRUE
"CID44971_ACCAGTACAAGCGAGT",0.994606831155248,FALSE
"CID44971_ACCCACTGTGACTACT",0.580757690314796,FALSE
"CID44971_ACCGTAATCATGGTCA",0.196337131500609,FALSE
"CID44971_ACCTTTACATTCACTT",0.174801349110658,TRUE
"CID44971_ACGAGCCGTTAAGAAC",0.893884057552227,FALSE
"CID44971_ACGAGGACATCTATGG",0.168767009394109,TRUE
"CID44971_ACGAGGAGTGAAATCA",0.174027398036503,TRUE
"CID44971_ACGATACCATTCTCAT",0.19693419800541,FALSE
"CID44971_ACGATGTCATCGGTTA",0.182915120577484,TRUE
"CID44971_ACGCAGCGTGATAAAC",0.246162742003808,FALSE
"CID44971_ACGCAGCTCGCTTGTC",0.272595751699068,TRUE
"CID44971_ACGCAGCTCGTTTATC",0.648903934326748,FALSE
"CID44971_ACGCCAGAGGGCATGT",0.3342826652892,FALSE
"CID44971_ACGCCAGCAATCCAAC",0.416044241742855,FALSE
"CID44971_ACGCCAGTCTAGAGTC",0.185971371525401,FALSE
"CID44971_ACGCCAGTCTTACCGC",0.258404643224311,FALSE
"CID44971_ACGCCGAGTCCGAGTC",0.175407026790856,TRUE
"CID44971_ACGGAGAAGCTGCGAA",0.610227990237645,FALSE
"CID44971_ACGGGCTCAAACTGTC",0.246280399320217,FALSE
"CID44971_ACGGGCTCAGGGTACA",0.170061994660139,TRUE
"CID44971_ACGGGTCAGCTCCCAG",0.403332155400114,FALSE
"CID44971_ACGGGTCGTAGAAAGG",0.175150215338643,TRUE
"CID44971_ACGTCAAGTAACGACG",0.172824169055228,TRUE
"CID44971_ACTATCTAGAGCTGGT",0.227500909986345,TRUE
"CID44971_ACTATCTCATAGACTC",0.197960272194944,FALSE
"CID44971_ACTATCTCATGTCTCC",0.179813459677114,FALSE
"CID44971_ACTATCTTCTGGCGTG",0.208364175162501,TRUE
"CID44971_ACTGAACCATGACGGA",0.199837172884899,FALSE
"CID44971_ACTGAACGTCTGGTCG",0.997181304495053,FALSE
"CID44971_ACTGCTCAGTGGAGTC",0.171520891345438,TRUE
"CID44971_ACTGCTCGTGACTACT",0.295892684491377,FALSE
"CID44971_ACTTACTGTAGTACCT",0.178107590563439,FALSE
"CID44971_ACTTACTTCTGGTTCC",0.187186201222987,TRUE
"CID44971_ACTTGTTAGGCCCTCA",0.173076075969115,TRUE
"CID44971_ACTTTCAAGTACGTTC",0.16229817635785,TRUE
"CID44971_AGAATAGCAGACAAAT",0.173290333262362,TRUE
"CID44971_AGAATAGTCTTGACGA",0.185589596495738,TRUE
"CID44971_AGACGTTCACGTCTCT",0.17944373816383,TRUE
"CID44971_AGAGCTTCAGATCCAT",0.201129182468651,TRUE
"CID44971_AGAGCTTGTAAATGAC",0.187931978233002,FALSE
"CID44971_AGAGTGGAGCTACCGC",0.197717333625387,FALSE
"CID44971_AGAGTGGGTGCTGTAT",0.170988380633478,TRUE
"CID44971_AGATTGCCAATCTGCA",0.180624804563202,FALSE
"CID44971_AGCAGCCTCAGTGTTG",0.211761222188408,TRUE
"CID44971_AGCATACAGGGTTCCC",0.166325517861523,TRUE
"CID44971_AGCCTAAAGCTAAACA",0.273611318112911,FALSE
"CID44971_AGCCTAAGTACTTAGC",0.186945013518278,FALSE
"CID44971_AGCCTAAGTCAACTGT",0.163524877333756,TRUE
"CID44971_AGCCTAATCGTGACAT",0.205745834860138,TRUE
"CID44971_AGCGGTCCATCGGTTA",0.169791189721999,TRUE
"CID44971_AGCGGTCTCCACGACG",0.164634383782095,TRUE
"CID44971_AGCGTATAGCAGGCTA",0.313296772862531,FALSE
"CID44971_AGCGTATCACCAGGCT",0.177031380551274,FALSE
"CID44971_AGCGTCGCAAAGGAAG",0.182863674477587,TRUE
"CID44971_AGCTCCTAGACATAAC",0.238322333998921,FALSE
"CID44971_AGCTCCTAGATCACGG",0.206239407835181,FALSE
"CID44971_AGCTTGAGTTGTGGAG",0.220921268195336,FALSE
"CID44971_AGGCCACGTGCTTCTC",0.173959373694483,TRUE
"CID44971_AGGGAGTGTGGACGAT",0.193199982382672,TRUE
"CID44971_AGGGAGTTCGGAGGTA",0.381749299419759,TRUE
"CID44971_AGGGATGGTCATGCAT",0.167148458225543,TRUE
"CID44971_AGGGATGGTCTCTCTG",0.244041058706369,FALSE
"CID44971_AGGGTGAAGGCTACGA",0.279216126438958,TRUE
"CID44971_AGGGTGACAAGCGCTC",0.17786445635134,TRUE
"CID44971_AGGTCATCACCTATCC",0.194267411726118,TRUE
"CID44971_AGGTCCGAGAGTGAGA",0.202107069709598,FALSE
"CID44971_AGGTCCGCACCAGGCT",0.179913272501214,FALSE
"CID44971_AGGTCCGGTCATATGC",0.171970950258707,TRUE
"CID44971_AGTAGTCAGCTACCGC",0.170765922908227,TRUE
"CID44971_AGTAGTCGTAGCACGA",0.559447834405376,FALSE
"CID44971_AGTGAGGAGGGTGTTG",0.54383902705831,FALSE
"CID44971_AGTGAGGAGTCCGTAT",0.224333296211242,TRUE
"CID44971_AGTGAGGCATGCGCAC",0.269070142231405,TRUE
"CID44971_AGTGAGGCATTGCGGC",0.181899177586795,FALSE
"CID44971_AGTGAGGGTCCAAGTT",0.176823572868211,TRUE
"CID44971_AGTGAGGGTCTGATCA",0.176473438698195,TRUE
"CID44971_AGTGGGACATGTCTCC",0.219839958301152,TRUE
"CID44971_AGTGTCAAGAGTAATC",0.176097932540907,FALSE
"CID44971_AGTGTCACAATCAGAA",0.169265842920183,TRUE
"CID44971_AGTTGGTCAGCTTAAC",0.335402987539973,FALSE
"CID44971_AGTTGGTGTATTCTCT",0.191838651860827,FALSE
"CID44971_AGTTGGTTCACCATAG",0.215656419811632,TRUE
"CID44971_ATAACGCAGCGTCTAT",0.16910750203726,TRUE
"CID44971_ATAACGCCAGTCACTA",0.206846420878766,TRUE
"CID44971_ATAAGAGGTCGGATCC",0.500843110905124,FALSE
"CID44971_ATAAGAGTCTGTACGA",0.25059833944422,FALSE
"CID44971_ATCACGACACGGTAAG",0.267801226281097,FALSE
"CID44971_ATCACGACAGTATAAG",0.201068449185961,FALSE
"CID44971_ATCACGATCCTCAATT",0.160265267068803,TRUE
"CID44971_ATCATCTAGTGTACGG",0.176225994338893,TRUE
"CID44971_ATCCACCCATGCTGGC",0.16228242274387,TRUE
"CID44971_ATCCGAAAGGACACCA",0.141526593647509,TRUE
"CID44971_ATCCGAAAGGGTTCCC",0.218552589609527,TRUE
"CID44971_ATCCGAAAGTGAAGAG",0.562223057303623,FALSE
"CID44971_ATCCGAAGTATTACCG",0.162036038294334,TRUE
"CID44971_ATGAGGGAGCCCGAAA",0.346068536543226,FALSE
"CID44971_ATGAGGGCAATGTAAG",0.170609307236793,TRUE
"CID44971_ATGTGTGAGCGAAGGG",0.186146343742305,FALSE
"CID44971_ATGTGTGAGCGTTTAC",0.222352953181338,FALSE
"CID44971_ATGTGTGGTCAAAGCG",0.226003052075298,FALSE
"CID44971_ATGTGTGGTTTAGCTG",0.232099116887262,FALSE
"CID44971_ATGTGTGTCTTGGGTA",0.245692048475594,FALSE
"CID44971_ATTATCCGTGACCAAG",0.283719282275842,FALSE
"CID44971_ATTATCCTCAGCTGGC",0.265832482195187,FALSE
"CID44971_ATTCTACCAAGCTGGA",0.175388495520513,TRUE
"CID44971_ATTCTACGTAGCGCAA",0.181008193932318,FALSE
"CID44971_ATTCTACTCACGATGT",0.138420257980156,TRUE
"CID44971_ATTGGACTCACAAACC",0.210694595999183,FALSE
"CID44971_ATTGGACTCTATGTGG",0.542625081406358,FALSE
"CID44971_ATTTCTGAGATACACA",0.867993810923828,FALSE
"CID44971_ATTTCTGCATACAGCT",0.353272032634977,FALSE
"CID44971_ATTTCTGGTGTGAAAT",0.274174757643144,FALSE
"CID44971_CAACCAAAGTGTCTCA",0.175131153714152,TRUE
"CID44971_CAACCAACAAGTAATG",0.337524720030511,FALSE
"CID44971_CAACCAAGTTGATTGC",0.174076263524354,TRUE
"CID44971_CAACCAATCTGCTGCT",0.208308456304875,FALSE
"CID44971_CAACCTCTCCACGAAT",0.238783982102605,FALSE
"CID44971_CAACTAGCAACGATCT",0.252921455745355,TRUE
"CID44971_CAACTAGCAGAAGCAC",0.231586764459074,FALSE
"CID44971_CAACTAGGTTTAGCTG",0.181506702480327,FALSE
"CID44971_CAAGAAAGTACCCAAT",0.22754458040133,TRUE
"CID44971_CAAGATCAGTTTCCTT",0.170559752347027,TRUE
"CID44971_CAAGATCTCAGAGACG",0.19764414327186,FALSE
"CID44971_CAAGATCTCTCGAGTA",0.31263973795335,FALSE
"CID44971_CAAGGCCAGACTAGAT",0.17497289092626,TRUE
"CID44971_CACAAACGTAGGACAC",0.175166526482513,TRUE
"CID44971_CACACAAAGAGTGAGA",0.185420008894957,FALSE
"CID44971_CACACAAGTCAGAGGT",0.164868577959472,TRUE
"CID44971_CACACAATCTCTAAGG",0.13922498787936,TRUE
"CID44971_CACACCTCACAAGCCC",0.186265010792792,FALSE
"CID44971_CACACCTGTGAGCGAT",0.191003412530281,FALSE
"CID44971_CACAGGCAGGGAGTAA",0.159208498353121,TRUE
"CID44971_CACAGTAAGCCTTGAT",0.172026738996494,TRUE
"CID44971_CACATAGAGCGTGAAC",0.431055192657683,FALSE
"CID44971_CACATAGCAACAACCT",0.245095606818697,FALSE
"CID44971_CACATTTCAGGTGCCT",0.185131299402641,FALSE
"CID44971_CACATTTGTAGAAGGA",0.260254589215396,FALSE
"CID44971_CACCACTCATCTGGTA",0.20046173340619,TRUE
"CID44971_CACCAGGAGACGCACA",0.194024467068099,FALSE
"CID44971_CACCAGGGTACGCTGC",0.148702450238951,TRUE
"CID44971_CACCAGGTCTTGCAAG",0.227780355878108,FALSE
"CID44971_CACCTTGTCTCGTATT",0.184571268096181,TRUE
"CID44971_CACTCCAGTATTAGCC",0.181832344504317,TRUE
"CID44971_CACTCCATCGTCTGCT",0.202512544650226,TRUE
"CID44971_CAGAATCGTAAACCTC",0.57187920608613,FALSE
"CID44971_CAGATCAGTAACGACG",0.347368290603353,FALSE
"CID44971_CAGATCAGTGAACCTT",0.565085633237818,FALSE
"CID44971_CAGATCATCACTTCAT",0.204457245147114,FALSE
"CID44971_CAGCATAAGACAGACC",0.383113880511329,FALSE
"CID44971_CAGCATAAGGACCACA",0.748590624743022,FALSE
"CID44971_CAGCCGATCACTTACT",0.277849168372852,FALSE
"CID44971_CAGCGACGTTGGAGGT",0.167875204209736,TRUE
"CID44971_CAGCGACTCGCCGTGA",0.304938834764913,FALSE
"CID44971_CAGCGACTCTGCGGCA",0.261195027631328,FALSE
"CID44971_CAGCTAAAGTTAACGA",0.183915281979983,FALSE
"CID44971_CAGCTAATCGGCTACG",0.208211851865958,FALSE
"CID44971_CAGGTGCAGACTTTCG",0.222711701180098,FALSE
"CID44971_CAGGTGCAGCAGGTCA",0.168685003578249,TRUE
"CID44971_CAGGTGCTCACGCGGT",0.21600041524951,FALSE
"CID44971_CAGTAACGTTCGCGAC",0.380952390094776,FALSE
"CID44971_CATATGGTCGGTCCGA",0.898695296800328,FALSE
"CID44971_CATCGAATCGTAGATC",0.182853763423439,TRUE
"CID44971_CATGACAAGGGAAACA",0.999179569120454,FALSE
"CID44971_CATGGCGCAGCATACT",0.352139265305669,TRUE
"CID44971_CATGGCGGTTCCTCCA",0.185291487125631,FALSE
"CID44971_CCACGGAAGATACACA",0.181455442665227,FALSE
"CID44971_CCACGGATCCATGCTC",0.183252361543876,FALSE
"CID44971_CCACGGATCTGCCCTA",0.180870510010207,FALSE
"CID44971_CCAGCGACACCCAGTG",0.171288229107346,TRUE
"CID44971_CCAGCGATCAGAGGTG",0.290120675645519,FALSE
"CID44971_CCATGTCAGTGTCCAT",0.396020546282363,FALSE
"CID44971_CCATTCGCACGCGAAA",0.238446823879525,FALSE
"CID44971_CCCAATCAGCTGCGAA",0.177150481418442,FALSE
"CID44971_CCCAATCCACCGGAAA",0.146275379266008,TRUE
"CID44971_CCCAATCTCGCCCTTA",0.197147075888159,TRUE
"CID44971_CCCAGTTGTCAGAGGT",0.17551959620483,TRUE
"CID44971_CCCAGTTTCTTCGAGA",0.17935523755726,TRUE
"CID44971_CCGGGATTCCCTCTTT",0.230210440897013,TRUE
"CID44971_CCGGTAGCATGCGCAC",0.289167294194118,FALSE
"CID44971_CCGGTAGGTAGGCATG",0.171585601189648,TRUE
"CID44971_CCGGTAGTCTGGTTCC",0.168854281771161,TRUE
"CID44971_CCGTGGAGTCATATCG",0.177124099966918,FALSE
"CID44971_CCGTTCAAGCACCGTC",0.209552544209771,FALSE
"CID44971_CCTAAAGGTCTTCGTC",0.181685774841924,TRUE
"CID44971_CCTAAAGGTTGAACTC",0.289572571794908,FALSE
"CID44971_CCTAAAGTCCTGCTTG",0.447029602602198,FALSE
"CID44971_CCTACACAGTTCCACA",0.17369491119216,TRUE
"CID44971_CCTACACGTTACAGAA",0.221021956533607,FALSE
"CID44971_CCTACCAAGCCCAACC",0.201820962162989,FALSE
"CID44971_CCTACCAAGTGCTGCC",0.144734072454446,TRUE
"CID44971_CCTACCACAATCGGTT",0.196659342807565,FALSE
"CID44971_CCTACCATCTGTCTCG",0.199393448621689,TRUE
"CID44971_CCTAGCTTCTACTCAT",0.185291085822612,TRUE
"CID44971_CCTAGCTTCTATCCTA",0.178983974778793,FALSE
"CID44971_CCTATTACAGCTTCGG",0.180671755851226,TRUE
"CID44971_CCTCAGTGTGCGCTTG",0.157105561388913,TRUE
"CID44971_CCTCTGACAATAACGA",0.196636525930378,FALSE
"CID44971_CCTCTGATCAAAGTAG",0.18970806348372,FALSE
"CID44971_CCTTACGAGCGATCCC",0.172908455070686,TRUE
"CID44971_CCTTACGAGCTGTCTA",0.185181728586595,FALSE
"CID44971_CCTTACGCAAGCTGTT",0.201213904342054,TRUE
"CID44971_CCTTCGAAGACAGAGA",0.16681427784707,TRUE
"CID44971_CCTTCGACACGAAACG",0.170808943893171,TRUE
"CID44971_CCTTCGATCATGTAGC",0.808892794619181,FALSE
"CID44971_CGAACATAGCTAGTTC",0.203386356284716,FALSE
"CID44971_CGAATGTAGTCGTACT",0.177957905365118,FALSE
"CID44971_CGAATGTCATATACCG",0.540378319080914,FALSE
"CID44971_CGAATGTCATTAGGCT",0.181902137215815,TRUE
"CID44971_CGAATGTGTGAGCGAT",0.949901585058839,FALSE
"CID44971_CGACTTCAGACCTAGG",0.417539181431009,FALSE
"CID44971_CGACTTCCATTACCTT",0.27904591601689,FALSE
"CID44971_CGAGAAGCAAGTTCTG",0.264814824356045,TRUE
"CID44971_CGAGAAGGTACAGTTC",0.175279816715352,FALSE
"CID44971_CGAGAAGTCAGTCCCT",0.20460087288032,TRUE
"CID44971_CGAGCACAGGACTGGT",0.170553004586964,TRUE
"CID44971_CGAGCACTCATACGGT",0.174917231728004,TRUE
"CID44971_CGAGCCACATATGAGA",0.200141814906607,TRUE
"CID44971_CGAGCCAGTGGCCCTA",0.217851086996231,FALSE
"CID44971_CGAGCCATCAATCTCT",0.170401470512312,TRUE
"CID44971_CGAGCCATCGCATGAT",0.422290145266621,FALSE
"CID44971_CGATCGGGTCCATGAT",0.273342827532774,FALSE
"CID44971_CGATGGCCACAAGTAA",0.476298991321708,FALSE
"CID44971_CGATGGCCATAGAAAC",0.210861742006536,FALSE
"CID44971_CGATGTAAGATCCTGT",0.202980936593223,FALSE
"CID44971_CGATGTACAAGTACCT",0.233853221023771,FALSE
"CID44971_CGATGTAGTAGTACCT",0.160868540621166,TRUE
"CID44971_CGATGTAGTTAAAGTG",0.264299272323866,FALSE
"CID44971_CGATGTAGTTCTGAAC",0.191222979249024,FALSE
"CID44971_CGATGTATCACATAGC",0.488985557176276,FALSE
"CID44971_CGATTGACAGGTCTCG",0.197550450988192,TRUE
"CID44971_CGCCAAGAGTCTCGGC",0.171122502525195,TRUE
"CID44971_CGCCAAGGTCCAGTGC",0.166361753724694,TRUE
"CID44971_CGCGGTAGTCTTGCGG",0.247091458902606,TRUE
"CID44971_CGCGTTTAGCTAACTC",0.621584865462462,FALSE
"CID44971_CGCGTTTCACGGTAGA",0.172863879097034,TRUE
"CID44971_CGCGTTTCACTACAGT",0.164037523113226,TRUE
"CID44971_CGCTATCGTCTCCACT",0.586494001215241,FALSE
"CID44971_CGCTGGAAGCAATCTC",0.21243820059288,FALSE
"CID44971_CGCTGGAGTCCGTTAA",0.303406090875967,FALSE
"CID44971_CGCTGGATCCGCGGTA",0.228182418681426,FALSE
"CID44971_CGCTTCACAGTACACT",0.268659121527214,FALSE
"CID44971_CGCTTCAGTGTCAATC",0.174362204154594,FALSE
"CID44971_CGCTTCATCACTTCAT",0.420505830504401,FALSE
"CID44971_CGGACACAGCACGCCT",0.214945517193422,FALSE
"CID44971_CGGACTGAGCACCGTC",0.177752070687624,FALSE
"CID44971_CGGACTGAGCTGAAAT",0.229485526716181,FALSE
"CID44971_CGGACTGCACCGCTAG",0.170999951533151,TRUE
"CID44971_CGGACTGCACGTAAGG",0.20243724022774,FALSE
"CID44971_CGGACTGCATTGCGGC",0.204703666262184,FALSE
"CID44971_CGGACTGTCCAACCAA",0.252186364326531,TRUE
"CID44971_CGGAGCTAGATGTGGC",0.184455208214021,TRUE
"CID44971_CGGAGCTAGCCAGGAT",0.13934667748198,TRUE
"CID44971_CGGAGCTCAATCGGTT",0.16926701903459,TRUE
"CID44971_CGGAGCTTCATGCTCC",0.225132759735537,TRUE
"CID44971_CGGAGTCCATTATCTC",0.163690234081592,TRUE
"CID44971_CGGAGTCTCGCAAGCC",0.182890856885301,TRUE
"CID44971_CGGCTAGAGGGCACTA",0.168117699533144,TRUE
"CID44971_CGGCTAGCAACGCACC",0.184340596575477,FALSE
"CID44971_CGGCTAGGTTTGCATG",0.211174651667661,FALSE
"CID44971_CGGCTAGTCCACGAAT",0.177985458990846,TRUE
"CID44971_CGGGTCACAAGTCTAC",0.182221143574975,TRUE
"CID44971_CGTAGCGCATGGATGG",0.249777149942689,FALSE
"CID44971_CGTAGCGTCGAACTGT",0.172878842574211,TRUE
"CID44971_CGTAGGCAGCACCGCT",0.309550253727284,TRUE
"CID44971_CGTCACTGTATGAATG",0.214610598718251,FALSE
"CID44971_CGTCACTTCAAGGTAA",0.159644829213576,TRUE
"CID44971_CGTCACTTCGGTGTTA",0.178930627826474,FALSE
"CID44971_CGTCAGGAGGCTACGA",0.166085782602461,TRUE
"CID44971_CGTCAGGAGTCGATAA",0.225512607709771,FALSE
"CID44971_CGTCAGGCAGACGCAA",0.227518887317109,FALSE
"CID44971_CGTGAGCAGGCAAAGA",0.271692242768181,TRUE
"CID44971_CGTGAGCTCTAAGCCA",0.199554804587281,FALSE
"CID44971_CGTGTAAAGGCATGTG",0.175997136743103,TRUE
"CID44971_CGTGTAAGTGAAAGAG",0.193046822057272,FALSE
"CID44971_CGTGTCTGTCTCAACA",0.469605562598755,FALSE
"CID44971_CGTTAGAAGGACCACA",0.280007197186959,FALSE
"CID44971_CGTTAGACAATACGCT",0.186252545604211,FALSE
"CID44971_CGTTAGATCAGAAATG",0.463972109460336,FALSE
"CID44971_CGTTCTGCAGGCAGTA",0.191480860091049,FALSE
"CID44971_CGTTCTGGTATCAGTC",0.180746212518336,TRUE
"CID44971_CGTTCTGGTATCGCAT",0.250399545619473,FALSE
"CID44971_CGTTGGGCAAGTCTGT",0.164297546650139,TRUE
"CID44971_CGTTGGGGTGGCGAAT",0.178003281036348,FALSE
"CID44971_CGTTGGGGTTCTGTTT",0.257621195124426,FALSE
"CID44971_CTAAGACAGGCACATG",0.176899962010093,TRUE
"CID44971_CTAATGGTCCTACAGA",0.178711483630797,TRUE
"CID44971_CTACACCAGTACGATA",0.442451883549063,FALSE
"CID44971_CTACATTAGTCAAGGC",0.169680618307353,TRUE
"CID44971_CTACATTCACCAGGCT",0.179730413655726,FALSE
"CID44971_CTACATTCATGAGCGA",0.2412932739394,FALSE
"CID44971_CTACATTGTTCCGTCT",0.181115206844854,TRUE
"CID44971_CTACCCACAAGGACTG",0.166960955926902,TRUE
"CID44971_CTACCCAGTCATGCAT",0.232046638253874,FALSE
"CID44971_CTACGTCGTCGTCTTC",0.208583935485549,TRUE
"CID44971_CTACGTCTCTCCGGTT",0.255733409067867,TRUE
"CID44971_CTAGAGTAGTTTCCTT",0.185364386326207,TRUE
"CID44971_CTAGAGTGTATCAGTC",0.198144136676159,FALSE
"CID44971_CTAGCCTCAATCTGCA",0.314084106564492,FALSE
"CID44971_CTAGCCTCAGGTGCCT",0.176947217860655,FALSE
"CID44971_CTAGCCTCATTTGCCC",0.176626835087484,FALSE
"CID44971_CTAGCCTTCTTGCAAG",0.272173751283429,FALSE
"CID44971_CTAGTGAAGCAGGTCA",0.172019298153449,TRUE
"CID44971_CTAGTGAGTAAGGGAA",0.173097228616454,TRUE
"CID44971_CTCAGAAGTAATAGCA",0.848420268688072,FALSE
"CID44971_CTCATTAGTCCGAAGA",0.160245968649107,TRUE
"CID44971_CTCGAAAAGGGTCTCC",0.186989729277441,FALSE
"CID44971_CTCGAAAGTACTCAAC",0.214192827433198,FALSE
"CID44971_CTCGAAAGTATGGTTC",0.176028300701722,FALSE
"CID44971_CTCGAAAGTCAACATC",0.403388240994529,FALSE
"CID44971_CTCGAGGGTGCAACGA",0.169385621789802,TRUE
"CID44971_CTCGAGGGTGGCAAAC",0.157735434731706,TRUE
"CID44971_CTCGGAGAGTAGGCCA",0.174391854998581,TRUE
"CID44971_CTCGGAGCAAGGTTTC",0.384557954756532,FALSE
"CID44971_CTCGGGAGTCACTGGC",0.316173572751583,FALSE
"CID44971_CTCTACGAGGCGCTCT",0.240545433932897,FALSE
"CID44971_CTCTACGCAGCTCCGA",0.179841984149537,FALSE
"CID44971_CTCTACGCATCCTTGC",0.310961930059072,TRUE
"CID44971_CTCTACGTCTGGCGTG",0.196188108884951,TRUE
"CID44971_CTCTGGTGTATTCGTG",0.320694089602568,FALSE
"CID44971_CTGAAACAGACGCTTT",0.188925901592094,TRUE
"CID44971_CTGAAACGTGTTTGGT",0.265048502359824,FALSE
"CID44971_CTGATCCGTAAGGATT",0.248858341368999,FALSE
"CID44971_CTGATCCTCTGCCAGG",0.174342860653415,TRUE
"CID44971_CTGCCTACACATGACT",0.21987110254459,FALSE
"CID44971_CTGCCTATCACTATTC",0.180535881873221,TRUE
"CID44971_CTGCCTATCGGTGTTA",0.180481687108495,TRUE
"CID44971_CTGCGGACATGCCTTC",0.170803760735072,TRUE
"CID44971_CTGCGGAGTCCAAGTT",0.196206935704279,TRUE
"CID44971_CTGCGGATCGGTTAAC",0.208091952770541,FALSE
"CID44971_CTGCTGTCAAGTCTGT",0.229732941327533,FALSE
"CID44971_CTGGTCTCATCGACGC",0.200132221892989,FALSE
"CID44971_CTGTGCTGTACCGAGA",0.188095097431996,FALSE
"CID44971_CTGTGCTTCATCTGTT",0.188876125193943,TRUE
"CID44971_CTTACCGGTAACGTTC",0.263815640930825,TRUE
"CID44971_CTTACCGGTAGGACAC",0.326764666850741,FALSE
"CID44971_CTTACCGTCGGCTACG",0.275160950646329,TRUE
"CID44971_CTTCTCTCACAGACTT",0.174180413567618,TRUE
"CID44971_CTTTGCGCATGCAACT",0.327585250036703,FALSE
"CID44971_CTTTGCGCATGGATGG",0.165901317659286,TRUE
"CID44971_CTTTGCGTCTGGAGCC",0.176994084733114,TRUE
"CID44971_GAAACTCCAACGATCT",0.344141908312555,FALSE
"CID44971_GAAACTCGTGCACTTA",0.210461477533922,FALSE
"CID44971_GAAACTCTCCGCAGTG",0.184734720949856,TRUE
"CID44971_GAAATGAAGTCCTCCT",0.168253006679232,TRUE
"CID44971_GAAATGACAGAGTGTG",0.194416037023382,FALSE
"CID44971_GAAATGATCAAGGCTT",0.18543916836864,TRUE
"CID44971_GAAATGATCAGCTCGG",0.172554452015456,TRUE
"CID44971_GAAATGATCGAACTGT",0.177300144429479,TRUE
"CID44971_GAACGGATCGCCTGTT",0.195563191988862,FALSE
"CID44971_GAAGCAGAGCGATATA",0.218344213806601,TRUE
"CID44971_GAAGCAGGTTATTCTC",0.172293422167787,TRUE
"CID44971_GAAGCAGTCCAGGGCT",0.277955237984239,TRUE
"CID44971_GAATAAGAGGATCGCA",0.203684316268816,FALSE
"CID44971_GAATAAGGTTTAGGAA",0.489089435909618,FALSE
"CID44971_GAATGAAAGTAGCGGT",0.234171573293867,TRUE
"CID44971_GAATGAAGTGCAACTT",0.190114187390849,FALSE
"CID44971_GACACGCTCAGGCCCA",0.194050755222073,FALSE
"CID44971_GACAGAGTCACATAGC",0.157800402171379,TRUE
"CID44971_GACCAATTCACGATGT",0.176064630182116,FALSE
"CID44971_GACCTGGAGAGCTATA",0.168016929744955,TRUE
"CID44971_GACCTGGAGCTACCTA",0.265472176393371,FALSE
"CID44971_GACCTGGAGTGGTAAT",0.891199748869922,FALSE
"CID44971_GACCTGGCAGCCAGAA",0.153486484807393,TRUE
"CID44971_GACCTGGGTAGCGTAG",0.164490117774334,TRUE
"CID44971_GACGGCTAGCGTAGTG",0.246251845852647,FALSE
"CID44971_GACGTTAAGCTGATAA",0.176128000589361,TRUE
"CID44971_GACTAACAGTCTTGCA",0.281504407951537,TRUE
"CID44971_GACTACAAGGATCGCA",0.340004048388179,FALSE
"CID44971_GACTACAGTAAAGGAG",0.194617153955882,FALSE
"CID44971_GACTACAGTAATCGTC",0.173209551883379,TRUE
"CID44971_GACTGCGAGATGAGAG",0.625250765611076,FALSE
"CID44971_GAGGTGACAAGCTGGA",0.193330916008658,FALSE
"CID44971_GAGTCCGCAATGGATA",0.176480776062682,TRUE
"CID44971_GAGTCCGCACAAGACG",0.393624805510636,FALSE
"CID44971_GATCAGTCACAACTGT",0.177322509973471,TRUE
"CID44971_GATCAGTGTCTGCGGT",0.252860141097447,FALSE
"CID44971_GATCAGTTCCATGCTC",0.173776835813099,TRUE
"CID44971_GATCGCGAGTACGTTC",0.274860120577598,FALSE
"CID44971_GATCGTAGTTGGGACA",0.202390120926935,FALSE
"CID44971_GATCGTATCAGTGTTG",0.168331583965854,TRUE
"CID44971_GATCTAGGTAAACACA",0.832393296729809,FALSE
"CID44971_GATGAAACAATCCAAC",0.177471388566045,FALSE
"CID44971_GATGAAATCCGAGCCA",0.234891472822947,FALSE
"CID44971_GATGAGGAGTGTGAAT",0.229288620246442,TRUE
"CID44971_GATGAGGCAGACTCGC",0.376656919234083,FALSE
"CID44971_GCAAACTAGACAGACC",0.364628214238135,FALSE
"CID44971_GCAATCAAGCAGACTG",0.194799957219869,FALSE
"CID44971_GCAATCAAGGAGTAGA",0.156562948180173,TRUE
"CID44971_GCAATCACAGTCAGCC",0.576208489816639,FALSE
"CID44971_GCACATAGTACATCCA",0.162682368864688,TRUE
"CID44971_GCACTCTAGCCACTAT",0.177070458039256,TRUE
"CID44971_GCAGCCAAGACCTTTG",0.181954258863976,FALSE
"CID44971_GCAGCCAGTGCAGGTA",0.172849207501697,TRUE
"CID44971_GCAGCCAGTTCAACCA",0.210724089813882,FALSE
"CID44971_GCAGTTAAGACAGGCT",0.342020489062956,FALSE
"CID44971_GCAGTTACAGGTCTCG",0.246190052109703,FALSE
"CID44971_GCATACAGTTTGACTG",0.846755747294813,FALSE
"CID44971_GCATGATAGATCACGG",0.167854265923557,TRUE
"CID44971_GCATGATGTAGTGAAT",0.200455916183199,TRUE
"CID44971_GCATGCGAGAGCTGGT",0.17694442651735,TRUE
"CID44971_GCATGCGGTTACGCGC",0.17583354753494,FALSE
"CID44971_GCATGCGTCGTAGGAG",0.174922866110008,TRUE
"CID44971_GCATGTAGTGGACGAT",0.99992229145865,FALSE
"CID44971_GCGACCAAGGTGATTA",0.172710187625582,TRUE
"CID44971_GCGACCAGTCACAAGG",0.182512289845482,FALSE
"CID44971_GCGAGAACAGGCGATA",0.225863180247843,FALSE
"CID44971_GCGCAACGTTTGTTGG",0.17425559183566,TRUE
"CID44971_GCGCAGTCAGTGAGTG",0.174810477176828,TRUE
"CID44971_GCGCAGTGTAGCAAAT",0.173923966499733,TRUE
"CID44971_GCGCGATGTTCACCTC",0.163507032722242,TRUE
"CID44971_GCGCGATGTTGATTCG",0.203735212975448,FALSE
"CID44971_GCGCGATTCTCACATT",0.263103830034607,FALSE
"CID44971_GCTCCTAAGTGTTTGC",0.183678727607903,FALSE
"CID44971_GCTCTGTAGGACGAAA",0.180210955787237,FALSE
"CID44971_GCTCTGTCAGCGATCC",0.162626966782818,TRUE
"CID44971_GCTGCAGCAGTTCCCT",0.175302842345335,TRUE
"CID44971_GCTGCGATCTTAGAGC",0.263412029980958,FALSE
"CID44971_GGAAAGCTCAATACCG",0.226188885577251,TRUE
"CID44971_GGAACTTAGGGCACTA",0.233668245962169,TRUE
"CID44971_GGAACTTGTACATGTC",0.180392810394446,FALSE
"CID44971_GGAACTTGTTCAGACT",0.173212539448497,TRUE
"CID44971_GGACATTCACGAAAGC",0.237449490581006,FALSE
"CID44971_GGACGTCGTCGAGATG",0.190614389637949,FALSE
"CID44971_GGAGCAATCGTCTGCT",0.263501829663058,FALSE
"CID44971_GGATGTTGTCTCTTAT",0.177601390521632,FALSE
"CID44971_GGATTACAGTCGAGTG",0.213646093326041,TRUE
"CID44971_GGATTACAGTCGTACT",0.179314824442613,TRUE
"CID44971_GGATTACGTGAGGCTA",0.187216404832119,TRUE
"CID44971_GGATTACTCCCAGGTG",0.320650705191482,FALSE
"CID44971_GGCAATTAGTCTCAAC",0.442332844609623,FALSE
"CID44971_GGCAATTTCATCGGAT",0.218568281281003,FALSE
"CID44971_GGCGACTCAGGAATCG",0.273750707668904,FALSE
"CID44971_GGCGACTCATCAGTCA",0.183910675273539,TRUE
"CID44971_GGCGACTGTGAAATCA",0.179640259914772,TRUE
"CID44971_GGCGACTGTGACGCCT",0.255218972731264,FALSE
"CID44971_GGCTCGACAGCTCGCA",0.224794701490567,TRUE
"CID44971_GGCTCGAGTTGGTAAA",0.326313973699625,FALSE
"CID44971_GGCTCGATCTGCGTAA",0.174607070831876,TRUE
"CID44971_GGCTGGTAGACTTGAA",0.196856501293666,TRUE
"CID44971_GGCTGGTAGATGCCTT",0.481830429575185,FALSE
"CID44971_GGCTGGTAGCGATATA",0.349995619480353,FALSE
"CID44971_GGGAATGGTACCGTAT",0.350421672610921,FALSE
"CID44971_GGGAATGTCCTTTCGG",0.175934658157802,TRUE
"CID44971_GGGACCTAGTTTCCTT",0.178436012896559,TRUE
"CID44971_GGGAGATCATTACCTT",0.221546093901095,FALSE
"CID44971_GGGATGACAAAGGCGT",0.185556159868269,TRUE
"CID44971_GGGATGACAATGGATA",0.718602167788583,FALSE
"CID44971_GGGATGACACACGCTG",0.172549840204246,TRUE
"CID44971_GGGATGAGTGAAAGAG",0.230378963031305,TRUE
"CID44971_GGGCACTCACGCCAGT",0.171692971037691,TRUE
"CID44971_GGGCACTGTAATCGTC",0.165801753564032,TRUE
"CID44971_GGGCATCGTTAAAGTG",0.220750503790431,FALSE
"CID44971_GGGTCTGAGGTGATAT",0.187595236305371,TRUE
"CID44971_GGGTCTGGTGAGCGAT",0.185462299933938,FALSE
"CID44971_GGGTTGCAGGGATCTG",0.181914509191614,TRUE
"CID44971_GGGTTGCCACATCCAA",0.197204410410574,FALSE
"CID44971_GGTATTGCAGGCTCAC",0.560342959373034,FALSE
"CID44971_GGTATTGTCTGCGACG",0.367875812263054,FALSE
"CID44971_GGTGAAGCAGGACGTA",0.458574782046903,FALSE
"CID44971_GGTGAAGGTTAAGACA",0.595564738826354,FALSE
"CID44971_GGTGCGTCAAGAGGCT",0.360623063327613,FALSE
"CID44971_GGTGTTACATTAGCCA",0.987211593155458,FALSE
"CID44971_GGTGTTATCATCGCTC",0.174326880313656,TRUE
"CID44971_GTACGTAGTTGCGTTA",0.173091085648629,TRUE
"CID44971_GTACGTATCGAGCCCA",0.191692931591312,FALSE
"CID44971_GTACTCCGTCATACTG",0.186024690872158,FALSE
"CID44971_GTACTCCTCCATTCTA",0.167212429703575,TRUE
"CID44971_GTACTTTGTTCAGACT",0.169878159598307,TRUE
"CID44971_GTACTTTTCCAGAAGG",0.171776305501192,TRUE
"CID44971_GTAGTCAAGCCACGCT",0.198774797091171,FALSE
"CID44971_GTATTCTAGGCTACGA",0.162130449564942,TRUE
"CID44971_GTATTCTCACTGAAGG",0.222243716558795,TRUE
"CID44971_GTCAAGTGTAGCGTGA",0.175898247428477,TRUE
"CID44971_GTCAAGTTCCGCGTTT",0.203988705648284,TRUE
"CID44971_GTCACAACAGCCAATT",0.16361012132647,TRUE
"CID44971_GTCACAATCGCATGGC",0.265410789906787,FALSE
"CID44971_GTCACGGAGCAATATG",0.162633618904411,TRUE
"CID44971_GTCACGGGTAGAGCTG",0.208178152024499,FALSE
"CID44971_GTCACGGGTAGGAGTC",0.166775107965219,TRUE
"CID44971_GTCACGGGTGCTTCTC",0.214500119308192,TRUE
"CID44971_GTCATTTAGAGTGACC",0.17477630598318,TRUE
"CID44971_GTCCTCACAGGAATGC",0.19460785664195,FALSE
"CID44971_GTCCTCAGTTTGCATG",0.171841828972062,TRUE
"CID44971_GTCCTCATCGGAGCAA",0.261652714478997,FALSE
"CID44971_GTCCTCATCTGAGTGT",0.176112445334695,TRUE
"CID44971_GTCGTAAAGGCAATTA",0.813859035149848,FALSE
"CID44971_GTCTCGTAGGATGTAT",0.239333596268132,TRUE
"CID44971_GTCTTCGAGCCTTGAT",0.167277535361903,TRUE
"CID44971_GTGAAGGTCCACGTGG",0.258418969805464,FALSE
"CID44971_GTGCAGCGTGCACTTA",0.174537675044301,TRUE
"CID44971_GTGCATAAGTACATGA",0.348620297683964,FALSE
"CID44971_GTGCATACATCACGAT",0.342997860905976,FALSE
"CID44971_GTGCATAGTATTCTCT",0.174952147006893,TRUE
"CID44971_GTGCATAGTGTAATGA",0.973071288968251,FALSE
"CID44971_GTGCGGTAGCCACGCT",0.197272230634689,FALSE
"CID44971_GTGCGGTTCGTTACAG",0.247410194433146,FALSE
"CID44971_GTGCGGTTCTGGAGCC",0.190084342483807,FALSE
"CID44971_GTGCTTCGTAGCAAAT",0.469759937435246,FALSE
"CID44971_GTGCTTCTCTCTAGGA",0.183640267098302,TRUE
"CID44971_GTGGGTCAGAGTCTGG",0.257887461308198,FALSE
"CID44971_GTGGGTCCACATGACT",0.169766966346626,TRUE
"CID44971_GTGGGTCGTTTACTCT",0.165752620710543,TRUE
"CID44971_GTGTGCGCAGCTTAAC",0.175756840139033,TRUE
"CID44971_GTGTGCGCAGTATCTG",0.248318358000022,TRUE
"CID44971_GTGTGCGTCAGCAACT",0.163275065295021,TRUE
"CID44971_GTGTGCGTCGTCCAGG",0.183229674876919,TRUE
"CID44971_GTGTTAGTCCTTTCGG",0.180493727130249,TRUE
"CID44971_GTTAAGCCACCGGAAA",0.175827292135805,FALSE
"CID44971_GTTAAGCGTCCGACGT",0.218489852242957,TRUE
"CID44971_GTTAAGCTCTCTGTCG",0.953505326682887,FALSE
"CID44971_GTTCATTAGGTGCTTT",0.22586554120005,TRUE
"CID44971_GTTCATTTCTCCCTGA",0.169933577549657,TRUE
"CID44971_GTTCGGGCAGTCGATT",0.20627608883442,FALSE
"CID44971_GTTCGGGGTTACTGAC",0.174700539450996,TRUE
"CID44971_GTTCTCGAGGGAACGG",0.280463394601298,TRUE
"CID44971_GTTCTCGAGGTGCAAC",0.173922895459629,TRUE
"CID44971_GTTCTCGGTCATCCCT",0.178420178247386,FALSE
"CID44971_GTTTCTAAGCTAGTGG",0.660877269551886,FALSE
"CID44971_TAAACCGTCGCGTTTC",0.508869505991439,TRUE
"CID44971_TAAGAGAAGCTTTGGT",0.178108447850824,FALSE
"CID44971_TAAGAGAAGGTGACCA",0.173540301464747,TRUE
"CID44971_TAAGTGCCACATTCGA",0.233768591679408,FALSE
"CID44971_TAAGTGCCAGTGAGTG",0.280522872936883,FALSE
"CID44971_TAAGTGCGTAGGAGTC",0.179287837632825,FALSE
"CID44971_TAAGTGCGTCGCATAT",0.174524199876036,TRUE
"CID44971_TACACGAAGAGGGATA",0.177430869359519,TRUE
"CID44971_TACAGTGTCAACGGGA",0.16968388763803,TRUE
"CID44971_TACAGTGTCGATAGAA",0.180882804423274,FALSE
"CID44971_TACCTTACATAGACTC",0.288570946166323,FALSE
"CID44971_TACCTTACATGGTCTA",0.16801480299569,TRUE
"CID44971_TACCTTATCGAGGTAG",0.197030853881062,TRUE
"CID44971_TACGGGCAGTGCCATT",0.371014163081353,FALSE
"CID44971_TACGGGCCAGACAAAT",0.195075657851529,FALSE
"CID44971_TACGGGCGTACGCTGC",0.914512467885741,FALSE
"CID44971_TACGGTAAGCTATGCT",0.326775770013062,FALSE
"CID44971_TACTCGCTCCAATGGT",0.168786877220142,TRUE
"CID44971_TACTTACAGTTGTAGA",0.725309108253613,FALSE
"CID44971_TACTTACCAATTGCTG",0.166942493216024,TRUE
"CID44971_TAGACCAAGCCAGTTT",0.163858583108691,TRUE
"CID44971_TAGACCATCTTTACGT",0.174388760939729,TRUE
"CID44971_TAGCCGGAGCTCCTTC",0.242856932167731,TRUE
"CID44971_TAGCCGGTCATCTGTT",0.179747251257532,FALSE
"CID44971_TAGGCATTCAATAAGG",0.179001509046454,FALSE
"CID44971_TAGGCATTCTGAAAGA",0.240551919605912,TRUE
"CID44971_TAGTTGGGTTCCACTC",0.178084658023241,TRUE
"CID44971_TAGTTGGGTTTCCACC",0.287147520795134,FALSE
"CID44971_TAGTTGGTCTGCGACG",0.206527836040927,FALSE
"CID44971_TATCAGGCACAACTGT",0.1752352296004,TRUE
"CID44971_TATCAGGGTACAGTGG",0.181400948050516,FALSE
"CID44971_TCAACGAAGATGCCTT",0.174022795835743,TRUE
"CID44971_TCAACGAAGTGTGAAT",0.201657189891326,FALSE
"CID44971_TCAATCTGTGCGGTAA",0.301053879074153,FALSE
"CID44971_TCAATCTTCTTAACCT",0.182927148138419,TRUE
"CID44971_TCACAAGGTAGGGTAC",0.175310705328644,TRUE
"CID44971_TCACAAGGTTGATTCG",0.172315571441152,TRUE
"CID44971_TCACAAGTCTTAGAGC",0.183179971937514,FALSE
"CID44971_TCACGAAAGGATGGAA",0.18477849323404,FALSE
"CID44971_TCAGATGAGCGCCTCA",0.281757529534167,FALSE
"CID44971_TCAGCAATCAAAGACA",0.241183317460386,FALSE
"CID44971_TCAGCTCAGCAAATCA",0.228967358347045,FALSE
"CID44971_TCAGCTCAGGAGTACC",0.200166395502265,TRUE
"CID44971_TCAGCTCCAACTTGAC",0.999337791159416,FALSE
"CID44971_TCAGCTCGTGCAGACA",0.178063809406436,TRUE
"CID44971_TCAGGATCAGTCAGAG",0.237569157706356,TRUE
"CID44971_TCAGGTACACTCGACG",0.213435528079108,FALSE
"CID44971_TCATTACGTGCCTGGT",0.410012678562928,TRUE
"CID44971_TCCACACGTCCCGACA",0.756936574397983,FALSE
"CID44971_TCCCGATAGAGTCTGG",0.173884855039462,TRUE
"CID44971_TCCCGATAGTCAAGCG",0.224517934324795,TRUE
"CID44971_TCCCGATCACTGTTAG",0.186383472963972,TRUE
"CID44971_TCGAGGCGTTCGCGAC",0.246912488126789,FALSE
"CID44971_TCGAGGCTCAGAGCTT",0.417427353057166,FALSE
"CID44971_TCGCGAGAGCTGAAAT",0.169069593440418,TRUE
"CID44971_TCGCGAGCACCAACCG",0.179176867796198,FALSE
"CID44971_TCGCGTTAGATGTGGC",0.160581641265572,TRUE
"CID44971_TCGCGTTCAGCTGCAC",0.160837114227573,TRUE
"CID44971_TCGCGTTGTTACGTCA",0.177013812956905,TRUE
"CID44971_TCGCGTTTCTGGCGTG",0.225423424438518,FALSE
"CID44971_TCGGGACGTCAAGCGA",0.170164708180633,TRUE
"CID44971_TCGGTAAGTTAAGAAC",0.205912045938212,FALSE
"CID44971_TCGTACCAGAAACGCC",0.170078915706011,TRUE
"CID44971_TCGTACCCACCAGATT",0.174610814131414,TRUE
"CID44971_TCGTACCGTGAGGCTA",0.349057876093184,FALSE
"CID44971_TCGTACCGTGTAATGA",0.172114849929547,TRUE
"CID44971_TCGTAGATCTCATTCA",0.18301459269139,TRUE
"CID44971_TCGTAGATCTGTTGAG",0.385817570447053,TRUE
"CID44971_TCTATTGAGCACCGTC",0.177634880400781,TRUE
"CID44971_TCTCATAGTCCAACTA",0.17667034663858,TRUE
"CID44971_TCTCATATCTACCAGA",0.330062030454457,FALSE
"CID44971_TCTCTAACAGATCTGT",0.269400192039611,FALSE
"CID44971_TCTCTAACAGTAAGAT",0.17974070084602,TRUE
"CID44971_TCTCTAATCGTTGACA",0.345736290969035,TRUE
"CID44971_TCTGAGACAATGGATA",0.162163241781374,TRUE
"CID44971_TCTGGAACAAGGTTTC",0.165997599294048,TRUE
"CID44971_TCTGGAACATCGGAAG",0.183277842681458,FALSE
"CID44971_TCTGGAATCACCTCGT",0.174634772537871,TRUE
"CID44971_TCTGGAATCAGCAACT",0.321207628692794,FALSE
"CID44971_TCTTCGGAGCATCATC",0.247929753265448,FALSE
"CID44971_TCTTTCCAGACGCTTT",0.196848809609003,FALSE
"CID44971_TCTTTCCAGAGGTTGC",0.183441959139804,FALSE
"CID44971_TCTTTCCAGGCTCTTA",0.181470731560309,TRUE
"CID44971_TGAAAGACACGGCTAC",0.397796439771371,FALSE
"CID44971_TGAAAGAGTGGTCCGT",0.27944032684566,FALSE
"CID44971_TGACAACAGAGCTGGT",0.171338558512727,TRUE
"CID44971_TGACAACGTGCAGTAG",0.241654377935695,FALSE
"CID44971_TGACGGCGTAGCGTAG",0.18836625389255,FALSE
"CID44971_TGACTAGTCACCCTCA",0.695775640956613,FALSE
"CID44971_TGACTAGTCAGTTCGA",0.306776368510516,TRUE
"CID44971_TGACTAGTCGTTGCCT",0.187306756462174,FALSE
"CID44971_TGACTTTTCAGCTTAG",0.357025918094288,FALSE
"CID44971_TGACTTTTCTGTTGAG",0.190419302533714,TRUE
"CID44971_TGAGAGGGTAAGAGGA",0.172256888510479,TRUE
"CID44971_TGAGAGGTCAACACTG",0.246141328240945,TRUE
"CID44971_TGAGCATAGCTGAACG",0.180520556587562,FALSE
"CID44971_TGAGCATCAAGCCGTC",0.164153580553671,TRUE
"CID44971_TGAGCATCATCTACGA",0.210236785013835,FALSE
"CID44971_TGCACCTGTGAAGGCT",0.204162943961153,TRUE
"CID44971_TGCACCTTCCTGCTTG",0.281550628481401,FALSE
"CID44971_TGCCAAAGTAAGAGGA",0.212122727248147,FALSE
"CID44971_TGCCAAAGTCCAACTA",0.153255412174577,TRUE
"CID44971_TGCCAAAGTTCCTCCA",0.254048871703305,FALSE
"CID44971_TGCCCATCACCAGGTC",0.174389507284105,TRUE
"CID44971_TGCCCATGTCGCCATG",0.184700844718979,FALSE
"CID44971_TGCGCAGCATCGATGT",0.163837627829122,TRUE
"CID44971_TGCGCAGTCCATGAAC",0.168643460670053,TRUE
"CID44971_TGCGGGTAGCGTTTAC",0.178210895952108,FALSE
"CID44971_TGCGGGTCAGTAACGG",0.285328362192918,FALSE
"CID44971_TGCTACCTCAGGCGAA",0.623306596190943,FALSE
"CID44971_TGCTGCTAGATGCCAG",0.180061482441128,TRUE
"CID44971_TGCTGCTTCCAGTAGT",0.160596109613284,TRUE
"CID44971_TGGACGCCACTGAAGG",0.210330569773309,TRUE
"CID44971_TGGCCAGAGAGCTGCA",0.174213192569148,TRUE
"CID44971_TGGCGCAAGTTAAGTG",0.187419564839161,TRUE
"CID44971_TGGCTGGAGCCACTAT",0.231613498843428,FALSE
"CID44971_TGGGAAGAGAGAACAG",0.172140016304003,TRUE
"CID44971_TGGGAAGCACGCGAAA",0.196962492040549,FALSE
"CID44971_TGGTTAGCAAAGGTGC",0.171223432822889,TRUE
"CID44971_TGGTTCCCACCAGGCT",0.184086061714445,FALSE
"CID44971_TGGTTCCTCAAACCAC",0.254843244212442,FALSE
"CID44971_TGTATTCAGGATATAC",0.169635857786528,TRUE
"CID44971_TGTCCCATCCGAACGC",0.251342385029388,FALSE
"CID44971_TGTGGTAGTTGTCTTT",0.322707201927651,FALSE
"CID44971_TGTGGTATCTCGTATT",0.272000339477307,FALSE
"CID44971_TGTGGTATCTGCTGCT",0.186713343247544,TRUE
"CID44971_TGTTCCGCAATCGGTT",0.182245942009592,TRUE
"CID44971_TTAACTCAGAAGATTC",0.218239750990055,TRUE
"CID44971_TTAACTCCATGGGACA",0.207470230382447,FALSE
"CID44971_TTAACTCGTGCTGTAT",0.172566015744821,TRUE
"CID44971_TTAGGACAGATACACA",0.165503733516587,TRUE
"CID44971_TTAGGACCACGACGAA",0.4252910246154,FALSE
"CID44971_TTAGGCATCACTCCTG",0.20423584360473,TRUE
"CID44971_TTAGGCATCCGATATG",0.181018097056091,FALSE
"CID44971_TTAGTTCCACTAGTAC",0.200940117725996,TRUE
"CID44971_TTAGTTCCAGTCAGAG",0.252737629136995,FALSE
"CID44971_TTAGTTCCATGGGACA",0.538509839088785,FALSE
"CID44971_TTCCCAGAGACTCGGA",0.166579732821231,TRUE
"CID44971_TTCGGTCTCATGTCTT",0.168701600474298,TRUE
"CID44971_TTCGGTCTCTCTGTCG",0.182128303047538,FALSE
"CID44971_TTCTACAGTCGCTTCT",0.181900465263797,TRUE
"CID44971_TTCTCCTCACAAGCCC",0.174223747057526,TRUE
"CID44971_TTCTTAGAGACTAGAT",0.17695026138962,TRUE
"CID44971_TTCTTAGCAGTCCTTC",0.236589117570412,TRUE
"CID44971_TTCTTAGGTACTTAGC",0.262095899652366,FALSE
"CID44971_TTGAACGAGAGGGATA",0.168772989372995,TRUE
"CID44971_TTGACTTGTTACCGAT",0.171226153780222,TRUE
"CID44971_TTGCCGTGTATAATGG",0.179825312463283,FALSE
"CID44971_TTGGAACTCTGGCGTG",0.1764391653813,FALSE
"CID44971_TTGGCAACATAGGATA",0.173195286165186,TRUE
"CID44971_TTGGCAAGTATTCTCT",0.187861680436071,TRUE
"CID44971_TTGTAGGAGGCACATG",0.191609426814676,TRUE
"CID44971_TTGTAGGCACCGAAAG",0.519889160284937,FALSE
"CID44971_TTGTAGGCATTGGGCC",0.216054724271336,TRUE
"CID44971_TTTACTGTCAGGATCT",0.172973718177213,TRUE
"CID44971_TTTGCGCAGCTGAACG",0.274840005625644,TRUE
"CID44971_TTTGCGCGTGGGTCAA",0.178181061092036,FALSE
"CID44971_TTTGTCACACGTCTCT",0.179387256849377,FALSE
"CID44971_TTTGTCATCACCAGGC",0.94673873931429,FALSE
"CID44971_AACTCTTGTAAGAGAG",0.193306197927569,TRUE
"CID44971_ACCCACTGTCAGCTAT",0.26804970651646,TRUE
"CID44971_ACGGAGATCGAGGTAG",0.18340385878123,TRUE
"CID44971_ACTGTCCGTAAATGTG",0.367920764195555,TRUE
"CID44971_ATAAGAGGTTAAGACA",0.135725780165926,TRUE
"CID44971_CAACTAGGTACGCACC",0.228616695135949,TRUE
"CID44971_CGGACGTAGCTAGTTC",0.178415163564222,FALSE
"CID44971_CGTAGGCGTTAAGTAG",0.171216197893091,TRUE
"CID44971_CTAACTTGTAAATGTG",0.210583877142863,FALSE
"CID44971_CTGTTTATCAGCATGT",0.173778726084271,TRUE
"CID44971_CTTAACTAGTTTAGGA",0.420797652508847,FALSE
"CID44971_GAGCAGAAGACTGTAA",0.219216835863233,TRUE
"CID44971_GATCTAGCACTTAAGC",0.170977757005472,TRUE
"CID44971_GCCAAATCACGAAATA",0.347502280107835,FALSE
"CID44971_GTAGTCAGTTCGTGAT",0.189272985820015,FALSE
"CID44971_GTTACAGGTACCGTTA",0.398450606289526,TRUE
"CID44971_TACCTATAGAGTAATC",0.250955270531096,FALSE
"CID44971_TAGAGCTGTTAAGATG",0.183125299369966,FALSE
"CID44971_ATCATGGGTCTGCGGT",0.161547069505169,TRUE
"CID44971_CGTAGCGCACCGATAT",0.23519844658487,FALSE
"CID44971_TAGCCGGCAGTGGAGT",0.223408255997782,FALSE
"CID44971_GACTGCGAGTGACATA",0.162269668072644,TRUE
"CID44971_CCTCTGATCGAGAACG",0.137098670363424,TRUE
"CID44971_CGGTTAAAGGCATGTG",0.201723829784882,TRUE
"CID44971_TTCTACAGTCACACGC",0.578782278000344,FALSE
"CID44971_AAACCTGAGCATCATC",0.230815754427828,FALSE
"CID44971_AACCATGCACAGACTT",0.122034347122784,TRUE
"CID44971_AACCGCGGTTTGCATG",0.764841966328601,FALSE
"CID44971_AACGTTGGTTCCGGCA",0.227897577269275,FALSE
"CID44971_AACTCAGGTGCCTGCA",0.284129875685147,FALSE
"CID44971_AAGCCGCGTCAAAGCG",0.20164860220272,FALSE
"CID44971_AAGGAGCGTCTTGCGG",0.184607508594491,FALSE
"CID44971_AAGGTTCTCAAAGACA",0.329984673475988,FALSE
"CID44971_AAGTCTGAGGCGCTCT",0.201422094424996,FALSE
"CID44971_AATCCAGGTAAGGGCT",0.258893626758775,FALSE
"CID44971_AATCGGTTCCTTAATC",0.210368940155764,TRUE
"CID44971_ACACCAAGTAAATGAC",0.535433091822434,FALSE
"CID44971_ACACCCTAGTATCGAA",0.176006403133568,TRUE
"CID44971_ACATGGTAGAGTACCG",0.657829528191265,FALSE
"CID44971_ACGAGCCAGACAAAGG",0.937067655116975,FALSE
"CID44971_ACGAGGACACACAGAG",0.233233722371047,FALSE
"CID44971_ACGCCGATCTGTCTCG",0.549423618798775,FALSE
"CID44971_ACGGAGACACGAAAGC",0.182681453004076,TRUE
"CID44971_ACGTCAACAAGTTAAG",0.227114930346433,FALSE
"CID44971_ACTGAACCAATTGCTG",0.459307740848909,FALSE
"CID44971_ACTGATGGTCCTAGCG",0.711568719111634,FALSE
"CID44971_ACTGTCCAGTACACCT",0.363457954990303,FALSE
"CID44971_ACTTTCAGTCCAACTA",0.187374862793634,TRUE
"CID44971_ACTTTCAGTCGAAAGC",0.396787229298291,FALSE
"CID44971_AGAATAGGTTCCACAA",0.173462292067193,TRUE
"CID44971_AGAGCTTGTAGCTAAA",0.786806658387475,FALSE
"CID44971_AGCATACTCACATACG",0.182978462975667,FALSE
"CID44971_AGCCTAACAATAGCAA",0.16818203068719,TRUE
"CID44971_AGCTTGAAGGATTCGG",0.433215879987519,FALSE
"CID44971_ATAACGCTCGAACTGT",0.269378224941248,TRUE
"CID44971_ATTCTACGTATTCTCT",0.212474560731556,FALSE
"CID44971_ATTGGACGTGTGACGA",0.177267053849117,FALSE
"CID44971_CAACCTCGTTCAGACT",0.54309982784772,FALSE
"CID44971_CACAAACCACGAAACG",0.512157725414389,FALSE
"CID44971_CACAAACCAGTATCTG",0.325328672037086,FALSE
"CID44971_CACAAACTCTCTTGAT",0.694445946158193,FALSE
"CID44971_CACAGTACACTGTGTA",0.188220931906328,TRUE
"CID44971_CACATTTCACTCAGGC",0.168348683974204,TRUE
"CID44971_CAGAATCAGCTGTTCA",0.206629770279567,FALSE
"CID44971_CAGAATCTCTCCAGGG",0.243734791336687,FALSE
"CID44971_CAGCGACGTTAAGACA",0.740742169255483,FALSE
"CID44971_CAGTAACGTTGGTTTG",0.185469422154712,FALSE
"CID44971_CAGTCCTAGGTGTTAA",0.266914277828768,FALSE
"CID44971_CATATGGGTTAGTGGG",0.313637216610463,FALSE
"CID44971_CATCCACTCTAACGGT",0.174702051041218,TRUE
"CID44971_CCAGCGAAGTCATCCA",0.457551214438197,FALSE
"CID44971_CCCTCCTAGCAGGTCA",0.177024135541711,FALSE
"CID44971_CCGGGATGTACGAAAT",0.45601592053272,FALSE
"CID44971_CCGTTCAGTATATGGA",0.39164542115811,TRUE
"CID44971_CCTACCATCTTCATGT",0.300437784928291,FALSE
"CID44971_CCTATTAAGCCCGAAA",0.473782070641962,FALSE
"CID44971_CCTCTGAAGCTACCTA",0.169777582024941,TRUE
"CID44971_CGAACATCAACTGGCC",0.730236586101842,FALSE
"CID44971_CGAATGTTCGATGAGG",0.196696950023502,FALSE
"CID44971_CGAGAAGAGCTGTTCA",0.25839513059958,FALSE
"CID44971_CGAGCACCAAAGGAAG",0.172207783140103,TRUE
"CID44971_CGAGCCAGTCGCATAT",0.453523657532952,FALSE
"CID44971_CGATTGAGTCTAGCCG",0.18908927322297,FALSE
"CID44971_CGCTATCAGGACATTA",0.225907778328034,FALSE
"CID44971_CGCTATCCATCCAACA",0.260801048936812,FALSE
"CID44971_CGCTTCAGTCCTCCAT",0.177646952577637,TRUE
"CID44971_CGGACACGTGCACTTA",0.261242046137716,FALSE
"CID44971_CGGACGTTCGTGACAT",0.186721100692125,TRUE
"CID44971_CGGACTGTCAAGCCTA",0.93636225211784,FALSE
"CID44971_CGGGTCAGTCAAAGAT",0.182047493546598,TRUE
"CID44971_CGTCACTGTCAGCTAT",0.166882117292611,TRUE
"CID44971_CGTCCATAGAAACCTA",0.175617647995072,TRUE
"CID44971_CGTCTACAGTGACTCT",0.331735765521029,FALSE
"CID44971_CGTCTACGTTACCGAT",0.335958403376406,FALSE
"CID44971_CGTGTAACAACAACCT",0.233645693292651,TRUE
"CID44971_CGTTAGAAGCACACAG",0.745365080169643,FALSE
"CID44971_CGTTAGACACCGCTAG",0.141850614477374,TRUE
"CID44971_CTAAGACAGATCACGG",0.167463717729412,TRUE
"CID44971_CTAATGGAGGCACATG",0.199642537115104,FALSE
"CID44971_CTAGTGATCTGGGCCA",0.154503822995892,TRUE
"CID44971_CTCAGAATCTTACCTA",0.172997981969207,TRUE
"CID44971_CTCGAAATCTCGGACG",0.173800757275444,TRUE
"CID44971_CTCTACGAGAAACCTA",0.170960165324135,TRUE
"CID44971_CTGAAGTAGTTCGCGC",0.347106111709146,FALSE
"CID44971_CTGATAGAGGACCACA",0.596151708997179,FALSE
"CID44971_CTGCTGTCAATCCAAC",0.401700163390465,FALSE
"CID44971_CTGGTCTAGTACGCGA",0.329466722779931,FALSE
"CID44971_CTGGTCTGTCCTCCAT",0.192489657369787,FALSE
"CID44971_CTGTGCTTCAACACCA",0.470888046093182,FALSE
"CID44971_CTTCTCTCAGCAGTTT",0.191045715962275,FALSE
"CID44971_CTTGGCTTCAAAGTAG",0.192808115367533,FALSE
"CID44971_GAACATCGTAGCTAAA",0.262449264275758,FALSE
"CID44971_GAACGGACAATGGTCT",0.78536301649652,FALSE
"CID44971_GAACGGACACGCTTTC",0.186286625701872,FALSE
"CID44971_GAACGGACATACAGCT",0.222444446648803,FALSE
"CID44971_GACAGAGGTCGCCATG",0.193999768899898,FALSE
"CID44971_GACGGCTCAAGGACTG",0.186607751493894,FALSE
"CID44971_GACGTGCAGCTAGGCA",0.49689735871583,FALSE
"CID44971_GAGGTGATCAGTTTGG",0.172707771480514,TRUE
"CID44971_GATCTAGTCATGCAAC",0.19783596739379,TRUE
"CID44971_GATTCAGAGCTAGGCA",0.832049507273678,FALSE
"CID44971_GCACTCTAGGAGTACC",0.204838033808889,FALSE
"CID44971_GCAGCCAAGGATGTAT",0.159478320393087,TRUE
"CID44971_GCATACATCAGTCCCT",0.172895517691272,TRUE
"CID44971_GCCTCTAAGACTGGGT",0.215238233647659,FALSE
"CID44971_GCCTCTACAATGCCAT",0.254211373365995,FALSE
"CID44971_GCGCCAACAGGTCGTC",0.182102397709886,FALSE
"CID44971_GCTGCAGAGATCTGCT",0.654122145888372,FALSE
"CID44971_GCTTGAAAGATCGGGT",0.176096393059876,FALSE
"CID44971_GCTTGAAGTACAGTGG",0.340835833533002,FALSE
"CID44971_GGAATAAAGTAACCCT",0.305934926814812,FALSE
"CID44971_GGAATAAGTCAAACTC",0.525484312589629,TRUE
"CID44971_GGACAGAAGAAGGGTA",0.164029222667908,TRUE
"CID44971_GGACGTCGTTTGACTG",0.186390360623718,FALSE
"CID44971_GGATGTTGTTTGCATG",0.502753860524037,FALSE
"CID44971_GGCCGATAGCAGCGTA",0.394835988479818,FALSE
"CID44971_GGCCGATTCAGTACGT",0.169719181998442,TRUE
"CID44971_GGCTCGAGTCCGAGTC",0.751447420773925,FALSE
"CID44971_GGGAATGTCAAAGACA",0.145732024006032,TRUE
"CID44971_GGGCATCGTCTAGGTT",0.396816577870808,FALSE
"CID44971_GTAACTGTCAGTGCAT",0.179475980509407,TRUE
"CID44971_GTCACGGTCAAAGACA",0.305647444789551,FALSE
"CID44971_GTCGGGTGTGTGACGA",0.224160592048525,FALSE
"CID44971_GTGAAGGTCATACGGT",0.171700598779125,TRUE
"CID44971_GTGAAGGTCTGAGGGA",0.229675737707816,FALSE
"CID44971_GTGCATATCGGCGCAT",0.363876240288075,TRUE
"CID44971_GTGTGCGGTGCAACTT",0.379579876748599,FALSE
"CID44971_GTTACAGCAGGGAGAG",0.407248503641699,FALSE
"CID44971_TAAACCGCAAGACACG",0.631467877879446,FALSE
"CID44971_TAAGAGACATATGAGA",0.393796157064733,FALSE
"CID44971_TACGGATTCGAGAGCA",0.201921776259689,FALSE
"CID44971_TACGGGCCACAGCCCA",0.324099599085315,FALSE
"CID44971_TACGGTATCTGACCTC",0.549735888072147,FALSE
"CID44971_TACTTGTCAACCGCCA",0.170714653466253,TRUE
"CID44971_TAGCCGGTCGTTACAG",0.216267687406765,TRUE
"CID44971_TAGTGGTCATAACCTG",0.174765267865358,TRUE
"CID44971_TATCTCATCAATACCG",0.19031564510253,TRUE
"CID44971_TCAGCAACAAAGTGCG",0.156574284782042,TRUE
"CID44971_TCAGGATAGGCTATCT",0.171245644752114,TRUE
"CID44971_TCAGGATTCTTCAACT",0.203140259534271,TRUE
"CID44971_TCATTTGTCTTGAGAC",0.1855253773056,FALSE
"CID44971_TCGAGGCAGGGTCGAT",0.168811155464482,TRUE
"CID44971_TCGAGGCCAATGGAGC",0.567548280187105,FALSE
"CID44971_TCGTACCCATCGGAAG",0.851480081183691,FALSE
"CID44971_TCGTAGAAGTCAATAG",0.497799739248303,FALSE
"CID44971_TCTATTGAGGTGATAT",0.135935686722735,TRUE
"CID44971_TCTGAGACAATCTGCA",0.217220111436356,FALSE
"CID44971_TCTTCGGTCCGCGGTA",0.178038646758957,TRUE
"CID44971_TGACAACAGTTAGCGG",0.455483310282374,FALSE
"CID44971_TGACAACCAGTATAAG",0.270325695830727,FALSE
"CID44971_TGACTAGGTTCAGTAC",0.386915404140505,FALSE
"CID44971_TGAGCCGAGATAGCAT",0.209355622457521,FALSE
"CID44971_TGAGCCGGTGTGGTTT",0.220208225300069,FALSE
"CID44971_TGAGGGACAATAGCGG",0.174084093302697,TRUE
"CID44971_TGCCCATCACAACGTT",0.338269041393054,FALSE
"CID44971_TGCCCATTCTTGACGA",0.25449281539973,FALSE
"CID44971_TGCCCTATCAAGATCC",0.997055774032099,FALSE
"CID44971_TGCGCAGTCTGTCCGT",0.19309950221241,TRUE
"CID44971_TGCGTGGCAGGTGCCT",0.169953178223048,TRUE
"CID44971_TGCTACCAGTACGCGA",0.935011234761007,FALSE
"CID44971_TGCTACCCAAGGACAC",0.381857088472617,FALSE
"CID44971_TGGCCAGGTTGCTCCT",0.18714392408529,TRUE
"CID44971_TGGTTCCGTTGGACCC",0.209961613191341,TRUE
"CID44971_TTAGGACGTAAGTAGT",0.349008031541032,TRUE
"CID44971_TTAGGACGTTCCATGA",0.875706982092421,FALSE
"CID44971_TTATGCTAGTTGTAGA",0.178944228125434,FALSE
"CID44971_TTCCCAGAGACTGGGT",0.204184297299618,FALSE
"CID44971_TTCGGTCCATGAGCGA",0.17736533951519,TRUE
"CID44971_TTGAACGCACATTCGA",0.178396543984627,TRUE
"CID44971_ACCGTAAGTATAGGGC",0.467311764948661,TRUE
"CID44971_GATGAAAAGTTCGATC",0.476704630764951,FALSE
"CID44971_AACTCCCCAAGCGCTC",0.833516439607963,FALSE
"CID44971_AACTCCCTCGAACGGA",0.278025819397409,FALSE
"CID44971_ACCCACTGTTGCGTTA",0.225713598841504,FALSE
"CID44971_ACGGGTCGTACCGTTA",0.436659420909523,FALSE
"CID44971_ACTGATGTCATAAAGG",0.180729541901871,TRUE
"CID44971_AGGGTGACAGGCGATA",0.357182633005397,FALSE
"CID44971_ATGGGAGCACCATGTA",0.187012886708696,FALSE
"CID44971_ATTTCTGGTGTTAAGA",0.20293151415121,FALSE
"CID44971_CACACCTCACAGGAGT",0.221503318612859,FALSE
"CID44971_CCTACCATCGTAGGTT",0.303268615796796,FALSE
"CID44971_CGAATGTTCAGCACAT",0.986072803633943,FALSE
"CID44971_CGACCTTGTCTGCCAG",0.372855020064082,FALSE
"CID44971_CTGTGCTCATTCACTT",0.382251571951498,FALSE
"CID44971_GAACATCTCAACCATG",0.904305412297719,FALSE
"CID44971_GAATAAGCATGGAATA",0.590968483103974,FALSE
"CID44971_GAATAAGGTGTGAATA",0.176983090722574,TRUE
"CID44971_GATCGATCATAAAGGT",0.183998936299601,FALSE
"CID44971_GATGAAATCCCAAGTA",0.185616645062929,TRUE
"CID44971_GCAGCCATCACTTCAT",0.999998278287633,FALSE
"CID44971_GCAGTTACATGCAATC",0.196343708941448,FALSE
"CID44971_GCATGTAAGTAAGTAC",0.160217398444088,TRUE
"CID44971_GCGACCACATTACCTT",0.740563823663995,FALSE
"CID44971_GCGCAGTAGCAGATCG",0.988195130384142,FALSE
"CID44971_GGTGAAGAGATAGCAT",0.216696192093073,TRUE
"CID44971_GTACTCCTCTCGCTTG",0.302537472587552,FALSE
"CID44971_GTCACGGCATATGAGA",0.562133229742766,FALSE
"CID44971_GTGCAGCTCGCTTGTC",0.269042691847927,TRUE
"CID44971_TACTCGCCACGACTCG",0.645698351753445,FALSE
"CID44971_TAGGCATAGGCCCGTT",0.999948414528468,FALSE
"CID44971_TCGGTAACAAACAACA",0.260366045064445,FALSE
"CID44971_TCGTAGATCGCATGGC",0.379100675322359,FALSE
"CID44971_TGGTTAGAGCACGCCT",0.197340932323204,FALSE
"CID44971_TTAACTCAGCCGCCTA",0.176263546560298,TRUE
"CID44971_TTAGGCAAGTGAACGC",0.176032226824941,TRUE
"CID44971_TTCTACATCATGTCTT",0.343256139146091,TRUE
"CID44971_TTGGCAATCTGCCCTA",0.428103762058726,FALSE
"CID44971_ACGATACGTAATAGCA",0.213383203917546,TRUE
"CID44971_AGGGAGTGTTCCGTCT",0.884883119633758,FALSE
"CID44971_TCTGGAACAGTAAGAT",0.41165140421502,FALSE
"CID44971_ACGCCAGTCCCTTGCA",0.254721646846243,FALSE
"CID44971_ATAACGCCATACTCTT",0.52532727924017,FALSE
"CID44971_CAGCATACATTCTTAC",0.170368289264593,TRUE
"CID44971_CGATCGGAGAGTCGGT",0.184667310798941,TRUE
"CID44971_CTGAAGTTCAACACGT",0.180541212492311,FALSE
"CID44971_GCCAAATAGGCTATCT",0.82878417367766,FALSE
"CID44971_GTTCATTAGAATGTGT",0.413505177259008,FALSE
"CID44971_TACTCGCTCGACAGCC",0.205582134929406,TRUE
"CID44971_TCAGCAAAGCCTCGTG",0.337330766294354,TRUE
"CID44971_TGGGAAGGTCACTGGC",0.768234466603942,FALSE
"CID44971_TTGGAACAGTGTCCCG",0.282523538944615,FALSE
"CID44971_ACTTACTAGCTGAAAT",0.163546832417624,TRUE
"CID44971_ATCCACCGTTTGACAC",0.186964898539565,FALSE
"CID44971_TGACTTTAGGTCATCT",0.400141108394681,FALSE
"CID44971_ACCCACTCATCACAAC",0.16492518178506,TRUE
"CID44971_CCGTGGAGTGTTTGGT",0.304507393501743,FALSE
"CID44971_GTACTCCAGAATTGTG",0.959715274156965,FALSE
"CID44971_TGGCTGGAGCTGCAAG",0.309685283628517,FALSE
"CID44971_AAGACCTAGCTGGAAC",0.215118318883055,TRUE
"CID44971_ACACTGATCATTGCCC",0.170307124957667,TRUE
"CID44971_ACGGGCTAGGGTCGAT",0.228031931638372,TRUE
"CID44971_AGCAGCCAGAGCCTAG",0.171255184173159,TRUE
"CID44971_AGCGTATTCAGCTTAG",0.66044223486683,FALSE
"CID44971_ATAAGAGAGCTAGGCA",0.384364631795469,FALSE
"CID44971_ATCATCTGTTACGTCA",0.138484713717897,TRUE
"CID44971_ATGGGAGTCAGATAAG",0.177514869022525,TRUE
"CID44971_ATGGGAGTCCCTCTTT",0.170502342541258,TRUE
"CID44971_CAACCAAAGACCACGA",0.320509547575422,FALSE
"CID44971_CAGCATAAGCTTCGCG",0.169405801762124,TRUE
"CID44971_CAGCATACACACGCTG",0.381599064068486,FALSE
"CID44971_CAGCTAAAGGAATCGC",0.307702804037711,FALSE
"CID44971_CATATGGCAGAGTGTG",0.173305975980912,TRUE
"CID44971_CATATGGTCGTTGACA",0.355770767794443,FALSE
"CID44971_CCCAATCTCTGGAGCC",0.383727465455318,FALSE
"CID44971_CGATTGACACACGCTG",0.22189198078596,FALSE
"CID44971_CGGACTGCAAGAGGCT",0.985116222445479,FALSE
"CID44971_CTAACTTGTCTCGTTC",0.274129604111616,TRUE
"CID44971_CTCGGAGGTCATGCCG",0.183967892647774,FALSE
"CID44971_GACCTGGCAAGTTAAG",0.16421535672554,TRUE
"CID44971_GATCGATCATGCCCGA",0.84028142912062,FALSE
"CID44971_GCACTCTGTATATGGA",0.252541104303782,FALSE
"CID44971_GGAAAGCAGGATGGTC",0.382602834363194,FALSE
"CID44971_GGACAGAGTGCTCTTC",0.467038990377303,FALSE
"CID44971_GTACTCCTCCGCGGTA",0.222286375165391,FALSE
"CID44971_GTCACAACAGATCTGT",0.519891314099033,FALSE
"CID44971_TACAGTGAGCCATCGC",0.184717871286724,TRUE
"CID44971_TATGCCCTCACTTACT",0.164523617824679,TRUE
"CID44971_TCAATCTAGGTGCACA",0.41903280754522,FALSE
"CID44971_TCGCGAGGTTCACGGC",0.209328572560252,TRUE
"CID44971_TCTTTCCGTCCGAACC",0.211086189787083,FALSE
"CID44971_TGACGGCAGAAACCAT",0.330126145952932,FALSE
"CID44971_TGCGGGTAGATGGCGT",0.183068081287945,TRUE
"CID44971_TGGCCAGGTTCGTGAT",0.169136098843644,TRUE
"CID44971_TTTGGTTAGACACTAA",0.181976536895322,FALSE
"CID44971_CGACCTTTCGGCGCAT",0.454332000324488,FALSE
"CID44971_GTGCTTCGTGCAGTAG",0.278814675492339,FALSE
"CID44971_ACACCAACACAGACTT",0.180586419688365,FALSE
"CID44971_GTAGTCAAGACATAAC",0.293970315804629,FALSE
"CID44971_GTCCTCAGTACCGCTG",0.300370863939155,FALSE
"CID44971_TTCTCAATCACCATAG",0.167023696924579,TRUE
"CID44971_AGGCCACTCAGTGCAT",0.215336697530771,FALSE
"CID44971_CACAGTAAGACTCGGA",0.865371603483264,FALSE
"CID44971_TATCTCAGTGGTGTAG",0.278468992953888,FALSE
"CID44971_TTTACTGCACGAAATA",0.957835792267312,FALSE
"CID44971_ATTGGTGAGGAATCGC",0.167536859973037,TRUE
"CID44971_CCGGTAGCAACAACCT",0.181564020265902,FALSE
"CID44971_ATGAGGGGTAGCACGA",0.437615709219369,FALSE
"CID44971_CATCCACCAGACACTT",0.238360580329172,FALSE
"CID44971_CTGTGCTTCAGGATCT",0.974348515403238,FALSE
"CID44971_GTGCGGTTCGGTGTTA",0.259390662664472,FALSE
"CID44971_ACATGGTGTGCAACTT",0.510067781435127,FALSE
"CID44971_AGGCCGTTCGGTCTAA",0.187436371703404,FALSE
"CID44971_CACACAAAGAGTACAT",0.999999999941356,FALSE
"CID44971_CAGAATCAGCTCCCAG",0.999998703921545,FALSE
"CID44971_GAATGAAAGTGCGATG",0.811252255613591,FALSE
"CID44971_AGCCTAATCTCGCATC",0.99989027556899,FALSE
"CID44971_CTCATTAGTGTCAATC",0.215137798084798,FALSE
"CID44971_GTGGGTCCATTACGAC",0.301519732122532,FALSE
"CID44971_TCAGGATAGATTACCC",0.30439330279976,TRUE
"CID44971_CCCAGTTTCGAACTGT",0.999999999999926,FALSE
"CID44971_CTGATAGCAAAGCGGT",0.123507715509187,TRUE
"CID44971_TCAATCTGTGTTAAGA",0.756365850498082,FALSE
"CID44971_TCGTACCAGACTCGGA",0.170348868795381,TRUE
"CID44971_CGTAGCGGTCCGAACC",0.162049392710908,TRUE
"CID44971_TACAGTGCATGCAATC",0.418150629033684,FALSE
"CID44971_GCTCTGTTCCTCAATT",0.153917731332885,TRUE
"CID44971_CAAGATCTCCAAATGC",0.246360135722576,FALSE
"CID44971_AGAGCTTGTCTTGTCC",0.827678440157657,FALSE
"CID44971_CGTAGGCAGTGGTCCC",0.188951864023216,FALSE
"CID44971_CAGCCGATCCGCATAA",0.51856829997208,FALSE
"CID44971_CGCTTCATCTACCTGC",0.179220987239596,FALSE
"CID44971_AACACGTAGAAGGTTT",0.161382019971192,TRUE
"CID44971_AACTCAGGTCCGAGTC",0.19574945828854,TRUE
"CID44971_AAGCCGCGTGCTCTTC",0.163564319042569,TRUE
"CID44971_AGCAGCCAGTTAGCGG",0.169114518983191,TRUE
"CID44971_AGTTGGTTCAGTCAGT",0.227222860606192,TRUE
"CID44971_CAACCAAAGACTTGAA",0.551350907624138,FALSE
"CID44971_CATCGAACATGACATC",0.9669543079057,FALSE
"CID44971_CATGGCGAGTCATCCA",0.142406145647611,TRUE
"CID44971_CCTATTACAGCCTGTG",0.147697984593429,TRUE
"CID44971_CGTTAGATCCATTCTA",0.200568921177285,FALSE
"CID44971_GAGCAGACAGTCTTCC",0.191985130669163,TRUE
"CID44971_GCTGCTTGTTTGACAC",0.998771301908089,FALSE
"CID44971_TCTTCGGGTATTCGTG",0.340775791848962,FALSE
"CID44971_TGAGGGACACCATCCT",0.187518116008088,FALSE
"CID44971_TTCGAAGCAAGTACCT",0.203073175633678,TRUE
"CID44971_CACATAGTCCGAAGAG",0.159240916131466,TRUE
"CID44971_CCTTTCTTCATTATCC",0.197564936394938,TRUE
"CID44971_CGGGTCATCCTATGTT",0.370762689650169,FALSE
"CID44971_CTGCCTATCTGTCTAT",0.181088333087318,TRUE
"CID44971_GACTGCGGTCTTGCGG",0.186474052718781,FALSE
"CID44971_ATCATGGAGTCCCACG",0.143886247705764,TRUE
"CID44971_ACGGAGAAGTGGGTTG",0.173560301638891,TRUE
"CID44971_AGAGTGGGTGATGATA",0.435990742676293,FALSE
"CID44971_CGAGCACGTAAGTAGT",0.328434067786328,FALSE
"CID44971_CGTAGCGAGCGCTTAT",0.213906567304298,FALSE
"CID44971_CTCTAATGTCGACTAT",0.336171642725995,TRUE
"CID44971_GTCGTAAGTCCTCCAT",0.166186559931318,TRUE
"CID44971_TGGCGCACATACGCTA",0.211044086430662,TRUE
"CID44971_AAAGCAACATTGGCGC",0.165152299127971,TRUE
"CID44971_CATATTCCATGCAACT",0.229544956320351,FALSE
"CID44971_TCGTAGACACCAGGCT",0.28937894086363,FALSE
"CID44971_GACGGCTAGGGTCTCC",0.381630194023875,FALSE
"CID44971_GACTACATCTATCCCG",0.278443521967134,FALSE
"CID44971_GGACAGAAGCGACGTA",0.257235759913355,FALSE
"CID44971_TCAGGTAAGCTCAACT",0.351799054434038,FALSE
"CID44971_GTGCATAAGACCTTTG",0.206751842969312,FALSE
"CID44971_GTGTTAGTCATCATTC",0.219037124431487,FALSE
"CID44971_CATGACATCTATCGCC",0.999598394010855,FALSE
"CID44971_GAGGTGACAAGACGTG",0.935263409112436,FALSE
"CID44971_AAAGATGAGTGACTCT",0.660924565347408,FALSE
"CID44971_CACCTTGAGTCATCCA",0.234368152468786,TRUE
"CID44971_ACTTTCAAGTCTCAAC",0.52791430959214,FALSE
"CID44971_AGCGTCGCAGCTGCAC",0.367750613990954,FALSE
"CID44971_GGACAAGAGCGTCAAG",0.231019282021319,FALSE
"CID44971_CTACATTAGTGTGAAT",0.229614017742726,FALSE
"CID44971_CGATCGGTCATGTCTT",0.220324865655406,FALSE
"CID44971_TGGGCGTCATTTCACT",0.176436616790332,TRUE
"CID44971_TTTCCTCTCCCTCTTT",0.696405540577484,FALSE
"CID44971_CCTTCGAAGCCTCGTG",0.198100549319647,TRUE
"CID44971_GGGATGAAGGAATCGC",0.183907604132658,TRUE
"CID44971_AACACGTGTTGGAGGT",0.189391234809101,TRUE
"CID44971_GACACGCGTAAAGTCA",0.17089567254281,TRUE
"CID44971_TGCGCAGTCACTTCAT",0.177373608884695,TRUE
"CID44971_TCTTTCCGTTACGTCA",0.264502044591142,TRUE
"CID44971_AACTCCCGTGCAACTT",0.984745668019965,FALSE
"CID44971_ACACCGGAGATGTGTA",0.183159367395019,TRUE
"CID44971_ATCATGGCAGCGAACA",0.140339196716302,TRUE
"CID44971_CAGAGAGCACCGAAAG",0.15700672500132,TRUE
"CID44971_CTGAAACGTTGCCTCT",0.21123659231875,TRUE
"CID44971_TCCACACAGGGCATGT",0.137442027613451,TRUE
"CID44971_TTTGGTTTCAGTGCAT",0.274372751047641,TRUE
"CID44971_TAGCCGGTCTGGCGAC",0.431766614400588,TRUE
"CID44971_AAGGAGCGTCTAGTGT",0.208998676513716,TRUE
"CID44971_ACACCGGTCAGTTGAC",0.999999999983307,FALSE
"CID44971_AGCTCCTCACCCATGG",0.181046611273496,TRUE
"CID44971_CACCTTGCATCTACGA",0.22722617585836,FALSE
"CID44971_CGTCAGGTCACAATGC",0.17357140968559,TRUE
"CID44971_GGGCATCTCACATGCA",0.443288089984765,FALSE
"CID44971_TAAGAGACATGCTGGC",0.994639235489731,FALSE
"CID44971_GCGCGATGTCGCTTCT",0.184273934938618,FALSE
"CID44971_AATCCAGTCAACACAC",0.237750910619936,FALSE
"CID44971_AATCGGTCAGGGCATA",0.175197093975536,TRUE
"CID44971_ACCTTTAAGCTAGTTC",0.347151183664694,TRUE
"CID44971_AGCAGCCAGCTGGAAC",0.197982505568235,TRUE
"CID44971_CAGTAACAGCGGCTTC",0.267730877698051,TRUE
"CID44971_CCGGGATAGCAGATCG",0.195069017616262,TRUE
"CID44971_CCGTGGAGTGTAAGTA",0.187878534911935,TRUE
"CID44971_CGGCTAGAGCTAGGCA",0.189827376570152,TRUE
"CID44971_GGCAATTGTGAGTATA",0.231725565262151,FALSE
"CID44971_TACACGAAGACGCTTT",0.301018153895387,TRUE
"CID44971_TCTATTGAGAAGAAGC",0.30166291465049,FALSE
"CID44971_AGCGTATCATTCCTCG",0.199737867946519,FALSE
"CID44971_CACACTCAGAGGGATA",0.273476809221416,TRUE
"CID44971_CCACTACTCTCCCTGA",0.171249908762635,TRUE
"CID44971_CGCTATCCAGGCGATA",0.172134410041832,TRUE
"CID44971_CGGACGTCATGCAACT",0.169490855474889,TRUE
"CID44971_CGTCACTTCTCTTGAT",0.170020789490092,TRUE
"CID44971_GACTGCGTCAGCGATT",0.18748936742188,TRUE
"CID44971_GCACATAAGACCGGAT",0.163974337601656,TRUE
"CID44971_GTGCTTCAGGGCTCTC",0.187912841275284,FALSE
"CID44971_AAACGGGGTTACTGAC",0.280976196749384,FALSE
"CID44971_CTCTACGGTGCAACTT",0.973703686731252,FALSE
"CID44971_GAGGTGAGTTACGCGC",0.171706043283123,TRUE
"CID44971_GCGCCAATCGGAAATA",0.175729075902129,FALSE
"CID44971_GCACATATCTCGGACG",0.196618753162218,FALSE
"CID44971_ATTGGACGTACATGTC",0.18311329300254,FALSE
"CID44971_ATTGGTGCAACAACCT",0.197365283665739,TRUE
"CID44971_CACAGTAAGCGATATA",0.223782284250794,FALSE
"CID44971_AAACCTGGTGGTACAG",0.25810984716862,TRUE
"CID44971_AAACGGGTCCAGTATG",0.173484494795273,TRUE
"CID44971_AAACGGGTCCCTAATT",0.358813002402731,FALSE
"CID44971_AAAGATGAGATGGGTC",0.176168149367771,FALSE
"CID44971_AAAGATGGTAGCTAAA",0.168283713189704,TRUE
"CID44971_AAATGCCAGGCCATAG",0.169633193399668,TRUE
"CID44971_AACCATGAGCCTCGTG",0.170999988147436,TRUE
"CID44971_AACCGCGAGTTGAGAT",0.228936807177569,TRUE
"CID44971_AACGTTGGTCGGCATC",0.158492754871728,TRUE
"CID44971_AACTCAGTCGCGCCAA",0.170935378161609,TRUE
"CID44971_AACTCCCCAAATTGCC",0.231098489588129,FALSE
"CID44971_AACTCTTAGTGGGTTG",0.155348863029921,TRUE
"CID44971_AACTGGTAGTCAATAG",0.144484059001634,TRUE
"CID44971_AACTGGTCAAGAAGAG",0.163361991826459,TRUE
"CID44971_AACTGGTCAAGGACTG",0.586600459036059,FALSE
"CID44971_AACTTTCTCCGTACAA",0.172035662119166,TRUE
"CID44971_AACTTTCTCTTCAACT",0.182340404762318,FALSE
"CID44971_AAGACCTCACAGACTT",0.41294212842666,FALSE
"CID44971_AAGCCGCAGTACTTGC",0.126954124758138,TRUE
"CID44971_AAGCCGCGTCTTCAAG",0.195920707915958,TRUE
"CID44971_AAGCCGCTCGAGGTAG",0.163461684549314,TRUE
"CID44971_AAGGAGCGTTATGCGT",0.176419991828913,FALSE
"CID44971_AAGGCAGGTAAGGGCT",0.165109985746663,TRUE
"CID44971_AAGGTTCCACATGACT",0.165510475873944,TRUE
"CID44971_AAGGTTCCACGTCTCT",0.175718965948667,TRUE
"CID44971_AAGGTTCGTAGAGGAA",0.161587250546976,TRUE
"CID44971_AAGTCTGGTTAAGTAG",0.201553910782714,FALSE
"CID44971_AATCCAGAGACGCTTT",0.261521292193406,TRUE
"CID44971_AATCCAGTCATGCATG",0.181150610366818,FALSE
"CID44971_AATCGGTAGGATGGTC",0.226379034572743,FALSE
"CID44971_AATCGGTTCATCGATG",0.162654031381595,TRUE
"CID44971_ACACCCTCACGGTAAG",0.166714091159812,TRUE
"CID44971_ACACCGGGTACCATCA",0.170678894487687,TRUE
"CID44971_ACACCGGGTCTGATCA",0.167778142475512,TRUE
"CID44971_ACACTGATCGTTACAG",0.195545636816461,TRUE
"CID44971_ACATACGAGACCGGAT",0.407857868177555,TRUE
"CID44971_ACATACGTCAGGCAAG",0.159793834354295,TRUE
"CID44971_ACATGGTCATATGCTG",0.164589704807096,TRUE
"CID44971_ACATGGTTCCTCAACC",0.196921485652123,TRUE
"CID44971_ACCAGTAGTGATAAGT",0.1898563385234,TRUE
"CID44971_ACCCACTAGCTGAAAT",0.283041703593529,FALSE
"CID44971_ACCCACTAGTGCGATG",0.225371060969597,FALSE
"CID44971_ACCCACTCAGCTCGCA",0.164811557032406,TRUE
"CID44971_ACCCACTTCATCTGCC",0.21577451899988,TRUE
"CID44971_ACCTTTACATTATCTC",0.186427010968351,TRUE
"CID44971_ACCTTTATCTCTAGGA",0.192929656427834,TRUE
"CID44971_ACGAGCCAGATGCCTT",0.146374873173438,TRUE
"CID44971_ACGAGCCAGGATTCGG",0.203279739327633,TRUE
"CID44971_ACGAGCCAGTGGGATC",0.100308145098027,TRUE
"CID44971_ACGAGCCCACAGACAG",0.156133989303473,TRUE
"CID44971_ACGAGCCCAGTCAGCC",0.191942360563682,FALSE
"CID44971_ACGAGCCGTGTCTGAT",0.184538377044231,TRUE
"CID44971_ACGAGGACACCGGAAA",0.175582463361595,TRUE
"CID44971_ACGATGTCAGACACTT",0.227711756995859,TRUE
"CID44971_ACGCCAGGTAGCCTAT",0.996987582816971,FALSE
"CID44971_ACGCCAGTCTGATTCT",0.157587084371158,TRUE
"CID44971_ACGCCGAGTACCGGCT",0.171324217199443,TRUE
"CID44971_ACGGAGAGTTATCACG",0.210530572556838,FALSE
"CID44971_ACGGCCAAGGTGCACA",0.180324233004396,FALSE
"CID44971_ACGGCCACAGGCGATA",0.157727000843652,TRUE
"CID44971_ACGGGCTGTCAAACTC",0.133712410183459,TRUE
"CID44971_ACGGGCTGTCTCTTAT",0.205398259212257,TRUE
"CID44971_ACGGGTCGTAGTGAAT",0.161900583840659,TRUE
"CID44971_ACGTCAATCTTAGAGC",0.222347074958992,FALSE
"CID44971_ACTGAACGTCCCGACA",0.150350504121639,TRUE
"CID44971_ACTGAACGTCTCCCTA",0.208006497548909,FALSE
"CID44971_ACTGATGGTCTCATCC",0.278508948962414,TRUE
"CID44971_ACTGATGTCGCAAGCC",0.194953265580635,TRUE
"CID44971_ACTGCTCAGTACGTAA",0.210125193055305,TRUE
"CID44971_ACTGCTCGTATAGGTA",0.184881787976421,FALSE
"CID44971_ACTGCTCTCCTGCTTG",0.1947212830546,TRUE
"CID44971_ACTTACTAGCCTATGT",0.153128151471541,TRUE
"CID44971_ACTTACTGTGCCTGGT",0.197954593312346,TRUE
"CID44971_ACTTGTTAGGCCGAAT",0.301178904723813,FALSE
"CID44971_ACTTGTTCAAGACGTG",0.138420989469906,TRUE
"CID44971_ACTTGTTGTATTAGCC",0.204260639840496,FALSE
"CID44971_ACTTGTTTCCAATGGT",0.188374494303072,FALSE
"CID44971_ACTTTCATCCGTAGGC",0.147425800547821,TRUE
"CID44971_AGACGTTAGAATTGTG",0.309425073742179,FALSE
"CID44971_AGACGTTAGCAGGTCA",0.362885079285193,FALSE
"CID44971_AGACGTTGTGCCTGGT",0.223293267023202,TRUE
"CID44971_AGAGCGAAGAGTAATC",0.185912095205007,TRUE
"CID44971_AGAGCGACATCATCCC",0.277103628327904,FALSE
"CID44971_AGAGCTTAGGGCTTCC",0.395816709362046,FALSE
"CID44971_AGAGCTTGTTCGGGCT",0.10916867183221,TRUE
"CID44971_AGAGTGGAGTACACCT",0.286115692441136,TRUE
"CID44971_AGAGTGGTCATCGATG",0.169957029960945,TRUE
"CID44971_AGATCTGGTTTGTTGG",0.330284263632686,FALSE
"CID44971_AGCAGCCCACCATGTA",0.160211417279803,TRUE
"CID44971_AGCATACGTCTAGCCG",0.559886552974326,FALSE
"CID44971_AGCCTAACAGGGTATG",0.454262895548564,FALSE
"CID44971_AGCCTAAGTATCAGTC",0.191864059863564,FALSE
"CID44971_AGCCTAATCAGCTCTC",0.179464123195963,TRUE
"CID44971_AGCCTAATCATGTGGT",0.200488387507428,TRUE
"CID44971_AGCCTAATCTTACCGC",0.200057437159134,TRUE
"CID44971_AGCGGTCCACATTAGC",0.1900109455393,TRUE
"CID44971_AGCGGTCCATGACATC",0.178549794446316,FALSE
"CID44971_AGCGGTCTCAGCGATT",0.999998343907832,FALSE
"CID44971_AGCTCCTGTTATTCTC",0.284365564695397,TRUE
"CID44971_AGCTTGACACATGTGT",0.234819456739072,TRUE
"CID44971_AGCTTGAGTGTAAGTA",0.999999999999995,FALSE
"CID44971_AGGCCACAGTGCTGCC",0.22857281887265,FALSE
"CID44971_AGGCCGTTCCTTTCGG",0.172971241582411,TRUE
"CID44971_AGGGAGTTCACAATGC",0.335429364836127,TRUE
"CID44971_AGGGATGGTTTCGCTC",0.204198622241816,TRUE
"CID44971_AGGGATGTCGCAAACT",0.203485397581332,TRUE
"CID44971_AGGGATGTCGGAATCT",0.29139906365701,TRUE
"CID44971_AGGGTGACAATTGCTG",0.160104348558383,TRUE
"CID44971_AGGTCATCATAAAGGT",0.128672905003409,TRUE
"CID44971_AGTCTTTAGGACCACA",0.150238907544666,TRUE
"CID44971_AGTGAGGTCCAAACAC",0.511040743056023,FALSE
"CID44971_AGTGGGAGTTTAGGAA",0.734189681997323,FALSE
"CID44971_AGTGTCACAGACAAGC",0.177027123506422,TRUE
"CID44971_AGTGTCATCCGCAGTG",0.189284181134523,FALSE
"CID44971_ATAACGCAGTACGTAA",0.145924369147589,TRUE
"CID44971_ATAAGAGAGGATCGCA",0.255941468122193,FALSE
"CID44971_ATAAGAGCATACAGCT",0.210057435517215,FALSE
"CID44971_ATAGACCCACCAGGTC",0.148802561823929,TRUE
"CID44971_ATAGACCGTCACCTAA",0.176791565191834,FALSE
"CID44971_ATCACGAAGTACGTTC",0.130452342520588,TRUE
"CID44971_ATCCACCAGCCCAACC",0.200096707775502,FALSE
"CID44971_ATCCACCTCTCTGCTG",0.0911315441252628,TRUE
"CID44971_ATCCGAATCCTCCTAG",0.168033760064376,TRUE
"CID44971_ATCGAGTTCGGACAAG",0.152792453658347,TRUE
"CID44971_ATCTACTTCCTTTACA",0.831223359618127,FALSE
"CID44971_ATCTGCCTCCCTCAGT",0.172192253776899,TRUE
"CID44971_ATCTGCCTCTTAACCT",0.236860146468269,TRUE
"CID44971_ATGAGGGTCAAAGACA",0.308122837117048,FALSE
"CID44971_ATGGGAGAGATCCCGC",0.0894167750673725,TRUE
"CID44971_ATGGGAGCATGGAATA",0.890272322502532,FALSE
"CID44971_ATGTGTGAGCGATTCT",0.251821261114609,TRUE
"CID44971_ATGTGTGCATCCCATC",0.501604403875194,FALSE
"CID44971_ATTACTCAGATGTCGG",0.164267514185239,TRUE
"CID44971_ATTACTCTCCTTCAAT",0.250505575132209,FALSE
"CID44971_ATTGGTGAGGCATTGG",0.251722583350132,FALSE
"CID44971_ATTTCTGAGCGCTCCA",0.183365163339645,FALSE
"CID44971_ATTTCTGTCCGTAGGC",0.227911114291469,TRUE
"CID44971_CAACCAAAGCGCCTTG",0.264931229676972,FALSE
"CID44971_CAACCAAAGGCAAAGA",0.10941197999431,TRUE
"CID44971_CAACCAAGTGCTCTTC",0.175702272806443,TRUE
"CID44971_CAACCTCAGTGTTAGA",0.180285375214631,TRUE
"CID44971_CAACCTCTCTCCAGGG",0.236901188069759,FALSE
"CID44971_CAACTAGAGAGATGAG",0.376037330707128,FALSE
"CID44971_CAACTAGCACCCATTC",0.548983397083885,FALSE
"CID44971_CAAGAAAAGCGTCAAG",0.172241520535749,TRUE
"CID44971_CAAGGCCGTTATTCTC",0.183664188503952,TRUE
"CID44971_CAAGGCCGTTTGGGCC",0.331317785985931,FALSE
"CID44971_CACACAAAGTAGCCGA",0.166119775223283,TRUE
"CID44971_CACACAAGTAATTGGA",0.28734644570968,FALSE
"CID44971_CACACAATCTACGAGT",0.234291224597572,TRUE
"CID44971_CACACCTAGGCCCGTT",0.13822998492347,TRUE
"CID44971_CACACCTCAATCGGTT",0.159724807787978,TRUE
"CID44971_CACACTCCACCGAAAG",0.261477015884201,FALSE
"CID44971_CACACTCCAGTAACGG",0.222220958147887,FALSE
"CID44971_CACAGTACAAACCCAT",0.187073985420817,FALSE
"CID44971_CACATAGGTGTTAAGA",0.150756208930199,TRUE
"CID44971_CACATTTGTGACCAAG",0.203444400007534,FALSE
"CID44971_CACCAGGCATTCCTGC",0.198614006148095,FALSE
"CID44971_CACCAGGGTTATCGGT",0.190944639515004,TRUE
"CID44971_CACCAGGTCACTGGGC",0.148306775745026,TRUE
"CID44971_CACCTTGAGAGCTGCA",0.157911654919783,TRUE
"CID44971_CACTCCATCTCAACTT",0.174273082342588,TRUE
"CID44971_CAGAATCCATGAGCGA",0.218085796352444,FALSE
"CID44971_CAGAGAGAGAGCCCAA",0.233721084873019,TRUE
"CID44971_CAGATCACAATGCCAT",0.98867543895876,FALSE
"CID44971_CAGCAGCCAGTCCTTC",0.130903591607085,TRUE
"CID44971_CAGCAGCGTCCAAGTT",0.236752731209115,TRUE
"CID44971_CAGCATAGTCATCGGC",0.219083963360117,FALSE
"CID44971_CAGCCGACACCCATGG",0.13700837735843,TRUE
"CID44971_CAGCCGACAGCTCCGA",0.168153921104346,TRUE
"CID44971_CAGCCGAGTCCGAATT",0.149980957066041,TRUE
"CID44971_CAGCTAAGTCACCCAG",0.15324938188207,TRUE
"CID44971_CAGCTGGTCGGACAAG",0.172249806050135,TRUE
"CID44971_CAGGTGCAGGCACATG",0.180823000665077,TRUE
"CID44971_CAGGTGCTCCTAGGGC",0.192581143824569,FALSE
"CID44971_CAGTAACAGTTAAGTG",0.172407212983883,TRUE
"CID44971_CAGTCCTAGGCCATAG",0.148668384176326,TRUE
"CID44971_CATATGGCAGACAGGT",0.984228454034098,FALSE
"CID44971_CATATTCCAAGTTCTG",0.163803298241615,TRUE
"CID44971_CATATTCTCATCACCC",0.508504380359209,FALSE
"CID44971_CATCAAGAGTGAACAT",0.619931803597475,FALSE
"CID44971_CATCAAGAGTTCGCGC",0.199215732915934,FALSE
"CID44971_CATCAAGGTCTTCGTC",0.183195491232315,FALSE
"CID44971_CATCAGACAAGGTTCT",0.163169430477596,TRUE
"CID44971_CATCAGAGTCCGCTGA",0.158289314694753,TRUE
"CID44971_CATCAGATCGCAGGCT",0.234084110223976,TRUE
"CID44971_CATCGAAAGAAGGTGA",0.175604338932566,FALSE
"CID44971_CATCGAACATTCGACA",0.265277570026807,FALSE
"CID44971_CATGACAAGCCATCGC",0.187856897682916,FALSE
"CID44971_CATGACATCAAGCCTA",0.195621435717777,FALSE
"CID44971_CATGCCTTCCTCCTAG",0.162522315148757,TRUE
"CID44971_CATGGCGGTGTGCGTC",0.21339288136211,FALSE
"CID44971_CATTATCGTGCACCAC",0.172006657218227,TRUE
"CID44971_CATTCGCTCTACTTAC",0.155674698476347,TRUE
"CID44971_CCACCTATCAGAGCTT",0.17365362914146,TRUE
"CID44971_CCACTACCAGCTCGAC",0.202170102306592,TRUE
"CID44971_CCACTACTCTATCCCG",0.294543130885895,FALSE
"CID44971_CCAGCGACAATGGAAT",0.33099488832554,FALSE
"CID44971_CCATGTCCACCGAATT",0.184845438843159,TRUE
"CID44971_CCATTCGGTAGCTAAA",0.168026092991842,TRUE
"CID44971_CCCAGTTTCCGTAGGC",0.541530457105778,TRUE
"CID44971_CCCTCCTCATGCAACT",0.170638971307709,TRUE
"CID44971_CCGGTAGAGAAGCCCA",0.160010490157119,TRUE
"CID44971_CCGGTAGCATACTACG",0.159844219900652,TRUE
"CID44971_CCGTACTAGTTCCACA",0.218387225715816,TRUE
"CID44971_CCGTACTCACAGGAGT",0.23694906623458,TRUE
"CID44971_CCGTACTGTCTAACGT",0.211228808891383,TRUE
"CID44971_CCGTGGATCCGAATGT",0.368685175110458,TRUE
"CID44971_CCGTTCAAGAGTAATC",0.172259501569359,TRUE
"CID44971_CCGTTCAGTCCCTACT",0.264763711525653,TRUE
"CID44971_CCGTTCATCAGGTTCA",0.205827655440578,FALSE
"CID44971_CCTAAAGCAATCCGAT",0.363942157067764,FALSE
"CID44971_CCTAAAGTCCTCAACC",0.192597047662662,TRUE
"CID44971_CCTACACGTAGCTCCG",0.128236863686244,TRUE
"CID44971_CCTACCAAGACAGACC",0.967814032099679,FALSE
"CID44971_CCTACCAAGCACGCCT",0.134626326886162,TRUE
"CID44971_CCTAGCTCAGCTGGCT",0.179357647145645,FALSE
"CID44971_CCTAGCTGTTCGGCAC",0.128088791324397,TRUE
"CID44971_CCTATTAGTTCTGGTA",0.285417339855041,TRUE
"CID44971_CCTATTATCCAATGGT",0.16961364139624,TRUE
"CID44971_CCTATTATCGTAGATC",0.160487502089572,TRUE
"CID44971_CCTCAGTCACCACGTG",0.151957938037293,TRUE
"CID44971_CCTCTGAAGGGCATGT",0.105184001292893,TRUE
"CID44971_CCTTCCCCAGGCTGAA",0.20693815186974,FALSE
"CID44971_CCTTCGAGTATCAGTC",0.186967966593894,TRUE
"CID44971_CCTTCGATCCCTCTTT",0.259571859934397,TRUE
"CID44971_CCTTTCTCATTACCTT",0.169269237701718,TRUE
"CID44971_CGAACATGTTAAGATG",0.186953560076031,TRUE
"CID44971_CGAATGTCAGGTGCCT",0.100819364048384,TRUE
"CID44971_CGACCTTCATGTCTCC",0.248059807228501,TRUE
"CID44971_CGACTTCCAACTGGCC",0.174394406422715,TRUE
"CID44971_CGAGAAGCAACACCCG",0.143240875875104,TRUE
"CID44971_CGAGCACAGGAGCGTT",0.168416560827021,TRUE
"CID44971_CGAGCCAAGACACTAA",0.191790769850373,TRUE
"CID44971_CGATGTACAGGGATTG",0.169325981850973,TRUE
"CID44971_CGATTGAAGTGAAGAG",0.171488223013171,TRUE
"CID44971_CGCCAAGGTGCTCTTC",0.187772518453308,FALSE
"CID44971_CGCGGTACAAAGGCGT",0.212502493478644,FALSE
"CID44971_CGCGTTTGTTAGATGA",0.162345729549405,TRUE
"CID44971_CGCTATCGTCTGATTG",0.199703837225626,TRUE
"CID44971_CGCTATCGTTGGTGGA",0.167086446201846,TRUE
"CID44971_CGCTATCTCCAATGGT",0.180655755336506,TRUE
"CID44971_CGCTATCTCCCAGGTG",0.203485692349824,FALSE
"CID44971_CGCTTCATCACGCGGT",0.38485763831284,FALSE
"CID44971_CGGACACCATTACCTT",0.20719775103855,FALSE
"CID44971_CGGACACTCAGCTGGC",0.703778276638875,FALSE
"CID44971_CGGACTGGTATAGGTA",0.121436118028012,TRUE
"CID44971_CGGAGCTTCTATCCTA",0.38675782475157,FALSE
"CID44971_CGGCTAGCACAACTGT",0.361270887860753,FALSE
"CID44971_CGGCTAGCACACGCTG",0.111559569898666,TRUE
"CID44971_CGGCTAGTCATCTGTT",0.160345407448521,TRUE
"CID44971_CGGCTAGTCTACCAGA",0.171503427146588,TRUE
"CID44971_CGGGTCAGTGGTAACG",0.35664502738209,TRUE
"CID44971_CGGGTCATCTGCCCTA",0.999707343381169,FALSE
"CID44971_CGGTTAATCTGGAGCC",0.188925319888597,TRUE
"CID44971_CGTAGCGAGATGTAAC",0.252333561068785,FALSE
"CID44971_CGTAGCGGTCAGAATA",0.374836215215203,FALSE
"CID44971_CGTAGCGGTCCTGCTT",0.161674910449965,TRUE
"CID44971_CGTAGCGTCCGTTGTC",0.161570588253476,TRUE
"CID44971_CGTAGCGTCTGTCTAT",0.186292492457904,FALSE
"CID44971_CGTCACTCAACGCACC",0.21483094010934,TRUE
"CID44971_CGTCACTCATGCAACT",0.237790359899625,TRUE
"CID44971_CGTCACTTCACGACTA",0.157337091512647,TRUE
"CID44971_CGTCAGGGTCTAGTCA",0.167993990568596,TRUE
"CID44971_CGTCAGGGTTCCAACA",0.325019005809291,TRUE
"CID44971_CGTCAGGTCCTAGTGA",0.179096677429344,TRUE
"CID44971_CGTCCATGTAGGCATG",0.122619154358871,TRUE
"CID44971_CGTCCATGTTTCGCTC",0.296304392421239,FALSE
"CID44971_CGTCTACCAAGAGTCG",0.270609872900764,TRUE
"CID44971_CGTGAGCGTGAAGGCT",0.356234734365909,TRUE
"CID44971_CGTGTAATCACAGTAC",0.313544323470749,TRUE
"CID44971_CGTGTCTGTATTCTCT",0.113393411927253,TRUE
"CID44971_CGTTAGAGTTGGTAAA",0.176141465900289,TRUE
"CID44971_CGTTAGATCCCAACGG",0.169358829090326,TRUE
"CID44971_CGTTGGGCATCGATGT",0.194165117757121,TRUE
"CID44971_CGTTGGGGTTATGTGC",0.134084722610638,TRUE
"CID44971_CTAACTTTCCACGTGG",0.167912464449803,TRUE
"CID44971_CTACACCAGAGGTTAT",0.179029731281032,FALSE
"CID44971_CTACATTAGGCTCATT",0.130618296101598,TRUE
"CID44971_CTACATTCACTAGTAC",0.169420060391162,TRUE
"CID44971_CTACATTTCTAACGGT",0.448772739564892,FALSE
"CID44971_CTACGTCGTCCCTACT",0.17783423303599,FALSE
"CID44971_CTAGCCTTCAACCAAC",0.164470119651962,TRUE
"CID44971_CTCAGAAGTTATCACG",0.421595514372534,FALSE
"CID44971_CTCATTAGTAGGCTGA",0.180927811455969,TRUE
"CID44971_CTCCTAGGTAAGTGTA",0.15882171240799,TRUE
"CID44971_CTCGAAAGTGTGACGA",0.153100466570863,TRUE
"CID44971_CTCGGGACACTATCTT",0.193939461744638,TRUE
"CID44971_CTCGGGATCGTACCGG",0.272406361366448,TRUE
"CID44971_CTCGTACGTCGGCATC",0.126549839953212,TRUE
"CID44971_CTCGTCAAGCGATGAC",0.167667130817105,TRUE
"CID44971_CTCGTCATCTCGCATC",0.643052956669588,FALSE
"CID44971_CTCTAATTCAACGAAA",0.31380081226997,FALSE
"CID44971_CTCTACGTCCACGTGG",0.115468566055937,TRUE
"CID44971_CTGAAGTCAGTCCTTC",0.209018532504968,FALSE
"CID44971_CTGAAGTCATTCCTCG",0.160516448500042,TRUE
"CID44971_CTGATAGTCGGAAACG",0.140785875406989,TRUE
"CID44971_CTGCGGAAGGGAACGG",0.177899750893315,TRUE
"CID44971_CTGCGGAGTCGAGATG",0.7737640174948,FALSE
"CID44971_CTGCTGTAGCGATGAC",0.236699263211884,TRUE
"CID44971_CTGGTCTTCACTCCTG",0.30406690056998,TRUE
"CID44971_CTGTGCTAGTGCGATG",0.159137999877151,TRUE
"CID44971_CTGTGCTGTAGATTAG",0.221282126584094,TRUE
"CID44971_CTGTGCTTCTTCGGTC",0.216384680571747,TRUE
"CID44971_CTGTTTAAGGGTTCCC",0.264350809733242,FALSE
"CID44971_CTGTTTACAAGTAATG",0.443381781974987,FALSE
"CID44971_CTGTTTACAATCTGCA",0.183682433186711,FALSE
"CID44971_CTTAACTAGTCATCCA",0.174817226741702,TRUE
"CID44971_CTTAACTGTACCATCA",0.225091462737796,FALSE
"CID44971_CTTAACTGTACCGTTA",0.133767670893865,TRUE
"CID44971_CTTACCGAGACACGAC",0.166034031928025,TRUE
"CID44971_CTTACCGTCTGTCAAG",0.192959479993883,TRUE
"CID44971_CTTAGGATCGGAGCAA",0.155007448570498,TRUE
"CID44971_CTTCTCTCAGCATACT",0.161847151951679,TRUE
"CID44971_CTTGGCTCACAAGTAA",0.16755299555356,TRUE
"CID44971_CTTGGCTTCGCTGATA",0.135900308439214,TRUE
"CID44971_CTTTGCGTCCCAGGTG",0.166130539779164,TRUE
"CID44971_GAAATGAGTGGTGTAG",0.188244823868033,TRUE
"CID44971_GAACATCTCGCTGATA",0.130016361974677,TRUE
"CID44971_GAACGGACATCGGAAG",0.166125867668619,TRUE
"CID44971_GAACGGAGTGGCAAAC",0.166581593769566,TRUE
"CID44971_GAAGCAGCACATTAGC",0.311378194107614,FALSE
"CID44971_GAAGCAGTCATAACCG",0.132809262303374,TRUE
"CID44971_GAAGCAGTCCGCTGTT",0.218564442028532,TRUE
"CID44971_GAATAAGAGTGAACAT",0.16905610630636,TRUE
"CID44971_GAATAAGTCCAAATGC",0.181445472162042,TRUE
"CID44971_GAATGAAAGTCAATAG",0.169294065683946,TRUE
"CID44971_GAATGAACACCACCAG",0.204423299938359,FALSE
"CID44971_GAATGAACAGCTGTAT",0.998175480519661,FALSE
"CID44971_GACACGCGTAGGACAC",0.101379745060464,TRUE
"CID44971_GACACGCGTCTGCGGT",0.173018707376187,TRUE
"CID44971_GACACGCGTTTGTTTC",0.17095142722945,TRUE
"CID44971_GACCAATAGAGTAATC",0.166458275421848,TRUE
"CID44971_GACCAATAGTGTGAAT",0.134178225180017,TRUE
"CID44971_GACCTGGGTTGTGGCC",0.404528438208872,FALSE
"CID44971_GACGGCTAGAATGTGT",0.493968048732167,FALSE
"CID44971_GACGGCTAGTGGCACA",0.155296808979834,TRUE
"CID44971_GACGGCTGTCGTCTTC",0.234429384240932,TRUE
"CID44971_GACGTTACATGACATC",0.173506489217881,TRUE
"CID44971_GACGTTATCAACCAAC",0.172319234543098,TRUE
"CID44971_GACTAACAGGGAAACA",0.235711886981079,TRUE
"CID44971_GACTAACGTTCGTGAT",0.204218668671951,TRUE
"CID44971_GACTACAAGGGATACC",0.129176609013203,TRUE
"CID44971_GACTACACATCAGTAC",0.160647480107518,TRUE
"CID44971_GACTACATCGATGAGG",0.22100340484667,TRUE
"CID44971_GAGCAGATCGGTTCGG",0.994829901853864,FALSE
"CID44971_GAGGTGAGTTTAAGCC",0.209748492995367,FALSE
"CID44971_GAGTCCGAGATAGCAT",0.130289686374284,TRUE
"CID44971_GAGTCCGGTAAAGTCA",0.163797440773991,TRUE
"CID44971_GATCAGTCAATGGTCT",0.182797549492577,TRUE
"CID44971_GATCGCGAGCAACGGT",0.696742650431578,FALSE
"CID44971_GATCGCGGTAAGTTCC",0.145685124485069,TRUE
"CID44971_GATCTAGGTCTAGGTT",0.213928723565787,FALSE
"CID44971_GATGAAAAGCCGATTT",0.175987605841468,FALSE
"CID44971_GATGAAAGTACTCTCC",0.201549035400678,FALSE
"CID44971_GATGAAAGTCGAATCT",0.188455128671328,TRUE
"CID44971_GATGAAAGTTAAAGAC",0.209335301608746,FALSE
"CID44971_GATGCTACAATGGATA",0.204651033242559,FALSE
"CID44971_GATGCTATCGGAATCT",0.167284155288777,TRUE
"CID44971_GATTCAGAGAGTGAGA",0.192724276612264,TRUE
"CID44971_GCAAACTAGGCAAAGA",0.16359554454293,TRUE
"CID44971_GCAAACTTCGTATCAG",0.170367649645551,TRUE
"CID44971_GCAATCAAGCCACCTG",0.380805067850228,FALSE
"CID44971_GCACATAGTCTGATTG",0.196832311842325,FALSE
"CID44971_GCACATATCCGCATAA",0.167900640219042,TRUE
"CID44971_GCACTCTTCACAGGCC",0.173462777883647,TRUE
"CID44971_GCAGCCATCAACACTG",0.170406201882258,TRUE
"CID44971_GCAGTTAAGAGTTGGC",0.274630463775743,TRUE
"CID44971_GCAGTTAAGCTAACTC",0.169159614562972,TRUE
"CID44971_GCAGTTAGTCACTGGC",0.182691607041575,FALSE
"CID44971_GCAGTTATCAACGCTA",0.175931661325186,FALSE
"CID44971_GCATACATCGTCACGG",0.211778103474582,TRUE
"CID44971_GCATGCGGTATATCCG",0.132815641331213,TRUE
"CID44971_GCCAAATCAGATTGCT",0.297091681054101,FALSE
"CID44971_GCCAAATTCCTACAGA",0.154834450572656,TRUE
"CID44971_GCGAGAATCAGAGGTG",0.251039645958182,FALSE
"CID44971_GCGCAGTAGTTAACGA",0.146978902928283,TRUE
"CID44971_GCGCAGTCACTTAACG",0.15919550257547,TRUE
"CID44971_GCGCCAAGTATGAAAC",0.269425339993698,FALSE
"CID44971_GCGCCAAGTGTGACCC",0.17176163156013,TRUE
"CID44971_GCGGGTTGTATCGCAT",0.26372891243427,FALSE
"CID44971_GCGGGTTTCAGCTCTC",0.224978796341899,TRUE
"CID44971_GCTCCTAAGATCCTGT",0.18317587706916,FALSE
"CID44971_GCTCTGTCATGCAATC",0.17051276332052,TRUE
"CID44971_GCTGCAGGTTGATTCG",0.173864134859875,TRUE
"CID44971_GCTGCAGTCAATCACG",0.288547010287804,TRUE
"CID44971_GCTGCGATCATTGCGA",0.172270711795783,TRUE
"CID44971_GCTGCTTTCCACGACG",0.18174282103207,FALSE
"CID44971_GCTGCTTTCTGCAGTA",0.18982141875735,TRUE
"CID44971_GCTTGAAGTATGCTTG",0.999999887336084,FALSE
"CID44971_GGAAAGCCATGGAATA",0.159053316372649,TRUE
"CID44971_GGAAAGCGTCTGCAAT",0.182352833617163,FALSE
"CID44971_GGAACTTTCTGGTATG",0.156518990128843,TRUE
"CID44971_GGAATAAGTGTTTGGT",0.150470090771769,TRUE
"CID44971_GGACAAGGTGCATCTA",0.141591966297619,TRUE
"CID44971_GGACAAGTCATCTGCC",0.19833478753474,TRUE
"CID44971_GGACATTTCAAAGACA",0.154581372389528,TRUE
"CID44971_GGACATTTCAGGCAAG",0.176102229000864,FALSE
"CID44971_GGATGTTAGAGGGCTT",0.236418047570676,FALSE
"CID44971_GGATGTTTCTCTAGGA",0.117622571122749,TRUE
"CID44971_GGCAATTAGACAAAGG",0.226268658084995,FALSE
"CID44971_GGCAATTAGTGGAGAA",0.197576878143613,FALSE
"CID44971_GGCAATTCATTCCTGC",0.154981784306593,TRUE
"CID44971_GGCAATTGTCAGATAA",0.165406249923693,TRUE
"CID44971_GGCCGATTCAGTTCGA",0.235938071714226,TRUE
"CID44971_GGCTCGATCAAGGTAA",0.176789228414699,FALSE
"CID44971_GGCTCGATCGCCCTTA",0.0936692851722744,TRUE
"CID44971_GGCTGGTGTGCACTTA",0.18736812051343,TRUE
"CID44971_GGGAATGTCTACTATC",0.184928106162451,TRUE
"CID44971_GGGACCTTCCGCAAGC",0.172623428327031,TRUE
"CID44971_GGGAGATAGTAGGCCA",0.918799780684535,FALSE
"CID44971_GGGAGATGTTTAGGAA",0.159090403810427,TRUE
"CID44971_GGGAGATTCCAAACTG",0.174215370918418,TRUE
"CID44971_GGGAGATTCTGATACG",0.247668017433913,TRUE
"CID44971_GGGATGAAGGGTCGAT",0.218985471874958,TRUE
"CID44971_GGGATGACACCACGTG",0.171774611121121,TRUE
"CID44971_GGGCATCGTATCACCA",0.168949193929735,TRUE
"CID44971_GGGCATCTCACGCATA",0.174711722799558,TRUE
"CID44971_GGGTCTGAGACCACGA",0.152225614686511,TRUE
"CID44971_GGGTCTGAGGATATAC",0.163810640500436,TRUE
"CID44971_GGGTCTGCAATCCGAT",0.159038878563571,TRUE
"CID44971_GGGTTGCCAAAGGAAG",0.208522440758732,FALSE
"CID44971_GGGTTGCTCCAACCAA",0.215954610970925,FALSE
"CID44971_GGTGAAGCATCGTCGG",0.135220555142807,TRUE
"CID44971_GGTGAAGGTTAGATGA",0.942837735540238,FALSE
"CID44971_GGTGCGTAGTGACTCT",0.303195218710463,TRUE
"CID44971_GGTGCGTCAAACAACA",0.163495419760856,TRUE
"CID44971_GGTGCGTGTTGAGTTC",0.168585115489409,TRUE
"CID44971_GGTGTTATCATCGATG",0.162092486130171,TRUE
"CID44971_GGTGTTATCTACCAGA",0.166302736835374,TRUE
"CID44971_GTAACGTAGCCTCGTG",0.1595533273308,TRUE
"CID44971_GTAACTGCATTTGCCC",0.184736206196756,TRUE
"CID44971_GTACGTACAAGTCATC",0.217341467957493,TRUE
"CID44971_GTACGTAGTTACGTCA",0.238503603081444,FALSE
"CID44971_GTACTCCAGCTGAACG",0.162880047740496,TRUE
"CID44971_GTACTTTCACTGTTAG",0.283285452237669,TRUE
"CID44971_GTAGGCCAGACCCACC",0.161212703838839,TRUE
"CID44971_GTAGGCCAGCTCTCGG",0.16455901462556,TRUE
"CID44971_GTAGGCCAGTGAATTG",0.218455435800494,TRUE
"CID44971_GTAGGCCCATCAGTCA",0.204896031996334,FALSE
"CID44971_GTCAAGTAGAAGATTC",0.169431900103909,TRUE
"CID44971_GTCAAGTCACATCTTT",0.304074997249364,TRUE
"CID44971_GTCACAAAGCACCGTC",0.197964840876529,FALSE
"CID44971_GTCACGGCAAAGCAAT",0.115306536827893,TRUE
"CID44971_GTCCTCAGTGTGACCC",0.179910176305925,TRUE
"CID44971_GTCGGGTGTCCTCCAT",0.24993493938388,TRUE
"CID44971_GTCGGGTTCAAACAAG",0.145948732887655,TRUE
"CID44971_GTCGTAAGTTCACCTC",0.156528157877204,TRUE
"CID44971_GTCTCGTTCGATCCCT",0.390214544682251,FALSE
"CID44971_GTCTTCGGTCGGCATC",0.261921361829951,FALSE
"CID44971_GTCTTCGGTGTGTGCC",0.269757657089052,FALSE
"CID44971_GTCTTCGTCATCACCC",0.242934792542582,TRUE
"CID44971_GTGAAGGTCCGATATG",0.161215992937492,TRUE
"CID44971_GTGAAGGTCGTTTGCC",0.4360359755795,TRUE
"CID44971_GTGCAGCAGGATGCGT",0.170882988706088,TRUE
"CID44971_GTGCAGCAGTAATCCC",0.203927730459918,FALSE
"CID44971_GTGCGGTCAAGGTGTG",0.164747128707351,TRUE
"CID44971_GTGCGGTTCTTCGAGA",0.33097640292521,TRUE
"CID44971_GTGCTTCTCAAACGGG",0.202585640298431,TRUE
"CID44971_GTGGGTCAGCGTTGCC",0.196484335295523,TRUE
"CID44971_GTGTGCGAGTACCGGA",0.447114518289032,FALSE
"CID44971_GTGTTAGCACGGACAA",0.176181511270287,TRUE
"CID44971_GTTACAGGTACCTACA",0.183097482582392,TRUE
"CID44971_GTTACAGTCTTGAGAC",0.178417521296811,TRUE
"CID44971_GTTCATTAGCGATTCT",0.153921511785729,TRUE
"CID44971_GTTCATTCACTAAGTC",0.191576005020958,TRUE
"CID44971_GTTCGGGCAAGCCATT",0.171877999724684,TRUE
"CID44971_GTTCTCGCAACACCTA",0.164108916105896,TRUE
"CID44971_GTTCTCGCATCGGTTA",0.21005046470602,FALSE
"CID44971_GTTCTCGGTTGATTGC",0.17496613489342,TRUE
"CID44971_GTTTCTACAGCTCGCA",0.265614914981973,TRUE
"CID44971_GTTTCTAGTTGTCGCG",0.156660211667487,TRUE
"CID44971_TAAACCGAGCTCCCAG",0.582588075284269,FALSE
"CID44971_TAAGAGAAGAACAATC",0.221561833563815,FALSE
"CID44971_TAAGAGATCTCCGGTT",0.171926216715576,TRUE
"CID44971_TAAGCGTTCGGTCTAA",0.17014433955137,TRUE
"CID44971_TAAGTGCAGTACGACG",0.188388847252246,FALSE
"CID44971_TACACGAGTGCTCTTC",0.155127265295534,TRUE
"CID44971_TACAGTGAGAAGGGTA",0.484753138995719,FALSE
"CID44971_TACCTATGTAGAAGGA",0.198300068334347,TRUE
"CID44971_TACCTTAAGATGCCTT",0.143630119814196,TRUE
"CID44971_TACGGATAGCTCCTTC",0.186913331244629,FALSE
"CID44971_TACGGATGTTCAGACT",0.152728875899258,TRUE
"CID44971_TACGGGCGTAAGAGAG",0.267563557469661,TRUE
"CID44971_TACGGGCGTCCTCCAT",0.187380683249824,TRUE
"CID44971_TACTTACTCTTGTCAT",0.172620631904854,TRUE
"CID44971_TACTTGTTCACCTCGT",0.175866363445451,TRUE
"CID44971_TAGACCAAGCGCTTAT",0.181166712960476,FALSE
"CID44971_TAGACCAGTTCAGTAC",0.189908159629171,TRUE
"CID44971_TAGACCAGTTTGGGCC",0.158237356397387,TRUE
"CID44971_TAGAGCTCACAGGCCT",0.170844010617025,TRUE
"CID44971_TAGGCATGTTATCCGA",0.339413510597563,FALSE
"CID44971_TAGTTGGAGGCGCTCT",0.177967501163383,TRUE
"CID44971_TAGTTGGGTACCGGCT",0.92922087754694,FALSE
"CID44971_TAGTTGGTCAGAGGTG",0.182567191856088,TRUE
"CID44971_TATCAGGGTTATCCGA",0.169032237134406,TRUE
"CID44971_TATCTCACAATGAATG",0.152886567636815,TRUE
"CID44971_TATTACCCAACACCTA",0.188980206394364,FALSE
"CID44971_TCAACGACATGCTGGC",0.360266841125709,FALSE
"CID44971_TCAATCTTCTATGTGG",0.350533464646802,FALSE
"CID44971_TCACAAGGTCATACTG",0.15174315827823,TRUE
"CID44971_TCACGAAAGATCTGAA",0.214226314527028,FALSE
"CID44971_TCACGAAGTCACTGGC",0.143964126315143,TRUE
"CID44971_TCAGCAATCACGAAGG",0.137013137497691,TRUE
"CID44971_TCAGCAATCAGGTAAA",0.161131961426905,TRUE
"CID44971_TCAGCTCCACAACTGT",0.143895105377991,TRUE
"CID44971_TCAGCTCTCTGCAAGT",0.310795388011448,FALSE
"CID44971_TCAGGATAGTCCCACG",0.171695540578611,TRUE
"CID44971_TCAGGATTCGGAAACG",0.416081290437098,FALSE
"CID44971_TCAGGTACATTAACCG",0.211742861688117,TRUE
"CID44971_TCATTTGTCCGAAGAG",0.388184617402828,FALSE
"CID44971_TCCACACAGCAAATCA",0.177020776732253,TRUE
"CID44971_TCCACACAGCGTCAAG",0.168352615925491,TRUE
"CID44971_TCCACACTCACAACGT",0.169846182311282,TRUE
"CID44971_TCCCGATAGCGTTTAC",0.200768284071615,TRUE
"CID44971_TCGAGGCTCAGTTCGA",0.149907636328635,TRUE
"CID44971_TCGCGAGCACAGCCCA",0.185998900805975,FALSE
"CID44971_TCGCGAGGTACATGTC",0.152938334815464,TRUE
"CID44971_TCGCGAGTCACCCGAG",0.170503597459201,TRUE
"CID44971_TCGCGTTGTCGCATCG",0.999997397924435,FALSE
"CID44971_TCGGGACCATATGGTC",0.171030470980999,TRUE
"CID44971_TCGGTAATCATATCGG",0.154294986856687,TRUE
"CID44971_TCGTACCAGCTCCCAG",0.245951919172435,TRUE
"CID44971_TCGTAGACAGACAGGT",0.182828263747261,TRUE
"CID44971_TCTATTGGTCATATGC",0.1611339461654,TRUE
"CID44971_TCTCATATCTGCAGTA",0.189898310948391,FALSE
"CID44971_TCTCTAACAACAACCT",0.415298177012593,FALSE
"CID44971_TCTCTAACATAGGATA",0.18881353478061,FALSE
"CID44971_TCTCTAACATTGCGGC",0.169547906870989,TRUE
"CID44971_TCTCTAAGTGACTCAT",0.21423157475734,TRUE
"CID44971_TCTGAGAGTCCGTCAG",0.169727831684031,TRUE
"CID44971_TCTTCGGAGAGTAAGG",0.205082914684761,TRUE
"CID44971_TCTTCGGTCAGAGACG",0.154284787177796,TRUE
"CID44971_TGAAAGACATCTACGA",0.146882964749668,TRUE
"CID44971_TGACGGCCACATCCAA",0.198279024055665,TRUE
"CID44971_TGACTTTCAGCTTCGG",0.242620676747445,TRUE
"CID44971_TGAGCATAGGAACTGC",0.181681542823666,TRUE
"CID44971_TGAGCATAGGGAAACA",0.527715819204737,FALSE
"CID44971_TGAGCATCACCGAAAG",0.162653801234976,TRUE
"CID44971_TGAGCATCACTGTGTA",0.253342239005776,FALSE
"CID44971_TGAGCATGTCCGAATT",0.299406872767617,TRUE
"CID44971_TGAGGGAAGAGCTTCT",0.158794423796052,TRUE
"CID44971_TGAGGGAAGTTAAGTG",0.164510445299943,TRUE
"CID44971_TGAGGGATCTCGTTTA",0.268295180061336,FALSE
"CID44971_TGCCCATCACGCATCG",0.196431248457169,FALSE
"CID44971_TGCCCTATCTTTACGT",0.30759108123375,TRUE
"CID44971_TGCGCAGAGGATGCGT",0.197517568924618,TRUE
"CID44971_TGCTGCTAGGTAGCTG",0.267856748207086,TRUE
"CID44971_TGCTGCTGTTCGCTAA",0.273058245125297,FALSE
"CID44971_TGCTGCTTCCACTCCA",0.250947106984966,FALSE
"CID44971_TGGACGCCATTCGACA",0.236649079235214,FALSE
"CID44971_TGGACGCGTACCGAGA",0.169251339368452,TRUE
"CID44971_TGGCCAGCAGGTCTCG",0.187644455913866,FALSE
"CID44971_TGGCGCAAGCTGCGAA",0.380508871221469,FALSE
"CID44971_TGGCGCAAGTCCGGTC",0.17397340053162,TRUE
"CID44971_TGGCTGGCACCCATTC",0.183070748307065,FALSE
"CID44971_TGGCTGGCACGGTAAG",0.170207564415325,TRUE
"CID44971_TGGGAAGAGAGCTGCA",0.197251104735173,FALSE
"CID44971_TGGGAAGAGCAGCCTC",0.230562504271858,TRUE
"CID44971_TGGGCGTAGCTACCGC",0.250546161634993,TRUE
"CID44971_TGGTTAGCACATGACT",0.124345306970886,TRUE
"CID44971_TGGTTAGTCCAAACTG",0.144963120790377,TRUE
"CID44971_TGGTTCCGTAAACGCG",0.262983904318338,FALSE
"CID44971_TGTCCCACAAAGGCGT",0.164870060442552,TRUE
"CID44971_TGTCCCATCTGGCGAC",0.191066798059469,TRUE
"CID44971_TGTGGTAAGGTGACCA",0.17512150451998,TRUE
"CID44971_TGTTCCGGTAGGAGTC",0.162259577529287,TRUE
"CID44971_TGTTCCGTCCAGTATG",0.258943767168836,TRUE
"CID44971_TTAACTCTCTAACCGA",0.15083320673274,TRUE
"CID44971_TTAGGCAAGACTCGGA",0.161556629544858,TRUE
"CID44971_TTAGTTCTCACAGGCC",0.217264345046358,TRUE
"CID44971_TTAGTTCTCGTCTGAA",0.197239448124428,FALSE
"CID44971_TTATGCTAGCACCGCT",0.552845185447911,TRUE
"CID44971_TTATGCTCAGTTTACG",0.523291755509435,FALSE
"CID44971_TTATGCTTCTCTGAGA",0.230933951537157,FALSE
"CID44971_TTCTACAGTATTACCG",0.181187723559585,FALSE
"CID44971_TTCTCAAAGGGTTCCC",0.172609810340696,TRUE
"CID44971_TTCTCAAAGTGGCACA",0.195409807560431,FALSE
"CID44971_TTCTCAACAAACTGTC",0.205055719299954,FALSE
"CID44971_TTCTCCTTCTACCTGC",0.178309646133574,TRUE
"CID44971_TTCTTAGGTTAGAACA",0.22033715289997,FALSE
"CID44971_TTGAACGAGAAGAAGC",0.302706995871384,FALSE
"CID44971_TTGAACGTCGGCGCAT",0.177130586228523,TRUE
"CID44971_TTGCCGTCAGCAGTTT",0.248671593561996,FALSE
"CID44971_TTGCGTCAGCGATGAC",0.139570098403963,TRUE
"CID44971_TTGCGTCTCTCACATT",0.199958884180381,TRUE
"CID44971_TTGGCAAAGACGACGT",0.788913348333855,FALSE
"CID44971_TTGGCAAGTAACGTTC",0.189504482948911,TRUE
"CID44971_TTGTAGGCAGATGAGC",0.3654328599842,FALSE
"CID44971_TTGTAGGGTTCATGGT",0.18131156534137,TRUE
"CID44971_TTTACTGAGATGTAAC",0.168825849897405,TRUE
"CID44971_TTTATGCCAATTGCTG",0.299186377407134,TRUE
"CID44971_TTTCCTCCATCAGTAC",0.270665981342523,FALSE
"CID44971_TTTCCTCGTGGGTATG",0.191567645747106,TRUE
"CID44971_TTTGCGCGTAACGTTC",0.156653352440894,TRUE
"CID44971_TTTGCGCGTTGCGCAC",0.248699993510039,TRUE
"CID44971_TTTGCGCTCACCGTAA",0.149886997751009,TRUE
"CID44971_TTTGTCATCGCCTGAG",0.158028869250559,TRUE
"CID44971_GATCAGTTCGAGAACG",0.153156130444565,TRUE
"CID44971_CACCAGGTCGGCGCAT",0.206985878394466,FALSE
"CID44971_CGAGCACCACGGTAGA",0.183005247019346,FALSE
"CID44971_CAGTCCTAGTACGCCC",0.96722750956537,FALSE
"CID44971_AGCGTATTCCCTCTTT",0.347938411374165,TRUE
"CID44971_AGCTCTCGTTACGGAG",0.136323017426146,TRUE
"CID44971_TCGTACCAGTGGGATC",0.134793571769202,TRUE
"CID44971_TTGCCGTGTCAAGCGA",0.185095819544273,TRUE
"CID44971_AACTCAGGTCATATGC",0.238156393885348,FALSE
"CID44971_TATCTCAAGAGACTTA",0.941006755013844,FALSE
"CID44971_CTGCCTACAGCTGCAC",0.391827799056786,FALSE
"CID44971_GTCGGGTCAGTGGAGT",0.18488795387471,TRUE
"CID44971_TACCTTATCTTCGGTC",0.168966852537432,TRUE
"CID44971_TCTATTGCAGCATGAG",0.199270570778244,TRUE
"CID44971_AATCGGTAGTCTCAAC",0.963686846274182,FALSE
"CID44971_AGTAGTCTCAACGGGA",0.174266690772482,TRUE
"CID44971_AGTTGGTCAAAGTCAA",0.213202283410495,FALSE
"CID44971_ATCCGAACAATGCCAT",0.242978327036084,FALSE
"CID44971_CGCTATCAGTACGTTC",0.20763276648966,TRUE
"CID44971_CGTAGGCTCCGAGCCA",0.245572026385145,TRUE
"CID44971_CTTCTCTGTCTAGCCG",0.181313386792343,TRUE
"CID44971_GATCGCGCATAGGATA",0.165997829832366,TRUE
"CID44971_GATCTAGCACATCTTT",0.22795387183165,TRUE
"CID44971_GGGCATCAGACAATAC",0.168268173481605,TRUE
"CID44971_GGTGAAGCAGTAACGG",0.936787855048168,FALSE
"CID44971_GGTGCGTAGGTGCTAG",0.152554719780687,TRUE
"CID44971_GTCTCGTAGCCTCGTG",0.18991991140301,TRUE
"CID44971_TATTACCGTAGAGCTG",0.172139572536631,TRUE
"CID44971_TTTACTGAGAGTTGGC",0.187902736741781,FALSE
"CID44971_AAACCTGAGCCGCCTA",0.18150946383617,FALSE
"CID44971_ACACTGAGTAGCTCCG",0.458465526229123,FALSE
"CID44971_ACCGTAAGTGCATCTA",0.430895341177449,FALSE
"CID44971_ATCTGCCCACTACAGT",0.215056159425908,FALSE
"CID44971_CATCGAATCTATGTGG",0.176869960735017,TRUE
"CID44971_CCTAGCTGTTACAGAA",0.999531210180799,FALSE
"CID44971_CTAACTTCAGGGATTG",0.191181194270423,TRUE
"CID44971_GTAGGCCAGGTGCACA",0.198330053724069,FALSE
"CID44971_TCACGAACACGGTAAG",0.175808893019019,TRUE
"CID44971_AAACGGGCACACATGT",0.183854952649849,FALSE
"CID44971_AACACGTAGACAGGCT",0.24320377755827,TRUE
"CID44971_AACTCAGAGAATTGTG",0.144239012405956,TRUE
"CID44971_AACTCAGAGCAACGGT",0.189833048208956,FALSE
"CID44971_AACTCAGCACATTAGC",0.281248644442818,FALSE
"CID44971_AACTCAGTCTTGCCGT",0.23995456425392,TRUE
"CID44971_AACTCCCAGCACAGGT",0.191876422644873,FALSE
"CID44971_AACTCTTTCATTTGGG",0.422048827826483,TRUE
"CID44971_AAGCCGCTCGGCCGAT",0.186334062398553,TRUE
"CID44971_AAGGTTCGTAAGTAGT",0.156505723175022,TRUE
"CID44971_AATCCAGCATACTCTT",0.159738116809096,TRUE
"CID44971_AATCCAGTCCTCGCAT",0.170765710877776,TRUE
"CID44971_ACACCAATCGGTTCGG",0.241267688876183,TRUE
"CID44971_ACACCCTGTTCCGTCT",0.149776601331542,TRUE
"CID44971_ACATCAGTCTACCAGA",0.153288148318191,TRUE
"CID44971_ACCAGTAGTTCACCTC",0.13669244527971,TRUE
"CID44971_ACCCACTAGAGGTAGA",0.150924702681689,TRUE
"CID44971_ACCGTAACAGTATCTG",0.16380288508368,TRUE
"CID44971_ACCGTAACATAACCTG",0.330809349519614,FALSE
"CID44971_ACGGGCTCACTAAGTC",0.591619108625141,FALSE
"CID44971_AGAGCGACACCGAATT",0.19810501170002,FALSE
"CID44971_AGAGCGATCTTACCTA",0.176745082320959,TRUE
"CID44971_AGCATACTCTTGACGA",0.363687864733942,FALSE
"CID44971_AGCTCCTGTCTTGCGG",0.18148745867903,FALSE
"CID44971_AGGGTGAAGACAAGCC",0.603449016670409,FALSE
"CID44971_AGTGAGGGTAAGAGAG",0.157444016833048,TRUE
"CID44971_AGTGAGGGTCTAAAGA",0.207829171458455,FALSE
"CID44971_ATAAGAGCACGAAAGC",0.158840021879065,TRUE
"CID44971_ATAAGAGTCTGTCTCG",0.73790043829878,FALSE
"CID44971_ATCGAGTTCTCGGACG",0.17760568232002,TRUE
"CID44971_ATGGGAGAGGATTCGG",0.162104989806613,TRUE
"CID44971_CAACCTCAGTGTCCCG",0.173029927887043,TRUE
"CID44971_CAACCTCGTTAAAGTG",0.218910915453786,TRUE
"CID44971_CAACTAGCATCGGACC",0.234882235509582,FALSE
"CID44971_CAAGATCGTGTGCGTC",0.884176825162456,FALSE
"CID44971_CAAGTTGAGAAACGAG",0.744159863331535,FALSE
"CID44971_CACAAACTCATAAAGG",0.20064200088954,FALSE
"CID44971_CACACAATCGCCTGAG",0.182554193060374,TRUE
"CID44971_CACCTTGAGGGAAACA",0.17636469216976,FALSE
"CID44971_CAGAGAGCAGTTAACC",0.355138705397318,TRUE
"CID44971_CAGTAACAGAGTGAGA",0.674092223407621,FALSE
"CID44971_CATATGGAGTACGTTC",0.237958033404727,FALSE
"CID44971_CATATGGTCAGAAATG",0.392632082633102,FALSE
"CID44971_CATCAAGAGGTGACCA",0.219863381254524,FALSE
"CID44971_CATCAGAGTCAACTGT",0.309474684700929,FALSE
"CID44971_CATCGAACAAAGGAAG",0.249364060074213,FALSE
"CID44971_CATGGCGAGCCCAATT",0.926542053997262,FALSE
"CID44971_CATGGCGCACAAGACG",0.154518052740281,TRUE
"CID44971_CATTATCCACATCCAA",0.282741038554985,FALSE
"CID44971_CCAGCGATCTATCCCG",0.143004131254775,TRUE
"CID44971_CCCAGTTGTTTAGCTG",0.375637800507018,FALSE
"CID44971_CCCTCCTAGGTGCACA",0.142315824278759,TRUE
"CID44971_CCGTTCAAGGTGTGGT",0.240435116303119,FALSE
"CID44971_CCTAAAGGTTTGTTGG",0.219533991269089,TRUE
"CID44971_CCTACACCAGGCTGAA",0.615215552762262,FALSE
"CID44971_CGAGCACTCCTATTCA",0.207384949906577,TRUE
"CID44971_CGATGGCTCAGTTTGG",0.279168750233734,FALSE
"CID44971_CGCCAAGAGTCCTCCT",0.163449934487618,TRUE
"CID44971_CGCGGTAAGTGAAGTT",0.175188185949212,FALSE
"CID44971_CGCGTTTAGTCGAGTG",0.120476903649221,TRUE
"CID44971_CGGACGTGTACCGTTA",0.263190428946209,FALSE
"CID44971_CGGAGCTTCAGGTTCA",0.185383787055357,TRUE
"CID44971_CGGAGTCCACTCTGTC",0.189780418730457,FALSE
"CID44971_CGGCTAGTCCGCGCAA",0.421485848471668,FALSE
"CID44971_CGGGTCATCTGAGGGA",0.194279199016181,FALSE
"CID44971_CGTCACTCAAGGACTG",0.233347983955059,FALSE
"CID44971_CGTCCATAGGACATTA",0.999703830322788,FALSE
"CID44971_CTAGAGTCACGGCCAT",0.584243673309351,FALSE
"CID44971_CTAGAGTGTACATGTC",0.140608430591335,TRUE
"CID44971_CTCGTACTCTACGAGT",0.116679644729021,TRUE
"CID44971_CTCGTCAAGGGTCTCC",0.299520560007014,TRUE
"CID44971_CTGATCCGTGTGAATA",0.286171774289227,TRUE
"CID44971_CTGCTGTTCCTCATTA",0.360226923721142,FALSE
"CID44971_CTTAACTGTGACTACT",0.952203804323611,FALSE
"CID44971_CTTCTCTTCATGTCTT",0.151538967791385,TRUE
"CID44971_GAATAAGGTGAAGGCT",0.141937978970121,TRUE
"CID44971_GACAGAGCATACGCCG",0.159424542673674,TRUE
"CID44971_GACGCGTCAGCTGTGC",0.153482624595218,TRUE
"CID44971_GACGCGTGTGTTCTTT",0.169884519150688,TRUE
"CID44971_GACTGCGGTGCCTGGT",0.144940821654387,TRUE
"CID44971_GATCAGTGTGCTTCTC",0.147520433822607,TRUE
"CID44971_GATCAGTTCGGCTACG",0.175016763957108,FALSE
"CID44971_GATCGATTCTTGAGAC",0.457456856292654,FALSE
"CID44971_GATTCAGAGAGGTTAT",0.660866017730137,FALSE
"CID44971_GCAAACTCAAGTAATG",0.164828716007065,TRUE
"CID44971_GCACTCTTCGTGACAT",0.202877555122712,TRUE
"CID44971_GCATGATCATGCCTTC",0.140183354796295,TRUE
"CID44971_GCGAGAATCACGCGGT",0.171538750711751,TRUE
"CID44971_GCGCAGTTCCCAAGAT",0.248390879206303,FALSE
"CID44971_GCTGCAGGTGCACTTA",0.639546322661807,FALSE
"CID44971_GCTGCGATCATCGATG",0.185223711941609,TRUE
"CID44971_GCTGCGATCCACTCCA",0.196479850595274,TRUE
"CID44971_GCTGGGTCACGGTGTC",0.205198713185498,FALSE
"CID44971_GCTTGAAAGATACACA",0.170572343115422,TRUE
"CID44971_GGATTACAGCACACAG",0.210895421308569,FALSE
"CID44971_GGCAATTTCGGCGCAT",0.201736485844573,FALSE
"CID44971_GGCGACTTCGTTGCCT",0.232152558879365,TRUE
"CID44971_GGGACCTGTAAGCACG",0.267024612257838,FALSE
"CID44971_GGGATGAGTTCTGGTA",0.118992172878182,TRUE
"CID44971_GGTGAAGGTAAATGAC",0.138601057431224,TRUE
"CID44971_GGTGCGTGTTCATGGT",0.180040222938072,TRUE
"CID44971_GTATCTTTCAATACCG",0.179422484826102,TRUE
"CID44971_GTCACAACATGTCTCC",0.163565671378554,TRUE
"CID44971_GTCTCGTGTCGAATCT",0.142408141430692,TRUE
"CID44971_GTCTTCGTCAGTTTGG",0.196527944220935,FALSE
"CID44971_GTGAAGGAGGCTATCT",0.182203495500702,FALSE
"CID44971_GTGAAGGGTACCGAGA",0.190530653352085,FALSE
"CID44971_GTTCGGGTCACAAACC",0.230295545085807,FALSE
"CID44971_TACACGATCTCGTATT",0.218439855242807,FALSE
"CID44971_TACCTATCAGCTCGAC",0.860290540561657,FALSE
"CID44971_TACGGGCAGCGCCTCA",0.225681695441635,TRUE
"CID44971_TACGGGCGTCGGCTCA",0.169667976474664,TRUE
"CID44971_TACTCATTCTCTGTCG",0.325450522494458,TRUE
"CID44971_TAGGCATTCCTAGGGC",0.193367826766325,TRUE
"CID44971_TAGTGGTAGTCCGGTC",0.178619340486449,TRUE
"CID44971_TAGTTGGTCAGCTCTC",0.999999999999997,FALSE
"CID44971_TCAATCTCATGCATGT",0.150991503725454,TRUE
"CID44971_TCACGAAGTGGTTTCA",0.456117318715928,FALSE
"CID44971_TCAGCTCGTAATTGGA",0.161944828737568,TRUE
"CID44971_TCAGGTATCGTCTGCT",0.180721741693792,TRUE
"CID44971_TCCCGATCAAGCCTAT",0.991358555686732,FALSE
"CID44971_TCGCGTTAGGCTATCT",0.15987723468631,TRUE
"CID44971_TCGGGACGTGGCAAAC",0.344464738535522,FALSE
"CID44971_TCGGGACTCGGCATCG",0.253725687645508,TRUE
"CID44971_TCGGGACTCTAACTGG",0.24044976104443,TRUE
"CID44971_TCGGTAAAGGAGTACC",0.349963226975364,FALSE
"CID44971_TCTTCGGTCCTTCAAT",0.226222967303552,TRUE
"CID44971_TGACAACAGCTGCAAG",0.224883869703887,TRUE
"CID44971_TGACGGCGTCAGATAA",0.186213451206843,FALSE
"CID44971_TGACTTTGTCGGATCC",0.932445433011806,FALSE
"CID44971_TGAGGGACAGTCCTTC",0.832861067453852,FALSE
"CID44971_TGCACCTTCTTTAGGG",0.155413173067879,TRUE
"CID44971_TGCCCTAAGTCCATAC",0.166924137044364,TRUE
"CID44971_TGCCCTATCATTCACT",0.222892794235519,TRUE
"CID44971_TGGCCAGGTCACTTCC",0.423174426273888,FALSE
"CID44971_TGGCTGGCAACTGCTA",0.157159645079066,TRUE
"CID44971_TGGCTGGCATACTACG",0.183934736483196,FALSE
"CID44971_TGTGTTTGTCTGCCAG",0.322518706487968,FALSE
"CID44971_TGTTCCGCAGGAATCG",0.20810299489336,FALSE
"CID44971_TTATGCTGTAGCTCCG",0.213807108736779,FALSE
"CID44971_TTCCCAGGTAGCTTGT",0.201467904802714,TRUE
"CID44971_TTCTCCTTCAGCAACT",0.143866039396771,TRUE
"CID44971_TTGAACGCATTGGTAC",0.187786718829945,TRUE
"CID44971_TTGACTTGTCCTCTTG",0.18103802104566,TRUE
"CID44971_TTGTAGGAGTGAACAT",0.178280144774354,FALSE
"CID44971_TTTATGCGTCTCCATC",0.195981370752804,FALSE
"CID44971_GGAACTTGTCAAACTC",0.242957174822068,TRUE
"CID44971_AACACGTCACCAGGTC",0.131580830718715,TRUE
"CID44971_ATCTACTAGTCCGGTC",0.184665841894182,TRUE
"CID44971_CACACAATCTCTTATG",0.197860464424794,FALSE
"CID44971_CAGCATAAGCTAGCCC",0.181560840004953,TRUE
"CID44971_GTCACAAGTCATCCCT",0.193842051298573,FALSE
"CID44971_TTCTCAAAGCGATGAC",0.514551385295137,FALSE
"CID44971_AAACCTGCAATGGAGC",0.133557055902755,TRUE
"CID44971_AAACCTGGTTAGTGGG",0.200561532229617,FALSE
"CID44971_AGCTCCTTCAGAGGTG",0.176403954013516,TRUE
"CID44971_CTGGTCTTCATGTCTT",0.261211798252274,TRUE
"CID44971_CTGTGCTCAGACAGGT",0.276157299339328,FALSE
"CID44971_TAGAGCTTCGTGACAT",0.212462222117033,FALSE
"CID44971_TCACAAGGTCGACTAT",0.183809802211252,TRUE
"CID44971_TGTTCCGGTCAAGCGA",0.179391626548219,TRUE
"CID44971_TTCCCAGTCAGAGGTG",0.166041318837336,TRUE
"CID44971_TTTCCTCCATCGGTTA",0.173732070259926,TRUE
"CID44971_AGCGGTCCATGGGAAC",0.170663317972561,TRUE
"CID44971_TAAACCGAGGTAAACT",0.636142937584342,FALSE
"CID44971_GAGCAGATCTTTAGTC",0.228770400701429,FALSE
"CID44971_GGACATTTCAGCATGT",0.151389414372034,TRUE
"CID44971_TTCGAAGTCTTGAGAC",0.179324747722736,TRUE
"CID44971_AAATGCCGTGGGTCAA",0.323415728265516,TRUE
"CID44971_AACACGTAGGATGGTC",0.18896977289464,FALSE
"CID44971_AACTCAGAGATGGGTC",0.38483213900803,FALSE
"CID44971_AAGCCGCCAACTGCGC",0.283511600418706,FALSE
"CID44971_AAGGTTCAGCCATCGC",0.339978453812852,FALSE
"CID44971_ACACCAAGTAGCCTCG",0.308503390714438,FALSE
"CID44971_ACATGGTTCATTATCC",0.196111480654688,FALSE
"CID44971_ACCGTAAAGCAGCCTC",0.249653151160879,TRUE
"CID44971_ACGAGCCGTCGCTTCT",0.164685382734511,TRUE
"CID44971_ACGGGCTTCCTAGGGC",0.325687225713872,TRUE
"CID44971_ACGGGCTTCTTGTCAT",0.214437789152391,FALSE
"CID44971_ACGTCAAGTGTGACGA",0.19503631952057,FALSE
"CID44971_ACTGAACGTGCAGTAG",0.161542300747324,TRUE
"CID44971_ACTGATGAGATCCCAT",0.251946737939247,FALSE
"CID44971_ACTGCTCAGGAGCGTT",0.438898160990429,TRUE
"CID44971_AGATCTGGTGTTTGTG",0.950774350780543,FALSE
"CID44971_AGCCTAAGTACCCAAT",0.251628500186701,FALSE
"CID44971_AGCTCTCTCACCGTAA",0.186713786462356,FALSE
"CID44971_AGTGGGACAGTCGTGC",0.16853739240377,TRUE
"CID44971_ATAACGCGTCGAGATG",0.290632898477435,FALSE
"CID44971_ATCATCTTCAGTCCCT",0.363942440527874,FALSE
"CID44971_ATCCGAACATCGGTTA",0.236366434459424,FALSE
"CID44971_ATGGGAGGTGTCCTCT",0.171690948642488,TRUE
"CID44971_ATTTCTGTCATTCACT",0.215742172850113,FALSE
"CID44971_CAAGATCCATTACCTT",0.890827691423293,FALSE
"CID44971_CAAGGCCAGTACTTGC",0.174902953637723,TRUE
"CID44971_CAAGGCCGTTGGGACA",0.230061153261578,FALSE
"CID44971_CACTCCAGTTGAGTTC",0.979377219820314,FALSE
"CID44971_CACTCCATCTTTACAC",0.172463135870775,TRUE
"CID44971_CAGAATCTCAGTTTGG",0.175328474286188,TRUE
"CID44971_CAGCTGGCAGTAACGG",0.17633557489184,TRUE
"CID44971_CAGTCCTGTTGAACTC",0.17895161351544,TRUE
"CID44971_CATATGGTCATGCAAC",0.229294887167272,FALSE
"CID44971_CATATTCCATCAGTCA",0.177400814999302,TRUE
"CID44971_CATCCACAGCAGCCTC",0.233817742906137,FALSE
"CID44971_CATGCCTCAAGAAAGG",0.196363350694874,TRUE
"CID44971_CATTCGCGTAAATGAC",0.712201326211888,FALSE
"CID44971_CCAGCGATCAAACAAG",0.162945433652706,TRUE
"CID44971_CCCAGTTCAGGGCATA",0.496435420746083,FALSE
"CID44971_CGAGAAGGTGTGGCTC",0.178687633579574,TRUE
"CID44971_CGAGCCAGTGCCTGGT",0.206471678299254,FALSE
"CID44971_CGCGTTTCAGGTTTCA",0.507804948590966,FALSE
"CID44971_CGGACACCACAGAGGT",0.150255343916348,TRUE
"CID44971_CGTGTAAAGTCGCCGT",0.203390714627657,TRUE
"CID44971_CGTTCTGAGCCAGGAT",0.217628909075195,FALSE
"CID44971_CTACGTCTCGGCCGAT",0.235669624714637,FALSE
"CID44971_CTCGTACGTTCGTGAT",0.470000211510257,FALSE
"CID44971_CTCTGGTTCGGCGGTT",0.331483253182734,TRUE
"CID44971_GACACGCCACTACAGT",0.193651752906735,FALSE
"CID44971_GACGCGTGTCAGCTAT",0.152459192124263,TRUE
"CID44971_GCAGTTATCTTTACGT",0.204609724889756,FALSE
"CID44971_GCGCGATCAGGATTGG",0.268552927116701,FALSE
"CID44971_GCTTCCAAGGGATGGG",0.220603506351751,FALSE
"CID44971_GCTTGAACACCTGGTG",0.183112600618121,FALSE
"CID44971_GGCTCGAAGCCAGAAC",0.251369836241111,FALSE
"CID44971_GGGACCTCATCACAAC",0.160286343130934,TRUE
"CID44971_GTATCTTTCTGAAAGA",0.84928180672338,FALSE
"CID44971_GTCTCGTGTGCAGACA",0.931535956986109,FALSE
"CID44971_GTGTGCGGTGTATGGG",0.165353459251396,TRUE
"CID44971_GTTAAGCAGTCCGTAT",0.222355845137061,FALSE
"CID44971_GTTCTCGAGCCAGGAT",0.274866705078328,FALSE
"CID44971_GTTCTCGGTTGATTCG",0.161387097772437,TRUE
"CID44971_TAAACCGGTCTAGTGT",0.175517563893396,TRUE
"CID44971_TACCTTACACCCTATC",0.176122650187089,FALSE
"CID44971_TACGGGCCAGTAAGCG",0.16868098564774,TRUE
"CID44971_TACTTGTAGTGCGATG",0.158023189780783,TRUE
"CID44971_TAGTTGGGTGGTTTCA",0.180401032702358,TRUE
"CID44971_TCAACGATCGTTGCCT",0.169680318625585,TRUE
"CID44971_TCAGATGAGACTACAA",0.192431412113234,FALSE
"CID44971_TCAGGATTCACCGGGT",0.233529767196202,FALSE
"CID44971_TCAGGTAAGACTAGGC",0.453802499924658,FALSE
"CID44971_TCATTTGCAGGCAGTA",0.253231637969724,FALSE
"CID44971_TCGCGAGTCCAAATGC",0.174413571733116,TRUE
"CID44971_TCGGTAAAGTTAAGTG",0.171748915981117,TRUE
"CID44971_TCGTACCTCGAATCCA",0.23640643857525,FALSE
"CID44971_TCTGGAAAGCGTGAGT",0.165278637474972,TRUE
"CID44971_TGACGGCAGCTGCCCA",0.160228853256319,TRUE
"CID44971_TGACGGCTCTCTGTCG",0.312725251690663,FALSE
"CID44971_TGAGAGGCACATGTGT",0.398634012996471,FALSE
"CID44971_TGATTTCTCTGATTCT",0.365133402562079,FALSE
"CID44971_TGCTACCGTTCGAATC",0.169957613428115,TRUE
"CID44971_TGGACGCGTATGGTTC",0.173995137306215,TRUE
"CID44971_TGGGCGTAGTACCGGA",0.185353637109889,TRUE
"CID44971_TGTGGTAGTACCAGTT",0.170094862654149,TRUE
"CID44971_TGTTCCGAGCTTCGCG",0.18790079538371,FALSE
"CID44971_TTAGGCAGTTCACCTC",0.170061935863597,TRUE
"CID44971_TTAGGCATCGAACTGT",0.172887545024777,TRUE
"CID44971_TTCTCAACATGCTAGT",0.160447830900004,TRUE
"CID44971_TTGGAACCAAAGAATC",0.698371101814598,FALSE
"CID44971_TTTACTGAGCGGATCA",0.235490969498308,FALSE
"CID44971_TTTATGCAGTCCAGGA",0.21190751439558,FALSE
"CID44971_ATCTGCCGTACGAAAT",0.323225809573608,FALSE
"CID44971_CGAGCACAGGATTCGG",0.15431321363006,TRUE
"CID44971_CTCGGGAGTATATCCG",0.101589322386121,TRUE
"CID44971_GGACAAGAGAAGGCCT",0.232481742194952,FALSE
"CID44971_AAAGTAGCATACGCCG",0.187067139615586,TRUE
"CID44971_AGAGTGGAGCTGCCCA",0.199990397836586,FALSE
"CID44971_AGGGAGTTCTCCCTGA",0.184213593826148,TRUE
"CID44971_AGGTCCGAGGCATGGT",0.187276464730927,TRUE
"CID44971_CCACCTATCCTTCAAT",0.189981728613945,TRUE
"CID44971_CCAGCGAAGATCTGCT",0.181095912414024,TRUE
"CID44971_CCCATACCATCCTAGA",0.380355230840324,FALSE
"CID44971_CCTCAGTCAATTCCTT",0.187239475290258,TRUE
"CID44971_CTAGCCTAGCGATGAC",0.182475660220739,TRUE
"CID44971_GACAGAGCAAACTGTC",0.212271964175838,TRUE
"CID44971_GATGCTAGTACTCGCG",0.220422903119244,FALSE
"CID44971_GCTTCCACACGGTAAG",0.183854915538596,FALSE
"CID44971_GGAACTTGTTTGTGTG",0.181231321822883,FALSE
"CID44971_TATCTCAGTCTCGTTC",0.205481562899697,TRUE
"CID44971_TGATTTCGTAAATGTG",0.241162814204662,TRUE
"CID44971_ACACCAAAGGTGCAAC",0.192577003882341,FALSE
"CID44971_AGCAGCCAGACTAGAT",0.209511130741177,TRUE
"CID44971_CATCAGATCTTACCTA",0.182415531717707,TRUE
"CID44971_CGCGGTACATGGATGG",0.17427533557302,TRUE
"CID44971_GGCTCGATCGGACAAG",0.219723329215075,FALSE
"CID44971_GGGACCTTCGAGCCCA",0.183550972580077,TRUE
"CID44971_TGTGTTTCATCACGTA",0.180655536582248,TRUE
"CID44971_AGATCTGTCGGAAACG",0.177449322159482,TRUE
"CID44971_CACTCCATCTTCGAGA",0.999999910804915,FALSE
"CID44971_AACTGGTAGCCGTCGT",0.136787910317673,TRUE
"CID44971_ACACTGAAGTAGTGCG",0.160305742808072,TRUE
"CID44971_ACAGCTACAAGTCATC",0.076176662565883,TRUE
"CID44971_AGCTCCTCACGGCCAT",0.136036751321203,TRUE
"CID44971_AGGCCGTGTACCTACA",0.1439809840769,TRUE
"CID44971_ATCGAGTTCTTGGGTA",0.210732622980315,FALSE
"CID44971_CACATTTGTATGCTTG",0.166982381550993,TRUE
"CID44971_CACCACTTCTGCGGCA",0.113364263622605,TRUE
"CID44971_CAGCAGCCAAGTTGTC",0.13966530771997,TRUE
"CID44971_CATGACAAGTTGAGTA",0.382138316267573,FALSE
"CID44971_CCTTCGAGTGGACGAT",0.146779030160457,TRUE
"CID44971_CCTTCGATCACCCTCA",0.128546331671099,TRUE
"CID44971_CGATGTAGTAAAGTCA",0.122043296352251,TRUE
"CID44971_CGGGTCACATCGGACC",0.120715743083677,TRUE
"CID44971_CTAGCCTGTCAAGCGA",0.131885950336455,TRUE
"CID44971_GACCTGGGTTTGGGCC",0.138736641161632,TRUE
"CID44971_GACGTGCAGGACATTA",0.106246028740239,TRUE
"CID44971_GCATGTATCTAACTTC",0.151831951705905,TRUE
"CID44971_GCCTCTAGTCATCGGC",0.149798068347868,TRUE
"CID44971_GCGAGAATCCCTTGCA",0.154509294696063,TRUE
"CID44971_GGAGCAAGTCTAGCGC",0.0969000431139284,TRUE
"CID44971_GGCAATTCAACTTGAC",0.176031048166851,TRUE
"CID44971_GGCCGATTCCCTGACT",0.13461738701593,TRUE
"CID44971_GTAACGTCAAAGGCGT",0.11105225084749,TRUE
"CID44971_GTACGTACACGGTAAG",0.154320525803495,TRUE
"CID44971_TAAGAGAGTTAGATGA",0.536412282289001,FALSE
"CID44971_TACTCATCACACCGAC",0.823024515477773,FALSE
"CID44971_TCGAGGCTCATGCTCC",0.0955379311814368,TRUE
"CID44971_TCTTCGGTCTCGTATT",0.101443043364171,TRUE
"CID44971_TGCGTGGAGTATTGGA",0.121167791615163,TRUE
"CID44971_TTTACTGAGCCTATGT",0.990391479833263,FALSE
"CID44971_TTTGCGCAGCCGGTAA",0.110784522821677,TRUE
"CID44971_ACTGCTCGTCGTTGTA",0.432643499589425,FALSE
"CID44971_AGAGTGGGTCTCAACA",0.206505552834196,FALSE
"CID44971_ATCATGGTCACAGGCC",0.14907784921065,TRUE
"CID44971_TTCTCAAGTGCGCTTG",0.156330634259267,TRUE
"CID44971_TTGCCGTGTCAAAGCG",0.226926706545589,FALSE
"CID44971_AAACCTGGTGGCTCCA",0.136600031649942,TRUE
"CID44971_AACCGCGCATCGGGTC",0.109698117978331,TRUE
"CID44971_AACTCAGAGGATGTAT",0.148101795305661,TRUE
"CID44971_AACTGGTGTAAACACA",0.0941583730078948,TRUE
"CID44971_AAGCCGCCATGTAGTC",0.347251145320831,TRUE
"CID44971_AAGGCAGGTACAGCAG",0.152856468056079,TRUE
"CID44971_ACACCCTAGATAGTCA",0.999999999997657,FALSE
"CID44971_ACCAGTAAGTTAAGTG",0.125878256093234,TRUE
"CID44971_ACCAGTATCGTGGACC",0.175287032476085,TRUE
"CID44971_ACCCACTCATATGAGA",0.15497573263352,TRUE
"CID44971_ACCGTAAAGAAACCTA",0.0914714983062247,TRUE
"CID44971_ACGAGGAAGCGTCAAG",0.120602236466365,TRUE
"CID44971_ACGAGGACACTATCTT",0.153868817873392,TRUE
"CID44971_ACGCAGCCAAAGTGCG",0.0622785855576258,TRUE
"CID44971_ACGGAGATCCGAGCCA",0.0644892216487047,TRUE
"CID44971_ACGGAGATCGGTTAAC",0.11381828052833,TRUE
"CID44971_ACGGCCAAGCTAAACA",0.229337114057663,FALSE
"CID44971_ACTATCTTCACCGGGT",0.0958297923526961,TRUE
"CID44971_ACTATCTTCAGAGCTT",0.526969092129348,FALSE
"CID44971_ACTTACTTCAGGCCCA",0.167922865718459,TRUE
"CID44971_AGACGTTGTCCAGTGC",0.247777832266722,FALSE
"CID44971_AGACGTTTCGATCCCT",0.0781935936369392,TRUE
"CID44971_AGAGCGAAGGCTAGCA",0.128396574264224,TRUE
"CID44971_AGAGTGGGTCCGAAGA",0.0576956477674561,TRUE
"CID44971_AGCCTAAAGATGTCGG",0.0542874039872885,TRUE
"CID44971_AGCCTAAAGTATGACA",0.114238540622095,TRUE
"CID44971_AGCCTAATCGGCTACG",0.0731766738076249,TRUE
"CID44971_AGCGTCGCAATTGCTG",0.143426714323595,TRUE
"CID44971_AGCTCCTAGCGTGTCC",0.99999999999968,FALSE
"CID44971_AGCTCTCGTACTCTCC",0.0783943031179266,TRUE
"CID44971_AGGGAGTGTGCACTTA",0.158663174721076,TRUE
"CID44971_AGGTCATGTCACCTAA",0.116151531105276,TRUE
"CID44971_AGGTCATTCGGAAACG",0.251252958937111,FALSE
"CID44971_AGTGAGGTCCACGTGG",0.214544289639718,TRUE
"CID44971_AGTGGGACATGCATGT",0.204407258229187,FALSE
"CID44971_AGTTGGTAGGGCTCTC",0.181469489892259,TRUE
"CID44971_ATCATCTGTCAAAGAT",0.210523772162972,FALSE
"CID44971_ATCATGGAGAAGGTGA",0.130721671896939,TRUE
"CID44971_ATCCACCGTTCCGGCA",0.224199150831462,FALSE
"CID44971_ATCCGAAAGCTACCTA",0.0961482943104175,TRUE
"CID44971_ATCGAGTCAGACAAGC",0.127918719392246,TRUE
"CID44971_ATCTGCCAGGCTCAGA",0.0799336963844663,TRUE
"CID44971_ATTACTCGTTATTCTC",0.181070964430053,TRUE
"CID44971_CAACCTCTCCATGAAC",0.108893799485636,TRUE
"CID44971_CAAGAAACACCAGGCT",0.201607744291745,FALSE
"CID44971_CAAGGCCGTCAATACC",0.0982938059747897,TRUE
"CID44971_CACACAAGTAAGTAGT",0.484887746827746,FALSE
"CID44971_CACAGGCCATCACCCT",0.115428123316055,TRUE
"CID44971_CACATAGTCACGAAGG",0.179886713586076,TRUE
"CID44971_CACATAGTCACGATGT",0.106858056555872,TRUE
"CID44971_CACATTTGTGCATCTA",0.820636350436354,FALSE
"CID44971_CACATTTGTGGTACAG",0.155654681710392,TRUE
"CID44971_CACCACTAGCTGGAAC",0.125952321111911,TRUE
"CID44971_CACCAGGCACCACCAG",0.112483004304666,TRUE
"CID44971_CACTCCATCTGGCGAC",0.162235006065852,TRUE
"CID44971_CAGCCGAAGAGCCTAG",0.27662300360715,FALSE
"CID44971_CAGCGACAGTAACCCT",0.662900881857228,FALSE
"CID44971_CAGCGACTCAGCAACT",0.0667771964592607,TRUE
"CID44971_CATATTCAGCCCAATT",0.477070629581332,FALSE
"CID44971_CATATTCGTTACGCGC",0.477283169653763,FALSE
"CID44971_CATCGAACAGGCGATA",0.470211280478839,FALSE
"CID44971_CATGCCTTCATGCATG",0.15942908631191,TRUE
"CID44971_CATGGCGAGAGCTTCT",0.226017371504182,FALSE
"CID44971_CCACGGACAAGGTTCT",0.801641690029471,FALSE
"CID44971_CCACTACAGGACGAAA",0.079456020925611,TRUE
"CID44971_CCCAGTTTCAGTTTGG",0.145231368714781,TRUE
"CID44971_CCCTCCTTCGAACGGA",0.0919347469709915,TRUE
"CID44971_CCTAAAGTCTTCTGGC",0.0697770228034974,TRUE
"CID44971_CCTACACCACTAGTAC",0.112060785030033,TRUE
"CID44971_CCTACCAAGGGAGTAA",0.0953317197225515,TRUE
"CID44971_CCTCAGTGTGCCTGGT",0.0681344780683889,TRUE
"CID44971_CCTCAGTTCCTATTCA",0.122203146442066,TRUE
"CID44971_CCTTCCCGTAGCACGA",0.235065063179109,FALSE
"CID44971_CGAATGTTCGTACCGG",0.269672397039892,FALSE
"CID44971_CGAGAAGGTAAATGTG",0.207636492258022,FALSE
"CID44971_CGATCGGGTCGCGGTT",0.156007415080891,TRUE
"CID44971_CGATTGATCGCTAGCG",0.999999999999958,FALSE
"CID44971_CGCCAAGCATCCGCGA",0.093766727714148,TRUE
"CID44971_CGGACGTTCACCCTCA",0.131726117328114,TRUE
"CID44971_CGGAGCTTCGGAATCT",0.169599116497134,TRUE
"CID44971_CGTCACTAGTTTAGGA",0.138277877349001,TRUE
"CID44971_CGTCAGGGTGTATGGG",0.0838285348565988,TRUE
"CID44971_CGTCTACTCCTTGCCA",0.110356896096426,TRUE
"CID44971_CGTGAGCCAAAGGTGC",0.364545598488101,FALSE
"CID44971_CGTGTAAGTACCGTAT",0.212661608199734,TRUE
"CID44971_CGTGTAAGTTCAGCGC",0.158445717185501,TRUE
"CID44971_CGTGTCTAGTGCAAGC",0.144264418377399,TRUE
"CID44971_CTAACTTGTCCGACGT",0.182478370864487,FALSE
"CID44971_CTACGTCGTAACGCGA",0.643857938295994,FALSE
"CID44971_CTCAGAATCTAAGCCA",0.114452457864343,TRUE
"CID44971_CTCCTAGCATCCGTGG",0.223646380005969,TRUE
"CID44971_CTCGGGACATGGAATA",0.119771475752035,TRUE
"CID44971_CTCGTACTCCGCGCAA",0.964641867789946,FALSE
"CID44971_CTCGTACTCTTGCCGT",0.1213450995768,TRUE
"CID44971_CTCTAATAGTCTCAAC",0.135572647650649,TRUE
"CID44971_CTGATCCCACATTCGA",0.110418896696238,TRUE
"CID44971_CTTAGGAGTTAGAACA",0.170040635590133,TRUE
"CID44971_GAAACTCTCTGTCAAG",0.20352641882514,FALSE
"CID44971_GAACCTAAGCTGAAAT",0.698250455568206,FALSE
"CID44971_GAACCTATCACCCTCA",0.0841748653957433,TRUE
"CID44971_GAAGCAGGTGATAAAC",0.0794051723330613,TRUE
"CID44971_GAATGAAAGGAATGGA",0.164770968047701,TRUE
"CID44971_GACACGCCACACAGAG",0.157457656846531,TRUE
"CID44971_GACAGAGAGGGAACGG",0.402579805562372,FALSE
"CID44971_GACCAATCACTGAAGG",0.10328852434344,TRUE
"CID44971_GACGCGTAGGTAAACT",0.134891869259287,TRUE
"CID44971_GACGGCTAGCCTATGT",0.0727166796000924,TRUE
"CID44971_GACTAACCACAAGCCC",0.1162789457032,TRUE
"CID44971_GACTGCGGTCCTCTTG",0.786707826084205,FALSE
"CID44971_GAGTCCGCAGCAGTTT",0.13237389128494,TRUE
"CID44971_GATCAGTAGCTCTCGG",0.127336025581407,TRUE
"CID44971_GATCGTAAGGTAAACT",0.11090555099692,TRUE
"CID44971_GATGAAATCGGCTTGG",0.0960974368988663,TRUE
"CID44971_GATGAGGGTTATGTGC",0.0748969296261621,TRUE
"CID44971_GCACATAAGGTACTCT",0.0755431067724798,TRUE
"CID44971_GCACTCTGTTTCCACC",0.113227907938314,TRUE
"CID44971_GCATGATGTAGGCATG",0.109422625840916,TRUE
"CID44971_GCATGCGAGCGGATCA",0.999999997884711,FALSE
"CID44971_GCGACCAGTCCCTTGT",0.0937304699233163,TRUE
"CID44971_GCGAGAACACTATCTT",0.0582637510566535,TRUE
"CID44971_GCTGCGAAGGGCACTA",0.301558614073474,FALSE
"CID44971_GCTTGAAAGATGCCTT",0.0986526264205696,TRUE
"CID44971_GCTTGAAAGTCTCAAC",0.0734399860793633,TRUE
"CID44971_GGAATAACAGCTTAAC",0.532449052431327,FALSE
"CID44971_GGAATAACATCTATGG",0.177051653558071,TRUE
"CID44971_GGACGTCTCCTTTACA",0.0753936297231048,TRUE
"CID44971_GGATTACAGTTATCGC",0.182762032342104,TRUE
"CID44971_GGCTCGATCCGTACAA",0.970665727584133,FALSE
"CID44971_GGGACCTTCCGTTGTC",0.180758571620256,TRUE
"CID44971_GGGCACTCACTCAGGC",0.178218777723046,TRUE
"CID44971_GGGCATCGTAAGTAGT",0.209586053349299,FALSE
"CID44971_GGGCATCGTACAGTTC",0.0851561359135989,TRUE
"CID44971_GGTGCGTTCTAACTCT",0.0815174455530165,TRUE
"CID44971_GTAACTGCACGCATCG",0.181916011877379,FALSE
"CID44971_GTCACAAAGCCACCTG",0.830291306520636,FALSE
"CID44971_GTCACAACAATGTAAG",0.30327630064606,FALSE
"CID44971_GTCATTTAGGAGTTTA",0.519624521493891,FALSE
"CID44971_GTCATTTAGTGTGGCA",0.0591138775483704,TRUE
"CID44971_GTCCTCAAGGACAGAA",0.114757004358873,TRUE
"CID44971_GTCGGGTCATACTCTT",0.105854234669015,TRUE
"CID44971_GTCGTAAGTTCCGGCA",0.655393520533496,FALSE
"CID44971_GTGCAGCCATCAGTCA",0.0699279245229191,TRUE
"CID44971_GTGCGGTGTGCTTCTC",0.127641983700219,TRUE
"CID44971_GTGCTTCGTAGCTTGT",0.164815999651377,TRUE
"CID44971_GTGGGTCCATTGGTAC",0.964987681456381,FALSE
"CID44971_GTGTTAGCAACACGCC",0.088615613995922,TRUE
"CID44971_GTTCGGGAGGATGTAT",0.10622628155145,TRUE
"CID44971_GTTCTCGTCTACCAGA",0.182897305168655,FALSE
"CID44971_TAAACCGGTTACAGAA",0.134688918081924,TRUE
"CID44971_TAAGAGATCCAGTAGT",0.0914998096419598,TRUE
"CID44971_TACACGACAGGCGATA",0.0679913930805896,TRUE
"CID44971_TACCTATTCTGTCTCG",0.285587137274217,FALSE
"CID44971_TACGGATCATGCAATC",0.114737356717401,TRUE
"CID44971_TACGGGCCAAGTAGTA",0.16900039658357,TRUE
"CID44971_TACTCGCGTACCTACA",0.260054562697825,FALSE
"CID44971_TATGCCCAGAGCCCAA",0.136911263661801,TRUE
"CID44971_TATGCCCGTTAAGAAC",0.660814668369346,FALSE
"CID44971_TATTACCCATGTAGTC",0.096867382219009,TRUE
"CID44971_TCAATCTTCGCCGTGA",0.128967860684364,TRUE
"CID44971_TCACGAATCCACGCAG",0.0562474218955402,TRUE
"CID44971_TCAGGATAGTAGGTGC",0.161251292011338,TRUE
"CID44971_TCAGGTACATGTCTCC",0.106939981198551,TRUE
"CID44971_TCATTTGAGTGAAGAG",0.933582659059325,FALSE
"CID44971_TCGTAGACATACAGCT",0.327981816030144,FALSE
"CID44971_TCTGAGAGTGCAACGA",0.130477289300527,TRUE
"CID44971_TCTTTCCGTCGACTAT",0.127268434541283,TRUE
"CID44971_TGACGGCGTCAGAAGC",0.0595796902560518,TRUE
"CID44971_TGACTAGAGGATGGTC",0.0715705105601872,TRUE
"CID44971_TGAGAGGGTATCACCA",0.116099092342896,TRUE
"CID44971_TGAGCATCATGTCTCC",0.101815652159885,TRUE
"CID44971_TGAGGGAGTCAAAGCG",0.118120829925146,TRUE
"CID44971_TGCCCTAAGGGTCGAT",0.102186610594856,TRUE
"CID44971_TGCTACCGTACGAAAT",0.184175237618497,TRUE
"CID44971_TGGACGCCAAGCTGAG",0.256096847219678,FALSE
"CID44971_TGGCCAGGTACATCCA",0.193722390924976,FALSE
"CID44971_TGGCTGGGTGGGTATG",0.0962998028594604,TRUE
"CID44971_TGGCTGGGTTATGCGT",0.0869946975505517,TRUE
"CID44971_TGGGCGTGTCAGAAGC",0.184187893804104,TRUE
"CID44971_TGGGCGTGTGTGGTTT",0.18717116927046,TRUE
"CID44971_TGTGGTAAGCCCAGCT",0.411069948645925,FALSE
"CID44971_TGTGTTTCATCGGGTC",0.102573426617657,TRUE
"CID44971_TTCGAAGCAACACCCG",0.120517664929269,TRUE
"CID44971_TTCGGTCCACGCCAGT",0.093420874678392,TRUE
"CID44971_TTCTCAAAGAAGGCCT",0.111555665852407,TRUE
"CID44971_TTCTCAATCCTGTAGA",0.125385360559268,TRUE
"CID44971_TTCTCCTGTCTCCATC",0.715548176270928,FALSE
"CID44971_TTGACTTGTAGCTAAA",0.225238948654814,FALSE
"CID44971_TTGCGTCCAGATAATG",0.644682995680559,FALSE
"CID44971_TTGGCAATCGGCTACG",0.348123580739685,FALSE
"CID44971_GCGGGTTAGATATGCA",0.876140982524777,FALSE
"CID44971_AGGTCCGTCTCCCTGA",0.159596237790624,TRUE
"CID44971_GTAGGCCTCACATGCA",0.970372920811897,FALSE
"CID44971_AACGTTGTCCGTCATC",0.155467324298795,TRUE
"CID44971_ACTATCTTCAACTCTT",0.097827216271539,TRUE
"CID44971_AGAGTGGTCCTGCCAT",0.106873730774608,TRUE
"CID44971_CACCACTGTGTTAAGA",0.107671675720007,TRUE
"CID44971_CAGCTAATCGTTACAG",0.0742643963892981,TRUE
"CID44971_CCGTTCAAGAGATGAG",0.125115132923093,TRUE
"CID44971_CCGTTCAAGATAGTCA",0.144581435135718,TRUE
"CID44971_CTAGCCTGTCGAGTTT",0.193144152506626,TRUE
"CID44971_CTCGGGATCCGCAAGC",0.190925624293077,TRUE
"CID44971_GTGTGCGGTACAGACG",0.1447191992423,TRUE
"CID44971_GTGTTAGAGACAAAGG",0.123618431696412,TRUE
"CID44971_TACCTTAGTTCGCGAC",0.113807214792309,TRUE
"CID44971_TCATTACAGACCTAGG",0.169340650134622,TRUE
"CID44971_CCGTACTGTTCGTGAT",0.184713769012884,TRUE
"CID44971_CTGGTCTCACGGTAAG",0.29559465956077,FALSE
"CID44971_GGCCGATTCACCAGGC",0.151301221311796,TRUE
"CID44971_AAATGCCCACCAGTTA",0.910104417005877,FALSE
"CID44971_AACTCTTGTAAGTAGT",0.457048716514859,FALSE
"CID44971_AAGTCTGTCACGACTA",0.326573926861676,FALSE
"CID44971_ACCTTTAAGATACACA",0.508969102713219,FALSE
"CID44971_AGATTGCAGGGTCGAT",0.22597839338382,FALSE
"CID44971_AGCATACCACAGGCCT",0.210729480172259,FALSE
"CID44971_AGCTCCTCAAGGCTCC",0.405580598536606,FALSE
"CID44971_AGGCCACTCGAGAACG",0.381202459472906,FALSE
"CID44971_AGTGTCATCCAACCAA",0.163845113550841,TRUE
"CID44971_ATGGGAGGTCTCGTTC",0.741111044315783,FALSE
"CID44971_CGAGCCACAGAAGCAC",0.480885765372541,FALSE
"CID44971_CGTCACTAGACATAAC",0.442116330166155,FALSE
"CID44971_CGTCCATTCCGGCACA",0.416849720136278,FALSE
"CID44971_CGTGTAAAGGAGTTTA",0.91289447635973,FALSE
"CID44971_CTAATGGAGAATGTGT",0.120819057953742,TRUE
"CID44971_CTAATGGCATGCCACG",0.267627987101547,FALSE
"CID44971_CTCACACAGCCCAGCT",0.28079513593775,FALSE
"CID44971_CTGCTGTAGAGCTGCA",0.888768367798061,FALSE
"CID44971_CTTAGGAGTTCCGTCT",0.169684616771691,TRUE
"CID44971_CTTTGCGGTGAGGGAG",0.872408282128235,FALSE
"CID44971_CTTTGCGGTTATGCGT",0.153128414226801,TRUE
"CID44971_GAACGGAGTCAATACC",0.91551714217401,FALSE
"CID44971_GCACATAAGCTGTCTA",0.225537751286488,FALSE
"CID44971_GCATGATAGCACCGCT",0.188266595739118,FALSE
"CID44971_GCGCAACTCACATGCA",0.374860558710799,FALSE
"CID44971_GCTCTGTAGGCAATTA",0.212611139474632,FALSE
"CID44971_GGCGTGTGTGATGTGG",0.502903982028923,FALSE
"CID44971_GGGACCTGTCATTAGC",0.303447511146005,FALSE
"CID44971_GTAACTGGTCTCAACA",0.609322139427855,FALSE
"CID44971_GTCCTCATCCAAACAC",0.360949697826125,FALSE
"CID44971_GTCGTAAGTCCTGCTT",0.214785548810163,FALSE
"CID44971_TATCAGGTCTAACTGG",0.76921745163273,FALSE
"CID44971_TCTCATAGTGATAAAC",0.979043604749861,FALSE
"CID44971_TGACAACGTTACCGAT",0.161219148300546,TRUE
"CID44971_TGACTAGCAAGGTGTG",0.125656474336007,TRUE
"CID44971_TGATTTCTCAGCTCTC",0.771299699626088,FALSE
"CID44971_TTCTACAAGAGTACCG",0.897671651824212,FALSE
"CID44971_TTGCCGTGTGCACGAA",0.358919874101293,FALSE
"CID44971_TTGTAGGCATCGGACC",0.247807168897384,FALSE
"CID44971_TTGTAGGGTATTCTCT",0.172606701927458,TRUE
"CID44971_TTTGCGCGTAAAGTCA",0.38550423730568,FALSE
"CID44971_AACTCCCGTCTCTTAT",0.0923335225611937,TRUE
"CID44971_ACATGGTTCTGCCAGG",0.407571834809104,TRUE
"CID44971_AGACGTTCATTCGACA",0.132064206823691,TRUE
"CID44971_AGGGATGCATTGGCGC",0.105019288031238,TRUE
"CID44971_AGGGATGGTTGTTTGG",0.872489073948173,FALSE
"CID44971_CACAAACTCATGTCTT",0.145059536019985,TRUE
"CID44971_CAGCAGCTCAAACAAG",0.167965563013747,TRUE
"CID44971_CATCGAATCTACTTAC",0.837914020186577,FALSE
"CID44971_CCACTACTCGAACGGA",0.430753310126542,FALSE
"CID44971_CCGTGGATCTCGCTTG",0.409537482055259,FALSE
"CID44971_CCTCAGTCAGCATGAG",0.999223552770129,FALSE
"CID44971_CGAGCCAAGGACTGGT",0.995808893454279,FALSE
"CID44971_CGTGAGCTCTCATTCA",0.443654543040066,FALSE
"CID44971_CGTGTAATCGATAGAA",0.0978050861983859,TRUE
"CID44971_CTACACCTCATCATTC",0.12963470158286,TRUE
"CID44971_CTAGCCTCACAAGTAA",0.105040863862225,TRUE
"CID44971_CTGAAGTGTAAGAGGA",0.0766509877237574,TRUE
"CID44971_GAACATCCAAAGCAAT",0.524964688817485,FALSE
"CID44971_GAATAAGTCAAGCCTA",0.190826577143399,TRUE
"CID44971_GACGCGTTCAAACCGT",0.105699888169925,TRUE
"CID44971_GGGTTGCAGAAACCGC",0.0699765672718934,TRUE
"CID44971_GTCGTAAGTACATCCA",0.0949732267278632,TRUE
"CID44971_GTCTTCGTCTGCCAGG",0.073074402321122,TRUE
"CID44971_GTGGGTCTCCATGAAC",0.11337194277881,TRUE
"CID44971_TATCTCAGTGTTTGGT",0.132896315891917,TRUE
"CID44971_TGCCCTATCAAACGGG",0.075345173128557,TRUE
"CID44971_TGTTCCGAGTGAACGC",0.122416849262825,TRUE
"CID44971_TTAGGACCAGCATGAG",0.178851995996272,FALSE
"CID44971_TTGACTTTCAAGCCTA",0.604182859296581,FALSE
"CID44971_CTAGAGTAGGTCGGAT",0.234027777624936,FALSE
"CID44971_ACACTGAAGGCTAGAC",0.108495998332881,TRUE
"CID44971_GTACTTTAGGAGCGTT",0.163341336735217,TRUE
"CID44971_GTTCATTTCGGAATCT",0.122269292475068,TRUE
"CID44971_AAGCCGCAGGATGGAA",0.10882961848039,TRUE
"CID44971_ACGATGTGTACTTCTT",0.108730186748264,TRUE
"CID44971_CAACTAGGTTCGCGAC",0.257718450351001,FALSE
"CID44971_CACAAACAGCACACAG",0.195234454347111,TRUE
"CID44971_CATTATCTCCTTGGTC",0.135084019407906,TRUE
"CID44971_CCAGCGATCCAATGGT",0.34160055603011,FALSE
"CID44971_CGATCGGGTTGTCTTT",0.122519664213247,TRUE
"CID44971_CGTAGGCGTCTAGTGT",0.246553225519145,TRUE
"CID44971_CTGCCTAAGTCTCAAC",0.968101894783407,FALSE
"CID44971_CTGCTGTAGATCCTGT",0.12366027043144,TRUE
"CID44971_CTTCTCTCACCACCAG",0.617156631912471,FALSE
"CID44971_GATTCAGTCTGTTTGT",0.198447632715257,FALSE
"CID44971_GCTGCAGTCTGAGTGT",0.159533026224812,TRUE
"CID44971_GGACAGATCTGGAGCC",0.987141553721223,FALSE
"CID44971_GTGCGGTTCGGCGGTT",0.156077907587289,TRUE
"CID44971_TCTGAGAGTCGCTTTC",0.128191824101086,TRUE
"CID44971_TGTGTTTCATCAGTCA",0.272799247270474,FALSE
"CID44971_TTTATGCTCTGCTGCT",0.650097591350836,FALSE
"CID44971_CGACCTTGTTCACGGC",0.685518261943281,FALSE
"CID44971_GAACCTATCTCGATGA",0.1303567707472,TRUE
"CID44971_AAAGCAAGTCGACTAT",0.143429573783458,TRUE
"CID44971_ACCGTAACACCGTTGG",0.0912727031092785,TRUE
"CID44971_ACGATACCAGCCACCA",0.133953413720573,TRUE
"CID44971_AGCGTCGGTCGAACAG",0.18428208935358,TRUE
"CID44971_CACCTTGAGCAATATG",0.207041426588566,TRUE
"CID44971_CCTTCGAGTGTATGGG",0.122011524450379,TRUE
"CID44971_CGGGTCAGTAAAGGAG",0.116252149867089,TRUE
"CID44971_CGTCAGGAGACAGACC",0.205417221262426,TRUE
"CID44971_CTCGTCATCTGTCCGT",0.190264301098863,TRUE
"CID44971_CTGCCTACATCCCATC",0.207988288857339,FALSE
"CID44971_GCACATATCCTGTAGA",0.234113365425108,FALSE
"CID44971_GCGCAGTCAGACACTT",0.114503545883109,TRUE
"CID44971_GGCGACTCAGACGCTC",0.0827830025238773,TRUE
"CID44971_GGGCACTCATCTGGTA",0.194844402530858,FALSE
"CID44971_GGTGCGTTCACAGTAC",0.113050008187101,TRUE
"CID44971_AACGTTGCATTATCTC",0.0968609579957863,TRUE
"CID44971_ACACCGGCAAGCTGAG",0.182195479724709,TRUE
"CID44971_ACACTGACAATGGATA",0.268300913960744,FALSE
"CID44971_ACCTTTATCGCATGGC",0.118412080259712,TRUE
"CID44971_ACGCCGAAGCAGCGTA",0.119211934727092,TRUE
"CID44971_ACGTCAAAGAACTCGG",0.185574838357444,TRUE
"CID44971_AGAATAGTCGCGTTTC",0.205410762175082,TRUE
"CID44971_AGAGCTTAGCGTGTCC",0.196282046291466,TRUE
"CID44971_AGATTGCAGCTGTTCA",0.0923821403310863,TRUE
"CID44971_AGCGGTCGTTCAGTAC",0.144903754308152,TRUE
"CID44971_AGCTCTCAGCTGTTCA",0.123252031488345,TRUE
"CID44971_AGGGAGTAGAAGAAGC",0.108136775973702,TRUE
"CID44971_AGGTCATTCCTTCAAT",0.10926640160566,TRUE
"CID44971_AGGTCCGCAAGGTTCT",0.135147593403404,TRUE
"CID44971_AGTAGTCGTCCAACTA",0.676425354871682,FALSE
"CID44971_AGTGTCAGTTTCGCTC",0.192593453734292,FALSE
"CID44971_ATCACGAGTCGAAAGC",0.461263052194081,TRUE
"CID44971_ATGGGAGCAATGGTCT",0.157642941057988,TRUE
"CID44971_CAACCTCAGCCGATTT",0.200313859841021,TRUE
"CID44971_CACATTTCACGAAAGC",0.106516195722379,TRUE
"CID44971_CAGCGACAGCACACAG",0.363291967643927,FALSE
"CID44971_CAGCGACGTGTTTGTG",0.923006783004531,FALSE
"CID44971_CCAGCGAAGAGCTATA",0.999601927377824,FALSE
"CID44971_CCCAATCTCCAAGCCG",0.125627612299265,TRUE
"CID44971_CCGTACTCAGACGCTC",0.101626572901341,TRUE
"CID44971_CCTAAAGCACACGCTG",0.252398930751786,FALSE
"CID44971_CCTAGCTTCAGGTTCA",0.969015627005427,FALSE
"CID44971_CGCCAAGAGCTAGTGG",0.135764814547724,TRUE
"CID44971_CGCTATCCAGCGTAAG",0.993332278867372,FALSE
"CID44971_CGGACGTAGCGACGTA",0.767033905634385,FALSE
"CID44971_CTAATGGGTGAGTGAC",0.0662391296799549,TRUE
"CID44971_CTACACCCACTGTTAG",0.126881552956959,TRUE
"CID44971_CTCTGGTAGTGTCCAT",0.121486143208722,TRUE
"CID44971_GAACGGAAGCTCCTTC",0.144726367709017,TRUE
"CID44971_GAAGCAGGTAGAAAGG",0.0849671993052862,TRUE
"CID44971_GACGGCTCATCGGAAG",0.172259705044308,TRUE
"CID44971_GACGTTATCACGGTTA",0.189577429103267,TRUE
"CID44971_GATCGTAGTTTGTTGG",0.126400278118743,TRUE
"CID44971_GCGCAGTTCTTATCTG",0.191942684363633,FALSE
"CID44971_GCGCGATGTAGAAAGG",0.0509124910827265,TRUE
"CID44971_GGAGCAAAGCCACGTC",0.301708189760436,FALSE
"CID44971_GGATTACTCTTTACAC",0.126398591405848,TRUE
"CID44971_GGCTCGAGTGCACGAA",0.571079122432855,TRUE
"CID44971_GGGTCTGAGCGTAATA",0.144213507235739,TRUE
"CID44971_GTATTCTCACTTAACG",0.231520788783328,TRUE
"CID44971_GTCACAATCGCCAAAT",0.100337646498421,TRUE
"CID44971_GTCACGGTCGCACTCT",0.151437041712489,TRUE
"CID44971_GTCATTTTCTAACGGT",0.0877672780922621,TRUE
"CID44971_GTGCGGTAGCCATCGC",0.107311362382974,TRUE
"CID44971_GTGCTTCGTCTCATCC",0.0895594279343701,TRUE
"CID44971_TAAGAGAGTCGCATAT",0.152040785189744,TRUE
"CID44971_TAAGTGCTCTGTCAAG",0.999998213822646,FALSE
"CID44971_TCAGGTATCAGTGTTG",0.127710340188551,TRUE
"CID44971_TCGAGGCAGAAGGTTT",0.352065577408716,FALSE
"CID44971_TCGGTAAAGTGGCACA",0.121724053440599,TRUE
"CID44971_TTGAACGCAGACAAAT",0.999999988667418,FALSE
"CID44971_TTGACTTTCACCATAG",0.147764731509281,TRUE
"CID44971_TTGGCAATCCGAATGT",0.114242138581219,TRUE
"CID44971_CTGAAACGTTAAGATG",0.0666985322764283,TRUE
"CID44971_AAACGGGTCTGACCTC",0.138844786076565,TRUE
"CID44971_AGAGCGATCACTATTC",0.288096862295569,FALSE
"CID44971_AGCCTAAAGAACAACT",0.33021914316152,FALSE
"CID44971_CAACCTCAGTGTTTGC",0.155339826018573,TRUE
"CID44971_CACATAGTCGTACCGG",0.115222760937729,TRUE
"CID44971_CCTAGCTCATGTCCTC",0.103092061025673,TRUE
"CID44971_CGGACTGTCCCGGATG",0.0910958110423727,TRUE
"CID44971_GCGCAACCAGTATAAG",0.0835211191842392,TRUE
"CID44971_GCTGCTTTCGCCGTGA",0.135945601104552,TRUE
"CID44971_GTAACTGAGGCTCATT",0.0604151049148278,TRUE
"CID44971_GTGGGTCCACCGAAAG",0.108949920458789,TRUE
"CID44971_TCCCGATCACTGTCGG",0.0974410372009112,TRUE
"CID44971_TCTCATATCCAGATCA",0.176738856745181,FALSE
"CID44971_AGAGTGGTCACAAACC",0.999999999999999,FALSE
"CID44971_AGTCTTTTCTGTCTAT",0.762245736821762,FALSE
"CID44971_CAAGTTGTCCTGCTTG",0.999999950046173,FALSE
"CID44971_CAGGTGCGTTGAGGTG",0.183612354560315,FALSE
"CID44971_AGCCTAATCATCTGCC",0.130252381564986,TRUE
"CID44971_GCTGGGTAGAAGGTTT",0.732193040463239,FALSE
"CID44971_ACTGAACTCTTGCATT",0.197189635739262,FALSE
"CID44971_TCATTACGTTCTGTTT",0.115724390333678,TRUE
"CID44971_AACTCTTTCACTGGGC",0.299249653163948,TRUE
"CID44971_AATCCAGCAAGTAATG",0.126802925204589,TRUE
"CID44971_ACAGCCGTCCCAAGAT",0.125229892483074,TRUE
"CID44971_ACATGGTAGATGAGAG",0.197047925089996,FALSE
"CID44971_ACGGGCTCAGTAAGCG",0.0526772743779075,TRUE
"CID44971_ACTGATGCAGGTTTCA",0.141628164664642,TRUE
"CID44971_AGCAGCCAGATAGGAG",0.0864576919996198,TRUE
"CID44971_AGCTCCTTCTGCTGTC",0.842898076189821,FALSE
"CID44971_AGTCTTTGTTAAGACA",0.244031800171181,FALSE
"CID44971_ATCATCTCAAGGGTCA",0.125417527403369,TRUE
"CID44971_ATGGGAGGTTGCCTCT",0.127671374464724,TRUE
"CID44971_ATTACTCAGCTGATAA",0.136366370550812,TRUE
"CID44971_CACACCTCATTGGGCC",0.109645126415048,TRUE
"CID44971_CACCACTGTACCGTAT",0.17956831869766,TRUE
"CID44971_CAGAGAGAGAATGTGT",0.127660542566802,TRUE
"CID44971_CAGGTGCTCGAGCCCA",0.107805084334792,TRUE
"CID44971_CATATTCGTCAAGCGA",0.498115632901771,FALSE
"CID44971_CCAATCCGTAGGCTGA",0.0633282474891233,TRUE
"CID44971_CCCAGTTTCCCTAACC",0.0981337627688413,TRUE
"CID44971_CCCATACCACCAGATT",0.176339859342828,FALSE
"CID44971_CCGTACTAGTGAACAT",0.15021284241866,TRUE
"CID44971_CCGTTCAAGTGGAGTC",0.114031828281184,TRUE
"CID44971_CCTTCCCTCGGTCTAA",0.222957630971324,FALSE
"CID44971_CCTTTCTCACTGTCGG",0.504435696145073,FALSE
"CID44971_CGACTTCCAGACGTAG",0.561272350721723,FALSE
"CID44971_CGAGCCACAAGTACCT",0.0731629055880645,TRUE
"CID44971_CGCGTTTGTCTTGTCC",0.0993009182783056,TRUE
"CID44971_CGCTTCAAGGACATTA",0.0811111012432164,TRUE
"CID44971_CGCTTCACATCACCCT",0.0950272565864191,TRUE
"CID44971_CGTTAGAAGTCTTGCA",0.107237352695224,TRUE
"CID44971_CTAAGACTCACTATTC",0.0931248377805642,TRUE
"CID44971_CTAATGGGTACCGAGA",0.428026622812275,TRUE
"CID44971_CTAGCCTAGAGTAAGG",0.112078505471119,TRUE
"CID44971_CTCGAAACAATGGATA",0.0852378471337082,TRUE
"CID44971_CTCGGAGTCACTGGGC",0.204337860553304,TRUE
"CID44971_CTCGGAGTCCAAACTG",0.0981800505767072,TRUE
"CID44971_CTCGGAGTCCAGTAGT",0.142660336398141,TRUE
"CID44971_CTGAAACTCTCCAGGG",0.123969701988971,TRUE
"CID44971_CTGATCCTCAGGCGAA",0.217400926051711,FALSE
"CID44971_CTGGTCTTCCTCATTA",0.130994369029227,TRUE
"CID44971_CTGTTTAGTTGGACCC",0.190722871434146,FALSE
"CID44971_GAAATGATCCAGATCA",0.137623720704338,TRUE
"CID44971_GAACATCCAAGGTGTG",0.511532668438643,FALSE
"CID44971_GACTACAGTTCAACCA",0.108416445015035,TRUE
"CID44971_GAGTCCGTCTATCCCG",0.0881127992547487,TRUE
"CID44971_GATGCTATCAGAGACG",0.0945414881357189,TRUE
"CID44971_GCACTCTCAATGGATA",0.174259069960628,TRUE
"CID44971_GCAGCCAAGACTACAA",0.882864842550156,FALSE
"CID44971_GCAGTTATCCAGGGCT",0.0918291752396607,TRUE
"CID44971_GCGCAGTCATACCATG",0.303986319906143,TRUE
"CID44971_GGACAAGGTCTGGTCG",0.109963096711888,TRUE
"CID44971_GGGCACTCAGTTTACG",0.142815604807552,TRUE
"CID44971_GTCAAGTAGGGATCTG",0.278046475740849,FALSE
"CID44971_GTGCGGTCAGCGATCC",0.0963530514471886,TRUE
"CID44971_GTGTTAGGTATATGAG",0.879248172180864,FALSE
"CID44971_TAAGAGATCCGTACAA",0.0973637786671731,TRUE
"CID44971_TACCTATAGAGTGAGA",0.590060687120171,FALSE
"CID44971_TACGGGCGTCTCTCGT",0.116207878968483,TRUE
"CID44971_TACTTGTGTGTTCTTT",0.140345049642735,TRUE
"CID44971_TAGACCATCATACGGT",0.0805811998008619,TRUE
"CID44971_TGCGGGTTCCGTCATC",0.182917621365341,TRUE
"CID44971_TGCGTGGGTCGAGATG",0.142111311268589,TRUE
"CID44971_TGCTACCCATCGATGT",0.581365812359223,FALSE
"CID44971_TGTGGTAGTTTGTTTC",0.0947854400366258,TRUE
"CID44971_CACCACTGTCCAGTAT",0.119976486326685,TRUE
"CID44971_CAGCAGCTCTGAGGGA",0.119081014183212,TRUE
"CID44971_CATCGGGAGGGAGTAA",0.182582527293481,TRUE
"CID44971_CCTATTAAGAGGGCTT",0.567488764261467,FALSE
"CID44971_CCTTTCTCACAGTCGC",0.180981782407148,TRUE
"CID44971_CTGAAGTCACAGAGGT",0.0795221670152409,TRUE
"CID44971_GACGCGTGTTTGCATG",0.194503022685113,TRUE
"CID44971_GTTCATTTCAAACAAG",0.999093135684248,FALSE
"CID44971_TCGGTAAAGGATGGAA",0.332257445073305,FALSE
"CID44971_TTGACTTAGCGCTCCA",0.2971802183741,FALSE
"CID44971_ACGGGCTGTTGTACAC",0.0918087025037139,TRUE
"CID44971_AGCTTGAGTGCGATAG",0.996357865576004,FALSE
"CID44971_CATGACACAAGCTGAG",0.997387094100041,FALSE
"CID44971_CATGACACACGTCTCT",0.521760814611948,FALSE
"CID44971_CATGCCTGTAACGCGA",0.390934152166237,FALSE
"CID44971_CCTTACGTCTCGATGA",0.0709612857780989,TRUE
"CID44971_CGTGTCTTCATGCATG",0.072736402229467,TRUE
"CID44971_CTACATTCATGAACCT",0.133136413243665,TRUE
"CID44971_CTGATCCTCCTAGAAC",0.167807891738782,TRUE
"CID44971_GAATGAAGTGTCTGAT",0.110646395188441,TRUE
"CID44971_GCTTCCATCAGCTCGG",0.983109567662094,FALSE
"CID44971_GGAATAAAGTACGCCC",0.978019543569013,FALSE
"CID44971_TACCTATAGTCTCCTC",0.0844853830947614,TRUE
"CID44971_TACCTTAAGCTAGCCC",0.147830475420155,TRUE
"CID44971_TAGGCATTCCTCAATT",0.713539278444775,FALSE
"CID44971_TGGCGCACAGTCGATT",0.999999679643436,FALSE
"CID44971_AAAGTAGCATACAGCT",0.403631225368113,FALSE
"CID44971_ACATACGCAATAGCAA",0.263253094340067,FALSE
"CID44971_ACGCCGACAGCTGGCT",0.25707656422332,TRUE
"CID44971_CATCCACAGCACACAG",0.286466221529122,FALSE
"CID44971_CCAATCCCAGCCTTTC",0.11511424423036,TRUE
"CID44971_TCAACGATCCTGTAGA",0.449712768833292,FALSE
"CID44971_ACACCGGTCTAACGGT",0.795216236975442,TRUE
"CID44971_GTGCGGTCAAACCCAT",0.940273724860529,TRUE
"CID44971_AAAGTAGGTTCCACTC",0.667322633347499,TRUE
"CID44971_ATAACGCTCTCCCTGA",0.245614524209145,FALSE
"CID44971_CATCGAAAGTGCTGCC",0.229083463799625,FALSE
"CID44971_CGGACTGGTGCAACGA",0.99987700392389,FALSE
"CID44971_CGTTCTGGTGCTTCTC",0.116518300307999,TRUE
"CID44971_CTAAGACAGTACACCT",0.116581251487774,TRUE
"CID44971_CTCGGGAAGGATGGTC",0.11141289727889,TRUE
"CID44971_GCTCTGTGTCCTCTTG",0.0982734798777278,TRUE
"CID44971_GGACATTTCGTTTAGG",0.178892652700685,TRUE
"CID44971_GGGTCTGAGTGTCCCG",0.164515698862898,TRUE
"CID44971_TACTCATAGCTACCGC",0.104409908155016,TRUE
"CID44971_TCGGGACAGCTAAGAT",0.99370778446071,FALSE
"CID44971_GTGTGCGTCGGTCTAA",0.225610083981543,TRUE
"CID44971_CAAGATCGTTCTGAAC",0.972588828037522,FALSE
"CID44971_CAAGTTGCAGGCGATA",0.280454033794003,FALSE
"CID44971_CACAGTAGTGTGAAAT",0.173016581836912,TRUE
"CID44971_CCCATACTCTTACCGC",0.169407543055663,TRUE
"CID44971_CCTATTACAGCAGTTT",0.501350349797277,FALSE
"CID44971_CGTTCTGGTACAGCAG",0.263111782239552,FALSE
"CID44971_GTGAAGGGTGCAACGA",0.702496658154465,FALSE
"CID44971_GTTAAGCAGTCCTCCT",0.999996609973288,FALSE
"CID44971_TGGGCGTTCGGAATCT",0.999632249399712,FALSE
"CID44971_TGTATTCTCTATCCTA",0.415781906485083,FALSE
"CID44971_AACCGCGTCAACACAC",0.176796953723769,FALSE
"CID44971_AGAGCTTGTACGCACC",0.999994145224537,FALSE
"CID44971_ATAAGAGGTCGGCACT",0.131521483826619,TRUE
"CID44971_CCTTCCCCAATGAATG",0.555792907742446,FALSE
"CID44971_CTCATTAAGCCACGTC",0.999999986335017,FALSE
"CID44971_GCGCGATGTATGAATG",0.176494512630032,FALSE
"CID44971_GTGTGCGAGCTTTGGT",0.138593944270128,TRUE
"CID44971_TACGGGCCACCGTTGG",0.415105605000463,FALSE
"CID44971_TTTATGCCATCTCGCT",0.0930591283483438,TRUE
"CID44971_CGATGTAGTTTGCATG",0.215290804426895,FALSE
"CID44971_TTTACTGAGGGTCGAT",0.176806494696337,TRUE
"CID44971_TTTCCTCCAGGAATCG",0.176094847951096,TRUE
"CID44971_CATGCCTAGCGATCCC",0.916889518632342,FALSE
"CID44971_CGTTCTGTCGGAGCAA",0.954185951350514,FALSE
"CID44971_ACACTGATCAACACCA",0.999994725369569,FALSE
"CID44971_AGTGTCACAAGTTCTG",0.230004010709451,TRUE
"CID44971_ATTATCCGTTATCACG",0.10532602519484,TRUE
"CID44971_ATTGGACCAAACGTGG",0.0820421013805832,TRUE
"CID44971_CAAGAAAAGTAAGTAC",0.231464740179199,TRUE
"CID44971_CAAGGCCCATATGCTG",0.186767628635139,FALSE
"CID44971_CAGTAACTCATGGTCA",0.144453436669124,TRUE
"CID44971_CATTATCGTTCGAATC",0.123492326284436,TRUE
"CID44971_CATTCGCTCCGTAGGC",0.102431316368298,TRUE
"CID44971_CCCTCCTAGTAGTGCG",0.122239113887792,TRUE
"CID44971_CCTAAAGGTACAGACG",0.732273266202653,FALSE
"CID44971_CCTTACGAGATGTGTA",0.337400807456378,FALSE
"CID44971_CTACACCAGACCACGA",0.20765750723619,FALSE
"CID44971_CTACCCAAGCGTGTCC",0.115707946473019,TRUE
"CID44971_CTACGTCAGATATACG",0.53361164454453,FALSE
"CID44971_CTGCCTATCCGAACGC",0.180544537959426,TRUE
"CID44971_GCATGCGAGTCCGGTC",0.105222800400917,TRUE
"CID44971_GCCAAATCACTTACGA",0.333346394671508,FALSE
"CID44971_GCGCCAAGTTTACTCT",0.191374675106986,TRUE
"CID44971_GGCGTGTTCTGTCTCG",0.106516331491903,TRUE
"CID44971_GGGAATGAGAATTCCC",0.0987695655001795,TRUE
"CID44971_GTAGGCCAGTACGCCC",0.0948133411679191,TRUE
"CID44971_GTGCATAGTAAGTGGC",0.17636278937255,TRUE
"CID44971_GTTTCTAGTATATGGA",0.999999152681832,FALSE
"CID44971_TACGGATTCCGTCATC",0.0757150584845389,TRUE
"CID44971_TAGTGGTCAGATGGGT",0.999782716492666,FALSE
"CID44971_TTAACTCGTCACACGC",0.0584805045221774,TRUE
"CID44971_AGGCCACAGAATGTTG",0.215879068629604,TRUE
"CID44971_AGGGTGAGTTCGCGAC",0.176617296319643,TRUE
"CID44971_GTTCTCGTCATCATTC",0.1120217768174,TRUE
"CID44971_CGATCGGGTGGCGAAT",0.999924841336668,FALSE
"CID44971_GAACGGAAGAGTCTGG",0.161885785738609,TRUE
"CID44971_TCATTTGCATACTACG",0.340727897596877,FALSE
"CID44971_AAACGGGCAGATCCAT",0.0951632353691919,TRUE
"CID44971_AACGTTGAGTGAAGAG",0.145373487221866,TRUE
"CID44971_AAGGAGCCACCCAGTG",0.916082989773966,FALSE
"CID44971_ACACCGGTCAGCTGGC",0.185512422556589,TRUE
"CID44971_ACAGCTACAAAGCAAT",0.175012606509075,TRUE
"CID44971_ACATACGAGAGCTATA",0.109470869775249,TRUE
"CID44971_ACATCAGAGGGTGTTG",0.148495332664973,TRUE
"CID44971_ACGATGTGTTGCGTTA",0.14486998413922,TRUE
"CID44971_ACTTACTAGACCTTTG",0.122898739224282,TRUE
"CID44971_AGCGTCGTCAGTGCAT",0.484045869858237,TRUE
"CID44971_AGGTCATAGAATAGGG",0.229369375044369,TRUE
"CID44971_AGTTGGTTCAGTTCGA",0.0917533429611691,TRUE
"CID44971_ATCATCTCACCAGGCT",0.16159592364799,TRUE
"CID44971_ATTCTACGTCTAGAGG",0.0919477918480562,TRUE
"CID44971_ATTGGTGAGGACACCA",0.380050369908977,TRUE
"CID44971_CACATTTGTGGTTTCA",0.0960918424958103,TRUE
"CID44971_CACCAGGCACTTACGA",0.0688744786457531,TRUE
"CID44971_CATATGGCACCAGATT",0.1206317711444,TRUE
"CID44971_CATATTCCAAAGTCAA",0.111943203072714,TRUE
"CID44971_CCCTCCTAGGGAACGG",0.581633756012885,TRUE
"CID44971_CCGTACTAGCCAGGAT",0.763950164472108,FALSE
"CID44971_CCGTACTGTAGCGTGA",0.152749451249954,TRUE
"CID44971_CCTACCAGTAGGGTAC",0.270965184845383,TRUE
"CID44971_CGAATGTGTAAACACA",0.17280383321132,TRUE
"CID44971_CGATGTAGTTACGTCA",0.126786359754729,TRUE
"CID44971_CGGGTCAGTTGGTTTG",0.172226145589097,TRUE
"CID44971_CGTGAGCCAACACCCG",0.0858668384835903,TRUE
"CID44971_CGTGTCTTCCTAGAAC",0.114734949692982,TRUE
"CID44971_CTAGTGAGTTATCACG",0.143599319491484,TRUE
"CID44971_CTCACACAGGAGTACC",0.259012595003838,TRUE
"CID44971_CTCAGAAGTTACTGAC",0.127627792190434,TRUE
"CID44971_CTGATAGCAGCATGAG",0.130875618312129,TRUE
"CID44971_GACTGCGCAATGACCT",0.0683967945104746,TRUE
"CID44971_GAGTCCGAGGACACCA",0.569256200368057,FALSE
"CID44971_GATGCTAGTCACTTCC",0.267160707298482,TRUE
"CID44971_GATTCAGAGATATGGT",0.218624395877068,TRUE
"CID44971_GCAGCCATCTGTCAAG",0.952687236384018,FALSE
"CID44971_GCGCGATAGTACACCT",0.978407619145595,FALSE
"CID44971_GCGCGATGTTCAGGCC",0.0864699509314705,TRUE
"CID44971_GGGACCTGTGTAATGA",0.190314158778521,TRUE
"CID44971_GGGAGATAGACGCACA",0.04285683001811,TRUE
"CID44971_GTAACGTGTGTAATGA",0.970436510431758,FALSE
"CID44971_GTAACGTTCTTAGAGC",0.206723329674871,TRUE
"CID44971_GTGTGCGCATAAAGGT",0.276091475675008,TRUE
"CID44971_TAAGTGCCATGGGAAC",0.138929821996266,TRUE
"CID44971_TAGACCATCCCTAATT",0.100957717076307,TRUE
"CID44971_TATTACCAGATGCCTT",0.120515990667844,TRUE
"CID44971_TCATTACGTCGACTAT",0.0552341658358401,TRUE
"CID44971_TCGGGACCAATGAAAC",0.0674094163562898,TRUE
"CID44971_TCGTACCGTGTGCCTG",0.355946111203042,TRUE
"CID44971_TGCCAAAAGTAGTGCG",0.106693777637057,TRUE
"CID44971_TGCCAAACATTAACCG",0.0604570386658029,TRUE
"CID44971_TGGCTGGAGGTTACCT",0.192802255799961,FALSE
"CID44971_TGTCCCAGTTAGTGGG",0.172696825545642,TRUE
"CID44971_TTAACTCTCACGAAGG",0.120401298664512,TRUE
"CID44971_TTAGTTCCAGCCTGTG",0.95311738076095,FALSE
"CID44971_TTCTTAGTCCACGCAG",0.122095965400218,TRUE
"CID44971_TTGGCAAAGCAATATG",0.0907370693970515,TRUE
"CID44971_GCATGCGTCGTTACAG",0.0934688306197002,TRUE
"CID44971_CAGAATCGTGGTCTCG",0.0548297331433823,TRUE
"CID44971_TGGTTAGAGTGGTAAT",0.498452774325782,FALSE
"CID44971_ACCTTTATCGAGGTAG",0.140086560784513,TRUE
"CID44971_ACTGAACTCAGCTCTC",0.168884940881185,TRUE
"CID44971_AGTGAGGTCACCAGGC",0.991238368473516,FALSE
"CID44971_CAAGATCCAGTCGATT",0.12988086494984,TRUE
"CID44971_CAGATCAAGCGATTCT",0.999991796676726,FALSE
"CID44971_CATGGCGTCGACCAGC",0.999560387901587,FALSE
"CID44971_CATTCGCCACAAGACG",0.119640306363882,TRUE
"CID44971_CCATGTCGTGGCTCCA",0.171608573763644,TRUE
"CID44971_CGAATGTAGGGAACGG",0.999999995999342,FALSE
"CID44971_CGTCACTCAGGTGCCT",0.124914559895613,TRUE
"CID44971_CTGCGGATCGTTTAGG",0.156645702474097,TRUE
"CID44971_GAAACTCCACCCTATC",0.20511235063395,FALSE
"CID44971_GCAATCACACGAAACG",0.311409776373479,FALSE
"CID44971_GCATGATGTCAAAGAT",0.505363951603009,FALSE
"CID44971_GCTCTGTAGAAACCTA",0.15530103826301,TRUE
"CID44971_GGGAATGTCATCGATG",0.140147763850651,TRUE
"CID44971_GTCAAGTGTACCCAAT",0.989695351087382,FALSE
"CID44971_TCAGGATAGTGTGAAT",0.111719403687718,TRUE
"CID44971_TGAGCATTCTAAGCCA",0.375776251062509,FALSE
"CID44971_TTCGAAGGTAACGCGA",0.215236378712373,FALSE
"CID44971_AACACGTAGAGCCTAG",0.164613426158433,TRUE
"CID44971_ACACTGAAGGACTGGT",0.164103904161468,TRUE
"CID44971_AGAGCTTAGACACGAC",0.211638265106451,FALSE
"CID44971_AGATTGCGTCAGTGGA",0.191263089862529,FALSE
"CID44971_AGGGAGTTCGCACTCT",0.172882775190293,TRUE
"CID44971_CACAGTAAGTGTTGAA",0.154788143897167,TRUE
"CID44971_CATATTCAGTACACCT",0.296786766873336,FALSE
"CID44971_CATCAAGCAGCTGTAT",0.142180013518078,TRUE
"CID44971_CATCAGAGTCTTGCGG",0.420363043196054,FALSE
"CID44971_CCCAATCGTGCCTGTG",0.216347943025364,TRUE
"CID44971_CCCAGTTCAAGGTGTG",0.174057476657715,TRUE
"CID44971_CCTTCCCTCAGTGCAT",0.226109412699549,FALSE
"CID44971_CGACTTCGTCGGCACT",0.80488484057465,FALSE
"CID44971_CGAGCCAAGAGACTTA",0.124608821084138,TRUE
"CID44971_CGGACACCACCCATGG",0.165356649503758,TRUE
"CID44971_CGTGTAAAGAGTAATC",0.195756401640114,FALSE
"CID44971_CTGCTGTCAAGCGAGT",0.192173414178574,TRUE
"CID44971_CTTACCGAGGTTCCTA",0.184843541340932,FALSE
"CID44971_CTTAGGAGTCCGAAGA",0.134264743723302,TRUE
"CID44971_GAAACTCAGTGCGATG",0.15128237676818,TRUE
"CID44971_GATGAGGTCGCAAACT",0.170804207503932,TRUE
"CID44971_GCACATAAGAGGGATA",0.145893996740414,TRUE
"CID44971_GCATACATCCGTTGCT",0.164987108152201,TRUE
"CID44971_GCATGCGCAGGCTGAA",0.151606046138044,TRUE
"CID44971_GCGCCAAGTCGAATCT",0.177762354376045,FALSE
"CID44971_GGTATTGCAAATCCGT",0.22311725501251,FALSE
"CID44971_GTTCGGGTCGATCCCT",0.164158230972284,TRUE
"CID44971_TACACGATCTCATTCA",0.177158451486318,TRUE
"CID44971_TAGTTGGCATGACGGA",0.191930351523289,FALSE
"CID44971_TGACTTTAGACGCAAC",0.145702592874879,TRUE
"CID44971_TGAGGGAGTACATGTC",0.184399430016588,FALSE
"CID44971_TTCGGTCCAATGACCT",0.142013240443128,TRUE
"CID44971_TTGTAGGGTTGGTAAA",0.162636898825833,TRUE
"CID44971_AGACGTTTCTTCGAGA",0.307432851601633,FALSE
"CID44971_CACCACTCACGAAGCA",0.36982333554763,FALSE
"CID44971_CCAATCCGTCCGAATT",0.381928926734578,FALSE
"CID44971_CTCGGAGTCGTCTGCT",0.250509022859682,FALSE
"CID44971_CTGTGCTCAGACAAAT",0.422028331157462,FALSE
"CID44971_TAAACCGCATCAGTCA",0.126361909482651,TRUE
"CID44971_TGTGGTACATACTACG",0.185827767080398,FALSE
"CID44971_GGCAATTAGGCAAAGA",0.0891969330474904,TRUE
"CID44971_GCCAAATTCAGTCCCT",0.135511551238081,TRUE
"CID44971_GTCCTCACATGGGACA",0.215631875264632,TRUE
"CID44971_ACTTACTCACAACTGT",0.999999516447646,FALSE
"CID44971_CACCACTTCGCACTCT",0.182697738213564,FALSE
"CID44971_AACACGTTCCTTTCTC",0.955600062929897,FALSE
"CID44971_ACACCAACACAAGACG",0.0767189395535153,TRUE
"CID44971_AGGTCATAGTGTTTGC",0.138668543541461,TRUE
"CID44971_AGTTGGTGTAGCGCAA",0.115060011602887,TRUE
"CID44971_ATAGACCGTGATAAGT",0.0930925328310638,TRUE
"CID44971_ATCACGATCAACACTG",0.0844155176844737,TRUE
"CID44971_ATCCACCTCGACGGAA",0.137558129639561,TRUE
"CID44971_ATCGAGTGTTAGAACA",0.48506796415218,FALSE
"CID44971_ATGCGATGTCACCCAG",0.269435576051592,FALSE
"CID44971_CACCAGGGTGATGTCT",0.11867227043043,TRUE
"CID44971_CAGTAACAGTGTACCT",0.269827367918591,FALSE
"CID44971_CATGCCTCATTTCACT",0.948135041575713,FALSE
"CID44971_CCGGGATGTTATCCGA",0.161158928893261,TRUE
"CID44971_CGAACATTCAAACCAC",0.0808745616507948,TRUE
"CID44971_CGGAGTCGTTCCACTC",0.092335151957578,TRUE
"CID44971_CGTCTACAGCTAGGCA",0.0736734158092403,TRUE
"CID44971_CGTGAGCAGGCTCATT",0.46183685751294,FALSE
"CID44971_CTGCGGAAGATATGCA",0.0553706712407551,TRUE
"CID44971_GAGCAGATCTCTTATG",0.16505239030678,TRUE
"CID44971_GAGTCCGTCTACTCAT",0.0983542249453739,TRUE
"CID44971_GCGCAACCATTGGGCC",0.132312012583557,TRUE
"CID44971_GGGCATCCATGCCACG",0.10183087865888,TRUE
"CID44971_GGTATTGGTTATCCGA",0.43038014611659,FALSE
"CID44971_GTCATTTCAATAGCAA",0.107008241794831,TRUE
"CID44971_GTCGGGTTCATCGCTC",0.0748923751134397,TRUE
"CID44971_TCGAGGCAGACAGGCT",0.091823690850694,TRUE
"CID44971_TGATTTCGTGAGGCTA",0.0949296426078208,TRUE
"CID44971_TGGACGCGTATAAACG",0.178684665857561,TRUE
"CID44971_TTGAACGAGGCACATG",0.161714329536672,TRUE
"CID44971_ATGCGATGTCTCTTTA",0.123739070064217,TRUE
"CID44971_AACGTTGAGATAGTCA",0.180283078184801,FALSE
"CID44971_ACGCCGAAGTACCGGA",0.0796616336909935,TRUE
"CID44971_ACTATCTGTAAACGCG",0.182453652921582,TRUE
"CID44971_ACTTACTAGGCTAGCA",0.182712140359788,TRUE
"CID44971_AGATTGCTCAATACCG",0.120258073178003,TRUE
"CID44971_AGGTCATCATCCGTGG",0.0891692970156066,TRUE
"CID44971_AGGTCATGTGTGGCTC",0.172016712910125,TRUE
"CID44971_AGTAGTCCAGACAGGT",0.105569528934794,TRUE
"CID44971_ATTGGACGTGCGAAAC",0.206810169134837,TRUE
"CID44971_CAAGAAACATGCCCGA",0.390637327681833,FALSE
"CID44971_CACAGTAGTAACGTTC",0.188502196782643,TRUE
"CID44971_CCATGTCAGTCTCCTC",0.109565430340781,TRUE
"CID44971_CGAACATTCGCGCCAA",0.183932238918761,TRUE
"CID44971_CGTGTCTTCTAACTCT",0.188379848653474,TRUE
"CID44971_CTGATAGTCTAACTTC",0.666978569118477,FALSE
"CID44971_CTTTGCGGTTCACGGC",0.0456921595236097,TRUE
"CID44971_GAGCAGAGTTCAGTAC",0.324671404838973,FALSE
"CID44971_GCAAACTAGTAGATGT",0.384855978838586,FALSE
"CID44971_GCTCCTAGTACAGTTC",0.0573531196355006,TRUE
"CID44971_GCTGGGTTCTCTGAGA",0.868451978084062,TRUE
"CID44971_GGCTGGTAGAGTACAT",0.121847556030084,TRUE
"CID44971_GTACTTTTCCTCATTA",0.110513464282326,TRUE
"CID44971_GTATTCTAGTGTACGG",0.616490149189154,TRUE
"CID44971_GTCGTAACATGGTCTA",0.131616690656841,TRUE
"CID44971_GTTTCTAGTACCAGTT",0.899951217903529,FALSE
"CID44971_TACAGTGCACGGCGTT",0.185309741699102,TRUE
"CID44971_TACTTACCAGCCTTGG",0.175725363191841,FALSE
"CID44971_TCAGGTAGTTGGACCC",0.17849628411873,FALSE
"CID44971_TCGTACCTCTTACCTA",0.864731992465493,TRUE
"CID44971_TCGTAGACAAAGCAAT",0.176156547334183,TRUE
"CID44971_TGAAAGAGTGCATCTA",0.183707134512376,TRUE
"CID44971_TGAAAGAGTTAAAGAC",0.33870881115106,FALSE
"CID44971_TGACTTTCACAGGTTT",0.174150907121488,TRUE
"CID44971_TGAGAGGGTTACGGAG",0.164649593086242,TRUE
"CID44971_TGAGCCGGTGGCGAAT",0.296546530982181,FALSE
"CID44971_TGGACGCGTATAGGGC",0.120613213982394,TRUE
"CID44971_TGTGTTTAGTGTGAAT",0.183100108317356,FALSE
"CID44971_TTAGGACTCGACCAGC",0.179752601001445,TRUE
"CID44971_TTAGTTCTCGTCTGCT",0.189425055549994,TRUE
"CID44971_TTATGCTAGTTACGGG",0.217711390719594,TRUE
"CID44971_TTATGCTGTTATTCTC",0.0863113592188537,TRUE
"CID44971_TTCTTAGTCGGAGGTA",0.0307484954277621,TRUE
"CID44971_TTGACTTAGATACACA",0.167906228723522,TRUE
"CID44971_TTTATGCAGTCTCGGC",0.400129035784636,FALSE
"CID44971_TTTGGTTAGGAGCGTT",0.597458640025818,FALSE
"CID44971_AACTCCCAGACTTGAA",0.181779207902083,FALSE
"CID44971_AACCGCGTCACTTATC",0.11778958948172,TRUE
"CID44971_AACGTTGAGCGTTGCC",0.226333829922001,TRUE
"CID44971_ACGTCAACACGACGAA",0.165902783009291,TRUE
"CID44971_ACTTACTTCACAGTAC",0.196621773913996,TRUE
"CID44971_CAGTAACGTTGTCTTT",0.230943395204887,TRUE
"CID44971_CAGTCCTCATTGGGCC",0.107527649632968,TRUE
"CID44971_CATGGCGCACACCGCA",0.196728440193984,TRUE
"CID44971_CCACCTATCTCAAACG",0.128619242369539,TRUE
"CID44971_CGATCGGAGGGATACC",0.264715142324248,TRUE
"CID44971_CTAAGACCAATAACGA",0.269417023903824,FALSE
"CID44971_GATCAGTAGAACTCGG",0.0976461943755698,TRUE
"CID44971_GCTTCCACAGGGTTAG",0.21615114241518,TRUE
"CID44971_GTGGGTCTCGAGGTAG",0.0873483733168774,TRUE
"CID44971_GTGGGTCTCGCCTGTT",0.214328875526859,FALSE
"CID44971_TAAGTGCTCATAACCG",0.28149524313335,TRUE
"CID44971_TAGACCAGTAGGACAC",0.169988826802859,TRUE
"CID44971_TTTGCGCTCGGACAAG",0.120228337881217,TRUE
"CID44971_AAGGCAGAGATTACCC",0.860034384187673,FALSE
"CID44971_ACGATGTTCGCTTAGA",0.116864543672807,TRUE
"CID44971_ACGGGTCAGACTAAGT",0.0838296040394295,TRUE
"CID44971_ACTTACTGTCCTAGCG",0.115666353793581,TRUE
"CID44971_ATAACGCAGCAATCTC",0.128633602225894,TRUE
"CID44971_ATCTGCCTCTATCCTA",0.17270304423934,TRUE
"CID44971_CATTCGCGTAGATTAG",0.138014214990552,TRUE
"CID44971_CGGAGTCCAGACGCTC",0.10693196649826,TRUE
"CID44971_CTCATTACAGGACCCT",0.195940928649227,FALSE
"CID44971_CTCGAAATCCTCGCAT",0.104431812921245,TRUE
"CID44971_CTGAAACTCGCAGGCT",0.164169737290008,TRUE
"CID44971_CTTGGCTAGGACAGCT",0.243430513789984,TRUE
"CID44971_GATCAGTGTGCACGAA",0.119122009430814,TRUE
"CID44971_GCAATCACATTCGACA",0.999967305361431,FALSE
"CID44971_GCACATAGTCTAACGT",0.0910851081916148,TRUE
"CID44971_GCATGCGCAGCTGTAT",0.119473928509886,TRUE
"CID44971_GGGACCTTCCGTAGGC",0.0725090136483029,TRUE
"CID44971_GTATTCTTCAGCTCTC",0.116211233289718,TRUE
"CID44971_GTGCTTCAGAAAGTGG",0.0883757170115203,TRUE
"CID44971_GTGGGTCCATCACAAC",0.133468109523663,TRUE
"CID44971_TAGACCAGTCTAACGT",0.0937641150445823,TRUE
"CID44971_TATCTCAGTGTTCTTT",0.141956344923591,TRUE
"CID44971_TCACGAAAGTGTACGG",0.135567204123426,TRUE
"CID44971_TCAGCAAGTCTGCGGT",0.671142517309197,FALSE
"CID44971_TCGCGTTAGCAGCCTC",0.156187539177574,TRUE
"CID44971_TCGGGACAGGTCATCT",0.0943059825308478,TRUE
"CID44971_TCGGTAAAGAAACCGC",0.0916686322778837,TRUE
"CID44971_TGGTTAGAGAGGGATA",0.108635605253622,TRUE
"CID44971_TTAGGACAGCTAAACA",0.0760343736983505,TRUE
"CID44971_TTGAACGCATCACGAT",0.111430091434057,TRUE
"CID44971_TTGAACGTCGCTTAGA",0.194722306096648,FALSE
"CID44971_AACCGCGTCCGTCATC",0.21919789435357,TRUE
"CID44971_AACCGCGTCTAACTCT",0.152867562551635,TRUE
"CID44971_AACTCCCTCTAACCGA",0.200684594631704,TRUE
"CID44971_AAGGCAGAGCTACCTA",0.111417352008725,TRUE
"CID44971_ACATACGGTGGCCCTA",0.130398371318355,TRUE
"CID44971_ACATCAGAGGAGCGTT",0.234264159842608,TRUE
"CID44971_ACGAGCCTCACCTTAT",0.177618768081347,TRUE
"CID44971_ACGATACCAACTGGCC",0.729089857837471,FALSE
"CID44971_ACGGCCAAGATCCTGT",0.119139339467599,TRUE
"CID44971_ACTGAGTCATATACGC",0.167332927512739,TRUE
"CID44971_AGAATAGGTAAACGCG",0.180645251837931,TRUE
"CID44971_AGGGAGTTCTCAAGTG",0.107932057932241,TRUE
"CID44971_AGTAGTCAGTTTAGGA",0.145736140956584,TRUE
"CID44971_AGTAGTCGTTCGCGAC",0.275257125955772,FALSE
"CID44971_ATTACTCTCAACACTG",0.144676472230711,TRUE
"CID44971_CAACTAGTCGTTTATC",0.281725367374198,TRUE
"CID44971_CACACTCAGACACGAC",0.999999574061137,FALSE
"CID44971_CAGAATCCACGACTCG",0.340827841344974,TRUE
"CID44971_CATCGGGGTTTACTCT",0.17706791141198,TRUE
"CID44971_CATGCCTAGCCACGTC",0.149901662115299,TRUE
"CID44971_CCCTCCTAGCCCTAAT",0.132404472870897,TRUE
"CID44971_CCGTACTCACAGTCGC",0.136680875730691,TRUE
"CID44971_CCGTGGAAGATACACA",0.0989780454490227,TRUE
"CID44971_CCTAGCTCAAGACACG",0.134958811749389,TRUE
"CID44971_CGAATGTTCTGTCCGT",0.407507660636579,FALSE
"CID44971_CGATCGGCACTCGACG",0.137222673390448,TRUE
"CID44971_CGCGGTAGTAAAGTCA",0.169890401396739,TRUE
"CID44971_CGGACTGGTACGCACC",0.1446007660574,TRUE
"CID44971_CGGAGCTGTTGACGTT",0.104142419592741,TRUE
"CID44971_CGTAGCGCACAGCCCA",0.278420004533875,TRUE
"CID44971_CGTAGGCAGATATGGT",0.0808820626537053,TRUE
"CID44971_CGTCACTTCAAGAAGT",0.121504389980808,TRUE
"CID44971_CGTCAGGGTCCGTTAA",0.178698755359869,TRUE
"CID44971_CGTTAGAGTAGTGAAT",0.222913071971565,TRUE
"CID44971_CGTTGGGGTTTGACAC",0.150179135347472,TRUE
"CID44971_CTAACTTTCTGCCAGG",0.230942212602251,TRUE
"CID44971_CTACGTCAGGTGGGTT",0.136040662794343,TRUE
"CID44971_CTAGAGTCAAAGTCAA",0.823740594082708,FALSE
"CID44971_CTCAGAAAGCCTTGAT",0.174129646544241,TRUE
"CID44971_CTCGAAACAGATGGCA",0.132577324015842,TRUE
"CID44971_CTCTGGTTCGTCGTTC",0.228542684674151,TRUE
"CID44971_CTGATAGCACCTATCC",0.11160806997499,TRUE
"CID44971_CTGCCTACATCAGTCA",0.197047662748644,TRUE
"CID44971_GAAACTCCACTTAACG",0.153561823229032,TRUE
"CID44971_GAACCTAGTCTTCAAG",0.215087518479744,TRUE
"CID44971_GACAGAGTCGCTAGCG",0.119455946772735,TRUE
"CID44971_GACGTGCTCTCGAGTA",0.203795712600567,TRUE
"CID44971_GACTAACAGATCCGAG",0.130182156317997,TRUE
"CID44971_GACTACATCCTTTCGG",0.324809482881518,TRUE
"CID44971_GACTGCGGTGCGAAAC",0.104825864316012,TRUE
"CID44971_GATCGCGGTCAGCTAT",0.225215902148678,TRUE
"CID44971_GATCGCGTCCTATGTT",0.266017108879038,TRUE
"CID44971_GATGAAAGTCGCCATG",0.155107730840783,TRUE
"CID44971_GCGCAGTCATTCCTGC",0.129871262831076,TRUE
"CID44971_GCGCAGTGTAGCACGA",0.268975286199945,TRUE
"CID44971_GGTGAAGAGGAATCGC",0.10172978173402,TRUE
"CID44971_GTACTCCCAAGCGAGT",0.136141322512229,TRUE
"CID44971_GTACTTTCACTGCCAG",0.143807292105957,TRUE
"CID44971_GTACTTTTCTAACTGG",0.247141869807794,TRUE
"CID44971_GTCGTAAGTTCATGGT",0.40352494670056,TRUE
"CID44971_TACCTATCACCAGGCT",0.142108414043079,TRUE
"CID44971_TACGGATAGTGCGATG",0.242814454662752,TRUE
"CID44971_TACTCGCAGTACGACG",0.193968879612519,TRUE
"CID44971_TACTTGTAGACAAAGG",0.19655171579527,FALSE
"CID44971_TATCAGGTCTCATTCA",0.21928155716297,TRUE
"CID44971_TCATTACGTCGCGTGT",0.258423760254841,TRUE
"CID44971_TCGTAGAGTGATGCCC",0.273734510418441,TRUE
"CID44971_TGACGGCAGCTTTGGT",0.0963338825838636,TRUE
"CID44971_TGCTGCTAGATGTAAC",0.164285685317212,TRUE
"CID44971_TGGCCAGTCGGCGCAT",0.122134321850445,TRUE
"CID44971_TTCTTAGTCAGCTTAG",0.16582190324513,TRUE
"CID44971_TTTCCTCGTACAGACG",0.146239998016349,TRUE
"CID44971_AGGCCACAGAATAGGG",0.116617565105888,TRUE
"CID44971_ATAAGAGAGTGGAGAA",0.12466955753244,TRUE
"CID44971_ATCGAGTGTTCCACAA",0.0778178066745205,TRUE
"CID44971_ATTACTCGTGATGATA",0.159717221307984,TRUE
"CID44971_CACCACTTCGTCACGG",0.139127041114653,TRUE
"CID44971_CCACTACCAGTCGTGC",0.998145718432812,FALSE
"CID44971_CTAGCCTGTCACAAGG",0.0767240328824797,TRUE
"CID44971_GCCTCTATCGTTTAGG",0.11959402321777,TRUE
"CID44971_GCTTGAATCATCTGTT",0.116422548615677,TRUE
"CID44971_GGCTCGAAGGATGCGT",0.103203921984474,TRUE
"CID44971_GTAACGTCAAGTAGTA",0.742865737303395,TRUE
"CID44971_GTACGTAGTAGGAGTC",0.106807936420879,TRUE
"CID44971_GTCCTCAAGATGAGAG",0.108275625399681,TRUE
"CID44971_TACCTATAGTCATGCT",0.119319248948627,TRUE
"CID44971_TACCTTATCTACTCAT",0.161978308825072,TRUE
"CID44971_TATTACCTCATTATCC",0.154849325546631,TRUE
"CID44971_TCAATCTGTGACGGTA",0.109619082341353,TRUE
"CID44971_TCGCGAGAGGCTCATT",0.0727593996397481,TRUE
"CID44971_TCTGGAAGTCAGAATA",0.0881470358456266,TRUE
"CID44971_TGCTGCTGTTTGGGCC",0.101214535392294,TRUE
"CID44971_CACACTCCAATCTGCA",0.0768773967586706,TRUE
"CID44971_ACACCAAGTGTAACGG",0.999999999209821,FALSE
"CID44971_AGGCCGTCAGCTCCGA",0.115120258658416,TRUE
"CID44971_AGTGTCAGTCGTGGCT",0.999999999999696,FALSE
"CID44971_ATCCACCAGTAGGCCA",0.999999999998773,FALSE
"CID44971_CAACTAGGTAAAGTCA",0.337230465325114,FALSE
"CID44971_CAGCTGGGTAGCGTGA",0.999999998900586,FALSE
"CID44971_CATCAGAAGCCTCGTG",0.81954230187912,TRUE
"CID44971_CATCAGATCCTCTAGC",0.999999994800802,FALSE
"CID44971_CCGTACTGTGTGCCTG",0.085993273256555,TRUE
"CID44971_CGATTGACAGCCAGAA",0.920052770272807,TRUE
"CID44971_CGTTGGGCAGAAGCAC",0.237609512353343,FALSE
"CID44971_CTAGAGTAGGAGTTTA",0.999999999998741,FALSE
"CID44971_CTCGGGAGTGTTCGAT",0.99999999997284,FALSE
"CID44971_GACGGCTGTCAATGTC",0.159554456941914,TRUE
"CID44971_GACTGCGAGTGACTCT",0.201857790479693,TRUE
"CID44971_GCAATCATCACGCGGT",0.999999999998801,FALSE
"CID44971_GGCTGGTAGGATGGTC",0.999999999976885,FALSE
"CID44971_GGGAATGCACGCCAGT",0.999999999999975,FALSE
"CID44971_GGTGTTACAGGGAGAG",0.162228177500933,TRUE
"CID44971_TATCTCACACCCATTC",0.673028593891961,FALSE
"CID44971_TCTGGAAAGAGAACAG",0.999999999656436,FALSE
"CID44971_TGCGCAGAGTACGCGA",0.15595890468225,TRUE
"CID44971_TGGCTGGAGATGAGAG",1,FALSE
"CID44971_TGGCTGGTCACAGTAC",0.999999999999992,FALSE
"CID44971_TTAACTCGTGTCTGAT",0.157389161449425,TRUE
"CID44971_CGCTGGATCCATTCTA",0.999997481798601,FALSE
"CID44971_ACACCCTGTTCGTGAT",0.216808526981775,TRUE
"CID44971_ACACTGAAGATACACA",0.551808066225556,TRUE
"CID44971_ACCAGTATCCGTAGTA",0.240050342495246,TRUE
"CID44971_AGTGAGGAGCTGCAAG",0.0191520956840388,TRUE
"CID44971_ATCCGAAAGAGACTTA",0.25133473030444,TRUE
"CID44971_CACATTTGTCATACTG",0.00795403990812481,TRUE
"CID44971_CATGACAAGAAAGTGG",0.111960962929888,TRUE
"CID44971_CATGCCTAGAGAACAG",0.0149575279905143,TRUE
"CID44971_CGACCTTCATGGGAAC",0.999999978323156,FALSE
"CID44971_GAACATCTCTGGTGTA",0.860883819618902,FALSE
"CID44971_GATCAGTTCACCGTAA",0.999999141743625,FALSE
"CID44971_GGTATTGCACCTCGTT",0.0523621243333881,TRUE
"CID44971_TCAGCAAAGTCATGCT",0.847029656283199,FALSE
"CID44971_TCATTTGCAGACTCGC",0.227220750597432,TRUE
"CID44971_TGGGAAGGTTGTTTGG",0.656230977021948,TRUE
"CID44971_AAACCTGGTAGAGCTG",0.171097971703278,TRUE
"CID44971_AAACCTGGTGGGTCAA",0.0692611119256201,TRUE
"CID44971_AAACGGGAGACAGGCT",1,FALSE
"CID44971_AAACGGGAGCTCAACT",0.736303859073956,TRUE
"CID44971_AAACGGGAGTACGTTC",0.642713728802524,FALSE
"CID44971_AAAGATGCAAGAGGCT",0.629265707340825,FALSE
"CID44971_AAAGCAACAATGTAAG",0.983010972977817,FALSE
"CID44971_AACGTTGGTTTGCATG",1,FALSE
"CID44971_AAGACCTAGCTTTGGT",0.613633478859127,TRUE
"CID44971_AAGCCGCAGAACAACT",0.99999999999971,FALSE
"CID44971_AAGGAGCCAGGATTGG",0.765302702165969,TRUE
"CID44971_AAGGCAGCAGACGCAA",0.14981834391806,TRUE
"CID44971_AAGTCTGTCTATGTGG",0.0641394169042018,TRUE
"CID44971_AATCGGTGTAAAGTCA",0.999999999493874,FALSE
"CID44971_ACAGCCGAGCCCAATT",0.731618473506561,FALSE
"CID44971_ACAGCTAAGACTCGGA",0.999530353939204,FALSE
"CID44971_ACAGCTACAGATCCAT",0.999605151242163,FALSE
"CID44971_ACCAGTAGTCCGTCAG",0.999999999998915,FALSE
"CID44971_ACCTTTATCCTTCAAT",0.972645884961515,FALSE
"CID44971_ACGAGGAAGCTCCTCT",0.775265818717594,TRUE
"CID44971_ACGCCAGAGTGCCATT",0.999974297630456,FALSE
"CID44971_ACGCCAGCACGGTTTA",0.341064683777341,TRUE
"CID44971_ACGCCAGCAGGGAGAG",0.999862585430716,FALSE
"CID44971_ACGGGTCAGCTAACAA",0.112400261188646,TRUE
"CID44971_ACTGAACGTGCATCTA",0.0943163922096612,TRUE
"CID44971_ACTGAGTGTACTCGCG",1,FALSE
"CID44971_ACTGATGGTTCCATGA",0.999999999999996,FALSE
"CID44971_ACTGATGTCGCCATAA",0.193295097060785,TRUE
"CID44971_AGAATAGCAATGGATA",0.162027487335116,TRUE
"CID44971_AGACGTTTCCTTTACA",0.98143734863776,FALSE
"CID44971_AGAGCGACAATGAAAC",0.548959574462458,TRUE
"CID44971_AGAGCGAGTCTCTTTA",0.992442896790254,FALSE
"CID44971_AGAGCGATCATATCGG",0.86007942874429,TRUE
"CID44971_AGAGCTTCACAAGACG",0.949510965999435,FALSE
"CID44971_AGAGCTTGTTGGTGGA",0.0231714165090173,TRUE
"CID44971_AGAGCTTTCGTCTGAA",0.965114253005576,FALSE
"CID44971_AGAGTGGAGATCCCAT",1,FALSE
"CID44971_AGAGTGGCACCTCGTT",0.999780143645638,FALSE
"CID44971_AGAGTGGTCTGAAAGA",0.194811709703924,TRUE
"CID44971_AGATCTGAGCACCGCT",0.999945213168903,FALSE
"CID44971_AGATTGCGTTGGGACA",0.11410804974959,TRUE
"CID44971_AGCATACAGAGTCTGG",0.994895979461246,FALSE
"CID44971_AGCATACGTAAGTGGC",0.867872601384382,TRUE
"CID44971_AGCCTAACAAAGGCGT",0.841170028544172,FALSE
"CID44971_AGCGGTCAGAAGGTGA",0.088884013069261,TRUE
"CID44971_AGCGGTCCAGCTCGAC",0.994630528807446,FALSE
"CID44971_AGCGGTCCATGGATGG",0.0558853437762143,TRUE
"CID44971_AGCGGTCTCTTGTATC",0.999993641185675,FALSE
"CID44971_AGGGATGCACATCCGG",0.163518625270455,TRUE
"CID44971_AGGTCATAGTAGCGGT",0.999999341216651,FALSE
"CID44971_AGGTCATTCTTGGGTA",0.998301594131803,FALSE
"CID44971_AGGTCCGCAAAGTGCG",0.247921802872059,TRUE
"CID44971_AGGTCCGTCAACGGGA",0.999985825327987,FALSE
"CID44971_AGTGTCAAGTATCTCG",0.495417459044083,TRUE
"CID44971_AGTGTCAAGTCGCCGT",0.999988167240345,FALSE
"CID44971_ATAACGCCACCTGGTG",0.999999994618795,FALSE
"CID44971_ATAAGAGAGAGTGAGA",0.0578885213342606,TRUE
"CID44971_ATAGACCAGTTAGCGG",0.796235572662109,TRUE
"CID44971_ATCTACTGTGGCGAAT",0.0868533456485706,TRUE
"CID44971_ATGCGATAGACTCGGA",0.559560292939586,TRUE
"CID44971_ATTGGACGTGTCTGAT",0.314913591736014,TRUE
"CID44971_ATTGGTGTCACAACGT",0.0308455015222703,TRUE
"CID44971_ATTTCTGAGGAGTAGA",0.960697296645772,FALSE
"CID44971_ATTTCTGGTTGTGGAG",0.999912784417872,FALSE
"CID44971_CAACTAGAGACAAGCC",0.975305388037969,FALSE
"CID44971_CAAGATCGTCGAATCT",0.217257314456172,TRUE
"CID44971_CAAGATCGTGCTGTAT",0.0194993165599861,TRUE
"CID44971_CAAGTTGAGTTACCCA",0.999999800873096,FALSE
"CID44971_CACACAAGTCTAGGTT",0.54022178684544,TRUE
"CID44971_CACATAGTCAACACCA",0.184654385329624,TRUE
"CID44971_CACTCCACAGCCAATT",0.0952637096224897,TRUE
"CID44971_CACTCCAGTGTCGCTG",0.460183804487897,FALSE
"CID44971_CAGAATCTCGGATGGA",0.0190764840120624,TRUE
"CID44971_CAGAGAGCACGGCCAT",0.127765488777693,TRUE
"CID44971_CAGCGACAGTTGCAGG",0.999999999998925,FALSE
"CID44971_CAGCTAAGTGTTTGTG",0.680057098881177,TRUE
"CID44971_CAGGTGCGTGACTCAT",0.221516102848663,TRUE
"CID44971_CAGTCCTAGACACTAA",0.992618140458933,FALSE
"CID44971_CATATGGAGCGCTTAT",0.999353273507348,FALSE
"CID44971_CATATGGCACGGATAG",0.999999999731346,FALSE
"CID44971_CATCAGATCGCTGATA",0.346140425605261,TRUE
"CID44971_CATCGGGAGCACACAG",0.999577750676913,FALSE
"CID44971_CCAATCCTCCGTCAAA",0.974707672057701,FALSE
"CID44971_CCCTCCTCACATCTTT",0.999999988961566,FALSE
"CID44971_CCGTTCAGTTAAGACA",0.0135806446780372,TRUE
"CID44971_CCTACACAGTGAATTG",0.999999999958395,FALSE
"CID44971_CCTACACCACGGTGTC",0.999998812255209,FALSE
"CID44971_CCTATTAGTTGTTTGG",0.0305371266472868,TRUE
"CID44971_CCTCAGTTCATACGGT",0.224368373222652,TRUE
"CID44971_CCTCAGTTCATTTGGG",0.627241177465188,TRUE
"CID44971_CCTCTGACATCCTAGA",0.695641556472792,TRUE
"CID44971_CCTTACGGTCGGCACT",0.106705884896787,TRUE
"CID44971_CGAATGTAGTGCCAGA",0.119389497101333,TRUE
"CID44971_CGACCTTAGCTACCTA",0.999708491067653,FALSE
"CID44971_CGACCTTGTTCGCGAC",0.998999913970462,FALSE
"CID44971_CGACTTCGTCGCCATG",0.0415775444390939,TRUE
"CID44971_CGAGAAGTCACATGCA",0.784699064351651,FALSE
"CID44971_CGAGCCAGTCAGAATA",0.653064412148808,TRUE
"CID44971_CGATGTAGTAATTGGA",0.201602502838963,TRUE
"CID44971_CGATGTATCAACACTG",0.999999998937168,FALSE
"CID44971_CGATTGACAGTTCCCT",0.0525384840391126,TRUE
"CID44971_CGCCAAGTCTGACCTC",0.139127173467547,TRUE
"CID44971_CGCGGTATCAAACGGG",0.0937963099625492,TRUE
"CID44971_CGCGTTTGTGATGTGG",0.399589219462385,FALSE
"CID44971_CGCTATCTCTCGAGTA",0.99999991698018,FALSE
"CID44971_CGGACACCATGGAATA",0.0222040889955645,TRUE
"CID44971_CGGACGTGTATGAAAC",0.188968930565932,TRUE
"CID44971_CGGACTGAGGGAGTAA",0.983941671897273,FALSE
"CID44971_CGGAGCTAGGAGTCTG",0.532701696137175,TRUE
"CID44971_CGTCACTGTCTTTCAT",0.999999968556133,FALSE
"CID44971_CGTTGGGTCAAACGGG",0.13927593799801,TRUE
"CID44971_CTAAGACAGTTTCCTT",0.0429646073740354,TRUE
"CID44971_CTAAGACCACCGGAAA",0.999999986624236,FALSE
"CID44971_CTACATTGTAGCGTGA",0.190381928101258,TRUE
"CID44971_CTAGAGTTCACCGTAA",0.847724929514764,TRUE
"CID44971_CTAGTGAGTAAATACG",0.997704311761641,FALSE
"CID44971_CTCTACGTCCAAAGTC",0.197992274722724,TRUE
"CID44971_CTGATAGCACAGCCCA",0.999999379305448,FALSE
"CID44971_CTGCGGAAGCTAGTGG",0.178700734814272,TRUE
"CID44971_CTGCTGTAGAATTGTG",0.995117860470745,FALSE
"CID44971_CTGCTGTGTTGCGCAC",0.20059145002105,TRUE
"CID44971_CTGCTGTTCTGGTATG",0.0325582519762472,TRUE
"CID44971_CTGGTCTTCAACACGT",0.885050000914705,FALSE
"CID44971_CTTAGGACACAAGACG",0.999951584851944,FALSE
"CID44971_CTTGGCTAGATGCCAG",0.996073813417536,FALSE
"CID44971_CTTGGCTGTTAAGTAG",0.222095640958106,TRUE
"CID44971_GAAACTCTCATAGCAC",0.140062294587307,TRUE
"CID44971_GAACGGAAGAAGAAGC",0.0229868492796938,TRUE
"CID44971_GAACGGACAATGGACG",0.0399427254257222,TRUE
"CID44971_GAATAAGCATCAGTCA",0.490008932729869,TRUE
"CID44971_GACACGCAGGAGTCTG",0.170837174357609,TRUE
"CID44971_GACGTGCTCAGTTGAC",0.0598318199086992,TRUE
"CID44971_GACGTTACAACTGCGC",0.0321082867829569,TRUE
"CID44971_GACGTTAGTTCCTCCA",0.0311398678931773,TRUE
"CID44971_GACTGCGAGCCCTAAT",0.179488389415581,TRUE
"CID44971_GATCAGTGTGGCGAAT",0.997852443112545,FALSE
"CID44971_GATTCAGGTTATCGGT",0.999999814773127,FALSE
"CID44971_GCAATCAAGTAACCCT",1,FALSE
"CID44971_GCACTCTCAGGGCATA",0.605411189830873,FALSE
"CID44971_GCAGCCATCAAACGGG",0.420038759473216,TRUE
"CID44971_GCATACACAAGTACCT",0.247441849144413,FALSE
"CID44971_GCATGTACAAGACGTG",0.98141671591798,FALSE
"CID44971_GCGAGAACAGGACCCT",0.765774490746319,FALSE
"CID44971_GCGCAGTTCCCACTTG",0.0873415533757483,TRUE
"CID44971_GCGCCAAAGATCCTGT",1,FALSE
"CID44971_GCGCGATAGAGTTGGC",0.0398798068218303,TRUE
"CID44971_GCGGGTTAGGGATGGG",0.999992101674185,FALSE
"CID44971_GCGGGTTCAAGTCATC",0.995443108260778,FALSE
"CID44971_GCTCCTAGTCGAGATG",0.963826810739592,FALSE
"CID44971_GCTCTGTAGGACTGGT",0.99112724297417,FALSE
"CID44971_GCTGCGAGTGGTGTAG",0.0838935789515013,TRUE
"CID44971_GCTGCTTCAGCTGGCT",0.99036566534839,FALSE
"CID44971_GCTGCTTTCCCATTAT",0.530675829309166,FALSE
"CID44971_GGACAGATCACGATGT",0.180990548842142,TRUE
"CID44971_GGATGTTAGGGAACGG",0.315186155084591,TRUE
"CID44971_GGATGTTTCATAACCG",0.679127622285494,FALSE
"CID44971_GGATTACAGTGCAAGC",0.999999961706976,FALSE
"CID44971_GGCCGATGTATATGAG",0.999998825780558,FALSE
"CID44971_GGCTCGAAGAAACCAT",0.99927773503971,FALSE
"CID44971_GGGAATGAGGTAGCTG",0.946640141592359,FALSE
"CID44971_GGGACCTAGGGCTTCC",0.901993465449003,FALSE
"CID44971_GGGAGATAGACAGAGA",0.999999946932449,FALSE
"CID44971_GGGAGATGTAGCCTCG",1,FALSE
"CID44971_GGGTCTGAGGTGATTA",0.401095156283042,TRUE
"CID44971_GGTATTGAGCTGCGAA",0.909802031251792,FALSE
"CID44971_GGTGCGTAGCACGCCT",0.0780159730945851,TRUE
"CID44971_GGTGTTATCAACGGCC",0.999999999999683,FALSE
"CID44971_GGTGTTATCCTCAATT",0.0606326880774536,TRUE
"CID44971_GTAACGTGTCCATGAT",0.0226459642105929,TRUE
"CID44971_GTACTCCAGTGCCATT",0.606316134091917,TRUE
"CID44971_GTAGTCACAGGATTGG",0.994697355729719,FALSE
"CID44971_GTCACAATCGAGCCCA",0.496443252269435,TRUE
"CID44971_GTCCTCACATCACAAC",0.471017600682992,TRUE
"CID44971_GTCCTCAGTGAAGGCT",0.0793363487153455,TRUE
"CID44971_GTCGTAAAGGGATGGG",0.866084671786344,FALSE
"CID44971_GTCTCGTTCTCCGGTT",0.156138889054702,TRUE
"CID44971_GTGCAGCGTGTGAAAT",0.999999999999952,FALSE
"CID44971_GTGCATATCAGAGCTT",0.097736321103463,TRUE
"CID44971_GTGCATATCTCCGGTT",0.998892398369902,FALSE
"CID44971_GTGGGTCAGCCAGAAC",0.385582342176144,FALSE
"CID44971_GTTAAGCCATGGTCAT",0.810303379704689,TRUE
"CID44971_GTTCTCGCAGTATGCT",0.999999999619122,FALSE
"CID44971_TAAACCGTCCTATGTT",1,FALSE
"CID44971_TAAGCGTTCCGCGGTA",1,FALSE
"CID44971_TACACGAGTGTTTGTG",0.998675882583309,FALSE
"CID44971_TACAGTGAGCACCGCT",0.0390529057117054,TRUE
"CID44971_TACGGATCAAACTGCT",0.999153294975111,FALSE
"CID44971_TACGGTAAGTGTGGCA",0.0804479059067178,TRUE
"CID44971_TAGAGCTCACCTTGTC",0.196140724335239,TRUE
"CID44971_TAGAGCTGTATAATGG",0.999999999999999,FALSE
"CID44971_TATGCCCCATCGTCGG",0.0475401827991372,TRUE
"CID44971_TCAACGACACCCAGTG",0.261869212947974,FALSE
"CID44971_TCAATCTTCACAGGCC",0.684346949351364,TRUE
"CID44971_TCACGAAGTCCTGCTT",0.999783704408416,FALSE
"CID44971_TCAGCTCAGGTACTCT",0.80399998926588,FALSE
"CID44971_TCATTTGAGCGATAGC",0.999999999999989,FALSE
"CID44971_TCATTTGGTTAAAGAC",0.464951074727076,TRUE
"CID44971_TCCACACGTAAACCTC",0.188311093468833,TRUE
"CID44971_TCGGGACAGTACGCGA",1,FALSE
"CID44971_TCGGGACGTGTTTGGT",0.334919893427328,TRUE
"CID44971_TCTCATAAGATCCCAT",0.999996552695733,FALSE
"CID44971_TCTCATAAGCCAGTTT",0.826925086903784,FALSE
"CID44971_TCTGAGAAGTCTCGGC",0.968162020804059,FALSE
"CID44971_TCTTTCCTCCTCAATT",0.999977521812679,FALSE
"CID44971_TGACGGCTCCACGTTC",0.999891163431876,FALSE
"CID44971_TGACTAGCATGTAAGA",0.999999999999762,FALSE
"CID44971_TGACTAGCATTTGCTT",0.847242225315607,FALSE
"CID44971_TGAGAGGCACAACGTT",0.695278786875834,TRUE
"CID44971_TGAGGGAAGGGCATGT",0.999999999999998,FALSE
"CID44971_TGATTTCCACATGACT",0.999999993659894,FALSE
"CID44971_TGCCCTAAGTACCGGA",0.99999271194861,FALSE
"CID44971_TGCGCAGCAAGGTGTG",0.999998321181638,FALSE
"CID44971_TGCGGGTAGCGATATA",0.862009000951152,TRUE
"CID44971_TGCGGGTTCTTACCGC",0.0724112299573276,TRUE
"CID44971_TGGCCAGGTGAAGGCT",0.999999999993398,FALSE
"CID44971_TGGCGCATCTTATCTG",0.997117224823561,FALSE
"CID44971_TGGGCGTCATTGAGCT",0.146768583873524,TRUE
"CID44971_TGGTTCCCATTGAGCT",0.999999929518242,FALSE
"CID44971_TGTATTCGTAGATTAG",0.874860779021672,TRUE
"CID44971_TTAGGCAAGTCGTTTG",0.999928242767384,FALSE
"CID44971_TTAGTTCCAGTCACTA",0.739437473166677,TRUE
"CID44971_TTATGCTCACCGCTAG",0.30750006790094,TRUE
"CID44971_TTCCCAGTCGGCTTGG",0.951336063255953,FALSE
"CID44971_TTCGGTCCATCTATGG",0.945034220957727,FALSE
"CID44971_TTGCGTCCAGACGCCT",0.999999999996615,FALSE
"CID44971_TTGTAGGCACCGATAT",0.808502138481938,TRUE
"CID44971_TTTATGCAGGGTGTTG",0.0114298746409462,TRUE
"CID44971_TTTCCTCAGGATGGTC",0.999999523266916,FALSE
"CID44971_TTTCCTCTCATGCATG",0.213878691432603,TRUE
"CID44971_TTTGTCAAGGTGCAAC",0.999999993350641,FALSE
"CID44971_TCGTAGAAGTTACGGG",0.514211359241438,TRUE
"CID44971_AAACCTGAGTCAAGCG",0.0816972867363327,TRUE
"CID44971_AAACGGGAGAATTCCC",0.983863607761724,FALSE
"CID44971_AAACGGGAGACGCTTT",0.630585767188663,TRUE
"CID44971_AAAGATGTCGATCCCT",0.99999999024942,FALSE
"CID44971_AAAGCAATCTTTACGT",0.0169484864928803,TRUE
"CID44971_AAAGTAGTCAGCACAT",0.999999999999951,FALSE
"CID44971_AAATGCCTCACTTCAT",0.262033280758661,TRUE
"CID44971_AACACGTAGCTCAACT",0.999998942818417,FALSE
"CID44971_AACACGTGTCGACTAT",0.999999999999992,FALSE
"CID44971_AACCATGAGAGGTACC",0.765480366173564,TRUE
"CID44971_AACCATGGTTCAGCGC",0.999999998515245,FALSE
"CID44971_AACGTTGCAAGTTCTG",0.438781912325813,FALSE
"CID44971_AACGTTGGTTGTTTGG",0.999999875582631,FALSE
"CID44971_AACTCCCTCCGTAGGC",0.174203324749492,TRUE
"CID44971_AACTCTTTCTGAGGGA",0.999999999894566,FALSE
"CID44971_AACTGGTCACAGCGTC",0.999999999983604,FALSE
"CID44971_AACTGGTCAGCGATCC",1,FALSE
"CID44971_AACTGGTTCTGCTTGC",0.833666643071904,TRUE
"CID44971_AACTTTCCAATGCCAT",0.999999996617536,FALSE
"CID44971_AACTTTCCACTTACGA",0.999999974428114,FALSE
"CID44971_AAGACCTTCTCTAGGA",1,FALSE
"CID44971_AAGCCGCCACGAAACG",0.999977338640731,FALSE
"CID44971_AAGGAGCGTCCTCCAT",0.994388421188974,FALSE
"CID44971_AAGGTTCTCCAACCAA",0.730135752095048,TRUE
"CID44971_AATCCAGGTGGTCCGT",0.517331064169952,TRUE
"CID44971_AATCGGTAGCTAGTGG",0.0555481785406206,TRUE
"CID44971_ACACCAAAGATCGGGT",0.0792285091164514,TRUE
"CID44971_ACACCAATCAGTTCGA",0.778149175134269,TRUE
"CID44971_ACACCCTCACGAAACG",0.970744918388272,FALSE
"CID44971_ACACCCTCATATGCTG",0.992715521865299,FALSE
"CID44971_ACAGCCGTCAGCGATT",0.99933359881807,FALSE
"CID44971_ACAGCTAAGCTAGTCT",0.988482788938541,FALSE
"CID44971_ACAGCTACAGCCTATA",1,FALSE
"CID44971_ACATACGCATTACCTT",0.624627614900217,TRUE
"CID44971_ACATACGTCGCAAACT",0.419510676685148,TRUE
"CID44971_ACATCAGAGTGGGATC",0.999999999818066,FALSE
"CID44971_ACATCAGCACGAAACG",0.11001857386596,TRUE
"CID44971_ACATCAGTCTCGTATT",0.933675542619377,FALSE
"CID44971_ACCAGTAGTCCGAAGA",0.0394756712908683,TRUE
"CID44971_ACCCACTGTAGTGAAT",0.0418059085757963,TRUE
"CID44971_ACCCACTTCTGAGGGA",0.994245105641829,FALSE
"CID44971_ACCGTAAAGAGCTTCT",0.999364483638804,FALSE
"CID44971_ACCTTTATCGGCCGAT",0.977660089122931,FALSE
"CID44971_ACGAGCCCACGAAAGC",0.419750386205432,TRUE
"CID44971_ACGAGCCGTGCGCTTG",0.999999988347804,FALSE
"CID44971_ACGATGTCATTGCGGC",1,FALSE
"CID44971_ACGCAGCAGGATGTAT",0.389348294917434,TRUE
"CID44971_ACGCAGCTCACGAAGG",0.999999999600802,FALSE
"CID44971_ACGCAGCTCGTCCGTT",0.860276533252318,TRUE
"CID44971_ACGCCAGTCTCGTTTA",0.999999999999995,FALSE
"CID44971_ACGCCGACAGGGTATG",0.877970137710992,TRUE
"CID44971_ACGCCGAGTGACAAAT",0.839993168599602,FALSE
"CID44971_ACGCCGATCGCCGTGA",0.214240537297976,TRUE
"CID44971_ACGCCGATCTACTTAC",0.999999999595821,FALSE
"CID44971_ACGGCCAAGATGCCTT",0.86131955951698,FALSE
"CID44971_ACGGCCAAGGACAGAA",0.899371510861934,TRUE
"CID44971_ACGGGTCAGCCATCGC",0.99977823715281,FALSE
"CID44971_ACGGGTCAGGTTACCT",0.999999960085956,FALSE
"CID44971_ACGGGTCCAGCCACCA",0.999985053655183,FALSE
"CID44971_ACGGGTCGTCTGGTCG",0.265323286012757,TRUE
"CID44971_ACGTCAAAGCCGTCGT",0.999999958911713,FALSE
"CID44971_ACGTCAATCGTTTAGG",0.963027400108669,FALSE
"CID44971_ACTATCTAGGGCTTGA",0.99999647842725,FALSE
"CID44971_ACTGAACAGGGCTCTC",0.999998944219847,FALSE
"CID44971_ACTGCTCTCAGAGCTT",1,FALSE
"CID44971_ACTGCTCTCCCATTTA",1,FALSE
"CID44971_ACTGTCCAGTCGCCGT",0.989383535947658,FALSE
"CID44971_ACTGTCCCATCAGTCA",0.999999999547696,FALSE
"CID44971_ACTTACTGTTCTCATT",1,FALSE
"CID44971_ACTTGTTAGCCCAACC",0.238715963819928,TRUE
"CID44971_ACTTTCAAGGACAGCT",0.999999999866596,FALSE
"CID44971_ACTTTCAGTCTAGCGC",0.999999999973491,FALSE
"CID44971_AGAATAGGTTGAGTTC",0.798288178086693,TRUE
"CID44971_AGACGTTCACATCCAA",0.925685457862458,FALSE
"CID44971_AGACGTTGTAGCACGA",0.155715101443742,TRUE
"CID44971_AGACGTTTCCGCAGTG",0.998421069190754,FALSE
"CID44971_AGAGCGAAGAGTAAGG",0.995905077322393,FALSE
"CID44971_AGAGCGAGTGCTCTTC",0.156198579429759,TRUE
"CID44971_AGAGTGGTCTTCTGGC",0.769586459104882,TRUE
"CID44971_AGATCTGAGATATGCA",0.999999996971352,FALSE
"CID44971_AGATCTGAGTGCTGCC",0.999999983406351,FALSE
"CID44971_AGATCTGCACAGACTT",0.0598549567722847,TRUE
"CID44971_AGATTGCAGGATGGAA",0.995854829129911,FALSE
"CID44971_AGATTGCCACCCATGG",0.590250636091242,TRUE
"CID44971_AGCAGCCCAATGCCAT",0.198067020514652,FALSE
"CID44971_AGCAGCCCAGTCGTGC",0.999882261057521,FALSE
"CID44971_AGCAGCCGTACAAGTA",0.999746400343896,FALSE
"CID44971_AGCAGCCGTACCAGTT",0.999999999998898,FALSE
"CID44971_AGCATACTCCTCATTA",0.581011231307377,TRUE
"CID44971_AGCCTAAGTACTTCTT",1,FALSE
"CID44971_AGCCTAAGTGTAAGTA",0.999999998497063,FALSE
"CID44971_AGCGGTCGTAAGGATT",0.951424407877259,FALSE
"CID44971_AGCGTATGTTTACTCT",0.999998210887054,FALSE
"CID44971_AGCGTCGGTGAAGGCT",0.999697333930937,FALSE
"CID44971_AGCTCCTCAGGAATCG",1,FALSE
"CID44971_AGCTCCTTCACGACTA",0.253848608816857,TRUE
"CID44971_AGCTTGATCTCGTATT",1,FALSE
"CID44971_AGGCCGTCAACACCCG",0.999999102158076,FALSE
"CID44971_AGGGATGGTCAGAATA",0.999999994259267,FALSE
"CID44971_AGGGATGGTGCTTCTC",0.999989277838368,FALSE
"CID44971_AGGTCATCAAGTAGTA",0.619153784378255,TRUE
"CID44971_AGTAGTCGTAAATACG",0.999999999999727,FALSE
"CID44971_AGTCTTTTCTATGTGG",0.994125815989127,FALSE
"CID44971_AGTGAGGGTCCGAAGA",0.975808183195652,FALSE
"CID44971_AGTGGGACAAGACGTG",1,FALSE
"CID44971_AGTGTCATCGCGTAGC",0.441209404427457,TRUE
"CID44971_ATAACGCCAGACTCGC",0.565149691796678,TRUE
"CID44971_ATAACGCTCGTAGGTT",0.393958783037775,TRUE
"CID44971_ATAGACCAGTAATCCC",0.999999999999456,FALSE
"CID44971_ATAGACCAGTACGTAA",0.800055991572941,FALSE
"CID44971_ATAGACCGTAGCCTCG",0.0594178108784638,TRUE
"CID44971_ATAGACCGTGTATGGG",0.999999762513058,FALSE
"CID44971_ATCACGAGTAGGGACT",0.999908096666972,FALSE
"CID44971_ATCACGATCCTAGAAC",0.175875385977702,TRUE
"CID44971_ATCATCTAGAGGGATA",1,FALSE
"CID44971_ATCATGGCACCTATCC",0.513260855205286,TRUE
"CID44971_ATCATGGGTGGTTTCA",0.999999963475316,FALSE
"CID44971_ATCCACCTCTACCTGC",0.877656525058109,FALSE
"CID44971_ATCCGAAAGTACGCCC",0.671780601922324,TRUE
"CID44971_ATCGAGTAGCTAACTC",0.65073524262297,TRUE
"CID44971_ATCGAGTAGCTGCGAA",1,FALSE
"CID44971_ATCGAGTCAGTCGTGC",0.99996225116097,FALSE
"CID44971_ATCGAGTTCTAGCACA",0.999999999718331,FALSE
"CID44971_ATCTACTCATTACCTT",0.378632440563753,TRUE
"CID44971_ATCTACTTCTCCCTGA",0.567377871695944,FALSE
"CID44971_ATGAGGGGTACCGTTA",0.630788234192568,TRUE
"CID44971_ATGAGGGGTTACGTCA",0.874404852093566,FALSE
"CID44971_ATGCGATGTCCAACTA",0.999992368594163,FALSE
"CID44971_ATGTGTGCACCGATAT",0.999999999979551,FALSE
"CID44971_ATGTGTGGTGCAGGTA",0.678863215791355,TRUE
"CID44971_ATGTGTGTCGCTGATA",0.377608247234575,FALSE
"CID44971_ATTATCCCAGGTGCCT",0.166880147003662,TRUE
"CID44971_ATTCTACAGACGCACA",0.897398841923863,FALSE
"CID44971_ATTGGTGAGTGTACGG",0.491867043814809,TRUE
"CID44971_ATTGGTGGTAGCGTCC",0.0588855371422995,TRUE
"CID44971_ATTGGTGTCCGTCATC",0.857917998451195,TRUE
"CID44971_ATTTCTGGTAAGGGCT",0.705739872928159,TRUE
"CID44971_ATTTCTGTCACTCCTG",0.185066746931538,FALSE
"CID44971_ATTTCTGTCATACGGT",0.793951734085474,TRUE
"CID44971_CAACCAAAGATTACCC",0.83804878481905,FALSE
"CID44971_CAACCAAGTCAAACTC",0.186380514420274,TRUE
"CID44971_CAACCAATCCGTTGCT",0.218430331265611,TRUE
"CID44971_CAACCTCAGAGCCCAA",0.127616992880921,TRUE
"CID44971_CAACCTCGTGCTTCTC",0.191622315161532,TRUE
"CID44971_CAACTAGGTACTTCTT",0.999999901342182,FALSE
"CID44971_CAAGAAAAGGTTACCT",0.377224540642878,TRUE
"CID44971_CAAGAAACACGGTGTC",0.998394776063925,FALSE
"CID44971_CAAGAAACAGTTCATG",0.999999992810395,FALSE
"CID44971_CAAGAAAGTTCCACAA",0.999999999992728,FALSE
"CID44971_CAAGATCGTAAACCTC",0.581012711600289,TRUE
"CID44971_CAAGATCGTGAGGCTA",0.999999991255043,FALSE
"CID44971_CAAGGCCTCCGTAGTA",0.999999877048373,FALSE
"CID44971_CAAGGCCTCTCGTTTA",0.0748274618512401,TRUE
"CID44971_CAAGTTGAGTACCGGA",0.289130854853049,TRUE
"CID44971_CACAAACAGTACGATA",0.538214689503852,TRUE
"CID44971_CACAAACGTACCCAAT",0.999999999978527,FALSE
"CID44971_CACAGGCGTCCAACTA",0.999999996834875,FALSE
"CID44971_CACAGGCGTCCGAACC",0.999999999998764,FALSE
"CID44971_CACAGGCGTTACGACT",0.214209318467847,TRUE
"CID44971_CACAGGCTCCTTTACA",0.998559163141418,FALSE
"CID44971_CACAGGCTCTATCGCC",0.649458574704353,FALSE
"CID44971_CACAGTACAACACGCC",0.45401555271227,TRUE
"CID44971_CACCACTTCAAGAAGT",0.170326536759256,TRUE
"CID44971_CACCAGGAGTTGTCGT",0.367571927519941,TRUE
"CID44971_CACCAGGCATTGGCGC",0.999076921437652,FALSE
"CID44971_CACCTTGTCACCGTAA",1,FALSE
"CID44971_CACCTTGTCTTCAACT",0.999998333834351,FALSE
"CID44971_CACTCCAGTAAATACG",0.999681203833032,FALSE
"CID44971_CACTCCAGTCACTTCC",0.626325594007341,TRUE
"CID44971_CAGAATCAGGACCACA",0.7435653755946,TRUE
"CID44971_CAGAATCCAGTCTTCC",0.999999956081117,FALSE
"CID44971_CAGCAGCGTAGAGGAA",0.0693767003323909,TRUE
"CID44971_CAGCATATCGGCTACG",0.300246043118632,FALSE
"CID44971_CAGCCGAGTTTGACAC",0.65389217997839,FALSE
"CID44971_CAGCGACTCGGCGCTA",0.298360417693025,TRUE
"CID44971_CAGCTAAGTCAAAGAT",0.277209297609344,TRUE
"CID44971_CAGCTGGAGCATCATC",0.999999993355701,FALSE
"CID44971_CAGCTGGGTAGCGTCC",0.999999999988894,FALSE
"CID44971_CAGCTGGGTGCAGACA",0.999999967985203,FALSE
"CID44971_CAGGTGCAGTCGTACT",0.177787411118509,TRUE
"CID44971_CAGGTGCTCAGTGCAT",0.999999999501228,FALSE
"CID44971_CAGGTGCTCTCTTGAT",0.236706183322038,TRUE
"CID44971_CAGTAACGTCTAGTCA",0.999968606617342,FALSE
"CID44971_CAGTAACTCATTTGGG",1,FALSE
"CID44971_CAGTCCTCACTACAGT",1,FALSE
"CID44971_CATATGGCATTGGGCC",0.999956160127666,FALSE
"CID44971_CATATGGTCCTGTAGA",0.730441393847943,TRUE
"CID44971_CATATTCAGCAAATCA",0.99999995645445,FALSE
"CID44971_CATATTCAGCCGCCTA",0.999999999999577,FALSE
"CID44971_CATATTCCAATGGACG",1,FALSE
"CID44971_CATATTCTCAGCCTAA",0.999918902850906,FALSE
"CID44971_CATCAAGAGAGAACAG",0.193505653841781,TRUE
"CID44971_CATCAGAAGGGTTTCT",0.718332305110298,TRUE
"CID44971_CATCAGATCAGTCCCT",0.0382696724402474,TRUE
"CID44971_CATCCACAGAGCTATA",0.176845594858247,TRUE
"CID44971_CATCCACTCTGCTGCT",0.999999999985241,FALSE
"CID44971_CATCGAACAGCTGTAT",0.998918807618833,FALSE
"CID44971_CATCGAAGTACTTGAC",0.999994291069601,FALSE
"CID44971_CATCGAATCATGGTCA",0.511663525137985,TRUE
"CID44971_CATCGGGGTCCAGTTA",0.735866948503021,FALSE
"CID44971_CATGACAAGAAACCTA",0.999999999933407,FALSE
"CID44971_CATGGCGCACATCTTT",0.573067044294072,TRUE
"CID44971_CATTATCTCGTTACGA",1,FALSE
"CID44971_CATTCGCCAGTCAGCC",0.999999999999824,FALSE
"CID44971_CATTCGCGTACCCAAT",0.0428732366483373,TRUE
"CID44971_CATTCGCGTCAGAAGC",1,FALSE
"CID44971_CCACCTACAGTAAGAT",0.672979592881249,TRUE
"CID44971_CCACCTAGTCGGCACT",0.0405009039944747,TRUE
"CID44971_CCACGGAAGCGTTGCC",0.218376789837922,TRUE
"CID44971_CCACGGAAGTGCAAGC",0.0955283897636391,TRUE
"CID44971_CCACGGATCTACGAGT",0.999999993608165,FALSE
"CID44971_CCACTACGTATGCTTG",0.174603595381881,TRUE
"CID44971_CCATGTCTCGAATGCT",0.189826537676892,FALSE
"CID44971_CCATTCGCATTCCTGC",0.569308813685684,TRUE
"CID44971_CCCAATCAGTTGAGTA",0.999999990504782,FALSE
"CID44971_CCCAATCGTCCGTGAC",0.999771940284159,FALSE
"CID44971_CCCAGTTAGAACTCGG",0.9999999999269,FALSE
"CID44971_CCCAGTTTCCGAACGC",0.999999999767704,FALSE
"CID44971_CCCTCCTCACGAAAGC",0.242601268470424,TRUE
"CID44971_CCCTCCTTCTCGATGA",0.135815408232555,TRUE
"CID44971_CCGGGATAGTCGCCGT",0.999430185735201,FALSE
"CID44971_CCGGGATCAGGAATGC",0.578154668750831,TRUE
"CID44971_CCGGGATCATTCTTAC",0.99998984844959,FALSE
"CID44971_CCGGGATGTTCCGTCT",1,FALSE
"CID44971_CCGGGATTCGAACGGA",0.669678713998147,FALSE
"CID44971_CCGGGATTCGCCTGTT",0.999971249136651,FALSE
"CID44971_CCGTACTCAAGCCGCT",0.600174744442864,TRUE
"CID44971_CCGTACTTCTCACATT",0.0520319929036654,TRUE
"CID44971_CCGTGGACACAGCCCA",0.666192998387409,TRUE
"CID44971_CCGTGGATCTACTCAT",1,FALSE
"CID44971_CCGTTCACAATGTAAG",0.999999908956775,FALSE
"CID44971_CCTAAAGCATTGGCGC",0.078185582886368,TRUE
"CID44971_CCTAAAGGTACCGAGA",0.999999966370382,FALSE
"CID44971_CCTAAAGGTCCGAACC",0.999999999491211,FALSE
"CID44971_CCTACACCAACTGCTA",1,FALSE
"CID44971_CCTACACTCCTACAGA",0.470975135003145,FALSE
"CID44971_CCTACACTCGTGGACC",1,FALSE
"CID44971_CCTACCATCCTACAGA",0.999481392845555,FALSE
"CID44971_CCTAGCTGTATTCTCT",0.0906325601083653,TRUE
"CID44971_CCTATTATCACAGGCC",0.999999999995317,FALSE
"CID44971_CCTCTGAAGGTTACCT",0.0822487070707625,TRUE
"CID44971_CCTCTGAGTTCCACAA",0.0489476754078903,TRUE
"CID44971_CCTTCCCGTCGTGGCT",0.797833004963463,TRUE
"CID44971_CCTTCCCTCTCCGGTT",0.999999999983031,FALSE
"CID44971_CCTTTCTTCCAGTATG",0.999999673885292,FALSE
"CID44971_CGAACATAGTGTCCAT",0.102027223340108,TRUE
"CID44971_CGAATGTCAAGGGTCA",0.356156075072394,TRUE
"CID44971_CGAATGTGTTTAGGAA",0.999653754642258,FALSE
"CID44971_CGACCTTCAACACGCC",0.99564831664914,FALSE
"CID44971_CGACTTCCAATAGAGT",0.999999772919383,FALSE
"CID44971_CGACTTCGTGGGTCAA",0.998632357945059,FALSE
"CID44971_CGAGAAGAGTCCGGTC",0.431147506775151,TRUE
"CID44971_CGAGAAGTCCTCAACC",0.669341166952598,TRUE
"CID44971_CGAGCACGTCTGATTG",1,FALSE
"CID44971_CGAGCACGTTCGCTAA",0.329368181221435,TRUE
"CID44971_CGAGCCAAGCAGCCTC",0.451823802480848,TRUE
"CID44971_CGATCGGAGCTGATAA",0.985840011915024,FALSE
"CID44971_CGATCGGTCAAACAAG",0.999999999949658,FALSE
"CID44971_CGATGGCAGGTTCCTA",0.507340243015425,TRUE
"CID44971_CGATTGAAGAAACGCC",0.595299947608354,TRUE
"CID44971_CGATTGAAGTCATCCA",0.99914137406209,FALSE
"CID44971_CGCCAAGAGGTGATAT",0.705383875945171,TRUE
"CID44971_CGCCAAGAGTGCGTGA",0.999975301687494,FALSE
"CID44971_CGCCAAGTCGGCATCG",0.584084740028106,TRUE
"CID44971_CGCGGTAAGAGTACCG",0.471956867701603,FALSE
"CID44971_CGCGTTTCAAGTTAAG",0.999850212566814,FALSE
"CID44971_CGCGTTTTCATCTGTT",0.999999999995251,FALSE
"CID44971_CGCTATCAGGTACTCT",0.999999999870112,FALSE
"CID44971_CGCTATCCAGTATCTG",0.203879730752697,TRUE
"CID44971_CGCTATCGTGCTAGCC",0.015698584550308,TRUE
"CID44971_CGCTATCTCAGGCGAA",0.400732688418205,TRUE
"CID44971_CGGACACCATGGGAAC",0.200830031809323,TRUE
"CID44971_CGGACACGTCTGCCAG",0.999999999999999,FALSE
"CID44971_CGGACGTAGGGAACGG",0.999999962565413,FALSE
"CID44971_CGGACGTAGGGCACTA",0.99999996496166,FALSE
"CID44971_CGGACGTTCAAGAAGT",0.999974405692176,FALSE
"CID44971_CGGAGCTGTTAAGACA",0.999997099729242,FALSE
"CID44971_CGGAGTCCAAGAAAGG",1,FALSE
"CID44971_CGGAGTCCAGACTCGC",0.999980933537415,FALSE
"CID44971_CGGCTAGTCAGTCCCT",0.410072838362227,TRUE
"CID44971_CGGGTCATCGAATCCA",0.036923714870328,TRUE
"CID44971_CGTAGCGAGGTGGGTT",0.101310603668293,TRUE
"CID44971_CGTAGGCGTGTTGAGG",0.999962060224678,FALSE
"CID44971_CGTCACTAGAATCTCC",0.99999996600353,FALSE
"CID44971_CGTCAGGAGCGATCCC",0.232695389209131,TRUE
"CID44971_CGTCAGGAGTACGATA",0.179342192550322,TRUE
"CID44971_CGTCAGGTCATGCTCC",0.214280799158824,TRUE
"CID44971_CGTCCATCACAGAGGT",0.999999069024437,FALSE
"CID44971_CGTCCATGTCGCATCG",0.974781289056465,FALSE
"CID44971_CGTCCATTCGATAGAA",0.999998003450695,FALSE
"CID44971_CGTCTACGTGCATCTA",0.786852547108362,TRUE
"CID44971_CGTGTAAAGCTAGCCC",0.627605202998855,TRUE
"CID44971_CGTGTAATCAACCAAC",0.63297737485426,TRUE
"CID44971_CGTGTCTGTAAAGGAG",0.383301120548581,TRUE
"CID44971_CGTTCTGTCGCCGTGA",0.198633266511663,TRUE
"CID44971_CGTTCTGTCGTCTGCT",0.999999999913169,FALSE
"CID44971_CTAACTTCACGGTAAG",0.99998292982892,FALSE
"CID44971_CTAACTTGTGACGCCT",0.99998724170322,FALSE
"CID44971_CTAACTTTCGTTTAGG",0.186133705118506,TRUE
"CID44971_CTAAGACAGTCGCCGT",0.800260094472697,FALSE
"CID44971_CTAATGGGTAAGTAGT",1,FALSE
"CID44971_CTACACCAGACTGTAA",0.999999958483287,FALSE
"CID44971_CTACACCAGTTGTCGT",0.999999999760888,FALSE
"CID44971_CTACACCGTGTTCTTT",0.999999999989554,FALSE
"CID44971_CTACATTAGTTAACGA",0.999999999952492,FALSE
"CID44971_CTACATTCACATAACC",0.999472236545791,FALSE
"CID44971_CTACATTGTAGCCTAT",0.184642373669243,TRUE
"CID44971_CTACATTTCCTTGGTC",0.580706431105285,FALSE
"CID44971_CTACCCACAACGATGG",0.999999999376396,FALSE
"CID44971_CTACGTCGTCGACTAT",0.76744848299322,TRUE
"CID44971_CTAGAGTAGCAATCTC",0.999999315745876,FALSE
"CID44971_CTAGAGTAGGCTAGAC",0.99999985384581,FALSE
"CID44971_CTCACACCAGGGTTAG",1,FALSE
"CID44971_CTCACACGTCACACGC",1,FALSE
"CID44971_CTCAGAATCCTCCTAG",0.999999991025229,FALSE
"CID44971_CTCATTAGTGCTCTTC",0.366453200186014,FALSE
"CID44971_CTCCTAGCAAGTTGTC",0.99999978574487,FALSE
"CID44971_CTCGAAAAGAAGGGTA",0.999999999999639,FALSE
"CID44971_CTCGGAGCATGCAACT",0.999999999995588,FALSE
"CID44971_CTCGTACAGCTCCTCT",1,FALSE
"CID44971_CTCGTCACACAGAGGT",0.999410131440307,FALSE
"CID44971_CTCGTCAGTTACGACT",1,FALSE
"CID44971_CTCTAATCAGCTCCGA",0.999501924328536,FALSE
"CID44971_CTCTACGCACGCCAGT",0.999999986507365,FALSE
"CID44971_CTCTACGTCCGCATCT",0.744483719455094,TRUE
"CID44971_CTCTGGTCAGTATGCT",0.68465364610609,TRUE
"CID44971_CTGAAACAGTCTCCTC",0.999999999986235,FALSE
"CID44971_CTGAAACCACCAACCG",0.999999985891893,FALSE
"CID44971_CTGAAGTCATAGGATA",0.999999047763365,FALSE
"CID44971_CTGAAGTGTCAATGTC",0.020284791278249,TRUE
"CID44971_CTGAAGTTCAACTCTT",0.999996004703858,FALSE
"CID44971_CTGATAGAGTGGACGT",0.972257327299685,FALSE
"CID44971_CTGATAGCAAGCCTAT",0.975873274254889,FALSE
"CID44971_CTGATAGCAATCAGAA",0.1946232257479,TRUE
"CID44971_CTGATAGGTCCGAAGA",0.999637248878868,FALSE
"CID44971_CTGATAGTCCAAAGTC",0.999999999842633,FALSE
"CID44971_CTGATCCAGAACAACT",0.999681274413695,FALSE
"CID44971_CTGATCCAGCCACGTC",0.18073575731597,TRUE
"CID44971_CTGCGGATCGGCTACG",1,FALSE
"CID44971_CTGGTCTAGGCTCAGA",0.432907929249393,TRUE
"CID44971_CTGTGCTGTAATAGCA",0.999999999767978,FALSE
"CID44971_CTGTGCTTCTGATACG",0.984214391655394,FALSE
"CID44971_CTGTTTATCGGCTTGG",0.999994845464242,FALSE
"CID44971_CTTAACTAGCGTCAAG",0.989583056063463,FALSE
"CID44971_CTTAACTCAAGAAAGG",0.999996016285617,FALSE
"CID44971_CTTAACTCAGCAGTTT",0.998089865420938,FALSE
"CID44971_CTTAACTCAGGGTTAG",0.999999996817324,FALSE
"CID44971_CTTAACTCATAGGATA",0.445408115033307,TRUE
"CID44971_CTTAACTCATCACCCT",0.999999999999999,FALSE
"CID44971_CTTACCGGTACTCTCC",0.999999334244133,FALSE
"CID44971_CTTACCGTCGATCCCT",0.999999999999999,FALSE
"CID44971_CTTAGGAAGAAGGTGA",0.990223501841252,FALSE
"CID44971_CTTAGGAAGAGGTTGC",0.0789969641526826,TRUE
"CID44971_CTTAGGATCCTCATTA",0.2161636346247,TRUE
"CID44971_CTTAGGATCGGCGCTA",0.458340228601731,TRUE
"CID44971_CTTCTCTCACTAGTAC",0.180847890551438,TRUE
"CID44971_CTTGGCTAGCACACAG",0.209827172168099,FALSE
"CID44971_GAAACTCGTCTCTTTA",0.999973154167754,FALSE
"CID44971_GAAATGAGTCGAGATG",0.370066078673173,TRUE
"CID44971_GAAATGAGTTACGGAG",0.97849489012478,FALSE
"CID44971_GAACATCCACAAGCCC",0.999999918492551,FALSE
"CID44971_GAACCTATCCACGAAT",0.999999996012619,FALSE
"CID44971_GAACGGACAAACGTGG",0.998741802853215,FALSE
"CID44971_GAACGGAGTGTTGAGG",0.325941441981558,TRUE
"CID44971_GAAGCAGAGCCTTGAT",0.99999988073923,FALSE
"CID44971_GAAGCAGAGTAATCCC",0.999999988137185,FALSE
"CID44971_GAATAAGAGGTTACCT",0.307033600057097,FALSE
"CID44971_GACACGCGTCCAAGTT",0.999999999994929,FALSE
"CID44971_GACAGAGTCCAAAGTC",0.999999999999721,FALSE
"CID44971_GACCAATAGCTAAACA",0.624476487184278,TRUE
"CID44971_GACGGCTAGTCAATAG",0.0302976629466791,TRUE
"CID44971_GACGGCTCATGTTGAC",0.99999999446064,FALSE
"CID44971_GACGTGCGTTGAGGTG",0.999999999999996,FALSE
"CID44971_GACGTGCTCTAACTTC",0.293594549341846,TRUE
"CID44971_GACTAACCACGAAACG",0.0350863028684987,TRUE
"CID44971_GACTAACTCAAACCAC",0.448705566960404,TRUE
"CID44971_GACTAACTCGAGCCCA",0.026968915932462,TRUE
"CID44971_GACTAACTCTCGATGA",0.999999999365398,FALSE
"CID44971_GACTACAAGGCATGGT",0.999999999900824,FALSE
"CID44971_GACTGCGCACCGAAAG",0.965942923930743,FALSE
"CID44971_GACTGCGGTCCAAGTT",0.810567692153587,FALSE
"CID44971_GAGCAGATCGACAGCC",1,FALSE
"CID44971_GAGGTGAGTCCAGTTA",0.999999734225903,FALSE
"CID44971_GAGTCCGAGGCCGAAT",0.999999998722814,FALSE
"CID44971_GAGTCCGCAGTACACT",1,FALSE
"CID44971_GATCAGTCATCACCCT",0.99987601121113,FALSE
"CID44971_GATCAGTTCCTTGACC",0.261304929945852,TRUE
"CID44971_GATCGATTCTAACCGA",0.128716724762653,TRUE
"CID44971_GATCGCGAGGTAAACT",0.627455409589417,TRUE
"CID44971_GATCGCGCAGCCACCA",0.996767436304881,FALSE
"CID44971_GATCGCGGTCGCGAAA",0.999999268638576,FALSE
"CID44971_GATCGTACACTAAGTC",0.57540630043697,FALSE
"CID44971_GATCTAGAGCGTCTAT",0.0530646608275873,TRUE
"CID44971_GATCTAGAGTACGTTC",0.739866795906733,TRUE
"CID44971_GATCTAGCATGCAATC",1,FALSE
"CID44971_GATGAAATCTCGAGTA",0.67250490441155,TRUE
"CID44971_GATGAAATCTCGGACG",0.0548866339332609,TRUE
"CID44971_GATGCTACAGGAACGT",1,FALSE
"CID44971_GATTCAGTCTCTGCTG",0.246786130457246,TRUE
"CID44971_GCAAACTAGCAAATCA",0.999999994634623,FALSE
"CID44971_GCAAACTAGGCTCATT",0.999999999391845,FALSE
"CID44971_GCAAACTGTGCCTGGT",0.19683621329686,TRUE
"CID44971_GCAATCACATGCAACT",0.997731393787634,FALSE
"CID44971_GCAATCAGTCATCGGC",0.914760721978839,FALSE
"CID44971_GCACTCTGTACCGGCT",0.804596742995189,FALSE
"CID44971_GCACTCTTCATCACCC",0.701924770919667,FALSE
"CID44971_GCACTCTTCTTCCTTC",0.999999993103061,FALSE
"CID44971_GCAGCCATCGTAGGAG",0.010109707795072,TRUE
"CID44971_GCAGTTAGTACAAGTA",1,FALSE
"CID44971_GCATACAGTGCAACTT",0.999999999999293,FALSE
"CID44971_GCATGATAGGACACCA",0.979610371321576,FALSE
"CID44971_GCATGCGCAAAGGAAG",0.999999999759233,FALSE
"CID44971_GCATGCGGTTAGAACA",0.999999999999972,FALSE
"CID44971_GCATGCGTCGGTTAAC",0.999999999999999,FALSE
"CID44971_GCATGTACAGGCGATA",0.990911646234095,FALSE
"CID44971_GCCTCTACATTGTGCA",0.40125832187847,TRUE
"CID44971_GCCTCTATCCATTCTA",0.739181508375212,TRUE
"CID44971_GCGCAGTAGCCAGAAC",0.997334294289362,FALSE
"CID44971_GCGCAGTCAAAGGAAG",0.713212507958101,FALSE
"CID44971_GCGCCAAGTAGATTAG",0.34196571539948,TRUE
"CID44971_GCGCCAAGTTATTCTC",0.999999999492147,FALSE
"CID44971_GCGCGATCAGTATCTG",0.999258548799409,FALSE
"CID44971_GCGCGATGTGCGATAG",0.99678232343201,FALSE
"CID44971_GCGCGATTCTTGCAAG",0.999992861648308,FALSE
"CID44971_GCGGGTTAGGAATTAC",0.104773000663059,TRUE
"CID44971_GCGGGTTCATGTAGTC",0.7744455724076,TRUE
"CID44971_GCGGGTTCATTGTGCA",0.404152979747163,TRUE
"CID44971_GCGGGTTTCTGCAGTA",0.999998664030292,FALSE
"CID44971_GCGGGTTTCTTAGAGC",0.197916978944327,FALSE
"CID44971_GCTCTGTAGAAACGCC",0.999999997599467,FALSE
"CID44971_GCTCTGTAGGCGCTCT",0.11333656372841,TRUE
"CID44971_GCTCTGTGTTCAGACT",0.999999847361953,FALSE
"CID44971_GCTCTGTTCCTGTAGA",0.999996889603448,FALSE
"CID44971_GCTGCGAAGATGAGAG",0.999806308621412,FALSE
"CID44971_GCTGCGACACGACTCG",0.148420404667218,TRUE
"CID44971_GCTGCGACAGGGAGAG",0.999520389477141,FALSE
"CID44971_GCTGCTTAGTGGAGAA",0.986476508162289,FALSE
"CID44971_GCTGCTTCATGCTAGT",0.999999959166832,FALSE
"CID44971_GCTTCCAAGACTAAGT",0.998804042025393,FALSE
"CID44971_GCTTGAACAGCCTTTC",0.593734798934037,FALSE
"CID44971_GGAACTTTCACGCATA",0.9999999655273,FALSE
"CID44971_GGACAAGGTGAAATCA",0.999505118252398,FALSE
"CID44971_GGACAGAGTCGATTGT",0.994248718884045,FALSE
"CID44971_GGACAGATCTATCCCG",0.400327161328022,FALSE
"CID44971_GGACAGATCTGCGACG",0.346227586578413,TRUE
"CID44971_GGACATTAGACACTAA",0.198443307455117,FALSE
"CID44971_GGACATTAGATGTGGC",0.715965766997947,TRUE
"CID44971_GGACATTCATCAGTAC",0.999999999999024,FALSE
"CID44971_GGACATTGTGGTAACG",0.999869987602098,FALSE
"CID44971_GGACGTCGTGAAGGCT",0.33671554703342,FALSE
"CID44971_GGACGTCGTGTAACGG",0.999999999999999,FALSE
"CID44971_GGATGTTAGCTAAGAT",0.958040548049278,FALSE
"CID44971_GGATGTTGTCGGCACT",0.999996192387304,FALSE
"CID44971_GGATTACAGTGTTTGC",1,FALSE
"CID44971_GGCAATTTCTGCGTAA",0.631963170957983,TRUE
"CID44971_GGCCGATAGTCGTTTG",0.982156838007503,FALSE
"CID44971_GGCCGATAGTGCGTGA",0.999075482760039,FALSE
"CID44971_GGCTGGTTCTAACTTC",0.882386018324512,FALSE
"CID44971_GGGAATGAGAATAGGG",0.273229953972867,TRUE
"CID44971_GGGAATGTCTTGCATT",0.712802538703388,TRUE
"CID44971_GGGACCTCATACCATG",0.999994500045316,FALSE
"CID44971_GGGAGATCACGTCAGC",1,FALSE
"CID44971_GGGAGATCAGGGTACA",0.566543770386136,TRUE
"CID44971_GGGCACTGTTAGATGA",0.565237299365087,FALSE
"CID44971_GGGCACTTCTTCATGT",0.999999999999814,FALSE
"CID44971_GGGTCTGGTGACCAAG",0.770116729443273,TRUE
"CID44971_GGGTTGCCACGGTTTA",1,FALSE
"CID44971_GGTATTGAGTACGATA",0.999999999497492,FALSE
"CID44971_GTAACTGAGGATTCGG",1,FALSE
"CID44971_GTAACTGGTCGAGTTT",0.750871794704848,TRUE
"CID44971_GTACGTAGTAAAGGAG",0.0576728913405285,TRUE
"CID44971_GTACGTAGTGGTACAG",0.999999967053897,FALSE
"CID44971_GTACTTTAGATGTGTA",0.999999999999934,FALSE
"CID44971_GTACTTTGTGCTTCTC",0.995434941676139,FALSE
"CID44971_GTAGGCCGTTCGGGCT",0.999999999999996,FALSE
"CID44971_GTAGTCAAGTGGACGT",0.999999836425386,FALSE
"CID44971_GTAGTCATCTGTTTGT",0.999936393954948,FALSE
"CID44971_GTATCTTCAGTCTTCC",0.99997308226985,FALSE
"CID44971_GTATTCTTCGAATGCT",1,FALSE
"CID44971_GTCAAGTTCTGCGTAA",0.894682732915778,FALSE
"CID44971_GTCACAATCTCTAGGA",0.0556688765224589,TRUE
"CID44971_GTCACGGGTGTGGTTT",0.588407702903119,FALSE
"CID44971_GTCATTTAGGAATTAC",0.797672358179101,TRUE
"CID44971_GTCATTTCAAACAACA",0.999999605310504,FALSE
"CID44971_GTCCTCACATTGGCGC",0.855707821262956,FALSE
"CID44971_GTCCTCAGTTCGGGCT",0.969235915722296,FALSE
"CID44971_GTCGGGTTCTGCAGTA",0.750275480382763,TRUE
"CID44971_GTCGTAAAGTAGCGGT",0.739456224301908,TRUE
"CID44971_GTGCAGCCACATGTGT",0.59143757429081,TRUE
"CID44971_GTGCAGCCAGTTCCCT",0.999999999999999,FALSE
"CID44971_GTGCGGTAGGTGCACA",1,FALSE
"CID44971_GTGGGTCGTCAGAATA",0.99966023424712,FALSE
"CID44971_GTGGGTCGTGATAAGT",0.014919430512756,TRUE
"CID44971_GTGGGTCGTTTGGCGC",0.999999999997751,FALSE
"CID44971_GTGTTAGTCACCATAG",0.168643442675453,TRUE
"CID44971_GTTAAGCGTACCCAAT",0.999999999999998,FALSE
"CID44971_GTTACAGAGCCGATTT",0.74900236915424,FALSE
"CID44971_GTTCATTTCACGCATA",0.250559035736914,TRUE
"CID44971_GTTCATTTCCTAAGTG",0.771878844133566,TRUE
"CID44971_GTTCGGGCAATGTTGC",0.968904225863001,FALSE
"CID44971_GTTCTCGAGGCCCGTT",0.699687073262006,TRUE
"CID44971_GTTCTCGTCGCACTCT",0.999998050791088,FALSE
"CID44971_GTTCTCGTCTGTTGAG",0.599257933334028,TRUE
"CID44971_TAAACCGGTCTAGCCG",0.808534379326957,TRUE
"CID44971_TAAGAGAAGGGCTTGA",0.985451175711959,FALSE
"CID44971_TAAGAGAAGTACGTTC",0.124374021546559,TRUE
"CID44971_TAAGCGTGTGCATCTA",0.999996866357858,FALSE
"CID44971_TAAGTGCAGTCGTTTG",0.831247424170587,TRUE
"CID44971_TACACGAAGGTGATTA",0.688970151520942,TRUE
"CID44971_TACAGTGGTCATGCCG",0.999999682778631,FALSE
"CID44971_TACAGTGGTTTGACTG",0.999999999999994,FALSE
"CID44971_TACCTATGTTCAGTAC",0.999999999442938,FALSE
"CID44971_TACCTTACATCCGCGA",0.999235980137278,FALSE
"CID44971_TACGGATGTGCTTCTC",0.17364808672888,TRUE
"CID44971_TACGGATTCGGTCTAA",0.999999997515497,FALSE
"CID44971_TACGGTAAGTTCGCGC",0.579936718549193,TRUE
"CID44971_TACTCATAGCGTCAAG",0.65318101495762,FALSE
"CID44971_TACTCATTCGTTACAG",0.903200940110702,TRUE
"CID44971_TACTCGCGTAAACCTC",0.99973735861278,FALSE
"CID44971_TACTTGTAGTTAAGTG",0.999999999999897,FALSE
"CID44971_TACTTGTGTCACCTAA",0.932874948911665,FALSE
"CID44971_TAGACCAAGAGAACAG",0.561457939248179,FALSE
"CID44971_TAGACCATCTCCGGTT",0.0821677701311581,TRUE
"CID44971_TAGAGCTGTCGGCACT",0.999989977831194,FALSE
"CID44971_TAGCCGGCAATACGCT",0.0788711443088437,TRUE
"CID44971_TAGTGGTCAAAGCGGT",0.722096561472464,TRUE
"CID44971_TAGTGGTCAGACACTT",0.999997323380945,FALSE
"CID44971_TAGTGGTCAGCCTGTG",0.0164721410677369,TRUE
"CID44971_TAGTGGTGTCATCCCT",0.999831344884407,FALSE
"CID44971_TAGTTGGCACGTCTCT",0.218950766064345,TRUE
"CID44971_TAGTTGGTCGGACAAG",0.999999976024923,FALSE
"CID44971_TATCTCATCCAAGTAC",0.999999483526178,FALSE
"CID44971_TATTACCCACTATCTT",0.177738197403688,TRUE
"CID44971_TCAACGAAGTGGAGAA",0.525056186389379,TRUE
"CID44971_TCAATCTAGTTGTCGT",0.999999999912606,FALSE
"CID44971_TCAATCTGTAGAGCTG",0.999999613611904,FALSE
"CID44971_TCACAAGAGATAGTCA",0.998723094935936,FALSE
"CID44971_TCAGCAACAGGACCCT",0.999999999999482,FALSE
"CID44971_TCATTACAGAGTCTGG",0.999999999268081,FALSE
"CID44971_TCATTACAGGCAAAGA",0.0639999699444577,TRUE
"CID44971_TCATTACGTCATACTG",0.106781511322808,TRUE
"CID44971_TCATTTGTCTTCCTTC",0.999999033088232,FALSE
"CID44971_TCCACACCACATTTCT",0.173697447595408,TRUE
"CID44971_TCCACACCAGTAAGCG",0.738181796865779,TRUE
"CID44971_TCCCGATCAATACGCT",0.401656476204132,FALSE
"CID44971_TCCCGATTCTGGAGCC",0.999797502447437,FALSE
"CID44971_TCGAGGCCATGGTCTA",0.747485236539608,TRUE
"CID44971_TCGCGTTCATCCAACA",0.999999998483603,FALSE
"CID44971_TCGCGTTTCAGCTGGC",0.998574034420789,FALSE
"CID44971_TCGGGACTCATGTCTT",0.0484082752451212,TRUE
"CID44971_TCGGGACTCTGTCAAG",0.776676625771027,FALSE
"CID44971_TCGGTAAAGAGTGAGA",0.979392427697831,FALSE
"CID44971_TCGGTAAAGTTAGGTA",0.681414530962918,FALSE
"CID44971_TCGTAGAGTGGTACAG",0.938516761104301,FALSE
"CID44971_TCGTAGATCCCAACGG",0.99997548120297,FALSE
"CID44971_TCTCATAAGCTGATAA",0.587542863671572,TRUE
"CID44971_TCTCATATCCTTGACC",0.121409901681963,TRUE
"CID44971_TCTCTAAAGCCAGAAC",0.999999695596713,FALSE
"CID44971_TCTCTAACACTCGACG",0.999999999999964,FALSE
"CID44971_TCTCTAAGTCTCAACA",0.993931005114615,FALSE
"CID44971_TCTTTCCGTCAGAGGT",0.999104258441114,FALSE
"CID44971_TGACAACAGAGTGAGA",0.999882150157143,FALSE
"CID44971_TGACAACAGATATACG",0.99990043474684,FALSE
"CID44971_TGACGGCGTAGCTCCG",0.178804459945424,FALSE
"CID44971_TGACGGCGTCCTCCAT",0.999999999999783,FALSE
"CID44971_TGACTAGCAAGAGTCG",0.725239683614218,TRUE
"CID44971_TGACTAGCAGGGTTAG",0.999999992888769,FALSE
"CID44971_TGACTAGTCATGCTCC",0.241206266816243,TRUE
"CID44971_TGACTTTAGCAGGCTA",0.999999538499285,FALSE
"CID44971_TGACTTTAGTGTTAGA",1,FALSE
"CID44971_TGACTTTCACTCAGGC",0.905060329021769,FALSE
"CID44971_TGACTTTCATGCCACG",0.0642478779280108,TRUE
"CID44971_TGAGAGGAGCACCGCT",0.999999990555771,FALSE
"CID44971_TGAGCATAGTCCGTAT",0.072247008783187,TRUE
"CID44971_TGAGCATCACCCATGG",1,FALSE
"CID44971_TGAGCATCAGTATAAG",0.0474451510171475,TRUE
"CID44971_TGATTTCCAAACCTAC",0.446187979634628,TRUE
"CID44971_TGATTTCGTTCGTGAT",1,FALSE
"CID44971_TGCACCTCAAACCTAC",0.272151379174407,TRUE
"CID44971_TGCACCTGTAAATGAC",0.739017627509857,FALSE
"CID44971_TGCACCTGTTGATTGC",0.589666144136935,FALSE
"CID44971_TGCCCATGTCTAGAGG",0.0208922498275967,TRUE
"CID44971_TGCCCTATCAGCATGT",0.28643227798991,TRUE
"CID44971_TGCGCAGCAACACCCG",0.831247892873859,FALSE
"CID44971_TGCGCAGGTTACCAGT",0.999999999916324,FALSE
"CID44971_TGCGGGTTCGTTACAG",1,FALSE
"CID44971_TGCGTGGTCGCGATCG",0.701452620692576,TRUE
"CID44971_TGGACGCAGGGCATGT",0.425804638731233,TRUE
"CID44971_TGGACGCCAACAACCT",0.120048318801138,TRUE
"CID44971_TGGCCAGTCTAAGCCA",0.999802676240843,FALSE
"CID44971_TGGCCAGTCTGTTTGT",0.999984580804208,FALSE
"CID44971_TGGCGCAGTATAGGTA",0.999999459418531,FALSE
"CID44971_TGGCGCAGTCATCCCT",0.999960784169811,FALSE
"CID44971_TGGCTGGAGGGTTTCT",0.999999999987126,FALSE
"CID44971_TGGCTGGCAGATGGGT",0.999999998768589,FALSE
"CID44971_TGGCTGGCATAACCTG",1,FALSE
"CID44971_TGGGAAGCAGTCGATT",0.999999993339919,FALSE
"CID44971_TGGGAAGGTAAAGTCA",0.999967489873055,FALSE
"CID44971_TGGGCGTCATGTAAGA",0.99999992424895,FALSE
"CID44971_TGGTTAGAGCCCAACC",0.78781801725585,FALSE
"CID44971_TGGTTAGAGGGTTTCT",0.0592928823159992,TRUE
"CID44971_TGGTTCCAGATCCTGT",0.380537175375644,TRUE
"CID44971_TGGTTCCAGGTGTGGT",0.999999974941065,FALSE
"CID44971_TGGTTCCCAGCTTCGG",1,FALSE
"CID44971_TGGTTCCCAGTGACAG",0.997855644871509,FALSE
"CID44971_TGTATTCGTGTATGGG",0.999985143358249,FALSE
"CID44971_TGTATTCTCGTCACGG",0.748143226376754,TRUE
"CID44971_TGTCCCACAGTTAACC",0.0433586891821527,TRUE
"CID44971_TGTCCCATCACGACTA",1,FALSE
"CID44971_TGTCCCATCATGGTCA",0.759317710334642,FALSE
"CID44971_TGTGGTACATGTTGAC",0.999999999726008,FALSE
"CID44971_TGTTCCGAGACGCAAC",0.999908808757275,FALSE
"CID44971_TGTTCCGAGGTAGCCA",0.75606452137219,FALSE
"CID44971_TTAGGACAGCTGAACG",0.926430866499009,FALSE
"CID44971_TTAGGACTCCGCATCT",0.999999999842094,FALSE
"CID44971_TTAGGCATCTATGTGG",0.999999999999932,FALSE
"CID44971_TTAGGCATCTCGTTTA",0.75615525049254,TRUE
"CID44971_TTAGTTCAGAGCTATA",0.966772516310735,FALSE
"CID44971_TTAGTTCAGCACCGTC",0.568643274331868,TRUE
"CID44971_TTATGCTGTTGTCGCG",0.999999938686392,FALSE
"CID44971_TTATGCTTCCGCGGTA",0.999990542436675,FALSE
"CID44971_TTATGCTTCGCTGATA",0.999996118794158,FALSE
"CID44971_TTCCCAGTCAAGGTAA",0.210904044517135,TRUE
"CID44971_TTCGAAGTCAGCGACC",0.99999999991279,FALSE
"CID44971_TTCGAAGTCTAACTCT",0.319330671315552,TRUE
"CID44971_TTCGGTCAGAGTACCG",0.341588015277272,TRUE
"CID44971_TTCGGTCCACATCTTT",0.698811551512035,TRUE
"CID44971_TTCGGTCCAGTATAAG",0.927198870810772,TRUE
"CID44971_TTCGGTCCATATGGTC",0.67623369277563,FALSE
"CID44971_TTCTCAAGTCCAGTGC",0.501105628649732,FALSE
"CID44971_TTCTCCTCACATTCGA",0.758102875876112,TRUE
"CID44971_TTGAACGAGTACGTTC",0.535098011936097,TRUE
"CID44971_TTGAACGGTAAAGGAG",0.998341297724531,FALSE
"CID44971_TTGACTTAGGTGCAAC",0.999999999952258,FALSE
"CID44971_TTGCCGTAGATGTGGC",0.0407241312962035,TRUE
"CID44971_TTGCCGTTCCCAGGTG",0.108897699197806,TRUE
"CID44971_TTGGCAAAGGCTAGCA",0.999999696236761,FALSE
"CID44971_TTGGCAAAGTGCGTGA",0.422995562997857,TRUE
"CID44971_TTGGCAACATCACAAC",0.051885062914853,TRUE
"CID44971_TTGGCAATCGAGAACG",0.508920970056123,TRUE
"CID44971_TTTACTGCAAAGCAAT",0.978321344944874,FALSE
"CID44971_TTTACTGCAGGGCATA",0.999893252774035,FALSE
"CID44971_TTTACTGGTAGCGTCC",0.999999999999996,FALSE
"CID44971_TTTATGCGTCCAAGTT",1,FALSE
"CID44971_TTTATGCTCGTGACAT",0.487778967934885,TRUE
"CID44971_TTTGCGCGTCTCATCC",0.999999998390853,FALSE
"CID44971_GCACTCTAGTGGGTTG",0.44631711157442,TRUE
"CID44971_AAACCTGGTGTAATGA",0.166576817312612,TRUE
"CID44971_AACTTTCGTCCGTCAG",0.174569431398187,TRUE
"CID44971_AACTTTCTCCTGCTTG",0.374052039996934,FALSE
"CID44971_AACTTTCTCTGGCGAC",0.999878195203867,FALSE
"CID44971_AAGGCAGCATAACCTG",0.694615891033921,FALSE
"CID44971_AATCGGTAGCGTTGCC",0.084954735569116,TRUE
"CID44971_ACACCGGTCCAACCAA",0.448675498868321,FALSE
"CID44971_ACGAGCCCAGCCACCA",0.0891998899179595,TRUE
"CID44971_ACGCCGAAGGGTTTCT",0.753661396604517,FALSE
"CID44971_ACGGAGAAGGATGCGT",0.123443940199349,TRUE
"CID44971_ACTATCTGTTTAGCTG",0.99023768855312,FALSE
"CID44971_ACTGATGGTAAATGAC",0.217088757539591,FALSE
"CID44971_ACTGCTCCAGATAATG",0.131522359286367,TRUE
"CID44971_ACTGCTCCATGATCCA",0.12257397603219,TRUE
"CID44971_ACTGCTCTCTTACCTA",0.28195853669915,FALSE
"CID44971_ACTTACTAGCGATTCT",0.160828910744597,TRUE
"CID44971_ACTTTCAGTACATGTC",0.271928708509956,FALSE
"CID44971_ACTTTCAGTTGAGGTG",0.150403855190183,TRUE
"CID44971_AGAGCGATCACTCTTA",0.99926349097272,FALSE
"CID44971_AGCATACGTATAGTAG",0.187563017548377,FALSE
"CID44971_AGCTCCTTCTGGCGAC",0.154248958450104,TRUE
"CID44971_AGGGTGAAGGCTCAGA",0.112246549129271,TRUE
"CID44971_AGTAGTCAGTGTGGCA",0.998714619695918,FALSE
"CID44971_AGTCTTTTCCACTGGG",0.120653110465229,TRUE
"CID44971_AGTCTTTTCGCTGATA",0.145298690712309,TRUE
"CID44971_ATAACGCTCGGAGGTA",0.32226493363037,FALSE
"CID44971_ATAGACCTCTTGAGGT",0.325179783222298,FALSE
"CID44971_ATCCACCTCACAAACC",0.163290819466268,TRUE
"CID44971_ATGAGGGAGCGTCTAT",0.137108564714589,TRUE
"CID44971_ATGAGGGAGTGACATA",0.112747676142581,TRUE
"CID44971_ATTACTCTCAAGATCC",0.199148865908965,FALSE
"CID44971_CAAGATCTCCATGAAC",0.0969623412972614,TRUE
"CID44971_CACACTCAGGGAGTAA",0.150645395067298,TRUE
"CID44971_CACTCCAAGCGCCTCA",0.0659716993270939,TRUE
"CID44971_CAGATCAGTTGTTTGG",0.99991932306287,FALSE
"CID44971_CAGCGACCAGTTTACG",0.0541081848837222,TRUE
"CID44971_CAGTAACAGAGAGCTC",0.115610180739787,TRUE
"CID44971_CAGTAACAGATATGCA",0.140072853111926,TRUE
"CID44971_CATCCACTCTTACCTA",0.781838745408758,TRUE
"CID44971_CATCGGGCAATGGTCT",0.161382767349504,TRUE
"CID44971_CATCGGGTCTGCTGTC",0.997801630971989,FALSE
"CID44971_CATTCGCGTTGATTCG",0.162678121357728,TRUE
"CID44971_CCAATCCAGGTGACCA",0.133334034479686,TRUE
"CID44971_CCATGTCGTTCAGACT",0.926599625955753,FALSE
"CID44971_CCTACACGTCGACTAT",0.324652939870377,TRUE
"CID44971_CGAACATCATCCCATC",0.99623168855029,FALSE
"CID44971_CGAATGTAGATTACCC",0.20133950716381,FALSE
"CID44971_CGATGTATCACCAGGC",0.590162992100981,TRUE
"CID44971_CGATTGAGTGTGACCC",0.164019434253489,TRUE
"CID44971_CGCGTTTCACCGAATT",0.159606576540178,TRUE
"CID44971_CGCTATCTCATGTCCC",0.164127118709262,TRUE
"CID44971_CGGACGTAGGTGCTAG",0.999999999998843,FALSE
"CID44971_CGTAGCGCATGCCCGA",0.116209978932918,TRUE
"CID44971_CGTCAGGCACAACTGT",0.0638221080385804,TRUE
"CID44971_CGTGTCTAGGAGTAGA",0.402856190833251,TRUE
"CID44971_CGTTCTGCAAGAGTCG",0.297844238914187,FALSE
"CID44971_CGTTGGGAGTGGACGT",0.866233921031978,FALSE
"CID44971_CTACACCCATCCAACA",0.235511927068315,FALSE
"CID44971_CTACCCAAGTTCGCAT",0.141429455458598,TRUE
"CID44971_CTACCCACAGTCGTGC",0.113649427321817,TRUE
"CID44971_CTAGCCTTCTGGCGTG",0.991777317717449,FALSE
"CID44971_CTAGTGAGTCACAAGG",0.151577801651129,TRUE
"CID44971_CTCTGGTCAGGACCCT",0.13026046995586,TRUE
"CID44971_CTGAAGTAGATAGGAG",0.176903354308511,TRUE
"CID44971_CTGTTTACACACCGCA",0.153463189081992,TRUE
"CID44971_CTTAACTCAAGCCATT",0.12267863364247,TRUE
"CID44971_GAAACTCGTACATCCA",0.091823139445512,TRUE
"CID44971_GAATAAGGTCTGGTCG",0.427384594827643,FALSE
"CID44971_GACCTGGAGCTGCCCA",0.190760423517964,FALSE
"CID44971_GACGCGTAGATGTTAG",0.0883972484817324,TRUE
"CID44971_GACGTGCCATACCATG",0.142586885266881,TRUE
"CID44971_GACGTGCTCCGAAGAG",0.690016462250761,FALSE
"CID44971_GACTACAGTGTAATGA",0.0862003521147087,TRUE
"CID44971_GACTGCGTCAACACGT",0.168993639428925,TRUE
"CID44971_GAGCAGAAGATGTTAG",0.816215502069148,TRUE
"CID44971_GATCTAGCAGCGTAAG",0.261404879301375,FALSE
"CID44971_GATGCTAAGTGTACCT",0.828831262156864,FALSE
"CID44971_GATGCTAGTCTTTCAT",0.154666496038056,TRUE
"CID44971_GATTCAGGTAATAGCA",0.144190755435531,TRUE
"CID44971_GCAATCATCTCAAACG",0.14782523858176,TRUE
"CID44971_GCTTGAAGTACGAAAT",0.211651579025988,FALSE
"CID44971_GGAATAACAGCGTTCG",0.141906853598906,TRUE
"CID44971_GGCAATTTCAACACAC",0.935214520890998,FALSE
"CID44971_GGGTCTGAGACTAAGT",0.341114776952093,FALSE
"CID44971_GGGTCTGCATGCCCGA",0.217125062698794,FALSE
"CID44971_GGTGAAGAGCACCGTC",0.457629904420614,FALSE
"CID44971_GTAACTGAGACTAAGT",0.135097896179085,TRUE
"CID44971_GTAACTGAGTAGTGCG",0.453563163313783,FALSE
"CID44971_GTACGTAAGACTACAA",0.99030220967993,FALSE
"CID44971_GTGCAGCAGCTACCGC",0.0961423732053618,TRUE
"CID44971_GTGCAGCAGGAACTGC",0.146091493006805,TRUE
"CID44971_GTGCATACACAGGTTT",0.120972595982653,TRUE
"CID44971_GTGTGCGGTGTCCTCT",0.0887395999559702,TRUE
"CID44971_GTTCATTTCGTTGCCT",0.150166056194089,TRUE
"CID44971_TAAGAGATCTAACCGA",0.225646798909175,FALSE
"CID44971_TAAGCGTTCTCGTATT",0.193763759915538,TRUE
"CID44971_TACAGTGCAATTCCTT",0.986314611864415,FALSE
"CID44971_TACCTATCAAGACACG",0.988364688197073,FALSE
"CID44971_TACCTTAGTACACCGC",0.117303430158734,TRUE
"CID44971_TACTTACAGCACAGGT",0.137505401148152,TRUE
"CID44971_TAGAGCTGTGAGGCTA",0.648862645980679,FALSE
"CID44971_TAGTGGTGTTTGTTGG",0.160334530774693,TRUE
"CID44971_TATCAGGTCCAAACAC",0.999911501857562,FALSE
"CID44971_TATCTCAAGGTGATAT",0.0678944269113517,TRUE
"CID44971_TATTACCTCTCTTGAT",0.880245621010289,TRUE
"CID44971_TCAGCAAGTGTGCGTC",0.611605034948127,FALSE
"CID44971_TCGAGGCCAATACGCT",0.0881613947598013,TRUE
"CID44971_TCGTAGAGTTGGTGGA",0.225170139015884,FALSE
"CID44971_TGAAAGAAGTTATCGC",0.796189647095615,FALSE
"CID44971_TGACAACCACCCTATC",0.234368951593757,FALSE
"CID44971_TGACGGCTCCATGCTC",0.836181704882481,TRUE
"CID44971_TGAGCATAGAGTAAGG",0.109822422401201,TRUE
"CID44971_TGCGGGTGTCGATTGT",0.39422220610342,FALSE
"CID44971_TGCGTGGGTCGCTTCT",0.0923727882122579,TRUE
"CID44971_TGGCCAGCAGACTCGC",0.0679257262436832,TRUE
"CID44971_TGGCGCAGTTGGTAAA",0.0686430572295627,TRUE
"CID44971_TGGCTGGGTGATGATA",0.158953986341712,TRUE
"CID44971_TTAGGACAGGACAGAA",0.163325786768516,TRUE
"CID44971_TTAGGCAAGCGGATCA",0.24208463937208,FALSE
"CID44971_TTAGGCAAGGTCGGAT",0.113274836909008,TRUE
"CID44971_TTCTACAGTCGCATCG",0.998603364641285,FALSE
"CID44971_TTCTCCTAGCTAGGCA",0.997652134740882,FALSE
"CID44971_TTGAACGAGACTGTAA",0.171302718830819,TRUE
"CID44971_TTTATGCCACAACGTT",0.973611163317243,FALSE
"CID44971_AAAGATGCAGATCGGA",0.999999999999972,FALSE
"CID44971_AAAGATGCATGTCTCC",0.978830047151528,FALSE
"CID44971_AAAGATGGTGTTCTTT",0.999967609060394,FALSE
"CID44971_AAAGCAACAGCTGGCT",0.999999922366563,FALSE
"CID44971_AAAGCAAGTTGTCTTT",0.486374099961419,FALSE
"CID44971_AAAGTAGCACAAGTAA",0.99999999999728,FALSE
"CID44971_AAAGTAGCATGTAGTC",0.992699133567008,FALSE
"CID44971_AAAGTAGGTGTATGGG",0.982866659078919,FALSE
"CID44971_AAAGTAGTCCGGCACA",0.999868408554382,FALSE
"CID44971_AAATGCCCACGGTGTC",0.218424766370696,TRUE
"CID44971_AACCATGCAATGAAAC",0.956691286365868,FALSE
"CID44971_AACCGCGAGCGATGAC",0.999999976008617,FALSE
"CID44971_AACTCAGAGATGTGTA",0.999999636058164,FALSE
"CID44971_AACTCAGAGCAGGTCA",0.99896913212461,FALSE
"CID44971_AAGACCTCACCGAATT",0.34383872149573,FALSE
"CID44971_AAGACCTGTCCAACTA",0.981167810878594,FALSE
"CID44971_AAGGAGCAGGTCATCT",1,FALSE
"CID44971_AAGGTTCCAAGAAGAG",0.999999990693015,FALSE
"CID44971_AAGGTTCGTCTTCGTC",0.993512585665764,FALSE
"CID44971_AAGTCTGTCTGCCAGG",0.999982797618036,FALSE
"CID44971_AATCGGTAGCGTAGTG",0.474206636837759,FALSE
"CID44971_AATCGGTGTTCATGGT",0.999999999999922,FALSE
"CID44971_ACACCAATCTTTACAC",0.969464755725418,FALSE
"CID44971_ACACCCTCACGGTTTA",0.999997855915489,FALSE
"CID44971_ACACCCTCAGATCCAT",0.151681466884927,TRUE
"CID44971_ACACCGGCACCTGGTG",0.999999999794667,FALSE
"CID44971_ACAGCCGGTTACTGAC",0.997266146201588,FALSE
"CID44971_ACAGCTACAGGTGCCT",0.999999968393151,FALSE
"CID44971_ACAGCTAGTTGTCTTT",0.831721319716748,TRUE
"CID44971_ACATACGGTATCTGCA",0.999996897058326,FALSE
"CID44971_ACATCAGAGGGCTTCC",0.930299500000233,FALSE
"CID44971_ACATCAGTCTACTCAT",1,FALSE
"CID44971_ACATCAGTCTTTAGTC",0.999958280687461,FALSE
"CID44971_ACATGGTGTAGGGACT",0.999917407361464,FALSE
"CID44971_ACCCACTAGGATCGCA",0.99889610435991,FALSE
"CID44971_ACCCACTCAAGTTCTG",0.776365629927855,TRUE
"CID44971_ACCCACTGTAGCCTCG",0.999727709300499,FALSE
"CID44971_ACCGTAAAGCTAGCCC",0.999749401590918,FALSE
"CID44971_ACGAGCCGTGTGAAAT",0.999996684638123,FALSE
"CID44971_ACGCAGCGTAAATGAC",0.999999909722745,FALSE
"CID44971_ACGCCAGGTGAGGGTT",0.999999996767971,FALSE
"CID44971_ACGGAGACATGTCTCC",0.999999999979736,FALSE
"CID44971_ACGGAGAGTTCTGAAC",0.999999997853384,FALSE
"CID44971_ACGGCCAGTCAAAGCG",0.914268231918208,FALSE
"CID44971_ACGGGCTAGGGATACC",0.997234372754543,FALSE
"CID44971_ACGGGTCCATACGCTA",0.999887217006691,FALSE
"CID44971_ACTGAACTCACGCGGT",0.954609944027077,FALSE
"CID44971_ACTGATGTCGACAGCC",1,FALSE
"CID44971_ACTGCTCGTAAGCACG",0.999996518065561,FALSE
"CID44971_ACTGCTCTCTGTCTAT",0.901685119984168,FALSE
"CID44971_ACTTACTAGTCTCAAC",0.961550269677956,FALSE
"CID44971_ACTTACTCACCACGTG",1,FALSE
"CID44971_ACTTACTCATTACGAC",0.99999998557215,FALSE
"CID44971_ACTTTCAAGTACTTGC",0.999175951969637,FALSE
"CID44971_ACTTTCAGTATTACCG",0.998017954117446,FALSE
"CID44971_AGAATAGTCCCTAATT",0.999622579356001,FALSE
"CID44971_AGACGTTAGCGATGAC",0.71585261158452,TRUE
"CID44971_AGACGTTGTAGCTCCG",0.157568021481482,TRUE
"CID44971_AGAGCGAAGCGATTCT",0.999999958069543,FALSE
"CID44971_AGAGCGATCATCGATG",0.98033056184741,FALSE
"CID44971_AGAGCTTCATACGCTA",0.999998383556913,FALSE
"CID44971_AGCAGCCTCGTAGGAG",0.999990660644123,FALSE
"CID44971_AGCATACGTAGGACAC",0.678751173169676,FALSE
"CID44971_AGCCTAATCCTAGAAC",0.99999999952149,FALSE
"CID44971_AGCGTCGAGGGCTTGA",0.412158617684986,FALSE
"CID44971_AGCTCCTGTCTAAACC",0.842262600033982,FALSE
"CID44971_AGCTCCTTCTGCAGTA",0.312382733555914,TRUE
"CID44971_AGCTCTCCACCAGTTA",0.998379726969497,FALSE
"CID44971_AGGGAGTAGCACACAG",0.267564287127218,TRUE
"CID44971_AGGGAGTAGGGCTTCC",0.999999999996356,FALSE
"CID44971_AGGGATGTCCGTAGTA",0.789405330445075,TRUE
"CID44971_AGGGTGATCCAATGGT",0.999999999676505,FALSE
"CID44971_AGTAGTCAGTAGCCGA",0.999849914993953,FALSE
"CID44971_AGTAGTCCAATGCCAT",1,FALSE
"CID44971_AGTGAGGAGATGTTAG",0.966246179003852,FALSE
"CID44971_AGTGTCACATCACAAC",0.999955987704557,FALSE
"CID44971_ATCATCTTCCGTAGGC",1,FALSE
"CID44971_ATCATGGAGTTACGGG",0.999999409963482,FALSE
"CID44971_ATCATGGCAGGTGGAT",0.999999975485746,FALSE
"CID44971_ATCCACCTCAAAGACA",0.20279130726585,TRUE
"CID44971_ATCCGAAAGCCACGCT",0.998999027611328,FALSE
"CID44971_ATCCGAAAGCCGGTAA",0.586882425937829,FALSE
"CID44971_ATCCGAAAGTTGAGTA",0.997697305634379,FALSE
"CID44971_ATCGAGTAGTCTTGCA",0.999999898832717,FALSE
"CID44971_ATCGAGTGTGCGCTTG",1,FALSE
"CID44971_ATCTGCCTCACTTATC",0.723266645220409,FALSE
"CID44971_ATGAGGGGTAGAGCTG",0.998447392697501,FALSE
"CID44971_ATGAGGGGTAGAGTGC",0.999999763930394,FALSE
"CID44971_ATGAGGGTCACCGTAA",0.999026905888856,FALSE
"CID44971_ATGGGAGCACGTCAGC",0.999999983936369,FALSE
"CID44971_ATGTGTGGTGTGAAAT",1,FALSE
"CID44971_ATTACTCAGATTACCC",0.999999999999996,FALSE
"CID44971_ATTACTCTCCCTCAGT",0.994534423018108,FALSE
"CID44971_ATTGGACCAAATCCGT",0.998334790301739,FALSE
"CID44971_ATTGGACGTTGGAGGT",0.999999999585424,FALSE
"CID44971_ATTTCTGAGGACTGGT",0.99999995643585,FALSE
"CID44971_ATTTCTGCATAGAAAC",0.999933456603483,FALSE
"CID44971_CAACCAACAAGACGTG",0.194110099834665,TRUE
"CID44971_CAACTAGAGGCTACGA",0.977225151833033,FALSE
"CID44971_CAACTAGGTGTGACCC",0.986989868769034,FALSE
"CID44971_CAAGAAAAGATCACGG",0.999815780186766,FALSE
"CID44971_CAAGATCGTTCCATGA",0.999999154573776,FALSE
"CID44971_CAAGATCTCCCAACGG",0.999999999594234,FALSE
"CID44971_CACAAACGTGTGTGCC",0.999851150474281,FALSE
"CID44971_CACAAACTCGTATCAG",0.99999640811984,FALSE
"CID44971_CACACAAGTATCAGTC",0.999379014093335,FALSE
"CID44971_CACACTCAGCTGTTCA",0.999989060442457,FALSE
"CID44971_CACACTCTCGACGGAA",1,FALSE
"CID44971_CACAGGCCACATCTTT",0.998358520466511,FALSE
"CID44971_CACAGGCGTCAGGACA",0.809191392569032,FALSE
"CID44971_CACAGTACAACGCACC",0.999917010988681,FALSE
"CID44971_CACAGTACAAGGACAC",0.57983445643274,TRUE
"CID44971_CACATAGCATCGATGT",0.931806945605167,FALSE
"CID44971_CACATTTGTCGTTGTA",0.999883239135556,FALSE
"CID44971_CACCACTCATTAACCG",0.999983010699533,FALSE
"CID44971_CACCAGGTCCCTTGTG",0.999999979172478,FALSE
"CID44971_CACCAGGTCTCAAACG",0.208130651623842,TRUE
"CID44971_CACCTTGTCCGATATG",0.203185442012132,TRUE
"CID44971_CAGAGAGGTAATTGGA",0.95788596611468,FALSE
"CID44971_CAGATCAAGGTTCCTA",0.192593391508827,FALSE
"CID44971_CAGCAGCGTCGAGATG",0.19131294972135,FALSE
"CID44971_CAGCAGCGTTTGACAC",0.999993688293788,FALSE
"CID44971_CAGCCGAGTGGGTCAA",1,FALSE
"CID44971_CAGCTAAAGACAAGCC",0.999999412547989,FALSE
"CID44971_CAGCTGGAGGAGCGTT",0.99999999972472,FALSE
"CID44971_CAGTCCTGTTCGTGAT",0.999999999999918,FALSE
"CID44971_CATATGGAGAGACTAT",0.999998732854196,FALSE
"CID44971_CATATGGCAACTGGCC",0.883235007090573,FALSE
"CID44971_CATCAGATCGTACCGG",0.999999990397357,FALSE
"CID44971_CATCCACAGATGTCGG",0.841015183872752,TRUE
"CID44971_CATCCACAGTCCGTAT",0.604555423450344,TRUE
"CID44971_CATCCACGTTTGGCGC",0.999999947272581,FALSE
"CID44971_CATCGAAAGGGTCTCC",0.998851802762544,FALSE
"CID44971_CATCGAACACCGCTAG",0.999999999677124,FALSE
"CID44971_CATCGGGCATCACGAT",0.508676910986642,FALSE
"CID44971_CATGACAAGATTACCC",0.667980195596448,TRUE
"CID44971_CATGACAAGGGCATGT",0.999998093530473,FALSE
"CID44971_CATGACACATAGTAAG",0.99999971662257,FALSE
"CID44971_CATGCCTGTCTTCAAG",0.999999941014691,FALSE
"CID44971_CATGCCTGTTAAGTAG",0.999999999999983,FALSE
"CID44971_CATGGCGAGATAGGAG",0.627951054969809,TRUE
"CID44971_CATGGCGAGATAGTCA",0.834097810886565,TRUE
"CID44971_CATGGCGAGCGTGAAC",0.568947889978038,FALSE
"CID44971_CATTATCCACCAGTTA",0.158149954903515,TRUE
"CID44971_CATTATCCACCCATTC",0.884493519298212,TRUE
"CID44971_CATTATCTCACCCTCA",0.197262554747855,TRUE
"CID44971_CCAATCCGTTGTGGCC",0.999999999999996,FALSE
"CID44971_CCACTACTCGAGGTAG",0.432903586992847,TRUE
"CID44971_CCACTACTCGCAGGCT",0.566153889977949,TRUE
"CID44971_CCACTACTCTACTATC",0.842491472482015,TRUE
"CID44971_CCAGCGACATACAGCT",0.931473864030688,FALSE
"CID44971_CCATGTCAGCTGGAAC",0.352700359939916,FALSE
"CID44971_CCCAATCAGATCTGCT",0.999180046762762,FALSE
"CID44971_CCCAATCGTACAGACG",0.999999999982693,FALSE
"CID44971_CCCATACGTAAATACG",0.999801356704189,FALSE
"CID44971_CCCTCCTAGTGTTGAA",0.870592184584811,FALSE
"CID44971_CCCTCCTAGTTGCAGG",0.911673719628052,FALSE
"CID44971_CCCTCCTCAACTGCGC",0.999999999998847,FALSE
"CID44971_CCCTCCTGTCATATCG",0.984973337284935,FALSE
"CID44971_CCCTCCTTCGGTCTAA",0.581411106732146,FALSE
"CID44971_CCGGTAGTCTAGAGTC",0.99999902884345,FALSE
"CID44971_CCGTGGAGTACACCGC",0.984862651409286,FALSE
"CID44971_CCGTGGATCAGAAATG",0.113849582044657,TRUE
"CID44971_CCGTTCATCATGGTCA",0.665605712304723,TRUE
"CID44971_CCTACACAGAGTGACC",0.201921947000624,TRUE
"CID44971_CCTACCAAGCCGATTT",0.290164705456215,TRUE
"CID44971_CCTACCAGTCGCGAAA",0.858309659929699,FALSE
"CID44971_CCTCAGTCAAGCCGCT",0.999971674424164,FALSE
"CID44971_CCTTACGCACCGCTAG",0.999999999999993,FALSE
"CID44971_CCTTACGTCACAGTAC",0.550251018363029,FALSE
"CID44971_CCTTCCCTCCTTTCGG",0.738989559794048,TRUE
"CID44971_CGAATGTGTAGAAGGA",0.695318188798259,TRUE
"CID44971_CGAATGTGTCTCATCC",0.999999999821632,FALSE
"CID44971_CGAGAAGGTGTGACCC",0.999999999999999,FALSE
"CID44971_CGAGCCACAGCCTATA",0.999999999961287,FALSE
"CID44971_CGAGCCAGTTAAGACA",0.659629708529089,TRUE
"CID44971_CGATGGCCAGCATACT",0.898970705097865,FALSE
"CID44971_CGATGTAAGCGCCTCA",0.769461448141242,FALSE
"CID44971_CGCGTTTAGAAACCTA",0.999999971358224,FALSE
"CID44971_CGCGTTTCACATGGGA",0.98921090307837,FALSE
"CID44971_CGCGTTTTCGGAGCAA",0.998936424150658,FALSE
"CID44971_CGCTGGAAGTAGCCGA",0.999999999996474,FALSE
"CID44971_CGCTTCAAGAAACGCC",0.999201472459688,FALSE
"CID44971_CGCTTCACAAGACACG",0.999999999969885,FALSE
"CID44971_CGCTTCAGTTTGTGTG",0.972661390092735,FALSE
"CID44971_CGGACACGTGACGCCT",0.980536795292271,FALSE
"CID44971_CGGACTGAGTAAGTAC",0.987340701662466,FALSE
"CID44971_CGGACTGCACGCATCG",0.999979964760606,FALSE
"CID44971_CGGACTGGTCTGATCA",1,FALSE
"CID44971_CGGACTGTCATGGTCA",0.109926820519166,TRUE
"CID44971_CGGCTAGAGTAGGCCA",0.999999964264288,FALSE
"CID44971_CGGCTAGTCGCCGTGA",0.727360765394821,TRUE
"CID44971_CGGCTAGTCGTAGGTT",0.999999999778013,FALSE
"CID44971_CGTAGCGGTGTTGGGA",1,FALSE
"CID44971_CGTAGGCCACCCATGG",0.999903245541374,FALSE
"CID44971_CGTAGGCGTTTACTCT",0.999999943330086,FALSE
"CID44971_CGTCAGGTCTGCGGCA",0.867421465562875,TRUE
"CID44971_CGTCCATAGCAGGTCA",0.999970613333073,FALSE
"CID44971_CGTCTACGTCATGCCG",0.429348133759911,FALSE
"CID44971_CGTGAGCAGGTGCTTT",0.995294165679746,FALSE
"CID44971_CGTGTAACACGACTCG",0.992145238700999,FALSE
"CID44971_CGTTAGACATCGTCGG",0.96371959036101,FALSE
"CID44971_CGTTAGATCGCAGGCT",0.771083765370597,TRUE
"CID44971_CGTTCTGGTGGAAAGA",0.998545925413851,FALSE
"CID44971_CTACATTTCCGCTGTT",0.950989210266347,FALSE
"CID44971_CTACCCACAATAACGA",0.149934582756596,TRUE
"CID44971_CTACCCATCTTATCTG",0.850496970414253,FALSE
"CID44971_CTACGTCGTACCATCA",0.827196361361156,TRUE
"CID44971_CTACGTCTCGAATGGG",0.999999999987797,FALSE
"CID44971_CTAGCCTTCGGTCTAA",0.999925153587237,FALSE
"CID44971_CTAGTGAAGGCGTACA",0.965192755008361,FALSE
"CID44971_CTAGTGACATCGACGC",0.999926873760921,FALSE
"CID44971_CTCACACCAAACAACA",1,FALSE
"CID44971_CTCAGAAGTGTGACCC",0.999333839589031,FALSE
"CID44971_CTCATTACAAGTCTGT",0.999999902201842,FALSE
"CID44971_CTCCTAGGTATGCTTG",0.999627509382245,FALSE
"CID44971_CTCCTAGTCTAGCACA",0.999999999999996,FALSE
"CID44971_CTCGAAAAGAGTACAT",0.896808803763132,FALSE
"CID44971_CTCGAAACAAATCCGT",0.999999931585604,FALSE
"CID44971_CTCGAAAGTGACTACT",0.903120638711032,FALSE
"CID44971_CTCGAAATCACTCTTA",0.292502725298386,TRUE
"CID44971_CTCGAGGCAAAGGCGT",0.999999998900282,FALSE
"CID44971_CTCGGAGTCAGAGGTG",0.99999987248232,FALSE
"CID44971_CTCGGGAAGTCAAGGC",0.999999999998495,FALSE
"CID44971_CTCGTACCAAGCGAGT",0.932240641059149,FALSE
"CID44971_CTCGTCAAGAATCTCC",1,FALSE
"CID44971_CTCGTCAGTAGGACAC",0.999999999943618,FALSE
"CID44971_CTCTAATAGTATCTCG",0.605006062795607,FALSE
"CID44971_CTCTAATAGTGACATA",0.999999989936646,FALSE
"CID44971_CTCTAATGTCGGGTCT",0.999151390764428,FALSE
"CID44971_CTCTACGGTGATAAGT",0.999999931894387,FALSE
"CID44971_CTGATCCGTGTGAAAT",0.999490023222144,FALSE
"CID44971_CTGCCTACAGACAAAT",1,FALSE
"CID44971_CTGCGGAGTTGCGTTA",0.371296908533258,FALSE
"CID44971_CTGCTGTGTATATGAG",0.438182088223825,TRUE
"CID44971_CTGGTCTGTTACGGAG",0.99999991990264,FALSE
"CID44971_CTGGTCTTCAGCAACT",0.999999999994987,FALSE
"CID44971_CTTAACTAGTAACCCT",0.999999999999943,FALSE
"CID44971_CTTAACTTCTCTGAGA",0.999999999797224,FALSE
"CID44971_CTTACCGCATCTATGG",0.999999999998896,FALSE
"CID44971_CTTAGGAAGTCTCGGC",0.983400856280213,FALSE
"CID44971_CTTCTCTAGCTAACTC",0.999994806535605,FALSE
"CID44971_GAAACTCGTCTCTTAT",0.968391150367719,FALSE
"CID44971_GAACCTAAGGATCGCA",0.850427861854854,FALSE
"CID44971_GAACCTAGTCTCCACT",0.999999999243618,FALSE
"CID44971_GAACGGATCTTGAGAC",0.466071916910509,TRUE
"CID44971_GAATAAGTCTAACGGT",0.99996081605273,FALSE
"CID44971_GACACGCAGGGATGGG",0.999479650507472,FALSE
"CID44971_GACACGCCAGCATGAG",0.99996875983068,FALSE
"CID44971_GACCAATAGTCGTACT",0.929392752995596,FALSE
"CID44971_GACCTGGCACGCGAAA",0.394579290759642,FALSE
"CID44971_GACCTGGCACTCGACG",0.999999999727861,FALSE
"CID44971_GACCTGGCAGGTGGAT",0.998127513295467,FALSE
"CID44971_GACCTGGGTGTGGCTC",0.99999459296869,FALSE
"CID44971_GACGCGTCACAACGTT",0.999999923962191,FALSE
"CID44971_GACGGCTAGACTACAA",0.951499539196196,FALSE
"CID44971_GACGTGCCAAGTAATG",0.303320070823955,TRUE
"CID44971_GACGTTAGTTGGTTTG",0.972516166563455,FALSE
"CID44971_GACGTTAGTTTCGCTC",0.999982756155784,FALSE
"CID44971_GACTAACCATCTATGG",0.999999999628416,FALSE
"CID44971_GACTAACTCTGAAAGA",0.800031607173631,FALSE
"CID44971_GACTACAAGAGTACAT",0.85995832990106,FALSE
"CID44971_GACTACACATCCGCGA",0.983939142611171,FALSE
"CID44971_GACTACATCAGTCAGT",0.997267458998619,FALSE
"CID44971_GAGGTGAAGCCAGTAG",0.777969173822135,TRUE
"CID44971_GATCGATGTAAGAGAG",0.999997768551376,FALSE
"CID44971_GATCGCGCAAGAGTCG",0.254762229804047,FALSE
"CID44971_GATCGCGCACAGCGTC",0.999999375958543,FALSE
"CID44971_GATCGCGGTAGCCTAT",0.999943465868622,FALSE
"CID44971_GATCGCGGTTACGACT",0.999999999994788,FALSE
"CID44971_GATCGTACAAGAAAGG",0.977493782647488,FALSE
"CID44971_GATCGTACAGACTCGC",0.999007803971071,FALSE
"CID44971_GATCGTACAGTTCATG",0.875261430001138,FALSE
"CID44971_GATCGTATCCAAATGC",0.999675196723649,FALSE
"CID44971_GATTCAGCAAATACAG",0.132452270015612,TRUE
"CID44971_GCAATCAGTCAAGCGA",0.816692859022478,FALSE
"CID44971_GCACATAGTACCCAAT",0.999999951416143,FALSE
"CID44971_GCACTCTGTATAATGG",1,FALSE
"CID44971_GCAGCCAAGGCTATCT",0.99915749652948,FALSE
"CID44971_GCAGCCACAGACAGGT",0.999999999988419,FALSE
"CID44971_GCAGTTAAGCATCATC",0.932613657330497,FALSE
"CID44971_GCAGTTACAAAGCGGT",0.997218942128576,FALSE
"CID44971_GCATGATGTCTCATCC",0.999999348964517,FALSE
"CID44971_GCATGCGGTGGTCTCG",0.965753673909253,FALSE
"CID44971_GCGACCAAGATCCTGT",0.943698606866125,FALSE
"CID44971_GCGAGAACATCCGCGA",0.9528667574378,FALSE
"CID44971_GCGAGAATCAGCATGT",0.9999983926983,FALSE
"CID44971_GCGAGAATCAGTTAGC",0.317857778892459,TRUE
"CID44971_GCGCAGTTCGTAGATC",0.407678448400485,TRUE
"CID44971_GCGCGATTCCACTGGG",0.999999988408179,FALSE
"CID44971_GCGGGTTCATAACCTG",0.999999998837394,FALSE
"CID44971_GCGGGTTCATACAGCT",0.998435573125923,FALSE
"CID44971_GCTCTGTAGCCACGCT",0.99999999999757,FALSE
"CID44971_GCTCTGTGTACAGCAG",0.944544441299217,FALSE
"CID44971_GCTCTGTTCCACTCCA",0.159449279330553,TRUE
"CID44971_GCTGCAGTCTGGCGAC",0.986605359108466,FALSE
"CID44971_GCTGCGACAAGTAATG",0.99957867370487,FALSE
"CID44971_GCTGCGATCGTAGGTT",0.999331404630185,FALSE
"CID44971_GCTTCCAAGCACACAG",0.999829524034432,FALSE
"CID44971_GCTTCCACAGCTGGCT",0.999999946944372,FALSE
"CID44971_GCTTCCATCATCTGTT",0.942452272859964,FALSE
"CID44971_GCTTGAAGTCACCTAA",0.990397543970738,FALSE
"CID44971_GGAACTTAGTCGCCGT",0.633141734697226,FALSE
"CID44971_GGAATAATCAATCTCT",0.998835608726193,FALSE
"CID44971_GGACAAGTCGGAAATA",0.941907526148423,FALSE
"CID44971_GGACAGAGTTACGCGC",1,FALSE
"CID44971_GGACATTCAAAGGTGC",0.912655187423922,FALSE
"CID44971_GGACATTCAATGGAGC",0.428290011957615,FALSE
"CID44971_GGACATTCAGGTCGTC",0.69169632480058,FALSE
"CID44971_GGATGTTCACCAGATT",1,FALSE
"CID44971_GGATTACCAAACGTGG",0.977026226285548,FALSE
"CID44971_GGATTACCAACGATGG",0.987751553464902,FALSE
"CID44971_GGATTACTCAGTCAGT",0.999999999692789,FALSE
"CID44971_GGCAATTGTGATAAAC",0.425795282593398,TRUE
"CID44971_GGCGACTTCATTATCC",0.585372939775688,TRUE
"CID44971_GGCTCGAAGCAGACTG",0.999568880700535,FALSE
"CID44971_GGCTGGTAGGGAGTAA",0.350887682614043,TRUE
"CID44971_GGCTGGTGTATAGGGC",0.996892376829389,FALSE
"CID44971_GGGACCTCAATGGATA",0.997787168641235,FALSE
"CID44971_GGGAGATAGTATCTCG",0.991245828880439,FALSE
"CID44971_GGGATGAGTCTGCGGT",0.167184393496641,TRUE
"CID44971_GGGATGAGTTACGGAG",0.999999948994312,FALSE
"CID44971_GGGTCTGAGCAATCTC",0.988696752736518,FALSE
"CID44971_GGGTCTGCACGAAACG",0.999999999952034,FALSE
"CID44971_GGGTTGCAGGGATACC",0.999999999826555,FALSE
"CID44971_GGTGAAGAGTGCGATG",0.999999561525677,FALSE
"CID44971_GGTGCGTGTGTAACGG",0.999989386443741,FALSE
"CID44971_GTAACGTCATGGATGG",1,FALSE
"CID44971_GTAACTGAGAAACCAT",0.999992160102602,FALSE
"CID44971_GTACTCCAGGCCGAAT",0.864986743469992,TRUE
"CID44971_GTACTCCAGTGGTCCC",0.99999999999998,FALSE
"CID44971_GTACTTTTCTACTTAC",0.999999999982114,FALSE
"CID44971_GTAGTCAGTTCCTCCA",0.999984951091016,FALSE
"CID44971_GTCAAGTTCACAAACC",1,FALSE
"CID44971_GTCACAAGTCTAAAGA",0.955655524070261,FALSE
"CID44971_GTCACGGTCCACGACG",0.462682421091235,FALSE
"CID44971_GTCATTTCATCCTAGA",0.946958865260267,FALSE
"CID44971_GTCCTCAAGTGACTCT",0.999999907816103,FALSE
"CID44971_GTCGGGTTCGCCAGCA",0.873528183411388,FALSE
"CID44971_GTCGTAAGTGATAAGT",0.999999993515636,FALSE
"CID44971_GTCTCGTGTTCGCGAC",0.999999984933091,FALSE
"CID44971_GTCTTCGCAAGTTAAG",1,FALSE
"CID44971_GTCTTCGGTTCAGCGC",0.993486181963331,FALSE
"CID44971_GTGCGGTGTAAATGTG",0.980618488520938,FALSE
"CID44971_GTGCTTCAGTGTCTCA",0.990814383614788,FALSE
"CID44971_GTGGGTCAGTGTCCCG",0.867009369973783,TRUE
"CID44971_GTTAAGCCACTGTCGG",0.993154482079095,FALSE
"CID44971_GTTCATTGTTACAGAA",0.999999999137633,FALSE
"CID44971_GTTCGGGTCTTATCTG",0.919020366206696,FALSE
"CID44971_GTTCTCGAGAGGGATA",0.999993082757697,FALSE
"CID44971_TAAACCGAGCCAGTTT",0.491797666128759,FALSE
"CID44971_TACACGAGTTGTCGCG",0.999971669847213,FALSE
"CID44971_TACAGTGAGTATTGGA",0.999999999375997,FALSE
"CID44971_TACCTATTCACATAGC",0.117703221844484,TRUE
"CID44971_TACCTATTCATCACCC",0.99999996299296,FALSE
"CID44971_TACCTTAGTCAGCTAT",0.119677816963859,TRUE
"CID44971_TACGGATAGCGTTGCC",0.999999999999985,FALSE
"CID44971_TACGGTAAGATCACGG",0.999990046702358,FALSE
"CID44971_TACGGTAAGTTGAGAT",0.999355832054732,FALSE
"CID44971_TACGGTACACCTATCC",0.722129525234708,FALSE
"CID44971_TACGGTATCACCGGGT",0.9509374035723,FALSE
"CID44971_TACTCGCTCATAAAGG",0.192994943965329,TRUE
"CID44971_TACTCGCTCGTCTGCT",0.986500050135553,FALSE
"CID44971_TACTTACAGTTAGCGG",0.702685713703473,TRUE
"CID44971_TACTTACCACGAAATA",0.999999999045163,FALSE
"CID44971_TACTTACGTGACGGTA",0.950171293274322,FALSE
"CID44971_TAGGCATAGCTATGCT",0.999999999999906,FALSE
"CID44971_TATTACCAGTGTCTCA",0.997744719185886,FALSE
"CID44971_TATTACCGTCGCCATG",0.999968370526906,FALSE
"CID44971_TCAACGATCACCACCT",0.674110238554951,TRUE
"CID44971_TCAATCTCATGAGCGA",0.999394176032886,FALSE
"CID44971_TCAATCTGTTATTCTC",0.986872427401736,FALSE
"CID44971_TCACAAGAGTAAGTAC",0.999999999999634,FALSE
"CID44971_TCACGAAGTGCCTGGT",0.156152540280049,TRUE
"CID44971_TCAGCAAAGCGCCTTG",0.9664628791341,FALSE
"CID44971_TCAGCAATCCTTAATC",0.9923684238893,FALSE
"CID44971_TCAGCTCGTAGCGATG",0.999957636516019,FALSE
"CID44971_TCAGCTCGTTTAGGAA",0.999999999743931,FALSE
"CID44971_TCAGCTCTCAACGCTA",0.999999999999995,FALSE
"CID44971_TCAGGATTCGCACTCT",0.901343595789086,FALSE
"CID44971_TCATTACCAGAGCCAA",0.998859758072053,FALSE
"CID44971_TCATTTGAGACGCAAC",0.989040835358375,FALSE
"CID44971_TCGAGGCGTCCAGTGC",0.999999998033593,FALSE
"CID44971_TCGCGAGAGTGTTTGC",0.99999999999993,FALSE
"CID44971_TCGGTAATCTCAAACG",0.999999999999752,FALSE
"CID44971_TCTCATACAGATCCAT",0.999846277984751,FALSE
"CID44971_TCTCTAAGTCTCCACT",0.999998804794949,FALSE
"CID44971_TCTGAGAGTCAGAATA",0.999765481743014,FALSE
"CID44971_TCTGGAATCCCATTTA",0.959302001051123,FALSE
"CID44971_TCTTCGGAGTGACTCT",0.999999999999874,FALSE
"CID44971_TCTTCGGGTAGAGTGC",0.999947444178978,FALSE
"CID44971_TCTTTCCAGAGGACGG",0.92295113557943,FALSE
"CID44971_TGAAAGACATATGCTG",0.999467675744123,FALSE
"CID44971_TGAAAGATCATAAAGG",1,FALSE
"CID44971_TGACGGCGTTATGTGC",0.278980925824085,TRUE
"CID44971_TGACTAGAGTGATCGG",0.14322054192748,TRUE
"CID44971_TGACTTTGTCAAAGAT",0.828441122403897,TRUE
"CID44971_TGACTTTGTCATATCG",0.998707765951347,FALSE
"CID44971_TGACTTTTCTTTACGT",0.661127856348211,FALSE
"CID44971_TGAGCATAGAACTCGG",0.998892481930928,FALSE
"CID44971_TGAGCATAGCGATAGC",0.122787370451224,TRUE
"CID44971_TGAGCCGTCCGTAGGC",0.993887083536008,FALSE
"CID44971_TGAGCCGTCTTCTGGC",0.998257003415202,FALSE
"CID44971_TGCACCTAGGTGATAT",0.27699277910675,TRUE
"CID44971_TGCCAAAAGAAACGAG",0.993202549623707,FALSE
"CID44971_TGCCCATCATTGGGCC",0.999999946877898,FALSE
"CID44971_TGCCCATGTAATCGTC",0.999999999995151,FALSE
"CID44971_TGCCCATTCCTTAATC",0.999999999999833,FALSE
"CID44971_TGCCCTATCAGCTCTC",0.358588096683066,FALSE
"CID44971_TGCGGGTAGACAATAC",0.975915690719453,FALSE
"CID44971_TGCGTGGAGCAGGCTA",0.652095435328649,FALSE
"CID44971_TGCGTGGCACCGAATT",0.773526444892721,TRUE
"CID44971_TGCGTGGTCAGCAACT",0.711751087975393,TRUE
"CID44971_TGGACGCAGCTCTCGG",0.922647323629404,FALSE
"CID44971_TGGACGCCACCAACCG",0.99735786777906,FALSE
"CID44971_TGGCGCAAGTGCTGCC",0.998035716589642,FALSE
"CID44971_TGGCGCAAGTTACGGG",0.999190407569641,FALSE
"CID44971_TGGCGCAGTCGCTTCT",0.998059621446385,FALSE
"CID44971_TGGGCGTTCATGCTCC",0.987314877528307,FALSE
"CID44971_TGTATTCAGGGAGTAA",0.9992672998807,FALSE
"CID44971_TGTCCCACAGGGCATA",0.852427266625647,TRUE
"CID44971_TTAACTCGTAGCGTCC",0.989123985604157,FALSE
"CID44971_TTAGGACCATAGACTC",0.999998974194222,FALSE
"CID44971_TTAGGCACATCGGACC",0.298540091835368,TRUE
"CID44971_TTCCCAGAGACCCACC",0.999917692416089,FALSE
"CID44971_TTCCCAGAGCAGATCG",0.999999999983385,FALSE
"CID44971_TTCCCAGAGGCAAAGA",0.999999809264415,FALSE
"CID44971_TTCGGTCGTTCGGGCT",0.999999999999971,FALSE
"CID44971_TTCGGTCTCGCCAGCA",0.999623266342716,FALSE
"CID44971_TTCTACACAAACCCAT",1,FALSE
"CID44971_TTCTCAAAGCCAGTAG",0.861098575772273,FALSE
"CID44971_TTCTCCTCAATCCGAT",0.999999559385297,FALSE
"CID44971_TTCTTAGAGGCTCAGA",0.965241375265429,FALSE
"CID44971_TTCTTAGGTCGGGTCT",0.999290419563191,FALSE
"CID44971_TTGAACGTCACGACTA",0.999999919755029,FALSE
"CID44971_TTGCCGTGTGGTAACG",0.999945363597821,FALSE
"CID44971_TTGCGTCAGGACCACA",0.75496071856704,TRUE
"CID44971_TTGGAACGTCGCATCG",0.890632675186315,FALSE
"CID44971_TTTATGCAGTTAAGTG",0.190883622684623,TRUE
"CID44971_TTTATGCCACAGAGGT",0.370082662466156,TRUE
"CID44971_TTTGCGCTCTCCCTGA",0.991816408992237,FALSE
"CID44971_TTTGGTTCATTAACCG",0.949902251678252,FALSE
"CID44971_AACGTTGCAAGCCTAT",0.99999460577435,FALSE
"CID44971_AACGTTGCATCTCCCA",1,FALSE
"CID44971_AACTGGTTCTCGAGTA",1,FALSE
"CID44971_AAGACCTTCTTGAGAC",0.992448642069047,FALSE
"CID44971_AAGGCAGGTTCGTGAT",0.999950064789604,FALSE
"CID44971_AAGGTTCAGTGGGCTA",0.989599815525178,FALSE
"CID44971_AAGGTTCGTAATAGCA",0.999999999999869,FALSE
"CID44971_AAGTCTGTCCAATGGT",0.387014645805214,FALSE
"CID44971_ACACCAAAGAATCTCC",0.999999999486729,FALSE
"CID44971_ACACCCTAGCACGCCT",0.820386018441695,FALSE
"CID44971_ACATACGGTTATCACG",0.566545995902434,FALSE
"CID44971_ACCAGTAAGTGAAGTT",0.972322471140016,FALSE
"CID44971_ACCCACTTCCGAACGC",0.161128973010253,TRUE
"CID44971_ACCGTAACACAGGCCT",0.122651436865956,TRUE
"CID44971_ACGAGCCCACTTAAGC",0.985644972011685,FALSE
"CID44971_ACGCAGCAGTCCAGGA",0.0954461191721768,TRUE
"CID44971_ACGCCAGAGTTATCGC",0.117313795299501,TRUE
"CID44971_ACTGCTCGTTTGACTG",0.999609677286549,FALSE
"CID44971_ACTTACTGTTCTGGTA",0.563696386080759,FALSE
"CID44971_ACTTGTTGTTGTGGAG",0.0743325018552269,TRUE
"CID44971_AGAGCGAAGGCAGTCA",0.147663366982244,TRUE
"CID44971_AGAGCGAAGTATCGAA",0.112846911699242,TRUE
"CID44971_AGAGCTTAGACGCACA",0.639371861222995,FALSE
"CID44971_AGCATACAGTGGACGT",0.274371499122143,FALSE
"CID44971_AGCGGTCCATTAACCG",0.789499087010458,FALSE
"CID44971_AGCTCTCAGCTAACTC",0.195165422072248,FALSE
"CID44971_AGCTCTCTCTGCTGCT",0.136857890567284,TRUE
"CID44971_AGGGAGTGTGCGCTTG",0.914936397606983,FALSE
"CID44971_AGGGTGAGTGACTCAT",0.402079997617366,FALSE
"CID44971_AGGTCATGTCTGATCA",0.0920057420217853,TRUE
"CID44971_AGTGAGGAGATCACGG",0.168730022482288,TRUE
"CID44971_ATCACGATCCGCTGTT",0.859549010854053,FALSE
"CID44971_ATCTGCCGTCGCGAAA",0.247407088294039,FALSE
"CID44971_ATGCGATAGCTGTTCA",0.99905672233567,FALSE
"CID44971_ATTACTCAGCGTTCCG",0.142399894982322,TRUE
"CID44971_ATTACTCTCGCTTGTC",0.99888452519768,FALSE
"CID44971_ATTGGACGTGTTTGGT",0.660216262735487,FALSE
"CID44971_CAAGGCCCACCCATGG",0.84042141441683,FALSE
"CID44971_CACACAAGTGTTTGGT",0.553715147707486,FALSE
"CID44971_CACATAGTCTCAACTT",0.104807969503828,TRUE
"CID44971_CAGAATCAGTATCGAA",0.648813217199581,FALSE
"CID44971_CAGCTGGTCGTCACGG",0.885212198955229,FALSE
"CID44971_CATATGGGTACGACCC",0.483602356232038,FALSE
"CID44971_CATCCACCACGAAGCA",0.15933398097751,TRUE
"CID44971_CATCCACGTCATATGC",0.999605508885894,FALSE
"CID44971_CATCGGGAGTGCGTGA",0.680539654728172,FALSE
"CID44971_CATGACAGTCGAGTTT",0.078928483085434,TRUE
"CID44971_CATGCCTTCCAAACTG",0.991556682039959,FALSE
"CID44971_CATGGCGTCAGCAACT",0.269009348801174,TRUE
"CID44971_CATTATCGTTAAGTAG",0.99996805522017,FALSE
"CID44971_CATTATCTCTGCTTGC",0.822912187273106,FALSE
"CID44971_CCAGCGAGTCTCCACT",0.147394210197803,TRUE
"CID44971_CCCAATCGTTAAAGTG",0.999999999991172,FALSE
"CID44971_CCCATACTCAGTTAGC",0.291010232604548,FALSE
"CID44971_CCGGTAGTCACCATAG",0.998773111658151,FALSE
"CID44971_CCGTACTGTGCGGTAA",0.23295575830682,TRUE
"CID44971_CCGTACTTCAACACAC",0.999999679829889,FALSE
"CID44971_CCGTGGAAGACTACAA",0.512495091987792,FALSE
"CID44971_CCTAAAGCAAGTAGTA",0.622593550402535,TRUE
"CID44971_CCTACCAAGTCCCACG",0.211744156831511,TRUE
"CID44971_CCTAGCTAGTGGACGT",0.741531721011235,FALSE
"CID44971_CCTAGCTCAGACAAGC",0.515768303082074,FALSE
"CID44971_CCTCTGAAGACCTTTG",0.472139074362988,FALSE
"CID44971_CCTTCCCGTGCCTGGT",0.0297208253609701,TRUE
"CID44971_CCTTCGATCTGAAAGA",0.228823139738212,TRUE
"CID44971_CCTTTCTAGTACACCT",0.716289895826203,FALSE
"CID44971_CGACTTCGTGAGGCTA",0.999999999802444,FALSE
"CID44971_CGAGCACTCGACCAGC",0.439503468887792,FALSE
"CID44971_CGCGGTATCCAAACTG",0.994250732840349,FALSE
"CID44971_CGCGTTTAGACTAGAT",0.756427901302002,FALSE
"CID44971_CGCGTTTCATAAGACA",0.7740544697418,FALSE
"CID44971_CGCTGGAAGAGGTAGA",0.392311212424618,FALSE
"CID44971_CGGAGCTGTGTGGCTC",0.0858552031496794,TRUE
"CID44971_CGGAGCTTCCATGAAC",0.729568501154289,FALSE
"CID44971_CGGCTAGTCGCGCCAA",0.966492552027459,FALSE
"CID44971_CGGTTAATCTTAGAGC",0.162415481862926,TRUE
"CID44971_CGTAGGCAGACAATAC",0.262988184439784,FALSE
"CID44971_CGTCACTGTGTTCGAT",0.999771401063525,FALSE
"CID44971_CGTTCTGGTATAGGTA",0.389350958856126,FALSE
"CID44971_CTACGTCCACGTTGGC",0.088376005484428,TRUE
"CID44971_CTCAGAACATCGGGTC",0.998032077444572,FALSE
"CID44971_CTCAGAATCGTTGCCT",0.999999999999854,FALSE
"CID44971_CTCATTAGTAGCTGCC",0.953553584782781,FALSE
"CID44971_CTCGAAAAGCTCCCAG",0.230299955539652,FALSE
"CID44971_CTCGGAGTCGACCAGC",0.1136607705666,TRUE
"CID44971_CTCGGGAAGCCCAGCT",0.516789327594375,FALSE
"CID44971_CTGAAACTCAGATAAG",0.742188000704003,FALSE
"CID44971_CTGAAGTAGACTACAA",0.99999962629679,FALSE
"CID44971_CTGATCCTCGGAAACG",0.129035322632356,TRUE
"CID44971_CTGCGGAAGGCAATTA",0.284300773082588,TRUE
"CID44971_CTGTGCTCACGCCAGT",0.169873590566888,TRUE
"CID44971_CTTACCGGTGTCTGAT",0.998632617148649,FALSE
"CID44971_GAAATGAGTTCCACTC",0.325344649508641,FALSE
"CID44971_GAACATCAGCTCCTTC",0.424921878235103,FALSE
"CID44971_GAACCTAAGAATCTCC",0.670521427538288,FALSE
"CID44971_GAACCTAAGGTAAACT",0.91127303385782,FALSE
"CID44971_GAAGCAGCAGTCAGAG",0.999996628244703,FALSE
"CID44971_GAATGAACATGGTCTA",0.998793894310296,FALSE
"CID44971_GACGCGTTCTACGAGT",0.328594318425005,TRUE
"CID44971_GATCGCGCATGTCTCC",0.977793517142529,FALSE
"CID44971_GATGAAAAGCGTTCCG",0.999999999999281,FALSE
"CID44971_GATGAAACACACCGCA",0.159058515003232,TRUE
"CID44971_GCACATACAAGCGAGT",0.274807065190886,FALSE
"CID44971_GCACTCTAGGCTAGGT",0.99599174216822,FALSE
"CID44971_GCATGTATCGCATGAT",0.1619989802848,TRUE
"CID44971_GCCAAATCATACGCCG",0.99957992106472,FALSE
"CID44971_GCGAGAAAGGAGTACC",0.962914951339491,FALSE
"CID44971_GCGAGAATCCAACCAA",0.999308161709834,FALSE
"CID44971_GCTCCTAAGAAGGGTA",0.953235815227654,FALSE
"CID44971_GCTGCTTCACTACAGT",0.15946870662948,TRUE
"CID44971_GCTTCCAAGTCAAGCG",0.99999015849256,FALSE
"CID44971_GCTTCCACATATACGC",0.395784895863182,FALSE
"CID44971_GGAAAGCGTCAATGTC",0.254894054486663,FALSE
"CID44971_GGAACTTAGGTGACCA",0.324556439902129,FALSE
"CID44971_GGATTACAGACACTAA",0.999999999996712,FALSE
"CID44971_GGATTACAGTGAAGTT",0.180662877991041,TRUE
"CID44971_GGCGTGTGTGCAACTT",0.239129411026417,FALSE
"CID44971_GGCTGGTAGGCAGTCA",0.928571893784034,FALSE
"CID44971_GGCTGGTGTAAAGTCA",0.711844212873315,FALSE
"CID44971_GGGAATGGTCTAGCGC",0.121760206871496,TRUE
"CID44971_GGGTTGCGTGGTCTCG",0.141194124446154,TRUE
"CID44971_GGTGAAGCAGGTGGAT",0.998830173497683,FALSE
"CID44971_GGTGCGTAGCTGCAAG",0.995222469484883,FALSE
"CID44971_GGTGTTATCTCTAAGG",0.996315790429242,FALSE
"CID44971_GTACGTAAGCGATCCC",0.411475199588865,FALSE
"CID44971_GTACTCCTCTTCGAGA",0.972154634676804,FALSE
"CID44971_GTAGGCCCACAAGACG",0.519784673747255,FALSE
"CID44971_GTAGGCCTCATAGCAC",0.999262495380141,FALSE
"CID44971_GTCATTTGTAAGGGAA",0.621434341191185,FALSE
"CID44971_GTCTCGTAGTGTACGG",0.974618856981382,FALSE
"CID44971_GTGCGGTTCGCTTAGA",0.740113439981633,FALSE
"CID44971_GTGCGGTTCGGAGGTA",0.959645945880974,FALSE
"CID44971_GTGGGTCCATCTGGTA",0.922948937919782,FALSE
"CID44971_GTTAAGCAGTTAGCGG",0.238451153312184,TRUE
"CID44971_GTTCGGGGTCAATGTC",0.898895305670502,FALSE
"CID44971_TAAACCGAGTACCGGA",0.999999999999968,FALSE
"CID44971_TAAACCGTCCGTTGCT",0.958014125753609,FALSE
"CID44971_TACCTTACAAGAAGAG",0.192502757545074,FALSE
"CID44971_TACTTACGTGGCAAAC",0.542889554401771,FALSE
"CID44971_TACTTGTGTTGATTCG",0.856687098719283,FALSE
"CID44971_TACTTGTTCTGCTGTC",0.595114899752132,FALSE
"CID44971_TAGGCATTCGTCTGCT",0.991155330187524,FALSE
"CID44971_TAGTGGTTCGTAGATC",0.230340882117535,FALSE
"CID44971_TAGTTGGCAGTGACAG",0.999352623688482,FALSE
"CID44971_TATCTCAAGCTGCGAA",0.198598216133644,FALSE
"CID44971_TATTACCAGACAAGCC",0.160665363050263,TRUE
"CID44971_TCAACGAAGCCACTAT",0.532585755948979,FALSE
"CID44971_TCACAAGGTGTGCCTG",0.908658381822191,FALSE
"CID44971_TCGAGGCAGACCTTTG",0.260676102396877,FALSE
"CID44971_TCGAGGCAGCTACCTA",0.194272966943943,TRUE
"CID44971_TCGTAGAGTTAAAGTG",0.136257358972899,TRUE
"CID44971_TCGTAGATCCTATGTT",0.999999999999998,FALSE
"CID44971_TCTATTGTCACATGCA",0.997919429624283,FALSE
"CID44971_TGACGGCTCATGGTCA",0.183787093001044,TRUE
"CID44971_TGACTTTCACAGCCCA",0.983642415832498,FALSE
"CID44971_TGCGGGTTCTTGTACT",0.999903788394631,FALSE
"CID44971_TGGCTGGAGTTGAGAT",0.999999999999977,FALSE
"CID44971_TGTATTCAGTGGAGAA",0.414370722767172,FALSE
"CID44971_TGTATTCGTTATCGGT",0.999976559210848,FALSE
"CID44971_TTCCCAGTCAGCTGGC",0.99999324902549,FALSE
"CID44971_TTCTACACATGTAAGA",0.245190958270668,FALSE
"CID44971_TTCTACATCCAAAGTC",0.617583365013035,FALSE
"CID44971_TTCTACATCGAATGCT",0.0894483302563646,TRUE
"CID44971_TTGAACGTCTTATCTG",0.991952836554466,FALSE
"CID44971_TTGACTTTCTCTTATG",0.999999999971428,FALSE
"CID44971_TTGGCAAGTTCGTCTC",0.257390828058408,FALSE
"CID44971_TTTATGCTCAGATAAG",0.979846905354448,FALSE
"CID44971_TTTCCTCCAAGCCATT",0.212025194466499,FALSE
"CID44971_TTTGGTTGTATCACCA",0.161456617514889,TRUE
