barcode	detected	subsets_mito_percent
CID3838_AAACGCTAGAGCCGAT	2475	11.740354363305183
CID3838_AAGATAGTCGCATTGA	3692	14.3375820780224
CID3838_ACAACCAGTGCGACAA	935	6.5540540540540535
CID3838_ACGCACGGTCCAGGTC	3635	5.2421410365335595
CID3838_ACTCCCACATCATCCC	6245	6.21420704845815
CID3838_AGACAGGAGGGTTAAT	2754	12.19255094869993
CID3838_AGACAGGCACCCTGTT	2126	15.4776299879081
CID3838_AGTTAGCGTCAGTTTG	1770	12.726855042499427
CID3838_ATAGGCTAGCATCAGG	7091	7.716693923763995
CID3838_ATCGATGTCTAGACAC	3389	5.264717502963256
CID3838_CCAATGATCTGACGCG	2048	16.582406471183013
CID3838_CCTTTGGCAGGACTAG	7954	5.827983732732834
CID3838_CGCATGGTCATGGATC	3945	8.520179372197308
CID3838_CGCGTGAAGCGTGCTC	1830	11.009174311926607
CID3838_CGTTAGATCGTTCTCG	4189	14.617469508439079
CID3838_CTCAGTCGTCACTTCC	6342	5.6813327637761635
CID3838_GAGAGGTGTTCTTGTT	5420	11.246584838722832
CID3838_GAGGCCTCAAAGGTTA	7703	8.207659574468085
CID3838_GATCACATCCCGAATA	5216	12.26869849168092
CID3838_GCACATAGTTACACTG	2734	8.964036500268383
CID3838_GCAGCCAAGGTTGAGC	8796	10.580970442666175
CID3838_GCCAGTGTCAGTCACA	1859	14.928950522170862
CID3838_GCTTCACTCTTAATCC	2261	4.6164900305370935
CID3838_GGAGCAATCCACAAGT	8603	8.103807747174367
CID3838_GGGTATTAGTGCGACA	4271	12.075281040798282
CID3838_GGTAGAGAGCTAAACA	3867	10.929368029739777
CID3838_GTGCAGCCACTTTAGG	10358	9.730002784811767
CID3838_GTTACAGAGTCGAATA	2090	15.206386292834893
CID3838_GTTACGAGTGAGACGT	2798	10.74419717635798
CID3838_GTTGCTCTCTATCACT	1618	16.468392815488684
CID3838_TATCCTACAACCTAAC	2027	15.272052761747734
CID3838_TCGGGACTCACTTTGT	1081	19.97131588382933
CID3838_TGGGTTACACGAAAGC	1419	19.985647649802655
CID3838_TGTAGACTCTTGGGCG	1437	10.75268817204301
CID3838_TGTTCCGAGACCTGGA	3377	18.80801172447484
CID3838_TTACGCCCAGCCTTCT	7649	6.716109743809979
CID3838_TTAGTCTTCTGGGATT	4838	8.21655353623823
CID3838_TTCATGTTCTGCATAG	1468	9.862706640515551
CID3838_TTTGACTAGAAAGTCT	1825	7.795957651588066
CID3838_TAAGTCGCAAGACCGA	5337	10.419553987652765
CID3838_ATAGAGAAGATGCTTC	2693	9.061901723037652
CID3838_GTAACACCATAACCCA	3042	11.381388083017184
CID3838_TCTACCGAGTCGGGAT	2121	4.170494212750322
CID3838_AACAAGAAGGTGGGTT	6659	11.735576795080004
CID3838_ACGTAGTTCGCAGATT	7450	9.413798191437786
CID3838_TTACTGTAGAAGAACG	1706	14.16028815848717
CID3838_AAAGAACAGTACTCGT	3096	7.325555306259816
CID3838_CTTACCGCACTGCTTC	2334	14.712260216847373
CID3838_ATTCACTCAACCCGCA	8961	8.904255719682233
CID3838_AACCTGATCTTGGTCC	2247	15.335138794854435
CID3838_ACGTACACAAGCACAG	5339	7.563750490388388
CID3838_ACTTTCAGTTCCGCAG	6406	8.749668014282763
CID3838_AGGTCATGTTAGCGGA	1481	17.036290322580644
CID3838_ATCCTATGTTCCTACC	3759	4.753617878732368
CID3838_CAGCCAGAGAGAGAAC	4099	6.597001363016811
CID3838_CAGGGCTCACGTAACT	2790	18.053510063819342
CID3838_CATGCTCCATACCGTA	2531	14.291701592623637
CID3838_CGGGTGTAGCTTCTAG	2240	18.128654970760234
CID3838_CTCCTTTGTCCGGCAT	2748	8.34545695013887
CID3838_GAAGTAACAGCGTTGC	5004	9.813463098134632
CID3838_GACCCTTGTCGGCCTA	5390	12.279659338482867
CID3838_GTACAGTGTTACACTG	2115	11.533784957443114
CID3838_GTGTTCCTCCCGGTAG	2670	16.002861912711662
CID3838_TATCAGGCACAAATCC	1826	14.901783698351773
CID3838_TCAATTCAGCACTTTG	7477	7.716709523923962
CID3838_TCAGGGCCAAGTGCTT	2284	17.285005983928876
CID3838_TCCTTCTCATGTGCTA	2257	10.454377539711858
CID3838_TCGACCTCAGAGTAAT	1916	9.793044591423085
CID3838_TCGACGGGTTCGAACT	4541	8.101756653545621
CID3838_TCTCCGAAGTGGTGGT	2847	8.304539497200047
CID3838_TGTGAGTGTGTGACCC	3214	7.8511610201751045
CID3838_AGCTCAAGTTACGTAC	1787	5.820750121773015
CID3838_AACCAACAGATAGTGT	6469	6.105915105258219
CID3838_AAGAACACACTACTTT	3443	7.469447956173619
CID3838_ATTCAGGAGAAGGTAG	2961	6.407496517664936
CID3838_CGAATTGAGAGCAGCT	3122	11.669172932330827
CID3838_CTATCTACAGTGAGCA	2891	15.918036582542255
CID3838_GTATTGGAGCAGGGAG	3462	12.622125727819993
CID3838_GTTATGGGTCGACTTA	5035	6.798197406023301
CID3838_TACGCTCTCCTCGCAT	4852	5.780754317941487
CID3838_TACTTACAGCCATTGT	2634	2.5629428614503245
CID3838_TAGGTACTCCCAATAG	2030	8.437761069340016
CID3838_TCATATCAGGGCTTCC	2513	18.51610803774813
CID3838_TCCATGCTCTATGCCC	4899	10.845319202624275
CID3838_AACCTTTCATTCTCTA	406	4.789272030651341
CID3838_ACAGCCGTCCTCTGCA	3526	7.287526026878667
CID3838_CACTAAGAGTACTCGT	6148	5.8847785108388315
CID3838_CCATCACCATCCGTGG	3371	11.712265600983706
CID3838_CGGAACCAGTCCCTAA	4065	3.5888418191991045
CID3838_CTCCACATCCCTGGTT	3420	9.292337725719864
CID3838_GCGATCGTCGCATGAT	2619	8.938975774302362
CID3838_GGATGTTCAGCGACAA	2730	13.27719298245614
CID3838_GGTAACTTCTTTGCGC	2567	4.236669101533966
CID3838_GTGTCCTTCAGTGGGA	3544	4.416781927155371
CID3838_TCCCACACACGTTCGG	4705	4.989506465371336
CID3838_AATGACCGTATCATGC	4955	7.721856039111266
CID3838_ACCCTCACATGTTTGG	5368	6.5639651707970526
CID3838_AGGATAAAGTGATGGC	3082	12.594458438287154
CID3838_ATGAAAGAGGCAGGGA	3913	9.856620073189754
CID3838_ATTCCCGCAGGCGATA	3824	8.598141562464152
CID3838_CAACGATCATGGCACC	5536	5.408727719729564
CID3838_CAGATCAGTACGTGTT	4545	7.514397604238655
CID3838_CATGCGGCAACACGAG	4673	9.548525661103405
CID3838_CCACTTGTCCATAGGT	5846	10.99972610243769
CID3838_CCTTCAGCAGCTCATA	5873	6.704228558420124
CID3838_CTCCTCCAGTCGGCAA	8723	5.419335680651593
CID3838_GAAGCCCGTGGTCTCG	4712	8.361055666444887
CID3838_GACATCACACATACTG	5674	10.09330202669303
CID3838_GACCCAGCACGACGAA	5537	7.481198047235783
CID3838_GACCCTTCACCCAAGC	6008	5.627215585808335
CID3838_GAGACTTGTAACCCTA	5232	5.592410035948561
CID3838_GATTTCTAGATTAGCA	5237	5.475010249338451
CID3838_GGGACTCGTTAGAGTA	5836	5.4993697417406855
CID3838_GTCAAGTGTCGAAACG	6725	11.80446341646072
CID3838_GTGCACGTCACCCTGT	7498	6.7003708569623
CID3838_TAAGTCGCATGGCTGC	4189	8.425644544652485
CID3838_TAGGAGGTCAAGCTGT	5068	6.9090634212714495
CID3838_TATTGCTCAAGTATCC	6327	5.955159002516586
CID3838_TCATACTGTCGCTTGG	3743	15.745576428404394
CID3838_TGATTTCAGTTACTCG	5770	7.062059587093585
CID3838_TTCCTTCAGGAAACGA	4561	6.948104329120731
CID3838_AAAGGTATCACTGGTA	5764	7.196383604866358
CID3838_AGTACTGCACAACGCC	4407	10.842173415010707
CID3838_CACTAAGAGCAACTCT	4266	6.833571769194087
CID3838_CTCATTATCCCATGGG	6193	4.852932968688955
CID3838_CTCCTCCCACACGTGC	5389	5.887820398241161
CID3838_CTGAGCGAGCGAGGAG	6029	4.252744926045795
CID3838_GAGATGGAGGTAGCAC	5486	6.57823063859784
CID3838_GAGGGTAAGTCTGCAT	4571	9.441999812751616
CID3838_GATGAGGCAGCTCCTT	6036	5.038207862393584
CID3838_GCCAGGTCATAAGCAA	4184	7.955560518088432
CID3838_GTGAGCCTCATGGCCG	4767	5.5169738118331715
CID3838_TAGTGCACAGCTATTG	4275	7.775553270926898
CID3838_TATACCTCATTGGATC	5792	5.0213458019922745
CID3838_TCCTTTCTCGTAGGGA	4844	7.051085288313966
CID3838_TTTGACTCAGTAGATA	4372	16.937575652775376
CID3838_TCTCACGTCTGGGCCA	4102	8.464627741736175
CID3838_AAAGGGCTCTCAATCT	3580	6.014662965335611
CID3838_AACGAAATCTTGGTCC	990	13.5427760028399
CID3838_CGGTCAGAGTTAGTAG	2217	14.851614590142503
CID3838_GCGGAAAGTGATACAA	1575	12.5
CID3838_TCTCTGGAGGCACTCC	1811	14.479638009049776
CID3838_CTTCCTTAGGTCACCC	7417	5.150020049164037
CID3838_TACAGGTGTCGTGGAA	7295	7.198077532087703
CID3838_ACCTGAATCGTAACTG	5546	8.080207166853304
CID3838_ACTATCTGTCAGACGA	4808	4.674515235457063
CID3838_CACCAAAAGAGAGCCT	3340	17.08227763701827
CID3838_CCCTGATCACAGTCAT	9117	6.328914830963886
CID3838_CTATCTAGTCTACATG	5369	10.833254694724923
CID3838_GGGTCTGTCCGCACGA	4972	6.445174923691008
CID3838_GTGCTGGCAATGGCAG	5458	4.110803324099723
CID3838_TACCTGCGTTAGGCCC	5751	8.063222998511051
CID3838_TGGAGAGTCCGGACGT	5700	7.175813153746955
CID3838_TGGTAGTTCAAACTGC	6678	6.312717046253488
CID3838_ACACGCGGTGATACAA	5241	7.810491128824891
CID3838_TTTGGAGAGAAGCGCT	4804	7.3904258626049115
CID3838_CAAGACTAGACAGTCG	4983	5.611254210422032
CID3838_CTCCATGAGGCTCAAG	6025	8.855485474886054
CID3838_GAAGGACCAAGCTGTT	7572	5.361692335508473
CID3838_GGATGTTGTGGTCCGT	6031	5.300044960461241
CID3838_TGAGGTTAGCTCCATA	3855	0.6821829855537721
CID3838_ACGATCAGTCGCATCG	5664	5.102753240445619
CID3838_GTGTTCCAGAGAGCCT	4490	13.435202537119793
CID3838_TTGCGTCTCCATCGTC	5173	5.522689560637761
CID3838_ACTCTCGTCATACGAC	6744	8.52320088913587
CID3838_GTGGCGTAGACCAGAC	5952	4.841921081211535
CID3838_TGTCCTGGTCACTCGG	5626	5.513689159292035
CID3838_AAGCCATGTCAATCTG	5745	4.37544107268878
CID3838_CTATCTAAGTGGTCAG	5446	6.917775402646225
CID3838_CTCCCAACACAAGTTC	6603	4.260995502705999
CID3838_GATCATGAGTCCTACA	6599	4.852481606338738
CID3838_ATTCACTCAAATTGCC	5661	6.815694856964202
CID3838_GCCGTGAGTAGTCTTG	3232	5.089318943059174
CID3838_GGGAGATAGGTGAGAA	6051	5.390956334747028
CID3838_CCTCTCCAGACGCATG	664	16.235294117647058
CID3838_CCGGGTAAGAGGTATT	4073	6.937102809289065
CID3838_GTAGAGGAGTTGGACG	6254	4.560131272496295
CID3838_TTCCTAAGTTCCTTGC	9161	7.581718160301926
CID3838_TGACGCGCAACAGCTT	6607	4.721012064343164
CID3838_TACCTCGCAACTTGCA	1807	6.313350709527947
CID3838_TGTTCATCAGCACGAA	2295	9.8621103117506
CID3838_CGGAGAACAAGTGGTG	3849	4.8549437537004145
CID3838_TCATCATGTCTTAGTG	5232	5.6325088339222615
CID3838_ACAGGGATCTAGCCAA	4724	4.188428059395801
CID3838_AGTAGCTCAGCAGAAC	5897	6.2076982691810905
CID3838_CAATACGAGCGTTAGG	5706	7.189379538159494
CID3838_CTGTAGATCACTCTTA	5315	10.570366896352683
CID3838_GAAGCGACATGTCGTA	5915	3.9473684210526314
CID3838_AAACGAACACTTCATT	4045	15.544306677283585
CID3838_AAGTCGTAGGAAAGGT	7657	6.602395559450774
CID3838_ATACCGACATGGGCAA	4907	10.465822170059493
CID3838_CACGGGTCAACGGGTA	5236	7.662781771233164
CID3838_CGGGTCACAACCTAAC	5035	6.905345099486629
CID3838_GATGCTATCCGCCTAT	6712	4.742003656828058
CID3838_GCTTGGGTCCAACCAA	5485	5.623889572229055
CID3838_GTGGTTAAGTTTGTCG	7009	6.0723089564502875
CID3838_TACCCGTTCCAAGGGA	5040	7.500912075884713
CID3838_TATCCTACAACACACT	6746	4.654752052251325
CID3838_TATCTGTCAAGCACAG	7535	6.395089838142851
CID3838_TCGAAGTCATCATTGG	6247	7.146692701977056
CID3838_AACAACCGTTGAATCC	9275	7.1614887993413925
CID3838_AACGTCAGTGCTTCAA	6982	6.170571412337355
CID3838_AATAGAGTCAACTTTC	9539	8.957507231595699
CID3838_AATGAAGAGTTCCTGA	5120	6.386737839260206
CID3838_AATGGAATCGTTCTAT	6442	5.623285934871287
CID3838_ACACGCGAGCACTAAA	5818	5.8053515936528886
CID3838_ACCTACCCAAAGACGC	7192	8.775337512981269
CID3838_ACTGATGAGAACAGGA	6403	6.447749754496898
CID3838_ACTGTGAGTTTCCCAC	5857	5.6226996267195695
CID3838_AGACAGGCACAGAGAC	6906	6.48709391813662
CID3838_AGACTCACACTGTGTA	7352	4.693520140105079
CID3838_AGATGCTCACGGGCTT	5088	9.032232200128288
CID3838_AGCCAATAGAGTCTTC	5765	3.9952696007926614
CID3838_AGCCACGAGTGCCTCG	8857	7.53043139546207
CID3838_AGCTACAAGACAAGCC	4868	5.619141333057124
CID3838_AGGCTGCAGCAAACAT	6209	8.029500363560818
CID3838_AGGGTTTGTCCAGCCA	5371	5.529637760702525
CID3838_AGGTCATTCAAACGTC	5709	5.477977362204724
CID3838_AGTCAACCACTTCAGA	8459	5.911205849320407
CID3838_AGTGCCGTCAGCCTCT	4546	5.298233922025991
CID3838_ATCGGCGGTCTGTGAT	4172	12.753437115497778
CID3838_ATGCATGTCGCTGACG	8519	9.213291678500427
CID3838_CAATCGACATAATCCG	6273	6.826779917502623
CID3838_CACGGGTGTCCGAAGA	5026	6.681740574961931
CID3838_CACTGGGAGCATTGTC	6886	5.271894781006585
CID3838_CATAGACAGGTTTACC	6394	5.833503970149933
CID3838_CATCGCTTCAATGTCG	6302	4.701215791203117
CID3838_CCATAAGTCCTCACGT	5018	6.414480058912446
CID3838_CCGAACGAGATGTTGA	8601	5.5295091009376725
CID3838_CCTTCAGCAAATTGGA	5854	6.497908333078872
CID3838_CGATGGCTCGTTCGCT	4213	6.536201352699855
CID3838_CGGGACTGTGATACCT	6631	7.0582519779762185
CID3838_CGTAGTAAGTATCCTG	4587	7.918073116311001
CID3838_CTAAGTGAGAGAGCAA	5699	6.093281258844173
CID3838_CTACAGACAATTGGTC	5636	6.3509604446322365
CID3838_CTACGGGTCCGTGTAA	3884	12.033916730079357
CID3838_CTCATGCAGACCTGGA	5848	7.95947036494605
CID3838_CTCCTCCTCGGCACTG	3954	7.682300136603136
CID3838_CTCCTTTCATCAGCAT	5965	4.676196539151571
CID3838_CTGTGGGAGACCAGAC	7488	6.923556393741309
CID3838_CTGTGGGGTTGTATGC	6017	6.490475589756528
CID3838_GAACACTAGGCGTTGA	8381	6.436778919285764
CID3838_GACAGCCCATGTTCGA	5291	7.483401477924903
CID3838_GACTCTCTCTCGGCTT	6116	7.851640513552069
CID3838_GAGATGGAGAGCTGAC	6732	5.743518669492907
CID3838_GAGTGTTGTTAGGGAC	5650	8.045816454812124
CID3838_GATGTTGAGCGACTAG	4745	7.3594694335989725
CID3838_GATTTCTTCGTGAGAG	5563	6.6604036411934295
CID3838_GCCAACGGTCCTTGTC	6713	6.519851606283053
CID3838_GCCAGCATCAGCTGAT	5091	4.879033738389809
CID3838_GCGGATCCACTCAAGT	5309	6.599398123561692
CID3838_GGAAGTGTCGAAGTGG	3078	12.623601587874415
CID3838_GGCTTGGTCGGAAACG	5775	8.011301762957295
CID3838_GGTAATCAGTAAACGT	5207	4.039380338786739
CID3838_GTACAACTCCCAAGCG	4837	8.006048006048005
CID3838_GTAGCTACAAGTGGGT	4953	2.8345926175465617
CID3838_GTAGCTACAGTAACAA	5793	5.450250787355651
CID3838_GTAGGTTCAAAGTGTA	6454	5.111427216690374
CID3838_GTCACTCAGGCCTGCT	4925	9.197914915083235
CID3838_GTTAGACGTTCGTGCG	5569	7.85368141316242
CID3838_GTTGCGGGTACATTGC	6012	5.7177069301002845
CID3838_GTTGTAGGTAATGTGA	5975	6.700099760036668
CID3838_GTTTACTCACGGTGCT	5002	7.261588359836028
CID3838_TAACACGCAATTCGTG	9906	7.608575989431386
CID3838_TAATTCCCAACGGTAG	5261	5.807644882860666
CID3838_TACAACGGTGGGAGAG	4909	8.019990480723466
CID3838_TACTGCCTCATAAGGA	6387	10.464300743442278
CID3838_TAGATCGGTGTCCTAA	5939	6.294797534978444
CID3838_TATCGCCTCCCGGTAG	7829	5.757082994558759
CID3838_TATCGCCTCTGCAGCG	6090	5.712859844505148
CID3838_TATTCCAAGAAGTCTA	2036	2.428026361429067
CID3838_TATTTCGAGGTAATCA	4264	9.708214227927296
CID3838_TCAAGTGCAATGTTGC	6190	5.745288125584371
CID3838_TCCACGTGTTGATCGT	5631	5.442932518744794
CID3838_TCCCAGTTCGATACAC	7386	7.59535188829538
CID3838_TCCCATGCATTCCTAT	5742	7.635895593869732
CID3838_TCCGAAAAGCACGATG	6016	5.468581880783301
CID3838_TCCGATCAGGTTACAA	5517	8.178662612237872
CID3838_TCCTTTCTCAAGTGGG	5545	4.957977922729554
CID3838_TCTCTGGTCGCTTGAA	7031	8.555825242718447
CID3838_TCTGTCGGTCGTTCAA	6034	6.657724000109503
CID3838_TGAGCATAGCACCAGA	6065	8.92726116519102
CID3838_TGAGTCATCGGACCAC	5862	4.476999707002637
CID3838_TGCGGGTGTGGGCTTC	5705	7.083649366128508
CID3838_TGCTCCAGTCTCCTGT	8313	5.2653453143585995
CID3838_TGCTGAAAGAGTTGAT	5735	8.173113946145751
CID3838_TGGGAAGTCGCGTCGA	4148	7.919103313840156
CID3838_TTACTGTTCGTGCAGC	8644	5.702043506921556
CID3838_TTCATTGTCCGACATA	5400	9.275588097834554
CID3838_TTCCGTGAGACATAGT	8985	6.983430591642885
CID3838_TTCGCTGTCGTCGGGT	7107	10.53818427173778
CID3838_AGATGCTCAAGGTACG	5533	5.451178581073261
CID3838_ATACTTCAGGCGCTTC	5827	6.841645847756073
CID3838_CCCGGAAAGTGAGTGC	5588	6.87060044765952
CID3838_CCTCTAGCAAACACGG	7028	5.6164223331253895
CID3838_GATGATCCAAAGGCTG	5908	5.805532125301766
CID3838_TACACCCCAAACCACT	6353	6.242659449522545
CID3838_TCGCAGGGTGGCATCC	7582	6.6384273191155305
CID3838_ATGGAGGTCCTGGTGA	641	6.4805583250249255
CID3838_TTTGACTCACATGTTG	981	5.110173464603844
CID3838_AAACGCTGTCTACACA	4710	6.748415081748416
CID3838_AACCAACAGGTAGGCT	4300	8.973649247121346
CID3838_AAGCATCTCGTGGACC	3402	9.790528233151184
CID3838_AATGAAGTCTCTGCTG	2217	6.2565445026178015
CID3838_ACTTATCTCAAGTTGC	3128	12.801909307875894
CID3838_AGAGCCCCAACAGCCC	3069	6.01804270869019
CID3838_AGCGTATGTCTAGGCC	1719	9.491978609625669
CID3838_AGTGACTTCTCTTGCG	2345	7.312707747379187
CID3838_ATATCCTAGACCTTTG	3244	6.400671986560269
CID3838_ATCTCTATCCTCTCGA	3489	9.864430966821262
CID3838_ATCTTCAGTTCGTAAC	3138	4.369243949453844
CID3838_ATGATCGTCATTCACT	2325	7.637565128987164
CID3838_ATTCACTTCAAGCCAT	1830	8.691348247871709
CID3838_CAGAGCCCAGAATTCC	2037	9.299746514575412
CID3838_CAGATCACATCATCTT	3155	5.670851481766163
CID3838_CAGTTCCGTGTATTGC	3141	3.9923624370768964
CID3838_CATAGACAGTTACGTC	2233	4.076923076923077
CID3838_CATTGTTGTTCTCTCG	2076	6.701964609168176
CID3838_CCATAAGCAAAGGTTA	6055	5.018863332116344
CID3838_CCCGGAACAGCCTACG	6198	6.205790317915275
CID3838_CCCTCAAGTGTTCATG	3799	4.019057865211711
CID3838_CCGGTAGGTGATGGCA	5912	6.446545371454686
CID3838_CCGTTCACAACTTCTT	2714	7.319281003491531
CID3838_CCTAACCTCGTAGTCA	4639	6.37419471917249
CID3838_CCTCCAAAGAGAGCGG	3753	7.336784947594394
CID3838_CCTCCTCTCGGCTGGT	9485	5.186051693404634
CID3838_CCTTCAGCAGGTAGTG	9660	7.5167716269579135
CID3838_CTTCTCTAGCTGTACT	2541	6.677311656263608
CID3838_CTTTCAACAAAGCTAA	2257	8.395766440718278
CID3838_GAAGCGAGTCATCAGT	5448	4.581472410315516
CID3838_GACCCTTAGCGCTGCT	4911	5.879032258064516
CID3838_GACGTTATCCGCCTAT	3515	8.077234873608962
CID3838_GAGAGGTGTCAATCTG	2448	12.847419171866136
CID3838_GATGATCTCAAGTAAG	7861	7.449183409705087
CID3838_GCAGCCACAGATCATC	3268	8.350614133035572
CID3838_GCCCAGATCAAGAATG	5719	9.285103958986044
CID3838_GGAGCAATCGACCACG	9573	7.926762875545467
CID3838_GGTGATTGTATGTCTG	2361	6.872990353697748
CID3838_GGTTGTAAGCTGCCAC	2703	5.830134357005758
CID3838_GTGTGATCATGACTAC	3260	16.541574687270053
CID3838_GTTGCTCGTAGCACAG	7402	5.558210177821769
CID3838_TACATTCGTAGGACCA	2115	4.003241491085899
CID3838_TACCTGCGTACGATTC	2480	7.450437007034748
CID3838_TCACAAGGTCCAGCCA	2648	8.405362497795025
CID3838_TCATCCGCACAATGAA	5351	7.683982683982683
CID3838_TCATGCCTCTGGTCAA	2595	10.556621880998081
CID3838_TCATGTTTCTTACGTT	2172	4.2504307869040785
CID3838_TCCATGCTCCGCGAGT	2181	7.402680280791321
CID3838_TCGGTCTAGCGGCTCT	3716	7.772254857659286
CID3838_TCGTCCACACTTCTCG	1583	18.7541272287035
CID3838_TCGTCCAGTCGACGCT	5315	7.9359240184603035
CID3838_TCGTGGGAGCATGATA	2439	3.9121994923099894
CID3838_TCTAACTAGGAACGCT	4264	7.141027283207378
CID3838_TCTCAGCGTCGAAGCA	4088	10.245696139060671
CID3838_TCTCTGGCATAGTCGT	2930	6.807553956834532
CID3838_TCTGGCTGTAGACTGG	4079	6.4655172413793105
CID3838_TGCAGATTCTCCTGTG	5680	5.70227693936987
CID3838_TGCTCGTTCGTCCTCA	3969	5.12117625070089
CID3838_TGGATCACACTACACA	4844	5.9713409253267224
CID3838_TGGGCGTCATCGTCCT	7432	6.551098568836928
CID3838_TGGTTAGGTGAATAAC	3954	5.60926669098869
CID3838_TGTTCTACAGCACCCA	1406	7.468123861566485
CID3838_TTGAACGCATAGGAGC	8660	6.088526151426894
CID3838_TTGGGATTCAGGAACG	6987	6.877187432028949
CID3838_TTGGGTACACGAAAGC	6259	7.887943398030404
CID3838_CTCACTGTCCGTTGGG	1586	15.634423567617722
CID3838_GTCAAACGTCGTTCAA	2964	6.728799672265465
CID3838_AGTTCCCTCTGATGGT	1609	16.351776878092668
CID3838_ATAGACCTCCTCACGT	5610	7.249082007343942
CID3838_ATGAGTCTCCATAGGT	1938	11.951175077427582
CID3838_CGTAATGGTCTAGGCC	5031	7.089739304812833
CID3838_GACCTTCTCGGTCTAA	2368	8.152810304449648
CID3838_GATGGAGCAAGAAATC	2870	8.400472660865828
CID3838_GTGTTCCCACGTGAGA	3909	7.703349282296651
CID3838_TAGCACAGTCCAGCAC	5687	12.325891369543486
CID3838_AGAACAAAGTTGCGCC	1396	7.608034083992695
CID3838_ATCCACCAGATAGGGA	5339	12.058475233778431
CID3838_GACACGCAGCGGACAT	4410	7.5446451546497855
CID3838_GGAATCTGTCCGGCAT	4877	9.774047259129604
CID3838_TATACCTAGCTCCATA	6999	6.057930399063285
CID3838_GTTACGAAGGATACGC	3748	8.458792487971442
CID3838_TAGGGTTCACAGTCAT	6397	12.45492302718297
CID3838_TCATCATCAGAAGCGT	7579	5.033366014105443
CID3838_TCAAGTGAGGGAGATA	2431	9.463997015296604
CID3838_TGTCCTGAGAGGACTC	2208	12.659154105078297
CID3838_TTTGGTTTCTGGAGAG	5959	9.180787081536813
CID3838_AGTACCAAGTACAGAT	2630	3.9268621916799606
CID3838_AACACACGTCCCACGA	7615	11.333914559721011
CID3838_AACCCAATCTTACGGA	3270	9.727250784455709
CID3838_AATGGCTAGAGGCGGA	5104	3.723705578005212
CID3838_ACTTATCAGCCTCTTC	3071	4.085457271364318
CID3838_AGATAGAAGCTCCGAC	1905	13.651347682761294
CID3838_AGTCTCCTCTCCAATT	1680	12.287234042553191
CID3838_ATCGTAGGTCCAGGTC	2817	10.634388846860478
CID3838_CACATGACACATACTG	5205	8.773959021810972
CID3838_CATAAGCAGCTAGTTC	2071	9.7452934662237
CID3838_CCAATGACAATACCTG	4186	8.254602713178294
CID3838_CCACCATTCTACAGGT	7793	6.302309166078452
CID3838_CCTATCGTCCATCTCG	5164	6.299357886190863
CID3838_CGTAAGTCAGTGGGTA	7167	6.1104253170239025
CID3838_CTAGGTACATCCCGTT	8879	9.44700460829493
CID3838_CTCAGGGGTATCGAAA	4822	5.609388458225668
CID3838_CTTCTCTAGTCAGGGT	3597	16.07786090329731
CID3838_GACCGTGTCGCCTTTG	3038	14.586661341853036
CID3838_GCAGCTGTCCCATTTA	2437	9.242897920347968
CID3838_GGGAAGTCAACGTATC	2261	7.812251392203659
CID3838_GGGCTCACACACTGGC	3208	8.47091932457786
CID3838_GGGTCTGGTATCCTTT	3715	8.151078020784862
CID3838_GGTGTTATCGTGGCGT	3246	16.72402430987772
CID3838_GTGCACGTCGTAGCTA	4254	6.406957595718403
CID3838_GTTGCGGCACCAAAGG	3920	12.921581411890227
CID3838_TAAGCGTTCTCCGAGG	1963	10.77127659574468
CID3838_TATTCCAGTGTCTTCC	7982	7.0960445423964735
CID3838_TCATGGAGTAACACCT	2078	10.030211480362537
CID3838_TCTCCGATCTTGGAAC	3506	12.019295189602037
CID3838_TGCACGGAGATAGGGA	1879	18.212378880759346
CID3838_TGTACAGCACAGTATC	4532	9.10281302207974
CID3838_TTACTGTAGTAAACAC	2444	19.119759697009272
CID3838_TTCAATCAGGGATGTC	5983	9.290399201058058
CID3838_TTGCATTGTATACCCA	4725	6.70450686460001
CID3838_TTGTGGACATTGCTGA	2611	9.676666277576748
CID3838_CAAGGGACAATGCAAA	3585	6.180136194269562
CID3838_GAGATGGAGCTTGTGT	1873	10.679611650485436
CID3838_TTTGTTGAGCGCTTCG	4619	7.536453034927095
CID3838_CATGCTCAGCGTCAGA	2769	8.789656671012605
CID3838_AGCTACAAGGAAAGAC	4647	5.408248235964413
CID3838_TCAAGCAGTTGCTAGT	4795	5.801238417285144
CID3838_CAACAACTCCACAGCG	6165	9.176740933160156
CID3838_GATGATCGTGGATGAC	4594	4.864765069694452
CID3838_GGTTCTCAGATGGTCG	8284	5.652536428486348
CID3838_TAACTTCGTCAACACT	4676	6.457128488810661
CID3838_TCACTATTCGCCGAAC	4203	5.018238089974577
CID3838_TCAGCCTGTAGGGTAC	6916	7.620715638555689
CID3838_TGCAGGCTCTGCTGAA	4036	9.693145970748494
CID3838_TGGGTTATCGATACTG	6957	9.156280821303685
CID3838_TGTCCACAGCCAAGTG	4579	13.9937106918239
CID3838_ACTACGAAGTAATTGG	4571	6.576515663736759
CID3838_ACTGCAAAGCCAACCC	3784	13.633995252706535
CID3838_AGGCATTGTTCCGCAG	2782	6.8730325288562435
CID3838_AGTGTTGCAGAACTTC	2913	7.775276683549053
CID3838_CAGGCCACACCCTGAG	3272	7.269907871932865
CID3838_CATGGATCAGGTTTAC	2081	14.84221651819417
CID3838_CCTCATGCAATCGTCA	3488	5.065750149432158
CID3838_CGTAATGAGTGGACTG	5213	8.181941431670282
CID3838_CTGCCTACAGTCGGTC	6185	4.848329195559741
CID3838_GACATCATCGCATAGT	3271	5.023414218816518
CID3838_GTAATCGAGGTAATCA	5112	14.461306049577697
CID3838_GTCGTTCCAATTTCCT	2334	8.65456354140761
CID3838_TAAGCACCAGGATCTT	7401	5.7401606972626995
CID3838_TCAGTGAGTTTCGCTC	3590	8.149026721551664
CID3838_TCCATGCGTTCCTAGA	3560	19.004644990046447
CID3838_TGTGATGCAACGTATC	3673	19.259210784634515
CID3838_CTACCCAGTCCAATCA	2695	14.113942170054393
CID3838_GATCATGGTACCGTCG	6247	9.185185185185185
CID3838_TGGTAGTCAATTGCAC	4420	7.353924321433347
CID3838_TACATTCGTCTAGATC	4235	4.630433067760511
CID3838_ACAGAAAAGGGAGGCA	8372	8.610850575751755
CID3838_AGAGAGCGTGGTTCTA	3815	17.291351030893882
CID3838_ATGGGAGGTCCTGGTG	9625	6.4602080541196
CID3838_GCACTAATCCCTATTA	9844	7.8166978898909365
CID3838_CTCAACCCATCCTAAG	1867	6.344286009506097
CID3838_AGGCTGCTCTAACACG	857	18.5572399372713
CID3838_CACTGAAGTGACGCCT	1031	18.696581196581196
CID3838_CTCCCAAGTAGACACG	576	2.205375603032391
CID3838_CTGTATTTCCCGAGTG	1720	8.765488756310233
CID3838_GGGCCATTCGGAGATG	2217	11.080005893620157
CID3838_GTAACACGTGGGAGAG	1312	8.320373250388803
CID3838_GTAATCGAGTCACTCA	1903	12.00880758807588
CID3838_TCGCAGGGTGTGGACA	1313	14.385524901469008
CID3838_AGTCACACACTGTGAT	1852	5.712603062426385
CID3838_CACCAAATCAGACCCG	1605	4.664938911514254
CID3838_CTCATGCCAAATGAAC	1838	6.144473455178416
CID3838_GAGTCATCAAGCCATT	1251	16.560229024443952
CID3838_GCCATTCTCACTCCGT	1901	13.557327755262124
CID3838_GTGTCCTCAATCCTTT	1799	15.633842671194115
CID3838_AGAACCTGTTTGGAAA	924	8.743351063829788
CID3838_AGCTCAATCGCACTCT	1688	8.192437749769443
CID3838_AGTGCCGCAGAGATGC	1297	11.748966188275359
CID3838_ATCCATTCATAATGAG	1508	9.086651053864168
CID3838_ATCGGATTCCGTGGTG	825	9.322465613856343
CID3838_ATGAGTCCATTGTGCA	1334	14.313487241798297
CID3838_ATGGATCTCGAGCCAC	1787	7.964043526257688
CID3838_CTTCTCTCAAATGGTA	1548	7.819238702418901
CID3838_GATCCCTGTTCGGTTA	1544	14.506862432173637
CID3838_GTGGGAACAGACCAGA	1781	11.545759743103197
CID3838_GTGGGAACATGTAACC	1426	9.698118710806474
CID3838_GTGTGGCGTCTTGCTC	943	9.764789736279402
CID3838_TGATCAGCAAGTTCCA	1648	13.365265760197776
CID3838_TTTACTGAGACGGTTG	2116	7.601961796592669
CID3838_ACGATCAAGGCATCAG	583	15.445859872611464
CID3838_ACGTCCTTCATGGAGG	1868	5.880341880341881
CID3838_CAATGACAGGCAATGC	2041	5.803148113028636
CID3838_CCTGCATCACCCAATA	1790	11.003833593639074
CID3838_CGGGTCAGTACATTGC	774	3.8054968287526427
CID3838_GCTACCTGTGCCCAGT	2303	5.4519554519554525
CID3838_AAGTACCGTGTCATGT	2205	6.305715783953854
CID3838_AATGGCTTCATTCATC	1647	9.357622243528283
CID3838_ACGTACACAAACGTGG	2198	15.121951219512194
CID3838_CAATGACTCGGCCAAC	1714	10.008613264427218
CID3838_CATCCGTTCGACCAAT	1967	13.745841650033267
CID3838_TATCCTACACCAGCGT	2320	9.860904123199205
CID3838_TGGGAGATCCAAGCAT	1581	9.492768384599714
CID3838_TGTCAGATCCACCTCA	1819	13.622871426339634
CID3838_TGTCCTGCACTGGCCA	938	5.677246312025034
CID3838_TGTTCTACAAGATTGA	1663	10.18005540166205
CID3838_AGTGTTGAGGTGCTAG	1572	17.06896551724138
CID3838_TGACAGTGTAATTAGG	1284	11.448598130841122
CID3838_CTGTACCCACGTCTCT	2666	3.2586128021958682
CID3838_AACTTCTAGACTTCAC	606	0.2956521739130435
CID3838_AAGACAAAGTATCTGC	609	0.24224072672218017
CID3838_ACCATTTCACAAGCAG	934	0.17237664296487826
CID3838_AGCGATTGTCGCTGCA	1786	1.7157198266027833
CID3838_ATCGTCCTCTACAGGT	343	0.5684944067485788
CID3838_CCCTGATTCCTGTACC	2442	1.7301148109277102
CID3838_CGAAGTTAGAGCAGCT	765	0.8280254777070064
CID3838_CTCGAGGTCTACACAG	2361	1.4301077729217675
CID3838_GTCATTTTCGACCATA	2675	1.568051541996305
CID3838_TAATTCCCAGTTGAAA	530	0.14730092712936488
CID3838_TCTACCGAGATGTAGT	2972	1.991313990020329
CID3838_TCTATACGTTGGGTTT	2280	1.6632302405498283
CID3838_TGTGTGATCCATTCAT	400	0.4717908393945351
CID3838_TTCGCTGCAAGCACAG	711	0.2425334349663918
CID3838_GATTGGTAGAGGCCAT	522	0.4581625271280444
CID3838_CCACCATTCACTGGTA	932	0.5268576273239266
CID3838_CTGCAGGGTGTACAGG	2726	2.1370437155806816
CID3838_CTGGCAGCAAGGCAAC	735	1.8867924528301887
CID3838_GGGTTATCAGGAGGAG	1879	2.228336457640443
CID3838_TGAGGGAGTCCAGTTA	1924	3.414073919398622
CID3838_ATCACTTGTATGTCCA	2333	1.6481443867335983
CID3838_ATGGATCAGGTTAGTA	766	2.64
CID3838_GCCAGGTCAATACGCT	984	3.371026242799232
CID3838_TATTTCGGTTTCGTAG	1979	4.780470030971033
CID3838_ACGGAAGGTACCAGAG	1206	5.76100897819581
CID3838_ATTCGTTTCACTCACC	1262	2.295180121744337
CID3838_CCCATTGCATCCGGTG	1291	1.4663805436337627
CID3838_CCGCAAGTCTCGGGAC	912	4.214805305947796
CID3838_CGGTCAGGTCCACAGC	1711	3.8568080119326655
CID3838_CGTCAAAGTCCAGCGT	572	0.881316098707403
CID3838_TGCTCCAGTATTTCTC	656	4.990019960079841
CID3838_CAGTTCCGTATCTTCT	2302	3.41394767017617
CID3838_CTCTCGACAATCAGCT	1763	1.5853658536585367
CID3838_GAAACCTAGATGTAGT	2350	4.812682163929765
CID3838_GAAGCCCGTGACCTGC	1199	3.3563218390804597
CID3838_GATTTCTTCATTGTTC	1263	3.633180126942438
CID3838_GGATCTATCCTAACAG	1885	5.08068234209313
CID3838_GGGAGTAGTTCAAACC	999	4.604715672676838
CID3838_TCATCATGTCGATTCA	949	3.234750462107209
CID3838_TTCCAATAGCACGTCC	973	4.6791818436536845
CID3838_TTCTAGTAGTTGGGAC	1321	4.139934632611064
CID3838_ACATCGAGTATTTCGG	1794	5.6073876618431076
CID3838_CGGACACCACCTGATA	2960	3.2530396880018353
CID3838_GAACTGTCAACGAGGT	3785	4.424045599151643
CID3838_GTAGGTTCAAGGACAC	2242	4.992500535676023
CID3838_TGGTACATCGCTAATG	3197	2.202854515651861
CID3838_TGTTCATTCTAGTTCT	4792	5.987640485415133
CID3838_GTCCACTCAAGCGCAA	310	10.576923076923077
CID3838_GTGTCCTTCACGGGCT	507	0.5415517920441119
CID3838_TGAATGCTCCGAGAAG	297	0.8898776418242491
CID3838_GTGGAAGTCGAAGAAT	1239	9.31286181726655
CID3838_AAGGTAAAGAGAGCAA	1804	6.964586846543002
CID3838_AGCGATTCAGGAGACT	1198	5.867253392005868
CID3838_CCTCCAAGTGCCCACA	1890	5.8154953589695015
CID3838_CGGGTGTGTCCCGTGA	1408	11.231581873783709
CID3838_CTCAAGAAGGTGATAT	1177	4.1520056298381425
CID3838_CTCATTACATAAGCGG	1364	9.740102016031091
CID3838_CTCTCGAGTGGAAATT	1300	4.140350877192982
CID3838_GCAGGCTTCTCCTGAC	2989	4.16580310880829
CID3838_GGGATGATCCGAGCTG	1619	6.233827334744766
CID3838_GGGCTCACACACAGAG	1515	7.434235608082348
CID3838_GTATTGGTCCTCTGCA	2413	7.868975903614457
CID3838_GTTATGGTCGATCCAA	1591	8.86923260817595
CID3838_TACCTCGAGCGTGTCC	2037	5.779194898365883
CID3838_TATTTCGGTAGATTAG	1859	6.5
CID3838_TCACACCGTGCAGATG	1249	7.626861136432696
CID3838_TCCACCAGTGCCTAAT	1644	3.774367482372459
CID3838_TTAGGGTGTTTGGAAA	2026	5.558930741190766
CID3838_TTCCAATCAACCAACT	1458	7.639179573043115
CID3838_AGGATCTGTAGAATGT	1786	8.059149722735674
CID3838_CCGATGGAGGTAAACT	1596	10.743957703927492
CID3838_CTCAAGACATGCCATA	2316	7.5702863038431785
CID3838_CTGAGGCGTCTACATG	1715	17.537313432835823
CID3838_TCAGTGAGTGTCCATA	1631	5.961468556888405
CID3838_ATTACCTAGGATTTAG	1616	8.54629241726016
CID3838_GTGTTAGTCGGACTGC	1631	5.0057099352874
CID3838_AGGTCTAAGCACTCTA	1330	7.611981313547678
CID3838_GGTGAAGCAGTATACC	1893	8.449936398328186
CID3838_AATAGAGCAATAACCC	1783	9.88078034682081
CID3838_AGAAGTACACCTAAAC	1383	10.004719207173194
CID3838_AGGGAGTCATAGCACT	1632	7.547931382441978
CID3838_AGGTGTTAGATAGTGT	1551	7.828121676239099
CID3838_AGTTCCCAGCTATCTG	1273	11.561264822134387
CID3838_CAAAGAACAGCACCCA	1886	7.262277951933124
CID3838_CACAACACAACGTATC	1844	8.51754521564384
CID3838_CTCTCGACAAGCTGTT	1944	12.26322983792228
CID3838_GCCGTGATCCTTATGT	1480	6.696651674162919
CID3838_TACCCACTCAGGACGA	1438	11.428571428571429
CID3838_TCCTTTCCACCAGCGT	1524	7.088989441930618
CID3838_TCTTCCTCATGGTACT	1946	8.70790683874796
CID3838_TGAATCGTCTAACGCA	1232	7.038012796386902
CID3838_TGGGAGAAGTCAGCGA	1502	6.1639038057436375
CID3838_AGTTAGCAGCGGTATG	1851	7.312006647278771
CID3838_ATCTCTAGTCGGAACA	1502	3.8361967521769826
CID3838_CCAAGCGAGGTCACAG	1519	3.2426035502958577
CID3838_CCCTGATTCGAGATAA	1276	10.777002646139042
CID3838_CGGAACCAGTTTGAGA	1000	12.711530893349074
CID3838_GAGGCAATCCTTTGAT	2551	7.76361529548088
CID3838_GCATTAGGTTCTTAGG	1545	10.896637608966376
CID3838_TCCAGAAAGCTACGTT	2305	9.353784259492079
CID3838_TTGGGATCAGACCAAG	2061	3.7401195295932137
CID3838_TTTCGATAGGCCTTCG	2009	7.240967452971036
CID3838_AAAGTCCAGTCTTGGT	1352	10.805500982318271
CID3838_AACTTCTCAGCTCGGT	1531	4.84688704116812
CID3838_AGAAGTAGTGACAGGT	1454	9.572802505032431
CID3838_AGACCATGTGTGGACA	2363	7.429536303416027
CID3838_AGGTGTTTCCATTCAT	1809	9.38240404359501
CID3838_AGTCACAAGCTCACTA	2232	4.010213277260439
CID3838_AGTTCGAGTGGTGATG	1343	13.430382718948112
CID3838_ATCATTCTCAGCGGAA	1771	5.548266166822867
CID3838_ATGGTTGGTAGTCTTG	948	6.3559322033898304
CID3838_ATGTCTTTCGTGCAGC	1767	5.572170628049741
CID3838_ATTACTCTCGTCCTTG	1528	9.516298633017877
CID3838_ATTATCCTCAACTGGT	1662	15.930699345024296
CID3838_ATTCACTTCGAAGCCC	1890	11.450071181614806
CID3838_CAAAGAACAGCGACCT	3975	8.14268727705113
CID3838_CACTGAAAGTCCTACA	1884	6.735560066432922
CID3838_CAGTTAGTCGCAATGT	1980	11.747782306401342
CID3838_CCACGTTCAGCGGTTC	1968	6.809170832615067
CID3838_CCCATTGGTCATCCGG	2063	11.044204187765157
CID3838_CCGAACGTCGACACCG	1446	7.719069362904979
CID3838_CCTTTGGTCCCTCTTT	1737	9.100310237849017
CID3838_CGCGTGAAGTCATAGA	1676	11.886515571498451
CID3838_CGTTAGAAGTCACACT	1901	9.372797744890768
CID3838_CGTTGGGTCGGATTAC	1799	7.611165206101915
CID3838_CTCTCAGGTATGTGTC	2509	5.607048861425793
CID3838_CTTCCGATCCCAGTGG	2065	7.521489971346705
CID3838_CTTCTAACAGTATTCG	2073	5.127013630731103
CID3838_CTTCTCTGTACAGGTG	1964	10.556278464541315
CID3838_GAAGGGTCACGATAGG	2086	13.166449934980495
CID3838_GACCGTGTCCGAGATT	1836	7.869648119258104
CID3838_GACCGTGTCTTGTTAC	1819	8.28867452661665
CID3838_GATAGAAGTTCTCACC	1900	3.240367564081896
CID3838_GATGATCTCTTGATTC	1875	4.876732049667087
CID3838_GCCATGGGTCCAACGC	1810	16.43634840871022
CID3838_GGGATGATCATGGGAG	1992	10.297123093853168
CID3838_GTCATCCCATTAGGCT	2033	12.722903756165424
CID3838_TACCGAATCGCCACTT	1948	6.414594674120935
CID3838_TATTGGGAGGCACTAG	1748	10.301342941369144
CID3838_TCACATTGTGTATCCA	1756	18.668224299065418
CID3838_TCATGTTTCACCTCTG	1228	17.016949152542374
CID3838_TCCAGAAGTCACTGAT	1674	8.706786171574905
CID3838_TCCCAGTCAAGGTCTT	1744	5.421562564419707
CID3838_TCCTCTTCACGGTGCT	2160	3.7434795949677815
CID3838_TCTCAGCTCAATCTTC	1925	6.415441176470588
CID3838_TGACAGTCATCCAATG	1787	7.626666666666666
CID3838_TGCGGCATCCATACAG	2172	5.808729139922978
CID3838_TGGTTAGAGCCACTCG	2011	4.912099276111686
CID3838_TGTCAGACAACCGCCA	2128	10.837028824833702
CID3838_TTAATCCTCACTGCTC	1872	7.926724875877418
CID3838_TTCCTAATCATTCACT	2299	4.603618179143991
CID3838_TTGCTGCGTAATGCGG	1944	10.741097208854669
CID3838_TTGTTGTTCGAGCCAC	1987	5.960363582178513
CID3838_TTTAGTCTCTGGACCG	1599	9.685188370892826
CID3838_CTGCATCTCGTACCTC	1775	8.39488380471987
CID3838_GGTAATCTCCTTTGAT	2007	5.769230769230769
CID3838_CAATTTCTCATGTCTT	1167	6.356073211314476
CID3838_TCGCTCAAGGGTAGCT	1161	13.31236897274633
CID3838_TTATTGCTCAAGCCAT	1220	16.66203832268814
CID3838_ATCGGATAGCCAGTAG	1767	14.143015696844778
CID3838_CATGCAATCGCGTAGC	1219	7.015810276679842
CID3838_CGAATTGCATTGGCAT	1772	9.12930474333983
CID3838_GCATTAGCACGTAGTT	1521	4.927742241175077
CID3838_TTGCGTCCACGAGGAT	1329	13.370593293207222
CID3838_CAGTTAGGTGCGTGCT	1931	4.825513441309067
CID3838_CTGTATTGTACTGCCG	2929	6.5054945054945055
CID3838_TGCAGATGTTGCTCAA	1461	7.334241598546775
CID3838_GAAACCTTCTCGTGGG	1858	12.024986985944821
CID3838_TCCGATCAGGCTTAGG	1360	7.150837988826815
CID3838_GACGTTATCTCGAGTA	1250	3.7797619047619047
CID3838_TCAGCCTGTAGTAAGT	1784	12.592202318229715
CID3838_TATACCTAGGCCATAG	1871	11.408844320236726
CID3838_AAACGAACACCTGTCT	1434	7.1321546299071015
CID3838_AACAGGGGTGCCGTTG	1738	7.729602438010804
CID3838_AGCGATTGTGGGCTCT	1730	9.92970123022847
CID3838_AGCTCAAGTTGAAGTA	1195	6.330014224751067
CID3838_ATTCCTAAGTTGCCTA	1938	5.975769482645711
CID3838_CCTTCAGCATAGCACT	1611	12.082032991529202
CID3838_CTCAGTCAGAGTCAGC	1582	8.322733054697437
CID3838_CTCAGTCCATCTAGAC	1805	3.1959152798789714
CID3838_CTCATGCTCGTGCACG	1779	4.553492484526967
CID3838_GAGTTGTCACGGTCTG	1849	12.495862297252565
CID3838_GGAGGTACAAATCCCA	1700	6.862940123333996
CID3838_GTCATGACACTAGAGG	1588	7.204828366654093
CID3838_GTCGAATAGATGGTAT	1266	11.426474186444825
CID3838_GTGTTAGGTATCATGC	1428	7.4192858670087665
CID3838_TACCTGCAGCGTCTGC	1466	9.384507371869882
CID3838_TTAGTCTGTTCCACGG	1490	9.073094258279443
CID3838_TTCAATCTCGCGCCAA	1745	8.95492217505559
CID3838_TTTGATCCACCGTCGA	1808	7.228298017771702
CID3838_GGTCTGGTCACCATAG	1700	8.719528529332976
CID3838_TCGCTCATCAAAGCCT	1329	7.351374387385468
CID3838_TTGCATTGTCCTGGTG	2093	5.474070193818753
CID3838_ATGGGAGTCATAGACC	1557	2.450434395188238
CID3838_CTGAATGTCACTGTTT	2001	4.212070410729254
CID3838_GGGACTCAGGTACAAT	1917	8.56353591160221
CID3838_CTCAACCGTATGATCC	3172	4.0199248448833345
CID3838_GCGAGAAGTGATGAAT	1418	2.9619181946403383
CID3838_GAACTGTTCCACGGAC	2440	5.208067398519275
CID3838_ATTCCCGGTAATACCC	1538	7.229171083315666
CID3838_CCATAAGAGGTCACCC	1523	6.097854904796336
CID3838_TACAGGTCAGAGGTAC	1525	5.727104776986012
CID3838_TCCATCGAGTGGATAT	1532	11.283086585912965
CID3838_AACTTCTCAGGACGAT	2079	3.954714640198511
CID3838_AATGACCGTCAAGTTC	1728	5.825407608695652
CID3838_ACACAGTGTGGCGTAA	1411	8.133848133848135
CID3838_ACAGCCGCAGGCTATT	1598	7.144498047323684
CID3838_ACCCTCATCGTTCTCG	1505	5.348955680081509
CID3838_ACGCACGCACGGTCTG	2016	3.7502211215283925
CID3838_ACGGTCGTCCGAGGCT	1404	9.146198830409356
CID3838_ACTATTCAGGGAGGCA	1832	8.847910675012688
CID3838_ACTTATCGTTAACCTG	1581	11.02144829050754
CID3838_AGAGCCCAGGAACATT	1326	6.70021186440678
CID3838_AGATGAATCAGTGTGT	1824	5.80568720379147
CID3838_AGCGCCAGTGGTCTTA	1882	6.068099676621648
CID3838_AGGGCTCTCCTCCACA	1722	8.18796165330819
CID3838_AGTAACCGTACGATCT	1480	11.116289909112096
CID3838_AGTAGCTAGGTACATA	1671	10.077000334784064
CID3838_AGTGTTGAGATGTTAG	2244	3.1720741599073
CID3838_AGTTCGAAGGTTAGTA	1328	5.477951246233909
CID3838_AGTTCGAAGTTAGAAC	1730	7.3917828319882615
CID3838_ATAGGCTTCAAAGAAC	1773	8.73499901632894
CID3838_ATCCATTAGAGTACCG	1971	8.137464387464387
CID3838_ATCGGATTCTTCCCGA	1630	7.309043020193153
CID3838_ATGATCGAGTGTTCCA	1593	3.551062726801452
CID3838_ATGGGTTCAGAGTCTT	1754	5.821385386077043
CID3838_CAATACGAGCTTCGTA	1751	5.107754963516036
CID3838_CAATACGAGTCACGAG	2090	8.503960544014348
CID3838_CAGATCACACTATGTG	1611	5.146618791143029
CID3838_CAGCACGTCACTACGA	1800	8.306480486931616
CID3838_CCCTCTCGTTCTTAGG	1961	10.84513922813874
CID3838_CCTACGTAGATGTAGT	1486	9.799764428739694
CID3838_CGACAGCGTCACTCTC	1343	6.3500983422309645
CID3838_CTGGTCTCATACCACA	1535	9.239842726081259
CID3838_CTGTAGAGTGATTAGA	1763	7.762376237623762
CID3838_GACTATGCAAGTATAG	1720	12.346338856226618
CID3838_GATGAGGTCTTGGGCG	1473	5.466593042517945
CID3838_GCCGTGACACCATTCC	2007	4.039286208327569
CID3838_GGGTCACAGTCAAGCG	687	16.736401673640167
CID3838_GGTCTGGGTGTATCCA	1300	7.924874026568942
CID3838_GTATTTCAGGAACTAT	2255	6.668773704171935
CID3838_GTGAGTTAGAATCGCG	1385	11.329800656068635
CID3838_GTGGAGATCACGTCCT	1643	5.351239669421488
CID3838_GTTCGCTGTGTGTGGA	1392	6.819468024900963
CID3838_GTTTACTTCTCGGTAA	5380	5.743791811903267
CID3838_TACAGGTTCAAGGAGC	1370	5.783195020746888
CID3838_TAGATCGAGATGATTG	1517	7.750188111361926
CID3838_TAGGAGGTCCTCACTG	1376	9.159433531292828
CID3838_TATTGGGAGAGCCCAA	1148	4.2862203329791
CID3838_TCACAAGGTACAGTAA	2265	5.596502186133667
CID3838_TCACGCTAGCTGACTT	1810	7.948578671012132
CID3838_TCATGTTCAAGAATAC	1539	5.476282298495951
CID3838_TCCGGGACAGATAAAC	1586	8.503044299811044
CID3838_TCCTGCAAGTGCTAGG	1606	4.639063516150011
CID3838_TCGAACAAGTAGCAAT	1940	3.7359900373599
CID3838_TCTTTGATCGCTTGCT	1304	8.268374164810691
CID3838_TGACTCCGTAACACGG	1456	6.094127111826227
CID3838_TGAGGTTCAAGGAGTC	1346	1.400329489291598
CID3838_TGCGACGCAACGATTC	1456	11.389111289031224
CID3838_TGCTTCGAGTTAGAAC	1725	6.205149852258337
CID3838_TGTACAGGTATATGGA	1233	12.89270895080024
CID3838_TGTGAGTAGCTTCGTA	1567	7.211028632025451
CID3838_TGTTCCGAGATGGCAC	1411	7.766761095372994
CID3838_TGTTCCGGTCGATTCA	1845	9.307445956765411
CID3838_TTCTCTCGTGAGTTTC	1890	4.174120453190221
CID3838_TTGGGTAAGTCGCGAA	998	4.711300035423308
CID3838_TTTACCATCTGCCCTA	1358	9.600634752710924
CID3838_TTTAGTCCATGTGGTT	1902	7.228031553843331
CID3838_TTTGACTAGCCATTTG	1395	10.149082568807339
CID3838_AGGAGGTAGGTGCTGA	1511	4.543439716312057
CID3838_ACCCTTGGTGACTAAA	1552	3.376387944708815
CID3838_ATTGTTCGTCTTGAGT	1182	10.877782444351112
CID3838_GATTCTTGTCTCAAGT	1026	13.538591311682834
CID3838_TTTGATCTCCATTGCC	2721	5.929466477199329
CID3838_CATGCGGGTCCACTCT	804	5.60625814863103
CID3838_AAGTGAATCGCAAGAG	1836	9.746384405784951
CID3838_AATGCCACACACGCCA	2975	3.528439933915506
CID3838_ACGGAAGCATCCTCAC	1929	6.331510307109803
CID3838_ACTTAGGGTATCACCA	1891	7.033957033957034
CID3838_AGAAATGCACCGGCTA	1978	4.332414336352895
CID3838_AGCTTCCTCCATCGTC	1919	6.639094471049195
CID3838_AGGCTGCTCGAGTACT	1497	1.278772378516624
CID3838_AGGGCTCAGCCTCGTG	2120	7.134703196347032
CID3838_AGGTCATGTCACTCTC	2079	5.972850678733032
CID3838_AGTCATGGTGTGGTCC	1869	6.934741864031352
CID3838_ATACCGAGTAGGGAGG	2734	6.26855823160673
CID3838_ATTTCACCACAGTACT	2297	7.195631223899775
CID3838_CAAGACTCACCAGACC	2069	7.007106263427533
CID3838_CAAGCTATCCCGAATA	1441	3.9610840861709518
CID3838_CAATGACCAGAAGCTG	2455	3.9076138042164628
CID3838_CACGTGGAGTCATACC	2720	8.828363465602255
CID3838_CCACAAAGTAGATTAG	1973	4.462218480319933
CID3838_CCACTTGTCCCGAGTG	7415	8.792885546068247
CID3838_CCGATGGCACACAGAG	1738	6.556261343012704
CID3838_CCGGACAGTTGCATCA	1797	8.689248895434462
CID3838_CGATGCGGTGAGACCA	2124	10.577414409810935
CID3838_CGTGAATAGTACTGTC	1481	14.744976816074187
CID3838_CGTTCTGCATTGACAC	1225	12.527154236060825
CID3838_CTCAATTCAATTGCGT	2354	7.6158940397351
CID3838_CTCCGATAGACAACTA	2074	8.244629378749758
CID3838_CTGCCTAAGTAAAGCT	1941	8.74382137378558
CID3838_GACTCAAGTCGAAGCA	1618	7.005820219874972
CID3838_GAGTTGTGTCACCGCA	1456	8.138173302107727
CID3838_GATAGCTCACAGTCAT	2280	5.742296918767507
CID3838_GATGACTTCCTGCTAC	2369	6.404992609623912
CID3838_GCATTAGCATGACTCA	1663	6.3720452209660845
CID3838_GCTCAAAGTCCAACGC	2093	10.542540073982737
CID3838_GGCTTTCAGTCGGCAA	2180	6.478209658421672
CID3838_GGGACCTCAGTCGCAC	585	4.974093264248705
CID3838_GGGAGATTCGGCTGGT	1295	7.996724890829694
CID3838_GTACAACAGCAGATAT	2083	4.0625
CID3838_GTACAGTTCCATTTCA	2150	6.481622693304866
CID3838_GTCAAACAGGACTGGT	2160	6.857142857142858
CID3838_GTCACGGAGCAGGCAT	2727	6.0037744751120545
CID3838_GTCAGCGCATTCCTCG	2466	7.218155197657394
CID3838_GTGCAGCCACCCTTGT	1834	9.13968547641073
CID3838_GTGGGAATCCGCAGTG	2610	5.991957104557641
CID3838_GTGTCCTGTTGCTCAA	1805	6.9943751528491065
CID3838_TACCTGCAGGGTACAC	1536	7.6923076923076925
CID3838_TAGTGCATCTCATTTG	1229	10.894795956570572
CID3838_TATTTCGGTACCCAGC	2232	3.3359559402045638
CID3838_TCAGTCCCATACTGTG	1629	3.8783482142857144
CID3838_TCTTGCGAGAGGCGGA	2033	11.0873440285205
CID3838_TCTTTGATCCGTGTCT	1684	14.30382957139234
CID3838_TGATTTCCAGGACGAT	2185	14.105874757908326
CID3838_TGTGCGGTCGCATTAG	1869	4.796112402281851
CID3838_TGTTACTCAGTCGAGA	2147	11.600289645184649
CID3838_TTAATCCAGAAACTAC	2538	8.82088208820882
CID3838_TTACAGGAGACGGAAA	2449	7.424220237223605
CID3838_TTCATGTTCCAAGGGA	1910	7.135383971542164
CID3838_CATTTCACACGCTGCA	6531	5.398685097774781
CID3838_CTAAGTGTCATGCGGC	8766	7.459094577738645
CID3838_GAGGCCTTCTTCCCGA	9196	7.195708074578651
CID3838_GGTCACGGTATGCGTT	8664	6.9217974408340215
CID3838_CATGCGGCAGGTACGA	1292	12.019087384431852
CID3838_GGTGTCGGTATCCCAA	1476	16.699410609037326
CID3838_CTTGATTTCCTCTAAT	1954	5.752912411908529
CID3838_GGCGTCACATGGACAG	1557	11.76470588235294
CID3838_TCCGTGTTCTATCCAT	980	11.874272409778813
CID3838_CACCGTTTCTCGCTTG	1196	1.728201099764336
CID3838_TTTATGCGTGTGTGGA	791	5.486968449931413
CID3838_AAGATAGCACGCGTGT	1191	12.195121951219512
CID3838_AAGCGAGGTAATCAAG	1698	8.209538702111024
CID3838_AAGCGAGTCTAGAACC	1596	9.972763461135555
CID3838_AGGATCTGTATTGACC	1318	7.1044921875
CID3838_AGGGTTTTCAGGACAG	1573	8.833798882681563
CID3838_ATAGACCCAAGACGGT	1414	10.498935918656894
CID3838_ATGGGAGGTTAAGAAC	1419	10.127167630057803
CID3838_ATTCCATTCAATCCGA	1700	6.16121308858739
CID3838_CACTGTCCAGCCCACA	2091	4.845088991430455
CID3838_CTGGACGAGACTTCCA	1972	3.00785301526152
CID3838_GAACTGTCAAGAATGT	1674	7.189292543021033
CID3838_TCAGCAAGTCTTCTAT	1714	10.774562989752862
CID3838_TCATACTTCCCATACC	1747	6.549331528177356
CID3838_TCGGGCAAGGAGTCTG	1454	4.006717850287908
CID3838_TGGTAGTAGTCTTGGT	1209	7.81758957654723
CID3838_TGTGAGTTCTTGAACG	1459	5.268236202238518
CID3838_TTGCATTAGCATGATA	1944	3.0641557612511967
CID3838_TTGCCTGCAGGTGAGT	1578	7.931404072883172
CID3838_TTGGGTAAGCCAGACA	1652	4.485324514262092
CID3838_TTGTTTGTCACCTGGG	1551	9.221160911094783
CID3838_AAGTCGTTCCACATAG	1730	11.942542174711877
CID3838_ACTTCCGAGGAAACGA	1761	6.248801993482845
CID3838_AGCCAATCAAGCTCTA	2043	7.461024498886415
CID3838_AGGCCACCAGAATGTA	2172	7.824238128986534
CID3838_AGGTCTACAGTACTAC	1773	10.31113783255674
CID3838_AGTGACTTCTAGTTCT	1820	6.502375296912113
CID3838_ATCTTCAGTGTGACCC	1727	10.214168039538714
CID3838_ATGGAGGAGAGAACCC	1639	8.463949843260188
CID3838_ATGGAGGTCCAACCGG	1676	5.688463583200425
CID3838_ATGGGTTTCCGAGATT	1577	5.794920037629351
CID3838_ATGGTTGAGAGATTCA	1260	8.622828784119106
CID3838_CAAGGGAAGTCTCGTA	1421	10.28225806451613
CID3838_CAGATTGTCGTGGGTC	1611	8.37251356238698
CID3838_CATACAGCAGGCGTTC	2532	5.516819571865443
CID3838_CATTCATTCCAAGCTA	1822	10.745301360985094
CID3838_CATTGCCTCAGAGTTC	1396	8.04867634500427
CID3838_CCGGTGAGTAATGTGA	1399	12.695449241540258
CID3838_CGAAGGATCTTCGTGC	1760	8.409643057372454
CID3838_CGACAGCAGTACCATC	1864	19.822444167013455
CID3838_CGACAGCCATTAAGCC	1552	13.103089205137106
CID3838_CTACATTTCATCCCGT	1768	6.330067822155237
CID3838_CTATCCGGTGTGGACA	2182	10.509554140127388
CID3838_CTCAAGAAGTATGGAT	2258	9.008766014834794
CID3838_CTCTCAGGTGAGGCAT	2054	10.416666666666668
CID3838_CTGCAGGGTACTTGTG	1425	10.026331780433463
CID3838_CTTAGGAAGGTTACCT	1829	6.800911854103344
CID3838_GAATCGTGTCTTCTAT	2021	8.187759952465836
CID3838_GACCGTGGTGATCGTT	1481	11.457957416095272
CID3838_GAGTCTAGTCAAGTTC	1734	7.204861111111111
CID3838_GCACGTGAGAGTTGCG	1413	10.432681748297826
CID3838_GCCAACGCAGCTCTGG	1645	10.588651228566377
CID3838_GCTGCAGAGAGCAGCT	1380	7.999093587128938
CID3838_GGTGATTTCACTCACC	1968	8.530478328440685
CID3838_GTACAACAGTAAACGT	1504	11.703535640007564
CID3838_GTCTCACCATGAAAGT	1769	6.547314578005114
CID3838_GTGGGAAAGAGCCATG	1672	9.230769230769232
CID3838_GTGGGAAAGAGTCTTC	1451	9.50890236744277
CID3838_TACCGAAAGTAGGTTA	1455	12.818003913894325
CID3838_TACTTCAGTAACAGTA	1531	9.251274010192082
CID3838_TAGTGCAGTATCAAGA	1335	12.98750473305566
CID3838_TAGTGCATCGTAACAC	1996	6.7454798331015295
CID3838_TCACATTCATGACGGA	2091	9.378483835005575
CID3838_TCAGTTTGTGCCGTAC	1820	12.822517591868648
CID3838_TCATTGTCATAAGATG	1712	13.804479944434798
CID3838_TCCACGTGTCACGTGC	1670	8.07678377399493
CID3838_TGAGGTTGTCGGTACC	1603	8.432663227183774
CID3838_TGCTGAATCGCAGAGA	1428	18.105300859598856
CID3838_TGGAGAGTCGAGCCAC	1575	10.16179952644041
CID3838_TGGGATTTCCCGAGTG	1460	7.055713704758032
CID3838_TGTGATGAGGTCGTAG	2000	6.640275826842037
CID3838_TTATTGCTCACTTCTA	1984	12.853025936599424
CID3838_TTCCACGAGAGACAAG	1571	8.837038397942312
CID3838_TTCTCTCCATTATGCG	1424	8.43545751633987
CID3838_TTGAACGGTGTAACGG	1679	10.678949164107813
CID3838_TTGCCTGAGCAGCGAT	1093	12.131979695431472
CID3838_CGAAGTTCACAGAGAC	1518	1.4048232264106766
CID3838_TGTGAGTGTGAATTAG	1657	6.7744278968398115
CID3838_CCTGCATCACAACGCC	2448	3.517523663341008
CID3838_AAGACAACATTATGCG	2295	3.343465045592705
CID3838_GAAGTAAGTAGTGGCA	1100	3.9433384379785608
CID3838_GCATGATTCCGATAAC	1895	6.65773866462598
CID3838_TCGCAGGGTTGGGATG	1308	1.3053493729203993
CID3838_TTCAATCTCAGACAAA	1500	6.771578445398188
CID3838_GAGACTTAGAGTGAAG	1680	6.2413314840499305
CID3838_GGCAGTCAGTATAGAC	1253	9.433962264150944
CID3838_AACAACCGTTTCGACA	1794	5.725346373268134
CID3838_AACCCAAAGCGAGTCA	1327	13.779152784388387
CID3838_AAGCGAGTCAAGCCCG	1420	4.240766073871409
CID3838_AAGTGAAGTCACTACA	1437	9.555810522865105
CID3838_AATGACCAGTAACAGT	1605	8.72547455734567
CID3838_AATTTCCGTCTTTATC	2063	10.193148174256308
CID3838_ACCTACCAGTCGCTAT	1695	5.805038335158817
CID3838_ACGTACAAGGTAGCAC	1572	6.434365781710914
CID3838_ACTCCCAGTATACCCA	2094	6.398210290827741
CID3838_ACTGTGATCGACATCA	1950	9.087471641038567
CID3838_ACTTTGTGTCCTATAG	1258	3.858520900321544
CID3838_AGAACAACACAGCCAC	1283	7.365079365079365
CID3838_AGACACTCAGACGCTC	1338	10.02667852378835
CID3838_AGACCCGCATGACTGT	1641	6.653054279394249
CID3838_AGAGCCCCACACACGC	1807	5.671806167400881
CID3838_AGCCAATGTATGGTTC	1687	5.649077371317579
CID3838_AGCCACGTCACCTCGT	2482	8.285135916714864
CID3838_AGCTTCCAGGGAGGTG	1592	10.015408320493066
CID3838_AGGACTTTCCTCCACA	1736	7.452932939162907
CID3838_AGGCATTGTTACCCAA	1890	7.931118117875334
CID3838_AGGTAGGAGGTCCAGA	1554	5.829678362573099
CID3838_AGGTCTATCCTGGCTT	1512	8.276553106212425
CID3838_AGGTGTTGTCATAGTC	1880	5.931211979410389
CID3838_AGTACCATCCTTCAGC	1940	5.836139169472503
CID3838_ATACTTCGTGATACCT	1058	8.432505950357022
CID3838_ATCAGGTAGGGTCACA	2163	6.323854044929229
CID3838_ATCATTCTCTAGATCG	1550	6.105413784879561
CID3838_ATCCATTCACAAAGCG	1435	5.429759704251387
CID3838_ATCCGTCGTACTGAGG	1560	13.704181248848776
CID3838_ATCGTGATCAGTAGGG	1472	4.585104003578618
CID3838_ATGGGTTGTGAGCCAA	1181	10.820983298047517
CID3838_ATTCTACGTGACGCCT	2181	7.5455427401099495
CID3838_ATTCTACTCAAAGGAT	1712	6.212664277180406
CID3838_CAACAGTCAAGAGGTC	1472	9.025934245456401
CID3838_CAAGACTAGACTTGTC	2421	7.614640302902818
CID3838_CAGGCCAAGTGCTAGG	1528	11.04791451223716
CID3838_CATCCCAGTTCTCGTC	1448	5.9928086296444265
CID3838_CATGCAAAGTCATCCA	2086	7.07070707070707
CID3838_CATGCCTAGATGCCGA	1223	9.05955392044148
CID3838_CATGCTCCATAGAAAC	1550	6.800000000000001
CID3838_CCCTCAAAGAGGTCGT	1174	12.261106974435345
CID3838_CCCTCAAAGATCGGTG	1634	7.565620174987134
CID3838_CCGGGTATCACCTTAT	1838	7.725707441233717
CID3838_CCGGTGAAGGTCACTT	1820	6.090604026845638
CID3838_CCGTGAGTCCCGAACG	1500	8.169014084507042
CID3838_CCTAAGATCCGATGCG	1581	13.964950711938664
CID3838_CCTATCGCAGAGTGTG	1695	5.721168322794339
CID3838_CCTCATGAGTCTTGGT	1583	6.2556013622513
CID3838_CCTTCAGAGTCTTCCC	1818	6.855216332646563
CID3838_CGAAGGAAGAATAACC	1534	6.106248727864848
CID3838_CGAGTGCTCGAAATCC	1327	5.779334500875657
CID3838_CGCCAGAAGTCGGGAT	1819	3.6220947781466952
CID3838_CGGAACCAGCTACAAA	1614	10.550291545189504
CID3838_CGGACACCATAGTCAC	1070	12.254412254412255
CID3838_CGGGCATAGGTAGCCA	1138	16.186693147964252
CID3838_CGGTCAGCAGCATTGT	1441	7.72009887811371
CID3838_CTACAGAAGACATGCG	1667	11.469477658904971
CID3838_CTATCTAAGCTCTTCC	1485	9.193457416807671
CID3838_CTGCAGGGTGGTTCTA	1561	5.5971702039117766
CID3838_CTGCCATTCACAGTGT	1664	8.580645161290322
CID3838_CTGCCTACAGACAATA	2810	9.378177551818537
CID3838_CTGGTCTCACCGGAAA	1625	6.8534482758620685
CID3838_CTGTAGACAGTATGAA	986	7.427466150870406
CID3838_CTGTGAATCGTCGATA	2639	6.134198681042605
CID3838_CTTCCGACAAGACGGT	1437	7.103238504204688
CID3838_CTTCTAAAGCTTGTGT	1391	15.593883357041252
CID3838_CTTCTAAAGGGCCAAT	1842	6.8159274479240475
CID3838_GAACACTTCCGATGCG	1589	6.2921758161590375
CID3838_GACATCACAGCTCGGT	1663	10.869945737791003
CID3838_GACCCTTTCAAGGCTT	1296	10.876132930513595
CID3838_GACGCTGCACCAAATC	1743	5.17631834357813
CID3838_GACTGATGTTATTCTC	2454	6.513973523849548
CID3838_GAGGGATAGTCTAGCT	1456	6.863468634686347
CID3838_GAGTCTACAGGCAATG	1732	7.959988729219498
CID3838_GCAACATTCCAACTGA	2835	10.03940110323089
CID3838_GCCAGCACAGCTACCG	2112	6.132352941176471
CID3838_GCCAGGTCAGTATACC	1491	5.68868514273807
CID3838_GCCGATGCACTGATTG	1375	12.42149337055129
CID3838_GCGGAAAAGAATTCAG	1462	2.3924601256645723
CID3838_GCTACCTGTCGTCATA	1818	6.680522565320665
CID3838_GGAATCTGTCATGACT	1323	7.541371158392435
CID3838_GGAGCAATCATCCTGC	1690	7.9309822915090065
CID3838_GGCGTCACATCGTGCG	2255	7.9762459245458786
CID3838_GGCTGTGTCAGAACCT	2061	8.114008489993935
CID3838_GGCTTTCCATTAGGAA	1902	8.888620147539001
CID3838_GGCTTTCTCGTGCACG	1536	7.749147404319818
CID3838_GGGAGTACACTTTAGG	1228	15.530984829004884
CID3838_GGGATGAGTATGACAA	1841	6.638186000657247
CID3838_GGGTGTCTCTGCGGCA	1534	13.359130274553161
CID3838_GGTAGAGAGTCATGCT	1207	10.699481865284973
CID3838_GGTGTTATCTCTGCTG	1678	7.439104674127715
CID3838_GGTTAACGTAGCTGTT	1920	3.34716459197787
CID3838_GTAGATCGTACAACGG	1557	6.798362697988966
CID3838_GTAGCTACAGATCATC	1616	7.16891645384896
CID3838_GTAGCTAGTTGCGTAT	1403	9.367034834324555
CID3838_GTCATTTAGAGCAACC	2239	6.222530650011566
CID3838_GTCTACCGTCTTACTT	2026	5.078888054094666
CID3838_GTCTGTCCAGCCCAGT	957	10.901001112347053
CID3838_GTGGGAACACTGCTTC	1510	5.009940357852883
CID3838_GTGGTTAAGGCACTAG	1868	8.407847324169225
CID3838_GTGTCCTGTTAGGCCC	1506	7.885943417242148
CID3838_GTGTGGCCACGAAGAC	1652	11.842105263157894
CID3838_TAAGCCATCTACCACC	1773	6.961660420870568
CID3838_TAAGCGTAGAATTGCA	2334	8.741222094120113
CID3838_TACCTCGAGTTCGCAT	1514	6.165590135055784
CID3838_TATGTTCTCTAGTACG	1713	14.491195053098535
CID3838_TCAAGTGGTGGACCTC	970	15.29745042492918
CID3838_TCACGGGGTGTACAGG	1581	7.6863233234790735
CID3838_TCAGCCTTCTAGTGAC	1834	7.319513938527519
CID3838_TCAGTTTAGCATAGGC	1580	4.886466848319709
CID3838_TCATACTTCTCGTCAC	2070	7.306680035092117
CID3838_TCATACTTCTTAGCTT	1453	8.057813911472449
CID3838_TCATATCCAGATAAAC	1630	6.899775617053104
CID3838_TCATATCTCTGACGCG	1885	6.446016281863072
CID3838_TCATCATGTCTTCATT	1498	6.982872200263504
CID3838_TCATTACAGCCTCTGG	1900	6.914815359717523
CID3838_TCATTACTCCAGCTCT	1495	5.788525855415488
CID3838_TCCTAATTCAGGACAG	1738	11.117843077855195
CID3838_TCCTCCCTCCTCACCA	1802	6.644109504767763
CID3838_TCGACGGAGCTGAAGC	1118	2.0152671755725193
CID3838_TCGCTCAAGAACCGCA	1934	6.52294085129906
CID3838_TCGGATAAGAGTCAGC	1379	6.7325979459870675
CID3838_TCGGGCATCTTTCGAT	1533	5.527982200924183
CID3838_TCTAACTCAGAGACTG	2126	7.530899683817188
CID3838_TCTCCGACATCTCAAG	1525	5.208578835729437
CID3838_TCTTGCGAGCGACTGA	985	12.791702679343128
CID3838_TCTTTGATCTCTAAGG	1914	7.5450630084542984
CID3838_TGATGGTAGTAGACCG	1478	7.563694267515923
CID3838_TGCAGGCTCTAACGCA	1806	7.971262401642148
CID3838_TGCAGTACATTCATCT	2000	9.987779135651595
CID3838_TGCATCCTCCGTCCTA	2574	9.57283866575902
CID3838_TGGAACTCACAGCCAC	1743	10.160274756725816
CID3838_TGGAACTCAGGAACCA	1607	8.997289972899729
CID3838_TGGGCGTTCCGCCTAT	1984	10.093125171185976
CID3838_TGTGCGGTCTTTGGAG	1340	9.157194938880549
CID3838_TTAGTCTTCCATACTT	3166	7.723092045215194
CID3838_TTCACGCAGGTGGGTT	1505	10.357286230429546
CID3838_TTCCGGTTCCGAGCTG	1534	11.988527724665392
CID3838_TTCCTTCCAAATGAGT	1534	6.366492146596858
CID3838_TTCTAGTCAGCACCCA	1878	6.13958876339415
CID3838_TTCTCTCAGAATTTGG	1614	10.225029609159101
CID3838_TTGGATGTCACGATAC	1997	7.766003774132675
CID3838_TTTACTGGTACTGCCG	1732	8.013745704467354
CID3838_TTTAGTCAGGTAGTCG	1680	11.632138857782754
CID3838_TTTCAGTCAATTGTGC	1598	14.228675136116154
CID3838_AACACACCAACGGCCT	1575	6.080508474576271
CID3838_CCTCAACAGACCAAGC	1894	4.742857142857143
CID3838_CCTCTCCTCATTCTTG	3592	4.773097089133972
CID3838_CGAGTGCCAGTGGTGA	1571	4.263402279442803
CID3838_CTGCCTAGTGACTGAG	1730	4.246692274861289
CID3838_TCAGCAAGTAGGACTG	1964	6.553878981862521
CID3838_TTCCTTCCATCTTCGC	1556	3.395953757225433
CID3838_TCAGCAATCCACGAAT	2152	5.638864791176106
CID3838_ACCTGTCAGGGCTAAC	1783	5.105395474763101
CID3838_ATTCATCCAACTGTGT	1296	7.713690062543432
CID3838_AAACGAACAAGCCATT	1704	6.932931424265259
CID3838_AACAAAGGTGTACGCC	1948	8.894389438943895
CID3838_AACAGGGCACCATTCC	1818	4.647704034207101
CID3838_AAGACAAAGAGACAAG	1213	12.105263157894736
CID3838_AAGCATCCAAACGGCA	1668	8.849725222664393
CID3838_AAGTACCTCCGTCAAA	1479	4.004474272930649
CID3838_AAGTTCGCACCGCTAG	1625	10.200322357817177
CID3838_AAGTTCGCACTGATTG	1371	8.887317303158888
CID3838_AATCGTGCAAATTAGG	1093	4.3780687397708675
CID3838_AATTTCCGTCTAACTG	1301	10.567936736161036
CID3838_ACAACCAAGGAACTCG	1134	8.541353383458647
CID3838_ACATCCCAGAAGTGTT	1436	2.6703499079189688
CID3838_ACCAACAAGGTAAGGA	1656	6.918819188191883
CID3838_ACGTAGTAGCTATCCA	2066	8.689478915234986
CID3838_ACGTCCTGTAATCAGA	841	1.3926084627745046
CID3838_ACTGCAATCCATGATG	1230	9.492156341398564
CID3838_ACTGTGACATTGCTGA	1438	6.030150753768844
CID3838_ACTGTGAGTGTAGCAG	1452	7.010309278350515
CID3838_ACTTCGCAGAAGCGGG	1005	12.482319660537481
CID3838_ACTTTCAAGGGTGAGG	1315	9.59021669169706
CID3838_AGAAATGAGTAATACG	1785	6.334682386063699
CID3838_AGAAGCGTCTTTGCAT	1422	12.846347607052897
CID3838_AGACAAAAGAAGTGTT	1344	11.20607787274454
CID3838_AGATGCTAGTTGTAGA	1486	10.801325794501853
CID3838_AGATGCTTCTTCTGTA	1715	6.319776714513557
CID3838_AGGAATAGTGCTCTCT	1751	2.1729079981507167
CID3838_AGGACGAAGATGTTGA	1817	5.262303069676791
CID3838_AGGATAACACGTAGAG	1294	9.272918861959958
CID3838_AGTCTCCCACTTCATT	1997	1.5810895428929241
CID3838_ATCCATTTCATGAGTC	1536	4.567192730750837
CID3838_ATCTCTACACTGTGAT	1274	10.27359017308766
CID3838_ATCTTCACAATTCGTG	2005	7.533860045146727
CID3838_ATGAAAGCAGCGGTTC	1471	4.764044943820225
CID3838_ATTCCTAGTCTTGAGT	1603	10.664206642066421
CID3838_CAAGCTATCGCAGATT	1924	9.504847645429363
CID3838_CACGTTCCATGACTCA	1372	2.7608915906788245
CID3838_CACTAAGGTTGTTGCA	1733	8.090355655238705
CID3838_CAGATACCAAGAGCTG	1130	10.750454427421449
CID3838_CAGATCATCTCATTTG	1825	7.05927488969883
CID3838_CAGCAGCCAGCATGCC	1576	12.126904612815697
CID3838_CAGTGCGGTCGAACAG	1527	6.072633459019647
CID3838_CAGTTAGTCGTCGGGT	1511	13.525026624068156
CID3838_CATGCAATCGATTCCC	1413	5.646943285047876
CID3838_CATGGATAGTAAGACT	1655	7.2091845348640895
CID3838_CATTGAGTCCCTCATG	2026	8.056247253552073
CID3838_CATTGTTGTGTGACCC	1289	12.72907379891035
CID3838_CATTTCAGTGCCTATA	1674	5.1953125
CID3838_CCACACTCAGAGTAAT	2115	3.104726598702502
CID3838_CCGGTGATCGTTAGTG	1200	9.127115831397278
CID3838_CCGTAGGCAACCGTGC	1689	4.864864864864865
CID3838_CCTCCAATCGAGTACT	2246	4.518828451882846
CID3838_CCTGTTGCAAATAGCA	1677	11.74413821472645
CID3838_CGAGGAAGTATTCCTT	1839	9.73576374169846
CID3838_CGATGCGCACAACGCC	1718	6.71223273746933
CID3838_CGGGTGTCAGCTTTCC	1207	13.060179257362355
CID3838_CTACCCATCATGCCAA	1730	6.743701458609586
CID3838_CTACGGGCAAGGTCAG	1455	6.312945222304102
CID3838_CTATAGGGTTTGGCTA	1457	7.031943212067436
CID3838_CTCAGAAAGAGCAACC	1960	8.800580656868082
CID3838_CTCCTTTTCCAGTTCC	1827	5.843681519357196
CID3838_CTGCAGGGTGTTATCG	1524	9.80865688277912
CID3838_CTGGCAGAGCGATGCA	1394	4.473942969518191
CID3838_CTGTAGATCACATCAG	1541	11.295446523120367
CID3838_CTTAGGAGTACAAGCG	1499	6.984815618221258
CID3838_CTTGAGAGTAACACGG	2386	7.605633802816901
CID3838_GAACACTCACCCTTAC	1555	8.04495183731716
CID3838_GAAGAATTCGCGATCG	1570	6.917994558880684
CID3838_GAATAGACAGTTCTAG	2040	9.94740099009901
CID3838_GAGACTTGTCGGAACA	2063	5.080734966592428
CID3838_GAGGGATTCGAGTTGT	1308	5.656171635553079
CID3838_GATAGAAGTAGGACTG	1847	7.6153711177399535
CID3838_GATCCCTCAGTCTGGC	1699	8.260507698709946
CID3838_GCACGGTCAGGTGTTT	1689	10.885368126747437
CID3838_GCCAGGTGTCACATTG	1986	9.870162611874449
CID3838_GCCCAGAAGGACAGTC	1705	9.485474273713686
CID3838_GCCCGAACAGCTGAAG	1459	15.72887247447317
CID3838_GCCTGTTAGGAGAGTA	776	13.174019607843137
CID3838_GCGATCGCAAGCCCAC	1541	11.94745621351126
CID3838_GGAGGATCATTGGATC	1588	8.022805945835879
CID3838_GGCTGTGCATCTTAGG	1474	13.127572016460906
CID3838_GGGATCCAGTAAGCAT	1816	12.864522579570073
CID3838_GGGTGTCTCGACGACC	1557	10.43956043956044
CID3838_GGGTGTCTCTTGTTAC	1490	7.38950276243094
CID3838_GGTGATTTCCACTGGG	1638	6.827390599675851
CID3838_GTAACACGTCGCGGTT	901	10.245901639344263
CID3838_GTACAGTCAAAGACGC	1840	9.127101150103215
CID3838_GTAGCTAAGGGTTTCT	1322	16.62769550532606
CID3838_GTAGGTTAGACATAGT	1775	6.0399159663865545
CID3838_GTAGTACAGCATCCCG	1345	12.19785138764548
CID3838_GTCATGACACGAGGTA	1614	9.119356280733125
CID3838_GTCGTAAAGATTGTGA	1590	4.793545325106787
CID3838_GTCTTTACAAGGGCAT	1310	10.73345259391771
CID3838_GTGATGTAGCATAGGC	1228	14.145383104125736
CID3838_GTGCAGCGTAACGCGA	2051	4.998529844163482
CID3838_GTGGCGTGTAACACCT	1530	8.76308646762311
CID3838_GTTGAACGTGTATCCA	1035	7.309105757452021
CID3838_GTTTGGAGTGCTGATT	1436	8.298945437872536
CID3838_TAAGTCGCATTGTACG	1360	5.665181413112667
CID3838_TAATCTCTCAGGCGAA	1799	8.516984258492128
CID3838_TACAACGAGCCGGATA	1502	7.029209213963429
CID3838_TACATTCAGTTGCTGT	1971	8.799140049140048
CID3838_TACCCGTGTCGAAACG	1610	9.183138009445512
CID3838_TAGCACACAGCGGTTC	1809	9.621828626136908
CID3838_TATCCTATCTTACCGC	1355	7.258987863521868
CID3838_TATTGCTGTACAAACA	1419	5.635335073977372
CID3838_TCACTCGAGTGGAATT	1503	10.36624544870422
CID3838_TCGTAGAGTTCCTACC	1343	13.904068002428657
CID3838_TCTAACTGTAGACGGT	1534	7.874313836835131
CID3838_TCTCCGAGTGGATCGA	1401	8.068520357497517
CID3838_TGATTTCGTCAAGCGA	1406	11.975642760487144
CID3838_TGCAGGCGTCCAGAAG	1650	8.508057529024432
CID3838_TGCAGTAGTCACCGCA	1356	11.468432253487821
CID3838_TGCCGAGTCGGCTATA	1380	5.594253373966042
CID3838_TGGGAGAAGAAACTGT	1375	11.87973086627418
CID3838_TGGTTAGTCTTACGTT	1332	5.5275113579000505
CID3838_TGTAAGCAGTGTTCCA	1662	7.598519486174614
CID3838_TGTCAGAGTCTGTGGC	1603	8.016499282639886
CID3838_TGTGTGACATTCGATG	890	10.908261068005478
CID3838_TTATTGCGTACCCACG	1896	11.075514874141875
CID3838_TTCCAATAGTCGAAGC	1404	8.50534692862472
CID3838_TTCGCTGGTCGGAAAC	2519	9.62462806134127
CID3838_TTGACCCAGGTAAGTT	1574	11.08068253633874
CID3838_TTGCATTTCAGCCTCT	1860	12.76297335203366
CID3838_TTGCCTGTCTACAGGT	1283	11.14032990676548
CID3838_TTGGGTATCAGTCTTT	1320	3.185204212689442
CID3838_TTGTGGAAGTAACCTC	1442	2.630842429331094
CID3838_TTTACCAAGATTGACA	1956	9.009278659084107
CID3838_TTTGACTAGCGTATGG	2248	3.7713675213675213
CID3838_TTTGGTTGTACGTAGG	1640	8.656661786237189
CID3838_CATTGCCAGGAGACCT	1500	9.70967121707364
CID3838_CTCCTTTCAGTAGAAT	1577	8.511617207269381
CID3838_GGAGATGGTAACATCC	3521	6.441119063109954
CID3838_CCACGAGAGTGCCGAA	2410	6.313615577518808
CID3838_GATGACTAGTAATACG	1444	9.398951189995966
CID3838_AACAAGACAGTAGTTC	1781	14.344873281431175
CID3838_AAGCCATAGTTCATGC	1412	11.291759465478842
CID3838_AATCACGTCTTGAGCA	1509	12.367993501218521
CID3838_AATGCCACACTGCATA	1553	4.199475065616798
CID3838_ACTTAGGGTTGGACTT	1069	3.996770286637061
CID3838_AGGCATTAGCTAAATG	1060	10.43507817811013
CID3838_AGGTCATGTCGTATGT	1250	13.389221556886227
CID3838_AGTGTTGCACTATCCC	1196	9.279811097992917
CID3838_ATCCACCGTCCGTACG	1648	6.683066830668307
CID3838_ATCGGATAGACCAGAC	1305	5.719280719280719
CID3838_ATCGTGACAGACAAGC	1525	6.577901430842608
CID3838_CATCCACCATCGCTGG	953	2.7857142857142856
CID3838_CCTAAGATCAACGAGG	1997	10.83105285899467
CID3838_CGAATTGAGCTGAGCA	2093	10.909654424298775
CID3838_CGTGATAAGCCATTCA	1361	9.821630164822759
CID3838_CTATCCGGTGACATCT	1897	6.901279707495429
CID3838_CTCTCAGTCACCATAG	1826	9.525790349417637
CID3838_CTCTCAGTCTCTCGAC	1949	3.115638106650689
CID3838_CTTCCGAAGGCGACAT	1139	5.961170358217118
CID3838_GAAGGACCATCGAACT	1817	7.335353213203636
CID3838_GACGCTGAGTGATTCC	1841	9.694762400277488
CID3838_GAGGCCTGTTGAGTCT	1495	7.27792436235708
CID3838_GATTTCTAGGATGTTA	1202	13.183371298405467
CID3838_GCATCGGCATCATCTT	1799	10.238136624369893
CID3838_GCCAGTGTCGCAGTCG	1168	17.86762308444734
CID3838_GCTGAATGTGCCTGCA	1865	5.754930488199159
CID3838_GCTGGGTTCTGAGGTT	1613	5.942744323790721
CID3838_GGGATGAAGGGATCAC	1810	6.374896779521057
CID3838_GGTAATCCAGCGTGAA	1394	12.740384615384615
CID3838_GTAATGCTCGGCCAAC	1495	8.877169852779609
CID3838_GTAATGCTCGGCTTCT	1458	10.886850152905199
CID3838_GTGAGCCCACGAAGAC	1411	10.520811545701736
CID3838_TACCCACCAAATTGCC	1573	11.680371073160448
CID3838_TCACTATGTGCTATTG	3024	8.131352619233777
CID3838_TCATTTGGTCCTTAAG	1811	5.164835164835164
CID3838_TCCTCGAGTGCGTCGT	747	11.017425519955031
CID3838_TCCTCTTGTACAGTCT	2913	6.395920923159496
CID3838_TCGTGCTGTGGGTCAA	977	9.118541033434651
CID3838_TCGTGGGAGCTGACAG	718	11.076923076923077
CID3838_TCTATACAGCGGTAAC	1801	8.004679144385026
CID3838_TGAGGGATCTCCGTGT	1382	8.311990686845169
CID3838_TGCTGAAAGGCGATAC	1247	5.62531391260673
CID3838_TGTGTGAGTAGCTTGT	1695	8.10448760884126
CID3838_TTAATCCAGATCGCCC	1548	6.282513005202081
CID3838_TTGACCCGTTATTCTC	1767	5.053785264867059
CID3838_TTTACGTAGCTCGTGC	1269	10.637332728509866
CID3838_TTTGGTTGTAGGTAGC	1845	8.661540875568805
CID3838_TTTGTTGAGTCGCCAC	1648	13.003095975232199
CID3838_AGCGCTGGTGTGGTCC	1153	3.948967193195626
CID3838_AGGGCTCTCAGTCCGG	1586	6.165520512212473
CID3838_GACTGATCAAGCTGCC	1186	2.44299674267101
CID3838_GTTAGTGGTGTCCCTT	1304	8.415337631489649
CID3838_ACAGAAAAGGTCGACA	2137	3.1213017751479293
CID3838_ACTTTCACAACCCTAA	1803	13.894123693678258
CID3838_CTAACCCAGATTCGAA	1896	12.526498361919444
CID3838_TAATCTCTCAAGCCAT	1794	7.4528936742934055
CID3838_TACACCCTCAGACTGT	1904	4.724964739069112
CID3838_TCCAGAAAGCTAATCC	1377	8.50412249705536
CID3838_AGGGTGAGTTTGGGAG	1392	3.3138918345705197
CID3838_CGAGGCTGTGAGCAGT	1738	15.356069977027746
CID3838_CGGCAGTTCCGGCAGT	1325	12.02171664943123
CID3838_CTAGACAGTGAGTAAT	1553	7.388475836431227
CID3838_CTGCATCGTTATAGAG	1257	12.47534516765286
CID3838_CTGTATTGTGACACAG	1869	11.122862682883836
CID3838_GTTACCCGTTGTCTAG	1641	10.594315245478036
CID3838_TACAACGCAGCGTACC	1809	8.284129540168188
CID3838_TTGTGTTTCCCAAGCG	1456	10.524987380111055
CID3838_CTCCCTCGTGGTTCTA	1578	7.544281653181718
CID3838_ACTATTCCAGGATGAC	1651	11.326923076923077
CID3838_ATTCGTTGTGCCTGAC	1690	10.505986867516416
CID3838_GCATCTCAGGTACCTT	2040	2.6792750197005515
CID3838_GCATTAGTCCGATCGG	1659	9.275730622617536
CID3838_GCCATTCCAAGGCGTA	1409	7.2814310909549
CID3838_AGGCTGCGTCCTATAG	1566	2.4344955642665567
CID3838_GACCTTCTCATCCTGC	1416	7.546274323682961
CID3838_TTTAGTCAGACTTGTC	1595	6.721698113207547
CID3838_GGTAATCTCCGGGACT	1595	11.979166666666668
CID3838_ATTTACCTCCACGTAA	1660	5.7007125890736345
CID3838_GAATCACAGGAAAGTG	3387	6.128667188996257
CID3838_GTCTTTAGTCCCACGA	1703	5.869023340131429
CID3838_AAGACAAAGTCAATCC	1504	3.085657862256233
CID3838_CAACAGTTCTCGTGGG	1290	14.117647058823529
CID3838_AGCGTCGCATTGAGGG	926	11.76470588235294
CID3838_AGTAGCTGTGTTGCCG	1130	10.884601383327267
CID3838_TTGTTCACAGCAGAAC	1861	3.5084119819450144
CID3838_CTAGACACAATTCGTG	2030	4.076139203999231
CID3838_GTCTTTAGTCATCCGG	890	19.97792494481236
CID3838_CTAACTTCAAGTGGGT	1738	8.2700595115945
CID3838_TGTTACTGTCATATGC	1603	9.373720835038887
CID3838_AAGCGTTCACCTTCGT	5502	12.081642615248498
CID3838_CCCTGATTCAATCGGT	1509	10.806742925948223
CID3838_ATTCCCGAGAATCCCT	1451	6.9051788841631225
CID3838_TCGTGCTCAAAGAACT	606	9.11214953271028
CID3838_GTTATGGTCGGCTATA	1210	8.372428726091663
CID3838_CCGGTAGAGATACATG	1462	5.645582854155776
CID3838_TACCGGGTCACGTAGT	1604	8.787816423132332
CID3838_TCACTCGTCATCTCTA	1744	6.484196806777452
CID3838_AGGCTGCCAAATTAGG	1417	10.713302120627926
CID3838_GCAGGCTAGGTCATTC	1821	7.850098619329389
CID3838_TACGGGCAGGATTTGA	2317	2.87004662004662
CID3838_TTTCACATCGCAGTCG	1902	3.175631885936488
CID3838_AATGGAACAAGATTGA	2613	6.395988748929926
CID3838_AATTCCTAGCGTTCAT	2219	7.124435847840103
CID3838_GGCTTTCCAGTGTGGA	3143	2.9417008379390266
CID3838_TACATTCTCAAGTGTC	4288	6.538522136442413
CID3838_AAACCCATCAAGCCAT	2625	4.834355828220859
CID3838_AAACCCATCGCTAAAC	2030	6.202181344619893
CID3838_AAAGGATAGAGCAAGA	1948	3.958576916652748
CID3838_AAAGGTAGTGACTCGC	2095	13.510654375094452
CID3838_AAAGGTATCGGCGATC	2713	9.615384615384617
CID3838_AAATGGAGTCTTGCGG	1859	3.7280278153370676
CID3838_AACAAAGCAGCATACT	1638	6.202964652223489
CID3838_AACAAAGTCTGCTAGA	2769	11.652615775493706
CID3838_AACAGGGTCGGCTTGG	2423	5.709224690012263
CID3838_AACCCAAGTCCCTCAT	2243	4.4496098289888755
CID3838_AACCTGACAACAGCCC	2413	5.358468160902479
CID3838_AACCTTTAGCAAGGAA	1677	10.063559322033898
CID3838_AACGGGAAGCATCCTA	2482	6.99472327892993
CID3838_AACGTCAGTCGCACGT	1883	5.427079447967176
CID3838_AAGATAGGTACAGAGC	1758	8.406113537117903
CID3838_AAGCGTTAGGATTTCC	2119	8.301666179479685
CID3838_AAGGAATGTGACGCCT	2408	6.281504459092671
CID3838_AAGGAATTCGCAATTG	1273	5.4973152646382
CID3838_AAGGTAACATACAGCT	1724	16.410614525139664
CID3838_AAGTACCGTTAACCTG	2294	3.9774413772632826
CID3838_AAGTCGTGTTACGTAC	1748	7.450157397691501
CID3838_AATAGAGAGACAAGCC	1771	4.869316147511636
CID3838_AATTCCTCAAATCAGA	2886	9.95680584782368
CID3838_ACAAAGACATAATGCC	3426	5.676890325632736
CID3838_ACAAAGAGTGGTTCTA	1845	8.883155178768892
CID3838_ACAACCACAATACCTG	2461	8.381467371267052
CID3838_ACACGCGCAATCACGT	2302	5.799733623925415
CID3838_ACAGCCGGTTCTCCAC	2009	9.577239030254459
CID3838_ACATGCAGTGGATTTC	2373	5.805706745835395
CID3838_ACCTACCCATGACCCG	2425	7.941895194135216
CID3838_ACGGTTATCGGATACT	2799	4.729250413809411
CID3838_ACGTAACAGCATCAGG	1629	5.842931937172775
CID3838_ACGTAGTGTACTGCCG	1691	3.869905310827501
CID3838_ACGTTCCTCGTGGGTC	2024	7.160407160407161
CID3838_ACGTTCCTCTACCCAC	1896	4.862181133367574
CID3838_ACTACGAGTAGTGCGA	1512	10.162916989914663
CID3838_ACTATCTCAAATGAAC	1723	7.8027321139152575
CID3838_ACTGATGCAACCGTAT	2798	8.51336898395722
CID3838_ACTGTCCAGGTCGACA	1922	14.381334863262573
CID3838_ACTTCCGGTAGGTCAG	2939	5.9703109762704525
CID3838_ACTTTGTTCGGTGTAT	1927	4.063388866314506
CID3838_AGAACCTCAAGACTGG	1785	6.973768394113884
CID3838_AGAAGTAAGCAGGTCA	1865	4.72646073688128
CID3838_AGACAAAGTAGATGTA	1529	5.238995409127734
CID3838_AGACCATTCTACTCAT	2071	5.263157894736842
CID3838_AGACCATTCTGAATGC	2282	5.502230634040827
CID3838_AGAGCAGTCGGTTGTA	3415	8.13615608136156
CID3838_AGAGCCCCAAGCACAG	2345	10.896628899146734
CID3838_AGCCAGCGTAGCGATG	2644	6.705604852296979
CID3838_AGCGATTCAGGCTATT	2544	8.3206106870229
CID3838_AGCGCCATCCAATCTT	1802	13.11447525089301
CID3838_AGCTTCCAGTTGGACG	1819	6.639487478159581
CID3838_AGCTTCCGTACGCTTA	1643	4.4972972972972975
CID3838_AGGACTTGTTGCTCAA	1670	6.630669546436286
CID3838_AGGGAGTCAGTAACGG	2419	7.85732747479969
CID3838_AGGGAGTTCTAGCAAC	2238	6.245461147421931
CID3838_AGGTGTTGTGGATACG	1546	10.419681620839363
CID3838_AGGTGTTTCCATTGCC	2318	4.247422680412371
CID3838_AGGTGTTTCCCTTGGT	1820	6.6270004103405835
CID3838_AGTGACTAGGCCACTC	2033	7.967084346362446
CID3838_AGTGCCGCATCTGGGC	2441	8.151724137931035
CID3838_AGTTCGACAGGTGGAT	1365	7.206247781327653
CID3838_AGTTCGATCGACCAAT	3155	5.9149546106067845
CID3838_ATACCTTGTTAGGCCC	2409	5.761106132377416
CID3838_ATACTTCGTCGCGTTG	1622	3.6930455635491604
CID3838_ATCACAGTCGGATACT	1881	5.641945773524721
CID3838_ATCACGATCAATGTCG	2175	7.422486689633573
CID3838_ATCCATTTCACTCTTA	1684	3.6883547451305425
CID3838_ATCCTATGTAGATGTA	2144	5.735838314830629
CID3838_ATCGGATTCTTCTGGC	1626	10.874053682037164
CID3838_ATCTCTAAGTATAGGT	2263	4.5655825316842265
CID3838_ATGAAAGGTGCCGTAC	3207	6.601446892469583
CID3838_ATGAGGGGTTCCGGTG	2588	9.414990859232175
CID3838_ATGATCGGTAGCTTTG	1906	6.181584030907921
CID3838_ATGCATGTCTTGCAAG	1877	5.050293378038559
CID3838_ATGCCTCAGATTGATG	1758	5.957053798199031
CID3838_ATGCGATAGCTGGCTC	2766	6.900931414055885
CID3838_ATGCGATCAAGTGACG	2577	7.230392156862746
CID3838_ATGGGTTAGTTTGAGA	2034	2.9780857838546546
CID3838_ATGGTTGTCTATTGTC	2905	3.6961206896551726
CID3838_ATGTCTTGTCCGACGT	2878	9.507640067911714
CID3838_ATTGGGTAGGCGAACT	1746	2.1604938271604937
CID3838_ATTTCACAGTCAGCCC	1692	8.348825418286292
CID3838_CAACAACTCTCTAAGG	2640	4.0047230148578175
CID3838_CAACGGCTCATTCGGA	1815	3.646308113035551
CID3838_CAATACGCATCCGCGA	2110	3.7739042139109835
CID3838_CACTAAGAGCCATCCG	4305	5.389052250622031
CID3838_CAGATCATCAAGGACG	1928	10.06588579795022
CID3838_CAGATTGTCTGCATGA	2218	10.468794938165086
CID3838_CAGCAATCATGTCGTA	1046	1.918577445016378
CID3838_CAGCACGGTCGCTTAA	2092	3.329506314580941
CID3838_CATCCACGTATCCTTT	2365	5.602070330339473
CID3838_CATCCGTTCGATGCAT	1736	6.766309836396688
CID3838_CATCGCTAGAACTTCC	1640	8.08793868495361
CID3838_CATCGGGCACGGCACT	4504	6.092708387163454
CID3838_CATGAGTAGCTGCCAC	1833	6.561250454380225
CID3838_CATGCTCGTGAAAGTT	1480	4.853128991060025
CID3838_CATGGTAAGACAACAT	2434	7.451996342578482
CID3838_CCACACTTCTTCTGGC	1733	4.476996080049515
CID3838_CCATAAGAGGTAACTA	1757	2.225352112676056
CID3838_CCATAAGAGTAGAATC	2574	12.309329549485632
CID3838_CCCGAAGGTGAATGAT	1603	5.728934462773072
CID3838_CCCGGAATCATAGAGA	3968	6.601166717838501
CID3838_CCCTAACGTATTCCTT	1768	7.209199469261389
CID3838_CCCTAACGTTCCGCTT	2728	4.89784873494791
CID3838_CCCTCAAAGTCTGGTT	1573	4.795295182085501
CID3838_CCCTTAGAGTACCGGA	2067	6.236353711790393
CID3838_CCGATGGGTAGGAGTC	1341	6.255012028869286
CID3838_CCTACGTCAGACCTGC	2140	3.9754746835443036
CID3838_CCTACGTTCCCAGTGG	1967	8.275357012083486
CID3838_CCTCAACTCAGTCCGG	1839	6.872784560850728
CID3838_CCTCACAAGAGTAACT	2172	7.995384108143752
CID3838_CCTCACAAGGTTGAGC	2539	7.69756631118403
CID3838_CCTCCTCCAATAGTAG	1703	4.974782209995414
CID3838_CCTGTTGTCTGTTGGA	3175	7.516228220020499
CID3838_CCTTGTGGTCAAAGTA	2349	4.293193717277487
CID3838_CGAGGCTTCACCCTCA	1736	6.989564874975389
CID3838_CGAGTTATCTGCATAG	1789	5.107051659791789
CID3838_CGATGGCAGATCACCT	1859	7.006010518407213
CID3838_CGCCAGATCGTAGAGG	1661	9.066666666666666
CID3838_CGGAACCTCTCTTGCG	2479	10.269681285753201
CID3838_CGGAATTAGGGCAGGA	1723	6.831429237584519
CID3838_CGGGTGTAGGAACATT	2437	5.188794153471377
CID3838_CGGGTGTGTGAGATAT	1521	8.689803605057843
CID3838_CGTAGTATCCGTGTAA	1805	9.951365506921062
CID3838_CGTCCATCAGTTTCGA	1430	6.814494321254733
CID3838_CGTGCTTGTACCCGCA	1397	8.283283283283284
CID3838_CGTTAGAGTTCGGCTG	1737	9.554730983302411
CID3838_CGTTGGGCAGCAGATG	1606	8.641975308641975
CID3838_CTACAGATCGCAACAT	2098	6.3333869152869315
CID3838_CTACATTTCTCTGGTC	2700	4.335064348611425
CID3838_CTACCCAAGCATGCAG	2193	4.619565217391304
CID3838_CTACGGGCAGAGTAAT	2332	6.174281126842797
CID3838_CTACTATGTCAGGTAG	1833	6.4375
CID3838_CTAGACATCGAACACT	2809	7.562810865960974
CID3838_CTATAGGAGGGACTGT	1539	7.68152509111298
CID3838_CTATAGGCAAGCTACT	1287	4.450499545867393
CID3838_CTATCCGAGCGAGAAA	1666	16.254491650813783
CID3838_CTATCTATCTCTAAGG	2131	5.482340537691091
CID3838_CTCAACCCATGTCTAG	2315	8.080642517620063
CID3838_CTCAAGACATGTTCAG	2157	6.217114372749931
CID3838_CTCAAGATCAAACCTG	1215	1.7445687952600395
CID3838_CTCAGGGGTACTAACC	3448	5.661980534528039
CID3838_CTCATCGTCCTCTTTC	3886	4.998674091752851
CID3838_CTCATTAAGCATCGAG	2711	7.776582216570478
CID3838_CTCCCTCAGTGTACCT	1962	6.20726880172724
CID3838_CTCTCAGGTGACATCT	1433	7.282051282051281
CID3838_CTCTCAGGTTGCCATA	2214	4.527180562838665
CID3838_CTCTCGATCTCTAAGG	2427	5.333899264289756
CID3838_CTGATCCAGGGCTGAT	1778	7.555555555555555
CID3838_CTGCATCGTGACAGGT	1913	6.273878946310074
CID3838_CTGCATCTCGAGAGAC	1984	8.759372869802318
CID3838_CTGCCATCATGGGCAA	2407	8.325697080769734
CID3838_CTGGACGTCCCTCGTA	1677	6.54572199068399
CID3838_CTGGCAGCAACAGAGC	1876	6.610435464888191
CID3838_CTGTCGTCAGGCACTC	2133	5.152433588875023
CID3838_CTGTGAAAGTACTGGG	2809	7.155599603567889
CID3838_CTTTCGGAGTCAGCGA	1918	3.129470672389127
CID3838_GAAACCTAGGCCCAAA	2372	7.372429550647372
CID3838_GAACTGTGTGAGATAT	2918	7.353384971330852
CID3838_GAAGGACTCTTGGAAC	2939	9.747827929646112
CID3838_GAATAGAGTGGGCTTC	1617	8.561341571050308
CID3838_GACATCACAATCTGCA	2121	6.7885117493472595
CID3838_GACATCACAGAGACTG	2490	9.725618038576474
CID3838_GACCAATTCGTCTACC	2325	7.28118901065906
CID3838_GACCAATTCTTGGGCG	2131	9.081212859972574
CID3838_GACCCAGAGTTGGCGA	1565	3.925353925353926
CID3838_GACCCAGGTACCCGCA	1724	4.785330948121646
CID3838_GACCCTTTCAGTGCGC	1372	7.652923740231743
CID3838_GACCGTGGTGGATGAC	1542	2.6984126984126986
CID3838_GACCTTCGTAACTTCG	2136	3.356950067476383
CID3838_GAGAGGTCATGGCTGC	2207	5.621454357916452
CID3838_GAGCTGCGTGAACCGA	1549	6.306306306306306
CID3838_GAGGCCTAGTCGAGGT	2232	5.850896508335954
CID3838_GAGTTACCACCGGTCA	2199	7.888446215139442
CID3838_GAGTTTGCACGGGTAA	2311	5.383522727272727
CID3838_GATAGCTTCCGACAGC	1888	3.717245581962218
CID3838_GATAGCTTCTAACGGT	1831	3.266717909300538
CID3838_GATCAGTCAGAAATCA	1763	5.756885483536965
CID3838_GATGAGGCATACAGAA	1693	6.3543788187372705
CID3838_GATGGAGAGAGATTCA	2175	5.7244776626465095
CID3838_GATGGAGAGTTCCAGT	1692	8.660194174757281
CID3838_GATGGAGGTCCAAAGG	3267	5.8721143275925245
CID3838_GATTCTTAGAGAATCT	2326	3.1580411797440178
CID3838_GATTCTTCACCTATCC	2154	5.109621308208009
CID3838_GCACGGTGTAAGCTCT	2363	6.5031037540644405
CID3838_GCCAACGCAGTAGAAT	2548	4.475540649936394
CID3838_GCCAGTGCACACCGCA	1180	7.077826725403819
CID3838_GCCATTCAGTAACCTC	2751	7.1192660550458715
CID3838_GCTACCTAGTGATAAC	2460	9.411604467447562
CID3838_GCTGCAGCACATCCCT	2245	4.026955950032873
CID3838_GCTGCAGTCACTTGGA	2002	6.621754847190273
CID3838_GCTGGGTCATGATAGA	1979	8.414127423822714
CID3838_GCTTCACTCGACTCCT	1565	9.760425909494232
CID3838_GGAACCCGTGCATGAG	2325	5.790586991010048
CID3838_GGAATCTGTATAATGG	2249	4.12936760034652
CID3838_GGACGTCTCCGATGTA	2362	3.5657998423955872
CID3838_GGAGATGGTATCTCTT	2609	5.55622369212267
CID3838_GGCGTCAAGAAATGGG	2165	2.762631770265358
CID3838_GGGACCTGTTCACCGG	2378	7.547427323597653
CID3838_GGGAGATTCTGGACTA	2271	7.48502994011976
CID3838_GGGAGTATCCGAAGGA	3439	7.855723674155586
CID3838_GGGATGATCTTCCGTG	2346	9.58592446534203
CID3838_GGGTTTACACTGATTG	1841	7.580711074785452
CID3838_GGGTTTATCGTTCGCT	2611	3.528012684989429
CID3838_GGTCACGTCCACAGGC	1830	6.122844409998062
CID3838_GGTCTGGTCTTGGTGA	1421	4.93601462522852
CID3838_GGTGTTAAGAAGCTCG	2559	10.592239618788293
CID3838_GTACAGTCACGAGGAT	1422	8.850501172957987
CID3838_GTACAGTTCAGGTAAA	2084	2.464673020046007
CID3838_GTAGAGGTCACCTCTG	1877	6.886836750665205
CID3838_GTAGGTTCAAGCACAG	2498	6.717226435536294
CID3838_GTATTTCCATTGCCTC	3528	7.007575757575757
CID3838_GTCAAGTCATTCATCT	1956	6.075731497418245
CID3838_GTCAAGTGTCACGACC	3333	4.0412509432380315
CID3838_GTCACTCCACTGATTG	1823	4.758497316636851
CID3838_GTCATGATCTGAACGT	1494	8.228540185893932
CID3838_GTCTGTCTCGCACGGT	1700	7.201418125415467
CID3838_GTGAGCCTCCGATAGT	1858	7.45057232049948
CID3838_GTGCTGGTCGGCTGGT	1832	7.957455190072878
CID3838_GTGGAAGTCGGTCTGG	2166	4.841374752148051
CID3838_GTGTCCTTCGGAGTGA	2020	11.530815109343937
CID3838_GTTACGACACTGAATC	1883	6.1560486757337145
CID3838_GTTAGACAGACTGAGC	1809	6.09942638623327
CID3838_GTTAGTGGTATCCTCC	1725	4.337993421052631
CID3838_GTTAGTGTCTTTCAGT	1713	5.630085770837915
CID3838_GTTCCGTAGACTGAGC	2116	7.2426280393171245
CID3838_GTTGTGAGTAGCTTTG	1683	7.230730605071554
CID3838_GTTTACTCAACTCGAT	1897	6.898584905660378
CID3838_GTTTACTTCAAATGCC	2021	9.329896907216495
CID3838_TAACACGAGTACCGGA	2025	5.2357898511744665
CID3838_TAAGCACAGACTCTAC	2645	9.126347168080716
CID3838_TAAGCACGTAACGCGA	2317	3.648297969775607
CID3838_TAAGCCAAGATGGGCT	1846	9.153650563022158
CID3838_TACCTCGTCAGATTGC	1498	5.800633682671216
CID3838_TACGCTCCATTCACAG	2394	9.487639828752934
CID3838_TACGGTATCTCTCCGA	2416	6.244074224569958
CID3838_TACGTCCTCTCGACGG	2130	6.689081578481685
CID3838_TACTTCATCATCACAG	2791	6.511102747459541
CID3838_TATCAGGTCCGACATA	2501	7.720728755255446
CID3838_TATCTTGAGGTTATAG	1775	8.39030453697949
CID3838_TCACAAGAGACGCTCC	1984	7.796004547669319
CID3838_TCACACCGTGGGATTG	1700	4.108108108108108
CID3838_TCACGCTCATTGCAAC	2156	11.744759556103576
CID3838_TCAGCAAAGGACAGTC	2127	6.962025316455696
CID3838_TCAGTTTAGCAGATAT	1464	6.930443548387097
CID3838_TCAGTTTAGGTGCTGA	1821	5.450777202072539
CID3838_TCATCATCAGCGCGTT	1754	18.425960462513988
CID3838_TCATGAGAGTTTCGAC	4069	6.494060310691441
CID3838_TCATTCACAGCTGCCA	2913	3.5470186189017205
CID3838_TCCATCGAGTCAACAA	2272	7.392638036809816
CID3838_TCCCAGTAGCATCCTA	2139	8.602797413144833
CID3838_TCCCATGAGCGTGCCT	1990	8.93707033315706
CID3838_TCCTAATGTGTGTGTT	2281	6.398210290827741
CID3838_TCCTGCAAGTCCGCCA	2371	11.039292396666099
CID3838_TCCTTCTAGCTCGGCT	3978	8.476332318849964
CID3838_TCCTTTCTCGAAACAA	2036	4.994686503719448
CID3838_TCGGATACATAATCGC	3197	6.507362666431532
CID3838_TCGTCCACATGCCGCA	1365	6.271576524741082
CID3838_TCGTGGGCAAAGCTCT	1157	4.9465769687376335
CID3838_TCTATACAGGTGCAGT	1541	7.960199004975125
CID3838_TCTATCACATAATGCC	1455	4.237918215613383
CID3838_TCTCACGCACGGAAGT	2355	11.04049660065031
CID3838_TCTCACGGTATCGCAT	1721	12.744528374975788
CID3838_TCTGGCTCACTCTAGA	2022	8.27634578292127
CID3838_TCTGGCTGTAACAGGC	2630	4.38508784459363
CID3838_TCTGGCTTCGGAGATG	2246	8.652373660030628
CID3838_TGACAGTCACAACGAG	2357	3.091473743647657
CID3838_TGACAGTGTGTCACAT	1902	5.745605745605745
CID3838_TGACGCGCAACCAATC	2140	6.318207926479034
CID3838_TGACTCCCAACGATTC	2118	6.153590976944767
CID3838_TGAGGAGCAAATTAGG	1575	6.040417499444815
CID3838_TGATTCTCAACACAAA	1895	8.124051913028822
CID3838_TGCAGATCATGAGGGT	2339	6.06330806954971
CID3838_TGCAGGCGTGCGTGCT	2568	6.892282294676022
CID3838_TGCAGTAAGAAACTCA	2249	5.6360201511335015
CID3838_TGCATCCCACGTCTCT	2052	7.394495412844036
CID3838_TGCATCCGTGGATCAG	1721	6.70611439842209
CID3838_TGCGATACAGGCTTGC	3046	4.89083904109589
CID3838_TGCGGGTAGCGAAACC	1313	7.228915662650602
CID3838_TGCTCGTGTCGAAACG	2112	6.991672449687717
CID3838_TGCTTGCTCGCATTAG	2202	3.6380255941499087
CID3838_TGGAACTGTAATGCTC	2303	4.096862625647274
CID3838_TGGAGAGAGGAGGTTC	1954	9.361252859405242
CID3838_TGGAGGAGTCCTCATC	2432	10.465910643530536
CID3838_TGGGAAGCATAGGTAA	3119	6.167313239828907
CID3838_TGGGAAGTCCACTGAA	2488	5.475083056478406
CID3838_TGGGATTCAACAGTGG	2141	3.902987471892066
CID3838_TGGGCTGAGCATCGAG	1280	3.907424105801022
CID3838_TGGGCTGCAACTACGT	1903	7.355298308103294
CID3838_TGGTACACACATGACT	2141	5.77062490938089
CID3838_TGTAAGCGTTGCTCCT	1774	9.412665008609144
CID3838_TGTCCCAGTTGAGGAC	1514	11.098925202895371
CID3838_TGTGCGGAGTCGTTAC	2030	5.666350110794555
CID3838_TGTGTGAGTGTACATC	2068	6.185887472800746
CID3838_TGTTCTAGTGCGTCGT	1197	9.536891679748823
CID3838_TGTTTGTCAATTAGGA	1979	9.417670682730924
CID3838_TTAATCCCAGAGACTG	2032	6.5344664778092545
CID3838_TTAATCCTCTCTCAAT	1492	5.358453633471984
CID3838_TTACAGGTCCGAGGCT	1813	14.236050756127238
CID3838_TTACGTTTCATGGAGG	1463	7.662133891213389
CID3838_TTCACGCGTGTTCATG	1049	8.575428771438572
CID3838_TTCCAATAGATGCTGG	2053	3.58264081255771
CID3838_TTCGATTCATTCTGTT	2064	4.256043581886279
CID3838_TTCGGTCAGTGCAGCA	2439	10.567465321563683
CID3838_TTCTCTCGTATAGCTC	3638	4.596346493812611
CID3838_TTGCCTGGTTCCGCGA	1941	8.477508650519031
CID3838_TTGGATGTCTTCGACC	2085	15.549391277546617
CID3838_TTGGTTTGTCTCTCTG	2222	5.93886462882096
CID3838_TTGTGGAAGGGACACT	2551	6.581372655318226
CID3838_TTTACCAGTCCGGCAT	2058	6.72893962982183
CID3838_TTTACCATCTTTGCTA	1807	4.5822102425876015
CID3838_TTTACGTAGTTGTCGT	2403	7.135915590726086
CID3838_TTTACTGAGGAAAGGT	2244	10.516300900672332
CID3838_TTTCACAAGGTTATAG	2126	8.260038240917781
CID3838_TTTCAGTTCGAAGAAT	1592	8.441247002398082
CID3838_AACAAGAGTGGTACAG	1868	7.191911484166348
CID3838_CTATAGGAGCTGAAAT	1326	4.196018376722818
CID3838_TCTCTGGAGCTCGGCT	1831	3.794133145968734
CID3838_CAGCAATAGTTGCGAG	2441	7.3566921734461
CID3838_GTTGAACTCATCCTGC	1728	3.0214861235452104
CID3838_ATCACAGTCCTCACGT	1900	5.10930350788002
CID3838_CGATCGGTCGTACCTC	1643	3.812180381218038
CID3838_CGCCAGATCCTAGCCT	2419	3.9648122909181014
CID3838_TAACTTCTCACCATCC	2013	3.5238095238095237
CID3838_TGAGACTCAAGGTACG	1522	3.357879234167894
CID3838_AAGGAATCACAGTCCG	1651	13.01535974130962
CID3838_AATGACCGTATTGCCA	1328	3.0094043887147337
CID3838_ACAAGCTAGCGCCTTG	1961	7.652173913043478
CID3838_ACAGAAACAATTCTCT	2202	2.743712325919767
CID3838_ACAGGGAAGGTAAGTT	1999	3.7140019860973186
CID3838_ACTCCCAGTACCAATC	1904	5.662464056624641
CID3838_ACTGTCCCACCGTGAC	2248	6.99965433805738
CID3838_AGGTTACTCGGTGAAG	1731	7.513017604760725
CID3838_ATAGACCAGTTAACGA	1838	4.373333333333333
CID3838_ATCGTCCCATGCAGCC	1354	15.985960433950222
CID3838_CAGATCAGTTATGTGC	2256	7.761759137905927
CID3838_CATACCCCATGAGATA	1649	4.98960498960499
CID3838_CATCGCTTCGCAACAT	2104	5.538809344385832
CID3838_CCACGAGAGATGCAGC	1615	5.508583141173457
CID3838_CCGGTAGAGTGAATAC	1709	4.96908632928784
CID3838_CCTCAACAGTAGTCTC	1315	9.39282120093928
CID3838_CGAAGGATCTCTTGCG	1982	11.763535031847134
CID3838_CGTTAGATCTAGACAC	1614	9.366658578015045
CID3838_CTCAACCAGCATCCTA	2177	3.094896495183439
CID3838_CTCCGATTCAGCAGAG	1109	8.952380952380953
CID3838_GAATCACGTACAGAGC	1135	7.101053452984783
CID3838_GACATCATCCTTATAC	1794	7.854678303227115
CID3838_GACCTTCTCTCTAGGA	2352	8.741968211024687
CID3838_GCATTAGCACATGACT	1267	14.466484268125853
CID3838_GGCTTGGCACCCAAGC	2058	6.325807053554768
CID3838_GTACAACGTCGCCTAG	2178	7.496891099662461
CID3838_GTATTGGTCATTACGG	2159	9.260326609029779
CID3838_GTCAGCGAGTCACACT	1929	2.4763135228251505
CID3838_GTGAGGACATCAACCA	2214	7.316646245405216
CID3838_GTGAGTTGTAAGACCG	2034	5.633489200623469
CID3838_GTGGCGTCACAGTATC	1509	3.7625861155272924
CID3838_TAACTTCTCCAGCACG	1733	9.044823906083245
CID3838_TACCGGGTCGAGAAGC	1580	10.384805130735076
CID3838_TCCATCGAGCATCCCG	2408	10.470519895440024
CID3838_TCGCACTGTCCGCAGT	1557	8.094965675057209
CID3838_TCGGGTGAGTTGTCAC	1573	8.11275352354761
CID3838_TGTGGCGAGGTGAGAA	1869	2.358286456079619
CID3838_TTGTTGTGTGCCCTTT	2055	9.154150197628457
CID3838_TTTCATGCATAGGCGA	1658	8.499005964214712
CID3838_AAGCGTTGTCACTCTC	1942	7.9362599593813465
CID3838_AAGTACCCATGTACGT	2389	5.445705024311183
CID3838_ACGTACACATAAGCGG	2078	4.687224669603524
CID3838_ACGTTCCCAGCAGGAT	2258	8.63526570048309
CID3838_AGATAGACAAACGGCA	2863	4.9703177744150855
CID3838_AGGAGGTGTAACCAGG	2578	5.304292120435618
CID3838_ATACCGATCTGCGGCA	1176	5.964214711729622
CID3838_ATCACAGTCACGGGCT	3205	5.535847647498133
CID3838_ATCCCTGGTGTGCCTG	1733	6.47801683816651
CID3838_ATCCCTGTCCTCACTG	1846	5.68258999320806
CID3838_ATCGTCCAGCGACTAG	1300	2.037252619324796
CID3838_ATGAGGGCAGAATTCC	2034	4.129263913824058
CID3838_ATGGGAGAGTATTGCC	1022	12.907735321528424
CID3838_ATTCCCGCAGAATGTA	1780	4.53781512605042
CID3838_CACCGTTTCTCCCATG	2902	6.229177183240788
CID3838_CACGGGTCAGACCTGC	2842	1.243715268589574
CID3838_CACTGTCGTCGATTAC	1961	3.031480761756704
CID3838_CATGGTATCTTGTTAC	1745	8.852772466539196
CID3838_CCAAGCGTCCGTACGG	1657	10.176800344976284
CID3838_CCAATGACACTACCCT	3206	3.786455758774098
CID3838_CCACACTGTTACCTGA	2588	1.9591141396933562
CID3838_CCGGTGAGTTCGCGTG	1528	2.0556530458761593
CID3838_CCGTGAGAGAAGTATC	1138	5.789056304520222
CID3838_CCTTCAGGTAGACGTG	2493	4.370985430048567
CID3838_CCTTTGGGTTCTGAGT	1953	13.98182169793077
CID3838_CGAGGCTGTATGACAA	3046	7.7031470173790515
CID3838_CGATCGGTCACTGTTT	1871	5.759075907590759
CID3838_CGCGTGAGTCACAGAG	2148	6.474938373048481
CID3838_CGGAATTCATGTCTAG	1357	6.211656441717792
CID3838_CGGACACTCACCGGGT	2155	5.834487534626039
CID3838_CGTGAATAGGATTCCT	1616	5.308335215721708
CID3838_CTCAACCGTGGTTTGT	1339	4.900504900504901
CID3838_CTCCCAAGTAACCAGG	2009	4.871601208459214
CID3838_CTGATCCGTCGCTCGA	1184	6.169665809768637
CID3838_CTGCTCAGTCGCTGCA	2868	6.566694884508404
CID3838_CTGGCAGAGCATTTCG	3242	9.640575079872205
CID3838_CTGTACCAGCTCCACG	1315	6.243532252500862
CID3838_CTGTCGTAGCGGTAAC	2361	9.5928338762215
CID3838_CTTTCGGCATACATCG	1854	8.623787279913762
CID3838_GAATAGACACGAGGTA	2706	6.275082086829624
CID3838_GACCTTCAGTTGAAGT	1561	14.295053388537807
CID3838_GAGGGATTCGTTGTTT	1324	5.938894610367319
CID3838_GAGGGTACATGTGTCA	1376	16.344017772135828
CID3838_GAGTCATCATAATCCG	2136	6.828193832599119
CID3838_GAGTGAGCAACGTATC	1744	8.93755548978988
CID3838_GATCCCTTCCCAATAG	2186	7.610529868376645
CID3838_GATGCTAGTCAATGGG	2290	4.348644578313253
CID3838_GCTGCAGTCTCACGAA	1252	5.726872246696035
CID3838_GGAGATGAGAGCATTA	2023	10.713630526508897
CID3838_GGTGATTTCTAGAACC	1849	9.64550700741962
CID3838_GTAACCATCTAGAGCT	2768	12.255631636399722
CID3838_GTAGGAGAGTTGAAGT	2386	7.489617642846914
CID3838_GTCACTCAGTGGAAAG	995	2.510085163603765
CID3838_GTCCACTGTGCTCTTC	1633	4.407570650764843
CID3838_GTGACGCGTGTCACAT	2897	7.649253731343284
CID3838_GTGATGTTCTATTTCG	2443	6.886834986474301
CID3838_GTTTACTTCCCGTTGT	1673	4.60091509913574
CID3838_TAATCTCTCAAACCCA	2245	8.970925784238714
CID3838_TACACCCTCCACGGGT	4210	4.8723136654453985
CID3838_TCAGTGACATACGCAT	2527	4.573687182382835
CID3838_TCATACTAGATGACAT	1919	6.319702602230483
CID3838_TCATGCCGTTCGGGTC	2028	1.3975726369988968
CID3838_TCCTAATTCCAGTACA	1821	7.912366467499547
CID3838_TCTTCCTTCAGAGTTC	1840	11.870580672809085
CID3838_TCTTTGAGTCGCTTGG	2532	7.447413303013076
CID3838_TGAGCGCGTGCCTATA	1605	8.672798948751643
CID3838_TTCCACGAGCACTGGA	2777	4.693552061973114
CID3838_GGGAAGTTCATATGGC	1136	12.470379146919433
CID3838_TGAGGGATCTACTGAG	1199	7.5
CID3838_ATTGTTCGTTCGTTCC	1688	9.680741503604532
CID3838_GGACGTCGTCTCAAGT	1528	12.663877266387727
CID3838_GAATCACTCTGTCGTC	1529	9.386485722363586
CID3838_CCGGACAAGCCATTTG	1393	12.893982808022923
CID3838_CTTCTCTAGAGTAACT	629	7.953667953667953
CID3838_CTCATCGTCACGGAGA	2101	7.746288798920379
CID3838_AACTTCTTCCAGTGTA	1693	3.8010996892182645
CID3838_AATCGTGAGCTGGCCT	1670	8.130469371519492
CID3838_AATTTCCGTACAAACA	1141	9.765990639625585
CID3838_ACGGGTCAGAGCAGCT	1755	3.808073115003808
CID3838_AGAACAAAGGATGGCT	1184	2.4554223911137094
CID3838_AGATCGTGTATGTCCA	1265	8.059548254620124
CID3838_AGGACTTAGGCTCCCA	2468	8.488437676254936
CID3838_ATCGTCCAGAGAGGTA	1380	8.651399491094146
CID3838_ATGTCCCCATCGGAGA	1969	7.665939545029604
CID3838_CAACCTCCACAGAGCA	2304	7.141107300342969
CID3838_CAACGATTCAGGAGAC	2177	4.917015666201334
CID3838_CACTGGGAGCGCGTTC	1251	5.015450439743285
CID3838_CAGATCAAGTGACACG	1194	13.237410071942445
CID3838_CATAAGCGTATTGCCA	1099	7.656879677605066
CID3838_CATCCGTAGTAAACAC	2690	8.609640568403455
CID3838_CATGCGGCACCCTGTT	1463	11.338661338661339
CID3838_CCACAAAAGGCGTTAG	1177	11.081007856949336
CID3838_CCACCATGTAGACAGC	1264	7.054741711642251
CID3838_CCGATGGGTTGGCTAT	1428	11.18026228050678
CID3838_CCGGTAGCACTTGGGC	1765	10.644094181747422
CID3838_CCTCTCCGTGGACTAG	1940	9.210110584518167
CID3838_CCTGCATCATCCGCGA	1690	8.706467661691542
CID3838_CGCATAAAGTACGAGC	1205	4.154538237629002
CID3838_CGCATAACAATCCAGT	1534	8.240618517820101
CID3838_CGGGACTCAAGAATGT	2209	6.231643468267143
CID3838_CTCAAGAAGCTAGCCC	1656	5.958010213731795
CID3838_CTCCAACGTTACACTG	2964	5.1436634171369935
CID3838_CTCCCTCTCACGAGGA	1416	9.042056074766355
CID3838_CTCGAGGGTAGCGTCC	1617	7.31862537123462
CID3838_GAAGGACCAAACACCT	1865	3.3050468959356856
CID3838_GACCAATCATGAAGCG	1947	6.558641975308642
CID3838_GACTGATCAGTGGTGA	1457	9.79539641943734
CID3838_GACTTCCTCGGATTAC	2641	4.575011611704598
CID3838_GAGGGTAAGTCCCGGT	2335	7.250755287009064
CID3838_GATGCTACACGCTGCA	1278	9.4106463878327
CID3838_GCAGTTATCTATCGTT	2196	7.938388625592417
CID3838_GCCAGCACAACCCGCA	1588	7.00299470168164
CID3838_GCCCGAAAGTTGTACC	1443	6.741321388577827
CID3838_GCTACCTTCGACATTG	1994	9.801264679313459
CID3838_GCTGCAGAGCTGTTAC	1525	9.743220542356612
CID3838_GGGTAGAAGCCAACCC	1378	13.94658753709199
CID3838_GGGTTATGTCTCCTGT	1325	8.15923207227555
CID3838_GGTAACTGTATGTCAC	1294	6.71281728550451
CID3838_GGTAGAGCAGGCACTC	1422	7.961528185947102
CID3838_GGTCACGTCGTCTACC	1410	15.53072625698324
CID3838_GTAACACTCCACGTAA	1329	4.501101668240478
CID3838_GTGAGGACAACGTTAC	1511	6.438415159345393
CID3838_GTGCTGGTCACTGGGC	2928	7.93459174714662
CID3838_GTGTCCTAGGGTAGCT	1710	12.66638935108153
CID3838_TAGAGTCGTGGTTTGT	502	12.569832402234638
CID3838_TAGGTTGAGTGGCGAT	2199	3.3459412278149547
CID3838_TATCTTGAGCATAGGC	2093	7.0019284972556
CID3838_TATTGGGCACAGAAGC	2551	5.429575215586075
CID3838_TCATACTAGAGTCTTC	1364	5.408112168252378
CID3838_TCATTCAAGACGCTCC	1373	11.504647073599598
CID3838_TCCTCTTAGTTCAACC	1608	11.424202708606378
CID3838_TCTACATAGTCTGCAT	1577	5.477920626048071
CID3838_TGAATGCGTGCAAGAC	2488	9.773853779429988
CID3838_TGCGGGTAGTTGCCTA	1488	8.430664684646421
CID3838_TGCTCCAAGAAAGCGA	2440	6.82342599714317
CID3838_TGGAGAGCATTAAAGG	1456	4.894690002966478
CID3838_TGTCCACAGCACTAGG	1290	8.359207069500837
CID3838_TTATTGCGTAGTTAGA	987	11.251920122887865
CID3838_TTCAGGAAGATCCGAG	1842	8.41961320570424
CID3838_TTCATGTCAACGTATC	1581	8.656080557707204
CID3838_TTCGCTGCACGAAAGC	1442	6.371433572553825
CID3838_TTCGGTCAGTGAGTGC	1586	11.402423942616869
CID3838_TTCGGTCCAAATGATG	1497	13.51122405760271
CID3838_TTGACCCCAGTCCCGA	1923	4.439492629413781
CID3838_TTGCATTCATAACTCG	1923	4.186624090828455
CID3838_TTTGACTCAAAGGGCT	1548	10.785729016292018
CID3838_AGTCACATCTACACAG	3835	6.0685455317943635
CID3838_GTCCCATTCATCCTAT	5921	7.509207475105716
CID3838_GTTAGACCAACGTATC	2447	8.42668450091958
CID3838_TGGTACATCATCAGTG	2425	9.673366834170855
CID3838_TTCTAGTTCTTTCCGG	3281	6.60595021250759
CID3838_CAACGGCGTCGCATCG	1554	1.6389491443721378
CID3838_ACAGAAAGTAACGCGA	5465	8.172869665181778
CID3838_AGACCCGCACAAGTTC	3342	7.984675874584131
CID3838_AGCCACGGTCGTTATG	6137	6.61217026540106
CID3838_AGGTTACAGTATGATG	3298	6.343283582089552
CID3838_AGGTTGTGTCGGAAAC	4206	7.099536211202283
CID3838_ATGAGTCCAAGCTCTA	3332	3.656920766716721
CID3838_ATTGTTCTCTGAGAGG	2836	8.185100976327405
CID3838_CACAGATGTCGACTGC	3635	13.29018530011526
CID3838_CATACAGGTAGCCAGA	3696	6.020569026349373
CID3838_CATCAAGCAGCCTATA	3917	8.115811581158114
CID3838_CATGCCTCACGACTAT	2164	5.359406119862394
CID3838_CGGAACCCACCTCGTT	2983	8.5965483555845
CID3838_CTCAACCGTCCGTACG	4286	2.8735288846406597
CID3838_CTGCCTAAGACTGTTC	3817	5.76105886450714
CID3838_CTGTATTCATAGACTC	3034	5.913191904413558
CID3838_GACCAATAGGTATCTC	3483	4.149335497615907
CID3838_GATAGCTCACAAGTTC	3793	5.713859465910786
CID3838_GCAACATAGCGTATAA	5473	9.262490087232356
CID3838_GCACTAATCCTTGGAA	576	10.147299509001636
CID3838_GGCGTCAGTATCGAAA	3175	10.43753294675804
CID3838_GGGATCCCACAAGTTC	3355	2.99077843316441
CID3838_GGTGGCTCAGTTAGAA	2421	7.065959059893859
CID3838_GTACAGTAGGCTAGCA	4757	8.302605957658367
CID3838_GTGCAGCGTTCTAACG	3905	4.047517427799118
CID3838_GTTGCTCCAAATGCTC	3479	11.875
CID3838_GTTGTAGCACGATTCA	5835	6.984292586796499
CID3838_TCGATTTGTAAGATTG	997	5.150884495317378
CID3838_TCTAACTCAGTTAGGG	3274	9.586296704397476
CID3838_TCTACCGAGTTCGGTT	3401	9.723693077885818
CID3838_TCTACCGGTAAGAACT	5086	6.912576241649725
CID3838_TGAGCGCAGACAGCTG	1485	10.086375034828643
CID3838_TGATGCAAGCACACAG	3681	5.079338426664428
CID3838_TGCGGGTAGCGCCTTG	2765	5.998389694041868
CID3838_TGGTACACAACTTCTT	4312	3.905843141339444
CID3838_TTACCATTCGTAACAC	5946	6.762852404643449
CID3838_TTATTGCAGTGTTGAA	3068	4.026920919798093
CID3838_CGCCATTTCTCGCTTG	1669	8.980301274623406
CID3838_CTACCTGAGTGGTTGG	1527	6.787825706152835
CID3838_GAGCCTGAGGCAGCTA	1731	6.084818684695759
CID3838_TCTGTCGCAACCGGAA	1632	12.011113485787561
CID3838_AAGTTCGCAATGAGCG	1671	6.990813354246023
CID3838_ACTTTCATCATGAGGG	1533	9.154228855721392
CID3838_AGACAGGGTAACCCTA	1531	8.419280151547042
CID3838_AGGATCTCATCTTTCA	1772	9.484139698814483
CID3838_AGGCTGCCACAGAGAC	1815	7.44969040247678
CID3838_ATCACGATCGTCAGAT	1588	5.7412504915454186
CID3838_ATGCGATTCGAACGCC	1641	7.213753987947537
CID3838_ATGGGAGTCAAATAGG	1244	8.002735978112176
CID3838_CACACAATCACCTCTG	3168	4.872981395788082
CID3838_CATCCGTCAGACCCGT	1827	7.2595905728539485
CID3838_CATCGTCGTGACTAAA	1223	8.876694641704326
CID3838_CCGATCTCACATTCTT	1695	6.757421682794817
CID3838_CCGGTAGGTACGATGG	1592	8.391054818919454
CID3838_CCTATCGAGTCTCCTC	1818	3.793103448275862
CID3838_CGAGGCTCATGTTCAG	1715	8.880818752063387
CID3838_GAAACCTGTGCTCTCT	1773	7.80774690732103
CID3838_GAGAAATGTTGGCTAT	1517	10.790273556231003
CID3838_GGGACAACACCTAAAC	2069	8.440207972270365
CID3838_GTAGAAATCGATTGGT	1788	15.589988081048867
CID3838_GTTAGTGCACCACTGG	1565	9.55162019593067
CID3838_GTTCTATAGCAGGTCA	2214	8.582299887260428
CID3838_TCTACATGTTTCTATC	1245	12.407211028632027
CID3838_TGTCCACCACTACTTT	1920	4.738330975954738
CID3838_TGTCCCATCTCGAGTA	1261	9.697841726618705
CID3838_AAACCCATCTTAGCTT	6694	4.703794098069669
CID3838_AAAGGATTCTCCTGCA	3951	6.652000838047349
CID3838_AAAGGGCAGGATACGC	4934	8.39898231309199
CID3838_AAATGGATCAAGTGTC	4341	7.325690388636527
CID3838_AACAAGAAGCGGGTAT	5924	7.7066080784181175
CID3838_AATTCCTCAGTCCCGA	5060	2.6210411357844925
CID3838_AATTCCTGTGTGAATA	5602	4.424112993253409
CID3838_ACCAACAGTAGTGCGA	5430	11.028250015799786
CID3838_ACCCTTGGTCACCACG	5375	16.352130502039095
CID3838_ACCTACCAGGCGTCCT	4740	9.261267366994238
CID3838_ACGATGTAGGCTCAAG	2508	16.66373703638601
CID3838_ACGGAAGGTGATGGCA	6297	8.262562245359891
CID3838_ACGGTTAAGTGCTACT	3784	11.47728718666497
CID3838_ACTTAGGTCTTAGGAC	6015	16.2033650329188
CID3838_ACTTCGCCAGGTGTGA	6444	12.2288005750279
CID3838_AGACACTTCTGGGCAC	4666	7.195829978387083
CID3838_AGAGAATTCGTTCATT	4291	7.352059775442522
CID3838_AGCGATTAGCTAATCC	4643	8.627189006060028
CID3838_AGGACTTCAAACTCTG	4541	7.679215463792195
CID3838_AGGATAATCTAAACGC	5520	5.592597632330929
CID3838_AGGGCTCCATGAAGCG	4017	5.992509363295881
CID3838_AGGTTGTTCGTTACCC	5099	10.825033952014486
CID3838_AGTAGCTCACACAGCC	3555	11.095305832147938
CID3838_ATACTTCGTTCCTAGA	2699	15.75971076295541
CID3838_ATCACGATCAACACGT	6438	10.057153991037215
CID3838_ATCGTGATCAGCGCAC	4575	6.3498920086393085
CID3838_ATCTCTACACATCCCT	4116	4.779752704791345
CID3838_ATGAGTCTCCTTATCA	4352	7.179249652616952
CID3838_ATGCATGCATAACGGG	4937	9.773083965472143
CID3838_ATGGATCTCTCTATAC	5460	4.734658847089115
CID3838_ATTCTTGTCCGATAAC	4570	13.001586941736567
CID3838_ATTTCACTCACCTCGT	5025	14.290903087336964
CID3838_ATTTCTGGTGCCCTTT	6355	8.739555495416258
CID3838_CAACGGCCACTCTAGA	4551	7.834392390575048
CID3838_CAAGCTAGTTCGGACC	6411	8.62305746295627
CID3838_CAAGCTATCCGAGAAG	5851	7.989783115253629
CID3838_CAATTTCGTATCACCA	3537	17.738143908421915
CID3838_CACGAATCAGGTCCGT	5674	6.502247020255749
CID3838_CACTGTCTCGTTCTGC	4653	4.037467700258398
CID3838_CAGATACGTGGCTCTG	5650	9.265903280555138
CID3838_CAGATCACAGGGACTA	4359	6.047253346762348
CID3838_CAGTTCCGTTCGAACT	6915	7.5989544436146375
CID3838_CAGTTCCTCCACGTCT	5940	5.641964013418725
CID3838_CATCGGGTCGTCCTCA	5106	7.61339792244126
CID3838_CATGCAATCGTAGTGT	5057	6.645504511653881
CID3838_CATGCCTCACTTCATT	5132	6.563802650407516
CID3838_CCAAGCGGTGTACAGG	4567	9.365409714628383
CID3838_CCCTAACTCCTGCCAT	4027	8.500497564552454
CID3838_CCCTCTCAGACGTCCC	4966	6.86383540696462
CID3838_CCCTGATTCAGTCATG	3374	8.59455958549223
CID3838_CCGGACACAGAAATTG	5503	6.414038272445352
CID3838_CCGGTGAAGCCACTCG	5694	6.108410906993987
CID3838_CCGGTGAAGGAACGAA	3684	9.950008063215611
CID3838_CCGTTCACAGAATGTA	4881	6.314040432013293
CID3838_CCTTTGGGTATGACAA	5295	9.34864925064435
CID3838_CGGACACCAGCAAGAC	5106	6.874342797055731
CID3838_CGGAGAATCGGCATAT	5187	5.870165745856354
CID3838_CGTCCATCACCAGACC	5703	7.520175262110746
CID3838_CGTGATACAGCCATTA	5470	5.18022346061987
CID3838_CGTTCTGAGGAAGTCC	4993	8.345364383905594
CID3838_CTACCCAGTCTAGGTT	5135	9.93194983409257
CID3838_CTATAGGCAAAGGGCT	4615	9.788561273709789
CID3838_CTCAGTCAGCACCGAA	4699	6.22698603667651
CID3838_CTCATGCAGCTTGTTG	3604	7.026208349795865
CID3838_CTCCAACAGGAACGTC	5045	12.351838719481309
CID3838_CTCCCTCTCTCAAAGC	4389	5.7823870321146895
CID3838_CTCTGGTAGTGTCATC	4574	6.6367377478488585
CID3838_CTGCAGGTCTACAGGT	4034	11.102306376944572
CID3838_CTGCCATAGGTGGGTT	4548	7.072592805342142
CID3838_CTGGCAGGTAGTGGCA	6282	8.43362575219314
CID3838_CTGTACCGTCGTTGCG	5335	9.03744702931765
CID3838_CTGTGAAGTACCCGAC	3783	10.967565846335805
CID3838_CTGTGAATCCTCGATC	2450	12.127185464518341
CID3838_CTTCAATGTACGGGAT	5502	5.652258002127454
CID3838_CTTCGGTAGGATGAGA	4380	10.02888196397355
CID3838_GAACGTTTCCCGTGTT	5746	12.943527184772321
CID3838_GACTTCCTCGATGGAG	6052	7.027136866606322
CID3838_GAGGGATAGAGTAACT	5018	5.854712902922658
CID3838_GAGTCATTCAGCGGAA	2545	8.085471920970685
CID3838_GAGTCTATCCACTGGG	5087	9.433609570689763
CID3838_GATCCCTCAACCGACC	6084	9.539954652370156
CID3838_GATGACTCAGGGTCTC	4909	6.137887128787027
CID3838_GATTGGTGTCTAGGTT	3314	11.132086961817185
CID3838_GATTGGTTCAAGGACG	3460	6.503715531535957
CID3838_GCACGTGCAATTGTGC	6777	8.3345785392904
CID3838_GCATGATTCAAGCCCG	4687	6.881260035170884
CID3838_GCCAGCACAATAAGGT	6238	8.081048352218666
CID3838_GCCAGTGGTATCAGGG	4071	8.399122807017543
CID3838_GCCCAGACACTGGACC	4952	4.0118073259090306
CID3838_GCCCGAAAGTATGACA	947	3.512396694214876
CID3838_GGAATCTGTTCCTAGA	4484	9.772383517172686
CID3838_GGAATCTTCGATCCAA	4394	6.92290893208124
CID3838_GGACGTCGTCAGGTAG	5102	11.222322441735285
CID3838_GGAGATGAGCTGGTGA	5876	9.05078173342684
CID3838_GGGACCTAGCAGTAAT	6239	13.70681982299696
CID3838_GGGACCTTCATCGCTC	5851	6.5096818137588786
CID3838_GGTAACTCATTATGCG	6457	6.761692198437659
CID3838_GGTCTGGTCTGCATAG	3038	3.531313131313131
CID3838_GGTGTTAAGCCTCTTC	5157	10.89248793935217
CID3838_GTACAACAGCTCTGTA	6488	9.058060422321713
CID3838_GTACAGTTCGAACGCC	5952	5.320548556137808
CID3838_GTCAAGTTCACTTGGA	5490	10.46858677809282
CID3838_GTCATTTTCCTAGCCT	4578	7.871869815941228
CID3838_GTGATGTCATCGGATT	5502	8.077685907838138
CID3838_GTGGCGTAGGTTACAA	4150	6.39347873981053
CID3838_GTGGGAAGTATGTCTG	4343	15.136426336507084
CID3838_GTTCGCTAGGCAGGTT	5530	6.773088023088023
CID3838_GTTCGCTAGTAACAGT	3532	10.301172707889124
CID3838_GTTGTAGGTCGCATGC	4514	11.304655805267563
CID3838_TAACACGCATTCGATG	6336	5.316786414108425
CID3838_TAACGACCAGCATGCC	4947	6.664546348233389
CID3838_TAAGCACTCTATTCGT	6209	9.262829162971817
CID3838_TAAGCCAGTCTGCCTT	5947	5.46314824078706
CID3838_TACAACGAGTCCTGCG	4804	5.404176545094345
CID3838_TACCCGTAGCGAGAAA	4551	11.743706072663716
CID3838_TACCTCGCATGACTGT	5401	7.615115115115115
CID3838_TACTGCCTCACTAGCA	6027	9.056994319822856
CID3838_TCAAGTGCATTAGGAA	5476	10.366868990707417
CID3838_TCAGCAAAGATGTTAG	4776	7.173245919933045
CID3838_TCAGCAATCGATGCTA	4804	5.5667134033119865
CID3838_TCATACTAGGCCTAGA	3849	4.990391894252606
CID3838_TCATACTTCTGTAAGC	4732	8.755455627562492
CID3838_TCATCATAGACCAAAT	4128	4.335623729797736
CID3838_TCATCATCAAATACAG	5747	8.001931084424598
CID3838_TCCACGTAGACAACAT	5213	10.808975685463011
CID3838_TCCATCGAGTTCACTG	4984	8.13352452729516
CID3838_TCCGAAACATCGTTCC	6564	8.935083319228816
CID3838_TCCGATCTCCGTATGA	5155	7.2555014075127895
CID3838_TCGACCTAGCAAGTCG	6741	5.9045366656546125
CID3838_TCGCTCAGTTCCTAGA	3459	9.746267809502186
CID3838_TCGGGCACAAGGATGC	4727	5.551284022758727
CID3838_TCGTAGAAGTAGACCG	6203	8.229103769516087
CID3838_TCGTGCTTCCGCGAGT	4641	9.44264998969143
CID3838_TCTCAGCAGTATGACA	4272	5.444199082724648
CID3838_TCTCCGACATCCTCAC	5020	5.821599876218475
CID3838_TGACCCTCATCGGAGA	3338	10.255387071029528
CID3838_TGAGGTTTCCCATGGG	4475	7.499345769935324
CID3838_TGATTTCGTTTACACG	5076	6.792386426958383
CID3838_TGCGACGAGTATTCCG	5643	5.344842128939748
CID3838_TGCTCCACAGCTTTCC	6476	9.329767963426205
CID3838_TGCTCCATCTCGGTCT	4614	5.499510652713995
CID3838_TGCTGAAGTTCTCGTC	4858	8.850151927075004
CID3838_TGCTTGCCATAACAGA	5030	9.588799341137715
CID3838_TGGATGTGTTTCGTGA	3361	13.99880584052543
CID3838_TGGGATTTCATTACGG	1001	6.14500442086649
CID3838_TGGTGATGTCCACAGC	4220	13.589848546868605
CID3838_TGTCCCAGTATGTCCA	6247	7.508748483303146
CID3838_TGTGATGTCAAAGCCT	5386	8.816458739276767
CID3838_TGTGTGATCGCCTTTG	5490	8.714121699196326
CID3838_TTACGTTTCACCTTGC	4064	8.465826194306237
CID3838_TTCATTGGTTCGGCGT	7296	9.385425054641667
CID3838_TTCTCTCGTACGCTTA	3761	6.5873624968022515
CID3838_TTGAACGAGTAACGTA	5005	7.164379954948366
CID3838_TTGTGGACATGAAAGT	4544	6.238727660272176
CID3838_TTGTTCACACATATGC	6879	6.2265009096422075
CID3838_TTGTTCATCGCACGGT	3677	7.516339869281046
CID3838_TTTACGTAGATTGATG	6561	7.821035681500097
CID3838_TTTACGTTCGATACGT	5707	9.981494596879212
CID3838_TTTCACATCACTTGTT	6161	6.8089559240081545
CID3838_TTTCACATCTCAATCT	4395	5.977410947002607
CID3838_TACTTCACACCAGCGT	7348	8.831203095684803
CID3838_ACTTCGCGTCTTCGAA	3259	15.94645271006846
CID3838_ATGGGAGCATTGACTG	4738	7.452265602735822
CID3838_CCACGTTTCCGTCACT	6236	6.67681748971661
CID3838_GTAGAAATCTCAACCC	4045	7.327291037260826
CID3838_TACACCCAGGATCATA	5056	5.9428403064231
CID3838_TCTCAGCAGTAGCCAG	6879	11.078304003779378
CID3838_AACGAAAGTCCTGTCT	7390	8.806211669998232
CID3838_ACATGCAAGCTCGACC	5865	8.492934772648132
CID3838_ACGTAGTTCCAAACCA	7417	10.147547129391603
CID3838_CATACAGCAGTCACGC	6772	10.056732435302667
CID3838_CATCCACGTTTGGGAG	5985	7.056197573532059
CID3838_GAAGCCCCACTTCAAG	7200	9.459933808043326
CID3838_GAGCCTGAGCTGTGCC	7609	8.4092384568472
CID3838_GTCAAACTCTTACGGA	5054	7.431056310893378
CID3838_TGTCCACAGCTACGTT	7553	8.918065636031082
CID3838_TTCATGTGTCCCTCAT	7681	7.363992286565768
CID3838_GCCAACGCACGCAAAG	7699	7.691473645690741
CID3838_ACAGGGAAGAAGTCAT	6080	19.624394476176704
CID3838_CGAGGCTGTGATCGTT	5653	7.464691101291049
CID3838_GCTTGGGTCGAACCTA	7369	13.982044672448604
CID3838_GGAATGGAGGATTTGA	4415	4.712717882504842
CID3838_ACCCTTGGTCGGATTT	5922	9.922115321683355
CID3838_CAATGACGTGGTGATG	5155	8.133074935400517
CID3838_CACTGGGCAAGGTCAG	5811	10.021969501163092
CID3838_CATAAGCGTCGTCTCT	2812	8.921413256269227
CID3838_CGGGACTAGTTACGTC	3775	6.521088842357164
CID3838_CTTAGGAGTATACAGA	4590	7.900610028269603
CID3838_GATCGTACACGCGTCA	5010	10.675987511877292
CID3838_TCGGTCTAGCGCTTCG	6287	9.614619827667834
CID3838_TGCGACGGTGCTATTG	5775	7.324701774803607
CID3838_TGGATGTAGTTCCAGT	5378	12.390189407403646
CID3838_TTACAGGTCCAGTGTA	3426	18.729490434028854
CID3838_TTGAGTGGTCCTGGGT	4714	8.210067236053062
CID3838_TTGTGGAGTTCAGGTT	5636	7.168967894220124
CID3838_AATGGAACACCACATA	5708	13.04705654531371
CID3838_ACAGGGATCCAAGCCG	4984	5.023547880690738
CID3838_ACATCCCTCAGCGCGT	5601	8.968484457351835
CID3838_AGGTGTTTCCATTTAC	4938	7.024117524608202
CID3838_ATACCGACATAGATGA	4801	7.489805542456102
CID3838_ATAGACCCACATACTG	5111	8.521580626261311
CID3838_ATCGTAGCAGCAGAAC	6648	7.726786532878317
CID3838_CAGCGTGTCGCATAGT	4270	7.079646017699115
CID3838_CGACAGCAGCGCTGAA	6174	7.835380377374122
CID3838_CGGCAGTTCCTAAGTG	3361	8.063775342825274
CID3838_CTCCGATAGCCTAACT	6770	6.469273233267941
CID3838_CTTTCGGAGGGCTGAT	4665	6.815504241281809
CID3838_CTTTCGGTCCATCTCG	5726	5.346730278058889
CID3838_GAACACTGTGCCTTTC	4966	4.365706111988557
CID3838_GCCAGTGCAAGTGATA	4395	7.495175607873408
CID3838_GCGGAAACAGCAGTAG	4685	6.414998086978701
CID3838_GTCATTTCACGACAGA	5356	9.08594398566872
CID3838_TAACTTCAGTTTGGCT	5411	9.155666818388712
CID3838_TACCGGGGTCAGACTT	5237	7.401836427721528
CID3838_TATCTGTAGACCATGG	6380	9.66940307460282
CID3838_TCACATTTCACAAGGG	6099	6.8522941994367
CID3838_TCAGGTAAGGTGGCTA	4226	17.440152989789297
CID3838_TCCTCCCCAGCATCTA	6875	6.666318192114021
CID3838_TCGCACTAGCTGTCCG	6487	6.392885901340896
CID3838_TCTCAGCTCCTGGGAC	3445	5.0970153681837065
CID3838_TGCTCCAAGAGTGGCT	5690	6.648357452202387
CID3838_TGTAAGCTCCTCAGAA	5797	7.2673102133238
CID3838_TGTGGCGTCTACGCGG	5157	7.53248444979972
CID3838_TGTTCCGTCCAAACCA	6123	8.01975291160749
CID3838_TTAGGGTTCTGTTGGA	6751	8.555369231724738
CID3838_TGAATCGGTCGCGTCA	4327	5.954689885693063
CID3838_CAACAGTGTATCGATC	6861	7.628792491497988
CID3838_TCACACCTCTGGGCAC	6735	9.990686535391166
CID3838_CTGTCGTGTGCCTAAT	5727	7.283234444272891
CID3838_AGGAAATGTGGCACTC	6496	7.395474015389864
CID3838_ATACCGATCAAATGCC	4786	7.576451199414026
CID3838_ATGAAAGGTGGAACCA	5963	12.587040310044506
CID3838_ATTCCATTCCGTGTGG	4286	13.289649219179156
CID3838_CAGCAATCACGGTAGA	4081	8.626981411791538
CID3838_CAGCCAGAGGCCCGTT	3844	9.977116704805491
CID3838_CCCAACTAGACCAGAC	6447	8.731609645686428
CID3838_CGCCAGAAGTTTGAGA	5714	9.077380952380953
CID3838_CTAGGTACAGCGACAA	6157	11.779390866843338
CID3838_CTCAGAACAGGTTACT	6238	8.559522053400206
CID3838_CTTAGGATCTAACGCA	4163	11.870012599748005
CID3838_CTTCCGATCATCTGTT	5550	12.574757453595003
CID3838_GAATCACCAATGGCAG	5097	13.371618866385754
CID3838_GATTCTTCATGCCATA	6855	8.006287660466334
CID3838_GCAGGCTAGGCTCTAT	4523	11.016910524636492
CID3838_GCTACAAGTGGATACG	6096	5.182175573237026
CID3838_GCTTGGGTCCCAAGCG	4007	16.64029999414074
CID3838_GGAATGGGTGACCGAA	6958	8.164245407611958
CID3838_GTAGAAACATTGCTGA	5500	11.18628669790571
CID3838_GTTCGCTAGATCGCCC	5164	8.876368398942349
CID3838_TAGGTACGTTTCACAG	5566	11.516202003584123
CID3838_TCCATCGTCTGAGGTT	804	2.934407364787112
CID3838_TGACTCCAGTATAGAC	4613	13.065008563556482
CID3838_TGAGCATGTCAGCGTC	3594	1.9167628006034252
CID3838_TGGATGTAGGTGCATG	807	8.607292289300657
CID3838_TGGGAAGAGCCTGGAA	4235	7.088091791324862
CID3838_TGTGGCGAGCACCGAA	5755	10.768225764306246
CID3838_ATCCTATCAACGTATC	2159	11.508914335410928
CID3838_CATCGTCGTTGCACGC	6564	8.177983399101919
CID3838_CGCAGGTTCCTGTACC	5970	12.385967060552257
CID3838_CTGGACGGTCCACTCT	6004	12.828530381137496
CID3838_TTTGATCTCGATTGAC	6979	6.056833480507824
CID3838_CTCAAGAGTCACTCGG	7107	10.364915878268164
CID3838_GTGATGTCACAAGCAG	8058	8.546143008101444
CID3838_AGGATAAGTAAGGCCA	5912	9.62570548111215
CID3838_ATCGTAGAGCGTCAAG	2279	7.008086253369273
CID3838_CCATAAGGTCTCGGAC	929	3.5887487875848687
CID3838_CTGCTCACATGTTCAG	6233	16.98835190398328
CID3838_CTTCTAAAGGCTGTAG	5479	14.62706857337063
CID3838_GCATCTCTCGGCTTGG	6428	15.711072600567826
CID3838_GGACGTCTCCCAGGCA	5568	11.365325512725228
CID3838_TAAGCACCATTCCTCG	1674	0.37344898205035537
CID3838_TCATATCAGGAGCTGT	4930	10.654194253781206
CID3838_TCCTCCCCATCTTTCA	6925	6.697763079989024
CID3838_TGATTTCCACTACAGT	6321	18.32350116614076
CID3838_ATGGAGGCACTTGAAC	920	1.152860802732707
CID3838_TCGTAGAAGAGGTGCT	1220	8.201581027667984
CID3838_CTGTATTCATTGAAAG	6184	11.911823478681558
CID3838_TACGTCCTCTACTTCA	6799	7.424764090793165
CID3838_ACCAACAGTCCTACGG	6882	8.889752091339151
CID3838_AGCGCCACAACCCTAA	6872	7.464933485806928
CID3838_ATAGACCCATCTCATT	9044	8.792060569989065
CID3838_CGAGAAGTCAGCAGAG	7520	7.772944197554025
CID3838_GTAGTACAGACTCTTG	7395	6.867632243461423
CID3838_GTGTTCCAGCAGTACG	7304	9.31460356368436
CID3838_TGGAGAGTCATTGAGC	7628	10.383606619242599
CID3838_TTGGTTTCAAGAAATC	7328	8.23704562522233
CID3838_AACCTGAAGCCTGGAA	5745	10.53472294961768
CID3838_AACGTCATCTTTGATC	4833	4.582165264984648
CID3838_AAGCCATGTTTCGTAG	5413	3.031856067758207
CID3838_AAGGAATTCTACTGAG	3093	6.5801095212859915
CID3838_ACAACCACACGACGTC	5828	7.478029727677119
CID3838_ACACCAAGTCGAACAG	5368	14.092341924717225
CID3838_ACACTGATCAGCGTCG	4626	7.171453437771976
CID3838_ACGGAAGAGGCGAAGG	4682	9.421022552424496
CID3838_ACTGATGCATGCTGCG	2833	1.9943019943019942
CID3838_ATCCATTCACTAGGTT	5806	8.491866556382686
CID3838_ATCCGTCCAGAGATTA	5986	7.731990930459926
CID3838_ATCGTGACATTATGCG	6625	6.506156041549133
CID3838_CCAAGCGCAATTCTTC	6981	7.218911962768396
CID3838_CCACACTAGTGGTGAC	6610	7.202481237555522
CID3838_CCCGGAAAGTGAGGCT	5749	8.905758192927236
CID3838_CCCTAACCACCTGCTT	5825	5.392156862745098
CID3838_CCCTCAACAGCTAACT	7030	9.237954386238032
CID3838_CCGTGAGTCCGAACGC	7109	6.399771232484987
CID3838_CCGTTCAGTATGCGTT	6167	8.38331673652764
CID3838_CCTCATGGTCGAAACG	4676	9.76451108453684
CID3838_CGAAGGATCTAGTTCT	6235	5.145320843911406
CID3838_CGCATAACAGCTACAT	6725	6.519851606283053
CID3838_CGCCAGACAGATCATC	5404	5.774383708467309
CID3838_CGGGTCAAGGTCCCGT	5303	17.719437669562357
CID3838_CTCCGATAGCCGCTTG	5589	5.913322142530139
CID3838_CTGATCCTCTGGGCAC	6646	9.60592332797506
CID3838_GAATCACTCCAACCGG	4691	4.702170232414961
CID3838_GTAACACTCGTCGACG	5881	11.3980343980344
CID3838_GTCCTCATCCTAAGTG	5488	8.284975733277063
CID3838_GTGCTGGCATAACAGA	6807	5.515058960593227
CID3838_TACCCACCATTGAGGG	6798	8.405058844194626
CID3838_TCGTAGATCCATTTCA	5905	10.857230486121761
CID3838_TGCTTGCAGCAACAAT	5392	6.788395470161598
CID3838_TGGTACAAGGCACAAC	5589	1.3112413585813045
CID3838_TTCACCGTCCGATGCG	6577	6.515857639070709
CID3838_TTCACGCAGACGGTTG	6610	10.030147963029076
CID3838_TTCTTGACAAATTAGG	5908	9.721465968586388
CID3838_TTGGGATCAGCCTTCT	5773	9.615115138493158
CID3838_TTGGTTTGTTGTATGC	5073	10.495081967213114
CID3838_TTTACGTAGGTCTTTG	4716	13.254035683942226
CID3838_AGGAGGTTCCGATCTC	6456	8.242614861109228
CID3838_AGTAACCTCCCTAGGG	6783	8.711807154920928
CID3838_CAGCACGTCGGTGTAT	6935	9.697109138155046
CID3838_CTCATTATCGCCAGAC	6941	6.880386267299217
CID3838_GTAACCAGTCCGGTCA	7745	11.33150356343843
CID3838_GTTACAGTCTCACCCA	7233	10.125513056927012
CID3838_TTCCGTGTCATTCGTT	6029	4.320067175307283
CID3838_TTCCTAAGTTAGGGTG	7769	8.523979905309192
CID3838_ATGGGTTTCGAGCCAC	6309	4.6195219123505975
CID3838_ATTCTACAGCTTAGTC	5040	1.8614227488549941
CID3838_CACGGGTGTCACAATC	5352	7.741370685342671
CID3838_CGTGCTTCATGACTTG	4947	7.4705695195672925
CID3838_GAATCACCAGCTGTAT	6850	7.813511422662183
CID3838_GCAGGCTCACTGCGTG	6401	11.441002022399347
CID3838_GCGAGAACAAACTGCT	5451	11.926148561614426
CID3838_GGGTTTAGTCGGAAAC	6813	4.707663470550068
CID3838_GTTGCGGTCACGGACC	6733	8.15377408993576
CID3838_TTGTTCAGTGTTACTG	6826	6.827614426842812
CID3838_TAACACGTCAAGAGGC	6628	8.228134237523909
CID3838_TCGATTTAGACCAGCA	6044	6.546249643502235
CID3838_GAAGCGACATGTGACT	1024	13.259911894273127
CID3838_ACTATTCGTTGCATGT	5987	6.264843174187209
CID3838_ACTTCCGGTTGCTTGA	5308	7.528095524784266
CID3838_AGCGTATTCCCAGGAC	3645	3.627624878411627
CID3838_ATACCTTAGTTCGCAT	4219	9.56168334571516
CID3838_ATTGTTCCATTGACTG	5175	6.054473395733198
CID3838_ATTTCTGTCACCTCAC	4169	5.30052914838768
CID3838_CATCCCAAGGTGGTTG	5331	8.204476980154876
CID3838_CCATCACTCGAATCCA	4632	7.726543119801548
CID3838_CCGGTAGCAGACCTAT	5471	6.405779329832324
CID3838_CTGTACCAGGGACTGT	5487	6.452242137887687
CID3838_GCCATGGTCACATCAG	5327	5.751241774034946
CID3838_GGGTCACCACCGAATT	3661	7.216915191053122
CID3838_GTAGGAGAGGGCATGT	926	7.598944591029023
CID3838_GTGCTGGTCATTGAGC	4868	7.35937599086816
CID3838_TAAGCCATCATGCATG	4460	6.20925300447726
CID3838_TTGAGTGTCGACCACG	4884	5.81565130945354
CID3838_AAGACTCCAGACACAG	4034	6.145772022758486
CID3838_ACTATCTCAACGCATT	2674	6.816220880069025
CID3838_AGTACCAAGCCGCTTG	3936	7.324662076001021
CID3838_CAAGCTACAAGGCAAC	2135	6.269012035445047
CID3838_CCACAAACATACAGCT	3901	7.240422767653358
CID3838_GCGGATCTCGCTGACG	1715	10.921373616063052
CID3838_TACGCTCTCATGCGGC	2079	10.540504111066182
CID3838_CTTGATTTCGGAGTAG	2582	9.139589762207297
CID3838_CTGCCATGTGTAACGG	4942	7.110127168820471
CID3838_AGTAGTCAGGGCTAAC	7128	3.8402439739604715
CID3838_CGGGTGTTCAAGTAAG	5263	7.975070555032926
CID3838_CTAGGTAGTGCTTATG	4841	6.85063152114223
CID3838_TACAACGCACATAACC	6948	6.293145797243841
CID3838_TGACAGTCAAGTTGGG	6678	6.841166782364871
CID3838_CGTGCTTCAGTTGTTG	6222	10.187987728292875
CID3838_TGTTACTTCCACAAGT	6311	10.961170120146264
CID3838_AACCAACCAGGTGACA	4509	7.325609884148262
CID3838_CATAAGCCATCACCAA	4273	10.621286991283105
CID3838_CTGCCATCATTAGGAA	5577	9.409601391964568
CID3838_GACCCTTAGGCTCCCA	6234	8.610169491525424
CID3838_GATGTTGGTCGTCATA	4532	8.053872053872054
CID3838_GCATTAGCAGTAACGG	7482	4.8690722474311645
CID3838_GCCAGGTAGGTTGGTG	5905	7.623042628423342
CID3838_GTGTCCTTCTTTGGAG	5189	7.411830268290741
CID3838_GTTTGGATCCGATCTC	4099	5.710361776717626
CID3838_TCCGATCCAGCAGGAT	6216	4.294490379414265
CID3838_TGGGCTGAGGTTGGAC	5424	8.362663663240884
CID3838_TTCATTGGTTTGGAGG	5406	8.369016249451033
CID3838_ATCCACCGTTCCGCTT	7060	8.659123841864142
CID3838_CAACAGTCATAGACTC	8682	6.624281067970085
CID3838_GATTCTTAGCGTCGAA	6862	7.800624863765168
CID3838_CAAAGAATCCACGTAA	6883	12.042701393095093
CID3838_AAAGGTATCGAACTCA	6089	7.133501049961537
CID3838_AACCCAAGTATCTCTT	7438	6.131116432476393
CID3838_ACCGTTCGTGTTGACT	7798	7.9359532753435085
CID3838_ACTATGGTCTTGGATG	6041	13.62181756393192
CID3838_CAGTTCCGTGGCATCC	8117	7.245841035120149
CID3838_CATGGATCAAATGCTC	7300	4.367265469061876
CID3838_CTACAGAGTTTCCCAC	5401	4.188015748880859
CID3838_GGGCTCAAGCACGTCC	7906	7.768477554871995
CID3838_GTAGGTTGTCCAGCCA	8046	9.147300366940415
CID3838_GTCGCGATCCGCCTAT	4660	3.0705365719774944
CID3838_TAACACGCAATACCTG	7649	7.49457990555671
CID3838_TAACCAGTCGCATTAG	4889	4.774953358208956
CID3838_TAACGACTCATCGCTC	6732	9.73417960158361
CID3838_TCCTGCACACACGGTC	5872	7.483529074763679
CID3838_TTCCGTGGTGCTCTCT	7225	8.414101910105991
CID3838_TTCGCTGAGCACTCAT	7915	9.261349241080682
CID3838_TTGAGTGAGGTGCTGA	6632	10.371031783726275
CID3838_CAGCGTGAGCATTGTC	5254	7.753408417308832
CID3838_CAGGCCATCCGAGTGC	3994	6.889470505335213
CID3838_CCGCAAGAGAAGGCTC	4534	6.132913301384094
CID3838_CGAGAAGGTTGGAGGT	5622	8.715895923311914
CID3838_CTGAGGCTCCCGTTCA	6183	6.058672236081298
CID3838_GGTTGTATCCCAGCGA	3744	10.254861698272737
CID3838_GTCTCACAGTGGAAGA	3694	7.8691384950926935
CID3838_GTGGAAGTCTAGAACC	5341	7.110931428699773
CID3838_TCTTCCTGTCGTGATT	3657	7.673408753285339
CID3838_TTACCATGTTAAGAAC	3022	6.01695499345234
CID3838_GGCTTTCCACCAGTAT	3122	3.2868307647359583
CID3838_TCAAGACAGTAACCTC	3776	2.742506866218206
CID3838_TCGGTCTCAAGACCGA	2879	3.2539301160156517
CID3838_TGGTACATCCGCAACG	3392	6.386169180559231
CID3838_TTCCTTCGTCCACATA	3264	3.4892254319834546
CID3838_AATTTCCCAACACGAG	3164	2.4850278791216356
CID3838_ACGTAGTCAGCAGTGA	4845	5.1654040773348155
CID3838_CACAGATCAGAGTTGG	3791	4.381792164597594
CID3838_CGAGAAGTCCCACAGG	2873	8.234002509410288
CID3838_CGCAGGTTCCTGTTGC	3707	10.858907736052554
CID3838_CTCGAGGTCTCTCCGA	4487	7.342533044630449
CID3838_CTCTCGAGTATGCTAC	2099	2.1092757306226178
CID3838_GGGAAGTCACCTCTAC	4341	10.308511956387065
CID3838_GTAAGTCTCCCGAACG	4057	8.753886629992824
CID3838_TTACCATAGGGTTAAT	4155	10.193381451722729
CID3838_ACGTACATCAACACGT	4145	5.728570338142126
CID3838_ACTTATCTCACGATAC	4206	4.128781380454051
CID3838_CAAGGGACACAGTCCG	3706	5.029546510855853
CID3838_GATGTTGTCGCTTACC	3115	5.134418434528164
CID3838_TCAGTCCAGCCATGCC	4136	6.276413991547523
CID3838_TCGCTTGGTCGAATTC	5766	4.172446318592908
CID3838_TGATGGTCATCGATAC	2732	6.021368428500672
