"barcode","prob_compromised","candidate_keep"
"CID3838_AAACGCTAGAGCCGAT",0.827218006571858,FALSE
"CID3838_AAGATAGTCGCATTGA",0.985833912592558,FALSE
"CID3838_ACAACCAGTGCGACAA",0.0790116921038803,TRUE
"CID3838_ACGCACGGTCCAGGTC",0.0932908428271685,TRUE
"CID3838_ACTCCCACATCATCCC",0.160784276172742,TRUE
"CID3838_AGACAGGAGGGTTAAT",0.879420928819676,FALSE
"CID3838_AGACAGGCACCCTGTT",0.998659471999872,FALSE
"CID3838_AGTTAGCGTCAGTTTG",0.946940885958254,FALSE
"CID3838_ATAGGCTAGCATCAGG",0.199426059507489,TRUE
"CID3838_ATCGATGTCTAGACAC",0.0883645417169324,TRUE
"CID3838_CCAATGATCTGACGCG",0.999791684218785,FALSE
"CID3838_CCTTTGGCAGGACTAG",0.20269372244986,TRUE
"CID3838_CGCATGGTCATGGATC",0.239442943976904,TRUE
"CID3838_CGCGTGAAGCGTGCTC",0.717268631319209,TRUE
"CID3838_CGTTAGATCGTTCTCG",0.987719425824434,FALSE
"CID3838_CTCAGTCGTCACTTCC",0.161691847999732,TRUE
"CID3838_GAGAGGTGTTCTTGTT",0.61447051967443,TRUE
"CID3838_GAGGCCTCAAAGGTTA",0.216290595284235,TRUE
"CID3838_GATCACATCCCGAATA",0.799847014526639,FALSE
"CID3838_GCACATAGTTACACTG",0.293131043188694,TRUE
"CID3838_GCAGCCAAGGTTGAGC",0.343785616598497,TRUE
"CID3838_GCCAGTGTCAGTCACA",0.997245686595026,FALSE
"CID3838_GCTTCACTCTTAATCC",0.059898972699346,TRUE
"CID3838_GGAGCAATCCACAAGT",0.211252995891659,TRUE
"CID3838_GGGTATTAGTGCGACA",0.812529745763198,FALSE
"CID3838_GGTAGAGAGCTAAACA",0.625748114391765,TRUE
"CID3838_GTGCAGCCACTTTAGG",0.231523813862643,TRUE
"CID3838_GTTACAGAGTCGAATA",0.997992145193187,FALSE
"CID3838_GTTACGAGTGAGACGT",0.628584223413118,TRUE
"CID3838_GTTGCTCTCTATCACT",0.999801864516455,FALSE
"CID3838_TATCCTACAACCTAAC",0.99823985649107,FALSE
"CID3838_TCGGGACTCACTTTGT",0.99999987147529,FALSE
"CID3838_TGGGTTACACGAAAGC",0.999999835222585,FALSE
"CID3838_TGTAGACTCTTGGGCG",0.674728441857032,TRUE
"CID3838_TGTTCCGAGACCTGGA",0.999991074431185,FALSE
"CID3838_TTACGCCCAGCCTTCT",0.189018592971759,TRUE
"CID3838_TTAGTCTTCTGGGATT",0.215708210844575,TRUE
"CID3838_TTCATGTTCTGCATAG",0.470052605042701,TRUE
"CID3838_TTTGACTAGAAAGTCT",0.160387826799843,TRUE
"CID3838_TAAGTCGCAAGACCGA",0.470807784213544,TRUE
"CID3838_ATAGAGAAGATGCTTC",0.307432004704741,TRUE
"CID3838_GTAACACCATAACCCA",0.746750907080757,TRUE
"CID3838_TCTACCGAGTCGGGAT",0.0543633983050238,TRUE
"CID3838_AACAAGAAGGTGGGTT",0.631172138383756,TRUE
"CID3838_ACGTAGTTCGCAGATT",0.285488602641944,TRUE
"CID3838_TTACTGTAGAAGAACG",0.992007280561754,FALSE
"CID3838_AAAGAACAGTACTCGT",0.144209973923816,TRUE
"CID3838_CTTACCGCACTGCTTC",0.995298581803288,FALSE
"CID3838_ATTCACTCAACCCGCA",0.230942114916968,TRUE
"CID3838_AACCTGATCTTGGTCC",0.998223324951135,FALSE
"CID3838_ACGTACACAAGCACAG",0.181276040624332,TRUE
"CID3838_ACTTTCAGTTCCGCAG",0.250598894339502,TRUE
"CID3838_AGGTCATGTTAGCGGA",0.999933579650769,FALSE
"CID3838_ATCCTATGTTCCTACC",0.0924002748879656,TRUE
"CID3838_CAGCCAGAGAGAGAAC",0.128693848811066,TRUE
"CID3838_CAGGGCTCACGTAACT",0.999975923389195,FALSE
"CID3838_CATGCTCCATACCGTA",0.990733266807584,FALSE
"CID3838_CGGGTGTAGCTTCTAG",0.999985788186067,FALSE
"CID3838_CTCCTTTGTCCGGCAT",0.218356765346895,TRUE
"CID3838_GAAGTAACAGCGTTGC",0.385707472148912,TRUE
"CID3838_GACCCTTGTCGGCCTA",0.793205166432243,FALSE
"CID3838_GTACAGTGTTACACTG",0.805876041328038,FALSE
"CID3838_GTGTTCCTCCCGGTAG",0.999225466692139,FALSE
"CID3838_TATCAGGCACAAATCC",0.997172403265573,FALSE
"CID3838_TCAATTCAGCACTTTG",0.201184469482529,TRUE
"CID3838_TCAGGGCCAAGTGCTT",0.999930117203215,FALSE
"CID3838_TCCTTCTCATGTGCTA",0.583461538900893,TRUE
"CID3838_TCGACCTCAGAGTAAT",0.447264515731612,TRUE
"CID3838_TCGACGGGTTCGAACT",0.20637924314789,TRUE
"CID3838_TCTCCGAAGTGGTGGT",0.214780607975628,TRUE
"CID3838_TGTGAGTGTGTGACCC",0.178795552756085,TRUE
"CID3838_AGCTCAAGTTACGTAC",0.0699464757409734,TRUE
"CID3838_AACCAACAGATAGTGT",0.164928171632908,TRUE
"CID3838_AAGAACACACTACTTT",0.1564761902896,TRUE
"CID3838_ATTCAGGAGAAGGTAG",0.104106792673218,TRUE
"CID3838_CGAATTGAGAGCAGCT",0.793853842658845,FALSE
"CID3838_CTATCTACAGTGAGCA",0.999001018819018,FALSE
"CID3838_GTATTGGAGCAGGGAG",0.905640225138552,FALSE
"CID3838_GTTATGGGTCGACTTA",0.149731944637728,TRUE
"CID3838_TACGCTCTCCTCGCAT",0.126292900305687,TRUE
"CID3838_TACTTACAGCCATTGT",0.0684694465133148,TRUE
"CID3838_TAGGTACTCCCAATAG",0.224554957200899,TRUE
"CID3838_TCATATCAGGGCTTCC",0.999991799939901,FALSE
"CID3838_TCCATGCTCTATGCCC",0.565084615185249,TRUE
"CID3838_AACCTTTCATTCTCTA",0.0352965195802796,TRUE
"CID3838_ACAGCCGTCCTCTGCA",0.147723982024396,TRUE
"CID3838_CACTAAGAGTACTCGT",0.15690158532329,TRUE
"CID3838_CCATCACCATCCGTGG",0.791623191786793,FALSE
"CID3838_CGGAACCAGTCCCTAA",0.104843102947185,TRUE
"CID3838_CTCCACATCCCTGGTT",0.336147691333461,TRUE
"CID3838_GCGATCGTCGCATGAT",0.289938407571441,TRUE
"CID3838_GGATGTTCAGCGACAA",0.963135669057156,FALSE
"CID3838_GGTAACTTCTTTGCGC",0.0632420107527862,TRUE
"CID3838_GTGTCCTTCAGTGGGA",0.085983708237604,TRUE
"CID3838_TCCCACACACGTTCGG",0.117593161093423,TRUE
"CID3838_AATGACCGTATCATGC",0.185694372266807,TRUE
"CID3838_ACCCTCACATGTTTGG",0.149349397401475,TRUE
"CID3838_AGGATAAAGTGATGGC",0.91240100849341,FALSE
"CID3838_ATGAAAGAGGCAGGGA",0.418885703441363,TRUE
"CID3838_ATTCCCGCAGGCGATA",0.24714930215924,TRUE
"CID3838_CAACGATCATGGCACC",0.14058412392006,TRUE
"CID3838_CAGATCAGTACGTGTT",0.171161683153181,TRUE
"CID3838_CATGCGGCAACACGAG",0.354933793226848,TRUE
"CID3838_CCACTTGTCCATAGGT",0.548197540647955,TRUE
"CID3838_CCTTCAGCAGCTCATA",0.160743434028673,TRUE
"CID3838_CTCCTCCAGTCGGCAA",0.238166642003997,TRUE
"CID3838_GAAGCCCGTGGTCTCG",0.22632516649492,TRUE
"CID3838_GACATCACACATACTG",0.407640819427155,TRUE
"CID3838_GACCCAGCACGACGAA",0.179608825607444,TRUE
"CID3838_GACCCTTCACCCAAGC",0.153089915404161,TRUE
"CID3838_GAGACTTGTAACCCTA",0.133448305205258,TRUE
"CID3838_GATTTCTAGATTAGCA",0.132966596988476,TRUE
"CID3838_GGGACTCGTTAGAGTA",0.148614458569719,TRUE
"CID3838_GTCAAGTGTCGAAACG",0.638954013793371,TRUE
"CID3838_GTGCACGTCACCCTGT",0.186635105917352,TRUE
"CID3838_TAAGTCGCATGGCTGC",0.230971765194353,TRUE
"CID3838_TAGGAGGTCAAGCTGT",0.153516230740924,TRUE
"CID3838_TATTGCTCAAGTATCC",0.16128039914694,TRUE
"CID3838_TCATACTGTCGCTTGG",0.997942528997407,FALSE
"CID3838_TGATTTCAGTTACTCG",0.167879775821318,TRUE
"CID3838_TTCCTTCAGGAAACGA",0.147365755484726,TRUE
"CID3838_AAAGGTATCACTGGTA",0.171824190946871,TRUE
"CID3838_AGTACTGCACAACGCC",0.585927670055876,TRUE
"CID3838_CACTAAGAGCAACTCT",0.138973481822946,TRUE
"CID3838_CTCATTATCCCATGGG",0.16480511777988,TRUE
"CID3838_CTCCTCCCACACGTGC",0.139418572702515,TRUE
"CID3838_CTGAGCGAGCGAGGAG",0.170890231624963,TRUE
"CID3838_GAGATGGAGGTAGCAC",0.151688036318208,TRUE
"CID3838_GAGGGTAAGTCTGCAT",0.342037973041365,TRUE
"CID3838_GATGAGGCAGCTCCTT",0.157051286157885,TRUE
"CID3838_GCCAGGTCATAAGCAA",0.194088609896941,TRUE
"CID3838_GTGAGCCTCATGGCCG",0.121714814826807,TRUE
"CID3838_TAGTGCACAGCTATTG",0.183117620621914,TRUE
"CID3838_TATACCTCATTGGATC",0.149427017515782,TRUE
"CID3838_TCCTTTCTCGTAGGGA",0.155025565982333,TRUE
"CID3838_TTTGACTCAGTAGATA",0.999524821689386,FALSE
"CID3838_TCTCACGTCTGGGCCA",0.23436958674859,TRUE
"CID3838_AAAGGGCTCTCAATCT",0.10453957431778,TRUE
"CID3838_AACGAAATCTTGGTCC",0.985347687109194,FALSE
"CID3838_CGGTCAGAGTTAGTAG",0.99636234512192,FALSE
"CID3838_GCGGAAAGTGATACAA",0.934392663919987,FALSE
"CID3838_TCTCTGGAGGCACTCC",0.994735038445075,FALSE
"CID3838_CTTCCTTAGGTCACCC",0.202013980412062,TRUE
"CID3838_TACAGGTGTCGTGGAA",0.189017327363997,TRUE
"CID3838_ACCTGAATCGTAACTG",0.209075947775712,TRUE
"CID3838_ACTATCTGTCAGACGA",0.120901437878871,TRUE
"CID3838_CACCAAAAGAGAGCCT",0.999805244400058,FALSE
"CID3838_CCCTGATCACAGTCAT",0.218317187322708,TRUE
"CID3838_CTATCTAGTCTACATG",0.541576606373394,TRUE
"CID3838_GGGTCTGTCCGCACGA",0.139772584539968,TRUE
"CID3838_GTGCTGGCAATGGCAG",0.150182119998088,TRUE
"CID3838_TACCTGCGTTAGGCCC",0.208773147209838,TRUE
"CID3838_TGGAGAGTCCGGACGT",0.170400776614419,TRUE
"CID3838_TGGTAGTTCAAACTGC",0.170210005520082,TRUE
"CID3838_ACACGCGGTGATACAA",0.192521357592094,TRUE
"CID3838_TTTGGAGAGAAGCGCT",0.168087185990411,TRUE
"CID3838_CAAGACTAGACAGTCG",0.127606117374829,TRUE
"CID3838_CTCCATGAGGCTCAAG",0.261613565383313,TRUE
"CID3838_GAAGGACCAAGCTGTT",0.201781008577561,TRUE
"CID3838_GGATGTTGTGGTCCGT",0.15472857031966,TRUE
"CID3838_TGAGGTTAGCTCCATA",0.202641268625441,TRUE
"CID3838_ACGATCAGTCGCATCG",0.144933656391291,TRUE
"CID3838_GTGTTCCAGAGAGCCT",0.943911650335334,FALSE
"CID3838_TTGCGTCTCCATCGTC",0.131595392564391,TRUE
"CID3838_ACTCTCGTCATACGAC",0.234096378237654,TRUE
"CID3838_GTGGCGTAGACCAGAC",0.156585696452501,TRUE
"CID3838_TGTCCTGGTCACTCGG",0.143077875907645,TRUE
"CID3838_AAGCCATGTCAATCTG",0.156491367298353,TRUE
"CID3838_CTATCTAAGTGGTCAG",0.159312631253671,TRUE
"CID3838_CTCCCAACACAAGTTC",0.196393140266154,TRUE
"CID3838_GATCATGAGTCCTACA",0.179497697909828,TRUE
"CID3838_ATTCACTCAAATTGCC",0.159865739699401,TRUE
"CID3838_GCCGTGAGTAGTCTTG",0.0831564862564189,TRUE
"CID3838_GGGAGATAGGTGAGAA",0.154823594055454,TRUE
"CID3838_CCTCTCCAGACGCATG",0.999824087646404,FALSE
"CID3838_CCGGGTAAGAGGTATT",0.13981401552927,TRUE
"CID3838_GTAGAGGAGTTGGACG",0.172733852312068,TRUE
"CID3838_TTCCTAAGTTCCTTGC",0.205325034800983,TRUE
"CID3838_TGACGCGCAACAGCTT",0.182837260693808,TRUE
"CID3838_TACCTCGCAACTTGCA",0.0832135673104758,TRUE
"CID3838_TGTTCATCAGCACGAA",0.454669865675778,TRUE
"CID3838_CGGAGAACAAGTGGTG",0.0950811606442758,TRUE
"CID3838_TCATCATGTCTTAGTG",0.133704214912932,TRUE
"CID3838_ACAGGGATCTAGCCAA",0.121472031011196,TRUE
"CID3838_AGTAGCTCAGCAGAAC",0.15357357799876,TRUE
"CID3838_CAATACGAGCGTTAGG",0.170903892946268,TRUE
"CID3838_CTGTAGATCACTCTTA",0.497424034564624,TRUE
"CID3838_GAAGCGACATGTCGTA",0.174369609249705,TRUE
"CID3838_AAACGAACACTTCATT",0.996761461360903,FALSE
"CID3838_AAGTCGTAGGAAAGGT",0.188989521873471,TRUE
"CID3838_ATACCGACATGGGCAA",0.495263502761363,TRUE
"CID3838_CACGGGTCAACGGGTA",0.184994755698131,TRUE
"CID3838_CGGGTCACAACCTAAC",0.152914506464288,TRUE
"CID3838_GATGCTATCCGCCTAT",0.186421579631033,TRUE
"CID3838_GCTTGGGTCCAACCAA",0.139832438923779,TRUE
"CID3838_GTGGTTAAGTTTGTCG",0.176921686293306,TRUE
"CID3838_TACCCGTTCCAAGGGA",0.175579243023926,TRUE
"CID3838_TATCCTACAACACACT",0.190137512119387,TRUE
"CID3838_TATCTGTCAAGCACAG",0.187055069996992,TRUE
"CID3838_TCGAAGTCATCATTGG",0.176191804846786,TRUE
"CID3838_AACAACCGTTGAATCC",0.207060923272098,TRUE
"CID3838_AACGTCAGTGCTTCAA",0.176162058139332,TRUE
"CID3838_AATAGAGTCAACTTTC",0.224081628361994,TRUE
"CID3838_AATGAAGAGTTCCTGA",0.141243198061874,TRUE
"CID3838_AATGGAATCGTTCTAT",0.164550662278763,TRUE
"CID3838_ACACGCGAGCACTAAA",0.148759721508687,TRUE
"CID3838_ACCTACCCAAAGACGC",0.24565346806581,TRUE
"CID3838_ACTGATGAGAACAGGA",0.165998812247885,TRUE
"CID3838_ACTGTGAGTTTCCCAC",0.149197811530022,TRUE
"CID3838_AGACAGGCACAGAGAC",0.17554618777388,TRUE
"CID3838_AGACTCACACTGTGTA",0.214279331823437,TRUE
"CID3838_AGATGCTCACGGGCTT",0.286339935657888,TRUE
"CID3838_AGCCAATAGAGTCTTC",0.16607371984895,TRUE
"CID3838_AGCCACGAGTGCCTCG",0.204054957990211,TRUE
"CID3838_AGCTACAAGACAAGCC",0.124977763823073,TRUE
"CID3838_AGGCTGCAGCAAACAT",0.208365192991804,TRUE
"CID3838_AGGGTTTGTCCAGCCA",0.136580972940079,TRUE
"CID3838_AGGTCATTCAAACGTC",0.145231706108132,TRUE
"CID3838_AGTCAACCACTTCAGA",0.213951072075026,TRUE
"CID3838_AGTGCCGTCAGCCTCT",0.114753557280566,TRUE
"CID3838_ATCGGCGGTCTGTGAT",0.898881101416442,FALSE
"CID3838_ATGCATGTCGCTGACG",0.251645039638921,TRUE
"CID3838_CAATCGACATAATCCG",0.169385078791957,TRUE
"CID3838_CACGGGTGTCCGAAGA",0.146399382473439,TRUE
"CID3838_CACTGGGAGCATTGTC",0.18136306652107,TRUE
"CID3838_CATAGACAGGTTTACC",0.162767329128685,TRUE
"CID3838_CATCGCTTCAATGTCG",0.171548932708467,TRUE
"CID3838_CCATAAGTCCTCACGT",0.139942422499006,TRUE
"CID3838_CCGAACGAGATGTTGA",0.229811644997429,TRUE
"CID3838_CCTTCAGCAAATTGGA",0.156665843761906,TRUE
"CID3838_CGATGGCTCGTTCGCT",0.128826503952583,TRUE
"CID3838_CGGGACTGTGATACCT",0.178855953463801,TRUE
"CID3838_CGTAGTAAGTATCCTG",0.194360294023201,TRUE
"CID3838_CTAAGTGAGAGAGCAA",0.148237234685509,TRUE
"CID3838_CTACAGACAATTGGTC",0.150294902703061,TRUE
"CID3838_CTACGGGTCCGTGTAA",0.821697643082087,FALSE
"CID3838_CTCATGCAGACCTGGA",0.203617066297252,TRUE
"CID3838_CTCCTCCTCGGCACTG",0.174510133300732,TRUE
"CID3838_CTCCTTTCATCAGCAT",0.159485700236924,TRUE
"CID3838_CTGTGGGAGACCAGAC",0.187881520778131,TRUE
"CID3838_CTGTGGGGTTGTATGC",0.15948456399831,TRUE
"CID3838_GAACACTAGGCGTTGA",0.202550479284927,TRUE
"CID3838_GACAGCCCATGTTCGA",0.177301748257073,TRUE
"CID3838_GACTCTCTCTCGGCTT",0.199686159478322,TRUE
"CID3838_GAGATGGAGAGCTGAC",0.171589170528251,TRUE
"CID3838_GAGTGTTGTTAGGGAC",0.207466848972464,TRUE
"CID3838_GATGTTGAGCGACTAG",0.166043088909353,TRUE
"CID3838_GATTTCTTCGTGAGAG",0.154740039616419,TRUE
"CID3838_GCCAACGGTCCTTGTC",0.172325306997397,TRUE
"CID3838_GCCAGCATCAGCTGAT",0.128690327536396,TRUE
"CID3838_GCGGATCCACTCAAGT",0.14911613776676,TRUE
"CID3838_GGAAGTGTCGAAGTGG",0.915084410825305,FALSE
"CID3838_GGCTTGGTCGGAAACG",0.206032669342793,TRUE
"CID3838_GGTAATCAGTAAACGT",0.141409482672746,TRUE
"CID3838_GTACAACTCCCAAGCG",0.201457449833301,TRUE
"CID3838_GTAGCTACAAGTGGGT",0.162742455981318,TRUE
"CID3838_GTAGCTACAGTAACAA",0.147498311928178,TRUE
"CID3838_GTAGGTTCAAAGTGTA",0.169781199697352,TRUE
"CID3838_GTCACTCAGGCCTGCT",0.306345725176553,TRUE
"CID3838_GTTAGACGTTCGTGCG",0.196833140542254,TRUE
"CID3838_GTTGCGGGTACATTGC",0.153242706583307,TRUE
"CID3838_GTTGTAGGTAATGTGA",0.162316401800942,TRUE
"CID3838_GTTTACTCACGGTGCT",0.164974700054377,TRUE
"CID3838_TAACACGCAATTCGTG",0.206863941890087,TRUE
"CID3838_TAATTCCCAACGGTAG",0.135773777964334,TRUE
"CID3838_TACAACGGTGGGAGAG",0.202721369313706,TRUE
"CID3838_TACTGCCTCATAAGGA",0.435890946651938,TRUE
"CID3838_TAGATCGGTGTCCTAA",0.155402402852226,TRUE
"CID3838_TATCGCCTCCCGGTAG",0.200727513759594,TRUE
"CID3838_TATCGCCTCTGCAGCG",0.155198827867933,TRUE
"CID3838_TATTCCAAGAAGTCTA",0.0532940573820077,TRUE
"CID3838_TATTTCGAGGTAATCA",0.386686623621643,TRUE
"CID3838_TCAAGTGCAATGTTGC",0.15772358390944,TRUE
"CID3838_TCCACGTGTTGATCGT",0.143142032323155,TRUE
"CID3838_TCCCAGTTCGATACAC",0.197716897935847,TRUE
"CID3838_TCCCATGCATTCCTAT",0.187844045681835,TRUE
"CID3838_TCCGAAAAGCACGATG",0.153551210873502,TRUE
"CID3838_TCCGATCAGGTTACAA",0.214919882414427,TRUE
"CID3838_TCCTTTCTCAAGTGGG",0.142154921029992,TRUE
"CID3838_TCTCTGGTCGCTTGAA",0.234413962760345,TRUE
"CID3838_TCTGTCGGTCGTTCAA",0.162501791053695,TRUE
"CID3838_TGAGCATAGCACCAGA",0.267123392933632,TRUE
"CID3838_TGAGTCATCGGACCAC",0.15911897654429,TRUE
"CID3838_TGCGGGTGTGGGCTTC",0.167652591630265,TRUE
"CID3838_TGCTCCAGTCTCCTGT",0.230199410922976,TRUE
"CID3838_TGCTGAAAGAGTTGAT",0.215023189836199,TRUE
"CID3838_TGGGAAGTCGCGTCGA",0.191347107783672,TRUE
"CID3838_TTACTGTTCGTGCAGC",0.225052882413054,TRUE
"CID3838_TTCATTGTCCGACATA",0.308783275876319,TRUE
"CID3838_TTCCGTGAGACATAGT",0.205777291184377,TRUE
"CID3838_TTCGCTGTCGTCGGGT",0.415431332432714,TRUE
"CID3838_AGATGCTCAAGGTACG",0.140548547673679,TRUE
"CID3838_ATACTTCAGGCGCTTC",0.163000434716101,TRUE
"CID3838_CCCGGAAAGTGAGTGC",0.160133946166956,TRUE
"CID3838_CCTCTAGCAAACACGG",0.180700733852078,TRUE
"CID3838_GATGATCCAAAGGCTG",0.150915274048487,TRUE
"CID3838_TACACCCCAAACCACT",0.16321501026151,TRUE
"CID3838_TCGCAGGGTGGCATCC",0.187793910082633,TRUE
"CID3838_ATGGAGGTCCTGGTGA",0.072496593605614,TRUE
"CID3838_TTTGACTCACATGTTG",0.0460590084018823,TRUE
"CID3838_AAACGCTGTCTACACA",0.14316809668924,TRUE
"CID3838_AACCAACAGGTAGGCT",0.286382020398821,TRUE
"CID3838_AAGCATCTCGTGGACC",0.41855249631187,TRUE
"CID3838_AATGAAGTCTCTGCTG",0.0877154851892539,TRUE
"CID3838_ACTTATCTCAAGTTGC",0.928605355220568,FALSE
"CID3838_AGAGCCCCAACAGCCC",0.0954343186086287,TRUE
"CID3838_AGCGTATGTCTAGGCC",0.388770128065694,TRUE
"CID3838_AGTGACTTCTCTTGCG",0.133769332244405,TRUE
"CID3838_ATATCCTAGACCTTTG",0.108551994381967,TRUE
"CID3838_ATCTCTATCCTCTCGA",0.429996449200011,TRUE
"CID3838_ATCTTCAGTTCGTAAC",0.0761223255818984,TRUE
"CID3838_ATGATCGTCATTCACT",0.154142854519846,TRUE
"CID3838_ATTCACTTCAAGCCAT",0.255514059896983,TRUE
"CID3838_CAGAGCCCAGAATTCC",0.350069592495388,TRUE
"CID3838_CAGATCACATCATCTT",0.0898388068056294,TRUE
"CID3838_CAGTTCCGTGTATTGC",0.0754952577065925,TRUE
"CID3838_CATAGACAGTTACGTC",0.0559890604375717,TRUE
"CID3838_CATTGTTGTTCTCTCG",0.10078237438174,TRUE
"CID3838_CCATAAGCAAAGGTTA",0.157878411423655,TRUE
"CID3838_CCCGGAACAGCCTACG",0.159746876960144,TRUE
"CID3838_CCCTCAAGTGTTCATG",0.0931589328311574,TRUE
"CID3838_CCGGTAGGTGATGGCA",0.156918884866202,TRUE
"CID3838_CCGTTCACAACTTCTT",0.138945112864867,TRUE
"CID3838_CCTAACCTCGTAGTCA",0.132157525651092,TRUE
"CID3838_CCTCCAAAGAGAGCGG",0.153081935088147,TRUE
"CID3838_CCTCCTCTCGGCTGGT",0.278270455011135,TRUE
"CID3838_CCTTCAGCAGGTAGTG",0.206860456967533,TRUE
"CID3838_CTTCTCTAGCTGTACT",0.106754392942286,TRUE
"CID3838_CTTTCAACAAAGCTAA",0.221059303586068,TRUE
"CID3838_GAAGCGAGTCATCAGT",0.142380707139972,TRUE
"CID3838_GACCCTTAGCGCTGCT",0.128786363703616,TRUE
"CID3838_GACGTTATCCGCCTAT",0.198575666464671,TRUE
"CID3838_GAGAGGTGTCAATCTG",0.94417199706129,FALSE
"CID3838_GATGATCTCAAGTAAG",0.197819123460966,TRUE
"CID3838_GCAGCCACAGATCATC",0.221328175016233,TRUE
"CID3838_GCCCAGATCAAGAATG",0.305024988658079,TRUE
"CID3838_GGAGCAATCGACCACG",0.206780071834405,TRUE
"CID3838_GGTGATTGTATGTCTG",0.112015408404,TRUE
"CID3838_GGTTGTAAGCTGCCAC",0.0848941176531514,TRUE
"CID3838_GTGTGATCATGACTAC",0.999545534496234,FALSE
"CID3838_GTTGCTCGTAGCACAG",0.192318839106686,TRUE
"CID3838_TACATTCGTAGGACCA",0.05347570598214,TRUE
"CID3838_TACCTGCGTACGATTC",0.143682274892356,TRUE
"CID3838_TCACAAGGTCCAGCCA",0.224109811232275,TRUE
"CID3838_TCATCCGCACAATGAA",0.186948151679916,TRUE
"CID3838_TCATGCCTCTGGTCAA",0.595294912717802,TRUE
"CID3838_TCATGTTTCTTACGTT",0.055725513708536,TRUE
"CID3838_TCCATGCTCCGCGAGT",0.136979949892107,TRUE
"CID3838_TCGGTCTAGCGGCTCT",0.177942591592417,TRUE
"CID3838_TCGTCCACACTTCTCG",0.999997426954476,FALSE
"CID3838_TCGTCCAGTCGACGCT",0.199812705046966,TRUE
"CID3838_TCGTGGGAGCATGATA",0.0594931706393799,TRUE
"CID3838_TCTAACTAGGAACGCT",0.150625562508344,TRUE
"CID3838_TCTCAGCGTCGAAGCA",0.483870471490813,TRUE
"CID3838_TCTCTGGCATAGTCGT",0.117683327026583,TRUE
"CID3838_TCTGGCTGTAGACTGG",0.124563458056051,TRUE
"CID3838_TGCAGATTCTCCTGTG",0.144974486456297,TRUE
"CID3838_TGCTCGTTCGTCCTCA",0.0996582875812904,TRUE
"CID3838_TGGATCACACTACACA",0.128629737237162,TRUE
"CID3838_TGGGCGTCATCGTCCT",0.185125471621785,TRUE
"CID3838_TGGTTAGGTGAATAAC",0.104637532288468,TRUE
"CID3838_TGTTCTACAGCACCCA",0.131306524863021,TRUE
"CID3838_TTGAACGCATAGGAGC",0.214486125577016,TRUE
"CID3838_TTGGGATTCAGGAACG",0.180572933457242,TRUE
"CID3838_TTGGGTACACGAAAGC",0.201962565459476,TRUE
"CID3838_CTCACTGTCCGTTGGG",0.999204997629415,FALSE
"CID3838_GTCAAACGTCGTTCAA",0.115138659014945,TRUE
"CID3838_AGTTCCCTCTGATGGT",0.999758724277008,FALSE
"CID3838_ATAGACCTCCTCACGT",0.171731423593443,TRUE
"CID3838_ATGAGTCTCCATAGGT",0.872000294852589,FALSE
"CID3838_CGTAATGGTCTAGGCC",0.158934641740142,TRUE
"CID3838_GACCTTCTCGGTCTAA",0.196866580880397,TRUE
"CID3838_GATGGAGCAAGAAATC",0.224606015105409,TRUE
"CID3838_GTGTTCCCACGTGAGA",0.175363769399403,TRUE
"CID3838_TAGCACAGTCCAGCAC",0.785427843414487,FALSE
"CID3838_AGAACAAAGTTGCGCC",0.140958316130518,TRUE
"CID3838_ATCCACCAGATAGGGA",0.761368659321941,FALSE
"CID3838_GACACGCAGCGGACAT",0.171311221230168,TRUE
"CID3838_GGAATCTGTCCGGCAT",0.382991401795427,TRUE
"CID3838_TATACCTAGCTCCATA",0.176735419769868,TRUE
"CID3838_GTTACGAAGGATACGC",0.233250862773061,TRUE
"CID3838_TAGGGTTCACAGTCAT",0.766824489775518,FALSE
"CID3838_TCATCATCAGAAGCGT",0.211468248786934,TRUE
"CID3838_TCAAGTGAGGGAGATA",0.375548950352657,TRUE
"CID3838_TGTCCTGAGAGGACTC",0.935398507025038,FALSE
"CID3838_TTTGGTTTCTGGAGAG",0.291021917099946,TRUE
"CID3838_AGTACCAAGTACAGAT",0.0635649934642429,TRUE
"CID3838_AACACACGTCCCACGA",0.504212659502578,TRUE
"CID3838_AACCCAATCTTACGGA",0.409862688159921,TRUE
"CID3838_AATGGCTAGAGGCGGA",0.143462385452113,TRUE
"CID3838_ACTTATCAGCCTCTTC",0.0738642916939234,TRUE
"CID3838_AGATAGAAGCTCCGAC",0.982658345458279,FALSE
"CID3838_AGTCTCCTCTCCAATT",0.914618684973169,FALSE
"CID3838_ATCGTAGGTCCAGGTC",0.604604641767365,TRUE
"CID3838_CACATGACACATACTG",0.26034985762409,TRUE
"CID3838_CATAAGCAGCTAGTTC",0.434761093500818,TRUE
"CID3838_CCAATGACAATACCTG",0.216446794341076,TRUE
"CID3838_CCACCATTCTACAGGT",0.192567729144578,TRUE
"CID3838_CCTATCGTCCATCTCG",0.14041006166444,TRUE
"CID3838_CGTAAGTCAGTGGGTA",0.180344117977032,TRUE
"CID3838_CTAGGTACATCCCGTT",0.256542243981453,TRUE
"CID3838_CTCAGGGGTATCGAAA",0.123818349073144,TRUE
"CID3838_CTTCTCTAGTCAGGGT",0.998850537287122,FALSE
"CID3838_GACCGTGTCGCCTTTG",0.99234025094562,FALSE
"CID3838_GCAGCTGTCCCATTTA",0.337334866366776,TRUE
"CID3838_GGGAAGTCAACGTATC",0.166394807649842,TRUE
"CID3838_GGGCTCACACACTGGC",0.233144816708732,TRUE
"CID3838_GGGTCTGGTATCCTTT",0.205805903932352,TRUE
"CID3838_GGTGTTATCGTGGCGT",0.999665751046808,FALSE
"CID3838_GTGCACGTCGTAGCTA",0.126055085485936,TRUE
"CID3838_GTTGCGGCACCAAAGG",0.920445661770842,FALSE
"CID3838_TAAGCGTTCTCCGAGG",0.662496148998476,TRUE
"CID3838_TATTCCAGTGTCTTCC",0.195044694448435,TRUE
"CID3838_TCATGGAGTAACACCT",0.494759497382802,TRUE
"CID3838_TCTCCGATCTTGGAAC",0.833461440834734,FALSE
"CID3838_TGCACGGAGATAGGGA",0.9999906147258,FALSE
"CID3838_TGTACAGCACAGTATC",0.299516880150795,TRUE
"CID3838_TTACTGTAGTAAACAC",0.999997646382616,FALSE
"CID3838_TTCAATCAGGGATGTC",0.30142658772276,TRUE
"CID3838_TTGCATTGTATACCCA",0.1421256680857,TRUE
"CID3838_TTGTGGACATTGCTGA",0.412311558770241,TRUE
"CID3838_CAAGGGACAATGCAAA",0.10844882867726,TRUE
"CID3838_GAGATGGAGCTTGTGT",0.645212483965391,TRUE
"CID3838_TTTGTTGAGCGCTTCG",0.173034208023317,TRUE
"CID3838_CATGCTCAGCGTCAGA",0.269560643109372,TRUE
"CID3838_AGCTACAAGGAAAGAC",0.117986684170218,TRUE
"CID3838_TCAAGCAGTTGCTAGT",0.125282700563282,TRUE
"CID3838_CAACAACTCCACAGCG",0.287745459363395,TRUE
"CID3838_GATGATCGTGGATGAC",0.11442394550226,TRUE
"CID3838_GGTTCTCAGATGGTCG",0.216113248213085,TRUE
"CID3838_TAACTTCGTCAACACT",0.134768089605784,TRUE
"CID3838_TCACTATTCGCCGAAC",0.104628264773308,TRUE
"CID3838_TCAGCCTGTAGGGTAC",0.195572475307038,TRUE
"CID3838_TGCAGGCTCTGCTGAA",0.388993152758037,TRUE
"CID3838_TGGGTTATCGATACTG",0.274354484797452,TRUE
"CID3838_TGTCCACAGCCAAGTG",0.968847270134053,FALSE
"CID3838_ACTACGAAGTAATTGG",0.13600663176026,TRUE
"CID3838_ACTGCAAAGCCAACCC",0.965127577673396,FALSE
"CID3838_AGGCATTGTTCCGCAG",0.11816774549431,TRUE
"CID3838_AGTGTTGCAGAACTTC",0.170357601168053,TRUE
"CID3838_CAGGCCACACCCTGAG",0.143542500624553,TRUE
"CID3838_CATGGATCAGGTTTAC",0.996530739532268,FALSE
"CID3838_CCTCATGCAATCGTCA",0.0883427189608597,TRUE
"CID3838_CGTAATGAGTGGACTG",0.214388165538045,TRUE
"CID3838_CTGCCTACAGTCGGTC",0.164596547135996,TRUE
"CID3838_GACATCATCGCATAGT",0.08330495581683,TRUE
"CID3838_GTAATCGAGGTAATCA",0.977441443573989,FALSE
"CID3838_GTCGTTCCAATTTCCT",0.251963291808436,TRUE
"CID3838_TAAGCACCAGGATCTT",0.189381661620294,TRUE
"CID3838_TCAGTGAGTTTCGCTC",0.204913857958511,TRUE
"CID3838_TCCATGCGTTCCTAGA",0.99999294902285,FALSE
"CID3838_TGTGATGCAACGTATC",0.999995290214397,FALSE
"CID3838_CTACCCAGTCCAATCA",0.987398682401645,FALSE
"CID3838_GATCATGGTACCGTCG",0.287339610257522,TRUE
"CID3838_TGGTAGTCAATTGCAC",0.162000634437547,TRUE
"CID3838_TACATTCGTCTAGATC",0.104417944495727,TRUE
"CID3838_ACAGAAAAGGGAGGCA",0.227053085787708,TRUE
"CID3838_AGAGAGCGTGGTTCTA",0.999814070276648,FALSE
"CID3838_ATGGGAGGTCCTGGTG",0.224023335349317,TRUE
"CID3838_GCACTAATCCCTATTA",0.206132677104887,TRUE
"CID3838_CTCAACCCATCCTAAG",0.0850670467354922,TRUE
"CID3838_AGGCTGCTCTAACACG",0.999997729263251,FALSE
"CID3838_CACTGAAGTGACGCCT",0.999998070232715,FALSE
"CID3838_CTCCCAAGTAGACACG",0.0268404631040544,TRUE
"CID3838_CTGTATTTCCCGAGTG",0.265551381108016,TRUE
"CID3838_GGGCCATTCGGAGATG",0.71875051459487,TRUE
"CID3838_GTAACACGTGGGAGAG",0.206170818394692,TRUE
"CID3838_GTAATCGAGTCACTCA",0.879984128278804,FALSE
"CID3838_TCGCAGGGTGTGGACA",0.995076700846968,FALSE
"CID3838_AGTCACACACTGTGAT",0.0686142485193979,TRUE
"CID3838_CACCAAATCAGACCCG",0.0495587506882945,TRUE
"CID3838_CTCATGCCAAATGAAC",0.0787464835921681,TRUE
"CID3838_GAGTCATCAAGCCATT",0.999863272471085,FALSE
"CID3838_GCCATTCTCACTCCGT",0.980391905605128,FALSE
"CID3838_GTGTCCTCAATCCTTT",0.999113581702019,FALSE
"CID3838_AGAACCTGTTTGGAAA",0.259927069148805,TRUE
"CID3838_AGCTCAATCGCACTCT",0.195280332515665,TRUE
"CID3838_AGTGCCGCAGAGATGC",0.861772588007743,FALSE
"CID3838_ATCCATTCATAATGAG",0.315747304871777,TRUE
"CID3838_ATCGGATTCCGTGGTG",0.362068275241901,TRUE
"CID3838_ATGAGTCCATTGTGCA",0.994476501441776,FALSE
"CID3838_ATGGATCTCGAGCCAC",0.174225901970823,TRUE
"CID3838_CTTCTCTCAAATGGTA",0.159211409720192,TRUE
"CID3838_GATCCCTGTTCGGTTA",0.995476961196762,FALSE
"CID3838_GTGGGAACAGACCAGA",0.818100870399842,FALSE
"CID3838_GTGGGAACATGTAACC",0.43473118429121,TRUE
"CID3838_GTGTGGCGTCTTGCTC",0.456256842024895,TRUE
"CID3838_TGATCAGCAAGTTCCA",0.976848238281365,FALSE
"CID3838_TTTACTGAGACGGTTG",0.149205852830253,TRUE
"CID3838_ACGATCAAGGCATCAG",0.999337051635221,FALSE
"CID3838_ACGTCCTTCATGGAGG",0.0725223417791985,TRUE
"CID3838_CAATGACAGGCAATGC",0.0734565396789079,TRUE
"CID3838_CCTGCATCACCCAATA",0.717464110757201,TRUE
"CID3838_CGGGTCAGTACATTGC",0.0321152754078619,TRUE
"CID3838_GCTACCTGTGCCCAGT",0.0709313706348727,TRUE
"CID3838_AAGTACCGTGTCATGT",0.0889944617020716,TRUE
"CID3838_AATGGCTTCATTCATC",0.363622918458752,TRUE
"CID3838_ACGTACACAAACGTGG",0.997595346535393,FALSE
"CID3838_CAATGACTCGGCCAAC",0.497851418068021,TRUE
"CID3838_CATCCGTTCGACCAAT",0.984368629995892,FALSE
"CID3838_TATCCTACACCAGCGT",0.453933741316528,TRUE
"CID3838_TGGGAGATCCAAGCAT",0.390363533842513,TRUE
"CID3838_TGTCAGATCCACCTCA",0.982526275473181,FALSE
"CID3838_TGTCCTGCACTGGCCA",0.054954181871432,TRUE
"CID3838_TGTTCTACAAGATTGA",0.537730401671778,TRUE
"CID3838_AGTGTTGAGGTGCTAG",0.999933836908259,FALSE
"CID3838_TGACAGTGTAATTAGG",0.816509596123483,FALSE
"CID3838_CTGTACCCACGTCTCT",0.0649330775931812,TRUE
"CID3838_AACTTCTAGACTTCAC",0.0369046488596414,TRUE
"CID3838_AAGACAAAGTATCTGC",0.0375346099699763,TRUE
"CID3838_ACCATTTCACAAGCAG",0.0471475472566723,TRUE
"CID3838_AGCGATTGTCGCTGCA",0.0524251975246998,TRUE
"CID3838_ATCGTCCTCTACAGGT",0.0291894021956141,TRUE
"CID3838_CCCTGATTCCTGTACC",0.0727163835278469,TRUE
"CID3838_CGAAGTTAGAGCAGCT",0.035626967071698,TRUE
"CID3838_CTCGAGGTCTACACAG",0.0749635380865674,TRUE
"CID3838_GTCATTTTCGACCATA",0.0848266454918754,TRUE
"CID3838_TAATTCCCAGTTGAAA",0.0366612540693226,TRUE
"CID3838_TCTACCGAGATGTAGT",0.0883666671476644,TRUE
"CID3838_TCTATACGTTGGGTTT",0.0680805840148273,TRUE
"CID3838_TGTGTGATCCATTCAT",0.030943939069073,TRUE
"CID3838_TTCGCTGCAAGCACAG",0.040055769123649,TRUE
"CID3838_GATTGGTAGAGGCCAT",0.0335222974541513,TRUE
"CID3838_CCACCATTCACTGGTA",0.0424544766030547,TRUE
"CID3838_CTGCAGGGTGTACAGG",0.0765252700113994,TRUE
"CID3838_CTGGCAGCAAGGCAAC",0.0297072703868904,TRUE
"CID3838_GGGTTATCAGGAGGAG",0.0507184332604593,TRUE
"CID3838_TGAGGGAGTCCAGTTA",0.0484870409026294,TRUE
"CID3838_ATCACTTGTATGTCCA",0.0701523789631216,TRUE
"CID3838_ATGGATCAGGTTAGTA",0.0292311861602181,TRUE
"CID3838_GCCAGGTCAATACGCT",0.0331891848374286,TRUE
"CID3838_TATTTCGGTTTCGTAG",0.0566044752213718,TRUE
"CID3838_ACGGAAGGTACCAGAG",0.0602813166261574,TRUE
"CID3838_ATTCGTTTCACTCACC",0.0374683055378441,TRUE
"CID3838_CCCATTGCATCCGGTG",0.0422599215731478,TRUE
"CID3838_CCGCAAGTCTCGGGAC",0.0362269083522346,TRUE
"CID3838_CGGTCAGGTCCACAGC",0.0457975967105133,TRUE
"CID3838_CGTCAAAGTCCAGCGT",0.0313912842652278,TRUE
"CID3838_TGCTCCAGTATTTCTC",0.0404672911237484,TRUE
"CID3838_CAGTTCCGTATCTTCT",0.0561404640646874,TRUE
"CID3838_CTCTCGACAATCAGCT",0.0531011771221007,TRUE
"CID3838_GAAACCTAGATGTAGT",0.0632881156764193,TRUE
"CID3838_GAAGCCCGTGACCTGC",0.0362042285015429,TRUE
"CID3838_GATTTCTTCATTGTTC",0.0379468735793228,TRUE
"CID3838_GGATCTATCCTAACAG",0.058593776870285,TRUE
"CID3838_GGGAGTAGTTCAAACC",0.0405121975603735,TRUE
"CID3838_TCATCATGTCGATTCA",0.0323839486712013,TRUE
"CID3838_TTCCAATAGCACGTCC",0.0409015414862582,TRUE
"CID3838_TTCTAGTAGTTGGGAC",0.0412426793475671,TRUE
"CID3838_ACATCGAGTATTTCGG",0.0656357225538736,TRUE
"CID3838_CGGACACCACCTGATA",0.0727397817136588,TRUE
"CID3838_GAACTGTCAACGAGGT",0.0921780508951359,TRUE
"CID3838_GTAGGTTCAAGGACAC",0.0633607394822167,TRUE
"CID3838_TGGTACATCGCTAATG",0.0934126971390084,TRUE
"CID3838_TGTTCATTCTAGTTCT",0.127791514312004,TRUE
"CID3838_GTCCACTCAAGCGCAA",0.665080086529334,TRUE
"CID3838_GTGTCCTTCACGGGCT",0.0325340525817011,TRUE
"CID3838_TGAATGCTCCGAGAAG",0.0265721552862802,TRUE
"CID3838_GTGGAAGTCGAAGAAT",0.357900311646352,TRUE
"CID3838_AAGGTAAAGAGAGCAA",0.108232001043109,TRUE
"CID3838_AGCGATTCAGGAGACT",0.0625288529458116,TRUE
"CID3838_CCTCCAAGTGCCCACA",0.0713922709950199,TRUE
"CID3838_CGGGTGTGTCCCGTGA",0.774396608201618,FALSE
"CID3838_CTCAAGAAGGTGATAT",0.0392973593936526,TRUE
"CID3838_CTCATTACATAAGCGG",0.444707355700975,TRUE
"CID3838_CTCTCGAGTGGAAATT",0.0409447789073374,TRUE
"CID3838_GCAGGCTTCTCCTGAC",0.072097484192091,TRUE
"CID3838_GGGATGATCCGAGCTG",0.0780599367760601,TRUE
"CID3838_GGGCTCACACACAGAG",0.130465358340057,TRUE
"CID3838_GTATTGGTCCTCTGCA",0.172454798513518,TRUE
"CID3838_GTTATGGTCGATCCAA",0.280645439796914,TRUE
"CID3838_TACCTCGAGCGTGTCC",0.0728758223034488,TRUE
"CID3838_TATTTCGGTAGATTAG",0.0901035266129394,TRUE
"CID3838_TCACACCGTGCAGATG",0.140552542725672,TRUE
"CID3838_TCCACCAGTGCCTAAT",0.0443750600552904,TRUE
"CID3838_TTAGGGTGTTTGGAAA",0.0683157943489986,TRUE
"CID3838_TTCCAATCAACCAACT",0.144008295972952,TRUE
"CID3838_AGGATCTGTAGAATGT",0.182962569622658,TRUE
"CID3838_CCGATGGAGGTAAACT",0.667990436774761,TRUE
"CID3838_CTCAAGACATGCCATA",0.149414822655819,TRUE
"CID3838_CTGAGGCGTCTACATG",0.999969508059294,FALSE
"CID3838_TCAGTGAGTGTCCATA",0.0709168284635709,TRUE
"CID3838_ATTACCTAGGATTTAG",0.235580433335203,TRUE
"CID3838_GTGTTAGTCGGACTGC",0.0537244527930583,TRUE
"CID3838_AGGTCTAAGCACTCTA",0.140440673081524,TRUE
"CID3838_GGTGAAGCAGTATACC",0.225217878007693,TRUE
"CID3838_AATAGAGCAATAACCC",0.468361508233407,TRUE
"CID3838_AGAAGTACACCTAAAC",0.503710099074411,TRUE
"CID3838_AGGGAGTCATAGCACT",0.139574623468343,TRUE
"CID3838_AGGTGTTAGATAGTGT",0.15998397685738,TRUE
"CID3838_AGTTCCCAGCTATCTG",0.834955472662403,FALSE
"CID3838_CAAAGAACAGCACCCA",0.12483064455632,TRUE
"CID3838_CACAACACAACGTATC",0.233107643742166,TRUE
"CID3838_CTCTCGACAAGCTGTT",0.906842014227341,FALSE
"CID3838_GCCGTGATCCTTATGT",0.0919990776187813,TRUE
"CID3838_TACCCACTCAGGACGA",0.808749310761074,FALSE
"CID3838_TCCTTTCCACCAGCGT",0.110520875451524,TRUE
"CID3838_TCTTCCTCATGGTACT",0.258049205263745,TRUE
"CID3838_TGAATCGTCTAACGCA",0.103940923963108,TRUE
"CID3838_TGGGAGAAGTCAGCGA",0.0743605295984961,TRUE
"CID3838_AGTTAGCAGCGGTATG",0.127252350366391,TRUE
"CID3838_ATCTCTAGTCGGAACA",0.0423497695373725,TRUE
"CID3838_CCAAGCGAGGTCACAG",0.0410670514194629,TRUE
"CID3838_CCCTGATTCGAGATAA",0.684896665270173,TRUE
"CID3838_CGGAACCAGTTTGAGA",0.956104965183449,FALSE
"CID3838_GAGGCAATCCTTTGAT",0.165748525187382,TRUE
"CID3838_GCATTAGGTTCTTAGG",0.702751048569889,TRUE
"CID3838_TCCAGAAAGCTACGTT",0.357303298045745,TRUE
"CID3838_TTGGGATCAGACCAAG",0.0516108854089254,TRUE
"CID3838_TTTCGATAGGCCTTCG",0.125266346438854,TRUE
"CID3838_AAAGTCCAGTCTTGGT",0.688919620399514,TRUE
"CID3838_AACTTCTCAGCTCGGT",0.0503534068347226,TRUE
"CID3838_AGAAGTAGTGACAGGT",0.407968759020555,TRUE
"CID3838_AGACCATGTGTGGACA",0.140932381809434,TRUE
"CID3838_AGGTGTTTCCATTCAT",0.366935613274798,TRUE
"CID3838_AGTCACAAGCTCACTA",0.0556994800746235,TRUE
"CID3838_AGTTCGAGTGGTGATG",0.980786782748577,FALSE
"CID3838_ATCATTCTCAGCGGAA",0.0641730240796225,TRUE
"CID3838_ATGGTTGGTAGTCTTG",0.0724237618593965,TRUE
"CID3838_ATGTCTTTCGTGCAGC",0.0645577183623412,TRUE
"CID3838_ATTACTCTCGTCCTTG",0.395623953275439,TRUE
"CID3838_ATTATCCTCAACTGGT",0.999492803471714,FALSE
"CID3838_ATTCACTTCGAAGCCC",0.798830971785417,FALSE
"CID3838_CAAAGAACAGCGACCT",0.2065630186952,TRUE
"CID3838_CACTGAAAGTCCTACA",0.0993328318633015,TRUE
"CID3838_CAGTTAGTCGCAATGT",0.843279888729173,FALSE
"CID3838_CCACGTTCAGCGGTTC",0.103597976804494,TRUE
"CID3838_CCCATTGGTCATCCGG",0.716739663378426,TRUE
"CID3838_CCGAACGTCGACACCG",0.149964130765334,TRUE
"CID3838_CCTTTGGTCCCTCTTT",0.317386458248485,TRUE
"CID3838_CGCGTGAAGTCATAGA",0.87048576073615,FALSE
"CID3838_CGTTAGAAGTCACACT",0.364355889567465,TRUE
"CID3838_CGTTGGGTCGGATTAC",0.146069766200179,TRUE
"CID3838_CTCTCAGGTATGTGTC",0.0771446785937663,TRUE
"CID3838_CTTCCGATCCCAGTGG",0.143111605572362,TRUE
"CID3838_CTTCTAACAGTATTCG",0.0622307841630743,TRUE
"CID3838_CTTCTCTGTACAGGTG",0.614945404394137,TRUE
"CID3838_GAAGGGTCACGATAGG",0.965712806953619,FALSE
"CID3838_GACCGTGTCCGAGATT",0.166556853521704,TRUE
"CID3838_GACCGTGTCTTGTTAC",0.206501882451537,TRUE
"CID3838_GATAGAAGTTCTCACC",0.0479642811208199,TRUE
"CID3838_GATGATCTCTTGATTC",0.0559556556334007,TRUE
"CID3838_GCCATGGGTCCAACGC",0.999766399488508,FALSE
"CID3838_GGGATGATCATGGGAG",0.555923949242767,TRUE
"CID3838_GTCATCCCATTAGGCT",0.942711919196493,FALSE
"CID3838_TACCGAATCGCCACTT",0.0885327182528137,TRUE
"CID3838_TATTGGGAGGCACTAG",0.563313021666459,TRUE
"CID3838_TCACATTGTGTATCCA",0.999996519721715,FALSE
"CID3838_TCATGTTTCACCTCTG",0.999940997347995,FALSE
"CID3838_TCCAGAAGTCACTGAT",0.2571886648798,TRUE
"CID3838_TCCCAGTCAAGGTCTT",0.0615236154640471,TRUE
"CID3838_TCCTCTTCACGGTGCT",0.0535137914490129,TRUE
"CID3838_TCTCAGCTCAATCTTC",0.0882178813817149,TRUE
"CID3838_TGACAGTCATCCAATG",0.147041627685575,TRUE
"CID3838_TGCGGCATCCATACAG",0.0756473044946768,TRUE
"CID3838_TGGTTAGAGCCACTCG",0.0585530605694817,TRUE
"CID3838_TGTCAGACAACCGCCA",0.671291613792531,TRUE
"CID3838_TTAATCCTCACTGCTC",0.171802260534423,TRUE
"CID3838_TTCCTAATCATTCACT",0.0604735843085949,TRUE
"CID3838_TTGCTGCGTAATGCGG",0.656518715433125,TRUE
"CID3838_TTGTTGTTCGAGCCAC",0.0762390374451075,TRUE
"CID3838_TTTAGTCTCTGGACCG",0.429549123076098,TRUE
"CID3838_CTGCATCTCGTACCTC",0.218081036327415,TRUE
"CID3838_GGTAATCTCCTTTGAT",0.0721938775255909,TRUE
"CID3838_CAATTTCTCATGTCTT",0.0754106727537628,TRUE
"CID3838_TCGCTCAAGGGTAGCT",0.978794315904777,FALSE
"CID3838_TTATTGCTCAAGCCAT",0.999888038435493,FALSE
"CID3838_ATCGGATAGCCAGTAG",0.991610569617753,FALSE
"CID3838_CATGCAATCGCGTAGC",0.102651636770639,TRUE
"CID3838_CGAATTGCATTGGCAT",0.322135874794682,TRUE
"CID3838_GCATTAGCACGTAGTT",0.0511414077913087,TRUE
"CID3838_TTGCGTCCACGAGGAT",0.979285521260535,FALSE
"CID3838_CAGTTAGGTGCGTGCT",0.0562935821003656,TRUE
"CID3838_CTGTATTGTACTGCCG",0.106708378763389,TRUE
"CID3838_TGCAGATGTTGCTCAA",0.123473833283168,TRUE
"CID3838_GAAACCTTCTCGTGGG",0.883024450367833,FALSE
"CID3838_TCCGATCAGGCTTAGG",0.111577460431455,TRUE
"CID3838_GACGTTATCTCGAGTA",0.0383309619793623,TRUE
"CID3838_TCAGCCTGTAGTAAGT",0.937723639073161,FALSE
"CID3838_TATACCTAGGCCATAG",0.792285873360526,FALSE
"CID3838_AAACGAACACCTGTCT",0.111569826848293,TRUE
"CID3838_AACAGGGGTGCCGTTG",0.154174623238334,TRUE
"CID3838_AGCGATTGTGGGCTCT",0.480048134206724,TRUE
"CID3838_AGCTCAAGTTGAAGTA",0.0749720485959474,TRUE
"CID3838_ATTCCTAAGTTGCCTA",0.0758638354626611,TRUE
"CID3838_CCTTCAGCATAGCACT",0.895303683496799,FALSE
"CID3838_CTCAGTCAGAGTCAGC",0.208508495357002,TRUE
"CID3838_CTCAGTCCATCTAGAC",0.0461504825069802,TRUE
"CID3838_CTCATGCTCGTGCACG",0.051233431479116,TRUE
"CID3838_GAGTTGTCACGGTCTG",0.929362788845072,FALSE
"CID3838_GGAGGTACAAATCCCA",0.102115734860533,TRUE
"CID3838_GTCATGACACTAGAGG",0.117610582422217,TRUE
"CID3838_GTCGAATAGATGGTAT",0.813306433882656,FALSE
"CID3838_GTGTTAGGTATCATGC",0.12838223954763,TRUE
"CID3838_TACCTGCAGCGTCTGC",0.370166059785888,TRUE
"CID3838_TTAGTCTGTTCCACGG",0.313487612239501,TRUE
"CID3838_TTCAATCTCGCGCCAA",0.293847565125936,TRUE
"CID3838_TTTGATCCACCGTCGA",0.121869812377188,TRUE
"CID3838_GGTCTGGTCACCATAG",0.259031837278804,TRUE
"CID3838_TCGCTCATCAAAGCCT",0.122803632902543,TRUE
"CID3838_TTGCATTGTCCTGGTG",0.0678672990781822,TRUE
"CID3838_ATGGGAGTCATAGACC",0.0426079306946825,TRUE
"CID3838_CTGAATGTCACTGTTT",0.052462683532441,TRUE
"CID3838_GGGACTCAGGTACAAT",0.239155336210082,TRUE
"CID3838_CTCAACCGTATGATCC",0.0762675054713292,TRUE
"CID3838_GCGAGAAGTGATGAAT",0.0392268535007159,TRUE
"CID3838_GAACTGTTCCACGGAC",0.0695493765693639,TRUE
"CID3838_ATTCCCGGTAATACCC",0.118310427520322,TRUE
"CID3838_CCATAAGAGGTCACCC",0.0728483400056227,TRUE
"CID3838_TACAGGTCAGAGGTAC",0.0640570532264599,TRUE
"CID3838_TCCATCGAGTGGATAT",0.780213138001341,FALSE
"CID3838_AACTTCTCAGGACGAT",0.0526206511060575,TRUE
"CID3838_AATGACCGTCAAGTTC",0.0691664240463504,TRUE
"CID3838_ACACAGTGTGGCGTAA",0.186804910698899,TRUE
"CID3838_ACAGCCGCAGGCTATT",0.114449615663836,TRUE
"CID3838_ACCCTCATCGTTCTCG",0.0567872387965408,TRUE
"CID3838_ACGCACGCACGGTCTG",0.0507951933030869,TRUE
"CID3838_ACGGTCGTCCGAGGCT",0.326377893006862,TRUE
"CID3838_ACTATTCAGGGAGGCA",0.277617069436807,TRUE
"CID3838_ACTTATCGTTAACCTG",0.727733008689708,TRUE
"CID3838_AGAGCCCAGGAACATT",0.0899842741210981,TRUE
"CID3838_AGATGAATCAGTGTGT",0.0701718793871849,TRUE
"CID3838_AGCGCCAGTGGTCTTA",0.0773557832881854,TRUE
"CID3838_AGGGCTCTCCTCCACA",0.195105622897168,TRUE
"CID3838_AGTAACCGTACGATCT",0.749974182334228,TRUE
"CID3838_AGTAGCTAGGTACATA",0.514130057805306,TRUE
"CID3838_AGTGTTGAGATGTTAG",0.0551736684002553,TRUE
"CID3838_AGTTCGAAGGTTAGTA",0.0564540070943029,TRUE
"CID3838_AGTTCGAAGTTAGAAC",0.130521446730933,TRUE
"CID3838_ATAGGCTTCAAAGAAC",0.261368862273361,TRUE
"CID3838_ATCCATTAGAGTACCG",0.192150965505877,TRUE
"CID3838_ATCGGATTCTTCCCGA",0.124171998270443,TRUE
"CID3838_ATGATCGAGTGTTCCA",0.0428477014355833,TRUE
"CID3838_ATGGGTTCAGAGTCTT",0.0694652519109382,TRUE
"CID3838_CAATACGAGCTTCGTA",0.0568717740931616,TRUE
"CID3838_CAATACGAGTCACGAG",0.232634296427379,TRUE
"CID3838_CAGATCACACTATGTG",0.0552955126705081,TRUE
"CID3838_CAGCACGTCACTACGA",0.20830211560761,TRUE
"CID3838_CCCTCTCGTTCTTAGG",0.678514108644397,TRUE
"CID3838_CCTACGTAGATGTAGT",0.455868459969351,TRUE
"CID3838_CGACAGCGTCACTCTC",0.0776710526009429,TRUE
"CID3838_CTGGTCTCATACCACA",0.342586718560517,TRUE
"CID3838_CTGTAGAGTGATTAGA",0.157021964213382,TRUE
"CID3838_GACTATGCAAGTATAG",0.919209705709442,FALSE
"CID3838_GATGAGGTCTTGGGCG",0.0583070989461612,TRUE
"CID3838_GCCGTGACACCATTCC",0.0516743051354868,TRUE
"CID3838_GGGTCACAGTCAAGCG",0.99992818324013,FALSE
"CID3838_GGTCTGGGTGTATCCA",0.165628466836889,TRUE
"CID3838_GTATTTCAGGAACTAT",0.102138288452829,TRUE
"CID3838_GTGAGTTAGAATCGCG",0.793082831000321,FALSE
"CID3838_GTGGAGATCACGTCCT",0.058846971440693,TRUE
"CID3838_GTTCGCTGTGTGTGGA",0.0958911646363465,TRUE
"CID3838_GTTTACTTCTCGGTAA",0.138005118341081,TRUE
"CID3838_TACAGGTTCAAGGAGC",0.0630413103840427,TRUE
"CID3838_TAGATCGAGATGATTG",0.15324745864528,TRUE
"CID3838_TAGGAGGTCCTCACTG",0.328820773585109,TRUE
"CID3838_TATTGGGAGAGCCCAA",0.0398218902687392,TRUE
"CID3838_TCACAAGGTACAGTAA",0.0728652511112559,TRUE
"CID3838_TCACGCTAGCTGACTT",0.173084484059603,TRUE
"CID3838_TCATGTTCAAGAATAC",0.0594308418251615,TRUE
"CID3838_TCCGGGACAGATAAAC",0.229955471391925,TRUE
"CID3838_TCCTGCAAGTGCTAGG",0.0493265504361396,TRUE
"CID3838_TCGAACAAGTAGCAAT",0.0493619907097391,TRUE
"CID3838_TCTTTGATCGCTTGCT",0.200214124806737,TRUE
"CID3838_TGACTCCGTAACACGG",0.0717871318046838,TRUE
"CID3838_TGAGGTTCAAGGAGTC",0.0440768857784909,TRUE
"CID3838_TGCGACGCAACGATTC",0.801446114889795,FALSE
"CID3838_TGCTTCGAGTTAGAAC",0.078777588307566,TRUE
"CID3838_TGTACAGGTATATGGA",0.962666978953683,FALSE
"CID3838_TGTGAGTAGCTTCGTA",0.117675509834579,TRUE
"CID3838_TGTTCCGAGATGGCAC",0.153354996266072,TRUE
"CID3838_TGTTCCGGTCGATTCA",0.352878403459363,TRUE
"CID3838_TTCTCTCGTGAGTTTC",0.0503382964911772,TRUE
"CID3838_TTGGGTAAGTCGCGAA",0.0415471507908229,TRUE
"CID3838_TTTACCATCTGCCCTA",0.414890966017104,TRUE
"CID3838_TTTAGTCCATGTGGTT",0.123113299259489,TRUE
"CID3838_TTTGACTAGCCATTTG",0.536800036492262,TRUE
"CID3838_AGGAGGTAGGTGCTGA",0.0470321488999486,TRUE
"CID3838_ACCCTTGGTGACTAAA",0.0418019239852622,TRUE
"CID3838_ATTGTTCGTCTTGAGT",0.70968706181659,TRUE
"CID3838_GATTCTTGTCTCAAGT",0.985082801640348,FALSE
"CID3838_TTTGATCTCCATTGCC",0.0873890361550989,TRUE
"CID3838_CATGCGGGTCCACTCT",0.0518386523177887,TRUE
"CID3838_AAGTGAATCGCAAGAG",0.438814557408701,TRUE
"CID3838_AATGCCACACACGCCA",0.0719717452619167,TRUE
"CID3838_ACGGAAGCATCCTCAC",0.0855924207325281,TRUE
"CID3838_ACTTAGGGTATCACCA",0.11279039094968,TRUE
"CID3838_AGAAATGCACCGGCTA",0.0528162513460484,TRUE
"CID3838_AGCTTCCTCCATCGTC",0.0960493186532652,TRUE
"CID3838_AGGCTGCTCGAGTACT",0.0490684886912266,TRUE
"CID3838_AGGGCTCAGCCTCGTG",0.12104431816361,TRUE
"CID3838_AGGTCATGTCACTCTC",0.0779679451485768,TRUE
"CID3838_AGTCATGGTGTGGTCC",0.10775009342094,TRUE
"CID3838_ATACCGAGTAGGGAGG",0.0962867389346103,TRUE
"CID3838_ATTTCACCACAGTACT",0.126659370410229,TRUE
"CID3838_CAAGACTCACCAGACC",0.113969564051986,TRUE
"CID3838_CAAGCTATCCCGAATA",0.0419966083656549,TRUE
"CID3838_CAATGACCAGAAGCTG",0.0598123703426769,TRUE
"CID3838_CACGTGGAGTCATACC",0.274651210435012,TRUE
"CID3838_CCACAAAGTAGATTAG",0.0536626851721658,TRUE
"CID3838_CCACTTGTCCCGAGTG",0.244512309897511,TRUE
"CID3838_CCGATGGCACACAGAG",0.0903362487295759,TRUE
"CID3838_CCGGACAGTTGCATCA",0.255136229900467,TRUE
"CID3838_CGATGCGGTGAGACCA",0.614761152971175,TRUE
"CID3838_CGTGAATAGTACTGTC",0.99692164164628,FALSE
"CID3838_CGTTCTGCATTGACAC",0.941803997693265,FALSE
"CID3838_CTCAATTCAATTGCGT",0.152971534931249,TRUE
"CID3838_CTCCGATAGACAACTA",0.20373102854143,TRUE
"CID3838_CTGCCTAAGTAAAGCT",0.262937966653086,TRUE
"CID3838_GACTCAAGTCGAAGCA",0.10762702385404,TRUE
"CID3838_GAGTTGTGTCACCGCA",0.187661782180725,TRUE
"CID3838_GATAGCTCACAGTCAT",0.0759776430465786,TRUE
"CID3838_GATGACTTCCTGCTAC",0.094624163156101,TRUE
"CID3838_GCATTAGCATGACTCA",0.0829507167973587,TRUE
"CID3838_GCTCAAAGTCCAACGC",0.607970527383107,TRUE
"CID3838_GGCTTTCAGTCGGCAA",0.094143795381439,TRUE
"CID3838_GGGACCTCAGTCGCAC",0.0394348222568855,TRUE
"CID3838_GGGAGATTCGGCTGGT",0.172204079458982,TRUE
"CID3838_GTACAACAGCAGATAT",0.0531460629756688,TRUE
"CID3838_GTACAGTTCCATTTCA",0.0938063041093798,TRUE
"CID3838_GTCAAACAGGACTGGT",0.10842166134242,TRUE
"CID3838_GTCACGGAGCAGGCAT",0.0892265710701187,TRUE
"CID3838_GTCAGCGCATTCCTCG",0.130139764408887,TRUE
"CID3838_GTGCAGCCACCCTTGT",0.323636820338994,TRUE
"CID3838_GTGGGAATCCGCAGTG",0.0869847889373166,TRUE
"CID3838_GTGTCCTGTTGCTCAA",0.109666716921955,TRUE
"CID3838_TACCTGCAGGGTACAC",0.148949621222938,TRUE
"CID3838_TAGTGCATCTCATTTG",0.711950526204127,TRUE
"CID3838_TATTTCGGTACCCAGC",0.0546888146363024,TRUE
"CID3838_TCAGTCCCATACTGTG",0.0445441424848496,TRUE
"CID3838_TCTTGCGAGAGGCGGA",0.726451924213827,TRUE
"CID3838_TCTTTGATCCGTGTCT",0.99355020681852,FALSE
"CID3838_TGATTTCCAGGACGAT",0.989588462872435,FALSE
"CID3838_TGTGCGGTCGCATTAG",0.0549843864792236,TRUE
"CID3838_TGTTACTCAGTCGAGA",0.815719221452067,FALSE
"CID3838_TTAATCCAGAAACTAC",0.273806304645433,TRUE
"CID3838_TTACAGGAGACGGAAA",0.141687765398513,TRUE
"CID3838_TTCATGTTCCAAGGGA",0.118208964754631,TRUE
"CID3838_CATTTCACACGCTGCA",0.168703238141495,TRUE
"CID3838_CTAAGTGTCATGCGGC",0.203282459273299,TRUE
"CID3838_GAGGCCTTCTTCCCGA",0.206204528382017,TRUE
"CID3838_GGTCACGGTATGCGTT",0.202580918353886,TRUE
"CID3838_CATGCGGCAGGTACGA",0.895361702009559,FALSE
"CID3838_GGTGTCGGTATCCCAA",0.999878450175127,FALSE
"CID3838_CTTGATTTCCTCTAAT",0.0710238632683428,TRUE
"CID3838_GGCGTCACATGGACAG",0.857287967440076,FALSE
"CID3838_TCCGTGTTCTATCCAT",0.885366141475193,FALSE
"CID3838_CACCGTTTCTCGCTTG",0.0385228221071015,TRUE
"CID3838_TTTATGCGTGTGTGGA",0.0494905865180373,TRUE
"CID3838_AAGATAGCACGCGTGT",0.915446478135085,FALSE
"CID3838_AAGCGAGGTAATCAAG",0.197140454478733,TRUE
"CID3838_AAGCGAGTCTAGAACC",0.492236497687265,TRUE
"CID3838_AGGATCTGTATTGACC",0.108534048738075,TRUE
"CID3838_AGGGTTTTCAGGACAG",0.275280764179144,TRUE
"CID3838_ATAGACCCAAGACGGT",0.617799713662812,TRUE
"CID3838_ATGGGAGGTTAAGAAC",0.531179153086762,TRUE
"CID3838_ATTCCATTCAATCCGA",0.0771631187503447,TRUE
"CID3838_CACTGTCCAGCCCACA",0.0591401058911082,TRUE
"CID3838_CTGGACGAGACTTCCA",0.0496310061739333,TRUE
"CID3838_GAACTGTCAAGAATGT",0.117906363812152,TRUE
"CID3838_TCAGCAAGTCTTCTAT",0.671087937329937,TRUE
"CID3838_TCATACTTCCCATACC",0.0902161596686508,TRUE
"CID3838_TCGGGCAAGGAGTCTG",0.0424296054746975,TRUE
"CID3838_TGGTAGTAGTCTTGGT",0.155242570626011,TRUE
"CID3838_TGTGAGTTCTTGAACG",0.054856611406557,TRUE
"CID3838_TTGCATTAGCATGATA",0.048966078991643,TRUE
"CID3838_TTGCCTGCAGGTGAGT",0.169171386530457,TRUE
"CID3838_TTGGGTAAGCCAGACA",0.0486689438736209,TRUE
"CID3838_TTGTTTGTCACCTGGG",0.339129784449384,TRUE
"CID3838_AAGTCGTTCCACATAG",0.876202687995694,FALSE
"CID3838_ACTTCCGAGGAAACGA",0.0805826767251664,TRUE
"CID3838_AGCCAATCAAGCTCTA",0.138890350856747,TRUE
"CID3838_AGGCCACCAGAATGTA",0.166401645859042,TRUE
"CID3838_AGGTCTACAGTACTAC",0.564893539237922,TRUE
"CID3838_AGTGACTTCTAGTTCT",0.0896138766569673,TRUE
"CID3838_ATCTTCAGTGTGACCC",0.543962044836436,TRUE
"CID3838_ATGGAGGAGAGAACCC",0.22543670961911,TRUE
"CID3838_ATGGAGGTCCAACCGG",0.065470713924762,TRUE
"CID3838_ATGGGTTTCCGAGATT",0.0662653494864199,TRUE
"CID3838_ATGGTTGAGAGATTCA",0.243988019283973,TRUE
"CID3838_CAAGGGAAGTCTCGTA",0.567211547073797,TRUE
"CID3838_CAGATTGTCGTGGGTC",0.214402510089912,TRUE
"CID3838_CATACAGCAGGCGTTC",0.0759268937548205,TRUE
"CID3838_CATTCATTCCAAGCTA",0.661295010566209,TRUE
"CID3838_CATTGCCTCAGAGTTC",0.1781962069804,TRUE
"CID3838_CCGGTGAGTAATGTGA",0.950188128180124,FALSE
"CID3838_CGAAGGATCTTCGTGC",0.219700186651963,TRUE
"CID3838_CGACAGCAGTACCATC",0.999999659691826,FALSE
"CID3838_CGACAGCCATTAAGCC",0.968543635606757,FALSE
"CID3838_CTACATTTCATCCCGT",0.0831566656998684,TRUE
"CID3838_CTATCCGGTGTGGACA",0.597937908018689,TRUE
"CID3838_CTCAAGAAGTATGGAT",0.30115756344982,TRUE
"CID3838_CTCTCAGGTGAGGCAT",0.581015634381741,TRUE
"CID3838_CTGCAGGGTACTTGTG",0.507816698082429,TRUE
"CID3838_CTTAGGAAGGTTACCT",0.101254767051286,TRUE
"CID3838_GAATCGTGTCTTCTAT",0.197541135702616,TRUE
"CID3838_GACCGTGGTGATCGTT",0.812458387421485,FALSE
"CID3838_GAGTCTAGTCAAGTTC",0.119572209732738,TRUE
"CID3838_GCACGTGAGAGTTGCG",0.602469911064181,TRUE
"CID3838_GCCAACGCAGCTCTGG",0.631734086947376,TRUE
"CID3838_GCTGCAGAGAGCAGCT",0.173304271009869,TRUE
"CID3838_GGTGATTTCACTCACC",0.235281948168207,TRUE
"CID3838_GTACAACAGTAAACGT",0.850048014908117,FALSE
"CID3838_GTCTCACCATGAAAGT",0.0904631342683344,TRUE
"CID3838_GTGGGAAAGAGCCATG",0.340217399150192,TRUE
"CID3838_GTGGGAAAGAGTCTTC",0.394932506478478,TRUE
"CID3838_TACCGAAAGTAGGTTA",0.956402113959006,FALSE
"CID3838_TACTTCAGTAACAGTA",0.344688264573849,TRUE
"CID3838_TAGTGCAGTATCAAGA",0.965878465092339,FALSE
"CID3838_TAGTGCATCGTAACAC",0.1013571000406,TRUE
"CID3838_TCACATTCATGACGGA",0.363687989927937,TRUE
"CID3838_TCAGTTTGTGCCGTAC",0.951956889733708,FALSE
"CID3838_TCATTGTCATAAGATG",0.986838632203754,FALSE
"CID3838_TCCACGTGTCACGTGC",0.183560521575942,TRUE
"CID3838_TGAGGTTGTCGGTACC",0.221437076715115,TRUE
"CID3838_TGCTGAATCGCAGAGA",0.999991546976394,FALSE
"CID3838_TGGAGAGTCGAGCCAC",0.535620856097969,TRUE
"CID3838_TGGGATTTCCCGAGTG",0.107941542718954,TRUE
"CID3838_TGTGATGAGGTCGTAG",0.0972806494616291,TRUE
"CID3838_TTATTGCTCACTTCTA",0.951453893675144,FALSE
"CID3838_TTCCACGAGAGACAAG",0.275763380054823,TRUE
"CID3838_TTCTCTCCATTATGCG",0.220621756288222,TRUE
"CID3838_TTGAACGGTGTAACGG",0.65102048471418,TRUE
"CID3838_TTGCCTGAGCAGCGAT",0.91122785197569,FALSE
"CID3838_CGAAGTTCACAGAGAC",0.0483394270382835,TRUE
"CID3838_TGTGAGTGTGAATTAG",0.0976887073678755,TRUE
"CID3838_CCTGCATCACAACGCC",0.0592833269187584,TRUE
"CID3838_AAGACAACATTATGCG",0.0560430249312405,TRUE
"CID3838_GAAGTAAGTAGTGGCA",0.0370221405168842,TRUE
"CID3838_GCATGATTCCGATAAC",0.096413627201168,TRUE
"CID3838_TCGCAGGGTTGGGATG",0.0439802693218265,TRUE
"CID3838_TTCAATCTCAGACAAA",0.0953531462667192,TRUE
"CID3838_GAGACTTAGAGTGAAG",0.0791708281287936,TRUE
"CID3838_GGCAGTCAGTATAGAC",0.38164102933321,TRUE
"CID3838_AACAACCGTTTCGACA",0.0679978047488373,TRUE
"CID3838_AACCCAAAGCGAGTCA",0.988141771318089,FALSE
"CID3838_AAGCGAGTCAAGCCCG",0.0433380012702458,TRUE
"CID3838_AAGTGAAGTCACTACA",0.404657822377576,TRUE
"CID3838_AATGACCAGTAACAGT",0.259606523527788,TRUE
"CID3838_AATTTCCGTCTTTATC",0.530879433683267,TRUE
"CID3838_ACCTACCAGTCGCTAT",0.0682235435411997,TRUE
"CID3838_ACGTACAAGGTAGCAC",0.0836836296339456,TRUE
"CID3838_ACTCCCAGTATACCCA",0.0901925890490058,TRUE
"CID3838_ACTGTGATCGACATCA",0.314535946803704,TRUE
"CID3838_ACTTTGTGTCCTATAG",0.038800668453666,TRUE
"CID3838_AGAACAACACAGCCAC",0.123059104682848,TRUE
"CID3838_AGACACTCAGACGCTC",0.509660079331392,TRUE
"CID3838_AGACCCGCATGACTGT",0.0925677723925207,TRUE
"CID3838_AGAGCCCCACACACGC",0.0670990401581033,TRUE
"CID3838_AGCCAATGTATGGTTC",0.0648425291043602,TRUE
"CID3838_AGCCACGTCACCTCGT",0.21067820931212,TRUE
"CID3838_AGCTTCCAGGGAGGTG",0.501907019138409,TRUE
"CID3838_AGGACTTTCCTCCACA",0.134494439805624,TRUE
"CID3838_AGGCATTGTTACCCAA",0.172366786367996,TRUE
"CID3838_AGGTAGGAGGTCCAGA",0.0667017567793509,TRUE
"CID3838_AGGTCTATCCTGGCTT",0.202820003240172,TRUE
"CID3838_AGGTGTTGTCATAGTC",0.0739000163253551,TRUE
"CID3838_AGTACCATCCTTCAGC",0.072618265047335,TRUE
"CID3838_ATACTTCGTGATACCT",0.217725757036771,TRUE
"CID3838_ATCAGGTAGGGTCACA",0.0889015416357863,TRUE
"CID3838_ATCATTCTCTAGATCG",0.073441606892593,TRUE
"CID3838_ATCCATTCACAAAGCG",0.057125723811254,TRUE
"CID3838_ATCCGTCGTACTGAGG",0.985708133232836,FALSE
"CID3838_ATCGTGATCAGTAGGG",0.0468315565959192,TRUE
"CID3838_ATGGGTTGTGAGCCAA",0.697374045835352,TRUE
"CID3838_ATTCTACGTGACGCCT",0.14613162375387,TRUE
"CID3838_ATTCTACTCAAAGGAT",0.0788030006222721,TRUE
"CID3838_CAACAGTCAAGAGGTC",0.305607561184204,TRUE
"CID3838_CAAGACTAGACTTGTC",0.153664223921245,TRUE
"CID3838_CAGGCCAAGTGCTAGG",0.734786871996626,TRUE
"CID3838_CATCCCAGTTCTCGTC",0.0690466338879756,TRUE
"CID3838_CATGCAAAGTCATCCA",0.117318669407925,TRUE
"CID3838_CATGCCTAGATGCCGA",0.311657319600222,TRUE
"CID3838_CATGCTCCATAGAAAC",0.0972607976327317,TRUE
"CID3838_CCCTCAAAGAGGTCGT",0.921779734777543,FALSE
"CID3838_CCCTCAAAGATCGGTG",0.140834660710705,TRUE
"CID3838_CCGGGTATCACCTTAT",0.155019805277066,TRUE
"CID3838_CCGGTGAAGGTCACTT",0.0770174632731924,TRUE
"CID3838_CCGTGAGTCCCGAACG",0.191226839205206,TRUE
"CID3838_CCTAAGATCCGATGCG",0.989961928997584,FALSE
"CID3838_CCTATCGCAGAGTGTG",0.0664265663478062,TRUE
"CID3838_CCTCATGAGTCTTGGT",0.0781822395036737,TRUE
"CID3838_CCTTCAGAGTCTTCCC",0.1034437454731,TRUE
"CID3838_CGAAGGAAGAATAACC",0.0732330687073311,TRUE
"CID3838_CGAGTGCTCGAAATCC",0.0623532722908277,TRUE
"CID3838_CGCCAGAAGTCGGGAT",0.0468986523766984,TRUE
"CID3838_CGGAACCAGCTACAAA",0.62392786264953,TRUE
"CID3838_CGGACACCATAGTCAC",0.923024518950899,FALSE
"CID3838_CGGGCATAGGTAGCCA",0.999752275681177,FALSE
"CID3838_CGGTCAGCAGCATTGT",0.149986172187193,TRUE
"CID3838_CTACAGAAGACATGCG",0.808923296792122,FALSE
"CID3838_CTATCTAAGCTCTTCC",0.334469631568954,TRUE
"CID3838_CTGCAGGGTGGTTCTA",0.0619750228983437,TRUE
"CID3838_CTGCCATTCACAGTGT",0.240230427546045,TRUE
"CID3838_CTGCCTACAGACAATA",0.356352988723785,TRUE
"CID3838_CTGGTCTCACCGGAAA",0.100639542865213,TRUE
"CID3838_CTGTAGACAGTATGAA",0.123233877562307,TRUE
"CID3838_CTGTGAATCGTCGATA",0.0910422101259539,TRUE
"CID3838_CTTCCGACAAGACGGT",0.11008003990949,TRUE
"CID3838_CTTCTAAAGCTTGTGT",0.9992297787379,FALSE
"CID3838_CTTCTAAAGGGCCAAT",0.102080473398209,TRUE
"CID3838_GAACACTTCCGATGCG",0.0793730237813807,TRUE
"CID3838_GACATCACAGCTCGGT",0.693360643426359,TRUE
"CID3838_GACCCTTTCAAGGCTT",0.705945570477983,TRUE
"CID3838_GACGCTGCACCAAATC",0.0576992063306753,TRUE
"CID3838_GACTGATGTTATTCTC",0.0995475409937531,TRUE
"CID3838_GAGGGATAGTCTAGCT",0.0987216080486243,TRUE
"CID3838_GAGTCTACAGGCAATG",0.173308349054649,TRUE
"CID3838_GCAACATTCCAACTGA",0.47900965749005,TRUE
"CID3838_GCCAGCACAGCTACCG",0.0825865636869208,TRUE
"CID3838_GCCAGGTCAGTATACC",0.0627722348697995,TRUE
"CID3838_GCCGATGCACTGATTG",0.931680056536273,FALSE
"CID3838_GCGGAAAAGAATTCAG",0.0409282831676754,TRUE
"CID3838_GCTACCTGTCGTCATA",0.0961832163216475,TRUE
"CID3838_GGAATCTGTCATGACT",0.135276888701947,TRUE
"CID3838_GGAGCAATCATCCTGC",0.170301931501404,TRUE
"CID3838_GGCGTCACATCGTGCG",0.179856139662633,TRUE
"CID3838_GGCTGTGTCAGAACCT",0.19065203949703,TRUE
"CID3838_GGCTTTCCATTAGGAA",0.283648265280859,TRUE
"CID3838_GGCTTTCTCGTGCACG",0.153383836245876,TRUE
"CID3838_GGGAGTACACTTTAGG",0.999212316548931,FALSE
"CID3838_GGGATGAGTATGACAA",0.0948785431181665,TRUE
"CID3838_GGGTGTCTCTGCGGCA",0.977515943558758,FALSE
"CID3838_GGTAGAGAGTCATGCT",0.66957391005186,TRUE
"CID3838_GGTGTTATCTCTGCTG",0.132861491342129,TRUE
"CID3838_GGTTAACGTAGCTGTT",0.0483675138695756,TRUE
"CID3838_GTAGATCGTACAACGG",0.0972892631917237,TRUE
"CID3838_GTAGCTACAGATCATC",0.116010582678779,TRUE
"CID3838_GTAGCTAGTTGCGTAT",0.36726510093828,TRUE
"CID3838_GTCATTTAGAGCAACC",0.0870725705182707,TRUE
"CID3838_GTCTACCGTCTTACTT",0.0608287682665499,TRUE
"CID3838_GTCTGTCCAGCCCAGT",0.721212732050639,TRUE
"CID3838_GTGGGAACACTGCTTC",0.051991382296183,TRUE
"CID3838_GTGGTTAAGGCACTAG",0.22015962892356,TRUE
"CID3838_GTGTCCTGTTAGGCCC",0.164411285572364,TRUE
"CID3838_GTGTGGCCACGAAGAC",0.865306207218872,FALSE
"CID3838_TAAGCCATCTACCACC",0.107660255342174,TRUE
"CID3838_TAAGCGTAGAATTGCA",0.26314855841889,TRUE
"CID3838_TACCTCGAGTTCGCAT",0.0745803174725469,TRUE
"CID3838_TATGTTCTCTAGTACG",0.995031651363871,FALSE
"CID3838_TCAAGTGGTGGACCTC",0.998980018718441,FALSE
"CID3838_TCACGGGGTGTACAGG",0.149023523378227,TRUE
"CID3838_TCAGCCTTCTAGTGAC",0.127473306444666,TRUE
"CID3838_TCAGTTTAGCATAGGC",0.0515274278838053,TRUE
"CID3838_TCATACTTCTCGTCAC",0.129817456032723,TRUE
"CID3838_TCATACTTCTTAGCTT",0.179643513829819,TRUE
"CID3838_TCATATCCAGATAAAC",0.10278900180576,TRUE
"CID3838_TCATATCTCTGACGCG",0.0886405330775645,TRUE
"CID3838_TCATCATGTCTTCATT",0.104855097169601,TRUE
"CID3838_TCATTACAGCCTCTGG",0.107273351650144,TRUE
"CID3838_TCATTACTCCAGCTCT",0.0649379706231826,TRUE
"CID3838_TCCTAATTCAGGACAG",0.742179989212285,TRUE
"CID3838_TCCTCCCTCCTCACCA",0.0945394800869588,TRUE
"CID3838_TCGACGGAGCTGAAGC",0.0357496452220023,TRUE
"CID3838_TCGCTCAAGAACCGCA",0.0920129884125774,TRUE
"CID3838_TCGGATAAGAGTCAGC",0.0920392362267431,TRUE
"CID3838_TCGGGCATCTTTCGAT",0.0602724266208603,TRUE
"CID3838_TCTAACTCAGAGACTG",0.144484836992481,TRUE
"CID3838_TCTCCGACATCTCAAG",0.0549178496402023,TRUE
"CID3838_TCTTGCGAGCGACTGA",0.960449558581169,FALSE
"CID3838_TCTTTGATCTCTAAGG",0.142846773164086,TRUE
"CID3838_TGATGGTAGTAGACCG",0.13877671627248,TRUE
"CID3838_TGCAGGCTCTAACGCA",0.17506185105559,TRUE
"CID3838_TGCAGTACATTCATCT",0.487250815084295,TRUE
"CID3838_TGCATCCTCCGTCCTA",0.393495664940809,TRUE
"CID3838_TGGAACTCACAGCCAC",0.531331098915666,TRUE
"CID3838_TGGAACTCAGGAACCA",0.300731387697454,TRUE
"CID3838_TGGGCGTTCCGCCTAT",0.510661657561731,TRUE
"CID3838_TGTGCGGTCTTTGGAG",0.32854409208134,TRUE
"CID3838_TTAGTCTTCCATACTT",0.169271237933345,TRUE
"CID3838_TTCACGCAGGTGGGTT",0.582525772201053,TRUE
"CID3838_TTCCGGTTCCGAGCTG",0.886457285447861,FALSE
"CID3838_TTCCTTCCAAATGAGT",0.0809087472274112,TRUE
"CID3838_TTCTAGTCAGCACCCA",0.0792124662928043,TRUE
"CID3838_TTCTCTCAGAATTTGG",0.549214264688906,TRUE
"CID3838_TTGGATGTCACGATAC",0.159924031289022,TRUE
"CID3838_TTTACTGGTACTGCCG",0.17819771496424,TRUE
"CID3838_TTTAGTCAGGTAGTCG",0.834621846124049,FALSE
"CID3838_TTTCAGTCAATTGTGC",0.993055240744401,FALSE
"CID3838_AACACACCAACGGCCT",0.0731370142235205,TRUE
"CID3838_CCTCAACAGACCAAGC",0.0548391040305555,TRUE
"CID3838_CCTCTCCTCATTCTTG",0.0885105613785829,TRUE
"CID3838_CGAGTGCCAGTGGTGA",0.0457580027499652,TRUE
"CID3838_CTGCCTAGTGACTGAG",0.0481422762524341,TRUE
"CID3838_TCAGCAAGTAGGACTG",0.0935577336292717,TRUE
"CID3838_TTCCTTCCATCTTCGC",0.0419021905632909,TRUE
"CID3838_TCAGCAATCCACGAAT",0.0718361459717958,TRUE
"CID3838_ACCTGTCAGGGCTAAC",0.0573316023525136,TRUE
"CID3838_ATTCATCCAACTGTGT",0.147773150442996,TRUE
"CID3838_AAACGAACAAGCCATT",0.105349924277726,TRUE
"CID3838_AACAAAGGTGTACGCC",0.284491685376045,TRUE
"CID3838_AACAGGGCACCATTCC",0.0526995216404502,TRUE
"CID3838_AAGACAAAGAGACAAG",0.906197280067934,FALSE
"CID3838_AAGCATCCAAACGGCA",0.277767840383937,TRUE
"CID3838_AAGTACCTCCGTCAAA",0.0427967214728738,TRUE
"CID3838_AAGTTCGCACCGCTAG",0.54327664109423,TRUE
"CID3838_AAGTTCGCACTGATTG",0.283246400254174,TRUE
"CID3838_AATCGTGCAAATTAGG",0.0397805709484511,TRUE
"CID3838_AATTTCCGTCTAACTG",0.636872095886227,TRUE
"CID3838_ACAACCAAGGAACTCG",0.232287918231815,TRUE
"CID3838_ACATCCCAGAAGTGTT",0.0397871489237224,TRUE
"CID3838_ACCAACAAGGTAAGGA",0.104025516107413,TRUE
"CID3838_ACGTAGTAGCTATCCA",0.255864012268978,TRUE
"CID3838_ACGTCCTGTAATCAGA",0.0334294722019865,TRUE
"CID3838_ACTGCAATCCATGATG",0.393681417044702,TRUE
"CID3838_ACTGTGACATTGCTGA",0.0698513114627149,TRUE
"CID3838_ACTGTGAGTGTAGCAG",0.10556110068296,TRUE
"CID3838_ACTTCGCAGAAGCGGG",0.941896125134197,FALSE
"CID3838_ACTTTCAAGGGTGAGG",0.413201709138806,TRUE
"CID3838_AGAAATGAGTAATACG",0.0835514876337995,TRUE
"CID3838_AGAAGCGTCTTTGCAT",0.958279270229908,FALSE
"CID3838_AGACAAAAGAAGTGTT",0.771502733393012,FALSE
"CID3838_AGATGCTAGTTGTAGA",0.683965283196784,TRUE
"CID3838_AGATGCTTCTTCTGTA",0.0820577069378288,TRUE
"CID3838_AGGAATAGTGCTCTCT",0.0480344769205353,TRUE
"CID3838_AGGACGAAGATGTTGA",0.0600923113942528,TRUE
"CID3838_AGGATAACACGTAGAG",0.349983529730861,TRUE
"CID3838_AGTCTCCCACTTCATT",0.0600038761766009,TRUE
"CID3838_ATCCATTTCATGAGTC",0.0476144816957736,TRUE
"CID3838_ATCTCTACACTGTGAT",0.568775895045413,TRUE
"CID3838_ATCTTCACAATTCGTG",0.143202922964068,TRUE
"CID3838_ATGAAAGCAGCGGTTC",0.0485758308917252,TRUE
"CID3838_ATTCCTAGTCTTGAGT",0.650012090524939,TRUE
"CID3838_CAAGCTATCGCAGATT",0.389023984465305,TRUE
"CID3838_CACGTTCCATGACTCA",0.0385425061273023,TRUE
"CID3838_CACTAAGGTTGTTGCA",0.185458697671535,TRUE
"CID3838_CAGATACCAAGAGCTG",0.683242190632742,TRUE
"CID3838_CAGATCATCTCATTTG",0.113134821195131,TRUE
"CID3838_CAGCAGCCAGCATGCC",0.900893264185986,FALSE
"CID3838_CAGTGCGGTCGAACAG",0.0722340906576142,TRUE
"CID3838_CAGTTAGTCGTCGGGT",0.982094907338907,FALSE
"CID3838_CATGCAATCGATTCCC",0.0608175527352392,TRUE
"CID3838_CATGGATAGTAAGACT",0.118751882718996,TRUE
"CID3838_CATTGAGTCCCTCATG",0.184905855479549,TRUE
"CID3838_CATTGTTGTGTGACCC",0.953572274640638,FALSE
"CID3838_CATTTCAGTGCCTATA",0.0569273438153294,TRUE
"CID3838_CCACACTCAGAGTAAT",0.0524813634273791,TRUE
"CID3838_CCGGTGATCGTTAGTG",0.323578176857563,TRUE
"CID3838_CCGTAGGCAACCGTGC",0.0529223193493369,TRUE
"CID3838_CCTCCAATCGAGTACT",0.0588473853057395,TRUE
"CID3838_CCTGTTGCAAATAGCA",0.851207398111083,FALSE
"CID3838_CGAGGAAGTATTCCTT",0.436549586379731,TRUE
"CID3838_CGATGCGCACAACGCC",0.09600445353679,TRUE
"CID3838_CGGGTGTCAGCTTTCC",0.970056547272572,FALSE
"CID3838_CTACCCATCATGCCAA",0.0974535347794752,TRUE
"CID3838_CTACGGGCAAGGTCAG",0.0780888637277331,TRUE
"CID3838_CTATAGGGTTTGGCTA",0.106703227250312,TRUE
"CID3838_CTCAGAAAGAGCAACC",0.270889974848737,TRUE
"CID3838_CTCCTTTTCCAGTTCC",0.0710636455306161,TRUE
"CID3838_CTGCAGGGTGTTATCG",0.45719381788999,TRUE
"CID3838_CTGGCAGAGCGATGCA",0.044725891765013,TRUE
"CID3838_CTGTAGATCACATCAG",0.782205023576352,FALSE
"CID3838_CTTAGGAGTACAAGCG",0.104962857230045,TRUE
"CID3838_CTTGAGAGTAACACGG",0.152639636650243,TRUE
"CID3838_GAACACTCACCCTTAC",0.179402479274394,TRUE
"CID3838_GAAGAATTCGCGATCG",0.102787266025954,TRUE
"CID3838_GAATAGACAGTTCTAG",0.477704737480249,TRUE
"CID3838_GAGACTTGTCGGAACA",0.0614566380413072,TRUE
"CID3838_GAGGGATTCGAGTTGT",0.0595243363909001,TRUE
"CID3838_GATAGAAGTAGGACTG",0.146946288540894,TRUE
"CID3838_GATCCCTCAGTCTGGC",0.202549523358927,TRUE
"CID3838_GCACGGTCAGGTGTTT",0.695840750040356,TRUE
"CID3838_GCCAGGTGTCACATTG",0.462284400165493,TRUE
"CID3838_GCCCAGAAGGACAGTC",0.387642861240541,TRUE
"CID3838_GCCCGAACAGCTGAAG",0.999361892403684,FALSE
"CID3838_GCCTGTTAGGAGAGTA",0.977365188171311,FALSE
"CID3838_GCGATCGCAAGCCCAC",0.881402393657293,FALSE
"CID3838_GGAGGATCATTGGATC",0.177628140445003,TRUE
"CID3838_GGCTGTGCATCTTAGG",0.970226241617449,FALSE
"CID3838_GGGATCCAGTAAGCAT",0.954360514602698,FALSE
"CID3838_GGGTGTCTCGACGACC",0.600157127229297,TRUE
"CID3838_GGGTGTCTCTTGTTAC",0.12727980802701,TRUE
"CID3838_GGTGATTTCCACTGGG",0.0996806178899143,TRUE
"CID3838_GTAACACGTCGCGGTT",0.570906269868288,TRUE
"CID3838_GTACAGTCAAAGACGC",0.32149694595131,TRUE
"CID3838_GTAGCTAAGGGTTTCT",0.999873706314833,FALSE
"CID3838_GTAGGTTAGACATAGT",0.0750175863830296,TRUE
"CID3838_GTAGTACAGCATCCCG",0.912763491806626,FALSE
"CID3838_GTCATGACACGAGGTA",0.321015707495257,TRUE
"CID3838_GTCGTAAAGATTGTGA",0.0506432742438738,TRUE
"CID3838_GTCTTTACAAGGGCAT",0.674212211111103,TRUE
"CID3838_GTGATGTAGCATAGGC",0.993222877951555,FALSE
"CID3838_GTGCAGCGTAACGCGA",0.0602273022988374,TRUE
"CID3838_GTGGCGTGTAACACCT",0.264787083574359,TRUE
"CID3838_GTTGAACGTGTATCCA",0.116362144272133,TRUE
"CID3838_GTTTGGAGTGCTGATT",0.204711347288937,TRUE
"CID3838_TAAGTCGCATTGTACG",0.0604327756560295,TRUE
"CID3838_TAATCTCTCAGGCGAA",0.232815011040024,TRUE
"CID3838_TACAACGAGCCGGATA",0.107183690167819,TRUE
"CID3838_TACATTCAGTTGCTGT",0.270696960183936,TRUE
"CID3838_TACCCGTGTCGAAACG",0.33209018348001,TRUE
"CID3838_TAGCACACAGCGGTTC",0.413570649510063,TRUE
"CID3838_TATCCTATCTTACCGC",0.117591645228109,TRUE
"CID3838_TATTGCTGTACAAACA",0.0606733512895833,TRUE
"CID3838_TCACTCGAGTGGAATT",0.584655550106644,TRUE
"CID3838_TCGTAGAGTTCCTACC",0.989991626915209,FALSE
"CID3838_TCTAACTGTAGACGGT",0.163710222478908,TRUE
"CID3838_TCTCCGAGTGGATCGA",0.180178596730936,TRUE
"CID3838_TGATTTCGTCAAGCGA",0.887890691205044,FALSE
"CID3838_TGCAGGCGTCCAGAAG",0.230931985314733,TRUE
"CID3838_TGCAGTAGTCACCGCA",0.817775427221274,FALSE
"CID3838_TGCCGAGTCGGCTATA",0.0593236693741122,TRUE
"CID3838_TGGGAGAAGAAACTGT",0.877013411632926,FALSE
"CID3838_TGGTTAGTCTTACGTT",0.0574008078607066,TRUE
"CID3838_TGTAAGCAGTGTTCCA",0.143509874989806,TRUE
"CID3838_TGTCAGAGTCTGTGGC",0.177185172531263,TRUE
"CID3838_TGTGTGACATTCGATG",0.724675777580877,TRUE
"CID3838_TTATTGCGTACCCACG",0.728610449859895,TRUE
"CID3838_TTCCAATAGTCGAAGC",0.22920483328686,TRUE
"CID3838_TTCGCTGGTCGGAAAC",0.403946431925324,TRUE
"CID3838_TTGACCCAGGTAAGTT",0.739963782558203,TRUE
"CID3838_TTGCATTTCAGCCTCT",0.947870702327136,FALSE
"CID3838_TTGCCTGTCTACAGGT",0.760671767589435,FALSE
"CID3838_TTGGGTATCAGTCTTT",0.0377508578837107,TRUE
"CID3838_TTGTGGAAGTAACCTC",0.0399634759678489,TRUE
"CID3838_TTTACCAAGATTGACA",0.3020241800023,TRUE
"CID3838_TTTGACTAGCGTATGG",0.0553041725026459,TRUE
"CID3838_TTTGGTTGTACGTAGG",0.250207538132574,TRUE
"CID3838_CATTGCCAGGAGACCT",0.436157002065396,TRUE
"CID3838_CTCCTTTCAGTAGAAT",0.230980626834661,TRUE
"CID3838_GGAGATGGTAACATCC",0.114379067023208,TRUE
"CID3838_CCACGAGAGTGCCGAA",0.0924251474362761,TRUE
"CID3838_GATGACTAGTAATACG",0.373146239994447,TRUE
"CID3838_AACAAGACAGTAGTTC",0.993676961588728,FALSE
"CID3838_AAGCCATAGTTCATGC",0.785414328955843,FALSE
"CID3838_AATCACGTCTTGAGCA",0.925011141062492,FALSE
"CID3838_AATGCCACACTGCATA",0.045061254138747,TRUE
"CID3838_ACTTAGGGTTGGACTT",0.0368971765195406,TRUE
"CID3838_AGGCATTAGCTAAATG",0.612310026709386,TRUE
"CID3838_AGGTCATGTCGTATGT",0.980308336400043,FALSE
"CID3838_AGTGTTGCACTATCCC",0.351806017604041,TRUE
"CID3838_ATCCACCGTCCGTACG",0.0938417649373531,TRUE
"CID3838_ATCGGATAGACCAGAC",0.060769251227211,TRUE
"CID3838_ATCGTGACAGACAAGC",0.0880692169890269,TRUE
"CID3838_CATCCACCATCGCTGG",0.0318957168549468,TRUE
"CID3838_CCTAAGATCAACGAGG",0.674319065139598,TRUE
"CID3838_CGAATTGAGCTGAGCA",0.687873864969792,TRUE
"CID3838_CGTGATAAGCCATTCA",0.462720660125044,TRUE
"CID3838_CTATCCGGTGACATCT",0.106616928773524,TRUE
"CID3838_CTCTCAGTCACCATAG",0.394216290566812,TRUE
"CID3838_CTCTCAGTCTCTCGAC",0.0490059594229966,TRUE
"CID3838_CTTCCGAAGGCGACAT",0.0639499039990309,TRUE
"CID3838_GAAGGACCATCGAACT",0.12819562025329,TRUE
"CID3838_GACGCTGAGTGATTCC",0.428019276156974,TRUE
"CID3838_GAGGCCTGTTGAGTCT",0.120552275923939,TRUE
"CID3838_GATTTCTAGGATGTTA",0.974523372863857,FALSE
"CID3838_GCATCGGCATCATCTT",0.547620137175459,TRUE
"CID3838_GCCAGTGTCGCAGTCG",0.999988708032341,FALSE
"CID3838_GCTGAATGTGCCTGCA",0.0696984635281789,TRUE
"CID3838_GCTGGGTTCTGAGGTT",0.0701973616358702,TRUE
"CID3838_GGGATGAAGGGATCAC",0.085195679709055,TRUE
"CID3838_GGTAATCCAGCGTGAA",0.952882512187522,FALSE
"CID3838_GTAATGCTCGGCCAAC",0.28178284112094,TRUE
"CID3838_GTAATGCTCGGCTTCT",0.703341118291344,TRUE
"CID3838_GTGAGCCCACGAAGAC",0.62293364392514,TRUE
"CID3838_TACCCACCAAATTGCC",0.844821747436385,FALSE
"CID3838_TCACTATGTGCTATTG",0.199753307349056,TRUE
"CID3838_TCATTTGGTCCTTAAG",0.0585811882790887,TRUE
"CID3838_TCCTCGAGTGCGTCGT",0.751555022765978,FALSE
"CID3838_TCCTCTTGTACAGTCT",0.102971757193188,TRUE
"CID3838_TCGTGCTGTGGGTCAA",0.322511891207563,TRUE
"CID3838_TCGTGGGAGCTGACAG",0.764378615338058,FALSE
"CID3838_TCTATACAGCGGTAAC",0.178037336410109,TRUE
"CID3838_TGAGGGATCTCCGTGT",0.205762415494523,TRUE
"CID3838_TGCTGAAAGGCGATAC",0.0580697100496921,TRUE
"CID3838_TGTGTGAGTAGCTTGT",0.186487093604325,TRUE
"CID3838_TTAATCCAGATCGCCC",0.0784868484586717,TRUE
"CID3838_TTGACCCGTTATTCTC",0.056403470850116,TRUE
"CID3838_TTTACGTAGCTCGTGC",0.653690509041824,TRUE
"CID3838_TTTGGTTGTAGGTAGC",0.25155496742987,TRUE
"CID3838_TTTGTTGAGTCGCCAC",0.963299376770213,FALSE
"CID3838_AGCGCTGGTGTGGTCC",0.0377766467941127,TRUE
"CID3838_AGGGCTCTCAGTCCGG",0.0756182504931515,TRUE
"CID3838_GACTGATCAAGCTGCC",0.0357949488184647,TRUE
"CID3838_GTTAGTGGTGTCCCTT",0.2173543731994,TRUE
"CID3838_ACAGAAAAGGTCGACA",0.052925517678754,TRUE
"CID3838_ACTTTCACAACCCTAA",0.987964327788777,FALSE
"CID3838_CTAACCCAGATTCGAA",0.930927949010294,FALSE
"CID3838_TAATCTCTCAAGCCAT",0.135226765091181,TRUE
"CID3838_TACACCCTCAGACTGT",0.0548228399179737,TRUE
"CID3838_TCCAGAAAGCTAATCC",0.228889498215824,TRUE
"CID3838_AGGGTGAGTTTGGGAG",0.0390820872209445,TRUE
"CID3838_CGAGGCTGTGAGCAGT",0.998658572106258,FALSE
"CID3838_CGGCAGTTCCGGCAGT",0.894940038612087,FALSE
"CID3838_CTAGACAGTGAGTAAT",0.128029404394739,TRUE
"CID3838_CTGCATCGTTATAGAG",0.937647998298283,FALSE
"CID3838_CTGTATTGTGACACAG",0.738941887691814,TRUE
"CID3838_GTTACCCGTTGTCTAG",0.633133651366888,TRUE
"CID3838_TACAACGCAGCGTACC",0.205936243919265,TRUE
"CID3838_TTGTGTTTCCCAAGCG",0.622636608110403,TRUE
"CID3838_CTCCCTCGTGGTTCTA",0.138652876882131,TRUE
"CID3838_ACTATTCCAGGATGAC",0.784560111067908,FALSE
"CID3838_ATTCGTTGTGCCTGAC",0.611649820033294,TRUE
"CID3838_GCATCTCAGGTACCTT",0.0521052401731364,TRUE
"CID3838_GCATTAGTCCGATCGG",0.348390545621218,TRUE
"CID3838_GCCATTCCAAGGCGTA",0.119622127854228,TRUE
"CID3838_AGGCTGCGTCCTATAG",0.0428404189297154,TRUE
"CID3838_GACCTTCTCATCCTGC",0.136780492904098,TRUE
"CID3838_TTTAGTCAGACTTGTC",0.094634171294028,TRUE
"CID3838_GGTAATCTCCGGGACT",0.883923654600755,FALSE
"CID3838_ATTTACCTCCACGTAA",0.0654842599998964,TRUE
"CID3838_GAATCACAGGAAAGTG",0.103672036620678,TRUE
"CID3838_GTCTTTAGTCCCACGA",0.0697831957343431,TRUE
"CID3838_AAGACAAAGTCAATCC",0.0407081682009984,TRUE
"CID3838_CAACAGTTCTCGTGGG",0.992773123674109,FALSE
"CID3838_AGCGTCGCATTGAGGG",0.872783548128999,FALSE
"CID3838_AGTAGCTGTGTTGCCG",0.712682714348899,TRUE
"CID3838_TTGTTCACAGCAGAAC",0.0474288771385343,TRUE
"CID3838_CTAGACACAATTCGTG",0.0522563387699666,TRUE
"CID3838_GTCTTTAGTCATCCGG",0.999999891855815,FALSE
"CID3838_CTAACTTCAAGTGGGT",0.203880709638703,TRUE
"CID3838_TGTTACTGTCATATGC",0.367013233783223,TRUE
"CID3838_AAGCGTTCACCTTCGT",0.756780518520167,FALSE
"CID3838_CCCTGATTCAATCGGT",0.684449550318418,TRUE
"CID3838_ATTCCCGAGAATCCCT",0.100543009525258,TRUE
"CID3838_TCGTGCTCAAAGAACT",0.321819335263751,TRUE
"CID3838_GTTATGGTCGGCTATA",0.21149003268102,TRUE
"CID3838_CCGGTAGAGATACATG",0.061489070286269,TRUE
"CID3838_TACCGGGTCACGTAGT",0.268540884289869,TRUE
"CID3838_TCACTCGTCATCTCTA",0.0878715899598878,TRUE
"CID3838_AGGCTGCCAAATTAGG",0.666552606703241,TRUE
"CID3838_GCAGGCTAGGTCATTC",0.164764439266791,TRUE
"CID3838_TACGGGCAGGATTTGA",0.0578358743389362,TRUE
"CID3838_TTTCACATCGCAGTCG",0.0480235595786155,TRUE
"CID3838_AATGGAACAAGATTGA",0.0981627417528071,TRUE
"CID3838_AATTCCTAGCGTTCAT",0.121872641921273,TRUE
"CID3838_GGCTTTCCAGTGTGGA",0.0805876536305851,TRUE
"CID3838_TACATTCTCAAGTGTC",0.13016350781781,TRUE
"CID3838_AAACCCATCAAGCCAT",0.0685579035232212,TRUE
"CID3838_AAACCCATCGCTAAAC",0.0832671730290123,TRUE
"CID3838_AAAGGATAGAGCAAGA",0.0502756202248517,TRUE
"CID3838_AAAGGTAGTGACTCGC",0.977722152109169,FALSE
"CID3838_AAAGGTATCGGCGATC",0.399244981713789,TRUE
"CID3838_AAATGGAGTCTTGCGG",0.0478875882396407,TRUE
"CID3838_AACAAAGCAGCATACT",0.0774392577263409,TRUE
"CID3838_AACAAAGTCTGCTAGA",0.80371004992962,FALSE
"CID3838_AACAGGGTCGGCTTGG",0.0776606259427875,TRUE
"CID3838_AACCCAAGTCCCTCAT",0.0582842692540176,TRUE
"CID3838_AACCTGACAACAGCCC",0.0712832276826926,TRUE
"CID3838_AACCTTTAGCAAGGAA",0.51096490822966,TRUE
"CID3838_AACGGGAAGCATCCTA",0.119214738882519,TRUE
"CID3838_AACGTCAGTCGCACGT",0.0637459636647933,TRUE
"CID3838_AAGATAGGTACAGAGC",0.219276051201855,TRUE
"CID3838_AAGCGTTAGGATTTCC",0.210017174248984,TRUE
"CID3838_AAGGAATGTGACGCCT",0.0914366729160501,TRUE
"CID3838_AAGGAATTCGCAATTG",0.0560343187432648,TRUE
"CID3838_AAGGTAACATACAGCT",0.999767433719448,FALSE
"CID3838_AAGTACCGTTAACCTG",0.0567779553088365,TRUE
"CID3838_AAGTCGTGTTACGTAC",0.134466523394028,TRUE
"CID3838_AATAGAGAGACAAGCC",0.0542355771817845,TRUE
"CID3838_AATTCCTCAAATCAGA",0.461247415376194,TRUE
"CID3838_ACAAAGACATAATGCC",0.0950821481254277,TRUE
"CID3838_ACAAAGAGTGGTTCTA",0.282840028574654,TRUE
"CID3838_ACAACCACAATACCTG",0.220611575446486,TRUE
"CID3838_ACACGCGCAATCACGT",0.0775459246867444,TRUE
"CID3838_ACAGCCGGTTCTCCAC",0.402050838403453,TRUE
"CID3838_ACATGCAGTGGATTTC",0.0788341528281876,TRUE
"CID3838_ACCTACCCATGACCCG",0.178538264547841,TRUE
"CID3838_ACGGTTATCGGATACT",0.0710064790533682,TRUE
"CID3838_ACGTAACAGCATCAGG",0.068095473125608,TRUE
"CID3838_ACGTAGTGTACTGCCG",0.0455200327890837,TRUE
"CID3838_ACGTTCCTCGTGGGTC",0.121082721261769,TRUE
"CID3838_ACGTTCCTCTACCCAC",0.0561289824459195,TRUE
"CID3838_ACTACGAGTAGTGCGA",0.537336769170131,TRUE
"CID3838_ACTATCTCAAATGAAC",0.159804560363972,TRUE
"CID3838_ACTGATGCAACCGTAT",0.236469205104778,TRUE
"CID3838_ACTGTCCAGGTCGACA",0.993642917718918,FALSE
"CID3838_ACTTCCGGTAGGTCAG",0.09206499851194,TRUE
"CID3838_ACTTTGTTCGGTGTAT",0.0503837033033652,TRUE
"CID3838_AGAACCTCAAGACTGG",0.10840159167388,TRUE
"CID3838_AGAAGTAAGCAGGTCA",0.0542089275017786,TRUE
"CID3838_AGACAAAGTAGATGTA",0.0554258653904967,TRUE
"CID3838_AGACCATTCTACTCAT",0.0641230534476368,TRUE
"CID3838_AGACCATTCTGAATGC",0.0714428193353098,TRUE
"CID3838_AGAGCAGTCGGTTGTA",0.202769246031926,TRUE
"CID3838_AGAGCCCCAAGCACAG",0.676594100045755,TRUE
"CID3838_AGCCAGCGTAGCGATG",0.109388040226957,TRUE
"CID3838_AGCGATTCAGGCTATT",0.214680399515984,TRUE
"CID3838_AGCGCCATCCAATCTT",0.966522719658019,FALSE
"CID3838_AGCTTCCAGTTGGACG",0.0946089236996474,TRUE
"CID3838_AGCTTCCGTACGCTTA",0.0486295749685651,TRUE
"CID3838_AGGACTTGTTGCTCAA",0.092122759184747,TRUE
"CID3838_AGGGAGTCAGTAACGG",0.171585615140862,TRUE
"CID3838_AGGGAGTTCTAGCAAC",0.0877182737699688,TRUE
"CID3838_AGGTGTTGTGGATACG",0.595872024326167,TRUE
"CID3838_AGGTGTTTCCATTGCC",0.058417038250565,TRUE
"CID3838_AGGTGTTTCCCTTGGT",0.0941483744186987,TRUE
"CID3838_AGTGACTAGGCCACTC",0.176930305335088,TRUE
"CID3838_AGTGCCGCATCTGGGC",0.197328796018944,TRUE
"CID3838_AGTTCGACAGGTGGAT",0.114705119286572,TRUE
"CID3838_AGTTCGATCGACCAAT",0.0946434179190725,TRUE
"CID3838_ATACCTTGTTAGGCCC",0.0784857849155542,TRUE
"CID3838_ATACTTCGTCGCGTTG",0.0437334827498859,TRUE
"CID3838_ATCACAGTCGGATACT",0.0676358692590236,TRUE
"CID3838_ATCACGATCAATGTCG",0.138124432231727,TRUE
"CID3838_ATCCATTTCACTCTTA",0.0447496388450337,TRUE
"CID3838_ATCCTATGTAGATGTA",0.073652246225941,TRUE
"CID3838_ATCGGATTCTTCTGGC",0.695400767625761,TRUE
"CID3838_ATCTCTAAGTATAGGT",0.0595175919671541,TRUE
"CID3838_ATGAAAGGTGCCGTAC",0.114350336042528,TRUE
"CID3838_ATGAGGGGTTCCGGTG",0.365081701157126,TRUE
"CID3838_ATGATCGGTAGCTTTG",0.080802880688862,TRUE
"CID3838_ATGCATGTCTTGCAAG",0.0580729173188392,TRUE
"CID3838_ATGCCTCAGATTGATG",0.0726870055820062,TRUE
"CID3838_ATGCGATAGCTGGCTC",0.119118227331773,TRUE
"CID3838_ATGCGATCAAGTGACG",0.132281663624346,TRUE
"CID3838_ATGGGTTAGTTTGAGA",0.0510009383125809,TRUE
"CID3838_ATGGTTGTCTATTGTC",0.0698368319688279,TRUE
"CID3838_ATGTCTTGTCCGACGT",0.377572513826199,TRUE
"CID3838_ATTGGGTAGGCGAACT",0.0479928689393065,TRUE
"CID3838_ATTTCACAGTCAGCCC",0.212252317864755,TRUE
"CID3838_CAACAACTCTCTAAGG",0.0639505204151839,TRUE
"CID3838_CAACGGCTCATTCGGA",0.0468873712556678,TRUE
"CID3838_CAATACGCATCCGCGA",0.0526239270084558,TRUE
"CID3838_CACTAAGAGCCATCCG",0.109759850739262,TRUE
"CID3838_CAGATCATCAAGGACG",0.505926657115507,TRUE
"CID3838_CAGATTGTCTGCATGA",0.587818279537635,TRUE
"CID3838_CAGCAATCATGTCGTA",0.0348035937690992,TRUE
"CID3838_CAGCACGGTCGCTTAA",0.0517671701641838,TRUE
"CID3838_CATCCACGTATCCTTT",0.0746237538694847,TRUE
"CID3838_CATCCGTTCGATGCAT",0.0984731001232033,TRUE
"CID3838_CATCGCTAGAACTTCC",0.184361581023467,TRUE
"CID3838_CATCGGGCACGGCACT",0.123768008376467,TRUE
"CID3838_CATGAGTAGCTGCCAC",0.0918997990834759,TRUE
"CID3838_CATGCTCGTGAAAGTT",0.0496783726828043,TRUE
"CID3838_CATGGTAAGACAACAT",0.143206976034821,TRUE
"CID3838_CCACACTTCTTCTGGC",0.0498652797823344,TRUE
"CID3838_CCATAAGAGGTAACTA",0.0478684060552599,TRUE
"CID3838_CCATAAGAGTAGAATC",0.896986671921724,FALSE
"CID3838_CCCGAAGGTGAATGAT",0.0652307951112375,TRUE
"CID3838_CCCGGAATCATAGAGA",0.12665949128135,TRUE
"CID3838_CCCTAACGTATTCCTT",0.12026927197008,TRUE
"CID3838_CCCTAACGTTCCGCTT",0.0711429593054498,TRUE
"CID3838_CCCTCAAAGTCTGGTT",0.0504085054468879,TRUE
"CID3838_CCCTTAGAGTACCGGA",0.084816097778517,TRUE
"CID3838_CCGATGGGTAGGAGTC",0.0747115357480239,TRUE
"CID3838_CCTACGTCAGACCTGC",0.0538301018095142,TRUE
"CID3838_CCTACGTTCCCAGTGG",0.206159357202037,TRUE
"CID3838_CCTCAACTCAGTCCGG",0.104518276907898,TRUE
"CID3838_CCTCACAAGAGTAACT",0.180749598143139,TRUE
"CID3838_CCTCACAAGGTTGAGC",0.16080705550194,TRUE
"CID3838_CCTCCTCCAATAGTAG",0.0544276392265788,TRUE
"CID3838_CCTGTTGTCTGTTGGA",0.156084469166546,TRUE
"CID3838_CCTTGTGGTCAAAGTA",0.0592548818883059,TRUE
"CID3838_CGAGGCTTCACCCTCA",0.108474528688298,TRUE
"CID3838_CGAGTTATCTGCATAG",0.0574464585927376,TRUE
"CID3838_CGATGGCAGATCACCT",0.110980994392174,TRUE
"CID3838_CGCCAGATCGTAGAGG",0.311999015644903,TRUE
"CID3838_CGGAACCTCTCTTGCG",0.53662734614606,TRUE
"CID3838_CGGAATTAGGGCAGGA",0.101057154360495,TRUE
"CID3838_CGGGTGTAGGAACATT",0.0692333509164447,TRUE
"CID3838_CGGGTGTGTGAGATAT",0.254343523444417,TRUE
"CID3838_CGTAGTATCCGTGTAA",0.483328635302218,TRUE
"CID3838_CGTCCATCAGTTTCGA",0.0962044544122539,TRUE
"CID3838_CGTGCTTGTACCCGCA",0.202643826944272,TRUE
"CID3838_CGTTAGAGTTCGGCTG",0.400985412427827,TRUE
"CID3838_CGTTGGGCAGCAGATG",0.248095727233694,TRUE
"CID3838_CTACAGATCGCAACAT",0.0882023286734169,TRUE
"CID3838_CTACATTTCTCTGGTC",0.0664316976434958,TRUE
"CID3838_CTACCCAAGCATGCAG",0.0587219314212696,TRUE
"CID3838_CTACGGGCAGAGTAAT",0.0871766919528301,TRUE
"CID3838_CTACTATGTCAGGTAG",0.0875873073837893,TRUE
"CID3838_CTAGACATCGAACACT",0.154727564110656,TRUE
"CID3838_CTATAGGAGGGACTGT",0.148161996160154,TRUE
"CID3838_CTATAGGCAAGCTACT",0.0430113397105428,TRUE
"CID3838_CTATCCGAGCGAGAAA",0.999705668860003,FALSE
"CID3838_CTATCTATCTCTAAGG",0.0686234651295861,TRUE
"CID3838_CTCAACCCATGTCTAG",0.189696310438436,TRUE
"CID3838_CTCAAGACATGTTCAG",0.0856444983221074,TRUE
"CID3838_CTCAAGATCAAACCTG",0.038819223129711,TRUE
"CID3838_CTCAGGGGTACTAACC",0.09525387952085,TRUE
"CID3838_CTCATCGTCCTCTTTC",0.0968234076460931,TRUE
"CID3838_CTCATTAAGCATCGAG",0.168383486596107,TRUE
"CID3838_CTCCCTCAGTGTACCT",0.0823788189696248,TRUE
"CID3838_CTCTCAGGTGACATCT",0.119975694486623,TRUE
"CID3838_CTCTCAGGTTGCCATA",0.0583393049408784,TRUE
"CID3838_CTCTCGATCTCTAAGG",0.0711465631428338,TRUE
"CID3838_CTGATCCAGGGCTGAT",0.141900604724115,TRUE
"CID3838_CTGCATCGTGACAGGT",0.0835924073524118,TRUE
"CID3838_CTGCATCTCGAGAGAC",0.265155593520713,TRUE
"CID3838_CTGCCATCATGGGCAA",0.214393850717864,TRUE
"CID3838_CTGGACGTCCCTCGTA",0.0890726154034404,TRUE
"CID3838_CTGGCAGCAACAGAGC",0.0943399139839777,TRUE
"CID3838_CTGTCGTCAGGCACTC",0.0635616829668055,TRUE
"CID3838_CTGTGAAAGTACTGGG",0.131545091671273,TRUE
"CID3838_CTTTCGGAGTCAGCGA",0.0483711413410809,TRUE
"CID3838_GAAACCTAGGCCCAAA",0.137598422423256,TRUE
"CID3838_GAACTGTGTGAGATAT",0.143473419236144,TRUE
"CID3838_GAAGGACTCTTGGAAC",0.419901044880042,TRUE
"CID3838_GAATAGAGTGGGCTTC",0.237516004766382,TRUE
"CID3838_GACATCACAATCTGCA",0.104942616962162,TRUE
"CID3838_GACATCACAGAGACTG",0.42375338167052,TRUE
"CID3838_GACCAATTCGTCTACC",0.131718987007139,TRUE
"CID3838_GACCAATTCTTGGGCG",0.312853507135717,TRUE
"CID3838_GACCCAGAGTTGGCGA",0.0437344887025015,TRUE
"CID3838_GACCCAGGTACCCGCA",0.0525920938597351,TRUE
"CID3838_GACCCTTTCAGTGCGC",0.143999876658296,TRUE
"CID3838_GACCGTGGTGGATGAC",0.0416891428344289,TRUE
"CID3838_GACCTTCGTAACTTCG",0.0526623348593111,TRUE
"CID3838_GAGAGGTCATGGCTGC",0.0723896849913866,TRUE
"CID3838_GAGCTGCGTGAACCGA",0.0792296085968241,TRUE
"CID3838_GAGGCCTAGTCGAGGT",0.0775363597446479,TRUE
"CID3838_GAGTTACCACCGGTCA",0.171884605167063,TRUE
"CID3838_GAGTTTGCACGGGTAA",0.0699445247248962,TRUE
"CID3838_GATAGCTTCCGACAGC",0.0483729588784894,TRUE
"CID3838_GATAGCTTCTAACGGT",0.0466482765353382,TRUE
"CID3838_GATCAGTCAGAAATCA",0.0681953919495525,TRUE
"CID3838_GATGAGGCATACAGAA",0.0828228930253557,TRUE
"CID3838_GATGGAGAGAGATTCA",0.0739137233670797,TRUE
"CID3838_GATGGAGAGTTCCAGT",0.250869341408753,TRUE
"CID3838_GATGGAGGTCCAAAGG",0.0957718201912655,TRUE
"CID3838_GATTCTTAGAGAATCT",0.0570543001890372,TRUE
"CID3838_GATTCTTCACCTATCC",0.0633374823417524,TRUE
"CID3838_GCACGGTGTAAGCTCT",0.0977781998687765,TRUE
"CID3838_GCCAACGCAGTAGAAT",0.0641912593266518,TRUE
"CID3838_GCCAGTGCACACCGCA",0.105275689654772,TRUE
"CID3838_GCCATTCAGTAACCTC",0.128944064814029,TRUE
"CID3838_GCTACCTAGTGATAAC",0.365896507220756,TRUE
"CID3838_GCTGCAGCACATCCCT",0.0560124255728482,TRUE
"CID3838_GCTGCAGTCACTTGGA",0.096610972037376,TRUE
"CID3838_GCTGGGTCATGATAGA",0.221544653411585,TRUE
"CID3838_GCTTCACTCGACTCCT",0.446074027634185,TRUE
"CID3838_GGAACCCGTGCATGAG",0.0777249060436539,TRUE
"CID3838_GGAATCTGTATAATGG",0.0565252846932815,TRUE
"CID3838_GGACGTCTCCGATGTA",0.0574073578360742,TRUE
"CID3838_GGAGATGGTATCTCTT",0.0779498809762779,TRUE
"CID3838_GGCGTCAAGAAATGGG",0.0546595634682603,TRUE
"CID3838_GGGACCTGTTCACCGG",0.148631570635171,TRUE
"CID3838_GGGAGATTCTGGACTA",0.143268936191267,TRUE
"CID3838_GGGAGTATCCGAAGGA",0.181163382694841,TRUE
"CID3838_GGGATGATCTTCCGTG",0.399168381324117,TRUE
"CID3838_GGGTTTACACTGATTG",0.144420212403484,TRUE
"CID3838_GGGTTTATCGTTCGCT",0.0629823269817655,TRUE
"CID3838_GGTCACGTCCACAGGC",0.0780344992340036,TRUE
"CID3838_GGTCTGGTCTTGGTGA",0.0497945594857943,TRUE
"CID3838_GGTGTTAAGAAGCTCG",0.604169025892467,TRUE
"CID3838_GTACAGTCACGAGGAT",0.27760242310015,TRUE
"CID3838_GTACAGTTCAGGTAAA",0.0542526778823963,TRUE
"CID3838_GTAGAGGTCACCTCTG",0.105683963078931,TRUE
"CID3838_GTAGGTTCAAGCACAG",0.107637817384346,TRUE
"CID3838_GTATTTCCATTGCCTC",0.134741006010766,TRUE
"CID3838_GTCAAGTCATTCATCT",0.0786787916147084,TRUE
"CID3838_GTCAAGTGTCACGACC",0.0803331382204472,TRUE
"CID3838_GTCACTCCACTGATTG",0.0538621091923396,TRUE
"CID3838_GTCATGATCTGAACGT",0.19744842176482,TRUE
"CID3838_GTCTGTCTCGCACGGT",0.118924775319926,TRUE
"CID3838_GTGAGCCTCCGATAGT",0.135886934908325,TRUE
"CID3838_GTGCTGGTCGGCTGGT",0.174091757998244,TRUE
"CID3838_GTGGAAGTCGGTCTGG",0.0603700418728681,TRUE
"CID3838_GTGTCCTTCGGAGTGA",0.808372289953701,FALSE
"CID3838_GTTACGACACTGAATC",0.0797420863877848,TRUE
"CID3838_GTTAGACAGACTGAGC",0.0770884524567292,TRUE
"CID3838_GTTAGTGGTATCCTCC",0.0486821052278161,TRUE
"CID3838_GTTAGTGTCTTTCAGT",0.0648562320412871,TRUE
"CID3838_GTTCCGTAGACTGAGC",0.126787887096754,TRUE
"CID3838_GTTGTGAGTAGCTTTG",0.120335025121386,TRUE
"CID3838_GTTTACTCAACTCGAT",0.106495328527174,TRUE
"CID3838_GTTTACTTCAAATGCC",0.355554295414784,TRUE
"CID3838_TAACACGAGTACCGGA",0.0629762372724978,TRUE
"CID3838_TAAGCACAGACTCTAC",0.317398488111776,TRUE
"CID3838_TAAGCACGTAACGCGA",0.0565130520305602,TRUE
"CID3838_TAAGCCAAGATGGGCT",0.325944957401765,TRUE
"CID3838_TACCTCGTCAGATTGC",0.0652466098498339,TRUE
"CID3838_TACGCTCCATTCACAG",0.380273724214516,TRUE
"CID3838_TACGGTATCTCTCCGA",0.0904729940666808,TRUE
"CID3838_TACGTCCTCTCGACGG",0.101071163098752,TRUE
"CID3838_TACTTCATCATCACAG",0.104705151361623,TRUE
"CID3838_TATCAGGTCCGACATA",0.162059427649928,TRUE
"CID3838_TATCTTGAGGTTATAG",0.217552498649842,TRUE
"CID3838_TCACAAGAGACGCTCC",0.162138366572187,TRUE
"CID3838_TCACACCGTGGGATTG",0.0468236752122312,TRUE
"CID3838_TCACGCTCATTGCAAC",0.837689561699054,FALSE
"CID3838_TCAGCAAAGGACAGTC",0.112658662266614,TRUE
"CID3838_TCAGTTTAGCAGATAT",0.101893934679705,TRUE
"CID3838_TCAGTTTAGGTGCTGA",0.0631946185554017,TRUE
"CID3838_TCATCATCAGCGCGTT",0.999994357430488,FALSE
"CID3838_TCATGAGAGTTTCGAC",0.125188499800442,TRUE
"CID3838_TCATTCACAGCTGCCA",0.0703188737351178,TRUE
"CID3838_TCCATCGAGTCAACAA",0.13752953817162,TRUE
"CID3838_TCCCAGTAGCATCCTA",0.244913629960892,TRUE
"CID3838_TCCCATGAGCGTGCCT",0.290851125174566,TRUE
"CID3838_TCCTAATGTGTGTGTT",0.0930473507255354,TRUE
"CID3838_TCCTGCAAGTCCGCCA",0.705189909099472,TRUE
"CID3838_TCCTTCTAGCTCGGCT",0.235299079245554,TRUE
"CID3838_TCCTTTCTCGAAACAA",0.0599344225161232,TRUE
"CID3838_TCGGATACATAATCGC",0.111078369970657,TRUE
"CID3838_TCGTCCACATGCCGCA",0.0755469429172857,TRUE
"CID3838_TCGTGGGCAAAGCTCT",0.0462661713679748,TRUE
"CID3838_TCTATACAGGTGCAGT",0.171371520668474,TRUE
"CID3838_TCTATCACATAATGCC",0.0438356513839898,TRUE
"CID3838_TCTCACGCACGGAAGT",0.70599348780967,TRUE
"CID3838_TCTCACGGTATCGCAT",0.948729280833431,FALSE
"CID3838_TCTGGCTCACTCTAGA",0.206661137009066,TRUE
"CID3838_TCTGGCTGTAACAGGC",0.0652663078065079,TRUE
"CID3838_TCTGGCTTCGGAGATG",0.251480167818103,TRUE
"CID3838_TGACAGTCACAACGAG",0.0579575959250377,TRUE
"CID3838_TGACAGTGTGTCACAT",0.070067828708565,TRUE
"CID3838_TGACGCGCAACCAATC",0.0883760998380901,TRUE
"CID3838_TGACTCCCAACGATTC",0.0832592667080348,TRUE
"CID3838_TGAGGAGCAAATTAGG",0.0720869027464186,TRUE
"CID3838_TGATTCTCAACACAAA",0.190186940681152,TRUE
"CID3838_TGCAGATCATGAGGGT",0.0843364023962654,TRUE
"CID3838_TGCAGGCGTGCGTGCT",0.1158581693882,TRUE
"CID3838_TGCAGTAAGAAACTCA",0.073352524536194,TRUE
"CID3838_TGCATCCCACGTCTCT",0.134828955904728,TRUE
"CID3838_TGCATCCGTGGATCAG",0.0958020378392685,TRUE
"CID3838_TGCGATACAGGCTTGC",0.0773936744488134,TRUE
"CID3838_TGCGGGTAGCGAAACC",0.115297799584615,TRUE
"CID3838_TGCTCGTGTCGAAACG",0.113837937959819,TRUE
"CID3838_TGCTTGCTCGCATTAG",0.0541553797860294,TRUE
"CID3838_TGGAACTGTAATGCTC",0.0574096576746127,TRUE
"CID3838_TGGAGAGAGGAGGTTC",0.36178105306655,TRUE
"CID3838_TGGAGGAGTCCTCATC",0.580705068957374,TRUE
"CID3838_TGGGAAGCATAGGTAA",0.0999677675567119,TRUE
"CID3838_TGGGAAGTCCACTGAA",0.0744572162934746,TRUE
"CID3838_TGGGATTCAACAGTGG",0.053589945985494,TRUE
"CID3838_TGGGCTGAGCATCGAG",0.039353219539243,TRUE
"CID3838_TGGGCTGCAACTACGT",0.130517019452044,TRUE
"CID3838_TGGTACACACATGACT",0.0743343590823236,TRUE
"CID3838_TGTAAGCGTTGCTCCT",0.372939312153234,TRUE
"CID3838_TGTCCCAGTTGAGGAC",0.745478436920797,TRUE
"CID3838_TGTGCGGAGTCGTTAC",0.0704354896379893,TRUE
"CID3838_TGTGTGAGTGTACATC",0.0833873658690005,TRUE
"CID3838_TGTTCTAGTGCGTCGT",0.403286694728395,TRUE
"CID3838_TGTTTGTCAATTAGGA",0.371939994367182,TRUE
"CID3838_TTAATCCCAGAGACTG",0.0938730515431811,TRUE
"CID3838_TTAATCCTCTCTCAAT",0.0567534978865849,TRUE
"CID3838_TTACAGGTCCGAGGCT",0.9925132952276,FALSE
"CID3838_TTACGTTTCATGGAGG",0.145787873548545,TRUE
"CID3838_TTCACGCGTGTTCATG",0.236378299546687,TRUE
"CID3838_TTCCAATAGATGCTGG",0.0511482692720688,TRUE
"CID3838_TTCGATTCATTCTGTT",0.0538248346405934,TRUE
"CID3838_TTCGGTCAGTGCAGCA",0.602665304333082,TRUE
"CID3838_TTCTCTCGTATAGCTC",0.0888113609015155,TRUE
"CID3838_TTGCCTGGTTCCGCGA",0.228747519227618,TRUE
"CID3838_TTGGATGTCTTCGACC",0.99882731855517,FALSE
"CID3838_TTGGTTTGTCTCTCTG",0.0794012862970673,TRUE
"CID3838_TTGTGGAAGGGACACT",0.103389975362287,TRUE
"CID3838_TTTACCAGTCCGGCAT",0.101591537950585,TRUE
"CID3838_TTTACCATCTTTGCTA",0.0519299665870759,TRUE
"CID3838_TTTACGTAGTTGTCGT",0.124986928486167,TRUE
"CID3838_TTTACTGAGGAAAGGT",0.59754010643326,TRUE
"CID3838_TTTCACAAGGTTATAG",0.205701794297834,TRUE
"CID3838_TTTCAGTTCGAAGAAT",0.222400634804319,TRUE
"CID3838_AACAAGAGTGGTACAG",0.120664424456771,TRUE
"CID3838_CTATAGGAGCTGAAAT",0.041674569724242,TRUE
"CID3838_TCTCTGGAGCTCGGCT",0.0476048042253567,TRUE
"CID3838_CAGCAATAGTTGCGAG",0.137558323689702,TRUE
"CID3838_GTTGAACTCATCCTGC",0.0447672022763002,TRUE
"CID3838_ATCACAGTCCTCACGT",0.0592104350580463,TRUE
"CID3838_CGATCGGTCGTACCTC",0.0445011493909882,TRUE
"CID3838_CGCCAGATCCTAGCCT",0.0592266399041356,TRUE
"CID3838_TAACTTCTCACCATCC",0.0502991758777332,TRUE
"CID3838_TGAGACTCAAGGTACG",0.0412711824154366,TRUE
"CID3838_AAGGAATCACAGTCCG",0.963821374014355,FALSE
"CID3838_AATGACCGTATTGCCA",0.0377373311410693,TRUE
"CID3838_ACAAGCTAGCGCCTTG",0.150950916431813,TRUE
"CID3838_ACAGAAACAATTCTCT",0.0556287866022394,TRUE
"CID3838_ACAGGGAAGGTAAGTT",0.050386988142418,TRUE
"CID3838_ACTCCCAGTACCAATC",0.0683956568507951,TRUE
"CID3838_ACTGTCCCACCGTGAC",0.116132664531104,TRUE
"CID3838_AGGTTACTCGGTGAAG",0.138411642720041,TRUE
"CID3838_ATAGACCAGTTAACGA",0.0507595661711213,TRUE
"CID3838_ATCGTCCCATGCAGCC",0.999607322308388,FALSE
"CID3838_CAGATCAGTTATGTGC",0.162441421395959,TRUE
"CID3838_CATACCCCATGAGATA",0.0537931872773624,TRUE
"CID3838_CATCGCTTCGCAACAT",0.0691903872128263,TRUE
"CID3838_CCACGAGAGATGCAGC",0.0611190273974369,TRUE
"CID3838_CCGGTAGAGTGAATAC",0.0544494955137458,TRUE
"CID3838_CCTCAACAGTAGTCTC",0.372958158950362,TRUE
"CID3838_CGAAGGATCTCTTGCG",0.845498714078812,FALSE
"CID3838_CGTTAGATCTAGACAC",0.365586330453424,TRUE
"CID3838_CTCAACCAGCATCCTA",0.0538503303683811,TRUE
"CID3838_CTCCGATTCAGCAGAG",0.293541019608843,TRUE
"CID3838_GAATCACGTACAGAGC",0.105885565282796,TRUE
"CID3838_GACATCATCCTTATAC",0.164855613932527,TRUE
"CID3838_GACCTTCTCTCTAGGA",0.263265080937724,TRUE
"CID3838_GCATTAGCACATGACT",0.995718473796519,FALSE
"CID3838_GGCTTGGCACCCAAGC",0.0873600155532404,TRUE
"CID3838_GTACAACGTCGCCTAG",0.142885882487628,TRUE
"CID3838_GTATTGGTCATTACGG",0.342308874551769,TRUE
"CID3838_GTCAGCGAGTCACACT",0.0504876074867864,TRUE
"CID3838_GTGAGGACATCAACCA",0.132282939750955,TRUE
"CID3838_GTGAGTTGTAAGACCG",0.0698531227715497,TRUE
"CID3838_GTGGCGTCACAGTATC",0.0421616509566234,TRUE
"CID3838_TAACTTCTCCAGCACG",0.308226487674876,TRUE
"CID3838_TACCGGGTCGAGAAGC",0.586908445226393,TRUE
"CID3838_TCCATCGAGCATCCCG",0.582447780445808,TRUE
"CID3838_TCGCACTGTCCGCAGT",0.184272437327358,TRUE
"CID3838_TCGGGTGAGTTGTCAC",0.18618171883678,TRUE
"CID3838_TGTGGCGAGGTGAGAA",0.0497140947446031,TRUE
"CID3838_TTGTTGTGTGCCCTTT",0.325038225701924,TRUE
"CID3838_TTTCATGCATAGGCGA",0.229850386434273,TRUE
"CID3838_AAGCGTTGTCACTCTC",0.173338907510103,TRUE
"CID3838_AAGTACCCATGTACGT",0.0722746827671858,TRUE
"CID3838_ACGTACACATAAGCGG",0.0573439303414171,TRUE
"CID3838_ACGTTCCCAGCAGGAT",0.249345612079817,TRUE
"CID3838_AGATAGACAAACGGCA",0.0744953271138273,TRUE
"CID3838_AGGAGGTGTAACCAGG",0.0733493746462121,TRUE
"CID3838_ATACCGATCTGCGGCA",0.0645305358035072,TRUE
"CID3838_ATCACAGTCACGGGCT",0.0884961656706804,TRUE
"CID3838_ATCCCTGGTGTGCCTG",0.0874980694013168,TRUE
"CID3838_ATCCCTGTCCTCACTG",0.0679097364094384,TRUE
"CID3838_ATCGTCCAGCGACTAG",0.0390937015066558,TRUE
"CID3838_ATGAGGGCAGAATTCC",0.0525906786634266,TRUE
"CID3838_ATGGGAGAGTATTGCC",0.965502812463398,FALSE
"CID3838_ATTCCCGCAGAATGTA",0.0511150466971532,TRUE
"CID3838_CACCGTTTCTCCCATG",0.0979488418888673,TRUE
"CID3838_CACGGGTCAGACCTGC",0.10093807378561,TRUE
"CID3838_CACTGTCGTCGATTAC",0.0493627405174506,TRUE
"CID3838_CATGGTATCTTGTTAC",0.278281887711816,TRUE
"CID3838_CCAAGCGTCCGTACGG",0.537129699847989,TRUE
"CID3838_CCAATGACACTACCCT",0.0773585942158709,TRUE
"CID3838_CCACACTGTTACCTGA",0.0743203964986731,TRUE
"CID3838_CCGGTGAGTTCGCGTG",0.0437033826305094,TRUE
"CID3838_CCGTGAGAGAAGTATC",0.0599591349930784,TRUE
"CID3838_CCTTCAGGTAGACGTG",0.062470203282485,TRUE
"CID3838_CCTTTGGGTTCTGAGT",0.988711470959683,FALSE
"CID3838_CGAGGCTGTATGACAA",0.166662221978966,TRUE
"CID3838_CGATCGGTCACTGTTT",0.0698782014874017,TRUE
"CID3838_CGCGTGAGTCACAGAG",0.0935490371601641,TRUE
"CID3838_CGGAATTCATGTCTAG",0.0736608624396277,TRUE
"CID3838_CGGACACTCACCGGGT",0.0759425705222518,TRUE
"CID3838_CGTGAATAGGATTCCT",0.0577640682659941,TRUE
"CID3838_CTCAACCGTGGTTTGT",0.0482119030722158,TRUE
"CID3838_CTCCCAAGTAACCAGG",0.0580663723232561,TRUE
"CID3838_CTGATCCGTCGCTCGA",0.0700480737033327,TRUE
"CID3838_CTGCTCAGTCGCTGCA",0.107800816940006,TRUE
"CID3838_CTGGCAGAGCATTTCG",0.3950755095191,TRUE
"CID3838_CTGTACCAGCTCCACG",0.0740049041455916,TRUE
"CID3838_CTGTCGTAGCGGTAAC",0.4002658772504,TRUE
"CID3838_CTTTCGGCATACATCG",0.246611429226599,TRUE
"CID3838_GAATAGACACGAGGTA",0.096018556355921,TRUE
"CID3838_GACCTTCAGTTGAAGT",0.993783677624704,FALSE
"CID3838_GAGGGATTCGTTGTTT",0.0659659485621044,TRUE
"CID3838_GAGGGTACATGTGTCA",0.999785293674806,FALSE
"CID3838_GAGTCATCATAATCCG",0.10683050557388,TRUE
"CID3838_GAGTGAGCAACGTATC",0.291146396517688,TRUE
"CID3838_GATCCCTTCCCAATAG",0.150631000703703,TRUE
"CID3838_GATGCTAGTCAATGGG",0.0584755255704326,TRUE
"CID3838_GCTGCAGTCTCACGAA",0.0601921905960064,TRUE
"CID3838_GGAGATGAGAGCATTA",0.647985704074209,TRUE
"CID3838_GGTGATTTCTAGAACC",0.41782450103176,TRUE
"CID3838_GTAACCATCTAGAGCT",0.886230219009883,FALSE
"CID3838_GTAGGAGAGTTGAAGT",0.144978402208568,TRUE
"CID3838_GTCACTCAGTGGAAAG",0.0326092134989507,TRUE
"CID3838_GTCCACTGTGCTCTTC",0.0477554608251817,TRUE
"CID3838_GTGACGCGTGTCACAT",0.161405549442239,TRUE
"CID3838_GTGATGTTCTATTTCG",0.113805620344793,TRUE
"CID3838_GTTTACTTCCCGTTGT",0.0499951425160152,TRUE
"CID3838_TAATCTCTCAAACCCA",0.295494237429913,TRUE
"CID3838_TACACCCTCCACGGGT",0.104183791361243,TRUE
"CID3838_TCAGTGACATACGCAT",0.0644743904349122,TRUE
"CID3838_TCATACTAGATGACAT",0.0850766598986462,TRUE
"CID3838_TCATGCCGTTCGGGTC",0.063541963293657,TRUE
"CID3838_TCCTAATTCCAGTACA",0.170035805324528,TRUE
"CID3838_TCTTCCTTCAGAGTTC",0.864168657426247,FALSE
"CID3838_TCTTTGAGTCGCTTGG",0.144141961685629,TRUE
"CID3838_TGAGCGCGTGCCTATA",0.252282383040085,TRUE
"CID3838_TTCCACGAGCACTGGA",0.0702815052366111,TRUE
"CID3838_GGGAAGTTCATATGGC",0.939131104689101,FALSE
"CID3838_TGAGGGATCTACTGAG",0.130841904171449,TRUE
"CID3838_ATTGTTCGTTCGTTCC",0.427351640535291,TRUE
"CID3838_GGACGTCGTCTCAAGT",0.946459749941389,FALSE
"CID3838_GAATCACTCTGTCGTC",0.370047132368857,TRUE
"CID3838_CCGGACAAGCCATTTG",0.960986989078958,FALSE
"CID3838_CTTCTCTAGAGTAACT",0.160904461094958,TRUE
"CID3838_CTCATCGTCACGGAGA",0.159558871144167,TRUE
"CID3838_AACTTCTTCCAGTGTA",0.0452830579415707,TRUE
"CID3838_AATCGTGAGCTGGCCT",0.188829576250623,TRUE
"CID3838_AATTTCCGTACAAACA",0.453693689301536,TRUE
"CID3838_ACGGGTCAGAGCAGCT",0.0463492448010173,TRUE
"CID3838_AGAACAAAGGATGGCT",0.0357388768069537,TRUE
"CID3838_AGATCGTGTATGTCCA",0.177952684367626,TRUE
"CID3838_AGGACTTAGGCTCCCA",0.232469924232211,TRUE
"CID3838_ATCGTCCAGAGAGGTA",0.248470649348046,TRUE
"CID3838_ATGTCCCCATCGGAGA",0.152048876635768,TRUE
"CID3838_CAACCTCCACAGAGCA",0.123895615294515,TRUE
"CID3838_CAACGATTCAGGAGAC",0.0613803281045376,TRUE
"CID3838_CACTGGGAGCGCGTTC",0.048400028070278,TRUE
"CID3838_CAGATCAAGTGACACG",0.976329790263566,FALSE
"CID3838_CATAAGCGTATTGCCA",0.14099281263481,TRUE
"CID3838_CATCCGTAGTAAACAC",0.247241185106961,TRUE
"CID3838_CATGCGGCACCCTGTT",0.792356800666123,FALSE
"CID3838_CCACAAAAGGCGTTAG",0.752098590079797,FALSE
"CID3838_CCACCATGTAGACAGC",0.105224032113148,TRUE
"CID3838_CCGATGGGTTGGCTAT",0.764040237993043,FALSE
"CID3838_CCGGTAGCACTTGGGC",0.640623789016074,TRUE
"CID3838_CCTCTCCGTGGACTAG",0.335100807711061,TRUE
"CID3838_CCTGCATCATCCGCGA",0.257190519088267,TRUE
"CID3838_CGCATAAAGTACGAGC",0.0396997608097668,TRUE
"CID3838_CGCATAACAATCCAGT",0.199080803020609,TRUE
"CID3838_CGGGACTCAAGAATGT",0.0868675923817192,TRUE
"CID3838_CTCAAGAAGCTAGCCC",0.0711992465348841,TRUE
"CID3838_CTCCAACGTTACACTG",0.0783944833377519,TRUE
"CID3838_CTCCCTCTCACGAGGA",0.308386657988556,TRUE
"CID3838_CTCGAGGGTAGCGTCC",0.124573579933225,TRUE
"CID3838_GAAGGACCAAACACCT",0.0473025500541948,TRUE
"CID3838_GACCAATCATGAAGCG",0.0934784148185566,TRUE
"CID3838_GACTGATCAGTGGTGA",0.455378062846536,TRUE
"CID3838_GACTTCCTCGGATTAC",0.0666952355295136,TRUE
"CID3838_GAGGGTAAGTCCCGGT",0.130158088101023,TRUE
"CID3838_GATGCTACACGCTGCA",0.376774352503078,TRUE
"CID3838_GCAGTTATCTATCGTT",0.176040462924447,TRUE
"CID3838_GCCAGCACAACCCGCA",0.107074588759699,TRUE
"CID3838_GCCCGAAAGTTGTACC",0.0932935981574197,TRUE
"CID3838_GCTACCTTCGACATTG",0.447633473038456,TRUE
"CID3838_GCTGCAGAGCTGTTAC",0.442985107950797,TRUE
"CID3838_GGGTAGAAGCCAACCC",0.990452804748555,FALSE
"CID3838_GGGTTATGTCTCCTGT",0.188626095056877,TRUE
"CID3838_GGTAACTGTATGTCAC",0.0900482688252332,TRUE
"CID3838_GGTAGAGCAGGCACTC",0.170255122421757,TRUE
"CID3838_GGTCACGTCGTCTACC",0.999137736465159,FALSE
"CID3838_GTAACACTCCACGTAA",0.0440292849491904,TRUE
"CID3838_GTGAGGACAACGTTAC",0.0829457468609678,TRUE
"CID3838_GTGCTGGTCACTGGGC",0.182562864354059,TRUE
"CID3838_GTGTCCTAGGGTAGCT",0.943959409207414,FALSE
"CID3838_TAGAGTCGTGGTTTGT",0.953948131122408,FALSE
"CID3838_TAGGTTGAGTGGCGAT",0.0539809281650289,TRUE
"CID3838_TATCTTGAGCATAGGC",0.114058595616565,TRUE
"CID3838_TATTGGGCACAGAAGC",0.0747995371543092,TRUE
"CID3838_TCATACTAGAGTCTTC",0.0557532612930592,TRUE
"CID3838_TCATTCAAGACGCTCC",0.823223246592296,FALSE
"CID3838_TCCTCTTAGTTCAACC",0.803000546296927,FALSE
"CID3838_TCTACATAGTCTGCAT",0.0600139724216272,TRUE
"CID3838_TGAATGCGTGCAAGAC",0.433241943830138,TRUE
"CID3838_TGCGGGTAGTTGCCTA",0.220458907874377,TRUE
"CID3838_TGCTCCAAGAAAGCGA",0.111059239342198,TRUE
"CID3838_TGGAGAGCATTAAAGG",0.0498076646612429,TRUE
"CID3838_TGTCCACAGCACTAGG",0.210524663149993,TRUE
"CID3838_TTATTGCGTAGTTAGA",0.790403555334876,FALSE
"CID3838_TTCAGGAAGATCCGAG",0.221366652325906,TRUE
"CID3838_TTCATGTCAACGTATC",0.249911598954482,TRUE
"CID3838_TTCGCTGCACGAAAGC",0.0797540761620237,TRUE
"CID3838_TTCGGTCAGTGAGTGC",0.799901755984021,FALSE
"CID3838_TTCGGTCCAAATGATG",0.981846997595106,FALSE
"CID3838_TTGACCCCAGTCCCGA",0.0526521066943802,TRUE
"CID3838_TTGCATTCATAACTCG",0.0509711722113999,TRUE
"CID3838_TTTGACTCAAAGGGCT",0.678657298528338,TRUE
"CID3838_AGTCACATCTACACAG",0.110444637773174,TRUE
"CID3838_GTCCCATTCATCCTAT",0.18425346980881,TRUE
"CID3838_GTTAGACCAACGTATC",0.225459274095284,TRUE
"CID3838_TGGTACATCATCAGTG",0.414705081412392,TRUE
"CID3838_TTCTAGTTCTTTCCGG",0.115681594804451,TRUE
"CID3838_CAACGGCGTCGCATCG",0.0471366045276556,TRUE
"CID3838_ACAGAAAGTAACGCGA",0.214441483282871,TRUE
"CID3838_AGACCCGCACAAGTTC",0.189979030278281,TRUE
"CID3838_AGCCACGGTCGTTATG",0.163460325534178,TRUE
"CID3838_AGGTTACAGTATGATG",0.107785732833131,TRUE
"CID3838_AGGTTGTGTCGGAAAC",0.148118145915684,TRUE
"CID3838_ATGAGTCCAAGCTCTA",0.0811981696548763,TRUE
"CID3838_ATTGTTCTCTGAGAGG",0.203303349042276,TRUE
"CID3838_CACAGATGTCGACTGC",0.950983689995305,FALSE
"CID3838_CATACAGGTAGCCAGA",0.106818540782174,TRUE
"CID3838_CATCAAGCAGCCTATA",0.204139600835094,TRUE
"CID3838_CATGCCTCACGACTAT",0.0671188094211253,TRUE
"CID3838_CGGAACCCACCTCGTT",0.2462779420789,TRUE
"CID3838_CTCAACCGTCCGTACG",0.126668880718337,TRUE
"CID3838_CTGCCTAAGACTGTTC",0.104193832754503,TRUE
"CID3838_CTGTATTCATAGACTC",0.0924505479830216,TRUE
"CID3838_GACCAATAGGTATCTC",0.0841835199643554,TRUE
"CID3838_GATAGCTCACAAGTTC",0.102929547119427,TRUE
"CID3838_GCAACATAGCGTATAA",0.306282510888183,TRUE
"CID3838_GCACTAATCCTTGGAA",0.553826337026863,TRUE
"CID3838_GGCGTCAGTATCGAAA",0.551176461929359,TRUE
"CID3838_GGGATCCCACAAGTTC",0.0870653314780719,TRUE
"CID3838_GGTGGCTCAGTTAGAA",0.121746013128762,TRUE
"CID3838_GTACAGTAGGCTAGCA",0.221864518716972,TRUE
"CID3838_GTGCAGCGTTCTAACG",0.0961653724850327,TRUE
"CID3838_GTTGCTCCAAATGCTC",0.813245810778344,FALSE
"CID3838_GTTGTAGCACGATTCA",0.166636185770679,TRUE
"CID3838_TCGATTTGTAAGATTG",0.0468286200767926,TRUE
"CID3838_TCTAACTCAGTTAGGG",0.385181159817046,TRUE
"CID3838_TCTACCGAGTTCGGTT",0.406707534696989,TRUE
"CID3838_TCTACCGGTAAGAACT",0.153889166051565,TRUE
"CID3838_TGAGCGCAGACAGCTG",0.520325298250317,TRUE
"CID3838_TGATGCAAGCACACAG",0.0927236442907004,TRUE
"CID3838_TGCGGGTAGCGCCTTG",0.0897397141011105,TRUE
"CID3838_TGGTACACAACTTCTT",0.110087907743058,TRUE
"CID3838_TTACCATTCGTAACAC",0.16310104650294,TRUE
"CID3838_TTATTGCAGTGTTGAA",0.0737304136543929,TRUE
"CID3838_CGCCATTTCTCGCTTG",0.297929769367724,TRUE
"CID3838_CTACCTGAGTGGTTGG",0.0964187376896914,TRUE
"CID3838_GAGCCTGAGGCAGCTA",0.075538378711122,TRUE
"CID3838_TCTGTCGCAACCGGAA",0.886808781831793,FALSE
"CID3838_AAGTTCGCAATGAGCG",0.10763182209225,TRUE
"CID3838_ACTTTCATCATGAGGG",0.327334492276721,TRUE
"CID3838_AGACAGGGTAACCCTA",0.219369941568649,TRUE
"CID3838_AGGATCTCATCTTTCA",0.386679802475277,TRUE
"CID3838_AGGCTGCCACAGAGAC",0.135285658013467,TRUE
"CID3838_ATCACGATCGTCAGAT",0.0652705634451717,TRUE
"CID3838_ATGCGATTCGAACGCC",0.118819287625688,TRUE
"CID3838_ATGGGAGTCAAATAGG",0.172244062523813,TRUE
"CID3838_CACACAATCACCTCTG",0.0797791647917935,TRUE
"CID3838_CATCCGTCAGACCCGT",0.123893075396201,TRUE
"CID3838_CATCGTCGTGACTAAA",0.281392629363035,TRUE
"CID3838_CCGATCTCACATTCTT",0.0975198840390873,TRUE
"CID3838_CCGGTAGGTACGATGG",0.216432265710567,TRUE
"CID3838_CCTATCGAGTCTCCTC",0.0473757020625189,TRUE
"CID3838_CGAGGCTCATGTTCAG",0.282468976608986,TRUE
"CID3838_GAAACCTGTGCTCTCT",0.160765012535883,TRUE
"CID3838_GAGAAATGTTGGCTAT",0.680600095345538,TRUE
"CID3838_GGGACAACACCTAAAC",0.225049606824082,TRUE
"CID3838_GTAGAAATCGATTGGT",0.999053837155218,FALSE
"CID3838_GTTAGTGCACCACTGG",0.402359559564032,TRUE
"CID3838_GTTCTATAGCAGGTCA",0.242621928242862,TRUE
"CID3838_TCTACATGTTTCTATC",0.932702691254848,FALSE
"CID3838_TGTCCACCACTACTTT",0.0552148715173818,TRUE
"CID3838_TGTCCCATCTCGAGTA",0.436941050742551,TRUE
"CID3838_AAACCCATCTTAGCTT",0.186704698060919,TRUE
"CID3838_AAAGGATTCTCCTGCA",0.127980539428654,TRUE
"CID3838_AAAGGGCAGGATACGC",0.22951155292162,TRUE
"CID3838_AAATGGATCAAGTGTC",0.159744789692224,TRUE
"CID3838_AACAAGAAGCGGGTAT",0.192204111251401,TRUE
"CID3838_AATTCCTCAGTCCCGA",0.178394208621501,TRUE
"CID3838_AATTCCTGTGTGAATA",0.150139882391015,TRUE
"CID3838_ACCAACAGTAGTGCGA",0.573997750737548,TRUE
"CID3838_ACCCTTGGTCACCACG",0.997855772926677,FALSE
"CID3838_ACCTACCAGGCGTCCT",0.316228167637884,TRUE
"CID3838_ACGATGTAGGCTCAAG",0.999762463899966,FALSE
"CID3838_ACGGAAGGTGATGGCA",0.220564088441779,TRUE
"CID3838_ACGGTTAAGTGCTACT",0.734450090326398,TRUE
"CID3838_ACTTAGGTCTTAGGAC",0.996126856762843,FALSE
"CID3838_ACTTCGCCAGGTGTGA",0.728216059971854,TRUE
"CID3838_AGACACTTCTGGGCAC",0.158157637572566,TRUE
"CID3838_AGAGAATTCGTTCATT",0.160381140817035,TRUE
"CID3838_AGCGATTAGCTAATCC",0.249093731530968,TRUE
"CID3838_AGGACTTCAAACTCTG",0.179833940600204,TRUE
"CID3838_AGGATAATCTAAACGC",0.14057567196716,TRUE
"CID3838_AGGGCTCCATGAAGCG",0.11234113778455,TRUE
"CID3838_AGGTTGTTCGTTACCC",0.55236932425593,TRUE
"CID3838_AGTAGCTCACACAGCC",0.67155622131871,TRUE
"CID3838_ATACTTCGTTCCTAGA",0.998844255298681,FALSE
"CID3838_ATCACGATCAACACGT",0.377949400420458,TRUE
"CID3838_ATCGTGATCAGCGCAC",0.130437679909,TRUE
"CID3838_ATCTCTACACATCCCT",0.101468554965796,TRUE
"CID3838_ATGAGTCTCCTTATCA",0.153399672899436,TRUE
"CID3838_ATGCATGCATAACGGG",0.381425288602917,TRUE
"CID3838_ATGGATCTCTCTATAC",0.141188530626266,TRUE
"CID3838_ATTCTTGTCCGATAAC",0.910398837223135,FALSE
"CID3838_ATTTCACTCACCTCGT",0.973455484153227,FALSE
"CID3838_ATTTCTGGTGCCCTTT",0.250259329794128,TRUE
"CID3838_CAACGGCCACTCTAGA",0.188921650483543,TRUE
"CID3838_CAAGCTAGTTCGGACC",0.241951352924022,TRUE
"CID3838_CAAGCTATCCGAGAAG",0.205187186468249,TRUE
"CID3838_CAATTTCGTATCACCA",0.999928481925665,FALSE
"CID3838_CACGAATCAGGTCCGT",0.153515889101958,TRUE
"CID3838_CACTGTCTCGTTCTGC",0.120583556315345,TRUE
"CID3838_CAGATACGTGGCTCTG",0.304045981133769,TRUE
"CID3838_CAGATCACAGGGACTA",0.120065775695343,TRUE
"CID3838_CAGTTCCGTTCGAACT",0.194922337778657,TRUE
"CID3838_CAGTTCCTCCACGTCT",0.151342338836979,TRUE
"CID3838_CATCGGGTCGTCCTCA",0.181487159601096,TRUE
"CID3838_CATGCAATCGTAGTGT",0.145978048656833,TRUE
"CID3838_CATGCCTCACTTCATT",0.1452697670145,TRUE
"CID3838_CCAAGCGGTGTACAGG",0.33185819063237,TRUE
"CID3838_CCCTAACTCCTGCCAT",0.237631305262037,TRUE
"CID3838_CCCTCTCAGACGTCCC",0.150610924067821,TRUE
"CID3838_CCCTGATTCAGTCATG",0.2465701282725,TRUE
"CID3838_CCGGACACAGAAATTG",0.148839110623117,TRUE
"CID3838_CCGGTGAAGCCACTCG",0.14829140924952,TRUE
"CID3838_CCGGTGAAGGAACGAA",0.440911965204498,TRUE
"CID3838_CCGTTCACAGAATGTA",0.13533118962551,TRUE
"CID3838_CCTTTGGGTATGACAA",0.318684392241871,TRUE
"CID3838_CGGACACCAGCAAGAC",0.153033360603353,TRUE
"CID3838_CGGAGAATCGGCATAT",0.134731621734318,TRUE
"CID3838_CGTCCATCACCAGACC",0.182728205984456,TRUE
"CID3838_CGTGATACAGCCATTA",0.138939059398013,TRUE
"CID3838_CGTTCTGAGGAAGTCC",0.225462432903411,TRUE
"CID3838_CTACCCAGTCTAGGTT",0.399849565759201,TRUE
"CID3838_CTATAGGCAAAGGGCT",0.391354500109166,TRUE
"CID3838_CTCAGTCAGCACCGAA",0.130137811353917,TRUE
"CID3838_CTCATGCAGCTTGTTG",0.136620478664016,TRUE
"CID3838_CTCCAACAGGAACGTC",0.81955481106292,FALSE
"CID3838_CTCCCTCTCTCAAAGC",0.116286157470578,TRUE
"CID3838_CTCTGGTAGTGTCATC",0.13772318529026,TRUE
"CID3838_CTGCAGGTCTACAGGT",0.652761026535745,TRUE
"CID3838_CTGCCATAGGTGGGTT",0.151743323085844,TRUE
"CID3838_CTGGCAGGTAGTGGCA",0.23049028323016,TRUE
"CID3838_CTGTACCGTCGTTGCG",0.284444010933856,TRUE
"CID3838_CTGTGAAGTACCCGAC",0.636821306712057,TRUE
"CID3838_CTGTGAATCCTCGATC",0.879983209220277,FALSE
"CID3838_CTTCAATGTACGGGAT",0.140384008760234,TRUE
"CID3838_CTTCGGTAGGATGAGA",0.436418415748354,TRUE
"CID3838_GAACGTTTCCCGTGTT",0.864647535763873,FALSE
"CID3838_GACTTCCTCGATGGAG",0.170675059743165,TRUE
"CID3838_GAGGGATAGAGTAACT",0.130822848915821,TRUE
"CID3838_GAGTCATTCAGCGGAA",0.192047717618957,TRUE
"CID3838_GAGTCTATCCACTGGG",0.332362053311305,TRUE
"CID3838_GATCCCTCAACCGACC",0.325858364186179,TRUE
"CID3838_GATGACTCAGGGTCTC",0.13259548620095,TRUE
"CID3838_GATTGGTGTCTAGGTT",0.68853333529447,TRUE
"CID3838_GATTGGTTCAAGGACG",0.115262348253519,TRUE
"CID3838_GCACGTGCAATTGTGC",0.223776655468431,TRUE
"CID3838_GCATGATTCAAGCCCG",0.146961577497051,TRUE
"CID3838_GCCAGCACAATAAGGT",0.210983781307215,TRUE
"CID3838_GCCAGTGGTATCAGGG",0.228394708144915,TRUE
"CID3838_GCCCAGACACTGGACC",0.131920975065219,TRUE
"CID3838_GCCCGAAAGTATGACA",0.0331177966342984,TRUE
"CID3838_GGAATCTGTTCCTAGA",0.391885982402852,TRUE
"CID3838_GGAATCTTCGATCCAA",0.144022995937198,TRUE
"CID3838_GGACGTCGTCAGGTAG",0.626051857597398,TRUE
"CID3838_GGAGATGAGCTGGTGA",0.279889283210058,TRUE
"CID3838_GGGACCTAGCAGTAAT",0.919212453184627,FALSE
"CID3838_GGGACCTTCATCGCTC",0.15680572681593,TRUE
"CID3838_GGTAACTCATTATGCG",0.171054866783382,TRUE
"CID3838_GGTCTGGTCTGCATAG",0.0736233087514929,TRUE
"CID3838_GGTGTTAAGCCTCTTC",0.562137625109549,TRUE
"CID3838_GTACAACAGCTCTGTA",0.273133383947175,TRUE
"CID3838_GTACAGTTCGAACGCC",0.152320104612191,TRUE
"CID3838_GTCAAGTTCACTTGGA",0.473027231686136,TRUE
"CID3838_GTCATTTTCCTAGCCT",0.191412407885669,TRUE
"CID3838_GTGATGTCATCGGATT",0.208780252882543,TRUE
"CID3838_GTGGCGTAGGTTACAA",0.123874176789357,TRUE
"CID3838_GTGGGAAGTATGTCTG",0.99334642167652,FALSE
"CID3838_GTTCGCTAGGCAGGTT",0.156803256631552,TRUE
"CID3838_GTTCGCTAGTAACAGT",0.512075294106115,TRUE
"CID3838_GTTGTAGGTCGCATGC",0.669859137996467,TRUE
"CID3838_TAACACGCATTCGATG",0.163659758434145,TRUE
"CID3838_TAACGACCAGCATGCC",0.144648589670368,TRUE
"CID3838_TAAGCACTCTATTCGT",0.29513147887596,TRUE
"CID3838_TAAGCCAGTCTGCCTT",0.15167169598037,TRUE
"CID3838_TACAACGAGTCCTGCG",0.121775379669188,TRUE
"CID3838_TACCCGTAGCGAGAAA",0.747302460746074,TRUE
"CID3838_TACCTCGCATGACTGT",0.184138413964289,TRUE
"CID3838_TACTGCCTCACTAGCA",0.278695089662478,TRUE
"CID3838_TCAAGTGCATTAGGAA",0.456826673112178,TRUE
"CID3838_TCAGCAAAGATGTTAG",0.158675154592101,TRUE
"CID3838_TCAGCAATCGATGCTA",0.123012458216928,TRUE
"CID3838_TCATACTAGGCCTAGA",0.095894912104055,TRUE
"CID3838_TCATACTTCTGTAAGC",0.26091933948236,TRUE
"CID3838_TCATCATAGACCAAAT",0.101737965487156,TRUE
"CID3838_TCATCATCAAATACAG",0.205425837956402,TRUE
"CID3838_TCCACGTAGACAACAT",0.544297527012123,TRUE
"CID3838_TCCATCGAGTTCACTG",0.210445807733424,TRUE
"CID3838_TCCGAAACATCGTTCC",0.2626422102724,TRUE
"CID3838_TCCGATCTCCGTATGA",0.166579943865995,TRUE
"CID3838_TCGACCTAGCAAGTCG",0.17111415226044,TRUE
"CID3838_TCGCTCAGTTCCTAGA",0.409532358731856,TRUE
"CID3838_TCGGGCACAAGGATGC",0.121071942007061,TRUE
"CID3838_TCGTAGAAGTAGACCG",0.218724307955865,TRUE
"CID3838_TCGTGCTTCCGCGAGT",0.340987302962238,TRUE
"CID3838_TCTCAGCAGTATGACA",0.109546893571778,TRUE
"CID3838_TCTCCGACATCCTCAC",0.130488832050616,TRUE
"CID3838_TGACCCTCATCGGAGA",0.508886463899072,TRUE
"CID3838_TGAGGTTTCCCATGGG",0.169666213482254,TRUE
"CID3838_TGATTTCGTTTACACG",0.150205874234884,TRUE
"CID3838_TGCGACGAGTATTCCG",0.143514279415289,TRUE
"CID3838_TGCTCCACAGCTTTCC",0.296954653557307,TRUE
"CID3838_TGCTCCATCTCGGTCT",0.117962112856211,TRUE
"CID3838_TGCTGAAGTTCTCGTC",0.269564006586089,TRUE
"CID3838_TGCTTGCCATAACAGA",0.353547100805029,TRUE
"CID3838_TGGATGTGTTTCGTGA",0.980942560016166,FALSE
"CID3838_TGGGATTTCATTACGG",0.0668676612931369,TRUE
"CID3838_TGGTGATGTCCACAGC",0.956993681625935,FALSE
"CID3838_TGTCCCAGTATGTCCA",0.187055706119844,TRUE
"CID3838_TGTGATGTCAAAGCCT",0.263077456783447,TRUE
"CID3838_TGTGTGATCGCCTTTG",0.253648590795726,TRUE
"CID3838_TTACGTTTCACCTTGC",0.234432154334523,TRUE
"CID3838_TTCATTGGTTCGGCGT",0.286371375405446,TRUE
"CID3838_TTCTCTCGTACGCTTA",0.122830620477221,TRUE
"CID3838_TTGAACGAGTAACGTA",0.161287377130999,TRUE
"CID3838_TTGTGGACATGAAAGT",0.127433011748408,TRUE
"CID3838_TTGTTCACACATATGC",0.174008032507166,TRUE
"CID3838_TTGTTCATCGCACGGT",0.16184060635539,TRUE
"CID3838_TTTACGTAGATTGATG",0.200525299151644,TRUE
"CID3838_TTTACGTTCGATACGT",0.390626079478954,TRUE
"CID3838_TTTCACATCACTTGTT",0.167350460257659,TRUE
"CID3838_TTTCACATCTCAATCT",0.119517909477,TRUE
"CID3838_TACTTCACACCAGCGT",0.247398146647863,TRUE
"CID3838_ACTTCGCGTCTTCGAA",0.998832508857764,FALSE
"CID3838_ATGGGAGCATTGACTG",0.170189561723716,TRUE
"CID3838_CCACGTTTCCGTCACT",0.166157999440875,TRUE
"CID3838_GTAGAAATCTCAACCC",0.15621422325073,TRUE
"CID3838_TACACCCAGGATCATA",0.132728498791863,TRUE
"CID3838_TCTCAGCAGTAGCCAG",0.506932416575758,TRUE
"CID3838_AACGAAAGTCCTGTCT",0.245519499488145,TRUE
"CID3838_ACATGCAAGCTCGACC",0.235422352148935,TRUE
"CID3838_ACGTAGTTCCAAACCA",0.355187256630944,TRUE
"CID3838_CATACAGCAGTCACGC",0.366932085002066,TRUE
"CID3838_CATCCACGTTTGGGAG",0.170540312908871,TRUE
"CID3838_GAAGCCCCACTTCAAG",0.294472770553009,TRUE
"CID3838_GAGCCTGAGCTGTGCC",0.224352652112322,TRUE
"CID3838_GTCAAACTCTTACGGA",0.172606722505355,TRUE
"CID3838_TGTCCACAGCTACGTT",0.250149859480623,TRUE
"CID3838_TTCATGTGTCCCTCAT",0.195188564844902,TRUE
"CID3838_GCCAACGCACGCAAAG",0.20150660706714,TRUE
"CID3838_ACAGGGAAGAAGTCAT",0.999982591474333,FALSE
"CID3838_CGAGGCTGTGATCGTT",0.180067937218179,TRUE
"CID3838_GCTTGGGTCGAACCTA",0.902518586545803,FALSE
"CID3838_GGAATGGAGGATTTGA",0.109412506395851,TRUE
"CID3838_ACCCTTGGTCGGATTT",0.376242463068406,TRUE
"CID3838_CAATGACGTGGTGATG",0.21102022264788,TRUE
"CID3838_CACTGGGCAAGGTCAG",0.393136220564196,TRUE
"CID3838_CATAAGCGTCGTCTCT",0.286981122481519,TRUE
"CID3838_CGGGACTAGTTACGTC",0.121018535899361,TRUE
"CID3838_CTTAGGAGTATACAGA",0.193282103136432,TRUE
"CID3838_GATCGTACACGCGTCA",0.528968886312551,TRUE
"CID3838_TCGGTCTAGCGCTTCG",0.32961175713119,TRUE
"CID3838_TGCGACGGTGCTATTG",0.176175659777412,TRUE
"CID3838_TGGATGTAGTTCCAGT",0.80991846895856,FALSE
"CID3838_TTACAGGTCCAGTGTA",0.999989239671176,FALSE
"CID3838_TTGAGTGGTCCTGGGT",0.214853463321816,TRUE
"CID3838_TTGTGGAGTTCAGGTT",0.169397114289255,TRUE
"CID3838_AATGGAACACCACATA",0.877520635490658,FALSE
"CID3838_ACAGGGATCCAAGCCG",0.12532964349581,TRUE
"CID3838_ACATCCCTCAGCGCGT",0.275185330264796,TRUE
"CID3838_AGGTGTTTCCATTTAC",0.155387067735125,TRUE
"CID3838_ATACCGACATAGATGA",0.172624885316653,TRUE
"CID3838_ATAGACCCACATACTG",0.239132118362649,TRUE
"CID3838_ATCGTAGCAGCAGAAC",0.197461475254471,TRUE
"CID3838_CAGCGTGTCGCATAGT",0.148189148528851,TRUE
"CID3838_CGACAGCAGCGCTGAA",0.199257681731712,TRUE
"CID3838_CGGCAGTTCCTAAGTG",0.196418418555086,TRUE
"CID3838_CTCCGATAGCCTAACT",0.172948484557988,TRUE
"CID3838_CTTTCGGAGGGCTGAT",0.144515247998262,TRUE
"CID3838_CTTTCGGTCCATCTCG",0.145817056429856,TRUE
"CID3838_GAACACTGTGCCTTTC",0.128041229867253,TRUE
"CID3838_GCCAGTGCAAGTGATA",0.168599559731236,TRUE
"CID3838_GCGGAAACAGCAGTAG",0.13392959100759,TRUE
"CID3838_GTCATTTCACGACAGA",0.289137294391667,TRUE
"CID3838_TAACTTCAGTTTGGCT",0.295711578160352,TRUE
"CID3838_TACCGGGGTCAGACTT",0.173315556899946,TRUE
"CID3838_TATCTGTAGACCATGG",0.333451635906283,TRUE
"CID3838_TCACATTTCACAAGGG",0.16730109869028,TRUE
"CID3838_TCAGGTAAGGTGGCTA",0.999809739954006,FALSE
"CID3838_TCCTCCCCAGCATCTA",0.176460487619003,TRUE
"CID3838_TCGCACTAGCTGTCCG",0.167051193209126,TRUE
"CID3838_TCTCAGCTCCTGGGAC",0.0877139958937945,TRUE
"CID3838_TGCTCCAAGAGTGGCT",0.156597904629979,TRUE
"CID3838_TGTAAGCTCCTCAGAA",0.174489384363665,TRUE
"CID3838_TGTGGCGTCTACGCGG",0.178165835145958,TRUE
"CID3838_TGTTCCGTCCAAACCA",0.207638334073907,TRUE
"CID3838_TTAGGGTTCTGTTGGA",0.235923222162682,TRUE
"CID3838_TGAATCGGTCGCGTCA",0.117754683195559,TRUE
"CID3838_CAACAGTGTATCGATC",0.195473444660193,TRUE
"CID3838_TCACACCTCTGGGCAC",0.360261820459088,TRUE
"CID3838_CTGTCGTGTGCCTAAT",0.174231198868594,TRUE
"CID3838_AGGAAATGTGGCACTC",0.185672965149655,TRUE
"CID3838_ATACCGATCAAATGCC",0.176698398066975,TRUE
"CID3838_ATGAAAGGTGGAACCA",0.809479678756933,FALSE
"CID3838_ATTCCATTCCGTGTGG",0.938975841882096,FALSE
"CID3838_CAGCAATCACGGTAGA",0.249940714650726,TRUE
"CID3838_CAGCCAGAGGCCCGTT",0.441765528981977,TRUE
"CID3838_CCCAACTAGACCAGAC",0.249036589771553,TRUE
"CID3838_CGCCAGAAGTTTGAGA",0.284241539494607,TRUE
"CID3838_CTAGGTACAGCGACAA",0.669201915327208,TRUE
"CID3838_CTCAGAACAGGTTACT",0.23862165091263,TRUE
"CID3838_CTTAGGATCTAACGCA",0.785419082876485,FALSE
"CID3838_CTTCCGATCATCTGTT",0.827501335401345,FALSE
"CID3838_GAATCACCAATGGCAG",0.925994329719906,FALSE
"CID3838_GATTCTTCATGCCATA",0.208817634255316,TRUE
"CID3838_GCAGGCTAGGCTCTAT",0.614580667554043,TRUE
"CID3838_GCTACAAGTGGATACG",0.157550758276391,TRUE
"CID3838_GCTTGGGTCCCAAGCG",0.999392726231926,FALSE
"CID3838_GGAATGGGTGACCGAA",0.215522561996376,TRUE
"CID3838_GTAGAAACATTGCTGA",0.599323507877712,TRUE
"CID3838_GTTCGCTAGATCGCCC",0.270123509932251,TRUE
"CID3838_TAGGTACGTTTCACAG",0.655849622146069,TRUE
"CID3838_TCCATCGTCTGAGGTT",0.0299346004633571,TRUE
"CID3838_TGACTCCAGTATAGAC",0.914635317671366,FALSE
"CID3838_TGAGCATGTCAGCGTC",0.1193732350328,TRUE
"CID3838_TGGATGTAGGTGCATG",0.239407391542462,TRUE
"CID3838_TGGGAAGAGCCTGGAA",0.148048275802336,TRUE
"CID3838_TGTGGCGAGCACCGAA",0.512336227081283,TRUE
"CID3838_ATCCTATCAACGTATC",0.800312231865003,FALSE
"CID3838_CATCGTCGTTGCACGC",0.216163337090452,TRUE
"CID3838_CGCAGGTTCCTGTACC",0.779809133757896,FALSE
"CID3838_CTGGACGGTCCACTCT",0.839649891951891,FALSE
"CID3838_TTTGATCTCGATTGAC",0.176283047362917,TRUE
"CID3838_CTCAAGAGTCACTCGG",0.392750151957293,TRUE
"CID3838_GTGATGTCACAAGCAG",0.227166728264434,TRUE
"CID3838_AGGATAAGTAAGGCCA",0.339391328849944,TRUE
"CID3838_ATCGTAGAGCGTCAAG",0.116969190300412,TRUE
"CID3838_CCATAAGGTCTCGGAC",0.0331501994805099,TRUE
"CID3838_CTGCTCACATGTTCAG",0.998536791723684,FALSE
"CID3838_CTTCTAAAGGCTGTAG",0.978108019940469,FALSE
"CID3838_GCATCTCTCGGCTTGG",0.990591046005043,FALSE
"CID3838_GGACGTCTCCCAGGCA",0.628414217878347,TRUE
"CID3838_TAAGCACCATTCCTCG",0.0697242269363252,TRUE
"CID3838_TCATATCAGGAGCTGT",0.528348452926538,TRUE
"CID3838_TCCTCCCCATCTTTCA",0.177580633774366,TRUE
"CID3838_TGATTTCCACTACAGT",0.99980152437003,FALSE
"CID3838_ATGGAGGCACTTGAAC",0.0364532475261989,TRUE
"CID3838_TCGTAGAAGAGGTGCT",0.192157552850851,TRUE
"CID3838_CTGTATTCATTGAAAG",0.690542051560013,TRUE
"CID3838_TACGTCCTCTACTTCA",0.189185720222676,TRUE
"CID3838_ACCAACAGTCCTACGG",0.256009086164212,TRUE
"CID3838_AGCGCCACAACCCTAA",0.190858901624263,TRUE
"CID3838_ATAGACCCATCTCATT",0.226034658041793,TRUE
"CID3838_CGAGAAGTCAGCAGAG",0.202818437958362,TRUE
"CID3838_GTAGTACAGACTCTTG",0.186155591449045,TRUE
"CID3838_GTGTTCCAGCAGTACG",0.280667084376712,TRUE
"CID3838_TGGAGAGTCATTGAGC",0.37375570443921,TRUE
"CID3838_TTGGTTTCAAGAAATC",0.218181415304207,TRUE
"CID3838_AACCTGAAGCCTGGAA",0.47357577562398,TRUE
"CID3838_AACGTCATCTTTGATC",0.122083393672729,TRUE
"CID3838_AAGCCATGTTTCGTAG",0.181572655756828,TRUE
"CID3838_AAGGAATTCTACTGAG",0.111812926925757,TRUE
"CID3838_ACAACCACACGACGTC",0.18223553362895,TRUE
"CID3838_ACACCAAGTCGAACAG",0.961545818052244,FALSE
"CID3838_ACACTGATCAGCGTCG",0.156658664402799,TRUE
"CID3838_ACGGAAGAGGCGAAGG",0.337438754129492,TRUE
"CID3838_ACTGATGCATGCTGCG",0.0827914514772579,TRUE
"CID3838_ATCCATTCACTAGGTT",0.235499089070509,TRUE
"CID3838_ATCCGTCCAGAGATTA",0.193703454040046,TRUE
"CID3838_ATCGTGACATTATGCG",0.170627330409449,TRUE
"CID3838_CCAAGCGCAATTCTTC",0.186127134290988,TRUE
"CID3838_CCACACTAGTGGTGAC",0.181765049019901,TRUE
"CID3838_CCCGGAAAGTGAGGCT",0.268199051556671,TRUE
"CID3838_CCCTAACCACCTGCTT",0.14847267920591,TRUE
"CID3838_CCCTCAACAGCTAACT",0.279548024170962,TRUE
"CID3838_CCGTGAGTCCGAACGC",0.178940972481288,TRUE
"CID3838_CCGTTCAGTATGCGTT",0.227677383525811,TRUE
"CID3838_CCTCATGGTCGAAACG",0.386269618817055,TRUE
"CID3838_CGAAGGATCTAGTTCT",0.162265499543588,TRUE
"CID3838_CGCATAACAGCTACAT",0.172538973907408,TRUE
"CID3838_CGCCAGACAGATCATC",0.138794541897223,TRUE
"CID3838_CGGGTCAAGGTCCCGT",0.999748328387412,FALSE
"CID3838_CTCCGATAGCCGCTTG",0.14414459312885,TRUE
"CID3838_CTGATCCTCTGGGCAC",0.320398543030772,TRUE
"CID3838_GAATCACTCCAACCGG",0.117328207896132,TRUE
"CID3838_GTAACACTCGTCGACG",0.617364169868355,TRUE
"CID3838_GTCCTCATCCTAAGTG",0.22169035967099,TRUE
"CID3838_GTGCTGGCATAACAGA",0.175564663380887,TRUE
"CID3838_TACCCACCATTGAGGG",0.227375068523793,TRUE
"CID3838_TCGTAGATCCATTTCA",0.52052707204887,TRUE
"CID3838_TGCTTGCAGCAACAAT",0.15502719101649,TRUE
"CID3838_TGGTACAAGGCACAAC",0.328896009647515,TRUE
"CID3838_TTCACCGTCCGATGCG",0.169862514168457,TRUE
"CID3838_TTCACGCAGACGGTTG",0.368994378480165,TRUE
"CID3838_TTCTTGACAAATTAGG",0.351013945938809,TRUE
"CID3838_TTGGGATCAGCCTTCT",0.341226419353467,TRUE
"CID3838_TTGGTTTGTTGTATGC",0.494013734607233,TRUE
"CID3838_TTTACGTAGGTCTTTG",0.926859501012303,FALSE
"CID3838_AGGAGGTTCCGATCTC",0.219438887945631,TRUE
"CID3838_AGTAACCTCCCTAGGG",0.245227064477114,TRUE
"CID3838_CAGCACGTCGGTGTAT",0.322559253901218,TRUE
"CID3838_CTCATTATCGCCAGAC",0.179969066125861,TRUE
"CID3838_GTAACCAGTCCGGTCA",0.495771313775357,TRUE
"CID3838_GTTACAGTCTCACCCA",0.359247143346359,TRUE
"CID3838_TTCCGTGTCATTCGTT",0.169203777633149,TRUE
"CID3838_TTCCTAAGTTAGGGTG",0.22829471848861,TRUE
"CID3838_ATGGGTTTCGAGCCAC",0.173563806612658,TRUE
"CID3838_ATTCTACAGCTTAGTC",0.221738560260514,TRUE
"CID3838_CACGGGTGTCACAATC",0.189758782096591,TRUE
"CID3838_CGTGCTTCATGACTTG",0.173245716132421,TRUE
"CID3838_GAATCACCAGCTGTAT",0.201507350993694,TRUE
"CID3838_GCAGGCTCACTGCGTG",0.595437038093013,TRUE
"CID3838_GCGAGAACAAACTGCT",0.733814083676136,TRUE
"CID3838_GGGTTTAGTCGGAAAC",0.191361990465453,TRUE
"CID3838_GTTGCGGTCACGGACC",0.215057583294222,TRUE
"CID3838_TTGTTCAGTGTTACTG",0.177602474491826,TRUE
"CID3838_TAACACGTCAAGAGGC",0.218626412284317,TRUE
"CID3838_TCGATTTAGACCAGCA",0.160812296472732,TRUE
"CID3838_GAAGCGACATGTGACT",0.978219763554082,FALSE
"CID3838_ACTATTCGTTGCATGT",0.156013677751704,TRUE
"CID3838_ACTTCCGGTTGCTTGA",0.179408029842442,TRUE
"CID3838_AGCGTATTCCCAGGAC",0.0906133139340531,TRUE
"CID3838_ATACCTTAGTTCGCAT",0.365107147466947,TRUE
"CID3838_ATTGTTCCATTGACTG",0.136733045688341,TRUE
"CID3838_ATTTCTGTCACCTCAC",0.105804886215681,TRUE
"CID3838_CATCCCAAGGTGGTTG",0.2161546172929,TRUE
"CID3838_CCATCACTCGAATCCA",0.183274093839914,TRUE
"CID3838_CCGGTAGCAGACCTAT",0.148100455268488,TRUE
"CID3838_CTGTACCAGGGACTGT",0.149234252221252,TRUE
"CID3838_GCCATGGTCACATCAG",0.136818145581285,TRUE
"CID3838_GGGTCACCACCGAATT",0.146010489177095,TRUE
"CID3838_GTAGGAGAGGGCATGT",0.134492564091574,TRUE
"CID3838_GTGCTGGTCATTGAGC",0.167447440772688,TRUE
"CID3838_TAAGCCATCATGCATG",0.125227792479591,TRUE
"CID3838_TTGAGTGTCGACCACG",0.127412110971731,TRUE
"CID3838_AAGACTCCAGACACAG",0.115847415780476,TRUE
"CID3838_ACTATCTCAACGCATT",0.114214123487395,TRUE
"CID3838_AGTACCAAGCCGCTTG",0.154742743088157,TRUE
"CID3838_CAAGCTACAAGGCAAC",0.08681734831083,TRUE
"CID3838_CCACAAACATACAGCT",0.150255714831459,TRUE
"CID3838_GCGGATCTCGCTGACG",0.702662394552351,TRUE
"CID3838_TACGCTCTCATGCGGC",0.607943245775601,TRUE
"CID3838_CTTGATTTCGGAGTAG",0.319814245283565,TRUE
"CID3838_CTGCCATGTGTAACGG",0.158473835659454,TRUE
"CID3838_AGTAGTCAGGGCTAAC",0.243692222972269,TRUE
"CID3838_CGGGTGTTCAAGTAAG",0.201778960237817,TRUE
"CID3838_CTAGGTAGTGCTTATG",0.148310942745484,TRUE
"CID3838_TACAACGCACATAACC",0.175545837052481,TRUE
"CID3838_TGACAGTCAAGTTGGG",0.175631189459582,TRUE
"CID3838_CGTGCTTCAGTTGTTG",0.402680932029952,TRUE
"CID3838_TGTTACTTCCACAAGT",0.517939285164909,TRUE
"CID3838_AACCAACCAGGTGACA",0.161761145706268,TRUE
"CID3838_CATAAGCCATCACCAA",0.548663279322686,TRUE
"CID3838_CTGCCATCATTAGGAA",0.321011468331115,TRUE
"CID3838_GACCCTTAGGCTCCCA",0.242028020325095,TRUE
"CID3838_GATGTTGGTCGTCATA",0.202993884639802,TRUE
"CID3838_GCATTAGCAGTAACGG",0.213278809825707,TRUE
"CID3838_GCCAGGTAGGTTGGTG",0.188576822145256,TRUE
"CID3838_GTGTCCTTCTTTGGAG",0.17321932288437,TRUE
"CID3838_GTTTGGATCCGATCTC",0.109136332636361,TRUE
"CID3838_TCCGATCCAGCAGGAT",0.177861204666914,TRUE
"CID3838_TGGGCTGAGGTTGGAC",0.226948279333507,TRUE
"CID3838_TTCATTGGTTTGGAGG",0.227394275595082,TRUE
"CID3838_ATCCACCGTTCCGCTT",0.239987401889175,TRUE
"CID3838_CAACAGTCATAGACTC",0.205390190046933,TRUE
"CID3838_GATTCTTAGCGTCGAA",0.201105514305025,TRUE
"CID3838_CAAAGAATCCACGTAA",0.66966900781126,TRUE
"CID3838_AAAGGTATCGAACTCA",0.173924192478108,TRUE
"CID3838_AACCCAAGTATCTCTT",0.186259572592571,TRUE
"CID3838_ACCGTTCGTGTTGACT",0.207815919962272,TRUE
"CID3838_ACTATGGTCTTGGATG",0.918666072260401,FALSE
"CID3838_CAGTTCCGTGGCATCC",0.19742771707471,TRUE
"CID3838_CATGGATCAAATGCTC",0.22551204140395,TRUE
"CID3838_CTACAGAGTTTCCCAC",0.146432152090024,TRUE
"CID3838_GGGCTCAAGCACGTCC",0.203941060558978,TRUE
"CID3838_GTAGGTTGTCCAGCCA",0.256334742714818,TRUE
"CID3838_GTCGCGATCCGCCTAT",0.139373612032935,TRUE
"CID3838_TAACACGCAATACCTG",0.197187292661859,TRUE
"CID3838_TAACCAGTCGCATTAG",0.122995019424986,TRUE
"CID3838_TAACGACTCATCGCTC",0.331620623624568,TRUE
"CID3838_TCCTGCACACACGGTC",0.182848362265772,TRUE
"CID3838_TTCCGTGGTGCTCTCT",0.226270154469302,TRUE
"CID3838_TTCGCTGAGCACTCAT",0.265580715004928,TRUE
"CID3838_TTGAGTGAGGTGCTGA",0.412613263099424,TRUE
"CID3838_CAGCGTGAGCATTGTC",0.189645630064169,TRUE
"CID3838_CAGGCCATCCGAGTGC",0.13685494632759,TRUE
"CID3838_CCGCAAGAGAAGGCTC",0.125116815436606,TRUE
"CID3838_CGAGAAGGTTGGAGGT",0.253097618893522,TRUE
"CID3838_CTGAGGCTCCCGTTCA",0.158430803382968,TRUE
"CID3838_GGTTGTATCCCAGCGA",0.496408401188987,TRUE
"CID3838_GTCTCACAGTGGAAGA",0.184323160054979,TRUE
"CID3838_GTGGAAGTCTAGAACC",0.16375972634316,TRUE
"CID3838_TCTTCCTGTCGTGATT",0.171017993613679,TRUE
"CID3838_TTACCATGTTAAGAAC",0.0945894425233312,TRUE
"CID3838_GGCTTTCCACCAGTAT",0.0771426687165564,TRUE
"CID3838_TCAAGACAGTAACCTC",0.106859454259775,TRUE
"CID3838_TCGGTCTCAAGACCGA",0.0705142009879024,TRUE
"CID3838_TGGTACATCCGCAACG",0.110601887493753,TRUE
"CID3838_TTCCTTCGTCCACATA",0.0800645776903517,TRUE
"CID3838_AATTTCCCAACACGAG",0.0871210564532071,TRUE
"CID3838_ACGTAGTCAGCAGTGA",0.121718202677109,TRUE
"CID3838_CACAGATCAGAGTTGG",0.092313939692261,TRUE
"CID3838_CGAGAAGTCCCACAGG",0.208115877303044,TRUE
"CID3838_CGCAGGTTCCTGTTGC",0.618141244536083,TRUE
"CID3838_CTCGAGGTCTCTCCGA",0.162267815428617,TRUE
"CID3838_CTCTCGAGTATGCTAC",0.0572826221615937,TRUE
"CID3838_GGGAAGTCACCTCTAC",0.487189931387713,TRUE
"CID3838_GTAAGTCTCCCGAACG",0.263135596934439,TRUE
"CID3838_TTACCATAGGGTTAAT",0.472132153747142,TRUE
"CID3838_ACGTACATCAACACGT",0.11036733389455,TRUE
"CID3838_ACTTATCTCACGATAC",0.104935117045205,TRUE
"CID3838_CAAGGGACACAGTCCG",0.092875602051089,TRUE
"CID3838_GATGTTGTCGCTTACC",0.0812702966446959,TRUE
"CID3838_TCAGTCCAGCCATGCC",0.120718059559298,TRUE
"CID3838_TCGCTTGGTCGAATTC",0.161650734946307,TRUE
"CID3838_TGATGGTCATCGATAC",0.0897346846532087,TRUE
