"barcode","prob_compromised","candidate_keep"
"CID3838_AAACGCTAGAGCCGAT",0.827049136868319,FALSE
"CID3838_AAGATAGTCGCATTGA",0.985813454064963,FALSE
"CID3838_ACAACCAGTGCGACAA",0.0789255811589505,TRUE
"CID3838_ACGCACGGTCCAGGTC",0.0932048936602718,TRUE
"CID3838_ACTCCCACATCATCCC",0.160684861358989,TRUE
"CID3838_AGACAGGAGGGTTAAT",0.879293208567795,FALSE
"CID3838_AGACAGGCACCCTGTT",0.998656782009953,FALSE
"CID3838_AGTTAGCGTCAGTTTG",0.946868314460693,FALSE
"CID3838_ATAGGCTAGCATCAGG",0.19933433940654,TRUE
"CID3838_ATCGATGTCTAGACAC",0.0882812922808309,TRUE
"CID3838_CCAATGATCTGACGCG",0.999791193602764,FALSE
"CID3838_CCTTTGGCAGGACTAG",0.202576830913798,TRUE
"CID3838_CGCATGGTCATGGATC",0.239299872284855,TRUE
"CID3838_CGCGTGAAGCGTGCTC",0.717027694751368,TRUE
"CID3838_CGTTAGATCGTTCTCG",0.987701769198778,FALSE
"CID3838_CTCAGTCGTCACTTCC",0.161584170124093,TRUE
"CID3838_GAGAGGTGTTCTTGTT",0.614289827141764,TRUE
"CID3838_GAGGCCTCAAAGGTTA",0.216201957178107,TRUE
"CID3838_GATCACATCCCGAATA",0.799703088307657,FALSE
"CID3838_GCACATAGTTACACTG",0.292939259511269,TRUE
"CID3838_GCAGCCAAGGTTGAGC",0.343678663570068,TRUE
"CID3838_GCCAGTGTCAGTCACA",0.997240441051778,FALSE
"CID3838_GCTTCACTCTTAATCC",0.0598304262255149,TRUE
"CID3838_GGAGCAATCCACAAGT",0.211170444896296,TRUE
"CID3838_GGGTATTAGTGCGACA",0.81237989270981,FALSE
"CID3838_GGTAGAGAGCTAAACA",0.625536345437897,TRUE
"CID3838_GTGCAGCCACTTTAGG",0.231450712800478,TRUE
"CID3838_GTTACAGAGTCGAATA",0.99798825466075,FALSE
"CID3838_GTTACGAGTGAGACGT",0.628345355035031,TRUE
"CID3838_GTTGCTCTCTATCACT",0.999801388670271,FALSE
"CID3838_TATCCTACAACCTAAC",0.998236393985035,FALSE
"CID3838_TCGGGACTCACTTTGT",0.999999870976258,FALSE
"CID3838_TGGGTTACACGAAAGC",0.999999834594444,FALSE
"CID3838_TGTAGACTCTTGGGCG",0.674460582984344,TRUE
"CID3838_TGTTCCGAGACCTGGA",0.999991048515032,FALSE
"CID3838_TTACGCCCAGCCTTCT",0.18892223406272,TRUE
"CID3838_TTAGTCTTCTGGGATT",0.215588797403439,TRUE
"CID3838_TTCATGTTCTGCATAG",0.469769011393824,TRUE
"CID3838_TTTGACTAGAAAGTCT",0.16024913214203,TRUE
"CID3838_TAAGTCGCAAGACCGA",0.470631520404969,TRUE
"CID3838_ATAGAGAAGATGCTTC",0.307233289637652,TRUE
"CID3838_GTAACACCATAACCCA",0.74655107387767,TRUE
"CID3838_TCTACCGAGTCGGGAT",0.0542968351355587,TRUE
"CID3838_AACAAGAAGGTGGGTT",0.631010268579484,TRUE
"CID3838_ACGTAGTTCGCAGATT",0.28538366047908,TRUE
"CID3838_TTACTGTAGAAGAACG",0.991993420510068,FALSE
"CID3838_AAAGAACAGTACTCGT",0.144099371880138,TRUE
"CID3838_CTTACCGCACTGCTTC",0.995290294591012,FALSE
"CID3838_ATTCACTCAACCCGCA",0.23086143509735,TRUE
"CID3838_AACCTGATCTTGGTCC",0.998219869480301,FALSE
"CID3838_ACGTACACAAGCACAG",0.181173911192843,TRUE
"CID3838_ACTTTCAGTTCCGCAG",0.250490064317101,TRUE
"CID3838_AGGTCATGTTAGCGGA",0.99993340577349,FALSE
"CID3838_ATCCTATGTTCCTACC",0.0923104238247631,TRUE
"CID3838_CAGCCAGAGAGAGAAC",0.128599194172844,TRUE
"CID3838_CAGGGCTCACGTAACT",0.999975857788736,FALSE
"CID3838_CATGCTCCATACCGTA",0.990718236201664,FALSE
"CID3838_CGGGTGTAGCTTCTAG",0.9999857475354,FALSE
"CID3838_CTCCTTTGTCCGGCAT",0.218200536204276,TRUE
"CID3838_GAAGTAACAGCGTTGC",0.385539680216862,TRUE
"CID3838_GACCCTTGTCGGCCTA",0.793060583368073,FALSE
"CID3838_GTACAGTGTTACACTG",0.805687071585505,FALSE
"CID3838_GTGTTCCTCCCGGTAG",0.999223870262843,FALSE
"CID3838_TATCAGGCACAAATCC",0.997167021631481,FALSE
"CID3838_TCAATTCAGCACTTTG",0.201094953847068,TRUE
"CID3838_TCAGGGCCAAGTGCTT",0.999929939339335,FALSE
"CID3838_TCCTTCTCATGTGCTA",0.583201159453033,TRUE
"CID3838_TCGACCTCAGAGTAAT",0.44700010731885,TRUE
"CID3838_TCGACGGGTTCGAACT",0.206259041015239,TRUE
"CID3838_TCTCCGAAGTGGTGGT",0.214628171590944,TRUE
"CID3838_TGTGAGTGTGTGACCC",0.178668096860003,TRUE
"CID3838_AGCTCAAGTTACGTAC",0.0698728425941923,TRUE
"CID3838_AACCAACAGATAGTGT",0.16482652115444,TRUE
"CID3838_AAGAACACACTACTTT",0.15636328053441,TRUE
"CID3838_ATTCAGGAGAAGGTAG",0.104017094948456,TRUE
"CID3838_CGAATTGAGAGCAGCT",0.793677014297508,FALSE
"CID3838_CTATCTACAGTGAGCA",0.998999023548004,FALSE
"CID3838_GTATTGGAGCAGGGAG",0.905540269328179,FALSE
"CID3838_GTTATGGGTCGACTTA",0.149635598606533,TRUE
"CID3838_TACGCTCTCCTCGCAT",0.126197549934984,TRUE
"CID3838_TACTTACAGCCATTGT",0.0683706674237811,TRUE
"CID3838_TAGGTACTCCCAATAG",0.22438018782695,TRUE
"CID3838_TCATATCAGGGCTTCC",0.999991775704499,FALSE
"CID3838_TCCATGCTCTATGCCC",0.564892616915533,TRUE
"CID3838_AACCTTTCATTCTCTA",0.0352489075712049,TRUE
"CID3838_ACAGCCGTCCTCTGCA",0.147616381532456,TRUE
"CID3838_CACTAAGAGTACTCGT",0.156798623352523,TRUE
"CID3838_CCATCACCATCCGTGG",0.791449606958876,FALSE
"CID3838_CGGAACCAGTCCCTAA",0.10472635540424,TRUE
"CID3838_CTCCACATCCCTGGTT",0.335957029524941,TRUE
"CID3838_GCGATCGTCGCATGAT",0.289745093282059,TRUE
"CID3838_GGATGTTCAGCGACAA",0.963086250066238,FALSE
"CID3838_GGTAACTTCTTTGCGC",0.0631682973899862,TRUE
"CID3838_GTGTCCTTCAGTGGGA",0.0858943265003844,TRUE
"CID3838_TCCCACACACGTTCGG",0.117492144952786,TRUE
"CID3838_AATGACCGTATCATGC",0.185586936145541,TRUE
"CID3838_ACCCTCACATGTTTGG",0.149253737088672,TRUE
"CID3838_AGGATAAAGTGATGGC",0.912303570093198,FALSE
"CID3838_ATGAAAGAGGCAGGGA",0.418685495030819,TRUE
"CID3838_ATTCCCGCAGGCGATA",0.247000815274326,TRUE
"CID3838_CAACGATCATGGCACC",0.140479184522422,TRUE
"CID3838_CAGATCAGTACGTGTT",0.171054928372963,TRUE
"CID3838_CATGCGGCAACACGAG",0.354766595345897,TRUE
"CID3838_CCACTTGTCCATAGGT",0.548023958919276,TRUE
"CID3838_CCTTCAGCAGCTCATA",0.1606476481059,TRUE
"CID3838_CTCCTCCAGTCGGCAA",0.238026607501478,TRUE
"CID3838_GAAGCCCGTGGTCTCG",0.226200062993511,TRUE
"CID3838_GACATCACACATACTG",0.407481606052409,TRUE
"CID3838_GACCCAGCACGACGAA",0.179508887969765,TRUE
"CID3838_GACCCTTCACCCAAGC",0.152984050328824,TRUE
"CID3838_GAGACTTGTAACCCTA",0.133348581097869,TRUE
"CID3838_GATTTCTAGATTAGCA",0.132865530701776,TRUE
"CID3838_GGGACTCGTTAGAGTA",0.148508009038223,TRUE
"CID3838_GTCAAGTGTCGAAACG",0.638793277071831,TRUE
"CID3838_GTGCACGTCACCCTGT",0.186538685992604,TRUE
"CID3838_TAAGTCGCATGGCTGC",0.230836419905491,TRUE
"CID3838_TAGGAGGTCAAGCTGT",0.15341924028178,TRUE
"CID3838_TATTGCTCAAGTATCC",0.161177363086367,TRUE
"CID3838_TCATACTGTCGCTTGG",0.997938814631139,FALSE
"CID3838_TGATTTCAGTTACTCG",0.167783584561695,TRUE
"CID3838_TTCCTTCAGGAAACGA",0.147267502403025,TRUE
"CID3838_AAAGGTATCACTGGTA",0.171727443155318,TRUE
"CID3838_AGTACTGCACAACGCC",0.58572531475836,TRUE
"CID3838_CACTAAGAGCAACTCT",0.138876145185841,TRUE
"CID3838_CTCATTATCCCATGGG",0.164678704575573,TRUE
"CID3838_CTCCTCCCACACGTGC",0.139320360473302,TRUE
"CID3838_CTGAGCGAGCGAGGAG",0.17074491050979,TRUE
"CID3838_GAGATGGAGGTAGCAC",0.151592270734287,TRUE
"CID3838_GAGGGTAAGTCTGCAT",0.341872133089393,TRUE
"CID3838_GATGAGGCAGCTCCTT",0.156932607326259,TRUE
"CID3838_GCCAGGTCATAAGCAA",0.193968248301063,TRUE
"CID3838_GTGAGCCTCATGGCCG",0.121618556677411,TRUE
"CID3838_TAGTGCACAGCTATTG",0.183003012500123,TRUE
"CID3838_TATACCTCATTGGATC",0.149311372753511,TRUE
"CID3838_TCCTTTCTCGTAGGGA",0.15492687871641,TRUE
"CID3838_TTTGACTCAGTAGATA",0.9995238418401,FALSE
"CID3838_TCTCACGTCTGGGCCA",0.234231379684109,TRUE
"CID3838_AAAGGGCTCTCAATCT",0.104451844603741,TRUE
"CID3838_AACGAAATCTTGGTCC",0.985322578228802,FALSE
"CID3838_CGGTCAGAGTTAGTAG",0.996355725848887,FALSE
"CID3838_GCGGAAAGTGATACAA",0.934304549074386,FALSE
"CID3838_TCTCTGGAGGCACTCC",0.994725583688507,FALSE
"CID3838_CTTCCTTAGGTCACCC",0.201879635229095,TRUE
"CID3838_TACAGGTGTCGTGGAA",0.188925415868966,TRUE
"CID3838_ACCTGAATCGTAACTG",0.208967958410974,TRUE
"CID3838_ACTATCTGTCAGACGA",0.120793699488644,TRUE
"CID3838_CACCAAAAGAGAGCCT",0.999804799963002,FALSE
"CID3838_CCCTGATCACAGTCAT",0.218207617411582,TRUE
"CID3838_CTATCTAGTCTACATG",0.541394647269836,TRUE
"CID3838_GGGTCTGTCCGCACGA",0.139677623365438,TRUE
"CID3838_GTGCTGGCAATGGCAG",0.150044998421975,TRUE
"CID3838_TACCTGCGTTAGGCCC",0.208667624277071,TRUE
"CID3838_TGGAGAGTCCGGACGT",0.170303897431824,TRUE
"CID3838_TGGTAGTTCAAACTGC",0.170110242151961,TRUE
"CID3838_ACACGCGGTGATACAA",0.1924148855013,TRUE
"CID3838_TTTGGAGAGAAGCGCT",0.16798409953735,TRUE
"CID3838_CAAGACTAGACAGTCG",0.127508679684067,TRUE
"CID3838_CTCCATGAGGCTCAAG",0.261496670637453,TRUE
"CID3838_GAAGGACCAAGCTGTT",0.201652547464987,TRUE
"CID3838_GGATGTTGTGGTCCGT",0.154616233523443,TRUE
"CID3838_TGAGGTTAGCTCCATA",0.202324056406857,TRUE
"CID3838_ACGATCAGTCGCATCG",0.14482161180647,TRUE
"CID3838_GTGTTCCAGAGAGCCT",0.943849687957304,FALSE
"CID3838_TTGCGTCTCCATCGTC",0.131495463373982,TRUE
"CID3838_ACTCTCGTCATACGAC",0.233995615497193,TRUE
"CID3838_GTGGCGTAGACCAGAC",0.156462872312038,TRUE
"CID3838_TGTCCTGGTCACTCGG",0.142973636839742,TRUE
"CID3838_AAGCCATGTCAATCTG",0.156357337935443,TRUE
"CID3838_CTATCTAAGTGGTCAG",0.159216236163575,TRUE
"CID3838_CTCCCAACACAAGTTC",0.196234486561832,TRUE
"CID3838_GATCATGAGTCCTACA",0.179364598298412,TRUE
"CID3838_ATTCACTCAAATTGCC",0.159769884994707,TRUE
"CID3838_GCCGTGAGTAGTCTTG",0.0830750458473306,TRUE
"CID3838_GGGAGATAGGTGAGAA",0.154712955592172,TRUE
"CID3838_CCTCTCCAGACGCATG",0.999823644377394,FALSE
"CID3838_CCGGGTAAGAGGTATT",0.139715027277327,TRUE
"CID3838_GTAGAGGAGTTGGACG",0.172596113024539,TRUE
"CID3838_TTCCTAAGTTCCTTGC",0.205240804417233,TRUE
"CID3838_TGACGCGCAACAGCTT",0.182699071531333,TRUE
"CID3838_TACCTCGCAACTTGCA",0.0831303017728684,TRUE
"CID3838_TGTTCATCAGCACGAA",0.454416506102851,TRUE
"CID3838_CGGAGAACAAGTGGTG",0.0949907769394121,TRUE
"CID3838_TCATCATGTCTTAGTG",0.133604891804882,TRUE
"CID3838_ACAGGGATCTAGCCAA",0.121354912756564,TRUE
"CID3838_AGTAGCTCAGCAGAAC",0.153475386800348,TRUE
"CID3838_CAATACGAGCGTTAGG",0.170806966314566,TRUE
"CID3838_CTGTAGATCACTCTTA",0.497244231419707,TRUE
"CID3838_GAAGCGACATGTCGTA",0.17421324053339,TRUE
"CID3838_AAACGAACACTTCATT",0.996755950355932,FALSE
"CID3838_AAGTCGTAGGAAAGGT",0.188891472358107,TRUE
"CID3838_ATACCGACATGGGCAA",0.495075389861699,TRUE
"CID3838_CACGGGTCAACGGGTA",0.184890537302578,TRUE
"CID3838_CGGGTCACAACCTAAC",0.152817486681113,TRUE
"CID3838_GATGCTATCCGCCTAT",0.186282329033319,TRUE
"CID3838_GCTTGGGTCCAACCAA",0.139730921289333,TRUE
"CID3838_GTGGTTAAGTTTGTCG",0.176816856985412,TRUE
"CID3838_TACCCGTTCCAAGGGA",0.175475973347863,TRUE
"CID3838_TATCCTACAACACACT",0.189994043042557,TRUE
"CID3838_TATCTGTCAAGCACAG",0.18695388274279,TRUE
"CID3838_TCGAAGTCATCATTGG",0.176096827878709,TRUE
"CID3838_AACAACCGTTGAATCC",0.206970585840227,TRUE
"CID3838_AACGTCAGTGCTTCAA",0.176059081029293,TRUE
"CID3838_AATAGAGTCAACTTTC",0.224005476479969,TRUE
"CID3838_AATGAAGAGTTCCTGA",0.141147992423672,TRUE
"CID3838_AATGGAATCGTTCTAT",0.164441013074161,TRUE
"CID3838_ACACGCGAGCACTAAA",0.148657882976925,TRUE
"CID3838_ACCTACCCAAAGACGC",0.245554945618282,TRUE
"CID3838_ACTGATGAGAACAGGA",0.165901180865842,TRUE
"CID3838_ACTGTGAGTTTCCCAC",0.149093151451492,TRUE
"CID3838_AGACAGGCACAGAGAC",0.17544796100618,TRUE
"CID3838_AGACTCACACTGTGTA",0.214126171261572,TRUE
"CID3838_AGATGCTCACGGGCTT",0.286200838658124,TRUE
"CID3838_AGCCAATAGAGTCTTC",0.165923760497445,TRUE
"CID3838_AGCCACGAGTGCCTCG",0.203969553117904,TRUE
"CID3838_AGCTACAAGACAAGCC",0.124881346639056,TRUE
"CID3838_AGGCTGCAGCAAACAT",0.208264687858064,TRUE
"CID3838_AGGGTTTGTCCAGCCA",0.136479308846987,TRUE
"CID3838_AGGTCATTCAAACGTC",0.145126127291408,TRUE
"CID3838_AGTCAACCACTTCAGA",0.213832804367276,TRUE
"CID3838_AGTGCCGTCAGCCTCT",0.114657834679895,TRUE
"CID3838_ATCGGCGGTCTGTGAT",0.898781556345365,FALSE
"CID3838_ATGCATGTCGCTGACG",0.251557623275176,TRUE
"CID3838_CAATCGACATAATCCG",0.169289763073259,TRUE
"CID3838_CACGGGTGTCCGAAGA",0.146303615839588,TRUE
"CID3838_CACTGGGAGCATTGTC",0.18123986108601,TRUE
"CID3838_CATAGACAGGTTTACC",0.162661962547331,TRUE
"CID3838_CATCGCTTCAATGTCG",0.171415530202919,TRUE
"CID3838_CCATAAGTCCTCACGT",0.139847420524033,TRUE
"CID3838_CCGAACGAGATGTTGA",0.229677849264891,TRUE
"CID3838_CCTTCAGCAAATTGGA",0.156569480654483,TRUE
"CID3838_CGATGGCTCGTTCGCT",0.128732296436329,TRUE
"CID3838_CGGGACTGTGATACCT",0.178761881897345,TRUE
"CID3838_CGTAGTAAGTATCCTG",0.194245295314686,TRUE
"CID3838_CTAAGTGAGAGAGCAA",0.148138964432357,TRUE
"CID3838_CTACAGACAATTGGTC",0.150198379690458,TRUE
"CID3838_CTACGGGTCCGTGTAA",0.821547190969582,FALSE
"CID3838_CTCATGCAGACCTGGA",0.203513993863758,TRUE
"CID3838_CTCCTCCTCGGCACTG",0.174395085731557,TRUE
"CID3838_CTCCTTTCATCAGCAT",0.159357567432649,TRUE
"CID3838_CTGTGGGAGACCAGAC",0.187787713529838,TRUE
"CID3838_CTGTGGGGTTGTATGC",0.159387918789773,TRUE
"CID3838_GAACACTAGGCGTTGA",0.20244722563854,TRUE
"CID3838_GACAGCCCATGTTCGA",0.177200289551528,TRUE
"CID3838_GACTCTCTCTCGGCTT",0.199586714421184,TRUE
"CID3838_GAGATGGAGAGCTGAC",0.171479641813425,TRUE
"CID3838_GAGTGTTGTTAGGGAC",0.207360541692387,TRUE
"CID3838_GATGTTGAGCGACTAG",0.165940140204494,TRUE
"CID3838_GATTTCTTCGTGAGAG",0.15464424404188,TRUE
"CID3838_GCCAACGGTCCTTGTC",0.172227787901461,TRUE
"CID3838_GCCAGCATCAGCTGAT",0.128581928946748,TRUE
"CID3838_GCGGATCCACTCAAGT",0.149020495930218,TRUE
"CID3838_GGAAGTGTCGAAGTGG",0.914989267501586,FALSE
"CID3838_GGCTTGGTCGGAAACG",0.205928166298955,TRUE
"CID3838_GGTAATCAGTAAACGT",0.141276073713759,TRUE
"CID3838_GTACAACTCCCAAGCG",0.201343106934128,TRUE
"CID3838_GTAGCTACAAGTGGGT",0.16255789505537,TRUE
"CID3838_GTAGCTACAGTAACAA",0.147391446764661,TRUE
"CID3838_GTAGGTTCAAAGTGTA",0.169658751795549,TRUE
"CID3838_GTCACTCAGGCCTGCT",0.306197493724008,TRUE
"CID3838_GTTAGACGTTCGTGCG",0.196728946525549,TRUE
"CID3838_GTTGCGGGTACATTGC",0.153138246006077,TRUE
"CID3838_GTTGTAGGTAATGTGA",0.162220608709372,TRUE
"CID3838_GTTTACTCACGGTGCT",0.164874301277635,TRUE
"CID3838_TAACACGCAATTCGTG",0.206780984510719,TRUE
"CID3838_TAATTCCCAACGGTAG",0.135675769957448,TRUE
"CID3838_TACAACGGTGGGAGAG",0.202607516611699,TRUE
"CID3838_TACTGCCTCATAAGGA",0.435738827738893,TRUE
"CID3838_TAGATCGGTGTCCTAA",0.15530472236205,TRUE
"CID3838_TATCGCCTCCCGGTAG",0.2006095043831,TRUE
"CID3838_TATCGCCTCTGCAGCG",0.155093690664241,TRUE
"CID3838_TATTCCAAGAAGTCTA",0.0532120953382484,TRUE
"CID3838_TATTTCGAGGTAATCA",0.386502188887993,TRUE
"CID3838_TCAAGTGCAATGTTGC",0.157618210311819,TRUE
"CID3838_TCCACGTGTTGATCGT",0.143036664223382,TRUE
"CID3838_TCCCAGTTCGATACAC",0.197626767902182,TRUE
"CID3838_TCCCATGCATTCCTAT",0.187743891795336,TRUE
"CID3838_TCCGAAAAGCACGATG",0.153442461578407,TRUE
"CID3838_TCCGATCAGGTTACAA",0.214809790993301,TRUE
"CID3838_TCCTTTCTCAAGTGGG",0.1420413715558,TRUE
"CID3838_TCTCTGGTCGCTTGAA",0.234316193691781,TRUE
"CID3838_TCTGTCGGTCGTTCAA",0.162405861269041,TRUE
"CID3838_TGAGCATAGCACCAGA",0.267005530114687,TRUE
"CID3838_TGAGTCATCGGACCAC",0.158986094101768,TRUE
"CID3838_TGCGGGTGTGGGCTTC",0.167556141976551,TRUE
"CID3838_TGCTCCAGTCTCCTGT",0.230057716364929,TRUE
"CID3838_TGCTGAAAGAGTTGAT",0.214915725236887,TRUE
"CID3838_TGGGAAGTCGCGTCGA",0.19122738847943,TRUE
"CID3838_TTACTGTTCGTGCAGC",0.224925544654638,TRUE
"CID3838_TTCATTGTCCGACATA",0.308643028163608,TRUE
"CID3838_TTCCGTGAGACATAGT",0.205683959382931,TRUE
"CID3838_TTCGCTGTCGTCGGGT",0.415293170097975,TRUE
"CID3838_AGATGCTCAAGGTACG",0.140444279966686,TRUE
"CID3838_ATACTTCAGGCGCTTC",0.162904726575719,TRUE
"CID3838_CCCGGAAAGTGAGTGC",0.160037914669614,TRUE
"CID3838_CCTCTAGCAAACACGG",0.180585747740292,TRUE
"CID3838_GATGATCCAAAGGCTG",0.150812817550297,TRUE
"CID3838_TACACCCCAAACCACT",0.163115508872327,TRUE
"CID3838_TCGCAGGGTGGCATCC",0.187696527176301,TRUE
"CID3838_ATGGAGGTCCTGGTGA",0.0724141707138612,TRUE
"CID3838_TTTGACTCACATGTTG",0.0460021899113345,TRUE
"CID3838_AAACGCTGTCTACACA",0.143071884233584,TRUE
"CID3838_AACCAACAGGTAGGCT",0.286228060247089,TRUE
"CID3838_AAGCATCTCGTGGACC",0.418338903523174,TRUE
"CID3838_AATGAAGTCTCTGCTG",0.087631482277752,TRUE
"CID3838_ACTTATCTCAAGTTGC",0.928522699987013,FALSE
"CID3838_AGAGCCCCAACAGCCC",0.0953494616507647,TRUE
"CID3838_AGCGTATGTCTAGGCC",0.388513611393035,TRUE
"CID3838_AGTGACTTCTCTTGCG",0.133655938789416,TRUE
"CID3838_ATATCCTAGACCTTTG",0.108461523122162,TRUE
"CID3838_ATCTCTATCCTCTCGA",0.429782883896621,TRUE
"CID3838_ATCTTCAGTTCGTAAC",0.0760396158286666,TRUE
"CID3838_ATGATCGTCATTCACT",0.154016147816245,TRUE
"CID3838_ATTCACTTCAAGCCAT",0.255317377586708,TRUE
"CID3838_CAGAGCCCAGAATTCC",0.349836061200205,TRUE
"CID3838_CAGATCACATCATCTT",0.0897563512980351,TRUE
"CID3838_CAGTTCCGTGTATTGC",0.0754089927490994,TRUE
"CID3838_CATAGACAGTTACGTC",0.0559204088758902,TRUE
"CID3838_CATTGTTGTTCTCTCG",0.100688424111019,TRUE
"CID3838_CCATAAGCAAAGGTTA",0.157758947913671,TRUE
"CID3838_CCCGGAACAGCCTACG",0.159647550689136,TRUE
"CID3838_CCCTCAAGTGTTCATG",0.09305893810844,TRUE
"CID3838_CCGGTAGGTGATGGCA",0.156822192022601,TRUE
"CID3838_CCGTTCACAACTTCTT",0.138833001561788,TRUE
"CID3838_CCTAACCTCGTAGTCA",0.132063497105257,TRUE
"CID3838_CCTCCAAAGAGAGCGG",0.152974228076683,TRUE
"CID3838_CCTCCTCTCGGCTGGT",0.278107846935485,TRUE
"CID3838_CCTTCAGCAGGTAGTG",0.206775965804684,TRUE
"CID3838_CTTCTCTAGCTGTACT",0.106660290492131,TRUE
"CID3838_CTTTCAACAAAGCTAA",0.220891470510639,TRUE
"CID3838_GAAGCGAGTCATCAGT",0.142259290040008,TRUE
"CID3838_GACCCTTAGCGCTGCT",0.128691060321216,TRUE
"CID3838_GACGTTATCCGCCTAT",0.198443152386199,TRUE
"CID3838_GAGAGGTGTCAATCTG",0.944100469003477,FALSE
"CID3838_GATGATCTCAAGTAAG",0.197730335734112,TRUE
"CID3838_GCAGCCACAGATCATC",0.221180528633165,TRUE
"CID3838_GCCCAGATCAAGAATG",0.304891245664374,TRUE
"CID3838_GGAGCAATCGACCACG",0.206700454621772,TRUE
"CID3838_GGTGATTGTATGTCTG",0.111916382438705,TRUE
"CID3838_GGTTGTAAGCTGCCAC",0.0848136923786144,TRUE
"CID3838_GTGTGATCATGACTAC",0.999544570160436,FALSE
"CID3838_GTTGCTCGTAGCACAG",0.192198694509674,TRUE
"CID3838_TACATTCGTAGGACCA",0.0534088253336287,TRUE
"CID3838_TACCTGCGTACGATTC",0.143564311912753,TRUE
"CID3838_TCACAAGGTCCAGCCA",0.223948565882803,TRUE
"CID3838_TCATCCGCACAATGAA",0.186844520038467,TRUE
"CID3838_TCATGCCTCTGGTCAA",0.595045893526529,TRUE
"CID3838_TCATGTTTCTTACGTT",0.0556582665967424,TRUE
"CID3838_TCCATGCTCCGCGAGT",0.13686235446118,TRUE
"CID3838_TCGGTCTAGCGGCTCT",0.177822823986648,TRUE
"CID3838_TCGTCCACACTTCTCG",0.999997418610598,FALSE
"CID3838_TCGTCCAGTCGACGCT",0.19970480696586,TRUE
"CID3838_TCGTGGGAGCATGATA",0.0594200420769126,TRUE
"CID3838_TCTAACTAGGAACGCT",0.150523886139978,TRUE
"CID3838_TCTCAGCGTCGAAGCA",0.483664355564542,TRUE
"CID3838_TCTCTGGCATAGTCGT",0.11758587587265,TRUE
"CID3838_TCTGGCTGTAGACTGG",0.124470116094397,TRUE
"CID3838_TGCAGATTCTCCTGTG",0.144872366061961,TRUE
"CID3838_TGCTCGTTCGTCCTCA",0.0995680457834373,TRUE
"CID3838_TGGATCACACTACACA",0.128535133241519,TRUE
"CID3838_TGGGCGTCATCGTCCT",0.185027067318942,TRUE
"CID3838_TGGTTAGGTGAATAAC",0.104548723714943,TRUE
"CID3838_TGTTCTACAGCACCCA",0.131182327498388,TRUE
"CID3838_TTGAACGCATAGGAGC",0.214372039875303,TRUE
"CID3838_TTGGGATTCAGGAACG",0.180478419382078,TRUE
"CID3838_TTGGGTACACGAAAGC",0.201863963072155,TRUE
"CID3838_CTCACTGTCCGTTGGG",0.999203286568563,FALSE
"CID3838_GTCAAACGTCGTTCAA",0.115042913371236,TRUE
"CID3838_AGTTCCCTCTGATGGT",0.999758153385542,FALSE
"CID3838_ATAGACCTCCTCACGT",0.17163377037044,TRUE
"CID3838_ATGAGTCTCCATAGGT",0.871856048261953,FALSE
"CID3838_CGTAATGGTCTAGGCC",0.158836129204426,TRUE
"CID3838_GACCTTCTCGGTCTAA",0.196714722139706,TRUE
"CID3838_GATGGAGCAAGAAATC",0.224449037164141,TRUE
"CID3838_GTGTTCCCACGTGAGA",0.175247762796342,TRUE
"CID3838_TAGCACAGTCCAGCAC",0.785283582670637,FALSE
"CID3838_AGAACAAAGTTGCGCC",0.140826625583112,TRUE
"CID3838_ATCCACCAGATAGGGA",0.761212646729856,FALSE
"CID3838_GACACGCAGCGGACAT",0.171202945973364,TRUE
"CID3838_GGAATCTGTCCGGCAT",0.382821561776288,TRUE
"CID3838_TATACCTAGCTCCATA",0.176630377812523,TRUE
"CID3838_GTTACGAAGGATACGC",0.233106766527527,TRUE
"CID3838_TAGGGTTCACAGTCAT",0.766681037541011,FALSE
"CID3838_TCATCATCAGAAGCGT",0.211326796102523,TRUE
"CID3838_TCAAGTGAGGGAGATA",0.375318695189274,TRUE
"CID3838_TGTCCTGAGAGGACTC",0.935316205522935,FALSE
"CID3838_TTTGGTTTCTGGAGAG",0.290895869871309,TRUE
"CID3838_AGTACCAAGTACAGAT",0.0634883163120936,TRUE
"CID3838_AACACACGTCCCACGA",0.5040662025816,TRUE
"CID3838_AACCCAATCTTACGGA",0.409647395880361,TRUE
"CID3838_AATGGCTAGAGGCGGA",0.143319535262349,TRUE
"CID3838_ACTTATCAGCCTCTTC",0.0737804157031429,TRUE
"CID3838_AGATAGAAGCTCCGAC",0.982631064465085,FALSE
"CID3838_AGTCTCCTCTCCAATT",0.914510528931135,FALSE
"CID3838_ATCGTAGGTCCAGGTC",0.604363047855054,TRUE
"CID3838_CACATGACACATACTG",0.260220950187188,TRUE
"CID3838_CATAAGCAGCTAGTTC",0.434504271423023,TRUE
"CID3838_CCAATGACAATACCTG",0.216317247060817,TRUE
"CID3838_CCACCATTCTACAGGT",0.192463826153353,TRUE
"CID3838_CCTATCGTCCATCTCG",0.140314699796504,TRUE
"CID3838_CGTAAGTCAGTGGGTA",0.180239199084701,TRUE
"CID3838_CTAGGTACATCCCGTT",0.256456521605922,TRUE
"CID3838_CTCAGGGGTATCGAAA",0.123722250977274,TRUE
"CID3838_CTTCTCTAGTCAGGGT",0.998848325021142,FALSE
"CID3838_GACCGTGTCGCCTTTG",0.992327910209424,FALSE
"CID3838_GCAGCTGTCCCATTTA",0.337117675101703,TRUE
"CID3838_GGGAAGTCAACGTATC",0.166259399493656,TRUE
"CID3838_GGGCTCACACACTGGC",0.232990453668493,TRUE
"CID3838_GGGTCTGGTATCCTTT",0.205673304184903,TRUE
"CID3838_GGTGTTATCGTGGCGT",0.999665021739017,FALSE
"CID3838_GTGCACGTCGTAGCTA",0.125961824315329,TRUE
"CID3838_GTTGCGGCACCAAAGG",0.92036101661552,FALSE
"CID3838_TAAGCGTTCTCCGAGG",0.662240544788937,TRUE
"CID3838_TATTCCAGTGTCTTCC",0.194953110218662,TRUE
"CID3838_TCATGGAGTAACACCT",0.494493794384026,TRUE
"CID3838_TCTCCGATCTTGGAAC",0.83331229919932,FALSE
"CID3838_TGCACGGAGATAGGGA",0.999990586893473,FALSE
"CID3838_TGTACAGCACAGTATC",0.299363144534997,TRUE
"CID3838_TTACTGTAGTAAACAC",0.999997638819548,FALSE
"CID3838_TTCAATCAGGGATGTC",0.301298077972836,TRUE
"CID3838_TTGCATTGTATACCCA",0.142029777206489,TRUE
"CID3838_TTGTGGACATTGCTGA",0.412076686729758,TRUE
"CID3838_CAAGGGACAATGCAAA",0.108359698275779,TRUE
"CID3838_GAGATGGAGCTTGTGT",0.644949851272175,TRUE
"CID3838_TTTGTTGAGCGCTTCG",0.17292754915845,TRUE
"CID3838_CATGCTCAGCGTCAGA",0.269379993969566,TRUE
"CID3838_AGCTACAAGGAAAGAC",0.117890767508094,TRUE
"CID3838_TCAAGCAGTTGCTAGT",0.125187837436248,TRUE
"CID3838_CAACAACTCCACAGCG",0.28762340409488,TRUE
"CID3838_GATGATCGTGGATGAC",0.114322791432892,TRUE
"CID3838_GGTTCTCAGATGGTCG",0.215987600726471,TRUE
"CID3838_TAACTTCGTCAACACT",0.134673643812398,TRUE
"CID3838_TCACTATTCGCCGAAC",0.104534337275286,TRUE
"CID3838_TCAGCCTGTAGGGTAC",0.195479891897297,TRUE
"CID3838_TGCAGGCTCTGCTGAA",0.388802700169872,TRUE
"CID3838_TGGGTTATCGATACTG",0.274246504120224,TRUE
"CID3838_TGTCCACAGCCAAGTG",0.968809046168531,FALSE
"CID3838_ACTACGAAGTAATTGG",0.135911679564883,TRUE
"CID3838_ACTGCAAAGCCAACCC",0.965083684515735,FALSE
"CID3838_AGGCATTGTTCCGCAG",0.118068735302848,TRUE
"CID3838_AGTGTTGCAGAACTTC",0.170230101980501,TRUE
"CID3838_CAGGCCACACCCTGAG",0.143434252037255,TRUE
"CID3838_CATGGATCAGGTTTAC",0.996524351333653,FALSE
"CID3838_CCTCATGCAATCGTCA",0.0882581485786841,TRUE
"CID3838_CGTAATGAGTGGACTG",0.214274344740817,TRUE
"CID3838_CTGCCTACAGTCGGTC",0.164470119399746,TRUE
"CID3838_GACATCATCGCATAGT",0.0832229934413766,TRUE
"CID3838_GTAATCGAGGTAATCA",0.977412893255216,FALSE
"CID3838_GTCGTTCCAATTTCCT",0.251780792124371,TRUE
"CID3838_TAAGCACCAGGATCTT",0.189266727890985,TRUE
"CID3838_TCAGTGAGTTTCGCTC",0.204779606939472,TRUE
"CID3838_TCCATGCGTTCCTAGA",0.999992928237392,FALSE
"CID3838_TGTGATGCAACGTATC",0.9999952759417,FALSE
"CID3838_CTACCCAGTCCAATCA",0.987379146944436,FALSE
"CID3838_GATCATGGTACCGTCG",0.287218859628813,TRUE
"CID3838_TGGTAGTCAATTGCAC",0.161896045127083,TRUE
"CID3838_TACATTCGTCTAGATC",0.104319187637708,TRUE
"CID3838_ACAGAAAAGGGAGGCA",0.226968521359645,TRUE
"CID3838_AGAGAGCGTGGTTCTA",0.99981364827515,FALSE
"CID3838_ATGGGAGGTCCTGGTG",0.223914936797651,TRUE
"CID3838_GCACTAATCCCTATTA",0.206052478809839,TRUE
"CID3838_CTCAACCCATCCTAAG",0.0849827962128687,TRUE
"CID3838_AGGCTGCTCTAACACG",0.999997721721293,FALSE
"CID3838_CACTGAAGTGACGCCT",0.999998063788091,FALSE
"CID3838_CTCCCAAGTAGACACG",0.026793289121122,TRUE
"CID3838_CTGTATTTCCCGAGTG",0.265346510501001,TRUE
"CID3838_GGGCCATTCGGAGATG",0.718520345008428,TRUE
"CID3838_GTAACACGTGGGAGAG",0.205991194620438,TRUE
"CID3838_GTAATCGAGTCACTCA",0.879846165940782,FALSE
"CID3838_TCGCAGGGTGTGGACA",0.99506752717386,FALSE
"CID3838_AGTCACACACTGTGAT",0.068541756970072,TRUE
"CID3838_CACCAAATCAGACCCG",0.0494986253356264,TRUE
"CID3838_CTCATGCCAAATGAAC",0.0786666837858276,TRUE
"CID3838_GAGTCATCAAGCCATT",0.999862930032675,FALSE
"CID3838_GCCATTCTCACTCCGT",0.980361495157965,FALSE
"CID3838_GTGTCCTCAATCCTTT",0.999111709747457,FALSE
"CID3838_AGAACCTGTTTGGAAA",0.259703596089086,TRUE
"CID3838_AGCTCAATCGCACTCT",0.195115953935054,TRUE
"CID3838_AGTGCCGCAGAGATGC",0.861609884193983,FALSE
"CID3838_ATCCATTCATAATGAG",0.31551177154399,TRUE
"CID3838_ATCGGATTCCGTGGTG",0.36179082607156,TRUE
"CID3838_ATGAGTCCATTGTGCA",0.994466332583023,FALSE
"CID3838_ATGGATCTCGAGCCAC",0.174077236725175,TRUE
"CID3838_CTTCTCTCAAATGGTA",0.159068826823845,TRUE
"CID3838_GATCCCTGTTCGGTTA",0.995468586585621,FALSE
"CID3838_GTGGGAACAGACCAGA",0.817913278114816,FALSE
"CID3838_GTGGGAACATGTAACC",0.434452607505353,TRUE
"CID3838_GTGTGGCGTCTTGCTC",0.455956502616189,TRUE
"CID3838_TGATCAGCAAGTTCCA",0.976812375513722,FALSE
"CID3838_TTTACTGAGACGGTTG",0.149079241437964,TRUE
"CID3838_ACGATCAAGGCATCAG",0.999335530106424,FALSE
"CID3838_ACGTCCTTCATGGAGG",0.0724471570672695,TRUE
"CID3838_CAATGACAGGCAATGC",0.0733812874452823,TRUE
"CID3838_CCTGCATCACCCAATA",0.717222171543215,TRUE
"CID3838_CGGGTCAGTACATTGC",0.0320690056274964,TRUE
"CID3838_GCTACCTGTGCCCAGT",0.0708580578800604,TRUE
"CID3838_AAGTACCGTGTCATGT",0.0889095369007229,TRUE
"CID3838_AATGGCTTCATTCATC",0.363372380463079,TRUE
"CID3838_ACGTACACAAACGTGG",0.997590789174233,FALSE
"CID3838_CAATGACTCGGCCAAC",0.497573162534554,TRUE
"CID3838_CATCCGTTCGACCAAT",0.984343849913131,FALSE
"CID3838_TATCCTACACCAGCGT",0.453681304222496,TRUE
"CID3838_TGGGAGATCCAAGCAT",0.390101980203436,TRUE
"CID3838_TGTCAGATCCACCTCA",0.982498641709267,FALSE
"CID3838_TGTCCTGCACTGGCCA",0.0548896016884113,TRUE
"CID3838_TGTTCTACAAGATTGA",0.537448601202736,TRUE
"CID3838_AGTGTTGAGGTGCTAG",0.999933664176096,FALSE
"CID3838_TGACAGTGTAATTAGG",0.816310823907881,FALSE
"CID3838_CTGTACCCACGTCTCT",0.0648478142093757,TRUE
"CID3838_AACTTCTAGACTTCAC",0.0368234958917355,TRUE
"CID3838_AAGACAAAGTATCTGC",0.03745157781631,TRUE
"CID3838_ACCATTTCACAAGCAG",0.0470445842923729,TRUE
"CID3838_AGCGATTGTCGCTGCA",0.0523353468791826,TRUE
"CID3838_ATCGTCCTCTACAGGT",0.0291262142741697,TRUE
"CID3838_CCCTGATTCCTGTACC",0.0725979777171838,TRUE
"CID3838_CGAAGTTAGAGCAGCT",0.0355540839973214,TRUE
"CID3838_CTCGAGGTCTACACAG",0.0748361186075992,TRUE
"CID3838_GTCATTTTCGACCATA",0.0846883885704003,TRUE
"CID3838_TAATTCCCAGTTGAAA",0.036578864291937,TRUE
"CID3838_TCTACCGAGATGTAGT",0.0882332245836162,TRUE
"CID3838_TCTATACGTTGGGTTT",0.0679673889801674,TRUE
"CID3838_TGTGTGATCCATTCAT",0.0308764255279657,TRUE
"CID3838_TTCGCTGCAAGCACAG",0.0399677278032881,TRUE
"CID3838_GATTGGTAGAGGCCAT",0.0334495829150042,TRUE
"CID3838_CCACCATTCACTGGTA",0.0423654527954763,TRUE
"CID3838_CTGCAGGGTGTACAGG",0.0764094962876761,TRUE
"CID3838_CTGGCAGCAAGGCAAC",0.0296536291738684,TRUE
"CID3838_GGGTTATCAGGAGGAG",0.0506374769324063,TRUE
"CID3838_TGAGGGAGTCCAGTTA",0.0484206810180534,TRUE
"CID3838_ATCACTTGTATGTCCA",0.0700360008465923,TRUE
"CID3838_ATGGATCAGGTTAGTA",0.0291830419480487,TRUE
"CID3838_GCCAGGTCAATACGCT",0.033139847873903,TRUE
"CID3838_TATTTCGGTTTCGTAG",0.0565391561419854,TRUE
"CID3838_ACGGAAGGTACCAGAG",0.060213115277099,TRUE
"CID3838_ATTCGTTTCACTCACC",0.0374062584504971,TRUE
"CID3838_CCCATTGCATCCGGTG",0.0421825862595872,TRUE
"CID3838_CCGCAAGTCTCGGGAC",0.0361775930089712,TRUE
"CID3838_CGGTCAGGTCCACAGC",0.0457371574131406,TRUE
"CID3838_CGTCAAAGTCCAGCGT",0.0313266920344178,TRUE
"CID3838_TGCTCCAGTATTTCTC",0.0404150630483712,TRUE
"CID3838_CAGTTCCGTATCTTCT",0.0560660086712032,TRUE
"CID3838_CTCTCGACAATCAGCT",0.0530085334033775,TRUE
"CID3838_GAAACCTAGATGTAGT",0.0632179991419614,TRUE
"CID3838_GAAGCCCGTGACCTGC",0.0361512569577623,TRUE
"CID3838_GATTTCTTCATTGTTC",0.0378934181454368,TRUE
"CID3838_GGATCTATCCTAACAG",0.0585277909631927,TRUE
"CID3838_GGGAGTAGTTCAAACC",0.0404597067827667,TRUE
"CID3838_TCATCATGTCGATTCA",0.0323349020198211,TRUE
"CID3838_TTCCAATAGCACGTCC",0.0408488181448509,TRUE
"CID3838_TTCTAGTAGTTGGGAC",0.0411881550586846,TRUE
"CID3838_ACATCGAGTATTTCGG",0.0655651654289258,TRUE
"CID3838_CGGACACCACCTGATA",0.0726465098630404,TRUE
"CID3838_GAACTGTCAACGAGGT",0.0920844455941447,TRUE
"CID3838_GTAGGTTCAAGGACAC",0.0632912685511657,TRUE
"CID3838_TGGTACATCGCTAATG",0.0932778984920623,TRUE
"CID3838_TGTTCATTCTAGTTCT",0.127697230721411,TRUE
"CID3838_GTCCACTCAAGCGCAA",0.664771669791606,TRUE
"CID3838_GTGTCCTTCACGGGCT",0.0324641005612423,TRUE
"CID3838_TGAATGCTCCGAGAAG",0.0265166033839674,TRUE
"CID3838_GTGGAAGTCGAAGAAT",0.357638574552088,TRUE
"CID3838_AAGGTAAAGAGAGCAA",0.108130129063241,TRUE
"CID3838_AGCGATTCAGGAGACT",0.0624587359144236,TRUE
"CID3838_CCTCCAAGTGCCCACA",0.0713179565538635,TRUE
"CID3838_CGGGTGTGTCCCGTGA",0.774173113109599,FALSE
"CID3838_CTCAAGAAGGTGATAT",0.0392447905610756,TRUE
"CID3838_CTCATTACATAAGCGG",0.444424492406055,TRUE
"CID3838_CTCTCGAGTGGAAATT",0.0408905472002982,TRUE
"CID3838_GCAGGCTTCTCCTGAC",0.072015883734055,TRUE
"CID3838_GGGATGATCCGAGCTG",0.0779794275683149,TRUE
"CID3838_GGGCTCACACACAGAG",0.130343341103142,TRUE
"CID3838_GTATTGGTCCTCTGCA",0.172318168048318,TRUE
"CID3838_GTTATGGTCGATCCAA",0.280429232146567,TRUE
"CID3838_TACCTCGAGCGTGTCC",0.0728009437810808,TRUE
"CID3838_TATTTCGGTAGATTAG",0.0900155270682589,TRUE
"CID3838_TCACACCGTGCAGATG",0.140418862028632,TRUE
"CID3838_TCCACCAGTGCCTAAT",0.044315566799969,TRUE
"CID3838_TTAGGGTGTTTGGAAA",0.0682438574335888,TRUE
"CID3838_TTCCAATCAACCAACT",0.143875288849401,TRUE
"CID3838_AGGATCTGTAGAATGT",0.182808129592224,TRUE
"CID3838_CCGATGGAGGTAAACT",0.667725361999112,TRUE
"CID3838_CTCAAGACATGCCATA",0.149290985420569,TRUE
"CID3838_CTGAGGCGTCTACATG",0.999969424297831,FALSE
"CID3838_TCAGTGAGTGTCCATA",0.0708418653623207,TRUE
"CID3838_ATTACCTAGGATTTAG",0.235389618572611,TRUE
"CID3838_GTGTTAGTCGGACTGC",0.0536618301030721,TRUE
"CID3838_AGGTCTAAGCACTCTA",0.140308349285578,TRUE
"CID3838_GGTGAAGCAGTATACC",0.225039637578006,TRUE
"CID3838_AATAGAGCAATAACCC",0.468089080078981,TRUE
"CID3838_AGAAGTACACCTAAAC",0.503419765005878,TRUE
"CID3838_AGGGAGTCATAGCACT",0.139447535544121,TRUE
"CID3838_AGGTGTTAGATAGTGT",0.159840896547567,TRUE
"CID3838_AGTTCCCAGCTATCTG",0.834770317830755,FALSE
"CID3838_CAAAGAACAGCACCCA",0.124717650431094,TRUE
"CID3838_CACAACACAACGTATC",0.232923725133898,TRUE
"CID3838_CTCTCGACAAGCTGTT",0.906728917063049,FALSE
"CID3838_GCCGTGATCCTTATGT",0.0919065734923379,TRUE
"CID3838_TACCCACTCAGGACGA",0.808548337539559,FALSE
"CID3838_TCCTTTCCACCAGCGT",0.110414238180522,TRUE
"CID3838_TCTTCCTCATGGTACT",0.257854106811668,TRUE
"CID3838_TGAATCGTCTAACGCA",0.103836273708736,TRUE
"CID3838_TGGGAGAAGTCAGCGA",0.0742822422115913,TRUE
"CID3838_AGTTAGCAGCGGTATG",0.127137185805325,TRUE
"CID3838_ATCTCTAGTCGGAACA",0.0422927074813314,TRUE
"CID3838_CCAAGCGAGGTCACAG",0.0410077013788106,TRUE
"CID3838_CCCTGATTCGAGATAA",0.684627308306856,TRUE
"CID3838_CGGAACCAGTTTGAGA",0.956038955617387,FALSE
"CID3838_GAGGCAATCCTTTGAT",0.165618129608639,TRUE
"CID3838_GCATTAGGTTCTTAGG",0.702496380340867,TRUE
"CID3838_TCCAGAAAGCTACGTT",0.357075208936213,TRUE
"CID3838_TTGGGATCAGACCAAG",0.0515438646113465,TRUE
"CID3838_TTTCGATAGGCCTTCG",0.125154551655804,TRUE
"CID3838_AAAGTCCAGTCTTGGT",0.688654039545848,TRUE
"CID3838_AACTTCTCAGCTCGGT",0.0502930853895193,TRUE
"CID3838_AGAAGTAGTGACAGGT",0.407697795864954,TRUE
"CID3838_AGACCATGTGTGGACA",0.14081460873164,TRUE
"CID3838_AGGTGTTTCCATTCAT",0.366689073113356,TRUE
"CID3838_AGTCACAAGCTCACTA",0.0556306041021508,TRUE
"CID3838_AGTTCGAGTGGTGATG",0.980755650068151,FALSE
"CID3838_ATCATTCTCAGCGGAA",0.0641034393396791,TRUE
"CID3838_ATGGTTGGTAGTCTTG",0.0723436309929955,TRUE
"CID3838_ATGTCTTTCGTGCAGC",0.0644878582081114,TRUE
"CID3838_ATTACTCTCGTCCTTG",0.395359038402465,TRUE
"CID3838_ATTATCCTCAACTGGT",0.999491674648397,FALSE
"CID3838_ATTCACTTCGAAGCCC",0.798633085446739,FALSE
"CID3838_CAAAGAACAGCGACCT",0.206434256309587,TRUE
"CID3838_CACTGAAAGTCCTACA",0.0992382655104739,TRUE
"CID3838_CAGTTAGTCGCAATGT",0.843113765779383,FALSE
"CID3838_CCACGTTCAGCGGTTC",0.103501078769473,TRUE
"CID3838_CCCATTGGTCATCCGG",0.716504718963002,TRUE
"CID3838_CCGAACGTCGACACCG",0.149826523933223,TRUE
"CID3838_CCTTTGGTCCCTCTTT",0.317157040198484,TRUE
"CID3838_CGCGTGAAGTCATAGA",0.870336454801642,FALSE
"CID3838_CGTTAGAAGTCACACT",0.364113124403866,TRUE
"CID3838_CGTTGGGTCGGATTAC",0.14594054033076,TRUE
"CID3838_CTCTCAGGTATGTGTC",0.0770680760073309,TRUE
"CID3838_CTTCCGATCCCAGTGG",0.142988318931469,TRUE
"CID3838_CTTCTAACAGTATTCG",0.0621624147555189,TRUE
"CID3838_CTTCTCTGTACAGGTG",0.614679668221393,TRUE
"CID3838_GAAGGGTCACGATAGG",0.965664023322329,FALSE
"CID3838_GACCGTGTCCGAGATT",0.166414182327111,TRUE
"CID3838_GACCGTGTCTTGTTAC",0.206333190270466,TRUE
"CID3838_GATAGAAGTTCTCACC",0.0478970533431591,TRUE
"CID3838_GATGATCTCTTGATTC",0.05589112158339,TRUE
"CID3838_GCCATGGGTCCAACGC",0.999765849595704,FALSE
"CID3838_GGGATGATCATGGGAG",0.555653480208283,TRUE
"CID3838_GTCATCCCATTAGGCT",0.942636263927721,FALSE
"CID3838_TACCGAATCGCCACTT",0.0884464880060058,TRUE
"CID3838_TATTGGGAGGCACTAG",0.56303475649589,TRUE
"CID3838_TCACATTGTGTATCCA",0.999996508685333,FALSE
"CID3838_TCATGTTTCACCTCTG",0.999940840233406,FALSE
"CID3838_TCCAGAAGTCACTGAT",0.25698708093207,TRUE
"CID3838_TCCCAGTCAAGGTCTT",0.0614558178947447,TRUE
"CID3838_TCCTCTTCACGGTGCT",0.0534449216511071,TRUE
"CID3838_TCTCAGCTCAATCTTC",0.0881317223718604,TRUE
"CID3838_TGACAGTCATCCAATG",0.146911537707851,TRUE
"CID3838_TGCGGCATCCATACAG",0.0755710012932199,TRUE
"CID3838_TGGTTAGAGCCACTCG",0.0584867204650668,TRUE
"CID3838_TGTCAGACAACCGCCA",0.67104320755378,TRUE
"CID3838_TTAATCCTCACTGCTC",0.171656735326619,TRUE
"CID3838_TTCCTAATCATTCACT",0.0604045271584721,TRUE
"CID3838_TTGCTGCGTAATGCGG",0.656260983678584,TRUE
"CID3838_TTGTTGTTCGAGCCAC",0.0761617115478111,TRUE
"CID3838_TTTAGTCTCTGGACCG",0.429277692004926,TRUE
"CID3838_CTGCATCTCGTACCTC",0.217904339932728,TRUE
"CID3838_GGTAATCTCCTTTGAT",0.0721193689234291,TRUE
"CID3838_CAATTTCTCATGTCTT",0.0753294305751911,TRUE
"CID3838_TCGCTCAAGGGTAGCT",0.9787598570542,FALSE
"CID3838_TTATTGCTCAAGCCAT",0.999887753562155,FALSE
"CID3838_ATCGGATAGCCAGTAG",0.991596150135545,FALSE
"CID3838_CATGCAATCGCGTAGC",0.102547907008604,TRUE
"CID3838_CGAATTGCATTGGCAT",0.321905444279979,TRUE
"CID3838_GCATTAGCACGTAGTT",0.051080612836019,TRUE
"CID3838_TTGCGTCCACGAGGAT",0.979252206709585,FALSE
"CID3838_CAGTTAGGTGCGTGCT",0.0562286463356463,TRUE
"CID3838_CTGTATTGTACTGCCG",0.10661707169138,TRUE
"CID3838_TGCAGATGTTGCTCAA",0.123356410422265,TRUE
"CID3838_GAAACCTTCTCGTGGG",0.882888536835664,FALSE
"CID3838_TCCGATCAGGCTTAGG",0.111468091633786,TRUE
"CID3838_GACGTTATCTCGAGTA",0.0382778192786199,TRUE
"CID3838_TCAGCCTGTAGTAAGT",0.937640792509478,FALSE
"CID3838_TATACCTAGGCCATAG",0.792083601414243,FALSE
"CID3838_AAACGAACACCTGTCT",0.111461334675027,TRUE
"CID3838_AACAGGGGTGCCGTTG",0.154038772072635,TRUE
"CID3838_AGCGATTGTGGGCTCT",0.479772308175311,TRUE
"CID3838_AGCTCAAGTTGAAGTA",0.0748913691357151,TRUE
"CID3838_ATTCCTAAGTTGCCTA",0.0757865708060908,TRUE
"CID3838_CCTTCAGCATAGCACT",0.895175829480123,FALSE
"CID3838_CTCAGTCAGAGTCAGC",0.208333399839241,TRUE
"CID3838_CTCAGTCCATCTAGAC",0.0460849316392466,TRUE
"CID3838_CTCATGCTCGTGCACG",0.0511715419091007,TRUE
"CID3838_GAGTTGTCACGGTCTG",0.929271422796744,FALSE
"CID3838_GGAGGTACAAATCCCA",0.102017396421847,TRUE
"CID3838_GTCATGACACTAGAGG",0.117499252933897,TRUE
"CID3838_GTCGAATAGATGGTAT",0.813104983404559,FALSE
"CID3838_GTGTTAGGTATCATGC",0.128260596177022,TRUE
"CID3838_TACCTGCAGCGTCTGC",0.369907331386393,TRUE
"CID3838_TTAGTCTGTTCCACGG",0.31325256359684,TRUE
"CID3838_TTCAATCTCGCGCCAA",0.293629143295,TRUE
"CID3838_TTTGATCCACCGTCGA",0.121757992604605,TRUE
"CID3838_GGTCTGGTCACCATAG",0.258829926629034,TRUE
"CID3838_TCGCTCATCAAAGCCT",0.122684976353584,TRUE
"CID3838_TTGCATTGTCCTGGTG",0.0677957054194105,TRUE
"CID3838_ATGGGAGTCATAGACC",0.0425401972381915,TRUE
"CID3838_CTGAATGTCACTGTTT",0.0523980653452384,TRUE
"CID3838_GGGACTCAGGTACAAT",0.238969736254716,TRUE
"CID3838_CTCAACCGTATGATCC",0.0761809226280109,TRUE
"CID3838_GCGAGAAGTGATGAAT",0.0391677064305928,TRUE
"CID3838_GAACTGTTCCACGGAC",0.0694765269843271,TRUE
"CID3838_ATTCCCGGTAATACCC",0.118197952239263,TRUE
"CID3838_CCATAAGAGGTCACCC",0.072771361117851,TRUE
"CID3838_TACAGGTCAGAGGTAC",0.0639869295694741,TRUE
"CID3838_TCCATCGAGTGGATAT",0.779996039666828,FALSE
"CID3838_AACTTCTCAGGACGAT",0.0525542290815057,TRUE
"CID3838_AATGACCGTCAAGTTC",0.0690931526843333,TRUE
"CID3838_ACACAGTGTGGCGTAA",0.186640464169764,TRUE
"CID3838_ACAGCCGCAGGCTATT",0.114340810024465,TRUE
"CID3838_ACCCTCATCGTTCTCG",0.0567225360588006,TRUE
"CID3838_ACGCACGCACGGTCTG",0.0507290578998804,TRUE
"CID3838_ACGGTCGTCCGAGGCT",0.326134436902579,TRUE
"CID3838_ACTATTCAGGGAGGCA",0.277408979025509,TRUE
"CID3838_ACTTATCGTTAACCTG",0.727489808295554,TRUE
"CID3838_AGAGCCCAGGAACATT",0.089892051250165,TRUE
"CID3838_AGATGAATCAGTGTGT",0.0700982088910953,TRUE
"CID3838_AGCGCCAGTGGTCTTA",0.0772772104186038,TRUE
"CID3838_AGGGCTCTCCTCCACA",0.194942056112424,TRUE
"CID3838_AGTAACCGTACGATCT",0.749739026837479,TRUE
"CID3838_AGTAGCTAGGTACATA",0.513849180294876,TRUE
"CID3838_AGTGTTGAGATGTTAG",0.055097810421554,TRUE
"CID3838_AGTTCGAAGGTTAGTA",0.0563892742080323,TRUE
"CID3838_AGTTCGAAGTTAGAAC",0.130402336045945,TRUE
"CID3838_ATAGGCTTCAAAGAAC",0.261167592713383,TRUE
"CID3838_ATCCATTAGAGTACCG",0.191994260893149,TRUE
"CID3838_ATCGGATTCTTCCCGA",0.124056250521082,TRUE
"CID3838_ATGATCGAGTGTTCCA",0.0427884261692359,TRUE
"CID3838_ATGGGTTCAGAGTCTT",0.0693918532754008,TRUE
"CID3838_CAATACGAGCTTCGTA",0.0568070206440094,TRUE
"CID3838_CAATACGAGTCACGAG",0.23245634954842,TRUE
"CID3838_CAGATCACACTATGTG",0.055231890918867,TRUE
"CID3838_CAGCACGTCACTACGA",0.208131910052231,TRUE
"CID3838_CCCTCTCGTTCTTAGG",0.67826304011085,TRUE
"CID3838_CCTACGTAGATGTAGT",0.455587787169513,TRUE
"CID3838_CGACAGCGTCACTCTC",0.0775891052220711,TRUE
"CID3838_CTGGTCTCATACCACA",0.342340573099535,TRUE
"CID3838_CTGTAGAGTGATTAGA",0.156884545883375,TRUE
"CID3838_GACTATGCAAGTATAG",0.91910662560216,FALSE
"CID3838_GATGAGGTCTTGGGCG",0.0582412213067838,TRUE
"CID3838_GCCGTGACACCATTCC",0.051609338021162,TRUE
"CID3838_GGGTCACAGTCAAGCG",0.999927990773062,FALSE
"CID3838_GGTCTGGGTGTATCCA",0.165476820692524,TRUE
"CID3838_GTATTTCAGGAACTAT",0.102044888948718,TRUE
"CID3838_GTGAGTTAGAATCGCG",0.792870294623248,FALSE
"CID3838_GTGGAGATCACGTCCT",0.0587809276986467,TRUE
"CID3838_GTTCGCTGTGTGTGGA",0.0957947330881191,TRUE
"CID3838_GTTTACTTCTCGGTAA",0.137905716130053,TRUE
"CID3838_TACAGGTTCAAGGAGC",0.0629714516716006,TRUE
"CID3838_TAGATCGAGATGATTG",0.153108630260301,TRUE
"CID3838_TAGGAGGTCCTCACTG",0.328575376707921,TRUE
"CID3838_TATTGGGAGAGCCCAA",0.0397692624678014,TRUE
"CID3838_TCACAAGGTACAGTAA",0.0727908301711565,TRUE
"CID3838_TCACGCTAGCTGACTT",0.172936995974302,TRUE
"CID3838_TCATGTTCAAGAATAC",0.0593642433590405,TRUE
"CID3838_TCCGGGACAGATAAAC",0.229767261594273,TRUE
"CID3838_TCCTGCAAGTGCTAGG",0.0492665395207331,TRUE
"CID3838_TCGAACAAGTAGCAAT",0.0492971827432784,TRUE
"CID3838_TCTTTGATCGCTTGCT",0.200038298636474,TRUE
"CID3838_TGACTCCGTAACACGG",0.0717106436152895,TRUE
"CID3838_TGAGGTTCAAGGAGTC",0.043995878162947,TRUE
"CID3838_TGCGACGCAACGATTC",0.801240617534048,FALSE
"CID3838_TGCTTCGAGTTAGAAC",0.0786971471574056,TRUE
"CID3838_TGTACAGGTATATGGA",0.962610715654335,FALSE
"CID3838_TGTGAGTAGCTTCGTA",0.117563875477713,TRUE
"CID3838_TGTTCCGAGATGGCAC",0.153214309994666,TRUE
"CID3838_TGTTCCGGTCGATTCA",0.352637984335569,TRUE
"CID3838_TTCTCTCGTGAGTTTC",0.0502753722771739,TRUE
"CID3838_TTGGGTAAGTCGCGAA",0.0414939029965862,TRUE
"CID3838_TTTACCATCTGCCCTA",0.414614825826568,TRUE
"CID3838_TTTAGTCCATGTGGTT",0.123001725890258,TRUE
"CID3838_TTTGACTAGCCATTTG",0.536508885348976,TRUE
"CID3838_AGGAGGTAGGTGCTGA",0.0469737786684823,TRUE
"CID3838_ACCCTTGGTGACTAAA",0.0417426511853414,TRUE
"CID3838_ATTGTTCGTCTTGAGT",0.709424600126966,TRUE
"CID3838_GATTCTTGTCTCAAGT",0.98505735527293,FALSE
"CID3838_TTTGATCTCCATTGCC",0.0873073398664387,TRUE
"CID3838_CATGCGGGTCCACTCT",0.0517764186857678,TRUE
"CID3838_AAGTGAATCGCAAGAG",0.438549138682291,TRUE
"CID3838_AATGCCACACACGCCA",0.0718829208821357,TRUE
"CID3838_ACGGAAGCATCCTCAC",0.0855081817615355,TRUE
"CID3838_ACTTAGGGTATCACCA",0.112686104794388,TRUE
"CID3838_AGAAATGCACCGGCTA",0.0527519975734029,TRUE
"CID3838_AGCTTCCTCCATCGTC",0.0959574400973375,TRUE
"CID3838_AGGCTGCTCGAGTACT",0.0489779139123444,TRUE
"CID3838_AGGGCTCAGCCTCGTG",0.120936742764951,TRUE
"CID3838_AGGTCATGTCACTCTC",0.0778898076051955,TRUE
"CID3838_AGTCATGGTGTGGTCC",0.107649238185467,TRUE
"CID3838_ATACCGAGTAGGGAGG",0.096200176087513,TRUE
"CID3838_ATTTCACCACAGTACT",0.126550044844185,TRUE
"CID3838_CAAGACTCACCAGACC",0.113866326401249,TRUE
"CID3838_CAAGCTATCCCGAATA",0.0419405444740487,TRUE
"CID3838_CAATGACCAGAAGCTG",0.0597389101340048,TRUE
"CID3838_CACGTGGAGTCATACC",0.274467107525774,TRUE
"CID3838_CCACAAAGTAGATTAG",0.0535983738456815,TRUE
"CID3838_CCACTTGTCCCGAGTG",0.244416340957851,TRUE
"CID3838_CCGATGGCACACAGAG",0.0902471632611942,TRUE
"CID3838_CCGGACAGTTGCATCA",0.254938914195,TRUE
"CID3838_CGATGCGGTGAGACCA",0.614500366241031,TRUE
"CID3838_CGTGAATAGTACTGTC",0.996915714742204,FALSE
"CID3838_CGTTCTGCATTGACAC",0.941721727596163,FALSE
"CID3838_CTCAATTCAATTGCGT",0.152845994127473,TRUE
"CID3838_CTCCGATAGACAACTA",0.20356933772626,TRUE
"CID3838_CTGCCTAAGTAAAGCT",0.262740196776039,TRUE
"CID3838_GACTCAAGTCGAAGCA",0.107523651729702,TRUE
"CID3838_GAGTTGTGTCACCGCA",0.187497673253928,TRUE
"CID3838_GATAGCTCACAGTCAT",0.0759013975960811,TRUE
"CID3838_GATGACTTCCTGCTAC",0.0945365395155832,TRUE
"CID3838_GCATTAGCATGACTCA",0.0828667167811273,TRUE
"CID3838_GCTCAAAGTCCAACGC",0.6077077783545,TRUE
"CID3838_GGCTTTCAGTCGGCAA",0.0940552332684863,TRUE
"CID3838_GGGACCTCAGTCGCAC",0.0393834779970525,TRUE
"CID3838_GGGAGATTCGGCTGGT",0.172047574810731,TRUE
"CID3838_GTACAACAGCAGATAT",0.0530798905551942,TRUE
"CID3838_GTACAGTTCCATTTCA",0.0937177628709769,TRUE
"CID3838_GTCAAACAGGACTGGT",0.108323164416198,TRUE
"CID3838_GTCACGGAGCAGGCAT",0.0891439069747357,TRUE
"CID3838_GTCAGCGCATTCCTCG",0.130030146021269,TRUE
"CID3838_GTGCAGCCACCCTTGT",0.323407591599824,TRUE
"CID3838_GTGGGAATCCGCAGTG",0.0869029955388948,TRUE
"CID3838_GTGTCCTGTTGCTCAA",0.109563796812971,TRUE
"CID3838_TACCTGCAGGGTACAC",0.148814222582438,TRUE
"CID3838_TAGTGCATCTCATTTG",0.711690424377786,TRUE
"CID3838_TATTTCGGTACCCAGC",0.054615123853251,TRUE
"CID3838_TCAGTCCCATACTGTG",0.0444850851696733,TRUE
"CID3838_TCTTGCGAGAGGCGGA",0.726220125999697,TRUE
"CID3838_TCTTTGATCCGTGTCT",0.993538764077843,FALSE
"CID3838_TGATTTCCAGGACGAT",0.989571434827554,FALSE
"CID3838_TGTGCGGTCGCATTAG",0.0549203522419374,TRUE
"CID3838_TGTTACTCAGTCGAGA",0.815537070093758,FALSE
"CID3838_TTAATCCAGAAACTAC",0.273618171008166,TRUE
"CID3838_TTACAGGAGACGGAAA",0.141570643151011,TRUE
"CID3838_TTCATGTTCCAAGGGA",0.118100990332359,TRUE
"CID3838_CATTTCACACGCTGCA",0.168587639128432,TRUE
"CID3838_CTAAGTGTCATGCGGC",0.203196093436346,TRUE
"CID3838_GAGGCCTTCTTCCCGA",0.206114821539814,TRUE
"CID3838_GGTCACGGTATGCGTT",0.202486819408503,TRUE
"CID3838_CATGCGGCAGGTACGA",0.895229905756023,FALSE
"CID3838_GGTGTCGGTATCCCAA",0.999878145676248,FALSE
"CID3838_CTTGATTTCCTCTAAT",0.0709499947950306,TRUE
"CID3838_GGCGTCACATGGACAG",0.857125749179897,FALSE
"CID3838_TCCGTGTTCTATCCAT",0.885220276037352,FALSE
"CID3838_CACCGTTTCTCGCTTG",0.0384541039331677,TRUE
"CID3838_TTTATGCGTGTGTGGA",0.0494304461490642,TRUE
"CID3838_AAGATAGCACGCGTGT",0.915334137810221,FALSE
"CID3838_AAGCGAGGTAATCAAG",0.196975088439551,TRUE
"CID3838_AAGCGAGTCTAGAACC",0.491954675321715,TRUE
"CID3838_AGGATCTGTATTGACC",0.108426628627065,TRUE
"CID3838_AGGGTTTTCAGGACAG",0.275066828009221,TRUE
"CID3838_ATAGACCCAAGACGGT",0.617516643556214,TRUE
"CID3838_ATGGGAGGTTAAGAAC",0.530888892356421,TRUE
"CID3838_ATTCCATTCAATCCGA",0.0770837565834197,TRUE
"CID3838_CACTGTCCAGCCCACA",0.0590731233998122,TRUE
"CID3838_CTGGACGAGACTTCCA",0.0495597747951244,TRUE
"CID3838_GAACTGTCAAGAATGT",0.117795847977353,TRUE
"CID3838_TCAGCAAGTCTTCTAT",0.670827364630859,TRUE
"CID3838_TCATACTTCCCATACC",0.0901272343640545,TRUE
"CID3838_TCGGGCAAGGAGTCTG",0.0423733287089875,TRUE
"CID3838_TGGTAGTAGTCTTGGT",0.155096991223677,TRUE
"CID3838_TGTGAGTTCTTGAACG",0.0547932789379611,TRUE
"CID3838_TTGCATTAGCATGATA",0.0488961475845392,TRUE
"CID3838_TTGCCTGCAGGTGAGT",0.169022335488374,TRUE
"CID3838_TTGGGTAAGCCAGACA",0.0486089633360571,TRUE
"CID3838_TTGTTTGTCACCTGGG",0.338885535871137,TRUE
"CID3838_AAGTCGTTCCACATAG",0.876059080976804,FALSE
"CID3838_ACTTCCGAGGAAACGA",0.0805010899005625,TRUE
"CID3838_AGCCAATCAAGCTCTA",0.138769612679294,TRUE
"CID3838_AGGCCACCAGAATGTA",0.166264771536724,TRUE
"CID3838_AGGTCTACAGTACTAC",0.564616198237051,TRUE
"CID3838_AGTGACTTCTAGTTCT",0.0895259520099225,TRUE
"CID3838_ATCTTCAGTGTGACCC",0.543682460458442,TRUE
"CID3838_ATGGAGGAGAGAACCC",0.225252467117274,TRUE
"CID3838_ATGGAGGTCCAACCGG",0.0653999838974593,TRUE
"CID3838_ATGGGTTTCCGAGATT",0.0661937131698771,TRUE
"CID3838_ATGGTTGAGAGATTCA",0.24378323431106,TRUE
"CID3838_CAAGGGAAGTCTCGTA",0.566922323594138,TRUE
"CID3838_CAGATTGTCGTGGGTC",0.214224365902634,TRUE
"CID3838_CATACAGCAGGCGTTC",0.075850912477688,TRUE
"CID3838_CATTCATTCCAAGCTA",0.661034881000906,TRUE
"CID3838_CATTGCCTCAGAGTTC",0.178037416120647,TRUE
"CID3838_CCGGTGAGTAATGTGA",0.950117088754558,FALSE
"CID3838_CGAAGGATCTTCGTGC",0.219522179595236,TRUE
"CID3838_CGACAGCAGTACCATC",0.999999658453333,FALSE
"CID3838_CGACAGCCATTAAGCC",0.968496398206304,FALSE
"CID3838_CTACATTTCATCCCGT",0.0830731960872357,TRUE
"CID3838_CTATCCGGTGTGGACA",0.597676640833492,TRUE
"CID3838_CTCAAGAAGTATGGAT",0.300949957070163,TRUE
"CID3838_CTCTCAGGTGAGGCAT",0.580748629058892,TRUE
"CID3838_CTGCAGGGTACTTGTG",0.507527573575787,TRUE
"CID3838_CTTAGGAAGGTTACCT",0.101158293423001,TRUE
"CID3838_GAATCGTGTCTTCTAT",0.197382103728629,TRUE
"CID3838_GACCGTGGTGATCGTT",0.81226086982311,FALSE
"CID3838_GAGTCTAGTCAAGTTC",0.119461176466753,TRUE
"CID3838_GCACGTGAGAGTTGCG",0.602184236132354,TRUE
"CID3838_GCCAACGCAGCTCTGG",0.631461333470286,TRUE
"CID3838_GCTGCAGAGAGCAGCT",0.173148614283295,TRUE
"CID3838_GGTGATTTCACTCACC",0.235099711117895,TRUE
"CID3838_GTACAACAGTAAACGT",0.849879018284998,FALSE
"CID3838_GTCTCACCATGAAAGT",0.0903741921897104,TRUE
"CID3838_GTGGGAAAGAGCCATG",0.339976477273329,TRUE
"CID3838_GTGGGAAAGAGTCTTC",0.394665201793824,TRUE
"CID3838_TACCGAAAGTAGGTTA",0.95633900508803,FALSE
"CID3838_TACTTCAGTAACAGTA",0.344441155170673,TRUE
"CID3838_TAGTGCAGTATCAAGA",0.965826864716481,FALSE
"CID3838_TAGTGCATCGTAACAC",0.101262055208761,TRUE
"CID3838_TCACATTCATGACGGA",0.363451312004118,TRUE
"CID3838_TCAGTTTGTGCCGTAC",0.951890427644026,FALSE
"CID3838_TCATTGTCATAAGATG",0.986816981654985,FALSE
"CID3838_TCCACGTGTCACGTGC",0.183403443338975,TRUE
"CID3838_TGAGGTTGTCGGTACC",0.221254416410781,TRUE
"CID3838_TGCTGAATCGCAGAGA",0.999991521462411,FALSE
"CID3838_TGGAGAGTCGAGCCAC",0.53533602296462,TRUE
"CID3838_TGGGATTTCCCGAGTG",0.107836202694423,TRUE
"CID3838_TGTGATGAGGTCGTAG",0.0971885437085782,TRUE
"CID3838_TTATTGCTCACTTCTA",0.951387757888138,FALSE
"CID3838_TTCCACGAGAGACAAG",0.275549137348365,TRUE
"CID3838_TTCTCTCCATTATGCG",0.220435405936239,TRUE
"CID3838_TTGAACGGTGTAACGG",0.650753279722805,TRUE
"CID3838_TTGCCTGAGCAGCGAT",0.911109922488625,FALSE
"CID3838_CGAAGTTCACAGAGAC",0.0482516861728899,TRUE
"CID3838_TGTGAGTGTGAATTAG",0.0975933374928054,TRUE
"CID3838_CCTGCATCACAACGCC",0.0592066984021148,TRUE
"CID3838_AAGACAACATTATGCG",0.0559679749919341,TRUE
"CID3838_GAAGTAAGTAGTGGCA",0.0369710935803157,TRUE
"CID3838_GCATGATTCCGATAAC",0.0963212864217761,TRUE
"CID3838_TCGCAGGGTTGGGATG",0.0438982865656388,TRUE
"CID3838_TTCAATCTCAGACAAA",0.0952581567715341,TRUE
"CID3838_GAGACTTAGAGTGAAG",0.0790898276296566,TRUE
"CID3838_GGCAGTCAGTATAGAC",0.381371224289498,TRUE
"CID3838_AACAACCGTTTCGACA",0.0679255863086501,TRUE
"CID3838_AACCCAAAGCGAGTCA",0.98812150662164,FALSE
"CID3838_AAGCGAGTCAAGCCCG",0.043281871044931,TRUE
"CID3838_AAGTGAAGTCACTACA",0.404387200883753,TRUE
"CID3838_AATGACCAGTAACAGT",0.259401819162682,TRUE
"CID3838_AATTTCCGTCTTTATC",0.530611163271125,TRUE
"CID3838_ACCTACCAGTCGCTAT",0.0681508503386974,TRUE
"CID3838_ACGTACAAGGTAGCAC",0.0835984330310532,TRUE
"CID3838_ACTCCCAGTATACCCA",0.0901061584430553,TRUE
"CID3838_ACTGTGATCGACATCA",0.314313969784845,TRUE
"CID3838_ACTTTGTGTCCTATAG",0.0387473983017489,TRUE
"CID3838_AGAACAACACAGCCAC",0.122939626517393,TRUE
"CID3838_AGACACTCAGACGCTC",0.509367733340193,TRUE
"CID3838_AGACCCGCATGACTGT",0.0924762001605981,TRUE
"CID3838_AGAGCCCCACACACGC",0.0670274903550018,TRUE
"CID3838_AGCCAATGTATGGTTC",0.064772285934636,TRUE
"CID3838_AGCCACGTCACCTCGT",0.210520779956284,TRUE
"CID3838_AGCTTCCAGGGAGGTG",0.501624199562809,TRUE
"CID3838_AGGACTTTCCTCCACA",0.13437253184442,TRUE
"CID3838_AGGCATTGTTACCCAA",0.172221210698677,TRUE
"CID3838_AGGTAGGAGGTCCAGA",0.0666297033738863,TRUE
"CID3838_AGGTCTATCCTGGCTT",0.202647017151109,TRUE
"CID3838_AGGTGTTGTCATAGTC",0.0738239012093465,TRUE
"CID3838_AGTACCATCCTTCAGC",0.0725432643620365,TRUE
"CID3838_ATACTTCGTGATACCT",0.217532494129498,TRUE
"CID3838_ATCAGGTAGGGTCACA",0.0888164296511476,TRUE
"CID3838_ATCATTCTCTAGATCG",0.0733643039755038,TRUE
"CID3838_ATCCATTCACAAAGCG",0.057060672940552,TRUE
"CID3838_ATCCGTCGTACTGAGG",0.9856845822884,FALSE
"CID3838_ATCGTGATCAGTAGGG",0.0467734847921147,TRUE
"CID3838_ATGGGTTGTGAGCCAA",0.697106480602848,TRUE
"CID3838_ATTCTACGTGACGCCT",0.146007980835028,TRUE
"CID3838_ATTCTACTCAAAGGAT",0.0787224660067863,TRUE
"CID3838_CAACAGTCAAGAGGTC",0.305375640372697,TRUE
"CID3838_CAAGACTAGACTTGTC",0.153539226750951,TRUE
"CID3838_CAGGCCAAGTGCTAGG",0.734545489293957,TRUE
"CID3838_CATCCCAGTTCTCGTC",0.0689722946015141,TRUE
"CID3838_CATGCAAAGTCATCCA",0.117213285353595,TRUE
"CID3838_CATGCCTAGATGCCGA",0.31141497511888,TRUE
"CID3838_CATGCTCCATAGAAAC",0.0971647696258124,TRUE
"CID3838_CCCTCAAAGAGGTCGT",0.921674110517427,FALSE
"CID3838_CCCTCAAAGATCGGTG",0.140706685690204,TRUE
"CID3838_CCGGGTATCACCTTAT",0.1548849873071,TRUE
"CID3838_CCGGTGAAGGTCACTT",0.0769388343648778,TRUE
"CID3838_CCGTGAGTCCCGAACG",0.191061235016596,TRUE
"CID3838_CCTAAGATCCGATGCG",0.989944781895281,FALSE
"CID3838_CCTATCGCAGAGTGTG",0.0663551922322835,TRUE
"CID3838_CCTCATGAGTCTTGGT",0.0781014193731986,TRUE
"CID3838_CCTTCAGAGTCTTCCC",0.103345550822298,TRUE
"CID3838_CGAAGGAAGAATAACC",0.0731558450792725,TRUE
"CID3838_CGAGTGCTCGAAATCC",0.0622838111034417,TRUE
"CID3838_CGCCAGAAGTCGGGAT",0.0468355534219128,TRUE
"CID3838_CGGAACCAGCTACAAA",0.623652536987282,TRUE
"CID3838_CGGACACCATAGTCAC",0.922919251731486,FALSE
"CID3838_CGGGCATAGGTAGCCA",0.99975167931915,FALSE
"CID3838_CGGTCAGCAGCATTGT",0.14984846684689,TRUE
"CID3838_CTACAGAAGACATGCG",0.808727240088475,FALSE
"CID3838_CTATCTAAGCTCTTCC",0.334225239456973,TRUE
"CID3838_CTGCAGGGTGGTTCTA",0.0619065782568176,TRUE
"CID3838_CTGCCATTCACAGTGT",0.240038089968509,TRUE
"CID3838_CTGCCTACAGACAATA",0.356139668424936,TRUE
"CID3838_CTGGTCTCACCGGAAA",0.100541605339035,TRUE
"CID3838_CTGTAGACAGTATGAA",0.123110136374888,TRUE
"CID3838_CTGTGAATCGTCGATA",0.0909582125635408,TRUE
"CID3838_CTTCCGACAAGACGGT",0.109972755736693,TRUE
"CID3838_CTTCTAAAGCTTGTGT",0.999228101291735,FALSE
"CID3838_CTTCTAAAGGGCCAAT",0.101983511353166,TRUE
"CID3838_GAACACTTCCGATGCG",0.07929131198895,TRUE
"CID3838_GACATCACAGCTCGGT",0.693105889449829,TRUE
"CID3838_GACCCTTTCAAGGCTT",0.70568491136757,TRUE
"CID3838_GACGCTGCACCAAATC",0.0576339406919547,TRUE
"CID3838_GACTGATGTTATTCTC",0.0994573318793614,TRUE
"CID3838_GAGGGATAGTCTAGCT",0.0986235259173139,TRUE
"CID3838_GAGTCTACAGGCAATG",0.173159290219207,TRUE
"CID3838_GCAACATTCCAACTGA",0.478769526724206,TRUE
"CID3838_GCCAGCACAGCTACCG",0.0825054541174416,TRUE
"CID3838_GCCAGGTCAGTATACC",0.0627029934176173,TRUE
"CID3838_GCCGATGCACTGATTG",0.931587281310886,FALSE
"CID3838_GCGGAAAAGAATTCAG",0.0408622862775471,TRUE
"CID3838_GCTACCTGTCGTCATA",0.0960904003454134,TRUE
"CID3838_GGAATCTGTCATGACT",0.135148421573784,TRUE
"CID3838_GGAGCAATCATCCTGC",0.17015414052242,TRUE
"CID3838_GGCGTCACATCGTGCG",0.17971231084424,TRUE
"CID3838_GGCTGTGTCAGAACCT",0.190498010164623,TRUE
"CID3838_GGCTTTCCATTAGGAA",0.283439090390052,TRUE
"CID3838_GGCTTTCTCGTGCACG",0.153245225562659,TRUE
"CID3838_GGGAGTACACTTTAGG",0.999210590563238,FALSE
"CID3838_GGGATGAGTATGACAA",0.0947868845178877,TRUE
"CID3838_GGGTGTCTCTGCGGCA",0.977480686778031,FALSE
"CID3838_GGTAGAGAGTCATGCT",0.669297175409715,TRUE
"CID3838_GGTGTTATCTCTGCTG",0.132739963114759,TRUE
"CID3838_GGTTAACGTAGCTGTT",0.0483007362621799,TRUE
"CID3838_GTAGATCGTACAACGG",0.097193278344568,TRUE
"CID3838_GTAGCTACAGATCATC",0.11590080307923,TRUE
"CID3838_GTAGCTAGTTGCGTAT",0.367005322205425,TRUE
"CID3838_GTCATTTAGAGCAACC",0.0869891127060007,TRUE
"CID3838_GTCTACCGTCTTACTT",0.0607612464580009,TRUE
"CID3838_GTCTGTCCAGCCCAGT",0.720948795854501,TRUE
"CID3838_GTGGGAACACTGCTTC",0.0519300478586181,TRUE
"CID3838_GTGGTTAAGGCACTAG",0.219983782155381,TRUE
"CID3838_GTGTCCTGTTAGGCCC",0.164264270583138,TRUE
"CID3838_GTGTGGCCACGAAGAC",0.865152155998699,FALSE
"CID3838_TAAGCCATCTACCACC",0.107558487038905,TRUE
"CID3838_TAAGCGTAGAATTGCA",0.262960494382273,TRUE
"CID3838_TACCTCGAGTTCGCAT",0.0745019233567786,TRUE
"CID3838_TATGTTCTCTAGTACG",0.9950226262032,FALSE
"CID3838_TCAAGTGGTGGACCTC",0.998977800546151,FALSE
"CID3838_TCACGGGGTGTACAGG",0.148888794538178,TRUE
"CID3838_TCAGCCTTCTAGTGAC",0.127357765924414,TRUE
"CID3838_TCAGTTTAGCATAGGC",0.05146626792936,TRUE
"CID3838_TCATACTTCTCGTCAC",0.129703268230202,TRUE
"CID3838_TCATACTTCTTAGCTT",0.179484836798974,TRUE
"CID3838_TCATATCCAGATAAAC",0.102689461527318,TRUE
"CID3838_TCATATCTCTGACGCG",0.0885537916666055,TRUE
"CID3838_TCATCATGTCTTCATT",0.104752595574236,TRUE
"CID3838_TCATTACAGCCTCTGG",0.107173153318759,TRUE
"CID3838_TCATTACTCCAGCTCT",0.0648670650712556,TRUE
"CID3838_TCCTAATTCAGGACAG",0.741947626415828,TRUE
"CID3838_TCCTCCCTCCTCACCA",0.0944477524402672,TRUE
"CID3838_TCGACGGAGCTGAAGC",0.0356877446042906,TRUE
"CID3838_TCGCTCAAGAACCGCA",0.0919241503161226,TRUE
"CID3838_TCGGATAAGAGTCAGC",0.0919458051322752,TRUE
"CID3838_TCGGGCATCTTTCGAT",0.0602051912800544,TRUE
"CID3838_TCTAACTCAGAGACTG",0.144361498420984,TRUE
"CID3838_TCTCCGACATCTCAAG",0.0548545007721128,TRUE
"CID3838_TCTTGCGAGCGACTGA",0.960389152536515,FALSE
"CID3838_TCTTTGATCTCTAAGG",0.142721498484786,TRUE
"CID3838_TGATGGTAGTAGACCG",0.138647918322139,TRUE
"CID3838_TGCAGGCTCTAACGCA",0.174912979111829,TRUE
"CID3838_TGCAGTACATTCATCT",0.486983283555996,TRUE
"CID3838_TGCATCCTCCGTCCTA",0.393264486414002,TRUE
"CID3838_TGGAACTCACAGCCAC",0.531052098158034,TRUE
"CID3838_TGGAACTCAGGAACCA",0.300505743202878,TRUE
"CID3838_TGGGCGTTCCGCCTAT",0.510391602100749,TRUE
"CID3838_TGTGCGGTCTTTGGAG",0.328297685066167,TRUE
"CID3838_TTAGTCTTCCATACTT",0.169148049370421,TRUE
"CID3838_TTCACGCAGGTGGGTT",0.582240735379081,TRUE
"CID3838_TTCCGGTTCCGAGCTG",0.886320169022068,FALSE
"CID3838_TTCCTTCCAAATGAGT",0.0808254720609679,TRUE
"CID3838_TTCTAGTCAGCACCCA",0.0791325368107667,TRUE
"CID3838_TTCTCTCAGAATTTGG",0.54893090377054,TRUE
"CID3838_TTGGATGTCACGATAC",0.159788484952892,TRUE
"CID3838_TTTACTGGTACTGCCG",0.178045387787673,TRUE
"CID3838_TTTAGTCAGGTAGTCG",0.834444071654191,FALSE
"CID3838_TTTCAGTCAATTGTGC",0.993042942610661,FALSE
"CID3838_AACACACCAACGGCCT",0.0730600781063459,TRUE
"CID3838_CCTCAACAGACCAAGC",0.0547750090891208,TRUE
"CID3838_CCTCTCCTCATTCTTG",0.0884233293405016,TRUE
"CID3838_CGAGTGCCAGTGGTGA",0.0456997127984702,TRUE
"CID3838_CTGCCTAGTGACTGAG",0.0480817284478823,TRUE
"CID3838_TCAGCAAGTAGGACTG",0.0934680080367611,TRUE
"CID3838_TTCCTTCCATCTTCGC",0.041842936723012,TRUE
"CID3838_TCAGCAATCCACGAAT",0.0717621908893948,TRUE
"CID3838_ACCTGTCAGGGCTAAC",0.0572665260615334,TRUE
"CID3838_ATTCATCCAACTGTGT",0.147634705597744,TRUE
"CID3838_AAACGAACAAGCCATT",0.105249179923253,TRUE
"CID3838_AACAAAGGTGTACGCC",0.284283344959013,TRUE
"CID3838_AACAGGGCACCATTCC",0.0526367843578385,TRUE
"CID3838_AAGACAAAGAGACAAG",0.906075440700538,FALSE
"CID3838_AAGCATCCAAACGGCA",0.277555226568458,TRUE
"CID3838_AAGTACCTCCGTCAAA",0.042740069895706,TRUE
"CID3838_AAGTTCGCACCGCTAG",0.542993556922231,TRUE
"CID3838_AAGTTCGCACTGATTG",0.283022641944833,TRUE
"CID3838_AATCGTGCAAATTAGG",0.0397282505453517,TRUE
"CID3838_AATTTCCGTCTAACTG",0.6365892912481,TRUE
"CID3838_ACAACCAAGGAACTCG",0.232087099526363,TRUE
"CID3838_ACATCCCAGAAGTGTT",0.0397250474030366,TRUE
"CID3838_ACCAACAAGGTAAGGA",0.103925290664942,TRUE
"CID3838_ACGTAGTAGCTATCCA",0.255673044054746,TRUE
"CID3838_ACGTCCTGTAATCAGA",0.0333658607567446,TRUE
"CID3838_ACTGCAATCCATGATG",0.393406929053325,TRUE
"CID3838_ACTGTGACATTGCTGA",0.0697762808697474,TRUE
"CID3838_ACTGTGAGTGTAGCAG",0.105457550821931,TRUE
"CID3838_ACTTCGCAGAAGCGGG",0.941812322805163,FALSE
"CID3838_ACTTTCAAGGGTGAGG",0.412924520879866,TRUE
"CID3838_AGAAATGAGTAATACG",0.0834678316910419,TRUE
"CID3838_AGAAGCGTCTTTGCAT",0.958218327503212,FALSE
"CID3838_AGACAAAAGAAGTGTT",0.771275973996892,FALSE
"CID3838_AGATGCTAGTTGTAGA",0.683702000317315,TRUE
"CID3838_AGATGCTTCTTCTGTA",0.0819747273868782,TRUE
"CID3838_AGGAATAGTGCTCTCT",0.0479565325993458,TRUE
"CID3838_AGGACGAAGATGTTGA",0.060025489869327,TRUE
"CID3838_AGGATAACACGTAGAG",0.34972669845703,TRUE
"CID3838_AGTCTCCCACTTCATT",0.0599009128601477,TRUE
"CID3838_ATCCATTTCATGAGTC",0.047555687482003,TRUE
"CID3838_ATCTCTACACTGTGAT",0.568481624826229,TRUE
"CID3838_ATCTTCACAATTCGTG",0.143078718111651,TRUE
"CID3838_ATGAAAGCAGCGGTTC",0.0485167597767929,TRUE
"CID3838_ATTCCTAGTCTTGAGT",0.649742254679788,TRUE
"CID3838_CAAGCTATCGCAGATT",0.388774018584663,TRUE
"CID3838_CACGTTCCATGACTCA",0.038482726336173,TRUE
"CID3838_CACTAAGGTTGTTGCA",0.185301599912557,TRUE
"CID3838_CAGATACCAAGAGCTG",0.682967693658004,TRUE
"CID3838_CAGATCATCTCATTTG",0.113029568424446,TRUE
"CID3838_CAGCAGCCAGCATGCC",0.900770354214706,FALSE
"CID3838_CAGTGCGGTCGAACAG",0.0721576153935602,TRUE
"CID3838_CAGTTAGTCGTCGGGT",0.982066028436449,FALSE
"CID3838_CATGCAATCGATTCCC",0.0607496006478368,TRUE
"CID3838_CATGGATAGTAAGACT",0.118640504725741,TRUE
"CID3838_CATTGAGTCCCTCATG",0.184754727299368,TRUE
"CID3838_CATTGTTGTGTGACCC",0.953504726170336,FALSE
"CID3838_CATTTCAGTGCCTATA",0.0568626127756631,TRUE
"CID3838_CCACACTCAGAGTAAT",0.052407814481996,TRUE
"CID3838_CCGGTGATCGTTAGTG",0.323329564488133,TRUE
"CID3838_CCGTAGGCAACCGTGC",0.0528600447525941,TRUE
"CID3838_CCTCCAATCGAGTACT",0.0587791414847254,TRUE
"CID3838_CCTGTTGCAAATAGCA",0.851042259228981,FALSE
"CID3838_CGAGGAAGTATTCCTT",0.43628473841647,TRUE
"CID3838_CGATGCGCACAACGCC",0.0959109123159733,TRUE
"CID3838_CGGGTGTCAGCTTTCC",0.970010015905767,FALSE
"CID3838_CTACCCATCATGCCAA",0.0973590028776593,TRUE
"CID3838_CTACGGGCAAGGTCAG",0.0780073149628879,TRUE
"CID3838_CTATAGGGTTTGGCTA",0.106598829861493,TRUE
"CID3838_CTCAGAAAGAGCAACC",0.270688642043717,TRUE
"CID3838_CTCCTTTTCCAGTTCC",0.0709893503188702,TRUE
"CID3838_CTGCAGGGTGTTATCG",0.456914243467651,TRUE
"CID3838_CTGGCAGAGCGATGCA",0.0446693209718817,TRUE
"CID3838_CTGTAGATCACATCAG",0.781989323951739,FALSE
"CID3838_CTTAGGAGTACAAGCG",0.104860281686979,TRUE
"CID3838_CTTGAGAGTAACACGG",0.152514770453259,TRUE
"CID3838_GAACACTCACCCTTAC",0.179245959018851,TRUE
"CID3838_GAAGAATTCGCGATCG",0.102687124180799,TRUE
"CID3838_GAATAGACAGTTCTAG",0.477439659271629,TRUE
"CID3838_GAGACTTGTCGGAACA",0.0613886945576892,TRUE
"CID3838_GAGGGATTCGAGTTGT",0.059457101234386,TRUE
"CID3838_GATAGAAGTAGGACTG",0.146817179523041,TRUE
"CID3838_GATCCCTCAGTCTGGC",0.202380737725977,TRUE
"CID3838_GCACGGTCAGGTGTTT",0.695587639333618,TRUE
"CID3838_GCCAGGTGTCACATTG",0.462019726496451,TRUE
"CID3838_GCCCAGAAGGACAGTC",0.387386232303454,TRUE
"CID3838_GCCCGAACAGCTGAAG",0.999360485768796,FALSE
"CID3838_GCCTGTTAGGAGAGTA",0.977327542596899,FALSE
"CID3838_GCGATCGCAAGCCCAC",0.881260750374782,FALSE
"CID3838_GGAGGATCATTGGATC",0.177473463764643,TRUE
"CID3838_GGCTGTGCATCTTAGG",0.970180929887721,FALSE
"CID3838_GGGATCCAGTAAGCAT",0.954296858836042,FALSE
"CID3838_GGGTGTCTCGACGACC",0.599875968482264,TRUE
"CID3838_GGGTGTCTCTTGTTAC",0.127159860248369,TRUE
"CID3838_GGTGATTTCCACTGGG",0.0995835422921919,TRUE
"CID3838_GTAACACGTCGCGGTT",0.570598725354249,TRUE
"CID3838_GTACAGTCAAAGACGC",0.321268797646339,TRUE
"CID3838_GTAGCTAAGGGTTTCT",0.999873389018757,FALSE
"CID3838_GTAGGTTAGACATAGT",0.0749402077345317,TRUE
"CID3838_GTAGTACAGCATCCCG",0.912649952771619,FALSE
"CID3838_GTCATGACACGAGGTA",0.320781032105867,TRUE
"CID3838_GTCGTAAAGATTGTGA",0.0505826114715122,TRUE
"CID3838_GTCTTTACAAGGGCAT",0.673940241108709,TRUE
"CID3838_GTGATGTAGCATAGGC",0.993210554901144,FALSE
"CID3838_GTGCAGCGTAACGCGA",0.060160010166349,TRUE
"CID3838_GTGGCGTGTAACACCT",0.264577563521099,TRUE
"CID3838_GTTGAACGTGTATCCA",0.116244798389164,TRUE
"CID3838_GTTTGGAGTGCTGATT",0.204535459833747,TRUE
"CID3838_TAAGTCGCATTGTACG",0.0603649704236766,TRUE
"CID3838_TAATCTCTCAGGCGAA",0.232630198257478,TRUE
"CID3838_TACAACGAGCCGGATA",0.107079407441873,TRUE
"CID3838_TACATTCAGTTGCTGT",0.270496010393699,TRUE
"CID3838_TACCCGTGTCGAAACG",0.331850661221339,TRUE
"CID3838_TAGCACACAGCGGTTC",0.413310146464761,TRUE
"CID3838_TATCCTATCTTACCGC",0.117477440591127,TRUE
"CID3838_TATTGCTGTACAAACA",0.0606055292797832,TRUE
"CID3838_TCACTCGAGTGGAATT",0.584370664864157,TRUE
"CID3838_TCGTAGAGTTCCTACC",0.989974244546033,FALSE
"CID3838_TCTAACTGTAGACGGT",0.163564203533204,TRUE
"CID3838_TCTCCGAGTGGATCGA",0.180018521506751,TRUE
"CID3838_TGATTTCGTCAAGCGA",0.887753197381075,FALSE
"CID3838_TGCAGGCGTCCAGAAG",0.230744727976531,TRUE
"CID3838_TGCAGTAGTCACCGCA",0.817579064567254,FALSE
"CID3838_TGCCGAGTCGGCTATA",0.0592567996904753,TRUE
"CID3838_TGGGAGAAGAAACTGT",0.876865419326282,FALSE
"CID3838_TGGTTAGTCTTACGTT",0.0573353361259562,TRUE
"CID3838_TGTAAGCAGTGTTCCA",0.143380386866229,TRUE
"CID3838_TGTCAGAGTCTGTGGC",0.177031083350578,TRUE
"CID3838_TGTGTGACATTCGATG",0.724411522683918,TRUE
"CID3838_TTATTGCGTACCCACG",0.728376018294333,TRUE
"CID3838_TTCCAATAGTCGAAGC",0.229012670737723,TRUE
"CID3838_TTCGCTGGTCGGAAAC",0.403710851854943,TRUE
"CID3838_TTGACCCAGGTAAGTT",0.739726092261807,TRUE
"CID3838_TTGCATTTCAGCCTCT",0.947799747232732,FALSE
"CID3838_TTGCCTGTCTACAGGT",0.760437271200331,FALSE
"CID3838_TTGGGTATCAGTCTTT",0.0376950316548481,TRUE
"CID3838_TTGTGGAAGTAACCTC",0.0399008216067149,TRUE
"CID3838_TTTACCAAGATTGACA",0.30180788705829,TRUE
"CID3838_TTTGACTAGCGTATGG",0.0552337891982674,TRUE
"CID3838_TTTGGTTGTACGTAGG",0.250008939277029,TRUE
"CID3838_CATTGCCAGGAGACCT",0.435880690155917,TRUE
"CID3838_CTCCTTTCAGTAGAAT",0.230791587923288,TRUE
"CID3838_GGAGATGGTAACATCC",0.114287269830259,TRUE
"CID3838_CCACGAGAGTGCCGAA",0.0923391751710602,TRUE
"CID3838_GATGACTAGTAATACG",0.372885748524032,TRUE
"CID3838_AACAAGACAGTAGTTC",0.993665789233044,FALSE
"CID3838_AAGCCATAGTTCATGC",0.785197577238527,FALSE
"CID3838_AATCACGTCTTGAGCA",0.924912209459339,FALSE
"CID3838_AATGCCACACTGCATA",0.0450033302790622,TRUE
"CID3838_ACTTAGGGTTGGACTT",0.0368464652969402,TRUE
"CID3838_AGGCATTAGCTAAATG",0.612013841394849,TRUE
"CID3838_AGGTCATGTCGTATGT",0.980276290157586,FALSE
"CID3838_AGTGTTGCACTATCCC",0.351545238260491,TRUE
"CID3838_ATCCACCGTCCGTACG",0.0937492704513581,TRUE
"CID3838_ATCGGATAGACCAGAC",0.0607009982290809,TRUE
"CID3838_ATCGTGACAGACAAGC",0.0879802103199094,TRUE
"CID3838_CATCCACCATCGCTGG",0.0318448014017306,TRUE
"CID3838_CCTAAGATCAACGAGG",0.674067774893766,TRUE
"CID3838_CGAATTGAGCTGAGCA",0.68762945817854,TRUE
"CID3838_CGTGATAAGCCATTCA",0.462434408591964,TRUE
"CID3838_CTATCCGGTGACATCT",0.106517177014831,TRUE
"CID3838_CTCTCAGTCACCATAG",0.393961635719805,TRUE
"CID3838_CTCTCAGTCTCTCGAC",0.0489364548745233,TRUE
"CID3838_CTTCCGAAGGCGACAT",0.0638783160356624,TRUE
"CID3838_GAAGGACCATCGAACT",0.128079341580305,TRUE
"CID3838_GACGCTGAGTGATTCC",0.427756355910696,TRUE
"CID3838_GAGGCCTGTTGAGTCT",0.120437541351318,TRUE
"CID3838_GATTTCTAGGATGTTA",0.974482978996371,FALSE
"CID3838_GCATCGGCATCATCTT",0.547343042926417,TRUE
"CID3838_GCCAGTGTCGCAGTCG",0.999988674349535,FALSE
"CID3838_GCTGAATGTGCCTGCA",0.0696252533121129,TRUE
"CID3838_GCTGGGTTCTGAGGTT",0.0701228684797051,TRUE
"CID3838_GGGATGAAGGGATCAC",0.085110963527306,TRUE
"CID3838_GGTAATCCAGCGTGAA",0.952814725099339,FALSE
"CID3838_GTAATGCTCGGCCAAC",0.281563363567623,TRUE
"CID3838_GTAATGCTCGGCTTCT",0.70308415903417,TRUE
"CID3838_GTGAGCCCACGAAGAC",0.62265145986664,TRUE
"CID3838_TACCCACCAAATTGCC",0.844649807405206,FALSE
"CID3838_TCACTATGTGCTATTG",0.199611896309167,TRUE
"CID3838_TCATTTGGTCCTTAAG",0.0585153154235785,TRUE
"CID3838_TCCTCGAGTGCGTCGT",0.751300930837523,FALSE
"CID3838_TCCTCTTGTACAGTCT",0.102882408072891,TRUE
"CID3838_TCGTGCTGTGGGTCAA",0.32225663508968,TRUE
"CID3838_TCGTGGGAGCTGACAG",0.764131360539113,FALSE
"CID3838_TCTATACAGCGGTAAC",0.177886408218635,TRUE
"CID3838_TGAGGGATCTCCGTGT",0.205584636742203,TRUE
"CID3838_TGCTGAAAGGCGATAC",0.0580034736583393,TRUE
"CID3838_TGTGTGAGTAGCTTGT",0.18632857487654,TRUE
"CID3838_TTAATCCAGATCGCCC",0.0784055741532981,TRUE
"CID3838_TTGACCCGTTATTCTC",0.0563389794093758,TRUE
"CID3838_TTTACGTAGCTCGTGC",0.653410991180457,TRUE
"CID3838_TTTGGTTGTAGGTAGC",0.251360798290165,TRUE
"CID3838_TTTGTTGAGTCGCCAC",0.963245811977651,FALSE
"CID3838_AGCGCTGGTGTGGTCC",0.0377248368369777,TRUE
"CID3838_AGGGCTCTCAGTCCGG",0.0755394447624076,TRUE
"CID3838_GACTGATCAAGCTGCC",0.0357364162784955,TRUE
"CID3838_GTTAGTGGTGTCCCTT",0.217167261150636,TRUE
"CID3838_ACAGAAAAGGTCGACA",0.0528516351477792,TRUE
"CID3838_ACTTTCACAACCCTAA",0.987944460293151,FALSE
"CID3838_CTAACCCAGATTCGAA",0.930838615170578,FALSE
"CID3838_TAATCTCTCAAGCCAT",0.135105138573971,TRUE
"CID3838_TACACCCTCAGACTGT",0.0547586957509337,TRUE
"CID3838_TCCAGAAAGCTAATCC",0.228696869511634,TRUE
"CID3838_AGGGTGAGTTTGGGAG",0.0390255128274688,TRUE
"CID3838_CGAGGCTGTGAGCAGT",0.998655830390262,FALSE
"CID3838_CGGCAGTTCCGGCAGT",0.894808251129451,FALSE
"CID3838_CTAGACAGTGAGTAAT",0.127909745301321,TRUE
"CID3838_CTGCATCGTTATAGAG",0.937561082954873,FALSE
"CID3838_CTGTATTGTGACACAG",0.738711359649518,TRUE
"CID3838_GTTACCCGTTGTCTAG",0.632861066357173,TRUE
"CID3838_TACAACGCAGCGTACC",0.205767686808082,TRUE
"CID3838_TTGTGTTTCCCAAGCG",0.622355857205553,TRUE
"CID3838_CTCCCTCGTGGTTCTA",0.138525664436531,TRUE
"CID3838_ACTATTCCAGGATGAC",0.784348349439909,FALSE
"CID3838_ATTCGTTGTGCCTGAC",0.611374786359681,TRUE
"CID3838_GCATCTCAGGTACCTT",0.0520276649909931,TRUE
"CID3838_GCATTAGTCCGATCGG",0.348146021672268,TRUE
"CID3838_GCCATTCCAAGGCGTA",0.119507015441121,TRUE
"CID3838_AGGCTGCGTCCTATAG",0.0427722255557937,TRUE
"CID3838_GACCTTCTCATCCTGC",0.136652267907565,TRUE
"CID3838_TTTAGTCAGACTTGTC",0.0945406024652636,TRUE
"CID3838_GGTAATCTCCGGGACT",0.883785037596182,FALSE
"CID3838_ATTTACCTCCACGTAA",0.0654134746606386,TRUE
"CID3838_GAATCACAGGAAAGTG",0.103584322609774,TRUE
"CID3838_GTCTTTAGTCCCACGA",0.0697093787403044,TRUE
"CID3838_AAGACAAAGTCAATCC",0.0406481209857009,TRUE
"CID3838_CAACAGTTCTCGTGGG",0.992760116840011,FALSE
"CID3838_AGCGTCGCATTGAGGG",0.872624759949514,FALSE
"CID3838_AGTAGCTGTGTTGCCG",0.712420010598686,TRUE
"CID3838_TTGTTCACAGCAGAAC",0.0473643885307668,TRUE
"CID3838_CTAGACACAATTCGTG",0.052191071711932,TRUE
"CID3838_GTCTTTAGTCATCCGG",0.999999891430784,FALSE
"CID3838_CTAACTTCAAGTGGGT",0.203711917064342,TRUE
"CID3838_TGTTACTGTCATATGC",0.366760081551811,TRUE
"CID3838_AAGCGTTCACCTTCGT",0.75662512086854,FALSE
"CID3838_CCCTGATTCAATCGGT",0.684187125906233,TRUE
"CID3838_ATTCCCGAGAATCCCT",0.100443428440455,TRUE
"CID3838_TCGTGCTCAAAGAACT",0.321552192945905,TRUE
"CID3838_GTTATGGTCGGCTATA",0.211304539249429,TRUE
"CID3838_CCGGTAGAGATACATG",0.0614207351144399,TRUE
"CID3838_TACCGGGTCACGTAGT",0.268331339126143,TRUE
"CID3838_TCACTCGTCATCTCTA",0.0877844111960049,TRUE
"CID3838_AGGCTGCCAAATTAGG",0.666281560713364,TRUE
"CID3838_GCAGGCTAGGTCATTC",0.164622713797932,TRUE
"CID3838_TACGGGCAGGATTTGA",0.0577536650037853,TRUE
"CID3838_TTTCACATCGCAGTCG",0.0479557075228327,TRUE
"CID3838_AATGGAACAAGATTGA",0.0980744170719316,TRUE
"CID3838_AATTCCTAGCGTTCAT",0.121765614298233,TRUE
"CID3838_GGCTTTCCAGTGTGGA",0.0804815508567937,TRUE
"CID3838_TACATTCTCAAGTGTC",0.130069174372241,TRUE
"CID3838_AAACCCATCAAGCCAT",0.0684841949512768,TRUE
"CID3838_AAACCCATCGCTAAAC",0.0831851726981365,TRUE
"CID3838_AAAGGATAGAGCAAGA",0.0502114450871635,TRUE
"CID3838_AAAGGTAGTGACTCGC",0.977688612761443,FALSE
"CID3838_AAAGGTATCGGCGATC",0.399016392409097,TRUE
"CID3838_AAATGGAGTCTTGCGG",0.0478242123607203,TRUE
"CID3838_AACAAAGCAGCATACT",0.0773593378845285,TRUE
"CID3838_AACAAAGTCTGCTAGA",0.80353216059948,FALSE
"CID3838_AACAGGGTCGGCTTGG",0.0775836564181038,TRUE
"CID3838_AACCCAAGTCCCTCAT",0.0582160862407751,TRUE
"CID3838_AACCTGACAACAGCCC",0.07120964301582,TRUE
"CID3838_AACCTTTAGCAAGGAA",0.510684415413644,TRUE
"CID3838_AACGGGAAGCATCCTA",0.11911223670822,TRUE
"CID3838_AACGTCAGTCGCACGT",0.0636768114075977,TRUE
"CID3838_AAGATAGGTACAGAGC",0.219098253429247,TRUE
"CID3838_AAGCGTTAGGATTTCC",0.209852707447276,TRUE
"CID3838_AAGGAATGTGACGCCT",0.0913513140634105,TRUE
"CID3838_AAGGAATTCGCAATTG",0.0559697996902388,TRUE
"CID3838_AAGGTAACATACAGCT",0.999766884295608,FALSE
"CID3838_AAGTACCGTTAACCTG",0.056707844841169,TRUE
"CID3838_AAGTCGTGTTACGTAC",0.134344802701494,TRUE
"CID3838_AATAGAGAGACAAGCC",0.0541723143325831,TRUE
"CID3838_AATTCCTCAAATCAGA",0.46101124070394,TRUE
"CID3838_ACAAAGACATAATGCC",0.0949974913108924,TRUE
"CID3838_ACAAAGAGTGGTTCTA",0.282629703016661,TRUE
"CID3838_ACAACCACAATACCTG",0.220448302340215,TRUE
"CID3838_ACACGCGCAATCACGT",0.0774687805885307,TRUE
"CID3838_ACAGCCGGTTCTCCAC",0.401799881095561,TRUE
"CID3838_ACATGCAGTGGATTTC",0.0787564077578484,TRUE
"CID3838_ACCTACCCATGACCCG",0.17839819288528,TRUE
"CID3838_ACGGTTATCGGATACT",0.0709304434364999,TRUE
"CID3838_ACGTAACAGCATCAGG",0.0680226388529438,TRUE
"CID3838_ACGTAGTGTACTGCCG",0.0454599490097996,TRUE
"CID3838_ACGTTCCTCGTGGGTC",0.120974023745288,TRUE
"CID3838_ACGTTCCTCTACCCAC",0.0560642790208518,TRUE
"CID3838_ACTACGAGTAGTGCGA",0.537049734963615,TRUE
"CID3838_ACTATCTCAAATGAAC",0.159664550311244,TRUE
"CID3838_ACTGATGCAACCGTAT",0.236304840763691,TRUE
"CID3838_ACTGTCCAGGTCGACA",0.993631787625644,FALSE
"CID3838_ACTTCCGGTAGGTCAG",0.0919814456317989,TRUE
"CID3838_ACTTTGTTCGGTGTAT",0.0503200881981427,TRUE
"CID3838_AGAACCTCAAGACTGG",0.108299397483722,TRUE
"CID3838_AGAAGTAAGCAGGTCA",0.0541452675829632,TRUE
"CID3838_AGACAAAGTAGATGTA",0.0553621592090132,TRUE
"CID3838_AGACCATTCTACTCAT",0.0640536564369539,TRUE
"CID3838_AGACCATTCTGAATGC",0.0713692236306258,TRUE
"CID3838_AGAGCAGTCGGTTGTA",0.202633076842192,TRUE
"CID3838_AGAGCCCCAAGCACAG",0.676353254276771,TRUE
"CID3838_AGCCAGCGTAGCGATG",0.109293130440844,TRUE
"CID3838_AGCGATTCAGGCTATT",0.214522030877047,TRUE
"CID3838_AGCGCCATCCAATCTT",0.966473849614915,FALSE
"CID3838_AGCTTCCAGTTGGACG",0.0945172843140616,TRUE
"CID3838_AGCTTCCGTACGCTTA",0.0485696730494158,TRUE
"CID3838_AGGACTTGTTGCTCAA",0.0920317701669328,TRUE
"CID3838_AGGGAGTCAGTAACGG",0.171449607997362,TRUE
"CID3838_AGGGAGTTCTAGCAAC",0.087634384647464,TRUE
"CID3838_AGGTGTTGTGGATACG",0.595589918139003,TRUE
"CID3838_AGGTGTTTCCATTGCC",0.0583474617833389,TRUE
"CID3838_AGGTGTTTCCCTTGGT",0.0940570849662942,TRUE
"CID3838_AGTGACTAGGCCACTC",0.176784340079185,TRUE
"CID3838_AGTGCCGCATCTGGGC",0.197178056595568,TRUE
"CID3838_AGTTCGACAGGTGGAT",0.114593324589632,TRUE
"CID3838_AGTTCGATCGACCAAT",0.0945590682446153,TRUE
"CID3838_ATACCTTGTTAGGCCC",0.0784083205077958,TRUE
"CID3838_ATACTTCGTCGCGTTG",0.0436741594711899,TRUE
"CID3838_ATCACAGTCGGATACT",0.0675641218547867,TRUE
"CID3838_ATCACGATCAATGTCG",0.138005996233824,TRUE
"CID3838_ATCCATTTCACTCTTA",0.0446892248967155,TRUE
"CID3838_ATCCTATGTAGATGTA",0.0735771386828841,TRUE
"CID3838_ATCGGATTCTTCTGGC",0.695145677372153,TRUE
"CID3838_ATCTCTAAGTATAGGT",0.0594490739015481,TRUE
"CID3838_ATGAAAGGTGCCGTAC",0.114256757246352,TRUE
"CID3838_ATGAGGGGTTCCGGTG",0.364859305147831,TRUE
"CID3838_ATGATCGGTAGCTTTG",0.0807219536528966,TRUE
"CID3838_ATGCATGTCTTGCAAG",0.0580072430260022,TRUE
"CID3838_ATGCCTCAGATTGATG",0.0726112665381847,TRUE
"CID3838_ATGCGATAGCTGGCTC",0.11901850950145,TRUE
"CID3838_ATGCGATCAAGTGACG",0.132171987807592,TRUE
"CID3838_ATGGGTTAGTTTGAGA",0.0509278230328188,TRUE
"CID3838_ATGGTTGTCTATTGTC",0.0697520491239603,TRUE
"CID3838_ATGTCTTGTCCGACGT",0.377354606436368,TRUE
"CID3838_ATTGGGTAGGCGAACT",0.0479148417252694,TRUE
"CID3838_ATTTCACAGTCAGCCC",0.212077318776083,TRUE
"CID3838_CAACAACTCTCTAAGG",0.0638742243635217,TRUE
"CID3838_CAACGGCTCATTCGGA",0.0468244540890303,TRUE
"CID3838_CAATACGCATCCGCGA",0.0525561683134324,TRUE
"CID3838_CACTAAGAGCCATCCG",0.109667264449296,TRUE
"CID3838_CAGATCATCAAGGACG",0.505655041002861,TRUE
"CID3838_CAGATTGTCTGCATGA",0.587557070118607,TRUE
"CID3838_CAGCAATCATGTCGTA",0.0347423094579036,TRUE
"CID3838_CAGCACGGTCGCTTAA",0.0516965468263058,TRUE
"CID3838_CATCCACGTATCCTTT",0.074548422660207,TRUE
"CID3838_CATCCGTTCGATGCAT",0.0983778525914684,TRUE
"CID3838_CATCGCTAGAACTTCC",0.184203382593862,TRUE
"CID3838_CATCGGGCACGGCACT",0.123675197091644,TRUE
"CID3838_CATGAGTAGCTGCCAC",0.0918102788947614,TRUE
"CID3838_CATGCTCGTGAAAGTT",0.0496185936221171,TRUE
"CID3838_CATGGTAAGACAACAT",0.143088700578606,TRUE
"CID3838_CCACACTTCTTCTGGC",0.0498042407951082,TRUE
"CID3838_CCATAAGAGGTAACTA",0.0477912766594332,TRUE
"CID3838_CCATAAGAGTAGAATC",0.896871280978787,FALSE
"CID3838_CCCGAAGGTGAATGAT",0.0651600271664904,TRUE
"CID3838_CCCGGAATCATAGAGA",0.126564927667511,TRUE
"CID3838_CCCTAACGTATTCCTT",0.120158135656855,TRUE
"CID3838_CCCTAACGTTCCGCTT",0.0710678475705371,TRUE
"CID3838_CCCTCAAAGTCTGGTT",0.050348032814295,TRUE
"CID3838_CCCTTAGAGTACCGGA",0.0847332257741977,TRUE
"CID3838_CCGATGGGTAGGAGTC",0.0746320136408016,TRUE
"CID3838_CCTACGTCAGACCTGC",0.05376269555649,TRUE
"CID3838_CCTACGTTCCCAGTGG",0.205994000193289,TRUE
"CID3838_CCTCAACTCAGTCCGG",0.104419492259438,TRUE
"CID3838_CCTCACAAGAGTAACT",0.180603739063916,TRUE
"CID3838_CCTCACAAGGTTGAGC",0.160679434930195,TRUE
"CID3838_CCTCCTCCAATAGTAG",0.0543644521226059,TRUE
"CID3838_CCTGTTGTCTGTTGGA",0.155968410607931,TRUE
"CID3838_CCTTGTGGTCAAAGTA",0.0591849107942283,TRUE
"CID3838_CGAGGCTTCACCCTCA",0.10837176767764,TRUE
"CID3838_CGAGTTATCTGCATAG",0.0573813044558473,TRUE
"CID3838_CGATGGCAGATCACCT",0.110877680464151,TRUE
"CID3838_CGCCAGATCGTAGAGG",0.31176974300385,TRUE
"CID3838_CGGAACCTCTCTTGCG",0.536372303190833,TRUE
"CID3838_CGGAATTAGGGCAGGA",0.100959836880262,TRUE
"CID3838_CGGGTGTAGGAACATT",0.0691606455769773,TRUE
"CID3838_CGGGTGTGTGAGATAT",0.254139534312435,TRUE
"CID3838_CGTAGTATCCGTGTAA",0.483054978328272,TRUE
"CID3838_CGTCCATCAGTTTCGA",0.0961081324211028,TRUE
"CID3838_CGTGCTTGTACCCGCA",0.20246843426768,TRUE
"CID3838_CGTTAGAGTTCGGCTG",0.400725905158631,TRUE
"CID3838_CGTTGGGCAGCAGATG",0.247897452288594,TRUE
"CID3838_CTACAGATCGCAACAT",0.0881172994420675,TRUE
"CID3838_CTACATTTCTCTGGTC",0.0663561738684896,TRUE
"CID3838_CTACCCAAGCATGCAG",0.058654311697126,TRUE
"CID3838_CTACGGGCAGAGTAAT",0.0870936418416094,TRUE
"CID3838_CTACTATGTCAGGTAG",0.087500976543914,TRUE
"CID3838_CTAGACATCGAACACT",0.154607403723469,TRUE
"CID3838_CTATAGGAGGGACTGT",0.148027218982501,TRUE
"CID3838_CTATAGGCAAGCTACT",0.0429562368357355,TRUE
"CID3838_CTATCCGAGCGAGAAA",0.999704984725118,FALSE
"CID3838_CTATCTATCTCTAAGG",0.0685514388217886,TRUE
"CID3838_CTCAACCCATGTCTAG",0.18954765255708,TRUE
"CID3838_CTCAAGACATGTTCAG",0.0855615538413784,TRUE
"CID3838_CTCAAGATCAAACCTG",0.0387502053377837,TRUE
"CID3838_CTCAGGGGTACTAACC",0.0951691136266601,TRUE
"CID3838_CTCATCGTCCTCTTTC",0.0967335033054363,TRUE
"CID3838_CTCATTAAGCATCGAG",0.168254021909491,TRUE
"CID3838_CTCCCTCAGTGTACCT",0.0822970720210359,TRUE
"CID3838_CTCTCAGGTGACATCT",0.119860613914022,TRUE
"CID3838_CTCTCAGGTTGCCATA",0.0582715112042922,TRUE
"CID3838_CTCTCGATCTCTAAGG",0.0710730216009232,TRUE
"CID3838_CTGATCCAGGGCTGAT",0.141774002093051,TRUE
"CID3838_CTGCATCGTGACAGGT",0.0835095116568328,TRUE
"CID3838_CTGCATCTCGAGAGAC",0.26495778360323,TRUE
"CID3838_CTGCCATCATGGGCAA",0.214232855201444,TRUE
"CID3838_CTGGACGTCCCTCGTA",0.088984020076437,TRUE
"CID3838_CTGGCAGCAACAGAGC",0.0942489349070048,TRUE
"CID3838_CTGTCGTCAGGCACTC",0.0634924867446072,TRUE
"CID3838_CTGTGAAAGTACTGGG",0.131438455406615,TRUE
"CID3838_CTTTCGGAGTCAGCGA",0.0483024865782012,TRUE
"CID3838_GAAACCTAGGCCCAAA",0.137482901273603,TRUE
"CID3838_GAACTGTGTGAGATAT",0.143361120773614,TRUE
"CID3838_GAAGGACTCTTGGAAC",0.419674127101255,TRUE
"CID3838_GAATAGAGTGGGCTTC",0.237324082941539,TRUE
"CID3838_GACATCACAATCTGCA",0.10484616084183,TRUE
"CID3838_GACATCACAGAGACTG",0.42351219286301,TRUE
"CID3838_GACCAATTCGTCTACC",0.131606679871606,TRUE
"CID3838_GACCAATTCTTGGGCG",0.312637383728941,TRUE
"CID3838_GACCCAGAGTTGGCGA",0.0436765012112298,TRUE
"CID3838_GACCCAGGTACCCGCA",0.0525298773771968,TRUE
"CID3838_GACCCTTTCAGTGCGC",0.143865514992337,TRUE
"CID3838_GACCGTGGTGGATGAC",0.0416248174656616,TRUE
"CID3838_GACCTTCGTAACTTCG",0.0525910013134285,TRUE
"CID3838_GAGAGGTCATGGCTGC",0.0723154752284287,TRUE
"CID3838_GAGCTGCGTGAACCGA",0.0791477560843798,TRUE
"CID3838_GAGGCCTAGTCGAGGT",0.0774590328554842,TRUE
"CID3838_GAGTTACCACCGGTCA",0.171744728609428,TRUE
"CID3838_GAGTTTGCACGGGTAA",0.0698717350923361,TRUE
"CID3838_GATAGCTTCCGACAGC",0.0483090155586525,TRUE
"CID3838_GATAGCTTCTAACGGT",0.046582742449764,TRUE
"CID3838_GATCAGTCAGAAATCA",0.068122940724672,TRUE
"CID3838_GATGAGGCATACAGAA",0.0827391897424247,TRUE
"CID3838_GATGGAGAGAGATTCA",0.0738385210602468,TRUE
"CID3838_GATGGAGAGTTCCAGT",0.250671695719776,TRUE
"CID3838_GATGGAGGTCCAAAGG",0.0956871011734247,TRUE
"CID3838_GATTCTTAGAGAATCT",0.0569762365834394,TRUE
"CID3838_GATTCTTCACCTATCC",0.0632683451383558,TRUE
"CID3838_GCACGGTGTAAGCTCT",0.0976884949644041,TRUE
"CID3838_GCCAACGCAGTAGAAT",0.0641185439137412,TRUE
"CID3838_GCCAGTGCACACCGCA",0.105169352528988,TRUE
"CID3838_GCCATTCAGTAACCTC",0.128838347460413,TRUE
"CID3838_GCTACCTAGTGATAAC",0.365670132245658,TRUE
"CID3838_GCTGCAGCACATCCCT",0.0559433885783111,TRUE
"CID3838_GCTGCAGTCACTTGGA",0.0965193593522535,TRUE
"CID3838_GCTGGGTCATGATAGA",0.221370475071617,TRUE
"CID3838_GCTTCACTCGACTCCT",0.445797926123516,TRUE
"CID3838_GGAACCCGTGCATGAG",0.0776477090753117,TRUE
"CID3838_GGAATCTGTATAATGG",0.0564565282403238,TRUE
"CID3838_GGACGTCTCCGATGTA",0.0573330776754398,TRUE
"CID3838_GGAGATGGTATCTCTT",0.0778728795718503,TRUE
"CID3838_GGCGTCAAGAAATGGG",0.0545798315651665,TRUE
"CID3838_GGGACCTGTTCACCGG",0.148509110203981,TRUE
"CID3838_GGGAGATTCTGGACTA",0.143148420166103,TRUE
"CID3838_GGGAGTATCCGAAGGA",0.181038107248606,TRUE
"CID3838_GGGATGATCTTCCGTG",0.398928777689889,TRUE
"CID3838_GGGTTTACACTGATTG",0.144292771401953,TRUE
"CID3838_GGGTTTATCGTTCGCT",0.0629021444193011,TRUE
"CID3838_GGTCACGTCCACAGGC",0.0779551777352112,TRUE
"CID3838_GGTCTGGTCTTGGTGA",0.0497348119460647,TRUE
"CID3838_GGTGTTAAGAAGCTCG",0.60391991023413,TRUE
"CID3838_GTACAGTCACGAGGAT",0.277383071360908,TRUE
"CID3838_GTACAGTTCAGGTAAA",0.0541699347558373,TRUE
"CID3838_GTAGAGGTCACCTCTG",0.105584694134579,TRUE
"CID3838_GTAGGTTCAAGCACAG",0.107542813460239,TRUE
"CID3838_GTATTTCCATTGCCTC",0.134639769576945,TRUE
"CID3838_GTCAAGTCATTCATCT",0.0785996294636576,TRUE
"CID3838_GTCAAGTGTCACGACC",0.0802435075020519,TRUE
"CID3838_GTCACTCCACTGATTG",0.0537988241639701,TRUE
"CID3838_GTCATGATCTGAACGT",0.197278561031718,TRUE
"CID3838_GTCTGTCTCGCACGGT",0.118813812177006,TRUE
"CID3838_GTGAGCCTCCGATAGT",0.135765726859593,TRUE
"CID3838_GTGCTGGTCGGCTGGT",0.173944001847516,TRUE
"CID3838_GTGGAAGTCGGTCTGG",0.06030214911439,TRUE
"CID3838_GTGTCCTTCGGAGTGA",0.808183006669271,FALSE
"CID3838_GTTACGACACTGAATC",0.0796618006633486,TRUE
"CID3838_GTTAGACAGACTGAGC",0.0770097167946054,TRUE
"CID3838_GTTAGTGGTATCCTCC",0.0486215008709955,TRUE
"CID3838_GTTAGTGTCTTTCAGT",0.0647860431426678,TRUE
"CID3838_GTTCCGTAGACTGAGC",0.126676336833738,TRUE
"CID3838_GTTGTGAGTAGCTTTG",0.120222806063002,TRUE
"CID3838_GTTTACTCAACTCGAT",0.106395665041256,TRUE
"CID3838_GTTTACTTCAAATGCC",0.355318306034933,TRUE
"CID3838_TAACACGAGTACCGGA",0.0629075397058738,TRUE
"CID3838_TAAGCACAGACTCTAC",0.317194564234056,TRUE
"CID3838_TAAGCACGTAACGCGA",0.0564404237858354,TRUE
"CID3838_TAAGCCAAGATGGGCT",0.325715118966847,TRUE
"CID3838_TACCTCGTCAGATTGC",0.0651754750800577,TRUE
"CID3838_TACGCTCCATTCACAG",0.380040935332123,TRUE
"CID3838_TACGGTATCTCTCCGA",0.0903882844359344,TRUE
"CID3838_TACGTCCTCTCGACGG",0.100977464436523,TRUE
"CID3838_TACTTCATCATCACAG",0.104614089528552,TRUE
"CID3838_TATCAGGTCCGACATA",0.161930476131444,TRUE
"CID3838_TATCTTGAGGTTATAG",0.217376120134035,TRUE
"CID3838_TCACAAGAGACGCTCC",0.162001143736476,TRUE
"CID3838_TCACACCGTGGGATTG",0.0467636506952176,TRUE
"CID3838_TCACGCTCATTGCAAC",0.837522367359386,FALSE
"CID3838_TCAGCAAAGGACAGTC",0.112556929261765,TRUE
"CID3838_TCAGTTTAGCAGATAT",0.101793413492312,TRUE
"CID3838_TCAGTTTAGGTGCTGA",0.0631257728339202,TRUE
"CID3838_TCATCATCAGCGCGTT",0.999994340080792,FALSE
"CID3838_TCATGAGAGTTTCGAC",0.125094913482835,TRUE
"CID3838_TCATTCACAGCTGCCA",0.0702318452265499,TRUE
"CID3838_TCCATCGAGTCAACAA",0.137412772176669,TRUE
"CID3838_TCCCAGTAGCATCCTA",0.244730172580204,TRUE
"CID3838_TCCCATGAGCGTGCCT",0.290640905526185,TRUE
"CID3838_TCCTAATGTGTGTGTT",0.0929601970786092,TRUE
"CID3838_TCCTGCAAGTCCGCCA",0.704958733792977,TRUE
"CID3838_TCCTTCTAGCTCGGCT",0.23515829916448,TRUE
"CID3838_TCCTTTCTCGAAACAA",0.0598673252493766,TRUE
"CID3838_TCGGATACATAATCGC",0.110986390316503,TRUE
"CID3838_TCGTCCACATGCCGCA",0.0754668840529827,TRUE
"CID3838_TCGTGGGCAAAGCTCT",0.0462092035682771,TRUE
"CID3838_TCTATACAGGTGCAGT",0.171220260105332,TRUE
"CID3838_TCTATCACATAATGCC",0.0437790418017509,TRUE
"CID3838_TCTCACGCACGGAAGT",0.705762177944693,TRUE
"CID3838_TCTCACGGTATCGCAT",0.948658476855761,FALSE
"CID3838_TCTGGCTCACTCTAGA",0.20649662720879,TRUE
"CID3838_TCTGGCTGTAACAGGC",0.0651920990550718,TRUE
"CID3838_TCTGGCTTCGGAGATG",0.251295826307165,TRUE
"CID3838_TGACAGTCACAACGAG",0.057877808223027,TRUE
"CID3838_TGACAGTGTGTCACAT",0.069994468393308,TRUE
"CID3838_TGACGCGCAACCAATC",0.0882912066603645,TRUE
"CID3838_TGACTCCCAACGATTC",0.0831777311850629,TRUE
"CID3838_TGAGGAGCAAATTAGG",0.0720107814714847,TRUE
"CID3838_TGATTCTCAACACAAA",0.190029976143837,TRUE
"CID3838_TGCAGATCATGAGGGT",0.0842551825635559,TRUE
"CID3838_TGCAGGCGTGCGTGCT",0.115758612693458,TRUE
"CID3838_TGCAGTAAGAAACTCA",0.0732777972157553,TRUE
"CID3838_TGCATCCCACGTCTCT",0.134711107065594,TRUE
"CID3838_TGCATCCGTGGATCAG",0.0957086760785129,TRUE
"CID3838_TGCGATACAGGCTTGC",0.0773144466253594,TRUE
"CID3838_TGCGGGTAGCGAAACC",0.115184890559721,TRUE
"CID3838_TGCTCGTGTCGAAACG",0.113735237836424,TRUE
"CID3838_TGCTTGCTCGCATTAG",0.0540850004356448,TRUE
"CID3838_TGGAACTGTAATGCTC",0.0573398832331316,TRUE
"CID3838_TGGAGAGAGGAGGTTC",0.361540823013871,TRUE
"CID3838_TGGAGGAGTCCTCATC",0.580449878541427,TRUE
"CID3838_TGGGAAGCATAGGTAA",0.0998809101702717,TRUE
"CID3838_TGGGAAGTCCACTGAA",0.0743819884679227,TRUE
"CID3838_TGGGATTCAACAGTGG",0.0535222358762075,TRUE
"CID3838_TGGGCTGAGCATCGAG",0.0392995976584044,TRUE
"CID3838_TGGGCTGCAACTACGT",0.130400206126513,TRUE
"CID3838_TGGTACACACATGACT",0.0742588103984076,TRUE
"CID3838_TGTAAGCGTTGCTCCT",0.37268962899136,TRUE
"CID3838_TGTCCCAGTTGAGGAC",0.745241882070612,TRUE
"CID3838_TGTGCGGAGTCGTTAC",0.0703621962979182,TRUE
"CID3838_TGTGTGAGTGTACATC",0.0833054853173536,TRUE
"CID3838_TGTTCTAGTGCGTCGT",0.403008158971563,TRUE
"CID3838_TGTTTGTCAATTAGGA",0.371697113847808,TRUE
"CID3838_TTAATCCCAGAGACTG",0.0937836120213271,TRUE
"CID3838_TTAATCCTCTCTCAAT",0.0566888054626381,TRUE
"CID3838_TTACAGGTCCGAGGCT",0.992500315109566,FALSE
"CID3838_TTACGTTTCATGGAGG",0.145653625434041,TRUE
"CID3838_TTCACGCGTGTTCATG",0.236172707131776,TRUE
"CID3838_TTCCAATAGATGCTGG",0.0510804746547885,TRUE
"CID3838_TTCGATTCATTCTGTT",0.0537592740419664,TRUE
"CID3838_TTCGGTCAGTGCAGCA",0.602412443461793,TRUE
"CID3838_TTCTCTCGTATAGCTC",0.0887220829307966,TRUE
"CID3838_TTGCCTGGTTCCGCGA",0.228568345220396,TRUE
"CID3838_TTGGATGTCTTCGACC",0.998824932699613,FALSE
"CID3838_TTGGTTTGTCTCTCTG",0.0793227442119821,TRUE
"CID3838_TTGTGGAAGGGACACT",0.103298043991968,TRUE
"CID3838_TTTACCAGTCCGGCAT",0.101496866399763,TRUE
"CID3838_TTTACCATCTTTGCTA",0.0518676117901667,TRUE
"CID3838_TTTACGTAGTTGTCGT",0.124879893026438,TRUE
"CID3838_TTTACTGAGGAAAGGT",0.597280715186886,TRUE
"CID3838_TTTCACAAGGTTATAG",0.205539999682298,TRUE
"CID3838_TTTCAGTTCGAAGAAT",0.2222171303211,TRUE
"CID3838_AACAAGAGTGGTACAG",0.120554197653708,TRUE
"CID3838_CTATAGGAGCTGAAAT",0.0416198475664563,TRUE
"CID3838_TCTCTGGAGCTCGGCT",0.0475421600979575,TRUE
"CID3838_CAGCAATAGTTGCGAG",0.137443703046026,TRUE
"CID3838_GTTGAACTCATCCTGC",0.0447018096563108,TRUE
"CID3838_ATCACAGTCCTCACGT",0.0591440690591861,TRUE
"CID3838_CGATCGGTCGTACCTC",0.0444417525778236,TRUE
"CID3838_CGCCAGATCCTAGCCT",0.0591541997333526,TRUE
"CID3838_TAACTTCTCACCATCC",0.0502317830220831,TRUE
"CID3838_TGAGACTCAAGGTACG",0.0412123852442839,TRUE
"CID3838_AAGGAATCACAGTCCG",0.963768479578847,FALSE
"CID3838_AATGACCGTATTGCCA",0.0376803597225534,TRUE
"CID3838_ACAAGCTAGCGCCTTG",0.150820803084705,TRUE
"CID3838_ACAGAAACAATTCTCT",0.0555476779614361,TRUE
"CID3838_ACAGGGAAGGTAAGTT",0.0503209901662065,TRUE
"CID3838_ACTCCCAGTACCAATC",0.0683234443599432,TRUE
"CID3838_ACTGTCCCACCGTGAC",0.116029800894896,TRUE
"CID3838_AGGTTACTCGGTGAAG",0.138286842947079,TRUE
"CID3838_ATAGACCAGTTAACGA",0.0506973010345717,TRUE
"CID3838_ATCGTCCCATGCAGCC",0.999606418301145,FALSE
"CID3838_CAGATCAGTTATGTGC",0.162308415543186,TRUE
"CID3838_CATACCCCATGAGATA",0.0537304912282732,TRUE
"CID3838_CATCGCTTCGCAACAT",0.0691179969704577,TRUE
"CID3838_CCACGAGAGATGCAGC",0.0610513286248598,TRUE
"CID3838_CCGGTAGAGTGAATAC",0.054386282472984,TRUE
"CID3838_CCTCAACAGTAGTCTC",0.372693430473176,TRUE
"CID3838_CGAAGGATCTCTTGCG",0.845334268418094,FALSE
"CID3838_CGTTAGATCTAGACAC",0.365334035833297,TRUE
"CID3838_CTCAACCAGCATCCTA",0.0537751440304325,TRUE
"CID3838_CTCCGATTCAGCAGAG",0.293304206742905,TRUE
"CID3838_GAATCACGTACAGAGC",0.105778204409175,TRUE
"CID3838_GACATCATCCTTATAC",0.164713361174958,TRUE
"CID3838_GACCTTCTCTCTAGGA",0.2630773987546,TRUE
"CID3838_GCATTAGCACATGACT",0.99571036991114,FALSE
"CID3838_GGCTTGGCACCCAAGC",0.0872753248190495,TRUE
"CID3838_GTACAACGTCGCCTAG",0.14276433343086,TRUE
"CID3838_GTATTGGTCATTACGG",0.342081833120461,TRUE
"CID3838_GTCAGCGAGTCACACT",0.050409809175888,TRUE
"CID3838_GTGAGGACATCAACCA",0.132168892375822,TRUE
"CID3838_GTGAGTTGTAAGACCG",0.0697802143353052,TRUE
"CID3838_GTGGCGTCACAGTATC",0.0421043792878855,TRUE
"CID3838_TAACTTCTCCAGCACG",0.308001028296545,TRUE
"CID3838_TACCGGGTCGAGAAGC",0.586626413006777,TRUE
"CID3838_TCCATCGAGCATCCCG",0.582191988023023,TRUE
"CID3838_TCGCACTGTCCGCAGT",0.184112657088742,TRUE
"CID3838_TCGGGTGAGTTGTCAC",0.18602097592893,TRUE
"CID3838_TGTGGCGAGGTGAGAA",0.049635978950708,TRUE
"CID3838_TTGTTGTGTGCCCTTT",0.324814879955616,TRUE
"CID3838_TTTCATGCATAGGCGA",0.229663959834908,TRUE
"CID3838_AAGCGTTGTCACTCTC",0.173193623841362,TRUE
"CID3838_AAGTACCCATGTACGT",0.0722006233067426,TRUE
"CID3838_ACGTACACATAAGCGG",0.0572776863134386,TRUE
"CID3838_ACGTTCCCAGCAGGAT",0.249162652331842,TRUE
"CID3838_AGATAGACAAACGGCA",0.0744184353617656,TRUE
"CID3838_AGGAGGTGTAACCAGG",0.0732745065060723,TRUE
"CID3838_ATACCGATCTGCGGCA",0.0644586281876558,TRUE
"CID3838_ATCACAGTCACGGGCT",0.0884140306883028,TRUE
"CID3838_ATCCCTGGTGTGCCTG",0.0874110926603296,TRUE
"CID3838_ATCCCTGTCCTCACTG",0.0678377186904175,TRUE
"CID3838_ATCGTCCAGCGACTAG",0.0390270515878173,TRUE
"CID3838_ATGAGGGCAGAATTCC",0.0525254437233535,TRUE
"CID3838_ATGGGAGAGTATTGCC",0.965449341635241,FALSE
"CID3838_ATTCCCGCAGAATGTA",0.0510531945198992,TRUE
"CID3838_CACCGTTTCTCCCATG",0.0978621499158305,TRUE
"CID3838_CACGGGTCAGACCTGC",0.100769691070271,TRUE
"CID3838_CACTGTCGTCGATTAC",0.0492920450891678,TRUE
"CID3838_CATGGTATCTTGTTAC",0.278071112811384,TRUE
"CID3838_CCAAGCGTCCGTACGG",0.536847694641158,TRUE
"CID3838_CCAATGACACTACCCT",0.077268219551413,TRUE
"CID3838_CCACACTGTTACCTGA",0.0742041294211391,TRUE
"CID3838_CCGGTGAGTTCGCGTG",0.0436302417393177,TRUE
"CID3838_CCGTGAGAGAAGTATC",0.0598909479071765,TRUE
"CID3838_CCTTCAGGTAGACGTG",0.0623981266291337,TRUE
"CID3838_CCTTTGGGTTCTGAGT",0.98869289426723,FALSE
"CID3838_CGAGGCTGTATGACAA",0.166538708023552,TRUE
"CID3838_CGATCGGTCACTGTTT",0.0698048835878657,TRUE
"CID3838_CGCGTGAGTCACAGAG",0.0934606582787231,TRUE
"CID3838_CGGAATTCATGTCTAG",0.0735823011839484,TRUE
"CID3838_CGGACACTCACCGGGT",0.0758660298641297,TRUE
"CID3838_CGTGAATAGGATTCCT",0.0576987604931826,TRUE
"CID3838_CTCAACCGTGGTTTGT",0.0481533510111166,TRUE
"CID3838_CTCCCAAGTAACCAGG",0.058000264277448,TRUE
"CID3838_CTGATCCGTCGCTCGA",0.0699715154789452,TRUE
"CID3838_CTGCTCAGTCGCTGCA",0.10770849928644,TRUE
"CID3838_CTGGCAGAGCATTTCG",0.394863002990736,TRUE
"CID3838_CTGTACCAGCTCCACG",0.0739258053275938,TRUE
"CID3838_CTGTCGTAGCGGTAAC",0.40002644171946,TRUE
"CID3838_CTTTCGGCATACATCG",0.246420181299105,TRUE
"CID3838_GAATAGACACGAGGTA",0.095932006889921,TRUE
"CID3838_GACCTTCAGTTGAAGT",0.993772523304448,FALSE
"CID3838_GAGGGATTCGTTGTTT",0.0658935281714716,TRUE
"CID3838_GAGGGTACATGTGTCA",0.999784776319357,FALSE
"CID3838_GAGTCATCATAATCCG",0.106732880427769,TRUE
"CID3838_GAGTGAGCAACGTATC",0.290929243621228,TRUE
"CID3838_GATCCCTTCCCAATAG",0.150504489050694,TRUE
"CID3838_GATGCTAGTCAATGGG",0.0584065706020304,TRUE
"CID3838_GCTGCAGTCTCACGAA",0.0601242278208379,TRUE
"CID3838_GGAGATGAGAGCATTA",0.647728255933812,TRUE
"CID3838_GGTGATTTCTAGAACC",0.417564254027986,TRUE
"CID3838_GTAACCATCTAGAGCT",0.886108031747759,FALSE
"CID3838_GTAGGAGAGTTGAAGT",0.144858362330865,TRUE
"CID3838_GTCACTCAGTGGAAAG",0.032555578804002,TRUE
"CID3838_GTCCACTGTGCTCTTC",0.047695972930644,TRUE
"CID3838_GTGACGCGTGTCACAT",0.161282811520765,TRUE
"CID3838_GTGATGTTCTATTTCG",0.113706198805116,TRUE
"CID3838_GTTTACTTCCCGTTGT",0.0499344545018175,TRUE
"CID3838_TAATCTCTCAAACCCA",0.295288775175198,TRUE
"CID3838_TACACCCTCCACGGGT",0.104088372935653,TRUE
"CID3838_TCAGTGACATACGCAT",0.0644021018312715,TRUE
"CID3838_TCATACTAGATGACAT",0.0849927301958687,TRUE
"CID3838_TCATGCCGTTCGGGTC",0.0634307113470208,TRUE
"CID3838_TCCTAATTCCAGTACA",0.169890544039341,TRUE
"CID3838_TCTTCCTTCAGAGTTC",0.86401652525851,FALSE
"CID3838_TCTTTGAGTCGCTTGG",0.144024399796154,TRUE
"CID3838_TGAGCGCGTGCCTATA",0.252081727316787,TRUE
"CID3838_TTCCACGAGCACTGGA",0.0702057417829171,TRUE
"CID3838_GGGAAGTTCATATGGC",0.939044986514785,FALSE
"CID3838_TGAGGGATCTACTGAG",0.130715065580066,TRUE
"CID3838_ATTGTTCGTTCGTTCC",0.427083740843251,TRUE
"CID3838_GGACGTCGTCTCAAGT",0.94638508074359,FALSE
"CID3838_GAATCACTCTGTCGTC",0.369790513250379,TRUE
"CID3838_CCGGACAAGCCATTTG",0.960929324182171,FALSE
"CID3838_CTTCTCTAGAGTAACT",0.160743663770131,TRUE
"CID3838_CTCATCGTCACGGAGA",0.159425240739892,TRUE
"CID3838_AACTTCTTCCAGTGTA",0.0452227998983138,TRUE
"CID3838_AATCGTGAGCTGGCCT",0.188669023223454,TRUE
"CID3838_AATTTCCGTACAAACA",0.453401093983465,TRUE
"CID3838_ACGGGTCAGAGCAGCT",0.0462879520440724,TRUE
"CID3838_AGAACAAAGGATGGCT",0.0356805161569555,TRUE
"CID3838_AGATCGTGTATGTCCA",0.177791472310822,TRUE
"CID3838_AGGACTTAGGCTCCCA",0.232300499498248,TRUE
"CID3838_ATCGTCCAGAGAGGTA",0.248266340611594,TRUE
"CID3838_ATGTCCCCATCGGAGA",0.15191814519702,TRUE
"CID3838_CAACCTCCACAGAGCA",0.123788190190733,TRUE
"CID3838_CAACGATTCAGGAGAC",0.0613119829274841,TRUE
"CID3838_CACTGGGAGCGCGTTC",0.0483414192350583,TRUE
"CID3838_CAGATCAAGTGACACG",0.976291909109965,FALSE
"CID3838_CATAAGCGTATTGCCA",0.140856390381404,TRUE
"CID3838_CATCCGTAGTAAACAC",0.247069196614483,TRUE
"CID3838_CATGCGGCACCCTGTT",0.79214557166924,FALSE
"CID3838_CCACAAAAGGCGTTAG",0.751856583662847,FALSE
"CID3838_CCACCATGTAGACAGC",0.105118685616293,TRUE
"CID3838_CCGATGGGTTGGCTAT",0.763811303520067,FALSE
"CID3838_CCGGTAGCACTTGGGC",0.640356767223826,TRUE
"CID3838_CCTCTCCGTGGACTAG",0.334870051967673,TRUE
"CID3838_CCTGCATCATCCGCGA",0.256989348156745,TRUE
"CID3838_CGCATAAAGTACGAGC",0.0396468043668053,TRUE
"CID3838_CGCATAACAATCCAGT",0.198910725548239,TRUE
"CID3838_CGGGACTCAAGAATGT",0.0867841094132204,TRUE
"CID3838_CTCAAGAAGCTAGCCC",0.071124178527241,TRUE
"CID3838_CTCCAACGTTACACTG",0.0783161157188026,TRUE
"CID3838_CTCCCTCTCACGAGGA",0.308151749388117,TRUE
"CID3838_CTCGAGGGTAGCGTCC",0.124457363720639,TRUE
"CID3838_GAAGGACCAAACACCT",0.0472365989183703,TRUE
"CID3838_GACCAATCATGAAGCG",0.0933886168755647,TRUE
"CID3838_GACTGATCAGTGGTGA",0.455096458660119,TRUE
"CID3838_GACTTCCTCGGATTAC",0.0666212846824912,TRUE
"CID3838_GAGGGTAAGTCCCGGT",0.130046918027225,TRUE
"CID3838_GATGCTACACGCTGCA",0.376507050707957,TRUE
"CID3838_GCAGTTATCTATCGTT",0.175897944782126,TRUE
"CID3838_GCCAGCACAACCCGCA",0.106971319837136,TRUE
"CID3838_GCCCGAAAGTTGTACC",0.0931997307939563,TRUE
"CID3838_GCTACCTTCGACATTG",0.447371582281952,TRUE
"CID3838_GCTGCAGAGCTGTTAC",0.442708233527067,TRUE
"CID3838_GGGTAGAAGCCAACCC",0.990436184543853,FALSE
"CID3838_GGGTTATGTCTCCTGT",0.188458617766695,TRUE
"CID3838_GGTAACTGTATGTCAC",0.0899557100969838,TRUE
"CID3838_GGTAGAGCAGGCACTC",0.170102423909714,TRUE
"CID3838_GGTCACGTCGTCTACC",0.99913587753734,FALSE
"CID3838_GTAACACTCCACGTAA",0.0439734147359927,TRUE
"CID3838_GTGAGGACAACGTTAC",0.0828606976894521,TRUE
"CID3838_GTGCTGGTCACTGGGC",0.182428916119231,TRUE
"CID3838_GTGTCCTAGGGTAGCT",0.943883039508735,FALSE
"CID3838_TAGAGTCGTGGTTTGT",0.95387624371971,FALSE
"CID3838_TAGGTTGAGTGGCGAT",0.0539080860005197,TRUE
"CID3838_TATCTTGAGCATAGGC",0.113955546063039,TRUE
"CID3838_TATTGGGCACAGAAGC",0.0747240821491332,TRUE
"CID3838_TCATACTAGAGTCTTC",0.0556891425007351,TRUE
"CID3838_TCATTCAAGACGCTCC",0.82303118557954,FALSE
"CID3838_TCCTCTTAGTTCAACC",0.802799351880545,FALSE
"CID3838_TCTACATAGTCTGCAT",0.0599470112371661,TRUE
"CID3838_TGAATGCGTGCAAGAC",0.432998668576912,TRUE
"CID3838_TGCGGGTAGTTGCCTA",0.22027416624622,TRUE
"CID3838_TGCTCCAAGAAAGCGA",0.110961555688295,TRUE
"CID3838_TGGAGAGCATTAAAGG",0.0497478515326025,TRUE
"CID3838_TGTCCACAGCACTAGG",0.210341665275367,TRUE
"CID3838_TTATTGCGTAGTTAGA",0.790179926169107,FALSE
"CID3838_TTCAGGAAGATCCGAG",0.221189508578799,TRUE
"CID3838_TTCATGTCAACGTATC",0.249711659322805,TRUE
"CID3838_TTCGCTGCACGAAAGC",0.0796711003566267,TRUE
"CID3838_TTCGGTCAGTGAGTGC",0.799698077968028,FALSE
"CID3838_TTCGGTCCAAATGATG",0.981817733995946,FALSE
"CID3838_TTGACCCCAGTCCCGA",0.0525885349232604,TRUE
"CID3838_TTGCATTCATAACTCG",0.0509077448110153,TRUE
"CID3838_TTTGACTCAAAGGGCT",0.678394104409591,TRUE
"CID3838_AGTCACATCTACACAG",0.110355181793506,TRUE
"CID3838_GTCCCATTCATCCTAT",0.184155583709041,TRUE
"CID3838_GTTAGACCAACGTATC",0.225293103290638,TRUE
"CID3838_TGGTACATCATCAGTG",0.414463974209729,TRUE
"CID3838_TTCTAGTTCTTTCCGG",0.115587826432824,TRUE
"CID3838_CAACGGCGTCGCATCG",0.0470536825121674,TRUE
"CID3838_ACAGAAAGTAACGCGA",0.214330887308092,TRUE
"CID3838_AGACCCGCACAAGTTC",0.189847902517064,TRUE
"CID3838_AGCCACGGTCGTTATG",0.163364155659356,TRUE
"CID3838_AGGTTACAGTATGATG",0.107695883800683,TRUE
"CID3838_AGGTTGTGTCGGAAAC",0.14801694837928,TRUE
"CID3838_ATGAGTCCAAGCTCTA",0.0811026738823884,TRUE
"CID3838_ATTGTTCTCTGAGAGG",0.20315669585086,TRUE
"CID3838_CACAGATGTCGACTGC",0.950924953175822,FALSE
"CID3838_CATACAGGTAGCCAGA",0.106730127390314,TRUE
"CID3838_CATCAAGCAGCCTATA",0.204010975501008,TRUE
"CID3838_CATGCCTCACGACTAT",0.0670476547170893,TRUE
"CID3838_CGGAACCCACCTCGTT",0.246112808513699,TRUE
"CID3838_CTCAACCGTCCGTACG",0.126516529710245,TRUE
"CID3838_CTGCCTAAGACTGTTC",0.104105871488212,TRUE
"CID3838_CTGTATTCATAGACTC",0.09236699698779,TRUE
"CID3838_GACCAATAGGTATCTC",0.0840922192353028,TRUE
"CID3838_GATAGCTCACAAGTTC",0.102841891346923,TRUE
"CID3838_GCAACATAGCGTATAA",0.306144248918517,TRUE
"CID3838_GCACTAATCCTTGGAA",0.553505391173779,TRUE
"CID3838_GGCGTCAGTATCGAAA",0.550942029116224,TRUE
"CID3838_GGGATCCCACAAGTTC",0.0869534579212276,TRUE
"CID3838_GGTGGCTCAGTTAGAA",0.121641261847061,TRUE
"CID3838_GTACAGTAGGCTAGCA",0.221741713310436,TRUE
"CID3838_GTGCAGCGTTCTAACG",0.0960635349677419,TRUE
"CID3838_GTTGCTCCAAATGCTC",0.81308500344691,FALSE
"CID3838_GTTGTAGCACGATTCA",0.166540345365912,TRUE
"CID3838_TCGATTTGTAAGATTG",0.0467711770904276,TRUE
"CID3838_TCTAACTCAGTTAGGG",0.384972083981295,TRUE
"CID3838_TCTACCGAGTTCGGTT",0.406496549186893,TRUE
"CID3838_TCTACCGGTAAGAACT",0.15379218251928,TRUE
"CID3838_TGAGCGCAGACAGCTG",0.520037649925885,TRUE
"CID3838_TGATGCAAGCACACAG",0.0926367398063164,TRUE
"CID3838_TGCGGGTAGCGCCTTG",0.089656889075012,TRUE
"CID3838_TGGTACACAACTTCTT",0.109973212040069,TRUE
"CID3838_TTACCATTCGTAACAC",0.163005375180913,TRUE
"CID3838_TTATTGCAGTGTTGAA",0.0736460067145846,TRUE
"CID3838_CGCCATTTCTCGCTTG",0.297707242751497,TRUE
"CID3838_CTACCTGAGTGGTTGG",0.0963231563915339,TRUE
"CID3838_GAGCCTGAGGCAGCTA",0.075460400213141,TRUE
"CID3838_TCTGTCGCAACCGGAA",0.886673287647305,FALSE
"CID3838_AAGTTCGCAATGAGCG",0.107529009891675,TRUE
"CID3838_ACTTTCATCATGAGGG",0.327094613420897,TRUE
"CID3838_AGACAGGGTAACCCTA",0.219186880395662,TRUE
"CID3838_AGGATCTCATCTTTCA",0.386425652124748,TRUE
"CID3838_AGGCTGCCACAGAGAC",0.135164280898864,TRUE
"CID3838_ATCACGATCGTCAGAT",0.065199718165171,TRUE
"CID3838_ATGCGATTCGAACGCC",0.118707688933112,TRUE
"CID3838_ATGGGAGTCAAATAGG",0.172086543363598,TRUE
"CID3838_CACACAATCACCTCTG",0.0796982909291174,TRUE
"CID3838_CATCCGTCAGACCCGT",0.12378002366723,TRUE
"CID3838_CATCGTCGTGACTAAA",0.281165584886138,TRUE
"CID3838_CCGATCTCACATTCTT",0.0974249881092983,TRUE
"CID3838_CCGGTAGGTACGATGG",0.216252430728415,TRUE
"CID3838_CCTATCGAGTCTCCTC",0.0473132809800258,TRUE
"CID3838_CGAGGCTCATGTTCAG",0.28225527883407,TRUE
"CID3838_GAAACCTGTGCTCTCT",0.160625186439944,TRUE
"CID3838_GAGAAATGTTGGCTAT",0.680336607258933,TRUE
"CID3838_GGGACAACACCTAAAC",0.224875426813153,TRUE
"CID3838_GTAGAAATCGATTGGT",0.999051849090441,FALSE
"CID3838_GTTAGTGCACCACTGG",0.402093931486821,TRUE
"CID3838_GTTCTATAGCAGGTCA",0.242441443447193,TRUE
"CID3838_TCTACATGTTTCTATC",0.9326099750419,FALSE
"CID3838_TGTCCACCACTACTTT",0.0551504698727677,TRUE
"CID3838_TGTCCCATCTCGAGTA",0.436656165923348,TRUE
"CID3838_AAACCCATCTTAGCTT",0.186564235229955,TRUE
"CID3838_AAAGGATTCTCCTGCA",0.12788538454352,TRUE
"CID3838_AAAGGGCAGGATACGC",0.229388688851716,TRUE
"CID3838_AAATGGATCAAGTGTC",0.159640293324399,TRUE
"CID3838_AACAAGAAGCGGGTAT",0.192104573922077,TRUE
"CID3838_AATTCCTCAGTCCCGA",0.1781891356624,TRUE
"CID3838_AATTCCTGTGTGAATA",0.150010592457582,TRUE
"CID3838_ACCAACAGTAGTGCGA",0.573816171725197,TRUE
"CID3838_ACCCTTGGTCACCACG",0.997852058031705,FALSE
"CID3838_ACCTACCAGGCGTCCT",0.316073351715077,TRUE
"CID3838_ACGATGTAGGCTCAAG",0.999761918743753,FALSE
"CID3838_ACGGAAGGTGATGGCA",0.220461605627419,TRUE
"CID3838_ACGGTTAAGTGCTACT",0.734260763877301,TRUE
"CID3838_ACTTAGGTCTTAGGAC",0.996120651962347,FALSE
"CID3838_ACTTCGCCAGGTGTGA",0.728063788149513,TRUE
"CID3838_AGACACTTCTGGGCAC",0.15805664190327,TRUE
"CID3838_AGAGAATTCGTTCATT",0.160275901334682,TRUE
"CID3838_AGCGATTAGCTAATCC",0.248959297432855,TRUE
"CID3838_AGGACTTCAAACTCTG",0.179723880848435,TRUE
"CID3838_AGGATAATCTAAACGC",0.140473469902347,TRUE
"CID3838_AGGGCTCCATGAAGCG",0.112251097597539,TRUE
"CID3838_AGGTTGTTCGTTACCC",0.552181639663023,TRUE
"CID3838_AGTAGCTCACACAGCC",0.671344776588882,TRUE
"CID3838_ATACTTCGTTCCTAGA",0.998841961335463,FALSE
"CID3838_ATCACGATCAACACGT",0.377809365792246,TRUE
"CID3838_ATCGTGATCAGCGCAC",0.130343910993466,TRUE
"CID3838_ATCTCTACACATCCCT",0.101373546055733,TRUE
"CID3838_ATGAGTCTCCTTATCA",0.15329770292769,TRUE
"CID3838_ATGCATGCATAACGGG",0.381257080706684,TRUE
"CID3838_ATGGATCTCTCTATAC",0.141070990510929,TRUE
"CID3838_ATTCTTGTCCGATAAC",0.910310360832381,FALSE
"CID3838_ATTTCACTCACCTCGT",0.973422679016896,FALSE
"CID3838_ATTTCTGGTGCCCTTT",0.250149942091086,TRUE
"CID3838_CAACGGCCACTCTAGA",0.188808255926385,TRUE
"CID3838_CAAGCTAGTTCGGACC",0.241844820750997,TRUE
"CID3838_CAAGCTATCCGAGAAG",0.205083735206034,TRUE
"CID3838_CAATTTCGTATCACCA",0.999928305110798,FALSE
"CID3838_CACGAATCAGGTCCGT",0.153419800333316,TRUE
"CID3838_CACTGTCTCGTTCTGC",0.120463971771449,TRUE
"CID3838_CAGATACGTGGCTCTG",0.303911361772312,TRUE
"CID3838_CAGATCACAGGGACTA",0.119973751127357,TRUE
"CID3838_CAGTTCCGTTCGAACT",0.194829781560165,TRUE
"CID3838_CAGTTCCTCCACGTCT",0.151237281315735,TRUE
"CID3838_CATCGGGTCGTCCTCA",0.181382696702932,TRUE
"CID3838_CATGCAATCGTAGTGT",0.145882421325205,TRUE
"CID3838_CATGCCTCACTTCATT",0.145174330540118,TRUE
"CID3838_CCAAGCGGTGTACAGG",0.331695190954065,TRUE
"CID3838_CCCTAACTCCTGCCAT",0.237490454504555,TRUE
"CID3838_CCCTCTCAGACGTCCC",0.150514090450797,TRUE
"CID3838_CCCTGATTCAGTCATG",0.246413014678204,TRUE
"CID3838_CCGGACACAGAAATTG",0.148743099520312,TRUE
"CID3838_CCGGTGAAGCCACTCG",0.14819327668366,TRUE
"CID3838_CCGGTGAAGGAACGAA",0.440701600930336,TRUE
"CID3838_CCGTTCACAGAATGTA",0.135236655303143,TRUE
"CID3838_CCTTTGGGTATGACAA",0.318539463220389,TRUE
"CID3838_CGGACACCAGCAAGAC",0.15293664941742,TRUE
"CID3838_CGGAGAATCGGCATAT",0.134634541752701,TRUE
"CID3838_CGTCCATCACCAGACC",0.182628909538735,TRUE
"CID3838_CGTGATACAGCCATTA",0.138831032630016,TRUE
"CID3838_CGTTCTGAGGAAGTCC",0.225341839656345,TRUE
"CID3838_CTACCCAGTCTAGGTT",0.399681386537182,TRUE
"CID3838_CTATAGGCAAAGGGCT",0.39117702355445,TRUE
"CID3838_CTCAGTCAGCACCGAA",0.130043987833122,TRUE
"CID3838_CTCATGCAGCTTGTTG",0.136519019848676,TRUE
"CID3838_CTCCAACAGGAACGTC",0.819417363900913,FALSE
"CID3838_CTCCCTCTCTCAAAGC",0.116194070128945,TRUE
"CID3838_CTCTGGTAGTGTCATC",0.137627812615293,TRUE
"CID3838_CTGCAGGTCTACAGGT",0.652556877763835,TRUE
"CID3838_CTGCCATAGGTGGGTT",0.151643542549377,TRUE
"CID3838_CTGGCAGGTAGTGGCA",0.230385142038692,TRUE
"CID3838_CTGTACCGTCGTTGCG",0.28430977031358,TRUE
"CID3838_CTGTGAAGTACCCGAC",0.636608997490188,TRUE
"CID3838_CTGTGAATCCTCGATC",0.879852271605328,FALSE
"CID3838_CTTCAATGTACGGGAT",0.140282688366631,TRUE
"CID3838_CTTCGGTAGGATGAGA",0.43622636028003,TRUE
"CID3838_GAACGTTTCCCGTGTT",0.86453777375196,FALSE
"CID3838_GACTTCCTCGATGGAG",0.170579645289403,TRUE
"CID3838_GAGGGATAGAGTAACT",0.130726754018588,TRUE
"CID3838_GAGTCATTCAGCGGAA",0.191901911982762,TRUE
"CID3838_GAGTCTATCCACTGGG",0.332209404446455,TRUE
"CID3838_GATCCCTCAACCGACC",0.325725038381579,TRUE
"CID3838_GATGACTCAGGGTCTC",0.132500862414164,TRUE
"CID3838_GATTGGTGTCTAGGTT",0.688320335264766,TRUE
"CID3838_GATTGGTTCAAGGACG",0.115169845555773,TRUE
"CID3838_GCACGTGCAATTGTGC",0.223678531313824,TRUE
"CID3838_GCATGATTCAAGCCCG",0.146864220432191,TRUE
"CID3838_GCCAGCACAATAAGGT",0.210882962818421,TRUE
"CID3838_GCCAGTGGTATCAGGG",0.228258382213419,TRUE
"CID3838_GCCCAGACACTGGACC",0.131793134654706,TRUE
"CID3838_GCCCGAAAGTATGACA",0.0330692117196072,TRUE
"CID3838_GGAATCTGTTCCTAGA",0.391705425322099,TRUE
"CID3838_GGAATCTTCGATCCAA",0.143924737696383,TRUE
"CID3838_GGACGTCGTCAGGTAG",0.625866224506147,TRUE
"CID3838_GGAGATGAGCTGGTGA",0.27976506489527,TRUE
"CID3838_GGGACCTAGCAGTAAT",0.919137273566748,FALSE
"CID3838_GGGACCTTCATCGCTC",0.156709414270565,TRUE
"CID3838_GGTAACTCATTATGCG",0.170959370140894,TRUE
"CID3838_GGTCTGGTCTGCATAG",0.0735329693692826,TRUE
"CID3838_GGTGTTAAGCCTCTTC",0.561950911962531,TRUE
"CID3838_GTACAACAGCTCTGTA",0.273019735395259,TRUE
"CID3838_GTACAGTTCGAACGCC",0.152209101155607,TRUE
"CID3838_GTCAAGTTCACTTGGA",0.472853700043954,TRUE
"CID3838_GTCATTTTCCTAGCCT",0.191298409519125,TRUE
"CID3838_GTGATGTCATCGGATT",0.208671826801203,TRUE
"CID3838_GTGGCGTAGGTTACAA",0.123781271867843,TRUE
"CID3838_GTGGGAAGTATGTCTG",0.993336126856945,FALSE
"CID3838_GTTCGCTAGGCAGGTT",0.156707360268776,TRUE
"CID3838_GTTCGCTAGTAACAGT",0.511852054956172,TRUE
"CID3838_GTTGTAGGTCGCATGC",0.66966785462985,TRUE
"CID3838_TAACACGCATTCGATG",0.163544306246228,TRUE
"CID3838_TAACGACCAGCATGCC",0.144552912958433,TRUE
"CID3838_TAAGCACTCTATTCGT",0.295008097157298,TRUE
"CID3838_TAAGCCAGTCTGCCTT",0.151563528457854,TRUE
"CID3838_TACAACGAGTCCTGCG",0.121677845847859,TRUE
"CID3838_TACCCGTAGCGAGAAA",0.747130846279443,TRUE
"CID3838_TACCTCGCATGACTGT",0.18403607088389,TRUE
"CID3838_TACTGCCTCACTAGCA",0.278573469818744,TRUE
"CID3838_TCAAGTGCATTAGGAA",0.45665512457298,TRUE
"CID3838_TCAGCAAAGATGTTAG",0.158574874245421,TRUE
"CID3838_TCAGCAATCGATGCTA",0.122916223991183,TRUE
"CID3838_TCATACTAGGCCTAGA",0.0958054432041984,TRUE
"CID3838_TCATACTTCTGTAAGC",0.260782293112171,TRUE
"CID3838_TCATCATAGACCAAAT",0.101636605841445,TRUE
"CID3838_TCATCATCAAATACAG",0.205321191805353,TRUE
"CID3838_TCCACGTAGACAACAT",0.544112395908475,TRUE
"CID3838_TCCATCGAGTTCACTG",0.210330261868399,TRUE
"CID3838_TCCGAAACATCGTTCC",0.262532271229712,TRUE
"CID3838_TCCGATCTCCGTATGA",0.166480288385587,TRUE
"CID3838_TCGACCTAGCAAGTCG",0.171007760502238,TRUE
"CID3838_TCGCTCAGTTCCTAGA",0.409322292734602,TRUE
"CID3838_TCGGGCACAAGGATGC",0.120976282147597,TRUE
"CID3838_TCGTAGAAGTAGACCG",0.21862123981837,TRUE
"CID3838_TCGTGCTTCCGCGAGT",0.340823242275367,TRUE
"CID3838_TCTCAGCAGTATGACA",0.109454887477775,TRUE
"CID3838_TCTCCGACATCCTCAC",0.130392543423331,TRUE
"CID3838_TGACCCTCATCGGAGA",0.508658084794808,TRUE
"CID3838_TGAGGTTTCCCATGGG",0.169559276727877,TRUE
"CID3838_TGATTTCGTTTACACG",0.150109592557488,TRUE
"CID3838_TGCGACGAGTATTCCG",0.143407160665388,TRUE
"CID3838_TGCTCCACAGCTTTCC",0.296834652143629,TRUE
"CID3838_TGCTCCATCTCGGTCT",0.117867148083726,TRUE
"CID3838_TGCTGAAGTTCTCGTC",0.269426242391522,TRUE
"CID3838_TGCTTGCCATAACAGA",0.353387663823334,TRUE
"CID3838_TGGATGTGTTTCGTGA",0.980915626495779,FALSE
"CID3838_TGGGATTTCATTACGG",0.0667928078493809,TRUE
"CID3838_TGGTGATGTCCACAGC",0.956942848431269,FALSE
"CID3838_TGTCCCAGTATGTCCA",0.186959706814641,TRUE
"CID3838_TGTGATGTCAAAGCCT",0.262950585103928,TRUE
"CID3838_TGTGTGATCGCCTTTG",0.253526231794061,TRUE
"CID3838_TTACGTTTCACCTTGC",0.234293254554402,TRUE
"CID3838_TTCATTGGTTCGGCGT",0.286264486440112,TRUE
"CID3838_TTCTCTCGTACGCTTA",0.122736469256487,TRUE
"CID3838_TTGAACGAGTAACGTA",0.161188050366758,TRUE
"CID3838_TTGTGGACATGAAAGT",0.127339717209522,TRUE
"CID3838_TTGTTCACACATATGC",0.173906373196231,TRUE
"CID3838_TTGTTCATCGCACGGT",0.161727916727953,TRUE
"CID3838_TTTACGTAGATTGATG",0.200429605323685,TRUE
"CID3838_TTTACGTTCGATACGT",0.390470975524901,TRUE
"CID3838_TTTCACATCACTTGTT",0.16725500979836,TRUE
"CID3838_TTTCACATCTCAATCT",0.119425800768111,TRUE
"CID3838_TACTTCACACCAGCGT",0.24730087680683,TRUE
"CID3838_ACTTCGCGTCTTCGAA",0.998830240933228,FALSE
"CID3838_ATGGGAGCATTGACTG",0.170085131273788,TRUE
"CID3838_CCACGTTTCCGTCACT",0.166062085600305,TRUE
"CID3838_GTAGAAATCTCAACCC",0.156108200141376,TRUE
"CID3838_TACACCCAGGATCATA",0.132632602319658,TRUE
"CID3838_TCTCAGCAGTAGCCAG",0.50677750072728,TRUE
"CID3838_AACGAAAGTCCTGTCT",0.245423064153848,TRUE
"CID3838_ACATGCAAGCTCGACC",0.235310692004422,TRUE
"CID3838_ACGTAGTTCCAAACCA",0.355065510008959,TRUE
"CID3838_CATACAGCAGTCACGC",0.366799407915493,TRUE
"CID3838_CATCCACGTTTGGGAG",0.170444701576139,TRUE
"CID3838_GAAGCCCCACTTCAAG",0.294362799572732,TRUE
"CID3838_GAGCCTGAGCTGTGCC",0.224262231607112,TRUE
"CID3838_GTCAAACTCTTACGGA",0.172504496778872,TRUE
"CID3838_TGTCCACAGCTACGTT",0.250054084365875,TRUE
"CID3838_TTCATGTGTCCCTCAT",0.195098690751818,TRUE
"CID3838_GCCAACGCACGCAAAG",0.201418197618631,TRUE
"CID3838_ACAGGGAAGAAGTCAT",0.999982543281053,FALSE
"CID3838_CGAGGCTGTGATCGTT",0.179968838264497,TRUE
"CID3838_GCTTGGGTCGAACCTA",0.902435034260037,FALSE
"CID3838_GGAATGGAGGATTTGA",0.109311950265542,TRUE
"CID3838_ACCCTTGGTCGGATTT",0.376094334161699,TRUE
"CID3838_CAATGACGTGGTGATG",0.21090674812394,TRUE
"CID3838_CACTGGGCAAGGTCAG",0.392982471347682,TRUE
"CID3838_CATAAGCGTCGTCTCT",0.286793871164165,TRUE
"CID3838_CGGGACTAGTTACGTC",0.120925190704233,TRUE
"CID3838_CTTAGGAGTATACAGA",0.19316755133122,TRUE
"CID3838_GATCGTACACGCGTCA",0.528780331222585,TRUE
"CID3838_TCGGTCTAGCGCTTCG",0.329480669420898,TRUE
"CID3838_TGCGACGGTGCTATTG",0.176078249959797,TRUE
"CID3838_TGGATGTAGTTCCAGT",0.809780292668092,FALSE
"CID3838_TTACAGGTCCAGTGTA",0.999989208860342,FALSE
"CID3838_TTGAGTGGTCCTGGGT",0.214732577278765,TRUE
"CID3838_TTGTGGAGTTCAGGTT",0.169300043024985,TRUE
"CID3838_AATGGAACACCACATA",0.877417649775894,FALSE
"CID3838_ACAGGGATCCAAGCCG",0.12522529458762,TRUE
"CID3838_ACATCCCTCAGCGCGT",0.27505820181725,TRUE
"CID3838_AGGTGTTTCCATTTAC",0.155288892109225,TRUE
"CID3838_ATACCGACATAGATGA",0.172520244649713,TRUE
"CID3838_ATAGACCCACATACTG",0.239008660073408,TRUE
"CID3838_ATCGTAGCAGCAGAAC",0.197366912389454,TRUE
"CID3838_CAGCGTGTCGCATAGT",0.148088454569846,TRUE
"CID3838_CGACAGCAGCGCTGAA",0.19915886739718,TRUE
"CID3838_CGGCAGTTCCTAAGTG",0.196284425545767,TRUE
"CID3838_CTCCGATAGCCTAACT",0.172850326748787,TRUE
"CID3838_CTTTCGGAGGGCTGAT",0.144418460223293,TRUE
"CID3838_CTTTCGGTCCATCTCG",0.145709065628653,TRUE
"CID3838_GAACACTGTGCCTTTC",0.127923521855305,TRUE
"CID3838_GCCAGTGCAAGTGATA",0.168492176391219,TRUE
"CID3838_GCGGAAACAGCAGTAG",0.133835300530019,TRUE
"CID3838_GTCATTTCACGACAGA",0.289002003628264,TRUE
"CID3838_TAACTTCAGTTTGGCT",0.295575288394106,TRUE
"CID3838_TACCGGGGTCAGACTT",0.173214731030387,TRUE
"CID3838_TATCTGTAGACCATGG",0.33332101996307,TRUE
"CID3838_TCACATTTCACAAGGG",0.167205685305917,TRUE
"CID3838_TCAGGTAAGGTGGCTA",0.999809311696427,FALSE
"CID3838_TCCTCCCCAGCATCTA",0.176364199181787,TRUE
"CID3838_TCGCACTAGCTGTCCG",0.166952862468708,TRUE
"CID3838_TCTCAGCTCCTGGGAC",0.0876300106102377,TRUE
"CID3838_TGCTCCAAGAGTGGCT",0.156502067859676,TRUE
"CID3838_TGTAAGCTCCTCAGAA",0.174392405385738,TRUE
"CID3838_TGTGGCGTCTACGCGG",0.178062891319656,TRUE
"CID3838_TGTTCCGTCCAAACCA",0.207537122987466,TRUE
"CID3838_TTAGGGTTCTGTTGGA",0.235822114133789,TRUE
"CID3838_TGAATCGGTCGCGTCA",0.117662985629376,TRUE
"CID3838_CAACAGTGTATCGATC",0.195380533665963,TRUE
"CID3838_TCACACCTCTGGGCAC",0.360130114362143,TRUE
"CID3838_CTGTCGTGTGCCTAAT",0.174133828331,TRUE
"CID3838_AGGAAATGTGGCACTC",0.185578620302998,TRUE
"CID3838_ATACCGATCAAATGCC",0.176592203192285,TRUE
"CID3838_ATGAAAGGTGGAACCA",0.809346615014376,FALSE
"CID3838_ATTCCATTCCGTGTGG",0.93890875269365,FALSE
"CID3838_CAGCAATCACGGTAGA",0.24979595689762,TRUE
"CID3838_CAGCCAGAGGCCCGTT",0.441559209572855,TRUE
"CID3838_CCCAACTAGACCAGAC",0.24892867876656,TRUE
"CID3838_CGCCAGAAGTTTGAGA",0.284113567091448,TRUE
"CID3838_CTAGGTACAGCGACAA",0.669037070071004,TRUE
"CID3838_CTCAGAACAGGTTACT",0.238513860789694,TRUE
"CID3838_CTTAGGATCTAACGCA",0.785255506842819,FALSE
"CID3838_CTTCCGATCATCTGTT",0.82737222702578,FALSE
"CID3838_GAATCACCAATGGCAG",0.92592012922657,FALSE
"CID3838_GATTCTTCATGCCATA",0.208723073540678,TRUE
"CID3838_GCAGGCTAGGCTCTAT",0.61438254843514,TRUE
"CID3838_GCTACAAGTGGATACG",0.157434919009088,TRUE
"CID3838_GCTTGGGTCCCAAGCG",0.99939149508509,FALSE
"CID3838_GGAATGGGTGACCGAA",0.215427790951564,TRUE
"CID3838_GTAGAAACATTGCTGA",0.599143557455375,TRUE
"CID3838_GTTCGCTAGATCGCCC",0.269990815915172,TRUE
"CID3838_TAGGTACGTTTCACAG",0.655674866814417,TRUE
"CID3838_TCCATCGTCTGAGGTT",0.0298871091331898,TRUE
"CID3838_TGACTCCAGTATAGAC",0.914550229388438,FALSE
"CID3838_TGAGCATGTCAGCGTC",0.119201073546514,TRUE
"CID3838_TGGATGTAGGTGCATG",0.239193449270808,TRUE
"CID3838_TGGGAAGAGCCTGGAA",0.147947347762468,TRUE
"CID3838_TGTGGCGAGCACCGAA",0.512163401164566,TRUE
"CID3838_ATCCTATCAACGTATC",0.800120751793957,FALSE
"CID3838_CATCGTCGTTGCACGC",0.216064676405895,TRUE
"CID3838_CGCAGGTTCCTGTACC",0.779665771823696,FALSE
"CID3838_CTGGACGGTCCACTCT",0.839529628692362,FALSE
"CID3838_TTTGATCTCGATTGAC",0.176178090824505,TRUE
"CID3838_CTCAAGAGTCACTCGG",0.392616479298509,TRUE
"CID3838_GTGATGTCACAAGCAG",0.22707967130429,TRUE
"CID3838_AGGATAAGTAAGGCCA",0.339251763344933,TRUE
"CID3838_ATCGTAGAGCGTCAAG",0.11686608623795,TRUE
"CID3838_CCATAAGGTCTCGGAC",0.033101915124117,TRUE
"CID3838_CTGCTCACATGTTCAG",0.998534150068018,FALSE
"CID3838_CTTCTAAAGGCTGTAG",0.978080515538721,FALSE
"CID3838_GCATCTCTCGGCTTGG",0.990577753667831,FALSE
"CID3838_GGACGTCTCCCAGGCA",0.628236934665484,TRUE
"CID3838_TAAGCACCATTCCTCG",0.0695830306609733,TRUE
"CID3838_TCATATCAGGAGCTGT",0.528158238454425,TRUE
"CID3838_TCCTCCCCATCTTTCA",0.177484607997211,TRUE
"CID3838_TGATTTCCACTACAGT",0.999801080500876,FALSE
"CID3838_ATGGAGGCACTTGAAC",0.0363822194009537,TRUE
"CID3838_TCGTAGAAGAGGTGCT",0.191985405059271,TRUE
"CID3838_CTGTATTCATTGAAAG",0.690380373543399,TRUE
"CID3838_TACGTCCTCTACTTCA",0.189092720196435,TRUE
"CID3838_ACCAACAGTCCTACGG",0.255904696642284,TRUE
"CID3838_AGCGCCACAACCCTAA",0.19076622908229,TRUE
"CID3838_ATAGACCCATCTCATT",0.225955079179688,TRUE
"CID3838_CGAGAAGTCAGCAGAG",0.202729196011364,TRUE
"CID3838_GTAGTACAGACTCTTG",0.186061175170845,TRUE
"CID3838_GTGTTCCAGCAGTACG",0.280561655881857,TRUE
"CID3838_TGGAGAGTCATTGAGC",0.373632187035664,TRUE
"CID3838_TTGGTTTCAAGAAATC",0.218089486618294,TRUE
"CID3838_AACCTGAAGCCTGGAA",0.473406991296199,TRUE
"CID3838_AACGTCATCTTTGATC",0.121973364113953,TRUE
"CID3838_AAGCCATGTTTCGTAG",0.181380589278622,TRUE
"CID3838_AAGGAATTCTACTGAG",0.111719918054661,TRUE
"CID3838_ACAACCACACGACGTC",0.182137336743347,TRUE
"CID3838_ACACCAAGTCGAACAG",0.961501983350476,FALSE
"CID3838_ACACTGATCAGCGTCG",0.156557842758273,TRUE
"CID3838_ACGGAAGAGGCGAAGG",0.337276553384699,TRUE
"CID3838_ACTGATGCATGCTGCG",0.0826650271172579,TRUE
"CID3838_ATCCATTCACTAGGTT",0.23538663083941,TRUE
"CID3838_ATCCGTCCAGAGATTA",0.193604138105943,TRUE
"CID3838_ATCGTGACATTATGCG",0.170529823073719,TRUE
"CID3838_CCAAGCGCAATTCTTC",0.18603447157461,TRUE
"CID3838_CCACACTAGTGGTGAC",0.181671216218165,TRUE
"CID3838_CCCGGAAAGTGAGGCT",0.268076254005001,TRUE
"CID3838_CCCTAACCACCTGCTT",0.148364454557149,TRUE
"CID3838_CCCTCAACAGCTAACT",0.279439652412577,TRUE
"CID3838_CCGTGAGTCCGAACGC",0.178841115499893,TRUE
"CID3838_CCGTTCAGTATGCGTT",0.227571611224283,TRUE
"CID3838_CCTCATGGTCGAAACG",0.386094666812039,TRUE
"CID3838_CGAAGGATCTAGTTCT",0.162146928258638,TRUE
"CID3838_CGCATAACAGCTACAT",0.172441435156483,TRUE
"CID3838_CGCCAGACAGATCATC",0.138695256116641,TRUE
"CID3838_CGGGTCAAGGTCCCGT",0.999747780986032,FALSE
"CID3838_CTCCGATAGCCGCTTG",0.144045384772388,TRUE
"CID3838_CTGATCCTCTGGGCAC",0.320275022140775,TRUE
"CID3838_GAATCACTCCAACCGG",0.117222948829609,TRUE
"CID3838_GTAACACTCGTCGACG",0.617191213286583,TRUE
"CID3838_GTCCTCATCCTAAGTG",0.221577833574389,TRUE
"CID3838_GTGCTGGCATAACAGA",0.175449158894967,TRUE
"CID3838_TACCCACCATTGAGGG",0.227276389154859,TRUE
"CID3838_TCGTAGATCCATTTCA",0.520356209075184,TRUE
"CID3838_TGCTTGCAGCAACAAT",0.154931166654602,TRUE
"CID3838_TGGTACAAGGCACAAC",0.328515245560871,TRUE
"CID3838_TTCACCGTCCGATGCG",0.16976517600516,TRUE
"CID3838_TTCACGCAGACGGTTG",0.368858905772327,TRUE
"CID3838_TTCTTGACAAATTAGG",0.350871449964553,TRUE
"CID3838_TTGGGATCAGCCTTCT",0.341084020934325,TRUE
"CID3838_TTGGTTTGTTGTATGC",0.493829303608721,TRUE
"CID3838_TTTACGTAGGTCTTTG",0.926784310684404,FALSE
"CID3838_AGGAGGTTCCGATCTC",0.219338387905719,TRUE
"CID3838_AGTAACCTCCCTAGGG",0.245124122134072,TRUE
"CID3838_CAGCACGTCGGTGTAT",0.322439137701272,TRUE
"CID3838_CTCATTATCGCCAGAC",0.17987454372792,TRUE
"CID3838_GTAACCAGTCCGGTCA",0.495627089263106,TRUE
"CID3838_GTTACAGTCTCACCCA",0.359122278903835,TRUE
"CID3838_TTCCGTGTCATTCGTT",0.169061280309225,TRUE
"CID3838_TTCCTAAGTTAGGGTG",0.228205081948184,TRUE
"CID3838_ATGGGTTTCGAGCCAC",0.173427260713701,TRUE
"CID3838_ATTCTACAGCTTAGTC",0.221464452501829,TRUE
"CID3838_CACGGGTGTCACAATC",0.189654338985865,TRUE
"CID3838_CGTGCTTCATGACTTG",0.17314229515348,TRUE
"CID3838_GAATCACCAGCTGTAT",0.201413784167731,TRUE
"CID3838_GCAGGCTCACTGCGTG",0.595271037310966,TRUE
"CID3838_GCGAGAACAAACTGCT",0.733651790135136,TRUE
"CID3838_GGGTTTAGTCGGAAAC",0.191219500090346,TRUE
"CID3838_GTTGCGGTCACGGACC",0.214960802711488,TRUE
"CID3838_TTGTTCAGTGTTACTG",0.177507510387308,TRUE
"CID3838_TAACACGTCAAGAGGC",0.218527869823094,TRUE
"CID3838_TCGATTTAGACCAGCA",0.160715897575782,TRUE
"CID3838_GAAGCGACATGTGACT",0.978184096234447,FALSE
"CID3838_ACTATTCGTTGCATGT",0.1559156231268,TRUE
"CID3838_ACTTCCGGTTGCTTGA",0.179306137109061,TRUE
"CID3838_AGCGTATTCCCAGGAC",0.0905091911500966,TRUE
"CID3838_ATACCTTAGTTCGCAT",0.364927133925836,TRUE
"CID3838_ATTGTTCCATTGACTG",0.136637000354421,TRUE
"CID3838_ATTTCTGTCACCTCAC",0.105713280645372,TRUE
"CID3838_CATCCCAAGGTGGTTG",0.216041773335794,TRUE
"CID3838_CCATCACTCGAATCCA",0.183163812376959,TRUE
"CID3838_CCGGTAGCAGACCTAT",0.148004492406765,TRUE
"CID3838_CTGTACCAGGGACTGT",0.149138351608331,TRUE
"CID3838_GCCATGGTCACATCAG",0.136719199569552,TRUE
"CID3838_GGGTCACCACCGAATT",0.145905128962554,TRUE
"CID3838_GTAGGAGAGGGCATGT",0.134358617939995,TRUE
"CID3838_GTGCTGGTCATTGAGC",0.167345147532832,TRUE
"CID3838_TAAGCCATCATGCATG",0.125134896360088,TRUE
"CID3838_TTGAGTGTCGACCACG",0.127316705311732,TRUE
"CID3838_AAGACTCCAGACACAG",0.115756555784755,TRUE
"CID3838_ACTATCTCAACGCATT",0.114116529772593,TRUE
"CID3838_AGTACCAAGCCGCTTG",0.154636228748661,TRUE
"CID3838_CAAGCTACAAGGCAAC",0.086733487577413,TRUE
"CID3838_CCACAAACATACAGCT",0.1501508213345,TRUE
"CID3838_GCGGATCTCGCTGACG",0.702412548609784,TRUE
"CID3838_TACGCTCTCATGCGGC",0.607680056404741,TRUE
"CID3838_CTTGATTTCGGAGTAG",0.319607693691381,TRUE
"CID3838_CTGCCATGTGTAACGG",0.158374844345866,TRUE
"CID3838_AGTAGTCAGGGCTAAC",0.243494216825794,TRUE
"CID3838_CGGGTGTTCAAGTAAG",0.201669832847439,TRUE
"CID3838_CTAGGTAGTGCTTATG",0.148214049167535,TRUE
"CID3838_TACAACGCACATAACC",0.175444920608559,TRUE
"CID3838_TGACAGTCAAGTTGGG",0.175536231061733,TRUE
"CID3838_CGTGCTTCAGTTGTTG",0.402532299499605,TRUE
"CID3838_TGTTACTTCCACAAGT",0.517775260840701,TRUE
"CID3838_AACCAACCAGGTGACA",0.161657501230366,TRUE
"CID3838_CATAAGCCATCACCAA",0.548457453161391,TRUE
"CID3838_CTGCCATCATTAGGAA",0.320870937221528,TRUE
"CID3838_GACCCTTAGGCTCCCA",0.241919276975409,TRUE
"CID3838_GATGTTGGTCGTCATA",0.202874851235962,TRUE
"CID3838_GCATTAGCAGTAACGG",0.213131619868886,TRUE
"CID3838_GCCAGGTAGGTTGGTG",0.18847791882104,TRUE
"CID3838_GTGTCCTTCTTTGGAG",0.173118113101167,TRUE
"CID3838_GTTTGGATCCGATCTC",0.109046342092806,TRUE
"CID3838_TCCGATCCAGCAGGAT",0.177713300805339,TRUE
"CID3838_TGGGCTGAGGTTGGAC",0.226833268733918,TRUE
"CID3838_TTCATTGGTTTGGAGG",0.227278879661352,TRUE
"CID3838_ATCCACCGTTCCGCTT",0.239888727504115,TRUE
"CID3838_CAACAGTCATAGACTC",0.20529015470886,TRUE
"CID3838_GATTCTTAGCGTCGAA",0.201012084170569,TRUE
"CID3838_CAAAGAATCCACGTAA",0.669512184193905,TRUE
"CID3838_AAAGGTATCGAACTCA",0.173828747807411,TRUE
"CID3838_AACCCAAGTATCTCTT",0.186153709888931,TRUE
"CID3838_ACCGTTCGTGTTGACT",0.207728382611453,TRUE
"CID3838_ACTATGGTCTTGGATG",0.91858996956316,FALSE
"CID3838_CAGTTCCGTGGCATCC",0.197337908291146,TRUE
"CID3838_CATGGATCAAATGCTC",0.22534280411151,TRUE
"CID3838_CTACAGAGTTTCCCAC",0.146299264700664,TRUE
"CID3838_GGGCTCAAGCACGTCC",0.2038538794572,TRUE
"CID3838_GTAGGTTGTCCAGCCA",0.256242368853048,TRUE
"CID3838_GTCGCGATCCGCCTAT",0.139215762950729,TRUE
"CID3838_TAACACGCAATACCTG",0.197097994397376,TRUE
"CID3838_TAACCAGTCGCATTAG",0.122887830024989,TRUE
"CID3838_TAACGACTCATCGCTC",0.331495572344905,TRUE
"CID3838_TCCTGCACACACGGTC",0.182750378004896,TRUE
"CID3838_TTCCGTGGTGCTCTCT",0.226175940878578,TRUE
"CID3838_TTCGCTGAGCACTCAT",0.265485132872053,TRUE
"CID3838_TTGAGTGAGGTGCTGA",0.412469097045871,TRUE
"CID3838_CAGCGTGAGCATTGTC",0.189540186617889,TRUE
"CID3838_CAGGCCATCCGAGTGC",0.136756558975986,TRUE
"CID3838_CCGCAAGAGAAGGCTC",0.125023803770945,TRUE
"CID3838_CGAGAAGGTTGGAGGT",0.252977390579622,TRUE
"CID3838_CTGAGGCTCCCGTTCA",0.158329910022917,TRUE
"CID3838_GGTTGTATCCCAGCGA",0.496192116285648,TRUE
"CID3838_GTCTCACAGTGGAAGA",0.184200104393871,TRUE
"CID3838_GTGGAAGTCTAGAACC",0.163662018484214,TRUE
"CID3838_TCTTCCTGTCGTGATT",0.170900691431029,TRUE
"CID3838_TTACCATGTTAAGAAC",0.0945048702639224,TRUE
"CID3838_GGCTTTCCACCAGTAT",0.0770455314862014,TRUE
"CID3838_TCAAGACAGTAACCTC",0.106722591363254,TRUE
"CID3838_TCGGTCTCAAGACCGA",0.0704231793362721,TRUE
"CID3838_TGGTACATCCGCAACG",0.110511167517461,TRUE
"CID3838_TTCCTTCGTCCACATA",0.0799676675540362,TRUE
"CID3838_AATTTCCCAACACGAG",0.086999452458152,TRUE
"CID3838_ACGTAGTCAGCAGTGA",0.121617651800811,TRUE
"CID3838_CACAGATCAGAGTTGG",0.0922196934831982,TRUE
"CID3838_CGAGAAGTCCCACAGG",0.207967386654068,TRUE
"CID3838_CGCAGGTTCCTGTTGC",0.617924745271722,TRUE
"CID3838_CTCGAGGTCTCTCCGA",0.162163775415263,TRUE
"CID3838_CTCTCGAGTATGCTAC",0.0571913123680328,TRUE
"CID3838_GGGAAGTCACCTCTAC",0.486989676295902,TRUE
"CID3838_GTAAGTCTCCCGAACG",0.262985290880677,TRUE
"CID3838_TTACCATAGGGTTAAT",0.471929135325301,TRUE
"CID3838_ACGTACATCAACACGT",0.110276992690766,TRUE
"CID3838_ACTTATCTCACGATAC",0.104828199152217,TRUE
"CID3838_CAAGGGACACAGTCCG",0.0927881850625666,TRUE
"CID3838_GATGTTGTCGCTTACC",0.0811902117301596,TRUE
"CID3838_TCAGTCCAGCCATGCC",0.12062601572644,TRUE
"CID3838_TCGCTTGGTCGAATTC",0.161508405496156,TRUE
"CID3838_TGATGGTCATCGATAC",0.0896517612200012,TRUE
