,capture_id,donor_id,n_genes_by_counts,total_counts,total_counts_mt,pct_counts_mt,total_counts_hemoglobin,pct_counts_hemoglobin,total_counts_stress,pct_counts_stress,total_counts_cycling,pct_counts_cycling,total_counts_ribosomal,pct_counts_ribosomal,fails_low_genes,fails_low_umis,fails_mt,passes_core_qc,review_high_hemoglobin,review_high_stress,review_high_cycling,review_high_ribosomal,review_high_umis,doublet_score,doublet_class,doublet_partition,passes_QC,qc_failure_reasons
AAACATACAACCAC-1,pbmc3k-capture1,pbmc3k-public-donor,781,2421.0,73.0,3.0152829,0.0,0.0,35.0,1.4456836,0.0,0.0,996.0,41.140026,False,False,False,True,False,False,False,False,False,0.241585854412604,singlet,pbmc3k-capture1,True,
AAACATTGAGCTAC-1,pbmc3k-capture1,pbmc3k-public-donor,1352,4903.0,186.0,3.7935958,0.0,0.0,8.0,0.1631654,0.0,0.0,1958.0,39.934734,False,False,False,True,False,False,False,False,True,0.266820222190886,singlet,pbmc3k-capture1,True,
AAACATTGATCAGC-1,pbmc3k-capture1,pbmc3k-public-donor,1131,3149.0,28.0,0.8891712,0.0,0.0,77.0,2.4452207,0.0,0.0,953.0,30.263577,False,False,False,True,False,True,False,False,False,0.317813013797874,singlet,pbmc3k-capture1,True,
AAACCGTGCTTCCG-1,pbmc3k-capture1,pbmc3k-public-donor,960,2639.0,46.0,1.7430845,0.0,0.0,29.0,1.0989012,1.0,0.03789314,600.0,22.735886,False,False,False,True,False,False,True,False,False,0.181988429776938,singlet,pbmc3k-capture1,True,
AAACCGTGTATGCG-1,pbmc3k-capture1,pbmc3k-public-donor,522,981.0,12.0,1.2232417,0.0,0.0,1.0,0.101936795,0.0,0.0,141.0,14.37309,False,True,False,False,False,False,False,False,False,,not_called_core_qc_fail,pbmc3k-capture1,False,fails_low_umis
AAACGCACTGGTAC-1,pbmc3k-capture1,pbmc3k-public-donor,782,2164.0,36.0,1.6635859,0.0,0.0,5.0,0.2310536,0.0,0.0,746.0,34.473198,False,False,False,True,False,False,False,False,False,0.207303702540947,singlet,pbmc3k-capture1,True,
AAACGCTGACCAGT-1,pbmc3k-capture1,pbmc3k-public-donor,783,2176.0,83.0,3.8143382,0.0,0.0,5.0,0.22977942,0.0,0.0,832.0,38.235294,False,False,False,True,False,False,False,False,False,0.324982456716529,singlet,pbmc3k-capture1,True,
AAACGCTGGTTCTT-1,pbmc3k-capture1,pbmc3k-public-donor,790,2260.0,70.0,3.097345,0.0,0.0,19.0,0.84070796,0.0,0.0,831.0,36.769913,False,False,False,True,False,False,False,False,False,0.227651672074068,singlet,pbmc3k-capture1,True,
AAACGCTGTAGCCA-1,pbmc3k-capture1,pbmc3k-public-donor,533,1276.0,15.0,1.1755486,0.0,0.0,5.0,0.39184955,0.0,0.0,451.0,35.344826,False,False,False,True,False,False,False,False,False,0.347866352894228,singlet,pbmc3k-capture1,True,
AAACGCTGTTTCTG-1,pbmc3k-capture1,pbmc3k-public-donor,550,1103.0,32.0,2.9011786,0.0,0.0,10.0,0.9066183,0.0,0.0,196.0,17.76972,False,True,False,False,False,False,False,False,False,,not_called_core_qc_fail,pbmc3k-capture1,False,fails_low_umis
AAACTTGAAAAACG-1,pbmc3k-capture1,pbmc3k-public-donor,1116,3918.0,103.0,2.6288922,0.0,0.0,15.0,0.38284838,0.0,0.0,1625.0,41.475243,False,False,False,True,False,False,False,False,False,0.280151643198681,singlet,pbmc3k-capture1,True,
AAACTTGATCCAGA-1,pbmc3k-capture1,pbmc3k-public-donor,751,2392.0,26.0,1.0869565,0.0,0.0,46.0,1.923077,0.0,0.0,1086.0,45.401337,False,False,False,True,False,True,False,False,False,0.134049210220525,singlet,pbmc3k-capture1,True,
AAAGAGACGAGATA-1,pbmc3k-capture1,pbmc3k-public-donor,866,2412.0,26.0,1.0779436,0.0,0.0,48.0,1.9900497,0.0,0.0,880.0,36.484245,False,False,False,True,False,True,False,False,False,0.308457624964504,singlet,pbmc3k-capture1,True,
AAAGAGACGCGAGA-1,pbmc3k-capture1,pbmc3k-public-donor,1059,3034.0,43.0,1.4172709,0.0,0.0,19.0,0.626236,1.0,0.03295979,728.0,23.994726,False,False,False,True,False,False,True,False,False,0.286485093306658,singlet,pbmc3k-capture1,True,
AAAGAGACGGACTT-1,pbmc3k-capture1,pbmc3k-public-donor,458,1152.0,27.0,2.34375,0.0,0.0,9.0,0.78125,0.0,0.0,394.0,34.20139,True,False,False,False,False,False,False,False,False,,not_called_core_qc_fail,pbmc3k-capture1,False,fails_low_genes
AAAGAGACGGCATT-1,pbmc3k-capture1,pbmc3k-public-donor,335,792.0,19.0,2.39899,0.0,0.0,2.0,0.25252524,0.0,0.0,366.0,46.21212,True,True,False,False,False,False,False,False,False,,not_called_core_qc_fail,pbmc3k-capture1,False,fails_low_genes;fails_low_umis
AAAGATCTGGGCAA-1,pbmc3k-capture1,pbmc3k-public-donor,552,1348.0,80.0,5.934718,0.0,0.0,6.0,0.44510388,0.0,0.0,340.0,25.222551,False,False,True,False,False,False,False,False,False,,not_called_core_qc_fail,pbmc3k-capture1,False,fails_mt
AAAGCAGAAGCCAT-1,pbmc3k-capture1,pbmc3k-public-donor,567,1158.0,59.0,5.094991,0.0,0.0,14.0,1.208981,0.0,0.0,320.0,27.633852,False,False,True,False,False,False,False,False,False,,not_called_core_qc_fail,pbmc3k-capture1,False,fails_mt
AAAGCAGATATCGG-1,pbmc3k-capture1,pbmc3k-public-donor,1424,4586.0,64.0,1.3955517,0.0,0.0,59.0,1.2865242,0.0,0.0,1068.0,23.288269,False,False,False,True,False,False,False,False,True,0.287710225490752,singlet,pbmc3k-capture1,True,
AAAGCCTGTATGCG-1,pbmc3k-capture1,pbmc3k-public-donor,1014,2929.0,50.0,1.7070674,0.0,0.0,38.0,1.2973711,0.0,0.0,1148.0,39.194263,False,False,False,True,False,False,False,False,False,0.230665889906537,singlet,pbmc3k-capture1,True,
AAAGGCCTGTCTAG-1,pbmc3k-capture1,pbmc3k-public-donor,1446,4974.0,76.0,1.5279453,0.0,0.0,54.0,1.0856453,1.0,0.020104544,1850.0,37.193405,False,False,False,True,False,False,True,False,True,0.755136092624592,doublet,pbmc3k-capture1,False,scDblFinder_doublet
AAAGTTTGATCACG-1,pbmc3k-capture1,pbmc3k-public-donor,446,1270.0,44.0,3.464567,0.0,0.0,1.0,0.07874016,0.0,0.0,507.0,39.92126,True,False,False,False,False,False,False,False,False,,not_called_core_qc_fail,pbmc3k-capture1,False,fails_low_genes
AAAGTTTGGGGTGA-1,pbmc3k-capture1,pbmc3k-public-donor,1020,3286.0,85.0,2.5867314,0.0,0.0,29.0,0.882532,0.0,0.0,1319.0,40.139988,False,False,False,True,False,False,False,False,False,0.230385928969032,singlet,pbmc3k-capture1,True,
AAAGTTTGTAGAGA-1,pbmc3k-capture1,pbmc3k-public-donor,417,1102.0,17.0,1.5426497,0.0,0.0,6.0,0.5444646,0.0,0.0,475.0,43.103447,True,True,False,False,False,False,False,False,False,,not_called_core_qc_fail,pbmc3k-capture1,False,fails_low_genes;fails_low_umis
AAAGTTTGTAGCGT-1,pbmc3k-capture1,pbmc3k-public-donor,878,2684.0,67.0,2.4962742,0.0,0.0,84.0,3.1296573,0.0,0.0,657.0,24.478392,False,False,False,True,False,True,False,False,False,0.129933074395047,singlet,pbmc3k-capture1,True,
AAATCAACAATGCC-1,pbmc3k-capture1,pbmc3k-public-donor,789,2321.0,27.0,1.1632917,0.0,0.0,13.0,0.5601034,0.0,0.0,911.0,39.250324,False,False,False,True,False,False,False,False,False,0.112735017484296,singlet,pbmc3k-capture1,True,
AAATCAACACCAGT-1,pbmc3k-capture1,pbmc3k-public-donor,510,1414.0,28.0,1.980198,0.0,0.0,11.0,0.77793497,0.0,0.0,684.0,48.37341,False,False,False,True,False,False,False,False,False,0.108458705786933,singlet,pbmc3k-capture1,True,
AAATCAACCAGGAG-1,pbmc3k-capture1,pbmc3k-public-donor,824,2801.0,63.0,2.2491968,0.0,0.0,19.0,0.67832917,0.0,0.0,1258.0,44.912533,False,False,False,True,False,False,False,False,False,0.200499821751391,singlet,pbmc3k-capture1,True,
AAATCAACCCTATT-1,pbmc3k-capture1,pbmc3k-public-donor,1545,5680.0,138.0,2.4295776,0.0,0.0,82.0,1.4436619,0.0,0.0,1855.0,32.65845,False,False,False,True,False,False,False,False,True,0.816424055547635,doublet,pbmc3k-capture1,False,scDblFinder_doublet
AAATCAACGGAAGC-1,pbmc3k-capture1,pbmc3k-public-donor,996,3473.0,61.0,1.7564065,0.0,0.0,18.0,0.5182839,0.0,0.0,1428.0,41.117188,False,False,False,True,False,False,False,False,False,0.182612947615124,singlet,pbmc3k-capture1,True,
AAATCAACTCGCAA-1,pbmc3k-capture1,pbmc3k-public-donor,937,2812.0,52.0,1.8492177,0.0,0.0,9.0,0.3200569,0.0,0.0,994.0,35.348507,False,False,False,True,False,False,False,False,False,0.286833897895869,singlet,pbmc3k-capture1,True,
AAATCATGACCACA-1,pbmc3k-capture1,pbmc3k-public-donor,1368,4128.0,189.0,4.5784883,0.0,0.0,35.0,0.84786826,0.0,0.0,813.0,19.694767,False,False,False,True,False,False,False,False,False,0.274632067741404,singlet,pbmc3k-capture1,True,
AAATCCCTCCACAA-1,pbmc3k-capture1,pbmc3k-public-donor,428,956.0,19.0,1.9874477,0.0,0.0,8.0,0.83682007,0.0,0.0,323.0,33.78661,True,True,False,False,False,False,False,False,False,,not_called_core_qc_fail,pbmc3k-capture1,False,fails_low_genes;fails_low_umis
AAATCCCTGCTATG-1,pbmc3k-capture1,pbmc3k-public-donor,406,822.0,14.0,1.703163,0.0,0.0,4.0,0.486618,0.0,0.0,334.0,40.632603,True,True,False,False,False,False,False,False,False,,not_called_core_qc_fail,pbmc3k-capture1,False,fails_low_genes;fails_low_umis
AAATGTTGAACGAA-1,pbmc3k-capture1,pbmc3k-public-donor,1020,3211.0,62.0,1.9308627,0.0,0.0,36.0,1.1211461,0.0,0.0,858.0,26.72065,False,False,False,True,False,False,False,False,False,0.197666952217249,singlet,pbmc3k-capture1,True,
AAATGTTGCCACAA-1,pbmc3k-capture1,pbmc3k-public-donor,786,1761.0,11.0,0.62464505,0.0,0.0,11.0,0.62464505,0.0,0.0,438.0,24.87223,False,False,False,True,False,False,False,False,False,0.179663598873913,singlet,pbmc3k-capture1,True,
AAATGTTGTGGCAT-1,pbmc3k-capture1,pbmc3k-public-donor,1019,2763.0,53.0,1.9182049,0.0,0.0,14.0,0.5066956,0.0,0.0,465.0,16.829533,False,False,False,True,False,False,False,False,False,0.154117945714068,singlet,pbmc3k-capture1,True,
AAATTCGAAGGTTC-1,pbmc3k-capture1,pbmc3k-public-donor,750,2741.0,61.0,2.225465,0.0,0.0,3.0,0.10944911,0.0,0.0,1333.0,48.631886,False,False,False,True,False,False,False,False,False,0.179963255023129,singlet,pbmc3k-capture1,True,
AAATTCGAATCACG-1,pbmc3k-capture1,pbmc3k-public-donor,822,2567.0,51.0,1.986755,0.0,0.0,21.0,0.8180756,0.0,0.0,683.0,26.606936,False,False,False,True,False,False,False,False,False,0.0730674427428106,singlet,pbmc3k-capture1,True,
AAATTCGAGCTGAT-1,pbmc3k-capture1,pbmc3k-public-donor,982,2971.0,65.0,2.1878154,0.0,0.0,32.0,1.0770785,0.0,0.0,536.0,18.041063,False,False,False,True,False,False,False,False,False,0.164710073873645,singlet,pbmc3k-capture1,True,
AAATTCGAGGAGTG-1,pbmc3k-capture1,pbmc3k-public-donor,876,2981.0,74.0,2.4823885,0.0,0.0,33.0,1.1070111,0.0,0.0,1287.0,43.17343,False,False,False,True,False,False,False,False,False,0.213410249080133,singlet,pbmc3k-capture1,True,
AAATTCGATTCTCA-1,pbmc3k-capture1,pbmc3k-public-donor,930,2643.0,38.0,1.4377601,0.0,0.0,29.0,1.097238,0.0,0.0,791.0,29.928112,False,False,False,True,False,False,False,False,False,0.340268694554635,singlet,pbmc3k-capture1,True,
AAATTGACACGACT-1,pbmc3k-capture1,pbmc3k-public-donor,838,2359.0,50.0,2.1195421,0.0,0.0,34.0,1.4412886,0.0,0.0,874.0,37.0496,False,False,False,True,False,False,False,False,False,0.265284811250988,singlet,pbmc3k-capture1,True,
AAATTGACTCGCTC-1,pbmc3k-capture1,pbmc3k-public-donor,1014,3412.0,51.0,1.4947245,0.0,0.0,51.0,1.4947245,0.0,0.0,1300.0,38.100822,False,False,False,True,False,False,False,False,False,0.294705110097033,singlet,pbmc3k-capture1,True,
AACAAACTCATTTC-1,pbmc3k-capture1,pbmc3k-public-donor,732,2179.0,31.0,1.422671,0.0,0.0,22.0,1.0096375,0.0,0.0,1030.0,47.26939,False,False,False,True,False,False,False,False,False,0.119999317675382,singlet,pbmc3k-capture1,True,
AACAAACTTTCGTT-1,pbmc3k-capture1,pbmc3k-public-donor,877,2688.0,46.0,1.7113096,0.0,0.0,41.0,1.5252975,0.0,0.0,1089.0,40.513393,False,False,False,True,False,False,False,False,False,0.191055323579414,singlet,pbmc3k-capture1,True,
AACAATACGACGAG-1,pbmc3k-capture1,pbmc3k-public-donor,782,2104.0,63.0,2.9942966,0.0,0.0,38.0,1.8060837,0.0,0.0,760.0,36.121674,False,False,False,True,False,False,False,False,False,0.20586353117725,singlet,pbmc3k-capture1,True,
AACACGTGCAGAGG-1,pbmc3k-capture1,pbmc3k-public-donor,787,1801.0,16.0,0.8883953,0.0,0.0,10.0,0.55524707,0.0,0.0,552.0,30.64964,False,False,False,True,False,False,False,False,False,0.259638372928005,singlet,pbmc3k-capture1,True,
AACACGTGGAAAGT-1,pbmc3k-capture1,pbmc3k-public-donor,791,2632.0,27.0,1.0258359,0.0,0.0,14.0,0.5319149,0.0,0.0,1122.0,42.62918,False,False,False,True,False,False,False,False,False,0.144838455610125,singlet,pbmc3k-capture1,True,
AACACGTGGAACCT-1,pbmc3k-capture1,pbmc3k-public-donor,880,2280.0,51.0,2.2368422,0.0,0.0,28.0,1.2280701,0.0,0.0,370.0,16.228071,False,False,False,True,False,False,False,False,False,0.164638691395688,singlet,pbmc3k-capture1,True,
AACACGTGGCTACA-1,pbmc3k-capture1,pbmc3k-public-donor,801,2653.0,64.0,2.4123633,0.0,0.0,35.0,1.3192612,0.0,0.0,1204.0,45.382587,False,False,False,True,False,False,False,False,False,0.152169366048059,singlet,pbmc3k-capture1,True,
AACACGTGTACGAC-1,pbmc3k-capture1,pbmc3k-public-donor,1215,3571.0,98.0,2.7443295,0.0,0.0,52.0,1.4561747,1.0,0.02800336,591.0,16.549986,False,False,False,True,False,False,True,False,False,0.187697515524594,singlet,pbmc3k-capture1,True,
AACAGCACAAGAGT-1,pbmc3k-capture1,pbmc3k-public-donor,343,689.0,17.0,2.467344,0.0,0.0,1.0,0.14513788,0.0,0.0,159.0,23.076923,True,True,False,False,False,False,False,False,False,,not_called_core_qc_fail,pbmc3k-capture1,False,fails_low_genes;fails_low_umis
AACATTGATGGGAG-1,pbmc3k-capture1,pbmc3k-public-donor,1460,4713.0,149.0,3.1614683,0.0,0.0,19.0,0.40314025,0.0,0.0,912.0,19.35073,False,False,False,True,False,False,False,False,True,0.215063609678249,singlet,pbmc3k-capture1,True,
AACCAGTGATACCG-1,pbmc3k-capture1,pbmc3k-public-donor,1250,3841.0,107.0,2.785733,0.0,0.0,27.0,0.70294195,0.0,0.0,764.0,19.890654,False,False,False,True,False,False,False,False,False,0.23093021843504,singlet,pbmc3k-capture1,True,
AACCCAGATCGCTC-1,pbmc3k-capture1,pbmc3k-public-donor,756,2343.0,26.0,1.1096884,0.0,0.0,9.0,0.38412294,0.0,0.0,1019.0,43.49125,False,False,False,True,False,False,False,False,False,0.197770728550726,singlet,pbmc3k-capture1,True,
AACCGATGCTCCCA-1,pbmc3k-capture1,pbmc3k-public-donor,836,2295.0,84.0,3.660131,0.0,0.0,41.0,1.7864923,0.0,0.0,813.0,35.42484,False,False,False,True,False,False,False,False,False,0.323231851844774,singlet,pbmc3k-capture1,True,
AACCGATGGTCATG-1,pbmc3k-capture1,pbmc3k-public-donor,824,2633.0,55.0,2.088872,0.0,0.0,7.0,0.26585644,0.0,0.0,1143.0,43.410557,False,False,False,True,False,False,False,False,False,0.0635896832939293,singlet,pbmc3k-capture1,True,
AACCGATGTTCTAC-1,pbmc3k-capture1,pbmc3k-public-donor,827,2296.0,59.0,2.5696864,0.0,0.0,27.0,1.1759582,0.0,0.0,626.0,27.264809,False,False,False,True,False,False,False,False,False,0.115667750012486,singlet,pbmc3k-capture1,True,
AACCGCCTAGCGTT-1,pbmc3k-capture1,pbmc3k-public-donor,1238,3391.0,56.0,1.6514304,0.0,0.0,34.0,1.0026541,1.0,0.029489826,1172.0,34.562077,False,False,False,True,False,False,True,False,False,0.546341990162488,doublet,pbmc3k-capture1,False,scDblFinder_doublet
AACCGCCTCTACGA-1,pbmc3k-capture1,pbmc3k-public-donor,1243,3998.0,139.0,3.4767382,0.0,0.0,35.0,0.87543774,0.0,0.0,1063.0,26.588293,False,False,False,True,False,False,False,False,False,0.219394999460793,singlet,pbmc3k-capture1,True,
AACCTACTGTGAGG-1,pbmc3k-capture1,pbmc3k-public-donor,1652,5687.0,90.0,1.5825567,0.0,0.0,39.0,0.68577456,0.0,0.0,912.0,16.036575,False,False,False,True,False,False,False,False,True,0.217293047473755,singlet,pbmc3k-capture1,True,
AACCTACTGTGTTG-1,pbmc3k-capture1,pbmc3k-public-donor,843,2675.0,71.0,2.6542056,0.0,0.0,33.0,1.2336448,0.0,0.0,1208.0,45.15888,False,False,False,True,False,False,False,False,False,0.195248234473543,singlet,pbmc3k-capture1,True,
AACCTTACGAGACG-1,pbmc3k-capture1,pbmc3k-public-donor,825,2771.0,70.0,2.5261638,0.0,0.0,25.0,0.90220135,0.0,0.0,1232.0,44.460484,False,False,False,True,False,False,False,False,False,0.0788402643083524,singlet,pbmc3k-capture1,True,
AACCTTACGCGAGA-1,pbmc3k-capture1,pbmc3k-public-donor,656,1248.0,59.0,4.727564,0.0,0.0,3.0,0.24038462,0.0,0.0,201.0,16.10577,False,False,False,True,False,False,False,False,False,0.0416226915916192,singlet,pbmc3k-capture1,True,
AACCTTACTAACGC-1,pbmc3k-capture1,pbmc3k-public-donor,776,1947.0,33.0,1.6949153,0.0,0.0,15.0,0.770416,0.0,0.0,331.0,17.000515,False,False,False,True,False,False,False,False,False,0.117634317224072,singlet,pbmc3k-capture1,True,
AACCTTTGGACGGA-1,pbmc3k-capture1,pbmc3k-public-donor,766,2078.0,27.0,1.2993263,0.0,0.0,40.0,1.924928,0.0,0.0,808.0,38.883545,False,False,False,True,False,True,False,False,False,0.174354602442919,singlet,pbmc3k-capture1,True,
AACCTTTGTACGCA-1,pbmc3k-capture1,pbmc3k-public-donor,1465,4621.0,91.0,1.9692708,0.0,0.0,32.0,0.6924908,0.0,0.0,894.0,19.346462,False,False,False,True,False,False,False,False,True,0.221815803730649,singlet,pbmc3k-capture1,True,
AACGCAACAAGTAG-1,pbmc3k-capture1,pbmc3k-public-donor,790,2049.0,31.0,1.5129331,0.0,0.0,24.0,1.171303,1.0,0.048804294,781.0,38.116154,False,False,False,True,False,False,True,False,False,0.287786418954996,singlet,pbmc3k-capture1,True,
AACGCATGACCCAA-1,pbmc3k-capture1,pbmc3k-public-donor,871,2778.0,61.0,2.1958244,0.0,0.0,32.0,1.1519078,0.0,0.0,1146.0,41.2527,False,False,False,True,False,False,False,False,False,0.240287708195405,singlet,pbmc3k-capture1,True,
AACGCATGCCTTCG-1,pbmc3k-capture1,pbmc3k-public-donor,803,2866.0,77.0,2.6866713,0.0,0.0,33.0,1.1514306,0.0,0.0,1394.0,48.639217,False,False,False,True,False,False,False,False,False,0.195565050969342,singlet,pbmc3k-capture1,True,
AACGCATGTACTTC-1,pbmc3k-capture1,pbmc3k-public-donor,965,2915.0,41.0,1.406518,0.0,0.0,31.0,1.0634649,0.0,0.0,1111.0,38.113205,False,False,False,True,False,False,False,False,False,0.446226656846149,doublet,pbmc3k-capture1,False,scDblFinder_doublet
AACGCCCTCGGGAA-1,pbmc3k-capture1,pbmc3k-public-donor,800,2503.0,55.0,2.1973631,0.0,0.0,24.0,0.9588494,0.0,0.0,995.0,39.7523,False,False,False,True,False,False,False,False,False,0.251556782260792,singlet,pbmc3k-capture1,True,
AACGCCCTCGTACA-1,pbmc3k-capture1,pbmc3k-public-donor,876,1915.0,27.0,1.4099216,0.0,0.0,6.0,0.31331593,0.0,0.0,305.0,15.926893,False,False,False,True,False,False,False,False,False,0.0847506052710953,singlet,pbmc3k-capture1,True,
AACGCCCTGCTTAG-1,pbmc3k-capture1,pbmc3k-public-donor,420,1074.0,58.0,5.4003725,0.0,0.0,14.0,1.3035382,0.0,0.0,389.0,36.21974,True,True,True,False,False,False,False,False,False,,not_called_core_qc_fail,pbmc3k-capture1,False,fails_low_genes;fails_low_umis;fails_mt
AACGCCCTGGCATT-1,pbmc3k-capture1,pbmc3k-public-donor,690,1442.0,40.0,2.773925,0.0,0.0,7.0,0.4854369,0.0,0.0,346.0,23.994452,False,False,False,True,False,False,False,False,False,0.131144260463173,singlet,pbmc3k-capture1,True,
AACGTCGAGTATCG-1,pbmc3k-capture1,pbmc3k-public-donor,988,2149.0,43.0,2.0009308,0.0,0.0,7.0,0.3257329,0.0,0.0,426.0,19.823174,False,False,False,True,False,False,False,False,False,0.143578962958383,singlet,pbmc3k-capture1,True,
AACGTGTGAAAGCA-1,pbmc3k-capture1,pbmc3k-public-donor,906,2820.0,69.0,2.4468086,0.0,0.0,37.0,1.3120568,0.0,0.0,1119.0,39.68085,False,False,False,True,False,False,False,False,False,0.342742735512566,singlet,pbmc3k-capture1,True,
AACGTGTGGCGGAA-1,pbmc3k-capture1,pbmc3k-public-donor,741,2071.0,43.0,2.0762916,0.0,0.0,22.0,1.0622888,0.0,0.0,868.0,41.91212,False,False,False,True,False,False,False,False,False,0.182627120566613,singlet,pbmc3k-capture1,True,
AACGTGTGTCCAAG-1,pbmc3k-capture1,pbmc3k-public-donor,620,1665.0,41.0,2.4624624,0.0,0.0,5.0,0.3003003,0.0,0.0,716.0,43.003002,False,False,False,True,False,False,False,False,False,0.123003034715003,singlet,pbmc3k-capture1,True,
AACGTGTGTGCTTT-1,pbmc3k-capture1,pbmc3k-public-donor,867,1933.0,24.0,1.2415934,0.0,0.0,16.0,0.827729,0.0,0.0,581.0,30.056906,False,False,False,True,False,False,False,False,False,0.305861477203591,singlet,pbmc3k-capture1,True,
AACTACCTTAGAGA-1,pbmc3k-capture1,pbmc3k-public-donor,916,2876.0,43.0,1.4951321,0.0,0.0,16.0,0.55632824,0.0,0.0,1092.0,37.969402,False,False,False,True,False,False,False,False,False,0.232603063876789,singlet,pbmc3k-capture1,True,
AACTCACTCAAGCT-1,pbmc3k-capture1,pbmc3k-public-donor,969,2607.0,82.0,3.1453776,0.0,0.0,23.0,0.8822401,0.0,0.0,624.0,23.935558,False,False,False,True,False,False,False,False,False,0.241347549603831,singlet,pbmc3k-capture1,True,
AACTCACTTGGAGG-1,pbmc3k-capture1,pbmc3k-public-donor,803,2124.0,32.0,1.5065913,0.0,0.0,23.0,1.0828625,0.0,0.0,594.0,27.966103,False,False,False,True,False,False,False,False,False,0.157879368878776,singlet,pbmc3k-capture1,True,
AACTCGGAAAGTGA-1,pbmc3k-capture1,pbmc3k-public-donor,732,1840.0,67.0,3.6413045,0.0,0.0,28.0,1.5217391,0.0,0.0,572.0,31.086958,False,False,False,True,False,False,False,False,False,0.168399025977103,singlet,pbmc3k-capture1,True,
AACTCGGAAGGTCT-1,pbmc3k-capture1,pbmc3k-public-donor,555,1290.0,31.0,2.4031007,0.0,0.0,17.0,1.3178295,1.0,0.07751938,322.0,24.96124,False,False,False,True,False,False,True,False,False,0.0752289010650326,singlet,pbmc3k-capture1,True,
AACTCTTGCAGGAG-1,pbmc3k-capture1,pbmc3k-public-donor,790,2103.0,21.0,0.9985735,0.0,0.0,19.0,0.9034712,0.0,0.0,887.0,42.17784,False,False,False,True,False,False,False,False,False,0.280255092620715,singlet,pbmc3k-capture1,True,
AACTGTCTCCCTTG-1,pbmc3k-capture1,pbmc3k-public-donor,862,2331.0,51.0,2.1879022,0.0,0.0,13.0,0.5577005,0.0,0.0,724.0,31.059631,False,False,False,True,False,False,False,False,False,0.147551225510033,singlet,pbmc3k-capture1,True,
AACTTGCTACGCTA-1,pbmc3k-capture1,pbmc3k-public-donor,900,2336.0,62.0,2.6541095,0.0,0.0,20.0,0.8561644,1.0,0.04280822,819.0,35.059933,False,False,False,True,False,False,True,False,False,0.425624316187568,singlet,pbmc3k-capture1,True,
AACTTGCTGGGACA-1,pbmc3k-capture1,pbmc3k-public-donor,674,1864.0,41.0,2.199571,0.0,0.0,16.0,0.8583691,1.0,0.05364807,719.0,38.57296,False,False,False,True,False,False,True,False,False,0.133782778617662,singlet,pbmc3k-capture1,True,
AAGAACGAGTGTTG-1,pbmc3k-capture1,pbmc3k-public-donor,397,780.0,11.0,1.4102564,0.0,0.0,6.0,0.7692308,0.0,0.0,280.0,35.897438,True,True,False,False,False,False,False,False,False,,not_called_core_qc_fail,pbmc3k-capture1,False,fails_low_genes;fails_low_umis
AAGAAGACGTAGGG-1,pbmc3k-capture1,pbmc3k-public-donor,663,1440.0,30.0,2.0833335,0.0,0.0,9.0,0.625,0.0,0.0,425.0,29.51389,False,False,False,True,False,False,False,False,False,0.0873922842165554,singlet,pbmc3k-capture1,True,
AAGACAGAAGTCTG-1,pbmc3k-capture1,pbmc3k-public-donor,563,1125.0,21.0,1.8666666,0.0,0.0,0.0,0.0,0.0,0.0,320.0,28.444445,False,False,False,True,False,False,False,False,False,0.0439590305554787,singlet,pbmc3k-capture1,True,
AAGACAGAGGATCT-1,pbmc3k-capture1,pbmc3k-public-donor,786,2315.0,29.0,1.2526999,0.0,0.0,22.0,0.950324,0.0,0.0,1043.0,45.053993,False,False,False,True,False,False,False,False,False,0.169762071324698,singlet,pbmc3k-capture1,True,
AAGACAGATTACCT-1,pbmc3k-capture1,pbmc3k-public-donor,859,2309.0,57.0,2.468601,0.0,0.0,22.0,0.95279336,0.0,0.0,574.0,24.859247,False,False,False,True,False,False,False,False,False,0.164411776153611,singlet,pbmc3k-capture1,True,
AAGAGATGGGTAGG-1,pbmc3k-capture1,pbmc3k-public-donor,568,1346.0,28.0,2.0802376,0.0,0.0,14.0,1.0401188,1.0,0.0742942,457.0,33.95245,False,False,False,True,False,False,True,False,False,0.0375909736889976,singlet,pbmc3k-capture1,True,
AAGATGGAAAACAG-1,pbmc3k-capture1,pbmc3k-public-donor,412,878.0,22.0,2.5056946,0.0,0.0,6.0,0.6833713,0.0,0.0,308.0,35.079727,True,True,False,False,False,False,False,False,False,,not_called_core_qc_fail,pbmc3k-capture1,False,fails_low_genes;fails_low_umis
AAGATGGAGAACTC-1,pbmc3k-capture1,pbmc3k-public-donor,1043,3117.0,53.0,1.7003529,0.0,0.0,21.0,0.6737248,0.0,0.0,686.0,22.00834,False,False,False,True,False,False,False,False,False,0.294960882911446,singlet,pbmc3k-capture1,True,
AAGATGGAGATAAG-1,pbmc3k-capture1,pbmc3k-public-donor,1206,4023.0,158.0,3.9274175,0.0,0.0,34.0,0.8451404,0.0,0.0,1014.0,25.20507,False,False,False,True,False,False,False,False,False,0.176660231896823,singlet,pbmc3k-capture1,True,
AAGATTACAACCTG-1,pbmc3k-capture1,pbmc3k-public-donor,702,2119.0,36.0,1.6989145,0.0,0.0,3.0,0.14157622,0.0,0.0,943.0,44.502125,False,False,False,True,False,False,False,False,False,0.051334639339259,singlet,pbmc3k-capture1,True,
AAGATTACAGATCC-1,pbmc3k-capture1,pbmc3k-public-donor,1263,4065.0,60.0,1.4760147,0.0,0.0,37.0,0.9102091,0.0,0.0,1052.0,25.879457,False,False,False,True,False,False,False,False,False,0.391221596512251,singlet,pbmc3k-capture1,True,
AAGATTACCCGTTC-1,pbmc3k-capture1,pbmc3k-public-donor,929,2763.0,71.0,2.5696707,0.0,0.0,20.0,0.72385085,0.0,0.0,616.0,22.294607,False,False,False,True,False,False,False,False,False,0.232413892411498,singlet,pbmc3k-capture1,True,
AAGATTACCGCCTT-1,pbmc3k-capture1,pbmc3k-public-donor,1079,3063.0,54.0,1.7629775,0.0,0.0,40.0,1.3059093,0.0,0.0,866.0,28.272936,False,False,False,True,False,False,False,False,False,0.30227687120337,singlet,pbmc3k-capture1,True,
AAGATTACCTCAAG-1,pbmc3k-capture1,pbmc3k-public-donor,938,2280.0,56.0,2.4561403,0.0,0.0,13.0,0.5701754,0.0,0.0,418.0,18.333334,False,False,False,True,False,False,False,False,False,0.144463945164648,singlet,pbmc3k-capture1,True,
AAGATTACTCCTCG-1,pbmc3k-capture1,pbmc3k-public-donor,316,642.0,17.0,2.647975,0.0,0.0,4.0,0.62305295,0.0,0.0,132.0,20.560747,True,True,False,False,False,False,False,False,False,,not_called_core_qc_fail,pbmc3k-capture1,False,fails_low_genes;fails_low_umis
AAGCAAGAGCGAGA-1,pbmc3k-capture1,pbmc3k-public-donor,900,2480.0,57.0,2.298387,0.0,0.0,32.0,1.2903225,0.0,0.0,856.0,34.51613,False,False,False,True,False,False,False,False,False,0.280420531580922,singlet,pbmc3k-capture1,True,
AAGCAAGAGCTTAG-1,pbmc3k-capture1,pbmc3k-public-donor,919,2171.0,48.0,2.2109628,0.0,0.0,3.0,0.13818517,1.0,0.04606172,547.0,25.195763,False,False,False,True,False,False,True,False,False,0.213181965436201,singlet,pbmc3k-capture1,True,
AAGCAAGAGGTGTT-1,pbmc3k-capture1,pbmc3k-public-donor,862,1698.0,29.0,1.7078916,0.0,0.0,17.0,1.0011778,0.0,0.0,358.0,21.083628,False,False,False,True,False,False,False,False,False,0.187453312032396,singlet,pbmc3k-capture1,True,
AAGCACTGAGCAAA-1,pbmc3k-capture1,pbmc3k-public-donor,903,3239.0,88.0,2.716888,0.0,0.0,25.0,0.7718432,0.0,0.0,1457.0,44.98302,False,False,False,True,False,False,False,False,False,0.330163516273039,singlet,pbmc3k-capture1,True,
AAGCACTGCATACG-1,pbmc3k-capture1,pbmc3k-public-donor,390,803.0,1.0,0.124533,0.0,0.0,4.0,0.498132,0.0,0.0,350.0,43.586548,True,True,False,False,False,False,False,False,False,,not_called_core_qc_fail,pbmc3k-capture1,False,fails_low_genes;fails_low_umis
AAGCACTGGTTCTT-1,pbmc3k-capture1,pbmc3k-public-donor,1717,6157.0,145.0,2.355043,0.0,0.0,32.0,0.51973367,1.0,0.016241677,2530.0,41.091442,False,False,False,True,False,False,True,False,True,0.624090157893828,doublet,pbmc3k-capture1,False,scDblFinder_doublet
AAGCCAACGTGTTG-1,pbmc3k-capture1,pbmc3k-public-donor,819,2764.0,40.0,1.447178,0.0,0.0,29.0,1.0492041,1.0,0.03617945,1219.0,44.10275,False,False,False,True,False,False,True,False,False,0.166142281449775,singlet,pbmc3k-capture1,True,
AAGCCATGAACTGC-1,pbmc3k-capture1,pbmc3k-public-donor,1877,7070.0,99.0,1.4002829,0.0,0.0,51.0,0.7213579,0.0,0.0,1802.0,25.487978,False,False,False,True,False,False,False,False,True,0.272832381523536,singlet,pbmc3k-capture1,True,
AAGCCATGACACGT-1,pbmc3k-capture1,pbmc3k-public-donor,660,1538.0,23.0,1.4954486,0.0,0.0,15.0,0.97529256,0.0,0.0,334.0,21.716515,False,False,False,True,False,False,False,False,False,0.135735764880599,singlet,pbmc3k-capture1,True,
AAGCCATGCGTGAT-1,pbmc3k-capture1,pbmc3k-public-donor,791,2111.0,23.0,1.089531,0.0,0.0,44.0,2.0843203,0.0,0.0,667.0,31.596397,False,False,False,True,False,True,False,False,False,0.305843656374624,singlet,pbmc3k-capture1,True,
AAGCCATGTCTCGC-1,pbmc3k-capture1,pbmc3k-public-donor,478,909.0,32.0,3.5203521,0.0,0.0,11.0,1.2101209,0.0,0.0,298.0,32.78328,True,True,False,False,False,False,False,False,False,,not_called_core_qc_fail,pbmc3k-capture1,False,fails_low_genes;fails_low_umis
AAGCCTGACATGCA-1,pbmc3k-capture1,pbmc3k-public-donor,769,1790.0,32.0,1.7877095,0.0,0.0,6.0,0.3351955,0.0,0.0,444.0,24.80447,False,False,False,True,False,False,False,False,False,0.237410668347656,singlet,pbmc3k-capture1,True,
AAGCCTGACCGAAT-1,pbmc3k-capture1,pbmc3k-public-donor,481,1048.0,21.0,2.0038166,0.0,0.0,7.0,0.6679389,0.0,0.0,253.0,24.14122,True,True,False,False,False,False,False,False,False,,not_called_core_qc_fail,pbmc3k-capture1,False,fails_low_genes;fails_low_umis
AAGCGACTCCTCAC-1,pbmc3k-capture1,pbmc3k-public-donor,819,2103.0,36.0,1.7118402,0.0,0.0,16.0,0.7608179,2.0,0.095102236,528.0,25.10699,False,False,False,True,False,False,True,False,False,0.163819342491746,singlet,pbmc3k-capture1,True,
AAGCGACTGTGTCA-1,pbmc3k-capture1,pbmc3k-public-donor,866,3131.0,50.0,1.596934,0.0,0.0,48.0,1.5330565,0.0,0.0,1513.0,48.32322,False,False,False,True,False,False,False,False,False,0.127400640282081,singlet,pbmc3k-capture1,True,
AAGCGACTTACAGC-1,pbmc3k-capture1,pbmc3k-public-donor,600,1494.0,27.0,1.8072288,0.0,0.0,18.0,1.2048192,0.0,0.0,518.0,34.67202,False,False,False,True,False,False,False,False,False,0.0917060838324824,singlet,pbmc3k-capture1,True,
AAGCGACTTTGACG-1,pbmc3k-capture1,pbmc3k-public-donor,1185,3668.0,56.0,1.5267175,0.0,0.0,70.0,1.908397,0.0,0.0,558.0,15.21265,False,False,False,True,False,True,False,False,False,0.146922997210381,singlet,pbmc3k-capture1,True,
AAGCGTACGTCTTT-1,pbmc3k-capture1,pbmc3k-public-donor,650,2048.0,80.0,3.90625,0.0,0.0,30.0,1.4648438,1.0,0.048828125,898.0,43.847656,False,False,False,True,False,False,True,False,False,0.109911193044012,singlet,pbmc3k-capture1,True,
AAGGCTTGCGAACT-1,pbmc3k-capture1,pbmc3k-public-donor,775,2076.0,19.0,0.9152216,0.0,0.0,14.0,0.6743738,0.0,0.0,714.0,34.393063,False,False,False,True,False,False,False,False,False,0.14293985658857,singlet,pbmc3k-capture1,True,
AAGGTCACGGTTAC-1,pbmc3k-capture1,pbmc3k-public-donor,699,1870.0,46.0,2.459893,0.0,0.0,12.0,0.64171124,1.0,0.05347594,397.0,21.229946,False,False,False,True,False,False,True,False,False,0.117801089861882,singlet,pbmc3k-capture1,True,
AAGGTCACTGTTTC-1,pbmc3k-capture1,pbmc3k-public-donor,642,1775.0,33.0,1.8591549,0.0,0.0,20.0,1.1267605,0.0,0.0,683.0,38.47887,False,False,False,True,False,False,False,False,False,0.0624789534205141,singlet,pbmc3k-capture1,True,
AAGGTCACTTCCCG-1,pbmc3k-capture1,pbmc3k-public-donor,857,2387.0,59.0,2.471722,0.0,0.0,27.0,1.1311269,0.0,0.0,882.0,36.950146,False,False,False,True,False,False,False,False,False,0.404352323302421,singlet,pbmc3k-capture1,True,
AAGGTCTGACAGTC-1,pbmc3k-capture1,pbmc3k-public-donor,832,2589.0,101.0,3.9011202,0.0,0.0,52.0,2.0084975,0.0,0.0,1099.0,42.448822,False,False,False,True,False,True,False,False,False,0.24870282269247,singlet,pbmc3k-capture1,True,
AAGGTCTGCAGATC-1,pbmc3k-capture1,pbmc3k-public-donor,388,968.0,8.0,0.82644624,0.0,0.0,2.0,0.20661156,0.0,0.0,442.0,45.661156,True,True,False,False,False,False,False,False,False,,not_called_core_qc_fail,pbmc3k-capture1,False,fails_low_genes;fails_low_umis
AAGGTCTGGTATGC-1,pbmc3k-capture1,pbmc3k-public-donor,351,715.0,36.0,5.034965,0.0,0.0,6.0,0.83916086,0.0,0.0,168.0,23.496504,True,True,True,False,False,False,False,False,False,,not_called_core_qc_fail,pbmc3k-capture1,False,fails_low_genes;fails_low_umis;fails_mt
AAGTAACTCTGAAC-1,pbmc3k-capture1,pbmc3k-public-donor,710,1874.0,41.0,2.1878335,0.0,0.0,16.0,0.8537887,0.0,0.0,450.0,24.012808,False,False,False,True,False,False,False,False,False,0.0617294641342595,singlet,pbmc3k-capture1,True,
AAGTAACTGAGATA-1,pbmc3k-capture1,pbmc3k-public-donor,341,659.0,4.0,0.60698026,0.0,0.0,4.0,0.60698026,0.0,0.0,213.0,32.3217,True,True,False,False,False,False,False,False,False,,not_called_core_qc_fail,pbmc3k-capture1,False,fails_low_genes;fails_low_umis
AAGTAGGATACAGC-1,pbmc3k-capture1,pbmc3k-public-donor,894,1725.0,32.0,1.8550724,0.0,0.0,7.0,0.4057971,0.0,0.0,249.0,14.434783,False,False,False,True,False,False,False,False,False,0.158050158612207,singlet,pbmc3k-capture1,True,
AAGTATACCGAACT-1,pbmc3k-capture1,pbmc3k-public-donor,935,3253.0,60.0,1.8444512,0.0,0.0,38.0,1.1681525,0.0,0.0,1555.0,47.80203,False,False,False,True,False,False,False,False,False,0.308570483291013,singlet,pbmc3k-capture1,True,
AAGTCCGACTTGTT-1,pbmc3k-capture1,pbmc3k-public-donor,604,1523.0,37.0,2.4294157,0.0,0.0,12.0,0.78791857,0.0,0.0,527.0,34.602757,False,False,False,True,False,False,False,False,False,0.200279548055403,singlet,pbmc3k-capture1,True,
AAGTCCGATAGAAG-1,pbmc3k-capture1,pbmc3k-public-donor,1008,3369.0,62.0,1.8403087,0.0,0.0,34.0,1.0092015,0.0,0.0,1418.0,42.08964,False,False,False,True,False,False,False,False,False,0.44326427250362,singlet,pbmc3k-capture1,True,
AAGTCTCTAGTCGT-1,pbmc3k-capture1,pbmc3k-public-donor,985,3287.0,78.0,2.3729844,0.0,0.0,29.0,0.8822635,0.0,0.0,1444.0,43.930634,False,False,False,True,False,False,False,False,False,0.260891049046369,singlet,pbmc3k-capture1,True,
AAGTCTCTCGGAGA-1,pbmc3k-capture1,pbmc3k-public-donor,679,1838.0,56.0,3.04679,0.0,0.0,7.0,0.38084874,0.0,0.0,638.0,34.711643,False,False,False,True,False,False,False,False,False,0.225203063320333,singlet,pbmc3k-capture1,True,
AAGTGGCTTGGAGG-1,pbmc3k-capture1,pbmc3k-public-donor,603,1572.0,32.0,2.0356233,0.0,0.0,16.0,1.0178117,0.0,0.0,638.0,40.58524,False,False,False,True,False,False,False,False,False,0.0877554391402056,singlet,pbmc3k-capture1,True,
AAGTTCCTCATTCT-1,pbmc3k-capture1,pbmc3k-public-donor,864,2336.0,46.0,1.969178,0.0,0.0,15.0,0.6421233,0.0,0.0,540.0,23.116438,False,False,False,True,False,False,False,False,False,0.244507463840862,singlet,pbmc3k-capture1,True,
AAGTTCCTTCTTAC-1,pbmc3k-capture1,pbmc3k-public-donor,1031,3265.0,96.0,2.9402757,0.0,0.0,43.0,1.3169985,1.0,0.03062787,1231.0,37.702908,False,False,False,True,False,False,True,False,False,0.370908721562615,singlet,pbmc3k-capture1,True,
AATAAGCTCGAATC-1,pbmc3k-capture1,pbmc3k-public-donor,887,2760.0,65.0,2.3550725,0.0,0.0,30.0,1.0869565,0.0,0.0,1150.0,41.666664,False,False,False,True,False,False,False,False,False,0.253833241564544,singlet,pbmc3k-capture1,True,
AATAAGCTCGTTGA-1,pbmc3k-capture1,pbmc3k-public-donor,603,1606.0,21.0,1.3075966,0.0,0.0,8.0,0.498132,0.0,0.0,724.0,45.080948,False,False,False,True,False,False,False,False,False,0.0881021391174779,singlet,pbmc3k-capture1,True,
AATACCCTGGACGA-1,pbmc3k-capture1,pbmc3k-public-donor,610,1501.0,33.0,2.1985343,0.0,0.0,25.0,1.6655562,0.0,0.0,485.0,32.31179,False,False,False,True,False,False,False,False,False,0.0538254566171783,singlet,pbmc3k-capture1,True,
AATACCCTGGCATT-1,pbmc3k-capture1,pbmc3k-public-donor,1119,3310.0,52.0,1.570997,0.0,0.0,15.0,0.4531722,0.0,0.0,1309.0,39.546825,False,False,False,True,False,False,False,False,False,0.338868461061851,singlet,pbmc3k-capture1,True,
AATACTGAAAGGGC-1,pbmc3k-capture1,pbmc3k-public-donor,669,1747.0,18.0,1.0303377,0.0,0.0,12.0,0.6868918,0.0,0.0,515.0,29.479107,False,False,False,True,False,False,False,False,False,0.269696110037522,singlet,pbmc3k-capture1,True,
AATACTGAATTGGC-1,pbmc3k-capture1,pbmc3k-public-donor,794,1816.0,35.0,1.9273129,0.0,0.0,11.0,0.6057269,0.0,0.0,431.0,23.73348,False,False,False,True,False,False,False,False,False,0.103875393860621,singlet,pbmc3k-capture1,True,
AATAGGGAACCCTC-1,pbmc3k-capture1,pbmc3k-public-donor,963,2877.0,45.0,1.5641292,0.0,0.0,4.0,0.13903372,0.0,0.0,1250.0,43.448036,False,False,False,True,False,False,False,False,False,0.17888978658013,singlet,pbmc3k-capture1,True,
AATAGGGAGAATGA-1,pbmc3k-capture1,pbmc3k-public-donor,756,1864.0,67.0,3.5944204,0.0,0.0,12.0,0.64377683,0.0,0.0,561.0,30.096567,False,False,False,True,False,False,False,False,False,0.240984618125631,singlet,pbmc3k-capture1,True,
AATCAAACTATCGG-1,pbmc3k-capture1,pbmc3k-public-donor,637,1457.0,33.0,2.2649279,0.0,0.0,13.0,0.8922444,0.0,0.0,508.0,34.86616,False,False,False,True,False,False,False,False,False,0.40110421881565,singlet,pbmc3k-capture1,True,
AATCCGGAATGCTG-1,pbmc3k-capture1,pbmc3k-public-donor,1032,2805.0,42.0,1.4973263,0.0,0.0,7.0,0.24955435,0.0,0.0,641.0,22.852049,False,False,False,True,False,False,False,False,False,0.219849145973755,singlet,pbmc3k-capture1,True,
AATCCTACCGGTAT-1,pbmc3k-capture1,pbmc3k-public-donor,776,2440.0,62.0,2.5409837,0.0,0.0,10.0,0.40983605,0.0,0.0,1139.0,46.68033,False,False,False,True,False,False,False,False,False,0.180980651834535,singlet,pbmc3k-capture1,True,
AATCCTTGACGGGA-1,pbmc3k-capture1,pbmc3k-public-donor,860,2533.0,60.0,2.3687327,0.0,0.0,25.0,0.986972,0.0,0.0,709.0,27.990526,False,False,False,True,False,False,False,False,False,0.160304408353281,singlet,pbmc3k-capture1,True,
AATCCTTGGTGAGG-1,pbmc3k-capture1,pbmc3k-public-donor,825,1754.0,22.0,1.2542759,0.0,0.0,6.0,0.34207526,0.0,0.0,329.0,18.757128,False,False,False,True,False,False,False,False,False,0.0684373378722985,singlet,pbmc3k-capture1,True,
AATCGGTGGAACTC-1,pbmc3k-capture1,pbmc3k-public-donor,852,1955.0,42.0,2.1483376,0.0,0.0,18.0,0.9207161,0.0,0.0,566.0,28.951406,False,False,False,True,False,False,False,False,False,0.27421934548396,singlet,pbmc3k-capture1,True,
AATCGGTGTGCTTT-1,pbmc3k-capture1,pbmc3k-public-donor,745,1896.0,37.0,1.9514767,0.0,0.0,24.0,1.2658228,0.0,0.0,719.0,37.92194,False,False,False,True,False,False,False,False,False,0.176505683297604,singlet,pbmc3k-capture1,True,
AATCTAGAAAAGTG-1,pbmc3k-capture1,pbmc3k-public-donor,858,2582.0,51.0,1.975213,0.0,0.0,8.0,0.30983734,0.0,0.0,988.0,38.26491,False,False,False,True,False,False,False,False,False,0.235140308344331,singlet,pbmc3k-capture1,True,
AATCTAGAATCGGT-1,pbmc3k-capture1,pbmc3k-public-donor,925,3168.0,70.0,2.209596,0.0,0.0,13.0,0.41035354,0.0,0.0,1455.0,45.928032,False,False,False,True,False,False,False,False,False,0.197933859088529,singlet,pbmc3k-capture1,True,
AATCTCACAGCCTA-1,pbmc3k-capture1,pbmc3k-public-donor,1228,3553.0,76.0,2.1390374,0.0,0.0,10.0,0.2814523,0.0,0.0,748.0,21.052631,False,False,False,True,False,False,False,False,False,0.277487719876997,singlet,pbmc3k-capture1,True,
AATCTCACTCTAGG-1,pbmc3k-capture1,pbmc3k-public-donor,806,2149.0,18.0,0.8375989,0.0,0.0,20.0,0.93066543,0.0,0.0,859.0,39.97208,False,False,False,True,False,False,False,False,False,0.233578177199005,singlet,pbmc3k-capture1,True,
AATCTCTGAACAGA-1,pbmc3k-capture1,pbmc3k-public-donor,715,2183.0,35.0,1.6032983,0.0,0.0,45.0,2.0613835,0.0,0.0,1022.0,46.816307,False,False,False,True,False,True,False,False,False,0.0747998041014188,singlet,pbmc3k-capture1,True,
AATCTCTGCTTTAC-1,pbmc3k-capture1,pbmc3k-public-donor,668,1710.0,31.0,1.8128656,6.0,0.3508772,2.0,0.116959065,0.0,0.0,492.0,28.77193,False,False,False,True,True,False,False,False,False,0.129384336782168,singlet,pbmc3k-capture1,True,
AATGATACACCAAC-1,pbmc3k-capture1,pbmc3k-public-donor,779,1918.0,14.0,0.729927,0.0,0.0,6.0,0.31282586,0.0,0.0,492.0,25.65172,False,False,False,True,False,False,False,False,False,0.215127177639529,singlet,pbmc3k-capture1,True,
AATGATACGGTCAT-1,pbmc3k-capture1,pbmc3k-public-donor,1197,3095.0,62.0,2.003231,0.0,0.0,15.0,0.48465267,0.0,0.0,497.0,16.058159,False,False,False,True,False,False,False,False,False,0.197184325103653,singlet,pbmc3k-capture1,True,
AATGCGTGACACCA-1,pbmc3k-capture1,pbmc3k-public-donor,888,2866.0,46.0,1.6050243,0.0,0.0,25.0,0.8722959,0.0,0.0,1278.0,44.591766,False,False,False,True,False,False,False,False,False,0.267052481167686,singlet,pbmc3k-capture1,True,
AATGCGTGGACGGA-1,pbmc3k-capture1,pbmc3k-public-donor,1273,4439.0,94.0,2.1175942,0.0,0.0,17.0,0.38296914,0.0,0.0,1607.0,36.201847,False,False,False,True,False,False,False,False,True,0.407898283937906,singlet,pbmc3k-capture1,True,
AATGCGTGGCTATG-1,pbmc3k-capture1,pbmc3k-public-donor,873,2225.0,46.0,2.0674157,0.0,0.0,17.0,0.76404494,0.0,0.0,782.0,35.146065,False,False,False,True,False,False,False,False,False,0.168955067444838,singlet,pbmc3k-capture1,True,
AATGGAGAATCGTG-1,pbmc3k-capture1,pbmc3k-public-donor,847,2381.0,78.0,3.2759347,0.0,0.0,17.0,0.71398574,0.0,0.0,609.0,25.577488,False,False,False,True,False,False,False,False,False,0.0924667009495044,singlet,pbmc3k-capture1,True,
AATGGAGATCCTTA-1,pbmc3k-capture1,pbmc3k-public-donor,781,1959.0,50.0,2.5523226,0.0,0.0,22.0,1.123022,0.0,0.0,617.0,31.49566,False,False,False,True,False,False,False,False,False,0.245274760123672,singlet,pbmc3k-capture1,True,
AATGGCTGACACCA-1,pbmc3k-capture1,pbmc3k-public-donor,959,3038.0,72.0,2.3699803,0.0,0.0,14.0,0.4608295,0.0,0.0,1221.0,40.190914,False,False,False,True,False,False,False,False,False,0.24280883472135,singlet,pbmc3k-capture1,True,
AATGGCTGCGTGAT-1,pbmc3k-capture1,pbmc3k-public-donor,805,2211.0,44.0,1.9900497,0.0,0.0,38.0,1.7186793,1.0,0.045228403,752.0,34.01176,False,False,False,True,False,False,True,False,False,0.266703379320731,singlet,pbmc3k-capture1,True,
AATGGCTGTAAAGG-1,pbmc3k-capture1,pbmc3k-public-donor,554,1286.0,62.0,4.821151,0.0,0.0,4.0,0.311042,2.0,0.155521,389.0,30.248833,False,False,False,True,False,False,True,False,False,0.0980339485274037,singlet,pbmc3k-capture1,True,
AATGGCTGTACTCT-1,pbmc3k-capture1,pbmc3k-public-donor,604,1208.0,60.0,4.9668875,0.0,0.0,2.0,0.16556291,0.0,0.0,242.0,20.033112,False,False,False,True,False,False,False,False,False,0.147157451106541,singlet,pbmc3k-capture1,True,
AATGGCTGTGAAGA-1,pbmc3k-capture1,pbmc3k-public-donor,785,2145.0,57.0,2.6573427,0.0,0.0,21.0,0.979021,1.0,0.046620045,864.0,40.27972,False,False,False,True,False,False,True,False,False,0.173990850883777,singlet,pbmc3k-capture1,True,
AATGTAACGGTGGA-1,pbmc3k-capture1,pbmc3k-public-donor,978,3047.0,17.0,0.5579258,0.0,0.0,25.0,0.82047915,0.0,0.0,1398.0,45.881195,False,False,False,True,False,False,False,False,False,0.148798565755555,singlet,pbmc3k-capture1,True,
AATGTAACGTTTGG-1,pbmc3k-capture1,pbmc3k-public-donor,537,1130.0,59.0,5.221239,0.0,0.0,5.0,0.44247788,0.0,0.0,354.0,31.327433,False,False,True,False,False,False,False,False,False,,not_called_core_qc_fail,pbmc3k-capture1,False,fails_mt
AATGTCCTCTTCTA-1,pbmc3k-capture1,pbmc3k-public-donor,910,3322.0,55.0,1.655629,0.0,0.0,50.0,1.5051174,0.0,0.0,1442.0,43.407585,False,False,False,True,False,False,False,False,False,0.299959556652834,singlet,pbmc3k-capture1,True,
AATGTTGACAGTCA-1,pbmc3k-capture1,pbmc3k-public-donor,936,2739.0,54.0,1.9715226,0.0,0.0,21.0,0.7667032,0.0,0.0,1077.0,39.32092,False,False,False,True,False,False,False,False,False,0.298539322640893,singlet,pbmc3k-capture1,True,
AATGTTGAGTTGAC-1,pbmc3k-capture1,pbmc3k-public-donor,997,2996.0,45.0,1.5020027,0.0,0.0,9.0,0.30040056,0.0,0.0,568.0,18.958612,False,False,False,True,False,False,False,False,False,0.0670673732362492,singlet,pbmc3k-capture1,True,
AATGTTGATCTACT-1,pbmc3k-capture1,pbmc3k-public-donor,961,2673.0,46.0,1.7209127,0.0,0.0,30.0,1.1223344,0.0,0.0,840.0,31.425365,False,False,False,True,False,False,False,False,False,0.333546026820419,singlet,pbmc3k-capture1,True,
AATTACGAATTCCT-1,pbmc3k-capture1,pbmc3k-public-donor,1314,4511.0,85.0,1.884283,0.0,0.0,39.0,0.86455333,0.0,0.0,1362.0,30.192862,False,False,False,True,False,False,False,False,True,0.240323250213931,singlet,pbmc3k-capture1,True,
AATTACGACTTCTA-1,pbmc3k-capture1,pbmc3k-public-donor,799,2569.0,30.0,1.1677696,0.0,0.0,14.0,0.5449591,0.0,0.0,1241.0,48.306732,False,False,False,True,False,False,False,False,False,0.164914491090441,singlet,pbmc3k-capture1,True,
AATTACGAGTAGCT-1,pbmc3k-capture1,pbmc3k-public-donor,997,2712.0,148.0,5.457227,0.0,0.0,15.0,0.55309737,1.0,0.036873154,717.0,26.438055,False,False,True,False,False,False,True,False,False,,not_called_core_qc_fail,pbmc3k-capture1,False,fails_mt
AATTACGAGTGAGG-1,pbmc3k-capture1,pbmc3k-public-donor,1112,3467.0,32.0,0.9229882,0.0,0.0,10.0,0.28843382,0.0,0.0,1401.0,40.409576,False,False,False,True,False,False,False,False,False,0.411615107848227,singlet,pbmc3k-capture1,True,
AATTACGATTGGCA-1,pbmc3k-capture1,pbmc3k-public-donor,677,1731.0,62.0,3.581745,0.0,0.0,10.0,0.57770073,0.0,0.0,638.0,36.857307,False,False,False,True,False,False,False,False,False,0.0722638073648343,singlet,pbmc3k-capture1,True,
AATTCCTGCTCAGA-1,pbmc3k-capture1,pbmc3k-public-donor,775,1800.0,43.0,2.388889,0.0,0.0,9.0,0.5,0.0,0.0,545.0,30.277777,False,False,False,True,False,False,False,False,False,0.127470704573131,singlet,pbmc3k-capture1,True,
AATTGATGTCGCAA-1,pbmc3k-capture1,pbmc3k-public-donor,1298,3973.0,123.0,3.0958972,0.0,0.0,36.0,0.9061163,5.0,0.12584949,691.0,17.392399,False,False,False,True,False,False,True,False,False,0.101446452801722,singlet,pbmc3k-capture1,True,
AATTGTGACTTGGA-1,pbmc3k-capture1,pbmc3k-public-donor,657,1973.0,34.0,1.7232642,0.0,0.0,19.0,0.9630005,1.0,0.05068424,836.0,42.37202,False,False,False,True,False,False,True,False,False,0.0859423528087163,singlet,pbmc3k-capture1,True,
ACAAAGGAGGGTGA-1,pbmc3k-capture1,pbmc3k-public-donor,626,2019.0,50.0,2.4764736,0.0,0.0,1.0,0.04952947,0.0,0.0,1007.0,49.87618,False,False,False,True,False,False,False,False,False,0.0625683544349138,singlet,pbmc3k-capture1,True,
ACAAATTGATTCTC-1,pbmc3k-capture1,pbmc3k-public-donor,1313,4094.0,108.0,2.6380067,0.0,0.0,28.0,0.6839277,0.0,0.0,866.0,21.152906,False,False,False,True,False,False,False,False,False,0.305147733491609,singlet,pbmc3k-capture1,True,
ACAAATTGCTCAGA-1,pbmc3k-capture1,pbmc3k-public-donor,467,955.0,27.0,2.827225,0.0,0.0,4.0,0.41884816,0.0,0.0,163.0,17.068062,True,True,False,False,False,False,False,False,False,,not_called_core_qc_fail,pbmc3k-capture1,False,fails_low_genes;fails_low_umis
ACAAATTGTTGCGA-1,pbmc3k-capture1,pbmc3k-public-donor,936,2326.0,61.0,2.622528,0.0,0.0,27.0,1.160791,0.0,0.0,542.0,23.301805,False,False,False,True,False,False,False,False,False,0.122751791150474,singlet,pbmc3k-capture1,True,
ACAACCGAGGGATG-1,pbmc3k-capture1,pbmc3k-public-donor,977,2384.0,42.0,1.761745,0.0,0.0,18.0,0.75503355,0.0,0.0,656.0,27.516779,False,False,False,True,False,False,False,False,False,0.416665044143248,singlet,pbmc3k-capture1,True,
ACAACCGAGTTACG-1,pbmc3k-capture1,pbmc3k-public-donor,780,2106.0,38.0,1.8043684,0.0,0.0,24.0,1.1396011,0.0,0.0,861.0,40.88319,False,False,False,True,False,False,False,False,False,0.321050534870829,singlet,pbmc3k-capture1,True,
ACAAGAGAAGTCGT-1,pbmc3k-capture1,pbmc3k-public-donor,1311,4145.0,132.0,3.1845596,0.0,0.0,22.0,0.53075993,0.0,0.0,854.0,20.603136,False,False,False,True,False,False,False,False,False,0.345401192474947,singlet,pbmc3k-capture1,True,
ACAAGAGACTTATC-1,pbmc3k-capture1,pbmc3k-public-donor,432,948.0,42.0,4.43038,0.0,0.0,1.0,0.10548523,1.0,0.10548523,286.0,30.168777,True,True,False,False,False,False,True,False,False,,not_called_core_qc_fail,pbmc3k-capture1,False,fails_low_genes;fails_low_umis
ACAAGAGAGTTGAC-1,pbmc3k-capture1,pbmc3k-public-donor,579,1624.0,72.0,4.4334974,0.0,0.0,14.0,0.86206895,0.0,0.0,586.0,36.083744,False,False,False,True,False,False,False,False,False,0.084708568921435,singlet,pbmc3k-capture1,True,
ACAATCCTAACCGT-1,pbmc3k-capture1,pbmc3k-public-donor,850,2317.0,34.0,1.4674147,0.0,0.0,44.0,1.8990073,0.0,0.0,818.0,35.30427,False,False,False,True,False,True,False,False,False,0.392395473079057,singlet,pbmc3k-capture1,True,
ACAATCCTTAGCGT-1,pbmc3k-capture1,pbmc3k-public-donor,736,1847.0,64.0,3.4650784,0.0,0.0,15.0,0.8121278,0.0,0.0,621.0,33.62209,False,False,False,True,False,False,False,False,False,0.0844503608603064,singlet,pbmc3k-capture1,True,
ACAATTGACTGACA-1,pbmc3k-capture1,pbmc3k-public-donor,800,2165.0,47.0,2.1709006,0.0,0.0,7.0,0.32332563,0.0,0.0,714.0,32.979214,False,False,False,True,False,False,False,False,False,0.327686600506846,singlet,pbmc3k-capture1,True,
ACAATTGATGACTG-1,pbmc3k-capture1,pbmc3k-public-donor,892,1871.0,35.0,1.8706573,0.0,0.0,7.0,0.3741315,0.0,0.0,390.0,20.84447,False,False,False,True,False,False,False,False,False,0.134595859615432,singlet,pbmc3k-capture1,True,
ACACAGACACCTGA-1,pbmc3k-capture1,pbmc3k-public-donor,299,551.0,34.0,6.170599,0.0,0.0,0.0,0.0,0.0,0.0,80.0,14.519056,True,True,True,False,False,False,False,False,False,,not_called_core_qc_fail,pbmc3k-capture1,False,fails_low_genes;fails_low_umis;fails_mt
ACACAGACCATACG-1,pbmc3k-capture1,pbmc3k-public-donor,860,2024.0,45.0,2.22332,0.0,0.0,8.0,0.39525694,0.0,0.0,607.0,29.990118,False,False,False,True,False,False,False,False,False,0.205692101731978,singlet,pbmc3k-capture1,True,
ACACCAGAGGGCAA-1,pbmc3k-capture1,pbmc3k-public-donor,720,1769.0,23.0,1.3001696,0.0,0.0,6.0,0.33917466,0.0,0.0,592.0,33.465233,False,False,False,True,False,False,False,False,False,0.356774318433845,singlet,pbmc3k-capture1,True,
ACACCCTGGTGTTG-1,pbmc3k-capture1,pbmc3k-public-donor,822,1808.0,25.0,1.3827434,0.0,0.0,9.0,0.49778762,0.0,0.0,374.0,20.68584,False,False,False,True,False,False,False,False,False,0.105371539614001,singlet,pbmc3k-capture1,True,
ACACGAACAGTTCG-1,pbmc3k-capture1,pbmc3k-public-donor,681,1524.0,24.0,1.5748031,0.0,0.0,12.0,0.78740156,0.0,0.0,530.0,34.7769,False,False,False,True,False,False,False,False,False,0.306413116185215,singlet,pbmc3k-capture1,True,
ACACGATGACGCAT-1,pbmc3k-capture1,pbmc3k-public-donor,954,2060.0,57.0,2.7669902,0.0,0.0,22.0,1.0679612,0.0,0.0,451.0,21.893204,False,False,False,True,False,False,False,False,False,0.310367074280419,singlet,pbmc3k-capture1,True,
ACACGATGATGTGC-1,pbmc3k-capture1,pbmc3k-public-donor,889,2314.0,80.0,3.457217,0.0,0.0,19.0,0.821089,0.0,0.0,600.0,25.929127,False,False,False,True,False,False,False,False,False,0.216344590100697,singlet,pbmc3k-capture1,True,
ACACGATGTCGTAG-1,pbmc3k-capture1,pbmc3k-public-donor,1265,3652.0,70.0,1.916758,0.0,0.0,53.0,1.4512596,0.0,0.0,1185.0,32.44797,False,False,False,True,False,False,False,False,False,0.562039185883644,doublet,pbmc3k-capture1,False,scDblFinder_doublet
ACACGATGTGGTCA-1,pbmc3k-capture1,pbmc3k-public-donor,919,2311.0,39.0,1.6875811,0.0,0.0,13.0,0.56252706,0.0,0.0,809.0,35.00649,False,False,False,True,False,False,False,False,False,0.527931089986668,doublet,pbmc3k-capture1,False,scDblFinder_doublet
ACAGACACGGCATT-1,pbmc3k-capture1,pbmc3k-public-donor,799,2139.0,67.0,3.132305,0.0,0.0,36.0,1.6830295,0.0,0.0,641.0,29.967276,False,False,False,True,False,False,False,False,False,0.166975960156664,singlet,pbmc3k-capture1,True,
ACAGACACGTTGTG-1,pbmc3k-capture1,pbmc3k-public-donor,833,1984.0,20.0,1.0080645,0.0,0.0,24.0,1.2096773,1.0,0.050403222,681.0,34.324596,False,False,False,True,False,False,True,False,False,0.223728746695128,singlet,pbmc3k-capture1,True,
ACAGCAACACCTAG-1,pbmc3k-capture1,pbmc3k-public-donor,496,1046.0,19.0,1.8164436,0.0,0.0,14.0,1.3384321,0.0,0.0,247.0,23.613768,True,True,False,False,False,False,False,False,False,,not_called_core_qc_fail,pbmc3k-capture1,False,fails_low_genes;fails_low_umis
ACAGCAACCTCAAG-1,pbmc3k-capture1,pbmc3k-public-donor,1476,4435.0,90.0,2.0293121,0.0,0.0,29.0,0.6538895,0.0,0.0,740.0,16.685455,False,False,False,True,False,False,False,False,True,0.213007399454476,singlet,pbmc3k-capture1,True,
ACAGGTACCCCACT-1,pbmc3k-capture1,pbmc3k-public-donor,848,2729.0,28.0,1.0260168,0.0,0.0,39.0,1.4290949,0.0,0.0,1189.0,43.569073,False,False,False,True,False,False,False,False,False,0.178081290623401,singlet,pbmc3k-capture1,True,
ACAGGTACGCTGTA-1,pbmc3k-capture1,pbmc3k-public-donor,869,2220.0,70.0,3.1531532,0.0,0.0,6.0,0.2702703,0.0,0.0,765.0,34.45946,False,False,False,True,False,False,False,False,False,0.332656760613218,singlet,pbmc3k-capture1,True,
ACAGGTACTGGTGT-1,pbmc3k-capture1,pbmc3k-public-donor,1059,1886.0,24.0,1.2725345,0.0,0.0,6.0,0.31813362,0.0,0.0,248.0,13.149522,False,False,False,True,False,False,False,False,False,0.131562202111839,singlet,pbmc3k-capture1,True,
ACAGTCGACCCAAA-1,pbmc3k-capture1,pbmc3k-public-donor,490,1010.0,23.0,2.2772276,0.0,0.0,13.0,1.2871287,0.0,0.0,323.0,31.980198,True,True,False,False,False,False,False,False,False,,not_called_core_qc_fail,pbmc3k-capture1,False,fails_low_genes;fails_low_umis
ACAGTCGACCGATA-1,pbmc3k-capture1,pbmc3k-public-donor,897,2070.0,21.0,1.0144928,0.0,0.0,21.0,1.0144928,0.0,0.0,593.0,28.647343,False,False,False,True,False,False,False,False,False,0.441996576151845,singlet,pbmc3k-capture1,True,
ACAGTGACTCACCC-1,pbmc3k-capture1,pbmc3k-public-donor,832,2162.0,25.0,1.1563367,0.0,0.0,50.0,2.3126733,0.0,0.0,784.0,36.262722,False,False,False,True,False,True,False,False,False,0.389264335293188,singlet,pbmc3k-capture1,True,
ACAGTGACTCTATC-1,pbmc3k-capture1,pbmc3k-public-donor,864,2131.0,88.0,4.1295166,0.0,0.0,34.0,1.5954951,0.0,0.0,632.0,29.657438,False,False,False,True,False,False,False,False,False,0.167643188991461,singlet,pbmc3k-capture1,True,
ACAGTGTGGTCACA-1,pbmc3k-capture1,pbmc3k-public-donor,419,964.0,22.0,2.2821577,0.0,0.0,4.0,0.4149378,0.0,0.0,447.0,46.369293,True,True,False,False,False,False,False,False,False,,not_called_core_qc_fail,pbmc3k-capture1,False,fails_low_genes;fails_low_umis
ACAGTGTGTTGCGA-1,pbmc3k-capture1,pbmc3k-public-donor,856,2274.0,51.0,2.2427442,0.0,0.0,8.0,0.35180297,0.0,0.0,462.0,20.316624,False,False,False,True,False,False,False,False,False,0.0835764505172501,singlet,pbmc3k-capture1,True,
ACATCACTCTACTT-1,pbmc3k-capture1,pbmc3k-public-donor,907,2503.0,48.0,1.9176987,0.0,0.0,37.0,1.4782261,0.0,0.0,619.0,24.730324,False,False,False,True,False,False,False,False,False,0.200891501484006,singlet,pbmc3k-capture1,True,
ACATGGTGAAGCCT-1,pbmc3k-capture1,pbmc3k-public-donor,791,2165.0,26.0,1.2009238,0.0,0.0,33.0,1.5242494,0.0,0.0,885.0,40.877598,False,False,False,True,False,False,False,False,False,0.239872704522491,singlet,pbmc3k-capture1,True,
ACATGGTGCAACCA-1,pbmc3k-capture1,pbmc3k-public-donor,756,2147.0,59.0,2.7480206,0.0,0.0,61.0,2.8411736,0.0,0.0,867.0,40.381927,False,False,False,True,False,True,False,False,False,0.239178074603638,singlet,pbmc3k-capture1,True,
ACATGGTGCGAGTT-1,pbmc3k-capture1,pbmc3k-public-donor,771,2048.0,24.0,1.171875,0.0,0.0,26.0,1.2695312,0.0,0.0,819.0,39.990234,False,False,False,True,False,False,False,False,False,0.24035431449339,singlet,pbmc3k-capture1,True,
ACATGGTGCGTTGA-1,pbmc3k-capture1,pbmc3k-public-donor,690,1562.0,84.0,5.377721,0.0,0.0,2.0,0.12804097,0.0,0.0,493.0,31.5621,False,False,True,False,False,False,False,False,False,,not_called_core_qc_fail,pbmc3k-capture1,False,fails_mt
ACATTCTGGCATAC-1,pbmc3k-capture1,pbmc3k-public-donor,957,2850.0,46.0,1.6140351,0.0,0.0,25.0,0.877193,1.0,0.03508772,1128.0,39.57895,False,False,False,True,False,False,True,False,False,0.251116981942754,singlet,pbmc3k-capture1,True,
ACATTCTGGGAACG-1,pbmc3k-capture1,pbmc3k-public-donor,1190,3716.0,62.0,1.6684606,0.0,0.0,21.0,0.5651238,0.0,0.0,1200.0,32.29279,False,False,False,True,False,False,False,False,False,0.818827259211031,doublet,pbmc3k-capture1,False,scDblFinder_doublet
ACCAACGACATGCA-1,pbmc3k-capture1,pbmc3k-public-donor,680,2115.0,30.0,1.4184396,0.0,0.0,8.0,0.3782506,0.0,0.0,1015.0,47.990543,False,False,False,True,False,False,False,False,False,0.174989621128273,singlet,pbmc3k-capture1,True,
ACCACAGAAAGTAG-1,pbmc3k-capture1,pbmc3k-public-donor,524,1457.0,47.0,3.2258062,0.0,0.0,29.0,1.9903911,0.0,0.0,632.0,43.3768,False,False,False,True,False,True,False,False,False,0.189601302284814,singlet,pbmc3k-capture1,True,
ACCACAGAGTTGGT-1,pbmc3k-capture1,pbmc3k-public-donor,908,2860.0,35.0,1.2237762,0.0,0.0,21.0,0.73426574,0.0,0.0,1318.0,46.083916,False,False,False,True,False,False,False,False,False,0.156807622502387,singlet,pbmc3k-capture1,True,
ACCACCTGTGTGCA-1,pbmc3k-capture1,pbmc3k-public-donor,506,1177.0,20.0,1.6992353,0.0,0.0,21.0,1.7841971,0.0,0.0,484.0,41.121494,False,False,False,True,False,False,False,False,False,0.0780099794262511,singlet,pbmc3k-capture1,True,
ACCACGCTACAGCT-1,pbmc3k-capture1,pbmc3k-public-donor,851,2532.0,41.0,1.6192732,0.0,0.0,20.0,0.7898894,1.0,0.03949447,1083.0,42.77251,False,False,False,True,False,False,True,False,False,0.224839537421309,singlet,pbmc3k-capture1,True,
ACCACGCTACCCAA-1,pbmc3k-capture1,pbmc3k-public-donor,775,1936.0,48.0,2.479339,0.0,0.0,1.0,0.05165289,0.0,0.0,597.0,30.836777,False,False,False,True,False,False,False,False,False,0.186596577453743,singlet,pbmc3k-capture1,True,
ACCACGCTGCGAGA-1,pbmc3k-capture1,pbmc3k-public-donor,793,1979.0,47.0,2.3749368,0.0,0.0,25.0,1.2632643,0.0,0.0,710.0,35.876705,False,False,False,True,False,False,False,False,False,0.308212592410541,singlet,pbmc3k-capture1,True,
ACCACGCTGCTGTA-1,pbmc3k-capture1,pbmc3k-public-donor,748,2009.0,72.0,3.5838728,0.0,0.0,19.0,0.9457442,0.0,0.0,730.0,36.336483,False,False,False,True,False,False,False,False,False,0.334509566399914,singlet,pbmc3k-capture1,True,
ACCAGCCTGACAGG-1,pbmc3k-capture1,pbmc3k-public-donor,951,2569.0,38.0,1.4791747,0.0,0.0,31.0,1.2066952,1.0,0.03892565,883.0,34.371353,False,False,False,True,False,False,True,False,False,0.295493722872694,singlet,pbmc3k-capture1,True,
ACCAGTGAACGGTT-1,pbmc3k-capture1,pbmc3k-public-donor,643,1730.0,58.0,3.352601,0.0,0.0,3.0,0.1734104,0.0,0.0,666.0,38.497112,False,False,False,True,False,False,False,False,False,0.0759244095297384,singlet,pbmc3k-capture1,True,
ACCAGTGAATACCG-1,pbmc3k-capture1,pbmc3k-public-donor,1277,3871.0,124.0,3.2033067,0.0,0.0,37.0,0.9558254,0.0,0.0,763.0,19.710669,False,False,False,True,False,False,False,False,False,0.211436496883756,singlet,pbmc3k-capture1,True,
ACCAGTGAGGGATG-1,pbmc3k-capture1,pbmc3k-public-donor,828,2445.0,22.0,0.89979553,0.0,0.0,4.0,0.16359918,0.0,0.0,1090.0,44.58078,False,False,False,True,False,False,False,False,False,0.187321672263083,singlet,pbmc3k-capture1,True,
ACCAGTGATGACTG-1,pbmc3k-capture1,pbmc3k-public-donor,480,1223.0,34.0,2.780049,0.0,0.0,7.0,0.5723631,0.0,0.0,294.0,24.039248,True,False,False,False,False,False,False,False,False,,not_called_core_qc_fail,pbmc3k-capture1,False,fails_low_genes
ACCATTACCTTCTA-1,pbmc3k-capture1,pbmc3k-public-donor,969,3415.0,65.0,1.9033674,0.0,0.0,31.0,0.9077599,0.0,0.0,1627.0,47.642754,False,False,False,True,False,False,False,False,False,0.244406758886631,singlet,pbmc3k-capture1,True,
ACCATTACGAGATA-1,pbmc3k-capture1,pbmc3k-public-donor,1112,2712.0,21.0,0.7743363,0.0,0.0,10.0,0.36873156,0.0,0.0,508.0,18.731564,False,False,False,True,False,False,False,False,False,0.291667722946318,singlet,pbmc3k-capture1,True,
ACCATTTGTCATTC-1,pbmc3k-capture1,pbmc3k-public-donor,648,1647.0,33.0,2.003643,0.0,0.0,34.0,2.0643594,0.0,0.0,645.0,39.162113,False,False,False,True,False,True,False,False,False,0.206483338224495,singlet,pbmc3k-capture1,True,
ACCCAAGAACTGTG-1,pbmc3k-capture1,pbmc3k-public-donor,805,1704.0,36.0,2.112676,0.0,0.0,9.0,0.528169,0.0,0.0,429.0,25.176058,False,False,False,True,False,False,False,False,False,0.17028143190973,singlet,pbmc3k-capture1,True,
ACCCAAGAATTCCT-1,pbmc3k-capture1,pbmc3k-public-donor,1223,3563.0,53.0,1.4875106,0.0,0.0,32.0,0.8981195,1.0,0.028066235,646.0,18.130789,False,False,False,True,False,False,True,False,False,0.135064927064456,singlet,pbmc3k-capture1,True,
ACCCAAGAGGACAG-1,pbmc3k-capture1,pbmc3k-public-donor,1023,2976.0,33.0,1.108871,0.0,0.0,73.0,2.4529572,1.0,0.033602152,1150.0,38.64247,False,False,False,True,False,True,True,False,False,0.305228546887344,singlet,pbmc3k-capture1,True,
ACCCAAGATTCACT-1,pbmc3k-capture1,pbmc3k-public-donor,669,1976.0,57.0,2.8846154,0.0,0.0,5.0,0.25303644,0.0,0.0,811.0,41.04251,False,False,False,True,False,False,False,False,False,0.0338960397736696,singlet,pbmc3k-capture1,True,
ACCCACTGCGCCTT-1,pbmc3k-capture1,pbmc3k-public-donor,489,986.0,27.0,2.7383366,0.0,0.0,9.0,0.9127789,0.0,0.0,234.0,23.73225,True,True,False,False,False,False,False,False,False,,not_called_core_qc_fail,pbmc3k-capture1,False,fails_low_genes;fails_low_umis
ACCCACTGGACAGG-1,pbmc3k-capture1,pbmc3k-public-donor,390,863.0,21.0,2.433372,0.0,0.0,14.0,1.6222479,0.0,0.0,360.0,41.714947,True,True,False,False,False,False,False,False,False,,not_called_core_qc_fail,pbmc3k-capture1,False,fails_low_genes;fails_low_umis
ACCCACTGGTTCAG-1,pbmc3k-capture1,pbmc3k-public-donor,350,568.0,7.0,1.2323943,0.0,0.0,0.0,0.0,1.0,0.17605634,18.0,3.169014,True,True,False,False,False,False,True,False,False,,not_called_core_qc_fail,pbmc3k-capture1,False,fails_low_genes;fails_low_umis
ACCCACTGTCGTAG-1,pbmc3k-capture1,pbmc3k-public-donor,1113,2874.0,90.0,3.131524,0.0,0.0,16.0,0.55671537,0.0,0.0,586.0,20.389702,False,False,False,True,False,False,False,False,False,0.275744931809882,singlet,pbmc3k-capture1,True,
ACCCAGCTCAGAAA-1,pbmc3k-capture1,pbmc3k-public-donor,837,2389.0,45.0,1.8836333,0.0,0.0,24.0,1.0046045,0.0,0.0,974.0,40.770195,False,False,False,True,False,False,False,False,False,0.211027745512702,singlet,pbmc3k-capture1,True,
ACCCAGCTGTTAGC-1,pbmc3k-capture1,pbmc3k-public-donor,1547,5535.0,114.0,2.0596206,0.0,0.0,63.0,1.1382114,0.0,0.0,1758.0,31.761518,False,False,False,True,False,False,False,False,True,0.849273936780201,doublet,pbmc3k-capture1,False,scDblFinder_doublet
ACCCAGCTTGCTTT-1,pbmc3k-capture1,pbmc3k-public-donor,840,2495.0,11.0,0.4408818,0.0,0.0,16.0,0.64128256,0.0,0.0,1112.0,44.569138,False,False,False,True,False,False,False,False,False,0.189090665119484,singlet,pbmc3k-capture1,True,
ACCCGTTGATGACC-1,pbmc3k-capture1,pbmc3k-public-donor,581,1508.0,44.0,2.917772,0.0,0.0,12.0,0.795756,0.0,0.0,593.0,39.32361,False,False,False,True,False,False,False,False,False,0.0524270518263803,singlet,pbmc3k-capture1,True,
ACCCGTTGCTGCAA-1,pbmc3k-capture1,pbmc3k-public-donor,748,2158.0,16.0,0.74142724,0.0,0.0,33.0,1.5291936,0.0,0.0,936.0,43.373497,False,False,False,True,False,False,False,False,False,0.176608060284321,singlet,pbmc3k-capture1,True,
ACCCGTTGCTTCTA-1,pbmc3k-capture1,pbmc3k-public-donor,1861,6092.0,87.0,1.4281024,0.0,0.0,39.0,0.6401838,1.0,0.01641497,2221.0,36.45765,False,False,False,True,False,False,True,False,True,0.804494370285539,doublet,pbmc3k-capture1,False,scDblFinder_doublet
ACCCTCGACCTATT-1,pbmc3k-capture1,pbmc3k-public-donor,735,1727.0,38.0,2.2003474,0.0,0.0,17.0,0.98436594,0.0,0.0,534.0,30.920673,False,False,False,True,False,False,False,False,False,0.170483817604591,singlet,pbmc3k-capture1,True,
ACCCTCGACGGTAT-1,pbmc3k-capture1,pbmc3k-public-donor,488,1245.0,23.0,1.8473896,0.0,0.0,2.0,0.16064258,0.0,0.0,523.0,42.008034,True,False,False,False,False,False,False,False,False,,not_called_core_qc_fail,pbmc3k-capture1,False,fails_low_genes
ACCCTCGATAAGGA-1,pbmc3k-capture1,pbmc3k-public-donor,1016,2847.0,75.0,2.634352,0.0,0.0,32.0,1.1239902,0.0,0.0,677.0,23.779417,False,False,False,True,False,False,False,False,False,0.215103701232036,singlet,pbmc3k-capture1,True,
ACCCTCGATCAAGC-1,pbmc3k-capture1,pbmc3k-public-donor,585,1444.0,41.0,2.8393352,0.0,0.0,5.0,0.34626037,1.0,0.069252074,295.0,20.429363,False,False,False,True,False,False,True,False,False,0.0349022268885197,singlet,pbmc3k-capture1,True,
ACCGTGCTACCAGT-1,pbmc3k-capture1,pbmc3k-public-donor,797,1938.0,30.0,1.5479876,0.0,0.0,3.0,0.15479876,0.0,0.0,581.0,29.97936,False,False,False,True,False,False,False,False,False,0.215531842856201,singlet,pbmc3k-capture1,True,
ACCGTGCTGGAACG-1,pbmc3k-capture1,pbmc3k-public-donor,769,1909.0,42.0,2.200105,0.0,0.0,2.0,0.1047669,0.0,0.0,643.0,33.682556,False,False,False,True,False,False,False,False,False,0.134762179120269,singlet,pbmc3k-capture1,True,
ACCTATTGCTGAGT-1,pbmc3k-capture1,pbmc3k-public-donor,490,1190.0,31.0,2.605042,0.0,0.0,61.0,5.1260505,0.0,0.0,311.0,26.134455,True,False,False,False,False,True,False,False,False,,not_called_core_qc_fail,pbmc3k-capture1,False,fails_low_genes
ACCTATTGTGCCCT-1,pbmc3k-capture1,pbmc3k-public-donor,1307,4060.0,112.0,2.7586207,0.0,0.0,21.0,0.51724136,0.0,0.0,901.0,22.192118,False,False,False,True,False,False,False,False,False,0.0966736587219573,singlet,pbmc3k-capture1,True,
ACCTCCGAGTCCTC-1,pbmc3k-capture1,pbmc3k-public-donor,895,2426.0,26.0,1.071723,0.0,0.0,19.0,0.7831822,0.0,0.0,970.0,39.983513,False,False,False,True,False,False,False,False,False,0.332716487015131,singlet,pbmc3k-capture1,True,
ACCTCCGATATGCG-1,pbmc3k-capture1,pbmc3k-public-donor,686,1789.0,46.0,2.571269,0.0,0.0,7.0,0.39128006,0.0,0.0,626.0,34.991615,False,False,False,True,False,False,False,False,False,0.214685269628632,singlet,pbmc3k-capture1,True,
ACCTCCGATGCTGA-1,pbmc3k-capture1,pbmc3k-public-donor,602,1789.0,41.0,2.291783,0.0,0.0,18.0,1.0061487,0.0,0.0,780.0,43.599777,False,False,False,True,False,False,False,False,False,0.207257040668016,singlet,pbmc3k-capture1,True,
ACCTCGTGAACCAC-1,pbmc3k-capture1,pbmc3k-public-donor,772,1969.0,59.0,2.996445,0.0,0.0,21.0,1.0665312,0.0,0.0,583.0,29.608938,False,False,False,True,False,False,False,False,False,0.0904650315753122,singlet,pbmc3k-capture1,True,
ACCTGAGATATCGG-1,pbmc3k-capture1,pbmc3k-public-donor,704,1524.0,57.0,3.7401576,0.0,0.0,11.0,0.7217848,0.0,0.0,372.0,24.409449,False,False,False,True,False,False,False,False,False,0.113270247028027,singlet,pbmc3k-capture1,True,
ACCTGGCTAAGTAG-1,pbmc3k-capture1,pbmc3k-public-donor,892,1870.0,54.0,2.8877006,0.0,0.0,9.0,0.48128343,0.0,0.0,212.0,11.336898,False,False,False,True,False,False,False,False,False,0.127282631807573,singlet,pbmc3k-capture1,True,
ACCTGGCTGTCTTT-1,pbmc3k-capture1,pbmc3k-public-donor,446,836.0,44.0,5.263158,0.0,0.0,6.0,0.71770334,0.0,0.0,204.0,24.401913,True,True,True,False,False,False,False,False,False,,not_called_core_qc_fail,pbmc3k-capture1,False,fails_low_genes;fails_low_umis;fails_mt
ACCTTTGACTCCCA-1,pbmc3k-capture1,pbmc3k-public-donor,1169,3056.0,68.0,2.225131,0.0,0.0,23.0,0.7526178,0.0,0.0,528.0,17.277487,False,False,False,True,False,False,False,False,False,0.257894517604806,singlet,pbmc3k-capture1,True,
ACCTTTGAGGAACG-1,pbmc3k-capture1,pbmc3k-public-donor,1375,4145.0,137.0,3.305187,0.0,0.0,2.0,0.048250906,0.0,0.0,951.0,22.943304,False,False,False,True,False,False,False,False,False,0.447439113016197,doublet,pbmc3k-capture1,False,scDblFinder_doublet
ACCTTTGAGGAAGC-1,pbmc3k-capture1,pbmc3k-public-donor,1189,3696.0,63.0,1.7045455,0.0,0.0,56.0,1.5151515,0.0,0.0,1020.0,27.597404,False,False,False,True,False,False,False,False,False,0.290198772617429,singlet,pbmc3k-capture1,True,
ACGAACACCTTGTT-1,pbmc3k-capture1,pbmc3k-public-donor,892,1736.0,23.0,1.3248848,0.0,0.0,5.0,0.28801844,0.0,0.0,290.0,16.705069,False,False,False,True,False,False,False,False,False,0.234942837934359,singlet,pbmc3k-capture1,True,
ACGAACTGGCTATG-1,pbmc3k-capture1,pbmc3k-public-donor,2455,8931.0,140.0,1.5675737,0.0,0.0,34.0,0.38069645,0.0,0.0,957.0,10.715486,False,False,False,True,False,False,False,False,True,0.347791176910971,singlet,pbmc3k-capture1,True,
ACGAAGCTCTCCAC-1,pbmc3k-capture1,pbmc3k-public-donor,355,796.0,8.0,1.0050251,0.0,0.0,9.0,1.1306533,0.0,0.0,352.0,44.221107,True,True,False,False,False,False,False,False,False,,not_called_core_qc_fail,pbmc3k-capture1,False,fails_low_genes;fails_low_umis
ACGAAGCTCTGAGT-1,pbmc3k-capture1,pbmc3k-public-donor,1856,7067.0,236.0,3.339465,0.0,0.0,23.0,0.32545635,0.0,0.0,2356.0,33.33805,False,False,False,True,False,False,False,False,True,0.524149713093153,doublet,pbmc3k-capture1,False,scDblFinder_doublet
ACGACCCTATCTCT-1,pbmc3k-capture1,pbmc3k-public-donor,1317,4077.0,84.0,2.0603385,0.0,0.0,35.0,0.8584743,0.0,0.0,975.0,23.914642,False,False,False,True,False,False,False,False,False,0.200734296889848,singlet,pbmc3k-capture1,True,
ACGACCCTGATGAA-1,pbmc3k-capture1,pbmc3k-public-donor,703,2014.0,61.0,3.0287986,0.0,0.0,4.0,0.19860972,0.0,0.0,871.0,43.24727,False,False,False,True,False,False,False,False,False,0.236410981564351,singlet,pbmc3k-capture1,True,
ACGACCCTTGACAC-1,pbmc3k-capture1,pbmc3k-public-donor,825,2795.0,46.0,1.6457961,0.0,0.0,20.0,0.7155635,1.0,0.035778172,1230.0,44.007156,False,False,False,True,False,False,True,False,False,0.133412410599976,singlet,pbmc3k-capture1,True,
ACGACCCTTGACCA-1,pbmc3k-capture1,pbmc3k-public-donor,736,2314.0,63.0,2.7225585,0.0,0.0,39.0,1.6853932,0.0,0.0,1073.0,46.369923,False,False,False,True,False,False,False,False,False,0.0764854602787442,singlet,pbmc3k-capture1,True,
ACGAGGGACAGGAG-1,pbmc3k-capture1,pbmc3k-public-donor,1997,7935.0,116.0,1.4618778,0.0,0.0,82.0,1.0333964,1.0,0.012602395,1886.0,23.768116,False,False,False,True,False,False,True,False,True,0.303211746687764,singlet,pbmc3k-capture1,True,
ACGAGGGACGAACT-1,pbmc3k-capture1,pbmc3k-public-donor,892,2762.0,69.0,2.4981897,0.0,0.0,39.0,1.4120202,0.0,0.0,1205.0,43.627804,False,False,False,True,False,False,False,False,False,0.196068526968714,singlet,pbmc3k-capture1,True,
ACGAGGGATGTAGC-1,pbmc3k-capture1,pbmc3k-public-donor,1034,3053.0,73.0,2.3910909,0.0,0.0,35.0,1.1464133,0.0,0.0,1224.0,40.091713,False,False,False,True,False,False,False,False,False,0.423013054861945,singlet,pbmc3k-capture1,True,
ACGAGTACCCTAAG-1,pbmc3k-capture1,pbmc3k-public-donor,545,1261.0,23.0,1.8239492,0.0,0.0,9.0,0.7137193,0.0,0.0,375.0,29.738304,False,False,False,True,False,False,False,False,False,0.0330207655096222,singlet,pbmc3k-capture1,True,
ACGAGTACGAATCC-1,pbmc3k-capture1,pbmc3k-public-donor,1188,3621.0,57.0,1.5741508,0.0,0.0,49.0,1.3532174,0.0,0.0,1312.0,36.233086,False,False,False,True,False,False,False,False,False,0.712114683925811,doublet,pbmc3k-capture1,False,scDblFinder_doublet
ACGATCGAGGACTT-1,pbmc3k-capture1,pbmc3k-public-donor,659,1607.0,15.0,0.9334163,0.0,0.0,20.0,1.244555,0.0,0.0,514.0,31.985065,False,False,False,True,False,False,False,False,False,0.319207871461303,singlet,pbmc3k-capture1,True,
ACGATCGAGTCACA-1,pbmc3k-capture1,pbmc3k-public-donor,1056,3066.0,61.0,1.989563,0.0,0.0,32.0,1.0437052,0.0,0.0,708.0,23.091976,False,False,False,True,False,False,False,False,False,0.22191561824011,singlet,pbmc3k-capture1,True,
ACGATGACAATGCC-1,pbmc3k-capture1,pbmc3k-public-donor,819,2246.0,46.0,2.0480855,0.0,0.0,28.0,1.2466607,0.0,0.0,741.0,32.991985,False,False,False,True,False,False,False,False,False,0.156640799249398,singlet,pbmc3k-capture1,True,
ACGATGACTGGTCA-1,pbmc3k-capture1,pbmc3k-public-donor,979,2634.0,48.0,1.8223236,0.0,0.0,36.0,1.3667426,0.0,0.0,985.0,37.395596,False,False,False,True,False,False,False,False,False,0.314602118468857,singlet,pbmc3k-capture1,True,
ACGATTCTACGGGA-1,pbmc3k-capture1,pbmc3k-public-donor,632,1606.0,55.0,3.4246576,0.0,0.0,1.0,0.0622665,0.0,0.0,482.0,30.012453,False,False,False,True,False,False,False,False,False,0.139310850142385,singlet,pbmc3k-capture1,True,
ACGCAATGGTTCAG-1,pbmc3k-capture1,pbmc3k-public-donor,598,1227.0,32.0,2.607987,0.0,0.0,3.0,0.24449879,0.0,0.0,301.0,24.531378,False,False,False,True,False,False,False,False,False,0.0727226171844475,singlet,pbmc3k-capture1,True,
ACGCACCTGTTAGC-1,pbmc3k-capture1,pbmc3k-public-donor,690,1687.0,36.0,2.1339657,0.0,0.0,9.0,0.53349143,0.0,0.0,632.0,37.46295,False,False,False,True,False,False,False,False,False,0.0902115131690174,singlet,pbmc3k-capture1,True,
ACGCCACTGAACTC-1,pbmc3k-capture1,pbmc3k-public-donor,310,602.0,0.0,0.0,0.0,0.0,2.0,0.33222592,0.0,0.0,173.0,28.737541,True,True,False,False,False,False,False,False,False,,not_called_core_qc_fail,pbmc3k-capture1,False,fails_low_genes;fails_low_umis
ACGCCGGAAACCAC-1,pbmc3k-capture1,pbmc3k-public-donor,803,2243.0,51.0,2.2737405,0.0,0.0,33.0,1.4712439,0.0,0.0,635.0,28.310299,False,False,False,True,False,False,False,False,False,0.12943660502833,singlet,pbmc3k-capture1,True,
ACGCCGGAAAGCCT-1,pbmc3k-capture1,pbmc3k-public-donor,743,2145.0,19.0,0.88578093,0.0,0.0,17.0,0.7925408,0.0,0.0,933.0,43.496506,False,False,False,True,False,False,False,False,False,0.218002484941631,singlet,pbmc3k-capture1,True,
ACGCCGGAAATGCC-1,pbmc3k-capture1,pbmc3k-public-donor,560,1102.0,25.0,2.2686026,0.0,0.0,9.0,0.8166969,0.0,0.0,380.0,34.482758,False,True,False,False,False,False,False,False,False,,not_called_core_qc_fail,pbmc3k-capture1,False,fails_low_umis
ACGCCTTGCTCCCA-1,pbmc3k-capture1,pbmc3k-public-donor,1073,2774.0,84.0,3.0281181,0.0,0.0,31.0,1.1175199,1.0,0.036049027,498.0,17.952415,False,False,False,True,False,False,True,False,False,0.104070355416152,singlet,pbmc3k-capture1,True,
ACGCGGTGGCGAGA-1,pbmc3k-capture1,pbmc3k-public-donor,844,2432.0,50.0,2.055921,0.0,0.0,37.0,1.5213815,0.0,0.0,987.0,40.58388,False,False,False,True,False,False,False,False,False,0.360192564133011,singlet,pbmc3k-capture1,True,
ACGCGGTGTGTGGT-1,pbmc3k-capture1,pbmc3k-public-donor,882,2604.0,59.0,2.265745,0.0,0.0,6.0,0.23041475,0.0,0.0,1035.0,39.746544,False,False,False,True,False,False,False,False,False,0.148139389467282,singlet,pbmc3k-capture1,True,
ACGCGGTGTTTGCT-1,pbmc3k-capture1,pbmc3k-public-donor,841,2145.0,35.0,1.6317016,0.0,0.0,4.0,0.18648018,0.0,0.0,595.0,27.73893,False,False,False,True,False,False,False,False,False,0.0969422990260274,singlet,pbmc3k-capture1,True,
ACGCTCACAGTACC-1,pbmc3k-capture1,pbmc3k-public-donor,815,2367.0,64.0,2.7038445,0.0,0.0,14.0,0.59146595,0.0,0.0,1049.0,44.317703,False,False,False,True,False,False,False,False,False,0.186611309930903,singlet,pbmc3k-capture1,True,
ACGCTCACCCTTGC-1,pbmc3k-capture1,pbmc3k-public-donor,771,2165.0,50.0,2.3094687,0.0,0.0,38.0,1.7551962,0.0,0.0,889.0,41.062355,False,False,False,True,False,False,False,False,False,0.210662229963509,singlet,pbmc3k-capture1,True,
ACGCTGCTGTTCTT-1,pbmc3k-capture1,pbmc3k-public-donor,976,1956.0,21.0,1.0736196,0.0,0.0,7.0,0.3578732,0.0,0.0,217.0,11.0940695,False,False,False,True,False,False,False,False,False,0.124537003899395,singlet,pbmc3k-capture1,True,
ACGGAACTCAGATC-1,pbmc3k-capture1,pbmc3k-public-donor,986,2155.0,40.0,1.8561485,0.0,0.0,4.0,0.18561485,0.0,0.0,408.0,18.932714,False,False,False,True,False,False,False,False,False,0.0819488191820061,singlet,pbmc3k-capture1,True,
ACGGAACTGTCGTA-1,pbmc3k-capture1,pbmc3k-public-donor,820,2153.0,84.0,3.9015326,0.0,0.0,16.0,0.7431491,0.0,0.0,370.0,17.185324,False,False,False,True,False,False,False,False,False,0.0883893081442809,singlet,pbmc3k-capture1,True,
ACGGAGGACTCTTA-1,pbmc3k-capture1,pbmc3k-public-donor,957,2614.0,75.0,2.8691661,0.0,0.0,37.0,1.4154552,0.0,0.0,425.0,16.258608,False,False,False,True,False,False,False,False,False,0.232900918452711,singlet,pbmc3k-capture1,True,
ACGGATTGGGAGGT-1,pbmc3k-capture1,pbmc3k-public-donor,640,1655.0,46.0,2.7794561,0.0,0.0,10.0,0.6042296,0.0,0.0,654.0,39.516617,False,False,False,True,False,False,False,False,False,0.07142148015067,singlet,pbmc3k-capture1,True,
ACGGATTGGTTAGC-1,pbmc3k-capture1,pbmc3k-public-donor,1012,3068.0,56.0,1.8252933,0.0,0.0,50.0,1.6297262,0.0,0.0,1346.0,43.872227,False,False,False,True,False,False,False,False,False,0.415209157616084,singlet,pbmc3k-capture1,True,
ACGGCTCTGAGCAG-1,pbmc3k-capture1,pbmc3k-public-donor,927,2389.0,60.0,2.511511,0.0,0.0,29.0,1.213897,0.0,0.0,760.0,31.812473,False,False,False,True,False,False,False,False,False,0.338317785881099,singlet,pbmc3k-capture1,True,
ACGGCTCTTGCACA-1,pbmc3k-capture1,pbmc3k-public-donor,794,2535.0,48.0,1.8934911,0.0,0.0,9.0,0.35502958,0.0,0.0,1073.0,42.327415,False,False,False,True,False,False,False,False,False,0.188837848422017,singlet,pbmc3k-capture1,True,
ACGGTAACCGCTAA-1,pbmc3k-capture1,pbmc3k-public-donor,753,1867.0,50.0,2.6780932,0.0,0.0,10.0,0.53561866,0.0,0.0,515.0,27.584358,False,False,False,True,False,False,False,False,False,0.214006740629935,singlet,pbmc3k-capture1,True,
ACGGTAACCTTCGC-1,pbmc3k-capture1,pbmc3k-public-donor,791,1944.0,45.0,2.3148148,0.0,0.0,29.0,1.4917696,0.0,0.0,562.0,28.909466,False,False,False,True,False,False,False,False,False,0.251752073538095,singlet,pbmc3k-capture1,True,
ACGGTAACGGTGGA-1,pbmc3k-capture1,pbmc3k-public-donor,366,811.0,34.0,4.192355,0.0,0.0,15.0,1.8495685,0.0,0.0,281.0,34.648582,True,True,False,False,False,False,False,False,False,,not_called_core_qc_fail,pbmc3k-capture1,False,fails_low_genes;fails_low_umis
ACGGTAACTCGCAA-1,pbmc3k-capture1,pbmc3k-public-donor,539,1213.0,27.0,2.2258863,0.0,0.0,10.0,0.8244023,1.0,0.082440235,476.0,39.24155,False,False,False,True,False,False,True,False,False,0.342632452285457,singlet,pbmc3k-capture1,True,
ACGGTATGAGTCGT-1,pbmc3k-capture1,pbmc3k-public-donor,752,1764.0,43.0,2.4376416,0.0,0.0,11.0,0.6235828,0.0,0.0,403.0,22.845804,False,False,False,True,False,False,False,False,False,0.125087554575693,singlet,pbmc3k-capture1,True,
ACGGTATGGGTATC-1,pbmc3k-capture1,pbmc3k-public-donor,769,2149.0,82.0,3.8157284,0.0,0.0,12.0,0.55839926,0.0,0.0,847.0,39.41368,False,False,False,True,False,False,False,False,False,0.172667606584849,singlet,pbmc3k-capture1,True,
ACGGTATGGTTGTG-1,pbmc3k-capture1,pbmc3k-public-donor,650,1947.0,44.0,2.259887,0.0,0.0,7.0,0.3595275,0.0,0.0,874.0,44.889572,False,False,False,True,False,False,False,False,False,0.0602883874110098,singlet,pbmc3k-capture1,True,
ACGGTCCTAACGGG-1,pbmc3k-capture1,pbmc3k-public-donor,947,2197.0,30.0,1.3654984,0.0,0.0,27.0,1.2289486,0.0,0.0,609.0,27.719616,False,False,False,True,False,False,False,False,False,0.233118220529306,singlet,pbmc3k-capture1,True,
ACGGTCCTCGGGAA-1,pbmc3k-capture1,pbmc3k-public-donor,771,2254.0,53.0,2.3513753,0.0,0.0,21.0,0.93167704,0.0,0.0,891.0,39.529724,False,False,False,True,False,False,False,False,False,0.224653531532817,singlet,pbmc3k-capture1,True,
ACGTAGACAACCAC-1,pbmc3k-capture1,pbmc3k-public-donor,824,2028.0,20.0,0.9861933,0.0,0.0,47.0,2.3175542,0.0,0.0,653.0,32.19921,False,False,False,True,False,True,False,False,False,0.320184638453095,singlet,pbmc3k-capture1,True,
ACGTAGACTACAGC-1,pbmc3k-capture1,pbmc3k-public-donor,744,1829.0,32.0,1.7495898,0.0,0.0,23.0,1.2575177,0.0,0.0,652.0,35.647896,False,False,False,True,False,False,False,False,False,0.0750239166592716,singlet,pbmc3k-capture1,True,
ACGTCAGAAACGAA-1,pbmc3k-capture1,pbmc3k-public-donor,837,2167.0,47.0,2.1688972,0.0,0.0,25.0,1.1536686,0.0,0.0,770.0,35.532997,False,False,False,True,False,False,False,False,False,0.234518881653818,singlet,pbmc3k-capture1,True,
ACGTCAGAGAGCTT-1,pbmc3k-capture1,pbmc3k-public-donor,723,1911.0,46.0,2.4071167,0.0,0.0,9.0,0.47095764,0.0,0.0,371.0,19.41392,False,False,False,True,False,False,False,False,False,0.11938760150241,singlet,pbmc3k-capture1,True,
ACGTCAGAGGGATG-1,pbmc3k-capture1,pbmc3k-public-donor,640,1541.0,23.0,1.4925373,0.0,0.0,17.0,1.1031797,0.0,0.0,544.0,35.30175,False,False,False,True,False,False,False,False,False,0.114641339631332,singlet,pbmc3k-capture1,True,
ACGTCCTGATAAGG-1,pbmc3k-capture1,pbmc3k-public-donor,923,2627.0,92.0,3.5020936,0.0,0.0,23.0,0.8755234,0.0,0.0,751.0,28.587744,False,False,False,True,False,False,False,False,False,0.208219981449052,singlet,pbmc3k-capture1,True,
ACGTCCTGTGAACC-1,pbmc3k-capture1,pbmc3k-public-donor,1174,3303.0,80.0,2.4220405,0.0,0.0,16.0,0.4844081,0.0,0.0,530.0,16.046019,False,False,False,True,False,False,False,False,False,0.177033490801856,singlet,pbmc3k-capture1,True,
ACGTCGCTCCTGAA-1,pbmc3k-capture1,pbmc3k-public-donor,1597,3932.0,73.0,1.8565615,0.0,0.0,5.0,0.12716174,16.0,0.4069176,572.0,14.547305,False,False,False,True,False,False,True,False,False,0.194187890176766,singlet,pbmc3k-capture1,True,
ACGTCGCTCTATTC-1,pbmc3k-capture1,pbmc3k-public-donor,699,1585.0,54.0,3.40694,0.0,0.0,17.0,1.0725552,0.0,0.0,511.0,32.239746,False,False,False,True,False,False,False,False,False,0.372100033387337,singlet,pbmc3k-capture1,True,
ACGTCGCTTCTCAT-1,pbmc3k-capture1,pbmc3k-public-donor,618,1602.0,40.0,2.496879,0.0,0.0,16.0,0.9987515,0.0,0.0,660.0,41.1985,False,False,False,True,False,False,False,False,False,0.0611491816143361,singlet,pbmc3k-capture1,True,
ACGTGATGCCATGA-1,pbmc3k-capture1,pbmc3k-public-donor,1418,5441.0,143.0,2.6281934,0.0,0.0,34.0,0.62488514,0.0,0.0,1701.0,31.262636,False,False,False,True,False,False,False,False,True,0.242551530737173,singlet,pbmc3k-capture1,True,
ACGTGATGGGTCTA-1,pbmc3k-capture1,pbmc3k-public-donor,820,2638.0,50.0,1.8953754,0.0,0.0,27.0,1.0235026,0.0,0.0,1251.0,47.42229,False,False,False,True,False,False,False,False,False,0.148743701384459,singlet,pbmc3k-capture1,True,
ACGTGATGTAACCG-1,pbmc3k-capture1,pbmc3k-public-donor,1047,2976.0,46.0,1.5456989,0.0,0.0,5.0,0.16801076,0.0,0.0,672.0,22.580645,False,False,False,True,False,False,False,False,False,0.197028402542446,singlet,pbmc3k-capture1,True,
ACGTGATGTGACAC-1,pbmc3k-capture1,pbmc3k-public-donor,981,2135.0,68.0,3.1850119,0.0,0.0,24.0,1.1241218,0.0,0.0,443.0,20.749414,False,False,False,True,False,False,False,False,False,0.237378919042915,singlet,pbmc3k-capture1,True,
ACGTGCCTCCGTAA-1,pbmc3k-capture1,pbmc3k-public-donor,866,2177.0,30.0,1.3780432,0.0,0.0,28.0,1.2861736,0.0,0.0,653.0,29.995405,False,False,False,True,False,False,False,False,False,0.261779360654022,singlet,pbmc3k-capture1,True,
ACGTGCCTTCTATC-1,pbmc3k-capture1,pbmc3k-public-donor,527,1081.0,40.0,3.7002776,0.0,0.0,11.0,1.0175763,0.0,0.0,327.0,30.24977,False,True,False,False,False,False,False,False,False,,not_called_core_qc_fail,pbmc3k-capture1,False,fails_low_umis
ACGTTACTTTCCAT-1,pbmc3k-capture1,pbmc3k-public-donor,762,1968.0,32.0,1.6260161,0.0,0.0,26.0,1.3211383,0.0,0.0,759.0,38.567074,False,False,False,True,False,False,False,False,False,0.271667324848181,singlet,pbmc3k-capture1,True,
ACGTTGGAAAAGCA-1,pbmc3k-capture1,pbmc3k-public-donor,717,2187.0,42.0,1.9204389,0.0,0.0,1.0,0.04572474,0.0,0.0,995.0,45.496113,False,False,False,True,False,False,False,False,False,0.142429097395295,singlet,pbmc3k-capture1,True,
ACGTTGGAAACCTG-1,pbmc3k-capture1,pbmc3k-public-donor,860,2217.0,89.0,4.014434,0.0,0.0,20.0,0.90212,0.0,0.0,696.0,31.393776,False,False,False,True,False,False,False,False,False,0.344764080235998,singlet,pbmc3k-capture1,True,
ACGTTGGACCGTAA-1,pbmc3k-capture1,pbmc3k-public-donor,603,1383.0,34.0,2.4584239,0.0,0.0,8.0,0.57845265,0.0,0.0,367.0,26.536516,False,False,False,True,False,False,False,False,False,0.0685575909668471,singlet,pbmc3k-capture1,True,
ACGTTGGAGCCAAT-1,pbmc3k-capture1,pbmc3k-public-donor,828,1780.0,40.0,2.247191,0.0,0.0,5.0,0.28089887,1.0,0.056179777,312.0,17.52809,False,False,False,True,False,False,True,False,False,0.0963867588089133,singlet,pbmc3k-capture1,True,
ACGTTGGATATGGC-1,pbmc3k-capture1,pbmc3k-public-donor,476,1052.0,13.0,1.2357415,0.0,0.0,8.0,0.76045626,0.0,0.0,434.0,41.254753,True,True,False,False,False,False,False,False,False,,not_called_core_qc_fail,pbmc3k-capture1,False,fails_low_genes;fails_low_umis
ACGTTGGATCAGGT-1,pbmc3k-capture1,pbmc3k-public-donor,1071,2801.0,42.0,1.4994645,0.0,0.0,8.0,0.2856123,0.0,0.0,571.0,20.385576,False,False,False,True,False,False,False,False,False,0.22078449437768,singlet,pbmc3k-capture1,True,
ACGTTTACATCAGC-1,pbmc3k-capture1,pbmc3k-public-donor,775,2368.0,37.0,1.5625,0.0,0.0,29.0,1.2246622,0.0,0.0,1076.0,45.43919,False,False,False,True,False,False,False,False,False,0.147729648842721,singlet,pbmc3k-capture1,True,
ACTAAAACCCACAA-1,pbmc3k-capture1,pbmc3k-public-donor,614,1268.0,18.0,1.4195584,0.0,0.0,12.0,0.9463723,0.0,0.0,369.0,29.100946,False,False,False,True,False,False,False,False,False,0.293875966340586,singlet,pbmc3k-capture1,True,
ACTAAAACTCGACA-1,pbmc3k-capture1,pbmc3k-public-donor,913,2584.0,54.0,2.0897834,0.0,0.0,33.0,1.2770897,0.0,0.0,600.0,23.219814,False,False,False,True,False,False,False,False,False,0.14537499186155,singlet,pbmc3k-capture1,True,
ACTACGGAATTTCC-1,pbmc3k-capture1,pbmc3k-public-donor,836,2188.0,42.0,1.9195613,0.0,0.0,14.0,0.6398538,0.0,0.0,785.0,35.877514,False,False,False,True,False,False,False,False,False,0.294164687320023,singlet,pbmc3k-capture1,True,
ACTACGGACCTATT-1,pbmc3k-capture1,pbmc3k-public-donor,669,1804.0,48.0,2.660754,0.0,0.0,33.0,1.8292682,0.0,0.0,729.0,40.4102,False,False,False,True,False,False,False,False,False,0.171456310092906,singlet,pbmc3k-capture1,True,
ACTACGGATCGCTC-1,pbmc3k-capture1,pbmc3k-public-donor,942,2471.0,34.0,1.3759611,0.0,0.0,31.0,1.2545528,0.0,0.0,850.0,34.39903,False,False,False,True,False,False,False,False,False,0.430734694957211,singlet,pbmc3k-capture1,True,
ACTACTACTAAGGA-1,pbmc3k-capture1,pbmc3k-public-donor,792,2339.0,56.0,2.3941855,0.0,0.0,19.0,0.81231296,0.0,0.0,1035.0,44.24968,False,False,False,True,False,False,False,False,False,0.198789714296964,singlet,pbmc3k-capture1,True,
ACTAGGTGGAACCT-1,pbmc3k-capture1,pbmc3k-public-donor,871,1980.0,27.0,1.3636364,0.0,0.0,32.0,1.6161617,0.0,0.0,551.0,27.828281,False,False,False,True,False,False,False,False,False,0.41664219821434,singlet,pbmc3k-capture1,True,
ACTAGGTGGAACTC-1,pbmc3k-capture1,pbmc3k-public-donor,1046,3531.0,60.0,1.6992353,0.0,0.0,30.0,0.84961766,1.0,0.028320588,1546.0,43.78363,False,False,False,True,False,False,True,False,False,0.477588985781832,doublet,pbmc3k-capture1,False,scDblFinder_doublet
ACTATCACCTTGGA-1,pbmc3k-capture1,pbmc3k-public-donor,859,2050.0,63.0,3.0731707,0.0,0.0,10.0,0.4878049,0.0,0.0,602.0,29.365852,False,False,False,True,False,False,False,False,False,0.338139621330923,singlet,pbmc3k-capture1,True,
ACTATCACTGCCAA-1,pbmc3k-capture1,pbmc3k-public-donor,793,2222.0,37.0,1.6651666,0.0,0.0,19.0,0.85508555,0.0,0.0,920.0,41.40414,False,False,False,True,False,False,False,False,False,0.26303815345081,singlet,pbmc3k-capture1,True,
ACTCAGGACTGAAC-1,pbmc3k-capture1,pbmc3k-public-donor,822,2160.0,12.0,0.5555556,0.0,0.0,25.0,1.1574074,0.0,0.0,813.0,37.63889,False,False,False,True,False,False,False,False,False,0.204778129863548,singlet,pbmc3k-capture1,True,
ACTCAGGATCTATC-1,pbmc3k-capture1,pbmc3k-public-donor,751,1870.0,28.0,1.4973263,0.0,0.0,19.0,1.0160427,0.0,0.0,616.0,32.941177,False,False,False,True,False,False,False,False,False,0.105721128880977,singlet,pbmc3k-capture1,True,
ACTCAGGATTCGTT-1,pbmc3k-capture1,pbmc3k-public-donor,435,1009.0,20.0,1.9821604,0.0,0.0,8.0,0.79286426,0.0,0.0,259.0,25.66898,True,True,False,False,False,False,False,False,False,,not_called_core_qc_fail,pbmc3k-capture1,False,fails_low_genes;fails_low_umis
ACTCCTCTCAACTG-1,pbmc3k-capture1,pbmc3k-public-donor,1142,3267.0,68.0,2.0814202,0.0,0.0,29.0,0.8876645,0.0,0.0,1086.0,33.24151,False,False,False,True,False,False,False,False,False,0.426712070742552,singlet,pbmc3k-capture1,True,
ACTCGCACGAAAGT-1,pbmc3k-capture1,pbmc3k-public-donor,781,1824.0,30.0,1.6447369,0.0,0.0,1.0,0.05482456,0.0,0.0,349.0,19.133772,False,False,False,True,False,False,False,False,False,0.078125349038526,singlet,pbmc3k-capture1,True,
ACTCGCACTACGAC-1,pbmc3k-capture1,pbmc3k-public-donor,718,1872.0,21.0,1.1217949,0.0,0.0,16.0,0.8547009,0.0,0.0,450.0,24.038462,False,False,False,True,False,False,False,False,False,0.207887157805921,singlet,pbmc3k-capture1,True,
ACTCTCCTGACACT-1,pbmc3k-capture1,pbmc3k-public-donor,471,1237.0,36.0,2.9102669,0.0,0.0,17.0,1.3742926,0.0,0.0,527.0,42.603073,True,False,False,False,False,False,False,False,False,,not_called_core_qc_fail,pbmc3k-capture1,False,fails_low_genes
ACTCTCCTGCATAC-1,pbmc3k-capture1,pbmc3k-public-donor,1750,5861.0,102.0,1.7403175,0.0,0.0,37.0,0.6312916,0.0,0.0,2377.0,40.55622,False,False,False,True,False,False,False,False,True,0.455961469221652,doublet,pbmc3k-capture1,False,scDblFinder_doublet
ACTCTCCTGTTTGG-1,pbmc3k-capture1,pbmc3k-public-donor,892,2755.0,53.0,1.923775,0.0,0.0,24.0,0.8711434,0.0,0.0,1152.0,41.81488,False,False,False,True,False,False,False,False,False,0.170004772682801,singlet,pbmc3k-capture1,True,
ACTGAGACAACCAC-1,pbmc3k-capture1,pbmc3k-public-donor,841,1944.0,69.0,3.549383,0.0,0.0,27.0,1.388889,0.0,0.0,593.0,30.504116,False,False,False,True,False,False,False,False,False,0.227600576238324,singlet,pbmc3k-capture1,True,
ACTGAGACCCATAG-1,pbmc3k-capture1,pbmc3k-public-donor,1156,3635.0,65.0,1.7881706,0.0,0.0,42.0,1.1554333,1.0,0.027510317,772.0,21.237965,False,False,False,True,False,False,True,False,False,0.258259978614523,singlet,pbmc3k-capture1,True,
ACTGAGACGTTGGT-1,pbmc3k-capture1,pbmc3k-public-donor,1031,3991.0,70.0,1.7539464,0.0,0.0,16.0,0.40090206,0.0,0.0,1973.0,49.436234,False,False,False,True,False,False,False,False,False,0.22280021683037,singlet,pbmc3k-capture1,True,
ACTGCCACACACGT-1,pbmc3k-capture1,pbmc3k-public-donor,912,2120.0,34.0,1.6037736,0.0,0.0,38.0,1.7924528,0.0,0.0,569.0,26.839622,False,False,False,True,False,False,False,False,False,0.266673149963538,singlet,pbmc3k-capture1,True,
ACTGCCACTCCGTC-1,pbmc3k-capture1,pbmc3k-public-donor,873,1739.0,71.0,4.082806,0.0,0.0,6.0,0.3450259,0.0,0.0,314.0,18.056355,False,False,False,True,False,False,False,False,False,0.0579675168499907,singlet,pbmc3k-capture1,True,
ACTGGCCTTCAGTG-1,pbmc3k-capture1,pbmc3k-public-donor,824,1656.0,34.0,2.0531402,0.0,0.0,6.0,0.36231884,0.0,0.0,316.0,19.082127,False,False,False,True,False,False,False,False,False,0.105540400532958,singlet,pbmc3k-capture1,True,
ACTGTGGACGTGTA-1,pbmc3k-capture1,pbmc3k-public-donor,1233,3185.0,67.0,2.1036108,0.0,0.0,38.0,1.1930926,1.0,0.031397175,919.0,28.854004,False,False,False,True,False,False,True,False,False,0.681784111428898,doublet,pbmc3k-capture1,False,scDblFinder_doublet
ACTGTGGATCTAGG-1,pbmc3k-capture1,pbmc3k-public-donor,1312,4412.0,101.0,2.2892113,0.0,0.0,38.0,0.8612874,0.0,0.0,1772.0,40.163193,False,False,False,True,False,False,False,False,True,0.736147688882222,doublet,pbmc3k-capture1,False,scDblFinder_doublet
ACTGTTACCCACAA-1,pbmc3k-capture1,pbmc3k-public-donor,575,1262.0,41.0,3.2488115,0.0,0.0,13.0,1.030111,0.0,0.0,289.0,22.900158,False,False,False,True,False,False,False,False,False,0.0471265760045901,singlet,pbmc3k-capture1,True,
ACTGTTACTGCAGT-1,pbmc3k-capture1,pbmc3k-public-donor,605,1658.0,38.0,2.291918,0.0,0.0,12.0,0.7237636,0.0,0.0,700.0,42.21954,False,False,False,True,False,False,False,False,False,0.116601796155569,singlet,pbmc3k-capture1,True,
ACTTAAGAACCACA-1,pbmc3k-capture1,pbmc3k-public-donor,717,2297.0,52.0,2.2638223,0.0,0.0,27.0,1.1754463,0.0,0.0,1029.0,44.79756,False,False,False,True,False,False,False,False,False,0.17616243944392,singlet,pbmc3k-capture1,True,
ACTTAAGACCACAA-1,pbmc3k-capture1,pbmc3k-public-donor,665,1629.0,95.0,5.8317986,0.0,0.0,55.0,3.3763044,0.0,0.0,588.0,36.095764,False,False,True,False,False,True,False,False,False,,not_called_core_qc_fail,pbmc3k-capture1,False,fails_mt
ACTTAAGATTACTC-1,pbmc3k-capture1,pbmc3k-public-donor,1019,2822.0,81.0,2.8703046,0.0,0.0,26.0,0.92133236,0.0,0.0,856.0,30.333096,False,False,False,True,False,False,False,False,False,0.208244430423945,singlet,pbmc3k-capture1,True,
ACTTAGCTGCGTAT-1,pbmc3k-capture1,pbmc3k-public-donor,1215,3267.0,51.0,1.5610652,0.0,0.0,12.0,0.36730945,1.0,0.030609122,578.0,17.692072,False,False,False,True,False,False,True,False,False,0.142529295116396,singlet,pbmc3k-capture1,True,
ACTTAGCTGGGAGT-1,pbmc3k-capture1,pbmc3k-public-donor,928,2502.0,23.0,0.91926455,0.0,0.0,26.0,1.0391687,1.0,0.039968025,867.0,34.65228,False,False,False,True,False,False,True,False,False,0.151112601120097,singlet,pbmc3k-capture1,True,
ACTTCAACAAGCAA-1,pbmc3k-capture1,pbmc3k-public-donor,1780,5419.0,167.0,3.0817494,0.0,0.0,15.0,0.27680382,2.0,0.036907177,1432.0,26.42554,False,False,False,True,False,False,True,False,True,0.472998286161455,doublet,pbmc3k-capture1,False,scDblFinder_doublet
ACTTCAACGTAGGG-1,pbmc3k-capture1,pbmc3k-public-donor,657,1259.0,14.0,1.1119937,0.0,0.0,14.0,1.1119937,0.0,0.0,259.0,20.571882,False,False,False,True,False,False,False,False,False,0.0681962269436162,singlet,pbmc3k-capture1,True,
ACTTCCCTTTCCGC-1,pbmc3k-capture1,pbmc3k-public-donor,718,2072.0,27.0,1.3030888,0.0,0.0,28.0,1.3513514,2.0,0.096525095,924.0,44.594593,False,False,False,True,False,False,True,False,False,0.139072040987095,singlet,pbmc3k-capture1,True,
ACTTCTGACATGCA-1,pbmc3k-capture1,pbmc3k-public-donor,646,1655.0,72.0,4.3504534,0.0,0.0,11.0,0.6646526,0.0,0.0,657.0,39.697884,False,False,False,True,False,False,False,False,False,0.0556185821180119,singlet,pbmc3k-capture1,True,
ACTTGACTCCACAA-1,pbmc3k-capture1,pbmc3k-public-donor,808,1999.0,32.0,1.6008005,0.0,0.0,10.0,0.50025016,0.0,0.0,618.0,30.915457,False,False,False,True,False,False,False,False,False,0.125233159862994,singlet,pbmc3k-capture1,True,
ACTTGGGAGAAAGT-1,pbmc3k-capture1,pbmc3k-public-donor,1120,3624.0,105.0,2.897351,0.0,0.0,25.0,0.6898455,0.0,0.0,1050.0,28.97351,False,False,False,True,False,False,False,False,False,0.256964552443535,singlet,pbmc3k-capture1,True,
ACTTGGGAGGTTTG-1,pbmc3k-capture1,pbmc3k-public-donor,750,1645.0,29.0,1.762918,0.0,0.0,16.0,0.9726443,0.0,0.0,474.0,28.81459,False,False,False,True,False,False,False,False,False,0.236958879314027,singlet,pbmc3k-capture1,True,
ACTTGGGATGTGAC-1,pbmc3k-capture1,pbmc3k-public-donor,390,792.0,1.0,0.12626262,0.0,0.0,3.0,0.37878788,0.0,0.0,154.0,19.444445,True,True,False,False,False,False,False,False,False,,not_called_core_qc_fail,pbmc3k-capture1,False,fails_low_genes;fails_low_umis
ACTTGGGATTGACG-1,pbmc3k-capture1,pbmc3k-public-donor,1100,3111.0,73.0,2.3465123,0.0,0.0,21.0,0.6750241,0.0,0.0,807.0,25.940212,False,False,False,True,False,False,False,False,False,0.238081157206631,singlet,pbmc3k-capture1,True,
ACTTGTACCCGAAT-1,pbmc3k-capture1,pbmc3k-public-donor,911,2501.0,140.0,5.5977607,0.0,0.0,39.0,1.5593762,0.0,0.0,893.0,35.70572,False,False,True,False,False,False,False,False,False,,not_called_core_qc_fail,pbmc3k-capture1,False,fails_mt
ACTTGTACCTGTCC-1,pbmc3k-capture1,pbmc3k-public-donor,456,1149.0,14.0,1.2184508,0.0,0.0,16.0,1.3925152,1.0,0.0870322,490.0,42.64578,True,False,False,False,False,False,True,False,False,,not_called_core_qc_fail,pbmc3k-capture1,False,fails_low_genes
ACTTTGTGCGATAC-1,pbmc3k-capture1,pbmc3k-public-donor,267,600.0,48.0,8.0,0.0,0.0,4.0,0.6666667,0.0,0.0,216.0,36.0,True,True,True,False,False,False,False,False,False,,not_called_core_qc_fail,pbmc3k-capture1,False,fails_low_genes;fails_low_umis;fails_mt
ACTTTGTGGAAAGT-1,pbmc3k-capture1,pbmc3k-public-donor,755,2368.0,27.0,1.1402026,0.0,0.0,22.0,0.9290541,0.0,0.0,1096.0,46.283783,False,False,False,True,False,False,False,False,False,0.168515971339434,singlet,pbmc3k-capture1,True,
ACTTTGTGGATAGA-1,pbmc3k-capture1,pbmc3k-public-donor,1118,3145.0,44.0,1.3990461,0.0,0.0,15.0,0.47694752,0.0,0.0,689.0,21.90779,False,False,False,True,False,False,False,False,False,0.252228447728561,singlet,pbmc3k-capture1,True,
AGAAACGAAAGTAG-1,pbmc3k-capture1,pbmc3k-public-donor,571,1430.0,41.0,2.867133,0.0,0.0,9.0,0.6293706,0.0,0.0,607.0,42.44755,False,False,False,True,False,False,False,False,False,0.086536801825871,singlet,pbmc3k-capture1,True,
AGAAAGTGCGCAAT-1,pbmc3k-capture1,pbmc3k-public-donor,867,3021.0,61.0,2.019199,0.0,0.0,24.0,0.7944389,0.0,0.0,1448.0,47.93115,False,False,False,True,False,False,False,False,False,0.249796615881048,singlet,pbmc3k-capture1,True,
AGAAAGTGGGGATG-1,pbmc3k-capture1,pbmc3k-public-donor,728,1968.0,32.0,1.6260161,0.0,0.0,25.0,1.2703252,0.0,0.0,570.0,28.963413,False,False,False,True,False,False,False,False,False,0.13318645767386,singlet,pbmc3k-capture1,True,
AGAACAGAAATGCC-1,pbmc3k-capture1,pbmc3k-public-donor,916,1879.0,32.0,1.7030336,1.0,0.0532198,4.0,0.2128792,0.0,0.0,342.0,18.20117,False,False,False,True,True,False,False,False,False,0.146560823275299,singlet,pbmc3k-capture1,True,
AGAACAGACGACTA-1,pbmc3k-capture1,pbmc3k-public-donor,491,981.0,25.0,2.54842,0.0,0.0,10.0,1.0193679,1.0,0.101936795,316.0,32.21203,True,True,False,False,False,False,True,False,False,,not_called_core_qc_fail,pbmc3k-capture1,False,fails_low_genes;fails_low_umis
AGAACAGAGACAAA-1,pbmc3k-capture1,pbmc3k-public-donor,960,3002.0,52.0,1.7321786,0.0,0.0,20.0,0.6662225,0.0,0.0,1120.0,37.30846,False,False,False,True,False,False,False,False,False,0.332559880611445,singlet,pbmc3k-capture1,True,
AGAACGCTTTGCTT-1,pbmc3k-capture1,pbmc3k-public-donor,625,1763.0,38.0,2.1554167,0.0,0.0,2.0,0.113442995,0.0,0.0,807.0,45.77425,False,False,False,True,False,False,False,False,False,0.0300479871863363,singlet,pbmc3k-capture1,True,
AGAAGATGTGACTG-1,pbmc3k-capture1,pbmc3k-public-donor,1090,3604.0,36.0,0.9988901,0.0,0.0,39.0,1.082131,0.0,0.0,1362.0,37.79134,False,False,False,True,False,False,False,False,False,0.227010356674757,singlet,pbmc3k-capture1,True,
AGAATGGAAGAAGT-1,pbmc3k-capture1,pbmc3k-public-donor,772,2052.0,21.0,1.0233918,0.0,0.0,10.0,0.48732942,0.0,0.0,729.0,35.526314,False,False,False,True,False,False,False,False,False,0.369363646443099,singlet,pbmc3k-capture1,True,
AGAATTTGTAACCG-1,pbmc3k-capture1,pbmc3k-public-donor,968,3259.0,35.0,1.0739491,0.0,0.0,44.0,1.3501074,0.0,0.0,1417.0,43.479595,False,False,False,True,False,False,False,False,False,0.236198206799394,singlet,pbmc3k-capture1,True,
AGAATTTGTAGAGA-1,pbmc3k-capture1,pbmc3k-public-donor,480,1428.0,59.0,4.131653,0.0,0.0,0.0,0.0,0.0,0.0,668.0,46.778713,True,False,False,False,False,False,False,False,False,,not_called_core_qc_fail,pbmc3k-capture1,False,fails_low_genes
AGACACACTGTAGC-1,pbmc3k-capture1,pbmc3k-public-donor,810,2229.0,29.0,1.3010318,0.0,0.0,40.0,1.7945267,1.0,0.04486317,843.0,37.819653,False,False,False,True,False,False,True,False,False,0.288336148998558,singlet,pbmc3k-capture1,True,
AGACACTGTCAAGC-1,pbmc3k-capture1,pbmc3k-public-donor,725,1944.0,33.0,1.6975307,0.0,0.0,22.0,1.1316872,0.0,0.0,414.0,21.296297,False,False,False,True,False,False,False,False,False,0.0727599257977048,singlet,pbmc3k-capture1,True,
AGACCTGAAGTAGA-1,pbmc3k-capture1,pbmc3k-public-donor,1016,2595.0,53.0,2.0423894,0.0,0.0,35.0,1.3487476,0.0,0.0,567.0,21.84971,False,False,False,True,False,False,False,False,False,0.241192764778593,singlet,pbmc3k-capture1,True,
AGACCTGACCAACA-1,pbmc3k-capture1,pbmc3k-public-donor,1011,2999.0,89.0,2.967656,0.0,0.0,41.0,1.3671224,0.0,0.0,1091.0,36.37879,False,False,False,True,False,False,False,False,False,0.286532056908448,singlet,pbmc3k-capture1,True,
AGACCTGAGGAAGC-1,pbmc3k-capture1,pbmc3k-public-donor,1075,2875.0,54.0,1.8782609,0.0,0.0,29.0,1.0086956,1.0,0.034782607,978.0,34.01739,False,False,False,True,False,False,True,False,False,0.344502838128109,singlet,pbmc3k-capture1,True,
AGACGTACAGAGGC-1,pbmc3k-capture1,pbmc3k-public-donor,808,2193.0,28.0,1.2767898,0.0,0.0,28.0,1.2767898,1.0,0.045599636,756.0,34.473324,False,False,False,True,False,False,True,False,False,0.362273084140873,singlet,pbmc3k-capture1,True,
AGACGTACCCCTAC-1,pbmc3k-capture1,pbmc3k-public-donor,672,1517.0,47.0,3.09822,0.0,0.0,25.0,1.6479895,1.0,0.06591958,501.0,33.025707,False,False,False,True,False,False,True,False,False,0.0476696029803141,singlet,pbmc3k-capture1,True,
AGACGTACCTCTTA-1,pbmc3k-capture1,pbmc3k-public-donor,950,2886.0,121.0,4.192654,0.0,0.0,19.0,0.65835065,0.0,0.0,889.0,30.80388,False,False,False,True,False,False,False,False,False,0.226095403225848,singlet,pbmc3k-capture1,True,
AGACGTACTCGTGA-1,pbmc3k-capture1,pbmc3k-public-donor,862,2242.0,93.0,4.1480823,0.0,0.0,15.0,0.6690455,0.0,0.0,415.0,18.510258,False,False,False,True,False,False,False,False,False,0.070360998525472,singlet,pbmc3k-capture1,True,
AGACTGACCATCAG-1,pbmc3k-capture1,pbmc3k-public-donor,766,1895.0,65.0,3.4300792,0.0,0.0,20.0,1.055409,0.0,0.0,690.0,36.41161,False,False,False,True,False,False,False,False,False,0.233867817162992,singlet,pbmc3k-capture1,True,
AGACTGACCCTTTA-1,pbmc3k-capture1,pbmc3k-public-donor,963,2911.0,79.0,2.713844,0.0,0.0,30.0,1.0305737,0.0,0.0,1298.0,44.589485,False,False,False,True,False,False,False,False,False,0.369482577173847,singlet,pbmc3k-capture1,True,
AGACTTCTCATGCA-1,pbmc3k-capture1,pbmc3k-public-donor,507,1302.0,37.0,2.8417819,0.0,0.0,1.0,0.07680491,0.0,0.0,486.0,37.327187,False,False,False,True,False,False,False,False,False,0.0297760064005997,singlet,pbmc3k-capture1,True,
AGAGATGACAGTCA-1,pbmc3k-capture1,pbmc3k-public-donor,570,1340.0,43.0,3.2089553,0.0,0.0,0.0,0.0,0.0,0.0,508.0,37.910446,False,False,False,True,False,False,False,False,False,0.0277626930354142,singlet,pbmc3k-capture1,True,
AGAGATGACTGAAC-1,pbmc3k-capture1,pbmc3k-public-donor,678,1974.0,47.0,2.3809524,0.0,0.0,33.0,1.6717325,0.0,0.0,806.0,40.8308,False,False,False,True,False,False,False,False,False,0.104445511533766,singlet,pbmc3k-capture1,True,
AGAGATGAGGTTTG-1,pbmc3k-capture1,pbmc3k-public-donor,768,2060.0,59.0,2.8640776,0.0,0.0,17.0,0.8252427,0.0,0.0,428.0,20.7767,False,False,False,True,False,False,False,False,False,0.172064302930629,singlet,pbmc3k-capture1,True,
AGAGATGATCTCGC-1,pbmc3k-capture1,pbmc3k-public-donor,1037,3371.0,123.0,3.6487687,0.0,0.0,12.0,0.35597745,0.0,0.0,1364.0,40.462772,False,False,False,True,False,False,False,False,False,0.322213167955715,singlet,pbmc3k-capture1,True,
AGAGATGATTGTGG-1,pbmc3k-capture1,pbmc3k-public-donor,885,2339.0,37.0,1.5818726,0.0,0.0,21.0,0.8978195,0.0,0.0,878.0,37.537407,False,False,False,True,False,False,False,False,False,0.405038054224663,singlet,pbmc3k-capture1,True,
AGAGCGGAGGCAAG-1,pbmc3k-capture1,pbmc3k-public-donor,1426,5230.0,71.0,1.3575526,0.0,0.0,22.0,0.4206501,1.0,0.019120459,981.0,18.75717,False,False,False,True,False,False,True,False,True,0.168368190423347,singlet,pbmc3k-capture1,True,
AGAGGTCTACAGCT-1,pbmc3k-capture1,pbmc3k-public-donor,2815,10783.0,282.0,2.6152277,0.0,0.0,16.0,0.14838171,14.0,0.129834,2364.0,21.923397,False,False,False,True,False,False,True,False,True,0.650751628900703,doublet,pbmc3k-capture1,False,scDblFinder_doublet
AGAGTCTGGTCGTA-1,pbmc3k-capture1,pbmc3k-public-donor,1496,4469.0,159.0,3.557843,0.0,0.0,25.0,0.55940926,0.0,0.0,870.0,19.467442,False,False,False,True,False,False,False,False,True,0.199852664120713,singlet,pbmc3k-capture1,True,
AGAGTGCTCAGCTA-1,pbmc3k-capture1,pbmc3k-public-donor,587,1566.0,30.0,1.9157088,0.0,0.0,1.0,0.06385696,0.0,0.0,574.0,36.653893,False,False,False,True,False,False,False,False,False,0.116257857334358,singlet,pbmc3k-capture1,True,
AGAGTGCTCGAATC-1,pbmc3k-capture1,pbmc3k-public-donor,879,2532.0,50.0,1.9747235,0.0,0.0,32.0,1.263823,0.0,0.0,1072.0,42.338074,False,False,False,True,False,False,False,False,False,0.327882837472844,singlet,pbmc3k-capture1,True,
AGAGTGCTGTCATG-1,pbmc3k-capture1,pbmc3k-public-donor,924,3580.0,54.0,1.5083799,0.0,0.0,67.0,1.8715084,0.0,0.0,1626.0,45.418995,False,False,False,True,False,False,False,False,False,0.25592518247631,singlet,pbmc3k-capture1,True,
AGAGTGCTGTCCTC-1,pbmc3k-capture1,pbmc3k-public-donor,783,1944.0,41.0,2.1090536,0.0,0.0,13.0,0.6687243,2.0,0.10288066,702.0,36.11111,False,False,False,True,False,False,True,False,False,0.2542657707596,singlet,pbmc3k-capture1,True,
AGAGTGCTGTGTTG-1,pbmc3k-capture1,pbmc3k-public-donor,696,1635.0,53.0,3.24159,0.0,0.0,17.0,1.0397553,0.0,0.0,457.0,27.95107,False,False,False,True,False,False,False,False,False,0.0693017606102757,singlet,pbmc3k-capture1,True,
AGATATACCCGTAA-1,pbmc3k-capture1,pbmc3k-public-donor,1057,2260.0,34.0,1.5044248,0.0,0.0,7.0,0.30973452,0.0,0.0,419.0,18.539824,False,False,False,True,False,False,False,False,False,0.363387591508452,singlet,pbmc3k-capture1,True,
AGATATACGATGAA-1,pbmc3k-capture1,pbmc3k-public-donor,783,2386.0,115.0,4.8197823,0.0,0.0,2.0,0.083822295,0.0,0.0,1018.0,42.66555,False,False,False,True,False,False,False,False,False,0.20590055211636,singlet,pbmc3k-capture1,True,
AGATATACTGTTCT-1,pbmc3k-capture1,pbmc3k-public-donor,867,2358.0,28.0,1.187447,0.0,0.0,14.0,0.5937235,0.0,0.0,894.0,37.913486,False,False,False,True,False,False,False,False,False,0.148193290042723,singlet,pbmc3k-capture1,True,
AGATATTGCCTACC-1,pbmc3k-capture1,pbmc3k-public-donor,919,2395.0,24.0,1.0020877,0.0,0.0,53.0,2.2129438,0.0,0.0,822.0,34.321503,False,False,False,True,False,True,False,False,False,0.396057326318083,singlet,pbmc3k-capture1,True,
AGATATTGGCCAAT-1,pbmc3k-capture1,pbmc3k-public-donor,1251,4076.0,59.0,1.4474976,0.0,0.0,15.0,0.36800787,0.0,0.0,853.0,20.92738,False,False,False,True,False,False,False,False,False,0.224200208439146,singlet,pbmc3k-capture1,True,
AGATCGTGTCTGGA-1,pbmc3k-capture1,pbmc3k-public-donor,1023,2988.0,35.0,1.171352,0.0,0.0,23.0,0.76974565,0.0,0.0,743.0,24.86613,False,False,False,True,False,False,False,False,False,0.187631700576764,singlet,pbmc3k-capture1,True,
AGATCGTGTTTGTC-1,pbmc3k-capture1,pbmc3k-public-donor,727,1844.0,22.0,1.1930586,0.0,0.0,17.0,0.92190886,0.0,0.0,682.0,36.984818,False,False,False,True,False,False,False,False,False,0.0641374426564328,singlet,pbmc3k-capture1,True,
AGATCTCTATCACG-1,pbmc3k-capture1,pbmc3k-public-donor,645,1501.0,41.0,2.7315123,0.0,0.0,14.0,0.93271154,0.0,0.0,546.0,36.375748,False,False,False,True,False,False,False,False,False,0.0577824027223267,singlet,pbmc3k-capture1,True,
AGATTAACGTTCTT-1,pbmc3k-capture1,pbmc3k-public-donor,1217,3876.0,90.0,2.3219814,0.0,0.0,29.0,0.748194,0.0,0.0,711.0,18.343653,False,False,False,True,False,False,False,False,False,0.161346162300593,singlet,pbmc3k-capture1,True,
AGATTCCTATCGTG-1,pbmc3k-capture1,pbmc3k-public-donor,929,2499.0,21.0,0.8403362,0.0,0.0,20.0,0.80032015,0.0,0.0,878.0,35.134052,False,False,False,True,False,False,False,False,False,0.341393157146193,singlet,pbmc3k-capture1,True,
AGATTCCTCACTTT-1,pbmc3k-capture1,pbmc3k-public-donor,792,2200.0,60.0,2.7272727,0.0,0.0,24.0,1.0909091,0.0,0.0,593.0,26.954546,False,False,False,True,False,False,False,False,False,0.138621422074518,singlet,pbmc3k-capture1,True,
AGATTCCTGACGAG-1,pbmc3k-capture1,pbmc3k-public-donor,994,2736.0,71.0,2.595029,0.0,0.0,31.0,1.1330409,0.0,0.0,605.0,22.112574,False,False,False,True,False,False,False,False,False,0.22933049683002,singlet,pbmc3k-capture1,True,
AGATTCCTGTTCAG-1,pbmc3k-capture1,pbmc3k-public-donor,1025,2318.0,74.0,3.1924074,0.0,0.0,10.0,0.4314064,0.0,0.0,449.0,19.370146,False,False,False,True,False,False,False,False,False,0.153097485491322,singlet,pbmc3k-capture1,True,
AGCAAAGATATGCG-1,pbmc3k-capture1,pbmc3k-public-donor,946,2434.0,55.0,2.259655,0.0,0.0,17.0,0.6984388,0.0,0.0,906.0,37.22268,False,False,False,True,False,False,False,False,False,0.263193812965583,singlet,pbmc3k-capture1,True,
AGCACAACAGTCTG-1,pbmc3k-capture1,pbmc3k-public-donor,600,1625.0,34.0,2.0923076,0.0,0.0,4.0,0.24615385,0.0,0.0,773.0,47.56923,False,False,False,True,False,False,False,False,False,0.2161283013876,singlet,pbmc3k-capture1,True,
AGCACTGAGGGAGT-1,pbmc3k-capture1,pbmc3k-public-donor,881,2621.0,24.0,0.915681,0.0,0.0,7.0,0.26707363,1.0,0.038153376,1102.0,42.04502,False,False,False,True,False,False,True,False,False,0.267921295748259,singlet,pbmc3k-capture1,True,
AGCACTGATATGCG-1,pbmc3k-capture1,pbmc3k-public-donor,975,2297.0,21.0,0.91423595,0.0,0.0,37.0,1.6107967,1.0,0.043535046,727.0,31.649977,False,False,False,True,False,False,True,False,False,0.2147624873323,singlet,pbmc3k-capture1,True,
AGCACTGATGCTTT-1,pbmc3k-capture1,pbmc3k-public-donor,1609,5153.0,113.0,2.1928973,0.0,0.0,16.0,0.31049874,0.0,0.0,1356.0,26.314768,False,False,False,True,False,False,False,False,True,0.28986026980785,singlet,pbmc3k-capture1,True,
AGCACTGATTGCGA-1,pbmc3k-capture1,pbmc3k-public-donor,758,2158.0,40.0,1.8535681,0.0,0.0,23.0,1.0658016,0.0,0.0,958.0,44.392956,False,False,False,True,False,False,False,False,False,0.172191961995362,singlet,pbmc3k-capture1,True,
AGCATCGAAGATCC-1,pbmc3k-capture1,pbmc3k-public-donor,772,1726.0,41.0,2.3754346,0.0,0.0,39.0,2.2595596,0.0,0.0,475.0,27.520279,False,False,False,True,False,True,False,False,False,0.218979680349098,singlet,pbmc3k-capture1,True,
AGCATCGAAGGGTG-1,pbmc3k-capture1,pbmc3k-public-donor,682,2172.0,36.0,1.6574585,0.0,0.0,11.0,0.50644565,0.0,0.0,996.0,45.856354,False,False,False,True,False,False,False,False,False,0.0522044235164527,singlet,pbmc3k-capture1,True,
AGCATCGAGCTTCC-1,pbmc3k-capture1,pbmc3k-public-donor,998,2587.0,102.0,3.942791,0.0,0.0,11.0,0.42520297,0.0,0.0,478.0,18.477001,False,False,False,True,False,False,False,False,False,0.0521806176359433,singlet,pbmc3k-capture1,True,
AGCATCGAGTGAGG-1,pbmc3k-capture1,pbmc3k-public-donor,979,2979.0,52.0,1.7455522,0.0,0.0,35.0,1.1748909,0.0,0.0,1192.0,40.013428,False,False,False,True,False,False,False,False,False,0.459390815727659,doublet,pbmc3k-capture1,False,scDblFinder_doublet
AGCATCGATAACCG-1,pbmc3k-capture1,pbmc3k-public-donor,1045,2780.0,38.0,1.3669065,0.0,0.0,25.0,0.8992806,0.0,0.0,579.0,20.827337,False,False,False,True,False,False,False,False,False,0.242704227132558,singlet,pbmc3k-capture1,True,
AGCATGACGATGAA-1,pbmc3k-capture1,pbmc3k-public-donor,706,1870.0,39.0,2.0855615,0.0,0.0,3.0,0.16042781,0.0,0.0,606.0,32.406418,False,False,False,True,False,False,False,False,False,0.262670249812445,singlet,pbmc3k-capture1,True,
AGCCAATGGGGAGT-1,pbmc3k-capture1,pbmc3k-public-donor,808,1876.0,30.0,1.5991472,0.0,0.0,12.0,0.63965887,0.0,0.0,363.0,19.34968,False,False,False,True,False,False,False,False,False,0.144319200955997,singlet,pbmc3k-capture1,True,
AGCCAATGTATCTC-1,pbmc3k-capture1,pbmc3k-public-donor,855,2617.0,47.0,1.7959496,0.0,0.0,29.0,1.1081392,0.0,0.0,1221.0,46.65648,False,False,False,True,False,False,False,False,False,0.336671714709379,singlet,pbmc3k-capture1,True,
AGCCACCTGGATCT-1,pbmc3k-capture1,pbmc3k-public-donor,819,1983.0,44.0,2.2188604,0.0,0.0,20.0,1.0085729,1.0,0.050428644,641.0,32.32476,False,False,False,True,False,False,True,False,False,0.237290781792972,singlet,pbmc3k-capture1,True,
AGCCGGTGCCAATG-1,pbmc3k-capture1,pbmc3k-public-donor,1147,3729.0,40.0,1.0726736,0.0,0.0,51.0,1.367659,0.0,0.0,1387.0,37.194958,False,False,False,True,False,False,False,False,False,0.387603156448136,singlet,pbmc3k-capture1,True,
AGCCGGTGTGTTTC-1,pbmc3k-capture1,pbmc3k-public-donor,742,2196.0,32.0,1.4571949,0.0,0.0,6.0,0.27322403,0.0,0.0,943.0,42.94171,False,False,False,True,False,False,False,False,False,0.188419919894053,singlet,pbmc3k-capture1,True,
AGCCGTCTCAATCG-1,pbmc3k-capture1,pbmc3k-public-donor,914,2919.0,125.0,4.2822886,0.0,0.0,25.0,0.85645765,0.0,0.0,1189.0,40.733128,False,False,False,True,False,False,False,False,False,0.229681133434379,singlet,pbmc3k-capture1,True,
AGCCGTCTGAGAGC-1,pbmc3k-capture1,pbmc3k-public-donor,969,3005.0,78.0,2.5956738,0.0,0.0,58.0,1.9301165,0.0,0.0,1261.0,41.963394,False,False,False,True,False,True,False,False,False,0.357246911017287,singlet,pbmc3k-capture1,True,
AGCCTCACGTTCGA-1,pbmc3k-capture1,pbmc3k-public-donor,704,2157.0,36.0,1.6689847,0.0,0.0,17.0,0.78813165,0.0,0.0,985.0,45.665276,False,False,False,True,False,False,False,False,False,0.210264689143461,singlet,pbmc3k-capture1,True,
AGCCTCACTGTCAG-1,pbmc3k-capture1,pbmc3k-public-donor,1398,4816.0,68.0,1.4119601,0.0,0.0,21.0,0.43604654,0.0,0.0,998.0,20.722591,False,False,False,True,False,False,False,False,True,0.27745689138845,singlet,pbmc3k-capture1,True,
AGCCTCTGCAGTTG-1,pbmc3k-capture1,pbmc3k-public-donor,581,1473.0,37.0,2.5118806,0.0,0.0,4.0,0.27155465,0.0,0.0,625.0,42.430412,False,False,False,True,False,False,False,False,False,0.091853010123906,singlet,pbmc3k-capture1,True,
AGCCTCTGCCAATG-1,pbmc3k-capture1,pbmc3k-public-donor,809,1679.0,28.0,1.6676594,0.0,0.0,11.0,0.65515184,0.0,0.0,441.0,26.265633,False,False,False,True,False,False,False,False,False,0.134716367026343,singlet,pbmc3k-capture1,True,
AGCGAACTGGATCT-1,pbmc3k-capture1,pbmc3k-public-donor,921,3139.0,84.0,2.6760113,0.0,0.0,35.0,1.1150048,0.0,0.0,1528.0,48.677925,False,False,False,True,False,False,False,False,False,0.217464324489195,singlet,pbmc3k-capture1,True,
AGCGAACTTACTGG-1,pbmc3k-capture1,pbmc3k-public-donor,805,2117.0,30.0,1.4170997,0.0,0.0,21.0,0.99196976,0.0,0.0,780.0,36.84459,False,False,False,True,False,False,False,False,False,0.306106362661083,singlet,pbmc3k-capture1,True,
AGCGATACGGAGCA-1,pbmc3k-capture1,pbmc3k-public-donor,542,1590.0,31.0,1.9496856,0.0,0.0,18.0,1.1320755,0.0,0.0,745.0,46.855347,False,False,False,True,False,False,False,False,False,0.0786286740021575,singlet,pbmc3k-capture1,True,
AGCGATTGAGATCC-1,pbmc3k-capture1,pbmc3k-public-donor,888,1919.0,42.0,2.1886399,0.0,0.0,6.0,0.31266284,0.0,0.0,331.0,17.248566,False,False,False,True,False,False,False,False,False,0.0866686112753783,singlet,pbmc3k-capture1,True,
AGCGCCGAATCTCT-1,pbmc3k-capture1,pbmc3k-public-donor,519,1279.0,16.0,1.2509774,0.0,0.0,12.0,0.938233,0.0,0.0,572.0,44.722443,False,False,False,True,False,False,False,False,False,0.15367870573453,singlet,pbmc3k-capture1,True,
AGCGCCGACAGAGG-1,pbmc3k-capture1,pbmc3k-public-donor,1092,2678.0,44.0,1.6430172,0.0,0.0,44.0,1.6430172,0.0,0.0,676.0,25.24272,False,False,False,True,False,False,False,False,False,0.391143746904025,singlet,pbmc3k-capture1,True,
AGCGCTCTACCTTT-1,pbmc3k-capture1,pbmc3k-public-donor,762,1767.0,26.0,1.4714205,0.0,0.0,19.0,1.0752689,0.0,0.0,577.0,32.654217,False,False,False,True,False,False,False,False,False,0.318359005666147,singlet,pbmc3k-capture1,True,
AGCGGCACCGGGAA-1,pbmc3k-capture1,pbmc3k-public-donor,698,2103.0,34.0,1.616738,0.0,0.0,40.0,1.9020448,0.0,0.0,940.0,44.69805,False,False,False,True,False,True,False,False,False,0.0819852008418099,singlet,pbmc3k-capture1,True,
AGCGGCTGATGTGC-1,pbmc3k-capture1,pbmc3k-public-donor,752,2269.0,37.0,1.6306744,0.0,0.0,28.0,1.2340238,0.0,0.0,977.0,43.058617,False,False,False,True,False,False,False,False,False,0.283687158254079,singlet,pbmc3k-capture1,True,
AGCGGGCTTGCCAA-1,pbmc3k-capture1,pbmc3k-public-donor,771,2244.0,34.0,1.5151515,0.0,0.0,54.0,2.4064171,0.0,0.0,890.0,39.66132,False,False,False,True,False,True,False,False,False,0.275344204769738,singlet,pbmc3k-capture1,True,
AGCGTAACATGCTG-1,pbmc3k-capture1,pbmc3k-public-donor,899,2424.0,47.0,1.938944,0.0,0.0,30.0,1.2376238,0.0,0.0,828.0,34.158413,False,False,False,True,False,False,False,False,False,0.281680724006051,singlet,pbmc3k-capture1,True,
AGCGTAACTGAGAA-1,pbmc3k-capture1,pbmc3k-public-donor,1101,3081.0,61.0,1.9798766,0.0,0.0,17.0,0.5517689,0.0,0.0,618.0,20.058424,False,False,False,True,False,False,False,False,False,0.258910696104984,singlet,pbmc3k-capture1,True,
AGCTCGCTACTGGT-1,pbmc3k-capture1,pbmc3k-public-donor,760,2531.0,53.0,2.094034,0.0,0.0,28.0,1.1062821,0.0,0.0,1197.0,47.29356,False,False,False,True,False,False,False,False,False,0.134333599141969,singlet,pbmc3k-capture1,True,
AGCTCGCTCTGCTC-1,pbmc3k-capture1,pbmc3k-public-donor,881,2673.0,39.0,1.4590348,0.0,0.0,28.0,1.0475122,0.0,0.0,1121.0,41.937897,False,False,False,True,False,False,False,False,False,0.226856258231927,singlet,pbmc3k-capture1,True,
AGCTGAACCATACG-1,pbmc3k-capture1,pbmc3k-public-donor,1124,3218.0,121.0,3.7600994,0.0,0.0,28.0,0.8701056,0.0,0.0,622.0,19.328775,False,False,False,True,False,False,False,False,False,0.18264035533474,singlet,pbmc3k-capture1,True,
AGCTGAACCTCTCG-1,pbmc3k-capture1,pbmc3k-public-donor,809,2320.0,44.0,1.8965518,0.0,0.0,19.0,0.8189655,0.0,0.0,1025.0,44.181034,False,False,False,True,False,False,False,False,False,0.203051627213168,singlet,pbmc3k-capture1,True,
AGCTGCCTTGGGAG-1,pbmc3k-capture1,pbmc3k-public-donor,445,1037.0,46.0,4.4358726,0.0,0.0,7.0,0.6750241,0.0,0.0,132.0,12.729027,True,True,False,False,False,False,False,False,False,,not_called_core_qc_fail,pbmc3k-capture1,False,fails_low_genes;fails_low_umis
AGCTGCCTTTCATC-1,pbmc3k-capture1,pbmc3k-public-donor,1703,5212.0,154.0,2.95472,0.0,0.0,33.0,0.6331543,0.0,0.0,1568.0,30.08442,False,False,False,True,False,False,False,False,True,0.504348687329657,doublet,pbmc3k-capture1,False,scDblFinder_doublet
AGCTGCCTTTCTGT-1,pbmc3k-capture1,pbmc3k-public-donor,789,2282.0,47.0,2.0595968,0.0,0.0,24.0,1.051709,0.0,0.0,846.0,37.072742,False,False,False,True,False,False,False,False,False,0.185259560417045,singlet,pbmc3k-capture1,True,
AGCTGTGATCCAAG-1,pbmc3k-capture1,pbmc3k-public-donor,641,1551.0,56.0,3.6105738,0.0,0.0,30.0,1.9342359,1.0,0.06447453,497.0,32.043842,False,False,False,True,False,True,True,False,False,0.247817099097851,singlet,pbmc3k-capture1,True,
AGCTTTACAAGTAG-1,pbmc3k-capture1,pbmc3k-public-donor,819,2261.0,37.0,1.6364441,0.0,0.0,35.0,1.5479876,0.0,0.0,898.0,39.716938,False,False,False,True,False,False,False,False,False,0.245625709293039,singlet,pbmc3k-capture1,True,
AGCTTTACACCAAC-1,pbmc3k-capture1,pbmc3k-public-donor,890,2114.0,66.0,3.1220436,0.0,0.0,28.0,1.3245033,0.0,0.0,708.0,33.491013,False,False,False,True,False,False,False,False,False,0.24509992715152,singlet,pbmc3k-capture1,True,
AGCTTTACTCTCAT-1,pbmc3k-capture1,pbmc3k-public-donor,767,2570.0,41.0,1.5953308,0.0,0.0,12.0,0.46692607,0.0,0.0,1135.0,44.163425,False,False,False,True,False,False,False,False,False,0.116234692840917,singlet,pbmc3k-capture1,True,
AGGAAATGAGGAGC-1,pbmc3k-capture1,pbmc3k-public-donor,806,1880.0,13.0,0.69148934,0.0,0.0,14.0,0.7446809,0.0,0.0,545.0,28.989363,False,False,False,True,False,False,False,False,False,0.211726827165448,singlet,pbmc3k-capture1,True,
AGGAACCTCTTAGG-1,pbmc3k-capture1,pbmc3k-public-donor,1323,3844.0,113.0,2.9396462,0.0,0.0,55.0,1.4308012,0.0,0.0,720.0,18.730488,False,False,False,True,False,False,False,False,False,0.165050209399956,singlet,pbmc3k-capture1,True,
AGGAACCTTGCCTC-1,pbmc3k-capture1,pbmc3k-public-donor,942,2188.0,41.0,1.8738574,0.0,0.0,38.0,1.7367458,0.0,0.0,576.0,26.32541,False,False,False,True,False,False,False,False,False,0.389681976099276,singlet,pbmc3k-capture1,True,
AGGAATGATAACGC-1,pbmc3k-capture1,pbmc3k-public-donor,807,1975.0,55.0,2.7848103,0.0,0.0,2.0,0.101265825,0.0,0.0,664.0,33.620255,False,False,False,True,False,False,False,False,False,0.254119833302319,singlet,pbmc3k-capture1,True,
AGGAATGATTTGTC-1,pbmc3k-capture1,pbmc3k-public-donor,981,2648.0,35.0,1.3217523,0.0,0.0,18.0,0.6797583,0.0,0.0,1022.0,38.595165,False,False,False,True,False,False,False,False,False,0.253236795803965,singlet,pbmc3k-capture1,True,
AGGAGTCTGGTTTG-1,pbmc3k-capture1,pbmc3k-public-donor,888,2508.0,60.0,2.3923445,0.0,0.0,18.0,0.71770334,0.0,0.0,1012.0,40.35088,False,False,False,True,False,False,False,False,False,0.269413736638632,singlet,pbmc3k-capture1,True,
AGGAGTCTTGTCAG-1,pbmc3k-capture1,pbmc3k-public-donor,726,1978.0,32.0,1.6177958,0.0,0.0,34.0,1.718908,0.0,0.0,844.0,42.66936,False,False,False,True,False,False,False,False,False,0.103255422479941,singlet,pbmc3k-capture1,True,
AGGATAGACATTTC-1,pbmc3k-capture1,pbmc3k-public-donor,1190,4146.0,46.0,1.1095031,0.0,0.0,87.0,2.0984082,0.0,0.0,1830.0,44.138927,False,False,False,True,False,True,False,False,False,0.259422607617258,singlet,pbmc3k-capture1,True,
AGGATAGAGGATTC-1,pbmc3k-capture1,pbmc3k-public-donor,826,1963.0,21.0,1.0697912,0.0,0.0,2.0,0.10188487,0.0,0.0,564.0,28.731533,False,False,False,True,False,False,False,False,False,0.206556467186944,singlet,pbmc3k-capture1,True,
AGGATGCTACTAGC-1,pbmc3k-capture1,pbmc3k-public-donor,661,1805.0,21.0,1.1634349,0.0,0.0,33.0,1.8282547,0.0,0.0,700.0,38.781162,False,False,False,True,False,False,False,False,False,0.039996716101529,singlet,pbmc3k-capture1,True,
AGGATGCTTTAGGC-1,pbmc3k-capture1,pbmc3k-public-donor,713,1401.0,31.0,2.2127054,0.0,0.0,4.0,0.28551036,0.0,0.0,257.0,18.34404,False,False,False,True,False,False,False,False,False,0.0843440275563018,singlet,pbmc3k-capture1,True,
AGGCAACTGAAGGC-1,pbmc3k-capture1,pbmc3k-public-donor,816,2698.0,75.0,2.779837,0.0,0.0,42.0,1.5567087,0.0,0.0,1148.0,42.550037,False,False,False,True,False,False,False,False,False,0.199530257620455,singlet,pbmc3k-capture1,True,
AGGCAGGAGTACCA-1,pbmc3k-capture1,pbmc3k-public-donor,822,2152.0,81.0,3.7639406,0.0,0.0,17.0,0.7899628,0.0,0.0,711.0,33.039032,False,False,False,True,False,False,False,False,False,0.165734837740047,singlet,pbmc3k-capture1,True,
AGGCCTCTAGTCGT-1,pbmc3k-capture1,pbmc3k-public-donor,806,2264.0,18.0,0.79505306,0.0,0.0,26.0,1.1484098,0.0,0.0,871.0,38.471733,False,False,False,True,False,False,False,False,False,0.23123164325743,singlet,pbmc3k-capture1,True,
AGGCCTCTCGGAGA-1,pbmc3k-capture1,pbmc3k-public-donor,864,2388.0,49.0,2.0519261,0.0,0.0,38.0,1.5912898,0.0,0.0,973.0,40.74539,False,False,False,True,False,False,False,False,False,0.186481803300786,singlet,pbmc3k-capture1,True,
AGGCCTCTCGTAAC-1,pbmc3k-capture1,pbmc3k-public-donor,464,1205.0,8.0,0.66390043,0.0,0.0,17.0,1.4107884,0.0,0.0,568.0,47.13693,True,False,False,False,False,False,False,False,False,,not_called_core_qc_fail,pbmc3k-capture1,False,fails_low_genes
AGGGACGACGTTGA-1,pbmc3k-capture1,pbmc3k-public-donor,664,1857.0,40.0,2.1540117,0.0,0.0,22.0,1.1847064,0.0,0.0,848.0,45.665054,False,False,False,True,False,False,False,False,False,0.118234546483862,singlet,pbmc3k-capture1,True,
AGGGACGAGTCAAC-1,pbmc3k-capture1,pbmc3k-public-donor,931,1957.0,30.0,1.5329586,0.0,0.0,17.0,0.8686765,0.0,0.0,407.0,20.797138,False,False,False,True,False,False,False,False,False,0.100701470709842,singlet,pbmc3k-capture1,True,
AGGGACGAGTTGTG-1,pbmc3k-capture1,pbmc3k-public-donor,860,2746.0,36.0,1.3109978,0.0,0.0,34.0,1.2381645,0.0,0.0,1313.0,47.815002,False,False,False,True,False,False,False,False,False,0.161198978889633,singlet,pbmc3k-capture1,True,
AGGGACGATAGAGA-1,pbmc3k-capture1,pbmc3k-public-donor,674,1722.0,67.0,3.8908248,0.0,0.0,7.0,0.40650403,0.0,0.0,630.0,36.585365,False,False,False,True,False,False,False,False,False,0.123164037918342,singlet,pbmc3k-capture1,True,
AGGGACGATGCATG-1,pbmc3k-capture1,pbmc3k-public-donor,803,1783.0,19.0,1.0656197,0.0,0.0,11.0,0.61693776,1.0,0.05608525,553.0,31.015142,False,False,False,True,False,False,True,False,False,0.294497175696868,singlet,pbmc3k-capture1,True,
AGGGAGTGAGCCTA-1,pbmc3k-capture1,pbmc3k-public-donor,464,997.0,8.0,0.8024072,0.0,0.0,5.0,0.5015045,0.0,0.0,328.0,32.898697,True,True,False,False,False,False,False,False,False,,not_called_core_qc_fail,pbmc3k-capture1,False,fails_low_genes;fails_low_umis
AGGGCCACCATACG-1,pbmc3k-capture1,pbmc3k-public-donor,788,2047.0,33.0,1.6121153,0.0,0.0,29.0,1.4167074,0.0,0.0,795.0,38.837322,False,False,False,True,False,False,False,False,False,0.340214554016235,singlet,pbmc3k-capture1,True,
AGGGCGCTAACCAC-1,pbmc3k-capture1,pbmc3k-public-donor,1068,3558.0,87.0,2.445194,0.0,0.0,25.0,0.70264196,0.0,0.0,1182.0,33.22091,False,False,False,True,False,False,False,False,False,0.62341373912921,doublet,pbmc3k-capture1,False,scDblFinder_doublet
AGGGCGCTATGGTC-1,pbmc3k-capture1,pbmc3k-public-donor,781,1609.0,72.0,4.474829,0.0,0.0,3.0,0.18645121,0.0,0.0,389.0,24.176506,False,False,False,True,False,False,False,False,False,0.281734140387562,singlet,pbmc3k-capture1,True,
AGGGTGGACAGTCA-1,pbmc3k-capture1,pbmc3k-public-donor,843,2229.0,55.0,2.4674742,0.0,0.0,24.0,1.076716,0.0,0.0,829.0,37.191566,False,False,False,True,False,False,False,False,False,0.232952533372807,singlet,pbmc3k-capture1,True,
AGGGTGGACTCAAG-1,pbmc3k-capture1,pbmc3k-public-donor,779,2072.0,44.0,2.123552,0.0,0.0,7.0,0.33783785,0.0,0.0,476.0,22.972973,False,False,False,True,False,False,False,False,False,0.121546501880587,singlet,pbmc3k-capture1,True,
AGGGTGGAGTTGCA-1,pbmc3k-capture1,pbmc3k-public-donor,873,2253.0,41.0,1.8197957,0.0,0.0,6.0,0.2663116,0.0,0.0,737.0,32.71194,False,False,False,True,False,False,False,False,False,0.291767721195866,singlet,pbmc3k-capture1,True,
AGGGTTTGTTCATC-1,pbmc3k-capture1,pbmc3k-public-donor,707,1795.0,39.0,2.172702,0.0,0.0,23.0,1.281337,0.0,0.0,451.0,25.125349,False,False,False,True,False,False,False,False,False,0.0588933969129638,singlet,pbmc3k-capture1,True,
AGGTCATGAGTGTC-1,pbmc3k-capture1,pbmc3k-public-donor,492,925.0,30.0,3.2432432,0.0,0.0,6.0,0.6486487,0.0,0.0,299.0,32.32432,True,True,False,False,False,False,False,False,False,,not_called_core_qc_fail,pbmc3k-capture1,False,fails_low_genes;fails_low_umis
AGGTCATGCTTATC-1,pbmc3k-capture1,pbmc3k-public-donor,669,1588.0,32.0,2.0151134,0.0,0.0,8.0,0.50377834,0.0,0.0,570.0,35.894207,False,False,False,True,False,False,False,False,False,0.228351123950628,singlet,pbmc3k-capture1,True,
AGGTCTGATTCTCA-1,pbmc3k-capture1,pbmc3k-public-donor,982,2731.0,57.0,2.0871475,0.0,0.0,28.0,1.0252655,0.0,0.0,568.0,20.798243,False,False,False,True,False,False,False,False,False,0.203923421796294,singlet,pbmc3k-capture1,True,
AGGTGGGAAGAATG-1,pbmc3k-capture1,pbmc3k-public-donor,749,2033.0,30.0,1.4756517,0.0,0.0,10.0,0.49188393,0.0,0.0,808.0,39.74422,False,False,False,True,False,False,False,False,False,0.196067549574953,singlet,pbmc3k-capture1,True,
AGGTGGGAAGTTCG-1,pbmc3k-capture1,pbmc3k-public-donor,789,2474.0,34.0,1.3742926,0.0,0.0,36.0,1.4551334,1.0,0.040420372,1107.0,44.745354,False,False,False,True,False,False,True,False,False,0.1649512950831,singlet,pbmc3k-capture1,True,
AGGTGTTGGTTACG-1,pbmc3k-capture1,pbmc3k-public-donor,780,2090.0,27.0,1.2918661,0.0,0.0,47.0,2.2488039,0.0,0.0,767.0,36.698566,False,False,False,True,False,True,False,False,False,0.18080352222468,singlet,pbmc3k-capture1,True,
AGGTTCGAACCTCC-1,pbmc3k-capture1,pbmc3k-public-donor,561,1346.0,25.0,1.857355,0.0,0.0,12.0,0.8915304,0.0,0.0,330.0,24.517088,False,False,False,True,False,False,False,False,False,0.0178304402566383,singlet,pbmc3k-capture1,True,
AGGTTCGAACGTAC-1,pbmc3k-capture1,pbmc3k-public-donor,655,1592.0,23.0,1.4447236,0.0,0.0,11.0,0.6909548,0.0,0.0,422.0,26.507538,False,False,False,True,False,False,False,False,False,0.0239848821762386,singlet,pbmc3k-capture1,True,
AGGTTCGAGGGTGA-1,pbmc3k-capture1,pbmc3k-public-donor,432,1155.0,27.0,2.3376622,0.0,0.0,16.0,1.3852814,0.0,0.0,542.0,46.926407,True,False,False,False,False,False,False,False,False,,not_called_core_qc_fail,pbmc3k-capture1,False,fails_low_genes
AGTAAGGAGTTTGG-1,pbmc3k-capture1,pbmc3k-public-donor,801,1928.0,32.0,1.6597512,0.0,0.0,14.0,0.7261411,0.0,0.0,590.0,30.60166,False,False,False,True,False,False,False,False,False,0.147869166359493,singlet,pbmc3k-capture1,True,
AGTAAGGATTCTTG-1,pbmc3k-capture1,pbmc3k-public-donor,945,2894.0,28.0,0.967519,0.0,0.0,27.0,0.9329648,0.0,0.0,1153.0,39.84105,False,False,False,True,False,False,False,False,False,0.206954320591899,singlet,pbmc3k-capture1,True,
AGTAATACATCACG-1,pbmc3k-capture1,pbmc3k-public-donor,770,1832.0,43.0,2.3471615,0.0,0.0,7.0,0.38209605,0.0,0.0,566.0,30.895197,False,False,False,True,False,False,False,False,False,0.43722980468629,singlet,pbmc3k-capture1,True,
AGTAATACCGAACT-1,pbmc3k-capture1,pbmc3k-public-donor,503,1236.0,31.0,2.5080907,0.0,0.0,9.0,0.7281554,0.0,0.0,517.0,41.82848,True,False,False,False,False,False,False,False,False,,not_called_core_qc_fail,pbmc3k-capture1,False,fails_low_genes
AGTAATTGTCCCAC-1,pbmc3k-capture1,pbmc3k-public-donor,766,1892.0,28.0,1.4799154,0.0,0.0,33.0,1.7441862,0.0,0.0,667.0,35.2537,False,False,False,True,False,False,False,False,False,0.230435412195734,singlet,pbmc3k-capture1,True,
AGTACGTGAGGGTG-1,pbmc3k-capture1,pbmc3k-public-donor,776,2386.0,39.0,1.6345348,0.0,0.0,29.0,1.2154232,0.0,0.0,1102.0,46.186085,False,False,False,True,False,False,False,False,False,0.160935103570911,singlet,pbmc3k-capture1,True,
AGTACGTGCTGCAA-1,pbmc3k-capture1,pbmc3k-public-donor,970,3001.0,38.0,1.2662446,0.0,0.0,56.0,1.8660446,1.0,0.033322226,1250.0,41.652782,False,False,False,True,False,False,True,False,False,0.37033605971244,singlet,pbmc3k-capture1,True,
AGTACGTGCTTGGA-1,pbmc3k-capture1,pbmc3k-public-donor,989,3506.0,43.0,1.2264689,0.0,0.0,43.0,1.2264689,0.0,0.0,1625.0,46.349117,False,False,False,True,False,False,False,False,False,0.173826656543994,singlet,pbmc3k-capture1,True,
AGTACTCTACGTGT-1,pbmc3k-capture1,pbmc3k-public-donor,654,1604.0,30.0,1.8703243,0.0,0.0,13.0,0.8104738,1.0,0.06234414,581.0,36.221947,False,False,False,True,False,False,True,False,False,0.0623006328827865,singlet,pbmc3k-capture1,True,
AGTACTCTCAACCA-1,pbmc3k-capture1,pbmc3k-public-donor,762,1766.0,86.0,4.869762,0.0,0.0,0.0,0.0,1.0,0.05662514,481.0,27.236694,False,False,False,True,False,False,True,False,False,0.130875540052978,singlet,pbmc3k-capture1,True,
AGTACTCTCGGTAT-1,pbmc3k-capture1,pbmc3k-public-donor,882,2063.0,32.0,1.5511391,0.0,0.0,25.0,1.2118274,0.0,0.0,613.0,29.714008,False,False,False,True,False,False,False,False,False,0.38928103979308,singlet,pbmc3k-capture1,True,
AGTAGGCTTGCCTC-1,pbmc3k-capture1,pbmc3k-public-donor,1236,3561.0,99.0,2.780118,0.0,0.0,32.0,0.898624,0.0,0.0,743.0,20.864925,False,False,False,True,False,False,False,False,False,0.229003552660073,singlet,pbmc3k-capture1,True,
AGTATAACTTGTCT-1,pbmc3k-capture1,pbmc3k-public-donor,1499,4455.0,143.0,3.2098765,0.0,0.0,5.0,0.11223345,1.0,0.022446688,758.0,17.01459,False,False,False,True,False,False,True,False,True,0.240312397529835,singlet,pbmc3k-capture1,True,
AGTATCCTAGAACA-1,pbmc3k-capture1,pbmc3k-public-donor,626,1826.0,16.0,0.87623227,0.0,0.0,6.0,0.32858706,0.0,0.0,866.0,47.426067,False,False,False,True,False,False,False,False,False,0.0713618564719404,singlet,pbmc3k-capture1,True,
AGTCACGATGAGCT-1,pbmc3k-capture1,pbmc3k-public-donor,1380,3719.0,54.0,1.4520032,0.0,0.0,13.0,0.34955633,0.0,0.0,1090.0,29.308954,False,False,False,True,False,False,False,False,False,0.620303750095723,doublet,pbmc3k-capture1,False,scDblFinder_doublet
AGTCAGACGAATAG-1,pbmc3k-capture1,pbmc3k-public-donor,1170,3305.0,55.0,1.6641452,0.0,0.0,42.0,1.2708019,1.0,0.030257186,1206.0,36.490166,False,False,False,True,False,False,True,False,False,0.495618385869731,doublet,pbmc3k-capture1,False,scDblFinder_doublet
AGTCAGACGCTTAG-1,pbmc3k-capture1,pbmc3k-public-donor,491,1011.0,32.0,3.1651828,0.0,0.0,2.0,0.19782393,0.0,0.0,388.0,38.377842,True,True,False,False,False,False,False,False,False,,not_called_core_qc_fail,pbmc3k-capture1,False,fails_low_genes;fails_low_umis
AGTCAGACTAGAGA-1,pbmc3k-capture1,pbmc3k-public-donor,833,1994.0,38.0,1.9057171,0.0,0.0,23.0,1.1534604,0.0,0.0,631.0,31.644934,False,False,False,True,False,False,False,False,False,0.314935010426758,singlet,pbmc3k-capture1,True,
AGTCAGACTGCACA-1,pbmc3k-capture1,pbmc3k-public-donor,924,2820.0,42.0,1.4893618,0.0,0.0,40.0,1.4184396,0.0,0.0,1073.0,38.049644,False,False,False,True,False,False,False,False,False,0.349513988151117,singlet,pbmc3k-capture1,True,
AGTCCAGATATCTC-1,pbmc3k-capture1,pbmc3k-public-donor,581,1746.0,34.0,1.9473082,0.0,0.0,6.0,0.34364262,0.0,0.0,835.0,47.823597,False,False,False,True,False,False,False,False,False,0.0805267737498345,singlet,pbmc3k-capture1,True,
AGTCCAGATTTCAC-1,pbmc3k-capture1,pbmc3k-public-donor,842,2095.0,33.0,1.575179,0.0,0.0,27.0,1.2887828,0.0,0.0,710.0,33.890213,False,False,False,True,False,False,False,False,False,0.381924904783159,singlet,pbmc3k-capture1,True,
AGTCGAACCAACCA-1,pbmc3k-capture1,pbmc3k-public-donor,596,1547.0,36.0,2.3270848,0.0,0.0,24.0,1.5513898,0.0,0.0,649.0,41.952168,False,False,False,True,False,False,False,False,False,0.0553473725377825,singlet,pbmc3k-capture1,True,
AGTCGCCTCCGTAA-1,pbmc3k-capture1,pbmc3k-public-donor,811,2231.0,17.0,0.76199013,0.0,0.0,4.0,0.1792918,1.0,0.04482295,865.0,38.77185,False,False,False,True,False,False,True,False,False,0.2774787762035,singlet,pbmc3k-capture1,True,
AGTCTACTAGGGTG-1,pbmc3k-capture1,pbmc3k-public-donor,542,1192.0,11.0,0.9228188,0.0,0.0,11.0,0.9228188,0.0,0.0,330.0,27.684563,False,False,False,True,False,False,False,False,False,0.0327453617101108,singlet,pbmc3k-capture1,True,
AGTCTACTTGCATG-1,pbmc3k-capture1,pbmc3k-public-donor,1572,5204.0,173.0,3.324366,0.0,0.0,48.0,0.92236745,0.0,0.0,1085.0,20.849346,False,False,False,True,False,False,False,False,True,0.343490193653224,singlet,pbmc3k-capture1,True,
AGTCTTACACCACA-1,pbmc3k-capture1,pbmc3k-public-donor,758,2425.0,45.0,1.8556701,0.0,0.0,14.0,0.5773196,0.0,0.0,1162.0,47.917526,False,False,False,True,False,False,False,False,False,0.130203415593905,singlet,pbmc3k-capture1,True,
AGTCTTACTTCGCC-1,pbmc3k-capture1,pbmc3k-public-donor,854,2129.0,76.0,3.5697513,0.0,0.0,9.0,0.4227337,0.0,0.0,685.0,32.17473,False,False,False,True,False,False,False,False,False,0.217809488914629,singlet,pbmc3k-capture1,True,
AGTCTTACTTCGGA-1,pbmc3k-capture1,pbmc3k-public-donor,274,664.0,5.0,0.75301206,0.0,0.0,1.0,0.1506024,0.0,0.0,14.0,2.1084337,True,True,False,False,False,False,False,False,False,,not_called_core_qc_fail,pbmc3k-capture1,False,fails_low_genes;fails_low_umis
AGTGACTGCAACTG-1,pbmc3k-capture1,pbmc3k-public-donor,1413,4697.0,145.0,3.087077,0.0,0.0,65.0,1.3838621,1.0,0.021290185,1089.0,23.18501,False,False,False,True,False,False,True,False,True,0.284444114592848,singlet,pbmc3k-capture1,True,
AGTGTTCTAACCTG-1,pbmc3k-capture1,pbmc3k-public-donor,872,2858.0,27.0,0.9447166,0.0,0.0,37.0,1.2946116,0.0,0.0,1206.0,42.197342,False,False,False,True,False,False,False,False,False,0.274716179718103,singlet,pbmc3k-capture1,True,
AGTGTTCTATAAGG-1,pbmc3k-capture1,pbmc3k-public-donor,559,1309.0,30.0,2.2918258,0.0,0.0,2.0,0.15278839,0.0,0.0,506.0,38.655464,False,False,False,True,False,False,False,False,False,0.127096646045549,singlet,pbmc3k-capture1,True,
AGTGTTCTCACTTT-1,pbmc3k-capture1,pbmc3k-public-donor,907,2772.0,34.0,1.2265513,0.0,0.0,27.0,0.97402596,0.0,0.0,748.0,26.984129,False,False,False,True,False,False,False,False,False,0.178721776103831,singlet,pbmc3k-capture1,True,
AGTTAAACCACTTT-1,pbmc3k-capture1,pbmc3k-public-donor,951,3024.0,82.0,2.7116404,0.0,0.0,44.0,1.4550265,1.0,0.033068784,1285.0,42.493385,False,False,False,True,False,False,True,False,False,0.271195416282146,singlet,pbmc3k-capture1,True,
AGTTATGAACAGTC-1,pbmc3k-capture1,pbmc3k-public-donor,1175,3624.0,59.0,1.6280353,0.0,0.0,21.0,0.5794702,0.0,0.0,773.0,21.330023,False,False,False,True,False,False,False,False,False,0.216929219057125,singlet,pbmc3k-capture1,True,
AGTTATGACTGAGT-1,pbmc3k-capture1,pbmc3k-public-donor,946,2087.0,12.0,0.574988,0.0,0.0,23.0,1.1020603,0.0,0.0,522.0,25.011978,False,False,False,True,False,False,False,False,False,0.380638546080403,singlet,pbmc3k-capture1,True,
AGTTATGAGTTCAG-1,pbmc3k-capture1,pbmc3k-public-donor,905,2863.0,84.0,2.9339855,0.0,0.0,34.0,1.1875654,0.0,0.0,1155.0,40.342297,False,False,False,True,False,False,False,False,False,0.271920545442031,singlet,pbmc3k-capture1,True,
AGTTCTACCAGCTA-1,pbmc3k-capture1,pbmc3k-public-donor,737,1632.0,40.0,2.4509804,0.0,0.0,6.0,0.36764705,0.0,0.0,287.0,17.585785,False,False,False,True,False,False,False,False,False,0.0949764291242372,singlet,pbmc3k-capture1,True,
AGTTCTTGAAGCCT-1,pbmc3k-capture1,pbmc3k-public-donor,604,1279.0,36.0,2.814699,0.0,0.0,5.0,0.3909304,0.0,0.0,379.0,29.632526,False,False,False,True,False,False,False,False,False,0.172542912019358,singlet,pbmc3k-capture1,True,
AGTTGTCTACTACG-1,pbmc3k-capture1,pbmc3k-public-donor,843,2879.0,56.0,1.9451199,0.0,0.0,22.0,0.7641542,0.0,0.0,1363.0,47.342827,False,False,False,True,False,False,False,False,False,0.115299912326721,singlet,pbmc3k-capture1,True,
AGTTTAGATGGTCA-1,pbmc3k-capture1,pbmc3k-public-donor,606,1395.0,34.0,2.4372761,0.0,0.0,0.0,0.0,0.0,0.0,471.0,33.763443,False,False,False,True,False,False,False,False,False,0.14908688431461,singlet,pbmc3k-capture1,True,
AGTTTCACGGTCTA-1,pbmc3k-capture1,pbmc3k-public-donor,1079,2520.0,29.0,1.1507937,0.0,0.0,13.0,0.515873,1.0,0.03968254,511.0,20.277777,False,False,False,True,False,False,True,False,False,0.403669559076685,singlet,pbmc3k-capture1,True,
AGTTTGCTACAGTC-1,pbmc3k-capture1,pbmc3k-public-donor,668,2092.0,37.0,1.7686424,0.0,0.0,7.0,0.33460802,0.0,0.0,966.0,46.17591,False,False,False,True,False,False,False,False,False,0.150166002784055,singlet,pbmc3k-capture1,True,
AGTTTGCTACTGGT-1,pbmc3k-capture1,pbmc3k-public-donor,785,1942.0,65.0,3.347065,0.0,0.0,6.0,0.30895984,0.0,0.0,634.0,32.64676,False,False,False,True,False,False,False,False,False,0.428660971771739,singlet,pbmc3k-capture1,True,
AGTTTGCTCCAAGT-1,pbmc3k-capture1,pbmc3k-public-donor,726,2050.0,11.0,0.5365854,0.0,0.0,15.0,0.73170733,0.0,0.0,869.0,42.390244,False,False,False,True,False,False,False,False,False,0.272463268769378,singlet,pbmc3k-capture1,True,
ATAAACACAGTGCT-1,pbmc3k-capture1,pbmc3k-public-donor,978,2500.0,46.0,1.84,0.0,0.0,2.0,0.08,0.0,0.0,758.0,30.32,False,False,False,True,False,False,False,False,False,0.172900345017659,singlet,pbmc3k-capture1,True,
ATAAACACCACCAA-1,pbmc3k-capture1,pbmc3k-public-donor,941,2918.0,107.0,3.6668952,0.0,0.0,28.0,0.9595613,0.0,0.0,1134.0,38.862236,False,False,False,True,False,False,False,False,False,0.286555745297313,singlet,pbmc3k-capture1,True,
ATAACAACATGCTG-1,pbmc3k-capture1,pbmc3k-public-donor,994,2231.0,68.0,3.0479605,0.0,0.0,19.0,0.851636,0.0,0.0,372.0,16.674137,False,False,False,True,False,False,False,False,False,0.103233200808143,singlet,pbmc3k-capture1,True,
ATAACAACGTCTAG-1,pbmc3k-capture1,pbmc3k-public-donor,655,1672.0,48.0,2.8708134,0.0,0.0,5.0,0.29904306,1.0,0.059808612,632.0,37.79904,False,False,False,True,False,False,True,False,False,0.173592920924603,singlet,pbmc3k-capture1,True,
ATAACAACTTTGTC-1,pbmc3k-capture1,pbmc3k-public-donor,1013,3132.0,73.0,2.330779,0.0,0.0,46.0,1.4687102,0.0,0.0,1228.0,39.208176,False,False,False,True,False,False,False,False,False,0.427316055576339,singlet,pbmc3k-capture1,True,
ATAACATGTACTCT-1,pbmc3k-capture1,pbmc3k-public-donor,987,2776.0,40.0,1.4409221,0.0,0.0,29.0,1.0446687,1.0,0.036023054,956.0,34.43804,False,False,False,True,False,False,True,False,False,0.320153829083628,singlet,pbmc3k-capture1,True,
ATAACCCTGTTGGT-1,pbmc3k-capture1,pbmc3k-public-donor,591,1638.0,50.0,3.052503,0.0,0.0,1.0,0.061050065,0.0,0.0,719.0,43.894993,False,False,False,True,False,False,False,False,False,0.105471462126537,singlet,pbmc3k-capture1,True,
ATAACCCTTGGTAC-1,pbmc3k-capture1,pbmc3k-public-donor,1041,2949.0,18.0,0.61037636,0.0,0.0,74.0,2.5093253,0.0,0.0,1130.0,38.318073,False,False,False,True,False,True,False,False,False,0.443401414518197,singlet,pbmc3k-capture1,True,
ATAAGTACGAATGA-1,pbmc3k-capture1,pbmc3k-public-donor,625,1562.0,26.0,1.6645327,0.0,0.0,34.0,2.1766965,1.0,0.064020485,616.0,39.43662,False,False,False,True,False,True,True,False,False,0.0541309217939088,singlet,pbmc3k-capture1,True,
ATAAGTTGGTACGT-1,pbmc3k-capture1,pbmc3k-public-donor,582,1355.0,33.0,2.4354243,0.0,0.0,9.0,0.6642066,0.0,0.0,293.0,21.623615,False,False,False,True,False,False,False,False,False,0.0919156593062442,singlet,pbmc3k-capture1,True,
ATAAGTTGTCTAGG-1,pbmc3k-capture1,pbmc3k-public-donor,814,2338.0,81.0,3.4644995,0.0,0.0,36.0,1.5397776,0.0,0.0,936.0,40.034218,False,False,False,True,False,False,False,False,False,0.270213385182459,singlet,pbmc3k-capture1,True,
ATAATCGAGCTGAT-1,pbmc3k-capture1,pbmc3k-public-donor,570,1386.0,27.0,1.9480519,0.0,0.0,3.0,0.21645021,0.0,0.0,551.0,39.75469,False,False,False,True,False,False,False,False,False,0.0528114881803668,singlet,pbmc3k-capture1,True,
ATAATCGATGGTTG-1,pbmc3k-capture1,pbmc3k-public-donor,775,2348.0,13.0,0.5536627,0.0,0.0,33.0,1.4054514,0.0,0.0,1065.0,45.35775,False,False,False,True,False,False,False,False,False,0.219351093203835,singlet,pbmc3k-capture1,True,
ATAATGACCTACTT-1,pbmc3k-capture1,pbmc3k-public-donor,822,2215.0,27.0,1.2189616,0.0,0.0,24.0,1.0835215,0.0,0.0,798.0,36.02709,False,False,False,True,False,False,False,False,False,0.225122405368124,singlet,pbmc3k-capture1,True,
ATAATGACTCGTGA-1,pbmc3k-capture1,pbmc3k-public-donor,715,1843.0,47.0,2.55019,0.0,0.0,20.0,1.0851872,0.0,0.0,421.0,22.843191,False,False,False,True,False,False,False,False,False,0.0939686007664184,singlet,pbmc3k-capture1,True,
ATACAATGTTAGGC-1,pbmc3k-capture1,pbmc3k-public-donor,738,2148.0,36.0,1.6759777,0.0,0.0,20.0,0.9310987,0.0,0.0,832.0,38.733707,False,False,False,True,False,False,False,False,False,0.308862327982523,singlet,pbmc3k-capture1,True,
ATACCACTCGTACA-1,pbmc3k-capture1,pbmc3k-public-donor,956,2896.0,60.0,2.0718231,0.0,0.0,13.0,0.448895,0.0,0.0,855.0,29.52348,False,False,False,True,False,False,False,False,False,0.186276695169444,singlet,pbmc3k-capture1,True,
ATACCACTCTAAGC-1,pbmc3k-capture1,pbmc3k-public-donor,1178,4138.0,100.0,2.4166265,0.0,0.0,35.0,0.84581923,0.0,0.0,1135.0,27.42871,False,False,False,True,False,False,False,False,False,0.220503456368468,singlet,pbmc3k-capture1,True,
ATACCACTGCCAAT-1,pbmc3k-capture1,pbmc3k-public-donor,743,1580.0,53.0,3.3544302,0.0,0.0,2.0,0.12658228,0.0,0.0,441.0,27.911392,False,False,False,True,False,False,False,False,False,0.314762259990119,singlet,pbmc3k-capture1,True,
ATACCGGAATGCTG-1,pbmc3k-capture1,pbmc3k-public-donor,1861,6582.0,151.0,2.2941356,0.0,0.0,46.0,0.6988757,1.0,0.01519295,1724.0,26.192648,False,False,False,True,False,False,True,False,True,0.245802234633455,singlet,pbmc3k-capture1,True,
ATACCGGACATTTC-1,pbmc3k-capture1,pbmc3k-public-donor,841,2213.0,42.0,1.8978761,0.0,0.0,12.0,0.54225034,0.0,0.0,481.0,21.7352,False,False,False,True,False,False,False,False,False,0.13183659514942,singlet,pbmc3k-capture1,True,
ATACCGGACTTCGC-1,pbmc3k-capture1,pbmc3k-public-donor,944,2694.0,60.0,2.2271714,0.0,0.0,28.0,1.0393467,0.0,0.0,999.0,37.082405,False,False,False,True,False,False,False,False,False,0.352275983517874,singlet,pbmc3k-capture1,True,
ATACCGGAGGTGTT-1,pbmc3k-capture1,pbmc3k-public-donor,783,2129.0,46.0,2.1606388,0.0,0.0,8.0,0.37576327,0.0,0.0,548.0,25.739782,False,False,False,True,False,False,False,False,False,0.12063225879229,singlet,pbmc3k-capture1,True,
ATACCGGATCTCGC-1,pbmc3k-capture1,pbmc3k-public-donor,643,1786.0,47.0,2.631579,0.0,0.0,13.0,0.7278835,0.0,0.0,731.0,40.92945,False,False,False,True,False,False,False,False,False,0.263893016108511,singlet,pbmc3k-capture1,True,
ATACCTACGCATCA-1,pbmc3k-capture1,pbmc3k-public-donor,924,2761.0,56.0,2.0282507,0.0,0.0,40.0,1.4487505,0.0,0.0,1115.0,40.38392,False,False,False,True,False,False,False,False,False,0.319840034127021,singlet,pbmc3k-capture1,True,
ATACCTTGGGGCAA-1,pbmc3k-capture1,pbmc3k-public-donor,936,3678.0,51.0,1.3866231,0.0,0.0,39.0,1.0603589,0.0,0.0,1829.0,49.728115,False,False,False,True,False,False,False,False,False,0.165662318883315,singlet,pbmc3k-capture1,True,
ATACGGACAGACTC-1,pbmc3k-capture1,pbmc3k-public-donor,431,877.0,36.0,4.1049027,0.0,0.0,9.0,1.0262257,0.0,0.0,181.0,20.63854,True,True,False,False,False,False,False,False,False,,not_called_core_qc_fail,pbmc3k-capture1,False,fails_low_genes;fails_low_umis
ATACGGACCTACTT-1,pbmc3k-capture1,pbmc3k-public-donor,490,1042.0,23.0,2.2072937,0.0,0.0,13.0,1.2476008,0.0,0.0,238.0,22.84069,True,True,False,False,False,False,False,False,False,,not_called_core_qc_fail,pbmc3k-capture1,False,fails_low_genes;fails_low_umis
ATACGGACGAGGTG-1,pbmc3k-capture1,pbmc3k-public-donor,532,1218.0,38.0,3.1198685,0.0,0.0,14.0,1.1494253,0.0,0.0,417.0,34.23645,False,False,False,True,False,False,False,False,False,0.0769194109438325,singlet,pbmc3k-capture1,True,
ATACGGACTATGCG-1,pbmc3k-capture1,pbmc3k-public-donor,524,1474.0,32.0,2.1709633,0.0,0.0,8.0,0.5427408,0.0,0.0,640.0,43.41927,False,False,False,True,False,False,False,False,False,0.0827760555019093,singlet,pbmc3k-capture1,True,
ATACGGACTCTGGA-1,pbmc3k-capture1,pbmc3k-public-donor,620,1470.0,51.0,3.4693878,0.0,0.0,17.0,1.1564626,0.0,0.0,351.0,23.87755,False,False,False,True,False,False,False,False,False,0.0164521337055401,singlet,pbmc3k-capture1,True,
ATACGTCTTAACGC-1,pbmc3k-capture1,pbmc3k-public-donor,749,2011.0,91.0,4.525112,0.0,0.0,27.0,1.3426156,0.0,0.0,452.0,22.47638,False,False,False,True,False,False,False,False,False,0.0398855370221911,singlet,pbmc3k-capture1,True,
ATACTCTGCTTCGC-1,pbmc3k-capture1,pbmc3k-public-donor,1334,4474.0,97.0,2.1680822,0.0,0.0,31.0,0.69289225,1.0,0.022351364,1090.0,24.362986,False,False,False,True,False,False,True,False,True,0.24070035369511,singlet,pbmc3k-capture1,True,
ATACTCTGGTATGC-1,pbmc3k-capture1,pbmc3k-public-donor,834,1619.0,35.0,2.1618283,0.0,0.0,9.0,0.5558987,0.0,0.0,280.0,17.294626,False,False,False,True,False,False,False,False,False,0.0841877211955704,singlet,pbmc3k-capture1,True,
ATAGATACCATGGT-1,pbmc3k-capture1,pbmc3k-public-donor,790,2183.0,40.0,1.8323408,0.0,0.0,25.0,1.145213,0.0,0.0,809.0,37.059093,False,False,False,True,False,False,False,False,False,0.290348338444796,singlet,pbmc3k-capture1,True,
ATAGATACGACGAG-1,pbmc3k-capture1,pbmc3k-public-donor,702,2123.0,57.0,2.6848798,0.0,0.0,24.0,1.1304758,1.0,0.047103155,980.0,46.16109,False,False,False,True,False,False,True,False,False,0.0874559387869061,singlet,pbmc3k-capture1,True,
ATAGATTGGTGTAC-1,pbmc3k-capture1,pbmc3k-public-donor,892,2749.0,55.0,2.0007274,0.0,0.0,17.0,0.6184067,0.0,0.0,1172.0,42.633686,False,False,False,True,False,False,False,False,False,0.138900576047857,singlet,pbmc3k-capture1,True,
ATAGCCGAACGGAG-1,pbmc3k-capture1,pbmc3k-public-donor,693,2095.0,56.0,2.673031,0.0,0.0,14.0,0.6682578,0.0,0.0,962.0,45.918854,False,False,False,True,False,False,False,False,False,0.0364684466237029,singlet,pbmc3k-capture1,True,
ATAGCGTGCAGATC-1,pbmc3k-capture1,pbmc3k-public-donor,784,2448.0,26.0,1.0620916,0.0,0.0,36.0,1.4705882,0.0,0.0,1111.0,45.383987,False,False,False,True,False,False,False,False,False,0.244411263729452,singlet,pbmc3k-capture1,True,
ATAGCGTGCCCTTG-1,pbmc3k-capture1,pbmc3k-public-donor,944,3004.0,34.0,1.1318243,0.0,0.0,19.0,0.63249004,0.0,0.0,871.0,28.994673,False,False,False,True,False,False,False,False,False,0.16660197166033,singlet,pbmc3k-capture1,True,
ATAGCGTGGTATCG-1,pbmc3k-capture1,pbmc3k-public-donor,471,1069.0,19.0,1.7773621,0.0,0.0,8.0,0.74836296,0.0,0.0,294.0,27.50234,True,True,False,False,False,False,False,False,False,,not_called_core_qc_fail,pbmc3k-capture1,False,fails_low_genes;fails_low_umis
ATAGCGTGTCTCTA-1,pbmc3k-capture1,pbmc3k-public-donor,839,2273.0,42.0,1.8477783,0.0,0.0,33.0,1.4518259,0.0,0.0,872.0,38.363396,False,False,False,True,False,False,False,False,False,0.248192544370073,singlet,pbmc3k-capture1,True,
ATAGCTCTCTGATG-1,pbmc3k-capture1,pbmc3k-public-donor,529,1163.0,34.0,2.9234738,0.0,0.0,22.0,1.8916596,0.0,0.0,463.0,39.810833,False,False,False,True,False,False,False,False,False,0.0832853216528696,singlet,pbmc3k-capture1,True,
ATAGCTCTGAGGTG-1,pbmc3k-capture1,pbmc3k-public-donor,729,1975.0,42.0,2.1265824,0.0,0.0,20.0,1.0126582,0.0,0.0,785.0,39.746838,False,False,False,True,False,False,False,False,False,0.106527388192075,singlet,pbmc3k-capture1,True,
ATAGGAGAAACAGA-1,pbmc3k-capture1,pbmc3k-public-donor,1084,3554.0,78.0,2.1947103,0.0,0.0,50.0,1.4068655,0.0,0.0,752.0,21.159258,False,False,False,True,False,False,False,False,False,0.140190594039838,singlet,pbmc3k-capture1,True,
ATAGGCTGTCAGAC-1,pbmc3k-capture1,pbmc3k-public-donor,802,2173.0,36.0,1.6566958,0.0,0.0,26.0,1.1965026,0.0,0.0,860.0,39.576622,False,False,False,True,False,False,False,False,False,0.244212101141848,singlet,pbmc3k-capture1,True,
ATAGTCCTAGTGTC-1,pbmc3k-capture1,pbmc3k-public-donor,886,2205.0,47.0,2.1315193,0.0,0.0,23.0,1.0430839,0.0,0.0,409.0,18.548752,False,False,False,True,False,False,False,False,False,0.234428646699598,singlet,pbmc3k-capture1,True,
ATAGTCCTTGCATG-1,pbmc3k-capture1,pbmc3k-public-donor,815,2055.0,16.0,0.7785888,0.0,0.0,4.0,0.1946472,0.0,0.0,768.0,37.37226,False,False,False,True,False,False,False,False,False,0.408159334510094,singlet,pbmc3k-capture1,True,
ATAGTCCTTGTCGA-1,pbmc3k-capture1,pbmc3k-public-donor,856,2662.0,30.0,1.1269722,0.0,0.0,26.0,0.97670925,0.0,0.0,1150.0,43.2006,False,False,False,True,False,False,False,False,False,0.239350522766257,singlet,pbmc3k-capture1,True,
ATAGTTGACAACTG-1,pbmc3k-capture1,pbmc3k-public-donor,746,2184.0,35.0,1.6025642,0.0,0.0,27.0,1.2362638,0.0,0.0,994.0,45.512817,False,False,False,True,False,False,False,False,False,0.16008674740371,singlet,pbmc3k-capture1,True,
ATAGTTGACCCTCA-1,pbmc3k-capture1,pbmc3k-public-donor,1318,4273.0,80.0,1.872221,0.0,0.0,21.0,0.491458,0.0,0.0,825.0,19.307278,False,False,False,True,False,False,False,False,False,0.170809219544956,singlet,pbmc3k-capture1,True,
ATAGTTGAGACGTT-1,pbmc3k-capture1,pbmc3k-public-donor,545,2030.0,61.0,3.004926,0.0,0.0,2.0,0.09852217,0.0,0.0,1071.0,52.75862,False,False,False,True,False,False,False,False,False,0.0773124670694901,singlet,pbmc3k-capture1,True,
ATAGTTGATAAGCC-1,pbmc3k-capture1,pbmc3k-public-donor,696,1870.0,31.0,1.657754,0.0,0.0,2.0,0.10695188,0.0,0.0,794.0,42.459892,False,False,False,True,False,False,False,False,False,0.106627038411178,singlet,pbmc3k-capture1,True,
ATATACGAAGCCAT-1,pbmc3k-capture1,pbmc3k-public-donor,872,2505.0,41.0,1.6367266,0.0,0.0,50.0,1.9960079,0.0,0.0,997.0,39.8004,False,False,False,True,False,True,False,False,False,0.100260178305676,singlet,pbmc3k-capture1,True,
ATATACGAATTGGC-1,pbmc3k-capture1,pbmc3k-public-donor,1154,3935.0,52.0,1.321474,0.0,0.0,44.0,1.1181703,0.0,0.0,1620.0,41.168995,False,False,False,True,False,False,False,False,False,0.445541062869996,doublet,pbmc3k-capture1,False,scDblFinder_doublet
ATATAGTGGAATGA-1,pbmc3k-capture1,pbmc3k-public-donor,467,1062.0,31.0,2.9190207,0.0,0.0,6.0,0.56497175,0.0,0.0,255.0,24.0113,True,True,False,False,False,False,False,False,False,,not_called_core_qc_fail,pbmc3k-capture1,False,fails_low_genes;fails_low_umis
ATATGCCTAGATCC-1,pbmc3k-capture1,pbmc3k-public-donor,725,1910.0,39.0,2.041885,0.0,0.0,19.0,0.9947644,0.0,0.0,492.0,25.759163,False,False,False,True,False,False,False,False,False,0.129887651873141,singlet,pbmc3k-capture1,True,
ATATGCCTGGACAG-1,pbmc3k-capture1,pbmc3k-public-donor,1027,3509.0,76.0,2.1658592,0.0,0.0,48.0,1.3679111,0.0,0.0,1635.0,46.59447,False,False,False,True,False,False,False,False,False,0.33855189224528,singlet,pbmc3k-capture1,True,
ATATGCCTTCTCTA-1,pbmc3k-capture1,pbmc3k-public-donor,479,1090.0,15.0,1.3761468,0.0,0.0,16.0,1.4678899,0.0,0.0,453.0,41.559635,True,True,False,False,False,False,False,False,False,,not_called_core_qc_fail,pbmc3k-capture1,False,fails_low_genes;fails_low_umis
ATATGCCTTGGTAC-1,pbmc3k-capture1,pbmc3k-public-donor,728,2021.0,35.0,1.7318159,0.0,0.0,21.0,1.0390896,0.0,0.0,805.0,39.831768,False,False,False,True,False,False,False,False,False,0.106964062242091,singlet,pbmc3k-capture1,True,
ATCAAATGAGCCTA-1,pbmc3k-capture1,pbmc3k-public-donor,926,2562.0,80.0,3.1225605,0.0,0.0,20.0,0.7806401,1.0,0.039032005,644.0,25.13661,False,False,False,True,False,False,True,False,False,0.153999115222506,singlet,pbmc3k-capture1,True,
ATCAAATGGGTAAA-1,pbmc3k-capture1,pbmc3k-public-donor,1282,4211.0,96.0,2.2797437,0.0,0.0,31.0,0.7361672,0.0,0.0,833.0,19.781525,False,False,False,True,False,False,False,False,False,0.185451393016119,singlet,pbmc3k-capture1,True,
ATCAACCTAAACGA-1,pbmc3k-capture1,pbmc3k-public-donor,907,2638.0,22.0,0.83396506,0.0,0.0,52.0,1.9711902,0.0,0.0,1042.0,39.49962,False,False,False,True,False,True,False,False,False,0.364836736514713,singlet,pbmc3k-capture1,True,
ATCAACCTGAGGAC-1,pbmc3k-capture1,pbmc3k-public-donor,833,2312.0,63.0,2.7249136,0.0,0.0,21.0,0.90830445,0.0,0.0,971.0,41.998272,False,False,False,True,False,False,False,False,False,0.253712900696092,singlet,pbmc3k-capture1,True,
ATCAACCTTCTCTA-1,pbmc3k-capture1,pbmc3k-public-donor,1024,2505.0,75.0,2.9940119,0.0,0.0,33.0,1.3173653,0.0,0.0,693.0,27.66467,False,False,False,True,False,False,False,False,False,0.405355441112549,singlet,pbmc3k-capture1,True,
ATCAACCTTTGTCT-1,pbmc3k-capture1,pbmc3k-public-donor,838,2572.0,49.0,1.9051323,0.0,0.0,23.0,0.8942457,0.0,0.0,1178.0,45.800934,False,False,False,True,False,False,False,False,False,0.280926927913695,singlet,pbmc3k-capture1,True,
ATCACACTTTGTCT-1,pbmc3k-capture1,pbmc3k-public-donor,900,2560.0,54.0,2.109375,0.0,0.0,30.0,1.171875,0.0,0.0,985.0,38.476562,False,False,False,True,False,False,False,False,False,0.252193839122093,singlet,pbmc3k-capture1,True,
ATCACGGATTGCTT-1,pbmc3k-capture1,pbmc3k-public-donor,457,975.0,57.0,5.8461537,0.0,0.0,7.0,0.7179487,0.0,0.0,220.0,22.564102,True,True,True,False,False,False,False,False,False,,not_called_core_qc_fail,pbmc3k-capture1,False,fails_low_genes;fails_low_umis;fails_mt
ATCACGGATTTCGT-1,pbmc3k-capture1,pbmc3k-public-donor,737,1792.0,39.0,2.1763394,0.0,0.0,15.0,0.83705354,0.0,0.0,698.0,38.950893,False,False,False,True,False,False,False,False,False,0.116751804263172,singlet,pbmc3k-capture1,True,
ATCATCTGACACCA-1,pbmc3k-capture1,pbmc3k-public-donor,367,737.0,5.0,0.6784261,0.0,0.0,2.0,0.2713704,0.0,0.0,14.0,1.899593,True,True,False,False,False,False,False,False,False,,not_called_core_qc_fail,pbmc3k-capture1,False,fails_low_genes;fails_low_umis
ATCATGCTAGAGTA-1,pbmc3k-capture1,pbmc3k-public-donor,459,850.0,29.0,3.4117646,0.0,0.0,5.0,0.5882353,0.0,0.0,263.0,30.941177,True,True,False,False,False,False,False,False,False,,not_called_core_qc_fail,pbmc3k-capture1,False,fails_low_genes;fails_low_umis
ATCATGCTGAACCT-1,pbmc3k-capture1,pbmc3k-public-donor,1030,3165.0,74.0,2.3380728,0.0,0.0,29.0,0.91627175,1.0,0.031595577,1185.0,37.440758,False,False,False,True,False,False,True,False,False,0.295791731610691,singlet,pbmc3k-capture1,True,
ATCCAGGACGCTAA-1,pbmc3k-capture1,pbmc3k-public-donor,1279,3756.0,47.0,1.2513312,0.0,0.0,16.0,0.4259851,0.0,0.0,782.0,20.820023,False,False,False,True,False,False,False,False,False,0.163081790820258,singlet,pbmc3k-capture1,True,
ATCCAGGATGGAAA-1,pbmc3k-capture1,pbmc3k-public-donor,756,2128.0,27.0,1.268797,0.0,0.0,4.0,0.18796992,0.0,0.0,799.0,37.546993,False,False,False,True,False,False,False,False,False,0.260293704956167,singlet,pbmc3k-capture1,True,
ATCCATACTCCTTA-1,pbmc3k-capture1,pbmc3k-public-donor,662,1624.0,41.0,2.5246305,0.0,0.0,15.0,0.9236453,0.0,0.0,432.0,26.600985,False,False,False,True,False,False,False,False,False,0.147368785842997,singlet,pbmc3k-capture1,True,
ATCCATACTTCATC-1,pbmc3k-capture1,pbmc3k-public-donor,1323,3916.0,93.0,2.3748724,0.0,0.0,50.0,1.276813,0.0,0.0,717.0,18.3095,False,False,False,True,False,False,False,False,False,0.120956201677459,singlet,pbmc3k-capture1,True,
ATCCCGTGCAGTCA-1,pbmc3k-capture1,pbmc3k-public-donor,1003,1996.0,39.0,1.9539078,2.0,0.1002004,6.0,0.30060118,0.0,0.0,314.0,15.7314625,False,False,False,True,True,False,False,False,False,0.137707683617879,singlet,pbmc3k-capture1,True,
ATCCCGTGCATGCA-1,pbmc3k-capture1,pbmc3k-public-donor,359,776.0,22.0,2.8350515,0.0,0.0,2.0,0.25773194,0.0,0.0,314.0,40.463917,True,True,False,False,False,False,False,False,False,,not_called_core_qc_fail,pbmc3k-capture1,False,fails_low_genes;fails_low_umis
ATCCCGTGGCTGAT-1,pbmc3k-capture1,pbmc3k-public-donor,770,2155.0,39.0,1.8097447,0.0,0.0,26.0,1.2064966,0.0,0.0,919.0,42.64501,False,False,False,True,False,False,False,False,False,0.118469660020033,singlet,pbmc3k-capture1,True,
ATCCGCACGCATCA-1,pbmc3k-capture1,pbmc3k-public-donor,813,2341.0,49.0,2.0931225,0.0,0.0,5.0,0.21358393,0.0,0.0,945.0,40.367363,False,False,False,True,False,False,False,False,False,0.0970368730329618,singlet,pbmc3k-capture1,True,
ATCCTAACGACGGA-1,pbmc3k-capture1,pbmc3k-public-donor,634,1776.0,65.0,3.65991,0.0,0.0,18.0,1.0135134,0.0,0.0,763.0,42.96171,False,False,False,True,False,False,False,False,False,0.0727496225996871,singlet,pbmc3k-capture1,True,
ATCCTAACGCTACA-1,pbmc3k-capture1,pbmc3k-public-donor,924,2064.0,35.0,1.6957365,0.0,0.0,14.0,0.6782946,1.0,0.048449613,551.0,26.695738,False,False,False,True,False,False,True,False,False,0.451685273480164,doublet,pbmc3k-capture1,False,scDblFinder_doublet
ATCGACGAAACTGC-1,pbmc3k-capture1,pbmc3k-public-donor,1184,3308.0,37.0,1.1185006,0.0,0.0,29.0,0.8766626,0.0,0.0,665.0,20.102781,False,False,False,True,False,False,False,False,False,0.286518075288793,singlet,pbmc3k-capture1,True,
ATCGACGAATGACC-1,pbmc3k-capture1,pbmc3k-public-donor,901,2867.0,105.0,3.662365,0.0,0.0,42.0,1.4649459,0.0,0.0,1084.0,37.809555,False,False,False,True,False,False,False,False,False,0.364477617549315,singlet,pbmc3k-capture1,True,
ATCGAGTGGACGTT-1,pbmc3k-capture1,pbmc3k-public-donor,816,1973.0,33.0,1.6725799,0.0,0.0,17.0,0.8616321,0.0,0.0,654.0,33.14749,False,False,False,True,False,False,False,False,False,0.307428000379656,singlet,pbmc3k-capture1,True,
ATCGCAGAATCTCT-1,pbmc3k-capture1,pbmc3k-public-donor,1421,4340.0,111.0,2.5576036,0.0,0.0,58.0,1.3364055,0.0,0.0,825.0,19.009216,False,False,False,True,False,False,False,False,True,0.236080832998574,singlet,pbmc3k-capture1,True,
ATCGCAGAGTGTCA-1,pbmc3k-capture1,pbmc3k-public-donor,771,2109.0,31.0,1.469891,0.0,0.0,32.0,1.5173068,0.0,0.0,873.0,41.394024,False,False,False,True,False,False,False,False,False,0.165015371653286,singlet,pbmc3k-capture1,True,
ATCGCCACTGAGGG-1,pbmc3k-capture1,pbmc3k-public-donor,706,1687.0,48.0,2.8452876,0.0,0.0,0.0,0.0,0.0,0.0,479.0,28.393599,False,False,False,True,False,False,False,False,False,0.191735733046375,singlet,pbmc3k-capture1,True,
ATCGCCTGGGTCAT-1,pbmc3k-capture1,pbmc3k-public-donor,953,2875.0,58.0,2.0173912,0.0,0.0,32.0,1.1130434,0.0,0.0,1222.0,42.504345,False,False,False,True,False,False,False,False,False,0.280232900047838,singlet,pbmc3k-capture1,True,
ATCGCCTGTGGCAT-1,pbmc3k-capture1,pbmc3k-public-donor,348,756.0,13.0,1.7195767,0.0,0.0,8.0,1.0582011,0.0,0.0,316.0,41.798943,True,True,False,False,False,False,False,False,False,,not_called_core_qc_fail,pbmc3k-capture1,False,fails_low_genes;fails_low_umis
ATCGCGCTCAGAGG-1,pbmc3k-capture1,pbmc3k-public-donor,716,1842.0,61.0,3.3116176,0.0,0.0,10.0,0.54288816,0.0,0.0,482.0,26.167212,False,False,False,True,False,False,False,False,False,0.044291750167424,singlet,pbmc3k-capture1,True,
ATCGCGCTGGGATG-1,pbmc3k-capture1,pbmc3k-public-donor,870,2732.0,40.0,1.4641289,0.0,0.0,40.0,1.4641289,0.0,0.0,1249.0,45.717422,False,False,False,True,False,False,False,False,False,0.234516904425985,singlet,pbmc3k-capture1,True,
ATCGCGCTTTTCGT-1,pbmc3k-capture1,pbmc3k-public-donor,715,1779.0,46.0,2.5857222,0.0,0.0,6.0,0.33726814,0.0,0.0,639.0,35.919056,False,False,False,True,False,False,False,False,False,0.0974167563414209,singlet,pbmc3k-capture1,True,
ATCGGAACCAGTCA-1,pbmc3k-capture1,pbmc3k-public-donor,550,1199.0,11.0,0.9174312,0.0,0.0,2.0,0.16680567,0.0,0.0,439.0,36.613846,False,False,False,True,False,False,False,False,False,0.105296675262698,singlet,pbmc3k-capture1,True,
ATCGGTGAGTCAAC-1,pbmc3k-capture1,pbmc3k-public-donor,689,1885.0,32.0,1.6976128,0.0,0.0,21.0,1.1140584,0.0,0.0,865.0,45.888596,False,False,False,True,False,False,False,False,False,0.0976923454106593,singlet,pbmc3k-capture1,True,
ATCGGTGATTGCAG-1,pbmc3k-capture1,pbmc3k-public-donor,947,2901.0,84.0,2.895553,0.0,0.0,58.0,1.9993106,0.0,0.0,1257.0,43.329887,False,False,False,True,False,True,False,False,False,0.308944237951654,singlet,pbmc3k-capture1,True,
ATCGTTTGCCTACC-1,pbmc3k-capture1,pbmc3k-public-donor,1157,3404.0,76.0,2.2326674,0.0,0.0,11.0,0.32314923,0.0,0.0,825.0,24.236193,False,False,False,True,False,False,False,False,False,0.251181452065446,singlet,pbmc3k-capture1,True,
ATCGTTTGGGTACT-1,pbmc3k-capture1,pbmc3k-public-donor,690,1765.0,58.0,3.2861187,0.0,0.0,7.0,0.39660054,0.0,0.0,404.0,22.889519,False,False,False,True,False,False,False,False,False,0.0505644076564687,singlet,pbmc3k-capture1,True,
ATCGTTTGTGCCAA-1,pbmc3k-capture1,pbmc3k-public-donor,383,737.0,14.0,1.899593,0.0,0.0,1.0,0.1356852,0.0,0.0,170.0,23.066486,True,True,False,False,False,False,False,False,False,,not_called_core_qc_fail,pbmc3k-capture1,False,fails_low_genes;fails_low_umis
ATCTACACCCGCTT-1,pbmc3k-capture1,pbmc3k-public-donor,374,754.0,13.0,1.7241379,0.0,0.0,2.0,0.265252,0.0,0.0,157.0,20.82228,True,True,False,False,False,False,False,False,False,,not_called_core_qc_fail,pbmc3k-capture1,False,fails_low_genes;fails_low_umis
ATCTACACCGGGAA-1,pbmc3k-capture1,pbmc3k-public-donor,882,2454.0,18.0,0.73349637,0.0,0.0,18.0,0.73349637,0.0,0.0,973.0,39.64955,False,False,False,True,False,False,False,False,False,0.26620666027263,singlet,pbmc3k-capture1,True,
ATCTCAACAGGAGC-1,pbmc3k-capture1,pbmc3k-public-donor,697,1915.0,43.0,2.245431,0.0,0.0,10.0,0.5221932,0.0,0.0,794.0,41.462143,False,False,False,True,False,False,False,False,False,0.0477363571433441,singlet,pbmc3k-capture1,True,
ATCTCAACCTCGAA-1,pbmc3k-capture1,pbmc3k-public-donor,246,609.0,0.0,0.0,0.0,0.0,0.0,0.0,0.0,0.0,346.0,56.81445,True,True,False,False,False,False,False,False,False,,not_called_core_qc_fail,pbmc3k-capture1,False,fails_low_genes;fails_low_umis
ATCTCAACCTTGTT-1,pbmc3k-capture1,pbmc3k-public-donor,833,2138.0,45.0,2.1047707,0.0,0.0,10.0,0.46772686,0.0,0.0,593.0,27.736202,False,False,False,True,False,False,False,False,False,0.098026093325234,singlet,pbmc3k-capture1,True,
ATCTGGGAAACCAC-1,pbmc3k-capture1,pbmc3k-public-donor,1006,2420.0,50.0,2.0661156,0.0,0.0,10.0,0.41322312,0.0,0.0,372.0,15.371901,False,False,False,True,False,False,False,False,False,0.147543582146645,singlet,pbmc3k-capture1,True,
ATCTGGGAAGTGTC-1,pbmc3k-capture1,pbmc3k-public-donor,1181,3477.0,60.0,1.7256256,0.0,0.0,43.0,1.2366983,0.0,0.0,744.0,21.397757,False,False,False,True,False,False,False,False,False,0.207727626887583,singlet,pbmc3k-capture1,True,
ATCTGGGATTCCGC-1,pbmc3k-capture1,pbmc3k-public-donor,974,2771.0,73.0,2.634428,0.0,0.0,30.0,1.0826416,0.0,0.0,1004.0,36.232407,False,False,False,True,False,False,False,False,False,0.442689892504739,singlet,pbmc3k-capture1,True,
ATCTGTTGAACGGG-1,pbmc3k-capture1,pbmc3k-public-donor,856,2310.0,37.0,1.6017315,0.0,0.0,20.0,0.86580086,0.0,0.0,782.0,33.852814,False,False,False,True,False,False,False,False,False,0.302568061083317,singlet,pbmc3k-capture1,True,
ATCTGTTGACCTCC-1,pbmc3k-capture1,pbmc3k-public-donor,978,2713.0,38.0,1.4006635,0.0,0.0,73.0,2.6907482,0.0,0.0,1032.0,38.03907,False,False,False,True,False,True,False,False,False,0.406458076007272,singlet,pbmc3k-capture1,True,
ATCTGTTGCCTTCG-1,pbmc3k-capture1,pbmc3k-public-donor,1551,5198.0,94.0,1.8083878,0.0,0.0,27.0,0.5194305,0.0,0.0,1165.0,22.412468,False,False,False,True,False,False,False,False,True,0.315963377052953,singlet,pbmc3k-capture1,True,
ATCTGTTGGTTGCA-1,pbmc3k-capture1,pbmc3k-public-donor,965,2911.0,38.0,1.3053933,0.0,0.0,17.0,0.5839917,0.0,0.0,1142.0,39.230503,False,False,False,True,False,False,False,False,False,0.291356831516963,singlet,pbmc3k-capture1,True,
ATCTTGACACCAAC-1,pbmc3k-capture1,pbmc3k-public-donor,907,2702.0,28.0,1.0362694,0.0,0.0,28.0,1.0362694,0.0,0.0,1086.0,40.192448,False,False,False,True,False,False,False,False,False,0.300801451818471,singlet,pbmc3k-capture1,True,
ATCTTGACCTCCCA-1,pbmc3k-capture1,pbmc3k-public-donor,565,1399.0,44.0,3.1451035,0.0,0.0,4.0,0.28591853,0.0,0.0,306.0,21.872766,False,False,False,True,False,False,False,False,False,0.066447406395796,singlet,pbmc3k-capture1,True,
ATCTTTCTGCATCA-1,pbmc3k-capture1,pbmc3k-public-donor,417,877.0,13.0,1.482326,0.0,0.0,10.0,1.1402508,0.0,0.0,346.0,39.452682,True,True,False,False,False,False,False,False,False,,not_called_core_qc_fail,pbmc3k-capture1,False,fails_low_genes;fails_low_umis
ATCTTTCTGTTTCT-1,pbmc3k-capture1,pbmc3k-public-donor,907,2366.0,24.0,1.0143703,0.0,0.0,47.0,1.9864751,0.0,0.0,720.0,30.431107,False,False,False,True,False,True,False,False,False,0.33022847096604,singlet,pbmc3k-capture1,True,
ATCTTTCTTGTCCC-1,pbmc3k-capture1,pbmc3k-public-donor,927,1915.0,67.0,3.4986947,0.0,0.0,3.0,0.15665796,0.0,0.0,264.0,13.7859,False,False,False,True,False,False,False,False,False,0.0753090214999187,singlet,pbmc3k-capture1,True,
ATGAAACTCTGTGA-1,pbmc3k-capture1,pbmc3k-public-donor,966,3205.0,36.0,1.123245,0.0,0.0,51.0,1.5912638,0.0,0.0,1265.0,39.469578,False,False,False,True,False,False,False,False,False,0.277442211692819,singlet,pbmc3k-capture1,True,
ATGAAACTGAGGCA-1,pbmc3k-capture1,pbmc3k-public-donor,658,1973.0,44.0,2.2301066,0.0,0.0,24.0,1.2164216,0.0,0.0,872.0,44.196655,False,False,False,True,False,False,False,False,False,0.0914264950733682,singlet,pbmc3k-capture1,True,
ATGAAGGAACAGCT-1,pbmc3k-capture1,pbmc3k-public-donor,727,1477.0,27.0,1.8280298,0.0,0.0,16.0,1.0832769,0.0,0.0,411.0,27.826675,False,False,False,True,False,False,False,False,False,0.218297767134659,singlet,pbmc3k-capture1,True,
ATGAAGGACCTGTC-1,pbmc3k-capture1,pbmc3k-public-donor,743,2047.0,77.0,3.7616022,0.0,0.0,11.0,0.53737175,0.0,0.0,788.0,38.495358,False,False,False,True,False,False,False,False,False,0.10636883974685,singlet,pbmc3k-capture1,True,
ATGAAGGACCTTAT-1,pbmc3k-capture1,pbmc3k-public-donor,381,859.0,21.0,2.444703,0.0,0.0,10.0,1.1641444,0.0,0.0,324.0,37.718277,True,True,False,False,False,False,False,False,False,,not_called_core_qc_fail,pbmc3k-capture1,False,fails_low_genes;fails_low_umis
ATGAAGGACTAGTG-1,pbmc3k-capture1,pbmc3k-public-donor,385,713.0,14.0,1.9635344,0.0,0.0,8.0,1.1220196,0.0,0.0,261.0,36.605892,True,True,False,False,False,False,False,False,False,,not_called_core_qc_fail,pbmc3k-capture1,False,fails_low_genes;fails_low_umis
ATGAAGGACTTGCC-1,pbmc3k-capture1,pbmc3k-public-donor,905,1800.0,27.0,1.5,0.0,0.0,7.0,0.3888889,0.0,0.0,286.0,15.888889,False,False,False,True,False,False,False,False,False,0.0922502040329372,singlet,pbmc3k-capture1,True,
ATGACGTGACGACT-1,pbmc3k-capture1,pbmc3k-public-donor,645,1881.0,22.0,1.1695907,0.0,0.0,11.0,0.58479536,0.0,0.0,801.0,42.583733,False,False,False,True,False,False,False,False,False,0.0817704657087564,singlet,pbmc3k-capture1,True,
ATGACGTGATCGGT-1,pbmc3k-capture1,pbmc3k-public-donor,1167,3623.0,131.0,3.615788,0.0,0.0,39.0,1.076456,0.0,0.0,766.0,21.142698,False,False,False,True,False,False,False,False,False,0.187504545062305,singlet,pbmc3k-capture1,True,
ATGAGAGAAAGTGA-1,pbmc3k-capture1,pbmc3k-public-donor,936,2880.0,21.0,0.7291667,0.0,0.0,43.0,1.4930556,0.0,0.0,1226.0,42.569443,False,False,False,True,False,False,False,False,False,0.21744466372388,singlet,pbmc3k-capture1,True,
ATGAGAGAACGCAT-1,pbmc3k-capture1,pbmc3k-public-donor,724,2350.0,26.0,1.106383,0.0,0.0,27.0,1.1489362,0.0,0.0,1082.0,46.042553,False,False,False,True,False,False,False,False,False,0.18753993440887,singlet,pbmc3k-capture1,True,
ATGAGAGAAGTAGA-1,pbmc3k-capture1,pbmc3k-public-donor,618,1575.0,53.0,3.3650794,0.0,0.0,22.0,1.3968253,0.0,0.0,587.0,37.269844,False,False,False,True,False,False,False,False,False,0.056846139432663,singlet,pbmc3k-capture1,True,
ATGAGCACACAGCT-1,pbmc3k-capture1,pbmc3k-public-donor,1038,3387.0,65.0,1.9191024,0.0,0.0,29.0,0.85621494,0.0,0.0,1462.0,43.165043,False,False,False,True,False,False,False,False,False,0.447698316979629,doublet,pbmc3k-capture1,False,scDblFinder_doublet
ATGAGCACATCTTC-1,pbmc3k-capture1,pbmc3k-public-donor,853,2599.0,31.0,1.1927664,0.0,0.0,24.0,0.9234321,0.0,0.0,1125.0,43.28588,False,False,False,True,False,False,False,False,False,0.280494953128989,singlet,pbmc3k-capture1,True,
ATGATAACTTCACT-1,pbmc3k-capture1,pbmc3k-public-donor,808,1523.0,16.0,1.0505581,0.0,0.0,22.0,1.4445174,0.0,0.0,265.0,17.399868,False,False,False,True,False,False,False,False,False,0.169043653087665,singlet,pbmc3k-capture1,True,
ATGATATGAAACAG-1,pbmc3k-capture1,pbmc3k-public-donor,1403,4925.0,78.0,1.5837563,0.0,0.0,82.0,1.6649746,0.0,0.0,1816.0,36.873096,False,False,False,True,False,False,False,False,True,0.490184865848387,doublet,pbmc3k-capture1,False,scDblFinder_doublet
ATGATATGACTGGT-1,pbmc3k-capture1,pbmc3k-public-donor,762,2343.0,49.0,2.0913358,0.0,0.0,14.0,0.5975245,0.0,0.0,1081.0,46.137432,False,False,False,True,False,False,False,False,False,0.128017897671872,singlet,pbmc3k-capture1,True,
ATGATATGAGCACT-1,pbmc3k-capture1,pbmc3k-public-donor,741,2189.0,27.0,1.2334399,0.0,0.0,27.0,1.2334399,0.0,0.0,911.0,41.617176,False,False,False,True,False,False,False,False,False,0.2623625640773,singlet,pbmc3k-capture1,True,
ATGATATGGTCATG-1,pbmc3k-capture1,pbmc3k-public-donor,687,1768.0,30.0,1.6968327,0.0,0.0,12.0,0.67873305,0.0,0.0,706.0,39.932125,False,False,False,True,False,False,False,False,False,0.166481563537184,singlet,pbmc3k-capture1,True,
ATGATATGGTGCTA-1,pbmc3k-capture1,pbmc3k-public-donor,932,1978.0,54.0,2.7300303,0.0,0.0,16.0,0.8088979,0.0,0.0,399.0,20.17189,False,False,False,True,False,False,False,False,False,0.256159877469926,singlet,pbmc3k-capture1,True,
ATGATATGTTGTCT-1,pbmc3k-capture1,pbmc3k-public-donor,1096,2992.0,81.0,2.7072194,0.0,0.0,33.0,1.1029412,0.0,0.0,694.0,23.195189,False,False,False,True,False,False,False,False,False,0.237680561067585,singlet,pbmc3k-capture1,True,
ATGCACGAATGTCG-1,pbmc3k-capture1,pbmc3k-public-donor,601,1381.0,44.0,3.186097,0.0,0.0,11.0,0.7965242,0.0,0.0,485.0,35.11948,False,False,False,True,False,False,False,False,False,0.0623596745575709,singlet,pbmc3k-capture1,True,
ATGCACGACTGTAG-1,pbmc3k-capture1,pbmc3k-public-donor,652,1479.0,25.0,1.6903313,0.0,0.0,9.0,0.60851926,0.0,0.0,560.0,37.863422,False,False,False,True,False,False,False,False,False,0.295817072954649,singlet,pbmc3k-capture1,True,
ATGCACGAGAACCT-1,pbmc3k-capture1,pbmc3k-public-donor,895,2624.0,35.0,1.3338414,0.0,0.0,9.0,0.3429878,0.0,0.0,1144.0,43.59756,False,False,False,True,False,False,False,False,False,0.254401334711123,singlet,pbmc3k-capture1,True,
ATGCACGAGTTCGA-1,pbmc3k-capture1,pbmc3k-public-donor,682,1920.0,38.0,1.9791666,0.0,0.0,20.0,1.0416667,0.0,0.0,817.0,42.552082,False,False,False,True,False,False,False,False,False,0.198772970086543,singlet,pbmc3k-capture1,True,
ATGCACGATTGGTG-1,pbmc3k-capture1,pbmc3k-public-donor,1553,4856.0,94.0,1.9357495,0.0,0.0,33.0,0.6795716,1.0,0.02059308,888.0,18.286655,False,False,False,True,False,False,True,False,True,0.333064253717912,singlet,pbmc3k-capture1,True,
ATGCAGTGTTACCT-1,pbmc3k-capture1,pbmc3k-public-donor,604,1396.0,29.0,2.0773637,0.0,0.0,6.0,0.4297994,0.0,0.0,531.0,38.03725,False,False,False,True,False,False,False,False,False,0.0635208378522548,singlet,pbmc3k-capture1,True,
ATGCAGTGTTCTAC-1,pbmc3k-capture1,pbmc3k-public-donor,823,2333.0,73.0,3.1290185,0.0,0.0,11.0,0.47149593,0.0,0.0,955.0,40.934418,False,False,False,True,False,False,False,False,False,0.266647225088417,singlet,pbmc3k-capture1,True,
ATGCCAGAACGACT-1,pbmc3k-capture1,pbmc3k-public-donor,803,2167.0,43.0,1.9843102,0.0,0.0,37.0,1.7074296,0.0,0.0,796.0,36.73281,False,False,False,True,False,False,False,False,False,0.304445851179827,singlet,pbmc3k-capture1,True,
ATGCCAGACAGTCA-1,pbmc3k-capture1,pbmc3k-public-donor,646,1323.0,38.0,2.87226,0.0,0.0,13.0,0.98261523,0.0,0.0,233.0,17.611488,False,False,False,True,False,False,False,False,False,0.0947519117485069,singlet,pbmc3k-capture1,True,
ATGCCGCTTGAACC-1,pbmc3k-capture1,pbmc3k-public-donor,917,2463.0,67.0,2.72026,0.0,0.0,16.0,0.64961433,0.0,0.0,604.0,24.52294,False,False,False,True,False,False,False,False,False,0.248892438691628,singlet,pbmc3k-capture1,True,
ATGCGATGCTATGG-1,pbmc3k-capture1,pbmc3k-public-donor,942,2998.0,100.0,3.3355572,0.0,0.0,13.0,0.4336224,0.0,0.0,839.0,27.985323,False,False,False,True,False,False,False,False,False,0.239407807972601,singlet,pbmc3k-capture1,True,
ATGCGATGCTGAGT-1,pbmc3k-capture1,pbmc3k-public-donor,850,2543.0,39.0,1.5336218,0.0,0.0,32.0,1.2583563,0.0,0.0,1046.0,41.132523,False,False,False,True,False,False,False,False,False,0.323153476278936,singlet,pbmc3k-capture1,True,
ATGCGATGGTTACG-1,pbmc3k-capture1,pbmc3k-public-donor,795,2230.0,30.0,1.3452915,0.0,0.0,11.0,0.49327356,0.0,0.0,951.0,42.64574,False,False,False,True,False,False,False,False,False,0.216113280718342,singlet,pbmc3k-capture1,True,
ATGCGCCTTCATTC-1,pbmc3k-capture1,pbmc3k-public-donor,771,2544.0,67.0,2.633648,0.0,0.0,24.0,0.9433962,0.0,0.0,1212.0,47.64151,False,False,False,True,False,False,False,False,False,0.0942504897220679,singlet,pbmc3k-capture1,True,
ATGCTTTGCGAATC-1,pbmc3k-capture1,pbmc3k-public-donor,949,2482.0,73.0,2.9411764,0.0,0.0,24.0,0.96696216,0.0,0.0,879.0,35.41499,False,False,False,True,False,False,False,False,False,0.46248090217859,doublet,pbmc3k-capture1,False,scDblFinder_doublet
ATGCTTTGGGCGAA-1,pbmc3k-capture1,pbmc3k-public-donor,516,1083.0,25.0,2.3084025,0.0,0.0,7.0,0.6463527,0.0,0.0,376.0,34.718372,False,True,False,False,False,False,False,False,False,,not_called_core_qc_fail,pbmc3k-capture1,False,fails_low_umis
ATGCTTTGTAGTCG-1,pbmc3k-capture1,pbmc3k-public-donor,664,1682.0,27.0,1.6052319,0.0,0.0,20.0,1.1890606,0.0,0.0,650.0,38.64447,False,False,False,True,False,False,False,False,False,0.109543715667424,singlet,pbmc3k-capture1,True,
ATGGACACATCGGT-1,pbmc3k-capture1,pbmc3k-public-donor,1001,3094.0,47.0,1.5190692,0.0,0.0,30.0,0.9696187,0.0,0.0,1258.0,40.65934,False,False,False,True,False,False,False,False,False,0.285022313044206,singlet,pbmc3k-capture1,True,
ATGGACACGCATCA-1,pbmc3k-capture1,pbmc3k-public-donor,637,1025.0,28.0,2.7317073,0.0,0.0,3.0,0.29268292,0.0,0.0,151.0,14.731707,False,True,False,False,False,False,False,False,False,,not_called_core_qc_fail,pbmc3k-capture1,False,fails_low_umis
ATGGGTACAACCTG-1,pbmc3k-capture1,pbmc3k-public-donor,619,1348.0,38.0,2.818991,0.0,0.0,18.0,1.3353115,0.0,0.0,423.0,31.379822,False,False,False,True,False,False,False,False,False,0.0317235411402909,singlet,pbmc3k-capture1,True,
ATGGGTACATCGGT-1,pbmc3k-capture1,pbmc3k-public-donor,907,1873.0,31.0,1.6550988,1.0,0.053390283,12.0,0.6406834,0.0,0.0,360.0,19.2205,False,False,False,True,True,False,False,False,False,0.11556465369581,singlet,pbmc3k-capture1,True,
ATGGGTACTATTCC-1,pbmc3k-capture1,pbmc3k-public-donor,961,2244.0,20.0,0.8912656,0.0,0.0,35.0,1.5597148,0.0,0.0,664.0,29.590017,False,False,False,True,False,False,False,False,False,0.258727394998483,singlet,pbmc3k-capture1,True,
ATGGGTACTGGGAG-1,pbmc3k-capture1,pbmc3k-public-donor,812,2458.0,38.0,1.5459723,0.0,0.0,20.0,0.8136696,0.0,0.0,999.0,40.6428,False,False,False,True,False,False,False,False,False,0.161065957067433,singlet,pbmc3k-capture1,True,
ATGTAAACACCTCC-1,pbmc3k-capture1,pbmc3k-public-donor,793,2157.0,38.0,1.761706,0.0,0.0,12.0,0.55632824,0.0,0.0,764.0,35.419567,False,False,False,True,False,False,False,False,False,0.187267876063044,singlet,pbmc3k-capture1,True,
ATGTAAACCCGCTT-1,pbmc3k-capture1,pbmc3k-public-donor,1043,2959.0,40.0,1.3518081,0.0,0.0,34.0,1.1490369,0.0,0.0,1169.0,39.50659,False,False,False,True,False,False,False,False,False,0.3743178061069,singlet,pbmc3k-capture1,True,
ATGTAAACGGGATG-1,pbmc3k-capture1,pbmc3k-public-donor,1343,3961.0,140.0,3.5344608,0.0,0.0,34.0,0.8583691,0.0,0.0,900.0,22.721535,False,False,False,True,False,False,False,False,False,0.218848559399147,singlet,pbmc3k-capture1,True,
ATGTAAACTCTCCG-1,pbmc3k-capture1,pbmc3k-public-donor,1326,4770.0,125.0,2.620545,0.0,0.0,50.0,1.048218,0.0,0.0,1968.0,41.257862,False,False,False,True,False,False,False,False,True,0.455832686800403,doublet,pbmc3k-capture1,False,scDblFinder_doublet
ATGTAAACTTCACT-1,pbmc3k-capture1,pbmc3k-public-donor,981,2707.0,66.0,2.4381232,0.0,0.0,11.0,0.40635386,0.0,0.0,633.0,23.38382,False,False,False,True,False,False,False,False,False,0.239556790201129,singlet,pbmc3k-capture1,True,
ATGTACCTCAGTCA-1,pbmc3k-capture1,pbmc3k-public-donor,675,2078.0,51.0,2.454283,0.0,0.0,2.0,0.09624639,0.0,0.0,975.0,46.920116,False,False,False,True,False,False,False,False,False,0.148432107987858,singlet,pbmc3k-capture1,True,
ATGTACCTTAGTCG-1,pbmc3k-capture1,pbmc3k-public-donor,937,2214.0,9.0,0.40650403,0.0,0.0,26.0,1.174345,0.0,0.0,749.0,33.830173,False,False,False,True,False,False,False,False,False,0.259327060452594,singlet,pbmc3k-capture1,True,
ATGTACCTTTATCC-1,pbmc3k-capture1,pbmc3k-public-donor,631,1536.0,40.0,2.6041665,0.0,0.0,12.0,0.78125,0.0,0.0,358.0,23.307293,False,False,False,True,False,False,False,False,False,0.101375229299686,singlet,pbmc3k-capture1,True,
ATGTACCTTTCACT-1,pbmc3k-capture1,pbmc3k-public-donor,1026,2523.0,41.0,1.6250495,0.0,0.0,25.0,0.9908839,0.0,0.0,748.0,29.647245,False,False,False,True,False,False,False,False,False,0.450172484378402,doublet,pbmc3k-capture1,False,scDblFinder_doublet
ATGTCACTAATGCC-1,pbmc3k-capture1,pbmc3k-public-donor,1135,3558.0,70.0,1.9673973,0.0,0.0,38.0,1.0680158,0.0,0.0,857.0,24.086565,False,False,False,True,False,False,False,False,False,0.257829899679636,singlet,pbmc3k-capture1,True,
ATGTCACTCTGCTC-1,pbmc3k-capture1,pbmc3k-public-donor,499,1016.0,35.0,3.4448817,0.0,0.0,9.0,0.8858268,0.0,0.0,323.0,31.791338,True,True,False,False,False,False,False,False,False,,not_called_core_qc_fail,pbmc3k-capture1,False,fails_low_genes;fails_low_umis
ATGTCGGAGGTGAG-1,pbmc3k-capture1,pbmc3k-public-donor,948,2364.0,44.0,1.8612521,0.0,0.0,56.0,2.3688662,0.0,0.0,714.0,30.203045,False,False,False,True,False,True,False,False,False,0.386004061039976,singlet,pbmc3k-capture1,True,
ATGTTCACAGTCTG-1,pbmc3k-capture1,pbmc3k-public-donor,801,1918.0,38.0,1.9812305,0.0,0.0,10.0,0.52137643,0.0,0.0,401.0,20.907194,False,False,False,True,False,False,False,False,False,0.142022673147458,singlet,pbmc3k-capture1,True,
ATGTTCACCGTAGT-1,pbmc3k-capture1,pbmc3k-public-donor,848,2457.0,70.0,2.8490028,0.0,0.0,9.0,0.36630037,0.0,0.0,920.0,37.44404,False,False,False,True,False,False,False,False,False,0.302196235077271,singlet,pbmc3k-capture1,True,
ATGTTGCTTTCAGG-1,pbmc3k-capture1,pbmc3k-public-donor,741,2016.0,29.0,1.4384921,0.0,0.0,11.0,0.5456349,0.0,0.0,728.0,36.11111,False,False,False,True,False,False,False,False,False,0.175486177000869,singlet,pbmc3k-capture1,True,
ATTAACGATGAGAA-1,pbmc3k-capture1,pbmc3k-public-donor,604,1291.0,53.0,4.105345,0.0,0.0,2.0,0.15491867,0.0,0.0,257.0,19.90705,False,False,False,True,False,False,False,False,False,0.157874762147556,singlet,pbmc3k-capture1,True,
ATTAACGATGCAAC-1,pbmc3k-capture1,pbmc3k-public-donor,864,2026.0,25.0,1.2339586,0.0,0.0,8.0,0.39486676,1.0,0.049358346,611.0,30.157948,False,False,False,True,False,False,True,False,False,0.221674380104696,singlet,pbmc3k-capture1,True,
ATTAAGACTGCAGT-1,pbmc3k-capture1,pbmc3k-public-donor,1076,3366.0,59.0,1.7528223,0.0,0.0,54.0,1.604278,0.0,0.0,1195.0,35.50208,False,False,False,True,False,False,False,False,False,0.307961743290444,singlet,pbmc3k-capture1,True,
ATTACCTGCCTTAT-1,pbmc3k-capture1,pbmc3k-public-donor,1106,3536.0,55.0,1.5554298,0.0,0.0,37.0,1.0463802,0.0,0.0,971.0,27.460407,False,False,False,True,False,False,False,False,False,0.290440924941583,singlet,pbmc3k-capture1,True,
ATTACCTGGAGGAC-1,pbmc3k-capture1,pbmc3k-public-donor,1111,3449.0,34.0,0.985793,0.0,0.0,22.0,0.637866,0.0,0.0,686.0,19.889822,False,False,False,True,False,False,False,False,False,0.102228724480491,singlet,pbmc3k-capture1,True,
ATTACCTGGGCATT-1,pbmc3k-capture1,pbmc3k-public-donor,456,898.0,46.0,5.122494,0.0,0.0,2.0,0.22271715,0.0,0.0,202.0,22.494432,True,True,True,False,False,False,False,False,False,,not_called_core_qc_fail,pbmc3k-capture1,False,fails_low_genes;fails_low_umis;fails_mt
ATTAGATGTTTCAC-1,pbmc3k-capture1,pbmc3k-public-donor,624,2061.0,30.0,1.4556041,0.0,0.0,13.0,0.6307618,0.0,0.0,980.0,47.549732,False,False,False,True,False,False,False,False,False,0.149693013659104,singlet,pbmc3k-capture1,True,
ATTATGGAATCTCT-1,pbmc3k-capture1,pbmc3k-public-donor,1008,2734.0,25.0,0.9144111,0.0,0.0,37.0,1.3533285,0.0,0.0,1015.0,37.12509,False,False,False,True,False,False,False,False,False,0.359808530201502,singlet,pbmc3k-capture1,True,
ATTCAAGAACGGGA-1,pbmc3k-capture1,pbmc3k-public-donor,908,3045.0,66.0,2.1674876,0.0,0.0,29.0,0.952381,0.0,0.0,1434.0,47.093597,False,False,False,True,False,False,False,False,False,0.229189125818586,singlet,pbmc3k-capture1,True,
ATTCAAGACCTTTA-1,pbmc3k-capture1,pbmc3k-public-donor,815,1974.0,42.0,2.1276596,0.0,0.0,17.0,0.86119556,0.0,0.0,680.0,34.447823,False,False,False,True,False,False,False,False,False,0.349392626617783,singlet,pbmc3k-capture1,True,
ATTCAGCTCATTGG-1,pbmc3k-capture1,pbmc3k-public-donor,346,917.0,27.0,2.9443839,0.0,0.0,3.0,0.32715377,0.0,0.0,46.0,5.016358,True,True,False,False,False,False,False,False,False,,not_called_core_qc_fail,pbmc3k-capture1,False,fails_low_genes;fails_low_umis
ATTCCAACCATTGG-1,pbmc3k-capture1,pbmc3k-public-donor,1062,2895.0,92.0,3.1778927,0.0,0.0,23.0,0.7944732,0.0,0.0,591.0,20.414507,False,False,False,True,False,False,False,False,False,0.247946767779096,singlet,pbmc3k-capture1,True,
ATTCCAACTTAGGC-1,pbmc3k-capture1,pbmc3k-public-donor,803,1898.0,44.0,2.3182297,0.0,0.0,36.0,1.8967334,0.0,0.0,490.0,25.816648,False,False,False,True,False,False,False,False,False,0.21571821458281,singlet,pbmc3k-capture1,True,
ATTCGACTCACTAG-1,pbmc3k-capture1,pbmc3k-public-donor,749,1771.0,26.0,1.4680971,0.0,0.0,15.0,0.84697914,0.0,0.0,473.0,26.708075,False,False,False,True,False,False,False,False,False,0.194539404089354,singlet,pbmc3k-capture1,True,
ATTCGACTGAATAG-1,pbmc3k-capture1,pbmc3k-public-donor,779,2064.0,38.0,1.8410852,0.0,0.0,26.0,1.2596899,0.0,0.0,436.0,21.124031,False,False,False,True,False,False,False,False,False,0.100840539211889,singlet,pbmc3k-capture1,True,
ATTCGACTTTTGTC-1,pbmc3k-capture1,pbmc3k-public-donor,1027,2617.0,63.0,2.4073367,0.0,0.0,34.0,1.2991976,0.0,0.0,339.0,12.953764,False,False,False,True,False,False,False,False,False,0.0676023790865549,singlet,pbmc3k-capture1,True,
ATTCGGGAAAGGCG-1,pbmc3k-capture1,pbmc3k-public-donor,1032,2999.0,60.0,2.0006669,0.0,0.0,19.0,0.6335445,0.0,0.0,907.0,30.243414,False,False,False,True,False,False,False,False,False,0.436351181157957,singlet,pbmc3k-capture1,True,
ATTCGGGATTAGGC-1,pbmc3k-capture1,pbmc3k-public-donor,1040,3252.0,23.0,0.7072571,0.0,0.0,30.0,0.9225092,0.0,0.0,1281.0,39.391144,False,False,False,True,False,False,False,False,False,0.403264105789565,singlet,pbmc3k-capture1,True,
ATTCTTCTGATACC-1,pbmc3k-capture1,pbmc3k-public-donor,654,1722.0,35.0,2.0325203,0.0,0.0,21.0,1.2195121,0.0,0.0,648.0,37.63066,False,False,False,True,False,False,False,False,False,0.242555936294892,singlet,pbmc3k-capture1,True,
ATTGAATGGACGGA-1,pbmc3k-capture1,pbmc3k-public-donor,631,1530.0,40.0,2.6143792,0.0,0.0,10.0,0.6535948,0.0,0.0,658.0,43.006535,False,False,False,True,False,False,False,False,False,0.17321217938634,singlet,pbmc3k-capture1,True,
ATTGATGAAGGTTC-1,pbmc3k-capture1,pbmc3k-public-donor,755,2344.0,58.0,2.474403,0.0,0.0,35.0,1.4931741,0.0,0.0,1064.0,45.392494,False,False,False,True,False,False,False,False,False,0.103061300638244,singlet,pbmc3k-capture1,True,
ATTGATGACTGAGT-1,pbmc3k-capture1,pbmc3k-public-donor,854,2793.0,39.0,1.396348,0.0,0.0,72.0,2.5778732,0.0,0.0,1138.0,40.74472,False,False,False,True,False,True,False,False,False,0.334451256741886,singlet,pbmc3k-capture1,True,
ATTGATGAGCGAAG-1,pbmc3k-capture1,pbmc3k-public-donor,850,2290.0,36.0,1.5720524,0.0,0.0,37.0,1.6157206,0.0,0.0,744.0,32.489082,False,False,False,True,False,False,False,False,False,0.190383524846614,singlet,pbmc3k-capture1,True,
ATTGATGATCTATC-1,pbmc3k-capture1,pbmc3k-public-donor,798,2248.0,51.0,2.2686834,0.0,0.0,26.0,1.1565837,0.0,0.0,909.0,40.435944,False,False,False,True,False,False,False,False,False,0.227267094031509,singlet,pbmc3k-capture1,True,
ATTGCACTGACGGA-1,pbmc3k-capture1,pbmc3k-public-donor,864,3065.0,66.0,2.1533442,0.0,0.0,29.0,0.9461664,4.0,0.13050571,1379.0,44.99184,False,False,False,True,False,False,True,False,False,0.119064621313798,singlet,pbmc3k-capture1,True,
ATTGCACTGAGAGC-1,pbmc3k-capture1,pbmc3k-public-donor,1078,2965.0,51.0,1.7200675,0.0,0.0,15.0,0.5059022,0.0,0.0,688.0,23.204046,False,False,False,True,False,False,False,False,False,0.225011669820367,singlet,pbmc3k-capture1,True,
ATTGCACTGGAGCA-1,pbmc3k-capture1,pbmc3k-public-donor,690,1621.0,42.0,2.5909932,0.0,0.0,25.0,1.5422579,0.0,0.0,285.0,17.58174,False,False,False,True,False,False,False,False,False,0.151191202016666,singlet,pbmc3k-capture1,True,
ATTGCACTTAGCCA-1,pbmc3k-capture1,pbmc3k-public-donor,864,2393.0,21.0,0.87755954,0.0,0.0,11.0,0.45967406,0.0,0.0,1048.0,43.7944,False,False,False,True,False,False,False,False,False,0.22898362794884,singlet,pbmc3k-capture1,True,
ATTGCACTTGCTTT-1,pbmc3k-capture1,pbmc3k-public-donor,1523,4892.0,108.0,2.207686,0.0,0.0,30.0,0.6132461,0.0,0.0,776.0,15.862634,False,False,False,True,False,False,False,False,True,0.256837595046292,singlet,pbmc3k-capture1,True,
ATTGCTTGTTACTC-1,pbmc3k-capture1,pbmc3k-public-donor,838,2439.0,46.0,1.8860189,0.0,0.0,18.0,0.73800737,1.0,0.04100041,1025.0,42.02542,False,False,False,True,False,False,True,False,False,0.198123230293327,singlet,pbmc3k-capture1,True,
ATTGGTCTGACTAC-1,pbmc3k-capture1,pbmc3k-public-donor,966,2507.0,57.0,2.273634,0.0,0.0,40.0,1.5955325,0.0,0.0,653.0,26.04707,False,False,False,True,False,False,False,False,False,0.259889789453333,singlet,pbmc3k-capture1,True,
ATTGGTCTTGTCTT-1,pbmc3k-capture1,pbmc3k-public-donor,389,752.0,10.0,1.3297873,0.0,0.0,5.0,0.6648936,0.0,0.0,263.0,34.973404,True,True,False,False,False,False,False,False,False,,not_called_core_qc_fail,pbmc3k-capture1,False,fails_low_genes;fails_low_umis
ATTGTAGATTCCCG-1,pbmc3k-capture1,pbmc3k-public-donor,1654,5503.0,127.0,2.307832,0.0,0.0,22.0,0.39978194,0.0,0.0,1318.0,23.950573,False,False,False,True,False,False,False,False,True,0.261112197362551,singlet,pbmc3k-capture1,True,
ATTGTAGATTGCAG-1,pbmc3k-capture1,pbmc3k-public-donor,808,2589.0,72.0,2.7809966,0.0,0.0,32.0,1.2359984,0.0,0.0,1167.0,45.075317,False,False,False,True,False,False,False,False,False,0.305030620670117,singlet,pbmc3k-capture1,True,
ATTGTCTGCGTACA-1,pbmc3k-capture1,pbmc3k-public-donor,885,2317.0,44.0,1.8990073,0.0,0.0,25.0,1.0789814,0.0,0.0,893.0,38.541214,False,False,False,True,False,False,False,False,False,0.352119993733248,singlet,pbmc3k-capture1,True,
ATTTAGGAACCATG-1,pbmc3k-capture1,pbmc3k-public-donor,1665,5680.0,162.0,2.8521125,0.0,0.0,16.0,0.28169012,0.0,0.0,1066.0,18.767605,False,False,False,True,False,False,False,False,True,0.219121145336807,singlet,pbmc3k-capture1,True,
ATTTAGGACAGAGG-1,pbmc3k-capture1,pbmc3k-public-donor,920,2435.0,26.0,1.0677618,0.0,0.0,38.0,1.560575,1.0,0.041067764,779.0,31.991785,False,False,False,True,False,False,True,False,False,0.396418411699252,singlet,pbmc3k-capture1,True,
ATTTCCGAGATGAA-1,pbmc3k-capture1,pbmc3k-public-donor,855,2449.0,111.0,4.532462,0.0,0.0,11.0,0.4491629,0.0,0.0,981.0,40.057167,False,False,False,True,False,False,False,False,False,0.217415883038599,singlet,pbmc3k-capture1,True,
ATTTCCGAGTGCTA-1,pbmc3k-capture1,pbmc3k-public-donor,807,1908.0,57.0,2.9874213,0.0,0.0,31.0,1.6247379,0.0,0.0,599.0,31.39413,False,False,False,True,False,False,False,False,False,0.261670345166316,singlet,pbmc3k-capture1,True,
ATTTCGTGTATGGC-1,pbmc3k-capture1,pbmc3k-public-donor,859,2244.0,47.0,2.094474,0.0,0.0,12.0,0.53475934,0.0,0.0,679.0,30.258469,False,False,False,True,False,False,False,False,False,0.329320122875989,singlet,pbmc3k-capture1,True,
ATTTCTCTACTTTC-1,pbmc3k-capture1,pbmc3k-public-donor,1276,4151.0,119.0,2.866779,0.0,0.0,27.0,0.6504457,0.0,0.0,894.0,21.53698,False,False,False,True,False,False,False,False,False,0.109748520892788,singlet,pbmc3k-capture1,True,
ATTTCTCTAGCAAA-1,pbmc3k-capture1,pbmc3k-public-donor,987,2441.0,33.0,1.351905,0.0,0.0,13.0,0.53256863,0.0,0.0,601.0,24.621058,False,False,False,True,False,False,False,False,False,0.285766305659955,singlet,pbmc3k-capture1,True,
ATTTCTCTCACTTT-1,pbmc3k-capture1,pbmc3k-public-donor,1079,3223.0,66.0,2.0477817,0.0,0.0,25.0,0.7756748,0.0,0.0,681.0,21.129383,False,False,False,True,False,False,False,False,False,0.264792497222251,singlet,pbmc3k-capture1,True,
ATTTCTCTTCCCAC-1,pbmc3k-capture1,pbmc3k-public-donor,678,1974.0,27.0,1.3677812,0.0,0.0,17.0,0.86119556,0.0,0.0,913.0,46.251266,False,False,False,True,False,False,False,False,False,0.12622191877002,singlet,pbmc3k-capture1,True,
ATTTGCACAAGATG-1,pbmc3k-capture1,pbmc3k-public-donor,626,1525.0,64.0,4.196721,0.0,0.0,17.0,1.1147541,0.0,0.0,444.0,29.114754,False,False,False,True,False,False,False,False,False,0.0795266600135017,singlet,pbmc3k-capture1,True,
CAAAGCACAGCTCA-1,pbmc3k-capture1,pbmc3k-public-donor,831,2393.0,32.0,1.3372335,0.0,0.0,31.0,1.295445,0.0,0.0,1010.0,42.206436,False,False,False,True,False,False,False,False,False,0.435707989619579,singlet,pbmc3k-capture1,True,
CAAAGCACCGTAAC-1,pbmc3k-capture1,pbmc3k-public-donor,829,2347.0,42.0,1.7895185,0.0,0.0,14.0,0.5965062,0.0,0.0,824.0,35.10865,False,False,False,True,False,False,False,False,False,0.164533184866411,singlet,pbmc3k-capture1,True,
CAAAGCACGGTAAA-1,pbmc3k-capture1,pbmc3k-public-donor,1009,2138.0,30.0,1.4031805,0.0,0.0,6.0,0.2806361,0.0,0.0,341.0,15.949486,False,False,False,True,False,False,False,False,False,0.369933558161658,singlet,pbmc3k-capture1,True,
CAAAGCTGAAAGTG-1,pbmc3k-capture1,pbmc3k-public-donor,547,1234.0,39.0,3.160454,0.0,0.0,6.0,0.48622367,0.0,0.0,377.0,30.551052,False,False,False,True,False,False,False,False,False,0.176483319172828,singlet,pbmc3k-capture1,True,
CAAAGCTGTTGCTT-1,pbmc3k-capture1,pbmc3k-public-donor,893,2486.0,59.0,2.3732905,0.0,0.0,39.0,1.5687851,0.0,0.0,654.0,26.30732,False,False,False,True,False,False,False,False,False,0.151428730664996,singlet,pbmc3k-capture1,True,
CAAATATGTGACAC-1,pbmc3k-capture1,pbmc3k-public-donor,722,2407.0,57.0,2.368093,0.0,0.0,20.0,0.8309099,0.0,0.0,1154.0,47.943497,False,False,False,True,False,False,False,False,False,0.112575141550132,singlet,pbmc3k-capture1,True,
CAAATTGAGGGCAA-1,pbmc3k-capture1,pbmc3k-public-donor,656,1988.0,39.0,1.9617707,0.0,0.0,38.0,1.9114687,0.0,0.0,779.0,39.18511,False,False,False,True,False,True,False,False,False,0.181360330876665,singlet,pbmc3k-capture1,True,
CAAATTGATGGAGG-1,pbmc3k-capture1,pbmc3k-public-donor,415,846.0,33.0,3.9007094,0.0,0.0,14.0,1.6548464,0.0,0.0,146.0,17.257683,True,True,False,False,False,False,False,False,False,,not_called_core_qc_fail,pbmc3k-capture1,False,fails_low_genes;fails_low_umis
CAACCAGAAAAGTG-1,pbmc3k-capture1,pbmc3k-public-donor,773,2237.0,56.0,2.5033526,0.0,0.0,36.0,1.6092982,0.0,0.0,867.0,38.757263,False,False,False,True,False,False,False,False,False,0.175519381810527,singlet,pbmc3k-capture1,True,
CAACCAGAAGTGCT-1,pbmc3k-capture1,pbmc3k-public-donor,1262,4328.0,111.0,2.564695,0.0,0.0,20.0,0.4621072,0.0,0.0,1731.0,39.995377,False,False,False,True,False,False,False,False,False,0.382706194730209,singlet,pbmc3k-capture1,True,
CAACCAGAGTTCAG-1,pbmc3k-capture1,pbmc3k-public-donor,1218,3776.0,109.0,2.8866525,0.0,0.0,35.0,0.9269068,0.0,0.0,856.0,22.66949,False,False,False,True,False,False,False,False,False,0.259967873886206,singlet,pbmc3k-capture1,True,
CAACCAGATAGAAG-1,pbmc3k-capture1,pbmc3k-public-donor,365,739.0,14.0,1.8944521,0.0,0.0,5.0,0.67658997,0.0,0.0,191.0,25.845736,True,True,False,False,False,False,False,False,False,,not_called_core_qc_fail,pbmc3k-capture1,False,fails_low_genes;fails_low_umis
CAACCGCTGTTCAG-1,pbmc3k-capture1,pbmc3k-public-donor,661,1991.0,71.0,3.5660472,0.0,0.0,8.0,0.40180814,0.0,0.0,838.0,42.0894,False,False,False,True,False,False,False,False,False,0.128355246252024,singlet,pbmc3k-capture1,True,
CAACCGCTTTGAGC-1,pbmc3k-capture1,pbmc3k-public-donor,805,2299.0,55.0,2.3923445,0.0,0.0,7.0,0.3044802,0.0,0.0,903.0,39.277946,False,False,False,True,False,False,False,False,False,0.230376321451438,singlet,pbmc3k-capture1,True,
CAACGATGCGCAAT-1,pbmc3k-capture1,pbmc3k-public-donor,1409,4519.0,93.0,2.0579774,0.0,0.0,54.0,1.1949546,0.0,0.0,885.0,19.583979,False,False,False,True,False,False,False,False,True,0.242949078781858,singlet,pbmc3k-capture1,True,
CAACGTGACTCCAC-1,pbmc3k-capture1,pbmc3k-public-donor,1094,2999.0,88.0,2.9343116,0.0,0.0,24.0,0.80026674,0.0,0.0,733.0,24.44148,False,False,False,True,False,False,False,False,False,0.184758759493561,singlet,pbmc3k-capture1,True,
CAACGTGAGCCATA-1,pbmc3k-capture1,pbmc3k-public-donor,779,1667.0,21.0,1.2597481,0.0,0.0,3.0,0.179964,0.0,0.0,383.0,22.975405,False,False,False,True,False,False,False,False,False,0.147105497118816,singlet,pbmc3k-capture1,True,
CAACGTGATCAAGC-1,pbmc3k-capture1,pbmc3k-public-donor,898,2365.0,52.0,2.1987314,0.0,0.0,20.0,0.84566593,0.0,0.0,479.0,20.2537,False,False,False,True,False,False,False,False,False,0.208744043714776,singlet,pbmc3k-capture1,True,
CAAGAAGACCACAA-1,pbmc3k-capture1,pbmc3k-public-donor,830,2021.0,73.0,3.6120732,0.0,0.0,38.0,1.8802574,0.0,0.0,516.0,25.531916,False,False,False,True,False,False,False,False,False,0.291638044811774,singlet,pbmc3k-capture1,True,
CAAGAAGACGTCTC-1,pbmc3k-capture1,pbmc3k-public-donor,1242,3488.0,83.0,2.3795872,0.0,0.0,47.0,1.3474771,0.0,0.0,809.0,23.193808,False,False,False,True,False,False,False,False,False,0.190714800588144,singlet,pbmc3k-capture1,True,
CAAGAAGATTCTAC-1,pbmc3k-capture1,pbmc3k-public-donor,864,2810.0,36.0,1.2811388,0.0,0.0,28.0,0.9964413,0.0,0.0,1239.0,44.092525,False,False,False,True,False,False,False,False,False,0.127444815371247,singlet,pbmc3k-capture1,True,
CAAGACTGACCTGA-1,pbmc3k-capture1,pbmc3k-public-donor,576,1669.0,32.0,1.9173158,0.0,0.0,4.0,0.23966448,0.0,0.0,744.0,44.57759,False,False,False,True,False,False,False,False,False,0.0401317917646656,singlet,pbmc3k-capture1,True,
CAAGACTGAGTAGA-1,pbmc3k-capture1,pbmc3k-public-donor,901,2612.0,47.0,1.7993875,0.0,0.0,15.0,0.5742726,0.0,0.0,1037.0,39.701378,False,False,False,True,False,False,False,False,False,0.138497590161242,singlet,pbmc3k-capture1,True,
CAAGCTGACCATAG-1,pbmc3k-capture1,pbmc3k-public-donor,1274,3773.0,108.0,2.8624437,0.0,0.0,31.0,0.8216274,0.0,0.0,799.0,21.176783,False,False,False,True,False,False,False,False,False,0.184101340461228,singlet,pbmc3k-capture1,True,
CAAGCTGATCTATC-1,pbmc3k-capture1,pbmc3k-public-donor,852,1960.0,17.0,0.86734694,0.0,0.0,4.0,0.20408162,0.0,0.0,439.0,22.397959,False,False,False,True,False,False,False,False,False,0.294116166534185,singlet,pbmc3k-capture1,True,
CAAGGACTGTTCAG-1,pbmc3k-capture1,pbmc3k-public-donor,1006,3133.0,74.0,2.3619535,0.0,0.0,9.0,0.28726462,0.0,0.0,1326.0,42.32365,False,False,False,True,False,False,False,False,False,0.396046598455684,singlet,pbmc3k-capture1,True,
CAAGGACTTCTTTG-1,pbmc3k-capture1,pbmc3k-public-donor,719,1688.0,59.0,3.4952607,0.0,0.0,24.0,1.4218009,0.0,0.0,551.0,32.64218,False,False,False,True,False,False,False,False,False,0.126762725228327,singlet,pbmc3k-capture1,True,
CAAGGTTGCTCCAC-1,pbmc3k-capture1,pbmc3k-public-donor,763,1896.0,33.0,1.7405063,0.0,0.0,2.0,0.10548523,1.0,0.052742615,617.0,32.542194,False,False,False,True,False,False,True,False,False,0.223692063312078,singlet,pbmc3k-capture1,True,
CAAGGTTGTCATTC-1,pbmc3k-capture1,pbmc3k-public-donor,683,1868.0,61.0,3.2655246,0.0,0.0,2.0,0.10706638,1.0,0.05353319,764.0,40.899357,False,False,False,True,False,False,True,False,False,0.0902335176577832,singlet,pbmc3k-capture1,True,
CAAGGTTGTCTGGA-1,pbmc3k-capture1,pbmc3k-public-donor,957,2040.0,39.0,1.9117647,0.0,0.0,22.0,1.0784314,0.0,0.0,355.0,17.40196,False,False,False,True,False,False,False,False,False,0.0961821221603323,singlet,pbmc3k-capture1,True,
CAAGTCGAAACAGA-1,pbmc3k-capture1,pbmc3k-public-donor,831,2294.0,109.0,4.751526,0.0,0.0,14.0,0.6102877,1.0,0.04359198,834.0,36.35571,False,False,False,True,False,False,True,False,False,0.145706265369325,singlet,pbmc3k-capture1,True,
CAAGTCGATAGCGT-1,pbmc3k-capture1,pbmc3k-public-donor,724,1724.0,58.0,3.364269,0.0,0.0,22.0,1.2761021,0.0,0.0,386.0,22.389791,False,False,False,True,False,False,False,False,False,0.212858391895451,singlet,pbmc3k-capture1,True,
CAATAAACGCCATA-1,pbmc3k-capture1,pbmc3k-public-donor,354,829.0,29.0,3.4981906,0.0,0.0,8.0,0.9650181,0.0,0.0,180.0,21.712906,True,True,False,False,False,False,False,False,False,,not_called_core_qc_fail,pbmc3k-capture1,False,fails_low_genes;fails_low_umis
CAATAATGAACTGC-1,pbmc3k-capture1,pbmc3k-public-donor,763,2255.0,70.0,3.1042128,0.0,0.0,19.0,0.8425721,0.0,0.0,679.0,30.110867,False,False,False,True,False,False,False,False,False,0.0746015895043753,singlet,pbmc3k-capture1,True,
CAATATGACATGGT-1,pbmc3k-capture1,pbmc3k-public-donor,910,2766.0,75.0,2.7114966,0.0,0.0,40.0,1.4461316,0.0,0.0,1101.0,39.80477,False,False,False,True,False,False,False,False,False,0.254595371941132,singlet,pbmc3k-capture1,True,
CAATATGACCTTCG-1,pbmc3k-capture1,pbmc3k-public-donor,749,1878.0,34.0,1.8104367,0.0,0.0,2.0,0.106496274,0.0,0.0,523.0,27.848774,False,False,False,True,False,False,False,False,False,0.177235739780034,singlet,pbmc3k-capture1,True,
CAATATGACGTTAG-1,pbmc3k-capture1,pbmc3k-public-donor,626,1691.0,55.0,3.2525134,0.0,0.0,24.0,1.4192785,1.0,0.059136603,664.0,39.266705,False,False,False,True,False,False,True,False,False,0.0777718309979776,singlet,pbmc3k-capture1,True,
CAATATGAGGAGCA-1,pbmc3k-capture1,pbmc3k-public-donor,870,3037.0,39.0,1.284162,0.0,0.0,21.0,0.6914719,0.0,0.0,1335.0,43.957855,False,False,False,True,False,False,False,False,False,0.235540746724324,singlet,pbmc3k-capture1,True,
CAATCGGAGAAACA-1,pbmc3k-capture1,pbmc3k-public-donor,795,2630.0,30.0,1.1406845,0.0,0.0,27.0,1.026616,0.0,0.0,1154.0,43.878326,False,False,False,True,False,False,False,False,False,0.254557611283278,singlet,pbmc3k-capture1,True,
CAATCTACTGACTG-1,pbmc3k-capture1,pbmc3k-public-donor,1078,2744.0,53.0,1.9314868,0.0,0.0,10.0,0.36443147,1.0,0.03644315,535.0,19.497086,False,False,False,True,False,False,True,False,False,0.275982474172293,singlet,pbmc3k-capture1,True,
CAATTCACCCAACA-1,pbmc3k-capture1,pbmc3k-public-donor,736,1845.0,56.0,3.0352304,0.0,0.0,5.0,0.2710027,0.0,0.0,584.0,31.653114,False,False,False,True,False,False,False,False,False,0.152833160562911,singlet,pbmc3k-capture1,True,
CAATTCACGATAGA-1,pbmc3k-capture1,pbmc3k-public-donor,835,2479.0,39.0,1.573215,0.0,0.0,25.0,1.0084713,1.0,0.040338848,1096.0,44.211376,False,False,False,True,False,False,True,False,False,0.349700050940083,singlet,pbmc3k-capture1,True,
CAATTCACTTGTGG-1,pbmc3k-capture1,pbmc3k-public-donor,402,1032.0,18.0,1.7441862,0.0,0.0,5.0,0.48449612,1.0,0.09689923,483.0,46.802326,True,True,False,False,False,False,True,False,False,,not_called_core_qc_fail,pbmc3k-capture1,False,fails_low_genes;fails_low_umis
CAATTCTGCTTGTT-1,pbmc3k-capture1,pbmc3k-public-donor,1203,3343.0,77.0,2.3033204,0.0,0.0,23.0,0.6880048,0.0,0.0,824.0,24.64852,False,False,False,True,False,False,False,False,False,0.391859460822546,singlet,pbmc3k-capture1,True,
CAATTCTGGCGTAT-1,pbmc3k-capture1,pbmc3k-public-donor,699,1684.0,63.0,3.7410927,0.0,0.0,11.0,0.65320665,0.0,0.0,305.0,18.111639,False,False,False,True,False,False,False,False,False,0.0844736018441006,singlet,pbmc3k-capture1,True,
CACAACGATACGAC-1,pbmc3k-capture1,pbmc3k-public-donor,755,2405.0,69.0,2.8690228,0.0,0.0,34.0,1.4137214,0.0,0.0,1146.0,47.650726,False,False,False,True,False,False,False,False,False,0.206428648826703,singlet,pbmc3k-capture1,True,
CACAATCTTGTTCT-1,pbmc3k-capture1,pbmc3k-public-donor,697,1547.0,30.0,1.9392374,0.0,0.0,44.0,2.8442147,0.0,0.0,473.0,30.575308,False,False,False,True,False,True,False,False,False,0.232017086793274,singlet,pbmc3k-capture1,True,
CACAATCTTTCCAT-1,pbmc3k-capture1,pbmc3k-public-donor,1229,3853.0,98.0,2.5434728,0.0,0.0,14.0,0.36335322,0.0,0.0,1536.0,39.86504,False,False,False,True,False,False,False,False,False,0.494918420753682,doublet,pbmc3k-capture1,False,scDblFinder_doublet
CACACCTGCTTGAG-1,pbmc3k-capture1,pbmc3k-public-donor,637,1594.0,16.0,1.0037642,0.0,0.0,14.0,0.87829363,0.0,0.0,640.0,40.150566,False,False,False,True,False,False,False,False,False,0.222537218141619,singlet,pbmc3k-capture1,True,
CACACCTGTATGGC-1,pbmc3k-capture1,pbmc3k-public-donor,666,1875.0,89.0,4.7466664,0.0,0.0,10.0,0.5333333,0.0,0.0,788.0,42.026665,False,False,False,True,False,False,False,False,False,0.167160797020786,singlet,pbmc3k-capture1,True,
CACAGAACCCTTGC-1,pbmc3k-capture1,pbmc3k-public-donor,846,2019.0,61.0,3.0212977,0.0,0.0,14.0,0.6934126,0.0,0.0,594.0,29.420504,False,False,False,True,False,False,False,False,False,0.423234464666832,singlet,pbmc3k-capture1,True,
CACAGAACCTGATG-1,pbmc3k-capture1,pbmc3k-public-donor,1036,2838.0,110.0,3.875969,0.0,0.0,43.0,1.5151515,1.0,0.03523608,977.0,34.42565,False,False,False,True,False,False,True,False,False,0.315610932456696,singlet,pbmc3k-capture1,True,
CACAGATGGGATTC-1,pbmc3k-capture1,pbmc3k-public-donor,1027,3230.0,64.0,1.9814242,0.0,0.0,43.0,1.3312694,0.0,0.0,1385.0,42.879257,False,False,False,True,False,False,False,False,False,0.418264472862286,singlet,pbmc3k-capture1,True,
CACAGATGGTTTCT-1,pbmc3k-capture1,pbmc3k-public-donor,831,2090.0,32.0,1.5311005,0.0,0.0,10.0,0.4784689,0.0,0.0,426.0,20.382776,False,False,False,True,False,False,False,False,False,0.21278683000552,singlet,pbmc3k-capture1,True,
CACAGCCTGATACC-1,pbmc3k-capture1,pbmc3k-public-donor,999,2831.0,72.0,2.543271,0.0,0.0,61.0,2.1547158,1.0,0.03532321,916.0,32.356056,False,False,False,True,False,True,True,False,False,0.376044464517418,singlet,pbmc3k-capture1,True,
CACAGCCTTGCCAA-1,pbmc3k-capture1,pbmc3k-public-donor,942,2294.0,67.0,2.9206626,0.0,0.0,21.0,0.9154316,1.0,0.04359198,356.0,15.518744,False,False,False,True,False,False,True,False,False,0.175459791517409,singlet,pbmc3k-capture1,True,
CACAGCCTTGTAGC-1,pbmc3k-capture1,pbmc3k-public-donor,891,2555.0,37.0,1.448141,0.0,0.0,26.0,1.0176125,0.0,0.0,988.0,38.669277,False,False,False,True,False,False,False,False,False,0.35140307669282,singlet,pbmc3k-capture1,True,
CACAGTGATGAAGA-1,pbmc3k-capture1,pbmc3k-public-donor,1007,3016.0,83.0,2.7519894,0.0,0.0,32.0,1.061008,0.0,0.0,719.0,23.839523,False,False,False,True,False,False,False,False,False,0.166947534114057,singlet,pbmc3k-capture1,True,
CACATACTACAGCT-1,pbmc3k-capture1,pbmc3k-public-donor,712,1854.0,29.0,1.5641855,0.0,0.0,2.0,0.10787486,0.0,0.0,589.0,31.769148,False,False,False,True,False,False,False,False,False,0.175524407189906,singlet,pbmc3k-capture1,True,
CACATGGAACACGT-1,pbmc3k-capture1,pbmc3k-public-donor,990,2962.0,37.0,1.249156,0.0,0.0,35.0,1.1816341,0.0,0.0,1350.0,45.577312,False,False,False,True,False,False,False,False,False,0.366208665355798,singlet,pbmc3k-capture1,True,
CACATGGAAGTCGT-1,pbmc3k-capture1,pbmc3k-public-donor,725,2453.0,60.0,2.4459844,0.0,0.0,21.0,0.8560946,0.0,0.0,1160.0,47.289036,False,False,False,True,False,False,False,False,False,0.0962090140263356,singlet,pbmc3k-capture1,True,
CACCACTGCCAACA-1,pbmc3k-capture1,pbmc3k-public-donor,745,2259.0,47.0,2.0805666,0.0,0.0,32.0,1.416556,0.0,0.0,975.0,43.16069,False,False,False,True,False,False,False,False,False,0.191795087752615,singlet,pbmc3k-capture1,True,
CACCACTGGCGAAG-1,pbmc3k-capture1,pbmc3k-public-donor,921,2221.0,32.0,1.4407924,0.0,0.0,6.0,0.27014858,0.0,0.0,683.0,30.751913,False,False,False,True,False,False,False,False,False,0.527707604596439,doublet,pbmc3k-capture1,False,scDblFinder_doublet
CACCCATGTTCTGT-1,pbmc3k-capture1,pbmc3k-public-donor,333,561.0,25.0,4.456328,0.0,0.0,1.0,0.17825311,0.0,0.0,154.0,27.450981,True,True,False,False,False,False,False,False,False,,not_called_core_qc_fail,pbmc3k-capture1,False,fails_low_genes;fails_low_umis
CACCGGGAATCGAC-1,pbmc3k-capture1,pbmc3k-public-donor,1042,2879.0,32.0,1.111497,0.0,0.0,20.0,0.69468564,0.0,0.0,1080.0,37.513027,False,False,False,True,False,False,False,False,False,0.410196771541578,singlet,pbmc3k-capture1,True,
CACCGGGACGAGAG-1,pbmc3k-capture1,pbmc3k-public-donor,895,2588.0,53.0,2.0479136,0.0,0.0,2.0,0.07727975,0.0,0.0,836.0,32.302937,False,False,False,True,False,False,False,False,False,0.213317912064812,singlet,pbmc3k-capture1,True,
CACCGGGACGTGTA-1,pbmc3k-capture1,pbmc3k-public-donor,873,3096.0,56.0,1.8087854,0.0,0.0,29.0,0.9366925,0.0,0.0,1496.0,48.32041,False,False,False,True,False,False,False,False,False,0.368718664405233,singlet,pbmc3k-capture1,True,
CACCGGGACTTCTA-1,pbmc3k-capture1,pbmc3k-public-donor,1612,4297.0,176.0,4.0958805,0.0,0.0,9.0,0.20944846,0.0,0.0,678.0,15.778451,False,False,False,True,False,False,False,False,False,0.506509708168773,doublet,pbmc3k-capture1,False,scDblFinder_doublet
CACCGGGACTTGCC-1,pbmc3k-capture1,pbmc3k-public-donor,724,1792.0,89.0,4.966518,0.0,0.0,18.0,1.0044643,0.0,0.0,608.0,33.92857,False,False,False,True,False,False,False,False,False,0.2081719614349,singlet,pbmc3k-capture1,True,
CACCGGGATTCGGA-1,pbmc3k-capture1,pbmc3k-public-donor,929,2329.0,84.0,3.6066983,0.0,0.0,10.0,0.42936882,0.0,0.0,682.0,29.282955,False,False,False,True,False,False,False,False,False,0.239892853618729,singlet,pbmc3k-capture1,True,
CACCGTACTAAGGA-1,pbmc3k-capture1,pbmc3k-public-donor,601,1657.0,41.0,2.4743512,0.0,0.0,17.0,1.0259506,1.0,0.06035003,616.0,37.17562,False,False,False,True,False,False,True,False,False,0.0491392443807832,singlet,pbmc3k-capture1,True,
CACCGTACTAGCGT-1,pbmc3k-capture1,pbmc3k-public-donor,862,2715.0,57.0,2.0994475,0.0,0.0,22.0,0.81031305,0.0,0.0,1194.0,43.9779,False,False,False,True,False,False,False,False,False,0.208227724482369,singlet,pbmc3k-capture1,True,
CACCTGACACCCAA-1,pbmc3k-capture1,pbmc3k-public-donor,908,2229.0,41.0,1.8393898,0.0,0.0,18.0,0.807537,0.0,0.0,685.0,30.73127,False,False,False,True,False,False,False,False,False,0.286703165701003,singlet,pbmc3k-capture1,True,
CACCTGACCAGAAA-1,pbmc3k-capture1,pbmc3k-public-donor,658,1695.0,37.0,2.182891,0.0,0.0,6.0,0.3539823,0.0,0.0,628.0,37.050148,False,False,False,True,False,False,False,False,False,0.135584231356805,singlet,pbmc3k-capture1,True,
CACCTGACCTCAAG-1,pbmc3k-capture1,pbmc3k-public-donor,775,1929.0,41.0,2.1254535,0.0,0.0,11.0,0.57024366,0.0,0.0,597.0,30.948677,False,False,False,True,False,False,False,False,False,0.265066276325198,singlet,pbmc3k-capture1,True,
CACCTGACGAAAGT-1,pbmc3k-capture1,pbmc3k-public-donor,724,1807.0,24.0,1.3281683,0.0,0.0,18.0,0.9961261,0.0,0.0,735.0,40.67515,False,False,False,True,False,False,False,False,False,0.134831125847731,singlet,pbmc3k-capture1,True,
CACCTGACTCGTAG-1,pbmc3k-capture1,pbmc3k-public-donor,753,2118.0,56.0,2.6440036,0.0,0.0,31.0,1.463645,0.0,0.0,827.0,39.04627,False,False,False,True,False,False,False,False,False,0.274866692764869,singlet,pbmc3k-capture1,True,
CACGAAACTTCCGC-1,pbmc3k-capture1,pbmc3k-public-donor,741,2111.0,36.0,1.705353,0.0,0.0,26.0,1.2316438,0.0,0.0,914.0,43.297016,False,False,False,True,False,False,False,False,False,0.103091228686231,singlet,pbmc3k-capture1,True,
CACGACCTCGATAC-1,pbmc3k-capture1,pbmc3k-public-donor,690,1766.0,38.0,2.1517553,0.0,0.0,13.0,0.73612684,0.0,0.0,705.0,39.920723,False,False,False,True,False,False,False,False,False,0.0535591802709788,singlet,pbmc3k-capture1,True,
CACGCTACAGAAGT-1,pbmc3k-capture1,pbmc3k-public-donor,379,684.0,22.0,3.2163744,0.0,0.0,16.0,2.3391814,0.0,0.0,148.0,21.637426,True,True,False,False,False,True,False,False,False,,not_called_core_qc_fail,pbmc3k-capture1,False,fails_low_genes;fails_low_umis
CACGCTACTGTTCT-1,pbmc3k-capture1,pbmc3k-public-donor,608,1448.0,34.0,2.3480663,0.0,0.0,18.0,1.2430938,0.0,0.0,481.0,33.21823,False,False,False,True,False,False,False,False,False,0.0549288921674291,singlet,pbmc3k-capture1,True,
CACGCTACTTGACG-1,pbmc3k-capture1,pbmc3k-public-donor,476,1129.0,70.0,6.200177,0.0,0.0,4.0,0.35429582,0.0,0.0,318.0,28.166517,True,False,True,False,False,False,False,False,False,,not_called_core_qc_fail,pbmc3k-capture1,False,fails_low_genes;fails_mt
CACGGGACAGAGTA-1,pbmc3k-capture1,pbmc3k-public-donor,927,2969.0,67.0,2.256652,0.0,0.0,29.0,0.97675985,0.0,0.0,1253.0,42.202763,False,False,False,True,False,False,False,False,False,0.312118973025705,singlet,pbmc3k-capture1,True,
CACGGGACATAAGG-1,pbmc3k-capture1,pbmc3k-public-donor,777,2340.0,37.0,1.5811967,0.0,0.0,8.0,0.34188035,0.0,0.0,1011.0,43.205128,False,False,False,True,False,False,False,False,False,0.189760215965907,singlet,pbmc3k-capture1,True,
CACGGGACGTAGGG-1,pbmc3k-capture1,pbmc3k-public-donor,969,2653.0,18.0,0.6784772,0.0,0.0,45.0,1.696193,0.0,0.0,976.0,36.78854,False,False,False,True,False,False,False,False,False,0.23813216615446,singlet,pbmc3k-capture1,True,
CACGGGTGCTTCGC-1,pbmc3k-capture1,pbmc3k-public-donor,827,1790.0,22.0,1.2290503,0.0,0.0,8.0,0.44692737,1.0,0.05586592,462.0,25.810057,False,False,False,True,False,False,True,False,False,0.184280472848251,singlet,pbmc3k-capture1,True,
CACGGGTGGAGGAC-1,pbmc3k-capture1,pbmc3k-public-donor,709,1595.0,39.0,2.445141,0.0,0.0,6.0,0.37617555,0.0,0.0,420.0,26.332289,False,False,False,True,False,False,False,False,False,0.256621433040209,singlet,pbmc3k-capture1,True,
CACGGGTGTGTTTC-1,pbmc3k-capture1,pbmc3k-public-donor,385,897.0,9.0,1.0033444,0.0,0.0,12.0,1.3377926,0.0,0.0,391.0,43.589745,True,True,False,False,False,False,False,False,False,,not_called_core_qc_fail,pbmc3k-capture1,False,fails_low_genes;fails_low_umis
CACTAACTCCTAAG-1,pbmc3k-capture1,pbmc3k-public-donor,690,1605.0,29.0,1.8068535,0.0,0.0,10.0,0.62305295,0.0,0.0,516.0,32.149532,False,False,False,True,False,False,False,False,False,0.113250297052467,singlet,pbmc3k-capture1,True,
CACTAACTGAAAGT-1,pbmc3k-capture1,pbmc3k-public-donor,769,2280.0,26.0,1.1403508,0.0,0.0,27.0,1.1842105,0.0,0.0,1033.0,45.307014,False,False,False,True,False,False,False,False,False,0.121010586621856,singlet,pbmc3k-capture1,True,
CACTAGGATGATGC-1,pbmc3k-capture1,pbmc3k-public-donor,554,1219.0,25.0,2.0508614,0.0,0.0,19.0,1.5586547,0.0,0.0,415.0,34.0443,False,False,False,True,False,False,False,False,False,0.0357718148868569,singlet,pbmc3k-capture1,True,
CACTATACCCCGTT-1,pbmc3k-capture1,pbmc3k-public-donor,892,2570.0,37.0,1.4396887,0.0,0.0,18.0,0.70038915,0.0,0.0,1074.0,41.789883,False,False,False,True,False,False,False,False,False,0.154353550599315,singlet,pbmc3k-capture1,True,
CACTATACGTTTGG-1,pbmc3k-capture1,pbmc3k-public-donor,761,1840.0,51.0,2.771739,0.0,0.0,10.0,0.54347825,0.0,0.0,542.0,29.456524,False,False,False,True,False,False,False,False,False,0.182008676081179,singlet,pbmc3k-capture1,True,
CACTGAGACAGTCA-1,pbmc3k-capture1,pbmc3k-public-donor,367,727.0,28.0,3.8514442,0.0,0.0,13.0,1.7881706,0.0,0.0,111.0,15.268226,True,True,False,False,False,False,False,False,False,,not_called_core_qc_fail,pbmc3k-capture1,False,fails_low_genes;fails_low_umis
CACTGCACTTCATC-1,pbmc3k-capture1,pbmc3k-public-donor,731,1917.0,47.0,2.4517474,0.0,0.0,10.0,0.5216484,0.0,0.0,736.0,38.393322,False,False,False,True,False,False,False,False,False,0.181453934099487,singlet,pbmc3k-capture1,True,
CACTGCTGAGACTC-1,pbmc3k-capture1,pbmc3k-public-donor,1103,3139.0,73.0,2.3255813,0.0,0.0,15.0,0.4778592,0.0,0.0,589.0,18.763937,False,False,False,True,False,False,False,False,False,0.147830002958977,singlet,pbmc3k-capture1,True,
CACTGCTGGAAAGT-1,pbmc3k-capture1,pbmc3k-public-donor,944,3108.0,58.0,1.8661519,0.0,0.0,28.0,0.9009009,0.0,0.0,1363.0,43.85457,False,False,False,True,False,False,False,False,False,0.296860042848559,singlet,pbmc3k-capture1,True,
CACTTAACCGAATC-1,pbmc3k-capture1,pbmc3k-public-donor,832,2253.0,109.0,4.837994,0.0,0.0,21.0,0.9320905,1.0,0.044385266,781.0,34.66489,False,False,False,True,False,False,True,False,False,0.202856951073404,singlet,pbmc3k-capture1,True,
CACTTAACCGTACA-1,pbmc3k-capture1,pbmc3k-public-donor,675,1522.0,41.0,2.6938238,0.0,0.0,17.0,1.1169513,0.0,0.0,547.0,35.939552,False,False,False,True,False,False,False,False,False,0.11292406504154,singlet,pbmc3k-capture1,True,
CACTTTGACTCTAT-1,pbmc3k-capture1,pbmc3k-public-donor,652,1552.0,34.0,2.1907215,0.0,0.0,4.0,0.25773194,0.0,0.0,430.0,27.706184,False,False,False,True,False,False,False,False,False,0.100765914161949,singlet,pbmc3k-capture1,True,
CACTTTGAGCTGTA-1,pbmc3k-capture1,pbmc3k-public-donor,418,802.0,12.0,1.4962593,0.0,0.0,14.0,1.7456359,0.0,0.0,259.0,32.294266,True,True,False,False,False,False,False,False,False,,not_called_core_qc_fail,pbmc3k-capture1,False,fails_low_genes;fails_low_umis
CAGAAGCTCTCAAG-1,pbmc3k-capture1,pbmc3k-public-donor,727,2256.0,40.0,1.7730497,0.0,0.0,26.0,1.1524823,0.0,0.0,1107.0,49.06915,False,False,False,True,False,False,False,False,False,0.0602872850977898,singlet,pbmc3k-capture1,True,
CAGACATGAACGGG-1,pbmc3k-capture1,pbmc3k-public-donor,745,2327.0,30.0,1.2892135,0.0,0.0,29.0,1.2462398,0.0,0.0,1006.0,43.23163,False,False,False,True,False,False,False,False,False,0.109845350516992,singlet,pbmc3k-capture1,True,
CAGACATGTCGACA-1,pbmc3k-capture1,pbmc3k-public-donor,872,2519.0,48.0,1.905518,0.0,0.0,8.0,0.31758636,0.0,0.0,1010.0,40.095276,False,False,False,True,False,False,False,False,False,0.166719094000555,singlet,pbmc3k-capture1,True,
CAGACCCTAAGGTA-1,pbmc3k-capture1,pbmc3k-public-donor,1336,4166.0,124.0,2.9764762,0.0,0.0,23.0,0.5520883,0.0,0.0,870.0,20.88334,False,False,False,True,False,False,False,False,False,0.234223865881846,singlet,pbmc3k-capture1,True,
CAGACCCTAATGCC-1,pbmc3k-capture1,pbmc3k-public-donor,863,2292.0,112.0,4.886562,0.0,0.0,41.0,1.7888308,0.0,0.0,853.0,37.216404,False,False,False,True,False,False,False,False,False,0.34378095767243,singlet,pbmc3k-capture1,True,
CAGACCCTAGGAGC-1,pbmc3k-capture1,pbmc3k-public-donor,934,2716.0,59.0,2.1723123,0.0,0.0,10.0,0.3681885,0.0,0.0,1158.0,42.63623,False,False,False,True,False,False,False,False,False,0.3331075238383,singlet,pbmc3k-capture1,True,
CAGACTGAGTATGC-1,pbmc3k-capture1,pbmc3k-public-donor,844,2712.0,55.0,2.0280237,0.0,0.0,23.0,0.84808266,0.0,0.0,1245.0,45.90708,False,False,False,True,False,False,False,False,False,0.173192086574865,singlet,pbmc3k-capture1,True,
CAGATCGAATGTCG-1,pbmc3k-capture1,pbmc3k-public-donor,721,2192.0,96.0,4.379562,0.0,0.0,2.0,0.091240875,0.0,0.0,896.0,40.87591,False,False,False,True,False,False,False,False,False,0.0303379608413548,singlet,pbmc3k-capture1,True,
CAGATCGACCTGAA-1,pbmc3k-capture1,pbmc3k-public-donor,432,921.0,32.0,3.4744844,0.0,0.0,3.0,0.3257329,0.0,0.0,354.0,38.43648,True,True,False,False,False,False,False,False,False,,not_called_core_qc_fail,pbmc3k-capture1,False,fails_low_genes;fails_low_umis
CAGATCGATATGGC-1,pbmc3k-capture1,pbmc3k-public-donor,782,2546.0,25.0,0.9819324,0.0,0.0,32.0,1.2568736,0.0,0.0,1029.0,40.41634,False,False,False,True,False,False,False,False,False,0.252862407432514,singlet,pbmc3k-capture1,True,
CAGATGACATTCTC-1,pbmc3k-capture1,pbmc3k-public-donor,1006,2047.0,54.0,2.6380067,0.0,0.0,10.0,0.48851982,0.0,0.0,378.0,18.466047,False,False,False,True,False,False,False,False,False,0.152720821711915,singlet,pbmc3k-capture1,True,
CAGCAATGCCTTCG-1,pbmc3k-capture1,pbmc3k-public-donor,834,2564.0,38.0,1.4820592,0.0,0.0,32.0,1.24805,0.0,0.0,1024.0,39.9376,False,False,False,True,False,False,False,False,False,0.196734330604433,singlet,pbmc3k-capture1,True,
CAGCAATGGAGGGT-1,pbmc3k-capture1,pbmc3k-public-donor,840,1698.0,31.0,1.8256773,0.0,0.0,5.0,0.29446408,0.0,0.0,338.0,19.905771,False,False,False,True,False,False,False,False,False,0.249667878781524,singlet,pbmc3k-capture1,True,
CAGCAATGGTGCTA-1,pbmc3k-capture1,pbmc3k-public-donor,840,2290.0,36.0,1.5720524,0.0,0.0,20.0,0.8733625,0.0,0.0,808.0,35.283844,False,False,False,True,False,False,False,False,False,0.295862649606753,singlet,pbmc3k-capture1,True,
CAGCAATGTCTACT-1,pbmc3k-capture1,pbmc3k-public-donor,819,2374.0,63.0,2.653749,0.0,0.0,13.0,0.547599,0.0,0.0,759.0,31.971355,False,False,False,True,False,False,False,False,False,0.258492095732851,singlet,pbmc3k-capture1,True,
CAGCAATGTGACCA-1,pbmc3k-capture1,pbmc3k-public-donor,699,1911.0,22.0,1.1512297,0.0,0.0,21.0,1.0989012,0.0,0.0,727.0,38.042908,False,False,False,True,False,False,False,False,False,0.285627888360106,singlet,pbmc3k-capture1,True,
CAGCAATGTGAGGG-1,pbmc3k-capture1,pbmc3k-public-donor,489,1078.0,26.0,2.4118738,0.0,0.0,21.0,1.9480519,0.0,0.0,264.0,24.489796,True,True,False,False,False,True,False,False,False,,not_called_core_qc_fail,pbmc3k-capture1,False,fails_low_genes;fails_low_umis
CAGCACCTAAGCCT-1,pbmc3k-capture1,pbmc3k-public-donor,665,1808.0,43.0,2.3783185,0.0,0.0,1.0,0.055309735,0.0,0.0,787.0,43.528763,False,False,False,True,False,False,False,False,False,0.139062930039209,singlet,pbmc3k-capture1,True,
CAGCACCTAGGCGA-1,pbmc3k-capture1,pbmc3k-public-donor,576,1447.0,34.0,2.349689,0.0,0.0,22.0,1.5203869,0.0,0.0,588.0,40.635796,False,False,False,True,False,False,False,False,False,0.200500488618673,singlet,pbmc3k-capture1,True,
CAGCACCTGTAGGG-1,pbmc3k-capture1,pbmc3k-public-donor,1291,3872.0,113.0,2.9183886,0.0,0.0,12.0,0.30991736,0.0,0.0,843.0,21.771694,False,False,False,True,False,False,False,False,False,0.241251585275267,singlet,pbmc3k-capture1,True,
CAGCATGACAACCA-1,pbmc3k-capture1,pbmc3k-public-donor,1102,3218.0,102.0,3.1696706,0.0,0.0,31.0,0.9633313,0.0,0.0,649.0,20.167807,False,False,False,True,False,False,False,False,False,0.371294030182422,singlet,pbmc3k-capture1,True,
CAGCATGAGACGTT-1,pbmc3k-capture1,pbmc3k-public-donor,826,2157.0,88.0,4.0797405,0.0,0.0,26.0,1.2053778,0.0,0.0,753.0,34.909595,False,False,False,True,False,False,False,False,False,0.359478365528164,singlet,pbmc3k-capture1,True,
CAGCCTACCCAACA-1,pbmc3k-capture1,pbmc3k-public-donor,880,2802.0,25.0,0.8922199,0.0,0.0,18.0,0.6423983,0.0,0.0,1200.0,42.82655,False,False,False,True,False,False,False,False,False,0.178404308284475,singlet,pbmc3k-capture1,True,
CAGCCTTGCTACCC-1,pbmc3k-capture1,pbmc3k-public-donor,738,1842.0,48.0,2.605863,0.0,0.0,18.0,0.97719866,0.0,0.0,381.0,20.68404,False,False,False,True,False,False,False,False,False,0.168789010677101,singlet,pbmc3k-capture1,True,
CAGCCTTGGGGACA-1,pbmc3k-capture1,pbmc3k-public-donor,904,2662.0,26.0,0.97670925,0.0,0.0,18.0,0.6761833,0.0,0.0,978.0,36.739292,False,False,False,True,False,False,False,False,False,0.297135153362687,singlet,pbmc3k-capture1,True,
CAGCGGACACCCTC-1,pbmc3k-capture1,pbmc3k-public-donor,686,1885.0,44.0,2.3342175,0.0,0.0,24.0,1.2732095,0.0,0.0,778.0,41.27321,False,False,False,True,False,False,False,False,False,0.234258597085957,singlet,pbmc3k-capture1,True,
CAGCGGACCTTTAC-1,pbmc3k-capture1,pbmc3k-public-donor,874,2174.0,55.0,2.529899,0.0,0.0,17.0,0.7819687,0.0,0.0,580.0,26.678932,False,False,False,True,False,False,False,False,False,0.191938745336063,singlet,pbmc3k-capture1,True,
CAGCGTCTAAAGCA-1,pbmc3k-capture1,pbmc3k-public-donor,887,2929.0,76.0,2.5947423,0.0,0.0,18.0,0.6145442,0.0,0.0,1202.0,41.037895,False,False,False,True,False,False,False,False,False,0.301038691797849,singlet,pbmc3k-capture1,True,
CAGCGTCTTATCGG-1,pbmc3k-capture1,pbmc3k-public-donor,873,2532.0,98.0,3.8704581,0.0,0.0,48.0,1.8957347,0.0,0.0,983.0,38.823067,False,False,False,True,False,False,False,False,False,0.289134871519484,singlet,pbmc3k-capture1,True,
CAGCTAGATGTGAC-1,pbmc3k-capture1,pbmc3k-public-donor,560,1263.0,53.0,4.1963577,0.0,0.0,18.0,1.4251782,0.0,0.0,288.0,22.80285,False,False,False,True,False,False,False,False,False,0.0722375934553564,singlet,pbmc3k-capture1,True,
CAGCTCTGAGGCGA-1,pbmc3k-capture1,pbmc3k-public-donor,766,1959.0,22.0,1.123022,0.0,0.0,27.0,1.3782542,0.0,0.0,685.0,34.96682,False,False,False,True,False,False,False,False,False,0.169134459612738,singlet,pbmc3k-capture1,True,
CAGCTCTGCAAGCT-1,pbmc3k-capture1,pbmc3k-public-donor,710,1570.0,18.0,1.1464968,0.0,0.0,5.0,0.31847134,0.0,0.0,439.0,27.961784,False,False,False,True,False,False,False,False,False,0.16227530026737,singlet,pbmc3k-capture1,True,
CAGCTCTGTCGTAG-1,pbmc3k-capture1,pbmc3k-public-donor,1135,3302.0,75.0,2.2713506,0.0,0.0,27.0,0.8176862,0.0,0.0,702.0,21.259842,False,False,False,True,False,False,False,False,False,0.266318768219535,singlet,pbmc3k-capture1,True,
CAGCTCTGTGTGGT-1,pbmc3k-capture1,pbmc3k-public-donor,1054,2170.0,40.0,1.843318,0.0,0.0,7.0,0.32258064,0.0,0.0,329.0,15.161291,False,False,False,True,False,False,False,False,False,0.0741322982930664,singlet,pbmc3k-capture1,True,
CAGGAACTAACTGC-1,pbmc3k-capture1,pbmc3k-public-donor,805,2077.0,50.0,2.407318,0.0,0.0,15.0,0.7221955,0.0,0.0,651.0,31.343285,False,False,False,True,False,False,False,False,False,0.335645399787851,singlet,pbmc3k-capture1,True,
CAGGAACTCTCAGA-1,pbmc3k-capture1,pbmc3k-public-donor,724,1752.0,28.0,1.5981736,0.0,0.0,19.0,1.0844748,0.0,0.0,367.0,20.947489,False,False,False,True,False,False,False,False,False,0.111007838556603,singlet,pbmc3k-capture1,True,
CAGGCCGAACACCA-1,pbmc3k-capture1,pbmc3k-public-donor,973,2694.0,57.0,2.1158128,0.0,0.0,12.0,0.4454343,0.0,0.0,1085.0,40.274685,False,False,False,True,False,False,False,False,False,0.248246225290605,singlet,pbmc3k-capture1,True,
CAGGCCGAACACGT-1,pbmc3k-capture1,pbmc3k-public-donor,1201,3917.0,43.0,1.0977789,0.0,0.0,28.0,0.7148328,0.0,0.0,1627.0,41.536892,False,False,False,True,False,False,False,False,False,0.330268369678207,singlet,pbmc3k-capture1,True,
CAGGCCGAACGACT-1,pbmc3k-capture1,pbmc3k-public-donor,575,1194.0,33.0,2.7638192,0.0,0.0,17.0,1.4237856,0.0,0.0,376.0,31.490788,False,False,False,True,False,False,False,False,False,0.194803234712667,singlet,pbmc3k-capture1,True,
CAGGCCGAATCTCT-1,pbmc3k-capture1,pbmc3k-public-donor,838,2444.0,31.0,1.2684125,0.0,0.0,13.0,0.5319149,0.0,0.0,603.0,24.672668,False,False,False,True,False,False,False,False,False,0.149322045005233,singlet,pbmc3k-capture1,True,
CAGGCCGACTAGCA-1,pbmc3k-capture1,pbmc3k-public-donor,865,2346.0,57.0,2.4296675,0.0,0.0,23.0,0.9803922,0.0,0.0,867.0,36.95652,False,False,False,True,False,False,False,False,False,0.141685263890012,singlet,pbmc3k-capture1,True,
CAGGGCACCATACG-1,pbmc3k-capture1,pbmc3k-public-donor,546,1318.0,37.0,2.8072839,0.0,0.0,2.0,0.15174507,0.0,0.0,502.0,38.088013,False,False,False,True,False,False,False,False,False,0.0235867266124305,singlet,pbmc3k-capture1,True,
CAGGGCACCCAACA-1,pbmc3k-capture1,pbmc3k-public-donor,811,2241.0,51.0,2.2757697,0.0,0.0,44.0,1.9634092,0.0,0.0,868.0,38.732708,False,False,False,True,False,True,False,False,False,0.256873168705081,singlet,pbmc3k-capture1,True,
CAGGGCACTCCCGT-1,pbmc3k-capture1,pbmc3k-public-donor,884,2293.0,28.0,1.2211077,0.0,0.0,37.0,1.6136067,0.0,0.0,746.0,32.5338,False,False,False,True,False,False,False,False,False,0.175102285906374,singlet,pbmc3k-capture1,True,
CAGGTAACAGACTC-1,pbmc3k-capture1,pbmc3k-public-donor,886,2472.0,52.0,2.10356,0.0,0.0,21.0,0.84951454,0.0,0.0,629.0,25.444984,False,False,False,True,False,False,False,False,False,0.171031864673092,singlet,pbmc3k-capture1,True,
CAGGTATGAGTCGT-1,pbmc3k-capture1,pbmc3k-public-donor,791,2135.0,29.0,1.3583138,0.0,0.0,44.0,2.06089,0.0,0.0,759.0,35.55035,False,False,False,True,False,True,False,False,False,0.276270987497164,singlet,pbmc3k-capture1,True,
CAGGTATGTGCTTT-1,pbmc3k-capture1,pbmc3k-public-donor,1026,2710.0,50.0,1.8450184,0.0,0.0,8.0,0.29520294,0.0,0.0,861.0,31.77122,False,False,False,True,False,False,False,False,False,0.351470773732091,singlet,pbmc3k-capture1,True,
CAGGTTGAGGATCT-1,pbmc3k-capture1,pbmc3k-public-donor,2000,8015.0,216.0,2.694947,0.0,0.0,46.0,0.5739239,0.0,0.0,2894.0,36.1073,False,False,False,True,False,False,False,False,True,0.420780232825986,singlet,pbmc3k-capture1,True,
CAGTGATGGACGGA-1,pbmc3k-capture1,pbmc3k-public-donor,644,1530.0,19.0,1.2418301,0.0,0.0,3.0,0.19607845,0.0,0.0,551.0,36.013073,False,False,False,True,False,False,False,False,False,0.0451861582077706,singlet,pbmc3k-capture1,True,
CAGTGATGGCTAAC-1,pbmc3k-capture1,pbmc3k-public-donor,763,1549.0,47.0,3.0342157,0.0,0.0,4.0,0.2582311,0.0,0.0,327.0,21.110394,False,False,False,True,False,False,False,False,False,0.210507751032736,singlet,pbmc3k-capture1,True,
CAGTGATGGGACAG-1,pbmc3k-capture1,pbmc3k-public-donor,969,3339.0,88.0,2.6355195,0.0,0.0,32.0,0.9583708,0.0,0.0,1391.0,41.65918,False,False,False,True,False,False,False,False,False,0.386106766146495,singlet,pbmc3k-capture1,True,
CAGTGATGTAAGGA-1,pbmc3k-capture1,pbmc3k-public-donor,800,2269.0,39.0,1.7188189,0.0,0.0,21.0,0.9255178,0.0,0.0,878.0,38.69546,False,False,False,True,False,False,False,False,False,0.182617760616063,singlet,pbmc3k-capture1,True,
CAGTGATGTACGCA-1,pbmc3k-capture1,pbmc3k-public-donor,359,1015.0,32.0,3.1527095,0.0,0.0,7.0,0.6896552,0.0,0.0,500.0,49.261086,True,True,False,False,False,False,False,False,False,,not_called_core_qc_fail,pbmc3k-capture1,False,fails_low_genes;fails_low_umis
CAGTGTGAACACGT-1,pbmc3k-capture1,pbmc3k-public-donor,307,548.0,36.0,6.569343,0.0,0.0,0.0,0.0,0.0,0.0,134.0,24.452555,True,True,True,False,False,False,False,False,False,,not_called_core_qc_fail,pbmc3k-capture1,False,fails_low_genes;fails_low_umis;fails_mt
CAGTGTGATGTCAG-1,pbmc3k-capture1,pbmc3k-public-donor,624,2050.0,30.0,1.4634147,0.0,0.0,5.0,0.24390244,0.0,0.0,994.0,48.48781,False,False,False,True,False,False,False,False,False,0.0529952397043144,singlet,pbmc3k-capture1,True,
CAGTTACTAAGGTA-1,pbmc3k-capture1,pbmc3k-public-donor,993,2856.0,80.0,2.8011205,0.0,0.0,9.0,0.31512606,0.0,0.0,1143.0,40.021008,False,False,False,True,False,False,False,False,False,0.163672555441447,singlet,pbmc3k-capture1,True,
CAGTTACTGATAGA-1,pbmc3k-capture1,pbmc3k-public-donor,800,2192.0,34.0,1.5510949,0.0,0.0,17.0,0.77554744,0.0,0.0,912.0,41.60584,False,False,False,True,False,False,False,False,False,0.229095452527503,singlet,pbmc3k-capture1,True,
CAGTTGGAAAGAGT-1,pbmc3k-capture1,pbmc3k-public-donor,1167,3688.0,59.0,1.5997831,0.0,0.0,25.0,0.67787415,0.0,0.0,863.0,23.400217,False,False,False,True,False,False,False,False,False,0.20358298480984,singlet,pbmc3k-capture1,True,
CAGTTGGACATACG-1,pbmc3k-capture1,pbmc3k-public-donor,833,2445.0,44.0,1.7995911,0.0,0.0,33.0,1.3496933,0.0,0.0,1089.0,44.53988,False,False,False,True,False,False,False,False,False,0.191351277556047,singlet,pbmc3k-capture1,True,
CAGTTTACACACGT-1,pbmc3k-capture1,pbmc3k-public-donor,1871,5346.0,70.0,1.3093902,0.0,0.0,45.0,0.84175086,0.0,0.0,1305.0,24.410774,False,False,False,True,False,False,False,False,True,0.737647142815985,doublet,pbmc3k-capture1,False,scDblFinder_doublet
CAGTTTACCCCAAA-1,pbmc3k-capture1,pbmc3k-public-donor,616,1940.0,39.0,2.0103092,0.0,0.0,23.0,1.185567,0.0,0.0,943.0,48.608246,False,False,False,True,False,False,False,False,False,0.0843117968530751,singlet,pbmc3k-capture1,True,
CATAAAACGGAGCA-1,pbmc3k-capture1,pbmc3k-public-donor,822,2351.0,79.0,3.3602722,0.0,0.0,14.0,0.5954913,0.0,0.0,682.0,29.00893,False,False,False,True,False,False,False,False,False,0.0937002733514739,singlet,pbmc3k-capture1,True,
CATAAATGAACTGC-1,pbmc3k-capture1,pbmc3k-public-donor,647,2063.0,56.0,2.7144935,0.0,0.0,29.0,1.4057199,0.0,0.0,991.0,48.036842,False,False,False,True,False,False,False,False,False,0.129461734208177,singlet,pbmc3k-capture1,True,
CATAACCTTCTCCG-1,pbmc3k-capture1,pbmc3k-public-donor,1000,3062.0,33.0,1.077727,0.0,0.0,42.0,1.3716525,0.0,0.0,1176.0,38.40627,False,False,False,True,False,False,False,False,False,0.372949334599011,singlet,pbmc3k-capture1,True,
CATACTACCTCGAA-1,pbmc3k-capture1,pbmc3k-public-donor,618,1778.0,31.0,1.743532,0.0,0.0,27.0,1.5185602,0.0,0.0,702.0,39.482563,False,False,False,True,False,False,False,False,False,0.121944687578812,singlet,pbmc3k-capture1,True,
CATACTACCTGAAC-1,pbmc3k-capture1,pbmc3k-public-donor,734,2431.0,17.0,0.6993007,0.0,0.0,23.0,0.94611275,0.0,0.0,1088.0,44.755245,False,False,False,True,False,False,False,False,False,0.135725026722349,singlet,pbmc3k-capture1,True,
CATACTACGTACCA-1,pbmc3k-capture1,pbmc3k-public-donor,618,1618.0,16.0,0.98887515,0.0,0.0,9.0,0.5562423,0.0,0.0,381.0,23.54759,False,False,False,True,False,False,False,False,False,0.111409879512991,singlet,pbmc3k-capture1,True,
CATACTTGGGTTAC-1,pbmc3k-capture1,pbmc3k-public-donor,1938,7171.0,169.0,2.3567145,0.0,0.0,95.0,1.3247803,0.0,0.0,2148.0,29.95398,False,False,False,True,False,False,False,False,True,0.880395497872902,doublet,pbmc3k-capture1,False,scDblFinder_doublet
CATAGTCTAATCGC-1,pbmc3k-capture1,pbmc3k-public-donor,861,2913.0,53.0,1.8194301,0.0,0.0,55.0,1.888088,0.0,0.0,1248.0,42.84243,False,False,False,True,False,False,False,False,False,0.158078605411326,singlet,pbmc3k-capture1,True,
CATAGTCTCACTTT-1,pbmc3k-capture1,pbmc3k-public-donor,945,2713.0,99.0,3.649097,0.0,0.0,19.0,0.70033175,0.0,0.0,1001.0,36.896427,False,False,False,True,False,False,False,False,False,0.375301265042417,singlet,pbmc3k-capture1,True,
CATATAGACTAAGC-1,pbmc3k-capture1,pbmc3k-public-donor,1032,2929.0,48.0,1.6387846,0.0,0.0,17.0,0.5804029,0.0,0.0,946.0,32.297714,False,False,False,True,False,False,False,False,False,0.240251500823832,singlet,pbmc3k-capture1,True,
CATATAGATCAGGT-1,pbmc3k-capture1,pbmc3k-public-donor,723,1871.0,46.0,2.4585783,0.0,0.0,23.0,1.2292892,0.0,0.0,697.0,37.252804,False,False,False,True,False,False,False,False,False,0.139345350246153,singlet,pbmc3k-capture1,True,
CATCAACTAGAAGT-1,pbmc3k-capture1,pbmc3k-public-donor,984,3378.0,64.0,1.8946122,0.0,0.0,45.0,1.3321491,0.0,0.0,1575.0,46.62522,False,False,False,True,False,False,False,False,False,0.272780158959542,singlet,pbmc3k-capture1,True,
CATCAACTCCCTCA-1,pbmc3k-capture1,pbmc3k-public-donor,994,3673.0,27.0,0.73509395,0.0,0.0,56.0,1.5246392,0.0,0.0,1800.0,49.006264,False,False,False,True,False,False,False,False,False,0.253152575242799,singlet,pbmc3k-capture1,True,
CATCAGGACTTCCG-1,pbmc3k-capture1,pbmc3k-public-donor,771,1528.0,39.0,2.552356,0.0,0.0,14.0,0.9162304,0.0,0.0,320.0,20.942408,False,False,False,True,False,False,False,False,False,0.0547230126770118,singlet,pbmc3k-capture1,True,
CATCAGGATAGCCA-1,pbmc3k-capture1,pbmc3k-public-donor,738,1501.0,28.0,1.8654231,0.0,0.0,1.0,0.06662226,0.0,0.0,282.0,18.787476,False,False,False,True,False,False,False,False,False,0.072667215807461,singlet,pbmc3k-capture1,True,
CATCAGGATCCTAT-1,pbmc3k-capture1,pbmc3k-public-donor,1583,5282.0,128.0,2.4233243,0.0,0.0,34.0,0.6436956,0.0,0.0,834.0,15.789473,False,False,False,True,False,False,False,False,True,0.132022243438142,singlet,pbmc3k-capture1,True,
CATCAGGATGCACA-1,pbmc3k-capture1,pbmc3k-public-donor,1113,3139.0,93.0,2.9627268,0.0,0.0,26.0,0.8282893,0.0,0.0,573.0,18.254221,False,False,False,True,False,False,False,False,False,0.287224634259754,singlet,pbmc3k-capture1,True,
CATCAGGATTTCGT-1,pbmc3k-capture1,pbmc3k-public-donor,614,1400.0,58.0,4.142857,0.0,0.0,15.0,1.0714287,0.0,0.0,303.0,21.642859,False,False,False,True,False,False,False,False,False,0.0204173428363563,singlet,pbmc3k-capture1,True,
CATCATACCGCATA-1,pbmc3k-capture1,pbmc3k-public-donor,1146,3302.0,54.0,1.6353724,0.0,0.0,21.0,0.6359782,0.0,0.0,697.0,21.10842,False,False,False,True,False,False,False,False,False,0.254386110146584,singlet,pbmc3k-capture1,True,
CATCATACGGAGCA-1,pbmc3k-capture1,pbmc3k-public-donor,615,1486.0,48.0,3.230148,0.0,0.0,11.0,0.7402423,0.0,0.0,472.0,31.76312,False,False,False,True,False,False,False,False,False,0.0574505951666647,singlet,pbmc3k-capture1,True,
CATCATACTCAAGC-1,pbmc3k-capture1,pbmc3k-public-donor,848,2456.0,39.0,1.5879478,0.0,0.0,27.0,1.0993485,0.0,0.0,926.0,37.703583,False,False,False,True,False,False,False,False,False,0.16564297846708,singlet,pbmc3k-capture1,True,
CATCGCTGGGATCT-1,pbmc3k-capture1,pbmc3k-public-donor,983,2801.0,55.0,1.9635845,0.0,0.0,25.0,0.89253837,0.0,0.0,1086.0,38.771866,False,False,False,True,False,False,False,False,False,0.408901766424531,singlet,pbmc3k-capture1,True,
CATCGCTGTGGCAT-1,pbmc3k-capture1,pbmc3k-public-donor,677,1963.0,22.0,1.1207336,0.0,0.0,6.0,0.30565462,0.0,0.0,851.0,43.352013,False,False,False,True,False,False,False,False,False,0.0499814333690983,singlet,pbmc3k-capture1,True,
CATCGGCTATGCTG-1,pbmc3k-capture1,pbmc3k-public-donor,972,3317.0,36.0,1.0853181,0.0,0.0,26.0,0.78384084,0.0,0.0,1579.0,47.603256,False,False,False,True,False,False,False,False,False,0.202993975092899,singlet,pbmc3k-capture1,True,
CATCGGCTTTGGCA-1,pbmc3k-capture1,pbmc3k-public-donor,791,2501.0,57.0,2.2790883,0.0,0.0,43.0,1.7193122,0.0,0.0,1150.0,45.981606,False,False,False,True,False,False,False,False,False,0.233610705478808,singlet,pbmc3k-capture1,True,
CATCTCCTATGTGC-1,pbmc3k-capture1,pbmc3k-public-donor,827,2009.0,53.0,2.6381283,0.0,0.0,18.0,0.8959682,0.0,0.0,687.0,34.196117,False,False,False,True,False,False,False,False,False,0.0935865137054615,singlet,pbmc3k-capture1,True,
CATCTCCTCGAACT-1,pbmc3k-capture1,pbmc3k-public-donor,804,1858.0,45.0,2.4219592,0.0,0.0,24.0,1.2917116,0.0,0.0,342.0,18.406889,False,False,False,True,False,False,False,False,False,0.198802949224881,singlet,pbmc3k-capture1,True,
CATGAGACACGGGA-1,pbmc3k-capture1,pbmc3k-public-donor,395,748.0,28.0,3.7433155,1.0,0.13368984,15.0,2.0053477,0.0,0.0,256.0,34.224598,True,True,False,False,True,True,False,False,False,,not_called_core_qc_fail,pbmc3k-capture1,False,fails_low_genes;fails_low_umis
CATGAGACGTTGAC-1,pbmc3k-capture1,pbmc3k-public-donor,843,1760.0,61.0,3.4659092,2.0,0.11363636,7.0,0.39772725,0.0,0.0,289.0,16.420456,False,False,False,True,True,False,False,False,False,0.145883386690183,singlet,pbmc3k-capture1,True,
CATGAGACTCGCCT-1,pbmc3k-capture1,pbmc3k-public-donor,493,1155.0,5.0,0.43290043,0.0,0.0,11.0,0.952381,0.0,0.0,489.0,42.33766,True,False,False,False,False,False,False,False,False,,not_called_core_qc_fail,pbmc3k-capture1,False,fails_low_genes
CATGCCACGGGTGA-1,pbmc3k-capture1,pbmc3k-public-donor,741,2421.0,91.0,3.7587774,0.0,0.0,19.0,0.78479964,0.0,0.0,1023.0,42.25527,False,False,False,True,False,False,False,False,False,0.269504142965384,singlet,pbmc3k-capture1,True,
CATGCCACTGCCAA-1,pbmc3k-capture1,pbmc3k-public-donor,941,2396.0,61.0,2.54591,0.0,0.0,23.0,0.95993316,0.0,0.0,890.0,37.14524,False,False,False,True,False,False,False,False,False,0.308002045240377,singlet,pbmc3k-capture1,True,
CATGCGCTAGTCAC-1,pbmc3k-capture1,pbmc3k-public-donor,1659,5344.0,128.0,2.3952098,0.0,0.0,47.0,0.87949103,0.0,0.0,929.0,17.383982,False,False,False,True,False,False,False,False,True,0.145622306085418,singlet,pbmc3k-capture1,True,
CATGCGCTCAGATC-1,pbmc3k-capture1,pbmc3k-public-donor,742,2056.0,58.0,2.8210115,0.0,0.0,15.0,0.729572,0.0,0.0,486.0,23.638132,False,False,False,True,False,False,False,False,False,0.0684293069507984,singlet,pbmc3k-capture1,True,
CATGCGCTTTGCAG-1,pbmc3k-capture1,pbmc3k-public-donor,1517,4792.0,86.0,1.7946577,0.0,0.0,34.0,0.70951587,0.0,0.0,793.0,16.548414,False,False,False,True,False,False,False,False,True,0.203617002392643,singlet,pbmc3k-capture1,True,
CATGGCCTAGGGTG-1,pbmc3k-capture1,pbmc3k-public-donor,559,1347.0,34.0,2.5241277,0.0,0.0,8.0,0.5939124,0.0,0.0,333.0,24.721603,False,False,False,True,False,False,False,False,False,0.0709992834974655,singlet,pbmc3k-capture1,True,
CATGGCCTGTGCAT-1,pbmc3k-capture1,pbmc3k-public-donor,937,2839.0,64.0,2.254315,0.0,0.0,5.0,0.17611834,0.0,0.0,1259.0,44.3466,False,False,False,True,False,False,False,False,False,0.196532285285167,singlet,pbmc3k-capture1,True,
CATGTACTATCGTG-1,pbmc3k-capture1,pbmc3k-public-donor,740,1619.0,32.0,1.9765288,0.0,0.0,3.0,0.18529958,0.0,0.0,471.0,29.092031,False,False,False,True,False,False,False,False,False,0.194071770681476,singlet,pbmc3k-capture1,True,
CATGTTACAGTCGT-1,pbmc3k-capture1,pbmc3k-public-donor,781,2188.0,42.0,1.9195613,0.0,0.0,23.0,1.0511882,0.0,0.0,748.0,34.18647,False,False,False,True,False,False,False,False,False,0.336391061199209,singlet,pbmc3k-capture1,True,
CATGTTACCTGAGT-1,pbmc3k-capture1,pbmc3k-public-donor,819,2259.0,40.0,1.770695,0.0,0.0,2.0,0.08853475,0.0,0.0,979.0,43.33776,False,False,False,True,False,False,False,False,False,0.319426573148167,singlet,pbmc3k-capture1,True,
CATGTTTGGGGATG-1,pbmc3k-capture1,pbmc3k-public-donor,813,2193.0,46.0,2.0975833,0.0,0.0,19.0,0.8663931,0.0,0.0,596.0,27.177382,False,False,False,True,False,False,False,False,False,0.127834369761709,singlet,pbmc3k-capture1,True,
CATTACACACGGAG-1,pbmc3k-capture1,pbmc3k-public-donor,578,1480.0,59.0,3.9864864,0.0,0.0,21.0,1.418919,1.0,0.06756757,606.0,40.945946,False,False,False,True,False,False,True,False,False,0.0657450972768104,singlet,pbmc3k-capture1,True,
CATTACACCAACTG-1,pbmc3k-capture1,pbmc3k-public-donor,1022,2360.0,82.0,3.4745765,0.0,0.0,5.0,0.21186441,0.0,0.0,333.0,14.110168,False,False,False,True,False,False,False,False,False,0.0844285452007436,singlet,pbmc3k-capture1,True,
CATTACACGGAGTG-1,pbmc3k-capture1,pbmc3k-public-donor,1191,3904.0,59.0,1.5112704,0.0,0.0,49.0,1.2551229,0.0,0.0,1604.0,41.086067,False,False,False,True,False,False,False,False,False,0.297254364857129,singlet,pbmc3k-capture1,True,
CATTACACTACTCT-1,pbmc3k-capture1,pbmc3k-public-donor,824,2440.0,46.0,1.8852459,0.0,0.0,34.0,1.3934426,0.0,0.0,1013.0,41.51639,False,False,False,True,False,False,False,False,False,0.192750283316323,singlet,pbmc3k-capture1,True,
CATTAGCTCCACAA-1,pbmc3k-capture1,pbmc3k-public-donor,1146,3497.0,129.0,3.6888764,0.0,0.0,40.0,1.1438376,0.0,0.0,877.0,25.07864,False,False,False,True,False,False,False,False,False,0.242375387177755,singlet,pbmc3k-capture1,True,
CATTGACTAGCGGA-1,pbmc3k-capture1,pbmc3k-public-donor,757,1915.0,54.0,2.8198433,0.0,0.0,13.0,0.6788512,0.0,0.0,506.0,26.422977,False,False,False,True,False,False,False,False,False,0.0690343537715397,singlet,pbmc3k-capture1,True,
CATTGGGACTCGAA-1,pbmc3k-capture1,pbmc3k-public-donor,638,1397.0,44.0,3.1496062,0.0,0.0,7.0,0.5010737,0.0,0.0,485.0,34.71725,False,False,False,True,False,False,False,False,False,0.284000719395535,singlet,pbmc3k-capture1,True,
CATTGTACAGCGTT-1,pbmc3k-capture1,pbmc3k-public-donor,830,2233.0,50.0,2.23914,0.0,0.0,26.0,1.1643529,0.0,0.0,920.0,41.20018,False,False,False,True,False,False,False,False,False,0.218480594362853,singlet,pbmc3k-capture1,True,
CATTGTACTCGATG-1,pbmc3k-capture1,pbmc3k-public-donor,713,1857.0,30.0,1.6155088,0.0,0.0,9.0,0.48465267,0.0,0.0,630.0,33.925686,False,False,False,True,False,False,False,False,False,0.0556259627537428,singlet,pbmc3k-capture1,True,
CATTGTACTTATCC-1,pbmc3k-capture1,pbmc3k-public-donor,609,1617.0,47.0,2.9066172,0.0,0.0,8.0,0.49474338,0.0,0.0,698.0,43.16636,False,False,False,True,False,False,False,False,False,0.113286064902125,singlet,pbmc3k-capture1,True,
CATTGTACTTTGCT-1,pbmc3k-capture1,pbmc3k-public-donor,1271,4202.0,125.0,2.974774,0.0,0.0,18.0,0.42836747,0.0,0.0,1061.0,25.24988,False,False,False,True,False,False,False,False,False,0.250034559901029,singlet,pbmc3k-capture1,True,
CATTGTTGCTAGTG-1,pbmc3k-capture1,pbmc3k-public-donor,680,2170.0,32.0,1.4746544,0.0,0.0,30.0,1.3824885,1.0,0.04608295,1005.0,46.313362,False,False,False,True,False,False,True,False,False,0.117870523207192,singlet,pbmc3k-capture1,True,
CATTTCGACTCTAT-1,pbmc3k-capture1,pbmc3k-public-donor,769,1792.0,52.0,2.9017856,0.0,0.0,22.0,1.2276785,0.0,0.0,458.0,25.558037,False,False,False,True,False,False,False,False,False,0.230011095012146,singlet,pbmc3k-capture1,True,
CATTTCGAGATACC-1,pbmc3k-capture1,pbmc3k-public-donor,1119,2657.0,29.0,1.0914565,3.0,0.1129093,6.0,0.2258186,0.0,0.0,465.0,17.500942,False,False,False,True,True,False,False,False,False,0.205233221305561,singlet,pbmc3k-capture1,True,
CATTTGACCACACA-1,pbmc3k-capture1,pbmc3k-public-donor,731,1688.0,49.0,2.9028437,0.0,0.0,4.0,0.23696683,0.0,0.0,512.0,30.331755,False,False,False,True,False,False,False,False,False,0.180327807203069,singlet,pbmc3k-capture1,True,
CATTTGACCCTGAA-1,pbmc3k-capture1,pbmc3k-public-donor,804,1729.0,24.0,1.3880856,0.0,0.0,10.0,0.578369,0.0,0.0,560.0,32.388664,False,False,False,True,False,False,False,False,False,0.352833422393179,singlet,pbmc3k-capture1,True,
CATTTGTGACGACT-1,pbmc3k-capture1,pbmc3k-public-donor,781,2456.0,42.0,1.7100977,0.0,0.0,4.0,0.16286644,1.0,0.04071661,1147.0,46.701958,False,False,False,True,False,False,True,False,False,0.102026123898762,singlet,pbmc3k-capture1,True,
CATTTGTGCATTGG-1,pbmc3k-capture1,pbmc3k-public-donor,916,2636.0,61.0,2.3141124,0.0,0.0,3.0,0.1138088,0.0,0.0,1107.0,41.99545,False,False,False,True,False,False,False,False,False,0.231147765106602,singlet,pbmc3k-capture1,True,
CATTTGTGCGGAGA-1,pbmc3k-capture1,pbmc3k-public-donor,735,2444.0,92.0,3.7643209,0.0,0.0,43.0,1.7594109,0.0,0.0,1120.0,45.82651,False,False,False,True,False,False,False,False,False,0.13819180690966,singlet,pbmc3k-capture1,True,
CATTTGTGGGATCT-1,pbmc3k-capture1,pbmc3k-public-donor,835,2461.0,40.0,1.6253555,0.0,0.0,29.0,1.1783828,0.0,0.0,973.0,39.536774,False,False,False,True,False,False,False,False,False,0.127104146977525,singlet,pbmc3k-capture1,True,
CCAAAGTGCTACGA-1,pbmc3k-capture1,pbmc3k-public-donor,1257,3442.0,90.0,2.614759,0.0,0.0,27.0,0.78442764,1.0,0.029052876,727.0,21.12144,False,False,False,True,False,False,True,False,False,0.309785291644774,singlet,pbmc3k-capture1,True,
CCAAAGTGTGAGAA-1,pbmc3k-capture1,pbmc3k-public-donor,472,1051.0,22.0,2.0932446,0.0,0.0,11.0,1.0466223,0.0,0.0,203.0,19.31494,True,True,False,False,False,False,False,False,False,,not_called_core_qc_fail,pbmc3k-capture1,False,fails_low_genes;fails_low_umis
CCAACCTGAAGTAG-1,pbmc3k-capture1,pbmc3k-public-donor,879,2140.0,16.0,0.74766356,0.0,0.0,6.0,0.2803738,0.0,0.0,641.0,29.953272,False,False,False,True,False,False,False,False,False,0.255571484068952,singlet,pbmc3k-capture1,True,
CCAACCTGACGTAC-1,pbmc3k-capture1,pbmc3k-public-donor,851,2608.0,48.0,1.8404908,0.0,0.0,17.0,0.6518405,0.0,0.0,690.0,26.457056,False,False,False,True,False,False,False,False,False,0.0908280983644682,singlet,pbmc3k-capture1,True,
CCAACCTGTTCGCC-1,pbmc3k-capture1,pbmc3k-public-donor,1023,3214.0,61.0,1.8979466,0.0,0.0,46.0,1.4312384,0.0,0.0,1219.0,37.927814,False,False,False,True,False,False,False,False,False,0.713375215091878,doublet,pbmc3k-capture1,False,scDblFinder_doublet
CCAAGAACCCAATG-1,pbmc3k-capture1,pbmc3k-public-donor,661,1742.0,29.0,1.6647531,0.0,0.0,22.0,1.2629162,1.0,0.057405278,714.0,40.98737,False,False,False,True,False,False,True,False,False,0.169497846811568,singlet,pbmc3k-capture1,True,
CCAAGAACGTAGCT-1,pbmc3k-capture1,pbmc3k-public-donor,1008,3230.0,41.0,1.2693498,0.0,0.0,37.0,1.1455108,0.0,0.0,1422.0,44.02477,False,False,False,True,False,False,False,False,False,0.281245970713832,singlet,pbmc3k-capture1,True,
CCAAGAACGTGTCA-1,pbmc3k-capture1,pbmc3k-public-donor,748,2333.0,30.0,1.285898,0.0,0.0,23.0,0.98585516,0.0,0.0,965.0,41.363052,False,False,False,True,False,False,False,False,False,0.184639090352576,singlet,pbmc3k-capture1,True,
CCAAGAACTACTGG-1,pbmc3k-capture1,pbmc3k-public-donor,845,1767.0,41.0,2.320317,0.0,0.0,13.0,0.73571026,0.0,0.0,468.0,26.485569,False,False,False,True,False,False,False,False,False,0.125913544252067,singlet,pbmc3k-capture1,True,
CCAAGAACTCCTAT-1,pbmc3k-capture1,pbmc3k-public-donor,393,840.0,6.0,0.71428573,0.0,0.0,2.0,0.23809525,0.0,0.0,356.0,42.38095,True,True,False,False,False,False,False,False,False,,not_called_core_qc_fail,pbmc3k-capture1,False,fails_low_genes;fails_low_umis
CCAAGATGTCATTC-1,pbmc3k-capture1,pbmc3k-public-donor,675,1718.0,17.0,0.9895227,0.0,0.0,24.0,1.3969733,0.0,0.0,688.0,40.046566,False,False,False,True,False,False,False,False,False,0.172202650927506,singlet,pbmc3k-capture1,True,
CCAAGATGTTTCAC-1,pbmc3k-capture1,pbmc3k-public-donor,843,2099.0,41.0,1.9533111,0.0,0.0,20.0,0.9528347,0.0,0.0,680.0,32.396378,False,False,False,True,False,False,False,False,False,0.181313319454853,singlet,pbmc3k-capture1,True,
CCAAGTGAGGAACG-1,pbmc3k-capture1,pbmc3k-public-donor,876,3006.0,74.0,2.461743,0.0,0.0,34.0,1.1310711,0.0,0.0,1408.0,46.839653,False,False,False,True,False,False,False,False,False,0.26305318617562,singlet,pbmc3k-capture1,True,
CCAAGTGATCAAGC-1,pbmc3k-capture1,pbmc3k-public-donor,939,2712.0,47.0,1.7330384,0.0,0.0,39.0,1.4380531,0.0,0.0,1078.0,39.74926,False,False,False,True,False,False,False,False,False,0.49327212499581,doublet,pbmc3k-capture1,False,scDblFinder_doublet
CCAATGGAACAGCT-1,pbmc3k-capture1,pbmc3k-public-donor,653,1422.0,76.0,5.344585,0.0,0.0,14.0,0.98452884,1.0,0.07032349,354.0,24.894514,False,False,True,False,False,False,True,False,False,,not_called_core_qc_fail,pbmc3k-capture1,False,fails_mt
CCAATTTGAACGTC-1,pbmc3k-capture1,pbmc3k-public-donor,932,2671.0,28.0,1.0482965,0.0,0.0,20.0,0.74878323,0.0,0.0,718.0,26.881319,False,False,False,True,False,False,False,False,False,0.253692007455914,singlet,pbmc3k-capture1,True,
CCACCATGAACGTC-1,pbmc3k-capture1,pbmc3k-public-donor,760,2186.0,42.0,1.9213176,0.0,0.0,2.0,0.091491304,0.0,0.0,1034.0,47.301006,False,False,False,True,False,False,False,False,False,0.115666427049835,singlet,pbmc3k-capture1,True,
CCACCATGATCGGT-1,pbmc3k-capture1,pbmc3k-public-donor,735,2497.0,37.0,1.4817781,0.0,0.0,18.0,0.7208651,0.0,0.0,1261.0,50.500603,False,False,False,True,False,False,False,False,False,0.145374300027882,singlet,pbmc3k-capture1,True,
CCACCATGGACGAG-1,pbmc3k-capture1,pbmc3k-public-donor,1561,4782.0,131.0,2.7394395,0.0,0.0,16.0,0.33458805,0.0,0.0,960.0,20.075283,False,False,False,True,False,False,False,False,True,0.253059560702776,singlet,pbmc3k-capture1,True,
CCACCATGGGGAGT-1,pbmc3k-capture1,pbmc3k-public-donor,752,2050.0,24.0,1.1707317,0.0,0.0,10.0,0.4878049,0.0,0.0,910.0,44.390244,False,False,False,True,False,False,False,False,False,0.160473841127124,singlet,pbmc3k-capture1,True,
CCACCATGTCCTGC-1,pbmc3k-capture1,pbmc3k-public-donor,940,2158.0,37.0,1.7145505,0.0,0.0,15.0,0.695088,0.0,0.0,541.0,25.069508,False,False,False,True,False,False,False,False,False,0.221993836647956,singlet,pbmc3k-capture1,True,
CCACTGACCCGCTT-1,pbmc3k-capture1,pbmc3k-public-donor,705,1953.0,36.0,1.843318,0.0,0.0,21.0,1.0752689,1.0,0.051203277,524.0,26.830519,False,False,False,True,False,False,True,False,False,0.0903060893689956,singlet,pbmc3k-capture1,True,
CCACTGTGGGAAGC-1,pbmc3k-capture1,pbmc3k-public-donor,405,866.0,37.0,4.272517,0.0,0.0,5.0,0.5773672,0.0,0.0,160.0,18.47575,True,True,False,False,False,False,False,False,False,,not_called_core_qc_fail,pbmc3k-capture1,False,fails_low_genes;fails_low_umis
CCACTGTGTGTAGC-1,pbmc3k-capture1,pbmc3k-public-donor,690,2306.0,62.0,2.6886382,0.0,0.0,37.0,1.60451,0.0,0.0,1022.0,44.319168,False,False,False,True,False,False,False,False,False,0.237965797402946,singlet,pbmc3k-capture1,True,
CCACTTCTCGGGAA-1,pbmc3k-capture1,pbmc3k-public-donor,1071,3466.0,126.0,3.6353145,0.0,0.0,45.0,1.2983266,0.0,0.0,770.0,22.21581,False,False,False,True,False,False,False,False,False,0.234125924041857,singlet,pbmc3k-capture1,True,
CCAGAAACCCTGTC-1,pbmc3k-capture1,pbmc3k-public-donor,544,1200.0,14.0,1.1666666,0.0,0.0,1.0,0.083333336,0.0,0.0,380.0,31.666666,False,False,False,True,False,False,False,False,False,0.0399315815016079,singlet,pbmc3k-capture1,True,
CCAGAAACGAACTC-1,pbmc3k-capture1,pbmc3k-public-donor,927,2588.0,36.0,1.3910356,0.0,0.0,38.0,1.4683152,0.0,0.0,997.0,38.523956,False,False,False,True,False,False,False,False,False,0.327363095340761,singlet,pbmc3k-capture1,True,
CCAGAAACGGTCTA-1,pbmc3k-capture1,pbmc3k-public-donor,817,2791.0,33.0,1.182372,0.0,0.0,30.0,1.0748836,0.0,0.0,1315.0,47.115726,False,False,False,True,False,False,False,False,False,0.166297163928325,singlet,pbmc3k-capture1,True,
CCAGACCTCTGAGT-1,pbmc3k-capture1,pbmc3k-public-donor,388,795.0,19.0,2.3899372,0.0,0.0,6.0,0.754717,0.0,0.0,283.0,35.597485,True,True,False,False,False,False,False,False,False,,not_called_core_qc_fail,pbmc3k-capture1,False,fails_low_genes;fails_low_umis
CCAGACCTTGTGGT-1,pbmc3k-capture1,pbmc3k-public-donor,560,1460.0,30.0,2.0547945,0.0,0.0,11.0,0.75342464,0.0,0.0,638.0,43.69863,False,False,False,True,False,False,False,False,False,0.108490970334466,singlet,pbmc3k-capture1,True,
CCAGCACTGCGATT-1,pbmc3k-capture1,pbmc3k-public-donor,1322,4090.0,99.0,2.420538,0.0,0.0,32.0,0.7823961,1.0,0.024449877,932.0,22.787287,False,False,False,True,False,False,True,False,False,0.28559530766065,singlet,pbmc3k-capture1,True,
CCAGCGGAAAGGCG-1,pbmc3k-capture1,pbmc3k-public-donor,640,1572.0,35.0,2.226463,0.0,0.0,13.0,0.826972,0.0,0.0,487.0,30.979645,False,False,False,True,False,False,False,False,False,0.0689534084727072,singlet,pbmc3k-capture1,True,
CCAGCGGACGACTA-1,pbmc3k-capture1,pbmc3k-public-donor,886,2454.0,51.0,2.0782397,0.0,0.0,14.0,0.57049716,0.0,0.0,626.0,25.509373,False,False,False,True,False,False,False,False,False,0.165321312491522,singlet,pbmc3k-capture1,True,
CCAGCGGATGGGAG-1,pbmc3k-capture1,pbmc3k-public-donor,1075,3218.0,36.0,1.1187073,0.0,0.0,38.0,1.1808577,0.0,0.0,1299.0,40.366688,False,False,False,True,False,False,False,False,False,0.428920527738238,singlet,pbmc3k-capture1,True,
CCAGCTACACAGTC-1,pbmc3k-capture1,pbmc3k-public-donor,689,1758.0,28.0,1.592719,0.0,0.0,42.0,2.3890786,0.0,0.0,693.0,39.419792,False,False,False,True,False,True,False,False,False,0.122689904418087,singlet,pbmc3k-capture1,True,
CCAGCTACCAGCTA-1,pbmc3k-capture1,pbmc3k-public-donor,524,1099.0,21.0,1.9108281,0.0,0.0,10.0,0.90991807,0.0,0.0,321.0,29.20837,False,True,False,False,False,False,False,False,False,,not_called_core_qc_fail,pbmc3k-capture1,False,fails_low_umis
CCAGGTCTACACCA-1,pbmc3k-capture1,pbmc3k-public-donor,606,1369.0,40.0,2.9218407,0.0,0.0,15.0,1.0956903,0.0,0.0,416.0,30.387146,False,False,False,True,False,False,False,False,False,0.0552323388400323,singlet,pbmc3k-capture1,True,
CCAGGTCTAGCATC-1,pbmc3k-capture1,pbmc3k-public-donor,802,1805.0,31.0,1.7174516,0.0,0.0,34.0,1.8836565,0.0,0.0,330.0,18.282549,False,False,False,True,False,False,False,False,False,0.137950305542104,singlet,pbmc3k-capture1,True,
CCAGGTCTATGGTC-1,pbmc3k-capture1,pbmc3k-public-donor,868,2849.0,53.0,1.860302,0.0,0.0,27.0,0.9477009,0.0,0.0,1228.0,43.102844,False,False,False,True,False,False,False,False,False,0.354838140399092,singlet,pbmc3k-capture1,True,
CCAGTCACACTGGT-1,pbmc3k-capture1,pbmc3k-public-donor,939,3251.0,120.0,3.691172,0.0,0.0,28.0,0.8612734,0.0,0.0,950.0,29.221779,False,False,False,True,False,False,False,False,False,0.130239427412425,singlet,pbmc3k-capture1,True,
CCAGTCACACTGTG-1,pbmc3k-capture1,pbmc3k-public-donor,753,1762.0,23.0,1.3053348,0.0,0.0,7.0,0.3972758,0.0,0.0,580.0,32.917137,False,False,False,True,False,False,False,False,False,0.0872841458921649,singlet,pbmc3k-capture1,True,
CCAGTCACGTTGTG-1,pbmc3k-capture1,pbmc3k-public-donor,770,2152.0,25.0,1.16171,0.0,0.0,16.0,0.7434944,0.0,0.0,911.0,42.332714,False,False,False,True,False,False,False,False,False,0.308201740051094,singlet,pbmc3k-capture1,True,
CCAGTCTGCGGAGA-1,pbmc3k-capture1,pbmc3k-public-donor,3422,15844.0,284.0,1.7924767,0.0,0.0,23.0,0.14516537,28.0,0.17672305,4061.0,25.631153,False,False,False,True,False,False,True,False,True,0.501038662379207,doublet,pbmc3k-capture1,False,scDblFinder_doublet
CCAGTGCTAACCAC-1,pbmc3k-capture1,pbmc3k-public-donor,1105,3400.0,51.0,1.5,0.0,0.0,45.0,1.3235295,0.0,0.0,1207.0,35.5,False,False,False,True,False,False,False,False,False,0.415810921688161,singlet,pbmc3k-capture1,True,
CCAGTGCTCGTAGT-1,pbmc3k-capture1,pbmc3k-public-donor,841,2562.0,55.0,2.1467605,0.0,0.0,4.0,0.15612802,0.0,0.0,1175.0,45.862606,False,False,False,True,False,False,False,False,False,0.243863976259816,singlet,pbmc3k-capture1,True,
CCATCCGAAAGCAA-1,pbmc3k-capture1,pbmc3k-public-donor,786,2457.0,90.0,3.663004,0.0,0.0,30.0,1.2210013,0.0,0.0,1062.0,43.223442,False,False,False,True,False,False,False,False,False,0.276978369923957,singlet,pbmc3k-capture1,True,
CCATCCGAACGACT-1,pbmc3k-capture1,pbmc3k-public-donor,445,930.0,24.0,2.580645,0.0,0.0,15.0,1.6129031,0.0,0.0,288.0,30.967743,True,True,False,False,False,False,False,False,False,,not_called_core_qc_fail,pbmc3k-capture1,False,fails_low_genes;fails_low_umis
CCATCCGAAGGTTC-1,pbmc3k-capture1,pbmc3k-public-donor,703,1806.0,23.0,1.2735326,0.0,0.0,14.0,0.7751938,0.0,0.0,719.0,39.81174,False,False,False,True,False,False,False,False,False,0.142896489536108,singlet,pbmc3k-capture1,True,
CCATCCGATTCGCC-1,pbmc3k-capture1,pbmc3k-public-donor,593,1314.0,41.0,3.1202435,0.0,0.0,36.0,2.739726,0.0,0.0,186.0,14.155251,False,False,False,True,False,True,False,False,False,0.0575029523096175,singlet,pbmc3k-capture1,True,
CCATCGTGAACGGG-1,pbmc3k-capture1,pbmc3k-public-donor,875,2207.0,37.0,1.6764839,0.0,0.0,26.0,1.1780698,1.0,0.045310378,729.0,33.031265,False,False,False,True,False,False,True,False,False,0.239229826419897,singlet,pbmc3k-capture1,True,
CCATCGTGCTAGAC-1,pbmc3k-capture1,pbmc3k-public-donor,901,2559.0,56.0,2.188355,0.0,0.0,19.0,0.74247754,0.0,0.0,498.0,19.460728,False,False,False,True,False,False,False,False,False,0.14917734369777,singlet,pbmc3k-capture1,True,
CCCAACACCTCGCT-1,pbmc3k-capture1,pbmc3k-public-donor,927,2866.0,47.0,1.6399162,0.0,0.0,0.0,0.0,0.0,0.0,1213.0,42.323795,False,False,False,True,False,False,False,False,False,0.101322014846827,singlet,pbmc3k-capture1,True,
CCCAACACGCATCA-1,pbmc3k-capture1,pbmc3k-public-donor,798,2201.0,31.0,1.4084507,0.0,0.0,57.0,2.589732,0.0,0.0,926.0,42.071785,False,False,False,True,False,True,False,False,False,0.121687070775556,singlet,pbmc3k-capture1,True,
CCCAACACTTTGTC-1,pbmc3k-capture1,pbmc3k-public-donor,1221,3442.0,71.0,2.0627542,0.0,0.0,17.0,0.4938989,0.0,0.0,707.0,20.540384,False,False,False,True,False,False,False,False,False,0.291820006610628,singlet,pbmc3k-capture1,True,
CCCAACTGCAATCG-1,pbmc3k-capture1,pbmc3k-public-donor,415,853.0,14.0,1.6412661,0.0,0.0,5.0,0.58616644,0.0,0.0,239.0,28.018757,True,True,False,False,False,False,False,False,False,,not_called_core_qc_fail,pbmc3k-capture1,False,fails_low_genes;fails_low_umis
CCCAGACTGCCTTC-1,pbmc3k-capture1,pbmc3k-public-donor,1381,4757.0,93.0,1.9550138,0.0,0.0,92.0,1.9339921,0.0,0.0,663.0,13.937356,False,False,False,True,False,True,False,False,True,0.339454304252829,singlet,pbmc3k-capture1,True,
CCCAGACTGGTTTG-1,pbmc3k-capture1,pbmc3k-public-donor,949,2559.0,39.0,1.5240328,0.0,0.0,26.0,1.0160218,0.0,0.0,974.0,38.061745,False,False,False,True,False,False,False,False,False,0.234076933640896,singlet,pbmc3k-capture1,True,
CCCAGACTTTCGCC-1,pbmc3k-capture1,pbmc3k-public-donor,1322,4412.0,115.0,2.6065278,0.0,0.0,11.0,0.24932003,0.0,0.0,1057.0,23.95739,False,False,False,True,False,False,False,False,True,0.155197018633942,singlet,pbmc3k-capture1,True,
CCCAGTTGCAGTTG-1,pbmc3k-capture1,pbmc3k-public-donor,1169,3416.0,64.0,1.8735362,0.0,0.0,41.0,1.2002343,0.0,0.0,834.0,24.41452,False,False,False,True,False,False,False,False,False,0.303844287934726,singlet,pbmc3k-capture1,True,
CCCAGTTGGGTACT-1,pbmc3k-capture1,pbmc3k-public-donor,745,1757.0,45.0,2.561184,0.0,0.0,16.0,0.9106431,0.0,0.0,575.0,32.72624,False,False,False,True,False,False,False,False,False,0.186355023065392,singlet,pbmc3k-capture1,True,
CCCAGTTGTCTATC-1,pbmc3k-capture1,pbmc3k-public-donor,727,1925.0,32.0,1.6623375,0.0,0.0,42.0,2.1818182,0.0,0.0,692.0,35.94805,False,False,False,True,False,True,False,False,False,0.103459415223389,singlet,pbmc3k-capture1,True,
CCCGATTGTGTTTC-1,pbmc3k-capture1,pbmc3k-public-donor,799,2273.0,73.0,3.2116146,0.0,0.0,42.0,1.8477783,0.0,0.0,875.0,38.49538,False,False,False,True,False,False,False,False,False,0.286025178642152,singlet,pbmc3k-capture1,True,
CCCGGAGAAGGGTG-1,pbmc3k-capture1,pbmc3k-public-donor,490,1019.0,17.0,1.6683023,0.0,0.0,4.0,0.3925417,0.0,0.0,240.0,23.552504,True,True,False,False,False,False,False,False,False,,not_called_core_qc_fail,pbmc3k-capture1,False,fails_low_genes;fails_low_umis
CCCTACGAATTGGC-1,pbmc3k-capture1,pbmc3k-public-donor,767,1865.0,25.0,1.3404826,0.0,0.0,19.0,1.0187668,0.0,0.0,219.0,11.742628,False,False,False,True,False,False,False,False,False,0.191815873424299,singlet,pbmc3k-capture1,True,
CCCTAGTGCAAAGA-1,pbmc3k-capture1,pbmc3k-public-donor,943,2448.0,52.0,2.1241832,0.0,0.0,41.0,1.6748366,0.0,0.0,819.0,33.455883,False,False,False,True,False,False,False,False,False,0.333719848203521,singlet,pbmc3k-capture1,True,
CCCTCAGACACTTT-1,pbmc3k-capture1,pbmc3k-public-donor,808,2070.0,36.0,1.7391304,0.0,0.0,12.0,0.5797102,0.0,0.0,750.0,36.231884,False,False,False,True,False,False,False,False,False,0.129554255743345,singlet,pbmc3k-capture1,True,
CCCTCAGACGAGAG-1,pbmc3k-capture1,pbmc3k-public-donor,926,2926.0,51.0,1.7429938,0.0,0.0,39.0,1.3328776,0.0,0.0,1221.0,41.72932,False,False,False,True,False,False,False,False,False,0.341898083446048,singlet,pbmc3k-capture1,True,
CCCTCAGAGGTCAT-1,pbmc3k-capture1,pbmc3k-public-donor,664,2024.0,33.0,1.6304348,0.0,0.0,25.0,1.2351779,0.0,0.0,928.0,45.849804,False,False,False,True,False,False,False,False,False,0.0819371164805363,singlet,pbmc3k-capture1,True,
CCCTGAACTAAAGG-1,pbmc3k-capture1,pbmc3k-public-donor,569,1533.0,30.0,1.9569471,0.0,0.0,2.0,0.13046315,0.0,0.0,695.0,45.33594,False,False,False,True,False,False,False,False,False,0.06775174539115,singlet,pbmc3k-capture1,True,
CCCTGATGCAACCA-1,pbmc3k-capture1,pbmc3k-public-donor,843,2914.0,51.0,1.7501715,0.0,0.0,17.0,0.58339053,0.0,0.0,1438.0,49.347977,False,False,False,True,False,False,False,False,False,0.267634663939734,singlet,pbmc3k-capture1,True,
CCCTGATGCAAGCT-1,pbmc3k-capture1,pbmc3k-public-donor,727,1846.0,35.0,1.8959913,0.0,0.0,19.0,1.0292524,0.0,0.0,682.0,36.944744,False,False,False,True,False,False,False,False,False,0.0876730270387619,singlet,pbmc3k-capture1,True,
CCCTTACTAACCAC-1,pbmc3k-capture1,pbmc3k-public-donor,1222,3561.0,90.0,2.52738,0.0,0.0,11.0,0.308902,0.0,0.0,800.0,22.465601,False,False,False,True,False,False,False,False,False,0.214758617966779,singlet,pbmc3k-capture1,True,
CCCTTACTGCAGTT-1,pbmc3k-capture1,pbmc3k-public-donor,457,973.0,18.0,1.8499486,0.0,0.0,7.0,0.7194245,0.0,0.0,389.0,39.979446,True,True,False,False,False,False,False,False,False,,not_called_core_qc_fail,pbmc3k-capture1,False,fails_low_genes;fails_low_umis
CCGAAAACCTTGTT-1,pbmc3k-capture1,pbmc3k-public-donor,1515,5147.0,132.0,2.5646007,0.0,0.0,29.0,0.563435,0.0,0.0,1080.0,20.983097,False,False,False,True,False,False,False,False,True,0.330300728675116,singlet,pbmc3k-capture1,True,
CCGACACTGGTTTG-1,pbmc3k-capture1,pbmc3k-public-donor,1138,3326.0,56.0,1.6837041,0.0,0.0,25.0,0.7516536,0.0,0.0,1262.0,37.943478,False,False,False,True,False,False,False,False,False,0.313305579344376,singlet,pbmc3k-capture1,True,
CCGACTACCCAGTA-1,pbmc3k-capture1,pbmc3k-public-donor,1174,3186.0,68.0,2.1343377,0.0,0.0,12.0,0.37664783,0.0,0.0,745.0,23.383553,False,False,False,True,False,False,False,False,False,0.197918808982148,singlet,pbmc3k-capture1,True,
CCGACTACCGTGTA-1,pbmc3k-capture1,pbmc3k-public-donor,525,1456.0,28.0,1.923077,0.0,0.0,24.0,1.6483518,0.0,0.0,659.0,45.26099,False,False,False,True,False,False,False,False,False,0.0615598987296746,singlet,pbmc3k-capture1,True,
CCGACTACTGAGGG-1,pbmc3k-capture1,pbmc3k-public-donor,878,2372.0,41.0,1.7284992,0.0,0.0,3.0,0.12647554,0.0,0.0,804.0,33.895447,False,False,False,True,False,False,False,False,False,0.416354993835806,singlet,pbmc3k-capture1,True,
CCGATAGACCTAAG-1,pbmc3k-capture1,pbmc3k-public-donor,525,1638.0,41.0,2.5030525,0.0,0.0,6.0,0.36630037,0.0,0.0,836.0,51.037853,False,False,False,True,False,False,False,False,False,0.0345146333462983,singlet,pbmc3k-capture1,True,
CCGATAGAGTTGGT-1,pbmc3k-capture1,pbmc3k-public-donor,999,2958.0,61.0,2.0622041,0.0,0.0,18.0,0.60851926,0.0,0.0,711.0,24.036512,False,False,False,True,False,False,False,False,False,0.181583931672645,singlet,pbmc3k-capture1,True,
CCGCGAGACACACA-1,pbmc3k-capture1,pbmc3k-public-donor,778,2109.0,72.0,3.4139402,0.0,0.0,30.0,1.4224751,0.0,0.0,487.0,23.091513,False,False,False,True,False,False,False,False,False,0.11014709143605,singlet,pbmc3k-capture1,True,
CCGCGAGAGGTTCA-1,pbmc3k-capture1,pbmc3k-public-donor,772,1965.0,39.0,1.9847327,0.0,0.0,19.0,0.9669211,0.0,0.0,698.0,35.52163,False,False,False,True,False,False,False,False,False,0.179088958761489,singlet,pbmc3k-capture1,True,
CCGCTATGGGACGA-1,pbmc3k-capture1,pbmc3k-public-donor,819,2000.0,50.0,2.5,0.0,0.0,17.0,0.85,0.0,0.0,657.0,32.85,False,False,False,True,False,False,False,False,False,0.157025882830376,singlet,pbmc3k-capture1,True,
CCGCTATGTGCAAC-1,pbmc3k-capture1,pbmc3k-public-donor,1015,2523.0,61.0,2.4177566,0.0,0.0,8.0,0.31708282,0.0,0.0,494.0,19.579865,False,False,False,True,False,False,False,False,False,0.194098305654806,singlet,pbmc3k-capture1,True,
CCGCTATGTGCACA-1,pbmc3k-capture1,pbmc3k-public-donor,939,2854.0,62.0,2.1723895,0.0,0.0,18.0,0.63069373,0.0,0.0,708.0,24.807287,False,False,False,True,False,False,False,False,False,0.175940544603577,singlet,pbmc3k-capture1,True,
CCGGTACTGTCCTC-1,pbmc3k-capture1,pbmc3k-public-donor,856,2496.0,60.0,2.4038463,0.0,0.0,21.0,0.8413462,0.0,0.0,1008.0,40.384613,False,False,False,True,False,False,False,False,False,0.401313459057317,singlet,pbmc3k-capture1,True,
CCGTACACAAGCAA-1,pbmc3k-capture1,pbmc3k-public-donor,715,1745.0,27.0,1.5472779,0.0,0.0,25.0,1.4326648,0.0,0.0,713.0,40.859596,False,False,False,True,False,False,False,False,False,0.224346894385267,singlet,pbmc3k-capture1,True,
CCGTACACAGCGTT-1,pbmc3k-capture1,pbmc3k-public-donor,793,2007.0,26.0,1.2954658,0.0,0.0,9.0,0.4484305,0.0,0.0,672.0,33.48281,False,False,False,True,False,False,False,False,False,0.160995215785024,singlet,pbmc3k-capture1,True,
CCGTACACGTCATG-1,pbmc3k-capture1,pbmc3k-public-donor,837,2076.0,61.0,2.938343,0.0,0.0,1.0,0.048169557,1.0,0.048169557,562.0,27.071291,False,False,False,True,False,False,True,False,False,0.16792165024951,singlet,pbmc3k-capture1,True,
CCGTACACGTTGGT-1,pbmc3k-capture1,pbmc3k-public-donor,1193,3297.0,72.0,2.1838036,0.0,0.0,15.0,0.45495903,0.0,0.0,858.0,26.023659,False,False,False,True,False,False,False,False,False,0.247576646902827,singlet,pbmc3k-capture1,True,
CCGTACACTAACGC-1,pbmc3k-capture1,pbmc3k-public-donor,764,2042.0,80.0,3.9177277,0.0,0.0,11.0,0.5386875,0.0,0.0,730.0,35.749264,False,False,False,True,False,False,False,False,False,0.162174001475083,singlet,pbmc3k-capture1,True,
CCTAAACTTTCGTT-1,pbmc3k-capture1,pbmc3k-public-donor,834,2353.0,22.0,0.93497664,0.0,0.0,21.0,0.8924777,0.0,0.0,978.0,41.56396,False,False,False,True,False,False,False,False,False,0.133549868847187,singlet,pbmc3k-capture1,True,
CCTAAGGACCCAAA-1,pbmc3k-capture1,pbmc3k-public-donor,677,2056.0,36.0,1.7509726,0.0,0.0,19.0,0.9241245,0.0,0.0,986.0,47.9572,False,False,False,True,False,False,False,False,False,0.116079092738333,singlet,pbmc3k-capture1,True,
CCTAAGGACTAGCA-1,pbmc3k-capture1,pbmc3k-public-donor,625,1516.0,56.0,3.6939316,0.0,0.0,11.0,0.7255936,0.0,0.0,373.0,24.604221,False,False,False,True,False,False,False,False,False,0.0933369638751943,singlet,pbmc3k-capture1,True,
CCTAAGGAGGGCAA-1,pbmc3k-capture1,pbmc3k-public-donor,420,796.0,20.0,2.5125628,0.0,0.0,8.0,1.0050251,0.0,0.0,208.0,26.130653,True,True,False,False,False,False,False,False,False,,not_called_core_qc_fail,pbmc3k-capture1,False,fails_low_genes;fails_low_umis
CCTAAGGATGATGC-1,pbmc3k-capture1,pbmc3k-public-donor,837,2520.0,32.0,1.2698413,0.0,0.0,42.0,1.6666667,0.0,0.0,1058.0,41.984127,False,False,False,True,False,False,False,False,False,0.227892489515361,singlet,pbmc3k-capture1,True,
CCTAAGGATGTCAG-1,pbmc3k-capture1,pbmc3k-public-donor,874,2882.0,50.0,1.7349062,0.0,0.0,36.0,1.2491326,1.0,0.034698125,1275.0,44.240112,False,False,False,True,False,False,True,False,False,0.120487684033722,singlet,pbmc3k-capture1,True,
CCTACCGACTCTTA-1,pbmc3k-capture1,pbmc3k-public-donor,679,1893.0,30.0,1.5847859,0.0,0.0,11.0,0.5810882,0.0,0.0,845.0,44.63814,False,False,False,True,False,False,False,False,False,0.136972760051975,singlet,pbmc3k-capture1,True,
CCTACCGAGGGATG-1,pbmc3k-capture1,pbmc3k-public-donor,811,2344.0,39.0,1.6638225,0.0,0.0,20.0,0.85324234,1.0,0.042662114,1023.0,43.643345,False,False,False,True,False,False,True,False,False,0.184419190362335,singlet,pbmc3k-capture1,True,
CCTAGAGAGGTGAG-1,pbmc3k-capture1,pbmc3k-public-donor,546,1388.0,20.0,1.4409221,0.0,0.0,6.0,0.43227667,0.0,0.0,559.0,40.273777,False,False,False,True,False,False,False,False,False,0.0793940945365313,singlet,pbmc3k-capture1,True,
CCTATAACCAAAGA-1,pbmc3k-capture1,pbmc3k-public-donor,787,2562.0,60.0,2.3419204,0.0,0.0,45.0,1.7564403,0.0,0.0,1230.0,48.00937,False,False,False,True,False,False,False,False,False,0.14580034255482,singlet,pbmc3k-capture1,True,
CCTATAACGAGACG-1,pbmc3k-capture1,pbmc3k-public-donor,587,1506.0,36.0,2.3904383,0.0,0.0,46.0,3.054449,0.0,0.0,313.0,20.783533,False,False,False,True,False,True,False,False,False,0.0802801821741939,singlet,pbmc3k-capture1,True,
CCTATAACTCAGAC-1,pbmc3k-capture1,pbmc3k-public-donor,821,2663.0,33.0,1.2392039,0.0,0.0,38.0,1.4269621,0.0,0.0,1216.0,45.66279,False,False,False,True,False,False,False,False,False,0.116874208284598,singlet,pbmc3k-capture1,True,
CCTATAACTGCATG-1,pbmc3k-capture1,pbmc3k-public-donor,669,1721.0,36.0,2.0918071,0.0,0.0,6.0,0.3486345,0.0,0.0,302.0,17.547937,False,False,False,True,False,False,False,False,False,0.0651030394804431,singlet,pbmc3k-capture1,True,
CCTCGAACACTTTC-1,pbmc3k-capture1,pbmc3k-public-donor,813,1644.0,32.0,1.946472,0.0,0.0,16.0,0.973236,0.0,0.0,229.0,13.9294405,False,False,False,True,False,False,False,False,False,0.104777413031842,singlet,pbmc3k-capture1,True,
CCTCGAACCCGTAA-1,pbmc3k-capture1,pbmc3k-public-donor,780,2060.0,45.0,2.1844661,0.0,0.0,29.0,1.4077669,0.0,0.0,352.0,17.08738,False,False,False,True,False,False,False,False,False,0.105609563326396,singlet,pbmc3k-capture1,True,
CCTCGAACGTATCG-1,pbmc3k-capture1,pbmc3k-public-donor,649,1619.0,42.0,2.594194,0.0,0.0,27.0,1.667696,0.0,0.0,616.0,38.04818,False,False,False,True,False,False,False,False,False,0.210597733178986,singlet,pbmc3k-capture1,True,
CCTCGAACTTACTC-1,pbmc3k-capture1,pbmc3k-public-donor,924,3184.0,63.0,1.9786432,0.0,0.0,26.0,0.8165829,0.0,0.0,1461.0,45.885677,False,False,False,True,False,False,False,False,False,0.374101129550426,singlet,pbmc3k-capture1,True,
CCTCTACTCTTCGC-1,pbmc3k-capture1,pbmc3k-public-donor,1322,4464.0,101.0,2.2625449,0.0,0.0,26.0,0.5824373,0.0,0.0,1290.0,28.897848,False,False,False,True,False,False,False,False,True,0.519455463587693,doublet,pbmc3k-capture1,False,scDblFinder_doublet
CCTCTACTGGCATT-1,pbmc3k-capture1,pbmc3k-public-donor,701,2176.0,33.0,1.5165441,0.0,0.0,13.0,0.5974265,1.0,0.04595588,977.0,44.8989,False,False,False,True,False,False,True,False,False,0.115540947236509,singlet,pbmc3k-capture1,True,
CCTGACTGAAGTAG-1,pbmc3k-capture1,pbmc3k-public-donor,792,2128.0,69.0,3.2424812,0.0,0.0,38.0,1.7857144,0.0,0.0,751.0,35.29135,False,False,False,True,False,False,False,False,False,0.137092462911847,singlet,pbmc3k-capture1,True,
CCTGACTGGGGAGT-1,pbmc3k-capture1,pbmc3k-public-donor,817,2543.0,35.0,1.3763272,0.0,0.0,17.0,0.66850173,0.0,0.0,1117.0,43.9245,False,False,False,True,False,False,False,False,False,0.162972764885202,singlet,pbmc3k-capture1,True,
CCTGACTGTGTCTT-1,pbmc3k-capture1,pbmc3k-public-donor,667,1619.0,63.0,3.8912911,0.0,0.0,19.0,1.173564,0.0,0.0,528.0,32.612724,False,False,False,True,False,False,False,False,False,0.0890589569068833,singlet,pbmc3k-capture1,True,
CCTGCAACACGTTG-1,pbmc3k-capture1,pbmc3k-public-donor,804,2096.0,48.0,2.2900765,0.0,0.0,47.0,2.2423663,0.0,0.0,540.0,25.76336,False,False,False,True,False,True,False,False,False,0.45361736100743,doublet,pbmc3k-capture1,False,scDblFinder_doublet
CCTGGACTCGTGAT-1,pbmc3k-capture1,pbmc3k-public-donor,593,1354.0,19.0,1.4032496,0.0,0.0,11.0,0.8124077,0.0,0.0,507.0,37.44461,False,False,False,True,False,False,False,False,False,0.139703624187809,singlet,pbmc3k-capture1,True,
CCTTAATGCCCAAA-1,pbmc3k-capture1,pbmc3k-public-donor,740,1853.0,37.0,1.9967619,0.0,0.0,16.0,0.86346465,0.0,0.0,724.0,39.071774,False,False,False,True,False,False,False,False,False,0.082746752758611,singlet,pbmc3k-capture1,True,
CCTTAATGTTCTAC-1,pbmc3k-capture1,pbmc3k-public-donor,1243,3834.0,145.0,3.781951,0.0,0.0,37.0,0.96504956,0.0,0.0,854.0,22.274387,False,False,False,True,False,False,False,False,False,0.296193071049181,singlet,pbmc3k-capture1,True,
CCTTCACTACGACT-1,pbmc3k-capture1,pbmc3k-public-donor,859,2168.0,30.0,1.3837638,0.0,0.0,24.0,1.1070111,1.0,0.04612546,871.0,40.175278,False,False,False,True,False,False,True,False,False,0.37359039377698,singlet,pbmc3k-capture1,True,
CCTTCACTCAGTCA-1,pbmc3k-capture1,pbmc3k-public-donor,685,1420.0,40.0,2.8169014,0.0,0.0,7.0,0.49295774,0.0,0.0,377.0,26.549295,False,False,False,True,False,False,False,False,False,0.15930719922253,singlet,pbmc3k-capture1,True,
CCTTCACTGGAGTG-1,pbmc3k-capture1,pbmc3k-public-donor,596,1657.0,34.0,2.051901,0.0,0.0,8.0,0.48280025,0.0,0.0,519.0,31.321665,False,False,False,True,False,False,False,False,False,0.0953717852423588,singlet,pbmc3k-capture1,True,
CCTTTAGATTCATC-1,pbmc3k-capture1,pbmc3k-public-donor,1193,3507.0,77.0,2.1956089,0.0,0.0,42.0,1.1976049,0.0,0.0,795.0,22.668947,False,False,False,True,False,False,False,False,False,0.312406807239841,singlet,pbmc3k-capture1,True,
CGAACATGCCCTAC-1,pbmc3k-capture1,pbmc3k-public-donor,859,2322.0,58.0,2.4978466,0.0,0.0,19.0,0.81826013,0.0,0.0,603.0,25.968992,False,False,False,True,False,False,False,False,False,0.181918788165709,singlet,pbmc3k-capture1,True,
CGAACATGTCAGAC-1,pbmc3k-capture1,pbmc3k-public-donor,775,2211.0,32.0,1.4473089,0.0,0.0,16.0,0.72365445,0.0,0.0,759.0,34.328358,False,False,False,True,False,False,False,False,False,0.300758446193785,singlet,pbmc3k-capture1,True,
CGAAGACTGGAACG-1,pbmc3k-capture1,pbmc3k-public-donor,947,2444.0,68.0,2.782324,0.0,0.0,35.0,1.4320785,0.0,0.0,768.0,31.423897,False,False,False,True,False,False,False,False,False,0.253314227332656,singlet,pbmc3k-capture1,True,
CGAAGACTGTTACG-1,pbmc3k-capture1,pbmc3k-public-donor,689,1737.0,49.0,2.8209555,0.0,0.0,24.0,1.3816925,1.0,0.057570525,537.0,30.91537,False,False,False,True,False,False,True,False,False,0.0941682891820444,singlet,pbmc3k-capture1,True,
CGAAGGGAAACCTG-1,pbmc3k-capture1,pbmc3k-public-donor,907,2158.0,26.0,1.2048192,0.0,0.0,8.0,0.37071362,0.0,0.0,647.0,29.981464,False,False,False,True,False,False,False,False,False,0.257253646288962,singlet,pbmc3k-capture1,True,
CGAAGGGATCCGAA-1,pbmc3k-capture1,pbmc3k-public-donor,734,1837.0,36.0,1.9597169,0.0,0.0,15.0,0.8165487,1.0,0.05443658,664.0,36.14589,False,False,False,True,False,False,True,False,False,0.177063515426382,singlet,pbmc3k-capture1,True,
CGAAGTACCAACTG-1,pbmc3k-capture1,pbmc3k-public-donor,621,1565.0,39.0,2.4920127,0.0,0.0,14.0,0.8945687,0.0,0.0,652.0,41.661343,False,False,False,True,False,False,False,False,False,0.0524797203817285,singlet,pbmc3k-capture1,True,
CGAATCGAGGAGCA-1,pbmc3k-capture1,pbmc3k-public-donor,336,581.0,19.0,3.2702236,0.0,0.0,4.0,0.68846816,0.0,0.0,119.0,20.481928,True,True,False,False,False,False,False,False,False,,not_called_core_qc_fail,pbmc3k-capture1,False,fails_low_genes;fails_low_umis
CGAATCGAGGAGGT-1,pbmc3k-capture1,pbmc3k-public-donor,922,2512.0,48.0,1.9108281,0.0,0.0,17.0,0.6767516,0.0,0.0,993.0,39.530254,False,False,False,True,False,False,False,False,False,0.38137159667954,singlet,pbmc3k-capture1,True,
CGACAAACCCATAG-1,pbmc3k-capture1,pbmc3k-public-donor,802,2871.0,46.0,1.6022291,0.0,0.0,4.0,0.13932428,0.0,0.0,1320.0,45.977013,False,False,False,True,False,False,False,False,False,0.211946862249047,singlet,pbmc3k-capture1,True,
CGACAAACCGACAT-1,pbmc3k-capture1,pbmc3k-public-donor,812,2098.0,27.0,1.2869399,0.0,0.0,15.0,0.71496665,0.0,0.0,751.0,35.795994,False,False,False,True,False,False,False,False,False,0.238788952481309,singlet,pbmc3k-capture1,True,
CGACCACTAAAGTG-1,pbmc3k-capture1,pbmc3k-public-donor,941,1934.0,39.0,2.016546,0.0,0.0,6.0,0.31023785,0.0,0.0,326.0,16.856256,False,False,False,True,False,False,False,False,False,0.120636691647649,singlet,pbmc3k-capture1,True,
CGACCACTGCCAAT-1,pbmc3k-capture1,pbmc3k-public-donor,943,1850.0,55.0,2.9729729,0.0,0.0,2.0,0.10810811,0.0,0.0,273.0,14.756757,False,False,False,True,False,False,False,False,False,0.187312317080459,singlet,pbmc3k-capture1,True,
CGACCGGAAGGTCT-1,pbmc3k-capture1,pbmc3k-public-donor,868,2728.0,55.0,2.016129,0.0,0.0,33.0,1.2096773,0.0,0.0,1273.0,46.664223,False,False,False,True,False,False,False,False,False,0.140129473571462,singlet,pbmc3k-capture1,True,
CGACCGGATGGAAA-1,pbmc3k-capture1,pbmc3k-public-donor,947,2698.0,64.0,2.3721275,0.0,0.0,40.0,1.4825797,0.0,0.0,1044.0,38.695328,False,False,False,True,False,False,False,False,False,0.386564127635013,singlet,pbmc3k-capture1,True,
CGACCTTGCTAGTG-1,pbmc3k-capture1,pbmc3k-public-donor,767,1977.0,18.0,0.9104704,0.0,0.0,13.0,0.65756196,1.0,0.05058169,640.0,32.37228,False,False,False,True,False,False,True,False,False,0.173925898107579,singlet,pbmc3k-capture1,True,
CGACCTTGGCAAGG-1,pbmc3k-capture1,pbmc3k-public-donor,341,865.0,88.0,10.17341,0.0,0.0,2.0,0.23121387,0.0,0.0,357.0,41.27168,True,True,True,False,False,False,False,False,False,,not_called_core_qc_fail,pbmc3k-capture1,False,fails_low_genes;fails_low_umis;fails_mt
CGACGTCTATCGTG-1,pbmc3k-capture1,pbmc3k-public-donor,701,2043.0,48.0,2.349486,0.0,0.0,4.0,0.1957905,0.0,0.0,849.0,41.556534,False,False,False,True,False,False,False,False,False,0.268378299285444,singlet,pbmc3k-capture1,True,
CGACGTCTCGTGTA-1,pbmc3k-capture1,pbmc3k-public-donor,692,1954.0,44.0,2.2517912,0.0,0.0,2.0,0.10235415,0.0,0.0,833.0,42.6305,False,False,False,True,False,False,False,False,False,0.171068677280496,singlet,pbmc3k-capture1,True,
CGACGTCTGAGGCA-1,pbmc3k-capture1,pbmc3k-public-donor,423,1057.0,14.0,1.3245033,0.0,0.0,7.0,0.66225165,0.0,0.0,467.0,44.181644,True,True,False,False,False,False,False,False,False,,not_called_core_qc_fail,pbmc3k-capture1,False,fails_low_genes;fails_low_umis
CGACTCACGTCGTA-1,pbmc3k-capture1,pbmc3k-public-donor,775,2160.0,50.0,2.3148148,0.0,0.0,16.0,0.7407407,0.0,0.0,869.0,40.23148,False,False,False,True,False,False,False,False,False,0.270037936125145,singlet,pbmc3k-capture1,True,
CGACTCACGTTGCA-1,pbmc3k-capture1,pbmc3k-public-donor,500,1093.0,34.0,3.1107047,0.0,0.0,2.0,0.18298261,0.0,0.0,411.0,37.60293,True,True,False,False,False,False,False,False,False,,not_called_core_qc_fail,pbmc3k-capture1,False,fails_low_genes;fails_low_umis
CGACTCTGTGTGAC-1,pbmc3k-capture1,pbmc3k-public-donor,1100,3131.0,47.0,1.5011178,0.0,0.0,29.0,0.9262216,0.0,0.0,1252.0,39.987225,False,False,False,True,False,False,False,False,False,0.338939758365322,singlet,pbmc3k-capture1,True,
CGACTGCTTCCTCG-1,pbmc3k-capture1,pbmc3k-public-donor,812,2015.0,32.0,1.5880893,0.0,0.0,22.0,1.0918114,0.0,0.0,402.0,19.950373,False,False,False,True,False,False,False,False,False,0.210676483820008,singlet,pbmc3k-capture1,True,
CGAGAACTAAGGCG-1,pbmc3k-capture1,pbmc3k-public-donor,728,1913.0,51.0,2.6659698,0.0,0.0,2.0,0.10454783,1.0,0.052273914,765.0,39.989548,False,False,False,True,False,False,True,False,False,0.199475363475934,singlet,pbmc3k-capture1,True,
CGAGAACTACGTTG-1,pbmc3k-capture1,pbmc3k-public-donor,616,1842.0,52.0,2.8230186,0.0,0.0,25.0,1.3572204,1.0,0.05428882,767.0,41.639523,False,False,False,True,False,False,True,False,False,0.086638131223413,singlet,pbmc3k-capture1,True,
CGAGAACTTGTTCT-1,pbmc3k-capture1,pbmc3k-public-donor,928,2551.0,38.0,1.4896119,0.0,0.0,27.0,1.0584084,1.0,0.039200313,473.0,18.541748,False,False,False,True,False,False,True,False,False,0.0817089543381855,singlet,pbmc3k-capture1,True,
CGAGATTGGACACT-1,pbmc3k-capture1,pbmc3k-public-donor,835,1943.0,29.0,1.4925373,0.0,0.0,13.0,0.66906846,0.0,0.0,510.0,26.24807,False,False,False,True,False,False,False,False,False,0.162181439320792,singlet,pbmc3k-capture1,True,
CGAGATTGGCCATA-1,pbmc3k-capture1,pbmc3k-public-donor,454,1042.0,28.0,2.6871402,0.0,0.0,0.0,0.0,1.0,0.09596929,257.0,24.664106,True,True,False,False,False,False,True,False,False,,not_called_core_qc_fail,pbmc3k-capture1,False,fails_low_genes;fails_low_umis
CGAGCCGAACACCA-1,pbmc3k-capture1,pbmc3k-public-donor,812,2385.0,74.0,3.1027253,0.0,0.0,33.0,1.3836478,0.0,0.0,978.0,41.006287,False,False,False,True,False,False,False,False,False,0.253821543163816,singlet,pbmc3k-capture1,True,
CGAGCCGACGACAT-1,pbmc3k-capture1,pbmc3k-public-donor,566,1354.0,89.0,6.573117,0.0,0.0,9.0,0.66469723,0.0,0.0,418.0,30.871492,False,False,True,False,False,False,False,False,False,,not_called_core_qc_fail,pbmc3k-capture1,False,fails_mt
CGAGCCGAGGCGAA-1,pbmc3k-capture1,pbmc3k-public-donor,769,2447.0,80.0,3.2693093,0.0,0.0,7.0,0.28606457,0.0,0.0,1078.0,44.053944,False,False,False,True,False,False,False,False,False,0.265537645187674,singlet,pbmc3k-capture1,True,
CGAGCGTGCTCCAC-1,pbmc3k-capture1,pbmc3k-public-donor,1058,3303.0,69.0,2.08901,0.0,0.0,32.0,0.9688162,0.0,0.0,1338.0,40.50863,False,False,False,True,False,False,False,False,False,0.591006665270826,doublet,pbmc3k-capture1,False,scDblFinder_doublet
CGAGCGTGGATACC-1,pbmc3k-capture1,pbmc3k-public-donor,914,3360.0,48.0,1.4285715,0.0,0.0,26.0,0.77380955,0.0,0.0,1505.0,44.791664,False,False,False,True,False,False,False,False,False,0.358946358197337,singlet,pbmc3k-capture1,True,
CGAGCGTGTATGCG-1,pbmc3k-capture1,pbmc3k-public-donor,628,1530.0,56.0,3.660131,0.0,0.0,15.0,0.9803922,0.0,0.0,390.0,25.490198,False,False,False,True,False,False,False,False,False,0.0712051880123797,singlet,pbmc3k-capture1,True,
CGAGGAGACCTCCA-1,pbmc3k-capture1,pbmc3k-public-donor,649,1531.0,35.0,2.2860875,0.0,0.0,15.0,0.9797518,0.0,0.0,538.0,35.14043,False,False,False,True,False,False,False,False,False,0.0507499874224886,singlet,pbmc3k-capture1,True,
CGAGGAGATGTCGA-1,pbmc3k-capture1,pbmc3k-public-donor,452,1069.0,36.0,3.3676333,0.0,0.0,14.0,1.3096352,0.0,0.0,425.0,39.756783,True,True,False,False,False,False,False,False,False,,not_called_core_qc_fail,pbmc3k-capture1,False,fails_low_genes;fails_low_umis
CGAGGCACCTATGG-1,pbmc3k-capture1,pbmc3k-public-donor,754,1975.0,37.0,1.8734177,0.0,0.0,0.0,0.0,0.0,0.0,589.0,29.822784,False,False,False,True,False,False,False,False,False,0.169360102276381,singlet,pbmc3k-capture1,True,
CGAGGCACTATGCG-1,pbmc3k-capture1,pbmc3k-public-donor,1327,4177.0,121.0,2.896816,0.0,0.0,20.0,0.47881255,0.0,0.0,1041.0,24.922194,False,False,False,True,False,False,False,False,False,0.26042680320254,singlet,pbmc3k-capture1,True,
CGAGGCACTCTTCA-1,pbmc3k-capture1,pbmc3k-public-donor,776,1827.0,35.0,1.9157088,0.0,0.0,21.0,1.1494253,0.0,0.0,629.0,34.428024,False,False,False,True,False,False,False,False,False,0.306227454140195,singlet,pbmc3k-capture1,True,
CGAGGCTGACGCTA-1,pbmc3k-capture1,pbmc3k-public-donor,670,1373.0,27.0,1.9664967,0.0,0.0,2.0,0.14566644,0.0,0.0,312.0,22.723963,False,False,False,True,False,False,False,False,False,0.0326896090057283,singlet,pbmc3k-capture1,True,
CGAGGCTGGCAGTT-1,pbmc3k-capture1,pbmc3k-public-donor,1017,2940.0,65.0,2.2108843,0.0,0.0,28.0,0.952381,1.0,0.034013607,703.0,23.911564,False,False,False,True,False,False,True,False,False,0.15584594183909,singlet,pbmc3k-capture1,True,
CGAGGGCTACGACT-1,pbmc3k-capture1,pbmc3k-public-donor,599,1663.0,35.0,2.1046302,0.0,0.0,15.0,0.90198433,1.0,0.06013229,718.0,43.174984,False,False,False,True,False,False,True,False,False,0.0681593142455678,singlet,pbmc3k-capture1,True,
CGAGGGCTCGAATC-1,pbmc3k-capture1,pbmc3k-public-donor,431,905.0,26.0,2.8729281,0.0,0.0,16.0,1.7679558,0.0,0.0,321.0,35.469612,True,True,False,False,False,False,False,False,False,,not_called_core_qc_fail,pbmc3k-capture1,False,fails_low_genes;fails_low_umis
CGAGTATGTCACCC-1,pbmc3k-capture1,pbmc3k-public-donor,967,2745.0,92.0,3.3515482,0.0,0.0,21.0,0.76502734,0.0,0.0,468.0,17.04918,False,False,False,True,False,False,False,False,False,0.227766502943686,singlet,pbmc3k-capture1,True,
CGATACGAACAGTC-1,pbmc3k-capture1,pbmc3k-public-donor,1077,3047.0,55.0,1.8050542,0.0,0.0,29.0,0.95175576,0.0,0.0,682.0,22.382671,False,False,False,True,False,False,False,False,False,0.22653048512023,singlet,pbmc3k-capture1,True,
CGATACGACAGGAG-1,pbmc3k-capture1,pbmc3k-public-donor,2033,6733.0,149.0,2.2129807,0.0,0.0,9.0,0.13366999,8.0,0.11881776,1226.0,18.208822,False,False,False,True,False,False,True,False,True,0.481313303469302,doublet,pbmc3k-capture1,False,scDblFinder_doublet
CGATACGATTCACT-1,pbmc3k-capture1,pbmc3k-public-donor,731,2023.0,29.0,1.4335146,0.0,0.0,2.0,0.09886307,0.0,0.0,713.0,35.244686,False,False,False,True,False,False,False,False,False,0.031195184566354,singlet,pbmc3k-capture1,True,
CGATAGACCCGTAA-1,pbmc3k-capture1,pbmc3k-public-donor,533,1222.0,45.0,3.6824877,0.0,0.0,8.0,0.6546645,0.0,0.0,300.0,24.549917,False,False,False,True,False,False,False,False,False,0.0239358419604337,singlet,pbmc3k-capture1,True,
CGATAGACCGTACA-1,pbmc3k-capture1,pbmc3k-public-donor,926,2090.0,16.0,0.76555026,0.0,0.0,20.0,0.9569378,0.0,0.0,554.0,26.507177,False,False,False,True,False,False,False,False,False,0.199006358231793,singlet,pbmc3k-capture1,True,
CGATAGACGTAGGG-1,pbmc3k-capture1,pbmc3k-public-donor,725,1830.0,55.0,3.0054646,0.0,0.0,23.0,1.2568306,0.0,0.0,501.0,27.377048,False,False,False,True,False,False,False,False,False,0.118338804349853,singlet,pbmc3k-capture1,True,
CGATAGACTGTTCT-1,pbmc3k-capture1,pbmc3k-public-donor,559,1299.0,30.0,2.3094687,0.0,0.0,11.0,0.8468052,0.0,0.0,535.0,41.185528,False,False,False,True,False,False,False,False,False,0.128932127151625,singlet,pbmc3k-capture1,True,
CGATCAGAAGAACA-1,pbmc3k-capture1,pbmc3k-public-donor,870,2199.0,48.0,2.1828103,0.0,0.0,14.0,0.63665307,0.0,0.0,771.0,35.061394,False,False,False,True,False,False,False,False,False,0.33406803090131,singlet,pbmc3k-capture1,True,
CGATCAGAGAGGGT-1,pbmc3k-capture1,pbmc3k-public-donor,964,2723.0,55.0,2.019831,0.0,0.0,12.0,0.44069043,0.0,0.0,1020.0,37.458687,False,False,False,True,False,False,False,False,False,0.225075143200066,singlet,pbmc3k-capture1,True,
CGATCAGAGGTACT-1,pbmc3k-capture1,pbmc3k-public-donor,1341,5142.0,59.0,1.1474135,0.0,0.0,55.0,1.0696226,0.0,0.0,2287.0,44.476856,False,False,False,True,False,False,False,False,True,0.601773257843913,doublet,pbmc3k-capture1,False,scDblFinder_doublet
CGATCAGATGTGAC-1,pbmc3k-capture1,pbmc3k-public-donor,1981,6916.0,68.0,0.9832273,0.0,0.0,82.0,1.1856564,0.0,0.0,1826.0,26.402546,False,False,False,True,False,False,False,False,True,0.423220855421899,singlet,pbmc3k-capture1,True,
CGATCCACCGGGAA-1,pbmc3k-capture1,pbmc3k-public-donor,1103,3231.0,72.0,2.2284122,0.0,0.0,24.0,0.74280405,0.0,0.0,1066.0,32.99288,False,False,False,True,False,False,False,False,False,0.294525728666271,singlet,pbmc3k-capture1,True,
CGATCCACTTCCAT-1,pbmc3k-capture1,pbmc3k-public-donor,326,591.0,12.0,2.0304568,0.0,0.0,6.0,1.0152284,0.0,0.0,204.0,34.517765,True,True,False,False,False,False,False,False,False,,not_called_core_qc_fail,pbmc3k-capture1,False,fails_low_genes;fails_low_umis
CGCAAATGCTCGAA-1,pbmc3k-capture1,pbmc3k-public-donor,428,1012.0,47.0,4.644269,0.0,0.0,4.0,0.39525694,0.0,0.0,405.0,40.019764,True,True,False,False,False,False,False,False,False,,not_called_core_qc_fail,pbmc3k-capture1,False,fails_low_genes;fails_low_umis
CGCAACCTCCTTGC-1,pbmc3k-capture1,pbmc3k-public-donor,808,2312.0,35.0,1.5138408,0.0,0.0,26.0,1.1245674,1.0,0.043252595,897.0,38.797577,False,False,False,True,False,False,True,False,False,0.25194911515706,singlet,pbmc3k-capture1,True,
CGCAACCTGGACGA-1,pbmc3k-capture1,pbmc3k-public-donor,821,2322.0,46.0,1.9810508,0.0,0.0,6.0,0.25839794,0.0,0.0,961.0,41.386734,False,False,False,True,False,False,False,False,False,0.314554340736181,singlet,pbmc3k-capture1,True,
CGCACGGAGGACGA-1,pbmc3k-capture1,pbmc3k-public-donor,554,1171.0,29.0,2.4765158,0.0,0.0,8.0,0.68317676,0.0,0.0,401.0,34.244236,False,False,False,True,False,False,False,False,False,0.0375719348412412,singlet,pbmc3k-capture1,True,
CGCACGGATCTTTG-1,pbmc3k-capture1,pbmc3k-public-donor,596,1932.0,62.0,3.2091095,0.0,0.0,13.0,0.67287785,0.0,0.0,941.0,48.706005,False,False,False,True,False,False,False,False,False,0.0598928082441587,singlet,pbmc3k-capture1,True,
CGCACTACAGAATG-1,pbmc3k-capture1,pbmc3k-public-donor,680,1864.0,23.0,1.2339056,0.0,0.0,25.0,1.3412018,0.0,0.0,769.0,41.255363,False,False,False,True,False,False,False,False,False,0.192757242210373,singlet,pbmc3k-capture1,True,
CGCACTACAGCCAT-1,pbmc3k-capture1,pbmc3k-public-donor,1034,3379.0,35.0,1.0358094,0.0,0.0,40.0,1.1837821,0.0,0.0,1378.0,40.781296,False,False,False,True,False,False,False,False,False,0.371219750864126,singlet,pbmc3k-capture1,True,
CGCACTACATTGGC-1,pbmc3k-capture1,pbmc3k-public-donor,849,2816.0,51.0,1.8110795,0.0,0.0,10.0,0.35511366,0.0,0.0,1216.0,43.18182,False,False,False,True,False,False,False,False,False,0.255678865243082,singlet,pbmc3k-capture1,True,
CGCACTACTCGCCT-1,pbmc3k-capture1,pbmc3k-public-donor,566,1284.0,26.0,2.0249221,0.0,0.0,11.0,0.85669786,0.0,0.0,423.0,32.943924,False,False,False,True,False,False,False,False,False,0.0800951523311379,singlet,pbmc3k-capture1,True,
CGCACTACTCGTGA-1,pbmc3k-capture1,pbmc3k-public-donor,879,2071.0,49.0,2.3660069,0.0,0.0,58.0,2.8005793,0.0,0.0,622.0,30.0338,False,False,False,True,False,True,False,False,False,0.378009840912401,singlet,pbmc3k-capture1,True,
CGCACTTGTCACGA-1,pbmc3k-capture1,pbmc3k-public-donor,1091,3086.0,54.0,1.749838,0.0,0.0,41.0,1.3285807,0.0,0.0,650.0,21.062864,False,False,False,True,False,False,False,False,False,0.275306996327092,singlet,pbmc3k-capture1,True,
CGCAGGACAGATCC-1,pbmc3k-capture1,pbmc3k-public-donor,823,2213.0,75.0,3.3890646,0.0,0.0,20.0,0.9037506,0.0,0.0,774.0,34.975147,False,False,False,True,False,False,False,False,False,0.350948348448496,singlet,pbmc3k-capture1,True,
CGCAGGACCTACTT-1,pbmc3k-capture1,pbmc3k-public-donor,447,1067.0,20.0,1.8744143,0.0,0.0,19.0,1.7806937,0.0,0.0,416.0,38.987816,True,True,False,False,False,False,False,False,False,,not_called_core_qc_fail,pbmc3k-capture1,False,fails_low_genes;fails_low_umis
CGCAGGACTTGTCT-1,pbmc3k-capture1,pbmc3k-public-donor,1688,5163.0,114.0,2.2080188,0.0,0.0,14.0,0.2711602,0.0,0.0,712.0,13.790432,False,False,False,True,False,False,False,False,True,0.244480683436269,singlet,pbmc3k-capture1,True,
CGCAGGTGCACTGA-1,pbmc3k-capture1,pbmc3k-public-donor,868,2754.0,82.0,2.9774873,0.0,0.0,37.0,1.3435004,0.0,0.0,1163.0,42.229485,False,False,False,True,False,False,False,False,False,0.284511499657354,singlet,pbmc3k-capture1,True,
CGCAGGTGCCATAG-1,pbmc3k-capture1,pbmc3k-public-donor,1254,4316.0,127.0,2.9425395,0.0,0.0,29.0,0.67191845,0.0,0.0,1029.0,23.84152,False,False,False,True,False,False,False,False,False,0.301381376413726,singlet,pbmc3k-capture1,True,
CGCAGGTGGGAACG-1,pbmc3k-capture1,pbmc3k-public-donor,942,2280.0,64.0,2.8070176,0.0,0.0,3.0,0.13157895,0.0,0.0,557.0,24.429825,False,False,False,True,False,False,False,False,False,0.264010921013457,singlet,pbmc3k-capture1,True,
CGCATAGATCACGA-1,pbmc3k-capture1,pbmc3k-public-donor,462,955.0,11.0,1.1518325,0.0,0.0,18.0,1.8848168,0.0,0.0,190.0,19.895288,True,True,False,False,False,False,False,False,False,,not_called_core_qc_fail,pbmc3k-capture1,False,fails_low_genes;fails_low_umis
CGCCATACTGCAAC-1,pbmc3k-capture1,pbmc3k-public-donor,1055,3448.0,53.0,1.537123,0.0,0.0,47.0,1.3631091,0.0,0.0,1386.0,40.197216,False,False,False,True,False,False,False,False,False,0.476069679206394,doublet,pbmc3k-capture1,False,scDblFinder_doublet
CGCCATTGAGAGGC-1,pbmc3k-capture1,pbmc3k-public-donor,852,2763.0,61.0,2.2077453,0.0,0.0,13.0,0.4705031,0.0,0.0,1243.0,44.98733,False,False,False,True,False,False,False,False,False,0.290652552735768,singlet,pbmc3k-capture1,True,
CGCCATTGCTATGG-1,pbmc3k-capture1,pbmc3k-public-donor,738,1794.0,32.0,1.7837236,0.0,0.0,25.0,1.393534,0.0,0.0,666.0,37.123745,False,False,False,True,False,False,False,False,False,0.187537350270264,singlet,pbmc3k-capture1,True,
CGCCATTGGAGACG-1,pbmc3k-capture1,pbmc3k-public-donor,804,2288.0,38.0,1.6608391,0.0,0.0,40.0,1.7482517,1.0,0.043706294,939.0,41.04021,False,False,False,True,False,False,True,False,False,0.225041431895802,singlet,pbmc3k-capture1,True,
CGCCATTGGAGCAG-1,pbmc3k-capture1,pbmc3k-public-donor,775,2024.0,93.0,4.5948615,0.0,0.0,8.0,0.39525694,0.0,0.0,693.0,34.239132,False,False,False,True,False,False,False,False,False,0.129452568771435,singlet,pbmc3k-capture1,True,
CGCCATTGTACTGG-1,pbmc3k-capture1,pbmc3k-public-donor,726,1687.0,32.0,1.8968585,0.0,0.0,9.0,0.53349143,0.0,0.0,567.0,33.60996,False,False,False,True,False,False,False,False,False,0.114553938094701,singlet,pbmc3k-capture1,True,
CGCCGAGAGCTTAG-1,pbmc3k-capture1,pbmc3k-public-donor,993,2047.0,33.0,1.6121153,0.0,0.0,14.0,0.6839277,0.0,0.0,432.0,21.104053,False,False,False,True,False,False,False,False,False,0.232420952510553,singlet,pbmc3k-capture1,True,
CGCCTAACGAATGA-1,pbmc3k-capture1,pbmc3k-public-donor,1462,4604.0,84.0,1.8245004,0.0,0.0,55.0,1.1946133,0.0,0.0,1224.0,26.585579,False,False,False,True,False,False,False,False,True,0.210313242100531,singlet,pbmc3k-capture1,True,
CGCCTAACTGCTCC-1,pbmc3k-capture1,pbmc3k-public-donor,1007,3490.0,55.0,1.5759312,0.0,0.0,42.0,1.2034384,0.0,0.0,1573.0,45.071636,False,False,False,True,False,False,False,False,False,0.263473760882755,singlet,pbmc3k-capture1,True,
CGCGAGACACAGCT-1,pbmc3k-capture1,pbmc3k-public-donor,798,2246.0,73.0,3.2502227,0.0,0.0,12.0,0.53428316,0.0,0.0,731.0,32.54675,False,False,False,True,False,False,False,False,False,0.316550767188,singlet,pbmc3k-capture1,True,
CGCGAGACAGGTCT-1,pbmc3k-capture1,pbmc3k-public-donor,1036,3174.0,100.0,3.1505988,0.0,0.0,18.0,0.56710774,2.0,0.06301197,1303.0,41.0523,False,False,False,True,False,False,True,False,False,0.21618778429696,singlet,pbmc3k-capture1,True,
CGCGAGACGCTACA-1,pbmc3k-capture1,pbmc3k-public-donor,786,1969.0,33.0,1.6759777,0.0,0.0,16.0,0.81259525,0.0,0.0,731.0,37.125443,False,False,False,True,False,False,False,False,False,0.280789823347312,singlet,pbmc3k-capture1,True,
CGCGATCTCAGTCA-1,pbmc3k-capture1,pbmc3k-public-donor,948,2556.0,34.0,1.3302034,0.0,0.0,26.0,1.0172143,0.0,0.0,710.0,27.777779,False,False,False,True,False,False,False,False,False,0.21648639739487,singlet,pbmc3k-capture1,True,
CGCGATCTGTTGAC-1,pbmc3k-capture1,pbmc3k-public-donor,743,2110.0,55.0,2.606635,0.0,0.0,18.0,0.8530806,0.0,0.0,579.0,27.44076,False,False,False,True,False,False,False,False,False,0.124687546052804,singlet,pbmc3k-capture1,True,
CGCGATCTTTCTTG-1,pbmc3k-capture1,pbmc3k-public-donor,761,2394.0,56.0,2.3391814,0.0,0.0,5.0,0.20885547,0.0,0.0,1091.0,45.57226,False,False,False,True,False,False,False,False,False,0.14252761076126,singlet,pbmc3k-capture1,True,
CGCGGATGGCCAAT-1,pbmc3k-capture1,pbmc3k-public-donor,838,2266.0,29.0,1.2797881,0.0,0.0,30.0,1.3239188,0.0,0.0,767.0,33.84819,False,False,False,True,False,False,False,False,False,0.269539101150343,singlet,pbmc3k-capture1,True,
CGCTAAGAATGTCG-1,pbmc3k-capture1,pbmc3k-public-donor,1040,2703.0,15.0,0.5549389,0.0,0.0,42.0,1.5538291,0.0,0.0,864.0,31.964483,False,False,False,True,False,False,False,False,False,0.301823694115325,singlet,pbmc3k-capture1,True,
CGCTAAGACAACTG-1,pbmc3k-capture1,pbmc3k-public-donor,859,2772.0,58.0,2.0923522,0.0,0.0,33.0,1.1904762,0.0,0.0,1132.0,40.83694,False,False,False,True,False,False,False,False,False,0.148622748065368,singlet,pbmc3k-capture1,True,
CGCTAAGACCCTTG-1,pbmc3k-capture1,pbmc3k-public-donor,867,2620.0,53.0,2.0229008,0.0,0.0,39.0,1.4885496,1.0,0.03816794,1027.0,39.198475,False,False,False,True,False,False,True,False,False,0.263986603118581,singlet,pbmc3k-capture1,True,
CGCTACTGAACAGA-1,pbmc3k-capture1,pbmc3k-public-donor,1188,3808.0,107.0,2.809874,0.0,0.0,47.0,1.2342438,0.0,0.0,886.0,23.266808,False,False,False,True,False,False,False,False,False,0.215598052655023,singlet,pbmc3k-capture1,True,
CGCTACTGAGAACA-1,pbmc3k-capture1,pbmc3k-public-donor,846,2461.0,25.0,1.0158472,0.0,0.0,47.0,1.9097928,0.0,0.0,1038.0,42.177975,False,False,False,True,False,True,False,False,False,0.220903074257199,singlet,pbmc3k-capture1,True,
CGCTACTGTGAGCT-1,pbmc3k-capture1,pbmc3k-public-donor,687,1926.0,16.0,0.8307373,0.0,0.0,25.0,1.298027,0.0,0.0,837.0,43.457943,False,False,False,True,False,False,False,False,False,0.238699682623438,singlet,pbmc3k-capture1,True,
CGCTACTGTTCCCG-1,pbmc3k-capture1,pbmc3k-public-donor,672,1368.0,43.0,3.1432748,1.0,0.07309942,8.0,0.58479536,0.0,0.0,401.0,29.312866,False,False,False,True,True,False,False,False,False,0.133339710993068,singlet,pbmc3k-capture1,True,
CGCTCATGCATTTC-1,pbmc3k-capture1,pbmc3k-public-donor,629,1469.0,33.0,2.2464263,0.0,0.0,16.0,1.0891763,0.0,0.0,421.0,28.65895,False,False,False,True,False,False,False,False,False,0.0589542539480221,singlet,pbmc3k-capture1,True,
CGGAATTGCACTAG-1,pbmc3k-capture1,pbmc3k-public-donor,426,902.0,53.0,5.8758316,0.0,0.0,0.0,0.0,0.0,0.0,302.0,33.481155,True,True,True,False,False,False,False,False,False,,not_called_core_qc_fail,pbmc3k-capture1,False,fails_low_genes;fails_low_umis;fails_mt
CGGAATTGGTTTGG-1,pbmc3k-capture1,pbmc3k-public-donor,725,1897.0,43.0,2.266737,0.0,0.0,13.0,0.6852926,0.0,0.0,711.0,37.480232,False,False,False,True,False,False,False,False,False,0.288235092733204,singlet,pbmc3k-capture1,True,
CGGAATTGTGGAGG-1,pbmc3k-capture1,pbmc3k-public-donor,660,1544.0,11.0,0.71243525,0.0,0.0,12.0,0.77720207,0.0,0.0,503.0,32.57772,False,False,False,True,False,False,False,False,False,0.270329057216786,singlet,pbmc3k-capture1,True,
CGGACCGATGCGTA-1,pbmc3k-capture1,pbmc3k-public-donor,809,1835.0,24.0,1.307902,0.0,0.0,2.0,0.10899183,0.0,0.0,518.0,28.228882,False,False,False,True,False,False,False,False,False,0.193042270392492,singlet,pbmc3k-capture1,True,
CGGACCGATGGGAG-1,pbmc3k-capture1,pbmc3k-public-donor,469,985.0,26.0,2.6395938,0.0,0.0,2.0,0.2030457,0.0,0.0,359.0,36.4467,True,True,False,False,False,False,False,False,False,,not_called_core_qc_fail,pbmc3k-capture1,False,fails_low_genes;fails_low_umis
CGGACTCTAAACAG-1,pbmc3k-capture1,pbmc3k-public-donor,600,1659.0,33.0,1.98915,0.0,0.0,18.0,1.084991,0.0,0.0,702.0,42.314648,False,False,False,True,False,False,False,False,False,0.0224414480568114,singlet,pbmc3k-capture1,True,
CGGACTCTCCAATG-1,pbmc3k-capture1,pbmc3k-public-donor,812,2003.0,44.0,2.1967049,0.0,0.0,8.0,0.3994009,0.0,0.0,696.0,34.74788,False,False,False,True,False,False,False,False,False,0.194459404866663,singlet,pbmc3k-capture1,True,
CGGACTCTCCTCGT-1,pbmc3k-capture1,pbmc3k-public-donor,856,1875.0,34.0,1.8133333,0.0,0.0,8.0,0.42666668,2.0,0.10666667,399.0,21.279999,False,False,False,True,False,False,True,False,False,0.139982489926939,singlet,pbmc3k-capture1,True,
CGGAGGCTATTCCT-1,pbmc3k-capture1,pbmc3k-public-donor,397,848.0,41.0,4.8349056,0.0,0.0,12.0,1.4150944,1.0,0.11792453,311.0,36.67453,True,True,False,False,False,False,True,False,False,,not_called_core_qc_fail,pbmc3k-capture1,False,fails_low_genes;fails_low_umis
CGGAGGCTTGGATC-1,pbmc3k-capture1,pbmc3k-public-donor,786,2836.0,34.0,1.1988716,0.0,0.0,4.0,0.14104372,0.0,0.0,1343.0,47.35543,False,False,False,True,False,False,False,False,False,0.184758394681766,singlet,pbmc3k-capture1,True,
CGGATAACAACGAA-1,pbmc3k-capture1,pbmc3k-public-donor,895,2578.0,26.0,1.0085338,0.0,0.0,28.0,1.0861132,0.0,0.0,636.0,24.670286,False,False,False,True,False,False,False,False,False,0.125334210449589,singlet,pbmc3k-capture1,True,
CGGATAACAGCTCA-1,pbmc3k-capture1,pbmc3k-public-donor,882,2432.0,32.0,1.3157895,0.0,0.0,23.0,0.9457237,0.0,0.0,979.0,40.254936,False,False,False,True,False,False,False,False,False,0.192611440736601,singlet,pbmc3k-capture1,True,
CGGATAACTCAGTG-1,pbmc3k-capture1,pbmc3k-public-donor,449,959.0,23.0,2.3983316,0.0,0.0,11.0,1.1470282,0.0,0.0,216.0,22.52346,True,True,False,False,False,False,False,False,False,,not_called_core_qc_fail,pbmc3k-capture1,False,fails_low_genes;fails_low_umis
CGGCACGAACTCAG-1,pbmc3k-capture1,pbmc3k-public-donor,890,2271.0,83.0,3.6547775,0.0,0.0,25.0,1.1008366,0.0,0.0,800.0,35.226772,False,False,False,True,False,False,False,False,False,0.351092545215312,singlet,pbmc3k-capture1,True,
CGGCACGAAGGGTG-1,pbmc3k-capture1,pbmc3k-public-donor,823,2437.0,74.0,3.0365202,0.0,0.0,29.0,1.1899878,2.0,0.082068115,1040.0,42.67542,False,False,False,True,False,False,True,False,False,0.222300009765415,singlet,pbmc3k-capture1,True,
CGGCACGACTACGA-1,pbmc3k-capture1,pbmc3k-public-donor,1051,2839.0,99.0,3.4871433,0.0,0.0,28.0,0.9862628,0.0,0.0,545.0,19.196901,False,False,False,True,False,False,False,False,False,0.0976482271588886,singlet,pbmc3k-capture1,True,
CGGCATCTTAGAAG-1,pbmc3k-capture1,pbmc3k-public-donor,823,1982.0,46.0,2.320888,0.0,0.0,32.0,1.6145308,0.0,0.0,677.0,34.157417,False,False,False,True,False,False,False,False,False,0.276815930966778,singlet,pbmc3k-capture1,True,
CGGCATCTTCGTAG-1,pbmc3k-capture1,pbmc3k-public-donor,1055,3312.0,66.0,1.9927537,0.0,0.0,48.0,1.4492754,0.0,0.0,689.0,20.80314,False,False,False,True,False,False,False,False,False,0.22797559687523,singlet,pbmc3k-capture1,True,
CGGCCAGAAAGGTA-1,pbmc3k-capture1,pbmc3k-public-donor,741,2077.0,50.0,2.407318,0.0,0.0,28.0,1.3480982,0.0,0.0,907.0,43.668755,False,False,False,True,False,False,False,False,False,0.138247122229523,singlet,pbmc3k-capture1,True,
CGGCCAGAGAGGCA-1,pbmc3k-capture1,pbmc3k-public-donor,999,2410.0,56.0,2.3236516,0.0,0.0,4.0,0.16597511,0.0,0.0,736.0,30.539421,False,False,False,True,False,False,False,False,False,0.273354215422563,singlet,pbmc3k-capture1,True,
CGGCGAACCAGTCA-1,pbmc3k-capture1,pbmc3k-public-donor,1241,3765.0,79.0,2.0982735,0.0,0.0,35.0,0.9296149,0.0,0.0,936.0,24.860558,False,False,False,True,False,False,False,False,False,0.272672017313235,singlet,pbmc3k-capture1,True,
CGGCGAACGACAAA-1,pbmc3k-capture1,pbmc3k-public-donor,790,1589.0,14.0,0.88105726,0.0,0.0,11.0,0.6922593,0.0,0.0,287.0,18.061674,False,False,False,True,False,False,False,False,False,0.107310292008117,singlet,pbmc3k-capture1,True,
CGGCGAACGGTCTA-1,pbmc3k-capture1,pbmc3k-public-donor,878,2498.0,39.0,1.5612489,0.0,0.0,24.0,0.9607686,0.0,0.0,948.0,37.95036,False,False,False,True,False,False,False,False,False,0.344337644594765,singlet,pbmc3k-capture1,True,
CGGCGAACTACTTC-1,pbmc3k-capture1,pbmc3k-public-donor,778,1729.0,35.0,2.0242915,0.0,0.0,14.0,0.80971664,0.0,0.0,338.0,19.548872,False,False,False,True,False,False,False,False,False,0.180770051296464,singlet,pbmc3k-capture1,True,
CGGGACTGCGTGTA-1,pbmc3k-capture1,pbmc3k-public-donor,1066,4278.0,107.0,2.5011687,0.0,0.0,43.0,1.0051426,0.0,0.0,1924.0,44.97429,False,False,False,True,False,False,False,False,False,0.175492698411755,singlet,pbmc3k-capture1,True,
CGGGACTGGAATAG-1,pbmc3k-capture1,pbmc3k-public-donor,815,2013.0,68.0,3.3780427,0.0,0.0,15.0,0.7451565,0.0,0.0,611.0,30.352709,False,False,False,True,False,False,False,False,False,0.298779756512488,singlet,pbmc3k-capture1,True,
CGGGCATGACCCAA-1,pbmc3k-capture1,pbmc3k-public-donor,465,1032.0,48.0,4.6511626,0.0,0.0,0.0,0.0,0.0,0.0,259.0,25.096899,True,True,False,False,False,False,False,False,False,,not_called_core_qc_fail,pbmc3k-capture1,False,fails_low_genes;fails_low_umis
CGGGCATGTCTCTA-1,pbmc3k-capture1,pbmc3k-public-donor,1079,2865.0,59.0,2.0593367,0.0,0.0,21.0,0.7329843,0.0,0.0,864.0,30.157068,False,False,False,True,False,False,False,False,False,0.522159104509432,doublet,pbmc3k-capture1,False,scDblFinder_doublet
CGGGCATGTTGTGG-1,pbmc3k-capture1,pbmc3k-public-donor,743,2197.0,36.0,1.6385982,0.0,0.0,27.0,1.2289486,0.0,0.0,914.0,41.602184,False,False,False,True,False,False,False,False,False,0.189655489217386,singlet,pbmc3k-capture1,True,
CGGTAAACTCGCAA-1,pbmc3k-capture1,pbmc3k-public-donor,1098,3145.0,43.0,1.3672496,0.0,0.0,67.0,2.1303658,0.0,0.0,1137.0,36.152622,False,False,False,True,False,True,False,False,False,0.401607629146743,singlet,pbmc3k-capture1,True,
CGGTCACTGTTTGG-1,pbmc3k-capture1,pbmc3k-public-donor,807,2140.0,39.0,1.8224299,0.0,0.0,34.0,1.588785,0.0,0.0,853.0,39.859814,False,False,False,True,False,False,False,False,False,0.296063923395943,singlet,pbmc3k-capture1,True,
CGGTCACTTACTTC-1,pbmc3k-capture1,pbmc3k-public-donor,1120,3248.0,43.0,1.3238916,0.0,0.0,40.0,1.2315271,0.0,0.0,1143.0,35.190887,False,False,False,True,False,False,False,False,False,0.371152521385274,singlet,pbmc3k-capture1,True,
CGTAACGAATCAGC-1,pbmc3k-capture1,pbmc3k-public-donor,462,1220.0,65.0,5.327869,0.0,0.0,12.0,0.9836066,0.0,0.0,519.0,42.54098,True,False,True,False,False,False,False,False,False,,not_called_core_qc_fail,pbmc3k-capture1,False,fails_low_genes;fails_mt
CGTAACGATCGCCT-1,pbmc3k-capture1,pbmc3k-public-donor,1025,3416.0,53.0,1.5515223,0.0,0.0,32.0,0.9367681,0.0,0.0,1483.0,43.41335,False,False,False,True,False,False,False,False,False,0.36724073448687,singlet,pbmc3k-capture1,True,
CGTACCACACACAC-1,pbmc3k-capture1,pbmc3k-public-donor,805,2085.0,36.0,1.7266188,0.0,0.0,18.0,0.8633094,0.0,0.0,792.0,37.98561,False,False,False,True,False,False,False,False,False,0.197438501773273,singlet,pbmc3k-capture1,True,
CGTACCACACGTTG-1,pbmc3k-capture1,pbmc3k-public-donor,676,2159.0,32.0,1.4821676,0.0,0.0,32.0,1.4821676,0.0,0.0,997.0,46.178787,False,False,False,True,False,False,False,False,False,0.121688779399254,singlet,pbmc3k-capture1,True,
CGTACCACCTCATT-1,pbmc3k-capture1,pbmc3k-public-donor,828,2382.0,53.0,2.225021,0.0,0.0,17.0,0.713686,0.0,0.0,1063.0,44.626366,False,False,False,True,False,False,False,False,False,0.121593149490095,singlet,pbmc3k-capture1,True,
CGTACCACGCTACA-1,pbmc3k-capture1,pbmc3k-public-donor,418,893.0,61.0,6.830907,0.0,0.0,8.0,0.8958567,0.0,0.0,248.0,27.771557,True,True,True,False,False,False,False,False,False,,not_called_core_qc_fail,pbmc3k-capture1,False,fails_low_genes;fails_low_umis;fails_mt
CGTACCACGGAGCA-1,pbmc3k-capture1,pbmc3k-public-donor,763,2132.0,42.0,1.9699812,0.0,0.0,17.0,0.79737335,0.0,0.0,917.0,43.011257,False,False,False,True,False,False,False,False,False,0.19303808252886,singlet,pbmc3k-capture1,True,
CGTACCTGGACGAG-1,pbmc3k-capture1,pbmc3k-public-donor,407,833.0,188.0,22.569027,0.0,0.0,4.0,0.48019207,0.0,0.0,31.0,3.7214887,True,True,True,False,False,False,False,False,False,,not_called_core_qc_fail,pbmc3k-capture1,False,fails_low_genes;fails_low_umis;fails_mt
CGTACCTGGCATCA-1,pbmc3k-capture1,pbmc3k-public-donor,997,2473.0,62.0,2.5070765,0.0,0.0,31.0,1.2535383,0.0,0.0,586.0,23.695915,False,False,False,True,False,False,False,False,False,0.272724076217986,singlet,pbmc3k-capture1,True,
CGTAGCCTCTCTCG-1,pbmc3k-capture1,pbmc3k-public-donor,852,2311.0,47.0,2.0337517,0.0,0.0,31.0,1.3414106,0.0,0.0,634.0,27.434011,False,False,False,True,False,False,False,False,False,0.147615554442448,singlet,pbmc3k-capture1,True,
CGTAGCCTGCGAAG-1,pbmc3k-capture1,pbmc3k-public-donor,866,2242.0,27.0,1.2042818,0.0,0.0,38.0,1.6949153,1.0,0.04460303,777.0,34.65656,False,False,False,True,False,False,True,False,False,0.352786388195287,singlet,pbmc3k-capture1,True,
CGTAGCCTGTATGC-1,pbmc3k-capture1,pbmc3k-public-donor,1118,3499.0,144.0,4.1154613,0.0,0.0,12.0,0.34295514,0.0,0.0,773.0,22.092026,False,False,False,True,False,False,False,False,False,0.236476023530407,singlet,pbmc3k-capture1,True,
CGTCAAGAAAGGTA-1,pbmc3k-capture1,pbmc3k-public-donor,508,1114.0,27.0,2.4236984,0.0,0.0,13.0,1.166966,0.0,0.0,231.0,20.736086,False,False,False,True,False,False,False,False,False,0.0198476470159816,singlet,pbmc3k-capture1,True,
CGTCAAGAACGTGT-1,pbmc3k-capture1,pbmc3k-public-donor,928,2816.0,44.0,1.5625,0.0,0.0,29.0,1.0298296,0.0,0.0,1281.0,45.490055,False,False,False,True,False,False,False,False,False,0.29815374768565,singlet,pbmc3k-capture1,True,
CGTCAAGACAGAGG-1,pbmc3k-capture1,pbmc3k-public-donor,958,2750.0,53.0,1.9272728,0.0,0.0,22.0,0.8,0.0,0.0,1002.0,36.436363,False,False,False,True,False,False,False,False,False,0.423652654691597,singlet,pbmc3k-capture1,True,
CGTCAAGACAGGAG-1,pbmc3k-capture1,pbmc3k-public-donor,932,2163.0,43.0,1.9879798,0.0,0.0,21.0,0.9708738,0.0,0.0,515.0,23.809525,False,False,False,True,False,False,False,False,False,0.330427930995943,singlet,pbmc3k-capture1,True,
CGTCCATGCTCTTA-1,pbmc3k-capture1,pbmc3k-public-donor,892,2746.0,36.0,1.3109978,0.0,0.0,25.0,0.9104151,0.0,0.0,1227.0,44.683178,False,False,False,True,False,False,False,False,False,0.433026142284679,singlet,pbmc3k-capture1,True,
CGTCGACTTTCCGC-1,pbmc3k-capture1,pbmc3k-public-donor,905,2190.0,36.0,1.6438355,0.0,0.0,22.0,1.0045662,0.0,0.0,667.0,30.456621,False,False,False,True,False,False,False,False,False,0.250087650701585,singlet,pbmc3k-capture1,True,
CGTGATGACGCTAA-1,pbmc3k-capture1,pbmc3k-public-donor,494,909.0,17.0,1.870187,0.0,0.0,17.0,1.870187,0.0,0.0,275.0,30.253025,True,True,False,False,False,False,False,False,False,,not_called_core_qc_fail,pbmc3k-capture1,False,fails_low_genes;fails_low_umis
CGTGATGAGGTTCA-1,pbmc3k-capture1,pbmc3k-public-donor,710,1749.0,56.0,3.2018297,0.0,0.0,31.0,1.7724414,0.0,0.0,584.0,33.39051,False,False,False,True,False,False,False,False,False,0.189990371870798,singlet,pbmc3k-capture1,True,
CGTGCACTTATGGC-1,pbmc3k-capture1,pbmc3k-public-donor,1068,3071.0,47.0,1.530446,0.0,0.0,30.0,0.97688043,0.0,0.0,710.0,23.119505,False,False,False,True,False,False,False,False,False,0.127820261217169,singlet,pbmc3k-capture1,True,
CGTGTAGAAAAACG-1,pbmc3k-capture1,pbmc3k-public-donor,795,2028.0,44.0,2.1696253,0.0,0.0,35.0,1.7258383,0.0,0.0,688.0,33.92505,False,False,False,True,False,False,False,False,False,0.151470593293906,singlet,pbmc3k-capture1,True,
CGTGTAGACGATAC-1,pbmc3k-capture1,pbmc3k-public-donor,787,1654.0,24.0,1.4510278,0.0,0.0,26.0,1.5719467,0.0,0.0,471.0,28.47642,False,False,False,True,False,False,False,False,False,0.409526651340516,singlet,pbmc3k-capture1,True,
CGTGTAGAGTTACG-1,pbmc3k-capture1,pbmc3k-public-donor,951,2075.0,37.0,1.7831326,0.0,0.0,10.0,0.48192772,1.0,0.04819277,453.0,21.831326,False,False,False,True,False,False,True,False,False,0.156052547687301,singlet,pbmc3k-capture1,True,
CGTGTAGAGTTCAG-1,pbmc3k-capture1,pbmc3k-public-donor,720,1890.0,33.0,1.7460319,0.0,0.0,18.0,0.952381,0.0,0.0,439.0,23.227512,False,False,False,True,False,False,False,False,False,0.0867573459859277,singlet,pbmc3k-capture1,True,
CGTGTAGATTCGGA-1,pbmc3k-capture1,pbmc3k-public-donor,842,1674.0,27.0,1.6129031,0.0,0.0,8.0,0.47789723,1.0,0.059737153,313.0,18.69773,False,False,False,True,False,False,True,False,False,0.0927961090295236,singlet,pbmc3k-capture1,True,
CGTTAGGAAACCAC-1,pbmc3k-capture1,pbmc3k-public-donor,890,2243.0,45.0,2.0062418,0.0,0.0,5.0,0.22291574,1.0,0.04458315,779.0,34.73027,False,False,False,True,False,False,True,False,False,0.228848367116678,singlet,pbmc3k-capture1,True,
CGTTAGGATCATTC-1,pbmc3k-capture1,pbmc3k-public-donor,1355,4084.0,50.0,1.2242899,0.0,0.0,20.0,0.48971596,0.0,0.0,839.0,20.543585,False,False,False,True,False,False,False,False,False,0.27257824311454,singlet,pbmc3k-capture1,True,
CGTTATACCCTGAA-1,pbmc3k-capture1,pbmc3k-public-donor,1005,2389.0,78.0,3.2649643,0.0,0.0,3.0,0.12557556,1.0,0.041858517,704.0,29.468397,False,False,False,True,False,False,True,False,False,0.22757834179786,singlet,pbmc3k-capture1,True,
CGTTTAACTGGTCA-1,pbmc3k-capture1,pbmc3k-public-donor,872,2767.0,39.0,1.4094687,0.0,0.0,20.0,0.7228045,0.0,0.0,1164.0,42.067223,False,False,False,True,False,False,False,False,False,0.363570291138758,singlet,pbmc3k-capture1,True,
CTAAACCTCTGACA-1,pbmc3k-capture1,pbmc3k-public-donor,1185,2533.0,92.0,3.6320567,0.0,0.0,3.0,0.11843664,0.0,0.0,396.0,15.633636,False,False,False,True,False,False,False,False,False,0.147348543902413,singlet,pbmc3k-capture1,True,
CTAAACCTGTGCAT-1,pbmc3k-capture1,pbmc3k-public-donor,912,2520.0,36.0,1.4285715,0.0,0.0,33.0,1.3095238,0.0,0.0,805.0,31.944445,False,False,False,True,False,False,False,False,False,0.148635642735601,singlet,pbmc3k-capture1,True,
CTAACACTAACGTC-1,pbmc3k-capture1,pbmc3k-public-donor,869,2764.0,104.0,3.762663,0.0,0.0,44.0,1.5918959,0.0,0.0,1166.0,42.185238,False,False,False,True,False,False,False,False,False,0.258790669340351,singlet,pbmc3k-capture1,True,
CTAACACTAGTGCT-1,pbmc3k-capture1,pbmc3k-public-donor,894,2355.0,54.0,2.2929935,0.0,0.0,17.0,0.72186834,0.0,0.0,446.0,18.938429,False,False,False,True,False,False,False,False,False,0.228056281162888,singlet,pbmc3k-capture1,True,
CTAACGGAACCGAT-1,pbmc3k-capture1,pbmc3k-public-donor,997,1999.0,31.0,1.5507754,0.0,0.0,9.0,0.4502251,0.0,0.0,332.0,16.608303,False,False,False,True,False,False,False,False,False,0.0508088762739258,singlet,pbmc3k-capture1,True,
CTAACGGATTTCTG-1,pbmc3k-capture1,pbmc3k-public-donor,770,2257.0,31.0,1.3735046,0.0,0.0,34.0,1.5064244,0.0,0.0,1032.0,45.72441,False,False,False,True,False,False,False,False,False,0.148009858946571,singlet,pbmc3k-capture1,True,
CTAACTACGGCAAG-1,pbmc3k-capture1,pbmc3k-public-donor,554,1287.0,16.0,1.2432013,0.0,0.0,14.0,1.0878011,0.0,0.0,443.0,34.421135,False,False,False,True,False,False,False,False,False,0.120799949924793,singlet,pbmc3k-capture1,True,
CTAAGGACACCATG-1,pbmc3k-capture1,pbmc3k-public-donor,806,2135.0,57.0,2.6697893,0.0,0.0,18.0,0.8430913,0.0,0.0,897.0,42.01405,False,False,False,True,False,False,False,False,False,0.233841531577202,singlet,pbmc3k-capture1,True,
CTAAGGACCGTTAG-1,pbmc3k-capture1,pbmc3k-public-donor,1426,5485.0,96.0,1.7502278,0.0,0.0,52.0,0.94804007,0.0,0.0,2565.0,46.763905,False,False,False,True,False,False,False,False,True,0.419817934860826,singlet,pbmc3k-capture1,True,
CTAAGGACGCCATA-1,pbmc3k-capture1,pbmc3k-public-donor,1012,2879.0,57.0,1.9798541,0.0,0.0,36.0,1.2504342,0.0,0.0,626.0,21.743662,False,False,False,True,False,False,False,False,False,0.270062209695807,singlet,pbmc3k-capture1,True,
CTAAGGTGCCTAAG-1,pbmc3k-capture1,pbmc3k-public-donor,452,1111.0,20.0,1.8001801,0.0,0.0,9.0,0.81008106,0.0,0.0,469.0,42.214222,True,True,False,False,False,False,False,False,False,,not_called_core_qc_fail,pbmc3k-capture1,False,fails_low_genes;fails_low_umis
CTAAGGTGTTGCAG-1,pbmc3k-capture1,pbmc3k-public-donor,896,2959.0,113.0,3.8188577,0.0,0.0,34.0,1.1490369,0.0,0.0,1254.0,42.37918,False,False,False,True,False,False,False,False,False,0.248982223524931,singlet,pbmc3k-capture1,True,
CTAAGGTGTTTCTG-1,pbmc3k-capture1,pbmc3k-public-donor,426,1009.0,9.0,0.89197224,0.0,0.0,0.0,0.0,0.0,0.0,390.0,38.65213,True,True,False,False,False,False,False,False,False,,not_called_core_qc_fail,pbmc3k-capture1,False,fails_low_genes;fails_low_umis
CTAATAGAGCTATG-1,pbmc3k-capture1,pbmc3k-public-donor,239,600.0,1.0,0.16666667,0.0,0.0,3.0,0.5,0.0,0.0,328.0,54.666668,True,True,False,False,False,False,False,False,False,,not_called_core_qc_fail,pbmc3k-capture1,False,fails_low_genes;fails_low_umis
CTAATGCTTGTGGT-1,pbmc3k-capture1,pbmc3k-public-donor,829,2067.0,59.0,2.8543782,0.0,0.0,25.0,1.2094823,0.0,0.0,482.0,23.318819,False,False,False,True,False,False,False,False,False,0.159885451982914,singlet,pbmc3k-capture1,True,
CTACAACTCCCGTT-1,pbmc3k-capture1,pbmc3k-public-donor,895,2194.0,45.0,2.0510483,0.0,0.0,5.0,0.22789426,1.0,0.045578852,609.0,27.757519,False,False,False,True,False,False,True,False,False,0.228461316913844,singlet,pbmc3k-capture1,True,
CTACCTCTCAACCA-1,pbmc3k-capture1,pbmc3k-public-donor,787,2334.0,19.0,0.8140531,0.0,0.0,15.0,0.64267355,0.0,0.0,936.0,40.10283,False,False,False,True,False,False,False,False,False,0.375721617661682,singlet,pbmc3k-capture1,True,
CTACGCACACCTAG-1,pbmc3k-capture1,pbmc3k-public-donor,1139,3713.0,93.0,2.504713,0.0,0.0,28.0,0.75410724,0.0,0.0,933.0,25.12793,False,False,False,True,False,False,False,False,False,0.247981388866449,singlet,pbmc3k-capture1,True,
CTACGCACTCTCCG-1,pbmc3k-capture1,pbmc3k-public-donor,925,2639.0,35.0,1.32626,0.0,0.0,49.0,1.8567638,0.0,0.0,956.0,36.225845,False,False,False,True,False,False,False,False,False,0.335022370646042,singlet,pbmc3k-capture1,True,
CTACGCACTGGTCA-1,pbmc3k-capture1,pbmc3k-public-donor,1015,2471.0,51.0,2.0639417,0.0,0.0,17.0,0.68798053,0.0,0.0,525.0,21.246458,False,False,False,True,False,False,False,False,False,0.352616190336542,singlet,pbmc3k-capture1,True,
CTACGGCTTTCTTG-1,pbmc3k-capture1,pbmc3k-public-donor,1360,3914.0,65.0,1.6607052,0.0,0.0,23.0,0.58763415,0.0,0.0,817.0,20.873787,False,False,False,True,False,False,False,False,False,0.37453227870422,singlet,pbmc3k-capture1,True,
CTACTATGAACCAC-1,pbmc3k-capture1,pbmc3k-public-donor,1097,3188.0,77.0,2.4153075,0.0,0.0,32.0,1.0037642,0.0,0.0,853.0,26.756588,False,False,False,True,False,False,False,False,False,0.243715006187132,singlet,pbmc3k-capture1,True,
CTACTATGATGTGC-1,pbmc3k-capture1,pbmc3k-public-donor,650,1663.0,39.0,2.3451593,0.0,0.0,32.0,1.9242333,0.0,0.0,423.0,25.43596,False,False,False,True,False,True,False,False,False,0.0590245477893166,singlet,pbmc3k-capture1,True,
CTACTATGCTAAGC-1,pbmc3k-capture1,pbmc3k-public-donor,853,2706.0,65.0,2.4020693,0.0,0.0,39.0,1.4412417,0.0,0.0,1181.0,43.643753,False,False,False,True,False,False,False,False,False,0.327856946848976,singlet,pbmc3k-capture1,True,
CTACTATGTAAAGG-1,pbmc3k-capture1,pbmc3k-public-donor,549,1265.0,32.0,2.5296443,0.0,0.0,2.0,0.15810277,0.0,0.0,478.0,37.78656,False,False,False,True,False,False,False,False,False,0.02766250080558,singlet,pbmc3k-capture1,True,
CTACTCCTATGTCG-1,pbmc3k-capture1,pbmc3k-public-donor,1052,2181.0,40.0,1.8340211,0.0,0.0,11.0,0.5043558,0.0,0.0,310.0,14.213663,False,False,False,True,False,False,False,False,False,0.132901314039977,singlet,pbmc3k-capture1,True,
CTACTCCTGCCATA-1,pbmc3k-capture1,pbmc3k-public-donor,307,586.0,22.0,3.7542663,0.0,0.0,4.0,0.6825938,0.0,0.0,103.0,17.576792,True,True,False,False,False,False,False,False,False,,not_called_core_qc_fail,pbmc3k-capture1,False,fails_low_genes;fails_low_umis
CTAGAGACACTTTC-1,pbmc3k-capture1,pbmc3k-public-donor,1152,3201.0,61.0,1.9056545,0.0,0.0,23.0,0.71852547,0.0,0.0,1097.0,34.27054,False,False,False,True,False,False,False,False,False,0.412061517163542,singlet,pbmc3k-capture1,True,
CTAGAGACAGCATC-1,pbmc3k-capture1,pbmc3k-public-donor,907,2206.0,18.0,0.8159565,0.0,0.0,17.0,0.7706256,0.0,0.0,673.0,30.507708,False,False,False,True,False,False,False,False,False,0.235053388461432,singlet,pbmc3k-capture1,True,
CTAGAGACTTTGGG-1,pbmc3k-capture1,pbmc3k-public-donor,1628,5522.0,185.0,3.3502355,0.0,0.0,35.0,0.63382834,0.0,0.0,1077.0,19.503803,False,False,False,True,False,False,False,False,True,0.402053826193131,singlet,pbmc3k-capture1,True,
CTAGATCTCTCTAT-1,pbmc3k-capture1,pbmc3k-public-donor,731,1822.0,33.0,1.8111964,0.0,0.0,21.0,1.1525795,0.0,0.0,647.0,35.510426,False,False,False,True,False,False,False,False,False,0.206141777318051,singlet,pbmc3k-capture1,True,
CTAGATCTTCGACA-1,pbmc3k-capture1,pbmc3k-public-donor,897,2392.0,34.0,1.4214047,0.0,0.0,18.0,0.75250834,0.0,0.0,922.0,38.54515,False,False,False,True,False,False,False,False,False,0.4207898554668,singlet,pbmc3k-capture1,True,
CTAGGATGAGCCTA-1,pbmc3k-capture1,pbmc3k-public-donor,1749,5878.0,92.0,1.5651581,0.0,0.0,58.0,0.9867302,0.0,0.0,1888.0,32.11977,False,False,False,True,False,False,False,False,True,0.594478384126114,doublet,pbmc3k-capture1,False,scDblFinder_doublet
CTAGGATGATCGTG-1,pbmc3k-capture1,pbmc3k-public-donor,762,2159.0,37.0,1.7137563,0.0,0.0,20.0,0.9263548,0.0,0.0,684.0,31.681335,False,False,False,True,False,False,False,False,False,0.128946596618667,singlet,pbmc3k-capture1,True,
CTAGGCCTCTCAGA-1,pbmc3k-capture1,pbmc3k-public-donor,712,1998.0,4.0,0.2002002,0.0,0.0,28.0,1.4014014,0.0,0.0,809.0,40.49049,False,False,False,True,False,False,False,False,False,0.138457976730139,singlet,pbmc3k-capture1,True,
CTAGGTGATGGTTG-1,pbmc3k-capture1,pbmc3k-public-donor,1195,3254.0,63.0,1.9360787,0.0,0.0,47.0,1.4443761,0.0,0.0,570.0,17.516903,False,False,False,True,False,False,False,False,False,0.145209539544791,singlet,pbmc3k-capture1,True,
CTAGTTACCAGAGG-1,pbmc3k-capture1,pbmc3k-public-donor,851,2741.0,53.0,1.9336009,0.0,0.0,27.0,0.9850419,0.0,0.0,1211.0,44.180958,False,False,False,True,False,False,False,False,False,0.236400909624048,singlet,pbmc3k-capture1,True,
CTAGTTACCGCATA-1,pbmc3k-capture1,pbmc3k-public-donor,864,2360.0,52.0,2.20339,0.0,0.0,18.0,0.7627119,0.0,0.0,893.0,37.83898,False,False,False,True,False,False,False,False,False,0.340935497714139,singlet,pbmc3k-capture1,True,
CTAGTTACGAAACA-1,pbmc3k-capture1,pbmc3k-public-donor,968,2247.0,51.0,2.269693,0.0,0.0,6.0,0.2670227,0.0,0.0,455.0,20.24922,False,False,False,True,False,False,False,False,False,0.141827158610695,singlet,pbmc3k-capture1,True,
CTAGTTTGAGTACC-1,pbmc3k-capture1,pbmc3k-public-donor,742,1601.0,90.0,5.6214867,0.0,0.0,9.0,0.56214863,0.0,0.0,420.0,26.233604,False,False,True,False,False,False,False,False,False,,not_called_core_qc_fail,pbmc3k-capture1,False,fails_mt
CTATAAGATCGTTT-1,pbmc3k-capture1,pbmc3k-public-donor,845,2736.0,29.0,1.0599415,0.0,0.0,10.0,0.36549708,0.0,0.0,1267.0,46.30848,False,False,False,True,False,False,False,False,False,0.141756155174638,singlet,pbmc3k-capture1,True,
CTATACTGAGGTTC-1,pbmc3k-capture1,pbmc3k-public-donor,331,732.0,3.0,0.40983605,0.0,0.0,5.0,0.6830601,0.0,0.0,247.0,33.74317,True,True,False,False,False,False,False,False,False,,not_called_core_qc_fail,pbmc3k-capture1,False,fails_low_genes;fails_low_umis
CTATACTGCCAGTA-1,pbmc3k-capture1,pbmc3k-public-donor,840,2692.0,57.0,2.1173847,0.0,0.0,5.0,0.18573551,0.0,0.0,1321.0,49.071323,False,False,False,True,False,False,False,False,False,0.20063113539052,singlet,pbmc3k-capture1,True,
CTATACTGCGCTAA-1,pbmc3k-capture1,pbmc3k-public-donor,734,1857.0,30.0,1.6155088,0.0,0.0,20.0,1.0770059,0.0,0.0,407.0,21.91707,False,False,False,True,False,False,False,False,False,0.117702674918548,singlet,pbmc3k-capture1,True,
CTATACTGCTACGA-1,pbmc3k-capture1,pbmc3k-public-donor,948,2130.0,40.0,1.8779343,0.0,0.0,9.0,0.42253524,0.0,0.0,428.0,20.093897,False,False,False,True,False,False,False,False,False,0.16892084612604,singlet,pbmc3k-capture1,True,
CTATACTGTCTCAT-1,pbmc3k-capture1,pbmc3k-public-donor,842,1774.0,71.0,4.002255,0.0,0.0,8.0,0.45095825,0.0,0.0,300.0,16.910936,False,False,False,True,False,False,False,False,False,0.0504260585179645,singlet,pbmc3k-capture1,True,
CTATACTGTTCGTT-1,pbmc3k-capture1,pbmc3k-public-donor,1543,4789.0,59.0,1.23199,0.0,0.0,33.0,0.68907917,1.0,0.020881187,1887.0,39.402798,False,False,False,True,False,False,True,False,True,0.538963319882179,doublet,pbmc3k-capture1,False,scDblFinder_doublet
CTATAGCTGTCACA-1,pbmc3k-capture1,pbmc3k-public-donor,661,2124.0,42.0,1.977401,0.0,0.0,21.0,0.9887005,0.0,0.0,939.0,44.209038,False,False,False,True,False,False,False,False,False,0.0699640225981977,singlet,pbmc3k-capture1,True,
CTATAGCTTCGCTC-1,pbmc3k-capture1,pbmc3k-public-donor,981,2543.0,70.0,2.7526543,0.0,0.0,15.0,0.5898545,0.0,0.0,490.0,19.26858,False,False,False,True,False,False,False,False,False,0.294687359789183,singlet,pbmc3k-capture1,True,
CTATAGCTTGCCTC-1,pbmc3k-capture1,pbmc3k-public-donor,912,2498.0,85.0,3.4027224,0.0,0.0,24.0,0.9607686,1.0,0.040032025,598.0,23.939152,False,False,False,True,False,False,True,False,False,0.162131124954004,singlet,pbmc3k-capture1,True,
CTATCAACGAACTC-1,pbmc3k-capture1,pbmc3k-public-donor,912,2522.0,54.0,2.1411576,0.0,0.0,28.0,1.11023,0.0,0.0,1026.0,40.681995,False,False,False,True,False,False,False,False,False,0.496769353304518,doublet,pbmc3k-capture1,False,scDblFinder_doublet
CTATCAACGCAGAG-1,pbmc3k-capture1,pbmc3k-public-donor,1063,3163.0,71.0,2.2447045,0.0,0.0,42.0,1.3278533,0.0,0.0,1271.0,40.183372,False,False,False,True,False,False,False,False,False,0.346720704871355,singlet,pbmc3k-capture1,True,
CTATCAACTTTGGG-1,pbmc3k-capture1,pbmc3k-public-donor,683,2057.0,69.0,3.3543997,0.0,0.0,7.0,0.3403014,0.0,0.0,910.0,44.239185,False,False,False,True,False,False,False,False,False,0.166858016176848,singlet,pbmc3k-capture1,True,
CTATCCCTCCACCT-1,pbmc3k-capture1,pbmc3k-public-donor,823,2173.0,48.0,2.2089279,0.0,0.0,13.0,0.5982513,0.0,0.0,596.0,27.427519,False,False,False,True,False,False,False,False,False,0.151613888681795,singlet,pbmc3k-capture1,True,
CTATGTACGAGAGC-1,pbmc3k-capture1,pbmc3k-public-donor,996,3145.0,37.0,1.1764706,0.0,0.0,32.0,1.0174881,0.0,0.0,1346.0,42.79809,False,False,False,True,False,False,False,False,False,0.2931311598615,singlet,pbmc3k-capture1,True,
CTATGTACGCTTAG-1,pbmc3k-capture1,pbmc3k-public-donor,695,2074.0,40.0,1.9286404,0.0,0.0,31.0,1.4946963,0.0,0.0,944.0,45.51591,False,False,False,True,False,False,False,False,False,0.163018283533803,singlet,pbmc3k-capture1,True,
CTATGTACTGTTTC-1,pbmc3k-capture1,pbmc3k-public-donor,1483,4826.0,58.0,1.2018235,0.0,0.0,60.0,1.2432656,1.0,0.020721093,1994.0,41.317863,False,False,False,True,False,False,True,False,True,0.742830823224162,doublet,pbmc3k-capture1,False,scDblFinder_doublet
CTATGTTGAAAGCA-1,pbmc3k-capture1,pbmc3k-public-donor,927,3168.0,62.0,1.9570706,0.0,0.0,26.0,0.8207071,0.0,0.0,1449.0,45.738636,False,False,False,True,False,False,False,False,False,0.282673777687978,singlet,pbmc3k-capture1,True,
CTATGTTGTCCTCG-1,pbmc3k-capture1,pbmc3k-public-donor,574,1635.0,23.0,1.4067278,0.0,0.0,15.0,0.9174312,0.0,0.0,749.0,45.8104,False,False,False,True,False,False,False,False,False,0.103003755025204,singlet,pbmc3k-capture1,True,
CTATGTTGTCTCGC-1,pbmc3k-capture1,pbmc3k-public-donor,1052,3494.0,85.0,2.4327419,0.0,0.0,20.0,0.57240987,0.0,0.0,1406.0,40.240414,False,False,False,True,False,False,False,False,False,0.447819421145831,doublet,pbmc3k-capture1,False,scDblFinder_doublet
CTATTGACAAACGA-1,pbmc3k-capture1,pbmc3k-public-donor,571,1289.0,55.0,4.2668734,0.0,0.0,7.0,0.5430566,0.0,0.0,276.0,21.411947,False,False,False,True,False,False,False,False,False,0.0727132695227211,singlet,pbmc3k-capture1,True,
CTATTGACACTGGT-1,pbmc3k-capture1,pbmc3k-public-donor,1028,2940.0,65.0,2.2108843,0.0,0.0,19.0,0.64625853,0.0,0.0,791.0,26.904762,False,False,False,True,False,False,False,False,False,0.182818920207252,singlet,pbmc3k-capture1,True,
CTATTGACGGTGAG-1,pbmc3k-capture1,pbmc3k-public-donor,1263,3968.0,64.0,1.6129031,0.0,0.0,13.0,0.32762095,1.0,0.025201611,903.0,22.757057,False,False,False,True,False,False,True,False,False,0.246036954515574,singlet,pbmc3k-capture1,True,
CTATTGTGGCAAGG-1,pbmc3k-capture1,pbmc3k-public-donor,671,1939.0,70.0,3.6101084,0.0,0.0,3.0,0.15471894,0.0,0.0,787.0,40.587933,False,False,False,True,False,False,False,False,False,0.16559001060749,singlet,pbmc3k-capture1,True,
CTCAATTGGTTCAG-1,pbmc3k-capture1,pbmc3k-public-donor,958,3237.0,44.0,1.3592833,0.0,0.0,42.0,1.2974976,0.0,0.0,1474.0,45.53599,False,False,False,True,False,False,False,False,False,0.345325355506811,singlet,pbmc3k-capture1,True,
CTCAATTGGTTGCA-1,pbmc3k-capture1,pbmc3k-public-donor,747,1908.0,60.0,3.1446543,0.0,0.0,12.0,0.6289308,0.0,0.0,423.0,22.169811,False,False,False,True,False,False,False,False,False,0.106410487416531,singlet,pbmc3k-capture1,True,
CTCAGAGATAGAAG-1,pbmc3k-capture1,pbmc3k-public-donor,866,2568.0,35.0,1.3629284,0.0,0.0,18.0,0.7009345,0.0,0.0,1157.0,45.054516,False,False,False,True,False,False,False,False,False,0.281961119428065,singlet,pbmc3k-capture1,True,
CTCAGCACTCTAGG-1,pbmc3k-capture1,pbmc3k-public-donor,896,2344.0,47.0,2.0051193,0.0,0.0,28.0,1.1945393,0.0,0.0,886.0,37.798634,False,False,False,True,False,False,False,False,False,0.475441776513749,doublet,pbmc3k-capture1,False,scDblFinder_doublet
CTCAGCACTGAACC-1,pbmc3k-capture1,pbmc3k-public-donor,489,1153.0,17.0,1.4744146,0.0,0.0,53.0,4.5967045,0.0,0.0,317.0,27.493494,True,False,False,False,False,True,False,False,False,,not_called_core_qc_fail,pbmc3k-capture1,False,fails_low_genes
CTCAGCACTTGCAG-1,pbmc3k-capture1,pbmc3k-public-donor,643,1860.0,29.0,1.5591397,0.0,0.0,8.0,0.43010753,0.0,0.0,876.0,47.096775,False,False,False,True,False,False,False,False,False,0.13636038317465,singlet,pbmc3k-capture1,True,
CTCAGCTGAACCTG-1,pbmc3k-capture1,pbmc3k-public-donor,923,2928.0,75.0,2.5614753,0.0,0.0,34.0,1.1612022,1.0,0.034153003,943.0,32.206284,False,False,False,True,False,False,True,False,False,0.447063265126649,doublet,pbmc3k-capture1,False,scDblFinder_doublet
CTCAGCTGCAGTTG-1,pbmc3k-capture1,pbmc3k-public-donor,820,2342.0,58.0,2.4765158,0.0,0.0,20.0,0.85397094,1.0,0.042698547,944.0,40.30743,False,False,False,True,False,False,True,False,False,0.253036831090072,singlet,pbmc3k-capture1,True,
CTCAGCTGTTTCTG-1,pbmc3k-capture1,pbmc3k-public-donor,646,1857.0,96.0,5.1696286,0.0,0.0,2.0,0.10770059,0.0,0.0,784.0,42.21863,False,False,True,False,False,False,False,False,False,,not_called_core_qc_fail,pbmc3k-capture1,False,fails_mt
CTCAGGCTCGTTGA-1,pbmc3k-capture1,pbmc3k-public-donor,1466,4505.0,111.0,2.463929,0.0,0.0,31.0,0.6881243,0.0,0.0,825.0,18.312986,False,False,False,True,False,False,False,False,True,0.21215970344746,singlet,pbmc3k-capture1,True,
CTCAGGCTGCTAAC-1,pbmc3k-capture1,pbmc3k-public-donor,550,1198.0,20.0,1.6694492,0.0,0.0,8.0,0.6677796,0.0,0.0,339.0,28.297161,False,False,False,True,False,False,False,False,False,0.112842838517377,singlet,pbmc3k-capture1,True,
CTCATTGACCTTAT-1,pbmc3k-capture1,pbmc3k-public-donor,1112,3103.0,21.0,0.6767644,0.0,0.0,38.0,1.2246213,0.0,0.0,1085.0,34.966164,False,False,False,True,False,False,False,False,False,0.560126023283966,doublet,pbmc3k-capture1,False,scDblFinder_doublet
CTCATTGATGCTTT-1,pbmc3k-capture1,pbmc3k-public-donor,1006,3007.0,64.0,2.1283672,0.0,0.0,15.0,0.49883607,0.0,0.0,705.0,23.445295,False,False,False,True,False,False,False,False,False,0.317937657127774,singlet,pbmc3k-capture1,True,
CTCATTGATTGCTT-1,pbmc3k-capture1,pbmc3k-public-donor,303,595.0,119.0,20.0,0.0,0.0,4.0,0.6722689,0.0,0.0,79.0,13.277311,True,True,True,False,False,False,False,False,False,,not_called_core_qc_fail,pbmc3k-capture1,False,fails_low_genes;fails_low_umis;fails_mt
CTCCACGAGAGATA-1,pbmc3k-capture1,pbmc3k-public-donor,1448,4639.0,94.0,2.0262988,0.0,0.0,58.0,1.2502694,0.0,0.0,1249.0,26.923906,False,False,False,True,False,False,False,False,True,0.233254008671399,singlet,pbmc3k-capture1,True,
CTCCATCTCTTAGG-1,pbmc3k-capture1,pbmc3k-public-donor,727,2109.0,25.0,1.185396,0.0,0.0,13.0,0.61640584,0.0,0.0,907.0,43.006165,False,False,False,True,False,False,False,False,False,0.169762608408357,singlet,pbmc3k-capture1,True,
CTCCATCTGACGAG-1,pbmc3k-capture1,pbmc3k-public-donor,899,2887.0,44.0,1.5240735,0.0,0.0,43.0,1.4894354,0.0,0.0,1277.0,44.23277,False,False,False,True,False,False,False,False,False,0.285006525985755,singlet,pbmc3k-capture1,True,
CTCCGAACAAGTGA-1,pbmc3k-capture1,pbmc3k-public-donor,998,2446.0,55.0,2.248569,0.0,0.0,24.0,0.9811938,0.0,0.0,389.0,15.903516,False,False,False,True,False,False,False,False,False,0.0782735432557372,singlet,pbmc3k-capture1,True,
CTCCTACTGCCTTC-1,pbmc3k-capture1,pbmc3k-public-donor,563,1292.0,48.0,3.7151701,0.0,0.0,12.0,0.92879254,0.0,0.0,296.0,22.910217,False,False,False,True,False,False,False,False,False,0.0417477359106683,singlet,pbmc3k-capture1,True,
CTCGAAGATGTGGT-1,pbmc3k-capture1,pbmc3k-public-donor,870,2952.0,68.0,2.303523,0.0,0.0,17.0,0.57588077,0.0,0.0,1285.0,43.52981,False,False,False,True,False,False,False,False,False,0.249156194449866,singlet,pbmc3k-capture1,True,
CTCGAAGATTAGGC-1,pbmc3k-capture1,pbmc3k-public-donor,903,2373.0,23.0,0.96923727,0.0,0.0,20.0,0.842815,0.0,0.0,616.0,25.958702,False,False,False,True,False,False,False,False,False,0.199556411355094,singlet,pbmc3k-capture1,True,
CTCGACTGCTCTAT-1,pbmc3k-capture1,pbmc3k-public-donor,516,1144.0,12.0,1.048951,0.0,0.0,18.0,1.5734266,0.0,0.0,423.0,36.975525,False,False,False,True,False,False,False,False,False,0.166067924939794,singlet,pbmc3k-capture1,True,
CTCGACTGGGTGAG-1,pbmc3k-capture1,pbmc3k-public-donor,754,2023.0,35.0,1.7301037,0.0,0.0,2.0,0.09886307,0.0,0.0,809.0,39.990116,False,False,False,True,False,False,False,False,False,0.0765675697811832,singlet,pbmc3k-capture1,True,
CTCGACTGGTTGAC-1,pbmc3k-capture1,pbmc3k-public-donor,879,1814.0,41.0,2.2601984,0.0,0.0,6.0,0.33076075,0.0,0.0,289.0,15.931643,False,False,False,True,False,False,False,False,False,0.105845076537552,singlet,pbmc3k-capture1,True,
CTCGAGCTCTGGAT-1,pbmc3k-capture1,pbmc3k-public-donor,588,1157.0,11.0,0.9507347,0.0,0.0,4.0,0.3457217,0.0,0.0,239.0,20.656872,False,False,False,True,False,False,False,False,False,0.10743062988563,singlet,pbmc3k-capture1,True,
CTCGCATGACTTTC-1,pbmc3k-capture1,pbmc3k-public-donor,740,1839.0,79.0,4.295813,0.0,0.0,14.0,0.76128334,0.0,0.0,597.0,32.463295,False,False,False,True,False,False,False,False,False,0.233724272391655,singlet,pbmc3k-capture1,True,
CTCGCATGCTTAGG-1,pbmc3k-capture1,pbmc3k-public-donor,798,2190.0,78.0,3.5616438,0.0,0.0,17.0,0.77625567,0.0,0.0,851.0,38.858448,False,False,False,True,False,False,False,False,False,0.267145568891778,singlet,pbmc3k-capture1,True,
CTCTAAACCTCGAA-1,pbmc3k-capture1,pbmc3k-public-donor,798,2272.0,24.0,1.056338,0.0,0.0,22.0,0.9683099,0.0,0.0,952.0,41.90141,False,False,False,True,False,False,False,False,False,0.242636291765614,singlet,pbmc3k-capture1,True,
CTCTAAACGGCGAA-1,pbmc3k-capture1,pbmc3k-public-donor,653,2003.0,35.0,1.747379,0.0,0.0,15.0,0.7488767,0.0,0.0,896.0,44.732903,False,False,False,True,False,False,False,False,False,0.0647656082811917,singlet,pbmc3k-capture1,True,
CTCTAATGTCCAAG-1,pbmc3k-capture1,pbmc3k-public-donor,902,2339.0,70.0,2.9927318,0.0,0.0,18.0,0.7695596,0.0,0.0,530.0,22.659256,False,False,False,True,False,False,False,False,False,0.276039090259651,singlet,pbmc3k-capture1,True,
CTGAACGACAGTCA-1,pbmc3k-capture1,pbmc3k-public-donor,990,2732.0,24.0,0.8784773,0.0,0.0,57.0,2.0863836,0.0,0.0,959.0,35.10249,False,False,False,True,False,True,False,False,False,0.206932849422065,singlet,pbmc3k-capture1,True,
CTGAACGATGAGGG-1,pbmc3k-capture1,pbmc3k-public-donor,724,1538.0,36.0,2.340702,0.0,0.0,6.0,0.39011702,0.0,0.0,398.0,25.877762,False,False,False,True,False,False,False,False,False,0.243973474652734,singlet,pbmc3k-capture1,True,
CTGAAGACCCAACA-1,pbmc3k-capture1,pbmc3k-public-donor,953,2753.0,74.0,2.6879766,0.0,0.0,15.0,0.5448602,0.0,0.0,1161.0,42.172176,False,False,False,True,False,False,False,False,False,0.216276340901478,singlet,pbmc3k-capture1,True,
CTGAAGACGTGCAT-1,pbmc3k-capture1,pbmc3k-public-donor,891,2300.0,59.0,2.5652175,0.0,0.0,12.0,0.5217391,0.0,0.0,673.0,29.26087,False,False,False,True,False,False,False,False,False,0.153002763748401,singlet,pbmc3k-capture1,True,
CTGAAGTGAAGCCT-1,pbmc3k-capture1,pbmc3k-public-donor,1437,4073.0,122.0,2.995335,0.0,0.0,14.0,0.34372696,1.0,0.024551928,540.0,13.258041,False,False,False,True,False,False,True,False,False,0.123616542095892,singlet,pbmc3k-capture1,True,
CTGAAGTGCAGCTA-1,pbmc3k-capture1,pbmc3k-public-donor,653,1717.0,23.0,1.3395457,0.0,0.0,7.0,0.4076878,0.0,0.0,565.0,32.90623,False,False,False,True,False,False,False,False,False,0.0729697226228514,singlet,pbmc3k-capture1,True,
CTGAAGTGGCTATG-1,pbmc3k-capture1,pbmc3k-public-donor,714,1891.0,16.0,0.84611315,0.0,0.0,16.0,0.84611315,0.0,0.0,768.0,40.61343,False,False,False,True,False,False,False,False,False,0.114284024348324,singlet,pbmc3k-capture1,True,
CTGAAGTGTCCAGA-1,pbmc3k-capture1,pbmc3k-public-donor,956,3300.0,20.0,0.60606056,0.0,0.0,48.0,1.4545455,0.0,0.0,1524.0,46.18182,False,False,False,True,False,False,False,False,False,0.332907243338169,singlet,pbmc3k-capture1,True,
CTGAATCTGAATAG-1,pbmc3k-capture1,pbmc3k-public-donor,877,2023.0,38.0,1.8783984,0.0,0.0,26.0,1.2852199,0.0,0.0,556.0,27.483934,False,False,False,True,False,False,False,False,False,0.321871828770649,singlet,pbmc3k-capture1,True,
CTGACAGAATCGTG-1,pbmc3k-capture1,pbmc3k-public-donor,1012,2700.0,28.0,1.037037,1.0,0.037037037,19.0,0.7037037,0.0,0.0,759.0,28.111113,False,False,False,True,True,False,False,False,False,0.256862866673418,singlet,pbmc3k-capture1,True,
CTGACCACAGCAAA-1,pbmc3k-capture1,pbmc3k-public-donor,824,2478.0,20.0,0.8071025,0.0,0.0,33.0,1.3317192,0.0,0.0,1006.0,40.597256,False,False,False,True,False,False,False,False,False,0.211963188595381,singlet,pbmc3k-capture1,True,
CTGAGAACCGGGAA-1,pbmc3k-capture1,pbmc3k-public-donor,1077,3916.0,81.0,2.0684373,0.0,0.0,48.0,1.2257406,1.0,0.025536263,1698.0,43.360573,False,False,False,True,False,False,True,False,False,0.340463324906234,singlet,pbmc3k-capture1,True,
CTGAGAACGTAAAG-1,pbmc3k-capture1,pbmc3k-public-donor,740,1420.0,25.0,1.7605635,0.0,0.0,12.0,0.8450705,0.0,0.0,257.0,18.09859,False,False,False,True,False,False,False,False,False,0.0534453101942911,singlet,pbmc3k-capture1,True,
CTGATACTAGTAGA-1,pbmc3k-capture1,pbmc3k-public-donor,692,2229.0,36.0,1.615074,0.0,0.0,25.0,1.1215792,0.0,0.0,956.0,42.889187,False,False,False,True,False,False,False,False,False,0.174305217961922,singlet,pbmc3k-capture1,True,
CTGATTTGGTGTTG-1,pbmc3k-capture1,pbmc3k-public-donor,1063,2994.0,35.0,1.1690047,0.0,0.0,8.0,0.26720107,0.0,0.0,711.0,23.747496,False,False,False,True,False,False,False,False,False,0.157154022584345,singlet,pbmc3k-capture1,True,
CTGCAGCTAACCGT-1,pbmc3k-capture1,pbmc3k-public-donor,771,2674.0,91.0,3.4031413,0.0,0.0,26.0,0.9723261,0.0,0.0,1283.0,47.980553,False,False,False,True,False,False,False,False,False,0.115702630653678,singlet,pbmc3k-capture1,True,
CTGCAGCTGACACT-1,pbmc3k-capture1,pbmc3k-public-donor,808,3102.0,22.0,0.7092198,0.0,0.0,19.0,0.61250806,0.0,0.0,1571.0,50.644745,False,False,False,True,False,False,False,False,False,0.143098864811294,singlet,pbmc3k-capture1,True,
CTGCAGCTGGATTC-1,pbmc3k-capture1,pbmc3k-public-donor,1389,4046.0,63.0,1.5570934,0.0,0.0,11.0,0.27187344,0.0,0.0,708.0,17.498764,False,False,False,True,False,False,False,False,False,0.194430405139992,singlet,pbmc3k-capture1,True,
CTGCAGCTTGGCAT-1,pbmc3k-capture1,pbmc3k-public-donor,1264,3900.0,90.0,2.3076923,0.0,0.0,42.0,1.076923,0.0,0.0,1351.0,34.641026,False,False,False,True,False,False,False,False,False,0.625899858846533,doublet,pbmc3k-capture1,False,scDblFinder_doublet
CTGCCAACAGGAGC-1,pbmc3k-capture1,pbmc3k-public-donor,952,2857.0,85.0,2.9751487,0.0,0.0,49.0,1.7150859,0.0,0.0,1096.0,38.36192,False,False,False,True,False,False,False,False,False,0.345297557518903,singlet,pbmc3k-capture1,True,
CTGCCAACCAGCTA-1,pbmc3k-capture1,pbmc3k-public-donor,816,2211.0,28.0,1.2663953,0.0,0.0,44.0,1.9900497,0.0,0.0,863.0,39.032112,False,False,False,True,False,True,False,False,False,0.283986000833426,singlet,pbmc3k-capture1,True,
CTGCCAACTAACCG-1,pbmc3k-capture1,pbmc3k-public-donor,795,2264.0,46.0,2.0318022,0.0,0.0,15.0,0.6625442,1.0,0.044169612,513.0,22.659012,False,False,False,True,False,False,True,False,False,0.219919498975117,singlet,pbmc3k-capture1,True,
CTGCCAACTGCTCC-1,pbmc3k-capture1,pbmc3k-public-donor,795,1870.0,51.0,2.7272727,0.0,0.0,15.0,0.802139,0.0,0.0,559.0,29.89305,False,False,False,True,False,False,False,False,False,0.290344176055827,singlet,pbmc3k-capture1,True,
CTGCCAACTTGCAG-1,pbmc3k-capture1,pbmc3k-public-donor,760,2344.0,76.0,3.242321,0.0,0.0,35.0,1.4931741,0.0,0.0,1081.0,46.11775,False,False,False,True,False,False,False,False,False,0.100784984800488,singlet,pbmc3k-capture1,True,
CTGCCAACTTGCTT-1,pbmc3k-capture1,pbmc3k-public-donor,886,2332.0,53.0,2.2727273,0.0,0.0,52.0,2.2298458,0.0,0.0,833.0,35.72041,False,False,False,True,False,True,False,False,False,0.313882780484647,singlet,pbmc3k-capture1,True,
CTGCGACTCCACCT-1,pbmc3k-capture1,pbmc3k-public-donor,349,688.0,24.0,3.4883723,0.0,0.0,6.0,0.8720931,0.0,0.0,213.0,30.959303,True,True,False,False,False,False,False,False,False,,not_called_core_qc_fail,pbmc3k-capture1,False,fails_low_genes;fails_low_umis
CTGGAAACAAACGA-1,pbmc3k-capture1,pbmc3k-public-donor,868,2367.0,68.0,2.8728347,0.0,0.0,4.0,0.16899028,0.0,0.0,735.0,31.051964,False,False,False,True,False,False,False,False,False,0.193911793750993,singlet,pbmc3k-capture1,True,
CTGGAAACATCGAC-1,pbmc3k-capture1,pbmc3k-public-donor,842,2151.0,30.0,1.3947002,0.0,0.0,29.0,1.3482101,0.0,0.0,765.0,35.564854,False,False,False,True,False,False,False,False,False,0.40507533939719,singlet,pbmc3k-capture1,True,
CTGGATGACTGGAT-1,pbmc3k-capture1,pbmc3k-public-donor,819,2037.0,57.0,2.7982326,0.0,0.0,16.0,0.7854688,0.0,0.0,689.0,33.82425,False,False,False,True,False,False,False,False,False,0.231185650839104,singlet,pbmc3k-capture1,True,
CTGGATGACTTGTT-1,pbmc3k-capture1,pbmc3k-public-donor,626,1457.0,60.0,4.1180506,0.0,0.0,5.0,0.3431709,0.0,0.0,397.0,27.247768,False,False,False,True,False,False,False,False,False,0.17459031209034,singlet,pbmc3k-capture1,True,
CTGGATGATGTGAC-1,pbmc3k-capture1,pbmc3k-public-donor,418,869.0,14.0,1.6110473,0.0,0.0,9.0,1.0356731,0.0,0.0,324.0,37.284233,True,True,False,False,False,False,False,False,False,,not_called_core_qc_fail,pbmc3k-capture1,False,fails_low_genes;fails_low_umis
CTGGCACTCAAGCT-1,pbmc3k-capture1,pbmc3k-public-donor,903,2565.0,50.0,1.9493177,0.0,0.0,19.0,0.7407407,0.0,0.0,687.0,26.783625,False,False,False,True,False,False,False,False,False,0.142988063235213,singlet,pbmc3k-capture1,True,
CTGGCACTGGACAG-1,pbmc3k-capture1,pbmc3k-public-donor,626,1555.0,96.0,6.1736336,0.0,0.0,8.0,0.51446944,0.0,0.0,452.0,29.067526,False,False,True,False,False,False,False,False,False,,not_called_core_qc_fail,pbmc3k-capture1,False,fails_mt
CTGTAACTAACCAC-1,pbmc3k-capture1,pbmc3k-public-donor,838,2167.0,64.0,2.9533918,0.0,0.0,30.0,1.3844024,0.0,0.0,742.0,34.240887,False,False,False,True,False,False,False,False,False,0.309987847985059,singlet,pbmc3k-capture1,True,
CTGTAACTAGCGTT-1,pbmc3k-capture1,pbmc3k-public-donor,723,1983.0,19.0,0.9581442,0.0,0.0,42.0,2.118003,0.0,0.0,734.0,37.014626,False,False,False,True,False,True,False,False,False,0.237995100965815,singlet,pbmc3k-capture1,True,
CTGTATACGTAAAG-1,pbmc3k-capture1,pbmc3k-public-donor,436,979.0,20.0,2.042901,0.0,0.0,11.0,1.1235955,0.0,0.0,361.0,36.874363,True,True,False,False,False,False,False,False,False,,not_called_core_qc_fail,pbmc3k-capture1,False,fails_low_genes;fails_low_umis
CTGTATACGTACGT-1,pbmc3k-capture1,pbmc3k-public-donor,1112,3504.0,121.0,3.4531963,0.0,0.0,25.0,0.7134703,0.0,0.0,639.0,18.236301,False,False,False,True,False,False,False,False,False,0.195335738046376,singlet,pbmc3k-capture1,True,
CTGTATACGTTGGT-1,pbmc3k-capture1,pbmc3k-public-donor,724,1828.0,16.0,0.8752735,0.0,0.0,52.0,2.8446388,0.0,0.0,696.0,38.074398,False,False,False,True,False,True,False,False,False,0.251797286882448,singlet,pbmc3k-capture1,True,
CTGTGAGACAACCA-1,pbmc3k-capture1,pbmc3k-public-donor,1299,4059.0,93.0,2.2912047,0.0,0.0,40.0,0.98546433,0.0,0.0,738.0,18.181818,False,False,False,True,False,False,False,False,False,0.125170583739565,singlet,pbmc3k-capture1,True,
CTGTGAGACCTTGC-1,pbmc3k-capture1,pbmc3k-public-donor,719,1662.0,70.0,4.211793,0.0,0.0,16.0,0.9626956,0.0,0.0,500.0,30.084234,False,False,False,True,False,False,False,False,False,0.167303438503149,singlet,pbmc3k-capture1,True,
CTGTGAGACGAACT-1,pbmc3k-capture1,pbmc3k-public-donor,843,2277.0,31.0,1.3614405,0.0,0.0,15.0,0.6587615,0.0,0.0,529.0,23.232323,False,False,False,True,False,False,False,False,False,0.226767067343692,singlet,pbmc3k-capture1,True,
CTGTGAGACTGTAG-1,pbmc3k-capture1,pbmc3k-public-donor,1090,3256.0,77.0,2.3648648,0.0,0.0,28.0,0.85995084,1.0,0.03071253,885.0,27.180588,False,False,False,True,False,False,True,False,False,0.262816972627476,singlet,pbmc3k-capture1,True,
CTTAAAGAACCTGA-1,pbmc3k-capture1,pbmc3k-public-donor,696,2297.0,36.0,1.5672617,0.0,0.0,26.0,1.1319112,0.0,0.0,1026.0,44.666958,False,False,False,True,False,False,False,False,False,0.109482949009378,singlet,pbmc3k-capture1,True,
CTTAACACCTGTAG-1,pbmc3k-capture1,pbmc3k-public-donor,885,2068.0,35.0,1.6924566,0.0,0.0,43.0,2.0793037,0.0,0.0,719.0,34.767895,False,False,False,True,False,True,False,False,False,0.392956692240664,singlet,pbmc3k-capture1,True,
CTTAACACGAGCTT-1,pbmc3k-capture1,pbmc3k-public-donor,1144,3211.0,171.0,5.3254437,0.0,0.0,55.0,1.712862,0.0,0.0,1117.0,34.78667,False,False,True,False,False,False,False,False,False,,not_called_core_qc_fail,pbmc3k-capture1,False,fails_mt
CTTAACACTATCGG-1,pbmc3k-capture1,pbmc3k-public-donor,627,1748.0,40.0,2.2883296,0.0,0.0,29.0,1.6590389,0.0,0.0,625.0,35.75515,False,False,False,True,False,False,False,False,False,0.0685781870262215,singlet,pbmc3k-capture1,True,
CTTAAGCTACCTAG-1,pbmc3k-capture1,pbmc3k-public-donor,809,2362.0,49.0,2.0745132,0.0,0.0,35.0,1.4817951,0.0,0.0,997.0,42.20999,False,False,False,True,False,False,False,False,False,0.330118165680507,singlet,pbmc3k-capture1,True,
CTTAAGCTAGTACC-1,pbmc3k-capture1,pbmc3k-public-donor,423,920.0,16.0,1.7391304,0.0,0.0,9.0,0.9782609,0.0,0.0,331.0,35.97826,True,True,False,False,False,False,False,False,False,,not_called_core_qc_fail,pbmc3k-capture1,False,fails_low_genes;fails_low_umis
CTTAAGCTCATCAG-1,pbmc3k-capture1,pbmc3k-public-donor,729,1860.0,57.0,3.064516,0.0,0.0,24.0,1.2903225,0.0,0.0,730.0,39.247314,False,False,False,True,False,False,False,False,False,0.0975554407256792,singlet,pbmc3k-capture1,True,
CTTAAGCTCCGCTT-1,pbmc3k-capture1,pbmc3k-public-donor,853,2374.0,71.0,2.990733,0.0,0.0,13.0,0.547599,0.0,0.0,845.0,35.593933,False,False,False,True,False,False,False,False,False,0.117294111627257,singlet,pbmc3k-capture1,True,
CTTAAGCTTCCTCG-1,pbmc3k-capture1,pbmc3k-public-donor,713,1724.0,90.0,5.2204175,0.0,0.0,8.0,0.46403712,0.0,0.0,470.0,27.26218,False,False,True,False,False,False,False,False,False,,not_called_core_qc_fail,pbmc3k-capture1,False,fails_mt
CTTACAACTAACGC-1,pbmc3k-capture1,pbmc3k-public-donor,855,2369.0,41.0,1.7306881,0.0,0.0,25.0,1.0552976,0.0,0.0,1026.0,43.309414,False,False,False,True,False,False,False,False,False,0.279821663343378,singlet,pbmc3k-capture1,True,
CTTACAACTCCCGT-1,pbmc3k-capture1,pbmc3k-public-donor,608,1505.0,18.0,1.1960133,0.0,0.0,11.0,0.730897,0.0,0.0,355.0,23.588041,False,False,False,True,False,False,False,False,False,0.0877423605485413,singlet,pbmc3k-capture1,True,
CTTACTGACGTACA-1,pbmc3k-capture1,pbmc3k-public-donor,627,1857.0,41.0,2.2078621,0.0,0.0,29.0,1.5616585,0.0,0.0,791.0,42.595585,False,False,False,True,False,False,False,False,False,0.0870137256143326,singlet,pbmc3k-capture1,True,
CTTAGACTAAACGA-1,pbmc3k-capture1,pbmc3k-public-donor,823,2396.0,31.0,1.293823,0.0,0.0,51.0,2.1285477,0.0,0.0,715.0,29.841402,False,False,False,True,False,True,False,False,False,0.30990390310146,singlet,pbmc3k-capture1,True,
CTTAGGGACTTGCC-1,pbmc3k-capture1,pbmc3k-public-donor,1063,2991.0,20.0,0.6686727,0.0,0.0,40.0,1.3373454,0.0,0.0,1029.0,34.40321,False,False,False,True,False,False,False,False,False,0.425955131033255,singlet,pbmc3k-capture1,True,
CTTAGGGAGAATCC-1,pbmc3k-capture1,pbmc3k-public-donor,575,1638.0,38.0,2.3199024,0.0,0.0,8.0,0.48840052,0.0,0.0,781.0,47.6801,False,False,False,True,False,False,False,False,False,0.0714136998651015,singlet,pbmc3k-capture1,True,
CTTATCGACTCATT-1,pbmc3k-capture1,pbmc3k-public-donor,743,1966.0,38.0,1.9328587,0.0,0.0,6.0,0.30518818,0.0,0.0,767.0,39.013226,False,False,False,True,False,False,False,False,False,0.242312648960112,singlet,pbmc3k-capture1,True,
CTTCACCTACCTGA-1,pbmc3k-capture1,pbmc3k-public-donor,1528,4888.0,117.0,2.3936172,0.0,0.0,55.0,1.1252046,0.0,0.0,949.0,19.414894,False,False,False,True,False,False,False,False,True,0.278794180595799,singlet,pbmc3k-capture1,True,
CTTCATGAAGCATC-1,pbmc3k-capture1,pbmc3k-public-donor,681,1927.0,34.0,1.7644007,0.0,0.0,27.0,1.4011416,0.0,0.0,821.0,42.605083,False,False,False,True,False,False,False,False,False,0.0916126790304326,singlet,pbmc3k-capture1,True,
CTTCATGAAGTACC-1,pbmc3k-capture1,pbmc3k-public-donor,544,1324.0,25.0,1.8882176,0.0,0.0,27.0,2.039275,0.0,0.0,488.0,36.858006,False,False,False,True,False,True,False,False,False,0.22413113963402,singlet,pbmc3k-capture1,True,
CTTCATGACCGAAT-1,pbmc3k-capture1,pbmc3k-public-donor,422,937.0,33.0,3.5218782,0.0,0.0,8.0,0.8537887,0.0,0.0,385.0,41.08858,True,True,False,False,False,False,False,False,False,,not_called_core_qc_fail,pbmc3k-capture1,False,fails_low_genes;fails_low_umis
CTTGAACTACGCAT-1,pbmc3k-capture1,pbmc3k-public-donor,731,2077.0,34.0,1.6369764,0.0,0.0,3.0,0.1444391,0.0,0.0,904.0,43.524315,False,False,False,True,False,False,False,False,False,0.164228101674728,singlet,pbmc3k-capture1,True,
CTTGATTGAGGTTC-1,pbmc3k-capture1,pbmc3k-public-donor,920,2005.0,34.0,1.6957605,0.0,0.0,9.0,0.44887778,0.0,0.0,470.0,23.441397,False,False,False,True,False,False,False,False,False,0.210172716054035,singlet,pbmc3k-capture1,True,
CTTGATTGATCTTC-1,pbmc3k-capture1,pbmc3k-public-donor,761,2094.0,53.0,2.531041,0.0,0.0,21.0,1.0028653,0.0,0.0,604.0,28.844318,False,False,False,True,False,False,False,False,False,0.202062654823397,singlet,pbmc3k-capture1,True,
CTTGATTGCATTCT-1,pbmc3k-capture1,pbmc3k-public-donor,884,2276.0,67.0,2.9437609,0.0,0.0,15.0,0.659051,0.0,0.0,696.0,30.579966,False,False,False,True,False,False,False,False,False,0.152234998671921,singlet,pbmc3k-capture1,True,
CTTGATTGTTTCGT-1,pbmc3k-capture1,pbmc3k-public-donor,982,3235.0,36.0,1.1128284,0.0,0.0,40.0,1.236476,0.0,0.0,1481.0,45.780525,False,False,False,True,False,False,False,False,False,0.356302950564998,singlet,pbmc3k-capture1,True,
CTTGTATGACACCA-1,pbmc3k-capture1,pbmc3k-public-donor,784,2020.0,26.0,1.2871287,0.0,0.0,28.0,1.3861386,0.0,0.0,687.0,34.0099,False,False,False,True,False,False,False,False,False,0.125495774531468,singlet,pbmc3k-capture1,True,
CTTGTATGCGCAAT-1,pbmc3k-capture1,pbmc3k-public-donor,496,1035.0,20.0,1.9323671,0.0,0.0,1.0,0.096618354,0.0,0.0,407.0,39.323673,True,True,False,False,False,False,False,False,False,,not_called_core_qc_fail,pbmc3k-capture1,False,fails_low_genes;fails_low_umis
CTTTACGAGCGAAG-1,pbmc3k-capture1,pbmc3k-public-donor,573,1483.0,60.0,4.045853,0.0,0.0,14.0,0.9440323,2.0,0.13486177,605.0,40.795685,False,False,False,True,False,False,True,False,False,0.0654121791991583,singlet,pbmc3k-capture1,True,
CTTTAGACCGTGAT-1,pbmc3k-capture1,pbmc3k-public-donor,521,1507.0,38.0,2.5215662,0.0,0.0,1.0,0.066357,0.0,0.0,673.0,44.65826,False,False,False,True,False,False,False,False,False,0.075349175355042,singlet,pbmc3k-capture1,True,
CTTTAGACGAGACG-1,pbmc3k-capture1,pbmc3k-public-donor,663,2251.0,47.0,2.087961,0.0,0.0,9.0,0.39982232,0.0,0.0,1181.0,52.46557,False,False,False,True,False,False,False,False,False,0.127860392897054,singlet,pbmc3k-capture1,True,
CTTTAGACGATACC-1,pbmc3k-capture1,pbmc3k-public-donor,794,2500.0,29.0,1.16,0.0,0.0,33.0,1.3199999,0.0,0.0,1110.0,44.4,False,False,False,True,False,False,False,False,False,0.316195166550465,singlet,pbmc3k-capture1,True,
CTTTAGACGTTGGT-1,pbmc3k-capture1,pbmc3k-public-donor,975,2937.0,97.0,3.3026896,0.0,0.0,20.0,0.680967,1.0,0.03404835,1137.0,38.71297,False,False,False,True,False,False,True,False,False,0.385587739278841,singlet,pbmc3k-capture1,True,
CTTTAGACTCATTC-1,pbmc3k-capture1,pbmc3k-public-donor,856,2511.0,81.0,3.2258062,0.0,0.0,1.0,0.03982477,0.0,0.0,1052.0,41.895657,False,False,False,True,False,False,False,False,False,0.413000108490681,singlet,pbmc3k-capture1,True,
CTTTAGTGACGGGA-1,pbmc3k-capture1,pbmc3k-public-donor,978,2214.0,45.0,2.0325203,0.0,0.0,7.0,0.31616983,0.0,0.0,398.0,17.976513,False,False,False,True,False,False,False,False,False,0.0852763951746086,singlet,pbmc3k-capture1,True,
CTTTAGTGGGTGGA-1,pbmc3k-capture1,pbmc3k-public-donor,590,1648.0,26.0,1.57767,0.0,0.0,11.0,0.6674757,1.0,0.06067961,827.0,50.182037,False,False,False,True,False,False,True,False,False,0.0663671885871313,singlet,pbmc3k-capture1,True,
CTTTCAGAGAAACA-1,pbmc3k-capture1,pbmc3k-public-donor,905,2496.0,34.0,1.3621795,0.0,0.0,43.0,1.7227564,0.0,0.0,929.0,37.21955,False,False,False,True,False,False,False,False,False,0.357101675434704,singlet,pbmc3k-capture1,True,
CTTTGATGAGCACT-1,pbmc3k-capture1,pbmc3k-public-donor,695,2020.0,28.0,1.3861386,0.0,0.0,21.0,1.039604,0.0,0.0,879.0,43.51485,False,False,False,True,False,False,False,False,False,0.256264833689287,singlet,pbmc3k-capture1,True,
CTTTGATGTCTAGG-1,pbmc3k-capture1,pbmc3k-public-donor,816,1935.0,57.0,2.9457364,0.0,0.0,20.0,1.0335917,0.0,0.0,650.0,33.591732,False,False,False,True,False,False,False,False,False,0.265994193330193,singlet,pbmc3k-capture1,True,
CTTTGATGTGTCCC-1,pbmc3k-capture1,pbmc3k-public-donor,976,3462.0,83.0,2.397458,0.0,0.0,26.0,0.75101095,1.0,0.028885037,1718.0,49.624493,False,False,False,True,False,False,True,False,False,0.257541215370121,singlet,pbmc3k-capture1,True,
CTTTGATGTGTGGT-1,pbmc3k-capture1,pbmc3k-public-donor,816,2490.0,41.0,1.6465863,0.0,0.0,24.0,0.96385545,0.0,0.0,1005.0,40.361446,False,False,False,True,False,False,False,False,False,0.272249335150534,singlet,pbmc3k-capture1,True,
GAAACAGAACTACG-1,pbmc3k-capture1,pbmc3k-public-donor,753,1960.0,27.0,1.377551,0.0,0.0,4.0,0.20408162,0.0,0.0,793.0,40.459183,False,False,False,True,False,False,False,False,False,0.174159659859878,singlet,pbmc3k-capture1,True,
GAAACAGAATCACG-1,pbmc3k-capture1,pbmc3k-public-donor,791,2180.0,44.0,2.0183487,0.0,0.0,23.0,1.0550458,44.0,2.0183487,862.0,39.541283,False,False,False,True,False,False,True,False,False,0.313228880023173,singlet,pbmc3k-capture1,True,
GAAACAGACATTCT-1,pbmc3k-capture1,pbmc3k-public-donor,858,2572.0,40.0,1.55521,0.0,0.0,30.0,1.1664075,0.0,0.0,1020.0,39.657856,False,False,False,True,False,False,False,False,False,0.157219368335796,singlet,pbmc3k-capture1,True,
GAAACCTGATCGTG-1,pbmc3k-capture1,pbmc3k-public-donor,813,2487.0,34.0,1.367109,0.0,0.0,70.0,2.8146362,0.0,0.0,1000.0,40.209087,False,False,False,True,False,True,False,False,False,0.247504704553452,singlet,pbmc3k-capture1,True,
GAAACCTGATGCCA-1,pbmc3k-capture1,pbmc3k-public-donor,841,2390.0,53.0,2.2175734,0.0,0.0,29.0,1.213389,0.0,0.0,966.0,40.41841,False,False,False,True,False,False,False,False,False,0.295684765738702,singlet,pbmc3k-capture1,True,
GAAACCTGCTTATC-1,pbmc3k-capture1,pbmc3k-public-donor,1085,3639.0,37.0,1.0167629,0.0,0.0,68.0,1.8686453,0.0,0.0,1652.0,45.397087,False,False,False,True,False,False,False,False,False,0.428292687245368,singlet,pbmc3k-capture1,True,
GAAACCTGGACTAC-1,pbmc3k-capture1,pbmc3k-public-donor,1692,5328.0,138.0,2.59009,0.0,0.0,9.0,0.16891892,0.0,0.0,928.0,17.417418,False,False,False,True,False,False,False,False,True,0.179950660935051,singlet,pbmc3k-capture1,True,
GAAACCTGTGCTAG-1,pbmc3k-capture1,pbmc3k-public-donor,716,1723.0,29.0,1.683111,0.0,0.0,22.0,1.2768427,1.0,0.058038305,601.0,34.881023,False,False,False,True,False,False,True,False,False,0.225086071830848,singlet,pbmc3k-capture1,True,
GAAAGATGATTTCC-1,pbmc3k-capture1,pbmc3k-public-donor,955,2501.0,31.0,1.2395042,0.0,0.0,23.0,0.91963214,0.0,0.0,873.0,34.90604,False,False,False,True,False,False,False,False,False,0.371193401876582,singlet,pbmc3k-capture1,True,
GAAAGATGCTGATG-1,pbmc3k-capture1,pbmc3k-public-donor,1467,4691.0,109.0,2.3235984,0.0,0.0,32.0,0.68215734,0.0,0.0,826.0,17.608187,False,False,False,True,False,False,False,False,True,0.129341597896841,singlet,pbmc3k-capture1,True,
GAAAGATGCTTCGC-1,pbmc3k-capture1,pbmc3k-public-donor,741,2316.0,23.0,0.9930915,0.0,0.0,10.0,0.43177894,0.0,0.0,742.0,32.038,False,False,False,True,False,False,False,False,False,0.0904410882024902,singlet,pbmc3k-capture1,True,
GAAAGATGTAAGGA-1,pbmc3k-capture1,pbmc3k-public-donor,296,651.0,27.0,4.1474657,0.0,0.0,1.0,0.15360983,0.0,0.0,183.0,28.1106,True,True,False,False,False,False,False,False,False,,not_called_core_qc_fail,pbmc3k-capture1,False,fails_low_genes;fails_low_umis
GAAAGATGTTTGCT-1,pbmc3k-capture1,pbmc3k-public-donor,540,1291.0,73.0,5.6545315,0.0,0.0,20.0,1.5491867,0.0,0.0,446.0,34.546864,False,False,True,False,False,False,False,False,False,,not_called_core_qc_fail,pbmc3k-capture1,False,fails_mt
GAAAGCCTACGTTG-1,pbmc3k-capture1,pbmc3k-public-donor,738,2282.0,42.0,1.8404908,0.0,0.0,18.0,0.78878176,0.0,0.0,946.0,41.454865,False,False,False,True,False,False,False,False,False,0.0624594577610485,singlet,pbmc3k-capture1,True,
GAAAGTGAAAGTGA-1,pbmc3k-capture1,pbmc3k-public-donor,1573,6177.0,160.0,2.590254,0.0,0.0,61.0,0.9875344,3.0,0.048567265,1698.0,27.489073,False,False,False,True,False,False,True,False,True,0.262271911819338,singlet,pbmc3k-capture1,True,
GAAAGTGACCACAA-1,pbmc3k-capture1,pbmc3k-public-donor,1119,3255.0,86.0,2.6420891,0.0,0.0,17.0,0.5222734,0.0,0.0,801.0,24.608295,False,False,False,True,False,False,False,False,False,0.212605139424689,singlet,pbmc3k-capture1,True,
GAAAGTGACTCAAG-1,pbmc3k-capture1,pbmc3k-public-donor,918,3359.0,85.0,2.530515,0.0,0.0,57.0,1.6969336,0.0,0.0,1380.0,41.083656,False,False,False,True,False,False,False,False,False,0.277551248556307,singlet,pbmc3k-capture1,True,
GAAATACTACCAAC-1,pbmc3k-capture1,pbmc3k-public-donor,283,561.0,9.0,1.604278,0.0,0.0,2.0,0.35650623,0.0,0.0,128.0,22.816399,True,True,False,False,False,False,False,False,False,,not_called_core_qc_fail,pbmc3k-capture1,False,fails_low_genes;fails_low_umis
GAAATACTCTTAGG-1,pbmc3k-capture1,pbmc3k-public-donor,703,2039.0,48.0,2.3540952,0.0,0.0,19.0,0.93182933,1.0,0.04904365,822.0,40.313877,False,False,False,True,False,False,True,False,False,0.116295950358119,singlet,pbmc3k-capture1,True,
GAAATACTTCCTCG-1,pbmc3k-capture1,pbmc3k-public-donor,842,2036.0,34.0,1.6699411,0.0,0.0,55.0,2.7013752,0.0,0.0,390.0,19.155207,False,False,False,True,False,True,False,False,False,0.256753376165381,singlet,pbmc3k-capture1,True,
GAACACACGTGCAT-1,pbmc3k-capture1,pbmc3k-public-donor,1253,3828.0,93.0,2.429467,0.0,0.0,14.0,0.36572623,0.0,0.0,771.0,20.141066,False,False,False,True,False,False,False,False,False,0.227685285269709,singlet,pbmc3k-capture1,True,
GAACACACTGCCTC-1,pbmc3k-capture1,pbmc3k-public-donor,676,2168.0,88.0,4.0590405,0.0,0.0,22.0,1.0147601,0.0,0.0,985.0,45.43358,False,False,False,True,False,False,False,False,False,0.193380567976674,singlet,pbmc3k-capture1,True,
GAACAGCTAACTGC-1,pbmc3k-capture1,pbmc3k-public-donor,1636,5494.0,128.0,2.3298144,0.0,0.0,49.0,0.89188206,1.0,0.018201675,968.0,17.61922,False,False,False,True,False,False,True,False,True,0.252211780008859,singlet,pbmc3k-capture1,True,
GAACAGCTCTCAGA-1,pbmc3k-capture1,pbmc3k-public-donor,1273,4199.0,124.0,2.953084,0.0,0.0,25.0,0.5953798,1.0,0.023815194,794.0,18.909264,False,False,False,True,False,False,True,False,False,0.121082079656722,singlet,pbmc3k-capture1,True,
GAACCAACCACAAC-1,pbmc3k-capture1,pbmc3k-public-donor,380,863.0,13.0,1.506373,0.0,0.0,3.0,0.34762457,0.0,0.0,382.0,44.264194,True,True,False,False,False,False,False,False,False,,not_called_core_qc_fail,pbmc3k-capture1,False,fails_low_genes;fails_low_umis
GAACCAACTTCCGC-1,pbmc3k-capture1,pbmc3k-public-donor,799,1610.0,33.0,2.0496893,0.0,0.0,4.0,0.2484472,0.0,0.0,261.0,16.21118,False,False,False,True,False,False,False,False,False,0.0582501113106004,singlet,pbmc3k-capture1,True,
GAACCTGAACGTGT-1,pbmc3k-capture1,pbmc3k-public-donor,1491,4756.0,152.0,3.1959631,0.0,0.0,62.0,1.3036164,0.0,0.0,1728.0,36.333054,False,False,False,True,False,False,False,False,True,0.537930254263848,doublet,pbmc3k-capture1,False,scDblFinder_doublet
GAACCTGAGAGACG-1,pbmc3k-capture1,pbmc3k-public-donor,878,2490.0,20.0,0.8032128,0.0,0.0,60.0,2.4096384,0.0,0.0,859.0,34.49799,False,False,False,True,False,True,False,False,False,0.273987355279257,singlet,pbmc3k-capture1,True,
GAACCTGATGAACC-1,pbmc3k-capture1,pbmc3k-public-donor,939,2871.0,37.0,1.2887496,0.0,0.0,33.0,1.1494253,0.0,0.0,1182.0,41.170322,False,False,False,True,False,False,False,False,False,0.373350647423414,singlet,pbmc3k-capture1,True,
GAACGGGATACTTC-1,pbmc3k-capture1,pbmc3k-public-donor,725,2033.0,30.0,1.4756517,0.0,0.0,8.0,0.39350712,0.0,0.0,760.0,37.38318,False,False,False,True,False,False,False,False,False,0.11489313329295,singlet,pbmc3k-capture1,True,
GAACGTTGACGGAG-1,pbmc3k-capture1,pbmc3k-public-donor,563,1209.0,65.0,5.376344,0.0,0.0,1.0,0.082712986,0.0,0.0,335.0,27.708849,False,False,True,False,False,False,False,False,False,,not_called_core_qc_fail,pbmc3k-capture1,False,fails_mt
GAACTGTGACCTGA-1,pbmc3k-capture1,pbmc3k-public-donor,1365,4027.0,81.0,2.0114229,0.0,0.0,17.0,0.4221505,0.0,0.0,722.0,17.928978,False,False,False,True,False,False,False,False,False,0.209625417875864,singlet,pbmc3k-capture1,True,
GAACTGTGCCAGTA-1,pbmc3k-capture1,pbmc3k-public-donor,818,2040.0,37.0,1.8137256,0.0,0.0,11.0,0.5392157,0.0,0.0,401.0,19.656862,False,False,False,True,False,False,False,False,False,0.203570803404406,singlet,pbmc3k-capture1,True,
GAAGAATGCAATCG-1,pbmc3k-capture1,pbmc3k-public-donor,719,2090.0,47.0,2.2488039,0.0,0.0,21.0,1.0047847,1.0,0.04784689,845.0,40.430622,False,False,False,True,False,False,True,False,False,0.139392680815358,singlet,pbmc3k-capture1,True,
GAAGCGGACCTATT-1,pbmc3k-capture1,pbmc3k-public-donor,1343,4008.0,92.0,2.2954092,0.0,0.0,20.0,0.49900198,0.0,0.0,799.0,19.93513,False,False,False,True,False,False,False,False,False,0.279348153767957,singlet,pbmc3k-capture1,True,
GAAGCTACGAATGA-1,pbmc3k-capture1,pbmc3k-public-donor,905,2610.0,57.0,2.183908,0.0,0.0,12.0,0.4597701,0.0,0.0,583.0,22.337166,False,False,False,True,False,False,False,False,False,0.201046565642777,singlet,pbmc3k-capture1,True,
GAAGCTACGGTTTG-1,pbmc3k-capture1,pbmc3k-public-donor,837,1763.0,32.0,1.8150879,0.0,0.0,29.0,1.6449233,0.0,0.0,352.0,19.965967,False,False,False,True,False,False,False,False,False,0.304345272387598,singlet,pbmc3k-capture1,True,
GAAGGGTGAAAGTG-1,pbmc3k-capture1,pbmc3k-public-donor,803,2473.0,20.0,0.80873436,0.0,0.0,45.0,1.8196523,0.0,0.0,1026.0,41.48807,False,False,False,True,False,False,False,False,False,0.230025278857043,singlet,pbmc3k-capture1,True,
GAAGGGTGCTTAGG-1,pbmc3k-capture1,pbmc3k-public-donor,990,2939.0,71.0,2.4157877,0.0,0.0,24.0,0.8166043,0.0,0.0,749.0,25.48486,False,False,False,True,False,False,False,False,False,0.233111984852178,singlet,pbmc3k-capture1,True,
GAAGGTCTGAAAGT-1,pbmc3k-capture1,pbmc3k-public-donor,1084,2280.0,22.0,0.9649123,0.0,0.0,32.0,1.4035088,2.0,0.0877193,455.0,19.95614,False,False,False,True,False,False,True,False,False,0.272755533962201,singlet,pbmc3k-capture1,True,
GAAGGTCTGTTGCA-1,pbmc3k-capture1,pbmc3k-public-donor,976,3213.0,41.0,1.276066,0.0,0.0,45.0,1.4005603,0.0,0.0,1420.0,44.195454,False,False,False,True,False,False,False,False,False,0.243918245731875,singlet,pbmc3k-capture1,True,
GAAGGTCTTAAAGG-1,pbmc3k-capture1,pbmc3k-public-donor,1630,5640.0,95.0,1.6843971,0.0,0.0,47.0,0.8333334,1.0,0.017730497,1501.0,26.613474,False,False,False,True,False,False,True,False,True,0.309780916791943,singlet,pbmc3k-capture1,True,
GAAGTAGACTCCCA-1,pbmc3k-capture1,pbmc3k-public-donor,795,1871.0,44.0,2.3516836,0.0,0.0,0.0,0.0,1.0,0.05344736,573.0,30.625334,False,False,False,True,False,False,True,False,False,0.278631541694241,singlet,pbmc3k-capture1,True,
GAAGTAGATCCAAG-1,pbmc3k-capture1,pbmc3k-public-donor,1408,4035.0,107.0,2.6517968,0.0,0.0,57.0,1.4126394,0.0,0.0,770.0,19.083023,False,False,False,True,False,False,False,False,False,0.0889023485945805,singlet,pbmc3k-capture1,True,
GAAGTCACCCTCGT-1,pbmc3k-capture1,pbmc3k-public-donor,771,1853.0,29.0,1.5650296,0.0,0.0,14.0,0.75553155,0.0,0.0,479.0,25.849974,False,False,False,True,False,False,False,False,False,0.128479814575738,singlet,pbmc3k-capture1,True,
GAAGTCACCCTGTC-1,pbmc3k-capture1,pbmc3k-public-donor,650,1978.0,47.0,2.3761375,0.0,0.0,14.0,0.70778567,0.0,0.0,872.0,44.084934,False,False,False,True,False,False,False,False,False,0.0782697817602119,singlet,pbmc3k-capture1,True,
GAAGTCTGTCGCAA-1,pbmc3k-capture1,pbmc3k-public-donor,779,1998.0,42.0,2.102102,0.0,0.0,20.0,1.001001,1.0,0.05005005,697.0,34.884884,False,False,False,True,False,False,True,False,False,0.0841731167244218,singlet,pbmc3k-capture1,True,
GAAGTCTGTTCTGT-1,pbmc3k-capture1,pbmc3k-public-donor,648,2244.0,56.0,2.4955437,0.0,0.0,27.0,1.2032086,0.0,0.0,1099.0,48.975044,False,False,False,True,False,False,False,False,False,0.0778361968914887,singlet,pbmc3k-capture1,True,
GAAGTGCTAAACGA-1,pbmc3k-capture1,pbmc3k-public-donor,817,1806.0,53.0,2.9346623,0.0,0.0,5.0,0.27685493,0.0,0.0,336.0,18.60465,False,False,False,True,False,False,False,False,False,0.0338967143315742,singlet,pbmc3k-capture1,True,
GAAGTGCTCCGCTT-1,pbmc3k-capture1,pbmc3k-public-donor,1127,3251.0,91.0,2.7991388,0.0,0.0,37.0,1.1381114,0.0,0.0,499.0,15.349123,False,False,False,True,False,False,False,False,False,0.224853154465193,singlet,pbmc3k-capture1,True,
GAAGTGCTTAACCG-1,pbmc3k-capture1,pbmc3k-public-donor,882,2587.0,59.0,2.280634,0.0,0.0,19.0,0.73444146,0.0,0.0,992.0,38.345573,False,False,False,True,False,False,False,False,False,0.430261349506469,singlet,pbmc3k-capture1,True,
GAATGCACCCTAAG-1,pbmc3k-capture1,pbmc3k-public-donor,954,3039.0,51.0,1.6781837,0.0,0.0,34.0,1.1187891,1.0,0.032905564,1281.0,42.152023,False,False,False,True,False,False,True,False,False,0.284241654909872,singlet,pbmc3k-capture1,True,
GAATGCACCTTCGC-1,pbmc3k-capture1,pbmc3k-public-donor,830,1980.0,40.0,2.020202,0.0,0.0,14.0,0.7070707,1.0,0.050505053,315.0,15.909091,False,False,False,True,False,False,True,False,False,0.117903562441851,singlet,pbmc3k-capture1,True,
GAATGCTGCGGTAT-1,pbmc3k-capture1,pbmc3k-public-donor,732,2569.0,100.0,3.8925653,0.0,0.0,19.0,0.73958737,0.0,0.0,1152.0,44.84235,False,False,False,True,False,False,False,False,False,0.168066349413613,singlet,pbmc3k-capture1,True,
GAATGGCTAAGATG-1,pbmc3k-capture1,pbmc3k-public-donor,378,741.0,68.0,9.176788,0.0,0.0,20.0,2.6990554,0.0,0.0,184.0,24.831308,True,True,True,False,False,True,False,False,False,,not_called_core_qc_fail,pbmc3k-capture1,False,fails_low_genes;fails_low_umis;fails_mt
GAATTAACGATAAG-1,pbmc3k-capture1,pbmc3k-public-donor,783,2136.0,27.0,1.2640449,0.0,0.0,6.0,0.28089887,0.0,0.0,833.0,38.998127,False,False,False,True,False,False,False,False,False,0.21597486364859,singlet,pbmc3k-capture1,True,
GAATTAACGGTCAT-1,pbmc3k-capture1,pbmc3k-public-donor,756,1914.0,33.0,1.7241379,0.0,0.0,41.0,2.1421108,0.0,0.0,591.0,30.877743,False,False,False,True,False,True,False,False,False,0.227616555645936,singlet,pbmc3k-capture1,True,
GAATTAACGTCGTA-1,pbmc3k-capture1,pbmc3k-public-donor,708,1323.0,20.0,1.5117158,0.0,0.0,13.0,0.98261523,0.0,0.0,219.0,16.55329,False,False,False,True,False,False,False,False,False,0.104669281350771,singlet,pbmc3k-capture1,True,
GAATTAACTGAAGA-1,pbmc3k-capture1,pbmc3k-public-donor,976,2481.0,52.0,2.095929,0.0,0.0,22.0,0.88673925,0.0,0.0,815.0,32.84966,False,False,False,True,False,False,False,False,False,0.37268990069763,singlet,pbmc3k-capture1,True,
GACAACACAGGCGA-1,pbmc3k-capture1,pbmc3k-public-donor,718,2578.0,41.0,1.5903801,0.0,0.0,0.0,0.0,0.0,0.0,1338.0,51.900696,False,False,False,True,False,False,False,False,False,0.134702327166759,singlet,pbmc3k-capture1,True,
GACAACACATCGTG-1,pbmc3k-capture1,pbmc3k-public-donor,887,2592.0,57.0,2.199074,0.0,0.0,15.0,0.5787037,0.0,0.0,1117.0,43.094135,False,False,False,True,False,False,False,False,False,0.26198583629805,singlet,pbmc3k-capture1,True,
GACAACACTCGCCT-1,pbmc3k-capture1,pbmc3k-public-donor,809,2229.0,35.0,1.5702108,0.0,0.0,21.0,0.94212645,0.0,0.0,931.0,41.76761,False,False,False,True,False,False,False,False,False,0.232980899058689,singlet,pbmc3k-capture1,True,
GACAACTGAGGTTC-1,pbmc3k-capture1,pbmc3k-public-donor,795,2501.0,50.0,1.9992003,0.0,0.0,46.0,1.8392643,0.0,0.0,1072.0,42.862854,False,False,False,True,False,False,False,False,False,0.297964607816463,singlet,pbmc3k-capture1,True,
GACAGGGAAGAGTA-1,pbmc3k-capture1,pbmc3k-public-donor,662,1574.0,45.0,2.858958,0.0,0.0,5.0,0.317662,0.0,0.0,503.0,31.956799,False,False,False,True,False,False,False,False,False,0.0531232900117575,singlet,pbmc3k-capture1,True,
GACAGGGAATGCCA-1,pbmc3k-capture1,pbmc3k-public-donor,912,2543.0,30.0,1.179709,0.0,0.0,19.0,0.747149,0.0,0.0,1008.0,39.63822,False,False,False,True,False,False,False,False,False,0.27300653624583,singlet,pbmc3k-capture1,True,
GACAGTACGAGCTT-1,pbmc3k-capture1,pbmc3k-public-donor,1550,4933.0,120.0,2.432597,0.0,0.0,44.0,0.8919521,0.0,0.0,924.0,18.730995,False,False,False,True,False,False,False,False,True,0.217908998435515,singlet,pbmc3k-capture1,True,
GACAGTACTTCGGA-1,pbmc3k-capture1,pbmc3k-public-donor,1509,5193.0,249.0,4.794916,0.0,0.0,8.0,0.15405354,0.0,0.0,1045.0,20.123243,False,False,False,True,False,False,False,False,True,0.244962460512109,singlet,pbmc3k-capture1,True,
GACAGTTGAGTAGA-1,pbmc3k-capture1,pbmc3k-public-donor,1021,3107.0,49.0,1.577084,0.0,0.0,18.0,0.579337,0.0,0.0,1021.0,32.861282,False,False,False,True,False,False,False,False,False,0.279319826874602,singlet,pbmc3k-capture1,True,
GACATTCTCCACCT-1,pbmc3k-capture1,pbmc3k-public-donor,1751,6193.0,155.0,2.5028257,0.0,0.0,25.0,0.40368158,0.0,0.0,1150.0,18.569353,False,False,False,True,False,False,False,False,True,0.291169807302147,singlet,pbmc3k-capture1,True,
GACCAAACGACTAC-1,pbmc3k-capture1,pbmc3k-public-donor,776,2043.0,80.0,3.91581,0.0,0.0,15.0,0.73421437,0.0,0.0,442.0,21.634851,False,False,False,True,False,False,False,False,False,0.0865100565921351,singlet,pbmc3k-capture1,True,
GACCAAACGTATCG-1,pbmc3k-capture1,pbmc3k-public-donor,910,2228.0,66.0,2.962298,0.0,0.0,19.0,0.8527827,0.0,0.0,406.0,18.222622,False,False,False,True,False,False,False,False,False,0.082476029759889,singlet,pbmc3k-capture1,True,
GACCATGACTCTCG-1,pbmc3k-capture1,pbmc3k-public-donor,446,1018.0,74.0,7.269155,0.0,0.0,12.0,1.178782,0.0,0.0,175.0,17.190569,True,True,True,False,False,False,False,False,False,,not_called_core_qc_fail,pbmc3k-capture1,False,fails_low_genes;fails_low_umis;fails_mt
GACCCTACTAAAGG-1,pbmc3k-capture1,pbmc3k-public-donor,714,1493.0,22.0,1.4735433,0.0,0.0,14.0,0.93770933,0.0,0.0,491.0,32.886806,False,False,False,True,False,False,False,False,False,0.0995218233460489,singlet,pbmc3k-capture1,True,
GACCTAGACCTCAC-1,pbmc3k-capture1,pbmc3k-public-donor,530,1178.0,58.0,4.9235992,0.0,0.0,16.0,1.3582343,0.0,0.0,405.0,34.380306,False,False,False,True,False,False,False,False,False,0.160606029824337,singlet,pbmc3k-capture1,True,
GACCTAGACGAGAG-1,pbmc3k-capture1,pbmc3k-public-donor,846,2591.0,112.0,4.3226557,0.0,0.0,22.0,0.849093,0.0,0.0,1011.0,39.019684,False,False,False,True,False,False,False,False,False,0.256159214704203,singlet,pbmc3k-capture1,True,
GACCTCACAAGGTA-1,pbmc3k-capture1,pbmc3k-public-donor,631,1825.0,29.0,1.589041,0.0,0.0,37.0,2.0273972,0.0,0.0,777.0,42.57534,False,False,False,True,False,True,False,False,False,0.0473247923671797,singlet,pbmc3k-capture1,True,
GACCTCACGTACGT-1,pbmc3k-capture1,pbmc3k-public-donor,1152,3514.0,80.0,2.2766078,0.0,0.0,32.0,0.9106431,0.0,0.0,904.0,25.725668,False,False,False,True,False,False,False,False,False,0.346695228521597,singlet,pbmc3k-capture1,True,
GACCTCTGCATCAG-1,pbmc3k-capture1,pbmc3k-public-donor,1118,4014.0,88.0,2.1923268,0.0,0.0,21.0,0.5231689,0.0,0.0,1908.0,47.53363,False,False,False,True,False,False,False,False,False,0.24620315634734,singlet,pbmc3k-capture1,True,
GACGAACTCCCACT-1,pbmc3k-capture1,pbmc3k-public-donor,755,2191.0,32.0,1.4605203,0.0,0.0,23.0,1.049749,0.0,0.0,948.0,43.267914,False,False,False,True,False,False,False,False,False,0.22248184298861,singlet,pbmc3k-capture1,True,
GACGATTGCCAATG-1,pbmc3k-capture1,pbmc3k-public-donor,573,1186.0,18.0,1.5177065,0.0,0.0,14.0,1.1804384,0.0,0.0,415.0,34.99157,False,False,False,True,False,False,False,False,False,0.0798880436315575,singlet,pbmc3k-capture1,True,
GACGCCGACCTTCG-1,pbmc3k-capture1,pbmc3k-public-donor,1176,2708.0,47.0,1.7355982,0.0,0.0,25.0,0.92319053,0.0,0.0,719.0,26.55096,False,False,False,True,False,False,False,False,False,0.368281797694156,singlet,pbmc3k-capture1,True,
GACGCTCTCTCTCG-1,pbmc3k-capture1,pbmc3k-public-donor,267,683.0,22.0,3.2210834,0.0,0.0,1.0,0.14641288,0.0,0.0,14.0,2.0497804,True,True,False,False,False,False,False,False,False,,not_called_core_qc_fail,pbmc3k-capture1,False,fails_low_genes;fails_low_umis
GACGGCACACGGGA-1,pbmc3k-capture1,pbmc3k-public-donor,918,1803.0,18.0,0.9983361,0.0,0.0,13.0,0.7210205,0.0,0.0,180.0,9.98336,False,False,False,True,False,False,False,False,False,0.114753522355374,singlet,pbmc3k-capture1,True,
GACGGCACGAGATA-1,pbmc3k-capture1,pbmc3k-public-donor,1132,3154.0,70.0,2.219404,0.0,0.0,16.0,0.50729233,2.0,0.06341154,536.0,16.994293,False,False,False,True,False,False,True,False,False,0.191437220226394,singlet,pbmc3k-capture1,True,
GACGTAACCTATGG-1,pbmc3k-capture1,pbmc3k-public-donor,849,2218.0,31.0,1.3976555,0.0,0.0,33.0,1.4878268,1.0,0.045085665,845.0,38.097385,False,False,False,True,False,False,True,False,False,0.335794805204855,singlet,pbmc3k-capture1,True,
GACGTAACCTGTGA-1,pbmc3k-capture1,pbmc3k-public-donor,938,2521.0,42.0,1.6660055,0.0,0.0,27.0,1.0710036,1.0,0.039666798,922.0,36.57279,False,False,False,True,False,False,True,False,False,0.416116370296702,singlet,pbmc3k-capture1,True,
GACGTAACTATGGC-1,pbmc3k-capture1,pbmc3k-public-donor,1140,3219.0,57.0,1.7707362,0.0,0.0,39.0,1.2115564,1.0,0.031065548,1143.0,35.50792,False,False,False,True,False,False,True,False,False,0.468872768868138,doublet,pbmc3k-capture1,False,scDblFinder_doublet
GACGTATGTTGACG-1,pbmc3k-capture1,pbmc3k-public-donor,909,2554.0,23.0,0.90054816,0.0,0.0,44.0,1.7227877,0.0,0.0,989.0,38.72357,False,False,False,True,False,False,False,False,False,0.279932288503577,singlet,pbmc3k-capture1,True,
GACGTATGTTTGCT-1,pbmc3k-capture1,pbmc3k-public-donor,840,2410.0,27.0,1.120332,0.0,0.0,32.0,1.3278009,1.0,0.041493777,934.0,38.755188,False,False,False,True,False,False,True,False,False,0.236123090162445,singlet,pbmc3k-capture1,True,
GACGTCCTACGGAG-1,pbmc3k-capture1,pbmc3k-public-donor,806,2226.0,37.0,1.6621742,0.0,0.0,9.0,0.40431264,0.0,0.0,797.0,35.80413,False,False,False,True,False,False,False,False,False,0.220910562062631,singlet,pbmc3k-capture1,True,
GACGTCCTCTCAAG-1,pbmc3k-capture1,pbmc3k-public-donor,904,2413.0,64.0,2.6523,0.0,0.0,31.0,1.2847078,0.0,0.0,583.0,24.160797,False,False,False,True,False,False,False,False,False,0.224902775822527,singlet,pbmc3k-capture1,True,
GACGTCCTGATAAG-1,pbmc3k-capture1,pbmc3k-public-donor,788,2256.0,36.0,1.5957447,0.0,0.0,2.0,0.08865248,0.0,0.0,940.0,41.666664,False,False,False,True,False,False,False,False,False,0.170353437352728,singlet,pbmc3k-capture1,True,
GACTACGATGGTCA-1,pbmc3k-capture1,pbmc3k-public-donor,778,1874.0,32.0,1.7075773,0.0,0.0,24.0,1.280683,0.0,0.0,673.0,35.912487,False,False,False,True,False,False,False,False,False,0.13492918892887,singlet,pbmc3k-capture1,True,
GACTCCTGCTCGCT-1,pbmc3k-capture1,pbmc3k-public-donor,715,1862.0,64.0,3.4371643,0.0,0.0,28.0,1.5037594,0.0,0.0,767.0,41.192265,False,False,False,True,False,False,False,False,False,0.26469581987018,singlet,pbmc3k-capture1,True,
GACTCCTGGGTTAC-1,pbmc3k-capture1,pbmc3k-public-donor,869,2649.0,68.0,2.5670063,0.0,0.0,29.0,1.0947528,0.0,0.0,1185.0,44.73386,False,False,False,True,False,False,False,False,False,0.278867000565255,singlet,pbmc3k-capture1,True,
GACTCCTGTTATCC-1,pbmc3k-capture1,pbmc3k-public-donor,714,1462.0,34.0,2.3255813,0.0,0.0,11.0,0.752394,0.0,0.0,439.0,30.027359,False,False,False,True,False,False,False,False,False,0.166471829835799,singlet,pbmc3k-capture1,True,
GACTCCTGTTGGTG-1,pbmc3k-capture1,pbmc3k-public-donor,883,2720.0,56.0,2.0588236,0.0,0.0,27.0,0.9926471,0.0,0.0,787.0,28.933823,False,False,False,True,False,False,False,False,False,0.206129203743563,singlet,pbmc3k-capture1,True,
GACTGAACAACCGT-1,pbmc3k-capture1,pbmc3k-public-donor,332,663.0,38.0,5.7315235,0.0,0.0,2.0,0.30165914,0.0,0.0,223.0,33.634995,True,True,True,False,False,False,False,False,False,,not_called_core_qc_fail,pbmc3k-capture1,False,fails_low_genes;fails_low_umis;fails_mt
GACTGAACCAATCG-1,pbmc3k-capture1,pbmc3k-public-donor,767,2301.0,26.0,1.1299435,0.0,0.0,49.0,2.129509,0.0,0.0,646.0,28.07475,False,False,False,True,False,True,False,False,False,0.20361334411303,singlet,pbmc3k-capture1,True,
GACTGATGTGATGC-1,pbmc3k-capture1,pbmc3k-public-donor,858,2650.0,36.0,1.3584906,0.0,0.0,20.0,0.754717,0.0,0.0,1165.0,43.962265,False,False,False,True,False,False,False,False,False,0.207439943614366,singlet,pbmc3k-capture1,True,
GACTTTACATGCCA-1,pbmc3k-capture1,pbmc3k-public-donor,788,2480.0,23.0,0.9274193,0.0,0.0,37.0,1.4919355,0.0,0.0,1154.0,46.532257,False,False,False,True,False,False,False,False,False,0.110887204542775,singlet,pbmc3k-capture1,True,
GACTTTACGACAGG-1,pbmc3k-capture1,pbmc3k-public-donor,553,1350.0,21.0,1.5555556,0.0,0.0,8.0,0.5925926,0.0,0.0,570.0,42.22222,False,False,False,True,False,False,False,False,False,0.0944010561257868,singlet,pbmc3k-capture1,True,
GAGAAATGTTCTCA-1,pbmc3k-capture1,pbmc3k-public-donor,634,2056.0,66.0,3.2101166,0.0,0.0,3.0,0.14591439,0.0,0.0,914.0,44.455254,False,False,False,True,False,False,False,False,False,0.0431678557088042,singlet,pbmc3k-capture1,True,
GAGATAGAAAAAGC-1,pbmc3k-capture1,pbmc3k-public-donor,1230,3327.0,55.0,1.653141,0.0,0.0,23.0,0.6913135,0.0,0.0,740.0,22.24226,False,False,False,True,False,False,False,False,False,0.246686057891172,singlet,pbmc3k-capture1,True,
GAGATCACGACAAA-1,pbmc3k-capture1,pbmc3k-public-donor,1131,3174.0,64.0,2.016383,0.0,0.0,45.0,1.4177694,0.0,0.0,569.0,17.926907,False,False,False,True,False,False,False,False,False,0.0763975969350208,singlet,pbmc3k-capture1,True,
GAGATGCTCTGGAT-1,pbmc3k-capture1,pbmc3k-public-donor,849,2075.0,58.0,2.7951808,0.0,0.0,19.0,0.91566265,0.0,0.0,647.0,31.180721,False,False,False,True,False,False,False,False,False,0.218907830864966,singlet,pbmc3k-capture1,True,
GAGATGCTGAATGA-1,pbmc3k-capture1,pbmc3k-public-donor,811,1804.0,32.0,1.7738359,0.0,0.0,30.0,1.6629713,0.0,0.0,492.0,27.272728,False,False,False,True,False,False,False,False,False,0.1855612300758,singlet,pbmc3k-capture1,True,
GAGCAGGATTCCCG-1,pbmc3k-capture1,pbmc3k-public-donor,827,1900.0,33.0,1.7368422,0.0,0.0,27.0,1.4210526,0.0,0.0,529.0,27.842104,False,False,False,True,False,False,False,False,False,0.237361304204052,singlet,pbmc3k-capture1,True,
GAGCATACTTTGCT-1,pbmc3k-capture1,pbmc3k-public-donor,1753,6694.0,112.0,1.6731402,0.0,0.0,40.0,0.5975501,0.0,0.0,2312.0,34.53839,False,False,False,True,False,False,False,False,True,0.875215869673925,doublet,pbmc3k-capture1,False,scDblFinder_doublet
GAGCGCACGCGTAT-1,pbmc3k-capture1,pbmc3k-public-donor,713,1777.0,49.0,2.7574563,0.0,0.0,10.0,0.5627462,0.0,0.0,413.0,23.241419,False,False,False,True,False,False,False,False,False,0.0907596520958141,singlet,pbmc3k-capture1,True,
GAGCGCACGGTGAG-1,pbmc3k-capture1,pbmc3k-public-donor,484,1056.0,49.0,4.6401515,0.0,0.0,10.0,0.94696975,0.0,0.0,379.0,35.890152,True,True,False,False,False,False,False,False,False,,not_called_core_qc_fail,pbmc3k-capture1,False,fails_low_genes;fails_low_umis
GAGCGCTGAAGATG-1,pbmc3k-capture1,pbmc3k-public-donor,783,1631.0,47.0,2.8816679,0.0,0.0,11.0,0.6744328,0.0,0.0,278.0,17.044758,False,False,False,True,False,False,False,False,False,0.119438477232512,singlet,pbmc3k-capture1,True,
GAGCGCTGTCTTAC-1,pbmc3k-capture1,pbmc3k-public-donor,722,1979.0,29.0,1.4653865,0.0,0.0,26.0,1.3137949,0.0,0.0,508.0,25.66953,False,False,False,True,False,False,False,False,False,0.0645692063271145,singlet,pbmc3k-capture1,True,
GAGCGGCTGGGAGT-1,pbmc3k-capture1,pbmc3k-public-donor,596,1520.0,37.0,2.4342105,0.0,0.0,5.0,0.32894737,0.0,0.0,555.0,36.513157,False,False,False,True,False,False,False,False,False,0.0862612028831648,singlet,pbmc3k-capture1,True,
GAGGACGACTCAGA-1,pbmc3k-capture1,pbmc3k-public-donor,514,1171.0,15.0,1.2809564,0.0,0.0,10.0,0.85397094,0.0,0.0,468.0,39.96584,False,False,False,True,False,False,False,False,False,0.19568541902533,singlet,pbmc3k-capture1,True,
GAGGATCTGAAAGT-1,pbmc3k-capture1,pbmc3k-public-donor,372,717.0,3.0,0.41841003,0.0,0.0,0.0,0.0,0.0,0.0,248.0,34.588562,True,True,False,False,False,False,False,False,False,,not_called_core_qc_fail,pbmc3k-capture1,False,fails_low_genes;fails_low_umis
GAGGCAGACTTGCC-1,pbmc3k-capture1,pbmc3k-public-donor,925,2239.0,27.0,1.2058954,0.0,0.0,5.0,0.22331397,0.0,0.0,578.0,25.815096,False,False,False,True,False,False,False,False,False,0.186340311764338,singlet,pbmc3k-capture1,True,
GAGGGAACACCAGT-1,pbmc3k-capture1,pbmc3k-public-donor,747,1677.0,10.0,0.5963029,0.0,0.0,26.0,1.5503876,0.0,0.0,483.0,28.801432,False,False,False,True,False,False,False,False,False,0.167877456478264,singlet,pbmc3k-capture1,True,
GAGGGAACGAGGGT-1,pbmc3k-capture1,pbmc3k-public-donor,840,1827.0,43.0,2.3535852,0.0,0.0,17.0,0.93048716,0.0,0.0,490.0,26.819923,False,False,False,True,False,False,False,False,False,0.297247553354895,singlet,pbmc3k-capture1,True,
GAGGGATGGGAAAT-1,pbmc3k-capture1,pbmc3k-public-donor,673,1497.0,30.0,2.004008,0.0,0.0,3.0,0.2004008,0.0,0.0,494.0,32.999332,False,False,False,True,False,False,False,False,False,0.159262434297378,singlet,pbmc3k-capture1,True,
GAGGGCCTTCACCC-1,pbmc3k-capture1,pbmc3k-public-donor,955,2480.0,67.0,2.701613,0.0,0.0,23.0,0.9274193,0.0,0.0,768.0,30.967743,False,False,False,True,False,False,False,False,False,0.298611263133944,singlet,pbmc3k-capture1,True,
GAGGGTGAAGAGTA-1,pbmc3k-capture1,pbmc3k-public-donor,796,2599.0,40.0,1.5390534,0.0,0.0,50.0,1.9238168,0.0,0.0,1123.0,43.208927,False,False,False,True,False,True,False,False,False,0.22042284356457,singlet,pbmc3k-capture1,True,
GAGGTACTACGGTT-1,pbmc3k-capture1,pbmc3k-public-donor,719,2041.0,62.0,3.0377266,0.0,0.0,14.0,0.68593824,0.0,0.0,916.0,44.87996,False,False,False,True,False,False,False,False,False,0.131854137223938,singlet,pbmc3k-capture1,True,
GAGGTACTACTCAG-1,pbmc3k-capture1,pbmc3k-public-donor,718,1980.0,40.0,2.020202,0.0,0.0,17.0,0.85858583,0.0,0.0,476.0,24.040403,False,False,False,True,False,False,False,False,False,0.0961748555323793,singlet,pbmc3k-capture1,True,
GAGGTACTGACACT-1,pbmc3k-capture1,pbmc3k-public-donor,857,1922.0,26.0,1.3527576,0.0,0.0,12.0,0.6243496,0.0,0.0,561.0,29.188347,False,False,False,True,False,False,False,False,False,0.281003728982657,singlet,pbmc3k-capture1,True,
GAGGTACTGGGAGT-1,pbmc3k-capture1,pbmc3k-public-donor,578,1321.0,11.0,0.8327025,0.0,0.0,9.0,0.6813021,0.0,0.0,532.0,40.272522,False,False,False,True,False,False,False,False,False,0.148718779626583,singlet,pbmc3k-capture1,True,
GAGGTACTTAGCGT-1,pbmc3k-capture1,pbmc3k-public-donor,1063,3386.0,96.0,2.8352036,0.0,0.0,16.0,0.47253397,0.0,0.0,892.0,26.34377,False,False,False,True,False,False,False,False,False,0.223225335869835,singlet,pbmc3k-capture1,True,
GAGGTGGAGTACGT-1,pbmc3k-capture1,pbmc3k-public-donor,594,1515.0,62.0,4.092409,0.0,0.0,22.0,1.4521452,0.0,0.0,635.0,41.914192,False,False,False,True,False,False,False,False,False,0.109122888160726,singlet,pbmc3k-capture1,True,
GAGGTGGATCCTCG-1,pbmc3k-capture1,pbmc3k-public-donor,997,1988.0,39.0,1.9617707,0.0,0.0,8.0,0.40241447,0.0,0.0,278.0,13.983904,False,False,False,True,False,False,False,False,False,0.129734851452579,singlet,pbmc3k-capture1,True,
GAGGTTACTCGTTT-1,pbmc3k-capture1,pbmc3k-public-donor,1268,3757.0,47.0,1.2509981,0.0,0.0,31.0,0.82512647,0.0,0.0,1016.0,27.042854,False,False,False,True,False,False,False,False,False,0.518691586536667,doublet,pbmc3k-capture1,False,scDblFinder_doublet
GAGGTTTGTAAGCC-1,pbmc3k-capture1,pbmc3k-public-donor,341,684.0,23.0,3.362573,0.0,0.0,9.0,1.3157895,0.0,0.0,135.0,19.736843,True,True,False,False,False,False,False,False,False,,not_called_core_qc_fail,pbmc3k-capture1,False,fails_low_genes;fails_low_umis
GAGTCAACCATTCT-1,pbmc3k-capture1,pbmc3k-public-donor,388,897.0,16.0,1.7837236,0.0,0.0,3.0,0.33444816,0.0,0.0,417.0,46.488293,True,True,False,False,False,False,False,False,False,,not_called_core_qc_fail,pbmc3k-capture1,False,fails_low_genes;fails_low_umis
GAGTCAACGGGAGT-1,pbmc3k-capture1,pbmc3k-public-donor,753,2627.0,50.0,1.9033117,0.0,0.0,9.0,0.3425961,0.0,0.0,1306.0,49.714504,False,False,False,True,False,False,False,False,False,0.0825729308110995,singlet,pbmc3k-capture1,True,
GAGTCTGATCGTGA-1,pbmc3k-capture1,pbmc3k-public-donor,834,2354.0,30.0,1.2744265,0.0,0.0,22.0,0.93457943,0.0,0.0,932.0,39.592182,False,False,False,True,False,False,False,False,False,0.342100855319765,singlet,pbmc3k-capture1,True,
GAGTCTGATTTGGG-1,pbmc3k-capture1,pbmc3k-public-donor,593,1493.0,31.0,2.0763564,0.0,0.0,15.0,1.0046885,0.0,0.0,544.0,36.436703,False,False,False,True,False,False,False,False,False,0.0579579270962862,singlet,pbmc3k-capture1,True,
GAGTGACTCAGCTA-1,pbmc3k-capture1,pbmc3k-public-donor,1189,2887.0,47.0,1.6279876,0.0,0.0,3.0,0.1039141,0.0,0.0,652.0,22.583998,False,False,False,True,False,False,False,False,False,0.415531645231535,singlet,pbmc3k-capture1,True,
GAGTGACTCGGTAT-1,pbmc3k-capture1,pbmc3k-public-donor,911,2183.0,33.0,1.5116812,0.0,0.0,6.0,0.2748511,0.0,0.0,696.0,31.88273,False,False,False,True,False,False,False,False,False,0.284264792952853,singlet,pbmc3k-capture1,True,
GAGTGACTCTTGCC-1,pbmc3k-capture1,pbmc3k-public-donor,738,1833.0,28.0,1.5275505,0.0,0.0,18.0,0.9819968,1.0,0.054555375,677.0,36.933987,False,False,False,True,False,False,True,False,False,0.152439694188829,singlet,pbmc3k-capture1,True,
GAGTGACTGACTAC-1,pbmc3k-capture1,pbmc3k-public-donor,476,1256.0,51.0,4.060509,0.0,0.0,6.0,0.47770703,0.0,0.0,512.0,40.76433,True,False,False,False,False,False,False,False,False,,not_called_core_qc_fail,pbmc3k-capture1,False,fails_low_genes
GAGTGACTGTCTAG-1,pbmc3k-capture1,pbmc3k-public-donor,816,2146.0,42.0,1.9571295,0.0,0.0,15.0,0.69897485,0.0,0.0,880.0,41.006523,False,False,False,True,False,False,False,False,False,0.237817754931438,singlet,pbmc3k-capture1,True,
GAGTGGGAGTCTTT-1,pbmc3k-capture1,pbmc3k-public-donor,641,1581.0,40.0,2.5300443,0.0,0.0,5.0,0.31625554,0.0,0.0,658.0,41.61923,False,False,False,True,False,False,False,False,False,0.0638316875377634,singlet,pbmc3k-capture1,True,
GAGTGGGATGCCCT-1,pbmc3k-capture1,pbmc3k-public-donor,746,2475.0,51.0,2.0606062,0.0,0.0,3.0,0.121212125,1.0,0.04040404,1292.0,52.202023,False,False,False,True,False,False,True,False,False,0.0904508494053917,singlet,pbmc3k-capture1,True,
GAGTGGGATGCTGA-1,pbmc3k-capture1,pbmc3k-public-donor,635,1498.0,29.0,1.9359145,0.0,0.0,5.0,0.33377838,0.0,0.0,616.0,41.121494,False,False,False,True,False,False,False,False,False,0.0566312269400093,singlet,pbmc3k-capture1,True,
GAGTGTTGCTGTAG-1,pbmc3k-capture1,pbmc3k-public-donor,953,2790.0,58.0,2.078853,0.0,0.0,23.0,0.82437277,0.0,0.0,1098.0,39.35484,False,False,False,True,False,False,False,False,False,0.356128565262502,singlet,pbmc3k-capture1,True,
GAGTGTTGTGGTCA-1,pbmc3k-capture1,pbmc3k-public-donor,801,2044.0,33.0,1.6144814,0.0,0.0,25.0,1.223092,1.0,0.04892368,805.0,39.38356,False,False,False,True,False,False,True,False,False,0.169699943762526,singlet,pbmc3k-capture1,True,
GAGTTGTGCATGGT-1,pbmc3k-capture1,pbmc3k-public-donor,326,693.0,19.0,2.7417028,0.0,0.0,6.0,0.86580086,0.0,0.0,180.0,25.974026,True,True,False,False,False,False,False,False,False,,not_called_core_qc_fail,pbmc3k-capture1,False,fails_low_genes;fails_low_umis
GAGTTGTGCTGAGT-1,pbmc3k-capture1,pbmc3k-public-donor,849,2000.0,46.0,2.3,0.0,0.0,19.0,0.95,0.0,0.0,622.0,31.099998,False,False,False,True,False,False,False,False,False,0.205705384525101,singlet,pbmc3k-capture1,True,
GAGTTGTGGCGAGA-1,pbmc3k-capture1,pbmc3k-public-donor,499,1225.0,15.0,1.2244898,0.0,0.0,9.0,0.7346939,0.0,0.0,348.0,28.408163,True,False,False,False,False,False,False,False,False,,not_called_core_qc_fail,pbmc3k-capture1,False,fails_low_genes
GAGTTGTGGTAGCT-1,pbmc3k-capture1,pbmc3k-public-donor,865,2422.0,22.0,0.9083402,0.0,0.0,2.0,0.08257639,0.0,0.0,43.0,1.7753922,False,False,False,True,False,False,False,False,False,0.102516170724737,singlet,pbmc3k-capture1,True,
GAGTTGTGTATGCG-1,pbmc3k-capture1,pbmc3k-public-donor,1420,4179.0,106.0,2.536492,0.0,0.0,47.0,1.124671,0.0,0.0,822.0,19.669777,False,False,False,True,False,False,False,False,False,0.141873362836292,singlet,pbmc3k-capture1,True,
GATAAGGAGAAACA-1,pbmc3k-capture1,pbmc3k-public-donor,487,1139.0,35.0,3.072871,0.0,0.0,10.0,0.8779631,0.0,0.0,215.0,18.876207,True,False,False,False,False,False,False,False,False,,not_called_core_qc_fail,pbmc3k-capture1,False,fails_low_genes
GATAAGGATTCACT-1,pbmc3k-capture1,pbmc3k-public-donor,876,2518.0,70.0,2.779984,0.0,0.0,28.0,1.1119937,0.0,0.0,681.0,27.045273,False,False,False,True,False,False,False,False,False,0.238954861895069,singlet,pbmc3k-capture1,True,
GATACTCTATCGGT-1,pbmc3k-capture1,pbmc3k-public-donor,797,2343.0,39.0,1.6645327,0.0,0.0,13.0,0.5548442,0.0,0.0,1026.0,43.790012,False,False,False,True,False,False,False,False,False,0.280729095205105,singlet,pbmc3k-capture1,True,
GATACTCTTACTTC-1,pbmc3k-capture1,pbmc3k-public-donor,981,2881.0,83.0,2.880944,0.0,0.0,35.0,1.2148559,0.0,0.0,1145.0,39.743145,False,False,False,True,False,False,False,False,False,0.386228418592982,singlet,pbmc3k-capture1,True,
GATACTCTTGACTG-1,pbmc3k-capture1,pbmc3k-public-donor,756,2146.0,56.0,2.6095061,0.0,0.0,18.0,0.8387698,0.0,0.0,617.0,28.751165,False,False,False,True,False,False,False,False,False,0.151683435598234,singlet,pbmc3k-capture1,True,
GATAGAGAAGGGTG-1,pbmc3k-capture1,pbmc3k-public-donor,850,2063.0,64.0,3.1022782,0.0,0.0,10.0,0.48473096,0.0,0.0,626.0,30.344158,False,False,False,True,False,False,False,False,False,0.206253027053672,singlet,pbmc3k-capture1,True,
GATAGAGACTGTGA-1,pbmc3k-capture1,pbmc3k-public-donor,1097,3964.0,38.0,0.95862764,0.0,0.0,41.0,1.0343088,0.0,0.0,1783.0,44.97982,False,False,False,True,False,False,False,False,False,0.332439116020349,singlet,pbmc3k-capture1,True,
GATAGAGATCACGA-1,pbmc3k-capture1,pbmc3k-public-donor,998,2811.0,40.0,1.4229811,0.0,0.0,18.0,0.6403415,0.0,0.0,806.0,28.67307,False,False,False,True,False,False,False,False,False,0.225076330522566,singlet,pbmc3k-capture1,True,
GATAGCACCCATAG-1,pbmc3k-capture1,pbmc3k-public-donor,829,2638.0,55.0,2.0849128,0.0,0.0,40.0,1.5163002,0.0,0.0,1206.0,45.716454,False,False,False,True,False,False,False,False,False,0.299844815871655,singlet,pbmc3k-capture1,True,
GATAGCACGAAGGC-1,pbmc3k-capture1,pbmc3k-public-donor,1159,3630.0,71.0,1.9559228,0.0,0.0,34.0,0.93663913,0.0,0.0,960.0,26.44628,False,False,False,True,False,False,False,False,False,0.244348833681593,singlet,pbmc3k-capture1,True,
GATAGCACTTGTCT-1,pbmc3k-capture1,pbmc3k-public-donor,955,2942.0,60.0,2.039429,0.0,0.0,15.0,0.50985724,1.0,0.033990484,1352.0,45.95513,False,False,False,True,False,False,True,False,False,0.20358847710965,singlet,pbmc3k-capture1,True,
GATATAACAAGGTA-1,pbmc3k-capture1,pbmc3k-public-donor,1061,3234.0,51.0,1.5769944,0.0,0.0,61.0,1.8862091,0.0,0.0,1143.0,35.343227,False,False,False,True,False,False,False,False,False,0.434977309983945,singlet,pbmc3k-capture1,True,
GATATAACACGCAT-1,pbmc3k-capture1,pbmc3k-public-donor,696,2247.0,16.0,0.7120605,0.0,0.0,24.0,1.0680908,0.0,0.0,1075.0,47.841568,False,False,False,True,False,False,False,False,False,0.113882455292967,singlet,pbmc3k-capture1,True,
GATATATGCTGGAT-1,pbmc3k-capture1,pbmc3k-public-donor,786,2668.0,60.0,2.2488756,0.0,0.0,23.0,0.86206895,0.0,0.0,1240.0,46.47676,False,False,False,True,False,False,False,False,False,0.131323535686028,singlet,pbmc3k-capture1,True,
GATATATGTCCGTC-1,pbmc3k-capture1,pbmc3k-public-donor,743,1819.0,27.0,1.4843321,0.0,0.0,11.0,0.60472786,0.0,0.0,561.0,30.841122,False,False,False,True,False,False,False,False,False,0.166977804697471,singlet,pbmc3k-capture1,True,
GATATATGTGGAGG-1,pbmc3k-capture1,pbmc3k-public-donor,1211,3775.0,95.0,2.5165563,0.0,0.0,37.0,0.98013246,0.0,0.0,1212.0,32.10596,False,False,False,True,False,False,False,False,False,0.769109218419106,doublet,pbmc3k-capture1,False,scDblFinder_doublet
GATATCCTAGAAGT-1,pbmc3k-capture1,pbmc3k-public-donor,893,2302.0,30.0,1.3032146,0.0,0.0,7.0,0.3040834,0.0,0.0,786.0,34.144222,False,False,False,True,False,False,False,False,False,0.355012003118283,singlet,pbmc3k-capture1,True,
GATATCCTCCCGTT-1,pbmc3k-capture1,pbmc3k-public-donor,491,1071.0,14.0,1.3071896,0.0,0.0,6.0,0.5602241,0.0,0.0,255.0,23.809525,True,True,False,False,False,False,False,False,False,,not_called_core_qc_fail,pbmc3k-capture1,False,fails_low_genes;fails_low_umis
GATATTGACAGGAG-1,pbmc3k-capture1,pbmc3k-public-donor,744,1736.0,63.0,3.6290321,0.0,0.0,26.0,1.4976959,0.0,0.0,435.0,25.057606,False,False,False,True,False,False,False,False,False,0.206404951259708,singlet,pbmc3k-capture1,True,
GATATTGACGAGTT-1,pbmc3k-capture1,pbmc3k-public-donor,1447,4410.0,60.0,1.3605442,0.0,0.0,54.0,1.2244898,1.0,0.022675738,852.0,19.319729,False,False,False,True,False,False,True,False,True,0.140847071301513,singlet,pbmc3k-capture1,True,
GATATTGAGCCAAT-1,pbmc3k-capture1,pbmc3k-public-donor,767,2424.0,36.0,1.4851485,0.0,0.0,11.0,0.4537954,0.0,0.0,1135.0,46.823433,False,False,False,True,False,False,False,False,False,0.129592782559842,singlet,pbmc3k-capture1,True,
GATCCCTGACCTTT-1,pbmc3k-capture1,pbmc3k-public-donor,1050,2213.0,24.0,1.0845007,0.0,0.0,13.0,0.58743787,1.0,0.045187525,398.0,17.984636,False,False,False,True,False,False,True,False,False,0.151681800962427,singlet,pbmc3k-capture1,True,
GATCCCTGTGTAGC-1,pbmc3k-capture1,pbmc3k-public-donor,853,2324.0,34.0,1.4629948,0.0,0.0,11.0,0.47332188,0.0,0.0,724.0,31.153185,False,False,False,True,False,False,False,False,False,0.320794281540248,singlet,pbmc3k-capture1,True,
GATCCGCTGGTCAT-1,pbmc3k-capture1,pbmc3k-public-donor,1118,3070.0,53.0,1.7263843,0.0,0.0,18.0,0.5863192,0.0,0.0,649.0,21.140066,False,False,False,True,False,False,False,False,False,0.292635590795352,singlet,pbmc3k-capture1,True,
GATCGAACCGAGAG-1,pbmc3k-capture1,pbmc3k-public-donor,1428,4590.0,114.0,2.4836602,0.0,0.0,56.0,1.2200435,0.0,0.0,1583.0,34.488018,False,False,False,True,False,False,False,False,True,0.558251442123616,doublet,pbmc3k-capture1,False,scDblFinder_doublet
GATCGATGACTAGC-1,pbmc3k-capture1,pbmc3k-public-donor,555,1137.0,10.0,0.87950754,0.0,0.0,3.0,0.26385224,0.0,0.0,348.0,30.60686,False,False,False,True,False,False,False,False,False,0.057328741323047,singlet,pbmc3k-capture1,True,
GATCGATGGTAAAG-1,pbmc3k-capture1,pbmc3k-public-donor,612,1771.0,33.0,1.8633541,0.0,0.0,16.0,0.90344435,0.0,0.0,669.0,37.77527,False,False,False,True,False,False,False,False,False,0.0736761188493973,singlet,pbmc3k-capture1,True,
GATCGATGTAAGGA-1,pbmc3k-capture1,pbmc3k-public-donor,854,2504.0,32.0,1.2779553,0.0,0.0,33.0,1.3178914,0.0,0.0,582.0,23.242811,False,False,False,True,False,False,False,False,False,0.220547003921481,singlet,pbmc3k-capture1,True,
GATCGTGACACTAG-1,pbmc3k-capture1,pbmc3k-public-donor,789,2252.0,39.0,1.731794,0.0,0.0,19.0,0.8436945,0.0,0.0,995.0,44.18295,False,False,False,True,False,False,False,False,False,0.169649030730965,singlet,pbmc3k-capture1,True,
GATCGTGATTCACT-1,pbmc3k-capture1,pbmc3k-public-donor,889,2068.0,22.0,1.0638298,0.0,0.0,34.0,1.6441007,0.0,0.0,668.0,32.301743,False,False,False,True,False,False,False,False,False,0.375306664069075,singlet,pbmc3k-capture1,True,
GATCTACTGGTGAG-1,pbmc3k-capture1,pbmc3k-public-donor,784,1969.0,53.0,2.6917217,0.0,0.0,9.0,0.45708483,0.0,0.0,570.0,28.948706,False,False,False,True,False,False,False,False,False,0.246789369583078,singlet,pbmc3k-capture1,True,
GATCTACTTTGCAG-1,pbmc3k-capture1,pbmc3k-public-donor,712,1624.0,19.0,1.1699507,0.0,0.0,12.0,0.7389163,0.0,0.0,519.0,31.958126,False,False,False,True,False,False,False,False,False,0.144940397459247,singlet,pbmc3k-capture1,True,
GATCTTACACCCAA-1,pbmc3k-capture1,pbmc3k-public-donor,1323,3608.0,93.0,2.5776052,0.0,0.0,20.0,0.55432373,2.0,0.05543237,589.0,16.324833,False,False,False,True,False,False,True,False,False,0.156361880284195,singlet,pbmc3k-capture1,True,
GATCTTACCCTACC-1,pbmc3k-capture1,pbmc3k-public-donor,921,2803.0,68.0,2.4259722,0.0,0.0,19.0,0.6778452,0.0,0.0,1189.0,42.41884,False,False,False,True,False,False,False,False,False,0.257528334693808,singlet,pbmc3k-capture1,True,
GATCTTACGAATAG-1,pbmc3k-capture1,pbmc3k-public-donor,682,1542.0,32.0,2.075227,0.0,0.0,27.0,1.7509726,0.0,0.0,325.0,21.076525,False,False,False,True,False,False,False,False,False,0.136166771845342,singlet,pbmc3k-capture1,True,
GATCTTACGAGATA-1,pbmc3k-capture1,pbmc3k-public-donor,794,2202.0,59.0,2.6793826,0.0,0.0,20.0,0.9082652,0.0,0.0,614.0,27.883741,False,False,False,True,False,False,False,False,False,0.0664522833482628,singlet,pbmc3k-capture1,True,
GATGCAACTCCAGA-1,pbmc3k-capture1,pbmc3k-public-donor,846,2487.0,22.0,0.88459986,0.0,0.0,46.0,1.849618,0.0,0.0,972.0,39.083233,False,False,False,True,False,False,False,False,False,0.24898639646727,singlet,pbmc3k-capture1,True,
GATGCCCTACGTAC-1,pbmc3k-capture1,pbmc3k-public-donor,1012,2810.0,71.0,2.5266905,0.0,0.0,36.0,1.2811388,0.0,0.0,1097.0,39.039146,False,False,False,True,False,False,False,False,False,0.456259042133905,doublet,pbmc3k-capture1,False,scDblFinder_doublet
GATGCCCTCTCATT-1,pbmc3k-capture1,pbmc3k-public-donor,839,2403.0,33.0,1.3732834,0.0,0.0,19.0,0.7906783,0.0,0.0,978.0,40.699127,False,False,False,True,False,False,False,False,False,0.462026671771874,doublet,pbmc3k-capture1,False,scDblFinder_doublet
GATGCCCTGGCAAG-1,pbmc3k-capture1,pbmc3k-public-donor,807,2300.0,23.0,1.0,0.0,0.0,26.0,1.1304348,0.0,0.0,685.0,29.782608,False,False,False,True,False,False,False,False,False,0.175600502600931,singlet,pbmc3k-capture1,True,
GATGCCCTTTTGCT-1,pbmc3k-capture1,pbmc3k-public-donor,587,1525.0,55.0,3.6065574,0.0,0.0,6.0,0.39344263,0.0,0.0,599.0,39.27869,False,False,False,True,False,False,False,False,False,0.19696690496175,singlet,pbmc3k-capture1,True,
GATTACCTTGTTCT-1,pbmc3k-capture1,pbmc3k-public-donor,881,2471.0,49.0,1.9830028,0.0,0.0,39.0,1.5783085,0.0,0.0,1003.0,40.59085,False,False,False,True,False,False,False,False,False,0.165772434529704,singlet,pbmc3k-capture1,True,
GATTCGGAACGACT-1,pbmc3k-capture1,pbmc3k-public-donor,781,2625.0,65.0,2.4761903,0.0,0.0,0.0,0.0,0.0,0.0,1311.0,49.942856,False,False,False,True,False,False,False,False,False,0.156425439371303,singlet,pbmc3k-capture1,True,
GATTCGGACAGGAG-1,pbmc3k-capture1,pbmc3k-public-donor,1010,2873.0,47.0,1.6359206,0.0,0.0,16.0,0.55690914,0.0,0.0,695.0,24.190742,False,False,False,True,False,False,False,False,False,0.21363695829504,singlet,pbmc3k-capture1,True,
GATTCGGAGAAGGC-1,pbmc3k-capture1,pbmc3k-public-donor,1182,3634.0,86.0,2.366538,0.0,0.0,19.0,0.52283984,0.0,0.0,695.0,19.124931,False,False,False,True,False,False,False,False,False,0.136273237622419,singlet,pbmc3k-capture1,True,
GATTCTTGATTCGG-1,pbmc3k-capture1,pbmc3k-public-donor,1149,3001.0,48.0,1.5994668,0.0,0.0,26.0,0.8663779,0.0,0.0,706.0,23.525492,False,False,False,True,False,False,False,False,False,0.23015294347933,singlet,pbmc3k-capture1,True,
GATTCTTGCCGATA-1,pbmc3k-capture1,pbmc3k-public-donor,812,2262.0,46.0,2.0335984,0.0,0.0,21.0,0.9283819,0.0,0.0,842.0,37.223698,False,False,False,True,False,False,False,False,False,0.207675517334039,singlet,pbmc3k-capture1,True,
GATTCTTGCGAGTT-1,pbmc3k-capture1,pbmc3k-public-donor,607,1550.0,42.0,2.7096775,0.0,0.0,9.0,0.58064514,0.0,0.0,589.0,38.0,False,False,False,True,False,False,False,False,False,0.0864468593564775,singlet,pbmc3k-capture1,True,
GATTGGACCCGTTC-1,pbmc3k-capture1,pbmc3k-public-donor,1155,3465.0,45.0,1.2987013,0.0,0.0,53.0,1.5295815,0.0,0.0,1372.0,39.59596,False,False,False,True,False,False,False,False,False,0.661454312328418,doublet,pbmc3k-capture1,False,scDblFinder_doublet
GATTGGACGGTGTT-1,pbmc3k-capture1,pbmc3k-public-donor,714,1759.0,56.0,3.1836271,0.0,0.0,21.0,1.1938602,0.0,0.0,689.0,39.169983,False,False,False,True,False,False,False,False,False,0.139059785128254,singlet,pbmc3k-capture1,True,
GATTGGACTTTCGT-1,pbmc3k-capture1,pbmc3k-public-donor,642,1634.0,33.0,2.0195837,0.0,0.0,19.0,1.1627907,0.0,0.0,665.0,40.697674,False,False,False,True,False,False,False,False,False,0.0779287464490432,singlet,pbmc3k-capture1,True,
GATTGGTGTGTCAG-1,pbmc3k-capture1,pbmc3k-public-donor,1088,3236.0,38.0,1.1742892,0.0,0.0,35.0,1.0815822,0.0,0.0,1225.0,37.855377,False,False,False,True,False,False,False,False,False,0.298538159478735,singlet,pbmc3k-capture1,True,
GATTTAGACACTCC-1,pbmc3k-capture1,pbmc3k-public-donor,1291,4120.0,130.0,3.15534,0.0,0.0,11.0,0.2669903,0.0,0.0,918.0,22.281553,False,False,False,True,False,False,False,False,False,0.148350098590095,singlet,pbmc3k-capture1,True,
GATTTAGACTAAGC-1,pbmc3k-capture1,pbmc3k-public-donor,1196,2967.0,41.0,1.3818672,0.0,0.0,4.0,0.13481632,0.0,0.0,641.0,21.604315,False,False,False,True,False,False,False,False,False,0.353104206586213,singlet,pbmc3k-capture1,True,
GATTTAGATTCGTT-1,pbmc3k-capture1,pbmc3k-public-donor,325,664.0,10.0,1.5060241,0.0,0.0,5.0,0.75301206,0.0,0.0,199.0,29.96988,True,True,False,False,False,False,False,False,False,,not_called_core_qc_fail,pbmc3k-capture1,False,fails_low_genes;fails_low_umis
GATTTGCTAACGAA-1,pbmc3k-capture1,pbmc3k-public-donor,804,2322.0,42.0,1.8087854,0.0,0.0,18.0,0.7751938,1.0,0.043066323,939.0,40.439278,False,False,False,True,False,False,True,False,False,0.306320327932028,singlet,pbmc3k-capture1,True,
GATTTGCTAACGGG-1,pbmc3k-capture1,pbmc3k-public-donor,370,691.0,8.0,1.1577424,0.0,0.0,5.0,0.723589,0.0,0.0,179.0,25.904486,True,True,False,False,False,False,False,False,False,,not_called_core_qc_fail,pbmc3k-capture1,False,fails_low_genes;fails_low_umis
GCAACCCTCCTCGT-1,pbmc3k-capture1,pbmc3k-public-donor,359,744.0,12.0,1.6129031,0.0,0.0,12.0,1.6129031,0.0,0.0,114.0,15.322581,True,True,False,False,False,False,False,False,False,,not_called_core_qc_fail,pbmc3k-capture1,False,fails_low_genes;fails_low_umis
GCAACTGATTGCGA-1,pbmc3k-capture1,pbmc3k-public-donor,855,2805.0,74.0,2.6381462,0.0,0.0,18.0,0.64171124,0.0,0.0,1323.0,47.165775,False,False,False,True,False,False,False,False,False,0.249988180470795,singlet,pbmc3k-capture1,True,
GCAAGACTACTGGT-1,pbmc3k-capture1,pbmc3k-public-donor,1165,2894.0,18.0,0.6219765,0.0,0.0,22.0,0.76019347,1.0,0.03455425,837.0,28.921907,False,False,False,True,False,False,True,False,False,0.429224306314565,singlet,pbmc3k-capture1,True,
GCAAGACTAGGTCT-1,pbmc3k-capture1,pbmc3k-public-donor,836,2191.0,62.0,2.8297582,0.0,0.0,35.0,1.5974442,0.0,0.0,804.0,36.69557,False,False,False,True,False,False,False,False,False,0.333701944059735,singlet,pbmc3k-capture1,True,
GCAAGACTCCCTTG-1,pbmc3k-capture1,pbmc3k-public-donor,923,2701.0,56.0,2.0733063,0.0,0.0,29.0,1.0736765,1.0,0.037023325,1209.0,44.7612,False,False,False,True,False,False,True,False,False,0.370642446175886,singlet,pbmc3k-capture1,True,
GCAATCGACTGCAA-1,pbmc3k-capture1,pbmc3k-public-donor,863,2346.0,83.0,3.537937,0.0,0.0,19.0,0.8098892,0.0,0.0,900.0,38.36317,False,False,False,True,False,False,False,False,False,0.31362988803655,singlet,pbmc3k-capture1,True,
GCAATCGAGACGTT-1,pbmc3k-capture1,pbmc3k-public-donor,1284,3899.0,119.0,3.0520647,0.0,0.0,28.0,0.71813285,0.0,0.0,914.0,23.441908,False,False,False,True,False,False,False,False,False,0.413634905822171,singlet,pbmc3k-capture1,True,
GCAATCGATCCTTA-1,pbmc3k-capture1,pbmc3k-public-donor,1011,3054.0,66.0,2.1611001,0.0,0.0,58.0,1.8991487,0.0,0.0,682.0,22.33137,False,False,False,True,False,True,False,False,False,0.12735142494506,singlet,pbmc3k-capture1,True,
GCAATTCTCGTGTA-1,pbmc3k-capture1,pbmc3k-public-donor,889,2592.0,49.0,1.8904321,0.0,0.0,36.0,1.388889,0.0,0.0,1064.0,41.04938,False,False,False,True,False,False,False,False,False,0.229130994419856,singlet,pbmc3k-capture1,True,
GCAATTCTTCTCCG-1,pbmc3k-capture1,pbmc3k-public-donor,984,3262.0,59.0,1.8087063,0.0,0.0,31.0,0.9503372,0.0,0.0,1345.0,41.232372,False,False,False,True,False,False,False,False,False,0.514096253682447,doublet,pbmc3k-capture1,False,scDblFinder_doublet
GCACAAACAATGCC-1,pbmc3k-capture1,pbmc3k-public-donor,512,1240.0,43.0,3.467742,0.0,0.0,16.0,1.2903225,1.0,0.08064516,481.0,38.79032,False,False,False,True,False,False,True,False,False,0.267991507891002,singlet,pbmc3k-capture1,True,
GCACAAACGGTACT-1,pbmc3k-capture1,pbmc3k-public-donor,939,2829.0,32.0,1.1311418,0.0,0.0,45.0,1.5906681,0.0,0.0,1104.0,39.024387,False,False,False,True,False,False,False,False,False,0.354770549197768,singlet,pbmc3k-capture1,True,
GCACAATGGTGCAT-1,pbmc3k-capture1,pbmc3k-public-donor,883,2612.0,31.0,1.18683,0.0,0.0,19.0,0.727412,0.0,0.0,918.0,35.14548,False,False,False,True,False,False,False,False,False,0.306738462803771,singlet,pbmc3k-capture1,True,
GCACACCTGTGCTA-1,pbmc3k-capture1,pbmc3k-public-donor,697,1376.0,30.0,2.1802325,0.0,0.0,0.0,0.0,0.0,0.0,278.0,20.20349,False,False,False,True,False,False,False,False,False,0.0644989884734493,singlet,pbmc3k-capture1,True,
GCACCACTCATGAC-1,pbmc3k-capture1,pbmc3k-public-donor,1211,3644.0,58.0,1.5916575,0.0,0.0,16.0,0.43907794,0.0,0.0,1198.0,32.87596,False,False,False,True,False,False,False,False,False,0.73349263963665,doublet,pbmc3k-capture1,False,scDblFinder_doublet
GCACCACTGTTTGG-1,pbmc3k-capture1,pbmc3k-public-donor,362,776.0,12.0,1.5463917,0.0,0.0,5.0,0.6443299,0.0,0.0,140.0,18.041237,True,True,False,False,False,False,False,False,False,,not_called_core_qc_fail,pbmc3k-capture1,False,fails_low_genes;fails_low_umis
GCACCACTTCCTTA-1,pbmc3k-capture1,pbmc3k-public-donor,969,1945.0,57.0,2.9305913,0.0,0.0,9.0,0.46272492,0.0,0.0,327.0,16.81234,False,False,False,True,False,False,False,False,False,0.0785206690726477,singlet,pbmc3k-capture1,True,
GCACCACTTTCGGA-1,pbmc3k-capture1,pbmc3k-public-donor,1135,3246.0,57.0,1.7560074,0.0,0.0,19.0,0.5853358,0.0,0.0,626.0,19.285275,False,False,False,True,False,False,False,False,False,0.184257253745384,singlet,pbmc3k-capture1,True,
GCACCTACGCGATT-1,pbmc3k-capture1,pbmc3k-public-donor,1239,4274.0,47.0,1.0996724,0.0,0.0,42.0,0.98268604,0.0,0.0,1837.0,42.980812,False,False,False,True,False,False,False,False,False,0.433519407860723,singlet,pbmc3k-capture1,True,
GCACCTTGGCTGTA-1,pbmc3k-capture1,pbmc3k-public-donor,580,1753.0,24.0,1.3690815,0.0,0.0,10.0,0.57045066,0.0,0.0,818.0,46.662865,False,False,False,True,False,False,False,False,False,0.153426289539465,singlet,pbmc3k-capture1,True,
GCACCTTGGGGAGT-1,pbmc3k-capture1,pbmc3k-public-donor,1103,3740.0,73.0,1.9518716,0.0,0.0,27.0,0.72192514,0.0,0.0,970.0,25.93583,False,False,False,True,False,False,False,False,False,0.194439351337805,singlet,pbmc3k-capture1,True,
GCACGGACCAGCTA-1,pbmc3k-capture1,pbmc3k-public-donor,975,3172.0,52.0,1.6393442,0.0,0.0,28.0,0.8827238,0.0,0.0,1388.0,43.75788,False,False,False,True,False,False,False,False,False,0.313470346538468,singlet,pbmc3k-capture1,True,
GCACGGTGACCTCC-1,pbmc3k-capture1,pbmc3k-public-donor,825,2262.0,27.0,1.1936339,0.0,0.0,26.0,1.1494253,0.0,0.0,942.0,41.64456,False,False,False,True,False,False,False,False,False,0.342200091331421,singlet,pbmc3k-capture1,True,
GCACGGTGCTATGG-1,pbmc3k-capture1,pbmc3k-public-donor,1170,3105.0,80.0,2.5764894,0.0,0.0,14.0,0.45088565,0.0,0.0,589.0,18.969404,False,False,False,True,False,False,False,False,False,0.229905377758368,singlet,pbmc3k-capture1,True,
GCACTAGAACGGGA-1,pbmc3k-capture1,pbmc3k-public-donor,921,2493.0,63.0,2.5270758,0.0,0.0,37.0,1.4841557,0.0,0.0,906.0,36.341755,False,False,False,True,False,False,False,False,False,0.236782139707351,singlet,pbmc3k-capture1,True,
GCACTAGAAGATGA-1,pbmc3k-capture1,pbmc3k-public-donor,640,1548.0,38.0,2.4547803,0.0,0.0,22.0,1.4211887,2.0,0.12919897,568.0,36.692505,False,False,False,True,False,False,True,False,False,0.0778576226222812,singlet,pbmc3k-capture1,True,
GCACTAGACCTTTA-1,pbmc3k-capture1,pbmc3k-public-donor,1180,3630.0,87.0,2.3966942,0.0,0.0,26.0,0.71625346,0.0,0.0,939.0,25.86777,False,False,False,True,False,False,False,False,False,0.172739840989541,singlet,pbmc3k-capture1,True,
GCACTAGACGTAAC-1,pbmc3k-capture1,pbmc3k-public-donor,378,745.0,14.0,1.8791946,0.0,0.0,3.0,0.40268457,0.0,0.0,254.0,34.09396,True,True,False,False,False,False,False,False,False,,not_called_core_qc_fail,pbmc3k-capture1,False,fails_low_genes;fails_low_umis
GCACTAGAGTCGTA-1,pbmc3k-capture1,pbmc3k-public-donor,982,2424.0,57.0,2.3514853,0.0,0.0,14.0,0.57755774,0.0,0.0,638.0,26.320133,False,False,False,True,False,False,False,False,False,0.462602465637578,doublet,pbmc3k-capture1,False,scDblFinder_doublet
GCACTAGATGCAAC-1,pbmc3k-capture1,pbmc3k-public-donor,916,2667.0,37.0,1.3873266,0.0,0.0,29.0,1.0873641,0.0,0.0,1021.0,38.282715,False,False,False,True,False,False,False,False,False,0.209950493457312,singlet,pbmc3k-capture1,True,
GCACTGCTGAGGCA-1,pbmc3k-capture1,pbmc3k-public-donor,1122,3473.0,64.0,1.8427873,0.0,0.0,34.0,0.97898066,0.0,0.0,1431.0,41.20357,False,False,False,True,False,False,False,False,False,0.497841728982947,doublet,pbmc3k-capture1,False,scDblFinder_doublet
GCAGATACAGCGTT-1,pbmc3k-capture1,pbmc3k-public-donor,792,2093.0,78.0,3.7267082,0.0,0.0,7.0,0.33444816,0.0,0.0,772.0,36.884853,False,False,False,True,False,False,False,False,False,0.232989247163736,singlet,pbmc3k-capture1,True,
GCAGATACGACGGA-1,pbmc3k-capture1,pbmc3k-public-donor,619,1670.0,27.0,1.6167665,0.0,0.0,20.0,1.1976049,0.0,0.0,706.0,42.275448,False,False,False,True,False,False,False,False,False,0.152524948925078,singlet,pbmc3k-capture1,True,
GCAGATACGCAGAG-1,pbmc3k-capture1,pbmc3k-public-donor,750,2140.0,47.0,2.1962616,0.0,0.0,14.0,0.65420556,0.0,0.0,916.0,42.803738,False,False,False,True,False,False,False,False,False,0.134090586349661,singlet,pbmc3k-capture1,True,
GCAGCCGACAGTCA-1,pbmc3k-capture1,pbmc3k-public-donor,913,3037.0,85.0,2.7988148,0.0,0.0,35.0,1.1524531,0.0,0.0,1417.0,46.657887,False,False,False,True,False,False,False,False,False,0.15309820529626,singlet,pbmc3k-capture1,True,
GCAGCGTGCACTCC-1,pbmc3k-capture1,pbmc3k-public-donor,775,2298.0,29.0,1.261967,0.0,0.0,33.0,1.4360313,0.0,0.0,1007.0,43.820717,False,False,False,True,False,False,False,False,False,0.151512454376969,singlet,pbmc3k-capture1,True,
GCAGCTCTCAATCG-1,pbmc3k-capture1,pbmc3k-public-donor,661,1860.0,22.0,1.1827956,0.0,0.0,27.0,1.451613,0.0,0.0,874.0,46.989246,False,False,False,True,False,False,False,False,False,0.0922052503838574,singlet,pbmc3k-capture1,True,
GCAGCTCTGTTTCT-1,pbmc3k-capture1,pbmc3k-public-donor,766,1688.0,20.0,1.1848341,0.0,0.0,26.0,1.5402843,0.0,0.0,504.0,29.85782,False,False,False,True,False,False,False,False,False,0.196909979200143,singlet,pbmc3k-capture1,True,
GCAGGGCTAAGAAC-1,pbmc3k-capture1,pbmc3k-public-donor,768,2969.0,58.0,1.9535197,0.0,0.0,6.0,0.20208824,0.0,0.0,1554.0,52.340855,False,False,False,True,False,False,False,False,False,0.147050333464859,singlet,pbmc3k-capture1,True,
GCAGGGCTAAGGGC-1,pbmc3k-capture1,pbmc3k-public-donor,675,1466.0,23.0,1.568895,0.0,0.0,19.0,1.2960436,0.0,0.0,483.0,32.946796,False,False,False,True,False,False,False,False,False,0.155967936538132,singlet,pbmc3k-capture1,True,
GCAGGGCTATCGAC-1,pbmc3k-capture1,pbmc3k-public-donor,944,1981.0,46.0,2.3220594,26.0,1.3124685,7.0,0.3533569,0.0,0.0,368.0,18.576475,False,False,False,True,True,False,False,False,False,0.137414468542513,singlet,pbmc3k-capture1,True,
GCAGGGCTTGGGAG-1,pbmc3k-capture1,pbmc3k-public-donor,940,2195.0,108.0,4.9202733,0.0,0.0,15.0,0.6833713,0.0,0.0,621.0,28.29157,False,False,False,True,False,False,False,False,False,0.258563532570241,singlet,pbmc3k-capture1,True,
GCAGTCCTAACTGC-1,pbmc3k-capture1,pbmc3k-public-donor,761,2107.0,45.0,2.135738,0.0,0.0,8.0,0.37968674,0.0,0.0,854.0,40.53156,False,False,False,True,False,False,False,False,False,0.290628345209922,singlet,pbmc3k-capture1,True,
GCAGTCCTCTCTTA-1,pbmc3k-capture1,pbmc3k-public-donor,727,1832.0,37.0,2.0196507,0.0,0.0,21.0,1.1462882,0.0,0.0,766.0,41.812225,False,False,False,True,False,False,False,False,False,0.165989664657717,singlet,pbmc3k-capture1,True,
GCATCAGATGCGTA-1,pbmc3k-capture1,pbmc3k-public-donor,767,2047.0,79.0,3.859306,0.0,0.0,16.0,0.78163165,0.0,0.0,700.0,34.196384,False,False,False,True,False,False,False,False,False,0.190365369691648,singlet,pbmc3k-capture1,True,
GCATGTGACAAGCT-1,pbmc3k-capture1,pbmc3k-public-donor,873,2951.0,66.0,2.23653,0.0,0.0,31.0,1.0504913,0.0,0.0,1416.0,47.983734,False,False,False,True,False,False,False,False,False,0.175522525256433,singlet,pbmc3k-capture1,True,
GCATTGGAGAAGGC-1,pbmc3k-capture1,pbmc3k-public-donor,1043,3069.0,37.0,1.2056044,0.0,0.0,32.0,1.0426849,0.0,0.0,1260.0,41.055717,False,False,False,True,False,False,False,False,False,0.515220012814116,doublet,pbmc3k-capture1,False,scDblFinder_doublet
GCCAAAACGAGGCA-1,pbmc3k-capture1,pbmc3k-public-donor,850,2087.0,93.0,4.456157,0.0,0.0,12.0,0.574988,0.0,0.0,665.0,31.863918,False,False,False,True,False,False,False,False,False,0.121482415496182,singlet,pbmc3k-capture1,True,
GCCAAATGATCGAC-1,pbmc3k-capture1,pbmc3k-public-donor,995,2887.0,57.0,1.9743679,0.0,0.0,27.0,0.93522686,0.0,0.0,1138.0,39.41808,False,False,False,True,False,False,False,False,False,0.47362663994282,doublet,pbmc3k-capture1,False,scDblFinder_doublet
GCCAACCTACGGTT-1,pbmc3k-capture1,pbmc3k-public-donor,680,2141.0,47.0,2.195236,0.0,0.0,27.0,1.2610929,0.0,0.0,961.0,44.885567,False,False,False,True,False,False,False,False,False,0.09045867801197,singlet,pbmc3k-capture1,True,
GCCAACCTCGCCTT-1,pbmc3k-capture1,pbmc3k-public-donor,595,1770.0,21.0,1.1864407,0.0,0.0,14.0,0.79096043,0.0,0.0,860.0,48.58757,False,False,False,True,False,False,False,False,False,0.195084711304607,singlet,pbmc3k-capture1,True,
GCCACGGAGGCGAA-1,pbmc3k-capture1,pbmc3k-public-donor,700,2000.0,35.0,1.75,0.0,0.0,25.0,1.25,0.0,0.0,446.0,22.300001,False,False,False,True,False,False,False,False,False,0.0591077021703928,singlet,pbmc3k-capture1,True,
GCCACGGATACTGG-1,pbmc3k-capture1,pbmc3k-public-donor,753,2411.0,51.0,2.1153047,0.0,0.0,5.0,0.20738284,0.0,0.0,1144.0,47.449192,False,False,False,True,False,False,False,False,False,0.207220632021038,singlet,pbmc3k-capture1,True,
GCCACTACCTACTT-1,pbmc3k-capture1,pbmc3k-public-donor,682,1737.0,93.0,5.3540587,0.0,0.0,12.0,0.69084626,0.0,0.0,575.0,33.10305,False,False,True,False,False,False,False,False,False,,not_called_core_qc_fail,pbmc3k-capture1,False,fails_mt
GCCACTACGTCTTT-1,pbmc3k-capture1,pbmc3k-public-donor,736,2097.0,47.0,2.241297,0.0,0.0,34.0,1.6213639,1.0,0.047687173,848.0,40.43872,False,False,False,True,False,False,True,False,False,0.204328801972296,singlet,pbmc3k-capture1,True,
GCCCAACTACCGAT-1,pbmc3k-capture1,pbmc3k-public-donor,891,2579.0,40.0,1.5509888,0.0,0.0,28.0,1.085692,0.0,0.0,1061.0,41.139977,False,False,False,True,False,False,False,False,False,0.409391985407565,singlet,pbmc3k-capture1,True,
GCCCAACTATGGTC-1,pbmc3k-capture1,pbmc3k-public-donor,685,1833.0,34.0,1.8548827,1.0,0.054555375,1.0,0.054555375,0.0,0.0,655.0,35.73377,False,False,False,True,True,False,False,False,False,0.181361795763322,singlet,pbmc3k-capture1,True,
GCCCATACAGCGTT-1,pbmc3k-capture1,pbmc3k-public-donor,780,1959.0,8.0,0.40837163,0.0,0.0,3.0,0.15313937,3.0,0.15313937,662.0,33.79275,False,False,False,True,False,False,True,False,False,0.196153139739737,singlet,pbmc3k-capture1,True,
GCCGACGAACTCTT-1,pbmc3k-capture1,pbmc3k-public-donor,986,2982.0,62.0,2.0791416,0.0,0.0,19.0,0.6371563,0.0,0.0,755.0,25.318579,False,False,False,True,False,False,False,False,False,0.223796636011242,singlet,pbmc3k-capture1,True,
GCCGAGTGCGTTGA-1,pbmc3k-capture1,pbmc3k-public-donor,989,3191.0,97.0,3.0397995,0.0,0.0,36.0,1.128173,0.0,0.0,1356.0,42.494514,False,False,False,True,False,False,False,False,False,0.31162558008749,singlet,pbmc3k-capture1,True,
GCCGGAACGAACTC-1,pbmc3k-capture1,pbmc3k-public-donor,830,2325.0,50.0,2.1505377,0.0,0.0,19.0,0.81720424,0.0,0.0,778.0,33.462368,False,False,False,True,False,False,False,False,False,0.362554383015088,singlet,pbmc3k-capture1,True,
GCCGGAACGTTCTT-1,pbmc3k-capture1,pbmc3k-public-donor,810,1582.0,42.0,2.6548672,0.0,0.0,10.0,0.63211125,1.0,0.06321113,278.0,17.572693,False,False,False,True,False,False,True,False,False,0.0808823449362845,singlet,pbmc3k-capture1,True,
GCCGGAACTGCACA-1,pbmc3k-capture1,pbmc3k-public-donor,685,1591.0,78.0,4.902577,0.0,0.0,3.0,0.18856065,0.0,0.0,345.0,21.684475,False,False,False,True,False,False,False,False,False,0.128926548962269,singlet,pbmc3k-capture1,True,
GCCGGAACTTACTC-1,pbmc3k-capture1,pbmc3k-public-donor,784,2021.0,22.0,1.0885701,0.0,0.0,27.0,1.3359723,0.0,0.0,785.0,38.842155,False,False,False,True,False,False,False,False,False,0.210240558863199,singlet,pbmc3k-capture1,True,
GCCGTACTACCTGA-1,pbmc3k-capture1,pbmc3k-public-donor,642,2258.0,79.0,3.4986715,0.0,0.0,7.0,0.31000885,0.0,0.0,985.0,43.622677,False,False,False,True,False,False,False,False,False,0.110479280360363,singlet,pbmc3k-capture1,True,
GCCGTACTGGCAAG-1,pbmc3k-capture1,pbmc3k-public-donor,742,1698.0,62.0,3.6513546,0.0,0.0,20.0,1.1778563,0.0,0.0,271.0,15.959952,False,False,False,True,False,False,False,False,False,0.0735420378949261,singlet,pbmc3k-capture1,True,
GCCTACACAGTTCG-1,pbmc3k-capture1,pbmc3k-public-donor,961,2058.0,31.0,1.5063169,0.0,0.0,11.0,0.5344995,1.0,0.048590865,391.0,18.999027,False,False,False,True,False,False,True,False,False,0.143774750814071,singlet,pbmc3k-capture1,True,
GCCTACACCACTGA-1,pbmc3k-capture1,pbmc3k-public-donor,906,2617.0,55.0,2.101643,0.0,0.0,20.0,0.7642338,0.0,0.0,727.0,27.779902,False,False,False,True,False,False,False,False,False,0.204053939234915,singlet,pbmc3k-capture1,True,
GCCTACACCTTGAG-1,pbmc3k-capture1,pbmc3k-public-donor,829,2817.0,24.0,0.8519702,0.0,0.0,42.0,1.4909478,0.0,0.0,1310.0,46.503372,False,False,False,True,False,False,False,False,False,0.277474055676981,singlet,pbmc3k-capture1,True,
GCCTAGCTACGGAG-1,pbmc3k-capture1,pbmc3k-public-donor,621,1730.0,17.0,0.9826589,0.0,0.0,4.0,0.23121387,0.0,0.0,749.0,43.294796,False,False,False,True,False,False,False,False,False,0.0546328790918448,singlet,pbmc3k-capture1,True,
GCCTAGCTCTATTC-1,pbmc3k-capture1,pbmc3k-public-donor,822,2419.0,40.0,1.6535759,0.0,0.0,33.0,1.3642001,1.0,0.041339394,972.0,40.181892,False,False,False,True,False,False,True,False,False,0.401914944844203,singlet,pbmc3k-capture1,True,
GCCTAGCTTCTCAT-1,pbmc3k-capture1,pbmc3k-public-donor,717,2155.0,46.0,2.1345708,0.0,0.0,21.0,0.97447795,0.0,0.0,932.0,43.24826,False,False,False,True,False,False,False,False,False,0.20418543199615,singlet,pbmc3k-capture1,True,
GCCTAGCTTCTCTA-1,pbmc3k-capture1,pbmc3k-public-donor,1210,3411.0,113.0,3.3128116,0.0,0.0,27.0,0.7915568,2.0,0.058633834,653.0,19.143946,False,False,False,True,False,False,True,False,False,0.102269690405054,singlet,pbmc3k-capture1,True,
GCCTCAACCATGGT-1,pbmc3k-capture1,pbmc3k-public-donor,800,2602.0,29.0,1.1145273,0.0,0.0,34.0,1.3066872,0.0,0.0,1160.0,44.581093,False,False,False,True,False,False,False,False,False,0.160011115729895,singlet,pbmc3k-capture1,True,
GCCTCAACTCTTTG-1,pbmc3k-capture1,pbmc3k-public-donor,1963,5990.0,67.0,1.1185309,0.0,0.0,4.0,0.06677797,9.0,0.15025042,1344.0,22.437395,False,False,False,True,False,False,True,False,True,0.47369496054784,doublet,pbmc3k-capture1,False,scDblFinder_doublet
GCCTCATGTCTTAC-1,pbmc3k-capture1,pbmc3k-public-donor,749,2173.0,66.0,3.0372758,0.0,0.0,28.0,1.2885412,0.0,0.0,878.0,40.40497,False,False,False,True,False,False,False,False,False,0.237024683922881,singlet,pbmc3k-capture1,True,
GCCTGACTCTCAAG-1,pbmc3k-capture1,pbmc3k-public-donor,757,2004.0,29.0,1.4471058,0.0,0.0,12.0,0.59880245,0.0,0.0,634.0,31.636726,False,False,False,True,False,False,False,False,False,0.0819147702821973,singlet,pbmc3k-capture1,True,
GCGAAGGAACTCTT-1,pbmc3k-capture1,pbmc3k-public-donor,570,1247.0,29.0,2.3255813,0.0,0.0,17.0,1.3632718,1.0,0.08019246,374.0,29.991982,False,False,False,True,False,False,True,False,False,0.173206330624854,singlet,pbmc3k-capture1,True,
GCGAAGGAGAGCTT-1,pbmc3k-capture1,pbmc3k-public-donor,2710,10282.0,347.0,3.3748298,0.0,0.0,16.0,0.15561174,13.0,0.12643455,2075.0,20.180899,False,False,False,True,False,False,True,False,True,0.551124470887616,doublet,pbmc3k-capture1,False,scDblFinder_doublet
GCGAAGGATGCCAA-1,pbmc3k-capture1,pbmc3k-public-donor,831,2468.0,49.0,1.9854132,0.0,0.0,51.0,2.0664506,0.0,0.0,1011.0,40.964344,False,False,False,True,False,True,False,False,False,0.149132152782595,singlet,pbmc3k-capture1,True,
GCGAGAGAGGGACA-1,pbmc3k-capture1,pbmc3k-public-donor,721,1883.0,22.0,1.1683483,0.0,0.0,49.0,2.6022305,0.0,0.0,685.0,36.37812,False,False,False,True,False,True,False,False,False,0.116575078426803,singlet,pbmc3k-capture1,True,
GCGAGCACTGTCGA-1,pbmc3k-capture1,pbmc3k-public-donor,336,613.0,12.0,1.9575857,0.0,0.0,6.0,0.97879285,0.0,0.0,203.0,33.115826,True,True,False,False,False,False,False,False,False,,not_called_core_qc_fail,pbmc3k-capture1,False,fails_low_genes;fails_low_umis
GCGAGCACTTGACG-1,pbmc3k-capture1,pbmc3k-public-donor,802,2283.0,57.0,2.4967148,0.0,0.0,28.0,1.2264564,0.0,0.0,975.0,42.706963,False,False,False,True,False,False,False,False,False,0.264849179410954,singlet,pbmc3k-capture1,True,
GCGAGCACTTGCTT-1,pbmc3k-capture1,pbmc3k-public-donor,1001,3144.0,96.0,3.053435,0.0,0.0,13.0,0.413486,0.0,0.0,851.0,27.067429,False,False,False,True,False,False,False,False,False,0.226905855104519,singlet,pbmc3k-capture1,True,
GCGATATGGTACGT-1,pbmc3k-capture1,pbmc3k-public-donor,886,2071.0,21.0,1.0140029,0.0,0.0,25.0,1.2071463,0.0,0.0,680.0,32.83438,False,False,False,True,False,False,False,False,False,0.37412483460765,singlet,pbmc3k-capture1,True,
GCGATATGGTGTTG-1,pbmc3k-capture1,pbmc3k-public-donor,631,1762.0,43.0,2.4404087,0.0,0.0,10.0,0.5675369,0.0,0.0,730.0,41.430195,False,False,False,True,False,False,False,False,False,0.0888320952315112,singlet,pbmc3k-capture1,True,
GCGCACGAAGTCGT-1,pbmc3k-capture1,pbmc3k-public-donor,759,2266.0,63.0,2.7802293,0.0,0.0,4.0,0.17652251,0.0,0.0,991.0,43.73345,False,False,False,True,False,False,False,False,False,0.221228879513856,singlet,pbmc3k-capture1,True,
GCGCACGACTTTAC-1,pbmc3k-capture1,pbmc3k-public-donor,631,1689.0,26.0,1.5393723,0.0,0.0,15.0,0.88809943,0.0,0.0,501.0,29.662523,False,False,False,True,False,False,False,False,False,0.0761160643955368,singlet,pbmc3k-capture1,True,
GCGCATCTAGGTCT-1,pbmc3k-capture1,pbmc3k-public-donor,550,1395.0,19.0,1.3620073,0.0,0.0,16.0,1.1469533,0.0,0.0,582.0,41.72043,False,False,False,True,False,False,False,False,False,0.072430086143227,singlet,pbmc3k-capture1,True,
GCGCATCTGGTTAC-1,pbmc3k-capture1,pbmc3k-public-donor,984,2518.0,72.0,2.8594124,0.0,0.0,2.0,0.07942812,1.0,0.03971406,727.0,28.87212,False,False,False,True,False,False,True,False,False,0.192212615948933,singlet,pbmc3k-capture1,True,
GCGCATCTTCGATG-1,pbmc3k-capture1,pbmc3k-public-donor,767,2297.0,38.0,1.6543318,0.0,0.0,29.0,1.2625164,0.0,0.0,1045.0,45.49412,False,False,False,True,False,False,False,False,False,0.191354470355197,singlet,pbmc3k-capture1,True,
GCGCATCTTGCTCC-1,pbmc3k-capture1,pbmc3k-public-donor,835,1995.0,42.0,2.1052632,0.0,0.0,13.0,0.6516291,0.0,0.0,529.0,26.51629,False,False,False,True,False,False,False,False,False,0.0986794006405256,singlet,pbmc3k-capture1,True,
GCGCATCTTTCTAC-1,pbmc3k-capture1,pbmc3k-public-donor,777,2508.0,44.0,1.754386,0.0,0.0,33.0,1.3157895,0.0,0.0,1210.0,48.245613,False,False,False,True,False,False,False,False,False,0.149328157092498,singlet,pbmc3k-capture1,True,
GCGCGAACGTTCTT-1,pbmc3k-capture1,pbmc3k-public-donor,639,1661.0,23.0,1.384708,0.0,0.0,13.0,0.782661,0.0,0.0,606.0,36.484043,False,False,False,True,False,False,False,False,False,0.0820820907238655,singlet,pbmc3k-capture1,True,
GCGCGATGAACGGG-1,pbmc3k-capture1,pbmc3k-public-donor,860,2635.0,26.0,0.9867173,0.0,0.0,10.0,0.37950665,0.0,0.0,1147.0,43.52941,False,False,False,True,False,False,False,False,False,0.131068592228016,singlet,pbmc3k-capture1,True,
GCGCGATGGTGCAT-1,pbmc3k-capture1,pbmc3k-public-donor,1413,3228.0,106.0,3.283767,0.0,0.0,48.0,1.4869888,0.0,0.0,593.0,18.370508,False,False,False,True,False,False,False,False,False,0.363211176949286,singlet,pbmc3k-capture1,True,
GCGGAGCTCCTGAA-1,pbmc3k-capture1,pbmc3k-public-donor,747,1952.0,30.0,1.5368853,0.0,0.0,28.0,1.4344262,0.0,0.0,708.0,36.270493,False,False,False,True,False,False,False,False,False,0.319352870217245,singlet,pbmc3k-capture1,True,
GCGGCAACCCGATA-1,pbmc3k-capture1,pbmc3k-public-donor,779,2372.0,25.0,1.0539628,0.0,0.0,23.0,0.96964586,0.0,0.0,1026.0,43.25464,False,False,False,True,False,False,False,False,False,0.149716586390486,singlet,pbmc3k-capture1,True,
GCGGCAACGGAGGT-1,pbmc3k-capture1,pbmc3k-public-donor,540,1320.0,38.0,2.878788,0.0,0.0,16.0,1.2121211,0.0,0.0,526.0,39.848484,False,False,False,True,False,False,False,False,False,0.0420133163990562,singlet,pbmc3k-capture1,True,
GCGGCAACTGTCGA-1,pbmc3k-capture1,pbmc3k-public-donor,367,701.0,33.0,4.7075605,0.0,0.0,6.0,0.8559201,0.0,0.0,168.0,23.965763,True,True,False,False,False,False,False,False,False,,not_called_core_qc_fail,pbmc3k-capture1,False,fails_low_genes;fails_low_umis
GCGTAAACACGGTT-1,pbmc3k-capture1,pbmc3k-public-donor,1629,5928.0,127.0,2.1423752,0.0,0.0,20.0,0.33738193,0.0,0.0,1638.0,27.631578,False,False,False,True,False,False,False,False,True,0.442205681676606,singlet,pbmc3k-capture1,True,
GCGTAATGCACCAA-1,pbmc3k-capture1,pbmc3k-public-donor,1380,3970.0,109.0,2.7455919,0.0,0.0,13.0,0.32745594,0.0,0.0,778.0,19.596977,False,False,False,True,False,False,False,False,False,0.155878302001186,singlet,pbmc3k-capture1,True,
GCGTATGAACACCA-1,pbmc3k-capture1,pbmc3k-public-donor,689,2132.0,49.0,2.2983115,0.0,0.0,25.0,1.1726079,0.0,0.0,991.0,46.482174,False,False,False,True,False,False,False,False,False,0.191632013626228,singlet,pbmc3k-capture1,True,
GCGTATGATGAGAA-1,pbmc3k-capture1,pbmc3k-public-donor,1001,2732.0,27.0,0.98828703,0.0,0.0,13.0,0.47584185,0.0,0.0,633.0,23.16984,False,False,False,True,False,False,False,False,False,0.201130404813862,singlet,pbmc3k-capture1,True,
GCTACAGAAAGGTA-1,pbmc3k-capture1,pbmc3k-public-donor,809,2454.0,29.0,1.1817441,0.0,0.0,33.0,1.3447433,0.0,0.0,1076.0,43.84678,False,False,False,True,False,False,False,False,False,0.19085166376775,singlet,pbmc3k-capture1,True,
GCTACAGAATCTTC-1,pbmc3k-capture1,pbmc3k-public-donor,337,648.0,12.0,1.8518518,0.0,0.0,0.0,0.0,0.0,0.0,248.0,38.271606,True,True,False,False,False,False,False,False,False,,not_called_core_qc_fail,pbmc3k-capture1,False,fails_low_genes;fails_low_umis
GCTACAGATCTTAC-1,pbmc3k-capture1,pbmc3k-public-donor,734,2112.0,144.0,6.818182,0.0,0.0,21.0,0.9943182,0.0,0.0,842.0,39.867424,False,False,True,False,False,False,False,False,False,,not_called_core_qc_fail,pbmc3k-capture1,False,fails_mt
GCTACCTGAGAAGT-1,pbmc3k-capture1,pbmc3k-public-donor,1103,3296.0,148.0,4.490291,0.0,0.0,16.0,0.4854369,0.0,0.0,761.0,23.088593,False,False,False,True,False,False,False,False,False,0.256750238569265,singlet,pbmc3k-capture1,True,
GCTACCTGATCACG-1,pbmc3k-capture1,pbmc3k-public-donor,796,2168.0,23.0,1.0608855,0.0,0.0,56.0,2.5830257,0.0,0.0,831.0,38.330257,False,False,False,True,False,True,False,False,False,0.287483276186984,singlet,pbmc3k-capture1,True,
GCTACGCTAGAATG-1,pbmc3k-capture1,pbmc3k-public-donor,966,2980.0,125.0,4.194631,0.0,0.0,83.0,2.785235,0.0,0.0,1241.0,41.644295,False,False,False,True,False,True,False,False,False,0.301796383392536,singlet,pbmc3k-capture1,True,
GCTACGCTAGCTAC-1,pbmc3k-capture1,pbmc3k-public-donor,782,2110.0,81.0,3.8388624,0.0,0.0,15.0,0.7109004,0.0,0.0,788.0,37.345974,False,False,False,True,False,False,False,False,False,0.413737803906808,singlet,pbmc3k-capture1,True,
GCTACGCTCCCTAC-1,pbmc3k-capture1,pbmc3k-public-donor,1018,2759.0,36.0,1.3048205,0.0,0.0,35.0,1.2685755,0.0,0.0,898.0,32.548027,False,False,False,True,False,False,False,False,False,0.365196369581803,singlet,pbmc3k-capture1,True,
GCTAGAACAGAGGC-1,pbmc3k-capture1,pbmc3k-public-donor,642,1513.0,25.0,1.6523464,0.0,0.0,21.0,1.3879709,1.0,0.066093855,457.0,30.204891,False,False,False,True,False,False,True,False,False,0.0774945451280924,singlet,pbmc3k-capture1,True,
GCTAGAACGGATCT-1,pbmc3k-capture1,pbmc3k-public-donor,967,2700.0,59.0,2.1851852,0.0,0.0,25.0,0.9259259,0.0,0.0,937.0,34.703705,False,False,False,True,False,False,False,False,False,0.486734593928999,doublet,pbmc3k-capture1,False,scDblFinder_doublet
GCTAGAACTCCCGT-1,pbmc3k-capture1,pbmc3k-public-donor,436,1104.0,20.0,1.8115941,0.0,0.0,5.0,0.45289853,0.0,0.0,505.0,45.742752,True,True,False,False,False,False,False,False,False,,not_called_core_qc_fail,pbmc3k-capture1,False,fails_low_genes;fails_low_umis
GCTAGATGAGCTCA-1,pbmc3k-capture1,pbmc3k-public-donor,826,2305.0,78.0,3.3839478,0.0,0.0,19.0,0.824295,0.0,0.0,617.0,26.767895,False,False,False,True,False,False,False,False,False,0.102976988013154,singlet,pbmc3k-capture1,True,
GCTAGATGGCGATT-1,pbmc3k-capture1,pbmc3k-public-donor,779,2016.0,57.0,2.827381,0.0,0.0,0.0,0.0,0.0,0.0,656.0,32.539684,False,False,False,True,False,False,False,False,False,0.160578258574352,singlet,pbmc3k-capture1,True,
GCTATACTAAGGCG-1,pbmc3k-capture1,pbmc3k-public-donor,1000,3088.0,46.0,1.4896374,0.0,0.0,7.0,0.22668394,1.0,0.03238342,1359.0,44.009068,False,False,False,True,False,False,True,False,False,0.339172968557121,singlet,pbmc3k-capture1,True,
GCTATACTAGCGTT-1,pbmc3k-capture1,pbmc3k-public-donor,601,1509.0,59.0,3.909874,0.0,0.0,10.0,0.6626905,0.0,0.0,392.0,25.977468,False,False,False,True,False,False,False,False,False,0.0738885372058355,singlet,pbmc3k-capture1,True,
GCTATACTCTCTTA-1,pbmc3k-capture1,pbmc3k-public-donor,796,2780.0,55.0,1.9784173,0.0,0.0,25.0,0.8992806,0.0,0.0,1178.0,42.3741,False,False,False,True,False,False,False,False,False,0.185789172433373,singlet,pbmc3k-capture1,True,
GCTATACTGGACGA-1,pbmc3k-capture1,pbmc3k-public-donor,945,2824.0,68.0,2.407932,0.0,0.0,22.0,0.7790368,0.0,0.0,1030.0,36.473087,False,False,False,True,False,False,False,False,False,0.326106213896718,singlet,pbmc3k-capture1,True,
GCTCAAGAACCATG-1,pbmc3k-capture1,pbmc3k-public-donor,1679,5557.0,100.0,1.7995322,0.0,0.0,43.0,0.7737988,0.0,0.0,1378.0,24.797552,False,False,False,True,False,False,False,False,True,0.577204372223123,doublet,pbmc3k-capture1,False,scDblFinder_doublet
GCTCAAGAAGTCAC-1,pbmc3k-capture1,pbmc3k-public-donor,1123,3219.0,76.0,2.3609817,0.0,0.0,59.0,1.8328674,0.0,0.0,767.0,23.827276,False,False,False,True,False,False,False,False,False,0.296145767431923,singlet,pbmc3k-capture1,True,
GCTCAGCTGTCTAG-1,pbmc3k-capture1,pbmc3k-public-donor,596,1683.0,19.0,1.1289364,0.0,0.0,2.0,0.11883541,0.0,0.0,714.0,42.424244,False,False,False,True,False,False,False,False,False,0.0867895620923183,singlet,pbmc3k-capture1,True,
GCTCCATGAGAAGT-1,pbmc3k-capture1,pbmc3k-public-donor,995,2130.0,30.0,1.4084507,0.0,0.0,8.0,0.37558687,0.0,0.0,444.0,20.84507,False,False,False,True,False,False,False,False,False,0.353529827343214,singlet,pbmc3k-capture1,True,
GCTCCATGCCGAAT-1,pbmc3k-capture1,pbmc3k-public-donor,720,1954.0,20.0,1.0235415,0.0,0.0,2.0,0.10235415,0.0,0.0,845.0,43.24463,False,False,False,True,False,False,False,False,False,0.136281314144472,singlet,pbmc3k-capture1,True,
GCTCGACTCTAGTG-1,pbmc3k-capture1,pbmc3k-public-donor,588,1418.0,39.0,2.7503526,0.0,0.0,28.0,1.9746121,0.0,0.0,299.0,21.086037,False,False,False,True,False,True,False,False,False,0.0259756752093796,singlet,pbmc3k-capture1,True,
GCTGATGAGGTATC-1,pbmc3k-capture1,pbmc3k-public-donor,759,1908.0,50.0,2.620545,0.0,0.0,12.0,0.6289308,0.0,0.0,582.0,30.503145,False,False,False,True,False,False,False,False,False,0.106424672025067,singlet,pbmc3k-capture1,True,
GCTTAACTACAGTC-1,pbmc3k-capture1,pbmc3k-public-donor,452,916.0,27.0,2.9475982,0.0,0.0,5.0,0.5458515,0.0,0.0,185.0,20.196507,True,True,False,False,False,False,False,False,False,,not_called_core_qc_fail,pbmc3k-capture1,False,fails_low_genes;fails_low_umis
GCTTAACTACTGGT-1,pbmc3k-capture1,pbmc3k-public-donor,780,1799.0,39.0,2.167871,8.0,0.44469148,9.0,0.50027794,0.0,0.0,503.0,27.959978,False,False,False,True,True,False,False,False,False,0.169700880110421,singlet,pbmc3k-capture1,True,
GCTTAACTGCTGAT-1,pbmc3k-capture1,pbmc3k-public-donor,836,2605.0,13.0,0.4990403,0.0,0.0,16.0,0.61420345,0.0,0.0,1243.0,47.71593,False,False,False,True,False,False,False,False,False,0.160063628773065,singlet,pbmc3k-capture1,True,
GCTTAACTTAGACC-1,pbmc3k-capture1,pbmc3k-public-donor,515,1124.0,44.0,3.9145908,0.0,0.0,11.0,0.9786477,0.0,0.0,251.0,22.330961,False,False,False,True,False,False,False,False,False,0.0212818452496708,singlet,pbmc3k-capture1,True,
GCTTAACTTCAGTG-1,pbmc3k-capture1,pbmc3k-public-donor,846,2711.0,44.0,1.6230173,0.0,0.0,33.0,1.217263,0.0,0.0,1281.0,47.251938,False,False,False,True,False,False,False,False,False,0.211226276449228,singlet,pbmc3k-capture1,True,
GGAACACTCACTTT-1,pbmc3k-capture1,pbmc3k-public-donor,392,778.0,15.0,1.9280206,0.0,0.0,4.0,0.5141388,0.0,0.0,194.0,24.935732,True,True,False,False,False,False,False,False,False,,not_called_core_qc_fail,pbmc3k-capture1,False,fails_low_genes;fails_low_umis
GGAACACTTCAGAC-1,pbmc3k-capture1,pbmc3k-public-donor,283,628.0,18.0,2.8662422,0.0,0.0,1.0,0.15923567,0.0,0.0,14.0,2.2292993,True,True,False,False,False,False,False,False,False,,not_called_core_qc_fail,pbmc3k-capture1,False,fails_low_genes;fails_low_umis
GGAACTACTACTTC-1,pbmc3k-capture1,pbmc3k-public-donor,710,1806.0,47.0,2.6024363,0.0,0.0,14.0,0.7751938,0.0,0.0,690.0,38.205982,False,False,False,True,False,False,False,False,False,0.191930763617014,singlet,pbmc3k-capture1,True,
GGAACTTGAAGGTA-1,pbmc3k-capture1,pbmc3k-public-donor,1158,3452.0,86.0,2.4913094,0.0,0.0,12.0,0.34762457,0.0,0.0,716.0,20.7416,False,False,False,True,False,False,False,False,False,0.310221758188667,singlet,pbmc3k-capture1,True,
GGAACTTGAGAATG-1,pbmc3k-capture1,pbmc3k-public-donor,796,2303.0,74.0,3.2132003,0.0,0.0,28.0,1.2158055,0.0,0.0,982.0,42.640034,False,False,False,True,False,False,False,False,False,0.376042559427232,singlet,pbmc3k-capture1,True,
GGAACTTGCTCCAC-1,pbmc3k-capture1,pbmc3k-public-donor,895,2406.0,43.0,1.7871987,0.0,0.0,6.0,0.24937657,0.0,0.0,605.0,25.145472,False,False,False,True,False,False,False,False,False,0.113508650374427,singlet,pbmc3k-capture1,True,
GGAACTTGGGTAGG-1,pbmc3k-capture1,pbmc3k-public-donor,585,1740.0,76.0,4.367816,0.0,0.0,13.0,0.74712646,0.0,0.0,750.0,43.103447,False,False,False,True,False,False,False,False,False,0.0228527759274793,singlet,pbmc3k-capture1,True,
GGAAGGACATCGGT-1,pbmc3k-capture1,pbmc3k-public-donor,559,1387.0,13.0,0.93727463,0.0,0.0,5.0,0.36049026,0.0,0.0,476.0,34.318672,False,False,False,True,False,False,False,False,False,0.0488025142750045,singlet,pbmc3k-capture1,True,
GGAAGGACCACTAG-1,pbmc3k-capture1,pbmc3k-public-donor,859,2054.0,23.0,1.1197662,0.0,0.0,33.0,1.6066213,0.0,0.0,667.0,32.473225,False,False,False,True,False,False,False,False,False,0.358406456597057,singlet,pbmc3k-capture1,True,
GGAAGGACGAGGGT-1,pbmc3k-capture1,pbmc3k-public-donor,879,2881.0,97.0,3.3668864,0.0,0.0,30.0,1.0413051,0.0,0.0,1172.0,40.68032,False,False,False,True,False,False,False,False,False,0.337527619679415,singlet,pbmc3k-capture1,True,
GGAAGGACGCGAAG-1,pbmc3k-capture1,pbmc3k-public-donor,858,2169.0,43.0,1.9824805,0.0,0.0,39.0,1.7980638,0.0,0.0,697.0,32.134624,False,False,False,True,False,False,False,False,False,0.365974426657015,singlet,pbmc3k-capture1,True,
GGAAGGTGGCGAGA-1,pbmc3k-capture1,pbmc3k-public-donor,842,1633.0,38.0,2.3270056,0.0,0.0,13.0,0.7960808,0.0,0.0,214.0,13.104716,False,False,False,True,False,False,False,False,False,0.116710401088668,singlet,pbmc3k-capture1,True,
GGAATCTGAAGGGC-1,pbmc3k-capture1,pbmc3k-public-donor,643,1734.0,37.0,2.1337948,0.0,0.0,15.0,0.86505187,0.0,0.0,566.0,32.641293,False,False,False,True,False,False,False,False,False,0.245331275441807,singlet,pbmc3k-capture1,True,
GGAATCTGAGGAGC-1,pbmc3k-capture1,pbmc3k-public-donor,1308,3501.0,42.0,1.1996573,0.0,0.0,61.0,1.7423593,0.0,0.0,984.0,28.106255,False,False,False,True,False,False,False,False,False,0.432563997335841,singlet,pbmc3k-capture1,True,
GGAATCTGCTTAGG-1,pbmc3k-capture1,pbmc3k-public-donor,595,1513.0,35.0,2.3132849,0.0,0.0,0.0,0.0,0.0,0.0,648.0,42.828815,False,False,False,True,False,False,False,False,False,0.0436475256908516,singlet,pbmc3k-capture1,True,
GGAATCTGCTTGTT-1,pbmc3k-capture1,pbmc3k-public-donor,1181,3350.0,163.0,4.8656716,0.0,0.0,33.0,0.9850746,1.0,0.029850746,665.0,19.850746,False,False,False,True,False,False,True,False,False,0.265274698383311,singlet,pbmc3k-capture1,True,
GGAATCTGGGAGGT-1,pbmc3k-capture1,pbmc3k-public-donor,909,2668.0,21.0,0.78710645,0.0,0.0,48.0,1.7991004,0.0,0.0,1038.0,38.905544,False,False,False,True,False,False,False,False,False,0.288753117656478,singlet,pbmc3k-capture1,True,
GGAATGCTTTCTAC-1,pbmc3k-capture1,pbmc3k-public-donor,710,2254.0,34.0,1.5084294,0.0,0.0,20.0,0.88731146,0.0,0.0,934.0,41.437443,False,False,False,True,False,False,False,False,False,0.148956511788816,singlet,pbmc3k-capture1,True,
GGACAGGAAAGGGC-1,pbmc3k-capture1,pbmc3k-public-donor,821,2177.0,83.0,3.812586,0.0,0.0,10.0,0.45934772,0.0,0.0,828.0,38.033993,False,False,False,True,False,False,False,False,False,0.212424090697347,singlet,pbmc3k-capture1,True,
GGACAGGAGTGCTA-1,pbmc3k-capture1,pbmc3k-public-donor,817,2028.0,49.0,2.4161735,0.0,0.0,21.0,1.0355029,1.0,0.049309663,663.0,32.692307,False,False,False,True,False,False,True,False,False,0.206273481165027,singlet,pbmc3k-capture1,True,
GGACAGGATCTCGC-1,pbmc3k-capture1,pbmc3k-public-donor,841,2191.0,27.0,1.232314,0.0,0.0,31.0,1.4148791,0.0,0.0,803.0,36.64993,False,False,False,True,False,False,False,False,False,0.262210545824496,singlet,pbmc3k-capture1,True,
GGACCCGAAGCTAC-1,pbmc3k-capture1,pbmc3k-public-donor,1197,3323.0,54.0,1.6250376,0.0,0.0,14.0,0.42130607,0.0,0.0,820.0,24.676497,False,False,False,True,False,False,False,False,False,0.23810895166342,singlet,pbmc3k-capture1,True,
GGACCGTGCTTACT-1,pbmc3k-capture1,pbmc3k-public-donor,640,1555.0,17.0,1.0932477,0.0,0.0,19.0,1.2218649,0.0,0.0,344.0,22.122187,False,False,False,True,False,False,False,False,False,0.0480102170442952,singlet,pbmc3k-capture1,True,
GGACCGTGGGAACG-1,pbmc3k-capture1,pbmc3k-public-donor,1425,4455.0,125.0,2.8058362,0.0,0.0,42.0,0.942761,0.0,0.0,1094.0,24.556679,False,False,False,True,False,False,False,False,True,0.240946113532327,singlet,pbmc3k-capture1,True,
GGACCGTGTAACGC-1,pbmc3k-capture1,pbmc3k-public-donor,947,2914.0,66.0,2.2649279,0.0,0.0,40.0,1.3726836,0.0,0.0,1246.0,42.759094,False,False,False,True,False,False,False,False,False,0.273753740187596,singlet,pbmc3k-capture1,True,
GGACCTCTGTAAGA-1,pbmc3k-capture1,pbmc3k-public-donor,900,2399.0,78.0,3.2513547,0.0,0.0,17.0,0.7086286,0.0,0.0,424.0,17.67403,False,False,False,True,False,False,False,False,False,0.115638434652468,singlet,pbmc3k-capture1,True,
GGACCTCTTTTCTG-1,pbmc3k-capture1,pbmc3k-public-donor,852,2024.0,62.0,3.063241,0.0,0.0,15.0,0.74110675,0.0,0.0,632.0,31.225296,False,False,False,True,False,False,False,False,False,0.29200492563742,singlet,pbmc3k-capture1,True,
GGACGAGAGTGTCA-1,pbmc3k-capture1,pbmc3k-public-donor,460,930.0,24.0,2.580645,0.0,0.0,7.0,0.75268817,0.0,0.0,170.0,18.27957,True,True,False,False,False,False,False,False,False,,not_called_core_qc_fail,pbmc3k-capture1,False,fails_low_genes;fails_low_umis
GGACGCTGACGCAT-1,pbmc3k-capture1,pbmc3k-public-donor,1100,3051.0,87.0,2.851524,0.0,0.0,20.0,0.65552276,0.0,0.0,1000.0,32.77614,False,False,False,True,False,False,False,False,False,0.401705721259458,singlet,pbmc3k-capture1,True,
GGACGCTGCTAGCA-1,pbmc3k-capture1,pbmc3k-public-donor,824,3129.0,62.0,1.9814637,0.0,0.0,25.0,0.7989774,0.0,0.0,1552.0,49.600513,False,False,False,True,False,False,False,False,False,0.234661902376509,singlet,pbmc3k-capture1,True,
GGACGCTGTCCTCG-1,pbmc3k-capture1,pbmc3k-public-donor,780,1529.0,21.0,1.3734467,0.0,0.0,12.0,0.78482664,0.0,0.0,268.0,17.527796,False,False,False,True,False,False,False,False,False,0.109959184958818,singlet,pbmc3k-capture1,True,
GGAGAGACGTGAGG-1,pbmc3k-capture1,pbmc3k-public-donor,932,2677.0,43.0,1.6062757,0.0,0.0,49.0,1.8304073,0.0,0.0,1041.0,38.886814,False,False,False,True,False,False,False,False,False,0.614400320585525,doublet,pbmc3k-capture1,False,scDblFinder_doublet
GGAGCAGATTCAGG-1,pbmc3k-capture1,pbmc3k-public-donor,542,1324.0,36.0,2.7190332,0.0,0.0,21.0,1.5861027,0.0,0.0,526.0,39.728096,False,False,False,True,False,False,False,False,False,0.0614329324880447,singlet,pbmc3k-capture1,True,
GGAGCCACCTTCTA-1,pbmc3k-capture1,pbmc3k-public-donor,1137,3351.0,53.0,1.5816175,0.0,0.0,17.0,0.5073112,0.0,0.0,1191.0,35.54163,False,False,False,True,False,False,False,False,False,0.327809444084392,singlet,pbmc3k-capture1,True,
GGAGCGCTACGCAT-1,pbmc3k-capture1,pbmc3k-public-donor,1225,3766.0,56.0,1.4869888,0.0,0.0,46.0,1.2214552,1.0,0.026553372,826.0,21.933086,False,False,False,True,False,False,True,False,False,0.268496867265254,singlet,pbmc3k-capture1,True,
GGAGCGCTCCGAAT-1,pbmc3k-capture1,pbmc3k-public-donor,997,3246.0,38.0,1.1706716,0.0,0.0,26.0,0.8009858,1.0,0.030807147,1367.0,42.11337,False,False,False,True,False,False,True,False,False,0.359633981200899,singlet,pbmc3k-capture1,True,
GGAGGATGCCACCT-1,pbmc3k-capture1,pbmc3k-public-donor,572,1585.0,15.0,0.9463723,0.0,0.0,1.0,0.06309148,0.0,0.0,692.0,43.659306,False,False,False,True,False,False,False,False,False,0.0768475457792895,singlet,pbmc3k-capture1,True,
GGAGGATGGTTGAC-1,pbmc3k-capture1,pbmc3k-public-donor,780,1792.0,36.0,2.0089285,0.0,0.0,13.0,0.7254464,0.0,0.0,338.0,18.861607,False,False,False,True,False,False,False,False,False,0.253325562728033,singlet,pbmc3k-capture1,True,
GGAGGATGTCAGTG-1,pbmc3k-capture1,pbmc3k-public-donor,765,2009.0,47.0,2.3394725,0.0,0.0,19.0,0.9457442,0.0,0.0,366.0,18.21802,False,False,False,True,False,False,False,False,False,0.263442660910194,singlet,pbmc3k-capture1,True,
GGAGGCCTCGTTGA-1,pbmc3k-capture1,pbmc3k-public-donor,906,1941.0,31.0,1.5971148,0.0,0.0,4.0,0.20607933,0.0,0.0,387.0,19.938177,False,False,False,True,False,False,False,False,False,0.140115639805212,singlet,pbmc3k-capture1,True,
GGAGGCCTTTCTTG-1,pbmc3k-capture1,pbmc3k-public-donor,793,2408.0,51.0,2.1179402,0.0,0.0,25.0,1.038206,1.0,0.04152824,1061.0,44.061462,False,False,False,True,False,False,True,False,False,0.190198576601258,singlet,pbmc3k-capture1,True,
GGAGGTGATACGCA-1,pbmc3k-capture1,pbmc3k-public-donor,753,2326.0,51.0,2.1926053,0.0,0.0,22.0,0.9458298,0.0,0.0,1046.0,44.969906,False,False,False,True,False,False,False,False,False,0.253049663323585,singlet,pbmc3k-capture1,True,
GGAGGTGATCGCTC-1,pbmc3k-capture1,pbmc3k-public-donor,772,1813.0,35.0,1.9305018,0.0,0.0,24.0,1.3237728,0.0,0.0,577.0,31.825703,False,False,False,True,False,False,False,False,False,0.309714123762542,singlet,pbmc3k-capture1,True,
GGATACTGCAGCTA-1,pbmc3k-capture1,pbmc3k-public-donor,854,2652.0,46.0,1.7345401,0.0,0.0,11.0,0.41478133,0.0,0.0,1168.0,44.042233,False,False,False,True,False,False,False,False,False,0.173654853096188,singlet,pbmc3k-capture1,True,
GGATACTGTCTAGG-1,pbmc3k-capture1,pbmc3k-public-donor,936,2715.0,37.0,1.3627993,0.0,0.0,37.0,1.3627993,0.0,0.0,1088.0,40.073666,False,False,False,True,False,False,False,False,False,0.170042893867763,singlet,pbmc3k-capture1,True,
GGATAGCTCGTCTC-1,pbmc3k-capture1,pbmc3k-public-donor,1048,3054.0,56.0,1.8336607,0.0,0.0,18.0,0.589391,0.0,0.0,1170.0,38.310413,False,False,False,True,False,False,False,False,False,0.333156827024701,singlet,pbmc3k-capture1,True,
GGATAGCTCTGAAC-1,pbmc3k-capture1,pbmc3k-public-donor,819,2053.0,64.0,3.1173892,0.0,0.0,9.0,0.43838286,0.0,0.0,732.0,35.655136,False,False,False,True,False,False,False,False,False,0.374509176955826,singlet,pbmc3k-capture1,True,
GGATGTACCAAAGA-1,pbmc3k-capture1,pbmc3k-public-donor,645,1887.0,31.0,1.6428193,0.0,0.0,11.0,0.58293587,0.0,0.0,842.0,44.621094,False,False,False,True,False,False,False,False,False,0.0439929694258228,singlet,pbmc3k-capture1,True,
GGATGTACGCGAAG-1,pbmc3k-capture1,pbmc3k-public-donor,619,1595.0,25.0,1.5673982,0.0,0.0,3.0,0.18808778,0.0,0.0,665.0,41.69279,False,False,False,True,False,False,False,False,False,0.0906508387996377,singlet,pbmc3k-capture1,True,
GGATGTACGTCTTT-1,pbmc3k-capture1,pbmc3k-public-donor,314,562.0,17.0,3.024911,0.0,0.0,4.0,0.7117438,0.0,0.0,124.0,22.064056,True,True,False,False,False,False,False,False,False,,not_called_core_qc_fail,pbmc3k-capture1,False,fails_low_genes;fails_low_umis
GGATGTACGTGTCA-1,pbmc3k-capture1,pbmc3k-public-donor,726,1638.0,52.0,3.1746035,0.0,0.0,3.0,0.18315019,0.0,0.0,496.0,30.280832,False,False,False,True,False,False,False,False,False,0.247545616955637,singlet,pbmc3k-capture1,True,
GGATTTCTAGGTTC-1,pbmc3k-capture1,pbmc3k-public-donor,737,1902.0,44.0,2.3133545,0.0,0.0,29.0,1.5247109,0.0,0.0,661.0,34.75289,False,False,False,True,False,False,False,False,False,0.187248999263873,singlet,pbmc3k-capture1,True,
GGATTTCTTTGTCT-1,pbmc3k-capture1,pbmc3k-public-donor,1162,3345.0,65.0,1.9431988,0.0,0.0,13.0,0.38863978,0.0,0.0,755.0,22.571001,False,False,False,True,False,False,False,False,False,0.183417511274993,singlet,pbmc3k-capture1,True,
GGCAAGGAAAAAGC-1,pbmc3k-capture1,pbmc3k-public-donor,1081,2377.0,51.0,2.1455617,0.0,0.0,6.0,0.25241902,1.0,0.042069837,363.0,15.271351,False,False,False,True,False,False,True,False,False,0.0991792782496844,singlet,pbmc3k-capture1,True,
GGCAAGGAAGAAGT-1,pbmc3k-capture1,pbmc3k-public-donor,868,2711.0,48.0,1.7705643,0.0,0.0,23.0,0.84839547,0.0,0.0,1116.0,41.16562,False,False,False,True,False,False,False,False,False,0.131582590822936,singlet,pbmc3k-capture1,True,
GGCAAGGACTTGGA-1,pbmc3k-capture1,pbmc3k-public-donor,1032,3094.0,69.0,2.2301228,0.0,0.0,9.0,0.2908856,0.0,0.0,758.0,24.499031,False,False,False,True,False,False,False,False,False,0.274094039477009,singlet,pbmc3k-capture1,True,
GGCAAGGAGGACTT-1,pbmc3k-capture1,pbmc3k-public-donor,913,2909.0,46.0,1.5812995,0.0,0.0,34.0,1.1687865,0.0,0.0,1301.0,44.723274,False,False,False,True,False,False,False,False,False,0.364933934382212,singlet,pbmc3k-capture1,True,
GGCAATACGCTAAC-1,pbmc3k-capture1,pbmc3k-public-donor,476,1078.0,35.0,3.2467532,0.0,0.0,7.0,0.64935064,0.0,0.0,372.0,34.508347,True,True,False,False,False,False,False,False,False,,not_called_core_qc_fail,pbmc3k-capture1,False,fails_low_genes;fails_low_umis
GGCAATACGGCATT-1,pbmc3k-capture1,pbmc3k-public-donor,490,1109.0,27.0,2.4346259,0.0,0.0,2.0,0.18034266,0.0,0.0,359.0,32.371506,True,True,False,False,False,False,False,False,False,,not_called_core_qc_fail,pbmc3k-capture1,False,fails_low_genes;fails_low_umis
GGCAATACGTTTCT-1,pbmc3k-capture1,pbmc3k-public-donor,799,2079.0,46.0,2.2126024,0.0,0.0,11.0,0.52910054,0.0,0.0,749.0,36.026936,False,False,False,True,False,False,False,False,False,0.0812696966241113,singlet,pbmc3k-capture1,True,
GGCACGTGGCTTAG-1,pbmc3k-capture1,pbmc3k-public-donor,1201,3600.0,48.0,1.3333334,0.0,0.0,74.0,2.0555556,0.0,0.0,713.0,19.805555,False,False,False,True,False,True,False,False,False,0.266723787278192,singlet,pbmc3k-capture1,True,
GGCACGTGTGAGAA-1,pbmc3k-capture1,pbmc3k-public-donor,2694,10359.0,182.0,1.7569263,0.0,0.0,18.0,0.17376195,3.0,0.028960325,2923.0,28.217009,False,False,False,True,False,False,True,False,True,0.376847481281293,singlet,pbmc3k-capture1,True,
GGCACTCTTTTGTC-1,pbmc3k-capture1,pbmc3k-public-donor,997,2545.0,30.0,1.178782,0.0,0.0,39.0,1.5324165,0.0,0.0,739.0,29.037329,False,False,False,True,False,False,False,False,False,0.368544835020075,singlet,pbmc3k-capture1,True,
GGCATATGCTTATC-1,pbmc3k-capture1,pbmc3k-public-donor,898,1940.0,29.0,1.4948454,0.0,0.0,7.0,0.36082476,0.0,0.0,504.0,25.979382,False,False,False,True,False,False,False,False,False,0.347092082795375,singlet,pbmc3k-capture1,True,
GGCATATGGGGAGT-1,pbmc3k-capture1,pbmc3k-public-donor,212,575.0,7.0,1.2173914,0.0,0.0,1.0,0.17391305,0.0,0.0,12.0,2.0869565,True,True,False,False,False,False,False,False,False,,not_called_core_qc_fail,pbmc3k-capture1,False,fails_low_genes;fails_low_umis
GGCATATGTGTGAC-1,pbmc3k-capture1,pbmc3k-public-donor,1586,5305.0,144.0,2.7144203,0.0,0.0,30.0,0.56550425,0.0,0.0,1698.0,32.007538,False,False,False,True,False,False,False,False,True,0.549473160503577,doublet,pbmc3k-capture1,False,scDblFinder_doublet
GGCCACGACAGAGG-1,pbmc3k-capture1,pbmc3k-public-donor,427,891.0,27.0,3.030303,0.0,0.0,26.0,2.9180696,0.0,0.0,246.0,27.609428,True,True,False,False,False,True,False,False,False,,not_called_core_qc_fail,pbmc3k-capture1,False,fails_low_genes;fails_low_umis
GGCCAGACTGGTTG-1,pbmc3k-capture1,pbmc3k-public-donor,947,2564.0,43.0,1.677067,0.0,0.0,15.0,0.5850234,0.0,0.0,1001.0,39.04056,False,False,False,True,False,False,False,False,False,0.398778476923365,singlet,pbmc3k-capture1,True,
GGCCCAGAAAGTAG-1,pbmc3k-capture1,pbmc3k-public-donor,937,2686.0,29.0,1.0796723,0.0,0.0,55.0,2.0476544,0.0,0.0,633.0,23.566643,False,False,False,True,False,True,False,False,False,0.267278347443937,singlet,pbmc3k-capture1,True,
GGCCGAACAACGAA-1,pbmc3k-capture1,pbmc3k-public-donor,724,2354.0,61.0,2.5913339,0.0,0.0,19.0,0.8071368,0.0,0.0,1084.0,46.04928,False,False,False,True,False,False,False,False,False,0.200981091589966,singlet,pbmc3k-capture1,True,
GGCCGAACGCAGAG-1,pbmc3k-capture1,pbmc3k-public-donor,380,837.0,30.0,3.5842295,0.0,0.0,18.0,2.1505377,0.0,0.0,272.0,32.497013,True,True,False,False,False,True,False,False,False,,not_called_core_qc_fail,pbmc3k-capture1,False,fails_low_genes;fails_low_umis
GGCCGAACGTAGGG-1,pbmc3k-capture1,pbmc3k-public-donor,715,1809.0,38.0,2.100608,0.0,0.0,10.0,0.5527916,0.0,0.0,696.0,38.474293,False,False,False,True,False,False,False,False,False,0.153061643381226,singlet,pbmc3k-capture1,True,
GGCCGAACTCTAGG-1,pbmc3k-capture1,pbmc3k-public-donor,739,1494.0,9.0,0.6024096,0.0,0.0,6.0,0.4016064,0.0,0.0,274.0,18.340027,False,False,False,True,False,False,False,False,False,0.0632284687607721,singlet,pbmc3k-capture1,True,
GGCCGATGCAGGAG-1,pbmc3k-capture1,pbmc3k-public-donor,931,2878.0,41.0,1.4246005,0.0,0.0,17.0,0.590688,0.0,0.0,1202.0,41.765114,False,False,False,True,False,False,False,False,False,0.351925984347789,singlet,pbmc3k-capture1,True,
GGCCGATGCCGAAT-1,pbmc3k-capture1,pbmc3k-public-donor,973,2616.0,35.0,1.3379205,0.0,0.0,3.0,0.1146789,0.0,0.0,931.0,35.588684,False,False,False,True,False,False,False,False,False,0.299319340948265,singlet,pbmc3k-capture1,True,
GGCCGATGTACTCT-1,pbmc3k-capture1,pbmc3k-public-donor,773,2608.0,63.0,2.4156442,0.0,0.0,7.0,0.2684049,0.0,0.0,1236.0,47.39264,False,False,False,True,False,False,False,False,False,0.248582332153121,singlet,pbmc3k-capture1,True,
GGCGACACTGCCCT-1,pbmc3k-capture1,pbmc3k-public-donor,1497,4441.0,78.0,1.7563611,0.0,0.0,54.0,1.2159424,0.0,0.0,1417.0,31.907228,False,False,False,True,False,False,False,False,True,0.647954571302561,doublet,pbmc3k-capture1,False,scDblFinder_doublet
GGCGACTGCGTAAC-1,pbmc3k-capture1,pbmc3k-public-donor,906,2524.0,18.0,0.7131537,0.0,0.0,20.0,0.79239297,0.0,0.0,920.0,36.45008,False,False,False,True,False,False,False,False,False,0.24846091894019,singlet,pbmc3k-capture1,True,
GGCGCATGCCTAAG-1,pbmc3k-capture1,pbmc3k-public-donor,798,2096.0,43.0,2.0515268,0.0,0.0,7.0,0.33396944,0.0,0.0,338.0,16.125956,False,False,False,True,False,False,False,False,False,0.0902402529502481,singlet,pbmc3k-capture1,True,
GGCGCATGCTCCAC-1,pbmc3k-capture1,pbmc3k-public-donor,953,2535.0,18.0,0.71005917,0.0,0.0,15.0,0.591716,0.0,0.0,995.0,39.250492,False,False,False,True,False,False,False,False,False,0.530201628506959,doublet,pbmc3k-capture1,False,scDblFinder_doublet
GGCGCATGTGGAAA-1,pbmc3k-capture1,pbmc3k-public-donor,471,1201.0,8.0,0.6661116,0.0,0.0,13.0,1.0824313,0.0,0.0,515.0,42.88093,True,False,False,False,False,False,False,False,False,,not_called_core_qc_fail,pbmc3k-capture1,False,fails_low_genes
GGCGGACTAGAGGC-1,pbmc3k-capture1,pbmc3k-public-donor,821,1760.0,30.0,1.7045455,0.0,0.0,34.0,1.9318182,0.0,0.0,478.0,27.159092,False,False,False,True,False,True,False,False,False,0.22621513195009,singlet,pbmc3k-capture1,True,
GGCGGACTAGGAGC-1,pbmc3k-capture1,pbmc3k-public-donor,806,1975.0,33.0,1.670886,0.0,0.0,14.0,0.70886075,0.0,0.0,555.0,28.101265,False,False,False,True,False,False,False,False,False,0.27302289841956,singlet,pbmc3k-capture1,True,
GGCGGACTCTGACA-1,pbmc3k-capture1,pbmc3k-public-donor,714,2076.0,31.0,1.4932562,0.0,0.0,21.0,1.0115607,0.0,0.0,943.0,45.423893,False,False,False,True,False,False,False,False,False,0.0563583864519398,singlet,pbmc3k-capture1,True,
GGCGGACTCTTGGA-1,pbmc3k-capture1,pbmc3k-public-donor,828,1934.0,65.0,3.36091,0.0,0.0,24.0,1.2409514,0.0,0.0,468.0,24.198553,False,False,False,True,False,False,False,False,False,0.229920286672999,singlet,pbmc3k-capture1,True,
GGCGGACTTACTGG-1,pbmc3k-capture1,pbmc3k-public-donor,727,2404.0,76.0,3.1613975,0.0,0.0,36.0,1.4975041,0.0,0.0,1128.0,46.921795,False,False,False,True,False,False,False,False,False,0.0615772263884059,singlet,pbmc3k-capture1,True,
GGCGGACTTGAACC-1,pbmc3k-capture1,pbmc3k-public-donor,773,2112.0,34.0,1.6098485,0.0,0.0,21.0,0.9943182,0.0,0.0,876.0,41.477272,False,False,False,True,False,False,False,False,False,0.244155494246284,singlet,pbmc3k-capture1,True,
GGCTAAACACCTGA-1,pbmc3k-capture1,pbmc3k-public-donor,976,2434.0,13.0,0.53410023,3.0,0.123253904,12.0,0.49301562,0.0,0.0,755.0,31.018898,False,False,False,True,True,False,False,False,False,0.344416020363341,singlet,pbmc3k-capture1,True,
GGCTAAACTCTTAC-1,pbmc3k-capture1,pbmc3k-public-donor,856,2667.0,45.0,1.687289,0.0,0.0,37.0,1.3873266,0.0,0.0,1102.0,41.319836,False,False,False,True,False,False,False,False,False,0.200331920266246,singlet,pbmc3k-capture1,True,
GGCTAATGAGCACT-1,pbmc3k-capture1,pbmc3k-public-donor,727,1650.0,31.0,1.878788,0.0,0.0,20.0,1.2121211,0.0,0.0,434.0,26.303028,False,False,False,True,False,False,False,False,False,0.222145923273022,singlet,pbmc3k-capture1,True,
GGCTAATGGTCTAG-1,pbmc3k-capture1,pbmc3k-public-donor,761,2255.0,47.0,2.0842574,0.0,0.0,12.0,0.5321508,0.0,0.0,1025.0,45.454548,False,False,False,True,False,False,False,False,False,0.156063162770172,singlet,pbmc3k-capture1,True,
GGCTCACTACTCAG-1,pbmc3k-capture1,pbmc3k-public-donor,1084,3516.0,67.0,1.9055744,0.0,0.0,62.0,1.7633674,0.0,0.0,911.0,25.910124,False,False,False,True,False,False,False,False,False,0.33197957942915,singlet,pbmc3k-capture1,True,
GGGAACGAAGCTCA-1,pbmc3k-capture1,pbmc3k-public-donor,1557,4322.0,108.0,2.4988432,0.0,0.0,14.0,0.32392412,0.0,0.0,590.0,13.651088,False,False,False,True,False,False,False,False,False,0.211184498957674,singlet,pbmc3k-capture1,True,
GGGAACGACACAAC-1,pbmc3k-capture1,pbmc3k-public-donor,693,1713.0,32.0,1.8680677,0.0,0.0,28.0,1.6345593,0.0,0.0,614.0,35.843548,False,False,False,True,False,False,False,False,False,0.217860158240542,singlet,pbmc3k-capture1,True,
GGGAACGAGTGTCA-1,pbmc3k-capture1,pbmc3k-public-donor,559,1149.0,26.0,2.2628372,0.0,0.0,7.0,0.6092254,0.0,0.0,172.0,14.969538,False,False,False,True,False,False,False,False,False,0.0596493440308731,singlet,pbmc3k-capture1,True,
GGGAAGTGTTGAGC-1,pbmc3k-capture1,pbmc3k-public-donor,627,1555.0,67.0,4.3086815,0.0,0.0,35.0,2.2508037,0.0,0.0,271.0,17.427652,False,False,False,True,False,True,False,False,False,0.0373713887462091,singlet,pbmc3k-capture1,True,
GGGACCACACGTTG-1,pbmc3k-capture1,pbmc3k-public-donor,795,1863.0,49.0,2.6301663,0.0,0.0,7.0,0.37573805,1.0,0.053676862,490.0,26.301664,False,False,False,True,False,False,True,False,False,0.235322759264682,singlet,pbmc3k-capture1,True,
GGGACCACAGAACA-1,pbmc3k-capture1,pbmc3k-public-donor,750,2091.0,49.0,2.3433764,0.0,0.0,18.0,0.86083215,0.0,0.0,896.0,42.85031,False,False,False,True,False,False,False,False,False,0.168826843146979,singlet,pbmc3k-capture1,True,
GGGACCACGAATAG-1,pbmc3k-capture1,pbmc3k-public-donor,838,2385.0,30.0,1.2578616,0.0,0.0,26.0,1.0901468,0.0,0.0,941.0,39.45493,False,False,False,True,False,False,False,False,False,0.218659224251082,singlet,pbmc3k-capture1,True,
GGGACCACGTCATG-1,pbmc3k-capture1,pbmc3k-public-donor,803,2564.0,53.0,2.0670826,0.0,0.0,3.0,0.11700468,0.0,0.0,1179.0,45.98284,False,False,False,True,False,False,False,False,False,0.182987225561649,singlet,pbmc3k-capture1,True,
GGGACCACTCAAGC-1,pbmc3k-capture1,pbmc3k-public-donor,453,1064.0,18.0,1.6917294,0.0,0.0,8.0,0.7518797,0.0,0.0,417.0,39.19173,True,True,False,False,False,False,False,False,False,,not_called_core_qc_fail,pbmc3k-capture1,False,fails_low_genes;fails_low_umis
GGGACCACTCGTGA-1,pbmc3k-capture1,pbmc3k-public-donor,734,2291.0,52.0,2.2697513,0.0,0.0,25.0,1.0912266,0.0,0.0,952.0,41.553905,False,False,False,True,False,False,False,False,False,0.154242732721366,singlet,pbmc3k-capture1,True,
GGGACCACTGCATG-1,pbmc3k-capture1,pbmc3k-public-donor,607,1933.0,33.0,1.7071909,0.0,0.0,26.0,1.3450595,0.0,0.0,908.0,46.973618,False,False,False,True,False,False,False,False,False,0.0567932074995824,singlet,pbmc3k-capture1,True,
GGGACCTGACCCTC-1,pbmc3k-capture1,pbmc3k-public-donor,1029,3080.0,54.0,1.7532468,0.0,0.0,28.0,0.9090909,0.0,0.0,813.0,26.396105,False,False,False,True,False,False,False,False,False,0.254419226066379,singlet,pbmc3k-capture1,True,
GGGACCTGCTTGCC-1,pbmc3k-capture1,pbmc3k-public-donor,805,2340.0,46.0,1.9658121,0.0,0.0,30.0,1.2820513,1.0,0.042735044,1057.0,45.17094,False,False,False,True,False,False,True,False,False,0.101330264791924,singlet,pbmc3k-capture1,True,
GGGACCTGTGGAGG-1,pbmc3k-capture1,pbmc3k-public-donor,669,1762.0,57.0,3.23496,0.0,0.0,14.0,0.7945516,0.0,0.0,672.0,38.138477,False,False,False,True,False,False,False,False,False,0.0670272585920036,singlet,pbmc3k-capture1,True,
GGGATGGACGACAT-1,pbmc3k-capture1,pbmc3k-public-donor,505,1309.0,14.0,1.0695187,0.0,0.0,8.0,0.61115354,0.0,0.0,571.0,43.621082,False,False,False,True,False,False,False,False,False,0.0332700340981138,singlet,pbmc3k-capture1,True,
GGGATGGATACTTC-1,pbmc3k-capture1,pbmc3k-public-donor,858,2272.0,63.0,2.7728872,0.0,0.0,30.0,1.3204225,0.0,0.0,695.0,30.589788,False,False,False,True,False,False,False,False,False,0.189010091841837,singlet,pbmc3k-capture1,True,
GGGATGGATGGTTG-1,pbmc3k-capture1,pbmc3k-public-donor,832,2068.0,49.0,2.3694391,0.0,0.0,16.0,0.7736944,0.0,0.0,447.0,21.615086,False,False,False,True,False,False,False,False,False,0.169443645587038,singlet,pbmc3k-capture1,True,
GGGATTACGTCTAG-1,pbmc3k-capture1,pbmc3k-public-donor,1019,3001.0,56.0,1.8660446,0.0,0.0,38.0,1.2662446,1.0,0.033322226,1232.0,41.052982,False,False,False,True,False,False,True,False,False,0.504237384329964,doublet,pbmc3k-capture1,False,scDblFinder_doublet
GGGCAAGATGCATG-1,pbmc3k-capture1,pbmc3k-public-donor,585,1424.0,34.0,2.3876405,0.0,0.0,15.0,1.0533708,0.0,0.0,323.0,22.682585,False,False,False,True,False,False,False,False,False,0.0758150902063231,singlet,pbmc3k-capture1,True,
GGGCACACGGTGAG-1,pbmc3k-capture1,pbmc3k-public-donor,1225,4258.0,147.0,3.4523249,0.0,0.0,32.0,0.75152653,0.0,0.0,1380.0,32.40958,False,False,False,True,False,False,False,False,False,0.771538647418829,doublet,pbmc3k-capture1,False,scDblFinder_doublet
GGGCACACGTTGCA-1,pbmc3k-capture1,pbmc3k-public-donor,1287,4082.0,85.0,2.0823126,0.0,0.0,55.0,1.3473787,0.0,0.0,1621.0,39.710926,False,False,False,True,False,False,False,False,False,0.52442538397733,doublet,pbmc3k-capture1,False,scDblFinder_doublet
GGGCAGCTTGGGAG-1,pbmc3k-capture1,pbmc3k-public-donor,903,2246.0,55.0,2.4487977,0.0,0.0,32.0,1.4247551,0.0,0.0,763.0,33.971508,False,False,False,True,False,False,False,False,False,0.291094232060052,singlet,pbmc3k-capture1,True,
GGGCAGCTTTTCTG-1,pbmc3k-capture1,pbmc3k-public-donor,752,2333.0,37.0,1.5859408,0.0,0.0,46.0,1.9717103,0.0,0.0,1010.0,43.2919,False,False,False,True,False,True,False,False,False,0.183799776319005,singlet,pbmc3k-capture1,True,
GGGCCAACCTTGGA-1,pbmc3k-capture1,pbmc3k-public-donor,2020,8424.0,89.0,1.0565052,0.0,0.0,42.0,0.49857548,0.0,0.0,2348.0,27.872744,False,False,False,True,False,False,False,False,True,0.262347988641868,singlet,pbmc3k-capture1,True,
GGGCCAACGCGTTA-1,pbmc3k-capture1,pbmc3k-public-donor,774,2178.0,56.0,2.571166,0.0,0.0,14.0,0.6427915,0.0,0.0,895.0,41.092743,False,False,False,True,False,False,False,False,False,0.112948297438806,singlet,pbmc3k-capture1,True,
GGGCCAACTACGCA-1,pbmc3k-capture1,pbmc3k-public-donor,666,1435.0,37.0,2.5783973,0.0,0.0,20.0,1.3937283,0.0,0.0,261.0,18.188152,False,False,False,True,False,False,False,False,False,0.161519726557205,singlet,pbmc3k-capture1,True,
GGGCCAACTCCAAG-1,pbmc3k-capture1,pbmc3k-public-donor,843,2440.0,45.0,1.8442624,0.0,0.0,8.0,0.32786885,1.0,0.040983606,1078.0,44.18033,False,False,False,True,False,False,True,False,False,0.0884449630407345,singlet,pbmc3k-capture1,True,
GGGCCATGATGGTC-1,pbmc3k-capture1,pbmc3k-public-donor,857,2486.0,83.0,3.3386967,0.0,0.0,65.0,2.614642,0.0,0.0,946.0,38.053097,False,False,False,True,False,True,False,False,False,0.282734271415554,singlet,pbmc3k-capture1,True,
GGGCCATGTTGACG-1,pbmc3k-capture1,pbmc3k-public-donor,887,2262.0,37.0,1.6357206,0.0,0.0,33.0,1.458886,0.0,0.0,659.0,29.13351,False,False,False,True,False,False,False,False,False,0.208520939618537,singlet,pbmc3k-capture1,True,
GGGTAACTCAGCTA-1,pbmc3k-capture1,pbmc3k-public-donor,1082,3430.0,71.0,2.0699708,0.0,0.0,16.0,0.46647227,1.0,0.029154517,1448.0,42.215744,False,False,False,True,False,False,True,False,False,0.295391436875882,singlet,pbmc3k-capture1,True,
GGGTAACTCTAGTG-1,pbmc3k-capture1,pbmc3k-public-donor,656,1773.0,27.0,1.5228426,0.0,0.0,24.0,1.3536379,0.0,0.0,645.0,36.379017,False,False,False,True,False,False,False,False,False,0.0787423404602619,singlet,pbmc3k-capture1,True,
GGGTAACTCTGGAT-1,pbmc3k-capture1,pbmc3k-public-donor,674,1948.0,38.0,1.9507186,0.0,0.0,9.0,0.46201232,0.0,0.0,887.0,45.533882,False,False,False,True,False,False,False,False,False,0.153563283937106,singlet,pbmc3k-capture1,True,
GGGTTAACGTGCAT-1,pbmc3k-capture1,pbmc3k-public-donor,911,1815.0,30.0,1.6528925,0.0,0.0,9.0,0.49586776,0.0,0.0,288.0,15.867768,False,False,False,True,False,False,False,False,False,0.139099007661005,singlet,pbmc3k-capture1,True,
GGTAAAGAGCTAAC-1,pbmc3k-capture1,pbmc3k-public-donor,734,1614.0,51.0,3.1598513,0.0,0.0,9.0,0.5576208,0.0,0.0,391.0,24.225527,False,False,False,True,False,False,False,False,False,0.159818976315523,singlet,pbmc3k-capture1,True,
GGTACAACTGCAAC-1,pbmc3k-capture1,pbmc3k-public-donor,910,2655.0,18.0,0.6779661,0.0,0.0,39.0,1.4689265,0.0,0.0,1101.0,41.468925,False,False,False,True,False,False,False,False,False,0.300909519835751,singlet,pbmc3k-capture1,True,
GGTACATGAAAGCA-1,pbmc3k-capture1,pbmc3k-public-donor,672,1699.0,37.0,2.1777515,0.0,0.0,15.0,0.8828723,0.0,0.0,648.0,38.140083,False,False,False,True,False,False,False,False,False,0.137001081323378,singlet,pbmc3k-capture1,True,
GGTACATGAGCTCA-1,pbmc3k-capture1,pbmc3k-public-donor,802,1753.0,16.0,0.9127211,0.0,0.0,13.0,0.74158585,1.0,0.05704507,594.0,33.88477,False,False,False,True,False,False,True,False,False,0.335040032371022,singlet,pbmc3k-capture1,True,
GGTACATGCGGTAT-1,pbmc3k-capture1,pbmc3k-public-donor,539,1373.0,24.0,1.747997,0.0,0.0,5.0,0.36416605,0.0,0.0,588.0,42.825928,False,False,False,True,False,False,False,False,False,0.14152668277772,singlet,pbmc3k-capture1,True,
GGTACATGGTTACG-1,pbmc3k-capture1,pbmc3k-public-donor,699,1930.0,28.0,1.4507773,0.0,0.0,13.0,0.67357516,0.0,0.0,892.0,46.217617,False,False,False,True,False,False,False,False,False,0.171522739935676,singlet,pbmc3k-capture1,True,
GGTACATGTGGGAG-1,pbmc3k-capture1,pbmc3k-public-donor,941,2747.0,64.0,2.3298144,0.0,0.0,33.0,1.2013105,0.0,0.0,1051.0,38.259922,False,False,False,True,False,False,False,False,False,0.3007454700827,singlet,pbmc3k-capture1,True,
GGTACTGAACTCTT-1,pbmc3k-capture1,pbmc3k-public-donor,828,2050.0,58.0,2.8292682,0.0,0.0,25.0,1.2195121,0.0,0.0,471.0,22.97561,False,False,False,True,False,False,False,False,False,0.129436980411156,singlet,pbmc3k-capture1,True,
GGTAGTACACCACA-1,pbmc3k-capture1,pbmc3k-public-donor,800,2290.0,60.0,2.6200874,0.0,0.0,8.0,0.349345,0.0,0.0,978.0,42.707424,False,False,False,True,False,False,False,False,False,0.325931575119943,singlet,pbmc3k-capture1,True,
GGTAGTACACTAGC-1,pbmc3k-capture1,pbmc3k-public-donor,642,1655.0,50.0,3.021148,0.0,0.0,13.0,0.7854985,0.0,0.0,516.0,31.178247,False,False,False,True,False,False,False,False,False,0.151203645643508,singlet,pbmc3k-capture1,True,
GGTAGTACCCTGTC-1,pbmc3k-capture1,pbmc3k-public-donor,733,2091.0,41.0,1.9607844,0.0,0.0,35.0,1.6738404,0.0,0.0,841.0,40.21999,False,False,False,True,False,False,False,False,False,0.1984361370381,singlet,pbmc3k-capture1,True,
GGTAGTACGCCATA-1,pbmc3k-capture1,pbmc3k-public-donor,607,1347.0,21.0,1.55902,0.0,0.0,15.0,1.1135857,0.0,0.0,275.0,20.41574,False,False,False,True,False,False,False,False,False,0.0447569637679208,singlet,pbmc3k-capture1,True,
GGTAGTACTGTCTT-1,pbmc3k-capture1,pbmc3k-public-donor,992,2748.0,34.0,1.2372634,0.0,0.0,27.0,0.98253274,1.0,0.036390103,1029.0,37.445415,False,False,False,True,False,False,True,False,False,0.390896196703845,singlet,pbmc3k-capture1,True,
GGTATCGAGACAAA-1,pbmc3k-capture1,pbmc3k-public-donor,379,809.0,15.0,1.8541409,0.0,0.0,11.0,1.3597033,0.0,0.0,277.0,34.239803,True,True,False,False,False,False,False,False,False,,not_called_core_qc_fail,pbmc3k-capture1,False,fails_low_genes;fails_low_umis
GGTATCGATGAACC-1,pbmc3k-capture1,pbmc3k-public-donor,562,1508.0,31.0,2.055703,0.0,0.0,3.0,0.198939,0.0,0.0,717.0,47.54642,False,False,False,True,False,False,False,False,False,0.0483781232630565,singlet,pbmc3k-capture1,True,
GGTCAAACCAAAGA-1,pbmc3k-capture1,pbmc3k-public-donor,847,2392.0,27.0,1.1287626,0.0,0.0,46.0,1.923077,0.0,0.0,921.0,38.503345,False,False,False,True,False,True,False,False,False,0.322494263033216,singlet,pbmc3k-capture1,True,
GGTCTAGAGAAACA-1,pbmc3k-capture1,pbmc3k-public-donor,787,2333.0,66.0,2.8289757,0.0,0.0,28.0,1.2001715,0.0,0.0,623.0,26.703814,False,False,False,True,False,False,False,False,False,0.0620353925726366,singlet,pbmc3k-capture1,True,
GGTCTAGATAGCGT-1,pbmc3k-capture1,pbmc3k-public-donor,1461,4661.0,56.0,1.2014589,0.0,0.0,35.0,0.75091183,1.0,0.021454623,923.0,19.802618,False,False,False,True,False,False,True,False,True,0.259882778979898,singlet,pbmc3k-capture1,True,
GGTGATACCGACTA-1,pbmc3k-capture1,pbmc3k-public-donor,732,1698.0,42.0,2.4734983,0.0,0.0,18.0,1.0600706,0.0,0.0,608.0,35.80683,False,False,False,True,False,False,False,False,False,0.191925353579892,singlet,pbmc3k-capture1,True,
GGTGATACGACTAC-1,pbmc3k-capture1,pbmc3k-public-donor,941,2717.0,39.0,1.4354067,0.0,0.0,14.0,0.51527417,1.0,0.036805302,704.0,25.910933,False,False,False,True,False,False,True,False,False,0.228543516488587,singlet,pbmc3k-capture1,True,
GGTGATACTGTTTC-1,pbmc3k-capture1,pbmc3k-public-donor,785,2084.0,25.0,1.1996161,0.0,0.0,22.0,1.0556622,0.0,0.0,805.0,38.62764,False,False,False,True,False,False,False,False,False,0.231757840282864,singlet,pbmc3k-capture1,True,
GGTGGAGAAACGGG-1,pbmc3k-capture1,pbmc3k-public-donor,696,1397.0,24.0,1.717967,0.0,0.0,9.0,0.64423764,0.0,0.0,398.0,28.48962,False,False,False,True,False,False,False,False,False,0.259761651709967,singlet,pbmc3k-capture1,True,
GGTGGAGAAGTAGA-1,pbmc3k-capture1,pbmc3k-public-donor,795,1898.0,32.0,1.6859852,0.0,0.0,1.0,0.052687038,0.0,0.0,605.0,31.875658,False,False,False,True,False,False,False,False,False,0.208304437495008,singlet,pbmc3k-capture1,True,
GGTGGAGACAGATC-1,pbmc3k-capture1,pbmc3k-public-donor,809,1440.0,29.0,2.0138888,0.0,0.0,15.0,1.0416667,0.0,0.0,265.0,18.402777,False,False,False,True,False,False,False,False,False,0.167837973490623,singlet,pbmc3k-capture1,True,
GGTGGAGATCGATG-1,pbmc3k-capture1,pbmc3k-public-donor,828,2297.0,48.0,2.089682,0.0,0.0,25.0,1.0883762,1.0,0.043535046,868.0,37.78842,False,False,False,True,False,False,True,False,False,0.129807333336087,singlet,pbmc3k-capture1,True,
GGTGGAGATCTCTA-1,pbmc3k-capture1,pbmc3k-public-donor,651,1836.0,45.0,2.4509804,0.0,0.0,5.0,0.27233115,0.0,0.0,517.0,28.15904,False,False,False,True,False,False,False,False,False,0.0711372605314344,singlet,pbmc3k-capture1,True,
GGTGGAGATTACTC-1,pbmc3k-capture1,pbmc3k-public-donor,882,2454.0,25.0,1.018745,0.0,0.0,4.0,0.16299918,0.0,0.0,818.0,33.333336,False,False,False,True,False,False,False,False,False,0.271779915795604,singlet,pbmc3k-capture1,True,
GGTTTACTACGCAT-1,pbmc3k-capture1,pbmc3k-public-donor,972,2346.0,53.0,2.2591646,0.0,0.0,27.0,1.1508951,0.0,0.0,694.0,29.582268,False,False,False,True,False,False,False,False,False,0.321365283211091,singlet,pbmc3k-capture1,True,
GTAACGTGACCTCC-1,pbmc3k-capture1,pbmc3k-public-donor,1323,4523.0,81.0,1.7908467,0.0,0.0,47.0,1.0391333,0.0,0.0,1032.0,22.816715,False,False,False,True,False,False,False,False,True,0.2686512112598,singlet,pbmc3k-capture1,True,
GTAACGTGATCGGT-1,pbmc3k-capture1,pbmc3k-public-donor,679,1887.0,46.0,2.4377317,0.0,0.0,11.0,0.58293587,0.0,0.0,674.0,35.71807,False,False,False,True,False,False,False,False,False,0.0768773961775104,singlet,pbmc3k-capture1,True,
GTAACGTGCAGCTA-1,pbmc3k-capture1,pbmc3k-public-donor,774,2109.0,34.0,1.6121384,0.0,0.0,11.0,0.5215742,0.0,0.0,868.0,41.156948,False,False,False,True,False,False,False,False,False,0.0524600701187921,singlet,pbmc3k-capture1,True,
GTAACGTGGTTGAC-1,pbmc3k-capture1,pbmc3k-public-donor,784,2307.0,48.0,2.080624,0.0,0.0,9.0,0.39011702,1.0,0.043346338,957.0,41.482445,False,False,False,True,False,False,True,False,False,0.20378392420569,singlet,pbmc3k-capture1,True,
GTAAGCACAACGGG-1,pbmc3k-capture1,pbmc3k-public-donor,766,2030.0,17.0,0.83743846,0.0,0.0,22.0,1.0837438,0.0,0.0,810.0,39.901478,False,False,False,True,False,False,False,False,False,0.185069413909548,singlet,pbmc3k-capture1,True,
GTAAGCACTCATTC-1,pbmc3k-capture1,pbmc3k-public-donor,520,1138.0,24.0,2.108963,0.0,0.0,1.0,0.08787347,0.0,0.0,447.0,39.279438,False,False,False,True,False,False,False,False,False,0.0073131544411944,singlet,pbmc3k-capture1,True,
GTAAGCTGGTACCA-1,pbmc3k-capture1,pbmc3k-public-donor,671,1450.0,42.0,2.8965518,0.0,0.0,10.0,0.6896552,0.0,0.0,328.0,22.62069,False,False,False,True,False,False,False,False,False,0.191507201696461,singlet,pbmc3k-capture1,True,
GTAATAACCTTCTA-1,pbmc3k-capture1,pbmc3k-public-donor,796,2208.0,79.0,3.5778985,0.0,0.0,23.0,1.0416667,0.0,0.0,502.0,22.735508,False,False,False,True,False,False,False,False,False,0.166016679254709,singlet,pbmc3k-capture1,True,
GTAATAACGTTGTG-1,pbmc3k-capture1,pbmc3k-public-donor,644,2118.0,54.0,2.549575,0.0,0.0,4.0,0.1888574,0.0,0.0,959.0,45.278564,False,False,False,True,False,False,False,False,False,0.115426486975699,singlet,pbmc3k-capture1,True,
GTACCCTGACAGTC-1,pbmc3k-capture1,pbmc3k-public-donor,1549,5050.0,81.0,1.6039604,0.0,0.0,50.0,0.990099,0.0,0.0,885.0,17.524752,False,False,False,True,False,False,False,False,True,0.258624879818854,singlet,pbmc3k-capture1,True,
GTACCCTGGAGCTT-1,pbmc3k-capture1,pbmc3k-public-donor,756,2350.0,39.0,1.6595745,0.0,0.0,35.0,1.4893618,0.0,0.0,1059.0,45.063828,False,False,False,True,False,False,False,False,False,0.127292608151464,singlet,pbmc3k-capture1,True,
GTACCCTGTCCTTA-1,pbmc3k-capture1,pbmc3k-public-donor,723,1631.0,30.0,1.8393623,0.0,0.0,15.0,0.91968113,0.0,0.0,441.0,27.038628,False,False,False,True,False,False,False,False,False,0.121294501274635,singlet,pbmc3k-capture1,True,
GTACCCTGTGAACC-1,pbmc3k-capture1,pbmc3k-public-donor,788,2511.0,62.0,2.4691358,0.0,0.0,36.0,1.4336917,0.0,0.0,1078.0,42.931103,False,False,False,True,False,False,False,False,False,0.27111936430439,singlet,pbmc3k-capture1,True,
GTACGTGAACGTTG-1,pbmc3k-capture1,pbmc3k-public-donor,643,1742.0,49.0,2.8128588,0.0,0.0,0.0,0.0,0.0,0.0,637.0,36.56716,False,False,False,True,False,False,False,False,False,0.187492257223125,singlet,pbmc3k-capture1,True,
GTACTTTGTCGACA-1,pbmc3k-capture1,pbmc3k-public-donor,856,2420.0,63.0,2.6033058,0.0,0.0,52.0,2.1487603,0.0,0.0,868.0,35.867767,False,False,False,True,False,True,False,False,False,0.227776226132554,singlet,pbmc3k-capture1,True,
GTAGACTGAGATGA-1,pbmc3k-capture1,pbmc3k-public-donor,825,2139.0,60.0,2.8050492,0.0,0.0,18.0,0.84151477,0.0,0.0,433.0,20.243103,False,False,False,True,False,False,False,False,False,0.200253550778345,singlet,pbmc3k-capture1,True,
GTAGACTGTATTCC-1,pbmc3k-capture1,pbmc3k-public-donor,730,2008.0,22.0,1.0956175,0.0,0.0,16.0,0.7968128,0.0,0.0,885.0,44.073704,False,False,False,True,False,False,False,False,False,0.168697604825008,singlet,pbmc3k-capture1,True,
GTAGCAACAGTCGT-1,pbmc3k-capture1,pbmc3k-public-donor,831,2232.0,44.0,1.9713262,0.0,0.0,14.0,0.6272402,0.0,0.0,585.0,26.209677,False,False,False,True,False,False,False,False,False,0.114026176711241,singlet,pbmc3k-capture1,True,
GTAGCAACCATTTC-1,pbmc3k-capture1,pbmc3k-public-donor,653,1657.0,56.0,3.3796017,0.0,0.0,21.0,1.2673507,1.0,0.06035003,418.0,25.226313,False,False,False,True,False,False,True,False,False,0.0739193783676811,singlet,pbmc3k-capture1,True,
GTAGCAACGGTAGG-1,pbmc3k-capture1,pbmc3k-public-donor,429,955.0,4.0,0.41884816,0.0,0.0,5.0,0.5235602,0.0,0.0,202.0,21.151833,True,True,False,False,False,False,False,False,False,,not_called_core_qc_fail,pbmc3k-capture1,False,fails_low_genes;fails_low_umis
GTAGCATGCACTCC-1,pbmc3k-capture1,pbmc3k-public-donor,641,1680.0,41.0,2.4404762,0.0,0.0,6.0,0.35714287,0.0,0.0,732.0,43.571426,False,False,False,True,False,False,False,False,False,0.0565803869039108,singlet,pbmc3k-capture1,True,
GTAGCATGTAAGCC-1,pbmc3k-capture1,pbmc3k-public-donor,637,1544.0,64.0,4.1450777,0.0,0.0,21.0,1.3601036,0.0,0.0,242.0,15.673574,False,False,False,True,False,False,False,False,False,0.0463258460700332,singlet,pbmc3k-capture1,True,
GTAGCCCTGACGTT-1,pbmc3k-capture1,pbmc3k-public-donor,812,2453.0,79.0,3.2205462,0.0,0.0,25.0,1.0191602,0.0,0.0,1038.0,42.31553,False,False,False,True,False,False,False,False,False,0.209293675552101,singlet,pbmc3k-capture1,True,
GTAGCTGAAGCTAC-1,pbmc3k-capture1,pbmc3k-public-donor,1527,5103.0,139.0,2.723888,0.0,0.0,35.0,0.68587106,0.0,0.0,1056.0,20.693708,False,False,False,True,False,False,False,False,True,0.283752042902927,singlet,pbmc3k-capture1,True,
GTAGCTGAATTCGG-1,pbmc3k-capture1,pbmc3k-public-donor,859,2430.0,54.0,2.2222223,0.0,0.0,33.0,1.3580247,0.0,0.0,985.0,40.53498,False,False,False,True,False,False,False,False,False,0.167263602797058,singlet,pbmc3k-capture1,True,
GTAGGTACACGGGA-1,pbmc3k-capture1,pbmc3k-public-donor,972,2858.0,49.0,1.7144856,0.0,0.0,18.0,0.62981105,0.0,0.0,770.0,26.941916,False,False,False,True,False,False,False,False,False,0.171339482223127,singlet,pbmc3k-capture1,True,
GTAGTGACCTCATT-1,pbmc3k-capture1,pbmc3k-public-donor,744,2328.0,41.0,1.7611685,0.0,0.0,14.0,0.60137457,0.0,0.0,1053.0,45.23196,False,False,False,True,False,False,False,False,False,0.184468094710684,singlet,pbmc3k-capture1,True,
GTAGTGTGAGCGGA-1,pbmc3k-capture1,pbmc3k-public-donor,869,2056.0,32.0,1.5564202,0.0,0.0,16.0,0.7782101,0.0,0.0,510.0,24.805447,False,False,False,True,False,False,False,False,False,0.354279838959065,singlet,pbmc3k-capture1,True,
GTAGTGTGAGGCGA-1,pbmc3k-capture1,pbmc3k-public-donor,508,1148.0,27.0,2.3519163,0.0,0.0,17.0,1.4808363,0.0,0.0,291.0,25.34843,False,False,False,True,False,False,False,False,False,0.0717685051512882,singlet,pbmc3k-capture1,True,
GTAGTGTGTGGTTG-1,pbmc3k-capture1,pbmc3k-public-donor,624,1969.0,17.0,0.8633824,0.0,0.0,1.0,0.050787203,0.0,0.0,998.0,50.685627,False,False,False,True,False,False,False,False,False,0.131767596320015,singlet,pbmc3k-capture1,True,
GTATCACTGGTAGG-1,pbmc3k-capture1,pbmc3k-public-donor,923,2503.0,69.0,2.756692,0.0,0.0,25.0,0.99880147,0.0,0.0,640.0,25.569317,False,False,False,True,False,False,False,False,False,0.175822205144989,singlet,pbmc3k-capture1,True,
GTATCTACAGAAGT-1,pbmc3k-capture1,pbmc3k-public-donor,976,2285.0,45.0,1.9693654,0.0,0.0,12.0,0.52516407,0.0,0.0,641.0,28.052517,False,False,False,True,False,False,False,False,False,0.194815476630358,singlet,pbmc3k-capture1,True,
GTATCTACGACGAG-1,pbmc3k-capture1,pbmc3k-public-donor,801,1939.0,33.0,1.7019082,0.0,0.0,18.0,0.92831355,0.0,0.0,594.0,30.634346,False,False,False,True,False,False,False,False,False,0.246772848984739,singlet,pbmc3k-capture1,True,
GTATCTACGTTACG-1,pbmc3k-capture1,pbmc3k-public-donor,1014,2808.0,85.0,3.0270655,0.0,0.0,34.0,1.2108262,0.0,0.0,1019.0,36.289173,False,False,False,True,False,False,False,False,False,0.269750970674313,singlet,pbmc3k-capture1,True,
GTATTAGAAACAGA-1,pbmc3k-capture1,pbmc3k-public-donor,1429,3490.0,50.0,1.4326648,0.0,0.0,23.0,0.6590258,0.0,0.0,599.0,17.163324,False,False,False,True,False,False,False,False,False,0.514589428204914,doublet,pbmc3k-capture1,False,scDblFinder_doublet
GTATTAGAGGTCTA-1,pbmc3k-capture1,pbmc3k-public-donor,586,1410.0,20.0,1.4184396,0.0,0.0,2.0,0.14184397,0.0,0.0,581.0,41.205673,False,False,False,True,False,False,False,False,False,0.138200355649414,singlet,pbmc3k-capture1,True,
GTATTCACACAGCT-1,pbmc3k-capture1,pbmc3k-public-donor,692,1806.0,54.0,2.9900334,0.0,0.0,31.0,1.7165005,0.0,0.0,670.0,37.09856,False,False,False,True,False,False,False,False,False,0.147208274688969,singlet,pbmc3k-capture1,True,
GTATTCACGGGTGA-1,pbmc3k-capture1,pbmc3k-public-donor,704,1741.0,37.0,2.1252153,0.0,0.0,16.0,0.91901207,0.0,0.0,475.0,27.28317,False,False,False,True,False,False,False,False,False,0.116133403319539,singlet,pbmc3k-capture1,True,
GTCAACGACACTGA-1,pbmc3k-capture1,pbmc3k-public-donor,1176,3629.0,65.0,1.791127,0.0,0.0,46.0,1.2675668,1.0,0.027555801,1455.0,40.09369,False,False,False,True,False,False,True,False,False,0.462845774886151,doublet,pbmc3k-capture1,False,scDblFinder_doublet
GTCAACGAGTGTAC-1,pbmc3k-capture1,pbmc3k-public-donor,806,2148.0,40.0,1.8621974,0.0,0.0,16.0,0.74487895,0.0,0.0,464.0,21.60149,False,False,False,True,False,False,False,False,False,0.213266511024359,singlet,pbmc3k-capture1,True,
GTCAACGATCAGGT-1,pbmc3k-capture1,pbmc3k-public-donor,324,555.0,37.0,6.666667,0.0,0.0,3.0,0.5405406,0.0,0.0,111.0,20.0,True,True,True,False,False,False,False,False,False,,not_called_core_qc_fail,pbmc3k-capture1,False,fails_low_genes;fails_low_umis;fails_mt
GTCAATCTACACCA-1,pbmc3k-capture1,pbmc3k-public-donor,883,2273.0,55.0,2.4197097,0.0,0.0,12.0,0.52793664,0.0,0.0,751.0,33.040035,False,False,False,True,False,False,False,False,False,0.431139860841142,singlet,pbmc3k-capture1,True,
GTCAATCTGTAGCT-1,pbmc3k-capture1,pbmc3k-public-donor,1249,3336.0,107.0,3.207434,0.0,0.0,29.0,0.8693046,0.0,0.0,960.0,28.77698,False,False,False,True,False,False,False,False,False,0.428365663545646,singlet,pbmc3k-capture1,True,
GTCAATCTTGTGGT-1,pbmc3k-capture1,pbmc3k-public-donor,765,2261.0,15.0,0.66342324,0.0,0.0,29.0,1.2826183,0.0,0.0,1091.0,48.252983,False,False,False,True,False,False,False,False,False,0.0940861482044324,singlet,pbmc3k-capture1,True,
GTCACCTGCCTCCA-1,pbmc3k-capture1,pbmc3k-public-donor,743,2127.0,22.0,1.0343206,0.0,0.0,27.0,1.2693936,0.0,0.0,902.0,42.407146,False,False,False,True,False,False,False,False,False,0.226852846682556,singlet,pbmc3k-capture1,True,
GTCACCTGTCCCGT-1,pbmc3k-capture1,pbmc3k-public-donor,907,2796.0,68.0,2.4320457,0.0,0.0,30.0,1.0729613,0.0,0.0,1196.0,42.77539,False,False,False,True,False,False,False,False,False,0.307314720217946,singlet,pbmc3k-capture1,True,
GTCATACTAATCGC-1,pbmc3k-capture1,pbmc3k-public-donor,666,1610.0,48.0,2.9813664,0.0,0.0,7.0,0.4347826,0.0,0.0,617.0,38.322983,False,False,False,True,False,False,False,False,False,0.127281303869461,singlet,pbmc3k-capture1,True,
GTCATACTGCGATT-1,pbmc3k-capture1,pbmc3k-public-donor,669,1457.0,10.0,0.6863418,0.0,0.0,3.0,0.20590255,0.0,0.0,323.0,22.16884,False,False,False,True,False,False,False,False,False,0.144695686108981,singlet,pbmc3k-capture1,True,
GTCATACTTCGCCT-1,pbmc3k-capture1,pbmc3k-public-donor,364,984.0,29.0,2.9471545,0.0,0.0,1.0,0.10162601,0.0,0.0,21.0,2.1341465,True,True,False,False,False,False,False,False,False,,not_called_core_qc_fail,pbmc3k-capture1,False,fails_low_genes;fails_low_umis
GTCATACTTTACCT-1,pbmc3k-capture1,pbmc3k-public-donor,794,1861.0,35.0,1.8807093,0.0,0.0,5.0,0.26867276,0.0,0.0,564.0,30.306286,False,False,False,True,False,False,False,False,False,0.240037825175413,singlet,pbmc3k-capture1,True,
GTCATACTTTGACG-1,pbmc3k-capture1,pbmc3k-public-donor,959,2738.0,32.0,1.1687363,0.0,0.0,43.0,1.5704894,0.0,0.0,1094.0,39.956173,False,False,False,True,False,False,False,False,False,0.240510751408398,singlet,pbmc3k-capture1,True,
GTCCAAGAAAAACG-1,pbmc3k-capture1,pbmc3k-public-donor,766,2261.0,30.0,1.3268465,0.0,0.0,27.0,1.1941619,0.0,0.0,1036.0,45.820435,False,False,False,True,False,False,False,False,False,0.13000444316757,singlet,pbmc3k-capture1,True,
GTCCACTGACCTCC-1,pbmc3k-capture1,pbmc3k-public-donor,937,3332.0,39.0,1.1704681,0.0,0.0,46.0,1.3805523,0.0,0.0,1522.0,45.67827,False,False,False,True,False,False,False,False,False,0.284430096853135,singlet,pbmc3k-capture1,True,
GTCCACTGGGTACT-1,pbmc3k-capture1,pbmc3k-public-donor,1398,4417.0,123.0,2.7846954,0.0,0.0,35.0,0.79239297,0.0,0.0,979.0,22.164366,False,False,False,True,False,False,False,False,True,0.20662405252187,singlet,pbmc3k-capture1,True,
GTCCAGCTACGGGA-1,pbmc3k-capture1,pbmc3k-public-donor,942,2634.0,33.0,1.2528473,0.0,0.0,39.0,1.4806378,0.0,0.0,1065.0,40.4328,False,False,False,True,False,False,False,False,False,0.304550809190722,singlet,pbmc3k-capture1,True,
GTCCCATGTGGTGT-1,pbmc3k-capture1,pbmc3k-public-donor,1469,4746.0,120.0,2.528445,0.0,0.0,17.0,0.35819638,0.0,0.0,1075.0,22.650654,False,False,False,True,False,False,False,False,True,0.315097997657432,singlet,pbmc3k-capture1,True,
GTCGAATGAAGGCG-1,pbmc3k-capture1,pbmc3k-public-donor,905,2120.0,47.0,2.2169812,0.0,0.0,12.0,0.5660378,1.0,0.047169812,268.0,12.641509,False,False,False,True,False,False,True,False,False,0.152318889067699,singlet,pbmc3k-capture1,True,
GTCGACCTGAATGA-1,pbmc3k-capture1,pbmc3k-public-donor,812,1550.0,32.0,2.0645163,0.0,0.0,2.0,0.12903227,0.0,0.0,320.0,20.64516,False,False,False,True,False,False,False,False,False,0.0595064848988309,singlet,pbmc3k-capture1,True,
GTCGACCTGTTCAG-1,pbmc3k-capture1,pbmc3k-public-donor,572,1836.0,36.0,1.9607844,0.0,0.0,14.0,0.7625272,0.0,0.0,865.0,47.11329,False,False,False,True,False,False,False,False,False,0.189603328436715,singlet,pbmc3k-capture1,True,
GTCGCACTTGAGAA-1,pbmc3k-capture1,pbmc3k-public-donor,1378,4067.0,67.0,1.6474059,0.0,0.0,14.0,0.34423408,0.0,0.0,1294.0,31.817064,False,False,False,True,False,False,False,False,False,0.399651408014583,singlet,pbmc3k-capture1,True,
GTCTAACTGGTCTA-1,pbmc3k-capture1,pbmc3k-public-donor,1058,3369.0,97.0,2.8791926,0.0,0.0,23.0,0.68269515,0.0,0.0,758.0,22.499258,False,False,False,True,False,False,False,False,False,0.176681944260855,singlet,pbmc3k-capture1,True,
GTCTAGGAGCTTCC-1,pbmc3k-capture1,pbmc3k-public-donor,1215,3654.0,77.0,2.1072798,0.0,0.0,26.0,0.711549,0.0,0.0,860.0,23.53585,False,False,False,True,False,False,False,False,False,0.266984118715373,singlet,pbmc3k-capture1,True,
GTGAACACACTCTT-1,pbmc3k-capture1,pbmc3k-public-donor,697,2218.0,30.0,1.3525699,0.0,0.0,8.0,0.36068532,0.0,0.0,1012.0,45.62669,False,False,False,True,False,False,False,False,False,0.106539464556213,singlet,pbmc3k-capture1,True,
GTGAACACAGATCC-1,pbmc3k-capture1,pbmc3k-public-donor,424,871.0,91.0,10.447762,0.0,0.0,5.0,0.5740528,0.0,0.0,253.0,29.047071,True,True,True,False,False,False,False,False,False,,not_called_core_qc_fail,pbmc3k-capture1,False,fails_low_genes;fails_low_umis;fails_mt
GTGAACACTCAGGT-1,pbmc3k-capture1,pbmc3k-public-donor,531,1244.0,12.0,0.9646302,0.0,0.0,16.0,1.2861736,0.0,0.0,491.0,39.46945,False,False,False,True,False,False,False,False,False,0.116989103810334,singlet,pbmc3k-capture1,True,
GTGACCCTTAAGCC-1,pbmc3k-capture1,pbmc3k-public-donor,676,1896.0,29.0,1.5295359,0.0,0.0,18.0,0.94936705,0.0,0.0,655.0,34.546413,False,False,False,True,False,False,False,False,False,0.267286486512337,singlet,pbmc3k-capture1,True,
GTGATGACAAGTGA-1,pbmc3k-capture1,pbmc3k-public-donor,1819,6333.0,134.0,2.1159008,0.0,0.0,38.0,0.60003155,0.0,0.0,2423.0,38.259907,False,False,False,True,False,False,False,False,True,0.603387188558282,doublet,pbmc3k-capture1,False,scDblFinder_doublet
GTGATGACCTGAGT-1,pbmc3k-capture1,pbmc3k-public-donor,503,1096.0,22.0,2.0072992,0.0,0.0,12.0,1.0948905,0.0,0.0,442.0,40.32847,True,True,False,False,False,False,False,False,False,,not_called_core_qc_fail,pbmc3k-capture1,False,fails_low_genes;fails_low_umis
GTGATGACGGTTTG-1,pbmc3k-capture1,pbmc3k-public-donor,801,2084.0,51.0,2.447217,0.0,0.0,16.0,0.7677543,0.0,0.0,791.0,37.955853,False,False,False,True,False,False,False,False,False,0.260263887023248,singlet,pbmc3k-capture1,True,
GTGATTCTCATTTC-1,pbmc3k-capture1,pbmc3k-public-donor,943,2569.0,24.0,0.93421566,0.0,0.0,23.0,0.89528996,1.0,0.03892565,946.0,36.823666,False,False,False,True,False,False,True,False,False,0.252874981403154,singlet,pbmc3k-capture1,True,
GTGATTCTCTCTCG-1,pbmc3k-capture1,pbmc3k-public-donor,874,2597.0,69.0,2.6569118,0.0,0.0,33.0,1.270697,0.0,0.0,852.0,32.807083,False,False,False,True,False,False,False,False,False,0.187117338534852,singlet,pbmc3k-capture1,True,
GTGATTCTGGTTCA-1,pbmc3k-capture1,pbmc3k-public-donor,813,1657.0,28.0,1.6898009,0.0,0.0,3.0,0.18105009,0.0,0.0,360.0,21.726011,False,False,False,True,False,False,False,False,False,0.168607368820761,singlet,pbmc3k-capture1,True,
GTGATTCTGTCGAT-1,pbmc3k-capture1,pbmc3k-public-donor,694,1991.0,36.0,1.8081367,0.0,0.0,8.0,0.40180814,0.0,0.0,778.0,39.075844,False,False,False,True,False,False,False,False,False,0.103124922470101,singlet,pbmc3k-capture1,True,
GTGATTCTTAGCGT-1,pbmc3k-capture1,pbmc3k-public-donor,494,1344.0,33.0,2.455357,0.0,0.0,22.0,1.6369048,0.0,0.0,509.0,37.87202,True,False,False,False,False,False,False,False,False,,not_called_core_qc_fail,pbmc3k-capture1,False,fails_low_genes
GTGCCACTCAGGAG-1,pbmc3k-capture1,pbmc3k-public-donor,660,1897.0,17.0,0.89615184,0.0,0.0,2.0,0.10542963,0.0,0.0,805.0,42.435425,False,False,False,True,False,False,False,False,False,0.114795136930913,singlet,pbmc3k-capture1,True,
GTGGATTGCACTAG-1,pbmc3k-capture1,pbmc3k-public-donor,1467,4561.0,147.0,3.2229774,0.0,0.0,13.0,0.2850252,1.0,0.021925017,896.0,19.644815,False,False,False,True,False,False,True,False,True,0.0763193686724411,singlet,pbmc3k-capture1,True,
GTGGATTGCGGAGA-1,pbmc3k-capture1,pbmc3k-public-donor,976,2774.0,63.0,2.2710888,0.0,0.0,52.0,1.8745493,0.0,0.0,1018.0,36.69791,False,False,False,True,False,False,False,False,False,0.372806604150064,singlet,pbmc3k-capture1,True,
GTGGATTGTAACGC-1,pbmc3k-capture1,pbmc3k-public-donor,833,2765.0,52.0,1.880651,0.0,0.0,7.0,0.25316456,0.0,0.0,1336.0,48.318264,False,False,False,True,False,False,False,False,False,0.132864047440878,singlet,pbmc3k-capture1,True,
GTGTACGATCAGTG-1,pbmc3k-capture1,pbmc3k-public-donor,689,1979.0,33.0,1.6675088,0.0,0.0,24.0,1.2127337,0.0,0.0,807.0,40.77817,False,False,False,True,False,False,False,False,False,0.18411527021646,singlet,pbmc3k-capture1,True,
GTGTAGTGGGTACT-1,pbmc3k-capture1,pbmc3k-public-donor,921,2627.0,72.0,2.740769,0.0,0.0,23.0,0.8755234,0.0,0.0,1002.0,38.14237,False,False,False,True,False,False,False,False,False,0.227147057962951,singlet,pbmc3k-capture1,True,
GTGTATCTAGCCTA-1,pbmc3k-capture1,pbmc3k-public-donor,625,1434.0,35.0,2.4407253,0.0,0.0,4.0,0.27894002,0.0,0.0,467.0,32.56625,False,False,False,True,False,False,False,False,False,0.0537726059793451,singlet,pbmc3k-capture1,True,
GTGTATCTAGTAGA-1,pbmc3k-capture1,pbmc3k-public-donor,1428,4444.0,91.0,2.0477047,0.0,0.0,41.0,0.9225923,0.0,0.0,1587.0,35.71107,False,False,False,True,False,False,False,False,True,0.734382626679716,doublet,pbmc3k-capture1,False,scDblFinder_doublet
GTGTATCTGTTACG-1,pbmc3k-capture1,pbmc3k-public-donor,817,2122.0,34.0,1.602262,0.0,0.0,18.0,0.84825635,0.0,0.0,715.0,33.69463,False,False,False,True,False,False,False,False,False,0.228580452880357,singlet,pbmc3k-capture1,True,
GTGTCAGAAGCGTT-1,pbmc3k-capture1,pbmc3k-public-donor,909,2056.0,43.0,2.0914397,0.0,0.0,20.0,0.9727626,0.0,0.0,613.0,29.815176,False,False,False,True,False,False,False,False,False,0.359535613093534,singlet,pbmc3k-capture1,True,
GTGTCAGAATGCTG-1,pbmc3k-capture1,pbmc3k-public-donor,326,750.0,45.0,6.0,0.0,0.0,1.0,0.13333333,1.0,0.13333333,297.0,39.6,True,True,True,False,False,False,True,False,False,,not_called_core_qc_fail,pbmc3k-capture1,False,fails_low_genes;fails_low_umis;fails_mt
GTTAAAACCGAGAG-1,pbmc3k-capture1,pbmc3k-public-donor,956,2019.0,17.0,0.842001,0.0,0.0,53.0,2.625062,2.0,0.09905894,270.0,13.372956,False,False,False,True,False,True,True,False,False,0.10888362682086,singlet,pbmc3k-capture1,True,
GTTAAAACTTCGCC-1,pbmc3k-capture1,pbmc3k-public-donor,676,2059.0,104.0,5.0509953,0.0,0.0,18.0,0.8742108,0.0,0.0,823.0,39.97086,False,False,True,False,False,False,False,False,False,,not_called_core_qc_fail,pbmc3k-capture1,False,fails_mt
GTTAAATGCTCGAA-1,pbmc3k-capture1,pbmc3k-public-donor,765,2651.0,60.0,2.2632968,0.0,0.0,30.0,1.1316484,0.0,0.0,1168.0,44.058846,False,False,False,True,False,False,False,False,False,0.280627277187758,singlet,pbmc3k-capture1,True,
GTTAAATGTCGACA-1,pbmc3k-capture1,pbmc3k-public-donor,1207,3783.0,74.0,1.9561195,0.0,0.0,16.0,0.42294472,0.0,0.0,1424.0,37.642082,False,False,False,True,False,False,False,False,False,0.259359397433494,singlet,pbmc3k-capture1,True,
GTTAACCTAGCTAC-1,pbmc3k-capture1,pbmc3k-public-donor,829,2450.0,66.0,2.6938775,0.0,0.0,43.0,1.7551019,0.0,0.0,981.0,40.040813,False,False,False,True,False,False,False,False,False,0.256605301665427,singlet,pbmc3k-capture1,True,
GTTAACCTTGCTTT-1,pbmc3k-capture1,pbmc3k-public-donor,1648,6102.0,99.0,1.6224189,0.0,0.0,53.0,0.86856765,0.0,0.0,1679.0,27.51557,False,False,False,True,False,False,False,False,True,0.268349084434462,singlet,pbmc3k-capture1,True,
GTTAGGTGCACTCC-1,pbmc3k-capture1,pbmc3k-public-donor,554,1391.0,49.0,3.5226457,0.0,0.0,7.0,0.5032351,1.0,0.07189073,549.0,39.46801,False,False,False,True,False,False,True,False,False,0.222580425163106,singlet,pbmc3k-capture1,True,
GTTAGGTGCCAGTA-1,pbmc3k-capture1,pbmc3k-public-donor,1500,4975.0,133.0,2.6733668,0.0,0.0,27.0,0.5427136,0.0,0.0,1101.0,22.130653,False,False,False,True,False,False,False,False,True,0.228258958047234,singlet,pbmc3k-capture1,True,
GTTAGGTGCCCAAA-1,pbmc3k-capture1,pbmc3k-public-donor,953,2189.0,13.0,0.59387845,0.0,0.0,17.0,0.7766103,0.0,0.0,352.0,16.080402,False,False,False,True,False,False,False,False,False,0.14094913067855,singlet,pbmc3k-capture1,True,
GTTAGGTGGAACTC-1,pbmc3k-capture1,pbmc3k-public-donor,647,1653.0,29.0,1.754386,0.0,0.0,12.0,0.7259528,0.0,0.0,649.0,39.261948,False,False,False,True,False,False,False,False,False,0.0694219454863253,singlet,pbmc3k-capture1,True,
GTTAGTCTAAGAAC-1,pbmc3k-capture1,pbmc3k-public-donor,537,1154.0,50.0,4.3327556,0.0,0.0,3.0,0.25996533,0.0,0.0,385.0,33.362217,False,False,False,True,False,False,False,False,False,0.16198025019385,singlet,pbmc3k-capture1,True,
GTTATAGAGGACAG-1,pbmc3k-capture1,pbmc3k-public-donor,786,2053.0,33.0,1.6074038,0.0,0.0,30.0,1.4612762,0.0,0.0,765.0,37.262543,False,False,False,True,False,False,False,False,False,0.366560614149151,singlet,pbmc3k-capture1,True,
GTTATGCTTTCATC-1,pbmc3k-capture1,pbmc3k-public-donor,814,2431.0,46.0,1.8922255,0.0,0.0,30.0,1.23406,0.0,0.0,1100.0,45.24887,False,False,False,True,False,False,False,False,False,0.203236623947943,singlet,pbmc3k-capture1,True,
GTTCAACTGGGACA-1,pbmc3k-capture1,pbmc3k-public-donor,761,1503.0,32.0,2.129075,0.0,0.0,1.0,0.066533595,1.0,0.066533595,207.0,13.772455,False,False,False,True,False,False,True,False,False,0.117193963263236,singlet,pbmc3k-capture1,True,
GTTCAACTTATGCG-1,pbmc3k-capture1,pbmc3k-public-donor,862,2657.0,59.0,2.2205493,0.0,0.0,0.0,0.0,1.0,0.037636433,1179.0,44.373356,False,False,False,True,False,False,True,False,False,0.201515093643081,singlet,pbmc3k-capture1,True,
GTTGACGAGCCCTT-1,pbmc3k-capture1,pbmc3k-public-donor,838,1899.0,18.0,0.94786733,0.0,0.0,3.0,0.15797788,0.0,0.0,503.0,26.487625,False,False,False,True,False,False,False,False,False,0.179302543810122,singlet,pbmc3k-capture1,True,
GTTGACGATATCGG-1,pbmc3k-capture1,pbmc3k-public-donor,1102,2264.0,44.0,1.9434628,1.0,0.044169612,4.0,0.17667845,0.0,0.0,261.0,11.528269,False,False,False,True,True,False,False,False,False,0.190149841301717,singlet,pbmc3k-capture1,True,
GTTGAGTGGTCTTT-1,pbmc3k-capture1,pbmc3k-public-donor,1392,4397.0,47.0,1.0689106,0.0,0.0,10.0,0.22742778,0.0,0.0,894.0,20.332045,False,False,False,True,False,False,False,False,True,0.312239760193003,singlet,pbmc3k-capture1,True,
GTTGAGTGTGCTTT-1,pbmc3k-capture1,pbmc3k-public-donor,1042,3840.0,75.0,1.953125,0.0,0.0,29.0,0.7552083,1.0,0.026041668,1712.0,44.583332,False,False,False,True,False,False,True,False,False,0.317108124351269,singlet,pbmc3k-capture1,True,
GTTGATCTGGGACA-1,pbmc3k-capture1,pbmc3k-public-donor,372,944.0,4.0,0.42372882,0.0,0.0,2.0,0.21186441,0.0,0.0,387.0,40.99576,True,True,False,False,False,False,False,False,False,,not_called_core_qc_fail,pbmc3k-capture1,False,fails_low_genes;fails_low_umis
GTTGATCTTTTCAC-1,pbmc3k-capture1,pbmc3k-public-donor,971,2461.0,53.0,2.1535962,0.0,0.0,7.0,0.28443724,0.0,0.0,734.0,29.825274,False,False,False,True,False,False,False,False,False,0.301890848150549,singlet,pbmc3k-capture1,True,
GTTGGATGTTTACC-1,pbmc3k-capture1,pbmc3k-public-donor,1364,4438.0,112.0,2.5236595,0.0,0.0,22.0,0.49571878,0.0,0.0,932.0,21.00045,False,False,False,True,False,False,False,False,True,0.164185972912288,singlet,pbmc3k-capture1,True,
GTTGTACTATTCCT-1,pbmc3k-capture1,pbmc3k-public-donor,1137,3103.0,61.0,1.9658396,0.0,0.0,11.0,0.35449564,1.0,0.03222688,642.0,20.689655,False,False,False,True,False,False,True,False,False,0.259676143702748,singlet,pbmc3k-capture1,True,
GTTGTACTTTTGGG-1,pbmc3k-capture1,pbmc3k-public-donor,847,2404.0,54.0,2.246256,0.0,0.0,32.0,1.3311148,0.0,0.0,1027.0,42.720467,False,False,False,True,False,False,False,False,False,0.300002318407346,singlet,pbmc3k-capture1,True,
GTTTAAGACCATGA-1,pbmc3k-capture1,pbmc3k-public-donor,935,2598.0,59.0,2.2709777,0.0,0.0,18.0,0.6928407,0.0,0.0,665.0,25.596613,False,False,False,True,False,False,False,False,False,0.20333574489535,singlet,pbmc3k-capture1,True,
GTTTAAGACTGTCC-1,pbmc3k-capture1,pbmc3k-public-donor,710,1584.0,35.0,2.209596,0.0,0.0,7.0,0.44191918,0.0,0.0,462.0,29.166666,False,False,False,True,False,False,False,False,False,0.124532499085535,singlet,pbmc3k-capture1,True,
TAAACAACCAACCA-1,pbmc3k-capture1,pbmc3k-public-donor,1070,3425.0,64.0,1.868613,0.0,0.0,33.0,0.96350366,0.0,0.0,1530.0,44.67153,False,False,False,True,False,False,False,False,False,0.363397141574471,singlet,pbmc3k-capture1,True,
TAAACAACGAATCC-1,pbmc3k-capture1,pbmc3k-public-donor,914,2818.0,30.0,1.0645847,0.0,0.0,26.0,0.92264014,0.0,0.0,1085.0,38.502483,False,False,False,True,False,False,False,False,False,0.126222155733474,singlet,pbmc3k-capture1,True,
TAAAGACTCAGGAG-1,pbmc3k-capture1,pbmc3k-public-donor,855,2375.0,36.0,1.5157895,0.0,0.0,24.0,1.0105263,0.0,0.0,918.0,38.65263,False,False,False,True,False,False,False,False,False,0.395750692218565,singlet,pbmc3k-capture1,True,
TAAATCGATGAGGG-1,pbmc3k-capture1,pbmc3k-public-donor,759,2036.0,39.0,1.9155207,0.0,0.0,36.0,1.7681729,0.0,0.0,759.0,37.278976,False,False,False,True,False,False,False,False,False,0.214322291336447,singlet,pbmc3k-capture1,True,
TAACAATGTGCCCT-1,pbmc3k-capture1,pbmc3k-public-donor,654,1343.0,21.0,1.5636634,0.0,0.0,9.0,0.6701415,0.0,0.0,429.0,31.94341,False,False,False,True,False,False,False,False,False,0.12232519861596,singlet,pbmc3k-capture1,True,
TAACACCTTCGCTC-1,pbmc3k-capture1,pbmc3k-public-donor,981,2755.0,40.0,1.4519056,0.0,0.0,18.0,0.6533575,0.0,0.0,650.0,23.593466,False,False,False,True,False,False,False,False,False,0.159168626881935,singlet,pbmc3k-capture1,True,
TAACACCTTCGTAG-1,pbmc3k-capture1,pbmc3k-public-donor,1193,3283.0,58.0,1.7666768,0.0,0.0,33.0,1.0051782,0.0,0.0,695.0,21.169662,False,False,False,True,False,False,False,False,False,0.29775291504682,singlet,pbmc3k-capture1,True,
TAACACCTTGTTTC-1,pbmc3k-capture1,pbmc3k-public-donor,397,1004.0,11.0,1.0956175,0.0,0.0,0.0,0.0,0.0,0.0,20.0,1.9920319,True,True,False,False,False,False,False,False,False,,not_called_core_qc_fail,pbmc3k-capture1,False,fails_low_genes;fails_low_umis
TAACATGACACTAG-1,pbmc3k-capture1,pbmc3k-public-donor,1123,3390.0,66.0,1.9469026,0.0,0.0,34.0,1.0029498,0.0,0.0,1328.0,39.17404,False,False,False,True,False,False,False,False,False,0.679160041581425,doublet,pbmc3k-capture1,False,scDblFinder_doublet
TAACCGGACTTACT-1,pbmc3k-capture1,pbmc3k-public-donor,616,2009.0,27.0,1.3439522,0.0,0.0,2.0,0.09955201,0.0,0.0,1001.0,49.825783,False,False,False,True,False,False,False,False,False,0.0330510546287969,singlet,pbmc3k-capture1,True,
TAACGTCTCAACCA-1,pbmc3k-capture1,pbmc3k-public-donor,747,1931.0,42.0,2.1750388,0.0,0.0,13.0,0.6732263,0.0,0.0,471.0,24.391506,False,False,False,True,False,False,False,False,False,0.117368323132313,singlet,pbmc3k-capture1,True,
TAACGTCTCATTGG-1,pbmc3k-capture1,pbmc3k-public-donor,876,2567.0,55.0,2.1425788,0.0,0.0,37.0,1.4413712,1.0,0.03895598,1012.0,39.42345,False,False,False,True,False,False,True,False,False,0.297534534008036,singlet,pbmc3k-capture1,True,
TAACTAGAATTTCC-1,pbmc3k-capture1,pbmc3k-public-donor,949,2538.0,36.0,1.4184396,0.0,0.0,18.0,0.7092198,0.0,0.0,855.0,33.687943,False,False,False,True,False,False,False,False,False,0.401358787269921,singlet,pbmc3k-capture1,True,
TAACTAGACTTAGG-1,pbmc3k-capture1,pbmc3k-public-donor,965,2921.0,59.0,2.0198562,0.0,0.0,32.0,1.0955153,0.0,0.0,1281.0,43.854843,False,False,False,True,False,False,False,False,False,0.320618786684897,singlet,pbmc3k-capture1,True,
TAACTAGATCTGGA-1,pbmc3k-capture1,pbmc3k-public-donor,789,2348.0,34.0,1.448041,0.0,0.0,19.0,0.80919933,0.0,0.0,1027.0,43.739353,False,False,False,True,False,False,False,False,False,0.250224783609924,singlet,pbmc3k-capture1,True,
TAACTCACGAGGAC-1,pbmc3k-capture1,pbmc3k-public-donor,752,1922.0,78.0,4.058273,0.0,0.0,19.0,0.9885536,0.0,0.0,349.0,18.158169,False,False,False,True,False,False,False,False,False,0.078838909109791,singlet,pbmc3k-capture1,True,
TAACTCACGTACAC-1,pbmc3k-capture1,pbmc3k-public-donor,717,2011.0,53.0,2.6355047,0.0,0.0,11.0,0.5469915,0.0,0.0,891.0,44.306313,False,False,False,True,False,False,False,False,False,0.0640070661914349,singlet,pbmc3k-capture1,True,
TAACTCACGTATCG-1,pbmc3k-capture1,pbmc3k-public-donor,1198,3807.0,74.0,1.9437877,0.0,0.0,37.0,0.97189385,1.0,0.026267404,1020.0,26.79275,False,False,False,True,False,False,True,False,False,0.51153187690128,doublet,pbmc3k-capture1,False,scDblFinder_doublet
TAACTCACTCTACT-1,pbmc3k-capture1,pbmc3k-public-donor,952,2227.0,67.0,3.0085316,3.0,0.13471037,3.0,0.13471037,1.0,0.044903457,525.0,23.574314,False,False,False,True,True,False,True,False,False,0.239088376492454,singlet,pbmc3k-capture1,True,
TAAGAACTGTGTCA-1,pbmc3k-capture1,pbmc3k-public-donor,625,1730.0,65.0,3.7572253,0.0,0.0,15.0,0.867052,0.0,0.0,501.0,28.959538,False,False,False,True,False,False,False,False,False,0.100990426074651,singlet,pbmc3k-capture1,True,
TAAGAGGACTAAGC-1,pbmc3k-capture1,pbmc3k-public-donor,784,2019.0,43.0,2.1297672,0.0,0.0,19.0,0.94105995,0.0,0.0,740.0,36.65181,False,False,False,True,False,False,False,False,False,0.138414341881104,singlet,pbmc3k-capture1,True,
TAAGAGGACTTGTT-1,pbmc3k-capture1,pbmc3k-public-donor,914,2061.0,32.0,1.5526444,1.0,0.048520137,5.0,0.24260068,0.0,0.0,394.0,19.116934,False,False,False,True,True,False,False,False,False,0.0935277773773266,singlet,pbmc3k-capture1,True,
TAAGATACCCACAA-1,pbmc3k-capture1,pbmc3k-public-donor,534,1199.0,65.0,5.4211845,0.0,0.0,3.0,0.25020853,1.0,0.083402835,415.0,34.612175,False,False,True,False,False,False,True,False,False,,not_called_core_qc_fail,pbmc3k-capture1,False,fails_mt
TAAGATACGGTTCA-1,pbmc3k-capture1,pbmc3k-public-donor,659,1465.0,14.0,0.9556314,0.0,0.0,6.0,0.40955633,0.0,0.0,307.0,20.955631,False,False,False,True,False,False,False,False,False,0.175477828114932,singlet,pbmc3k-capture1,True,
TAAGATTGCGTAGT-1,pbmc3k-capture1,pbmc3k-public-donor,913,2789.0,44.0,1.5776263,0.0,0.0,47.0,1.6851919,0.0,0.0,1142.0,40.946575,False,False,False,True,False,False,False,False,False,0.387997097331311,singlet,pbmc3k-capture1,True,
TAAGATTGTTGCTT-1,pbmc3k-capture1,pbmc3k-public-donor,863,2289.0,29.0,1.2669288,0.0,0.0,29.0,1.2669288,0.0,0.0,860.0,37.57099,False,False,False,True,False,False,False,False,False,0.207877956653549,singlet,pbmc3k-capture1,True,
TAAGCGTGAGGTTC-1,pbmc3k-capture1,pbmc3k-public-donor,959,2838.0,65.0,2.2903454,0.0,0.0,18.0,0.6342495,0.0,0.0,737.0,25.968992,False,False,False,True,False,False,False,False,False,0.265924538921454,singlet,pbmc3k-capture1,True,
TAAGCGTGGACAAA-1,pbmc3k-capture1,pbmc3k-public-donor,1637,5192.0,107.0,2.0608628,0.0,0.0,40.0,0.770416,1.0,0.0192604,1106.0,21.302002,False,False,False,True,False,False,True,False,True,0.43796873279196,singlet,pbmc3k-capture1,True,
TAAGCGTGGGAAAT-1,pbmc3k-capture1,pbmc3k-public-donor,796,2330.0,27.0,1.1587983,0.0,0.0,20.0,0.8583691,1.0,0.042918455,926.0,39.74249,False,False,False,True,False,False,True,False,False,0.261666996124164,singlet,pbmc3k-capture1,True,
TAAGCGTGTGCTCC-1,pbmc3k-capture1,pbmc3k-public-donor,1508,4978.0,111.0,2.2298112,0.0,0.0,70.0,1.4061872,1.0,0.02008839,805.0,16.171152,False,False,False,True,False,False,True,False,True,0.265251342422439,singlet,pbmc3k-capture1,True,
TAAGGCTGCCATGA-1,pbmc3k-capture1,pbmc3k-public-donor,906,2361.0,59.0,2.4989412,0.0,0.0,17.0,0.7200339,0.0,0.0,868.0,36.764084,False,False,False,True,False,False,False,False,False,0.304162358952335,singlet,pbmc3k-capture1,True,
TAAGGCTGCTGCTC-1,pbmc3k-capture1,pbmc3k-public-donor,714,2147.0,34.0,1.583605,0.0,0.0,29.0,1.350722,0.0,0.0,1069.0,49.790405,False,False,False,True,False,False,False,False,False,0.11973507721834,singlet,pbmc3k-capture1,True,
TAAGGCTGTCTCGC-1,pbmc3k-capture1,pbmc3k-public-donor,1195,3420.0,73.0,2.134503,0.0,0.0,19.0,0.5555556,0.0,0.0,773.0,22.602339,False,False,False,True,False,False,False,False,False,0.239519299615745,singlet,pbmc3k-capture1,True,
TAAGGGCTGCTGTA-1,pbmc3k-capture1,pbmc3k-public-donor,867,1852.0,25.0,1.349892,0.0,0.0,46.0,2.4838014,0.0,0.0,364.0,19.654427,False,False,False,True,False,True,False,False,False,0.292140374355349,singlet,pbmc3k-capture1,True,
TAAGGGCTTTACTC-1,pbmc3k-capture1,pbmc3k-public-donor,819,2208.0,71.0,3.2155797,0.0,0.0,39.0,1.7663043,0.0,0.0,811.0,36.730072,False,False,False,True,False,False,False,False,False,0.385907924419441,singlet,pbmc3k-capture1,True,
TAAGTAACCGAGAG-1,pbmc3k-capture1,pbmc3k-public-donor,375,702.0,19.0,2.7065527,0.0,0.0,11.0,1.5669515,0.0,0.0,241.0,34.330482,True,True,False,False,False,False,False,False,False,,not_called_core_qc_fail,pbmc3k-capture1,False,fails_low_genes;fails_low_umis
TAAGTAACCTCCAC-1,pbmc3k-capture1,pbmc3k-public-donor,656,1740.0,58.0,3.3333335,0.0,0.0,15.0,0.86206895,0.0,0.0,653.0,37.528736,False,False,False,True,False,False,False,False,False,0.0534978579200859,singlet,pbmc3k-capture1,True,
TAAGTAACCTGTAG-1,pbmc3k-capture1,pbmc3k-public-donor,1047,3397.0,94.0,2.7671475,0.0,0.0,35.0,1.0303209,0.0,0.0,1409.0,41.477776,False,False,False,True,False,False,False,False,False,0.509569752780265,doublet,pbmc3k-capture1,False,scDblFinder_doublet
TAAGTAACTTGTCT-1,pbmc3k-capture1,pbmc3k-public-donor,745,2113.0,62.0,2.9342167,0.0,0.0,4.0,0.1893043,0.0,0.0,757.0,35.82584,False,False,False,True,False,False,False,False,False,0.280213243326301,singlet,pbmc3k-capture1,True,
TAATGATGAGCGGA-1,pbmc3k-capture1,pbmc3k-public-donor,866,2768.0,43.0,1.5534682,0.0,0.0,35.0,1.2644509,0.0,0.0,1255.0,45.339596,False,False,False,True,False,False,False,False,False,0.197832671325047,singlet,pbmc3k-capture1,True,
TAATGCCTCATGAC-1,pbmc3k-capture1,pbmc3k-public-donor,1186,4189.0,40.0,0.95488185,0.0,0.0,33.0,0.78777754,0.0,0.0,1909.0,45.571735,False,False,False,True,False,False,False,False,False,0.39839415340485,singlet,pbmc3k-capture1,True,
TAATGCCTCGTCTC-1,pbmc3k-capture1,pbmc3k-public-donor,1669,4213.0,83.0,1.9700925,0.0,0.0,9.0,0.21362449,5.0,0.118680276,626.0,14.85877,False,False,False,True,False,False,True,False,False,0.177657145405976,singlet,pbmc3k-capture1,True,
TAATGTGAAGATGA-1,pbmc3k-capture1,pbmc3k-public-donor,539,1314.0,19.0,1.4459665,0.0,0.0,20.0,1.5220699,0.0,0.0,540.0,41.09589,False,False,False,True,False,False,False,False,False,0.0682070594831593,singlet,pbmc3k-capture1,True,
TAATGTGACTGCAA-1,pbmc3k-capture1,pbmc3k-public-donor,942,2532.0,55.0,2.172196,0.0,0.0,24.0,0.94786733,0.0,0.0,554.0,21.879936,False,False,False,True,False,False,False,False,False,0.20230891601596,singlet,pbmc3k-capture1,True,
TAATGTGATTACTC-1,pbmc3k-capture1,pbmc3k-public-donor,839,2326.0,66.0,2.8374891,0.0,0.0,29.0,1.2467756,0.0,0.0,869.0,37.360275,False,False,False,True,False,False,False,False,False,0.4292262690747,singlet,pbmc3k-capture1,True,
TACAAATGGGTACT-1,pbmc3k-capture1,pbmc3k-public-donor,927,2547.0,56.0,2.1986651,0.0,0.0,26.0,1.0208088,1.0,0.039261878,1043.0,40.950138,False,False,False,True,False,False,True,False,False,0.375237873459985,singlet,pbmc3k-capture1,True,
TACAATGAAAACAG-1,pbmc3k-capture1,pbmc3k-public-donor,796,1995.0,32.0,1.60401,0.0,0.0,20.0,1.0025063,0.0,0.0,401.0,20.10025,False,False,False,True,False,False,False,False,False,0.215775736003337,singlet,pbmc3k-capture1,True,
TACAATGACTTAGG-1,pbmc3k-capture1,pbmc3k-public-donor,734,1948.0,33.0,1.6940452,0.0,0.0,11.0,0.56468177,1.0,0.051334705,767.0,39.37372,False,False,False,True,False,False,True,False,False,0.153251998254307,singlet,pbmc3k-capture1,True,
TACAATGATGCTAG-1,pbmc3k-capture1,pbmc3k-public-donor,831,2466.0,81.0,3.2846715,0.0,0.0,49.0,1.9870235,0.0,0.0,852.0,34.549877,False,False,False,True,False,True,False,False,False,0.181252134560175,singlet,pbmc3k-capture1,True,
TACACACTCACACA-1,pbmc3k-capture1,pbmc3k-public-donor,967,3128.0,72.0,2.3017902,0.0,0.0,10.0,0.3196931,0.0,0.0,1298.0,41.496162,False,False,False,True,False,False,False,False,False,0.419418173479182,singlet,pbmc3k-capture1,True,
TACACACTCTTACT-1,pbmc3k-capture1,pbmc3k-public-donor,620,1246.0,40.0,3.210273,0.0,0.0,27.0,2.166934,0.0,0.0,319.0,25.601927,False,False,False,True,False,True,False,False,False,0.150335032789274,singlet,pbmc3k-capture1,True,
TACATAGAACGCAT-1,pbmc3k-capture1,pbmc3k-public-donor,814,2223.0,79.0,3.5537562,0.0,0.0,10.0,0.44984254,0.0,0.0,717.0,32.25371,False,False,False,True,False,False,False,False,False,0.186741328161619,singlet,pbmc3k-capture1,True,
TACATCACACGGGA-1,pbmc3k-capture1,pbmc3k-public-donor,605,1622.0,27.0,1.6646115,0.0,0.0,6.0,0.3699137,0.0,0.0,748.0,46.115906,False,False,False,True,False,False,False,False,False,0.0837582219255139,singlet,pbmc3k-capture1,True,
TACATCACCTGTTT-1,pbmc3k-capture1,pbmc3k-public-donor,1391,4202.0,155.0,3.6887195,0.0,0.0,16.0,0.38077107,0.0,0.0,885.0,21.0614,False,False,False,True,False,False,False,False,False,0.115192510196255,singlet,pbmc3k-capture1,True,
TACATCACGCTAAC-1,pbmc3k-capture1,pbmc3k-public-donor,655,1795.0,32.0,1.7827299,0.0,0.0,20.0,1.1142061,0.0,0.0,698.0,38.88579,False,False,False,True,False,False,False,False,False,0.118569533075208,singlet,pbmc3k-capture1,True,
TACATCACTGAACC-1,pbmc3k-capture1,pbmc3k-public-donor,1512,4605.0,59.0,1.2812161,0.0,0.0,47.0,1.0206296,0.0,0.0,926.0,20.108578,False,False,False,True,False,False,False,False,True,0.258176899071336,singlet,pbmc3k-capture1,True,
TACCATTGAGGTTC-1,pbmc3k-capture1,pbmc3k-public-donor,625,1535.0,23.0,1.4983714,0.0,0.0,23.0,1.4983714,0.0,0.0,519.0,33.811073,False,False,False,True,False,False,False,False,False,0.156796869796671,singlet,pbmc3k-capture1,True,
TACCATTGCGGGAA-1,pbmc3k-capture1,pbmc3k-public-donor,719,2071.0,64.0,3.0902946,0.0,0.0,8.0,0.38628682,0.0,0.0,525.0,25.350073,False,False,False,True,False,False,False,False,False,0.177935220749768,singlet,pbmc3k-capture1,True,
TACCATTGGGGATG-1,pbmc3k-capture1,pbmc3k-public-donor,547,1425.0,33.0,2.3157895,0.0,0.0,6.0,0.4210526,0.0,0.0,451.0,31.649122,False,False,False,True,False,False,False,False,False,0.064198767177646,singlet,pbmc3k-capture1,True,
TACCATTGTGAGGG-1,pbmc3k-capture1,pbmc3k-public-donor,864,2349.0,87.0,3.7037036,0.0,0.0,13.0,0.553427,0.0,0.0,806.0,34.312473,False,False,False,True,False,False,False,False,False,0.65617210606938,doublet,pbmc3k-capture1,False,scDblFinder_doublet
TACCGGCTGTTGGT-1,pbmc3k-capture1,pbmc3k-public-donor,902,2809.0,78.0,2.776789,0.0,0.0,32.0,1.1391954,0.0,0.0,1216.0,43.289425,False,False,False,True,False,False,False,False,False,0.299548276793293,singlet,pbmc3k-capture1,True,
TACGAGTGATCTCT-1,pbmc3k-capture1,pbmc3k-public-donor,853,2692.0,50.0,1.857355,0.0,0.0,31.0,1.1515602,0.0,0.0,1249.0,46.396732,False,False,False,True,False,False,False,False,False,0.24724713456769,singlet,pbmc3k-capture1,True,
TACGAGTGATGCTG-1,pbmc3k-capture1,pbmc3k-public-donor,1143,3689.0,74.0,2.0059636,0.0,0.0,24.0,0.65058285,0.0,0.0,1019.0,27.622662,False,False,False,True,False,False,False,False,False,0.189206217419227,singlet,pbmc3k-capture1,True,
TACGAGTGCGGAGA-1,pbmc3k-capture1,pbmc3k-public-donor,990,2265.0,39.0,1.7218543,0.0,0.0,48.0,2.1192052,0.0,0.0,596.0,26.313465,False,False,False,True,False,True,False,False,False,0.299009597980196,singlet,pbmc3k-capture1,True,
TACGAGTGGTTGGT-1,pbmc3k-capture1,pbmc3k-public-donor,858,2222.0,41.0,1.8451846,0.0,0.0,28.0,1.260126,0.0,0.0,810.0,36.453648,False,False,False,True,False,False,False,False,False,0.188982665535826,singlet,pbmc3k-capture1,True,
TACGATCTAGTGTC-1,pbmc3k-capture1,pbmc3k-public-donor,604,1422.0,39.0,2.7426162,0.0,0.0,10.0,0.70323485,0.0,0.0,584.0,41.068916,False,False,False,True,False,False,False,False,False,0.140892760762601,singlet,pbmc3k-capture1,True,
TACGATCTCACTGA-1,pbmc3k-capture1,pbmc3k-public-donor,1291,4206.0,99.0,2.3537803,0.0,0.0,28.0,0.66571563,0.0,0.0,1029.0,24.46505,False,False,False,True,False,False,False,False,False,0.343342397495114,singlet,pbmc3k-capture1,True,
TACGATCTTACGAC-1,pbmc3k-capture1,pbmc3k-public-donor,701,1686.0,47.0,2.787663,0.0,0.0,19.0,1.1269276,0.0,0.0,537.0,31.850534,False,False,False,True,False,False,False,False,False,0.260448488822768,singlet,pbmc3k-capture1,True,
TACGCAGACGTCTC-1,pbmc3k-capture1,pbmc3k-public-donor,340,720.0,75.0,10.416666,0.0,0.0,3.0,0.4166667,0.0,0.0,183.0,25.416666,True,True,True,False,False,False,False,False,False,,not_called_core_qc_fail,pbmc3k-capture1,False,fails_low_genes;fails_low_umis;fails_mt
TACGCAGAGAATCC-1,pbmc3k-capture1,pbmc3k-public-donor,859,2121.0,17.0,0.80150867,0.0,0.0,16.0,0.75436115,0.0,0.0,714.0,33.663364,False,False,False,True,False,False,False,False,False,0.538150384756097,doublet,pbmc3k-capture1,False,scDblFinder_doublet
TACGCCACATTCCT-1,pbmc3k-capture1,pbmc3k-public-donor,768,1967.0,12.0,0.6100661,0.0,0.0,27.0,1.3726487,0.0,0.0,695.0,35.332996,False,False,False,True,False,False,False,False,False,0.259503020304448,singlet,pbmc3k-capture1,True,
TACGCCACTCCCAC-1,pbmc3k-capture1,pbmc3k-public-donor,1621,5289.0,167.0,3.157497,0.0,0.0,42.0,0.79410094,1.0,0.018907165,966.0,18.264322,False,False,False,True,False,False,True,False,True,0.156182575507364,singlet,pbmc3k-capture1,True,
TACGCCACTCCGAA-1,pbmc3k-capture1,pbmc3k-public-donor,715,1857.0,39.0,2.1001616,0.0,0.0,8.0,0.43080235,0.0,0.0,693.0,37.318256,False,False,False,True,False,False,False,False,False,0.0989784835723591,singlet,pbmc3k-capture1,True,
TACGCGCTCTTCTA-1,pbmc3k-capture1,pbmc3k-public-donor,642,1474.0,79.0,5.3595657,0.0,0.0,7.0,0.47489825,0.0,0.0,453.0,30.7327,False,False,True,False,False,False,False,False,False,,not_called_core_qc_fail,pbmc3k-capture1,False,fails_mt
TACGGAACGCGTTA-1,pbmc3k-capture1,pbmc3k-public-donor,594,1380.0,31.0,2.246377,0.0,0.0,3.0,0.2173913,0.0,0.0,499.0,36.15942,False,False,False,True,False,False,False,False,False,0.0291090926698009,singlet,pbmc3k-capture1,True,
TACGGCCTGGGACA-1,pbmc3k-capture1,pbmc3k-public-donor,783,1557.0,27.0,1.734104,0.0,0.0,13.0,0.834939,0.0,0.0,233.0,14.964676,False,False,False,True,False,False,False,False,False,0.0767257748468726,singlet,pbmc3k-capture1,True,
TACGGCCTGTCCTC-1,pbmc3k-capture1,pbmc3k-public-donor,419,1025.0,56.0,5.4634147,0.0,0.0,12.0,1.1707317,0.0,0.0,379.0,36.97561,True,True,True,False,False,False,False,False,False,,not_called_core_qc_fail,pbmc3k-capture1,False,fails_low_genes;fails_low_umis;fails_mt
TACGTACTACGGAG-1,pbmc3k-capture1,pbmc3k-public-donor,1608,5282.0,79.0,1.4956455,0.0,0.0,66.0,1.2495267,0.0,0.0,2062.0,39.038242,False,False,False,True,False,False,False,False,True,0.618224207176274,doublet,pbmc3k-capture1,False,scDblFinder_doublet
TACGTACTCAGTTG-1,pbmc3k-capture1,pbmc3k-public-donor,927,2993.0,49.0,1.6371534,0.0,0.0,41.0,1.369863,0.0,0.0,1244.0,41.56365,False,False,False,True,False,False,False,False,False,0.314912843759941,singlet,pbmc3k-capture1,True,
TACGTACTCCCGTT-1,pbmc3k-capture1,pbmc3k-public-donor,740,1937.0,37.0,1.9101703,0.0,0.0,14.0,0.7227672,0.0,0.0,787.0,40.62984,False,False,False,True,False,False,False,False,False,0.101591610877241,singlet,pbmc3k-capture1,True,
TACGTTACAGAAGT-1,pbmc3k-capture1,pbmc3k-public-donor,805,2256.0,32.0,1.4184396,0.0,0.0,11.0,0.48758867,0.0,0.0,918.0,40.69149,False,False,False,True,False,False,False,False,False,0.170290705354625,singlet,pbmc3k-capture1,True,
TACGTTACCAAGCT-1,pbmc3k-capture1,pbmc3k-public-donor,705,1701.0,43.0,2.5279248,0.0,0.0,11.0,0.6466784,0.0,0.0,316.0,18.577307,False,False,False,True,False,False,False,False,False,0.0225880475035563,singlet,pbmc3k-capture1,True,
TACTAAGAAAGGTA-1,pbmc3k-capture1,pbmc3k-public-donor,491,988.0,14.0,1.417004,0.0,0.0,14.0,1.417004,0.0,0.0,294.0,29.757086,True,True,False,False,False,False,False,False,False,,not_called_core_qc_fail,pbmc3k-capture1,False,fails_low_genes;fails_low_umis
TACTAAGAATCACG-1,pbmc3k-capture1,pbmc3k-public-donor,514,1219.0,38.0,3.1173093,0.0,0.0,29.0,2.3789992,0.0,0.0,445.0,36.505333,False,False,False,True,False,True,False,False,False,0.231390512603684,singlet,pbmc3k-capture1,True,
TACTAAGATGATGC-1,pbmc3k-capture1,pbmc3k-public-donor,768,1864.0,43.0,2.3068671,0.0,0.0,7.0,0.37553647,0.0,0.0,369.0,19.796137,False,False,False,True,False,False,False,False,False,0.0750044301305828,singlet,pbmc3k-capture1,True,
TACTAAGATTGCGA-1,pbmc3k-capture1,pbmc3k-public-donor,880,2551.0,38.0,1.4896119,0.0,0.0,26.0,1.0192082,0.0,0.0,1057.0,41.43473,False,False,False,True,False,False,False,False,False,0.278963724670027,singlet,pbmc3k-capture1,True,
TACTACACGAGAGC-1,pbmc3k-capture1,pbmc3k-public-donor,993,3236.0,30.0,0.92707044,0.0,0.0,38.0,1.1742892,0.0,0.0,1383.0,42.73795,False,False,False,True,False,False,False,False,False,0.382797628262225,singlet,pbmc3k-capture1,True,
TACTACACTTACCT-1,pbmc3k-capture1,pbmc3k-public-donor,356,750.0,28.0,3.733333,0.0,0.0,3.0,0.4,0.0,0.0,340.0,45.333336,True,True,False,False,False,False,False,False,False,,not_called_core_qc_fail,pbmc3k-capture1,False,fails_low_genes;fails_low_umis
TACTACTGAACCTG-1,pbmc3k-capture1,pbmc3k-public-donor,748,1831.0,31.0,1.693064,0.0,0.0,23.0,1.2561442,0.0,0.0,386.0,21.081375,False,False,False,True,False,False,False,False,False,0.125857240801432,singlet,pbmc3k-capture1,True,
TACTACTGATGTCG-1,pbmc3k-capture1,pbmc3k-public-donor,993,2304.0,36.0,1.5625,0.0,0.0,12.0,0.5208334,0.0,0.0,462.0,20.052082,False,False,False,True,False,False,False,False,False,0.292657179446746,singlet,pbmc3k-capture1,True,
TACTACTGATTCTC-1,pbmc3k-capture1,pbmc3k-public-donor,801,2383.0,31.0,1.3008813,0.0,0.0,27.0,1.1330256,0.0,0.0,1038.0,43.55854,False,False,False,True,False,False,False,False,False,0.0737990168626644,singlet,pbmc3k-capture1,True,
TACTACTGTATGGC-1,pbmc3k-capture1,pbmc3k-public-donor,843,2843.0,81.0,2.8491032,0.0,0.0,35.0,1.2310939,0.0,0.0,1384.0,48.68097,False,False,False,True,False,False,False,False,False,0.118137944143409,singlet,pbmc3k-capture1,True,
TACTCAACGGTCTA-1,pbmc3k-capture1,pbmc3k-public-donor,1194,3741.0,52.0,1.3900027,0.0,0.0,33.0,0.8821171,0.0,0.0,1041.0,27.826782,False,False,False,True,False,False,False,False,False,0.221555965702552,singlet,pbmc3k-capture1,True,
TACTCAACTGCTAG-1,pbmc3k-capture1,pbmc3k-public-donor,794,2242.0,66.0,2.9438002,0.0,0.0,25.0,1.1150758,0.0,0.0,756.0,33.719894,False,False,False,True,False,False,False,False,False,0.160434015935236,singlet,pbmc3k-capture1,True,
TACTCCCTCAGTTG-1,pbmc3k-capture1,pbmc3k-public-donor,606,1556.0,18.0,1.1568123,0.0,0.0,10.0,0.64267355,0.0,0.0,627.0,40.29563,False,False,False,True,False,False,False,False,False,0.153568302270244,singlet,pbmc3k-capture1,True,
TACTCTGAATCGAC-1,pbmc3k-capture1,pbmc3k-public-donor,810,1986.0,36.0,1.8126888,0.0,0.0,8.0,0.40281975,0.0,0.0,467.0,23.5146,False,False,False,True,False,False,False,False,False,0.121787819404011,singlet,pbmc3k-capture1,True,
TACTCTGACGAGTT-1,pbmc3k-capture1,pbmc3k-public-donor,882,2524.0,47.0,1.8621236,0.0,0.0,26.0,1.030111,0.0,0.0,984.0,38.985737,False,False,False,True,False,False,False,False,False,0.406239031388848,singlet,pbmc3k-capture1,True,
TACTCTGATTGACG-1,pbmc3k-capture1,pbmc3k-public-donor,682,1492.0,23.0,1.5415549,0.0,0.0,15.0,1.005362,0.0,0.0,406.0,27.211798,False,False,False,True,False,False,False,False,False,0.0742463310165328,singlet,pbmc3k-capture1,True,
TACTGGGATCGATG-1,pbmc3k-capture1,pbmc3k-public-donor,1126,3823.0,60.0,1.569448,0.0,0.0,56.0,1.4648182,0.0,0.0,1580.0,41.3288,False,False,False,True,False,False,False,False,False,0.440500386378797,singlet,pbmc3k-capture1,True,
TACTGTTGAAAGCA-1,pbmc3k-capture1,pbmc3k-public-donor,792,1991.0,36.0,1.8081367,0.0,0.0,17.0,0.8538423,0.0,0.0,761.0,38.222,False,False,False,True,False,False,False,False,False,0.303509456481833,singlet,pbmc3k-capture1,True,
TACTGTTGAGGCGA-1,pbmc3k-capture1,pbmc3k-public-donor,829,1701.0,47.0,2.7630806,7.0,0.41152263,4.0,0.23515579,0.0,0.0,317.0,18.636097,False,False,False,True,True,False,False,False,False,0.118585826934757,singlet,pbmc3k-capture1,True,
TACTGTTGCTGAAC-1,pbmc3k-capture1,pbmc3k-public-donor,1657,5201.0,166.0,3.1916938,0.0,0.0,13.0,0.24995194,1.0,0.01922707,1629.0,31.3209,False,False,False,True,False,False,True,False,True,0.443467805357187,singlet,pbmc3k-capture1,True,
TACTTGACTCCTCG-1,pbmc3k-capture1,pbmc3k-public-donor,786,1705.0,28.0,1.6422286,0.0,0.0,13.0,0.76246333,0.0,0.0,523.0,30.674488,False,False,False,True,False,False,False,False,False,0.422258225368444,singlet,pbmc3k-capture1,True,
TACTTGACTGGTGT-1,pbmc3k-capture1,pbmc3k-public-donor,610,1599.0,31.0,1.9387116,0.0,0.0,1.0,0.062539086,0.0,0.0,670.0,41.901188,False,False,False,True,False,False,False,False,False,0.0511773777361495,singlet,pbmc3k-capture1,True,
TACTTTCTTTTGGG-1,pbmc3k-capture1,pbmc3k-public-donor,664,1591.0,66.0,4.1483345,0.0,0.0,28.0,1.7598994,0.0,0.0,546.0,34.31804,False,False,False,True,False,False,False,False,False,0.162930793209891,singlet,pbmc3k-capture1,True,
TAGAAACTAATCGC-1,pbmc3k-capture1,pbmc3k-public-donor,790,2208.0,27.0,1.2228261,0.0,0.0,8.0,0.36231884,0.0,0.0,889.0,40.26268,False,False,False,True,False,False,False,False,False,0.136335839599073,singlet,pbmc3k-capture1,True,
TAGAAACTGCTTCC-1,pbmc3k-capture1,pbmc3k-public-donor,852,2211.0,52.0,2.351877,0.0,0.0,29.0,1.3116237,0.0,0.0,647.0,29.262777,False,False,False,True,False,False,False,False,False,0.175705928900145,singlet,pbmc3k-capture1,True,
TAGAAACTGGGATG-1,pbmc3k-capture1,pbmc3k-public-donor,678,1371.0,18.0,1.3129103,1.0,0.07293946,4.0,0.29175785,0.0,0.0,219.0,15.9737425,False,False,False,True,True,False,False,False,False,0.194458327401958,singlet,pbmc3k-capture1,True,
TAGAATTGCGACAT-1,pbmc3k-capture1,pbmc3k-public-donor,589,1742.0,37.0,2.1239955,0.0,0.0,11.0,0.6314581,0.0,0.0,816.0,46.84271,False,False,False,True,False,False,False,False,False,0.104822098969773,singlet,pbmc3k-capture1,True,
TAGAATTGTATCGG-1,pbmc3k-capture1,pbmc3k-public-donor,930,3222.0,66.0,2.048417,0.0,0.0,28.0,0.86902547,0.0,0.0,1422.0,44.13408,False,False,False,True,False,False,False,False,False,0.299651846733355,singlet,pbmc3k-capture1,True,
TAGACGTGCTTGAG-1,pbmc3k-capture1,pbmc3k-public-donor,690,1986.0,67.0,3.3736155,0.0,0.0,6.0,0.3021148,0.0,0.0,869.0,43.756294,False,False,False,True,False,False,False,False,False,0.139520353173498,singlet,pbmc3k-capture1,True,
TAGACGTGTCGCTC-1,pbmc3k-capture1,pbmc3k-public-donor,840,2593.0,26.0,1.0026996,0.0,0.0,27.0,1.0412649,0.0,0.0,1124.0,43.347473,False,False,False,True,False,False,False,False,False,0.210169776923706,singlet,pbmc3k-capture1,True,
TAGAGCACCTTACT-1,pbmc3k-capture1,pbmc3k-public-donor,647,1444.0,29.0,2.0083103,0.0,0.0,47.0,3.2548475,0.0,0.0,479.0,33.171745,False,False,False,True,False,True,False,False,False,0.0547375708834087,singlet,pbmc3k-capture1,True,
TAGATTGACTTGTT-1,pbmc3k-capture1,pbmc3k-public-donor,622,1594.0,55.0,3.4504392,0.0,0.0,2.0,0.12547052,0.0,0.0,612.0,38.39398,False,False,False,True,False,False,False,False,False,0.0955941951342437,singlet,pbmc3k-capture1,True,
TAGATTGAGGCATT-1,pbmc3k-capture1,pbmc3k-public-donor,427,813.0,18.0,2.2140222,0.0,0.0,3.0,0.36900368,0.0,0.0,265.0,32.595325,True,True,False,False,False,False,False,False,False,,not_called_core_qc_fail,pbmc3k-capture1,False,fails_low_genes;fails_low_umis
TAGCATCTCAGCTA-1,pbmc3k-capture1,pbmc3k-public-donor,856,1700.0,21.0,1.2352941,0.0,0.0,5.0,0.29411766,1.0,0.058823526,206.0,12.117647,False,False,False,True,False,False,True,False,False,0.0748937777796915,singlet,pbmc3k-capture1,True,
TAGCATCTCCCTCA-1,pbmc3k-capture1,pbmc3k-public-donor,522,1138.0,30.0,2.636204,0.0,0.0,12.0,1.0544815,0.0,0.0,433.0,38.04921,False,False,False,True,False,False,False,False,False,0.229247750834227,singlet,pbmc3k-capture1,True,
TAGCATCTGCTGTA-1,pbmc3k-capture1,pbmc3k-public-donor,1262,3628.0,81.0,2.232635,0.0,0.0,27.0,0.7442117,0.0,0.0,674.0,18.577728,False,False,False,True,False,False,False,False,False,0.166420273932412,singlet,pbmc3k-capture1,True,
TAGCATCTGGGACA-1,pbmc3k-capture1,pbmc3k-public-donor,722,2069.0,42.0,2.029966,0.0,0.0,32.0,1.5466409,0.0,0.0,857.0,41.420975,False,False,False,True,False,False,False,False,False,0.121041742196202,singlet,pbmc3k-capture1,True,
TAGCATCTTGTCGA-1,pbmc3k-capture1,pbmc3k-public-donor,641,1753.0,26.0,1.4831717,0.0,0.0,19.0,1.0838562,0.0,0.0,787.0,44.894466,False,False,False,True,False,False,False,False,False,0.133626040839343,singlet,pbmc3k-capture1,True,
TAGCCCACAAAAGC-1,pbmc3k-capture1,pbmc3k-public-donor,997,3164.0,42.0,1.3274336,0.0,0.0,32.0,1.011378,0.0,0.0,1275.0,40.297092,False,False,False,True,False,False,False,False,False,0.324365190261186,singlet,pbmc3k-capture1,True,
TAGCCCACAGCCAT-1,pbmc3k-capture1,pbmc3k-public-donor,983,2261.0,50.0,2.211411,0.0,0.0,30.0,1.3268465,0.0,0.0,578.0,25.563911,False,False,False,True,False,False,False,False,False,0.352638406777258,singlet,pbmc3k-capture1,True,
TAGCCCACAGCTAC-1,pbmc3k-capture1,pbmc3k-public-donor,1099,2171.0,63.0,2.9018884,0.0,0.0,7.0,0.32243204,2.0,0.09212344,265.0,12.206356,False,False,False,True,False,False,True,False,False,0.121981484350952,singlet,pbmc3k-capture1,True,
TAGCCCACCCACAA-1,pbmc3k-capture1,pbmc3k-public-donor,607,1986.0,44.0,2.2155085,0.0,0.0,47.0,2.366566,1.0,0.05035247,971.0,48.892246,False,False,False,True,False,True,True,False,False,0.155690657574163,singlet,pbmc3k-capture1,True,
TAGCCCTGCGGAGA-1,pbmc3k-capture1,pbmc3k-public-donor,704,2044.0,100.0,4.892368,0.0,0.0,2.0,0.09784736,0.0,0.0,750.0,36.69276,False,False,False,True,False,False,False,False,False,0.187694820332409,singlet,pbmc3k-capture1,True,
TAGCCGCTTACGAC-1,pbmc3k-capture1,pbmc3k-public-donor,947,2796.0,35.0,1.2517883,0.0,0.0,35.0,1.2517883,0.0,0.0,1078.0,38.55508,False,False,False,True,False,False,False,False,False,0.351981724907158,singlet,pbmc3k-capture1,True,
TAGCCGCTTACTTC-1,pbmc3k-capture1,pbmc3k-public-donor,886,2301.0,40.0,1.7383747,0.0,0.0,26.0,1.1299435,0.0,0.0,729.0,31.681877,False,False,False,True,False,False,False,False,False,0.356008546180951,singlet,pbmc3k-capture1,True,
TAGCCGCTTTCCAT-1,pbmc3k-capture1,pbmc3k-public-donor,1062,3331.0,75.0,2.2515762,0.0,0.0,18.0,0.5403783,0.0,0.0,893.0,26.808765,False,False,False,True,False,False,False,False,False,0.191391667959798,singlet,pbmc3k-capture1,True,
TAGCTACTGAATAG-1,pbmc3k-capture1,pbmc3k-public-donor,659,1645.0,19.0,1.1550152,0.0,0.0,18.0,1.0942249,0.0,0.0,645.0,39.20973,False,False,False,True,False,False,False,False,False,0.0708393297972214,singlet,pbmc3k-capture1,True,
TAGCTACTGTAGCT-1,pbmc3k-capture1,pbmc3k-public-donor,995,2915.0,37.0,1.2692968,0.0,0.0,28.0,0.9605489,0.0,0.0,1174.0,40.27444,False,False,False,True,False,False,False,False,False,0.471416533120682,doublet,pbmc3k-capture1,False,scDblFinder_doublet
TAGCTACTTTTGCT-1,pbmc3k-capture1,pbmc3k-public-donor,492,1079.0,29.0,2.6876738,0.0,0.0,9.0,0.8341056,0.0,0.0,382.0,35.40315,True,True,False,False,False,False,False,False,False,,not_called_core_qc_fail,pbmc3k-capture1,False,fails_low_genes;fails_low_umis
TAGGACTGTGCTGA-1,pbmc3k-capture1,pbmc3k-public-donor,754,1709.0,51.0,2.9842014,0.0,0.0,18.0,1.0532475,0.0,0.0,556.0,32.533646,False,False,False,True,False,False,False,False,False,0.249736653321174,singlet,pbmc3k-capture1,True,
TAGGAGCTAAGGCG-1,pbmc3k-capture1,pbmc3k-public-donor,676,2038.0,63.0,3.091266,0.0,0.0,18.0,0.8832188,0.0,0.0,850.0,41.707558,False,False,False,True,False,False,False,False,False,0.0716744149559209,singlet,pbmc3k-capture1,True,
TAGGAGCTGAGGGT-1,pbmc3k-capture1,pbmc3k-public-donor,837,2596.0,48.0,1.8489984,0.0,0.0,42.0,1.6178737,0.0,0.0,1061.0,40.87057,False,False,False,True,False,False,False,False,False,0.270665222445417,singlet,pbmc3k-capture1,True,
TAGGAGCTTGCATG-1,pbmc3k-capture1,pbmc3k-public-donor,532,1163.0,9.0,0.7738607,0.0,0.0,2.0,0.17196906,0.0,0.0,370.0,31.814274,False,False,False,True,False,False,False,False,False,0.001277815229256,singlet,pbmc3k-capture1,True,
TAGGCAACCGTCTC-1,pbmc3k-capture1,pbmc3k-public-donor,598,1691.0,29.0,1.7149616,0.0,0.0,5.0,0.29568303,0.0,0.0,712.0,42.105263,False,False,False,True,False,False,False,False,False,0.0350466763913012,singlet,pbmc3k-capture1,True,
TAGGCATGCTCTCG-1,pbmc3k-capture1,pbmc3k-public-donor,1274,3106.0,42.0,1.3522215,0.0,0.0,3.0,0.09658725,0.0,0.0,706.0,22.7302,False,False,False,True,False,False,False,False,False,0.210049379945071,singlet,pbmc3k-capture1,True,
TAGGCATGGCGAGA-1,pbmc3k-capture1,pbmc3k-public-donor,921,2403.0,29.0,1.2068248,0.0,0.0,7.0,0.29130253,1.0,0.041614648,876.0,36.454433,False,False,False,True,False,False,True,False,False,0.371628224639126,singlet,pbmc3k-capture1,True,
TAGGCTGATGCCTC-1,pbmc3k-capture1,pbmc3k-public-donor,700,1640.0,24.0,1.4634147,0.0,0.0,19.0,1.1585366,0.0,0.0,399.0,24.32927,False,False,False,True,False,False,False,False,False,0.0773183867801951,singlet,pbmc3k-capture1,True,
TAGGGACTGAACTC-1,pbmc3k-capture1,pbmc3k-public-donor,828,1919.0,53.0,2.7618551,0.0,0.0,34.0,1.771756,0.0,0.0,447.0,23.293383,False,False,False,True,False,False,False,False,False,0.39524395744083,singlet,pbmc3k-capture1,True,
TAGGTCGACACTGA-1,pbmc3k-capture1,pbmc3k-public-donor,828,2469.0,54.0,2.1871204,0.0,0.0,26.0,1.0530579,0.0,0.0,1026.0,41.555286,False,False,False,True,False,False,False,False,False,0.169728945520955,singlet,pbmc3k-capture1,True,
TAGGTCGAGGATCT-1,pbmc3k-capture1,pbmc3k-public-donor,543,1221.0,25.0,2.047502,0.0,0.0,22.0,1.8018018,0.0,0.0,462.0,37.837837,False,False,False,True,False,False,False,False,False,0.0142857142857143,singlet,pbmc3k-capture1,True,
TAGGTGACACACTG-1,pbmc3k-capture1,pbmc3k-public-donor,815,1991.0,73.0,3.6664991,0.0,0.0,29.0,1.4565545,0.0,0.0,696.0,34.957306,False,False,False,True,False,False,False,False,False,0.20042943008093,singlet,pbmc3k-capture1,True,
TAGGTGACACGTTG-1,pbmc3k-capture1,pbmc3k-public-donor,709,1889.0,73.0,3.8644786,0.0,0.0,11.0,0.5823187,1.0,0.052938063,711.0,37.63896,False,False,False,True,False,False,True,False,False,0.0620184622259185,singlet,pbmc3k-capture1,True,
TAGGTGTGTTCTGT-1,pbmc3k-capture1,pbmc3k-public-donor,842,1726.0,52.0,3.012746,0.0,0.0,15.0,0.8690614,1.0,0.057937425,398.0,23.059095,False,False,False,True,False,False,True,False,False,0.271286184605532,singlet,pbmc3k-capture1,True,
TAGGTTCTGAAGGC-1,pbmc3k-capture1,pbmc3k-public-donor,1200,3539.0,67.0,1.8931901,0.0,0.0,22.0,0.62164456,0.0,0.0,1357.0,38.344166,False,False,False,True,False,False,False,False,False,0.522090216962487,doublet,pbmc3k-capture1,False,scDblFinder_doublet
TAGGTTCTTCTTAC-1,pbmc3k-capture1,pbmc3k-public-donor,1126,3246.0,80.0,2.4645717,0.0,0.0,24.0,0.73937154,0.0,0.0,585.0,18.02218,False,False,False,True,False,False,False,False,False,0.13393042607044,singlet,pbmc3k-capture1,True,
TAGGTTCTTGCTGA-1,pbmc3k-capture1,pbmc3k-public-donor,1327,3808.0,69.0,1.8119749,0.0,0.0,31.0,0.81407565,0.0,0.0,877.0,23.030462,False,False,False,True,False,False,False,False,False,0.367044586944303,singlet,pbmc3k-capture1,True,
TAGTAAACCTCGCT-1,pbmc3k-capture1,pbmc3k-public-donor,849,2781.0,53.0,1.9057893,0.0,0.0,28.0,1.0068321,1.0,0.03595829,1287.0,46.278316,False,False,False,True,False,False,True,False,False,0.165741739744187,singlet,pbmc3k-capture1,True,
TAGTAAACGTCACA-1,pbmc3k-capture1,pbmc3k-public-donor,1160,4046.0,86.0,2.125556,1.0,0.024715768,41.0,1.0133464,0.0,0.0,1792.0,44.290657,False,False,False,True,True,False,False,False,False,0.57021989675162,doublet,pbmc3k-capture1,False,scDblFinder_doublet
TAGTAATGAGATCC-1,pbmc3k-capture1,pbmc3k-public-donor,707,1814.0,15.0,0.82690185,0.0,0.0,19.0,1.047409,0.0,0.0,668.0,36.824696,False,False,False,True,False,False,False,False,False,0.101567310818301,singlet,pbmc3k-capture1,True,
TAGTACCTAAGAAC-1,pbmc3k-capture1,pbmc3k-public-donor,675,1663.0,31.0,1.8641009,0.0,0.0,9.0,0.5411906,0.0,0.0,366.0,22.008419,False,False,False,True,False,False,False,False,False,0.0953538015731149,singlet,pbmc3k-capture1,True,
TAGTATGATCTTAC-1,pbmc3k-capture1,pbmc3k-public-donor,709,1833.0,56.0,3.055101,0.0,0.0,12.0,0.6546645,0.0,0.0,728.0,39.716312,False,False,False,True,False,False,False,False,False,0.158938108546614,singlet,pbmc3k-capture1,True,
TAGTATGATTCTCA-1,pbmc3k-capture1,pbmc3k-public-donor,990,3358.0,68.0,2.0250149,0.0,0.0,18.0,0.5360334,0.0,0.0,1452.0,43.24002,False,False,False,True,False,False,False,False,False,0.344744590444097,singlet,pbmc3k-capture1,True,
TAGTCTTGGCTGTA-1,pbmc3k-capture1,pbmc3k-public-donor,270,652.0,0.0,0.0,0.0,0.0,5.0,0.76687115,0.0,0.0,349.0,53.527607,True,True,False,False,False,False,False,False,False,,not_called_core_qc_fail,pbmc3k-capture1,False,fails_low_genes;fails_low_umis
TAGTCTTGGGACTT-1,pbmc3k-capture1,pbmc3k-public-donor,445,945.0,16.0,1.6931217,0.0,0.0,6.0,0.63492066,0.0,0.0,331.0,35.026455,True,True,False,False,False,False,False,False,False,,not_called_core_qc_fail,pbmc3k-capture1,False,fails_low_genes;fails_low_umis
TAGTCTTGTGGAAA-1,pbmc3k-capture1,pbmc3k-public-donor,892,2207.0,78.0,3.5342093,0.0,0.0,32.0,1.4499321,1.0,0.045310378,648.0,29.361122,False,False,False,True,False,False,True,False,False,0.286259481870592,singlet,pbmc3k-capture1,True,
TAGTGGTGAAGTGA-1,pbmc3k-capture1,pbmc3k-public-donor,1040,2006.0,72.0,3.5892322,0.0,0.0,2.0,0.0997009,0.0,0.0,255.0,12.711864,False,False,False,True,False,False,False,False,False,0.198029783236726,singlet,pbmc3k-capture1,True,
TAGTTAGAACCACA-1,pbmc3k-capture1,pbmc3k-public-donor,832,1737.0,27.0,1.5544041,9.0,0.5181347,9.0,0.5181347,0.0,0.0,297.0,17.098446,False,False,False,True,True,False,False,False,False,0.15062292166799,singlet,pbmc3k-capture1,True,
TAGTTAGATGAACC-1,pbmc3k-capture1,pbmc3k-public-donor,815,2217.0,34.0,1.5336039,0.0,0.0,4.0,0.18042399,0.0,0.0,862.0,38.88137,False,False,False,True,False,False,False,False,False,0.204984481489176,singlet,pbmc3k-capture1,True,
TATAAGACAACAGA-1,pbmc3k-capture1,pbmc3k-public-donor,437,982.0,48.0,4.887984,0.0,0.0,11.0,1.120163,0.0,0.0,368.0,37.474545,True,True,False,False,False,False,False,False,False,,not_called_core_qc_fail,pbmc3k-capture1,False,fails_low_genes;fails_low_umis
TATAAGACAGCTCA-1,pbmc3k-capture1,pbmc3k-public-donor,1401,4150.0,91.0,2.192771,0.0,0.0,33.0,0.79518074,0.0,0.0,702.0,16.915663,False,False,False,True,False,False,False,False,False,0.150987327461197,singlet,pbmc3k-capture1,True,
TATAAGTGACACCA-1,pbmc3k-capture1,pbmc3k-public-donor,1341,3900.0,168.0,4.307692,0.0,0.0,14.0,0.35897434,0.0,0.0,636.0,16.307692,False,False,False,True,False,False,False,False,False,0.0774238226780662,singlet,pbmc3k-capture1,True,
TATAAGTGTATCGG-1,pbmc3k-capture1,pbmc3k-public-donor,480,973.0,16.0,1.6443988,0.0,0.0,8.0,0.8221994,0.0,0.0,196.0,20.143885,True,True,False,False,False,False,False,False,False,,not_called_core_qc_fail,pbmc3k-capture1,False,fails_low_genes;fails_low_umis
TATAAGTGTGGTGT-1,pbmc3k-capture1,pbmc3k-public-donor,1517,4913.0,120.0,2.4424994,0.0,0.0,75.0,1.5265622,1.0,0.020354163,965.0,19.641768,False,False,False,True,False,False,True,False,True,0.219026577342197,singlet,pbmc3k-capture1,True,
TATACAGAACCCTC-1,pbmc3k-capture1,pbmc3k-public-donor,704,1976.0,47.0,2.3785424,0.0,0.0,5.0,0.25303644,0.0,0.0,753.0,38.10729,False,False,False,True,False,False,False,False,False,0.197606208598624,singlet,pbmc3k-capture1,True,
TATACAGAAGAACA-1,pbmc3k-capture1,pbmc3k-public-donor,622,1662.0,26.0,1.5643803,0.0,0.0,10.0,0.60168475,0.0,0.0,739.0,44.4645,False,False,False,True,False,False,False,False,False,0.128641464144561,singlet,pbmc3k-capture1,True,
TATACAGATCCAGA-1,pbmc3k-capture1,pbmc3k-public-donor,823,2249.0,41.0,1.8230325,0.0,0.0,23.0,1.0226767,1.0,0.04446421,843.0,37.483326,False,False,False,True,False,False,True,False,False,0.232935978591515,singlet,pbmc3k-capture1,True,
TATACCACCTGATG-1,pbmc3k-capture1,pbmc3k-public-donor,731,1972.0,67.0,3.397566,0.0,0.0,15.0,0.7606491,0.0,0.0,782.0,39.655174,False,False,False,True,False,False,False,False,False,0.0411641134819438,singlet,pbmc3k-capture1,True,
TATACGCTACCAAC-1,pbmc3k-capture1,pbmc3k-public-donor,781,2144.0,32.0,1.4925373,0.0,0.0,6.0,0.27985075,0.0,0.0,819.0,38.199627,False,False,False,True,False,False,False,False,False,0.250717011678134,singlet,pbmc3k-capture1,True,
TATAGATGGACGGA-1,pbmc3k-capture1,pbmc3k-public-donor,849,2088.0,30.0,1.4367816,0.0,0.0,2.0,0.09578544,0.0,0.0,690.0,33.04598,False,False,False,True,False,False,False,False,False,0.223463630882825,singlet,pbmc3k-capture1,True,
TATAGATGTTCCGC-1,pbmc3k-capture1,pbmc3k-public-donor,1209,3650.0,115.0,3.1506848,0.0,0.0,45.0,1.2328768,0.0,0.0,728.0,19.945206,False,False,False,True,False,False,False,False,False,0.177600868870241,singlet,pbmc3k-capture1,True,
TATCACTGACTGTG-1,pbmc3k-capture1,pbmc3k-public-donor,511,1289.0,71.0,5.508146,0.0,0.0,13.0,1.0085338,0.0,0.0,321.0,24.903027,False,False,True,False,False,False,False,False,False,,not_called_core_qc_fail,pbmc3k-capture1,False,fails_mt
TATCCAACCAGCTA-1,pbmc3k-capture1,pbmc3k-public-donor,472,1074.0,16.0,1.4897579,0.0,0.0,10.0,0.9310987,0.0,0.0,263.0,24.487896,True,True,False,False,False,False,False,False,False,,not_called_core_qc_fail,pbmc3k-capture1,False,fails_low_genes;fails_low_umis
TATCCAACTCTCTA-1,pbmc3k-capture1,pbmc3k-public-donor,838,1973.0,54.0,2.7369487,0.0,0.0,19.0,0.9630005,0.0,0.0,669.0,33.907753,False,False,False,True,False,False,False,False,False,0.198291721441165,singlet,pbmc3k-capture1,True,
TATCGACTACTAGC-1,pbmc3k-capture1,pbmc3k-public-donor,643,1478.0,37.0,2.503383,0.0,0.0,3.0,0.202977,0.0,0.0,554.0,37.483086,False,False,False,True,False,False,False,False,False,0.327914063315899,singlet,pbmc3k-capture1,True,
TATCGACTCGATAC-1,pbmc3k-capture1,pbmc3k-public-donor,1101,3151.0,82.0,2.6023486,0.0,0.0,58.0,1.8406855,0.0,0.0,631.0,20.025389,False,False,False,True,False,False,False,False,False,0.267439846935993,singlet,pbmc3k-capture1,True,
TATCGTACAGATGA-1,pbmc3k-capture1,pbmc3k-public-donor,879,2185.0,55.0,2.5171626,0.0,0.0,15.0,0.6864989,1.0,0.045766592,680.0,31.12128,False,False,False,True,False,False,True,False,False,0.41686301018015,singlet,pbmc3k-capture1,True,
TATCGTACATTCCT-1,pbmc3k-capture1,pbmc3k-public-donor,895,2324.0,56.0,2.4096384,0.0,0.0,20.0,0.86058515,0.0,0.0,504.0,21.686749,False,False,False,True,False,False,False,False,False,0.261366394288416,singlet,pbmc3k-capture1,True,
TATCTCGAGAGATA-1,pbmc3k-capture1,pbmc3k-public-donor,408,1174.0,16.0,1.362862,0.0,0.0,3.0,0.25553665,0.0,0.0,523.0,44.548553,True,False,False,False,False,False,False,False,False,,not_called_core_qc_fail,pbmc3k-capture1,False,fails_low_genes
TATCTGACAGGTTC-1,pbmc3k-capture1,pbmc3k-public-donor,832,1888.0,47.0,2.4894068,0.0,0.0,13.0,0.68855935,0.0,0.0,490.0,25.953392,False,False,False,True,False,False,False,False,False,0.183829862960507,singlet,pbmc3k-capture1,True,
TATCTGACTGTTTC-1,pbmc3k-capture1,pbmc3k-public-donor,845,2662.0,34.0,1.2772352,0.0,0.0,40.0,1.5026295,0.0,0.0,1089.0,40.909092,False,False,False,True,False,False,False,False,False,0.346845290664537,singlet,pbmc3k-capture1,True,
TATCTTCTAAACAG-1,pbmc3k-capture1,pbmc3k-public-donor,928,3051.0,63.0,2.0648968,0.0,0.0,29.0,0.950508,0.0,0.0,1323.0,43.36283,False,False,False,True,False,False,False,False,False,0.309927794043096,singlet,pbmc3k-capture1,True,
TATGAATGGAGGAC-1,pbmc3k-capture1,pbmc3k-public-donor,920,2033.0,21.0,1.0329562,0.0,0.0,1.0,0.04918839,0.0,0.0,416.0,20.462372,False,False,False,True,False,False,False,False,False,0.247131279660066,singlet,pbmc3k-capture1,True,
TATGAATGTTTGCT-1,pbmc3k-capture1,pbmc3k-public-donor,1269,3725.0,96.0,2.577181,0.0,0.0,25.0,0.67114097,0.0,0.0,797.0,21.395973,False,False,False,True,False,False,False,False,False,0.139936370265676,singlet,pbmc3k-capture1,True,
TATGCGGATAACCG-1,pbmc3k-capture1,pbmc3k-public-donor,652,1373.0,46.0,3.350328,0.0,0.0,5.0,0.36416605,0.0,0.0,366.0,26.656956,False,False,False,True,False,False,False,False,False,0.127073645912488,singlet,pbmc3k-capture1,True,
TATGGGTGCATCAG-1,pbmc3k-capture1,pbmc3k-public-donor,1463,3551.0,42.0,1.1827654,0.0,0.0,9.0,0.25344974,3.0,0.08448324,497.0,13.9960575,False,False,False,True,False,False,True,False,False,0.286396106669608,singlet,pbmc3k-capture1,True,
TATGGGTGCTAGCA-1,pbmc3k-capture1,pbmc3k-public-donor,840,2023.0,47.0,2.3232822,0.0,0.0,6.0,0.29658923,0.0,0.0,621.0,30.696985,False,False,False,True,False,False,False,False,False,0.224689359457921,singlet,pbmc3k-capture1,True,
TATGGTCTCTACCC-1,pbmc3k-capture1,pbmc3k-public-donor,706,1898.0,47.0,2.4762907,0.0,0.0,19.0,1.0010538,0.0,0.0,810.0,42.676502,False,False,False,True,False,False,False,False,False,0.216525556835094,singlet,pbmc3k-capture1,True,
TATGTCACGGAACG-1,pbmc3k-capture1,pbmc3k-public-donor,956,3336.0,85.0,2.5479617,0.0,0.0,30.0,0.8992806,0.0,0.0,1427.0,42.77578,False,False,False,True,False,False,False,False,False,0.232673242436713,singlet,pbmc3k-capture1,True,
TATGTCACTAACCG-1,pbmc3k-capture1,pbmc3k-public-donor,1219,3467.0,63.0,1.817133,0.0,0.0,84.0,2.422844,0.0,0.0,743.0,21.430632,False,False,False,True,False,True,False,False,False,0.255023251484708,singlet,pbmc3k-capture1,True,
TATGTCACTTCTCA-1,pbmc3k-capture1,pbmc3k-public-donor,612,1388.0,41.0,2.9538906,0.0,0.0,13.0,0.93659943,0.0,0.0,432.0,31.123919,False,False,False,True,False,False,False,False,False,0.093775524239294,singlet,pbmc3k-capture1,True,
TATGTGCTCCGATA-1,pbmc3k-capture1,pbmc3k-public-donor,970,2912.0,48.0,1.6483518,0.0,0.0,20.0,0.6868132,0.0,0.0,633.0,21.737637,False,False,False,True,False,False,False,False,False,0.180132810842532,singlet,pbmc3k-capture1,True,
TATGTGCTGGATTC-1,pbmc3k-capture1,pbmc3k-public-donor,789,2276.0,19.0,0.83479786,0.0,0.0,31.0,1.3620387,1.0,0.043936733,885.0,38.884007,False,False,False,True,False,False,True,False,False,0.185784191394283,singlet,pbmc3k-capture1,True,
TATTGCTGAAGAAC-1,pbmc3k-capture1,pbmc3k-public-donor,382,805.0,31.0,3.8509316,0.0,0.0,10.0,1.242236,0.0,0.0,176.0,21.863356,True,True,False,False,False,False,False,False,False,,not_called_core_qc_fail,pbmc3k-capture1,False,fails_low_genes;fails_low_umis
TATTGCTGCCGTTC-1,pbmc3k-capture1,pbmc3k-public-donor,533,1289.0,63.0,4.88751,0.0,0.0,9.0,0.69821566,0.0,0.0,566.0,43.910007,False,False,False,True,False,False,False,False,False,0.158514846652625,singlet,pbmc3k-capture1,True,
TATTGCTGTCTGGA-1,pbmc3k-capture1,pbmc3k-public-donor,627,2093.0,44.0,2.1022456,0.0,0.0,8.0,0.38222647,0.0,0.0,1017.0,48.59054,False,False,False,True,False,False,False,False,False,0.166547121639864,singlet,pbmc3k-capture1,True,
TATTGCTGTGCACA-1,pbmc3k-capture1,pbmc3k-public-donor,388,780.0,24.0,3.0769231,0.0,0.0,1.0,0.12820514,0.0,0.0,284.0,36.410255,True,True,False,False,False,False,False,False,False,,not_called_core_qc_fail,pbmc3k-capture1,False,fails_low_genes;fails_low_umis
TATTTCCTATTGGC-1,pbmc3k-capture1,pbmc3k-public-donor,655,1638.0,31.0,1.892552,0.0,0.0,15.0,0.915751,0.0,0.0,465.0,28.388279,False,False,False,True,False,False,False,False,False,0.0820601051485462,singlet,pbmc3k-capture1,True,
TATTTCCTGGAGGT-1,pbmc3k-capture1,pbmc3k-public-donor,1103,2265.0,41.0,1.8101546,0.0,0.0,16.0,0.70640177,0.0,0.0,478.0,21.103754,False,False,False,True,False,False,False,False,False,0.32812486013924,singlet,pbmc3k-capture1,True,
TATTTCCTGGTGTT-1,pbmc3k-capture1,pbmc3k-public-donor,782,2209.0,20.0,0.905387,0.0,0.0,37.0,1.674966,1.0,0.04526935,956.0,43.277504,False,False,False,True,False,False,True,False,False,0.141310846756048,singlet,pbmc3k-capture1,True,
TCAACACTGTTTGG-1,pbmc3k-capture1,pbmc3k-public-donor,1231,2765.0,67.0,2.4231465,0.0,0.0,14.0,0.5063291,0.0,0.0,508.0,18.372513,False,False,False,True,False,False,False,False,False,0.204963625226747,singlet,pbmc3k-capture1,True,
TCAAGGACAGCGTT-1,pbmc3k-capture1,pbmc3k-public-donor,617,1738.0,26.0,1.4959724,0.0,0.0,17.0,0.97813576,0.0,0.0,799.0,45.97238,False,False,False,True,False,False,False,False,False,0.17670982119511,singlet,pbmc3k-capture1,True,
TCAAGGACATTCTC-1,pbmc3k-capture1,pbmc3k-public-donor,589,1218.0,22.0,1.8062398,0.0,0.0,4.0,0.32840723,0.0,0.0,291.0,23.891626,False,False,False,True,False,False,False,False,False,0.133183809753594,singlet,pbmc3k-capture1,True,
TCAAGGACGGTGTT-1,pbmc3k-capture1,pbmc3k-public-donor,758,2074.0,21.0,1.0125362,0.0,0.0,34.0,1.6393442,0.0,0.0,588.0,28.351011,False,False,False,True,False,False,False,False,False,0.116221157426679,singlet,pbmc3k-capture1,True,
TCAATCACACTCTT-1,pbmc3k-capture1,pbmc3k-public-donor,882,2134.0,59.0,2.764761,0.0,0.0,13.0,0.6091846,0.0,0.0,636.0,29.803186,False,False,False,True,False,False,False,False,False,0.248314468149968,singlet,pbmc3k-capture1,True,
TCAATCACAGTCGT-1,pbmc3k-capture1,pbmc3k-public-donor,909,2583.0,83.0,3.2133176,0.0,0.0,19.0,0.7355788,0.0,0.0,522.0,20.209059,False,False,False,True,False,False,False,False,False,0.119130432320033,singlet,pbmc3k-capture1,True,
TCACAACTATGTGC-1,pbmc3k-capture1,pbmc3k-public-donor,661,1839.0,36.0,1.9575857,0.0,0.0,21.0,1.141925,0.0,0.0,756.0,41.1093,False,False,False,True,False,False,False,False,False,0.183730087293443,singlet,pbmc3k-capture1,True,
TCACAACTTTGCTT-1,pbmc3k-capture1,pbmc3k-public-donor,558,1300.0,44.0,3.3846154,0.0,0.0,4.0,0.30769232,0.0,0.0,332.0,25.538462,False,False,False,True,False,False,False,False,False,0.100816574583856,singlet,pbmc3k-capture1,True,
TCACATACACTTTC-1,pbmc3k-capture1,pbmc3k-public-donor,947,2580.0,41.0,1.5891473,0.0,0.0,40.0,1.5503876,0.0,0.0,954.0,36.97674,False,False,False,True,False,False,False,False,False,0.528399738162523,doublet,pbmc3k-capture1,False,scDblFinder_doublet
TCACATACAGGGTG-1,pbmc3k-capture1,pbmc3k-public-donor,491,1203.0,20.0,1.6625104,0.0,0.0,10.0,0.8312552,0.0,0.0,544.0,45.220284,True,False,False,False,False,False,False,False,False,,not_called_core_qc_fail,pbmc3k-capture1,False,fails_low_genes
TCACCCGAGACGGA-1,pbmc3k-capture1,pbmc3k-public-donor,1386,4220.0,91.0,2.156398,0.0,0.0,42.0,0.99526066,0.0,0.0,874.0,20.710901,False,False,False,True,False,False,False,False,False,0.313448441355384,singlet,pbmc3k-capture1,True,
TCACCGTGCTCGCT-1,pbmc3k-capture1,pbmc3k-public-donor,1481,4576.0,160.0,3.4965034,0.0,0.0,47.0,1.027098,0.0,0.0,912.0,19.93007,False,False,False,True,False,False,False,False,True,0.279107580967483,singlet,pbmc3k-capture1,True,
TCACCTCTACGACT-1,pbmc3k-capture1,pbmc3k-public-donor,823,2131.0,77.0,3.613327,0.0,0.0,28.0,1.3139371,0.0,0.0,692.0,32.47302,False,False,False,True,False,False,False,False,False,0.167944934477416,singlet,pbmc3k-capture1,True,
TCACCTCTTCCAAG-1,pbmc3k-capture1,pbmc3k-public-donor,1064,2765.0,71.0,2.567812,0.0,0.0,9.0,0.3254973,0.0,0.0,406.0,14.683544,False,False,False,True,False,False,False,False,False,0.0661262942047637,singlet,pbmc3k-capture1,True,
TCACGAGAGGAGGT-1,pbmc3k-capture1,pbmc3k-public-donor,681,1644.0,32.0,1.946472,0.0,0.0,18.0,1.0948905,0.0,0.0,629.0,38.26034,False,False,False,True,False,False,False,False,False,0.106605485620254,singlet,pbmc3k-capture1,True,
TCACTATGGGGCAA-1,pbmc3k-capture1,pbmc3k-public-donor,652,1431.0,27.0,1.8867924,0.0,0.0,1.0,0.0698812,0.0,0.0,433.0,30.25856,False,False,False,True,False,False,False,False,False,0.185365145282318,singlet,pbmc3k-capture1,True,
TCACTATGGTTGTG-1,pbmc3k-capture1,pbmc3k-public-donor,363,808.0,5.0,0.6188119,0.0,0.0,1.0,0.12376238,0.0,0.0,399.0,49.381187,True,True,False,False,False,False,False,False,False,,not_called_core_qc_fail,pbmc3k-capture1,False,fails_low_genes;fails_low_umis
TCAGACGACGCTAA-1,pbmc3k-capture1,pbmc3k-public-donor,824,2309.0,29.0,1.255955,0.0,0.0,15.0,0.64963186,1.0,0.043308794,871.0,37.72196,False,False,False,True,False,False,True,False,False,0.252952845855965,singlet,pbmc3k-capture1,True,
TCAGACGACGTTAG-1,pbmc3k-capture1,pbmc3k-public-donor,933,2038.0,39.0,1.9136409,1.0,0.049067713,20.0,0.98135424,2.0,0.09813543,335.0,16.437683,False,False,False,True,True,False,True,False,False,0.173574531176373,singlet,pbmc3k-capture1,True,
TCAGAGACTCCAGA-1,pbmc3k-capture1,pbmc3k-public-donor,611,2093.0,31.0,1.4811275,0.0,0.0,5.0,0.23889156,0.0,0.0,1060.0,50.645004,False,False,False,True,False,False,False,False,False,0.106230309348806,singlet,pbmc3k-capture1,True,
TCAGCAGACTCCAC-1,pbmc3k-capture1,pbmc3k-public-donor,886,2640.0,29.0,1.0984849,0.0,0.0,37.0,1.4015151,0.0,0.0,1166.0,44.166668,False,False,False,True,False,False,False,False,False,0.242124394755149,singlet,pbmc3k-capture1,True,
TCAGCGCTCTAGTG-1,pbmc3k-capture1,pbmc3k-public-donor,806,1781.0,48.0,2.695115,0.0,0.0,18.0,1.0106682,0.0,0.0,509.0,28.579449,False,False,False,True,False,False,False,False,False,0.190988735905337,singlet,pbmc3k-capture1,True,
TCAGCGCTGGATCT-1,pbmc3k-capture1,pbmc3k-public-donor,531,1276.0,26.0,2.0376177,0.0,0.0,2.0,0.1567398,0.0,0.0,398.0,31.191223,False,False,False,True,False,False,False,False,False,0.0288100999995872,singlet,pbmc3k-capture1,True,
TCAGCGCTGGTATC-1,pbmc3k-capture1,pbmc3k-public-donor,864,2363.0,71.0,3.0046551,0.0,0.0,38.0,1.6081253,0.0,0.0,764.0,32.331783,False,False,False,True,False,False,False,False,False,0.19419653361528,singlet,pbmc3k-capture1,True,
TCAGGATGAAGTAG-1,pbmc3k-capture1,pbmc3k-public-donor,648,1623.0,20.0,1.2322859,0.0,0.0,5.0,0.30807146,1.0,0.061614294,678.0,41.77449,False,False,False,True,False,False,True,False,False,0.0879379535788826,singlet,pbmc3k-capture1,True,
TCAGGATGCCTTTA-1,pbmc3k-capture1,pbmc3k-public-donor,1142,3122.0,81.0,2.5944908,0.0,0.0,18.0,0.57655346,0.0,0.0,558.0,17.873158,False,False,False,True,False,False,False,False,False,0.0966284639832454,singlet,pbmc3k-capture1,True,
TCAGTGGAAGATCC-1,pbmc3k-capture1,pbmc3k-public-donor,736,1688.0,32.0,1.8957347,0.0,0.0,12.0,0.7109004,0.0,0.0,529.0,31.338861,False,False,False,True,False,False,False,False,False,0.313309838670853,singlet,pbmc3k-capture1,True,
TCAGTTACCTACGA-1,pbmc3k-capture1,pbmc3k-public-donor,955,2574.0,69.0,2.6806526,0.0,0.0,22.0,0.8547009,0.0,0.0,473.0,18.376068,False,False,False,True,False,False,False,False,False,0.115640437432466,singlet,pbmc3k-capture1,True,
TCAGTTACTAGAAG-1,pbmc3k-capture1,pbmc3k-public-donor,826,2239.0,28.0,1.2505583,0.0,0.0,29.0,1.2952211,0.0,0.0,862.0,38.499332,False,False,False,True,False,False,False,False,False,0.141608875523664,singlet,pbmc3k-capture1,True,
TCATCAACCCGATA-1,pbmc3k-capture1,pbmc3k-public-donor,725,2340.0,52.0,2.2222223,0.0,0.0,32.0,1.3675214,0.0,0.0,1043.0,44.572647,False,False,False,True,False,False,False,False,False,0.104821416541909,singlet,pbmc3k-capture1,True,
TCATCAACTGTTCT-1,pbmc3k-capture1,pbmc3k-public-donor,1174,4052.0,111.0,2.739388,0.0,0.0,32.0,0.7897335,0.0,0.0,1005.0,24.802567,False,False,False,True,False,False,False,False,False,0.235670256308186,singlet,pbmc3k-capture1,True,
TCATCATGCAGTTG-1,pbmc3k-capture1,pbmc3k-public-donor,841,2220.0,30.0,1.3513514,0.0,0.0,32.0,1.4414415,0.0,0.0,894.0,40.270267,False,False,False,True,False,False,False,False,False,0.361563431578817,singlet,pbmc3k-capture1,True,
TCATCCCTTACTGG-1,pbmc3k-capture1,pbmc3k-public-donor,1006,2834.0,39.0,1.3761468,0.0,0.0,42.0,1.4820042,0.0,0.0,1068.0,37.68525,False,False,False,True,False,False,False,False,False,0.372401846704762,singlet,pbmc3k-capture1,True,
TCATTCGATACAGC-1,pbmc3k-capture1,pbmc3k-public-donor,1418,4631.0,138.0,2.979918,0.0,0.0,38.0,0.8205571,0.0,0.0,834.0,18.00907,False,False,False,True,False,False,False,False,True,0.163061556210459,singlet,pbmc3k-capture1,True,
TCCACGTGGAAACA-1,pbmc3k-capture1,pbmc3k-public-donor,955,3201.0,51.0,1.5932521,0.0,0.0,32.0,0.9996876,1.0,0.031240238,1362.0,42.549206,False,False,False,True,False,False,True,False,False,0.486210909990758,doublet,pbmc3k-capture1,False,scDblFinder_doublet
TCCACTCTACACTG-1,pbmc3k-capture1,pbmc3k-public-donor,829,2049.0,14.0,0.6832601,0.0,0.0,30.0,1.4641289,0.0,0.0,618.0,30.161053,False,False,False,True,False,False,False,False,False,0.205808754642145,singlet,pbmc3k-capture1,True,
TCCACTCTGAGCTT-1,pbmc3k-capture1,pbmc3k-public-donor,1038,3186.0,80.0,2.5109856,0.0,0.0,61.0,1.9146266,0.0,0.0,788.0,24.733208,False,False,False,True,False,True,False,False,False,0.235664488593002,singlet,pbmc3k-capture1,True,
TCCACTCTTACTTC-1,pbmc3k-capture1,pbmc3k-public-donor,632,1502.0,11.0,0.73235685,0.0,0.0,24.0,1.5978696,0.0,0.0,568.0,37.816246,False,False,False,True,False,False,False,False,False,0.0662340562448917,singlet,pbmc3k-capture1,True,
TCCATAACAAAGTG-1,pbmc3k-capture1,pbmc3k-public-donor,750,2226.0,50.0,2.2461815,0.0,0.0,24.0,1.0781671,0.0,0.0,965.0,43.351303,False,False,False,True,False,False,False,False,False,0.121579440606717,singlet,pbmc3k-capture1,True,
TCCATAACCGTAGT-1,pbmc3k-capture1,pbmc3k-public-donor,846,2093.0,21.0,1.0033444,0.0,0.0,19.0,0.90778786,0.0,0.0,643.0,30.721453,False,False,False,True,False,False,False,False,False,0.192203558460063,singlet,pbmc3k-capture1,True,
TCCATAACGATGAA-1,pbmc3k-capture1,pbmc3k-public-donor,1033,2555.0,41.0,1.6046968,0.0,0.0,40.0,1.5655577,0.0,0.0,918.0,35.92955,False,False,False,True,False,False,False,False,False,0.499718775817695,doublet,pbmc3k-capture1,False,scDblFinder_doublet
TCCATAACTACGCA-1,pbmc3k-capture1,pbmc3k-public-donor,859,2497.0,44.0,1.7621145,0.0,0.0,21.0,0.84100926,0.0,0.0,1056.0,42.29075,False,False,False,True,False,False,False,False,False,0.286995838231168,singlet,pbmc3k-capture1,True,
TCCATCCTCCCTAC-1,pbmc3k-capture1,pbmc3k-public-donor,890,2010.0,43.0,2.1393034,0.0,0.0,10.0,0.49751243,0.0,0.0,525.0,26.119402,False,False,False,True,False,False,False,False,False,0.183570284135048,singlet,pbmc3k-capture1,True,
TCCCACGATCATTC-1,pbmc3k-capture1,pbmc3k-public-donor,893,2636.0,28.0,1.0622154,0.0,0.0,31.0,1.1760243,0.0,0.0,1112.0,42.185127,False,False,False,True,False,False,False,False,False,0.421624908176228,singlet,pbmc3k-capture1,True,
TCCCATCTCAAAGA-1,pbmc3k-capture1,pbmc3k-public-donor,1030,3217.0,64.0,1.9894311,0.0,0.0,15.0,0.46627292,0.0,0.0,602.0,18.713087,False,False,False,True,False,False,False,False,False,0.292411184013484,singlet,pbmc3k-capture1,True,
TCCCGAACACAGTC-1,pbmc3k-capture1,pbmc3k-public-donor,913,1722.0,61.0,3.5423927,1.0,0.05807201,10.0,0.58072007,0.0,0.0,324.0,18.81533,False,False,False,True,True,False,False,False,False,0.0751754699210667,singlet,pbmc3k-capture1,True,
TCCCGAACTTCGCC-1,pbmc3k-capture1,pbmc3k-public-donor,1385,4180.0,101.0,2.4162679,0.0,0.0,26.0,0.6220096,0.0,0.0,747.0,17.870813,False,False,False,True,False,False,False,False,False,0.186800647356623,singlet,pbmc3k-capture1,True,
TCCCGATGAGATCC-1,pbmc3k-capture1,pbmc3k-public-donor,750,1773.0,37.0,2.0868585,0.0,0.0,24.0,1.3536379,0.0,0.0,627.0,35.36379,False,False,False,True,False,False,False,False,False,0.274388159885199,singlet,pbmc3k-capture1,True,
TCCCGATGCCTGAA-1,pbmc3k-capture1,pbmc3k-public-donor,416,810.0,17.0,2.0987654,0.0,0.0,14.0,1.728395,0.0,0.0,150.0,18.518518,True,True,False,False,False,False,False,False,False,,not_called_core_qc_fail,pbmc3k-capture1,False,fails_low_genes;fails_low_umis
TCCCGATGCTGTGA-1,pbmc3k-capture1,pbmc3k-public-donor,740,1888.0,99.0,5.243644,0.0,0.0,29.0,1.536017,0.0,0.0,669.0,35.434322,False,False,True,False,False,False,False,False,False,,not_called_core_qc_fail,pbmc3k-capture1,False,fails_mt
TCCCTACTCAACTG-1,pbmc3k-capture1,pbmc3k-public-donor,703,1717.0,25.0,1.456028,0.0,0.0,13.0,0.7571345,0.0,0.0,668.0,38.905067,False,False,False,True,False,False,False,False,False,0.0742123731132046,singlet,pbmc3k-capture1,True,
TCCGAAGACAATCG-1,pbmc3k-capture1,pbmc3k-public-donor,522,1103.0,18.0,1.631913,0.0,0.0,8.0,0.72529465,0.0,0.0,188.0,17.044426,False,True,False,False,False,False,False,False,False,,not_called_core_qc_fail,pbmc3k-capture1,False,fails_low_umis
TCCGAAGACGTTAG-1,pbmc3k-capture1,pbmc3k-public-donor,856,2866.0,50.0,1.7445918,0.0,0.0,49.0,1.7097,0.0,0.0,1222.0,42.63782,False,False,False,True,False,False,False,False,False,0.265355429508448,singlet,pbmc3k-capture1,True,
TCCGGACTGAGGTG-1,pbmc3k-capture1,pbmc3k-public-donor,914,2387.0,21.0,0.8797654,0.0,0.0,38.0,1.5919564,0.0,0.0,869.0,36.40553,False,False,False,True,False,False,False,False,False,0.186138153490272,singlet,pbmc3k-capture1,True,
TCCGGACTGTACGT-1,pbmc3k-capture1,pbmc3k-public-donor,742,1942.0,51.0,2.6261587,0.0,0.0,37.0,1.9052522,0.0,0.0,664.0,34.191555,False,False,False,True,False,True,False,False,False,0.142623025038455,singlet,pbmc3k-capture1,True,
TCCTAAACATCGAC-1,pbmc3k-capture1,pbmc3k-public-donor,381,893.0,7.0,0.7838746,0.0,0.0,14.0,1.5677491,0.0,0.0,388.0,43.449047,True,True,False,False,False,False,False,False,False,,not_called_core_qc_fail,pbmc3k-capture1,False,fails_low_genes;fails_low_umis
TCCTAAACCGAGAG-1,pbmc3k-capture1,pbmc3k-public-donor,1079,3321.0,88.0,2.649804,0.0,0.0,41.0,1.2345679,0.0,0.0,1229.0,37.006927,False,False,False,True,False,False,False,False,False,0.429403478902551,singlet,pbmc3k-capture1,True,
TCCTAAACCGCATA-1,pbmc3k-capture1,pbmc3k-public-donor,671,1386.0,30.0,2.1645021,1.0,0.072150074,43.0,3.102453,0.0,0.0,290.0,20.923521,False,False,False,True,True,True,False,False,False,0.0768155793898822,singlet,pbmc3k-capture1,True,
TCCTAATGGTTTGG-1,pbmc3k-capture1,pbmc3k-public-donor,1101,2660.0,45.0,1.6917294,0.0,0.0,17.0,0.63909775,1.0,0.037593987,599.0,22.518797,False,False,False,True,False,False,True,False,False,0.361168516474834,singlet,pbmc3k-capture1,True,
TCCTACCTGTCGTA-1,pbmc3k-capture1,pbmc3k-public-donor,858,2508.0,26.0,1.0366826,0.0,0.0,33.0,1.3157895,0.0,0.0,976.0,38.91547,False,False,False,True,False,False,False,False,False,0.151590476009327,singlet,pbmc3k-capture1,True,
TCCTATGAAAAGCA-1,pbmc3k-capture1,pbmc3k-public-donor,663,1545.0,34.0,2.2006474,0.0,0.0,0.0,0.0,0.0,0.0,483.0,31.262135,False,False,False,True,False,False,False,False,False,0.136450520409728,singlet,pbmc3k-capture1,True,
TCGAATCTCTGGTA-1,pbmc3k-capture1,pbmc3k-public-donor,581,1305.0,31.0,2.3754787,1.0,0.07662836,2.0,0.15325671,0.0,0.0,464.0,35.555557,False,False,False,True,True,False,False,False,False,0.142055561614251,singlet,pbmc3k-capture1,True,
TCGACCTGCCGATA-1,pbmc3k-capture1,pbmc3k-public-donor,845,2173.0,32.0,1.4726186,0.0,0.0,23.0,1.0584446,0.0,0.0,438.0,20.156466,False,False,False,True,False,False,False,False,False,0.22584941959882,singlet,pbmc3k-capture1,True,
TCGACGCTTCTATC-1,pbmc3k-capture1,pbmc3k-public-donor,881,2541.0,26.0,1.0232192,0.0,0.0,17.0,0.669028,0.0,0.0,694.0,27.312082,False,False,False,True,False,False,False,False,False,0.195263852096345,singlet,pbmc3k-capture1,True,
TCGACGCTTTGACG-1,pbmc3k-capture1,pbmc3k-public-donor,823,2196.0,70.0,3.187614,0.0,0.0,22.0,1.0018215,0.0,0.0,801.0,36.47541,False,False,False,True,False,False,False,False,False,0.244413048527625,singlet,pbmc3k-capture1,True,
TCGAGAACGACAGG-1,pbmc3k-capture1,pbmc3k-public-donor,835,2496.0,108.0,4.3269234,0.0,0.0,23.0,0.9214744,0.0,0.0,1091.0,43.709938,False,False,False,True,False,False,False,False,False,0.172541464705311,singlet,pbmc3k-capture1,True,
TCGAGAACGTTAGC-1,pbmc3k-capture1,pbmc3k-public-donor,1290,3384.0,54.0,1.5957447,0.0,0.0,16.0,0.47281325,0.0,0.0,837.0,24.734043,False,False,False,True,False,False,False,False,False,0.450013351062331,doublet,pbmc3k-capture1,False,scDblFinder_doublet
TCGAGCCTATCAGC-1,pbmc3k-capture1,pbmc3k-public-donor,598,1489.0,33.0,2.2162526,0.0,0.0,1.0,0.06715917,0.0,0.0,579.0,38.88516,False,False,False,True,False,False,False,False,False,0.0302775327109603,singlet,pbmc3k-capture1,True,
TCGAGCCTGCGAGA-1,pbmc3k-capture1,pbmc3k-public-donor,1130,3237.0,79.0,2.4405313,0.0,0.0,33.0,1.0194625,0.0,0.0,1162.0,35.897438,False,False,False,True,False,False,False,False,False,0.408303331050432,singlet,pbmc3k-capture1,True,
TCGAGCCTTGTGAC-1,pbmc3k-capture1,pbmc3k-public-donor,793,2608.0,87.0,3.3358893,0.0,0.0,39.0,1.4953988,0.0,0.0,1133.0,43.443253,False,False,False,True,False,False,False,False,False,0.178630900232273,singlet,pbmc3k-capture1,True,
TCGATACTATTCCT-1,pbmc3k-capture1,pbmc3k-public-donor,838,2486.0,34.0,1.367659,0.0,0.0,36.0,1.4481094,0.0,0.0,926.0,37.248592,False,False,False,True,False,False,False,False,False,0.35107803102717,singlet,pbmc3k-capture1,True,
TCGATACTTGCACA-1,pbmc3k-capture1,pbmc3k-public-donor,765,1825.0,39.0,2.1369863,0.0,0.0,17.0,0.9315069,0.0,0.0,604.0,33.09589,False,False,False,True,False,False,False,False,False,0.21235412239549,singlet,pbmc3k-capture1,True,
TCGATTTGATGCCA-1,pbmc3k-capture1,pbmc3k-public-donor,768,2116.0,25.0,1.1814746,0.0,0.0,12.0,0.56710774,0.0,0.0,664.0,31.379963,False,False,False,True,False,False,False,False,False,0.100319372158287,singlet,pbmc3k-capture1,True,
TCGATTTGCACTCC-1,pbmc3k-capture1,pbmc3k-public-donor,815,2506.0,27.0,1.0774142,0.0,0.0,14.0,0.5586592,0.0,0.0,1159.0,46.249,False,False,False,True,False,False,False,False,False,0.196381876545193,singlet,pbmc3k-capture1,True,
TCGATTTGCAGCTA-1,pbmc3k-capture1,pbmc3k-public-donor,810,1686.0,40.0,2.3724792,0.0,0.0,15.0,0.8896797,0.0,0.0,273.0,16.192171,False,False,False,True,False,False,False,False,False,0.105232306154706,singlet,pbmc3k-capture1,True,
TCGATTTGCCTACC-1,pbmc3k-capture1,pbmc3k-public-donor,912,2281.0,64.0,2.8057868,0.0,0.0,24.0,1.05217,0.0,0.0,496.0,21.744848,False,False,False,True,False,False,False,False,False,0.224717238822362,singlet,pbmc3k-capture1,True,
TCGATTTGTCGTGA-1,pbmc3k-capture1,pbmc3k-public-donor,818,2737.0,51.0,1.8633541,0.0,0.0,3.0,0.10960907,1.0,0.036536355,1324.0,48.37413,False,False,False,True,False,False,True,False,False,0.133451234590558,singlet,pbmc3k-capture1,True,
TCGCACACCATCAG-1,pbmc3k-capture1,pbmc3k-public-donor,468,891.0,68.0,7.631874,0.0,0.0,15.0,1.6835017,0.0,0.0,143.0,16.049381,True,True,True,False,False,False,False,False,False,,not_called_core_qc_fail,pbmc3k-capture1,False,fails_low_genes;fails_low_umis;fails_mt
TCGCAGCTAGATCC-1,pbmc3k-capture1,pbmc3k-public-donor,790,2098.0,50.0,2.383222,0.0,0.0,19.0,0.9056244,0.0,0.0,836.0,39.847473,False,False,False,True,False,False,False,False,False,0.237870111115937,singlet,pbmc3k-capture1,True,
TCGCCATGAGACTC-1,pbmc3k-capture1,pbmc3k-public-donor,665,1864.0,33.0,1.7703863,0.0,0.0,22.0,1.1802576,0.0,0.0,831.0,44.581543,False,False,False,True,False,False,False,False,False,0.0826279229606929,singlet,pbmc3k-capture1,True,
TCGCCATGTGGTCA-1,pbmc3k-capture1,pbmc3k-public-donor,703,1582.0,28.0,1.7699115,0.0,0.0,21.0,1.3274336,0.0,0.0,511.0,32.300884,False,False,False,True,False,False,False,False,False,0.139296309424354,singlet,pbmc3k-capture1,True,
TCGGACCTAACAGA-1,pbmc3k-capture1,pbmc3k-public-donor,875,2910.0,33.0,1.1340207,0.0,0.0,29.0,0.99656355,0.0,0.0,1253.0,43.05842,False,False,False,True,False,False,False,False,False,0.276274512602562,singlet,pbmc3k-capture1,True,
TCGGACCTATAAGG-1,pbmc3k-capture1,pbmc3k-public-donor,657,1368.0,16.0,1.1695907,0.0,0.0,6.0,0.4385965,1.0,0.07309942,362.0,26.461988,False,False,False,True,False,False,True,False,False,0.0482939942649649,singlet,pbmc3k-capture1,True,
TCGGACCTGTACAC-1,pbmc3k-capture1,pbmc3k-public-donor,1567,5600.0,80.0,1.4285715,0.0,0.0,50.0,0.8928572,0.0,0.0,2304.0,41.142857,False,False,False,True,False,False,False,False,True,0.607872955665178,doublet,pbmc3k-capture1,False,scDblFinder_doublet
TCGGTAGAGTAGGG-1,pbmc3k-capture1,pbmc3k-public-donor,688,2104.0,32.0,1.5209125,0.0,0.0,31.0,1.473384,0.0,0.0,957.0,45.48479,False,False,False,True,False,False,False,False,False,0.202389283911471,singlet,pbmc3k-capture1,True,
TCGGTAGATCCCAC-1,pbmc3k-capture1,pbmc3k-public-donor,749,2177.0,38.0,1.7455213,0.0,0.0,22.0,1.010565,0.0,0.0,939.0,43.13275,False,False,False,True,False,False,False,False,False,0.075656652999023,singlet,pbmc3k-capture1,True,
TCGTAGGATCGACA-1,pbmc3k-capture1,pbmc3k-public-donor,1076,2905.0,91.0,3.1325302,0.0,0.0,18.0,0.61962134,0.0,0.0,1058.0,36.419968,False,False,False,True,False,False,False,False,False,0.404655351322087,singlet,pbmc3k-capture1,True,
TCGTGAGAACTGTG-1,pbmc3k-capture1,pbmc3k-public-donor,326,649.0,47.0,7.241911,0.0,0.0,0.0,0.0,0.0,0.0,151.0,23.266563,True,True,True,False,False,False,False,False,False,,not_called_core_qc_fail,pbmc3k-capture1,False,fails_low_genes;fails_low_umis;fails_mt
TCGTTATGGACAAA-1,pbmc3k-capture1,pbmc3k-public-donor,782,2162.0,27.0,1.2488437,0.0,0.0,43.0,1.9888991,0.0,0.0,819.0,37.88159,False,False,False,True,False,True,False,False,False,0.268875227528617,singlet,pbmc3k-capture1,True,
TCTAACACCAGTTG-1,pbmc3k-capture1,pbmc3k-public-donor,543,1090.0,40.0,3.6697247,0.0,0.0,6.0,0.5504587,0.0,0.0,273.0,25.045872,False,True,False,False,False,False,False,False,False,,not_called_core_qc_fail,pbmc3k-capture1,False,fails_low_umis
TCTAACACGAGCAG-1,pbmc3k-capture1,pbmc3k-public-donor,1100,3182.0,51.0,1.6027656,0.0,0.0,29.0,0.91137654,0.0,0.0,866.0,27.215588,False,False,False,True,False,False,False,False,False,0.2090540998859,singlet,pbmc3k-capture1,True,
TCTAACTGAACCAC-1,pbmc3k-capture1,pbmc3k-public-donor,841,2303.0,61.0,2.648719,0.0,0.0,33.0,1.4329137,0.0,0.0,897.0,38.949196,False,False,False,True,False,False,False,False,False,0.25043487663615,singlet,pbmc3k-capture1,True,
TCTAAGCTAATGCC-1,pbmc3k-capture1,pbmc3k-public-donor,809,2515.0,32.0,1.2723658,0.0,0.0,10.0,0.3976143,0.0,0.0,1144.0,45.48708,False,False,False,True,False,False,False,False,False,0.230276442462169,singlet,pbmc3k-capture1,True,
TCTAAGCTTAGTCG-1,pbmc3k-capture1,pbmc3k-public-donor,789,1791.0,32.0,1.7867112,0.0,0.0,3.0,0.16750419,0.0,0.0,504.0,28.140703,False,False,False,True,False,False,False,False,False,0.168811588972441,singlet,pbmc3k-capture1,True,
TCTAAGCTTCTAGG-1,pbmc3k-capture1,pbmc3k-public-donor,1263,3782.0,64.0,1.6922263,0.0,0.0,35.0,0.92543626,0.0,0.0,798.0,21.099947,False,False,False,True,False,False,False,False,False,0.151482475877182,singlet,pbmc3k-capture1,True,
TCTAAGCTTGTTCT-1,pbmc3k-capture1,pbmc3k-public-donor,758,2052.0,51.0,2.4853802,0.0,0.0,17.0,0.82846004,0.0,0.0,627.0,30.555555,False,False,False,True,False,False,False,False,False,0.111059402340486,singlet,pbmc3k-capture1,True,
TCTAAGCTTTCGCC-1,pbmc3k-capture1,pbmc3k-public-donor,368,686.0,6.0,0.8746356,0.0,0.0,2.0,0.2915452,0.0,0.0,190.0,27.696795,True,True,False,False,False,False,False,False,False,,not_called_core_qc_fail,pbmc3k-capture1,False,fails_low_genes;fails_low_umis
TCTACAACGACTAC-1,pbmc3k-capture1,pbmc3k-public-donor,1022,2564.0,58.0,2.2620904,0.0,0.0,26.0,1.0140406,0.0,0.0,484.0,18.876755,False,False,False,True,False,False,False,False,False,0.261551554433677,singlet,pbmc3k-capture1,True,
TCTAGACTTAGAAG-1,pbmc3k-capture1,pbmc3k-public-donor,730,1834.0,68.0,3.7077427,0.0,0.0,14.0,0.7633588,0.0,0.0,395.0,21.537622,False,False,False,True,False,False,False,False,False,0.0907695487486797,singlet,pbmc3k-capture1,True,
TCTAGTTGCACCAA-1,pbmc3k-capture1,pbmc3k-public-donor,1101,3303.0,44.0,1.3321223,0.0,0.0,10.0,0.30275506,0.0,0.0,695.0,21.041477,False,False,False,True,False,False,False,False,False,0.280064259341728,singlet,pbmc3k-capture1,True,
TCTATGTGAAGAGT-1,pbmc3k-capture1,pbmc3k-public-donor,478,1131.0,19.0,1.6799294,0.0,0.0,6.0,0.530504,0.0,0.0,284.0,25.110521,True,False,False,False,False,False,False,False,False,,not_called_core_qc_fail,pbmc3k-capture1,False,fails_low_genes
TCTATGTGAGTCTG-1,pbmc3k-capture1,pbmc3k-public-donor,488,951.0,28.0,2.9442692,0.0,0.0,18.0,1.8927445,0.0,0.0,318.0,33.438484,True,True,False,False,False,False,False,False,False,,not_called_core_qc_fail,pbmc3k-capture1,False,fails_low_genes;fails_low_umis
TCTCAAACCTAAGC-1,pbmc3k-capture1,pbmc3k-public-donor,618,1479.0,25.0,1.6903313,0.0,0.0,6.0,0.4056795,0.0,0.0,578.0,39.08046,False,False,False,True,False,False,False,False,False,0.116091231885573,singlet,pbmc3k-capture1,True,
TCTCTAGAATTTCC-1,pbmc3k-capture1,pbmc3k-public-donor,940,2723.0,33.0,1.2118987,0.0,0.0,24.0,0.88138086,0.0,0.0,1048.0,38.486965,False,False,False,True,False,False,False,False,False,0.397298442096402,singlet,pbmc3k-capture1,True,
TCTGATACACGTGT-1,pbmc3k-capture1,pbmc3k-public-donor,771,2225.0,46.0,2.0674157,0.0,0.0,19.0,0.85393256,1.0,0.04494382,944.0,42.426968,False,False,False,True,False,False,True,False,False,0.183486559654527,singlet,pbmc3k-capture1,True,
TCTGATACTCGCCT-1,pbmc3k-capture1,pbmc3k-public-donor,784,2451.0,82.0,3.3455734,0.0,0.0,17.0,0.69359446,0.0,0.0,1134.0,46.26683,False,False,False,True,False,False,False,False,False,0.139401047667016,singlet,pbmc3k-capture1,True,
TCTTACGAACCTGA-1,pbmc3k-capture1,pbmc3k-public-donor,847,2156.0,54.0,2.5046382,0.0,0.0,15.0,0.69573283,0.0,0.0,463.0,21.474953,False,False,False,True,False,False,False,False,False,0.0726279788148871,singlet,pbmc3k-capture1,True,
TCTTCAGAGCTACA-1,pbmc3k-capture1,pbmc3k-public-donor,1303,3625.0,71.0,1.9586208,0.0,0.0,19.0,0.5241379,0.0,0.0,710.0,19.586206,False,False,False,True,False,False,False,False,False,0.230646168420924,singlet,pbmc3k-capture1,True,
TCTTGATGCGGAGA-1,pbmc3k-capture1,pbmc3k-public-donor,821,2273.0,50.0,2.199736,0.0,0.0,7.0,0.30796304,0.0,0.0,905.0,39.815224,False,False,False,True,False,False,False,False,False,0.263600435382075,singlet,pbmc3k-capture1,True,
TGAAATTGGTGAGG-1,pbmc3k-capture1,pbmc3k-public-donor,1111,3348.0,83.0,2.4790921,0.0,0.0,30.0,0.89605737,0.0,0.0,903.0,26.971325,False,False,False,True,False,False,False,False,False,0.311539681446152,singlet,pbmc3k-capture1,True,
TGAACCGAAAACGA-1,pbmc3k-capture1,pbmc3k-public-donor,752,2185.0,57.0,2.6086955,0.0,0.0,6.0,0.27459955,0.0,0.0,964.0,44.118996,False,False,False,True,False,False,False,False,False,0.147162817340278,singlet,pbmc3k-capture1,True,
TGAACCGACTACTT-1,pbmc3k-capture1,pbmc3k-public-donor,1128,2913.0,42.0,1.4418126,0.0,0.0,23.0,0.789564,0.0,0.0,536.0,18.400274,False,False,False,True,False,False,False,False,False,0.145860693632918,singlet,pbmc3k-capture1,True,
TGAACCGATTCGGA-1,pbmc3k-capture1,pbmc3k-public-donor,958,2871.0,58.0,2.020202,0.0,0.0,35.0,1.2190875,0.0,0.0,707.0,24.625566,False,False,False,True,False,False,False,False,False,0.229583048763509,singlet,pbmc3k-capture1,True,
TGAAGCACTCACGA-1,pbmc3k-capture1,pbmc3k-public-donor,742,1917.0,49.0,2.5560772,0.0,0.0,11.0,0.57381326,0.0,0.0,727.0,37.92384,False,False,False,True,False,False,False,False,False,0.312603705157088,singlet,pbmc3k-capture1,True,
TGAAGCTGAACGAA-1,pbmc3k-capture1,pbmc3k-public-donor,782,2514.0,53.0,2.108194,0.0,0.0,25.0,0.99443126,0.0,0.0,1139.0,45.306286,False,False,False,True,False,False,False,False,False,0.107947921960478,singlet,pbmc3k-capture1,True,
TGAAGCTGAGACTC-1,pbmc3k-capture1,pbmc3k-public-donor,279,609.0,37.0,6.0755334,0.0,0.0,1.0,0.16420361,0.0,0.0,194.0,31.8555,True,True,True,False,False,False,False,False,False,,not_called_core_qc_fail,pbmc3k-capture1,False,fails_low_genes;fails_low_umis;fails_mt
TGAAGCTGCATGGT-1,pbmc3k-capture1,pbmc3k-public-donor,824,2029.0,39.0,1.9221292,0.0,0.0,10.0,0.4928536,1.0,0.049285363,659.0,32.479053,False,False,False,True,False,False,True,False,False,0.111425650362001,singlet,pbmc3k-capture1,True,
TGAAGCTGCGTAAC-1,pbmc3k-capture1,pbmc3k-public-donor,751,2178.0,52.0,2.3875115,0.0,0.0,19.0,0.87236,0.0,0.0,862.0,39.577595,False,False,False,True,False,False,False,False,False,0.266512783092256,singlet,pbmc3k-capture1,True,
TGAATAACCACTTT-1,pbmc3k-capture1,pbmc3k-public-donor,872,2591.0,45.0,1.7367812,0.0,0.0,15.0,0.57892704,0.0,0.0,1119.0,43.187958,False,False,False,True,False,False,False,False,False,0.373911801422885,singlet,pbmc3k-capture1,True,
TGAATAACTCCCAC-1,pbmc3k-capture1,pbmc3k-public-donor,939,2142.0,97.0,4.528478,0.0,0.0,14.0,0.6535948,0.0,0.0,344.0,16.059757,False,False,False,True,False,False,False,False,False,0.207743857490304,singlet,pbmc3k-capture1,True,
TGACACGACCTTAT-1,pbmc3k-capture1,pbmc3k-public-donor,606,1510.0,29.0,1.9205298,0.0,0.0,2.0,0.13245033,0.0,0.0,643.0,42.58278,False,False,False,True,False,False,False,False,False,0.0431757873443478,singlet,pbmc3k-capture1,True,
TGACCAGACAACCA-1,pbmc3k-capture1,pbmc3k-public-donor,698,1800.0,20.0,1.1111112,0.0,0.0,33.0,1.8333333,0.0,0.0,622.0,34.555553,False,False,False,True,False,False,False,False,False,0.178087500272661,singlet,pbmc3k-capture1,True,
TGACCAGAGGATTC-1,pbmc3k-capture1,pbmc3k-public-donor,705,1923.0,47.0,2.4440978,0.0,0.0,33.0,1.7160686,1.0,0.05200208,796.0,41.393654,False,False,False,True,False,False,True,False,False,0.176317891109704,singlet,pbmc3k-capture1,True,
TGACCGCTAAAAGC-1,pbmc3k-capture1,pbmc3k-public-donor,963,3021.0,43.0,1.4233698,0.0,0.0,17.0,0.5627276,0.0,0.0,1110.0,36.7428,False,False,False,True,False,False,False,False,False,0.223437020575241,singlet,pbmc3k-capture1,True,
TGACCGCTCTGCAA-1,pbmc3k-capture1,pbmc3k-public-donor,607,1926.0,31.0,1.6095533,0.0,0.0,3.0,0.15576324,0.0,0.0,909.0,47.196262,False,False,False,True,False,False,False,False,False,0.0341409364148963,singlet,pbmc3k-capture1,True,
TGACGATGCAAAGA-1,pbmc3k-capture1,pbmc3k-public-donor,621,1634.0,28.0,1.7135862,0.0,0.0,10.0,0.6119951,0.0,0.0,454.0,27.784576,False,False,False,True,False,False,False,False,False,0.0585847956336508,singlet,pbmc3k-capture1,True,
TGACGCCTGTACCA-1,pbmc3k-capture1,pbmc3k-public-donor,1650,5159.0,153.0,2.9656909,0.0,0.0,41.0,0.7947276,0.0,0.0,1394.0,27.02074,False,False,False,True,False,False,False,False,True,0.562982146034693,doublet,pbmc3k-capture1,False,scDblFinder_doublet
TGACGCCTTTACTC-1,pbmc3k-capture1,pbmc3k-public-donor,1093,2613.0,23.0,0.8802143,0.0,0.0,40.0,1.5308075,1.0,0.038270187,597.0,22.847301,False,False,False,True,False,False,True,False,False,0.332762849039661,singlet,pbmc3k-capture1,True,
TGACTGGAAGAGAT-1,pbmc3k-capture1,pbmc3k-public-donor,545,1442.0,32.0,2.21914,0.0,0.0,13.0,0.9015257,0.0,0.0,232.0,16.088766,False,False,False,True,False,False,False,False,False,0.0305778366569431,singlet,pbmc3k-capture1,True,
TGACTGGACCGTAA-1,pbmc3k-capture1,pbmc3k-public-donor,670,1494.0,7.0,0.46854085,0.0,0.0,25.0,1.6733601,0.0,0.0,480.0,32.128513,False,False,False,True,False,False,False,False,False,0.129626843193062,singlet,pbmc3k-capture1,True,
TGACTGGACGCAAT-1,pbmc3k-capture1,pbmc3k-public-donor,617,1756.0,29.0,1.6514806,0.0,0.0,4.0,0.22779045,0.0,0.0,824.0,46.924828,False,False,False,True,False,False,False,False,False,0.126426469451045,singlet,pbmc3k-capture1,True,
TGACTGGAGGACAG-1,pbmc3k-capture1,pbmc3k-public-donor,723,1852.0,40.0,2.1598272,0.0,0.0,7.0,0.37796977,0.0,0.0,674.0,36.39309,False,False,False,True,False,False,False,False,False,0.105761420716265,singlet,pbmc3k-capture1,True,
TGACTGGATTCTCA-1,pbmc3k-capture1,pbmc3k-public-donor,1194,4076.0,80.0,1.9627085,0.0,0.0,59.0,1.4474976,0.0,0.0,1644.0,40.33366,False,False,False,True,False,False,False,False,False,0.472416618489525,doublet,pbmc3k-capture1,False,scDblFinder_doublet
TGACTTACACACCA-1,pbmc3k-capture1,pbmc3k-public-donor,1019,3324.0,30.0,0.9025271,0.0,0.0,35.0,1.0529482,0.0,0.0,1322.0,39.77136,False,False,False,True,False,False,False,False,False,0.310040860430166,singlet,pbmc3k-capture1,True,
TGACTTACAGTCTG-1,pbmc3k-capture1,pbmc3k-public-donor,1291,4136.0,79.0,1.910058,0.0,0.0,16.0,0.3868472,0.0,0.0,852.0,20.599613,False,False,False,True,False,False,False,False,False,0.36895391748358,singlet,pbmc3k-capture1,True,
TGACTTTGCGCATA-1,pbmc3k-capture1,pbmc3k-public-donor,758,2348.0,32.0,1.362862,0.0,0.0,24.0,1.0221466,0.0,0.0,989.0,42.120953,False,False,False,True,False,False,False,False,False,0.106302320026644,singlet,pbmc3k-capture1,True,
TGACTTTGTTTGTC-1,pbmc3k-capture1,pbmc3k-public-donor,855,2289.0,36.0,1.5727391,0.0,0.0,43.0,1.8785496,0.0,0.0,795.0,34.731323,False,False,False,True,False,False,False,False,False,0.285298163866046,singlet,pbmc3k-capture1,True,
TGAGACACAAGGTA-1,pbmc3k-capture1,pbmc3k-public-donor,1549,5138.0,68.0,1.3234721,0.0,0.0,51.0,0.99260414,0.0,0.0,1901.0,36.998833,False,False,False,True,False,False,False,False,True,0.559963560483176,doublet,pbmc3k-capture1,False,scDblFinder_doublet
TGAGACACTCAAGC-1,pbmc3k-capture1,pbmc3k-public-donor,743,1816.0,72.0,3.9647574,0.0,0.0,22.0,1.2114538,0.0,0.0,647.0,35.627754,False,False,False,True,False,False,False,False,False,0.142277976420513,singlet,pbmc3k-capture1,True,
TGAGACACTGTGCA-1,pbmc3k-capture1,pbmc3k-public-donor,411,769.0,50.0,6.5019503,0.0,0.0,1.0,0.130039,0.0,0.0,208.0,27.048115,True,True,True,False,False,False,False,False,False,,not_called_core_qc_fail,pbmc3k-capture1,False,fails_low_genes;fails_low_umis;fails_mt
TGAGCTGAATGCTG-1,pbmc3k-capture1,pbmc3k-public-donor,1372,4165.0,85.0,2.0408163,0.0,0.0,40.0,0.96038413,1.0,0.024009604,866.0,20.792316,False,False,False,True,False,False,True,False,False,0.208678357705305,singlet,pbmc3k-capture1,True,
TGAGCTGACTGGAT-1,pbmc3k-capture1,pbmc3k-public-donor,802,2132.0,70.0,3.283302,0.0,0.0,12.0,0.5628518,0.0,0.0,441.0,20.684803,False,False,False,True,False,False,False,False,False,0.0825780147210884,singlet,pbmc3k-capture1,True,
TGAGCTGAGCGAGA-1,pbmc3k-capture1,pbmc3k-public-donor,280,664.0,36.0,5.421687,0.0,0.0,2.0,0.3012048,0.0,0.0,293.0,44.126503,True,True,True,False,False,False,False,False,False,,not_called_core_qc_fail,pbmc3k-capture1,False,fails_low_genes;fails_low_umis;fails_mt
TGAGCTGATGCTAG-1,pbmc3k-capture1,pbmc3k-public-donor,337,661.0,22.0,3.3282905,0.0,0.0,7.0,1.0590014,0.0,0.0,148.0,22.390318,True,True,False,False,False,False,False,False,False,,not_called_core_qc_fail,pbmc3k-capture1,False,fails_low_genes;fails_low_umis
TGAGGACTCTCATT-1,pbmc3k-capture1,pbmc3k-public-donor,1121,3669.0,148.0,4.0337963,0.0,0.0,10.0,0.27255383,0.0,0.0,884.0,24.09376,False,False,False,True,False,False,False,False,False,0.177910783792067,singlet,pbmc3k-capture1,True,
TGAGGACTTCATTC-1,pbmc3k-capture1,pbmc3k-public-donor,1028,3089.0,57.0,1.8452574,0.0,0.0,22.0,0.7122046,0.0,0.0,1353.0,43.800583,False,False,False,True,False,False,False,False,False,0.397030322561108,singlet,pbmc3k-capture1,True,
TGAGGTACGAACCT-1,pbmc3k-capture1,pbmc3k-public-donor,1524,4755.0,136.0,2.8601472,0.0,0.0,54.0,1.1356467,0.0,0.0,864.0,18.170347,False,False,False,True,False,False,False,False,True,0.15776068091392,singlet,pbmc3k-capture1,True,
TGAGTCGAGTTACG-1,pbmc3k-capture1,pbmc3k-public-donor,645,1377.0,34.0,2.4691358,0.0,0.0,8.0,0.58097315,0.0,0.0,504.0,36.601307,False,False,False,True,False,False,False,False,False,0.0349722006165874,singlet,pbmc3k-capture1,True,
TGAGTGACTGAGCT-1,pbmc3k-capture1,pbmc3k-public-donor,847,2457.0,47.0,1.9129019,0.0,0.0,28.0,1.1396011,0.0,0.0,1039.0,42.287342,False,False,False,True,False,False,False,False,False,0.158621217075772,singlet,pbmc3k-capture1,True,
TGATAAACGAATCC-1,pbmc3k-capture1,pbmc3k-public-donor,866,2519.0,54.0,2.1437078,0.0,0.0,40.0,1.5879319,0.0,0.0,983.0,39.023422,False,False,False,True,False,False,False,False,False,0.315033547783997,singlet,pbmc3k-capture1,True,
TGATAAACTCCGTC-1,pbmc3k-capture1,pbmc3k-public-donor,941,2068.0,37.0,1.7891682,0.0,0.0,14.0,0.6769826,1.0,0.0483559,455.0,22.001934,False,False,False,True,False,False,True,False,False,0.150520869168675,singlet,pbmc3k-capture1,True,
TGATAAACTTTCAC-1,pbmc3k-capture1,pbmc3k-public-donor,751,1922.0,35.0,1.8210196,0.0,0.0,23.0,1.1966702,0.0,0.0,762.0,39.646202,False,False,False,True,False,False,False,False,False,0.177350091265831,singlet,pbmc3k-capture1,True,
TGATACCTCACTAG-1,pbmc3k-capture1,pbmc3k-public-donor,583,1506.0,20.0,1.3280213,0.0,0.0,10.0,0.66401064,0.0,0.0,452.0,30.01328,False,False,False,True,False,False,False,False,False,0.0876648290399578,singlet,pbmc3k-capture1,True,
TGATACCTGTTGGT-1,pbmc3k-capture1,pbmc3k-public-donor,796,2216.0,34.0,1.534296,0.0,0.0,62.0,2.797834,0.0,0.0,794.0,35.830326,False,False,False,True,False,True,False,False,False,0.256813013264466,singlet,pbmc3k-capture1,True,
TGATACCTTATGCG-1,pbmc3k-capture1,pbmc3k-public-donor,793,2264.0,53.0,2.3409894,0.0,0.0,36.0,1.5901061,0.0,0.0,907.0,40.061836,False,False,False,True,False,False,False,False,False,0.237658488756168,singlet,pbmc3k-capture1,True,
TGATACCTTGAAGA-1,pbmc3k-capture1,pbmc3k-public-donor,975,3063.0,39.0,1.2732614,0.0,0.0,22.0,0.7182501,0.0,0.0,1288.0,42.050278,False,False,False,True,False,False,False,False,False,0.363056814479043,singlet,pbmc3k-capture1,True,
TGATATGAACCTTT-1,pbmc3k-capture1,pbmc3k-public-donor,936,2958.0,51.0,1.7241379,0.0,0.0,37.0,1.2508452,0.0,0.0,1260.0,42.596348,False,False,False,True,False,False,False,False,False,0.253407414771244,singlet,pbmc3k-capture1,True,
TGATCACTAGCATC-1,pbmc3k-capture1,pbmc3k-public-donor,524,1110.0,51.0,4.5945945,0.0,0.0,8.0,0.72072077,0.0,0.0,333.0,30.000002,False,True,False,False,False,False,False,False,False,,not_called_core_qc_fail,pbmc3k-capture1,False,fails_low_umis
TGATCACTCTCGCT-1,pbmc3k-capture1,pbmc3k-public-donor,659,1843.0,45.0,2.4416711,0.0,0.0,25.0,1.3564839,0.0,0.0,718.0,38.95822,False,False,False,True,False,False,False,False,False,0.177880295965685,singlet,pbmc3k-capture1,True,
TGATCACTTCTACT-1,pbmc3k-capture1,pbmc3k-public-donor,607,1756.0,47.0,2.6765375,0.0,0.0,9.0,0.5125285,0.0,0.0,732.0,41.68565,False,False,False,True,False,False,False,False,False,0.0842292923693033,singlet,pbmc3k-capture1,True,
TGATCGGACTGACA-1,pbmc3k-capture1,pbmc3k-public-donor,1433,4211.0,153.0,3.6333413,0.0,0.0,9.0,0.21372595,0.0,0.0,743.0,17.644266,False,False,False,True,False,False,False,False,False,0.117687987270908,singlet,pbmc3k-capture1,True,
TGATCGGAGGAGCA-1,pbmc3k-capture1,pbmc3k-public-donor,562,1352.0,17.0,1.2573965,0.0,0.0,6.0,0.44378698,0.0,0.0,407.0,30.10355,False,False,False,True,False,False,False,False,False,0.0367478233962159,singlet,pbmc3k-capture1,True,
TGATCGGATATGCG-1,pbmc3k-capture1,pbmc3k-public-donor,696,1526.0,56.0,3.6697247,0.0,0.0,11.0,0.7208388,0.0,0.0,250.0,16.3827,False,False,False,True,False,False,False,False,False,0.0829866771612372,singlet,pbmc3k-capture1,True,
TGATTAGACATTGG-1,pbmc3k-capture1,pbmc3k-public-donor,927,2278.0,30.0,1.3169447,0.0,0.0,37.0,1.6242318,0.0,0.0,706.0,30.9921,False,False,False,True,False,False,False,False,False,0.344182474005071,singlet,pbmc3k-capture1,True,
TGATTAGATGACTG-1,pbmc3k-capture1,pbmc3k-public-donor,517,1175.0,35.0,2.9787235,0.0,0.0,4.0,0.34042552,0.0,0.0,363.0,30.893618,False,False,False,True,False,False,False,False,False,0.0303647371407343,singlet,pbmc3k-capture1,True,
TGATTAGATGCTAG-1,pbmc3k-capture1,pbmc3k-public-donor,719,2242.0,41.0,1.8287244,0.0,0.0,25.0,1.1150758,0.0,0.0,1074.0,47.903656,False,False,False,True,False,False,False,False,False,0.10722178364547,singlet,pbmc3k-capture1,True,
TGATTCACTATGCG-1,pbmc3k-capture1,pbmc3k-public-donor,599,1901.0,44.0,2.3145714,0.0,0.0,6.0,0.31562334,0.0,0.0,881.0,46.34403,False,False,False,True,False,False,False,False,False,0.13014343792473,singlet,pbmc3k-capture1,True,
TGATTCACTGTCAG-1,pbmc3k-capture1,pbmc3k-public-donor,639,1733.0,26.0,1.5002885,0.0,0.0,7.0,0.4039238,0.0,0.0,778.0,44.89325,False,False,False,True,False,False,False,False,False,0.071498954948799,singlet,pbmc3k-capture1,True,
TGATTCTGCCGAAT-1,pbmc3k-capture1,pbmc3k-public-donor,977,3102.0,56.0,1.8052869,0.0,0.0,32.0,1.0315925,0.0,0.0,1280.0,41.2637,False,False,False,True,False,False,False,False,False,0.329860169065481,singlet,pbmc3k-capture1,True,
TGATTCTGCTCTTA-1,pbmc3k-capture1,pbmc3k-public-donor,1019,2820.0,39.0,1.3829787,0.0,0.0,49.0,1.7375886,0.0,0.0,1005.0,35.638298,False,False,False,True,False,False,False,False,False,0.417487975533592,singlet,pbmc3k-capture1,True,
TGCAAGTGAGAACA-1,pbmc3k-capture1,pbmc3k-public-donor,816,2063.0,60.0,2.908386,0.0,0.0,27.0,1.3087736,1.0,0.048473097,678.0,32.86476,False,False,False,True,False,False,True,False,False,0.394642230157654,singlet,pbmc3k-capture1,True,
TGCAAGTGGGTAGG-1,pbmc3k-capture1,pbmc3k-public-donor,672,1705.0,31.0,1.8181818,0.0,0.0,9.0,0.5278593,0.0,0.0,520.0,30.498535,False,False,False,True,False,False,False,False,False,0.0742500261523215,singlet,pbmc3k-capture1,True,
TGCAATCTTCAGGT-1,pbmc3k-capture1,pbmc3k-public-donor,1903,6317.0,107.0,1.693842,0.0,0.0,59.0,0.9339876,0.0,0.0,1674.0,26.499922,False,False,False,True,False,False,False,False,True,0.407457210280813,singlet,pbmc3k-capture1,True,
TGCACAGACGACAT-1,pbmc3k-capture1,pbmc3k-public-donor,1162,2463.0,69.0,2.8014617,0.0,0.0,3.0,0.12180269,1.0,0.040600896,387.0,15.712545,False,False,False,True,False,False,True,False,False,0.102198091843347,singlet,pbmc3k-capture1,True,
TGCCAAGAGCAGTT-1,pbmc3k-capture1,pbmc3k-public-donor,964,2914.0,47.0,1.6129031,0.0,0.0,24.0,0.8236102,0.0,0.0,903.0,30.988333,False,False,False,True,False,False,False,False,False,0.646420235316544,doublet,pbmc3k-capture1,False,scDblFinder_doublet
TGCCAAGATCTCTA-1,pbmc3k-capture1,pbmc3k-public-donor,936,3094.0,54.0,1.7453136,0.0,0.0,26.0,0.8403362,0.0,0.0,1422.0,45.959923,False,False,False,True,False,False,False,False,False,0.23736889590741,singlet,pbmc3k-capture1,True,
TGCCACTGAACGTC-1,pbmc3k-capture1,pbmc3k-public-donor,947,2656.0,20.0,0.75301206,0.0,0.0,35.0,1.3177711,0.0,0.0,1076.0,40.51205,False,False,False,True,False,False,False,False,False,0.326676873175983,singlet,pbmc3k-capture1,True,
TGCCACTGCGATAC-1,pbmc3k-capture1,pbmc3k-public-donor,989,1949.0,25.0,1.2827091,0.0,0.0,22.0,1.1287841,0.0,0.0,372.0,19.086712,False,False,False,True,False,False,False,False,False,0.285704039400343,singlet,pbmc3k-capture1,True,
TGCCAGCTTGGCAT-1,pbmc3k-capture1,pbmc3k-public-donor,790,2184.0,30.0,1.3736264,0.0,0.0,20.0,0.915751,0.0,0.0,924.0,42.307693,False,False,False,True,False,False,False,False,False,0.166676517215727,singlet,pbmc3k-capture1,True,
TGCCCAACAGCAAA-1,pbmc3k-capture1,pbmc3k-public-donor,902,2794.0,34.0,1.2168933,0.0,0.0,40.0,1.4316392,0.0,0.0,1122.0,40.15748,False,False,False,True,False,False,False,False,False,0.277753733410348,singlet,pbmc3k-capture1,True,
TGCCCAACCGCATA-1,pbmc3k-capture1,pbmc3k-public-donor,982,2799.0,91.0,3.251161,0.0,0.0,11.0,0.3929975,0.0,0.0,635.0,22.686674,False,False,False,True,False,False,False,False,False,0.21593622807927,singlet,pbmc3k-capture1,True,
TGCCGACTCTCCCA-1,pbmc3k-capture1,pbmc3k-public-donor,673,1904.0,42.0,2.2058823,0.0,0.0,36.0,1.8907564,0.0,0.0,708.0,37.18487,False,False,False,True,False,False,False,False,False,0.0795665583844822,singlet,pbmc3k-capture1,True,
TGCGAAACAGTCAC-1,pbmc3k-capture1,pbmc3k-public-donor,856,2339.0,58.0,2.4796922,0.0,0.0,19.0,0.81231296,0.0,0.0,843.0,36.041042,False,False,False,True,False,False,False,False,False,0.19934105256538,singlet,pbmc3k-capture1,True,
TGCGAAACGTTGCA-1,pbmc3k-capture1,pbmc3k-public-donor,629,1420.0,46.0,3.2394364,0.0,0.0,8.0,0.56338024,0.0,0.0,514.0,36.19718,False,False,False,True,False,False,False,False,False,0.0567774538994402,singlet,pbmc3k-capture1,True,
TGCGATGAACGGTT-1,pbmc3k-capture1,pbmc3k-public-donor,692,1829.0,42.0,2.2963367,0.0,0.0,33.0,1.8042647,0.0,0.0,754.0,41.224712,False,False,False,True,False,False,False,False,False,0.291478177855392,singlet,pbmc3k-capture1,True,
TGCGATGACCTCGT-1,pbmc3k-capture1,pbmc3k-public-donor,843,2220.0,45.0,2.027027,0.0,0.0,45.0,2.027027,0.0,0.0,843.0,37.972973,False,False,False,True,False,True,False,False,False,0.326664798664529,singlet,pbmc3k-capture1,True,
TGCGATGACTAGTG-1,pbmc3k-capture1,pbmc3k-public-donor,940,2846.0,54.0,1.8973999,0.0,0.0,26.0,0.9135629,0.0,0.0,1158.0,40.688686,False,False,False,True,False,False,False,False,False,0.229053206178474,singlet,pbmc3k-capture1,True,
TGCGATGACTGCTC-1,pbmc3k-capture1,pbmc3k-public-donor,795,2314.0,45.0,1.9446846,0.0,0.0,23.0,0.99394983,0.0,0.0,824.0,35.609333,False,False,False,True,False,False,False,False,False,0.131229343479626,singlet,pbmc3k-capture1,True,
TGCGATGACTTGCC-1,pbmc3k-capture1,pbmc3k-public-donor,780,1951.0,25.0,1.2813941,0.0,0.0,8.0,0.41004616,0.0,0.0,715.0,36.647873,False,False,False,True,False,False,False,False,False,0.0989397769245175,singlet,pbmc3k-capture1,True,
TGCGATGAGTGCTA-1,pbmc3k-capture1,pbmc3k-public-donor,821,1915.0,45.0,2.3498695,0.0,0.0,35.0,1.8276762,0.0,0.0,246.0,12.845953,False,False,False,True,False,False,False,False,False,0.161229576118876,singlet,pbmc3k-capture1,True,
TGCGCACTCTTGAG-1,pbmc3k-capture1,pbmc3k-public-donor,471,1059.0,19.0,1.7941455,0.0,0.0,8.0,0.7554296,0.0,0.0,263.0,24.83475,True,True,False,False,False,False,False,False,False,,not_called_core_qc_fail,pbmc3k-capture1,False,fails_low_genes;fails_low_umis
TGCGTAGAATAAGG-1,pbmc3k-capture1,pbmc3k-public-donor,702,1588.0,45.0,2.833753,0.0,0.0,9.0,0.56675065,0.0,0.0,316.0,19.899244,False,False,False,True,False,False,False,False,False,0.118274687903171,singlet,pbmc3k-capture1,True,
TGCGTAGACGGGAA-1,pbmc3k-capture1,pbmc3k-public-donor,631,1553.0,34.0,2.189311,0.0,0.0,24.0,1.545396,0.0,0.0,619.0,39.858337,False,False,False,True,False,False,False,False,False,0.083908030787104,singlet,pbmc3k-capture1,True,
TGCGTAGATGGTCA-1,pbmc3k-capture1,pbmc3k-public-donor,1557,5486.0,152.0,2.770689,0.0,0.0,40.0,0.72912866,0.0,0.0,1250.0,22.785273,False,False,False,True,False,False,False,False,True,0.307292329217981,singlet,pbmc3k-capture1,True,
TGCTAGGAAACCGT-1,pbmc3k-capture1,pbmc3k-public-donor,868,2223.0,54.0,2.4291499,0.0,0.0,32.0,1.4394963,0.0,0.0,691.0,31.08412,False,False,False,True,False,False,False,False,False,0.309608032822088,singlet,pbmc3k-capture1,True,
TGCTAGGATAGTCG-1,pbmc3k-capture1,pbmc3k-public-donor,901,3056.0,53.0,1.7342932,0.0,0.0,34.0,1.1125655,0.0,0.0,1458.0,47.709423,False,False,False,True,False,False,False,False,False,0.203304725783912,singlet,pbmc3k-capture1,True,
TGCTATACGGTTCA-1,pbmc3k-capture1,pbmc3k-public-donor,798,2123.0,54.0,2.5435705,0.0,0.0,18.0,0.8478568,0.0,0.0,696.0,32.7838,False,False,False,True,False,False,False,False,False,0.346244595255011,singlet,pbmc3k-capture1,True,
TGCTATACTGCTGA-1,pbmc3k-capture1,pbmc3k-public-donor,1020,2583.0,76.0,2.942315,0.0,0.0,32.0,1.2388695,0.0,0.0,853.0,33.023617,False,False,False,True,False,False,False,False,False,0.304024789916974,singlet,pbmc3k-capture1,True,
TGCTGAGAGAGCAG-1,pbmc3k-capture1,pbmc3k-public-donor,885,1992.0,68.0,3.4136546,0.0,0.0,4.0,0.2008032,0.0,0.0,378.0,18.975903,False,False,False,True,False,False,False,False,False,0.0946509422907094,singlet,pbmc3k-capture1,True,
TGCTGAGATTATCC-1,pbmc3k-capture1,pbmc3k-public-donor,881,2754.0,39.0,1.416122,0.0,0.0,58.0,2.1060276,0.0,0.0,1181.0,42.88308,False,False,False,True,False,True,False,False,False,0.293772294626715,singlet,pbmc3k-capture1,True,
TGGAAAGACTCTCG-1,pbmc3k-capture1,pbmc3k-public-donor,719,1918.0,47.0,2.4504693,0.0,0.0,2.0,0.104275286,0.0,0.0,657.0,34.254433,False,False,False,True,False,False,False,False,False,0.0593153490963065,singlet,pbmc3k-capture1,True,
TGGAAAGAGCGATT-1,pbmc3k-capture1,pbmc3k-public-donor,1043,2879.0,33.0,1.1462313,0.0,0.0,30.0,1.0420285,0.0,0.0,939.0,32.61549,False,False,False,True,False,False,False,False,False,0.397737959216771,singlet,pbmc3k-capture1,True,
TGGAAAGAGGTCAT-1,pbmc3k-capture1,pbmc3k-public-donor,1238,3494.0,124.0,3.5489411,0.0,0.0,20.0,0.57240987,1.0,0.02862049,595.0,17.029194,False,False,False,True,False,False,True,False,False,0.100571717833677,singlet,pbmc3k-capture1,True,
TGGAAAGATATGGC-1,pbmc3k-capture1,pbmc3k-public-donor,565,1647.0,40.0,2.428658,0.0,0.0,4.0,0.2428658,0.0,0.0,806.0,48.93746,False,False,False,True,False,False,False,False,False,0.0994724500502753,singlet,pbmc3k-capture1,True,
TGGAACACAAACAG-1,pbmc3k-capture1,pbmc3k-public-donor,776,1467.0,44.0,2.9993184,0.0,0.0,8.0,0.54533064,0.0,0.0,259.0,17.655079,False,False,False,True,False,False,False,False,False,0.072286409167226,singlet,pbmc3k-capture1,True,
TGGAACACGCTAAC-1,pbmc3k-capture1,pbmc3k-public-donor,696,1655.0,41.0,2.4773414,0.0,0.0,3.0,0.18126887,0.0,0.0,540.0,32.6284,False,False,False,True,False,False,False,False,False,0.176520670247167,singlet,pbmc3k-capture1,True,
TGGAAGCTCAGATC-1,pbmc3k-capture1,pbmc3k-public-donor,725,1931.0,26.0,1.3464526,0.0,0.0,2.0,0.10357328,0.0,0.0,783.0,40.54894,False,False,False,True,False,False,False,False,False,0.168701416035856,singlet,pbmc3k-capture1,True,
TGGACCCTACACTG-1,pbmc3k-capture1,pbmc3k-public-donor,365,696.0,13.0,1.8678161,0.0,0.0,3.0,0.43103448,0.0,0.0,111.0,15.9482765,True,True,False,False,False,False,False,False,False,,not_called_core_qc_fail,pbmc3k-capture1,False,fails_low_genes;fails_low_umis
TGGACCCTCATGGT-1,pbmc3k-capture1,pbmc3k-public-donor,811,1912.0,45.0,2.3535564,0.0,0.0,50.0,2.6150627,0.0,0.0,577.0,30.177826,False,False,False,True,False,True,False,False,False,0.294950717163922,singlet,pbmc3k-capture1,True,
TGGACCCTGGTACT-1,pbmc3k-capture1,pbmc3k-public-donor,1212,3734.0,117.0,3.133369,0.0,0.0,31.0,0.8302089,0.0,0.0,817.0,21.880022,False,False,False,True,False,False,False,False,False,0.258676927543078,singlet,pbmc3k-capture1,True,
TGGACTGAGTATGC-1,pbmc3k-capture1,pbmc3k-public-donor,1178,3267.0,56.0,1.7141107,0.0,0.0,13.0,0.39791855,0.0,0.0,1175.0,35.965717,False,False,False,True,False,False,False,False,False,0.445954614320743,doublet,pbmc3k-capture1,False,scDblFinder_doublet
TGGAGACTATCAGC-1,pbmc3k-capture1,pbmc3k-public-donor,1132,3293.0,49.0,1.4880049,0.0,0.0,35.0,1.0628606,0.0,0.0,849.0,25.781961,False,False,False,True,False,False,False,False,False,0.226331731119088,singlet,pbmc3k-capture1,True,
TGGAGACTGAAACA-1,pbmc3k-capture1,pbmc3k-public-donor,273,625.0,55.0,8.8,0.0,0.0,2.0,0.32,0.0,0.0,213.0,34.079998,True,True,True,False,False,False,False,False,False,,not_called_core_qc_fail,pbmc3k-capture1,False,fails_low_genes;fails_low_umis;fails_mt
TGGAGACTTCAAGC-1,pbmc3k-capture1,pbmc3k-public-donor,661,2015.0,20.0,0.9925558,0.0,0.0,14.0,0.6947891,0.0,0.0,927.0,46.004963,False,False,False,True,False,False,False,False,False,0.0860626470034894,singlet,pbmc3k-capture1,True,
TGGAGACTTGACCA-1,pbmc3k-capture1,pbmc3k-public-donor,831,2131.0,27.0,1.2670108,0.0,0.0,18.0,0.84467393,0.0,0.0,645.0,30.26748,False,False,False,True,False,False,False,False,False,0.11432697491102,singlet,pbmc3k-capture1,True,
TGGAGGGACGGAGA-1,pbmc3k-capture1,pbmc3k-public-donor,786,2106.0,50.0,2.374169,0.0,0.0,14.0,0.6647673,0.0,0.0,379.0,17.9962,False,False,False,True,False,False,False,False,False,0.126400727546626,singlet,pbmc3k-capture1,True,
TGGAGGGAGCTATG-1,pbmc3k-capture1,pbmc3k-public-donor,471,1147.0,16.0,1.3949434,0.0,0.0,1.0,0.08718396,0.0,0.0,446.0,38.88405,True,False,False,False,False,False,False,False,False,,not_called_core_qc_fail,pbmc3k-capture1,False,fails_low_genes
TGGATCGATAAAGG-1,pbmc3k-capture1,pbmc3k-public-donor,835,2568.0,25.0,0.9735202,0.0,0.0,21.0,0.817757,0.0,0.0,1134.0,44.15888,False,False,False,True,False,False,False,False,False,0.167183295948649,singlet,pbmc3k-capture1,True,
TGGATGTGACCTAG-1,pbmc3k-capture1,pbmc3k-public-donor,564,1634.0,36.0,2.2031822,0.0,0.0,6.0,0.36719707,0.0,0.0,671.0,41.06487,False,False,False,True,False,False,False,False,False,0.0536777728644586,singlet,pbmc3k-capture1,True,
TGGATGTGATGTCG-1,pbmc3k-capture1,pbmc3k-public-donor,913,2588.0,167.0,6.4528594,0.0,0.0,39.0,1.5069551,0.0,0.0,867.0,33.500774,False,False,True,False,False,False,False,False,False,,not_called_core_qc_fail,pbmc3k-capture1,False,fails_mt
TGGATGTGTGAAGA-1,pbmc3k-capture1,pbmc3k-public-donor,929,2635.0,50.0,1.8975332,0.0,0.0,27.0,1.024668,0.0,0.0,1036.0,39.316887,False,False,False,True,False,False,False,False,False,0.299807180097026,singlet,pbmc3k-capture1,True,
TGGATTCTCATACG-1,pbmc3k-capture1,pbmc3k-public-donor,958,2451.0,63.0,2.5703795,0.0,0.0,26.0,1.0607915,0.0,0.0,836.0,34.10853,False,False,False,True,False,False,False,False,False,0.33538285119503,singlet,pbmc3k-capture1,True,
TGGCAATGCTTGTT-1,pbmc3k-capture1,pbmc3k-public-donor,706,1726.0,44.0,2.5492468,0.0,0.0,27.0,1.5643106,0.0,0.0,610.0,35.34183,False,False,False,True,False,False,False,False,False,0.0551958121876931,singlet,pbmc3k-capture1,True,
TGGCAATGGAGGGT-1,pbmc3k-capture1,pbmc3k-public-donor,737,2063.0,123.0,5.962191,0.0,0.0,13.0,0.63015026,0.0,0.0,828.0,40.135723,False,False,True,False,False,False,False,False,False,,not_called_core_qc_fail,pbmc3k-capture1,False,fails_mt
TGGCACCTTCACGA-1,pbmc3k-capture1,pbmc3k-public-donor,388,768.0,20.0,2.6041665,0.0,0.0,7.0,0.9114583,0.0,0.0,273.0,35.546875,True,True,False,False,False,False,False,False,False,,not_called_core_qc_fail,pbmc3k-capture1,False,fails_low_genes;fails_low_umis
TGGCACCTTCAGTG-1,pbmc3k-capture1,pbmc3k-public-donor,842,1808.0,35.0,1.9358407,0.0,0.0,14.0,0.7743363,0.0,0.0,247.0,13.661504,False,False,False,True,False,False,False,False,False,0.184216881734639,singlet,pbmc3k-capture1,True,
TGGGTATGAAGAGT-1,pbmc3k-capture1,pbmc3k-public-donor,965,3115.0,44.0,1.41252,0.0,0.0,44.0,1.41252,0.0,0.0,1286.0,41.284107,False,False,False,True,False,False,False,False,False,0.254256882034794,singlet,pbmc3k-capture1,True,
TGGGTATGCACAAC-1,pbmc3k-capture1,pbmc3k-public-donor,1088,3100.0,44.0,1.4193549,0.0,0.0,27.0,0.87096775,0.0,0.0,1145.0,36.935486,False,False,False,True,False,False,False,False,False,0.506116419362043,doublet,pbmc3k-capture1,False,scDblFinder_doublet
TGGGTATGGTACGT-1,pbmc3k-capture1,pbmc3k-public-donor,511,1137.0,21.0,1.8469658,0.0,0.0,3.0,0.26385224,0.0,0.0,465.0,40.8971,False,False,False,True,False,False,False,False,False,0.0375859034170015,singlet,pbmc3k-capture1,True,
TGGGTATGTTTGGG-1,pbmc3k-capture1,pbmc3k-public-donor,794,2341.0,46.0,1.9649721,0.0,0.0,24.0,1.0252029,1.0,0.042716786,598.0,25.54464,False,False,False,True,False,False,True,False,False,0.105100278919451,singlet,pbmc3k-capture1,True,
TGGTAGACATGCCA-1,pbmc3k-capture1,pbmc3k-public-donor,900,2963.0,46.0,1.5524806,0.0,0.0,21.0,0.7087411,1.0,0.03374958,1375.0,46.40567,False,False,False,True,False,False,True,False,False,0.193284362209909,singlet,pbmc3k-capture1,True,
TGGTAGACCCTCAC-1,pbmc3k-capture1,pbmc3k-public-donor,865,1802.0,51.0,2.8301888,0.0,0.0,12.0,0.66592675,0.0,0.0,354.0,19.644838,False,False,False,True,False,False,False,False,False,0.146390793518126,singlet,pbmc3k-capture1,True,
TGGTAGACCTGATG-1,pbmc3k-capture1,pbmc3k-public-donor,789,1696.0,19.0,1.120283,0.0,0.0,19.0,1.120283,0.0,0.0,439.0,25.884434,False,False,False,True,False,False,False,False,False,0.231460471825058,singlet,pbmc3k-capture1,True,
TGGTAGTGCACTGA-1,pbmc3k-capture1,pbmc3k-public-donor,504,1111.0,13.0,1.170117,0.0,0.0,6.0,0.54005396,0.0,0.0,311.0,27.9928,True,True,False,False,False,False,False,False,False,,not_called_core_qc_fail,pbmc3k-capture1,False,fails_low_genes;fails_low_umis
TGGTATCTAAACAG-1,pbmc3k-capture1,pbmc3k-public-donor,701,2095.0,38.0,1.8138425,0.0,0.0,30.0,1.431981,0.0,0.0,903.0,43.102627,False,False,False,True,False,False,False,False,False,0.180538284884463,singlet,pbmc3k-capture1,True,
TGGTATCTCTTCCG-1,pbmc3k-capture1,pbmc3k-public-donor,817,2483.0,51.0,2.053967,0.0,0.0,18.0,0.7249295,0.0,0.0,1169.0,47.080143,False,False,False,True,False,False,False,False,False,0.167717149532388,singlet,pbmc3k-capture1,True,
TGGTCAGACCCAAA-1,pbmc3k-capture1,pbmc3k-public-donor,796,1948.0,38.0,1.9507186,0.0,0.0,18.0,0.92402464,0.0,0.0,741.0,38.039013,False,False,False,True,False,False,False,False,False,0.164064199047306,singlet,pbmc3k-capture1,True,
TGGTCAGACCGTTC-1,pbmc3k-capture1,pbmc3k-public-donor,542,996.0,101.0,10.140562,0.0,0.0,1.0,0.1004016,0.0,0.0,114.0,11.445783,False,True,True,False,False,False,False,False,False,,not_called_core_qc_fail,pbmc3k-capture1,False,fails_low_umis;fails_mt
TGGTTACTGACGTT-1,pbmc3k-capture1,pbmc3k-public-donor,972,2738.0,16.0,0.58436817,0.0,0.0,31.0,1.1322134,0.0,0.0,742.0,27.100075,False,False,False,True,False,False,False,False,False,0.159732561123776,singlet,pbmc3k-capture1,True,
TGGTTACTGTTCTT-1,pbmc3k-capture1,pbmc3k-public-donor,906,2611.0,56.0,2.1447723,0.0,0.0,30.0,1.148985,0.0,0.0,1121.0,42.933743,False,False,False,True,False,False,False,False,False,0.285426343352875,singlet,pbmc3k-capture1,True,
TGTAACCTAGAGGC-1,pbmc3k-capture1,pbmc3k-public-donor,871,2765.0,46.0,1.6636528,0.0,0.0,34.0,1.2296563,1.0,0.036166362,1094.0,39.566006,False,False,False,True,False,False,True,False,False,0.243221457961235,singlet,pbmc3k-capture1,True,
TGTAACCTTGCCTC-1,pbmc3k-capture1,pbmc3k-public-donor,922,2337.0,70.0,2.9952931,0.0,0.0,22.0,0.9413779,0.0,0.0,473.0,20.239622,False,False,False,True,False,False,False,False,False,0.253111983155498,singlet,pbmc3k-capture1,True,
TGTAATGACACAAC-1,pbmc3k-capture1,pbmc3k-public-donor,724,1462.0,21.0,1.4363885,0.0,0.0,17.0,1.1627907,0.0,0.0,211.0,14.432284,False,False,False,True,False,False,False,False,False,0.065273383068535,singlet,pbmc3k-capture1,True,
TGTAATGAGGTAAA-1,pbmc3k-capture1,pbmc3k-public-donor,628,1205.0,17.0,1.4107884,0.0,0.0,9.0,0.746888,0.0,0.0,282.0,23.40249,False,False,False,True,False,False,False,False,False,0.227620713727543,singlet,pbmc3k-capture1,True,
TGTACTTGCTCTAT-1,pbmc3k-capture1,pbmc3k-public-donor,1479,4907.0,82.0,1.6710821,0.0,0.0,46.0,0.93743634,0.0,0.0,828.0,16.873854,False,False,False,True,False,False,False,False,True,0.11029895288117,singlet,pbmc3k-capture1,True,
TGTAGGTGCGAGAG-1,pbmc3k-capture1,pbmc3k-public-donor,533,1144.0,36.0,3.1468532,0.0,0.0,3.0,0.26223776,0.0,0.0,324.0,28.321678,False,False,False,True,False,False,False,False,False,0.0514468008385574,singlet,pbmc3k-capture1,True,
TGTAGGTGCTATGG-1,pbmc3k-capture1,pbmc3k-public-donor,1101,4234.0,105.0,2.4799244,0.0,0.0,45.0,1.0628247,0.0,0.0,2063.0,48.72461,False,False,False,True,False,False,False,False,False,0.281719133579702,singlet,pbmc3k-capture1,True,
TGTAGGTGCTCTAT-1,pbmc3k-capture1,pbmc3k-public-donor,1913,6287.0,171.0,2.7198982,0.0,0.0,63.0,1.0020678,1.0,0.015905837,1492.0,23.731508,False,False,False,True,False,False,True,False,True,0.280929917740142,singlet,pbmc3k-capture1,True,
TGTAGGTGTGCTGA-1,pbmc3k-capture1,pbmc3k-public-donor,855,2544.0,53.0,2.0833335,0.0,0.0,34.0,1.336478,0.0,0.0,1092.0,42.92453,False,False,False,True,False,False,False,False,False,0.213798354286796,singlet,pbmc3k-capture1,True,
TGTAGTCTTCCAGA-1,pbmc3k-capture1,pbmc3k-public-donor,1266,4154.0,58.0,1.3962445,1.0,0.024073182,16.0,0.3851709,0.0,0.0,1985.0,47.785267,False,False,False,True,True,False,False,False,False,0.2032822411229,singlet,pbmc3k-capture1,True,
TGTAGTCTTGCACA-1,pbmc3k-capture1,pbmc3k-public-donor,884,2177.0,76.0,3.4910426,0.0,0.0,48.0,2.204869,0.0,0.0,616.0,28.29582,False,False,False,True,False,True,False,False,False,0.182113508066967,singlet,pbmc3k-capture1,True,
TGTATCTGTTAGGC-1,pbmc3k-capture1,pbmc3k-public-donor,817,1996.0,27.0,1.3527055,0.0,0.0,14.0,0.70140284,0.0,0.0,718.0,35.971943,False,False,False,True,False,False,False,False,False,0.335423648721089,singlet,pbmc3k-capture1,True,
TGTATGCTCATGGT-1,pbmc3k-capture1,pbmc3k-public-donor,619,1479.0,48.0,3.245436,0.0,0.0,7.0,0.47329277,0.0,0.0,525.0,35.496956,False,False,False,True,False,False,False,False,False,0.0408254210420816,singlet,pbmc3k-capture1,True,
TGTATGCTGTAGGG-1,pbmc3k-capture1,pbmc3k-public-donor,591,1455.0,31.0,2.1305842,0.0,0.0,1.0,0.06872852,1.0,0.06872852,545.0,37.457047,False,False,False,True,False,False,True,False,False,0.097820889893301,singlet,pbmc3k-capture1,True,
TGTATGCTTTCATC-1,pbmc3k-capture1,pbmc3k-public-donor,685,1968.0,43.0,2.1849594,0.0,0.0,7.0,0.35569108,0.0,0.0,823.0,41.819103,False,False,False,True,False,False,False,False,False,0.150156624267958,singlet,pbmc3k-capture1,True,
TGTCAGGAATACCG-1,pbmc3k-capture1,pbmc3k-public-donor,887,2767.0,88.0,3.1803396,0.0,0.0,28.0,1.0119263,0.0,0.0,1071.0,38.70618,False,False,False,True,False,False,False,False,False,0.292215487982227,singlet,pbmc3k-capture1,True,
TGTCAGGAGATGAA-1,pbmc3k-capture1,pbmc3k-public-donor,1336,4083.0,81.0,1.9838353,0.0,0.0,44.0,1.077639,0.0,0.0,777.0,19.030125,False,False,False,True,False,False,False,False,False,0.171728135382258,singlet,pbmc3k-capture1,True,
TGTCTAACCCCTTG-1,pbmc3k-capture1,pbmc3k-public-donor,656,1978.0,55.0,2.7805865,0.0,0.0,3.0,0.15166835,1.0,0.05055612,950.0,48.028313,False,False,False,True,False,False,True,False,False,0.0629452049824602,singlet,pbmc3k-capture1,True,
TGTGACGATTCTCA-1,pbmc3k-capture1,pbmc3k-public-donor,1227,3098.0,48.0,1.5493867,0.0,0.0,27.0,0.87153,0.0,0.0,886.0,28.599094,False,False,False,True,False,False,False,False,False,0.68856759912688,doublet,pbmc3k-capture1,False,scDblFinder_doublet
TGTGAGACTGTCAG-1,pbmc3k-capture1,pbmc3k-public-donor,980,2666.0,42.0,1.5753938,0.0,0.0,21.0,0.7876969,0.0,0.0,628.0,23.55589,False,False,False,True,False,False,False,False,False,0.275259014614997,singlet,pbmc3k-capture1,True,
TGTGAGACTTGAGC-1,pbmc3k-capture1,pbmc3k-public-donor,817,2447.0,58.0,2.3702493,0.0,0.0,40.0,1.6346546,0.0,0.0,1014.0,41.438496,False,False,False,True,False,False,False,False,False,0.149982217622423,singlet,pbmc3k-capture1,True,
TGTGAGTGACCACA-1,pbmc3k-capture1,pbmc3k-public-donor,582,1583.0,50.0,3.1585596,0.0,0.0,14.0,0.8843967,0.0,0.0,673.0,42.514214,False,False,False,True,False,False,False,False,False,0.119757483045299,singlet,pbmc3k-capture1,True,
TGTGAGTGAGTGCT-1,pbmc3k-capture1,pbmc3k-public-donor,1370,4110.0,84.0,2.0437956,0.0,0.0,38.0,0.9245742,0.0,0.0,954.0,23.21168,False,False,False,True,False,False,False,False,False,0.326562550398942,singlet,pbmc3k-capture1,True,
TGTGAGTGGAGATA-1,pbmc3k-capture1,pbmc3k-public-donor,460,969.0,7.0,0.7223942,0.0,0.0,1.0,0.10319918,0.0,0.0,310.0,31.991745,True,True,False,False,False,False,False,False,False,,not_called_core_qc_fail,pbmc3k-capture1,False,fails_low_genes;fails_low_umis
TGTGATCTCTCTAT-1,pbmc3k-capture1,pbmc3k-public-donor,638,1690.0,50.0,2.95858,0.0,0.0,4.0,0.2366864,0.0,0.0,718.0,42.485207,False,False,False,True,False,False,False,False,False,0.0685030065239626,singlet,pbmc3k-capture1,True,
TGTGATCTGACACT-1,pbmc3k-capture1,pbmc3k-public-donor,471,1108.0,43.0,3.8808663,0.0,0.0,14.0,1.2635379,0.0,0.0,382.0,34.476532,True,True,False,False,False,False,False,False,False,,not_called_core_qc_fail,pbmc3k-capture1,False,fails_low_genes;fails_low_umis
TGTGGATGGCCAAT-1,pbmc3k-capture1,pbmc3k-public-donor,650,1945.0,52.0,2.6735218,0.0,0.0,22.0,1.1311054,0.0,0.0,869.0,44.678665,False,False,False,True,False,False,False,False,False,0.0582798075234485,singlet,pbmc3k-capture1,True,
TGTTAAGACAAAGA-1,pbmc3k-capture1,pbmc3k-public-donor,414,848.0,15.0,1.7688679,0.0,0.0,7.0,0.8254717,1.0,0.11792453,198.0,23.349056,True,True,False,False,False,False,True,False,False,,not_called_core_qc_fail,pbmc3k-capture1,False,fails_low_genes;fails_low_umis
TGTTAAGATAAGGA-1,pbmc3k-capture1,pbmc3k-public-donor,907,2173.0,72.0,3.3133917,0.0,0.0,23.0,1.0584446,0.0,0.0,412.0,18.959963,False,False,False,True,False,False,False,False,False,0.0760583980996762,singlet,pbmc3k-capture1,True,
TGTTAAGATTGGCA-1,pbmc3k-capture1,pbmc3k-public-donor,308,598.0,40.0,6.688963,0.0,0.0,8.0,1.3377926,0.0,0.0,121.0,20.234114,True,True,True,False,False,False,False,False,False,,not_called_core_qc_fail,pbmc3k-capture1,False,fails_low_genes;fails_low_umis;fails_mt
TGTTACACCGCATA-1,pbmc3k-capture1,pbmc3k-public-donor,1147,3410.0,63.0,1.8475072,0.0,0.0,43.0,1.260997,0.0,0.0,877.0,25.718475,False,False,False,True,False,False,False,False,False,0.341815784662127,singlet,pbmc3k-capture1,True,
TGTTACACGACTAC-1,pbmc3k-capture1,pbmc3k-public-donor,732,1953.0,60.0,3.0721967,0.0,0.0,14.0,0.71684587,0.0,0.0,414.0,21.198156,False,False,False,True,False,False,False,False,False,0.141618270579871,singlet,pbmc3k-capture1,True,
TGTTACTGGCTACA-1,pbmc3k-capture1,pbmc3k-public-donor,992,2483.0,75.0,3.0205398,0.0,0.0,38.0,1.5304068,1.0,0.040273864,672.0,27.064034,False,False,False,True,False,False,True,False,False,0.254772132880113,singlet,pbmc3k-capture1,True,
TGTTACTGTAGTCG-1,pbmc3k-capture1,pbmc3k-public-donor,801,1772.0,61.0,3.442438,0.0,0.0,16.0,0.90293455,0.0,0.0,479.0,27.031603,False,False,False,True,False,False,False,False,False,0.28863678512532,singlet,pbmc3k-capture1,True,
TTAACCACCGTAAC-1,pbmc3k-capture1,pbmc3k-public-donor,822,2192.0,60.0,2.7372262,0.0,0.0,45.0,2.0529199,0.0,0.0,779.0,35.538322,False,False,False,True,False,True,False,False,False,0.2513385082972,singlet,pbmc3k-capture1,True,
TTAACCACTAAGGA-1,pbmc3k-capture1,pbmc3k-public-donor,529,1198.0,23.0,1.9198663,0.0,0.0,2.0,0.1669449,0.0,0.0,428.0,35.72621,False,False,False,True,False,False,False,False,False,0.151479902509857,singlet,pbmc3k-capture1,True,
TTAACCACTCAGAC-1,pbmc3k-capture1,pbmc3k-public-donor,737,1828.0,54.0,2.9540482,0.0,0.0,24.0,1.3129103,0.0,0.0,586.0,32.056892,False,False,False,True,False,False,False,False,False,0.141097895071661,singlet,pbmc3k-capture1,True,
TTACACACGTGTTG-1,pbmc3k-capture1,pbmc3k-public-donor,806,2613.0,41.0,1.5690777,0.0,0.0,13.0,0.49751243,0.0,0.0,1278.0,48.9093,False,False,False,True,False,False,False,False,False,0.195427918627282,singlet,pbmc3k-capture1,True,
TTACACACTCCTAT-1,pbmc3k-capture1,pbmc3k-public-donor,816,2508.0,55.0,2.1929824,0.0,0.0,11.0,0.4385965,0.0,0.0,1171.0,46.69059,False,False,False,True,False,False,False,False,False,0.270134733303335,singlet,pbmc3k-capture1,True,
TTACCATGAATCGC-1,pbmc3k-capture1,pbmc3k-public-donor,889,2421.0,80.0,3.3044198,0.0,0.0,26.0,1.0739363,0.0,0.0,455.0,18.793886,False,False,False,True,False,False,False,False,False,0.181566123463357,singlet,pbmc3k-capture1,True,
TTACCATGGTTGAC-1,pbmc3k-capture1,pbmc3k-public-donor,1305,4142.0,42.0,1.0140029,0.0,0.0,41.0,0.98986,0.0,0.0,1826.0,44.084984,False,False,False,True,False,False,False,False,False,0.57216872336666,doublet,pbmc3k-capture1,False,scDblFinder_doublet
TTACCATGTGTCTT-1,pbmc3k-capture1,pbmc3k-public-donor,588,1123.0,37.0,3.2947462,0.0,0.0,9.0,0.8014248,0.0,0.0,282.0,25.11131,False,False,False,True,False,False,False,False,False,0.234327454552607,singlet,pbmc3k-capture1,True,
TTACCATGTTGTGG-1,pbmc3k-capture1,pbmc3k-public-donor,657,1548.0,22.0,1.4211887,0.0,0.0,10.0,0.64599484,0.0,0.0,546.0,35.271317,False,False,False,True,False,False,False,False,False,0.0728232946491059,singlet,pbmc3k-capture1,True,
TTACGACTGAGAGC-1,pbmc3k-capture1,pbmc3k-public-donor,1154,3288.0,57.0,1.7335767,0.0,0.0,34.0,1.0340633,0.0,0.0,1205.0,36.64842,False,False,False,True,False,False,False,False,False,0.350391339531374,singlet,pbmc3k-capture1,True,
TTACGACTTGACAC-1,pbmc3k-capture1,pbmc3k-public-donor,713,1902.0,42.0,2.208202,0.0,0.0,22.0,1.1566772,0.0,0.0,494.0,25.972662,False,False,False,True,False,False,False,False,False,0.0697697444031936,singlet,pbmc3k-capture1,True,
TTACGTACGTTCAG-1,pbmc3k-capture1,pbmc3k-public-donor,326,947.0,26.0,2.745512,0.0,0.0,1.0,0.105596624,0.0,0.0,10.0,1.0559663,True,True,False,False,False,False,False,False,False,,not_called_core_qc_fail,pbmc3k-capture1,False,fails_low_genes;fails_low_umis
TTACTCGAACGTTG-1,pbmc3k-capture1,pbmc3k-public-donor,3315,15301.0,270.0,1.7645905,0.0,0.0,19.0,0.12417489,9.0,0.058819685,3763.0,24.593164,False,False,False,True,False,False,True,False,True,0.519952259434872,doublet,pbmc3k-capture1,False,scDblFinder_doublet
TTACTCGAAGAATG-1,pbmc3k-capture1,pbmc3k-public-donor,1129,3863.0,100.0,2.5886617,0.0,0.0,18.0,0.46595907,0.0,0.0,1038.0,26.870308,False,False,False,True,False,False,False,False,False,0.210111764759914,singlet,pbmc3k-capture1,True,
TTACTCGACGCAAT-1,pbmc3k-capture1,pbmc3k-public-donor,1603,5031.0,125.0,2.4845955,0.0,0.0,42.0,0.834824,0.0,0.0,1287.0,25.581396,False,False,False,True,False,False,False,False,True,0.358790494683306,singlet,pbmc3k-capture1,True,
TTACTCGAGGGTGA-1,pbmc3k-capture1,pbmc3k-public-donor,879,2549.0,54.0,2.1184778,0.0,0.0,44.0,1.7261671,0.0,0.0,1072.0,42.05571,False,False,False,True,False,False,False,False,False,0.385010562400758,singlet,pbmc3k-capture1,True,
TTACTCGATCTACT-1,pbmc3k-capture1,pbmc3k-public-donor,1156,2551.0,44.0,1.7248139,0.0,0.0,11.0,0.43120348,0.0,0.0,428.0,16.777735,False,False,False,True,False,False,False,False,False,0.23393658442576,singlet,pbmc3k-capture1,True,
TTAGAATGTGGTGT-1,pbmc3k-capture1,pbmc3k-public-donor,642,1740.0,30.0,1.7241379,0.0,0.0,32.0,1.8390805,0.0,0.0,698.0,40.11494,False,False,False,True,False,False,False,False,False,0.165666971386184,singlet,pbmc3k-capture1,True,
TTAGAATGTGTAGC-1,pbmc3k-capture1,pbmc3k-public-donor,285,627.0,21.0,3.3492823,0.0,0.0,1.0,0.15948963,0.0,0.0,167.0,26.634768,True,True,False,False,False,False,False,False,False,,not_called_core_qc_fail,pbmc3k-capture1,False,fails_low_genes;fails_low_umis
TTAGACCTCCTACC-1,pbmc3k-capture1,pbmc3k-public-donor,825,2485.0,108.0,4.3460765,1.0,0.040241446,35.0,1.4084507,0.0,0.0,1021.0,41.086517,False,False,False,True,True,False,False,False,False,0.0925177964298285,singlet,pbmc3k-capture1,True,
TTAGACCTCCTTTA-1,pbmc3k-capture1,pbmc3k-public-donor,823,2311.0,35.0,1.5144958,0.0,0.0,24.0,1.0385115,0.0,0.0,505.0,21.852013,False,False,False,True,False,False,False,False,False,0.130492647788452,singlet,pbmc3k-capture1,True,
TTAGCTACAACCGT-1,pbmc3k-capture1,pbmc3k-public-donor,719,2101.0,44.0,2.094241,0.0,0.0,1.0,0.047596384,0.0,0.0,943.0,44.88339,False,False,False,True,False,False,False,False,False,0.157413533323955,singlet,pbmc3k-capture1,True,
TTAGCTACTGTCCC-1,pbmc3k-capture1,pbmc3k-public-donor,1253,3703.0,69.0,1.8633541,0.0,0.0,31.0,0.83715904,0.0,0.0,866.0,23.386444,False,False,False,True,False,False,False,False,False,0.26169439581357,singlet,pbmc3k-capture1,True,
TTAGCTACTTTCGT-1,pbmc3k-capture1,pbmc3k-public-donor,971,2921.0,126.0,4.313591,0.0,0.0,45.0,1.5405682,0.0,0.0,1102.0,37.726803,False,False,False,True,False,False,False,False,False,0.311911868938466,singlet,pbmc3k-capture1,True,
TTAGGGACGCGAAG-1,pbmc3k-capture1,pbmc3k-public-donor,853,2200.0,52.0,2.3636363,0.0,0.0,6.0,0.27272728,0.0,0.0,763.0,34.681816,False,False,False,True,False,False,False,False,False,0.240861800493688,singlet,pbmc3k-capture1,True,
TTAGGGTGCTGGAT-1,pbmc3k-capture1,pbmc3k-public-donor,916,2846.0,48.0,1.6865777,0.0,0.0,9.0,0.3162333,0.0,0.0,1188.0,41.742794,False,False,False,True,False,False,False,False,False,0.1965048769544,singlet,pbmc3k-capture1,True,
TTAGGGTGTCCTGC-1,pbmc3k-capture1,pbmc3k-public-donor,1053,2734.0,85.0,3.1089978,0.0,0.0,28.0,1.0241404,0.0,0.0,602.0,22.01902,False,False,False,True,False,False,False,False,False,0.221606549438126,singlet,pbmc3k-capture1,True,
TTAGGTCTACTTTC-1,pbmc3k-capture1,pbmc3k-public-donor,515,1106.0,38.0,3.4358046,0.0,0.0,15.0,1.3562387,0.0,0.0,291.0,26.311031,False,True,False,False,False,False,False,False,False,,not_called_core_qc_fail,pbmc3k-capture1,False,fails_low_umis
TTAGTCACCAGTTG-1,pbmc3k-capture1,pbmc3k-public-donor,1017,2674.0,42.0,1.5706805,0.0,0.0,24.0,0.89753175,0.0,0.0,847.0,31.675392,False,False,False,True,False,False,False,False,False,0.40546839471911,singlet,pbmc3k-capture1,True,
TTAGTCTGAAAGCA-1,pbmc3k-capture1,pbmc3k-public-donor,953,2747.0,83.0,3.021478,0.0,0.0,17.0,0.6188569,0.0,0.0,886.0,32.25337,False,False,False,True,False,False,False,False,False,0.28161597615789,singlet,pbmc3k-capture1,True,
TTAGTCTGCCAACA-1,pbmc3k-capture1,pbmc3k-public-donor,832,1735.0,42.0,2.4207494,0.0,0.0,3.0,0.17291066,0.0,0.0,277.0,15.965419,False,False,False,True,False,False,False,False,False,0.0634894030255449,singlet,pbmc3k-capture1,True,
TTAGTCTGTGCACA-1,pbmc3k-capture1,pbmc3k-public-donor,645,1692.0,68.0,4.0189123,0.0,0.0,13.0,0.7683215,0.0,0.0,633.0,37.411346,False,False,False,True,False,False,False,False,False,0.183868549382372,singlet,pbmc3k-capture1,True,
TTATCCGACTAGTG-1,pbmc3k-capture1,pbmc3k-public-donor,667,1903.0,47.0,2.4697845,0.0,0.0,21.0,1.1035208,0.0,0.0,771.0,40.514977,False,False,False,True,False,False,False,False,False,0.0805325167748795,singlet,pbmc3k-capture1,True,
TTATCCGAGAAAGT-1,pbmc3k-capture1,pbmc3k-public-donor,1326,4231.0,135.0,3.1907349,0.0,0.0,27.0,0.638147,1.0,0.023635074,871.0,20.58615,False,False,False,True,False,False,True,False,False,0.365628700140214,singlet,pbmc3k-capture1,True,
TTATGAGAGATAAG-1,pbmc3k-capture1,pbmc3k-public-donor,547,1293.0,36.0,2.7842228,0.0,0.0,25.0,1.933488,0.0,0.0,526.0,40.680588,False,False,False,True,False,True,False,False,False,0.164559231869782,singlet,pbmc3k-capture1,True,
TTATGCACGTCACA-1,pbmc3k-capture1,pbmc3k-public-donor,636,1590.0,29.0,1.8238994,0.0,0.0,15.0,0.9433962,0.0,0.0,603.0,37.92453,False,False,False,True,False,False,False,False,False,0.062838936249781,singlet,pbmc3k-capture1,True,
TTATGGCTTATGGC-1,pbmc3k-capture1,pbmc3k-public-donor,1783,6165.0,136.0,2.2060015,0.0,0.0,57.0,0.9245742,1.0,0.016220601,1756.0,28.483374,False,False,False,True,False,False,True,False,True,0.423039865257617,singlet,pbmc3k-capture1,True,
TTATTCCTATGCTG-1,pbmc3k-capture1,pbmc3k-public-donor,1211,3963.0,87.0,2.1953065,0.0,0.0,15.0,0.37850115,0.0,0.0,947.0,23.896038,False,False,False,True,False,False,False,False,False,0.304281202312019,singlet,pbmc3k-capture1,True,
TTATTCCTGGACAG-1,pbmc3k-capture1,pbmc3k-public-donor,788,2514.0,33.0,1.3126491,0.0,0.0,9.0,0.35799524,1.0,0.039777245,1162.0,46.22116,False,False,False,True,False,False,True,False,False,0.130842450896677,singlet,pbmc3k-capture1,True,
TTATTCCTGGTACT-1,pbmc3k-capture1,pbmc3k-public-donor,807,2496.0,61.0,2.4439101,0.0,0.0,10.0,0.40064105,0.0,0.0,1075.0,43.06891,False,False,False,True,False,False,False,False,False,0.0581748197584126,singlet,pbmc3k-capture1,True,
TTATTCCTTCGTGA-1,pbmc3k-capture1,pbmc3k-public-donor,1104,3207.0,79.0,2.4633615,0.0,0.0,36.0,1.1225444,0.0,0.0,1222.0,38.104145,False,False,False,True,False,False,False,False,False,0.405562635425731,singlet,pbmc3k-capture1,True,
TTCAAAGATAAAGG-1,pbmc3k-capture1,pbmc3k-public-donor,884,2385.0,57.0,2.3899372,0.0,0.0,37.0,1.5513626,0.0,0.0,885.0,37.10692,False,False,False,True,False,False,False,False,False,0.408413141299426,singlet,pbmc3k-capture1,True,
TTCAACACAACAGA-1,pbmc3k-capture1,pbmc3k-public-donor,848,2430.0,29.0,1.1934156,0.0,0.0,35.0,1.4403292,0.0,0.0,1012.0,41.64609,False,False,False,True,False,False,False,False,False,0.258095026740592,singlet,pbmc3k-capture1,True,
TTCAACACCCCAAA-1,pbmc3k-capture1,pbmc3k-public-donor,788,2094.0,50.0,2.3877745,0.0,0.0,14.0,0.6685769,0.0,0.0,485.0,23.161415,False,False,False,True,False,False,False,False,False,0.0775209240793822,singlet,pbmc3k-capture1,True,
TTCAACACGGACGA-1,pbmc3k-capture1,pbmc3k-public-donor,1013,2584.0,52.0,2.012384,0.0,0.0,21.0,0.8126935,1.0,0.03869969,459.0,17.763157,False,False,False,True,False,False,True,False,False,0.123264665295312,singlet,pbmc3k-capture1,True,
TTCAAGCTAAGAAC-1,pbmc3k-capture1,pbmc3k-public-donor,1003,2641.0,69.0,2.6126466,0.0,0.0,33.0,1.2495267,0.0,0.0,576.0,21.809921,False,False,False,True,False,False,False,False,False,0.223007098447069,singlet,pbmc3k-capture1,True,
TTCAAGCTAGATGA-1,pbmc3k-capture1,pbmc3k-public-donor,916,2974.0,70.0,2.3537323,0.0,0.0,47.0,1.5803632,0.0,0.0,1180.0,39.677204,False,False,False,True,False,False,False,False,False,0.276737532694374,singlet,pbmc3k-capture1,True,
TTCAAGCTGTTGAC-1,pbmc3k-capture1,pbmc3k-public-donor,818,2375.0,47.0,1.9789474,0.0,0.0,27.0,1.1368421,0.0,0.0,949.0,39.957897,False,False,False,True,False,False,False,False,False,0.352832667642965,singlet,pbmc3k-capture1,True,
TTCAAGCTTCCAAG-1,pbmc3k-capture1,pbmc3k-public-donor,406,740.0,41.0,5.54054,0.0,0.0,1.0,0.13513514,0.0,0.0,186.0,25.135136,True,True,True,False,False,False,False,False,False,,not_called_core_qc_fail,pbmc3k-capture1,False,fails_low_genes;fails_low_umis;fails_mt
TTCAAGCTTGATGC-1,pbmc3k-capture1,pbmc3k-public-donor,828,2404.0,39.0,1.6222961,0.0,0.0,10.0,0.41597337,0.0,0.0,1038.0,43.178036,False,False,False,True,False,False,False,False,False,0.33299699470306,singlet,pbmc3k-capture1,True,
TTCAAGCTTTCGCC-1,pbmc3k-capture1,pbmc3k-public-donor,882,2878.0,81.0,2.8144543,0.0,0.0,23.0,0.79916614,0.0,0.0,1312.0,45.587215,False,False,False,True,False,False,False,False,False,0.225756554087437,singlet,pbmc3k-capture1,True,
TTCACAACCCGTTC-1,pbmc3k-capture1,pbmc3k-public-donor,959,2526.0,24.0,0.9501188,0.0,0.0,7.0,0.27711797,0.0,0.0,640.0,25.3365,False,False,False,True,False,False,False,False,False,0.15180018557863,singlet,pbmc3k-capture1,True,
TTCACAACGTCTGA-1,pbmc3k-capture1,pbmc3k-public-donor,395,678.0,4.0,0.58997047,0.0,0.0,8.0,1.1799409,0.0,0.0,150.0,22.123894,True,True,False,False,False,False,False,False,False,,not_called_core_qc_fail,pbmc3k-capture1,False,fails_low_genes;fails_low_umis
TTCAGACTACCCAA-1,pbmc3k-capture1,pbmc3k-public-donor,368,789.0,29.0,3.6755388,0.0,0.0,22.0,2.7883399,0.0,0.0,203.0,25.728771,True,True,False,False,False,True,False,False,False,,not_called_core_qc_fail,pbmc3k-capture1,False,fails_low_genes;fails_low_umis
TTCAGACTCTCGAA-1,pbmc3k-capture1,pbmc3k-public-donor,787,2264.0,22.0,0.9717314,0.0,0.0,36.0,1.5901061,0.0,0.0,982.0,43.374557,False,False,False,True,False,False,False,False,False,0.192868566145472,singlet,pbmc3k-capture1,True,
TTCAGTACCGACTA-1,pbmc3k-capture1,pbmc3k-public-donor,929,2769.0,48.0,1.7334778,0.0,0.0,29.0,1.0473095,0.0,0.0,1116.0,40.30336,False,False,False,True,False,False,False,False,False,0.443487784737328,singlet,pbmc3k-capture1,True,
TTCAGTACTCAAGC-1,pbmc3k-capture1,pbmc3k-public-donor,1379,5220.0,118.0,2.2605364,0.0,0.0,55.0,1.0536399,0.0,0.0,2305.0,44.15709,False,False,False,True,False,False,False,False,True,0.63500141236329,doublet,pbmc3k-capture1,False,scDblFinder_doublet
TTCAGTACTCCTAT-1,pbmc3k-capture1,pbmc3k-public-donor,711,1850.0,53.0,2.8648648,0.0,0.0,14.0,0.7567568,0.0,0.0,412.0,22.27027,False,False,False,True,False,False,False,False,False,0.0396516156919465,singlet,pbmc3k-capture1,True,
TTCAGTTGCCAAGT-1,pbmc3k-capture1,pbmc3k-public-donor,733,2003.0,48.0,2.3964052,0.0,0.0,27.0,1.347978,0.0,0.0,790.0,39.440838,False,False,False,True,False,False,False,False,False,0.206249619073121,singlet,pbmc3k-capture1,True,
TTCAGTTGTCCTTA-1,pbmc3k-capture1,pbmc3k-public-donor,752,1975.0,17.0,0.8607595,0.0,0.0,12.0,0.60759497,0.0,0.0,677.0,34.27848,False,False,False,True,False,False,False,False,False,0.314125811830967,singlet,pbmc3k-capture1,True,
TTCAGTTGTCTAGG-1,pbmc3k-capture1,pbmc3k-public-donor,464,1031.0,12.0,1.1639185,0.0,0.0,7.0,0.67895246,0.0,0.0,385.0,37.34239,True,True,False,False,False,False,False,False,False,,not_called_core_qc_fail,pbmc3k-capture1,False,fails_low_genes;fails_low_umis
TTCAGTTGTCTCGC-1,pbmc3k-capture1,pbmc3k-public-donor,626,1865.0,33.0,1.7694371,0.0,0.0,15.0,0.8042895,0.0,0.0,855.0,45.844505,False,False,False,True,False,False,False,False,False,0.101917083308508,singlet,pbmc3k-capture1,True,
TTCATCGAGGTGGA-1,pbmc3k-capture1,pbmc3k-public-donor,735,1914.0,28.0,1.4629049,0.0,0.0,25.0,1.3061651,0.0,0.0,557.0,29.10136,False,False,False,True,False,False,False,False,False,0.118594269196054,singlet,pbmc3k-capture1,True,
TTCATGTGTGGTGT-1,pbmc3k-capture1,pbmc3k-public-donor,946,3025.0,56.0,1.8512396,0.0,0.0,10.0,0.3305785,0.0,0.0,1402.0,46.347107,False,False,False,True,False,False,False,False,False,0.329948865293202,singlet,pbmc3k-capture1,True,
TTCATTCTATGTCG-1,pbmc3k-capture1,pbmc3k-public-donor,876,2625.0,38.0,1.4476191,0.0,0.0,21.0,0.8,0.0,0.0,487.0,18.552382,False,False,False,True,False,False,False,False,False,0.160948481794077,singlet,pbmc3k-capture1,True,
TTCATTCTTCTCTA-1,pbmc3k-capture1,pbmc3k-public-donor,647,1986.0,76.0,3.8267877,0.0,0.0,5.0,0.25176233,0.0,0.0,959.0,48.288017,False,False,False,True,False,False,False,False,False,0.0830012514296818,singlet,pbmc3k-capture1,True,
TTCCAAACCTATGG-1,pbmc3k-capture1,pbmc3k-public-donor,536,1057.0,13.0,1.229896,0.0,0.0,4.0,0.37842953,0.0,0.0,222.0,21.002838,False,True,False,False,False,False,False,False,False,,not_called_core_qc_fail,pbmc3k-capture1,False,fails_low_umis
TTCCAAACCTCCCA-1,pbmc3k-capture1,pbmc3k-public-donor,954,2726.0,36.0,1.3206162,0.0,0.0,2.0,0.07336757,1.0,0.036683787,1105.0,40.535583,False,False,False,True,False,False,True,False,False,0.129824230636356,singlet,pbmc3k-capture1,True,
TTCCAAACTCCCAC-1,pbmc3k-capture1,pbmc3k-public-donor,486,793.0,13.0,1.6393442,0.0,0.0,4.0,0.5044136,0.0,0.0,149.0,18.789408,True,True,False,False,False,False,False,False,False,,not_called_core_qc_fail,pbmc3k-capture1,False,fails_low_genes;fails_low_umis
TTCCAAACTTGACG-1,pbmc3k-capture1,pbmc3k-public-donor,712,1647.0,49.0,2.9751062,0.0,0.0,20.0,1.214329,0.0,0.0,460.0,27.92957,False,False,False,True,False,False,False,False,False,0.100752377288202,singlet,pbmc3k-capture1,True,
TTCCATGACGAGAG-1,pbmc3k-capture1,pbmc3k-public-donor,786,1840.0,60.0,3.2608695,0.0,0.0,19.0,1.0326086,0.0,0.0,454.0,24.673914,False,False,False,True,False,False,False,False,False,0.0910212319378464,singlet,pbmc3k-capture1,True,
TTCCATGACTGTCC-1,pbmc3k-capture1,pbmc3k-public-donor,438,1050.0,31.0,2.9523811,0.0,0.0,2.0,0.1904762,0.0,0.0,463.0,44.095238,True,True,False,False,False,False,False,False,False,,not_called_core_qc_fail,pbmc3k-capture1,False,fails_low_genes;fails_low_umis
TTCCCACTTGAGGG-1,pbmc3k-capture1,pbmc3k-public-donor,807,1520.0,35.0,2.3026316,0.0,0.0,9.0,0.59210527,1.0,0.065789476,237.0,15.592106,False,False,False,True,False,False,True,False,False,0.0565726505901614,singlet,pbmc3k-capture1,True,
TTCCCACTTGTCTT-1,pbmc3k-capture1,pbmc3k-public-donor,1016,3163.0,57.0,1.8020866,0.0,0.0,45.0,1.4227,0.0,0.0,772.0,24.407207,False,False,False,True,False,False,False,False,False,0.209883614855105,singlet,pbmc3k-capture1,True,
TTCCTAGAAAGTGA-1,pbmc3k-capture1,pbmc3k-public-donor,551,1552.0,6.0,0.38659793,0.0,0.0,22.0,1.4175258,0.0,0.0,696.0,44.84536,False,False,False,True,False,False,False,False,False,0.0552033574355686,singlet,pbmc3k-capture1,True,
TTCCTAGACTAGTG-1,pbmc3k-capture1,pbmc3k-public-donor,841,1943.0,24.0,1.2352033,0.0,0.0,29.0,1.4925373,0.0,0.0,351.0,18.064848,False,False,False,True,False,False,False,False,False,0.234922002566228,singlet,pbmc3k-capture1,True,
TTCGAGGACTCTAT-1,pbmc3k-capture1,pbmc3k-public-donor,929,2746.0,63.0,2.2942462,0.0,0.0,42.0,1.5294975,0.0,0.0,1068.0,38.892933,False,False,False,True,False,False,False,False,False,0.311753990412369,singlet,pbmc3k-capture1,True,
TTCGAGGAGGGCAA-1,pbmc3k-capture1,pbmc3k-public-donor,757,1816.0,30.0,1.6519824,0.0,0.0,16.0,0.88105726,0.0,0.0,538.0,29.62555,False,False,False,True,False,False,False,False,False,0.339238887017951,singlet,pbmc3k-capture1,True,
TTCGAGGATAGAAG-1,pbmc3k-capture1,pbmc3k-public-donor,971,2749.0,74.0,2.6918879,0.0,0.0,18.0,0.65478355,0.0,0.0,715.0,26.009459,False,False,False,True,False,False,False,False,False,0.415699182104716,singlet,pbmc3k-capture1,True,
TTCGATTGAGCATC-1,pbmc3k-capture1,pbmc3k-public-donor,708,1910.0,29.0,1.5183246,0.0,0.0,20.0,1.0471205,0.0,0.0,829.0,43.40314,False,False,False,True,False,False,False,False,False,0.279342426142141,singlet,pbmc3k-capture1,True,
TTCGGAGAATGCCA-1,pbmc3k-capture1,pbmc3k-public-donor,567,1191.0,34.0,2.854744,0.0,0.0,4.0,0.3358522,0.0,0.0,184.0,15.449202,False,False,False,True,False,False,False,False,False,0.0464054322389167,singlet,pbmc3k-capture1,True,
TTCGGAGATGTGCA-1,pbmc3k-capture1,pbmc3k-public-donor,881,2412.0,28.0,1.1608624,0.0,0.0,27.0,1.119403,0.0,0.0,996.0,41.293533,False,False,False,True,False,False,False,False,False,0.332646529989692,singlet,pbmc3k-capture1,True,
TTCGTATGAAAAGC-1,pbmc3k-capture1,pbmc3k-public-donor,801,1991.0,32.0,1.6072326,0.0,0.0,4.0,0.20090407,0.0,0.0,583.0,29.281769,False,False,False,True,False,False,False,False,False,0.133428413820065,singlet,pbmc3k-capture1,True,
TTCGTATGGATAGA-1,pbmc3k-capture1,pbmc3k-public-donor,873,1983.0,26.0,1.3111447,0.0,0.0,16.0,0.8068583,0.0,0.0,597.0,30.1059,False,False,False,True,False,False,False,False,False,0.366589928463627,singlet,pbmc3k-capture1,True,
TTCGTATGGTCTGA-1,pbmc3k-capture1,pbmc3k-public-donor,805,2258.0,65.0,2.8786535,0.0,0.0,32.0,1.4171833,0.0,0.0,854.0,37.821083,False,False,False,True,False,False,False,False,False,0.116277845973375,singlet,pbmc3k-capture1,True,
TTCGTATGTCCTTA-1,pbmc3k-capture1,pbmc3k-public-donor,1359,4348.0,87.0,2.0009198,0.0,0.0,52.0,1.1959522,1.0,0.02299908,935.0,21.504139,False,False,False,True,False,False,True,False,True,0.296634483805776,singlet,pbmc3k-capture1,True,
TTCTACGAACGTAC-1,pbmc3k-capture1,pbmc3k-public-donor,866,2494.0,33.0,1.3231757,0.0,0.0,31.0,1.2429831,0.0,0.0,1046.0,41.940655,False,False,False,True,False,False,False,False,False,0.300348148574964,singlet,pbmc3k-capture1,True,
TTCTACGAGTTGGT-1,pbmc3k-capture1,pbmc3k-public-donor,945,2589.0,32.0,1.2359984,0.0,0.0,28.0,1.0814986,0.0,0.0,949.0,36.65508,False,False,False,True,False,False,False,False,False,0.370888800989001,singlet,pbmc3k-capture1,True,
TTCTAGTGACACGT-1,pbmc3k-capture1,pbmc3k-public-donor,1068,3018.0,31.0,1.0271703,0.0,0.0,27.0,0.8946322,0.0,0.0,1109.0,36.74619,False,False,False,True,False,False,False,False,False,0.370571983607028,singlet,pbmc3k-capture1,True,
TTCTAGTGCATGAC-1,pbmc3k-capture1,pbmc3k-public-donor,819,2073.0,74.0,3.5697057,0.0,0.0,10.0,0.48239267,0.0,0.0,508.0,24.505548,False,False,False,True,False,False,False,False,False,0.0686113802980447,singlet,pbmc3k-capture1,True,
TTCTAGTGGAGAGC-1,pbmc3k-capture1,pbmc3k-public-donor,815,1586.0,45.0,2.8373265,0.0,0.0,18.0,1.1349306,0.0,0.0,342.0,21.563683,False,False,False,True,False,False,False,False,False,0.141822564069688,singlet,pbmc3k-capture1,True,
TTCTAGTGGTCACA-1,pbmc3k-capture1,pbmc3k-public-donor,1058,2832.0,42.0,1.4830508,0.0,0.0,50.0,1.7655367,0.0,0.0,634.0,22.387005,False,False,False,True,False,False,False,False,False,0.178478859740059,singlet,pbmc3k-capture1,True,
TTCTCAGAAGAGAT-1,pbmc3k-capture1,pbmc3k-public-donor,845,2189.0,37.0,1.6902695,0.0,0.0,22.0,1.0050251,0.0,0.0,845.0,38.6021,False,False,False,True,False,False,False,False,False,0.269072990826359,singlet,pbmc3k-capture1,True,
TTCTCAGAAGCATC-1,pbmc3k-capture1,pbmc3k-public-donor,881,2497.0,53.0,2.1225471,0.0,0.0,11.0,0.44052863,0.0,0.0,999.0,40.008007,False,False,False,True,False,False,False,False,False,0.169679715268462,singlet,pbmc3k-capture1,True,
TTCTCAGATGGAGG-1,pbmc3k-capture1,pbmc3k-public-donor,1051,2643.0,19.0,0.71888006,0.0,0.0,17.0,0.6432085,0.0,0.0,765.0,28.944382,False,False,False,True,False,False,False,False,False,0.358830263805943,singlet,pbmc3k-capture1,True,
TTCTGATGGAGACG-1,pbmc3k-capture1,pbmc3k-public-donor,1179,2434.0,46.0,1.8898932,0.0,0.0,6.0,0.24650781,0.0,0.0,341.0,14.00986,False,False,False,True,False,False,False,False,False,0.12691446359264,singlet,pbmc3k-capture1,True,
TTCTTACTCTGGAT-1,pbmc3k-capture1,pbmc3k-public-donor,718,1741.0,39.0,2.240092,0.0,0.0,11.0,0.6318208,0.0,0.0,388.0,22.286043,False,False,False,True,False,False,False,False,False,0.154469118072531,singlet,pbmc3k-capture1,True,
TTGAACCTCCTTGC-1,pbmc3k-capture1,pbmc3k-public-donor,657,1746.0,26.0,1.489118,0.0,0.0,2.0,0.11454754,0.0,0.0,693.0,39.69072,False,False,False,True,False,False,False,False,False,0.0634256446762967,singlet,pbmc3k-capture1,True,
TTGAATGAACTACG-1,pbmc3k-capture1,pbmc3k-public-donor,882,2289.0,55.0,2.402796,0.0,0.0,10.0,0.436872,0.0,0.0,513.0,22.411533,False,False,False,True,False,False,False,False,False,0.096275334746365,singlet,pbmc3k-capture1,True,
TTGAATGACTTACT-1,pbmc3k-capture1,pbmc3k-public-donor,709,2102.0,35.0,1.6650809,0.0,0.0,19.0,0.9039011,0.0,0.0,1009.0,48.001904,False,False,False,True,False,False,False,False,False,0.0981163771367009,singlet,pbmc3k-capture1,True,
TTGAATGATCTCAT-1,pbmc3k-capture1,pbmc3k-public-donor,754,2015.0,35.0,1.7369727,0.0,0.0,10.0,0.4962779,0.0,0.0,871.0,43.225807,False,False,False,True,False,False,False,False,False,0.11547934205819,singlet,pbmc3k-capture1,True,
TTGACACTCTGTAG-1,pbmc3k-capture1,pbmc3k-public-donor,735,1943.0,26.0,1.3381369,0.0,0.0,13.0,0.66906846,0.0,0.0,815.0,41.945446,False,False,False,True,False,False,False,False,False,0.306266706568645,singlet,pbmc3k-capture1,True,
TTGACACTGATAAG-1,pbmc3k-capture1,pbmc3k-public-donor,603,1315.0,35.0,2.661597,0.0,0.0,13.0,0.98859316,0.0,0.0,426.0,32.39544,False,False,False,True,False,False,False,False,False,0.0749153061550087,singlet,pbmc3k-capture1,True,
TTGAGGACAGAACA-1,pbmc3k-capture1,pbmc3k-public-donor,944,2956.0,86.0,2.909337,0.0,0.0,23.0,0.7780785,0.0,0.0,867.0,29.330175,False,False,False,True,False,False,False,False,False,0.119803978969576,singlet,pbmc3k-capture1,True,
TTGAGGACTACGCA-1,pbmc3k-capture1,pbmc3k-public-donor,1794,6344.0,155.0,2.4432535,0.0,0.0,81.0,1.2767969,2.0,0.03152585,1746.0,27.52207,False,False,False,True,False,False,True,False,True,0.350052477854647,singlet,pbmc3k-capture1,True,
TTGAGGTGGACGGA-1,pbmc3k-capture1,pbmc3k-public-donor,712,2011.0,21.0,1.0442566,0.0,0.0,13.0,0.64644456,0.0,0.0,869.0,43.212334,False,False,False,True,False,False,False,False,False,0.0976537058804532,singlet,pbmc3k-capture1,True,
TTGCATTGAGCTAC-1,pbmc3k-capture1,pbmc3k-public-donor,721,1991.0,35.0,1.7579106,0.0,0.0,3.0,0.15067805,1.0,0.050226018,737.0,37.016575,False,False,False,True,False,False,True,False,False,0.371415753092602,singlet,pbmc3k-capture1,True,
TTGCATTGCTAAGC-1,pbmc3k-capture1,pbmc3k-public-donor,1097,3248.0,162.0,4.9876847,0.0,0.0,52.0,1.6009853,0.0,0.0,669.0,20.59729,False,False,False,True,False,False,False,False,False,0.395351858933121,singlet,pbmc3k-capture1,True,
TTGCATTGTGACTG-1,pbmc3k-capture1,pbmc3k-public-donor,813,2441.0,42.0,1.7206063,0.0,0.0,23.0,0.9422367,0.0,0.0,1095.0,44.858665,False,False,False,True,False,False,False,False,False,0.154667730110597,singlet,pbmc3k-capture1,True,
TTGCTAACACCAAC-1,pbmc3k-capture1,pbmc3k-public-donor,788,1921.0,41.0,2.134305,0.0,0.0,14.0,0.7287871,0.0,0.0,655.0,34.096825,False,False,False,True,False,False,False,False,False,0.438819937443049,singlet,pbmc3k-capture1,True,
TTGCTAACACGCTA-1,pbmc3k-capture1,pbmc3k-public-donor,917,2576.0,51.0,1.9798137,0.0,0.0,23.0,0.8928572,0.0,0.0,637.0,24.72826,False,False,False,True,False,False,False,False,False,0.195499587980738,singlet,pbmc3k-capture1,True,
TTGCTAACCACTCC-1,pbmc3k-capture1,pbmc3k-public-donor,656,1943.0,44.0,2.2645392,0.0,0.0,30.0,1.5440041,0.0,0.0,894.0,46.011322,False,False,False,True,False,False,False,False,False,0.152030422466348,singlet,pbmc3k-capture1,True,
TTGCTATGGTACGT-1,pbmc3k-capture1,pbmc3k-public-donor,1104,3109.0,64.0,2.0585396,0.0,0.0,13.0,0.4181409,1.0,0.03216468,638.0,20.521069,False,False,False,True,False,False,True,False,False,0.220217784932756,singlet,pbmc3k-capture1,True,
TTGCTATGGTAGGG-1,pbmc3k-capture1,pbmc3k-public-donor,1268,3406.0,82.0,2.4075162,0.0,0.0,37.0,1.0863183,0.0,0.0,578.0,16.970053,False,False,False,True,False,False,False,False,False,0.116579272557551,singlet,pbmc3k-capture1,True,
TTGGAGACCAATCG-1,pbmc3k-capture1,pbmc3k-public-donor,1239,4166.0,49.0,1.1761882,0.0,0.0,30.0,0.72011524,0.0,0.0,1563.0,37.518005,False,False,False,True,False,False,False,False,False,0.353518125911041,singlet,pbmc3k-capture1,True,
TTGGAGACGCTATG-1,pbmc3k-capture1,pbmc3k-public-donor,862,2662.0,64.0,2.4042075,0.0,0.0,27.0,1.014275,0.0,0.0,711.0,26.70924,False,False,False,True,False,False,False,False,False,0.0972176659503764,singlet,pbmc3k-capture1,True,
TTGGAGACTATGGC-1,pbmc3k-capture1,pbmc3k-public-donor,739,1779.0,51.0,2.866779,0.0,0.0,16.0,0.89938164,0.0,0.0,612.0,34.40135,False,False,False,True,False,False,False,False,False,0.186518772207663,singlet,pbmc3k-capture1,True,
TTGGGAACTGAACC-1,pbmc3k-capture1,pbmc3k-public-donor,858,2652.0,56.0,2.111614,0.0,0.0,42.0,1.5837106,0.0,0.0,1106.0,41.704376,False,False,False,True,False,False,False,False,False,0.188137358026821,singlet,pbmc3k-capture1,True,
TTGGTACTACTGGT-1,pbmc3k-capture1,pbmc3k-public-donor,1066,3268.0,93.0,2.8457773,0.0,0.0,32.0,0.9791922,0.0,0.0,726.0,22.215424,False,False,False,True,False,False,False,False,False,0.168639233117226,singlet,pbmc3k-capture1,True,
TTGGTACTCTTAGG-1,pbmc3k-capture1,pbmc3k-public-donor,752,2928.0,51.0,1.7418033,0.0,0.0,49.0,1.6734972,0.0,0.0,1447.0,49.4194,False,False,False,True,False,False,False,False,False,0.162181963916569,singlet,pbmc3k-capture1,True,
TTGGTACTGAATCC-1,pbmc3k-capture1,pbmc3k-public-donor,615,1855.0,47.0,2.5336926,0.0,0.0,11.0,0.5929919,0.0,0.0,758.0,40.862534,False,False,False,True,False,False,False,False,False,0.0681963455432324,singlet,pbmc3k-capture1,True,
TTGGTACTGGATTC-1,pbmc3k-capture1,pbmc3k-public-donor,721,1883.0,36.0,1.9118428,0.0,0.0,12.0,0.63728094,0.0,0.0,749.0,39.77695,False,False,False,True,False,False,False,False,False,0.0875630927031634,singlet,pbmc3k-capture1,True,
TTGTACACGTTGTG-1,pbmc3k-capture1,pbmc3k-public-donor,571,1537.0,58.0,3.7735848,0.0,0.0,10.0,0.6506181,0.0,0.0,536.0,34.87313,False,False,False,True,False,False,False,False,False,0.032307764900844,singlet,pbmc3k-capture1,True,
TTGTACACTTGCAG-1,pbmc3k-capture1,pbmc3k-public-donor,861,2260.0,31.0,1.3716815,0.0,0.0,14.0,0.61946905,0.0,0.0,856.0,37.876106,False,False,False,True,False,False,False,False,False,0.333577409350382,singlet,pbmc3k-capture1,True,
TTGTAGCTAGCTCA-1,pbmc3k-capture1,pbmc3k-public-donor,933,2519.0,56.0,2.2231045,0.0,0.0,30.0,1.1909487,0.0,0.0,900.0,35.728462,False,False,False,True,False,False,False,False,False,0.398289289400719,singlet,pbmc3k-capture1,True,
TTGTAGCTCTCTTA-1,pbmc3k-capture1,pbmc3k-public-donor,807,2136.0,56.0,2.6217227,0.0,0.0,9.0,0.4213483,0.0,0.0,781.0,36.56367,False,False,False,True,False,False,False,False,False,0.149746536597346,singlet,pbmc3k-capture1,True,
TTGTCATGGACGGA-1,pbmc3k-capture1,pbmc3k-public-donor,1082,2178.0,40.0,1.8365473,0.0,0.0,15.0,0.6887052,0.0,0.0,330.0,15.151516,False,False,False,True,False,False,False,False,False,0.160704653791451,singlet,pbmc3k-capture1,True,
TTTAGAGATCCTCG-1,pbmc3k-capture1,pbmc3k-public-donor,820,2362.0,32.0,1.354784,0.0,0.0,37.0,1.5664691,0.0,0.0,931.0,39.41575,False,False,False,True,False,False,False,False,False,0.147579352398376,singlet,pbmc3k-capture1,True,
TTTAGCTGATACCG-1,pbmc3k-capture1,pbmc3k-public-donor,887,2756.0,63.0,2.2859216,0.0,0.0,38.0,1.3788098,0.0,0.0,1265.0,45.899857,False,False,False,True,False,False,False,False,False,0.301789227615163,singlet,pbmc3k-capture1,True,
TTTAGCTGGATACC-1,pbmc3k-capture1,pbmc3k-public-donor,850,2454.0,27.0,1.1002445,0.0,0.0,28.0,1.1409943,0.0,0.0,669.0,27.261616,False,False,False,True,False,False,False,False,False,0.172279519672202,singlet,pbmc3k-capture1,True,
TTTAGCTGTACTCT-1,pbmc3k-capture1,pbmc3k-public-donor,1567,5678.0,120.0,2.1134202,0.0,0.0,36.0,0.63402605,1.0,0.017611835,2078.0,36.597393,False,False,False,True,False,False,True,False,True,0.612721481611666,doublet,pbmc3k-capture1,False,scDblFinder_doublet
TTTAGGCTCCTTTA-1,pbmc3k-capture1,pbmc3k-public-donor,803,1984.0,46.0,2.3185484,0.0,0.0,10.0,0.50403225,0.0,0.0,524.0,26.41129,False,False,False,True,False,False,False,False,False,0.121026476774786,singlet,pbmc3k-capture1,True,
TTTATCCTGTTGTG-1,pbmc3k-capture1,pbmc3k-public-donor,1156,3680.0,48.0,1.3043478,0.0,0.0,38.0,1.0326086,0.0,0.0,844.0,22.934782,False,False,False,True,False,False,False,False,False,0.292428647694989,singlet,pbmc3k-capture1,True,
TTTCACGAGGTTCA-1,pbmc3k-capture1,pbmc3k-public-donor,721,2037.0,27.0,1.3254787,0.0,0.0,31.0,1.5218458,0.0,0.0,907.0,44.526264,False,False,False,True,False,False,False,False,False,0.216104418433146,singlet,pbmc3k-capture1,True,
TTTCAGTGGAAGGC-1,pbmc3k-capture1,pbmc3k-public-donor,692,1781.0,27.0,1.5160022,0.0,0.0,2.0,0.11229647,0.0,0.0,684.0,38.40539,False,False,False,True,False,False,False,False,False,0.177312679466907,singlet,pbmc3k-capture1,True,
TTTCAGTGTCACGA-1,pbmc3k-capture1,pbmc3k-public-donor,700,1634.0,56.0,3.4271724,0.0,0.0,13.0,0.7955937,1.0,0.061199512,566.0,34.638924,False,False,False,True,False,False,True,False,False,0.0999104577092718,singlet,pbmc3k-capture1,True,
TTTCAGTGTCTATC-1,pbmc3k-capture1,pbmc3k-public-donor,458,937.0,23.0,2.4546423,0.0,0.0,2.0,0.21344717,0.0,0.0,131.0,13.980789,True,True,False,False,False,False,False,False,False,,not_called_core_qc_fail,pbmc3k-capture1,False,fails_low_genes;fails_low_umis
TTTCAGTGTGCAGT-1,pbmc3k-capture1,pbmc3k-public-donor,637,1322.0,25.0,1.8910742,0.0,0.0,18.0,1.3615733,0.0,0.0,418.0,31.61876,False,False,False,True,False,False,False,False,False,0.063244307266285,singlet,pbmc3k-capture1,True,
TTTCCAGAGGTGAG-1,pbmc3k-capture1,pbmc3k-public-donor,873,2187.0,15.0,0.68587106,0.0,0.0,35.0,1.6003658,0.0,0.0,655.0,29.949703,False,False,False,True,False,False,False,False,False,0.207454762897214,singlet,pbmc3k-capture1,True,
TTTCGAACACCTGA-1,pbmc3k-capture1,pbmc3k-public-donor,1544,4460.0,58.0,1.3004484,0.0,0.0,6.0,0.13452914,1.0,0.022421524,1153.0,25.852018,False,False,False,True,False,False,True,False,True,0.34671318711982,singlet,pbmc3k-capture1,True,
TTTCGAACTCTCAT-1,pbmc3k-capture1,pbmc3k-public-donor,1155,3461.0,73.0,2.109217,0.0,0.0,30.0,0.8668015,0.0,0.0,884.0,25.54175,False,False,False,True,False,False,False,False,False,0.2319543668873,singlet,pbmc3k-capture1,True,
TTTCTACTGAGGCA-1,pbmc3k-capture1,pbmc3k-public-donor,1227,3447.0,32.0,0.9283435,0.0,0.0,18.0,0.5221932,1.0,0.029010734,1075.0,31.186539,False,False,False,True,False,False,True,False,False,0.390793601396045,singlet,pbmc3k-capture1,True,
TTTCTACTTCCTCG-1,pbmc3k-capture1,pbmc3k-public-donor,622,1684.0,37.0,2.1971495,0.0,0.0,31.0,1.8408551,0.0,0.0,643.0,38.182896,False,False,False,True,False,False,False,False,False,0.0942302958161046,singlet,pbmc3k-capture1,True,
TTTGCATGAGAGGC-1,pbmc3k-capture1,pbmc3k-public-donor,454,1024.0,21.0,2.0507812,0.0,0.0,28.0,2.734375,0.0,0.0,266.0,25.976562,True,True,False,False,False,True,False,False,False,,not_called_core_qc_fail,pbmc3k-capture1,False,fails_low_genes;fails_low_umis
TTTGCATGCCTCAC-1,pbmc3k-capture1,pbmc3k-public-donor,724,1985.0,16.0,0.80604535,0.0,0.0,30.0,1.511335,0.0,0.0,823.0,41.460957,False,False,False,True,False,False,False,False,False,0.180654870314671,singlet,pbmc3k-capture1,True,
