group,names,scores,logfoldchanges,pvals,pvals_adj,pct_nz_group,pct_nz_reference
0,SPARCL1,21.713575,6.9031606,1.527068584949345e-104,4.5404330236298873e-100,0.9883040935672515,0.1280696300901461
0,IFI27,21.029757,6.36543,3.5044982745788936e-98,5.209962359902712e-94,0.9766081871345029,0.12900217594031707
0,RNASE1,20.903996,7.9124484,4.924550342937495e-97,4.880721844885351e-93,0.9473684210526315,0.024867889337892447
0,ENG,20.539534,6.145719,9.547309536866007e-94,7.096753861490925e-90,0.935672514619883,0.11035125893689773
0,PLVAP,20.447113,8.950324,6.373621374130245e-93,3.7901376863402915e-89,0.9181286549707602,0.020516008703761267
0,RAMP2,20.422855,8.199406,1.0475754966948901e-92,5.1912603738715275e-89,0.9181286549707602,0.027820951196767175
0,BCAM,20.383219,5.870214,2.3564219990263085e-92,1.0009070756721319e-88,0.9415204678362573,0.10149207336027355
0,IGFBP7,20.33976,6.751401,5.72089621277193e-92,2.126242588679347e-88,0.9649122807017544,0.15247124650295307
0,IFITM3,20.280884,4.56063,1.8969574701486588e-91,6.266915162214453e-88,0.9766081871345029,0.4518184644078334
0,CAV1,20.224422,6.308418,5.968475572573404e-91,1.7746068419932504e-87,0.9298245614035088,0.08579421821572894
0,CRIP2,19.882675,5.2183514,5.748464568313718e-88,1.5538099728151978e-84,0.9239766081871345,0.1476530929437364
0,ESAM,19.849642,7.9773564,1.109910371380843e-87,2.7500804226888834e-84,0.8947368421052632,0.014299036369288157
0,GNG11,19.76553,6.837507,5.89757525235216e-87,1.3488661921398983e-83,0.8947368421052632,0.04818153559216661
0,A2M,19.66809,5.7408442,4.047321936351106e-86,8.595644509537674e-83,0.9122807017543859,0.11283804787068698
0,SPARC,19.629673,5.459015,8.626923866835746e-86,1.7100288488841818e-82,0.9532163742690059,0.16863537457258315
0,NPDC1,19.60647,4.8727336,1.3615872599276033e-85,2.530254624964214e-82,0.9122807017543859,0.17811625738265466
0,PECAM1,19.369232,6.142965,1.40333018151607e-83,2.4544244874716063e-80,0.8888888888888888,0.05937208579421822
0,CLEC14A,19.254951,8.460079,1.2829484406797873e-82,2.1192169992628956e-79,0.8654970760233918,0.01196767174386074
0,EMCN,18.925192,10.177104,7.073209731823089e-80,1.106882868191031e-76,0.847953216374269,0.002953061858874728
0,SEPW1,18.781248,2.8009372,1.0752344161070828e-78,1.5984972447055947e-75,0.9707602339181286,0.5962076468759714
0,CD34,18.686592,6.891324,6.365099968399374e-78,9.012072255258027e-75,0.847953216374269,0.028598072738576313
0,CDKN1A,18.591022,4.1293526,3.798657942111332e-77,5.133886208763464e-74,0.9532163742690059,0.31628846751631956
0,PALMD,18.439663,6.9199443,6.313305710707358e-76,8.161457334628778e-73,0.8362573099415205,0.03559216661485856
0,GSN,18.414776,4.5122385,1.0000325202952306e-75,1.2389152885807538e-72,0.9473684210526315,0.3274790177183712
0,EPAS1,18.319511,6.3219604,5.783061861192994e-75,6.877911132754051e-72,0.8362573099415205,0.04165371464096985
0,AQP1,18.29643,8.169859,8.835077517208812e-75,1.0103590762275756e-71,0.8245614035087719,0.01896176562014299
0,VWF,18.275179,10.4174385,1.3045997552807087e-74,1.4366542416207892e-71,0.8187134502923976,0.002953061858874728
0,IGFBP4,17.966692,4.5579615,3.5528427599912906e-72,3.7727383493864657e-69,0.9590643274853801,0.2018961765620143
0,EGFL7,17.944931,8.543302,5.257501654033172e-72,5.390389540667872e-69,0.8070175438596491,0.00917003419334784
0,ADGRL4,17.889528,10.730179,1.4230791295419104e-71,1.4104137252889875e-68,0.8011695906432749,0.0018650917003419335
0,SDPR,17.809196,8.550897,5.9964847884124486e-71,5.751402652060236e-68,0.8011695906432749,0.011812247435498913
0,PTRF,17.52068,4.3404965,9.96293161976202e-69,9.257120182824504e-66,0.8654970760233918,0.1336649051911719
0,RBP7,17.444593,8.016306,3.784045440671117e-68,3.4094249420446762e-65,0.7894736842105263,0.025023313646254274
0,ID3,17.351116,4.366961,1.9344956485174515e-67,1.6917164446285115e-64,0.8771929824561403,0.16319552377991917
0,HSPG2,17.265543,5.676548,8.5497222102469e-67,7.26311115649346e-64,0.8011695906432749,0.052844264843021446
0,PIK3R3,17.230923,4.792969,1.556492492866075e-66,1.285533091399639e-63,0.8187134502923976,0.10755362138638483
0,SPRY1,17.078995,4.904757,2.127543008014948e-65,1.7096820610083363e-62,0.8187134502923976,0.09714019272614237
0,SOCS3,16.78749,4.336334,3.0131869933204913e-63,2.3576602334841623e-60,0.8362573099415205,0.19365868821883742
0,TM4SF1,16.718494,4.377048,9.611575319467661e-63,7.327717153172615e-60,0.8596491228070176,0.1784271059993783
0,VIM,16.715204,2.000875,1.0157210430702809e-62,7.550108443402166e-60,1.0,0.9194902082685732
0,SCARB1,16.608297,5.745184,6.069140446778725e-62,4.401311046440777e-59,0.7719298245614035,0.08113148896487411
0,LMCD1,16.35316,4.592384,4.1299191300887914e-60,2.923687749879286e-57,0.7894736842105263,0.09822816288467516
0,TSC22D1,16.24211,3.5290651,2.540357024831895e-59,1.756568265565738e-56,0.8830409356725146,0.24728007460366802
0,PDLIM1,16.190607,4.159587,5.874638525454995e-59,3.9697869835762125e-56,0.8070175438596491,0.15293751942803854
0,MGLL,16.042925,4.837401,6.406473565408291e-58,4.232970633784105e-55,0.7660818713450293,0.07895554864780852
0,IFITM2,16.040243,2.4131145,6.68920629791111e-58,4.32369936643024e-55,0.9532163742690059,0.616412806963009
0,CD59,15.929497,3.0100799,3.955271300670064e-57,2.5021719485707024e-54,0.8830409356725146,0.3405346596207647
0,CD36,15.904548,6.5676866,5.892712634536564e-57,3.6501671825557424e-54,0.7309941520467836,0.03139571028908921
0,HSPB1,15.87966,2.6218116,8.765223092720513e-57,5.31870159624202e-54,0.9298245614035088,0.5133664905191172
0,IFITM1,15.825638,2.4693637,2.0708946522591712e-56,1.2314782139124387e-53,0.9824561403508771,0.6989431147031395
1,DCN,38.38936,9.305156,0.0,0.0,0.9981378026070763,0.061305207646671064
1,LUM,37.63125,9.454122,6.6298402157628e-310,9.856251956763787e-306,0.9795158286778398,0.026862228081740276
1,APOD,37.229263,8.349846,2.2948347341900124e-303,2.2744107050557211e-299,0.9795158286778398,0.16117336849044167
1,SERPING1,37.087173,6.14983,4.522754508568145e-301,3.361876495081416e-297,0.9832402234636871,0.1316743572841134
1,IGFBP4,36.95134,6.3491397,6.931368747073749e-299,4.121807739134876e-295,0.9925512104283054,0.15326301911667764
1,CXCL12,36.84815,8.4110365,3.1311718390429466e-297,1.551652204837732e-293,0.9646182495344506,0.028180619644034278
1,COL3A1,36.0476,8.836045,1.5038759281325775e-284,5.822594484126894e-281,0.9422718808193669,0.022247857613711272
1,COL1A2,36.046467,8.252169,1.5666349131609713e-284,5.822594484126894e-281,0.9441340782122905,0.025049439683586024
1,C1S,35.796875,7.221517,1.2351880265024096e-280,4.0806495102217944e-277,0.9404096834264432,0.04878048780487805
1,RARRES2,35.733105,7.797004,1.2107677375717627e-279,3.5999757141221222e-276,0.9366852886405959,0.026367831245880026
1,CTSK,35.719776,8.922243,1.9499436767808717e-279,5.270697758338696e-276,0.931098696461825,0.015161502966381015
1,GSN,35.60249,5.200316,1.2820950646950409e-277,3.1767110465481376e-274,0.9906890130353817,0.28625576796308505
1,COL1A1,35.569916,8.131463,4.089787217545387e-277,9.35397256455977e-274,0.9329608938547486,0.03922214897824654
1,ISLR,35.376602,7.3998957,3.910429390570285e-274,8.304914076416163e-271,0.9292364990689013,0.03691496374423204
1,CALD1,35.36737,5.1886573,5.421953715611319e-274,1.0747396655084758e-270,0.9739292364990689,0.17122610415293343
1,COL6A2,34.982372,7.230181,4.170936276141826e-268,7.750903018657806e-265,0.9217877094972067,0.034607778510217534
1,MXRA8,34.72099,7.244163,3.7998143156023666e-264,6.645875237988539e-261,0.9143389199255121,0.027851021753460777
1,SFRP2,34.703434,8.792213,6.992359883917633e-264,1.1550213134917943e-260,0.9068901303538175,0.02010547132498352
1,CYR61,34.21286,6.232428,1.556793949723622e-256,2.436218658270129e-253,0.9348230912476723,0.15969017798286092
1,TIMP1,34.19499,4.930613,2.8705130647116397e-256,4.2674482476535594e-253,0.9664804469273743,0.24291364535266974
1,TMEM176B,34.162594,5.69218,8.693947347975175e-256,1.2309387452254565e-252,0.9199255121042831,0.07893869479235333
1,EGR1,33.893784,5.0579,8.225750102825002e-252,1.111710126396799e-248,0.9534450651769087,0.2661502966381015
1,COL6A1,33.577446,7.1453457,3.580713037514843e-247,4.628927858453427e-244,0.8845437616387337,0.03444297956493078
1,SPARC,33.453865,5.3819213,2.2612279262717754e-245,2.8013787471599456e-242,0.9441340782122905,0.12211601845748188
1,SEPP1,33.26702,5.1165843,1.1583014604691802e-242,1.3775910929652053e-239,0.9162011173184358,0.13694792353328938
1,FOS,33.20398,4.606988,9.431406777148933e-242,1.0785539142498816e-238,0.9720670391061452,0.6170072511535926
1,MFAP4,33.182343,9.056646,1.9355447379045847e-241,2.1314648774858155e-238,0.8659217877094972,0.006921555702043507
1,DUSP1,32.861362,3.4848576,7.838317196183318e-237,8.323453042647093e-234,0.9869646182495344,0.6560646011865524
1,CTGF,32.83714,7.06365,1.7383547197405965e-236,1.782293133863695e-233,0.8789571694599627,0.08042188529993408
1,LAPTM4A,32.753025,3.1286583,2.7495216423876636e-235,2.7250508997704137e-232,0.9646182495344506,0.4576466710613052
1,LGALS1,32.701237,3.9248834,1.4998599674178352e-234,1.4385592390720804e-231,0.9869646182495344,0.40128543177323667
1,SERPINF1,32.67484,5.6611505,3.557440048418378e-234,3.305417654988239e-231,0.888268156424581,0.08651944627554384
1,SPON2,32.52459,5.6659646,4.7898504932088136e-232,4.315655294381141e-229,0.88268156424581,0.07613711272247857
1,IGF1,32.4633,8.925036,3.516520891506748e-231,3.075197519622651e-228,0.8472998137802608,0.00955833882663151
1,FBLN1,32.43507,7.528825,8.795811042085615e-231,7.472167134695189e-228,0.851024208566108,0.02851021753460778
1,CPE,32.408733,6.4430475,2.0676770826187804e-230,1.7077289638195611e-227,0.8640595903165735,0.028345418589321027
1,IFITM3,32.268272,3.8623943,1.9501088983747385e-228,1.5670969696047594e-225,0.9795158286778398,0.4199077125906394
1,SRPX,32.036343,8.471891,3.402091989758623e-225,2.6619579245129772e-222,0.8379888268156425,0.013513513513513514
1,PLPP3,31.537907,5.4873147,2.6269173382029836e-218,2.0027213645330594e-215,0.8566108007448789,0.0945945945945946
1,TMEM176A,31.508097,5.5328536,6.728915220441521e-218,5.001770906234694e-215,0.8547486033519553,0.07053394858272907
1,PCOLCE,31.263193,6.7321143,1.4774429670902706e-214,1.0714344326950005e-211,0.8286778398510242,0.027686222808174028
1,MEG3,31.188358,7.6128592,1.532478655006928e-213,1.059655531379558e-210,0.819366852886406,0.012359920896506262
1,JUN,31.176672,3.1450582,2.2071496690368973e-213,1.4914813888516834e-210,0.9869646182495344,0.7542847725774555
1,MMP2,30.603046,7.4554133,1.1148929660248988e-205,7.366469457515181e-203,0.8044692737430168,0.02076466710613052
1,LGALS3,30.30156,3.0964177,1.0933697997661484e-201,6.916843458818488e-199,0.9776536312849162,0.41381015161502965
1,COL6A3,30.282848,7.1447597,1.928410590797286e-201,1.1945298353369936e-198,0.7988826815642458,0.01994067237969677
1,PLTP,30.245117,6.3628116,6.0484608714815526e-201,3.670181369219612e-198,0.8063314711359404,0.05652603823335531
1,OLFML3,30.18798,5.734825,3.4062966631884586e-200,2.0255883737316487e-197,0.8156424581005587,0.043671720500988796
1,VIM,29.988256,2.0931704,1.3962855440093237e-197,7.98379963077485e-195,1.0,0.9146341463414634
1,RASD1,29.69201,5.759918,9.737279950932388e-194,5.46261405247307e-191,0.813780260707635,0.07481872116018458
2,IGFBP7,14.394338,8.05951,5.616012533674073e-47,1.6698090066373122e-42,1.0,0.1643961426603398
2,ADIRF,14.18193,6.788217,1.1854108379028892e-45,1.76229102216833e-41,0.9861111111111112,0.08281034746670748
2,MYL9,14.143308,6.6295547,2.053991705319549e-45,2.035711179142205e-41,1.0,0.12566967702433798
2,CALD1,14.039558,5.475119,8.926743426459573e-45,6.635471557473062e-41,1.0,0.22807286086024797
2,IFITM3,13.860615,4.8755584,1.0973051207426234e-43,6.525234631008084e-40,1.0,0.45951324047145264
2,RGS5,13.582893,11.254299,5.058781112172256e-42,2.5068789801369616e-38,0.9305555555555556,0.012245522730751569
2,LHFP,13.515281,5.717173,1.2706985505118133e-41,5.397382857481107e-38,0.9583333333333334,0.10515842645032909
2,NDUFA4L2,13.379589,10.361989,7.958563362503854e-41,2.9578995557165883e-37,0.9166666666666666,0.009337211082198071
2,SPARC,13.206146,5.809326,8.085984924451737e-40,2.5895503887394712e-36,0.9722222222222222,0.18031532221031685
2,MFGE8,13.200553,4.8176556,8.709347824772042e-40,2.5895503887394712e-36,0.9583333333333334,0.19975508954538496
2,CAV1,13.059828,5.584781,5.5853886483418054e-39,1.4368672805316099e-35,0.9444444444444444,0.09842338894841574
2,SPARCL1,13.05697,5.7967887,5.7990809425148216e-39,1.4368672805316099e-35,0.9583333333333334,0.14143578754018063
2,TPM2,12.919103,5.512015,3.5121199643694196e-38,8.032758684661227e-35,0.9444444444444444,0.11311801622531761
2,CPE,12.765576,5.301702,2.552541481851015e-37,5.421051134276873e-34,0.9305555555555556,0.08709628042247053
2,TIMP3,12.747555,5.6983085,3.216780261074077e-37,6.376301833501036e-34,0.9305555555555556,0.1221490892392469
2,TPM1,12.656949,4.8071656,1.0240256437933143e-36,1.902959654181663e-33,0.9305555555555556,0.2153681310270932
2,SERPING1,12.415706,4.695806,2.1478370806193257e-35,3.5533830006988063e-32,0.9583333333333334,0.19256084494106843
2,PHLDA1,12.415582,3.9217284,2.1511752602353784e-35,3.5533830006988063e-32,0.9583333333333334,0.33261901117403947
2,BGN,12.375841,6.0070515,3.531767570027684e-35,5.526844482085954e-32,0.8888888888888888,0.0765345170671973
2,RHOB,12.16741,4.0983567,4.63559394685619e-34,6.891505741093755e-31,0.9583333333333334,0.3401193938466248
2,MAP1B,12.041631,5.340341,2.146699668560183e-33,3.039420059299996e-30,0.8611111111111112,0.07286086024797184
2,A2M,11.953728,4.5116134,6.207678793406971e-33,8.389677889289521e-30,0.9027777777777778,0.1250574008878004
2,CST3,11.887794,4.2877264,1.3697795034488252e-32,1.7707675641758226e-29,1.0,0.29404561457217204
2,MT2A,11.87406,3.8669906,1.6143950328960372e-32,2.000033646379078e-29,1.0,0.5968161640900046
2,EPS8,11.831895,5.584542,2.6704458380906367e-32,3.176014644157956e-29,0.8333333333333334,0.09061686820756161
2,GJA4,11.713883,8.813537,1.0820734904043944e-31,1.237434272699764e-28,0.8055555555555556,0.007194244604316547
2,C1QTNF1,11.702076,7.9169683,1.2437283137757216e-31,1.3696212575367975e-28,0.8055555555555556,0.012857798867289147
2,HIGD1B,11.568218,13.064097,5.970987304467138e-31,6.340548768704336e-28,0.7916666666666666,0.00045920710240318386
2,TINAGL1,11.455178,5.4864655,2.215070501350576e-30,2.2710583178157476e-27,0.8194444444444444,0.07699372416960049
2,LGALS1,11.446789,3.4709625,2.4401837433112866e-30,2.4184661079958163e-27,1.0,0.4428287157508036
2,SOD3,11.389275,5.6192107,4.729101071272006e-30,4.535818133939695e-27,0.8194444444444444,0.05908464717587632
2,PPP1R14A,11.322874,5.742434,1.0110225428102777e-29,9.39397914543062e-27,0.8055555555555556,0.037654982397061075
2,ESAM,11.247742,5.5670385,2.3759730709531903e-29,2.1407517369288245e-26,0.8055555555555556,0.028623909383131793
2,PDGFRB,11.233138,5.3964863,2.8034194710404377e-29,2.4515903274248628e-26,0.8055555555555556,0.05418643808357569
2,PTRF,11.115655,4.121179,1.0527537492642011e-28,8.943293493392142e-26,0.8611111111111112,0.1448033062911373
2,SEPT4,11.078306,5.881081,1.5986796624529322e-28,1.3203761778809178e-25,0.7777777777777778,0.053268023878769326
2,ACTA2,11.070786,4.6940956,1.7386701516434987e-28,1.3971859356436795e-25,0.875,0.2690953620082657
2,NOTCH3,10.986147,6.8627768,4.455431251779609e-28,3.4861404581358713e-25,0.7638888888888888,0.036889637226389105
2,TAGLN,10.97959,5.477431,4.790893924113943e-28,3.6525038216840986e-25,0.8333333333333334,0.14036430430123986
2,EPHX1,10.977012,4.2029285,4.9296152051221025e-28,3.664306222347387e-25,0.8333333333333334,0.16898821368437164
2,FILIP1L,10.971201,5.177353,5.256926499677242e-28,3.812297454022035e-25,0.7916666666666666,0.07852441451094444
2,COL18A1,10.891005,4.9373007,1.272290751884921e-27,9.006909744236751e-25,0.7916666666666666,0.08434103780805143
2,ISYNA1,10.85552,4.160695,1.877344607457278e-27,1.2686156184892555e-24,0.8194444444444444,0.1533751722026634
2,CD151,10.82333,3.09242,2.6690076369683443e-27,1.7635023126662175e-24,0.9166666666666666,0.3096586560538803
2,HSPB1,10.808912,2.7312806,3.1235122413289235e-27,2.0189432493789757e-24,0.9861111111111112,0.5190570947497322
2,PLAC9,10.756246,5.689625,5.5380799453688795e-27,3.5034836386309125e-24,0.7638888888888888,0.048216745752334304
2,IFITM2,10.69463,2.4465091,1.0784957972917606e-26,6.680607404349149e-24,1.0,0.6210010714832389
2,PCOLCE,10.689068,4.3022923,1.1451613753728857e-26,6.948792484482043e-24,0.8194444444444444,0.08480024491045461
2,NR2F2,10.686862,5.3832164,1.1727217567852534e-26,6.973707198899188e-24,0.7638888888888888,0.06229909689269861
2,IGFBP4,10.58827,3.9568741,3.3777528952752115e-26,1.9692299379454482e-23,0.9166666666666666,0.21383744068574928
3,CD79A,29.913666,7.4553394,1.3070425244470616e-196,3.886229537938448e-192,0.9848484848484849,0.05737051792828685
3,MS4A1,29.740606,8.987721,2.293847914885307e-194,3.4101490026642414e-190,0.9727272727272728,0.018167330677290837
3,CD37,27.616129,3.205967,7.124354373073384e-168,7.060947619153032e-164,0.9939393939393939,0.5853386454183267
3,HLA-DRA,27.1957,5.0884867,7.301949873152953e-163,5.427721889461418e-159,1.0,0.43824701195219123
3,CD74,27.160053,4.2136216,1.9263574273921893e-162,1.1455277077730394e-158,1.0,0.8696414342629482
3,HLA-DPB1,25.799501,3.611597,8.982127519007051e-147,4.451093292043944e-143,0.996969696969697,0.5228685258964143
3,HLA-DQB1,25.626575,3.924636,7.715328486360321e-145,3.2771408840707345e-141,0.9878787878787879,0.38055776892430276
3,HLA-DPA1,25.583437,3.6385217,2.3323415558024318e-144,8.668438934834212e-141,0.996969696969697,0.5354581673306773
3,HLA-DQA1,24.497711,3.7496653,1.5625022526049827e-132,5.1619866085226615e-129,0.9757575757575757,0.310597609561753
3,HLA-DRB5,24.232288,3.4834313,1.016552195133517e-129,3.0225146417904865e-126,0.996969696969697,0.5024701195219123
3,HLA-DRB1,23.682308,3.268911,5.486979456180776e-124,1.4831305470056637e-120,0.996969696969697,0.5431075697211155
3,NCF1,23.5256,4.171457,2.231751274773129e-122,5.52972172106912e-119,0.8515151515151516,0.15840637450199202
3,RPS23,23.071377,1.0518254,8.976339987948425e-118,2.053027052782081e-114,0.996969696969697,0.9964940239043825
3,HLA-DQA2,22.185083,3.2759197,4.78545462961595e-109,1.0163280178740788e-105,0.9272727272727272,0.30709163346613544
3,CD79B,21.341618,4.6772623,4.66515371125464e-101,9.247267686448948e-98,0.7454545454545455,0.08637450199203187
3,BANK1,20.908882,8.677613,4.4451860775545266e-97,8.260544852745546e-94,0.6848484848484848,0.006693227091633466
3,CD19,20.478117,9.348683,3.3745354587865013e-93,5.902062517417591e-90,0.6696969696969697,0.004302788844621514
3,RPL18A,20.44456,0.96710515,6.716168787837423e-93,1.1093991476042784e-89,1.0,0.9956972111553785
3,RPS8,20.30925,0.92125267,1.0652007563377757e-91,1.666927057273215e-88,1.0,0.9976095617529881
3,SMIM14,19.644693,4.051092,6.418407099545102e-86,9.087547537655928e-83,0.7121212121212122,0.17832669322709163
3,LAPTM5,19.460276,2.1052856,2.384997338784691e-84,3.2233239033675097e-81,0.9696969696969697,0.6570517928286853
3,HLA-DMA,19.36375,2.8486905,1.5609782734633672e-83,2.0179376958646216e-80,0.8575757575757575,0.2914741035856574
3,CD52,19.28233,2.2979257,7.559387309024015e-83,9.365135952467126e-80,0.9727272727272728,0.5955378486055777
3,RPL19,18.90849,0.7433297,9.709779215257787e-80,1.1548034616290392e-76,1.0,0.998406374501992
3,RPS18,18.446491,0.89494604,5.564228563851981e-76,6.127452144037442e-73,1.0,0.9972908366533865
3,EEF1B2,18.390099,1.2703866,1.5769275694492095e-75,1.6745281222297622e-72,0.990909090909091,0.9102788844621514
3,FCRLA,18.323221,8.735941,5.401905795773089e-75,5.353828834190709e-72,0.6,0.0046215139442231075
3,SYNGR2,18.283192,2.2023222,1.126367549081303e-74,1.080331817317238e-71,0.8848484848484849,0.5062948207171315
3,LINC00926,18.025736,8.717266,1.2237152790672148e-72,1.1025674664395605e-69,0.5909090909090909,0.005896414342629482
3,RPS5,17.742647,0.94906425,1.9646007958147105e-70,1.6225965406099666e-67,0.9939393939393939,0.9743426294820717
3,RPL39,17.610624,0.8706174,2.0418252507127152e-69,1.6407997345794909e-66,1.0,0.988207171314741
3,RPL32,17.5562,0.78028846,5.332748930011776e-69,4.1725953667378976e-66,1.0,0.9987250996015936
3,RPL13,17.53612,0.75545174,7.593935395096685e-69,5.789499515446404e-66,1.0,0.9993625498007969
3,RPL11,17.488419,0.7567341,1.7555920571494563e-68,1.3049754658806196e-65,1.0,0.998406374501992
3,HVCN1,17.473936,4.9093394,2.2632770571407936e-68,1.6413174814626152e-65,0.6060606060606061,0.06597609561752989
3,RPL18,17.359684,0.75620514,1.6663735121606057e-67,1.1796734199302688e-64,1.0,0.9918725099601594
3,RPL8,17.277287,0.7608351,6.975319640694495e-67,4.8231902064364976e-64,1.0,0.9933067729083666
3,RPS6,17.153246,0.8218582,5.943772671308738e-66,4.01650438263688e-63,1.0,0.9928286852589642
3,FAU,16.989738,0.6840043,9.78233224995194e-65,6.463512995284912e-62,0.9939393939393939,0.9936254980079682
3,RPLP1,16.963469,0.6569026,1.5303963679493437e-64,9.892016349616922e-62,1.0,0.9998406374501992
3,VPREB3,16.87685,9.941675,6.660565964566509e-64,4.213587400520341e-61,0.5515151515151515,0.0019123505976095618
3,LTB,16.753164,2.6154945,5.369273714663811e-63,3.3259294866270643e-60,0.9030303030303031,0.39792828685258963
3,RALGPS2,16.381058,5.809877,2.6116451547885694e-60,1.584735620149562e-57,0.5515151515151515,0.029641434262948206
3,CD40,16.064617,4.298285,4.5164475737940556e-58,2.685750714232373e-55,0.5696969696969697,0.07776892430278884
3,RPS27,16.05468,0.801739,5.301143677535841e-58,3.0311327877725606e-55,1.0,0.9968127490039841
3,FCMR,16.015125,2.5810168,1.002048155954064e-57,5.621490154902299e-55,0.7333333333333333,0.2398406374501992
3,RPSA,15.889189,0.89212847,7.529545728649615e-57,4.070472420907982e-54,0.9939393939393939,0.9714741035856573
3,RPL15,15.721802,0.63361233,1.072297343064312e-55,5.593441561637051e-53,0.996969696969697,0.9907569721115538
3,SELL,15.61072,2.584154,6.15391761725954e-55,3.1012615680335235e-52,0.7181818181818181,0.23904382470119523
3,MEF2C,15.560976,4.150818,1.3403976696035108e-54,6.642340651720199e-52,0.5575757575757576,0.07840637450199203
4,SSR4,10.17153,3.7963274,2.657023906904937e-24,4.831855736757754e-20,1.0,0.6896499238964993
4,MZB1,10.151887,7.623953,3.2501636140031308e-24,4.831855736757754e-20,1.0,0.047488584474885846
4,DERL3,9.797745,7.5683117,1.1512767384680642e-22,1.1410303754956983e-18,0.9714285714285714,0.024200913242009132
4,FKBP11,9.20998,4.46771,3.2618504528434704e-20,1.38549427877707e-16,0.9714285714285714,0.16423135464231356
4,PRDX4,9.109235,3.712544,8.296519876400604e-20,1.7620030391787084e-16,1.0,0.23820395738203956
4,CD79A,8.907344,4.379296,5.226995672395007e-19,8.179698017227408e-16,1.0,0.0989345509893455
4,HERPUD1,8.824729,3.362506,1.0972485944569559e-18,1.5535472599518413e-15,1.0,0.5312024353120244
4,SEC11C,8.577332,3.5652173,9.709945324762232e-18,9.955372563488118e-15,0.9428571428571428,0.32100456621004564
4,JCHAIN,8.497295,8.145326,1.94059847530741e-17,1.8031192020723505e-14,0.8571428571428571,0.05357686453576865
4,POU2AF1,8.202346,4.471507,2.3574004778879606e-16,1.5930133729327894e-13,0.8571428571428571,0.03820395738203958
4,IGLL5,8.056761,6.8112097,7.834283127512466e-16,4.0866094777250554e-13,0.8,0.008066971080669711
4,XBP1,7.968014,3.3432012,1.6124478224082397e-15,8.125917136214269e-13,0.9428571428571428,0.36788432267884325
4,FKBP2,7.943305,2.7116416,1.9686377869757372e-15,9.755584553358267e-13,1.0,0.3802130898021309
4,ITM2C,7.886555,3.5182986,3.106421031233346e-15,1.4660828019311282e-12,0.9428571428571428,0.22389649923896499
4,HSP90B1,7.7909646,2.5488803,6.649951231978492e-15,2.9076911761825956e-12,1.0,0.5858447488584475
4,CRELD2,7.583963,2.8383896,3.35157126561875e-14,1.294185304423926e-11,0.9428571428571428,0.17777777777777778
4,SDF2L1,7.5710306,2.9495418,3.7027422403149705e-14,1.411456859375449e-11,0.9714285714285714,0.2365296803652968
4,TNFRSF17,7.5209026,7.3262143,5.439944126528748e-14,1.95139692807792e-11,0.7428571428571429,0.00502283105022831
4,TXNDC11,7.2763486,2.9728806,3.4297619846688647e-13,1.0965280977436489e-10,0.8571428571428571,0.11354642313546423
4,FAM46C,7.1766696,3.0254767,7.142996797911112e-13,2.1671706509417457e-10,0.8571428571428571,0.10882800608828005
4,PLPP5,7.167293,2.6539438,7.64952803590758e-13,2.2929588612840983e-10,0.9142857142857143,0.18706240487062406
4,VIMP,7.1550274,2.4592495,8.365620781742118e-13,2.4627227990449346e-10,1.0,0.27960426179604264
4,IGLV3-1,7.133163,6.3222337,9.808835479159845e-13,2.8592755421750945e-10,0.7142857142857143,0.012785388127853882
4,DNAJB9,7.080546,2.6023996,1.4358773078857412e-12,4.0276358486195044e-10,0.9142857142857143,0.18386605783866058
4,SPAG4,6.9284277,6.6259255,4.2554403641427776e-12,1.1197080384695327e-09,0.6857142857142857,0.00684931506849315
4,SSR3,6.5750403,2.3194234,4.864003028613375e-11,1.1124723234597037e-08,0.9142857142857143,0.39223744292237445
4,IGKC,6.54211,8.213149,6.065681902279968e-11,1.3662948484885627e-08,0.6571428571428571,0.037747336377473364
4,CHPF,6.48576,2.8262017,8.828554713744343e-11,1.930142774292357e-08,0.7714285714285715,0.11993911719939117
4,UBE2J1,6.467051,2.5635374,9.993403669533253e-11,2.1688603744980455e-08,0.8571428571428571,0.254337899543379
4,CD38,6.440787,3.2477615,1.1885576147318853e-10,2.5608248955668946e-08,0.7142857142857143,0.05814307458143075
4,PDIA4,6.43932,2.267591,1.2000975337980656e-10,2.5670863289509272e-08,0.9142857142857143,0.25859969558599694
4,SDC1,6.36195,3.922905,1.9920817134862464e-10,4.200749332417487e-08,0.6857142857142857,0.06879756468797564
4,MEI1,6.3400855,2.7473178,2.2963755790312722e-10,4.774694761631945e-08,0.7428571428571429,0.07899543378995434
4,IGHG1,6.300045,8.379015,2.975590653938407e-10,6.101602545762115e-08,0.6285714285714286,0.01719939117199391
4,MYDGF,6.2862687,2.2241023,3.2518696972998657e-10,6.622454911631295e-08,0.9428571428571428,0.376103500761035
4,ERLEC1,6.173391,2.196178,6.684066967406371e-10,1.3074826522493003e-07,0.8857142857142857,0.25525114155251144
4,TXNDC15,6.141705,2.2882996,8.164029149973916e-10,1.5762407708842497e-07,0.8285714285714286,0.18447488584474886
4,SLAMF7,6.1024203,3.4076653,1.044743097803386e-09,2.004086872708908e-07,0.6571428571428571,0.04200913242009133
4,CREB3L2,6.071934,2.4481294,1.2637866736128855e-09,2.3782385548437926e-07,0.7428571428571429,0.11735159817351598
4,MANF,5.948613,2.4095016,2.7042400361755845e-09,4.994109875503643e-07,0.8,0.2243531202435312
4,RRBP1,5.914083,1.9692552,3.3372922695684083e-09,6.087589635035428e-07,0.8571428571428571,0.20821917808219179
4,ST6GALNAC4,5.8870635,2.4821365,3.931174261096904e-09,7.127170994219162e-07,0.7142857142857143,0.10258751902587519
4,CPNE5,5.86591,4.1630116,4.466756500489964e-09,8.022065882600109e-07,0.6,0.0182648401826484
4,SEL1L,5.8654656,2.380609,4.478737216263472e-09,8.022065882600109e-07,0.7142857142857143,0.10639269406392694
4,SEC14L1,5.837735,1.931184,5.2915182967908914e-09,9.421120569969075e-07,0.8285714285714286,0.19923896499238966
4,ARSA,5.836046,2.244146,5.345400679268124e-09,9.460404666468995e-07,0.7714285714285715,0.1593607305936073
4,JSRP1,5.802183,7.675781,6.545702505256265e-09,1.1381483777121902e-06,0.5714285714285714,0.0036529680365296802
4,IGHG3,5.773919,7.2377257,7.744857594679009e-09,1.3234359244976492e-06,0.5714285714285714,0.0060882800608828
4,SPCS2,5.7289014,1.8482518,1.0108309848676182e-08,1.7076725950607325e-06,0.9714285714285714,0.471841704718417
4,NUCB2,5.6407766,1.7616755,1.6928468463715643e-08,2.7963008490647623e-06,0.9428571428571428,0.29330289193302894
5,MARCKSL1,37.10917,4.547751,1.9987358486696376e-301,2.9714206494247166e-297,0.982174688057041,0.3459629384513567
5,MGST1,36.59433,5.958519,3.520085104319646e-293,3.4887563468912012e-289,0.9536541889483066,0.1315354070152217
5,H3F3A,36.547783,2.180594,1.9337020603721238e-292,1.4373690840261087e-288,0.9964349376114082,0.9407677035076109
5,CRABP1,35.90334,6.2929587,2.7094161489400793e-282,1.6111814071287075e-278,0.9376114081996435,0.10373924553275976
5,STMN1,35.683254,4.679645,7.189855682851496e-279,3.0539425574031935e-275,0.9714795008912656,0.31783587028457977
5,MLF2,35.516754,3.5718555,2.7102379012909172e-276,1.0072937939885355e-272,0.9590017825311943,0.41760423560555926
5,LDHB,35.44154,2.9098682,3.915993095702661e-275,1.2937135857169693e-271,0.9946524064171123,0.7622435473196558
5,UCHL1,35.255653,7.0585284,2.8105567409341876e-272,8.35662835781962e-269,0.9090909090909091,0.043514228987425546
5,CD24,35.161655,5.211257,7.713295511054793e-271,2.08490377663811e-267,0.9590017825311943,0.16330244870946392
5,UQCRH,34.747505,2.883007,1.5116841793502415e-264,3.7455754753850607e-261,0.964349376114082,0.5807412309728657
5,FKBP4,34.675415,4.473178,1.849674834826724e-263,4.230490912607922e-260,0.9322638146167558,0.22650562541363337
5,ATP5C1,34.625317,3.2884283,1.0511047244799448e-262,2.2323211980687285e-259,0.9625668449197861,0.4516876240900066
5,STRAP,34.55054,3.6968837,1.3988824800330725e-261,2.7728648519215566e-258,0.9500891265597148,0.3587028457974851
5,GSTP1,34.399837,3.0921812,2.5355834015392732e-259,4.434735369292189e-256,0.9714795008912656,0.5795830575777631
5,RPS12,34.254517,1.5377183,3.735939232066664e-257,6.1711489548354525e-254,0.9982174688057041,0.999669093315685
5,RPLP0,33.756596,1.6969086,8.555072458218773e-250,1.3387787863169408e-246,1.0,0.9877564526803442
5,TPI1,33.65223,2.5061269,2.892239185148645e-248,4.299747384601233e-245,0.9803921568627451,0.7478491065519524
5,HDAC2,33.539684,4.1547265,1.2729772745257079e-246,1.8023539668320414e-243,0.9126559714795008,0.25363997352746526
5,MDK,33.004314,4.665127,7.043640903797889e-239,9.10559021707055e-236,0.9322638146167558,0.20334215751158174
5,MRPL51,32.681934,3.4107952,2.8205265576247253e-234,3.494279839077331e-231,0.9126559714795008,0.37227001985440106
5,CCND1,32.56249,4.819822,1.3937271160819502e-232,1.657587533698585e-229,0.8912655971479501,0.16661151555261416
5,TPD52L1,32.53432,5.217006,3.4892774711963344e-232,3.990257194272331e-229,0.8663101604278075,0.08107213765718067
5,GAPDH,32.4372,2.0983486,8.208278677536081e-231,9.039138885895567e-228,0.9982174688057041,0.9753474520185308
5,TUBB,32.298695,2.9291508,7.29658095190293e-229,7.74818719439035e-226,0.9625668449197861,0.6014228987425546
5,GDI2,32.270596,3.0748928,1.809168211756619e-228,1.8548964979365365e-225,0.9518716577540107,0.47071475843812044
5,PFN2,31.988304,5.0715218,1.5858331389585482e-224,1.4734867725204534e-221,0.8538324420677362,0.09182660489741892
5,PEBP1,31.73783,2.4441931,4.674470337851136e-221,4.2116977744038733e-218,0.9536541889483066,0.6179682329583057
5,HMGN3,31.161087,2.9448519,3.5893973307847936e-213,2.9645430787840077e-210,0.9251336898395722,0.44490403706154863
5,CCT3,30.27252,2.7889757,2.637328632377489e-201,2.1193430331481046e-198,0.9358288770053476,0.4358041032428855
5,PTMS,30.182158,3.1716437,4.0616020723074626e-200,3.177989853050468e-197,0.9411764705882353,0.41628060886829915
5,PRDX6,29.931149,2.6028366,7.741607533169135e-197,5.754530419592947e-194,0.9197860962566845,0.49768365320979485
5,YWHAQ,29.71832,2.639426,4.4527520745279984e-194,3.2291140837058773e-191,0.9411764705882353,0.5415287888815354
5,KRT7,29.66189,4.0310884,2.382740791784192e-193,1.6868102848123663e-190,0.875222816399287,0.12921906022501656
5,SEC22B,29.417063,3.905786,3.322941331924881e-190,2.2454776050482385e-187,0.8467023172905526,0.14940436796823295
5,ACTR3B,29.27821,5.1684775,1.9648577898175926e-188,1.298247036992144e-185,0.7843137254901961,0.04913964262078094
5,EPCAM,29.206722,4.4938927,1.5931629265121017e-187,1.0297720281300939e-184,0.8110516934046346,0.08653209794837856
5,YBX1,29.096315,1.9779223,3.996593730801717e-186,2.425116763223009e-183,0.9875222816399287,0.785572468563865
5,CDC123,28.92573,3.2899296,5.669115239307203e-184,3.371196068206421e-181,0.8698752228163993,0.2552945069490404
5,RBP1,28.90852,4.9652305,9.330280007158765e-184,5.439553244173559e-181,0.7825311942959001,0.0658504301786896
5,PRDX1,28.799942,2.126117,2.1485490511911178e-182,1.2285155565204906e-179,0.9572192513368984,0.664295168762409
5,MDH2,28.703445,2.5301025,3.4555475326551284e-181,1.938562165819527e-178,0.9001782531194296,0.4551621442753144
5,PFDN2,28.691896,2.9108598,4.815489238236472e-181,2.6514618800089816e-178,0.8841354723707665,0.33322303110522833
5,CLDN3,28.618315,4.40436,3.976085180258113e-180,2.1494716484475355e-177,0.8110516934046346,0.09497021839841165
5,TMSB10,28.504784,1.2734295,1.0219684842159096e-178,5.426105168069935e-176,1.0,0.9942091330244871
5,TXN,28.453272,2.4338562,4.439474613717428e-178,2.3157701524501804e-175,0.9269162210338681,0.5137326273990734
5,ILF2,28.440645,2.7366302,6.36080914648043e-178,3.2607920405569416e-175,0.8912655971479501,0.39295168762409
5,DSC2,28.342737,5.0002956,1.0285995663382908e-176,5.183618797616339e-174,0.7647058823529411,0.08024487094639311
5,SNRPE,28.306757,3.1263833,2.853672534084781e-176,1.4141374242657132e-173,0.8538324420677362,0.2698544010589014
5,PERP,28.287962,3.8807647,4.860336224005507e-176,2.3690553598091105e-173,0.8306595365418895,0.16346790205162146
5,SDHC,28.262524,2.7249231,9.986738726549133e-176,4.789285525104602e-173,0.8966131907308378,0.39212442091330246
6,CCL5,51.177265,6.122493,0.0,0.0,0.9855769230769231,0.25592682471532574
6,CD8A,49.464226,5.8584337,0.0,0.0,0.9527243589743589,0.11592309128243419
6,NKG7,47.33548,5.8628316,0.0,0.0,0.9198717948717948,0.11834982266193765
6,CCL4,44.839516,5.2733197,0.0,0.0,0.907051282051282,0.14485719619189846
6,GZMA,44.452595,5.1422434,0.0,0.0,0.8766025641025641,0.1392570468545828
6,CD8B,42.690907,5.0620503,0.0,0.0,0.8413461538461539,0.09501586708978906
6,CST7,40.087597,3.5739548,0.0,0.0,0.8822115384615384,0.28206085495613215
6,HLA-C,38.503525,1.6618837,0.0,0.0,0.9959935897435898,0.9285047601269367
6,HLA-B,38.45512,1.7323645,0.0,0.0,1.0,0.9460518947171924
6,SH3BGRL3,38.13871,1.845421,0.0,0.0,0.9911858974358975,0.894157177524734
6,CTSW,38.017647,4.4428153,0.0,0.0,0.7708333333333334,0.11312301661377637
6,CXCL13,36.372833,5.0530357,1.144794043925057e-289,2.83651344233531e-286,0.7339743589743589,0.1009893597162591
6,GZMH,36.328243,5.6275053,5.796513883199992e-289,1.325751902224503e-285,0.6915064102564102,0.044987866343102485
6,CD3D,36.021923,2.7444584,3.796482355238319e-284,8.062914990592924e-281,0.9022435897435898,0.39817061788314356
6,HCST,35.81961,2.6204448,5.4692697341956027e-281,1.0841186467122525e-277,0.8814102564102564,0.4271047227926078
6,ALOX5AP,35.434124,2.9870434,5.094255122621152e-275,9.466717972555918e-272,0.8309294871794872,0.36176964719059174
6,LAG3,35.42204,4.699688,7.818667487354826e-275,1.3674849435383592e-271,0.6971153846153846,0.08848235952958745
6,CD3E,34.444824,2.6340733,5.382689809343533e-260,8.891306450067294e-257,0.9719551282051282,0.49001306701512043
6,APOBEC3G,33.54573,3.4212666,1.0390289007433109e-246,1.6259708582000453e-243,0.7171474358974359,0.20067201792047787
6,CD7,32.702957,2.8668733,1.4177298485387184e-234,2.107668079330086e-231,0.8469551282051282,0.35635616949785326
6,B2M,32.533215,1.3248898,3.617145807117023e-232,5.121361727762402e-229,1.0,0.9943998506626843
6,PRF1,32.370407,3.809153,7.163279207191567e-230,9.681171848519402e-227,0.6722756410256411,0.12096322568601829
6,HLA-A,32.307655,1.463605,5.46136207502977e-229,7.060116459863485e-226,0.9967948717948718,0.9550121336568975
6,CD2,31.877241,2.498439,5.5210570942872985e-223,6.8398996076851766e-220,0.8886217948717948,0.40171737913011013
6,CXCR6,31.63882,3.739627,1.080531523991266e-219,1.2850977521132925e-216,0.6722756410256411,0.1274967332462199
6,GZMB,31.630142,4.5807505,1.4222940569393888e-219,1.6265026613453405e-216,0.6378205128205128,0.06906850849355983
6,IL32,31.054056,2.478495,1.0057224172701508e-211,1.1075238752849404e-208,0.9607371794871795,0.5923091282434199
6,EVL,30.56605,2.1544917,3.460829768884145e-205,3.5483052247666307e-202,0.84375,0.4985999626656711
6,LSP1,30.444565,1.8299637,1.4137315606851128e-203,1.4011493497950155e-200,0.9174679487179487,0.645883890237073
6,IL2RG,28.099857,1.9477465,9.835512618299127e-174,8.601155784702586e-171,0.8886217948717948,0.5417211125630017
6,CD27,28.078684,2.3975441,1.7840877987104135e-173,1.5156080719730492e-170,0.7596153846153846,0.3111816315101736
6,CORO1A,27.802534,1.8632544,4.042337198341211e-170,3.3386336643966457e-167,0.9342948717948718,0.6272167257793542
6,CD3G,27.723684,2.2923949,3.6189294117493235e-169,2.908152113501152e-166,0.7483974358974359,0.31528840769087174
6,LCK,27.595482,2.155956,1.2606559333014442e-167,9.86396917496101e-165,0.7940705128205128,0.37166324435318276
6,TMSB4X,27.309599,1.424091,3.262544674773677e-164,2.487313867052455e-161,1.0,0.9383983572895277
6,PDCD1,26.891565,3.7283607,2.756372435193839e-159,2.0488805403904605e-156,0.5560897435897436,0.08549561321635243
6,COTL1,25.938885,1.8109148,2.4271411744147432e-148,1.760150939972526e-145,0.8525641025641025,0.5422811274967333
6,CD52,25.608273,1.8709671,1.2339604242480824e-144,8.532405882364705e-142,0.8918269230769231,0.5497479932798208
6,PSMB9,25.255678,1.5696107,9.810386512874358e-141,6.629368686074847e-138,0.8325320512820513,0.5952958745566549
6,PTPRC,24.933695,1.653175,3.209004765601531e-137,2.1202964154584518e-134,0.8846153846153846,0.5755086802314728
6,CTSD,24.340515,1.4724044,7.306011913297672e-131,4.621907494001695e-128,0.7940705128205128,0.5773753966772447
6,RAC2,24.193737,1.6783278,2.5894626251919982e-129,1.6040102548923682e-126,0.905448717948718,0.6035094269180511
6,CLIC1,23.841621,1.0848643,1.2370309074613225e-125,7.506253055417858e-123,0.9166666666666666,0.8084748926638043
6,CCL4L2,23.616554,3.5519655,2.6055554957317812e-123,1.549419631091861e-120,0.5144230769230769,0.09464252380063469
6,APOBEC3C,23.518673,2.6789956,2.627398635803413e-122,1.53177340467339e-119,0.5608974358974359,0.2019787194325182
6,ITGB2,23.279018,1.7795762,7.23330426411977e-120,4.057883692171191e-117,0.7315705128205128,0.4089975732686205
6,ITM2A,23.141626,1.815458,1.76529314928325e-118,9.543174765025249e-116,0.750801282051282,0.4207578868769834
6,CLEC2B,23.135881,2.294125,2.0167470494259737e-118,1.070784643224687e-115,0.6001602564102564,0.26992719805861487
6,CHST12,22.77334,2.869875,8.427154285572616e-115,4.395869796016327e-112,0.530448717948718,0.18312488333022214
6,KRT86,22.580202,4.8085947,6.7838100284299e-113,3.361717059588437e-110,0.4391025641025641,0.03546761246966586
7,HOPX,19.488247,4.3105555,1.3813136144589032e-84,4.107059769870657e-80,0.7578947368421053,0.10996835443037975
7,CD7,19.360203,3.051263,1.67225393550797e-83,2.4860563132229233e-79,0.9438596491228071,0.4267405063291139
7,ZFP36L2,18.227238,1.8000357,3.137733640044502e-74,3.1098078106481055e-70,0.9929824561403509,0.9382911392405063
7,BTG1,17.2364,1.733237,1.415799384125304e-66,1.0523990772049415e-62,0.9964912280701754,0.9435126582278481
7,KLRD1,15.70995,4.4738765,1.292799594078451e-55,7.687762066146917e-52,0.6,0.06487341772151899
7,CTSW,15.5279665,2.9662826,2.243823748318479e-54,1.1119268584792221e-50,0.7368421052631579,0.214873417721519
7,NKG7,15.517296,3.162609,2.649830148057795e-54,1.1255342827457487e-50,0.7859649122807018,0.24651898734177216
7,KLRB1,14.835171,3.7064798,8.678329110480714e-50,3.2254094930240383e-46,0.6105263157894737,0.12009493670886076
7,CCL5,14.464264,3.1458244,2.0377376958777509e-47,6.732006101281464e-44,0.8631578947368421,0.372626582278481
7,XCL2,14.051248,4.885014,7.56891788617401e-45,2.2504663550961183e-41,0.5228070175438596,0.03639240506329114
7,CST7,13.91023,2.2764978,5.49026373296889e-44,1.484018287021491e-40,0.8,0.37721518987341773
7,XCL1,13.132214,5.2381244,2.1527044067004245e-39,5.333863343701977e-36,0.4842105263157895,0.030221518987341774
7,SRGN,13.108682,1.7752541,2.936588052439917e-39,6.716428658707389e-36,0.9333333333333333,0.6729430379746836
7,CXCR4,12.71626,1.8229839,4.803071363035181e-37,1.020069434550893e-33,0.8456140350877193,0.6240506329113924
7,MATK,12.681311,4.188804,7.506580230780272e-37,1.4879543333452656e-33,0.48771929824561405,0.057911392405063294
7,HCST,12.218754,1.6752535,2.4684081335402344e-34,4.587073689659486e-31,0.8280701754385965,0.49873417721518987
7,RPS3,12.184599,0.5820439,3.7549731254580283e-34,6.567447996426092e-31,1.0,0.9990506329113924
7,IL7R,11.886606,2.393905,1.389382111755018e-32,2.2950276849339974e-29,0.6807017543859649,0.3371835443037975
7,IFITM2,11.827998,1.5114337,2.797322623708686e-32,4.3775154510910714e-29,0.8105263157894737,0.6167721518987341
7,ZNF683,11.668038,3.1049821,1.8565506903359874e-31,2.7600410837879956e-28,0.512280701754386,0.1129746835443038
7,CD69,11.248416,1.818435,2.3578781227546364e-29,3.338418582088743e-26,0.7087719298245614,0.3662974683544304
7,IFITM1,11.127041,1.4804238,9.266081536231373e-29,1.25231091962167e-25,0.9192982456140351,0.6966772151898735
7,CALM1,10.906996,0.8781009,1.0672491446001836e-27,1.379674731147707e-24,0.9543859649122807,0.8973101265822785
7,DUSP2,10.896358,1.9353776,1.1996421540844236e-27,1.4862066736413403e-24,0.6771929824561403,0.4132911392405063
7,PRF1,10.889101,2.329509,1.2991649041716277e-27,1.5451228038294002e-24,0.5649122807017544,0.2098101265822785
7,TSC22D3,10.657052,1.3768215,1.6163996439299092e-26,1.8484773312679997e-23,0.8947368421052632,0.7575949367088608
7,SYTL3,10.179219,2.2949753,2.4552311361303507e-24,2.703755087798656e-21,0.512280701754386,0.19683544303797468
7,CCL4,10.012273,2.272504,1.346241069333958e-23,1.38026847291402e-20,0.6,0.27484177215189876
7,ID2,9.834274,1.6908054,8.014347925146773e-23,7.943020228612968e-20,0.624561403508772,0.3677215189873418
7,KLRC1,9.781922,4.763289,1.3462853461048446e-22,1.291261361152753e-19,0.36140350877192984,0.020411392405063292
7,STK17A,9.727681,1.4231572,2.2977017531827402e-22,2.0702292796176489e-19,0.6947368421052632,0.44319620253164554
7,PTPRC,9.703975,1.2419068,2.899765786778841e-22,2.5358451805380967e-19,0.8771929824561403,0.6229430379746835
7,SARAF,9.690939,0.9205858,3.294867017260523e-22,2.7990366006916323e-19,0.9263157894736842,0.8848101265822785
7,ZFP36,9.639984,1.330655,5.419623349087856e-22,4.476157251067479e-19,0.9298245614035088,0.7821202531645569
7,RPS14,9.412524,0.47659263,4.8436166935015075e-21,3.794459317282418e-18,0.9964912280701754,0.9966772151898734
7,RPL21,9.309393,0.56164116,1.2856460541334554e-20,9.801567725012828e-18,0.9929824561403509,0.9735759493670886
7,CD247,9.21544,1.6886016,3.1000417894594566e-20,2.3043385631499506e-17,0.5649122807017544,0.30443037974683546
7,MT-ND4L,9.138111,0.51457906,6.355235040857343e-20,4.499052463566937e-17,1.0,0.9939873417721519
7,ARHGDIB,9.014116,1.0902293,1.9846438445719108e-19,1.3411230779694687e-16,0.968421052631579,0.8156645569620253
7,MT-CO2,8.890058,0.45719627,6.10774985901167e-19,4.0355939235109773e-16,1.0,0.9981012658227848
7,AREG,8.868732,2.4559247,7.398332230961048e-19,4.680310898365209e-16,0.45263157894736844,0.17436708860759495
7,GNLY,8.758631,5.902006,1.9763680125555425e-18,1.1992520432104887e-15,0.3192982456140351,0.01661392405063291
7,EVL,8.71533,1.1835407,2.899135701284356e-18,1.7240000361257552e-15,0.7578947368421053,0.5550632911392405
7,MT-ATP6,8.594526,0.4754344,8.360928943234216e-18,4.690481137154395e-15,0.9964912280701754,0.9938291139240506
7,CD8A,8.569533,1.8625281,1.0390548694197099e-17,5.721151561565969e-15,0.5649122807017544,0.26091772151898734
7,DDIT4,8.299455,1.1368884,1.0458999067947254e-16,5.654134896132285e-14,0.7789473684210526,0.6205696202531645
7,SOCS1,8.24585,1.3541087,1.6399141975289706e-16,8.707065863415872e-14,0.6105263157894737,0.3985759493670886
7,TYROBP,8.204866,2.333996,2.308469189494231e-16,1.183408869159172e-13,0.41754385964912283,0.11645569620253164
7,PARP8,8.094955,2.3934026,5.728530375732428e-16,2.7471998977685847e-13,0.3824561403508772,0.11392405063291139
7,RPS27,8.024962,0.46406347,1.015566327326929e-15,4.718099001626809e-13,0.9964912280701754,0.9969936708860759
8,IL7R,36.37371,3.8930194,1.1088329612349975e-289,3.296893043640018e-285,0.8927893738140418,0.24932444604575751
8,RPL13,35.368256,0.9231476,5.254893958278917e-274,7.812188103075351e-270,1.0,0.9992794091154746
8,RPL32,35.12179,0.95876193,3.1345043316278974e-270,3.106607243076409e-266,1.0,0.9985588182309494
8,RPS3,34.887688,0.93182266,1.1429042178521489e-266,8.495492777349485e-263,1.0,0.9989191136732121
8,RPL11,34.555206,0.9098291,1.1904852693477574e-261,7.079339702703374e-258,1.0,0.9981985227886867
8,RPL30,34.256824,0.9115625,3.451710070080521e-257,1.710494925228402e-253,1.0,0.9983786705098181
8,RPS14,33.90379,0.9593769,5.857756965861302e-252,2.488124112370773e-248,0.9990512333965844,0.9962168978562421
8,RPL19,33.51965,0.81184095,2.493580602670712e-246,9.267704007401035e-243,1.0,0.9981985227886867
8,RPS15A,33.068577,0.9218314,8.4132705775853e-240,2.779464156481597e-236,0.9990512333965844,0.9947757160871915
8,TXNIP,32.912712,2.168585,1.4458967606797931e-237,4.299084838529229e-234,0.9658444022770398,0.7371644748693928
8,RPL28,32.49696,0.7727351,1.1770866885106787e-231,3.1816653190443646e-228,1.0,0.9992794091154746
8,RPL10,32.441113,0.73095614,7.228879061715873e-231,1.7911355095166503e-227,1.0,0.9998198522788687
8,RPL34,32.345505,0.955348,1.6046828156789745e-229,3.67015647373715e-226,0.9971537001897534,0.9888308412898577
8,RPS3A,31.80338,0.8639017,5.81303264837356e-222,1.234563569529222e-218,1.0,0.9965771932985048
8,RPL39,31.34086,0.9228388,1.2960038669687467e-215,2.56893886510545e-212,0.9971537001897534,0.9872095117996758
8,GIMAP7,31.036345,2.9493349,1.7438624080792067e-211,3.240641311213691e-208,0.7836812144212524,0.2547288776796974
8,RPS27A,30.850733,0.7707487,5.476388453602218e-209,9.578203405350279e-206,1.0,0.9980183750675554
8,LTB,30.524508,2.9694343,1.2326439703422023e-204,2.0361223983435947e-201,0.8738140417457305,0.3375968294001081
8,FXYD5,30.39817,1.882487,5.807468406707963e-203,9.088076744034098e-200,0.9563567362428842,0.6894253287695911
8,RPS12,30.268545,0.8868539,2.974812696841756e-201,4.422505295759797e-198,1.0,0.999459556836606
8,RPS27,29.983994,0.89269304,1.586839250214676e-197,2.246737686982522e-194,0.9990512333965844,0.9965771932985048
8,RPL3,29.866308,0.9650494,5.391755592919563e-196,7.286957683830789e-193,0.9990512333965844,0.9891911367321203
8,EEF1A1,29.184698,0.6821329,3.032839099620194e-187,3.9206697803916187e-184,1.0,1.0
8,CCR7,29.0794,3.5312822,6.541118647284516e-186,8.103628364154605e-183,0.674573055028463,0.13276887047378852
8,RPS25,28.81779,0.797274,1.2840529389751851e-182,1.5271498413819672e-179,0.9971537001897534,0.9893712844532516
8,SARAF,28.805403,1.470155,1.835548520498302e-182,2.0990909292298465e-179,0.9800759013282733,0.8688524590163934
8,RPS23,28.67272,0.75581366,8.352040332359678e-181,9.197452414890751e-178,1.0,0.9958566024139794
8,RPS15,28.508799,0.7886987,9.113186905505413e-179,9.677228080764016e-176,1.0,0.9915330571068276
8,RPL35A,28.335705,0.8244901,1.255783281772197e-176,1.2875242867907839e-173,0.9962049335863378,0.9857683300306251
8,GIMAP4,28.292799,2.7265525,4.238087716508872e-176,4.2003687358319435e-173,0.7381404174573055,0.2594127184291119
8,RPS18,28.216494,0.8158565,3.67000867099213e-175,3.520011864987387e-172,1.0,0.9969374887407674
8,RPL9,27.99046,0.84243923,2.1229600869408865e-172,1.972561633281668e-169,0.9962049335863378,0.9783822734642407
8,BTG1,27.63074,1.60379,4.755996643587996e-168,4.285152975872784e-165,0.9990512333965844,0.935687263556116
8,RPL5,27.072296,0.8451438,2.0874326037124143e-161,1.8254598119465063e-158,0.9933586337760911,0.9778418303008467
8,TPT1,26.809101,0.7168662,2.53095943946921e-158,2.150086200392515e-155,1.0,0.9969374887407674
8,RPS4X,26.484322,0.7271976,1.4691784322034079e-154,1.2134189534639981e-151,1.0,0.9962168978562421
8,RPS13,26.346714,0.75536966,5.597148216868347e-153,4.497838052220177e-150,0.9990512333965844,0.9909926139434336
8,RPL36,25.777233,0.828157,1.59644030138027e-146,1.2491305126563045e-143,0.9933586337760911,0.9636101603314718
8,RPL29,25.696152,0.68868315,1.2905500665287903e-145,9.838955161051416e-143,0.9962049335863378,0.992253647991353
8,RPS6,25.473114,0.74049604,3.915553604481033e-143,2.910528883050864e-140,0.9990512333965844,0.9920735002702216
8,RPL14,25.393496,0.71827304,2.9755654355615555e-142,2.157865538915896e-139,0.9962049335863378,0.987389659520807
8,RPL18,24.921217,0.64850366,4.382063123668987e-137,3.102187687048809e-134,0.9981024667931688,0.9911727616645649
8,RPL18A,24.91609,0.6909174,4.98032902918244e-137,3.4437237912716625e-134,0.9990512333965844,0.9953161592505855
8,RPLP1,24.613407,0.5571443,9.077434124810638e-134,5.997763307399883e-131,1.0,0.9998198522788687
8,CD3E,24.446867,2.2024589,5.4336688199909164e-132,3.512158152712824e-129,0.9734345351043643,0.5065753918212934
8,RPL37,24.298653,0.7615863,2.0256416567331165e-130,1.2814553910562927e-127,0.9943074003795066,0.9690145919654116
8,LDHB,23.719471,1.2667253,2.270582619547314e-124,1.3502246605400059e-121,0.9079696394686907,0.7580616105206269
8,RPS28,23.580992,0.63846105,6.0395967294260874e-123,3.521084893255409e-120,1.0,0.9933345343181409
8,RPLP2,23.384394,0.74189985,6.160720850438476e-121,3.5226290970401387e-118,0.99146110056926,0.9699153305710683
8,RPS8,23.325674,0.62915224,2.4339607328897716e-120,1.365451971151162e-117,1.0,0.9972977841830301
9,TRBV7-6,13.034864,9.540041,7.750493360416306e-39,2.30445419085258e-34,0.9833333333333333,0.013292589763177999
9,TRBV7-4,12.00549,10.512392,3.324892782436047e-33,4.9429518550085485e-29,0.9,0.0033613445378151263
9,TRBV7-9,9.870363,4.411574,5.596177845006473e-23,5.546371862185914e-19,0.8666666666666667,0.0855614973262032
9,TRBV7-2,8.669154,4.7368426,4.3534211221405265e-18,3.2360067556151067e-14,0.7,0.040336134453781515
9,TRBV7-7,8.201328,8.700851,2.3774608487628815e-16,1.4137808683253352e-12,0.6166666666666667,0.0025974025974025974
9,CD3E,6.6582527,2.1141782,2.7710213437630114e-11,1.3731796269017603e-07,1.0,0.5772345301757067
9,BTG1,5.892394,1.3522282,3.80640011049954e-09,1.6167956355068972e-05,1.0,0.9453017570664629
9,SARAF,5.7037945,1.1472503,1.17169315788403e-08,4.354744082920733e-05,0.9833333333333333,0.8857142857142857
9,CD3D,5.6661835,1.7688081,1.4601322613224624e-08,4.823790280655642e-05,0.8833333333333333,0.4898395721925134
9,TSC22D3,5.6180305,1.4954172,1.9314660287485367e-08,5.742827943278024e-05,0.9166666666666666,0.7621084797555385
9,IL32,5.5981026,1.9196571,2.1671053480088652e-08,5.857685755667963e-05,0.9666666666666667,0.6591291061879297
9,RGS1,5.5403595,1.8558543,3.018510437641697e-08,7.479114236866714e-05,0.7833333333333333,0.4828113063407181
9,CD2,5.4478283,1.7071779,5.098857044680438e-08,0.00011661870500729496,0.8666666666666667,0.49029793735676086
9,B2M,5.276708,1.0091481,1.3152527551846442e-07,0.00027464649845203965,1.0,0.9954163483575248
9,FYB,5.2671523,1.4868785,1.3855640119667018e-07,0.00027464649845203965,0.7833333333333333,0.5284950343773873
9,HLA-C,5.032168,1.0277495,4.849646068996941e-07,0.0009012157910592878,1.0,0.9407181054239878
9,PTPRC,5.0188375,1.3286396,5.198517009431435e-07,0.0009092206249495579,0.9,0.6314744079449962
9,SRGN,4.884988,1.4861503,1.034351657984894e-06,0.0016186514656244659,0.9333333333333333,0.681894576012223
9,IL2RG,4.689247,1.3460783,2.74212191217685e-06,0.004076575540737714,0.9,0.6045836516424752
9,CD7,4.6427264,1.7300835,3.4384178515127485e-06,0.0048683084751918355,0.7166666666666667,0.44660045836516427
9,CD3G,4.5054765,1.483614,6.622421543348127e-06,0.008882036936749237,0.7166666666666667,0.3941940412528648
9,ZFP36L2,4.497655,1.0051624,6.870710979222831e-06,0.008882036936749237,1.0,0.9401069518716577
9,CALM1,4.4701777,0.7659326,7.815464050484686e-06,0.009682383025544215,0.95,0.8993124522536288
9,HLA-B,4.4417143,1.099468,8.924499875129662e-06,0.01061408619148921,1.0,0.9558441558441558
9,SH3BGRL3,4.3688726,0.9260316,1.2488961234711165e-05,0.014282087861217964,0.9666666666666667,0.9119938884644767
9,STK17A,4.3303094,1.3141797,1.4890005576729452e-05,0.016397205030107286,0.7333333333333333,0.4514896867838044
9,CD52,4.2469935,1.2612339,2.1665818157171183e-05,0.0230067775452561,0.8666666666666667,0.6120702826585179
9,LCK,4.202241,1.3495467,2.642854116727424e-05,0.027096545328502242,0.75,0.44873949579831934
9,CORO1A,4.1728597,1.2630333,3.0080035307952132e-05,0.029812322993711362,0.95,0.6828113063407181
9,ISG20,4.1316776,1.3584167,3.601249769411262e-05,0.034540632062550015,0.65,0.38823529411764707
9,SPOCK2,4.1066833,1.4465268,4.013813405352589e-05,0.037294598119171414,0.6333333333333333,0.3417876241405653
9,LSP1,4.03731,1.0700582,5.406760527072225e-05,0.048714912348920746,0.9,0.6953399541634836
9,RPS27,3.9820156,0.48199812,6.833330723623885e-05,0.05805012068728828,1.0,0.9969442322383499
9,UBE2D2,3.9614077,0.88021564,7.450919589635112e-05,0.061538386710728,0.7833333333333333,0.6438502673796791
9,CLEC2D,3.9490633,1.5565438,7.845759345360548e-05,0.06304809800421761,0.55,0.2719633307868602
9,CST7,3.9303937,1.4006424,8.480684312035263e-05,0.06635689122361696,0.6666666666666666,0.39297173414820474
9,NR3C1,3.8952312,1.3886319,9.81051170384085e-05,0.072923986122575,0.6,0.39786096256684494
9,CXCR4,3.8608167,1.1773568,0.000113008670311486,0.08195333644808325,0.8666666666666667,0.6314744079449962
9,SH2D2A,3.798415,1.4844843,0.00014562441064667065,0.09840569549448769,0.55,0.28174178762414054
9,LAPTM5,3.7635584,1.1246059,0.0001675126374335169,0.11068118330690573,0.9166666666666666,0.6704354469060352
9,TRBC2,3.73013,1.3874757,0.00019138099016255067,0.12370284740224172,0.6,0.3521772345301757
9,CD27,3.6337898,1.2312796,0.0002792883921068831,0.1628025484829772,0.6833333333333333,0.39327731092436974
9,ITM2A,3.6332457,1.167693,0.0002798782468787567,0.1628025484829772,0.7,0.48113063407181056
9,CYTIP,3.6314094,1.1253958,0.0002818776365296605,0.1628025484829772,0.7333333333333333,0.4904507257448434
9,EVL,3.623894,1.0875272,0.0002902006211817775,0.1628025484829772,0.8166666666666667,0.5614973262032086
9,ARHGDIB,3.587779,0.93166745,0.00033350659659566655,0.18081154567958324,0.9333333333333333,0.8212375859434683
9,CD6,3.587031,1.5050344,0.00033446456840470446,0.18081154567958324,0.5,0.24048892284186402
9,ALOX5AP,3.5321786,1.2315466,0.00041215081231010554,0.21499087898976085,0.6833333333333333,0.4482811306340718
9,CD247,3.5246632,1.2506816,0.00042402147932984324,0.21644468338655778,0.5833333333333334,0.31321619556913677
9,HLA-A,3.5212626,0.81692815,0.0004294970678978546,0.21644468338655778,1.0,0.9625668449197861
10,SARAF,24.543589,2.2180212,5.063556065857549e-133,1.505547125061425e-128,0.9937888198757764,0.8811077510743276
10,ZFP36L2,23.916965,2.2672915,2.040033727920288e-126,3.032816141612696e-122,0.9968944099378882,0.9377685818876333
10,IL7R,23.530272,4.17654,1.9990247922506808e-122,1.9812334715996495e-118,0.9285714285714286,0.32245742479707146
10,TSC22D3,23.4043,2.7604744,3.8637342551903527e-121,2.8720102652393688e-117,0.9813664596273292,0.7523476046474614
10,SRGN,23.25509,2.734124,1.2634443947899894e-119,7.513198438058151e-116,0.9968944099378882,0.6681521566130829
10,CXCR4,22.11916,2.8574092,2.067450375482728e-108,1.0245250335704658e-104,0.9751552795031055,0.616106955276142
10,JUNB,21.054363,2.355077,2.0856439447681397e-98,8.858921629970158e-95,0.9968944099378882,0.8505491007480503
10,BTG1,20.728992,1.9185327,1.897213209909982e-95,7.051230046281687e-92,0.9968944099378882,0.9431800095495783
10,RGCC,20.581821,3.2016726,3.993956588444604e-94,1.3194701249358157e-90,0.860248447204969,0.36033741843068595
10,CREM,19.53364,3.3915129,5.683927673463359e-85,1.6900022151508604e-81,0.7857142857142857,0.30033423523794367
10,ZFP36,19.345327,2.402828,2.231823593289605e-83,6.032619172661802e-80,0.9813664596273292,0.7786089447716059
10,RPS3,19.29133,0.8669565,6.351679033818572e-83,1.5737872726043968e-79,1.0,0.9990450421773038
10,ANXA1,19.20839,2.9628656,3.1488808712107124e-82,7.201974995669855e-79,0.84472049689441,0.45662899888588254
10,EIF1,18.669504,1.0400589,8.766359721984415e-78,1.8617869543840185e-74,0.9937888198757764,0.9684863918510266
10,YPEL5,18.362665,2.919169,2.614545263482759e-75,5.182551621275525e-72,0.7608695652173914,0.3297787681044087
10,ZNF331,17.820215,3.542327,4.924746995145804e-71,9.151718900416887e-68,0.7049689440993789,0.1970396307496419
10,RPL13,17.366938,0.75602347,1.4685549107523889e-67,2.568502538905928e-64,1.0,0.9993633614515359
10,RPS14,16.994717,0.80993634,8.986313083487504e-65,1.484389149507411e-61,1.0,0.9964984879834474
10,LINC-PINT,16.722158,2.9987943,9.038608206184612e-63,1.414447041023616e-59,0.6956521739130435,0.22473340760783064
10,RPL3,16.674694,0.9076431,2.002342819719818e-62,2.8371645651376413e-59,1.0,0.9902912621359223
10,FAM177A1,16.674648,2.6820045,2.003849455752547e-62,2.8371645651376413e-59,0.7267080745341615,0.3460130510902435
10,RPL10,16.662125,0.6341477,2.470923008484214e-62,3.339452445966415e-59,1.0,0.999840840362884
10,TNFAIP3,16.641792,2.451633,3.4706982132008457e-62,4.486707390134815e-59,0.8043478260869565,0.38628043928059846
10,LEPROTL1,16.55371,2.2409863,1.505296647606525e-61,1.8648743843035336e-58,0.8074534161490683,0.44325958936813625
10,RPL28,16.528585,0.6668476,2.2843944589710407e-61,2.716876017943438e-58,1.0,0.9993633614515359
10,RPL30,16.443216,0.748468,9.380506043347014e-61,1.0727330237955261e-57,1.0,0.9985675632659557
10,EZR,16.323568,2.1891832,6.70970692940592e-60,7.38887837526023e-57,0.7857142857142857,0.48289033901002704
10,NR4A2,16.315493,2.872501,7.65864127151652e-60,8.132656461642881e-57,0.7018633540372671,0.2529046633773675
10,KLF6,16.18627,1.864534,6.303630132137702e-59,6.46295981789139e-56,0.8819875776397516,0.6780200541142766
10,DUSP2,16.108316,2.473623,2.230139911167034e-58,2.2102916659576475e-55,0.8198757763975155,0.40442463791182554
10,RPS27,16.073317,0.8226603,3.925059966462515e-58,3.764638967188063e-55,1.0,0.9968168072576794
10,RPL11,15.792728,0.69991046,3.4914734387856767e-56,3.2441243673567035e-53,1.0,0.9984084036288398
10,RPS27A,15.754883,0.6710887,6.357723219419778e-56,5.72830862069722e-53,1.0,0.9982492439917237
10,RPL39,15.414739,0.7579128,1.3029731957610266e-53,1.1394500596930177e-50,0.9968944099378882,0.98838134649053
10,EEF1A1,15.303479,0.61254376,7.24759907228845e-53,6.156938949038643e-50,1.0,1.0
10,RPS25,15.24331,0.72152025,1.823901942250125e-52,1.5063910124700826e-49,1.0,0.9901321024988063
10,RPS3A,14.953387,0.6808855,1.480249630615906e-50,1.1582174280816507e-47,1.0,0.9969759668947955
10,RPL32,14.914943,0.6703213,2.6350495570499162e-50,2.0089212430709015e-47,1.0,0.9987267229030717
10,CALM1,14.871269,1.1090584,5.064438608543509e-50,3.7223555120349354e-47,0.968944099378882,0.8962279166003502
10,MCL1,14.87037,1.9209564,5.132902027828754e-50,3.7223555120349354e-47,0.7670807453416149,0.5128123507878402
10,RPL9,14.7867985,0.7583387,1.7823262231766143e-49,1.2617596569931016e-46,1.0,0.9802642049976126
10,RPS12,14.506194,0.7139693,1.106945888650385e-47,7.480186842554977e-45,1.0,0.9995225210886519
10,TPT1,14.449455,0.6423914,2.5267458017736514e-47,1.6695051760919106e-44,1.0,0.9972942861690275
10,RPS15A,14.415985,0.69929516,4.105390503699203e-47,2.653599474923661e-44,1.0,0.9952252108865192
10,RPLP1,14.350423,0.5677673,1.0589030197395324e-46,6.698800741684153e-44,1.0,0.999840840362884
10,RPL34,14.319573,0.73751575,1.6513289953615662e-46,1.02289510456428e-43,1.0,0.9896546235874583
10,ELF1,14.280021,2.0246885,2.9151625563728466e-46,1.7689087405843641e-43,0.7298136645962733,0.4018780837179691
10,DNAJB1,14.23792,1.904007,5.328970669138163e-46,3.1689256981097e-43,0.8322981366459627,0.5070826038516633
10,RPS23,14.184583,0.629777,1.1414252058551983e-45,6.6545089501358065e-43,1.0,0.9963393283463313
10,RPL19,14.175549,0.58332586,1.298248893587279e-45,7.423237375582801e-43,1.0,0.9984084036288398
11,IL32,33.984413,3.3719776,3.7861185448762054e-253,1.125726626948042e-248,0.9968454258675079,0.6263607435940378
11,FOXP3,31.655792,6.743041,6.311925421493015e-220,9.38362392786259e-216,0.7807570977917981,0.02964327583319377
11,LTB,30.366554,3.6727896,1.5191667606866913e-202,1.5056461765165797e-198,0.9384858044164038,0.36844749623178696
11,HLA-A,28.875238,1.6767583,2.4434001130714092e-183,1.816240389048805e-179,1.0,0.958968347010551
11,B2M,28.6297,1.3652208,2.8691046060698333e-180,1.706141745045487e-176,1.0,0.9949757159604756
11,S100A4,28.390602,2.5744197,2.641497453844799e-177,1.30899406325279e-173,0.9700315457413249,0.6422709763858651
11,TIGIT,25.250086,3.1347275,1.1300825494894247e-140,4.800106349138437e-137,0.7854889589905363,0.2173840227767543
11,CD27,24.929434,2.6583707,3.5693203239300167e-137,1.3265825148926398e-133,0.8422712933753943,0.3485178362083403
11,SPOCK2,24.4684,2.7416174,3.206239931007221e-132,1.059234798540419e-128,0.7933753943217665,0.2967677106012393
11,BATF,23.885746,3.233393,4.3079498710716176e-126,1.2808827351657242e-122,0.7176656151419558,0.20984759671746775
11,TNFRSF4,23.693745,4.4305444,4.182906287828971e-124,1.1306395696001707e-120,0.6340694006309149,0.0942890638084073
11,IL2RG,23.409761,2.0803187,3.3992716165164735e-121,8.422545247823691e-118,0.9369085173501577,0.5722659521018255
11,CARD16,23.099371,2.8259063,4.6977764538616035e-118,1.0744537484820543e-114,0.7145110410094637,0.2672919109026964
11,TNFRSF1B,22.639301,2.6372104,1.778388261085925e-113,3.7769155833477006e-110,0.7397476340694006,0.3046390889298275
11,ARHGDIB,22.592337,1.603596,5.154844278444695e-113,1.0217932328733075e-109,0.9794952681388013,0.8055602076704069
11,PIM2,22.432415,3.2844636,1.900366288009774e-111,3.531474427587163e-108,0.6624605678233438,0.18104170155752805
11,CD2,22.109955,2.2341986,2.5352115187035357e-108,4.434084946212484e-105,0.9053627760252366,0.45000837380673253
11,TNFRSF18,20.689165,3.6873305,4.3366304184887045e-95,7.163390679606926e-92,0.5851735015772871,0.10316529894490035
11,HLA-B,20.548082,1.3679446,8.006450605103589e-94,1.2529252412712895e-90,1.0,0.9515993970859152
11,GBP5,19.456465,2.6931915,2.5690410105996683e-84,3.819264818407997e-81,0.6246056782334385,0.18640093786635403
11,RAC2,18.867382,1.6972095,2.1151902609296713e-79,2.8586796376464506e-76,0.9384858044164038,0.6310500753642606
11,CTSC,18.840965,2.0387726,3.4855587133452313e-79,4.505918140169294e-76,0.7350157728706624,0.4165131468765701
11,PFN1,18.727571,0.93411773,2.9507697254784023e-78,3.6556348436520554e-75,0.9936908517350158,0.9670072014737899
11,SH2D2A,18.36452,2.3650548,2.526744029306313e-75,3.0051072089345846e-72,0.6451104100946372,0.2458549656673924
11,RGS1,18.08194,1.9669518,4.422538169876938e-73,5.057512592498116e-70,0.8343848580441641,0.44850108859487525
11,CD3D,18.048971,1.8657528,8.037399423935593e-73,8.850962854513962e-70,0.88801261829653,0.45151565901858987
11,CORO1B,17.794594,2.234357,7.783006468026043e-71,8.264718975493512e-68,0.6277602523659306,0.3522023111706582
11,IL2RA,17.678493,5.323936,6.141445335166977e-70,6.29667566036275e-67,0.444794952681388,0.022106849773907217
11,LCK,17.5989,1.7738415,2.511517042430659e-69,2.4891645407530263e-66,0.8012618296529969,0.41433595712610954
11,DUSP4,17.421576,2.2590747,5.659679692765348e-68,5.428363106612648e-65,0.6529968454258676,0.3027968514486686
11,DNPH1,17.395771,1.9002715,8.882341416524171e-68,8.253083041797287e-65,0.6561514195583596,0.3714620666555016
11,UCP2,17.355936,1.781778,1.77877955312784e-67,1.555542719210296e-64,0.749211356466877,0.4391224250544297
11,BTG1,17.327042,1.2983807,2.940667285939276e-67,2.4981388689380714e-64,0.9952681388012619,0.9405459721989616
11,HLA-C,17.282278,1.0924296,6.397007202980787e-67,5.283394865728548e-64,0.9921135646687698,0.935856640428739
11,SKAP1,17.161436,2.0299144,5.16205030114308e-66,4.148195719023978e-63,0.6593059936908517,0.2785128119243008
11,ARL6IP5,17.104483,1.2302657,1.374165277012062e-65,1.0752120047736746e-62,0.8264984227129337,0.6826327248367108
11,CD3E,17.093452,1.947774,1.6604337418661943e-65,1.2658891396642963e-62,0.9700315457413249,0.5397755819795679
11,HLA-E,16.97536,1.1298643,1.2498405464515811e-64,9.290377241911216e-62,0.9921135646687698,0.9003516998827668
11,MALAT1,16.915821,0.81316525,3.439862696823968e-64,2.4945716479187084e-61,1.0,0.9927985262100151
11,SOD1,16.615246,1.1441274,5.405338288960745e-62,3.7376028685039494e-59,0.8580441640378549,0.707419192765031
11,YWHAB,16.57794,0.92015445,1.0061897433142318e-61,6.799327190445921e-59,0.9132492113564669,0.8345335789649975
11,FXYD5,16.407734,1.3051947,1.683721682124277e-60,1.1124910394355805e-57,0.9258675078864353,0.7114386199966505
11,AC133644.2,16.36147,3.8242903,3.60324088705022e-60,2.3290252455361783e-57,0.443217665615142,0.05476469603081561
11,SEPT6,16.068571,1.5514861,4.237387158589757e-58,2.6247965080489425e-55,0.7429022082018928,0.4726176519845922
11,LAT,16.009657,1.8738104,1.0941182854975489e-57,6.639065098509922e-55,0.6545741324921136,0.2905710936191593
11,CXCR3,16.008387,1.9909855,1.1166882008907799e-57,6.640498055417111e-55,0.6182965299684543,0.25791324736225085
11,ACTB,15.807118,0.6845945,2.7788962030986276e-56,1.6200964864065e-53,1.0,0.9989951431920951
11,CORO1A,15.5863,1.4338678,9.02092549758746e-55,5.158061111918615e-52,0.9211356466876972,0.6601909227935019
11,GAPDH,15.497922,0.8311598,3.582922216079437e-54,2.0100193632205643e-51,0.9952681388012619,0.9753810082063306
11,PTPRC,15.407189,1.3954105,1.4644320084147868e-53,8.063325352999418e-51,0.9069400630914827,0.6049237983587339
12,STMN1,19.048876,4.5573926,6.712920988450713e-81,1.9959527974960503e-76,0.9748427672955975,0.35851690971144895
12,TUBB,18.989136,3.649318,2.0975180702683462e-80,3.1182752391644366e-76,0.9811320754716981,0.6234874340676388
12,TUBA1B,18.351454,3.6153793,3.2139723583482906e-75,3.1853680043589907e-71,0.9685534591194969,0.6199193298169408
12,HMGB1,17.605997,2.256011,2.2157268119402607e-69,1.6470051324854942e-65,0.9622641509433962,0.852621780949426
12,HMGN2,17.364576,2.8819842,1.5302421126366744e-67,9.099737747005249e-64,0.9433962264150944,0.6875581756127831
12,PFN1,16.924763,1.6493962,2.9553650980095064e-64,1.4645311743186108e-60,1.0,0.968817871548247
12,HMGB2,16.90706,3.9531271,3.9913186515907206e-64,1.6953411066820984e-60,0.8742138364779874,0.33447098976109213
12,H2AFZ,16.614279,2.6116455,5.4931990477055984e-62,2.041616091067882e-58,0.949685534591195,0.6481538938876823
12,TYMS,16.455795,6.164936,7.621531473136717e-61,2.5178999476752667e-57,0.7861635220125787,0.05802047781569966
12,ACTB,16.427525,1.3830311,1.2151925550653185e-60,3.6131320239757116e-57,1.0,0.99906919019547
12,MKI67,15.029545,6.639676,4.702223441711581e-51,1.0792365149886232e-47,0.710691823899371,0.02358051504809184
12,GAPDH,14.89127,1.6427206,3.755712850417773e-50,7.976329298676546e-47,1.0,0.9767297548867515
12,NUSAP1,14.767328,6.130303,2.3796098118578535e-49,4.7168625690646375e-46,0.7044025157232704,0.03273347812596959
12,HIST1H4C,14.427269,3.4355679,3.48614334387336e-47,5.758527780188146e-44,0.8805031446540881,0.49239838659633883
12,CFL1,14.033933,1.1950282,9.664046029675125e-45,1.4367054030016527e-41,0.9811320754716981,0.9559416692522494
12,RRM2,14.025849,7.139607,1.0830736642458415e-44,1.5334775837629334e-41,0.660377358490566,0.0215637604716103
12,CENPM,14.005853,5.350137,1.435473372330665e-44,1.9400422627048936e-41,0.6792452830188679,0.042662116040955635
12,H2AFV,13.798238,2.6610699,2.611572707003298e-43,3.3760822303186547e-40,0.8238993710691824,0.43251628917157925
12,PPIA,13.6519,0.9767781,1.9668236208093637e-42,2.4366486132302004e-39,0.9622641509433962,0.9621470679491158
12,PKM,13.549008,1.9954731,8.030722599156021e-42,9.55109900162824e-39,0.9182389937106918,0.7151721998138381
12,PTTG1,13.473798,3.5242937,2.2308908912415532e-41,2.55119534112635e-38,0.7484276729559748,0.1749922432516289
12,UBE2C,13.4469595,5.786013,3.2079416143234783e-41,3.532656593284444e-38,0.6477987421383647,0.032423208191126277
12,HNRNPA2B1,13.190257,1.2213112,9.984384424276326e-40,9.576312970548645e-37,0.9433962264150944,0.8861309339125039
12,PSMB9,13.157041,1.9247671,1.5504011237390544e-39,1.4405648941291656e-36,0.9371069182389937,0.6327955321129383
12,ASF1B,13.059959,6.024911,5.5757681272690056e-39,5.023767082669374e-36,0.6226415094339622,0.028079429103319887
12,CLSPN,13.044677,5.923122,6.814515404646319e-39,5.959293721363206e-36,0.6226415094339622,0.02652807942910332
12,TMPO,12.94067,3.3816204,2.6530542717545383e-38,2.253807504630791e-35,0.7169811320754716,0.17188954390319577
12,RAN,12.935871,1.6372917,2.824054065863634e-38,2.33243332056454e-35,0.9056603773584906,0.7179646292274279
12,KIFC1,12.8831835,6.372692,5.597831461745305e-38,4.267700585950594e-35,0.610062893081761,0.019857275829972074
12,CDK1,12.846051,5.712283,9.051390458273665e-38,6.728124812396273e-35,0.6163522012578616,0.027924294135898232
12,PTMA,12.514265,0.8156867,6.238296695006696e-36,4.2155289916507744e-33,0.9937106918238994,0.9955010859447719
12,ARPC2,12.496477,1.3146654,7.803292584835456e-36,5.155895520553614e-33,0.949685534591195,0.8434688178715483
12,CENPF,12.44981,4.677406,1.4017820271152847e-35,9.0606923939606e-33,0.6226415094339622,0.06127831213155445
12,LMNB1,12.31745,3.8074605,7.296594970526935e-35,4.519784547055778e-32,0.6477987421383647,0.08951287620229599
12,CORO1A,12.195971,1.9402751,3.2658839796311276e-34,1.9420905673274462e-31,0.9685534591194969,0.6782500775674837
12,ZWINT,12.085059,5.2866473,1.2667841633997738e-33,7.1066591566727315e-31,0.5849056603773585,0.037077257213775985
12,HIST1H1E,12.046643,4.0681024,2.0200920457727692e-33,1.112285125869662e-30,0.6415094339622641,0.10161340366118524
12,TOP2A,11.945331,6.453497,6.867635868075442e-33,3.582375741499774e-30,0.5660377358490566,0.01923673596028545
12,SMC4,11.85448,3.4354906,2.0398615976915807e-32,1.0457104290373064e-29,0.6540880503144654,0.1495501085944772
12,SMC2,11.795773,4.0204973,4.1041790416922104e-32,2.0682975499429573e-29,0.610062893081761,0.09757989450822216
12,RANBP1,11.792594,2.3494954,4.2620893766875274e-32,2.1120783906175045e-29,0.7484276729559748,0.38473471920570895
12,DUT,11.774659,2.4515057,5.272964691279148e-32,2.5701812978000474e-29,0.7672955974842768,0.4080049643189575
12,CALM3,11.56753,1.894659,6.0190901488138955e-31,2.7963376155419306e-28,0.8238993710691824,0.5280794291033198
12,PCNA,11.542691,3.3883653,8.037106030008028e-31,3.676419593695826e-28,0.6352201257861635,0.15684145206329506
12,RPA3,11.531323,2.627461,9.172224684483317e-31,4.1164565607228e-28,0.710691823899371,0.2539559416692522
12,PGAM1,11.530355,1.9387981,9.275975837232286e-31,4.1164565607228e-28,0.8238993710691824,0.5318026683214396
12,CDKN3,11.461081,5.3723865,2.0691646068675586e-30,9.0474222435284e-28,0.5534591194968553,0.029785913744958113
12,CCNA2,11.381681,6.1135125,5.1595495570553314e-30,2.1915555282846597e-27,0.5408805031446541,0.017840521253490536
12,TMEM106C,11.322152,3.1493914,1.0193809908747356e-29,4.151952739955961e-27,0.6415094339622641,0.17747440273037543
12,ANP32E,11.25614,2.6872113,2.160144465908013e-29,8.679402081735533e-27,0.6918238993710691,0.20586410176853862
13,CXCL13,11.661874,5.5803204,1.9960024859615545e-31,5.9347141915094896e-27,0.8481012658227848,0.21299417713760344
13,SRGN,11.28738,2.6790123,1.514849185773866e-29,2.252050542030718e-25,0.9873417721518988,0.6805087342935948
13,ITM2A,11.013647,2.8582335,3.284320164575695e-28,3.2550897151109714e-24,0.9367088607594937,0.4776279497395035
13,TNFRSF4,10.301759,3.952584,6.918461613316667e-25,5.1426654787186116e-21,0.7848101265822784,0.13836959852896108
13,CD82,9.6820545,2.473912,3.594206008590359e-22,2.137330545068343e-18,0.8860759493670886,0.4878945755439779
13,TNFRSF18,9.280463,3.5967524,1.687436837769903e-20,8.362093249568754e-17,0.7341772151898734,0.142353662273981
13,HLA-A,9.170115,1.4223871,4.725137651059608e-20,2.0070359682707905e-16,1.0,0.9624578608642353
13,NR3C1,9.096392,2.6346202,9.338271090829362e-20,3.4706851792953674e-16,0.7848101265822784,0.3950352436408213
13,NFKBIA,8.566497,1.709659,1.066808970166004e-17,3.5243812344384225e-14,0.9113924050632911,0.7546736132393503
13,CD2,8.4937525,2.24963,2.000697919012943e-17,5.948675122601184e-14,0.9240506329113924,0.48850750842782714
13,PKM,8.3949795,1.6726412,4.659741720850891e-17,1.2595281871459958e-13,0.9113924050632911,0.7177444069874349
13,DUSP4,8.239786,2.5365224,1.725181267978405e-16,4.2745678867334933e-13,0.7848101265822784,0.330983757278578
13,NMB,8.186186,5.43684,2.6963562707261496e-16,6.166981615192355e-13,0.569620253164557,0.06343855347839411
13,UCP2,8.134039,2.164044,4.152186180377525e-16,8.818353692940354e-13,0.8481012658227848,0.46429665951578303
13,ISCU,7.7076654,1.7114317,1.2813992328964317e-14,2.38124021198185e-11,0.7974683544303798,0.5448973337419553
13,IGFL2,7.6966248,8.236489,1.39707196055402e-14,2.443478859008981e-11,0.5063291139240507,0.004290530186944529
13,CD40LG,7.2929263,3.3463457,3.0329349782614614e-13,4.746223984665685e-10,0.569620253164557,0.09148023291449586
13,HLA-B,7.241403,1.3024207,4.440660704559615e-13,6.601708236433552e-10,1.0,0.955715599141894
13,RBPJ,7.184686,2.1774268,6.736183209902362e-13,9.537473113334614e-10,0.7088607594936709,0.35488813974869754
13,B2M,7.1464887,1.0834183,8.902573894015062e-13,1.2031828617761355e-09,1.0,0.9954030033711309
13,BATF,7.0429673,2.3532264,1.8818865125424792e-12,2.4327883338011104e-09,0.6835443037974683,0.25344774747165183
13,CD247,6.933777,2.1022482,4.097509199928899e-12,4.873249641659438e-09,0.7215189873417721,0.3107569721115538
13,CD200,6.4459968,3.986446,1.1484305314501188e-10,1.3133186535233224e-07,0.46835443037974683,0.056849524977015016
13,HLA-C,6.428308,1.0370649,1.2903213430487703e-10,1.420930536772929e-07,0.9873417721518988,0.9406987434875881
13,FKBP5,6.3522696,2.6077116,2.1216122295467286e-10,2.252924872182603e-07,0.5569620253164557,0.18725099601593626
13,TNFAIP3,6.2701764,1.7803488,3.6063925419173695e-10,3.6975472223734193e-07,0.7468354430379747,0.40254367146797426
13,RGS1,6.1656756,1.7798529,7.018289799425165e-10,6.955827020210281e-07,0.8481012658227848,0.48115231382163653
13,IL2RG,6.1470666,1.5275173,7.892903743183061e-10,7.570313128905224e-07,0.8860759493670886,0.6038921238124425
13,SLA,6.1162295,1.9965653,9.581520313546462e-10,8.902729483833654e-07,0.6455696202531646,0.28853815507201963
13,PFN1,6.049956,0.8592767,1.4488566276419688e-09,1.3054198215054138e-06,1.0,0.9692001225865767
13,PTPRC,6.035828,1.4065661,1.581493036726071e-09,1.3830156606169491e-06,0.8987341772151899,0.6307079374808459
13,TMSB4X,5.8561497,1.1226672,4.737215104593428e-09,4.024331905853612e-06,1.0,0.9494330370824394
13,SH3BGRL3,5.645931,1.0499057,1.6428989392873645e-08,1.320224707076519e-05,0.9873417721518988,0.9115844315047502
13,YWHAQ,5.6004915,1.2714231,2.1374457044235267e-08,1.6724387665690715e-05,0.759493670886076,0.5732454796199816
13,TSHZ2,5.593428,2.7034156,2.226294758769631e-08,1.69729287339737e-05,0.46835443037974683,0.11952191235059761
13,PDCD1,5.579301,2.2836761,2.4148744777197173e-08,1.795036571151009e-05,0.5316455696202531,0.17008887526815814
13,CHN1,5.534574,3.4648042,3.119857980815832e-08,2.208636603418979e-05,0.4177215189873418,0.06343855347839411
13,LAT,5.523978,1.7146621,3.3140819414133424e-08,2.279578302267598e-05,0.6455696202531646,0.3216365307998774
13,CD3D,5.520862,1.542285,3.373404812826634e-08,2.279578302267598e-05,0.8734177215189873,0.48881397486975176
13,CPM,5.5099993,3.9630158,3.588348281058781e-08,2.3709413209049055e-05,0.4050632911392405,0.06328532025743182
13,DNPH1,5.4892535,1.580104,4.0363578445438336e-08,2.5845398015260718e-05,0.6582278481012658,0.39564817652467055
13,GNG4,5.487117,6.191649,4.085473066011683e-08,2.5845398015260718e-05,0.3670886075949367,0.010419859025436715
13,CD3E,5.478005,1.6701583,4.301477001781527e-08,2.6644961602910445e-05,0.9493670886075949,0.5766166104811523
13,STAT4,5.4302807,2.5506802,5.626547104021751e-08,3.4141658172220145e-05,0.46835443037974683,0.12273980999080601
13,SPOCK2,5.416717,1.6201445,6.070321272164319e-08,3.609777247705234e-05,0.6708860759493671,0.3404842169782409
13,BTLA,5.350681,3.6860623,8.762398859199011e-08,5.108478534913023e-05,0.3924050632911392,0.050873429359485134
13,PSMB9,5.3144717,1.1945142,1.0696706076118225e-07,6.116253110792754e-05,0.8227848101265823,0.6379098988660742
13,COTL1,5.2266803,1.2697473,1.7258038315216935e-07,9.681759494836701e-05,0.810126582278481,0.5983757278577996
13,RNF19A,5.0869203,1.83496,3.639244241246079e-07,0.0002003808315277216,0.5443037974683544,0.2684646031259577
13,SH2D2A,4.9718537,1.710545,6.631576837104585e-07,0.00035210120374576896,0.569620253164557,0.2807232608029421
14,TYROBP,35.94175,7.5834293,6.809938526818486e-283,2.0247990221789404e-278,0.9724409448818898,0.059209447269148764
14,GPX1,35.903984,4.5509925,2.64735230938037e-282,3.9356863107403264e-278,0.9940944881889764,0.4826964080695424
14,CST3,35.495773,5.9042416,5.712115229787173e-276,5.661277404242067e-272,0.9921259842519685,0.2442184680990651
14,GRN,35.3943,4.796135,2.0895513865964164e-274,1.553215784441781e-270,0.9763779527559056,0.2893226176808266
14,SPI1,35.13367,6.8484793,2.064400194737187e-270,1.2276162198024156e-266,0.9488188976377953,0.042643923240938165
14,FCER1G,34.367424,7.084533,7.735836856005451e-259,3.8334939539935013e-255,0.9330708661417323,0.04805642119074955
14,AIF1,34.299023,7.0650563,8.115299983345752e-258,3.4470316343545605e-254,0.9251968503937008,0.03411513859275053
14,HLA-DRA,34.274246,5.5928516,1.898996891693775e-257,7.057859322591377e-254,0.9921259842519685,0.4225028702640643
14,HLA-DRB5,33.402245,4.754009,1.2719113162695082e-244,4.201971018515699e-241,0.9783464566929134,0.48958504182384777
14,HLA-DRB1,33.286083,4.558684,6.139014639270961e-243,1.8253132226944349e-239,0.984251968503937,0.5309168443496801
14,CD74,33.20114,4.356224,1.0365172773028874e-241,2.8017062005497044e-238,1.0,0.865835656880433
14,CD68,33.13033,6.2775197,1.0875795953453726e-240,2.694750342366997e-237,0.9094488188976378,0.08561587666065278
14,HLA-DPA1,32.74125,4.6653566,4.04501158491036e-235,9.251563804164595e-232,0.9822834645669292,0.5232081351484337
14,NPC2,32.213814,3.7721944,1.1306743487358602e-227,2.4013100293545237e-224,0.9724409448818898,0.39527636542561917
14,FTL,32.047535,3.1015227,2.376046671467338e-225,4.709799712182558e-222,1.0,0.9783500082007545
14,HLA-DPB1,31.554924,4.394046,1.5348344619639205e-218,2.852202066098328e-215,0.9547244094488189,0.5125471543381991
14,HLA-DQB1,31.18999,4.494184,1.4564780035122283e-213,2.5473800281428872e-210,0.9389763779527559,0.36690175496145644
14,S100A11,31.184916,2.6211176,1.7064512152378594e-213,2.818772999037071e-210,0.984251968503937,0.7674266032474988
14,SAT1,30.98553,3.3940182,8.44463441063023e-211,1.321496394375098e-207,0.984251968503937,0.5509266852550435
14,CTSH,30.853048,4.278057,5.09826744705507e-209,7.57933930016442e-206,0.9015748031496063,0.196490077087092
14,PSAP,30.757837,3.347022,9.606443841762573e-208,1.3601352130815552e-204,0.9625984251968503,0.5169755617516811
14,C1orf162,30.268908,4.8611827,2.9423667639780913e-201,3.97660868151639e-198,0.8661417322834646,0.0829916352304412
14,MS4A6A,30.12916,6.197562,2.0115562153971235e-199,2.6004174327131596e-196,0.8287401574803149,0.04395604395604396
14,TYMP,30.117075,3.805252,2.8960116238656838e-199,3.5877964005165986e-196,0.9153543307086615,0.2706248974905691
14,SERPINA1,30.031635,5.507932,3.792894595196485e-198,4.510965399959083e-195,0.84251968503937,0.04723634574380843
14,LYZ,30.001715,7.628822,9.320804522381295e-198,1.0659056956306272e-194,0.8110236220472441,0.016729539117598818
14,HLA-DQA1,29.550093,4.274613,6.549124628710904e-192,7.212041577239307e-189,0.8937007874015748,0.2980154174184025
14,CTSB,29.199785,3.7147706,1.9514535290444274e-187,2.0722345635384986e-184,0.9173228346456693,0.37083811710677383
14,RAB31,29.072206,4.88328,8.064579495155066e-186,8.268418694118813e-183,0.8248031496062992,0.06691815647039527
14,FTH1,28.847116,2.0310564,5.507048476560608e-183,5.458035745119219e-180,1.0,0.9909791700836477
14,HLA-DQA2,28.788242,3.8052442,3.0103781399324955e-182,2.8873410720842863e-179,0.8996062992125984,0.29129079875348535
14,LST1,28.746492,5.5415,1.0020016829378618e-181,9.310161262122325e-179,0.7992125984251969,0.03821551582745612
14,HLA-DMA,28.465616,3.6219664,3.1229893327631383e-178,2.8138133888195876e-175,0.8858267716535433,0.27259307856322784
14,IGSF6,28.350958,7.5385933,8.145597614524923e-177,7.123325113902045e-174,0.7637795275590551,0.011317041167787437
14,RNF130,27.657486,3.9058459,2.2683233284059134e-168,1.8734460423192509e-165,0.8188976377952756,0.17008364769558798
14,MNDA,27.644651,7.022008,3.236248154369e-168,2.6006315236176615e-165,0.7480314960629921,0.011809086435952108
14,CAPG,27.534145,3.5851772,6.85234128890201e-167,5.361596409024301e-164,0.8700787401574803,0.279317697228145
14,CXCL16,27.231148,4.58407,2.779281318712251e-163,2.1188813192120862e-160,0.7795275590551181,0.11497457766114483
14,MS4A7,27.073381,6.7858725,2.026908575578431e-161,1.5066518169418372e-158,0.734251968503937,0.016073478760045924
14,PLEK,26.29832,4.5018888,2.004434171468886e-152,1.385996307448474e-149,0.765748031496063,0.05937346235853699
14,HCK,26.199512,7.1821656,2.6915836971633338e-151,1.8188376833581227e-148,0.7066929133858267,0.007544694111858291
14,FGL2,26.166105,4.914998,6.463187094054259e-151,4.177607431902506e-148,0.7421259842519685,0.05970149253731343
14,CTSS,25.987535,3.2437882,6.850223114507065e-149,4.333567741779544e-146,0.8641732283464567,0.2379858947023126
14,LGALS1,25.71562,3.1154883,7.818206047515701e-146,4.842890008558007e-143,0.9448818897637795,0.40757749712973596
14,SGK1,25.700848,4.018979,1.143649127998451e-145,6.939616229138355e-143,0.7834645669291339,0.12743972445464982
14,FCGRT,25.230494,3.0807498,1.854483883020391e-140,1.0811641038008879e-137,0.8405511811023622,0.25077907167459407
14,PPT1,25.152489,3.1103961,1.3273293001171037e-139,7.589515784688816e-137,0.8307086614173228,0.23355748728883058
14,CPVL,25.142498,6.095386,1.707076857047908e-139,9.576701168038764e-137,0.6889763779527559,0.02771855010660981
14,FCGR2A,24.980991,6.990529,9.838228548274373e-138,5.417037952330406e-135,0.6751968503937008,0.011317041167787437
14,CTSZ,24.893942,4.0294824,8.65365784497072e-137,4.678167430991172e-134,0.7401574803149606,0.10414958176152206
15,JCHAIN,14.005634,8.206602,1.439892538080649e-44,2.7202103916331843e-40,1.0,0.048179871520342615
15,IRF7,13.988601,6.1935735,1.8297584445788749e-44,2.7202103916331843e-40,1.0,0.2531355154481493
15,LILRA4,13.885277,10.37765,7.779899988434835e-44,7.710658878537765e-40,0.9850746268656716,0.01009483022330988
15,SEC61B,13.720293,3.3890767,7.675407876284495e-43,5.705322559639172e-39,1.0,0.6006423982869379
15,IRF8,13.696918,6.592492,1.0592643692223124e-42,6.299021498017403e-39,0.9850746268656716,0.07479351483634139
15,PLAC8,13.596717,6.1869345,4.1881619157102035e-42,2.0754436373301913e-38,0.9850746268656716,0.0835117773019272
15,PLD4,13.499221,6.7465906,1.5803895211600826e-41,6.712817376093248e-38,0.9701492537313433,0.06638115631691649
15,ITM2C,13.4336,5.015799,3.842628459112943e-41,1.4281608996850642e-37,0.9850746268656716,0.21994493728969103
15,CCDC50,13.378123,5.4125686,8.117105414981527e-41,2.6816210589293974e-37,0.9701492537313433,0.16748241052309576
15,C1orf186,13.100929,7.3609953,3.252516414845273e-39,9.670707056259449e-36,0.9402985074626866,0.024472315692872438
15,SERPINF1,12.798395,5.063286,1.6737509675726054e-37,4.524148865348752e-34,0.9850746268656716,0.14316304680330377
15,CLIC3,12.73754,5.6887164,3.6574492412800615e-37,9.062244857581671e-34,0.9402985074626866,0.10278372591006424
15,GPX1,12.704699,3.9951262,5.5683884965275615e-37,1.2735761166711845e-33,1.0,0.5171306209850107
15,GZMB,12.654243,5.5489,1.0599153158808047e-36,2.2510330062202832e-33,0.9701492537313433,0.16840012236157847
15,DERL3,12.500014,7.6193285,7.463793174798549e-36,1.4794730831085683e-32,0.8955223880597015,0.020342612419700215
15,PPP1R14B,12.39302,5.6123924,2.851021896323778e-35,5.29808962771218e-32,0.9104477611940298,0.09788926277148975
15,NPC2,12.351033,3.8745008,4.808982693622457e-35,8.410910731145677e-32,0.9701492537313433,0.4342306515754053
15,LRRC26,12.3192215,7.232626,7.138013087495187e-35,1.1790807951694134e-31,0.8805970149253731,0.03380238605078006
15,VAMP8,12.3009,2.8614397,8.956983623308885e-35,1.4016736530097004e-31,1.0,0.5341082899969409
15,LILRB4,12.155461,5.6843295,5.365800525415169e-34,7.977067351108462e-31,0.8955223880597015,0.051238910981951664
15,TYROBP,11.910465,5.4782085,1.0439304273863389e-32,1.4780563522608578e-29,0.9701492537313433,0.12083205873355767
15,TCF4,11.900677,4.5915365,1.1739081757738667e-32,1.586536899558381e-29,0.9104477611940298,0.15203426124197003
15,UGCG,11.85634,4.60687,1.9950643082757484e-32,2.579097699041862e-29,0.8955223880597015,0.14958702967268278
15,HERPUD1,11.837247,3.2313747,2.5054362674443503e-32,3.1039223558301196e-29,0.9701492537313433,0.5292138268583665
15,SPCS1,11.795904,2.4985392,4.097756672087877e-32,4.8735439652475536e-29,1.0,0.6257265218721322
15,CLEC4C,11.776392,10.758538,5.165721138966415e-32,5.907399485572631e-29,0.835820895522388,0.0013765677577240747
15,CD74,11.722589,3.8926156,9.764172190365164e-32,1.0749753518004936e-28,1.0,0.8748852860201897
15,PLEK,11.71953,4.855715,1.0123199761347264e-31,1.0749753518004936e-28,0.8955223880597015,0.10568981339859285
15,FCER1G,11.652075,4.740982,2.239390658811795e-31,2.295993188222452e-28,0.9552238805970149,0.10752523707555828
15,PTCRA,11.576216,12.81892,5.439454275197944e-31,5.391043132148682e-28,0.8208955223880597,0.000611807892321811
15,GRN,11.535453,3.5682003,8.742574487921569e-31,8.385257008044258e-28,0.9552238805970149,0.33588253288467423
15,C12orf75,11.381449,3.8766105,5.173292836698268e-30,4.806797372298425e-27,0.9104477611940298,0.22575711226674824
15,TSPAN13,11.307489,4.620782,1.2048734711065148e-29,1.0855909974669698e-26,0.8656716417910447,0.13780972774548791
15,RNASE6,11.303594,4.7117195,1.2595571009567882e-29,1.1014826847867113e-26,0.8656716417910447,0.0835117773019272
15,CYB561A3,11.271363,4.3326755,1.81733700071046e-29,1.543853744060689e-26,0.8656716417910447,0.15279902110737228
15,SCT,11.137226,10.166689,8.265405102831824e-29,6.826535831180517e-26,0.7910447761194029,0.002294279596206791
15,CD68,11.116329,4.1396246,1.044830457691053e-28,8.396201080683264e-26,0.9104477611940298,0.14117467115325788
15,MZB1,11.068321,5.5554357,1.7871636899635377e-28,1.3983615261496281e-25,0.8208955223880597,0.0446619761394922
15,LAMP5,11.042627,7.4825497,2.3797096445971797e-28,1.8142540221232806e-25,0.7910447761194029,0.013612725604160294
15,SMPD3,11.039988,7.5232444,2.450680317814126e-28,1.8216519472391853e-25,0.7910447761194029,0.012236157846436219
15,IGKC,10.939883,5.5610523,7.429569528206305e-28,5.3878875800526355e-25,0.8059701492537313,0.033190578158458245
15,CNPY3,10.89297,2.930335,1.2451185813763578e-27,8.814550185729344e-25,0.9402985074626866,0.38436830835117775
15,MAP1A,10.842161,5.7665453,2.1727582248219393e-27,1.5023865185728074e-24,0.7910447761194029,0.0446619761394922
15,ERP29,10.692665,2.2550578,1.1015897042314219e-26,7.443992426343834e-24,0.9701492537313433,0.6055368614255124
15,BCL11A,10.592239,5.6589417,3.2375331177280885e-26,2.139146048653539e-23,0.7761194029850746,0.05460385438972163
15,RNASET2,10.585478,2.6334343,3.480016873233816e-26,2.2493769933013273e-23,0.9552238805970149,0.4617620067298868
15,TPM2,10.511454,4.0877266,7.650489971604381e-26,4.8398301771428315e-23,0.8507462686567164,0.11471397981033955
15,GAPT,10.475166,5.324447,1.1233970307437557e-25,6.858609706364339e-23,0.7761194029850746,0.04068522483940043
15,CTSB,10.474587,2.8345382,1.1302992486861488e-25,6.858609706364339e-23,0.9552238805970149,0.40731110431324563
15,RPS23,10.407776,0.99861264,2.284980004803713e-25,1.358786209656576e-22,1.0,0.9964821046191495
16,KRT18,24.713438,5.7168174,7.669287202707006e-135,2.280309163980874e-130,0.9873949579831933,0.15611748076016962
16,KRT15,23.869484,6.0747585,6.356458802319483e-126,9.449829478468258e-122,0.9495798319327731,0.10004711795193968
16,CLDN4,23.844797,5.59853,1.1466682824580534e-125,1.1364629347441767e-121,0.9705882352941176,0.14700801005182976
16,GNB2L1,23.649696,1.5478494,1.1888510206160506e-123,8.837026848994258e-120,1.0,0.9811528192241243
16,RPL12,23.637318,1.4414691,1.593865563317868e-123,9.478080958826034e-120,1.0,0.995602324485629
16,KRT7,23.614605,5.1214366,2.7284404476302543e-123,1.3520786638231725e-119,0.9705882352941176,0.1634992932307209
16,CXCL2,23.584639,6.408726,5.541070965674289e-123,2.3536094717484805e-119,0.9369747899159664,0.08622585204963092
16,RPLP0,23.502514,1.9217204,3.844393177803977e-122,1.4288167794455705e-118,1.0,0.9883775718548767
16,RPS5,23.056187,1.66051,1.275029424768901e-117,4.212272209628193e-114,1.0,0.974399246112769
16,RPS18,22.964228,1.5439653,1.062216526711745e-116,3.1582883988720315e-113,1.0,0.9973299827234177
16,RPL29,22.76248,1.3768727,1.0796395309037595e-114,2.918265652032862e-111,1.0,0.9926181875294487
16,TACSTD2,22.696903,5.3023977,4.806769085116964e-114,1.1909972100648558e-110,0.9243697478991597,0.12172137584419664
16,KRT8,22.668219,4.9512424,9.225199581684108e-114,2.109945070478566e-110,0.9369747899159664,0.16035809643474164
16,RPL8,22.437265,1.2607783,1.70405444043468e-111,3.61904647696031e-108,1.0,0.9934034867284436
16,CLU,22.36499,4.8513637,8.630304783874243e-111,1.6037803258683302e-107,0.9369747899159664,0.1751217213758442
16,CD24,22.340044,4.4984355,1.5089443397962227e-110,2.6391436503035937e-107,0.9747899159663865,0.20307837286005967
16,CRYAB,22.164574,4.5691643,7.548013058348198e-109,1.2468059570214832e-105,0.9369747899159664,0.1488927281294173
16,CCL28,22.14129,6.0750027,1.2656111363515295e-108,1.9805482061652646e-105,0.8697478991596639,0.031097848280194754
16,RPS9,22.021997,1.2285131,1.772786399394662e-107,2.635512900660074e-104,1.0,0.9893199308936705
16,RPL3,21.935284,1.4611038,1.1969065540128284e-106,1.6946486938315918e-103,1.0,0.9904193497722632
16,MFGE8,21.902512,4.2272706,2.4584411385315792e-106,3.322583198725429e-103,0.9285714285714286,0.1810899952882048
16,AZGP1,21.750622,4.915849,6.8150908804904295e-105,8.810134658679215e-102,0.8991596638655462,0.09062352756400188
16,EEF2,21.731302,1.8608922,1.038178095508159e-104,1.2850644685636985e-101,0.9915966386554622,0.858646144180933
16,SFRP1,21.729465,4.9123187,1.0805035386302244e-104,1.2850644685636985e-101,0.8865546218487395,0.0948641432385739
16,RPL10A,21.703447,1.3845203,1.903445634818292e-104,2.176736502309703e-101,1.0,0.9649756557248311
16,TM4SF1,21.659632,4.839915,4.931608364995719e-104,5.2368396970149184e-101,0.9201680672268907,0.16899638762368463
16,PDZK1IP1,21.621235,6.3385277,1.1340258682667253e-103,1.162689349695674e-100,0.8403361344537815,0.0369090623527564
16,NDRG2,21.588915,4.2186756,2.2831433768927863e-103,2.2628234008384407e-100,0.8991596638655462,0.15219098476519555
16,RPS24,21.542658,1.1300184,6.204313051746339e-103,5.950736773147545e-100,1.0,0.9945029056070362
16,CLDN3,21.499863,4.5030446,1.561462014338467e-102,1.4508421897601763e-99,0.9201680672268907,0.12721847023716035
16,RPS6,21.317556,1.2631527,7.802852288039606e-101,7.030369911523685e-98,1.0,0.9929323072090467
16,IMPDH2,21.044813,3.2975495,2.5512335657307666e-98,2.1673093602820824e-95,0.9243697478991597,0.3128632008795351
16,S100A1,21.038286,7.3066688,2.927685932272584e-98,2.418024606229465e-95,0.8109243697478992,0.015548924140097377
16,LTF,21.020733,6.468468,4.2384304864997315e-98,3.371226247982372e-95,0.8277310924369747,0.06046803832260091
16,SPTSSA,21.019953,4.1323595,4.308566152871562e-98,3.371226247982372e-95,0.8823529411764706,0.17276582377885974
16,RPS8,20.999542,1.1457046,6.621933567024053e-98,5.0484602755981065e-95,1.0,0.9976441024030156
16,RPL7A,20.977869,1.0323606,1.0447109849287055e-97,7.7655979287213e-95,1.0,0.9948170252866342
16,NACA,20.8955,1.2345328,5.883636016564592e-97,4.165194040012262e-94,1.0,0.9761269043505576
16,RPL36,20.793259,1.3660626,4.981053416156311e-96,3.365946845967627e-93,1.0,0.9671744934820167
16,PLPP2,20.62326,4.2284317,1.6972861072710353e-94,1.1214535072775488e-91,0.8613445378151261,0.09627768179676456
16,ELF3,20.467802,4.2730784,4.1700755265741564e-93,2.695409905035422e-90,0.8697478991596639,0.09973299827234176
16,CLDN7,20.455355,5.450222,5.382885907552612e-93,3.405305248707698e-90,0.8151260504201681,0.035809643474163655
16,RPS2,20.386507,1.3036317,2.2032517094961584e-92,1.3647767308010266e-89,0.9957983193277311,0.970158630438197
16,RPS4X,20.350552,1.114631,4.590839802436498e-92,2.7857028539968247e-89,1.0,0.9967017433642218
16,SOD2,20.336563,4.066218,6.1062153370295354e-92,3.631122012317984e-89,0.8949579831932774,0.27501177948798494
16,SLPI,20.27393,6.5673885,2.1849057599045804e-91,1.2738000580243704e-88,0.7899159663865546,0.029213130202607192
16,CRACR2B,19.74025,4.1582675,9.729449955641595e-87,5.458221425114935e-84,0.8277310924369747,0.0931364850007853
16,PPP1R1B,19.652256,6.73349,5.529952092961553e-86,3.044853066296775e-83,0.7605042016806722,0.01523480446049945
16,RPL18,19.556194,1.0417435,3.65349297069321e-85,1.9750782999567492e-82,1.0,0.9919899481702529
16,RPL14,19.549944,1.1047131,4.129671323454165e-85,2.1926342403618337e-82,1.0,0.9883775718548767
17,MYLK,17.702505,8.664733,4.010581782697734e-70,1.192466281449517e-65,0.9908256880733946,0.04772167487684729
17,KRT17,17.564634,9.700499,4.5964301587152254e-69,5.78216929524161e-65,0.981651376146789,0.04556650246305419
17,MYL9,17.540323,6.8736973,7.05260897478177e-69,5.78216929524161e-65,1.0,0.1206896551724138
17,TPM2,17.533712,7.022308,7.922368666879517e-69,5.78216929524161e-65,0.9908256880733946,0.10760467980295567
17,TAGLN,17.522062,8.194304,9.723487867422747e-69,5.78216929524161e-65,0.9908256880733946,0.13377463054187191
17,KRT14,17.389359,9.27221,9.934045413087554e-68,4.922816204455537e-64,0.9724770642201835,0.04849137931034483
17,TPM1,17.343393,5.9095087,2.2128158919972925e-67,9.3990935595365e-64,0.9908256880733946,0.2102832512315271
17,CSRP1,17.088646,5.095932,1.8031448269872287e-65,6.701613142601408e-62,0.981651376146789,0.3163485221674877
17,MT2A,16.872849,5.203978,7.127533924511981e-64,2.3546996241946083e-60,1.0,0.5945197044334976
17,DST,16.782108,6.3868947,3.2991718985145853e-63,9.809427805853417e-60,0.9541284403669725,0.09929187192118226
17,FBXO32,16.685112,5.591055,1.6819192091844351e-62,4.546227622425528e-59,0.963302752293578,0.12592364532019704
17,ACTA2,16.452625,6.4500666,8.031089408706595e-61,1.9899031782422766e-57,0.9541284403669725,0.2643165024630542
17,ACTN1,16.446953,4.4552326,8.81963171229027e-61,2.0171854592425123e-57,0.9724770642201835,0.23460591133004927
17,CRYAB,16.431402,5.3023853,1.1399212306653907e-60,2.4209484250981474e-57,0.9724770642201835,0.16394704433497537
17,KRT5,16.248554,5.957802,2.286971988319714e-59,4.533235875247337e-56,0.9357798165137615,0.08020320197044335
17,MT1E,15.986487,5.0195093,1.587337021633161e-57,2.9497682290136735e-54,0.9541284403669725,0.1876539408866995
17,PERP,15.838435,4.220454,1.6897395806140106e-56,2.9553545264939046e-53,0.9908256880733946,0.20720443349753695
17,PDLIM4,15.765194,5.609086,5.400606829784094e-56,8.920902381665027e-53,0.908256880733945,0.08651477832512315
17,ACTG2,15.577812,7.9048047,1.0302092551919235e-54,1.6121690412958664e-51,0.8807339449541285,0.0332512315270936
17,MT1X,15.473042,4.4438224,5.275471768216212e-54,7.842780104218633e-51,0.963302752293578,0.2846366995073892
17,SFN,15.450021,7.5333805,7.541947492823431e-54,1.0678320228767575e-50,0.8715596330275229,0.03355911330049261
17,KRT8,15.351606,4.2992806,3.4552399677250075e-53,4.6697568163803475e-50,0.981651376146789,0.1750307881773399
17,C2orf40,15.331878,7.8826447,4.6825163011942e-53,6.053272051452486e-50,0.8623853211009175,0.014932266009852218
17,BCAM,14.971321,5.0377946,1.1305291662034923e-50,1.4005843207803515e-47,0.8990825688073395,0.1102216748768473
17,CNN1,14.796703,6.839632,1.5384073046379323e-49,1.829658575551986e-46,0.8440366972477065,0.03248152709359606
17,ACTG1,14.755094,1.4828681,2.8529582336641446e-49,3.2625771985206158e-46,1.0,0.9861453201970444
17,PTRF,14.722348,4.3667517,4.632919167403996e-49,5.101873540904556e-46,0.908256880733945,0.13993226600985223
17,FHL2,14.678991,4.8576365,8.788870118253826e-49,9.332838400930036e-46,0.8715596330275229,0.08666871921182266
17,SPINT2,14.6453085,3.6571116,1.443452801813015e-48,1.4799373157347027e-45,0.944954128440367,0.25877463054187194
17,PALLD,14.610081,4.6689095,2.4223105765950384e-48,2.4007520124633427e-45,0.8807339449541285,0.12992610837438423
17,PDLIM1,14.600558,4.1114225,2.785547511776634e-48,2.671699489279182e-45,0.908256880733945,0.15748152709359606
17,EGR1,14.563735,4.2084546,4.777441934377484e-48,4.4389900323389286e-45,0.9724770642201835,0.31111453201970446
17,SCPEP1,14.540765,3.7106352,6.684125454733685e-48,6.022397034715051e-45,0.926605504587156,0.2227524630541872
17,TNS4,14.502296,7.6397266,1.1716419470351964e-47,1.0246008826822793e-44,0.8165137614678899,0.010929802955665025
17,NNMT,14.445517,4.851282,2.675434922606022e-47,2.2728201872527103e-44,0.8899082568807339,0.12022783251231527
17,CALD1,14.407832,4.028382,4.619819501281477e-47,3.8155859231000597e-44,0.9541284403669725,0.22444581280788178
17,DSTN,14.25821,3.0270207,3.985434314263323e-46,3.1183925912102992e-43,0.9541284403669725,0.3922413793103448
17,IER3,14.177119,4.0271254,1.2695269360392138e-45,9.678678048526652e-43,0.9174311926605505,0.2273706896551724
17,CLU,14.162633,3.850934,1.5603697034409837e-45,1.1598618098102692e-42,0.9357798165137615,0.19027093596059114
17,TACSTD2,14.116136,4.72211,3.02110422675827e-45,2.1908900481513083e-42,0.8715596330275229,0.13854679802955666
17,DKK3,14.075641,5.545972,5.3617093123415705e-45,3.795707213901236e-42,0.8165137614678899,0.03925492610837438
17,CYR61,13.88337,4.5231442,7.989693039042943e-44,5.524594026275903e-41,0.9174311926605505,0.21105295566502463
17,TUBB2A,13.582378,4.0115504,5.094456432703017e-42,3.3660771803013066e-39,0.8440366972477065,0.17672413793103448
17,SGK1,13.551836,3.9386003,7.72723928456744e-42,4.994652296696602e-39,0.8807339449541285,0.16610221674876846
17,CXCL14,13.503769,5.615429,1.485764250171376e-41,9.399197542626708e-39,0.7981651376146789,0.05895935960591133
17,SFRP1,13.43729,3.9846838,3.6558135026757856e-41,2.2645479765637318e-38,0.8532110091743119,0.11114532019704433
17,TINAGL1,13.388412,5.215972,7.067558584828257e-41,4.288565702095889e-38,0.7889908256880734,0.07327586206896551
17,PPP1R14A,13.381575,5.9831376,7.748853001901237e-41,4.60793292611059e-38,0.7706422018348624,0.033866995073891626
17,SELM,13.254188,3.003007,4.2671104518702394e-40,2.4877253934403496e-37,0.9357798165137615,0.32019704433497537
17,TRIM29,13.224076,7.791088,6.371534925667693e-40,3.6431701527861064e-37,0.7431192660550459,0.011853448275862068
18,AZGP1,19.849916,7.809207,1.1038372620950486e-87,3.282039331387208e-83,1.0,0.10125212552171897
18,XBP1,19.778168,5.750806,4.590696689400701e-87,6.824759233297552e-83,1.0,0.3577059823774927
18,KRT18,19.374575,6.184723,1.265031273676208e-83,1.2537724953404897e-79,1.0,0.16895965373318905
18,SPINT2,19.32441,4.5813184,3.347944303031305e-83,2.4886106990507446e-79,1.0,0.2547534394805998
18,TFF3,19.183956,10.018008,5.039632026463342e-82,2.996867580856691e-78,0.9632352941176471,0.014067089194620498
18,AREG,18.986908,6.537129,2.188427302958353e-80,1.0844751499810117e-76,0.9926470588235294,0.1694234039264183
18,MLPH,18.973753,7.8523526,2.811037179681006e-80,1.194008120906505e-76,0.9558823529411765,0.017313340547225227
18,AGR2,18.912159,9.822182,9.057060436172789e-80,3.366169724359069e-76,0.9485294117647058,0.008038336682640285
18,MGP,18.894938,6.4028354,1.255349644267517e-79,4.147256774778454e-76,1.0,0.5153810480754367
18,KRT8,18.66606,5.4605446,9.350249527080367e-78,2.7801096918868056e-74,0.9926470588235294,0.17143298809707838
18,CLDN4,18.552347,5.8864007,7.80675016802013e-77,2.1101645704158412e-73,0.9852941176470589,0.15968464986860412
18,TACSTD2,18.308178,5.113329,7.121293067304754e-75,1.6791134680680076e-71,0.9926470588235294,0.13294172205905086
18,ANKRD30A,18.30652,9.32788,7.341497691078633e-75,1.6791134680680076e-71,0.9191176470588235,0.005719585716494048
18,SLC39A6,18.282618,5.4216857,1.1382796424049534e-74,2.4174620434018915e-71,0.9485294117647058,0.12954088730870306
18,ELF3,18.007437,5.450103,1.7033523668105233e-72,3.3763850614918194e-69,0.9485294117647058,0.11021796259081774
18,AGR3,17.884523,9.679437,1.5567941699004175e-71,2.8930100658530697e-68,0.8970588235294118,0.003555418148090895
18,CLDN7,17.852625,6.043309,2.7576635003134198e-71,4.8231534620481714e-68,0.9191176470588235,0.04591126912969547
18,BCAM,17.677023,4.8011107,6.30372101720117e-70,1.04126965002468e-66,0.9632352941176471,0.10558046065852528
18,EFHD1,17.59989,4.74564,2.4680206168962575e-69,3.6690828501088215e-66,0.9485294117647058,0.10542587726078219
18,IER3,17.581806,5.1983223,3.3958935638264305e-69,4.80810015872625e-66,0.9485294117647058,0.2238367599319833
18,TM4SF1,17.537525,5.5531816,7.408500260415953e-69,1.001258810195216e-65,0.9485294117647058,0.18024424176843407
18,PVRL2,17.496674,4.3413363,1.5188220240988897e-68,1.963440662718795e-65,0.9411764705882353,0.16200340083475034
18,GSTM3,17.370125,4.850718,1.389216963212829e-67,1.7210661653002933e-64,0.9191176470588235,0.12706755294481373
18,STC2,17.355381,8.162495,1.796067667969953e-67,2.1360991988700244e-64,0.875,0.013912505796877415
18,ATF3,17.311508,4.845748,3.851889347103987e-67,4.404931767593956e-64,0.9485294117647058,0.23063842943267893
18,ZG16B,17.24619,6.2421594,1.1952740084736635e-66,1.316262299775831e-63,0.8823529411764706,0.022878342865976193
18,EMP2,17.193138,4.31861,2.9890306246428086e-66,3.174030270089451e-63,0.9411764705882353,0.12784046993352913
18,MAGED2,17.042303,3.7158883,3.9872068751532885e-65,4.087986966170094e-62,0.9852941176470589,0.3317359715566548
18,KIAA1324,16.987911,5.0081697,1.0091923440518655e-64,1.000210532189804e-61,0.8970588235294118,0.07775544906477044
18,H2AFJ,16.945517,3.7008283,2.0770245342201622e-64,1.9921345314828412e-61,0.9558823529411765,0.2666563611068171
18,TSPAN13,16.848026,4.2818294,1.0847550494081443e-63,1.0079069338766361e-60,0.9264705882352942,0.12876797031998763
18,SPDEF,16.79318,6.1549745,2.7377205623222424e-63,2.4666862266523404e-60,0.8602941176470589,0.044210851754521566
18,WFDC2,16.749672,6.279302,5.693914315829593e-63,4.979328069192979e-60,0.8602941176470589,0.03385376410573505
18,MAFF,16.715752,4.7655773,1.0064295004887066e-62,8.54976238229449e-60,0.9117647058823529,0.19554799814499924
18,ADIRF,16.667858,4.4233246,2.244947250906341e-62,1.8541393503110622e-59,0.9117647058823529,0.0754366980986242
18,BTG2,16.663769,4.0147514,2.4038735106687153e-62,1.931739759262511e-59,0.9632352941176471,0.37177307157211315
18,KLF6,16.647501,3.493646,3.1550171085795986e-62,2.4686348339315055e-59,0.9558823529411765,0.6823311176379657
18,EPCAM,16.537766,4.039911,1.9616578473782783e-61,1.4955377634897012e-58,0.9485294117647058,0.13124130468387696
18,TFF1,16.53304,9.683267,2.1216946595244027e-61,1.5771086827909767e-58,0.8308823529411765,0.00896583706909878
18,PERP,16.428892,3.7142615,1.1880951882580779e-60,8.61600834938474e-58,1.0,0.2037409182253826
18,IL6ST,16.15646,3.4727702,1.0226849141458309e-58,7.239878702928093e-56,0.9632352941176471,0.2343484309785129
18,S100A14,16.142647,4.819193,1.279364960641956e-58,8.846362412736577e-56,0.8602941176470589,0.06801669500695626
18,LMNA,16.056107,3.6589792,5.180648081409232e-58,3.5008229410122886e-55,0.9779411764705882,0.3999072499613541
18,CD9,16.048359,3.5874217,5.869518979837992e-58,3.8781868406116226e-55,0.9705882352941176,0.24393260163858402
18,CEBPD,15.945826,3.8682501,3.045900838718085e-57,1.968777600817496e-54,0.9264705882352942,0.2150255062606276
18,CRACR2B,15.898705,4.30431,6.468874019830591e-57,4.092319813438787e-54,0.8676470588235294,0.10388004328335136
18,SERPINA1,15.868941,5.6006465,1.039795572931147e-56,6.440883702075374e-54,0.8529411764705882,0.09275003864584944
18,KRT19,15.857968,5.0765595,1.2383628547764542e-56,7.51433525736088e-54,0.8823529411764706,0.1536558973566239
18,S100A16,15.741916,4.171309,7.804489562886401e-56,4.641017763466027e-53,0.8676470588235294,0.10697171123821302
18,EFNA1,15.618979,5.2777348,5.406440978117842e-55,3.151955090242702e-52,0.8308823529411765,0.10202504251043439
