,umap_1,umap_2,leiden,coarse_label_hint,marker_score_margin,capture_id
CID44971_ACGAGCCTCCGATATG,20.480644,23.68013,0,Endothelial,4.173164901300272,CID44971-sample-proxy
CID44971_ACGTCAATCCGAAGAG,20.467104,23.668404,0,Endothelial,4.173164901300272,CID44971-sample-proxy
CID44971_AGAGTGGCACACGCTG,21.375877,22.918238,0,Endothelial,4.173164901300272,CID44971-sample-proxy
CID44971_AGCCTAAAGTGTCTCA,20.863459,23.95017,0,Endothelial,4.173164901300272,CID44971-sample-proxy
CID44971_AGGGAGTTCAGTTCGA,21.073584,23.163256,0,Endothelial,4.173164901300272,CID44971-sample-proxy
CID44971_ATAGACCAGCCAACAG,20.676481,23.150396,0,Endothelial,4.173164901300272,CID44971-sample-proxy
CID44971_ATCTACTCACCGCTAG,20.83567,23.548203,0,Endothelial,4.173164901300272,CID44971-sample-proxy
CID44971_ATCTGCCGTGCTGTAT,20.492352,23.675451,0,Endothelial,4.173164901300272,CID44971-sample-proxy
CID44971_ATGAGGGTCGTTGACA,20.684044,23.287132,0,Endothelial,4.173164901300272,CID44971-sample-proxy
CID44971_ATTATCCTCAGAGCTT,20.85861,23.271717,0,Endothelial,4.173164901300272,CID44971-sample-proxy
CID44971_CAACCAATCTTGAGGT,21.174017,23.46487,0,Endothelial,4.173164901300272,CID44971-sample-proxy
CID44971_CAAGAAACATGCAACT,20.270292,23.367662,0,Endothelial,4.173164901300272,CID44971-sample-proxy
CID44971_CAAGTTGAGGTGCACA,21.139729,22.766903,0,Endothelial,4.173164901300272,CID44971-sample-proxy
CID44971_CACACAACATGGTCTA,21.09415,23.814245,0,Endothelial,4.173164901300272,CID44971-sample-proxy
CID44971_CAGATCATCGGCTACG,20.813915,23.451195,0,Endothelial,4.173164901300272,CID44971-sample-proxy
CID44971_CAGTCCTTCAAACGGG,20.987423,23.759554,0,Endothelial,4.173164901300272,CID44971-sample-proxy
CID44971_CATGACACACATGACT,20.449306,23.799696,0,Endothelial,4.173164901300272,CID44971-sample-proxy
CID44971_CATGGCGGTGACGCCT,20.992281,23.599022,0,Endothelial,4.173164901300272,CID44971-sample-proxy
CID44971_CCACTACTCTAAGCCA,20.991568,23.929642,0,Endothelial,4.173164901300272,CID44971-sample-proxy
CID44971_CCTACCAGTCACTTCC,20.996197,22.898432,0,Endothelial,4.173164901300272,CID44971-sample-proxy
CID44971_CGATGTAGTGGTTTCA,20.91006,23.752048,0,Endothelial,4.173164901300272,CID44971-sample-proxy
CID44971_CGGAGCTGTAGGCTGA,20.942148,23.795364,0,Endothelial,4.173164901300272,CID44971-sample-proxy
CID44971_CGTGTCTGTCTGGTCG,21.230259,22.506643,0,Endothelial,4.173164901300272,CID44971-sample-proxy
CID44971_CTAAGACAGACCTTTG,20.579882,23.682175,0,Endothelial,4.173164901300272,CID44971-sample-proxy
CID44971_CTGCGGAAGCGTCTAT,20.780994,23.546526,0,Endothelial,4.173164901300272,CID44971-sample-proxy
CID44971_CTTACCGAGCGATATA,21.192398,23.245699,0,Endothelial,4.173164901300272,CID44971-sample-proxy
CID44971_CTTCTCTTCAACTCTT,20.791588,23.213072,0,Endothelial,4.173164901300272,CID44971-sample-proxy
CID44971_GACCAATAGCTAGTGG,21.03394,23.834549,0,Endothelial,4.173164901300272,CID44971-sample-proxy
CID44971_GACTACAAGCTAGGCA,21.030766,24.022953,0,Endothelial,4.173164901300272,CID44971-sample-proxy
CID44971_GAGCAGAAGGAGTTTA,20.779917,23.589314,0,Endothelial,4.173164901300272,CID44971-sample-proxy
CID44971_GCATACATCCTTCAAT,21.065052,23.49176,0,Endothelial,4.173164901300272,CID44971-sample-proxy
CID44971_GGAGCAAAGGGATCTG,21.151918,23.862103,0,Endothelial,4.173164901300272,CID44971-sample-proxy
CID44971_GGAGCAACAGGTCTCG,20.816032,23.905981,0,Endothelial,4.173164901300272,CID44971-sample-proxy
CID44971_GGGACCTAGTGTGAAT,20.783216,23.864576,0,Endothelial,4.173164901300272,CID44971-sample-proxy
CID44971_GGGACCTCACATTCGA,20.910116,23.506876,0,Endothelial,4.173164901300272,CID44971-sample-proxy
CID44971_GGGCACTCACGAGGTA,20.709116,22.215704,0,Endothelial,4.173164901300272,CID44971-sample-proxy
CID44971_GGGTCTGAGAAACGAG,20.909103,24.03481,0,Endothelial,4.173164901300272,CID44971-sample-proxy
CID44971_GTATCTTTCAGTTGAC,20.298565,23.364836,0,Endothelial,4.173164901300272,CID44971-sample-proxy
CID44971_GTATTCTGTCACACGC,20.79725,23.689857,0,Endothelial,4.173164901300272,CID44971-sample-proxy
CID44971_GTATTCTTCCGCGGTA,21.075909,24.030638,0,Endothelial,4.173164901300272,CID44971-sample-proxy
CID44971_GTCGGGTAGTGAACAT,20.674688,22.837168,0,Endothelial,4.173164901300272,CID44971-sample-proxy
CID44971_GTCGTAAAGATGTAAC,20.98456,23.85994,0,Endothelial,4.173164901300272,CID44971-sample-proxy
CID44971_GTGGGTCGTCATCGGC,20.777325,23.688671,0,Endothelial,4.173164901300272,CID44971-sample-proxy
CID44971_TAAGTGCCAAGTTAAG,20.91386,23.701584,0,Endothelial,4.173164901300272,CID44971-sample-proxy
CID44971_TACTCGCCACGTAAGG,20.33041,23.373041,0,Endothelial,4.173164901300272,CID44971-sample-proxy
CID44971_TAGAGCTAGTATCGAA,20.4788,23.76747,0,Endothelial,4.173164901300272,CID44971-sample-proxy
CID44971_TAGAGCTCACCGGAAA,21.061022,22.708923,0,Endothelial,4.173164901300272,CID44971-sample-proxy
CID44971_TATCTCACATCTGGTA,20.96155,23.573742,0,Endothelial,4.173164901300272,CID44971-sample-proxy
CID44971_TATGCCCGTATCGCAT,21.007576,23.225094,0,Endothelial,4.173164901300272,CID44971-sample-proxy
CID44971_TCACAAGTCTCAAGTG,21.017517,23.553171,0,Endothelial,4.173164901300272,CID44971-sample-proxy
CID44971_TCAGCAAAGGCATGGT,20.938946,23.97434,0,Endothelial,4.173164901300272,CID44971-sample-proxy
CID44971_TCAGGTAGTCTAAAGA,21.149319,23.201845,0,Endothelial,4.173164901300272,CID44971-sample-proxy
CID44971_TCGTAGAGTGTGGCTC,21.072779,23.900732,0,Endothelial,4.173164901300272,CID44971-sample-proxy
CID44971_TCTATTGGTTTGTTGG,20.873589,23.450237,0,Endothelial,4.173164901300272,CID44971-sample-proxy
CID44971_TGCCCATAGTATGACA,20.677282,23.825056,0,Endothelial,4.173164901300272,CID44971-sample-proxy
CID44971_TGCCCATGTAGCTTGT,21.122414,23.268179,0,Endothelial,4.173164901300272,CID44971-sample-proxy
CID44971_TGCCCTATCCGCAGTG,20.925182,23.752369,0,Endothelial,4.173164901300272,CID44971-sample-proxy
CID44971_TGCGGGTGTAGCTCCG,21.05571,23.906836,0,Endothelial,4.173164901300272,CID44971-sample-proxy
CID44971_TGGCTGGAGGAGTTTA,20.469654,23.532999,0,Endothelial,4.173164901300272,CID44971-sample-proxy
CID44971_TGTGTTTGTAGGACAC,21.311857,22.903694,0,Endothelial,4.173164901300272,CID44971-sample-proxy
CID44971_TTAGGCACAAGTCATC,20.823124,23.232285,0,Endothelial,4.173164901300272,CID44971-sample-proxy
CID44971_TTCTCAATCGGCGGTT,20.613361,23.24979,0,Endothelial,4.173164901300272,CID44971-sample-proxy
CID44971_TTGACTTCATGGTTGT,20.34686,23.553133,0,Endothelial,4.173164901300272,CID44971-sample-proxy
CID44971_TTTACTGTCTTTCCTC,20.61277,23.94102,0,Endothelial,4.173164901300272,CID44971-sample-proxy
CID44971_TTTCCTCAGATCGATA,20.76695,23.80544,0,Endothelial,4.173164901300272,CID44971-sample-proxy
CID44971_CCAATCCCAGGCTGAA,21.385035,22.693596,0,Endothelial,4.173164901300272,CID44971-sample-proxy
CID44971_CGGCTAGCAATGGATA,21.230135,22.865202,0,Endothelial,4.173164901300272,CID44971-sample-proxy
CID44971_CTGTGCTCATCCTAGA,21.285097,22.609146,0,Endothelial,4.173164901300272,CID44971-sample-proxy
CID44971_GCATGCGTCGTTGACA,21.26239,23.00643,0,Endothelial,4.173164901300272,CID44971-sample-proxy
CID44971_TCACGAAGTGACGGTA,21.5179,22.652925,0,Endothelial,4.173164901300272,CID44971-sample-proxy
CID44971_TGTATTCAGTGGGCTA,21.3948,22.671595,0,Endothelial,4.173164901300272,CID44971-sample-proxy
CID44971_CACACTCAGATGTGGC,21.671547,22.55398,0,Endothelial,4.173164901300272,CID44971-sample-proxy
CID44971_GGTGAAGGTATTCGTG,21.437172,22.471832,0,Endothelial,4.173164901300272,CID44971-sample-proxy
CID44971_TGCCCTATCTCGCATC,20.879503,21.702219,0,Endothelial,4.173164901300272,CID44971-sample-proxy
CID44971_AAGCCGCAGTACGACG,20.69933,22.05354,0,Endothelial,4.173164901300272,CID44971-sample-proxy
CID44971_CACCTTGGTATCAGTC,21.55889,22.586603,0,Endothelial,4.173164901300272,CID44971-sample-proxy
CID44971_CTACCCAGTACCAGTT,21.383049,22.592936,0,Endothelial,4.173164901300272,CID44971-sample-proxy
CID44971_TGTGTTTCAAACAACA,20.899494,22.04859,0,Endothelial,4.173164901300272,CID44971-sample-proxy
CID44971_AAGACCTTCGTAGGAG,20.646984,21.907259,0,Endothelial,4.173164901300272,CID44971-sample-proxy
CID44971_ACTGATGGTTAAAGTG,20.730452,21.52863,0,Endothelial,4.173164901300272,CID44971-sample-proxy
CID44971_CGTCCATAGTAGCCGA,20.735146,21.671345,0,Endothelial,4.173164901300272,CID44971-sample-proxy
CID44971_TTATGCTAGTCATGCT,21.0749,22.107807,0,Endothelial,4.173164901300272,CID44971-sample-proxy
CID44971_ACCCACTAGAGTACAT,21.593094,22.456034,0,Endothelial,4.173164901300272,CID44971-sample-proxy
CID44971_ACGGGCTAGTCTCGGC,21.556545,22.508709,0,Endothelial,4.173164901300272,CID44971-sample-proxy
CID44971_CGTTGGGTCCCATTAT,21.634907,22.48458,0,Endothelial,4.173164901300272,CID44971-sample-proxy
CID44971_CTGAAGTCAGGCGATA,21.695314,22.513134,0,Endothelial,4.173164901300272,CID44971-sample-proxy
CID44971_GCGGGTTGTAGCGTCC,21.70426,22.558233,0,Endothelial,4.173164901300272,CID44971-sample-proxy
CID44971_AATCCAGAGAATTGTG,21.315447,22.094257,0,Endothelial,4.173164901300272,CID44971-sample-proxy
CID44971_ACGGGCTAGGCTATCT,21.51655,22.519314,0,Endothelial,4.173164901300272,CID44971-sample-proxy
CID44971_ACGGGCTAGTGGTAAT,20.986841,21.824516,0,Endothelial,4.173164901300272,CID44971-sample-proxy
CID44971_AGTGAGGAGTCCAGGA,20.366037,21.655334,0,Endothelial,4.173164901300272,CID44971-sample-proxy
CID44971_ATCTGCCGTACCGTAT,20.43825,21.43933,0,Endothelial,4.173164901300272,CID44971-sample-proxy
CID44971_ATGGGAGCACAAGCCC,20.817959,21.312757,0,Endothelial,4.173164901300272,CID44971-sample-proxy
CID44971_ATTGGTGTCTCGTATT,20.587416,21.405209,0,Endothelial,4.173164901300272,CID44971-sample-proxy
CID44971_CAAGAAAAGCACCGCT,20.461962,21.554083,0,Endothelial,4.173164901300272,CID44971-sample-proxy
CID44971_CATATGGCATGCCTAA,20.349487,21.413364,0,Endothelial,4.173164901300272,CID44971-sample-proxy
CID44971_CATATGGGTAGATTAG,21.074903,22.248241,0,Endothelial,4.173164901300272,CID44971-sample-proxy
CID44971_CCACCTACATCCCATC,20.511082,21.44666,0,Endothelial,4.173164901300272,CID44971-sample-proxy
CID44971_CGATTGAGTCATATGC,20.515598,22.495779,0,Endothelial,4.173164901300272,CID44971-sample-proxy
CID44971_CTACACCTCACATACG,21.647797,22.444607,0,Endothelial,4.173164901300272,CID44971-sample-proxy
CID44971_CTCGGAGTCCGTTGCT,20.451874,21.362595,0,Endothelial,4.173164901300272,CID44971-sample-proxy
CID44971_CTCGGGAAGGCATTGG,20.538218,21.723808,0,Endothelial,4.173164901300272,CID44971-sample-proxy
CID44971_CTCTAATAGAATTGTG,20.413164,22.375292,0,Endothelial,4.173164901300272,CID44971-sample-proxy
CID44971_CTCTAATCAGCGTTCG,20.994177,21.646275,0,Endothelial,4.173164901300272,CID44971-sample-proxy
CID44971_CTCTACGCACCGAAAG,21.384954,22.247898,0,Endothelial,4.173164901300272,CID44971-sample-proxy
CID44971_GACACGCAGGGCTCTC,21.392866,22.286879,0,Endothelial,4.173164901300272,CID44971-sample-proxy
CID44971_GATCAGTGTGTAACGG,21.585632,22.38694,0,Endothelial,4.173164901300272,CID44971-sample-proxy
CID44971_GCGCCAAAGGAATGGA,20.485153,21.700182,0,Endothelial,4.173164901300272,CID44971-sample-proxy
CID44971_GGACAAGCATGGTTGT,21.338789,22.01925,0,Endothelial,4.173164901300272,CID44971-sample-proxy
CID44971_GGGAATGCAGCTTAAC,20.417204,21.65699,0,Endothelial,4.173164901300272,CID44971-sample-proxy
CID44971_GGTGCGTAGCGCTTAT,21.579124,22.367914,0,Endothelial,4.173164901300272,CID44971-sample-proxy
CID44971_GGTGCGTCAAACTGTC,20.702139,21.365915,0,Endothelial,4.173164901300272,CID44971-sample-proxy
CID44971_GTGGGTCCATGCCTAA,21.656313,22.311222,0,Endothelial,4.173164901300272,CID44971-sample-proxy
CID44971_TACTTGTAGACCACGA,20.667185,21.571493,0,Endothelial,4.173164901300272,CID44971-sample-proxy
CID44971_TAGTGGTAGCTCCCAG,21.29277,22.43269,0,Endothelial,4.173164901300272,CID44971-sample-proxy
CID44971_TCGGGACGTACATGTC,20.354855,21.77439,0,Endothelial,4.173164901300272,CID44971-sample-proxy
CID44971_TCTCTAACAGATCCAT,20.582386,21.292679,0,Endothelial,4.173164901300272,CID44971-sample-proxy
CID44971_TGACTAGGTGCGCTTG,20.353037,21.532963,0,Endothelial,4.173164901300272,CID44971-sample-proxy
CID44971_TGCACCTAGAAGGACA,21.70838,22.383778,0,Endothelial,4.173164901300272,CID44971-sample-proxy
CID44971_TGCCAAACAAGTAGTA,20.679995,21.693739,0,Endothelial,4.173164901300272,CID44971-sample-proxy
CID44971_TGCGCAGCAACACCTA,20.777859,21.377058,0,Endothelial,4.173164901300272,CID44971-sample-proxy
CID44971_TTTCCTCGTGCTTCTC,20.592836,21.375809,0,Endothelial,4.173164901300272,CID44971-sample-proxy
CID44971_CAAGAAAAGCTAGGCA,20.744425,21.858324,0,Endothelial,4.173164901300272,CID44971-sample-proxy
CID44971_CACATTTGTCTGATCA,20.785751,21.346872,0,Endothelial,4.173164901300272,CID44971-sample-proxy
CID44971_CCTACCATCAAACAAG,20.944696,21.857405,0,Endothelial,4.173164901300272,CID44971-sample-proxy
CID44971_CGCGTTTCATGACGGA,21.57094,22.435564,0,Endothelial,4.173164901300272,CID44971-sample-proxy
CID44971_CTGCTGTGTTGTGGCC,21.267042,22.267239,0,Endothelial,4.173164901300272,CID44971-sample-proxy
CID44971_GAGTCCGTCTACCTGC,20.794416,21.65316,0,Endothelial,4.173164901300272,CID44971-sample-proxy
CID44971_GCACATATCCGCGCAA,20.58361,21.372076,0,Endothelial,4.173164901300272,CID44971-sample-proxy
CID44971_GCTTCCATCTTGTTTG,21.285772,22.523232,0,Endothelial,4.173164901300272,CID44971-sample-proxy
CID44971_TCAATCTCAGGGCATA,20.82136,21.307283,0,Endothelial,4.173164901300272,CID44971-sample-proxy
CID44971_TCGCGTTGTGGTACAG,20.258726,21.405355,0,Endothelial,4.173164901300272,CID44971-sample-proxy
CID44971_TTCCCAGAGGAACTGC,21.734663,22.420023,0,Endothelial,4.173164901300272,CID44971-sample-proxy
CID44971_TTGTAGGTCATCATTC,20.861956,21.483044,0,Endothelial,4.173164901300272,CID44971-sample-proxy
CID44971_CACAAACAGAATCTCC,20.659716,21.901876,0,Endothelial,4.173164901300272,CID44971-sample-proxy
CID44971_GTTCTCGAGAAGATTC,21.012308,22.047283,0,Endothelial,4.173164901300272,CID44971-sample-proxy
CID44971_TACTTGTTCAAACGGG,20.486961,22.822353,0,Endothelial,4.173164901300272,CID44971-sample-proxy
CID44971_ACCGTAAAGCCCAGCT,20.73313,22.746681,0,Endothelial,4.173164901300272,CID44971-sample-proxy
CID44971_ACCGTAAGTTACGGAG,20.561918,22.273695,0,Endothelial,4.173164901300272,CID44971-sample-proxy
CID44971_ACTGCTCGTGTTTGGT,21.025259,21.596478,0,Endothelial,4.173164901300272,CID44971-sample-proxy
CID44971_ACTTACTTCAGAGCTT,21.123024,21.87129,0,Endothelial,4.173164901300272,CID44971-sample-proxy
CID44971_ACTTTCAGTGATGCCC,20.319633,21.59472,0,Endothelial,4.173164901300272,CID44971-sample-proxy
CID44971_AGGTCATTCGTACCGG,20.538488,22.609211,0,Endothelial,4.173164901300272,CID44971-sample-proxy
CID44971_CACAGTATCCGTCATC,20.609335,22.039333,0,Endothelial,4.173164901300272,CID44971-sample-proxy
CID44971_CACTCCAGTCTGGAGA,20.48402,22.205606,0,Endothelial,4.173164901300272,CID44971-sample-proxy
CID44971_CATCGGGAGGGCTCTC,20.396557,21.94586,0,Endothelial,4.173164901300272,CID44971-sample-proxy
CID44971_CATGACAAGAAACCAT,21.029541,21.67049,0,Endothelial,4.173164901300272,CID44971-sample-proxy
CID44971_CCTACCAGTCTAGTCA,20.762764,21.889502,0,Endothelial,4.173164901300272,CID44971-sample-proxy
CID44971_CCTTCCCGTTAAAGAC,20.828806,21.801712,0,Endothelial,4.173164901300272,CID44971-sample-proxy
CID44971_CTCGTCAAGGTGCACA,20.472466,21.810106,0,Endothelial,4.173164901300272,CID44971-sample-proxy
CID44971_GAACCTATCCCTCTTT,20.54183,21.93472,0,Endothelial,4.173164901300272,CID44971-sample-proxy
CID44971_GAATAAGCACTTCGAA,21.112293,21.784853,0,Endothelial,4.173164901300272,CID44971-sample-proxy
CID44971_GATCGATAGGCAAAGA,20.588793,22.209215,0,Endothelial,4.173164901300272,CID44971-sample-proxy
CID44971_GCGACCAGTTGCCTCT,21.372768,22.329515,0,Endothelial,4.173164901300272,CID44971-sample-proxy
CID44971_GCGCAACTCCAAGCCG,20.661293,21.917675,0,Endothelial,4.173164901300272,CID44971-sample-proxy
CID44971_GGACAGACACTTAAGC,20.415829,22.443335,0,Endothelial,4.173164901300272,CID44971-sample-proxy
CID44971_TGCCCTACACCGTTGG,21.022865,21.527159,0,Endothelial,4.173164901300272,CID44971-sample-proxy
CID44971_TTGGCAAAGTACACCT,20.357546,22.61555,0,Endothelial,4.173164901300272,CID44971-sample-proxy
CID44971_TTTATGCTCGCAAACT,20.779043,22.29365,0,Endothelial,4.173164901300272,CID44971-sample-proxy
CID44971_AAACGGGTCCCAACGG,-17.396835,6.145195,1,Fibroblast,2.5191646260653004,CID44971-sample-proxy
CID44971_AACTGGTCACGCCAGT,-15.484538,5.0142884,1,Fibroblast,2.5191646260653004,CID44971-sample-proxy
CID44971_AAGCCGCAGGGTTTCT,-17.67166,4.8620605,1,Fibroblast,2.5191646260653004,CID44971-sample-proxy
CID44971_AAGGTTCCAATGAAAC,-17.621803,5.6875477,1,Fibroblast,2.5191646260653004,CID44971-sample-proxy
CID44971_AAGTCTGAGCCAGAAC,-17.473347,5.380688,1,Fibroblast,2.5191646260653004,CID44971-sample-proxy
CID44971_ACACCAATCAGCTCGG,-17.396774,5.7908406,1,Fibroblast,2.5191646260653004,CID44971-sample-proxy
CID44971_ACATCAGCACTATCTT,-17.841454,4.623356,1,Fibroblast,2.5191646260653004,CID44971-sample-proxy
CID44971_ACCGTAAAGACTTTCG,-16.380226,4.1833577,1,Fibroblast,2.5191646260653004,CID44971-sample-proxy
CID44971_ACCTTTACAAAGCAAT,-17.562931,4.963372,1,Fibroblast,2.5191646260653004,CID44971-sample-proxy
CID44971_ACGAGGAAGTCGTTTG,-16.945345,5.812846,1,Fibroblast,2.5191646260653004,CID44971-sample-proxy
CID44971_ACGATACAGAACTGTA,-15.85,4.5848203,1,Fibroblast,2.5191646260653004,CID44971-sample-proxy
CID44971_ACGCCGAAGTGGGTTG,-17.162703,5.3135304,1,Fibroblast,2.5191646260653004,CID44971-sample-proxy
CID44971_ACTGAGTAGCAATATG,-17.041464,5.85891,1,Fibroblast,2.5191646260653004,CID44971-sample-proxy
CID44971_ACTGATGAGTCAAGCG,-16.34996,5.1100545,1,Fibroblast,2.5191646260653004,CID44971-sample-proxy
CID44971_ACTGTCCCATCTGGTA,-16.587748,5.67817,1,Fibroblast,2.5191646260653004,CID44971-sample-proxy
CID44971_ACTTACTAGCAAATCA,-16.44255,4.178586,1,Fibroblast,2.5191646260653004,CID44971-sample-proxy
CID44971_ACTTACTTCAACCATG,-17.409678,6.076913,1,Fibroblast,2.5191646260653004,CID44971-sample-proxy
CID44971_AGAGCGAGTTACGACT,-16.723873,5.2986097,1,Fibroblast,2.5191646260653004,CID44971-sample-proxy
CID44971_AGAGCTTTCGGTTAAC,-15.369274,4.16231,1,Fibroblast,2.5191646260653004,CID44971-sample-proxy
CID44971_AGATCTGTCCCTAACC,-17.378643,5.3070173,1,Fibroblast,2.5191646260653004,CID44971-sample-proxy
CID44971_AGCGTATAGCTTATCG,-17.04465,4.7827835,1,Fibroblast,2.5191646260653004,CID44971-sample-proxy
CID44971_AGTCTTTCAGCCTATA,-17.77562,5.112843,1,Fibroblast,2.5191646260653004,CID44971-sample-proxy
CID44971_AGTGAGGAGAGGGCTT,-17.24061,6.0133543,1,Fibroblast,2.5191646260653004,CID44971-sample-proxy
CID44971_AGTGAGGGTCTCCCTA,-17.598078,5.807975,1,Fibroblast,2.5191646260653004,CID44971-sample-proxy
CID44971_AGTGTCAAGGATGGTC,-15.772331,3.9781842,1,Fibroblast,2.5191646260653004,CID44971-sample-proxy
CID44971_AGTGTCAGTAGGGACT,-16.818928,4.5096455,1,Fibroblast,2.5191646260653004,CID44971-sample-proxy
CID44971_ATCATCTCACGAAGCA,-17.295609,5.9807677,1,Fibroblast,2.5191646260653004,CID44971-sample-proxy
CID44971_ATTACTCCACCTCGTT,-17.419256,5.4682665,1,Fibroblast,2.5191646260653004,CID44971-sample-proxy
CID44971_ATTGGACAGTCAAGGC,-16.503397,4.4876223,1,Fibroblast,2.5191646260653004,CID44971-sample-proxy
CID44971_CAACCTCGTAACGACG,-16.362669,5.3745675,1,Fibroblast,2.5191646260653004,CID44971-sample-proxy
CID44971_CACCACTAGCGTCTAT,-17.821678,4.259322,1,Fibroblast,2.5191646260653004,CID44971-sample-proxy
CID44971_CACCACTGTTCACGGC,-17.357948,5.4984703,1,Fibroblast,2.5191646260653004,CID44971-sample-proxy
CID44971_CACCAGGCAAGGTTCT,-17.529842,4.9074974,1,Fibroblast,2.5191646260653004,CID44971-sample-proxy
CID44971_CAGATCAAGATATGCA,-17.683151,4.7342453,1,Fibroblast,2.5191646260653004,CID44971-sample-proxy
CID44971_CAGTCCTGTTCTGAAC,-17.641315,5.3205695,1,Fibroblast,2.5191646260653004,CID44971-sample-proxy
CID44971_CATCAGACATGTCGAT,-16.10478,5.3486567,1,Fibroblast,2.5191646260653004,CID44971-sample-proxy
CID44971_CATGGCGTCACATAGC,-17.734287,5.503611,1,Fibroblast,2.5191646260653004,CID44971-sample-proxy
CID44971_CCGTGGAAGAGCTATA,-17.721235,5.841851,1,Fibroblast,2.5191646260653004,CID44971-sample-proxy
CID44971_CCGTTCATCTTCATGT,-16.400465,5.1613226,1,Fibroblast,2.5191646260653004,CID44971-sample-proxy
CID44971_CCTACACGTCATATGC,-16.969093,4.9564047,1,Fibroblast,2.5191646260653004,CID44971-sample-proxy
CID44971_CCTCTGAGTCTTGTCC,-17.517014,5.8484483,1,Fibroblast,2.5191646260653004,CID44971-sample-proxy
CID44971_CCTTCGAAGACAATAC,-17.480568,5.415421,1,Fibroblast,2.5191646260653004,CID44971-sample-proxy
CID44971_CCTTCGATCTTTACGT,-17.311323,5.5846615,1,Fibroblast,2.5191646260653004,CID44971-sample-proxy
CID44971_CGAATGTTCAGTTCGA,-17.565367,6.2050424,1,Fibroblast,2.5191646260653004,CID44971-sample-proxy
CID44971_CGAATGTTCATGCAAC,-15.967111,4.9809103,1,Fibroblast,2.5191646260653004,CID44971-sample-proxy
CID44971_CGATGTAAGGACTGGT,-17.886406,5.7874155,1,Fibroblast,2.5191646260653004,CID44971-sample-proxy
CID44971_CGGACACTCGCAAGCC,-17.563622,5.6721683,1,Fibroblast,2.5191646260653004,CID44971-sample-proxy
CID44971_CGGACACTCGCTTGTC,-17.425909,6.0756025,1,Fibroblast,2.5191646260653004,CID44971-sample-proxy
CID44971_CGGAGCTCATGCCTTC,-15.861596,4.042405,1,Fibroblast,2.5191646260653004,CID44971-sample-proxy
CID44971_CGTAGGCAGAGTCTGG,-15.489991,3.9402478,1,Fibroblast,2.5191646260653004,CID44971-sample-proxy
CID44971_CGTAGGCGTTATCCGA,-17.35671,4.0943356,1,Fibroblast,2.5191646260653004,CID44971-sample-proxy
CID44971_CGTCACTCAAAGTGCG,-17.941877,5.595967,1,Fibroblast,2.5191646260653004,CID44971-sample-proxy
CID44971_CGTCTACCAAGAAAGG,-17.694872,5.7426443,1,Fibroblast,2.5191646260653004,CID44971-sample-proxy
CID44971_CGTGTCTAGGATTCGG,-16.636408,5.272096,1,Fibroblast,2.5191646260653004,CID44971-sample-proxy
CID44971_CTAACTTCAGCCTTTC,-17.053148,5.9537086,1,Fibroblast,2.5191646260653004,CID44971-sample-proxy
CID44971_CTAACTTGTGCACCAC,-17.61556,6.100219,1,Fibroblast,2.5191646260653004,CID44971-sample-proxy
CID44971_CTAGTGAGTGTGCCTG,-17.804317,5.7993126,1,Fibroblast,2.5191646260653004,CID44971-sample-proxy
CID44971_CTCGAAACAGCTTCGG,-15.91519,3.7248,1,Fibroblast,2.5191646260653004,CID44971-sample-proxy
CID44971_CTCGTACAGGGTATCG,-17.518652,5.784343,1,Fibroblast,2.5191646260653004,CID44971-sample-proxy
CID44971_CTGATCCAGTCTCCTC,-17.647003,6.073169,1,Fibroblast,2.5191646260653004,CID44971-sample-proxy
CID44971_CTGATCCTCGCCAGCA,-17.744223,5.8868747,1,Fibroblast,2.5191646260653004,CID44971-sample-proxy
CID44971_CTGGTCTCATGAAGTA,-17.808868,5.1453376,1,Fibroblast,2.5191646260653004,CID44971-sample-proxy
CID44971_CTGTTTAAGCCGATTT,-17.80536,6.2019095,1,Fibroblast,2.5191646260653004,CID44971-sample-proxy
CID44971_CTTAGGAAGAGCTGGT,-17.737946,5.414761,1,Fibroblast,2.5191646260653004,CID44971-sample-proxy
CID44971_GAAACTCAGTGGGATC,-17.12062,5.028615,1,Fibroblast,2.5191646260653004,CID44971-sample-proxy
CID44971_GAAACTCGTGATAAGT,-17.604002,6.095089,1,Fibroblast,2.5191646260653004,CID44971-sample-proxy
CID44971_GAACCTAGTATATGGA,-16.046314,3.9071631,1,Fibroblast,2.5191646260653004,CID44971-sample-proxy
CID44971_GAAGCAGGTATGGTTC,-15.695643,4.2394557,1,Fibroblast,2.5191646260653004,CID44971-sample-proxy
CID44971_GAATGAACATCGACGC,-16.107794,4.3858447,1,Fibroblast,2.5191646260653004,CID44971-sample-proxy
CID44971_GACCTGGTCCTATTCA,-17.600843,5.916991,1,Fibroblast,2.5191646260653004,CID44971-sample-proxy
CID44971_GACGGCTTCGAATCCA,-17.50253,5.7995043,1,Fibroblast,2.5191646260653004,CID44971-sample-proxy
CID44971_GAGGTGACATCAGTAC,-17.50438,5.2757664,1,Fibroblast,2.5191646260653004,CID44971-sample-proxy
CID44971_GAGGTGAGTGATGTCT,-16.960373,4.9776173,1,Fibroblast,2.5191646260653004,CID44971-sample-proxy
CID44971_GATGAAAGTCAGAAGC,-16.85867,5.2073755,1,Fibroblast,2.5191646260653004,CID44971-sample-proxy
CID44971_GATGAGGCAGTGGAGT,-17.043867,5.560033,1,Fibroblast,2.5191646260653004,CID44971-sample-proxy
CID44971_GATGAGGGTAGGCTGA,-16.852545,5.658559,1,Fibroblast,2.5191646260653004,CID44971-sample-proxy
CID44971_GCACTCTCATAACCTG,-15.950742,4.0601835,1,Fibroblast,2.5191646260653004,CID44971-sample-proxy
CID44971_GCAGCCAGTGTGGCTC,-17.291412,5.946687,1,Fibroblast,2.5191646260653004,CID44971-sample-proxy
CID44971_GCATGCGCAGTATAAG,-16.123426,4.041699,1,Fibroblast,2.5191646260653004,CID44971-sample-proxy
CID44971_GCATGTAGTCGCATCG,-17.403006,5.173382,1,Fibroblast,2.5191646260653004,CID44971-sample-proxy
CID44971_GCCAAATTCGAGGTAG,-16.172794,4.9838977,1,Fibroblast,2.5191646260653004,CID44971-sample-proxy
CID44971_GCGCGATAGCTGCGAA,-16.985983,5.753563,1,Fibroblast,2.5191646260653004,CID44971-sample-proxy
CID44971_GCGGGTTGTGTCAATC,-16.759983,4.5540123,1,Fibroblast,2.5191646260653004,CID44971-sample-proxy
CID44971_GCGGGTTGTTTGTTTC,-17.0252,5.8817253,1,Fibroblast,2.5191646260653004,CID44971-sample-proxy
CID44971_GCTCCTAAGAGACGAA,-15.754655,5.548926,1,Fibroblast,2.5191646260653004,CID44971-sample-proxy
CID44971_GCTGCAGAGGTGACCA,-17.343252,6.015932,1,Fibroblast,2.5191646260653004,CID44971-sample-proxy
CID44971_GGAACTTCACGCTTTC,-16.199461,5.0171065,1,Fibroblast,2.5191646260653004,CID44971-sample-proxy
CID44971_GGACAAGTCTGCGGCA,-17.64849,5.841555,1,Fibroblast,2.5191646260653004,CID44971-sample-proxy
CID44971_GGCGACTTCTTTAGGG,-16.429392,4.5638776,1,Fibroblast,2.5191646260653004,CID44971-sample-proxy
CID44971_GGGAGATGTATTAGCC,-17.41459,5.422542,1,Fibroblast,2.5191646260653004,CID44971-sample-proxy
CID44971_GGGTCTGAGACTACAA,-15.827589,5.3330326,1,Fibroblast,2.5191646260653004,CID44971-sample-proxy
CID44971_GTCACGGAGCCAACAG,-17.0469,4.995292,1,Fibroblast,2.5191646260653004,CID44971-sample-proxy
CID44971_GTCACGGAGTATGACA,-17.46255,5.6103916,1,Fibroblast,2.5191646260653004,CID44971-sample-proxy
CID44971_GTGCATACAAGTAATG,-16.946896,5.929861,1,Fibroblast,2.5191646260653004,CID44971-sample-proxy
CID44971_GTGTGCGCAAGGTTTC,-17.370583,5.691177,1,Fibroblast,2.5191646260653004,CID44971-sample-proxy
CID44971_GTTAAGCTCCACGCAG,-17.641172,5.297642,1,Fibroblast,2.5191646260653004,CID44971-sample-proxy
CID44971_GTTAAGCTCCATGAAC,-17.798569,5.65137,1,Fibroblast,2.5191646260653004,CID44971-sample-proxy
CID44971_GTTCGGGGTTCCATGA,-17.177565,6.000131,1,Fibroblast,2.5191646260653004,CID44971-sample-proxy
CID44971_TAAACCGTCACCACCT,-15.771142,4.1857066,1,Fibroblast,2.5191646260653004,CID44971-sample-proxy
CID44971_TAAGTGCTCGCCTGAG,-16.001509,4.190433,1,Fibroblast,2.5191646260653004,CID44971-sample-proxy
CID44971_TAGACCATCGGCATCG,-15.770224,3.7524216,1,Fibroblast,2.5191646260653004,CID44971-sample-proxy
CID44971_TAGAGCTGTGGCGAAT,-17.501322,5.674447,1,Fibroblast,2.5191646260653004,CID44971-sample-proxy
CID44971_TCAATCTTCGGAGCAA,-16.615105,4.8002553,1,Fibroblast,2.5191646260653004,CID44971-sample-proxy
CID44971_TCACAAGGTAGGACAC,-16.71499,3.4627175,1,Fibroblast,2.5191646260653004,CID44971-sample-proxy
CID44971_TCACAAGGTTCATGGT,-17.398548,5.597758,1,Fibroblast,2.5191646260653004,CID44971-sample-proxy
CID44971_TCAGCAACACATGTGT,-17.817953,5.1277514,1,Fibroblast,2.5191646260653004,CID44971-sample-proxy
CID44971_TCAGGTACACCCAGTG,-16.239557,5.213286,1,Fibroblast,2.5191646260653004,CID44971-sample-proxy
CID44971_TCAGGTAGTCCTCCAT,-17.743416,4.978686,1,Fibroblast,2.5191646260653004,CID44971-sample-proxy
CID44971_TCGTACCAGTGGTCCC,-16.714048,4.71722,1,Fibroblast,2.5191646260653004,CID44971-sample-proxy
CID44971_TCTCTAACACCGTTGG,-17.840778,5.947436,1,Fibroblast,2.5191646260653004,CID44971-sample-proxy
CID44971_TGAGAGGGTGAAGGCT,-17.08697,5.6699696,1,Fibroblast,2.5191646260653004,CID44971-sample-proxy
CID44971_TGCGCAGAGGACTGGT,-17.737284,5.5573006,1,Fibroblast,2.5191646260653004,CID44971-sample-proxy
CID44971_TTAGTTCTCCGTTGCT,-16.311447,3.8948889,1,Fibroblast,2.5191646260653004,CID44971-sample-proxy
CID44971_TTCTCCTGTGATAAAC,-15.991834,5.15436,1,Fibroblast,2.5191646260653004,CID44971-sample-proxy
CID44971_TTGCCGTCATTTCACT,-17.953115,4.560083,1,Fibroblast,2.5191646260653004,CID44971-sample-proxy
CID44971_CTCACACCACCACGTG,-17.41658,5.15593,1,Fibroblast,2.5191646260653004,CID44971-sample-proxy
CID44971_AAAGCAAGTAAATGTG,-15.526367,3.464537,1,Fibroblast,2.5191646260653004,CID44971-sample-proxy
CID44971_AAAGTAGAGAGTAATC,-16.623121,4.9934278,1,Fibroblast,2.5191646260653004,CID44971-sample-proxy
CID44971_AAATGCCCAAAGCGGT,-16.831945,3.7974095,1,Fibroblast,2.5191646260653004,CID44971-sample-proxy
CID44971_AAATGCCGTTGGGACA,-17.332169,4.928083,1,Fibroblast,2.5191646260653004,CID44971-sample-proxy
CID44971_AAATGCCTCACGCGGT,-16.163849,3.7910523,1,Fibroblast,2.5191646260653004,CID44971-sample-proxy
CID44971_AAGACCTCAGACGTAG,-15.916659,3.5944571,1,Fibroblast,2.5191646260653004,CID44971-sample-proxy
CID44971_ACAGCCGTCGGAGGTA,-16.381283,3.9527147,1,Fibroblast,2.5191646260653004,CID44971-sample-proxy
CID44971_ACCGTAAGTCTGGTCG,-15.6146555,3.2837384,1,Fibroblast,2.5191646260653004,CID44971-sample-proxy
CID44971_ACGGAGACAGTTAACC,-16.539461,3.6965232,1,Fibroblast,2.5191646260653004,CID44971-sample-proxy
CID44971_ACGGCCAAGTAGATGT,-15.817047,4.662074,1,Fibroblast,2.5191646260653004,CID44971-sample-proxy
CID44971_ACGGGTCCATTATCTC,-15.986777,4.442632,1,Fibroblast,2.5191646260653004,CID44971-sample-proxy
CID44971_AGAGCTTGTAAGGATT,-16.51864,3.6281767,1,Fibroblast,2.5191646260653004,CID44971-sample-proxy
CID44971_AGAGTGGTCGTGGGAA,-16.233114,3.9156477,1,Fibroblast,2.5191646260653004,CID44971-sample-proxy
CID44971_AGATTGCAGATCCGAG,-16.203451,3.204961,1,Fibroblast,2.5191646260653004,CID44971-sample-proxy
CID44971_AGCAGCCAGGAGTTTA,-15.8383665,3.5906034,1,Fibroblast,2.5191646260653004,CID44971-sample-proxy
CID44971_AGCTCCTCATAGGATA,-16.23803,2.9676714,1,Fibroblast,2.5191646260653004,CID44971-sample-proxy
CID44971_AGGGATGTCGGAAACG,-16.427555,3.7792704,1,Fibroblast,2.5191646260653004,CID44971-sample-proxy
CID44971_AGGTCATCAGGACCCT,-16.80687,4.095239,1,Fibroblast,2.5191646260653004,CID44971-sample-proxy
CID44971_AGGTCATGTCGGATCC,-17.024012,3.9936204,1,Fibroblast,2.5191646260653004,CID44971-sample-proxy
CID44971_AGTGAGGCAGCCTATA,-17.510084,5.158795,1,Fibroblast,2.5191646260653004,CID44971-sample-proxy
CID44971_AGTGTCAGTATGAATG,-15.586558,3.4677112,1,Fibroblast,2.5191646260653004,CID44971-sample-proxy
CID44971_ATTATCCCAGGGTTAG,-15.620255,4.35275,1,Fibroblast,2.5191646260653004,CID44971-sample-proxy
CID44971_ATTGGACAGCACCGCT,-15.949406,3.658449,1,Fibroblast,2.5191646260653004,CID44971-sample-proxy
CID44971_CAACCAAGTCCTCCAT,-15.888659,3.4869382,1,Fibroblast,2.5191646260653004,CID44971-sample-proxy
CID44971_CACAAACGTTAGAACA,-15.722073,3.3501153,1,Fibroblast,2.5191646260653004,CID44971-sample-proxy
CID44971_CACATTTGTGACTCAT,-17.166197,3.7929232,1,Fibroblast,2.5191646260653004,CID44971-sample-proxy
CID44971_CACCAGGGTTTAAGCC,-15.542246,3.4446678,1,Fibroblast,2.5191646260653004,CID44971-sample-proxy
CID44971_CAGCAGCCATGTCCTC,-16.362396,5.3358965,1,Fibroblast,2.5191646260653004,CID44971-sample-proxy
CID44971_CAGTCCTCACATCTTT,-16.716536,4.3007207,1,Fibroblast,2.5191646260653004,CID44971-sample-proxy
CID44971_CATATTCGTAGCTAAA,-16.309145,4.606566,1,Fibroblast,2.5191646260653004,CID44971-sample-proxy
CID44971_CATCAGAGTAATCACC,-15.486657,3.5771658,1,Fibroblast,2.5191646260653004,CID44971-sample-proxy
CID44971_CATCGGGTCCTAAGTG,-15.732032,4.9253826,1,Fibroblast,2.5191646260653004,CID44971-sample-proxy
CID44971_CATGACATCAACGCTA,-16.116959,5.2630734,1,Fibroblast,2.5191646260653004,CID44971-sample-proxy
CID44971_CATGCCTTCGCGATCG,-17.332685,4.6302505,1,Fibroblast,2.5191646260653004,CID44971-sample-proxy
CID44971_CATGCCTTCGGTTAAC,-17.440079,4.7408633,1,Fibroblast,2.5191646260653004,CID44971-sample-proxy
CID44971_CCAATCCTCTCCAACC,-15.540369,3.8912156,1,Fibroblast,2.5191646260653004,CID44971-sample-proxy
CID44971_CCCTCCTTCGCGCCAA,-16.721087,4.987815,1,Fibroblast,2.5191646260653004,CID44971-sample-proxy
CID44971_CCTAAAGGTAAGTTCC,-16.03947,3.5269156,1,Fibroblast,2.5191646260653004,CID44971-sample-proxy
CID44971_CCTATTAAGTTATCGC,-15.278995,4.217762,1,Fibroblast,2.5191646260653004,CID44971-sample-proxy
CID44971_CCTTACGGTGTTGAGG,-15.19322,5.2463837,1,Fibroblast,2.5191646260653004,CID44971-sample-proxy
CID44971_CGACCTTTCCCAGGTG,-15.548105,3.2328498,1,Fibroblast,2.5191646260653004,CID44971-sample-proxy
CID44971_CGACTTCGTTTAGGAA,-16.275724,3.7724702,1,Fibroblast,2.5191646260653004,CID44971-sample-proxy
CID44971_CGCTATCTCACAGTAC,-16.536892,3.7926843,1,Fibroblast,2.5191646260653004,CID44971-sample-proxy
CID44971_CGGAGCTGTCCCGACA,-15.186851,4.0900373,1,Fibroblast,2.5191646260653004,CID44971-sample-proxy
CID44971_CGTGAGCAGTGTGAAT,-17.483677,4.549061,1,Fibroblast,2.5191646260653004,CID44971-sample-proxy
CID44971_CGTGTAATCGGCTACG,-16.564894,3.749513,1,Fibroblast,2.5191646260653004,CID44971-sample-proxy
CID44971_CGTGTCTAGTCAAGGC,-17.680294,5.093477,1,Fibroblast,2.5191646260653004,CID44971-sample-proxy
CID44971_CGTTCTGGTACGCACC,-16.412277,3.2780252,1,Fibroblast,2.5191646260653004,CID44971-sample-proxy
CID44971_CGTTGGGTCGTCTGCT,-16.529562,3.4308417,1,Fibroblast,2.5191646260653004,CID44971-sample-proxy
CID44971_CTAATGGTCTTGAGGT,-17.711014,4.0141177,1,Fibroblast,2.5191646260653004,CID44971-sample-proxy
CID44971_CTACCCAGTAGCTAAA,-17.432314,4.207558,1,Fibroblast,2.5191646260653004,CID44971-sample-proxy
CID44971_CTCTAATCAAACAACA,-16.504303,3.415667,1,Fibroblast,2.5191646260653004,CID44971-sample-proxy
CID44971_CTGCGGAGTCAATGTC,-17.03385,3.9340994,1,Fibroblast,2.5191646260653004,CID44971-sample-proxy
CID44971_CTTAACTAGCGAAGGG,-15.958251,3.5927012,1,Fibroblast,2.5191646260653004,CID44971-sample-proxy
CID44971_CTTGGCTAGTGACTCT,-15.756975,3.1248858,1,Fibroblast,2.5191646260653004,CID44971-sample-proxy
CID44971_GAACATCTCAGTTGAC,-16.832783,3.8192565,1,Fibroblast,2.5191646260653004,CID44971-sample-proxy
CID44971_GAAGCAGGTAAATGAC,-16.87192,3.892329,1,Fibroblast,2.5191646260653004,CID44971-sample-proxy
CID44971_GACACGCTCATATCGG,-17.673641,4.3494916,1,Fibroblast,2.5191646260653004,CID44971-sample-proxy
CID44971_GACGTGCAGTGGTAGC,-15.570548,4.4306526,1,Fibroblast,2.5191646260653004,CID44971-sample-proxy
CID44971_GACGTGCCAATGGAGC,-16.148052,4.6022053,1,Fibroblast,2.5191646260653004,CID44971-sample-proxy
CID44971_GACTGCGAGGCCATAG,-16.04032,3.180117,1,Fibroblast,2.5191646260653004,CID44971-sample-proxy
CID44971_GATCAGTAGGGTCGAT,-16.686121,3.359225,1,Fibroblast,2.5191646260653004,CID44971-sample-proxy
CID44971_GATCGCGGTTGGTTTG,-17.188932,4.282744,1,Fibroblast,2.5191646260653004,CID44971-sample-proxy
CID44971_GATCTAGCATCACAAC,-17.306486,4.0018697,1,Fibroblast,2.5191646260653004,CID44971-sample-proxy
CID44971_GATGCTAGTGTCCTCT,-16.356598,3.7123666,1,Fibroblast,2.5191646260653004,CID44971-sample-proxy
CID44971_GCAAACTTCGTGACAT,-16.65591,4.0789294,1,Fibroblast,2.5191646260653004,CID44971-sample-proxy
CID44971_GCATACAAGTACTTGC,-17.254107,3.8817992,1,Fibroblast,2.5191646260653004,CID44971-sample-proxy
CID44971_GCATACAGTATAATGG,-17.01842,4.801925,1,Fibroblast,2.5191646260653004,CID44971-sample-proxy
CID44971_GCATGATCACACTGCG,-17.380087,5.066957,1,Fibroblast,2.5191646260653004,CID44971-sample-proxy
CID44971_GCCAAATTCAGAGGTG,-16.90662,3.8186681,1,Fibroblast,2.5191646260653004,CID44971-sample-proxy
CID44971_GCTCCTACAGATGGGT,-16.492971,3.6138947,1,Fibroblast,2.5191646260653004,CID44971-sample-proxy
CID44971_GCTGCGAGTTACAGAA,-16.438864,4.958332,1,Fibroblast,2.5191646260653004,CID44971-sample-proxy
CID44971_GGATTACAGTGCTGCC,-16.841993,4.487338,1,Fibroblast,2.5191646260653004,CID44971-sample-proxy
CID44971_GGGAGATAGATGTAAC,-15.385719,4.4483027,1,Fibroblast,2.5191646260653004,CID44971-sample-proxy
CID44971_GGGAGATAGCTAGCCC,-16.432325,3.808592,1,Fibroblast,2.5191646260653004,CID44971-sample-proxy
CID44971_GGGTCTGTCATGCATG,-16.153063,4.1264596,1,Fibroblast,2.5191646260653004,CID44971-sample-proxy
CID44971_GGGTTGCAGCTTTGGT,-16.752642,3.5793672,1,Fibroblast,2.5191646260653004,CID44971-sample-proxy
CID44971_GGTATTGCATTTCACT,-16.033894,4.742022,1,Fibroblast,2.5191646260653004,CID44971-sample-proxy
CID44971_GGTATTGGTCGCGTGT,-17.30372,4.066745,1,Fibroblast,2.5191646260653004,CID44971-sample-proxy
CID44971_GTAACTGCAGTCCTTC,-17.577599,3.962468,1,Fibroblast,2.5191646260653004,CID44971-sample-proxy
CID44971_GTACGTACATGCCACG,-16.805214,3.4648788,1,Fibroblast,2.5191646260653004,CID44971-sample-proxy
CID44971_GTATTCTAGAGGTTGC,-17.191534,3.6473162,1,Fibroblast,2.5191646260653004,CID44971-sample-proxy
CID44971_GTCGGGTGTTGACGTT,-15.698466,3.7054994,1,Fibroblast,2.5191646260653004,CID44971-sample-proxy
CID44971_GTCGGGTTCTCCAACC,-16.315065,3.6948037,1,Fibroblast,2.5191646260653004,CID44971-sample-proxy
CID44971_GTCGTAAGTCCTCTTG,-16.668247,3.22662,1,Fibroblast,2.5191646260653004,CID44971-sample-proxy
CID44971_GTGGGTCAGCTGAAAT,-16.665607,4.2534246,1,Fibroblast,2.5191646260653004,CID44971-sample-proxy
CID44971_GTGGGTCTCACAACGT,-15.855002,2.9982915,1,Fibroblast,2.5191646260653004,CID44971-sample-proxy
CID44971_GTGTTAGCATTAACCG,-15.804287,3.441395,1,Fibroblast,2.5191646260653004,CID44971-sample-proxy
CID44971_GTTACAGGTGAGTATA,-17.39877,3.447678,1,Fibroblast,2.5191646260653004,CID44971-sample-proxy
CID44971_GTTCTCGTCGAGCCCA,-15.490466,3.5277703,1,Fibroblast,2.5191646260653004,CID44971-sample-proxy
CID44971_GTTCTCGTCGTCTGAA,-16.856337,4.4200068,1,Fibroblast,2.5191646260653004,CID44971-sample-proxy
CID44971_TACCTATCAGTTCATG,-17.365078,5.669446,1,Fibroblast,2.5191646260653004,CID44971-sample-proxy
CID44971_TACGGATTCCAGTAGT,-16.046999,3.683577,1,Fibroblast,2.5191646260653004,CID44971-sample-proxy
CID44971_TACTCATAGTGTACCT,-15.285706,3.6439571,1,Fibroblast,2.5191646260653004,CID44971-sample-proxy
CID44971_TACTTACGTAAGAGGA,-17.033813,4.289419,1,Fibroblast,2.5191646260653004,CID44971-sample-proxy
CID44971_TAGTGGTCAATAACGA,-16.32601,4.0299916,1,Fibroblast,2.5191646260653004,CID44971-sample-proxy
CID44971_TCAATCTGTTCGGGCT,-17.303007,4.7233872,1,Fibroblast,2.5191646260653004,CID44971-sample-proxy
CID44971_TCAGCTCGTCCTCCAT,-17.191763,4.1125097,1,Fibroblast,2.5191646260653004,CID44971-sample-proxy
CID44971_TCGTACCAGACAGACC,-15.256687,4.2651196,1,Fibroblast,2.5191646260653004,CID44971-sample-proxy
CID44971_TCGTACCGTTCGGGCT,-16.153748,3.3774538,1,Fibroblast,2.5191646260653004,CID44971-sample-proxy
CID44971_TCTCTAAGTTATCGGT,-16.771173,3.8935752,1,Fibroblast,2.5191646260653004,CID44971-sample-proxy
CID44971_TGACTAGGTGCGATAG,-16.184814,4.9538302,1,Fibroblast,2.5191646260653004,CID44971-sample-proxy
CID44971_TGACTTTAGTTAGCGG,-16.464188,3.6487226,1,Fibroblast,2.5191646260653004,CID44971-sample-proxy
CID44971_TGAGAGGCAGCGTTCG,-15.645562,4.1305575,1,Fibroblast,2.5191646260653004,CID44971-sample-proxy
CID44971_TGAGGGAGTGCAGTAG,-15.931616,4.727226,1,Fibroblast,2.5191646260653004,CID44971-sample-proxy
CID44971_TGCCAAACAGGCTCAC,-16.705288,3.7129054,1,Fibroblast,2.5191646260653004,CID44971-sample-proxy
CID44971_TGCTACCGTTCGCTAA,-15.452974,4.0190535,1,Fibroblast,2.5191646260653004,CID44971-sample-proxy
CID44971_TGCTGCTGTCCTAGCG,-17.44506,4.8550367,1,Fibroblast,2.5191646260653004,CID44971-sample-proxy
CID44971_TGGCCAGCAGTCCTTC,-15.473998,3.2106109,1,Fibroblast,2.5191646260653004,CID44971-sample-proxy
CID44971_TGTTCCGAGTGGTAAT,-16.167831,3.1974049,1,Fibroblast,2.5191646260653004,CID44971-sample-proxy
CID44971_TTAGGACTCAGTCAGT,-15.877911,3.2023365,1,Fibroblast,2.5191646260653004,CID44971-sample-proxy
CID44971_TTAGGCAAGCTAGGCA,-15.670043,4.5723243,1,Fibroblast,2.5191646260653004,CID44971-sample-proxy
CID44971_TTCTACACAGCTGTGC,-15.387643,4.149348,1,Fibroblast,2.5191646260653004,CID44971-sample-proxy
CID44971_TTCTCAAGTTGGGACA,-16.932165,4.5805864,1,Fibroblast,2.5191646260653004,CID44971-sample-proxy
CID44971_TTGGCAAAGCAATCTC,-16.181461,4.075375,1,Fibroblast,2.5191646260653004,CID44971-sample-proxy
CID44971_TTGGCAATCTTCGGTC,-15.250323,3.8689382,1,Fibroblast,2.5191646260653004,CID44971-sample-proxy
CID44971_TTTCCTCGTGTTGGGA,-15.42399,3.7350588,1,Fibroblast,2.5191646260653004,CID44971-sample-proxy
CID44971_AATCGGTAGCGTGAAC,-16.210741,3.9423125,1,Fibroblast,2.5191646260653004,CID44971-sample-proxy
CID44971_ACACTGATCTCGCATC,-17.743385,4.4063263,1,Fibroblast,2.5191646260653004,CID44971-sample-proxy
CID44971_ATGAGGGCACGCTTTC,-17.14855,4.3688445,1,Fibroblast,2.5191646260653004,CID44971-sample-proxy
CID44971_ATGAGGGTCATCGATG,-17.504868,4.855958,1,Fibroblast,2.5191646260653004,CID44971-sample-proxy
CID44971_ATTATCCGTGCATCTA,-16.014076,3.9575555,1,Fibroblast,2.5191646260653004,CID44971-sample-proxy
CID44971_CACATTTTCCTCAATT,-17.511358,3.9736025,1,Fibroblast,2.5191646260653004,CID44971-sample-proxy
CID44971_CACCACTGTAGAGCTG,-17.721676,5.792575,1,Fibroblast,2.5191646260653004,CID44971-sample-proxy
CID44971_CAGCGACCAGCTTAAC,-15.457363,3.9172804,1,Fibroblast,2.5191646260653004,CID44971-sample-proxy
CID44971_CCTACCAAGTGTACCT,-16.392033,4.010576,1,Fibroblast,2.5191646260653004,CID44971-sample-proxy
CID44971_CGATCGGAGGAGTCTG,-15.343999,5.552281,1,Fibroblast,2.5191646260653004,CID44971-sample-proxy
CID44971_CGGAGCTAGCTACCGC,-17.102856,4.4866347,1,Fibroblast,2.5191646260653004,CID44971-sample-proxy
CID44971_CGTAGGCTCTAACCGA,-15.813608,4.2925587,1,Fibroblast,2.5191646260653004,CID44971-sample-proxy
CID44971_CGTTAGACACACATGT,-17.810751,5.3557773,1,Fibroblast,2.5191646260653004,CID44971-sample-proxy
CID44971_CTACATTAGTGTGGCA,-16.277987,3.91891,1,Fibroblast,2.5191646260653004,CID44971-sample-proxy
CID44971_CTACCCAGTACTCAAC,-16.179306,4.738278,1,Fibroblast,2.5191646260653004,CID44971-sample-proxy
CID44971_CTACGTCTCGTCTGCT,-16.299192,3.963121,1,Fibroblast,2.5191646260653004,CID44971-sample-proxy
CID44971_CTGGTCTGTCTAGTCA,-17.21192,4.897198,1,Fibroblast,2.5191646260653004,CID44971-sample-proxy
CID44971_CTGTGCTAGGAGTTGC,-16.221975,3.3500535,1,Fibroblast,2.5191646260653004,CID44971-sample-proxy
CID44971_GAGGTGACATGTCGAT,-16.457222,3.8765192,1,Fibroblast,2.5191646260653004,CID44971-sample-proxy
CID44971_GCAATCAAGGAGCGAG,-16.291948,4.2552776,1,Fibroblast,2.5191646260653004,CID44971-sample-proxy
CID44971_GCCTCTATCCAACCAA,-17.111435,4.8846755,1,Fibroblast,2.5191646260653004,CID44971-sample-proxy
CID44971_GGCTGGTAGTGTGAAT,-16.545717,4.581347,1,Fibroblast,2.5191646260653004,CID44971-sample-proxy
CID44971_GGTGTTACATTCACTT,-17.142601,5.321819,1,Fibroblast,2.5191646260653004,CID44971-sample-proxy
CID44971_GTAACTGTCTTGGGTA,-15.302581,5.05717,1,Fibroblast,2.5191646260653004,CID44971-sample-proxy
CID44971_TGAAAGATCAGAGGTG,-16.160927,4.2604427,1,Fibroblast,2.5191646260653004,CID44971-sample-proxy
CID44971_TGGCCAGTCGTCTGAA,-16.091612,3.332909,1,Fibroblast,2.5191646260653004,CID44971-sample-proxy
CID44971_TTCTTAGGTCTCCACT,-17.151684,5.995743,1,Fibroblast,2.5191646260653004,CID44971-sample-proxy
CID44971_TTTGGTTAGCTAGTGG,-16.269815,4.3818564,1,Fibroblast,2.5191646260653004,CID44971-sample-proxy
CID44971_ACTATCTAGCAAATCA,-15.673725,5.2398314,1,Fibroblast,2.5191646260653004,CID44971-sample-proxy
CID44971_ATCCGAACACATCCAA,-17.129164,4.6361437,1,Fibroblast,2.5191646260653004,CID44971-sample-proxy
CID44971_CACTCCACAGAAGCAC,-16.506062,4.304736,1,Fibroblast,2.5191646260653004,CID44971-sample-proxy
CID44971_CGATTGATCTACTTAC,-17.07307,4.8560743,1,Fibroblast,2.5191646260653004,CID44971-sample-proxy
CID44971_GATGAAAAGTGGCACA,-17.801867,5.5182257,1,Fibroblast,2.5191646260653004,CID44971-sample-proxy
CID44971_AAAGATGCAGTAAGAT,-16.795639,3.7903013,1,Fibroblast,2.5191646260653004,CID44971-sample-proxy
CID44971_AAAGCAATCCCAAGAT,-16.761524,3.224817,1,Fibroblast,2.5191646260653004,CID44971-sample-proxy
CID44971_AACGTTGTCGTCCGTT,-15.258507,4.153096,1,Fibroblast,2.5191646260653004,CID44971-sample-proxy
CID44971_AACTCAGGTAGCGCTC,-17.019537,3.803833,1,Fibroblast,2.5191646260653004,CID44971-sample-proxy
CID44971_AAGACCTTCCAGTAGT,-17.460484,3.786568,1,Fibroblast,2.5191646260653004,CID44971-sample-proxy
CID44971_AAGGTTCAGACTGTAA,-16.257792,2.8607218,1,Fibroblast,2.5191646260653004,CID44971-sample-proxy
CID44971_ACACCGGAGCTTATCG,-15.533659,3.6035903,1,Fibroblast,2.5191646260653004,CID44971-sample-proxy
CID44971_ACATACGCACACTGCG,-17.011393,4.035077,1,Fibroblast,2.5191646260653004,CID44971-sample-proxy
CID44971_ACATCAGCATTTCACT,-16.935717,3.4202788,1,Fibroblast,2.5191646260653004,CID44971-sample-proxy
CID44971_ACGAGCCCATAGGATA,-15.589528,3.822955,1,Fibroblast,2.5191646260653004,CID44971-sample-proxy
CID44971_ACTTACTTCCGCAAGC,-15.495962,4.0668073,1,Fibroblast,2.5191646260653004,CID44971-sample-proxy
CID44971_AGATTGCTCGCATGAT,-16.813086,3.3417022,1,Fibroblast,2.5191646260653004,CID44971-sample-proxy
CID44971_AGCATACAGGAGTACC,-16.103558,3.4695017,1,Fibroblast,2.5191646260653004,CID44971-sample-proxy
CID44971_AGCTCTCAGTTAAGTG,-16.33487,3.7428806,1,Fibroblast,2.5191646260653004,CID44971-sample-proxy
CID44971_AGGCCACCAGGATCGA,-15.99747,3.2176304,1,Fibroblast,2.5191646260653004,CID44971-sample-proxy
CID44971_AGGCCGTCATATGCTG,-17.04637,3.6759317,1,Fibroblast,2.5191646260653004,CID44971-sample-proxy
CID44971_AGTTGGTTCGTCTGCT,-16.795364,3.0827715,1,Fibroblast,2.5191646260653004,CID44971-sample-proxy
CID44971_ATCCACCCAGGATTGG,-17.354216,3.5593526,1,Fibroblast,2.5191646260653004,CID44971-sample-proxy
CID44971_ATCCGAATCGCCAAAT,-17.584686,4.181005,1,Fibroblast,2.5191646260653004,CID44971-sample-proxy
CID44971_ATCGAGTGTACGCACC,-16.261051,3.15918,1,Fibroblast,2.5191646260653004,CID44971-sample-proxy
CID44971_ATCTGCCTCATAACCG,-15.542781,3.8587134,1,Fibroblast,2.5191646260653004,CID44971-sample-proxy
CID44971_ATTCTACGTGATAAGT,-16.856129,3.6907606,1,Fibroblast,2.5191646260653004,CID44971-sample-proxy
CID44971_ATTGGACTCGTGGACC,-16.254023,2.9653945,1,Fibroblast,2.5191646260653004,CID44971-sample-proxy
CID44971_ATTTCTGTCTGTTTGT,-17.504961,3.580467,1,Fibroblast,2.5191646260653004,CID44971-sample-proxy
CID44971_CACAAACGTGCTTCTC,-16.317123,3.308986,1,Fibroblast,2.5191646260653004,CID44971-sample-proxy
CID44971_CACACCTTCCTGCAGG,-17.594267,4.1701145,1,Fibroblast,2.5191646260653004,CID44971-sample-proxy
CID44971_CAGCAGCTCGTTTAGG,-17.54337,4.2783084,1,Fibroblast,2.5191646260653004,CID44971-sample-proxy
CID44971_CATATTCTCAACGGCC,-15.122582,4.687544,1,Fibroblast,2.5191646260653004,CID44971-sample-proxy
CID44971_CATCCACAGCGTGAAC,-15.969184,3.7053282,1,Fibroblast,2.5191646260653004,CID44971-sample-proxy
CID44971_CATCGAACATTTGCCC,-16.256758,4.0660815,1,Fibroblast,2.5191646260653004,CID44971-sample-proxy
CID44971_CATCGAATCCCAGGTG,-17.569431,3.891248,1,Fibroblast,2.5191646260653004,CID44971-sample-proxy
CID44971_CATCGGGAGCGTGAGT,-16.369362,2.9848313,1,Fibroblast,2.5191646260653004,CID44971-sample-proxy
CID44971_CATGCCTTCAGATAAG,-16.035126,3.667991,1,Fibroblast,2.5191646260653004,CID44971-sample-proxy
CID44971_CATTATCTCCTGTAGA,-16.005516,2.9124522,1,Fibroblast,2.5191646260653004,CID44971-sample-proxy
CID44971_CCCAATCCAGATGGGT,-16.09549,4.405806,1,Fibroblast,2.5191646260653004,CID44971-sample-proxy
CID44971_CCGGGATTCAAGGCTT,-15.8576,3.2184565,1,Fibroblast,2.5191646260653004,CID44971-sample-proxy
CID44971_CCGTACTTCAACGAAA,-17.317158,3.4876633,1,Fibroblast,2.5191646260653004,CID44971-sample-proxy
CID44971_CCTATTAAGTTAGCGG,-16.22094,3.6551433,1,Fibroblast,2.5191646260653004,CID44971-sample-proxy
CID44971_CCTTACGGTTACGGAG,-17.48258,3.7273703,1,Fibroblast,2.5191646260653004,CID44971-sample-proxy
CID44971_CCTTTCTCACAAGACG,-17.157785,3.5750363,1,Fibroblast,2.5191646260653004,CID44971-sample-proxy
CID44971_CGACTTCCAGTAGAGC,-17.312841,3.8883984,1,Fibroblast,2.5191646260653004,CID44971-sample-proxy
CID44971_CGGACGTCATGAACCT,-16.565092,3.5539446,1,Fibroblast,2.5191646260653004,CID44971-sample-proxy
CID44971_CGTAGGCGTATCGCAT,-17.137882,3.6900084,1,Fibroblast,2.5191646260653004,CID44971-sample-proxy
CID44971_CGTCTACTCATTATCC,-16.474638,3.0946972,1,Fibroblast,2.5191646260653004,CID44971-sample-proxy
CID44971_CTAACTTTCAAGAAGT,-16.59135,3.0780792,1,Fibroblast,2.5191646260653004,CID44971-sample-proxy
CID44971_CTAATGGGTCGACTGC,-16.513426,2.9807277,1,Fibroblast,2.5191646260653004,CID44971-sample-proxy
CID44971_CTAATGGGTTGTACAC,-15.795941,3.5640628,1,Fibroblast,2.5191646260653004,CID44971-sample-proxy
CID44971_CTACCCAAGATACACA,-15.845143,4.620561,1,Fibroblast,2.5191646260653004,CID44971-sample-proxy
CID44971_CTACCCAAGCGAGAAA,-16.597914,3.551585,1,Fibroblast,2.5191646260653004,CID44971-sample-proxy
CID44971_CTAGCCTAGTTCGATC,-15.85385,3.1413515,1,Fibroblast,2.5191646260653004,CID44971-sample-proxy
CID44971_CTAGTGACAAGGGTCA,-16.152596,3.9448075,1,Fibroblast,2.5191646260653004,CID44971-sample-proxy
CID44971_CTCATTAGTCTTCAAG,-15.175079,4.5342402,1,Fibroblast,2.5191646260653004,CID44971-sample-proxy
CID44971_CTCCTAGAGACCTTTG,-16.143677,3.420161,1,Fibroblast,2.5191646260653004,CID44971-sample-proxy
CID44971_CTCCTAGAGTTGAGAT,-17.574219,3.563747,1,Fibroblast,2.5191646260653004,CID44971-sample-proxy
CID44971_CTCTAATGTCAATGTC,-16.640411,3.468236,1,Fibroblast,2.5191646260653004,CID44971-sample-proxy
CID44971_CTCTACGTCTCCAACC,-16.420776,3.7044525,1,Fibroblast,2.5191646260653004,CID44971-sample-proxy
CID44971_CTGATCCGTTACAGAA,-15.16277,4.1896434,1,Fibroblast,2.5191646260653004,CID44971-sample-proxy
CID44971_CTGCCTACACAGAGGT,-17.364323,4.0828905,1,Fibroblast,2.5191646260653004,CID44971-sample-proxy
CID44971_CTGGTCTCAAGTAGTA,-16.76174,2.9839027,1,Fibroblast,2.5191646260653004,CID44971-sample-proxy
CID44971_CTGGTCTTCCTATTCA,-15.806067,3.3249497,1,Fibroblast,2.5191646260653004,CID44971-sample-proxy
CID44971_CTGTGCTAGTCGTACT,-16.400908,2.8633494,1,Fibroblast,2.5191646260653004,CID44971-sample-proxy
CID44971_CTGTGCTTCATCGATG,-16.485191,4.21701,1,Fibroblast,2.5191646260653004,CID44971-sample-proxy
CID44971_CTGTTTACAGTGGGAT,-16.357143,2.8635612,1,Fibroblast,2.5191646260653004,CID44971-sample-proxy
CID44971_CTTTGCGTCATCGATG,-15.1584215,4.6102962,1,Fibroblast,2.5191646260653004,CID44971-sample-proxy
CID44971_GAACCTAGTAAGTGGC,-15.641038,3.255476,1,Fibroblast,2.5191646260653004,CID44971-sample-proxy
CID44971_GAAGCAGGTATCACCA,-17.83083,4.853729,1,Fibroblast,2.5191646260653004,CID44971-sample-proxy
CID44971_GACACGCAGACAATAC,-16.55062,3.7022626,1,Fibroblast,2.5191646260653004,CID44971-sample-proxy
CID44971_GACAGAGCACCCATTC,-16.73156,3.0125766,1,Fibroblast,2.5191646260653004,CID44971-sample-proxy
CID44971_GACCTGGAGCCACTAT,-16.72399,2.9073007,1,Fibroblast,2.5191646260653004,CID44971-sample-proxy
CID44971_GATCGATTCGCGGATC,-17.672968,3.7281346,1,Fibroblast,2.5191646260653004,CID44971-sample-proxy
CID44971_GATCGATTCTTCAACT,-15.469576,4.0283093,1,Fibroblast,2.5191646260653004,CID44971-sample-proxy
CID44971_GATCGCGGTTCTGGTA,-16.096952,3.0010312,1,Fibroblast,2.5191646260653004,CID44971-sample-proxy
CID44971_GATCTAGCAGTATAAG,-16.841309,3.2750385,1,Fibroblast,2.5191646260653004,CID44971-sample-proxy
CID44971_GATGAAAGTTTAAGCC,-17.740685,4.410544,1,Fibroblast,2.5191646260653004,CID44971-sample-proxy
CID44971_GCATACATCGATCCCT,-17.698164,3.8754246,1,Fibroblast,2.5191646260653004,CID44971-sample-proxy
CID44971_GCATGCGGTCGGCATC,-16.409298,3.2169468,1,Fibroblast,2.5191646260653004,CID44971-sample-proxy
CID44971_GCATGTACATCCCATC,-16.35132,3.8978198,1,Fibroblast,2.5191646260653004,CID44971-sample-proxy
CID44971_GCATGTATCTGAGGGA,-16.388063,2.7570312,1,Fibroblast,2.5191646260653004,CID44971-sample-proxy
CID44971_GCGCAACAGTTACCCA,-17.113586,3.331793,1,Fibroblast,2.5191646260653004,CID44971-sample-proxy
CID44971_GCTGGGTTCTACTTAC,-17.108215,4.192193,1,Fibroblast,2.5191646260653004,CID44971-sample-proxy
CID44971_GGAACTTTCTACCTGC,-16.90662,3.0895758,1,Fibroblast,2.5191646260653004,CID44971-sample-proxy
CID44971_GGACATTCAAGTTAAG,-16.655373,3.0512,1,Fibroblast,2.5191646260653004,CID44971-sample-proxy
CID44971_GGGCATCCACCACCAG,-16.040182,3.284521,1,Fibroblast,2.5191646260653004,CID44971-sample-proxy
CID44971_GGTGAAGAGTATCTCG,-17.433666,3.7771997,1,Fibroblast,2.5191646260653004,CID44971-sample-proxy
CID44971_GGTGTTAGTGCACTTA,-16.20587,3.545996,1,Fibroblast,2.5191646260653004,CID44971-sample-proxy
CID44971_GTACTCCTCTACCAGA,-17.42097,3.6580815,1,Fibroblast,2.5191646260653004,CID44971-sample-proxy
CID44971_GTACTTTAGCCGATTT,-17.356888,4.6797137,1,Fibroblast,2.5191646260653004,CID44971-sample-proxy
CID44971_GTATCTTTCCAAGTAC,-16.346935,3.0477018,1,Fibroblast,2.5191646260653004,CID44971-sample-proxy
CID44971_GTATTCTAGGAGTTTA,-17.279955,4.7551727,1,Fibroblast,2.5191646260653004,CID44971-sample-proxy
CID44971_GTGAAGGTCCCTAATT,-16.674301,3.2064536,1,Fibroblast,2.5191646260653004,CID44971-sample-proxy
CID44971_GTGTTAGAGTCGAGTG,-17.453663,3.4345553,1,Fibroblast,2.5191646260653004,CID44971-sample-proxy
CID44971_GTTACAGAGAATGTTG,-16.515676,2.8331223,1,Fibroblast,2.5191646260653004,CID44971-sample-proxy
CID44971_GTTTCTATCTTGGGTA,-17.92515,4.066791,1,Fibroblast,2.5191646260653004,CID44971-sample-proxy
CID44971_TAAGAGAAGACAATAC,-16.975292,3.1748853,1,Fibroblast,2.5191646260653004,CID44971-sample-proxy
CID44971_TACACGAGTAGAGCTG,-16.735754,2.9870346,1,Fibroblast,2.5191646260653004,CID44971-sample-proxy
CID44971_TACAGTGCAGTATGCT,-15.1744375,4.7145147,1,Fibroblast,2.5191646260653004,CID44971-sample-proxy
CID44971_TACCTATAGATGGGTC,-17.508345,3.831233,1,Fibroblast,2.5191646260653004,CID44971-sample-proxy
CID44971_TACGGTAAGTCCTCCT,-17.025803,3.6185718,1,Fibroblast,2.5191646260653004,CID44971-sample-proxy
CID44971_TACTTACGTAGTAGTA,-17.519129,3.6845593,1,Fibroblast,2.5191646260653004,CID44971-sample-proxy
CID44971_TAGAGCTGTAGAGCTG,-15.167196,4.2325163,1,Fibroblast,2.5191646260653004,CID44971-sample-proxy
CID44971_TAGGCATGTGGAAAGA,-15.982749,4.327476,1,Fibroblast,2.5191646260653004,CID44971-sample-proxy
CID44971_TCAACGAAGGAATCGC,-16.49146,3.3059788,1,Fibroblast,2.5191646260653004,CID44971-sample-proxy
CID44971_TCAACGAGTACCGGCT,-16.36915,3.2001445,1,Fibroblast,2.5191646260653004,CID44971-sample-proxy
CID44971_TCAGATGGTCATATCG,-17.027199,4.59039,1,Fibroblast,2.5191646260653004,CID44971-sample-proxy
CID44971_TCAGCAAAGTTTAGGA,-15.105623,5.035129,1,Fibroblast,2.5191646260653004,CID44971-sample-proxy
CID44971_TCAGCAAGTAAGGGAA,-16.663857,3.1478086,1,Fibroblast,2.5191646260653004,CID44971-sample-proxy
CID44971_TCCACACGTGTTTGGT,-16.100506,3.0471737,1,Fibroblast,2.5191646260653004,CID44971-sample-proxy
CID44971_TCGTACCAGCAGCCTC,-16.694515,3.8799255,1,Fibroblast,2.5191646260653004,CID44971-sample-proxy
CID44971_TCGTAGAAGCGTCTAT,-16.382559,2.9479756,1,Fibroblast,2.5191646260653004,CID44971-sample-proxy
CID44971_TCTCATAGTTAAAGTG,-16.783205,3.2281513,1,Fibroblast,2.5191646260653004,CID44971-sample-proxy
CID44971_TCTGGAACACAGGCCT,-17.712038,3.8991637,1,Fibroblast,2.5191646260653004,CID44971-sample-proxy
CID44971_TCTTTCCTCTGTCAAG,-16.177982,4.497731,1,Fibroblast,2.5191646260653004,CID44971-sample-proxy
CID44971_TGAGCCGAGAAGGTGA,-16.93289,3.262791,1,Fibroblast,2.5191646260653004,CID44971-sample-proxy
CID44971_TGAGCCGAGTGGGTTG,-16.73912,3.071522,1,Fibroblast,2.5191646260653004,CID44971-sample-proxy
CID44971_TGCGTGGAGTTAAGTG,-16.504913,4.0886025,1,Fibroblast,2.5191646260653004,CID44971-sample-proxy
CID44971_TGGGCGTAGCTAAGAT,-15.669682,3.7327492,1,Fibroblast,2.5191646260653004,CID44971-sample-proxy
CID44971_TGTCCCAGTAAGGGAA,-17.450394,3.6580055,1,Fibroblast,2.5191646260653004,CID44971-sample-proxy
CID44971_TGTGGTACACCCATTC,-16.044592,3.0961425,1,Fibroblast,2.5191646260653004,CID44971-sample-proxy
CID44971_TGTGGTAGTTACCGAT,-16.442781,3.1132207,1,Fibroblast,2.5191646260653004,CID44971-sample-proxy
CID44971_TTAGGACGTCTCCATC,-17.768953,4.173256,1,Fibroblast,2.5191646260653004,CID44971-sample-proxy
CID44971_TTATGCTAGTGGTAGC,-16.458956,2.7869928,1,Fibroblast,2.5191646260653004,CID44971-sample-proxy
CID44971_TTATGCTCACTGAAGG,-17.049751,3.4355817,1,Fibroblast,2.5191646260653004,CID44971-sample-proxy
CID44971_TTATGCTTCAGCTCTC,-15.191916,4.8518558,1,Fibroblast,2.5191646260653004,CID44971-sample-proxy
CID44971_TTCTCAAAGCACAGGT,-17.490038,4.4191623,1,Fibroblast,2.5191646260653004,CID44971-sample-proxy
CID44971_TTCTTAGGTTTACTCT,-15.1131115,4.356638,1,Fibroblast,2.5191646260653004,CID44971-sample-proxy
CID44971_TTGCCGTTCTGAAAGA,-17.4318,3.498007,1,Fibroblast,2.5191646260653004,CID44971-sample-proxy
CID44971_TTTGGTTGTAAGGGAA,-17.046028,4.0379457,1,Fibroblast,2.5191646260653004,CID44971-sample-proxy
CID44971_GATCGTACATGACATC,-17.185545,5.6761675,1,Fibroblast,2.5191646260653004,CID44971-sample-proxy
CID44971_GCGCCAATCATTTGGG,-17.435472,3.3441534,1,Fibroblast,2.5191646260653004,CID44971-sample-proxy
CID44971_CGTCCATAGAGGTTGC,-17.473398,5.3896604,1,Fibroblast,2.5191646260653004,CID44971-sample-proxy
CID44971_AAGCCGCGTCGCATAT,-16.662106,4.163577,1,Fibroblast,2.5191646260653004,CID44971-sample-proxy
CID44971_AGCGGTCTCTGTCCGT,-17.037336,4.8610787,1,Fibroblast,2.5191646260653004,CID44971-sample-proxy
CID44971_AGGGATGCATGCTGGC,-15.602055,5.1630116,1,Fibroblast,2.5191646260653004,CID44971-sample-proxy
CID44971_CAGTAACGTGCGCTTG,-16.099436,5.4453187,1,Fibroblast,2.5191646260653004,CID44971-sample-proxy
CID44971_CATGACAAGAGCTTCT,-17.431063,5.4951887,1,Fibroblast,2.5191646260653004,CID44971-sample-proxy
CID44971_CCTAAAGGTACCAGTT,-17.0173,4.605369,1,Fibroblast,2.5191646260653004,CID44971-sample-proxy
CID44971_CCTAGCTTCGGTGTTA,-17.818642,5.951541,1,Fibroblast,2.5191646260653004,CID44971-sample-proxy
CID44971_CGATCGGTCGTCTGCT,-15.513313,5.4904275,1,Fibroblast,2.5191646260653004,CID44971-sample-proxy
CID44971_CGGCTAGTCGGTGTTA,-15.412867,5.3990583,1,Fibroblast,2.5191646260653004,CID44971-sample-proxy
CID44971_GAAACTCTCTCGCATC,-15.710157,5.595034,1,Fibroblast,2.5191646260653004,CID44971-sample-proxy
CID44971_CCTAGCTAGGGTTTCT,-15.705631,5.7356963,1,Fibroblast,2.5191646260653004,CID44971-sample-proxy
CID44971_CTCGTACTCGTAGGTT,-15.337669,5.7603664,1,Fibroblast,2.5191646260653004,CID44971-sample-proxy
CID44971_GTGTTAGGTAGGGTAC,-15.488936,5.9021573,1,Fibroblast,2.5191646260653004,CID44971-sample-proxy
CID44971_TGTCCCACACATGGGA,-15.849819,5.395197,1,Fibroblast,2.5191646260653004,CID44971-sample-proxy
CID44971_AGTGGGAGTTCAACCA,-17.83144,5.770344,1,Fibroblast,2.5191646260653004,CID44971-sample-proxy
CID44971_GGGTCTGAGGCCGAAT,-17.698063,5.9955873,1,Fibroblast,2.5191646260653004,CID44971-sample-proxy
CID44971_TTAGGCAAGGGCTCTC,-15.462146,5.849075,1,Fibroblast,2.5191646260653004,CID44971-sample-proxy
CID44971_CTCTAATCACCAGTTA,-16.015188,5.0025153,1,Fibroblast,2.5191646260653004,CID44971-sample-proxy
CID44971_GTCTCGTTCAGCAACT,-15.969438,4.7530017,1,Fibroblast,2.5191646260653004,CID44971-sample-proxy
CID44971_TGAGAGGTCACTTCAT,-15.769141,5.4487414,1,Fibroblast,2.5191646260653004,CID44971-sample-proxy
CID44971_CCGTACTTCTGAGTGT,-16.378477,4.1317883,1,Fibroblast,2.5191646260653004,CID44971-sample-proxy
CID44971_CTGATCCAGCTTCGCG,-15.879841,5.3297725,1,Fibroblast,2.5191646260653004,CID44971-sample-proxy
CID44971_TTCTCAAAGCCGTCGT,-16.854095,4.4087653,1,Fibroblast,2.5191646260653004,CID44971-sample-proxy
CID44971_ACGGAGAGTATTCGTG,-17.90855,5.7936344,1,Fibroblast,2.5191646260653004,CID44971-sample-proxy
CID44971_CCACCTAAGTTGAGAT,-16.506647,5.163857,1,Fibroblast,2.5191646260653004,CID44971-sample-proxy
CID44971_CTCAGAAGTGTGTGCC,-17.983448,5.8871546,1,Fibroblast,2.5191646260653004,CID44971-sample-proxy
CID44971_ATTTCTGCAGGAATGC,-16.477293,4.5845466,1,Fibroblast,2.5191646260653004,CID44971-sample-proxy
CID44971_GTGTGCGTCTCGTTTA,-16.360767,3.9744,1,Fibroblast,2.5191646260653004,CID44971-sample-proxy
CID44971_TGATTTCCACCCTATC,-15.29925,5.1273546,1,Fibroblast,2.5191646260653004,CID44971-sample-proxy
CID44971_AGTGGGAGTGTGAAAT,-15.385447,5.2510996,1,Fibroblast,2.5191646260653004,CID44971-sample-proxy
CID44971_ATCTACTTCACGAAGG,-16.69836,3.7089853,1,Fibroblast,2.5191646260653004,CID44971-sample-proxy
CID44971_CTCCTAGAGTGGACGT,-17.333048,4.597442,1,Fibroblast,2.5191646260653004,CID44971-sample-proxy
CID44971_GCGCGATTCTGGTGTA,-16.385408,4.381679,1,Fibroblast,2.5191646260653004,CID44971-sample-proxy
CID44971_GGATGTTCAGATCGGA,-16.35616,3.5209484,1,Fibroblast,2.5191646260653004,CID44971-sample-proxy
CID44971_GTAGGCCAGTATCTCG,-16.807615,4.5857205,1,Fibroblast,2.5191646260653004,CID44971-sample-proxy
CID44971_TATTACCGTCTCAACA,-17.230124,4.5391855,1,Fibroblast,2.5191646260653004,CID44971-sample-proxy
CID44971_GGCGACTGTCGCTTTC,-16.907421,4.8498425,1,Fibroblast,2.5191646260653004,CID44971-sample-proxy
CID44971_ACAGCCGCAAGACGTG,-17.674799,4.5479565,1,Fibroblast,2.5191646260653004,CID44971-sample-proxy
CID44971_ACTGAGTTCCAGATCA,-16.920837,5.3273764,1,Fibroblast,2.5191646260653004,CID44971-sample-proxy
CID44971_CCTACCAAGTGAATTG,-17.212267,4.2062325,1,Fibroblast,2.5191646260653004,CID44971-sample-proxy
CID44971_CGGAGCTTCAAACCGT,-15.357714,5.081037,1,Fibroblast,2.5191646260653004,CID44971-sample-proxy
CID44971_CTGATCCTCCGTAGTA,-16.24015,4.152211,1,Fibroblast,2.5191646260653004,CID44971-sample-proxy
CID44971_ACACCAAAGGGAACGG,-15.651126,5.3074007,1,Fibroblast,2.5191646260653004,CID44971-sample-proxy
CID44971_CCCAATCGTATGAATG,-15.827333,5.127532,1,Fibroblast,2.5191646260653004,CID44971-sample-proxy
CID44971_CACATTTGTTATCCGA,-15.319076,3.9771278,1,Fibroblast,2.5191646260653004,CID44971-sample-proxy
CID44971_CGATCGGTCTCCAGGG,-15.595742,4.826867,1,Fibroblast,2.5191646260653004,CID44971-sample-proxy
CID44971_CTGCTGTCATCGTCGG,-15.252766,4.371621,1,Fibroblast,2.5191646260653004,CID44971-sample-proxy
CID44971_TGAAAGAAGTCGTTTG,-15.28764,4.8604817,1,Fibroblast,2.5191646260653004,CID44971-sample-proxy
CID44971_AGCTCCTCACCGCTAG,-16.406572,4.3510933,1,Fibroblast,2.5191646260653004,CID44971-sample-proxy
CID44971_CAGAGAGCATGTCCTC,-15.765931,5.0757866,1,Fibroblast,2.5191646260653004,CID44971-sample-proxy
CID44971_CGTAGCGAGGCCGAAT,-16.180801,4.8637753,1,Fibroblast,2.5191646260653004,CID44971-sample-proxy
CID44971_TCAGGATTCACTTCAT,-16.165447,4.8796663,1,Fibroblast,2.5191646260653004,CID44971-sample-proxy
CID44971_ATCATGGCAGTAAGAT,-15.877029,5.1328716,1,Fibroblast,2.5191646260653004,CID44971-sample-proxy
CID44971_ATCTACTCAGTAAGCG,-17.217678,3.9588275,1,Fibroblast,2.5191646260653004,CID44971-sample-proxy
CID44971_CGACTTCGTACTTGAC,-16.35,3.902658,1,Fibroblast,2.5191646260653004,CID44971-sample-proxy
CID44971_CTAGAGTGTAGCTTGT,-16.075098,4.12405,1,Fibroblast,2.5191646260653004,CID44971-sample-proxy
CID44971_GTTCGGGTCCCATTTA,-17.515192,4.4461308,1,Fibroblast,2.5191646260653004,CID44971-sample-proxy
CID44971_GCATGTAGTCCGTGAC,-16.055542,4.389003,1,Fibroblast,2.5191646260653004,CID44971-sample-proxy
CID44971_AACTGGTGTTAAGAAC,-14.801414,5.806865,1,Fibroblast,2.5191646260653004,CID44971-sample-proxy
CID44971_TTAACTCTCTATGTGG,-15.341494,6.119323,1,Fibroblast,2.5191646260653004,CID44971-sample-proxy
CID44971_CATGGCGGTCGGCTCA,-15.378301,5.68937,1,Fibroblast,2.5191646260653004,CID44971-sample-proxy
CID44971_CCTCAGTAGGCGCTCT,-15.002643,6.230078,1,Fibroblast,2.5191646260653004,CID44971-sample-proxy
CID44971_GGTGAAGAGTTACGGG,-15.410356,6.001756,1,Fibroblast,2.5191646260653004,CID44971-sample-proxy
CID44971_TCGTAGAAGGACACCA,-15.296884,6.1593485,1,Fibroblast,2.5191646260653004,CID44971-sample-proxy
CID44971_CTTAGGAGTGCAACGA,-14.896319,6.2622347,1,Fibroblast,2.5191646260653004,CID44971-sample-proxy
CID44971_GAGGTGAGTGCGGTAA,-14.824498,6.2707157,1,Fibroblast,2.5191646260653004,CID44971-sample-proxy
CID44971_GACTAACCATTGGGCC,-17.638044,5.7807717,1,Fibroblast,2.5191646260653004,CID44971-sample-proxy
CID44971_GTCATTTGTCAATGTC,-15.2438,5.577685,1,Fibroblast,2.5191646260653004,CID44971-sample-proxy
CID44971_AACCATGTCTTGCAAG,-15.591112,5.395252,1,Fibroblast,2.5191646260653004,CID44971-sample-proxy
CID44971_AGGGATGAGTTTCCTT,-15.505172,5.316594,1,Fibroblast,2.5191646260653004,CID44971-sample-proxy
CID44971_CCCAGTTAGCTGCGAA,-15.993233,5.035911,1,Fibroblast,2.5191646260653004,CID44971-sample-proxy
CID44971_CTCGAAAGTGTTGGGA,-16.026148,4.8943696,1,Fibroblast,2.5191646260653004,CID44971-sample-proxy
CID44971_CTGCCTACATGACGGA,-16.106577,5.37184,1,Fibroblast,2.5191646260653004,CID44971-sample-proxy
CID44971_GGGCACTTCGTAGATC,-16.509039,4.7699943,1,Fibroblast,2.5191646260653004,CID44971-sample-proxy
CID44971_TGAGAGGCAGTCAGCC,-17.618513,5.4877453,1,Fibroblast,2.5191646260653004,CID44971-sample-proxy
CID44971_AAAGATGAGCGTCTAT,-14.860976,5.861249,1,Fibroblast,2.5191646260653004,CID44971-sample-proxy
CID44971_AAAGATGAGCGTGTCC,-15.050568,6.310479,1,Fibroblast,2.5191646260653004,CID44971-sample-proxy
CID44971_AAATGCCTCCCATTTA,-14.658943,6.107453,1,Fibroblast,2.5191646260653004,CID44971-sample-proxy
CID44971_AACGTTGGTCAATGTC,-14.730525,6.6062016,1,Fibroblast,2.5191646260653004,CID44971-sample-proxy
CID44971_AACTCTTCAGTACACT,-14.713308,6.187202,1,Fibroblast,2.5191646260653004,CID44971-sample-proxy
CID44971_AAGCCGCGTCATGCAT,-14.425716,6.289055,1,Fibroblast,2.5191646260653004,CID44971-sample-proxy
CID44971_ACACCGGTCCTATTCA,-14.574424,6.1534305,1,Fibroblast,2.5191646260653004,CID44971-sample-proxy
CID44971_ACATCAGAGTAAGTAC,-14.343076,6.327473,1,Fibroblast,2.5191646260653004,CID44971-sample-proxy
CID44971_ACGATGTGTAGGGTAC,-14.47504,6.508733,1,Fibroblast,2.5191646260653004,CID44971-sample-proxy
CID44971_ACGGGCTCAGCCACCA,-14.675358,6.191856,1,Fibroblast,2.5191646260653004,CID44971-sample-proxy
CID44971_ACTGAACCACAAGACG,-14.437521,6.3219953,1,Fibroblast,2.5191646260653004,CID44971-sample-proxy
CID44971_ACTGATGGTTCGTGAT,-15.0605345,5.9631615,1,Fibroblast,2.5191646260653004,CID44971-sample-proxy
CID44971_ACTGTCCCACCAGGCT,-14.351267,6.151179,1,Fibroblast,2.5191646260653004,CID44971-sample-proxy
CID44971_AGCAGCCGTTGAGGTG,-15.49572,6.018025,1,Fibroblast,2.5191646260653004,CID44971-sample-proxy
CID44971_ATGCGATGTACCGTAT,-14.422496,6.260572,1,Fibroblast,2.5191646260653004,CID44971-sample-proxy
CID44971_ATTATCCGTCCTGCTT,-14.920531,6.178745,1,Fibroblast,2.5191646260653004,CID44971-sample-proxy
CID44971_CACCAGGGTAGATTAG,-14.376682,6.473079,1,Fibroblast,2.5191646260653004,CID44971-sample-proxy
CID44971_CACCAGGTCTCTTATG,-14.605843,5.9418626,1,Fibroblast,2.5191646260653004,CID44971-sample-proxy
CID44971_CAGAATCCAATGACCT,-14.44068,6.435596,1,Fibroblast,2.5191646260653004,CID44971-sample-proxy
CID44971_CATCAAGGTCCGAATT,-14.476915,6.292428,1,Fibroblast,2.5191646260653004,CID44971-sample-proxy
CID44971_CCACCTATCTAGAGTC,-15.076068,6.153429,1,Fibroblast,2.5191646260653004,CID44971-sample-proxy
CID44971_CCGTTCATCGCCAGCA,-14.656824,6.416484,1,Fibroblast,2.5191646260653004,CID44971-sample-proxy
CID44971_CGATCGGCACCCAGTG,-14.922997,6.2639046,1,Fibroblast,2.5191646260653004,CID44971-sample-proxy
CID44971_CGCTATCGTGCCTGGT,-14.562607,6.555428,1,Fibroblast,2.5191646260653004,CID44971-sample-proxy
CID44971_CTAACTTTCCTCATTA,-14.93827,5.568738,1,Fibroblast,2.5191646260653004,CID44971-sample-proxy
CID44971_CTCGAGGTCCCTAACC,-15.078741,6.076444,1,Fibroblast,2.5191646260653004,CID44971-sample-proxy
CID44971_CTCGTCATCTAAGCCA,-14.700334,6.316854,1,Fibroblast,2.5191646260653004,CID44971-sample-proxy
CID44971_CTGCGGAGTTTAAGCC,-15.047884,6.1024632,1,Fibroblast,2.5191646260653004,CID44971-sample-proxy
CID44971_CTGCTGTCAGTCCTTC,-14.487751,6.6483483,1,Fibroblast,2.5191646260653004,CID44971-sample-proxy
CID44971_GACGTGCAGATAGTCA,-14.666466,6.4899616,1,Fibroblast,2.5191646260653004,CID44971-sample-proxy
CID44971_GACTAACCACTACAGT,-14.542409,6.6948442,1,Fibroblast,2.5191646260653004,CID44971-sample-proxy
CID44971_GACTGCGCACCAGTTA,-15.247065,5.8493567,1,Fibroblast,2.5191646260653004,CID44971-sample-proxy
CID44971_GCATGTACAATCCGAT,-14.666813,6.657773,1,Fibroblast,2.5191646260653004,CID44971-sample-proxy
CID44971_GCCTCTAAGATGAGAG,-15.013336,6.391015,1,Fibroblast,2.5191646260653004,CID44971-sample-proxy
CID44971_GCGCGATTCCAAACAC,-15.179747,5.6090117,1,Fibroblast,2.5191646260653004,CID44971-sample-proxy
CID44971_GCTCTGTAGCCACTAT,-14.381589,6.1503305,1,Fibroblast,2.5191646260653004,CID44971-sample-proxy
CID44971_GCTGCTTCATGAGCGA,-15.102159,6.2261586,1,Fibroblast,2.5191646260653004,CID44971-sample-proxy
CID44971_GCTGGGTGTAACGACG,-14.805453,6.4815474,1,Fibroblast,2.5191646260653004,CID44971-sample-proxy
CID44971_GGCGACTGTACCGTAT,-14.746523,6.1321406,1,Fibroblast,2.5191646260653004,CID44971-sample-proxy
CID44971_GGGCACTGTGAGGGAG,-14.317652,6.471535,1,Fibroblast,2.5191646260653004,CID44971-sample-proxy
CID44971_GTAACGTAGTTCGATC,-15.3116045,6.128913,1,Fibroblast,2.5191646260653004,CID44971-sample-proxy
CID44971_GTCCTCAAGCTTATCG,-15.265561,6.0486584,1,Fibroblast,2.5191646260653004,CID44971-sample-proxy
CID44971_GTGTGCGCAGGTCCAC,-15.8502655,5.5706434,1,Fibroblast,2.5191646260653004,CID44971-sample-proxy
CID44971_GTTCATTCATATACGC,-15.196504,6.1607575,1,Fibroblast,2.5191646260653004,CID44971-sample-proxy
CID44971_TAAGTGCCAGGATTGG,-15.220679,6.088043,1,Fibroblast,2.5191646260653004,CID44971-sample-proxy
CID44971_TACACGAGTGCCTGCA,-14.648971,6.4788923,1,Fibroblast,2.5191646260653004,CID44971-sample-proxy
CID44971_TATCAGGTCTGAGGGA,-15.271904,6.3026404,1,Fibroblast,2.5191646260653004,CID44971-sample-proxy
CID44971_TATCAGGTCTTGTACT,-14.560761,6.3586497,1,Fibroblast,2.5191646260653004,CID44971-sample-proxy
CID44971_TATTACCTCATGTCTT,-14.634355,6.5798845,1,Fibroblast,2.5191646260653004,CID44971-sample-proxy
CID44971_TCACGAAGTGCCTTGG,-14.514004,6.610227,1,Fibroblast,2.5191646260653004,CID44971-sample-proxy
CID44971_TCGCGTTGTCTAAACC,-14.543138,6.239786,1,Fibroblast,2.5191646260653004,CID44971-sample-proxy
CID44971_TCTCTAATCATCTGCC,-14.655391,6.6980705,1,Fibroblast,2.5191646260653004,CID44971-sample-proxy
CID44971_TGCCAAAAGTCCGTAT,-14.590376,6.6681023,1,Fibroblast,2.5191646260653004,CID44971-sample-proxy
CID44971_TGGTTAGTCATGTCCC,-14.849543,6.533698,1,Fibroblast,2.5191646260653004,CID44971-sample-proxy
CID44971_TTAGGACGTCAACATC,-14.649606,5.9848676,1,Fibroblast,2.5191646260653004,CID44971-sample-proxy
CID44971_TTCTCAAAGGGAGTAA,-15.112506,6.11266,1,Fibroblast,2.5191646260653004,CID44971-sample-proxy
CID44971_TTCTCCTAGGCTAGCA,-14.773801,6.5355515,1,Fibroblast,2.5191646260653004,CID44971-sample-proxy
CID44971_AAACGGGTCCTAGAAC,-16.270508,4.906282,1,Fibroblast,2.5191646260653004,CID44971-sample-proxy
CID44971_AGCCTAAGTAAGTTCC,-14.639206,6.0337076,1,Fibroblast,2.5191646260653004,CID44971-sample-proxy
CID44971_GAGCAGAGTACACCGC,-14.676959,5.9458838,1,Fibroblast,2.5191646260653004,CID44971-sample-proxy
CID44971_GGACAAGAGTATGACA,-14.601042,5.8914504,1,Fibroblast,2.5191646260653004,CID44971-sample-proxy
CID44971_TAAACCGCACAGACTT,-14.689531,5.8997684,1,Fibroblast,2.5191646260653004,CID44971-sample-proxy
CID44971_AACCGCGAGTCCGGTC,-10.26696,1.1521709,2,Perivascular,4.379850516545134,CID44971-sample-proxy
CID44971_AGACGTTCACATGGGA,-10.922973,1.1218522,2,Perivascular,4.379850516545134,CID44971-sample-proxy
CID44971_AGATTGCCAGTATCTG,-10.533578,1.1107783,2,Perivascular,4.379850516545134,CID44971-sample-proxy
CID44971_AGTGAGGGTAAGTAGT,-10.541657,0.8838448,2,Perivascular,4.379850516545134,CID44971-sample-proxy
CID44971_AGTGGGACATGCCCGA,-10.677088,1.0914111,2,Perivascular,4.379850516545134,CID44971-sample-proxy
CID44971_AGTGGGATCTTCCTTC,-10.81417,0.95456076,2,Perivascular,4.379850516545134,CID44971-sample-proxy
CID44971_CAGCAGCTCTTAGCCC,-10.545262,1.1699365,2,Perivascular,4.379850516545134,CID44971-sample-proxy
CID44971_CAGCATAAGAGACGAA,-10.664169,1.2015846,2,Perivascular,4.379850516545134,CID44971-sample-proxy
CID44971_CATATGGAGCAGATCG,-10.688474,0.9138732,2,Perivascular,4.379850516545134,CID44971-sample-proxy
CID44971_CGGGTCAGTGTCAATC,-10.397388,1.176778,2,Perivascular,4.379850516545134,CID44971-sample-proxy
CID44971_CGTGTCTTCATCTGTT,-10.511743,0.7432302,2,Perivascular,4.379850516545134,CID44971-sample-proxy
CID44971_GCATGCGCATCTGGTA,-10.746715,0.99286,2,Perivascular,4.379850516545134,CID44971-sample-proxy
CID44971_GTACTCCCATGTCCTC,-10.888854,0.8901501,2,Perivascular,4.379850516545134,CID44971-sample-proxy
CID44971_GTAGTCAGTAGTGAAT,-10.645214,0.9323818,2,Perivascular,4.379850516545134,CID44971-sample-proxy
CID44971_TCAGATGTCATAGCAC,-10.426056,0.63013524,2,Perivascular,4.379850516545134,CID44971-sample-proxy
CID44971_TCAGCTCAGTTGTCGT,-10.8735075,0.8910273,2,Perivascular,4.379850516545134,CID44971-sample-proxy
CID44971_TCAGGTACAAAGAATC,-10.31329,1.0942161,2,Perivascular,4.379850516545134,CID44971-sample-proxy
CID44971_TGCTACCAGGCTAGGT,-10.260571,1.1896881,2,Perivascular,4.379850516545134,CID44971-sample-proxy
CID44971_TGGTTAGTCGTATCAG,-10.537225,0.8011945,2,Perivascular,4.379850516545134,CID44971-sample-proxy
CID44971_ACTGCTCCATGTAAGA,-10.7389555,1.0949627,2,Perivascular,4.379850516545134,CID44971-sample-proxy
CID44971_AAACCTGGTCAGTGGA,-10.134458,0.73165005,2,Perivascular,4.379850516545134,CID44971-sample-proxy
CID44971_CAGCTAATCGGTCCGA,-10.130296,0.90228486,2,Perivascular,4.379850516545134,CID44971-sample-proxy
CID44971_AGAGCTTGTAACGACG,-10.249629,0.52467674,2,Perivascular,4.379850516545134,CID44971-sample-proxy
CID44971_CAGCAGCAGCTAGTTC,-10.279257,0.9897276,2,Perivascular,4.379850516545134,CID44971-sample-proxy
CID44971_GTTTCTAGTGCCTTGG,-10.1613455,0.94787955,2,Perivascular,4.379850516545134,CID44971-sample-proxy
CID44971_CGGCTAGGTACTCAAC,-10.15578,1.0495955,2,Perivascular,4.379850516545134,CID44971-sample-proxy
CID44971_CTCGGGAAGCAATATG,-10.69459,1.0939497,2,Perivascular,4.379850516545134,CID44971-sample-proxy
CID44971_GACGTTAGTATCTGCA,-10.310559,1.1366957,2,Perivascular,4.379850516545134,CID44971-sample-proxy
CID44971_GTCGTAAGTCGAGATG,-10.094621,0.7965263,2,Perivascular,4.379850516545134,CID44971-sample-proxy
CID44971_AACTCCCAGTTGTCGT,-10.125149,1.077826,2,Perivascular,4.379850516545134,CID44971-sample-proxy
CID44971_ACGGAGATCATATCGG,-10.341503,1.3895482,2,Perivascular,4.379850516545134,CID44971-sample-proxy
CID44971_AGATCTGTCTCTGTCG,-10.399282,1.1817926,2,Perivascular,4.379850516545134,CID44971-sample-proxy
CID44971_ATCATCTCAGTCGTGC,-10.456427,1.0095516,2,Perivascular,4.379850516545134,CID44971-sample-proxy
CID44971_ATGGGAGTCTTTCCTC,-10.491964,1.3523263,2,Perivascular,4.379850516545134,CID44971-sample-proxy
CID44971_CAGCATACACGCGAAA,-10.225368,1.0482053,2,Perivascular,4.379850516545134,CID44971-sample-proxy
CID44971_CCACGGAGTGGCCCTA,-10.256819,1.2712059,2,Perivascular,4.379850516545134,CID44971-sample-proxy
CID44971_CCTTCCCCAATGAAAC,-10.324483,1.2784922,2,Perivascular,4.379850516545134,CID44971-sample-proxy
CID44971_CGATGGCTCGGTTAAC,-10.47123,1.2956532,2,Perivascular,4.379850516545134,CID44971-sample-proxy
CID44971_CGCGTTTTCGTGACAT,-10.152918,1.0723985,2,Perivascular,4.379850516545134,CID44971-sample-proxy
CID44971_CGGAGTCTCGTCTGAA,-10.887438,1.0614526,2,Perivascular,4.379850516545134,CID44971-sample-proxy
CID44971_CTACCCACAATTGCTG,-10.31577,1.2117,2,Perivascular,4.379850516545134,CID44971-sample-proxy
CID44971_GAGTCCGAGTTTCCTT,-10.575765,1.1462483,2,Perivascular,4.379850516545134,CID44971-sample-proxy
CID44971_GCAGCCAAGTTCGCGC,-10.491015,1.3691272,2,Perivascular,4.379850516545134,CID44971-sample-proxy
CID44971_GCTGGGTGTCCTCTTG,-10.358065,1.2311454,2,Perivascular,4.379850516545134,CID44971-sample-proxy
CID44971_GTCTTCGGTTCCACAA,-10.348666,1.2881023,2,Perivascular,4.379850516545134,CID44971-sample-proxy
CID44971_TCGAGGCGTGCGAAAC,-10.313612,1.1421003,2,Perivascular,4.379850516545134,CID44971-sample-proxy
CID44971_TGTGGTAAGGTTACCT,-10.116665,1.169504,2,Perivascular,4.379850516545134,CID44971-sample-proxy
CID44971_TGTTCCGGTGTATGGG,-10.184245,1.3015683,2,Perivascular,4.379850516545134,CID44971-sample-proxy
CID44971_ACGGGTCGTCCAACTA,-16.545153,3.8723347,1,Fibroblast,2.5191646260653004,CID44971-sample-proxy
CID44971_GATCGATAGAGTACAT,-17.284676,3.3811886,1,Fibroblast,2.5191646260653004,CID44971-sample-proxy
CID44971_CAACTAGCAAATTGCC,-10.222337,1.3059512,2,Perivascular,4.379850516545134,CID44971-sample-proxy
CID44971_CATCCACCAAACTGTC,-10.21676,1.269172,2,Perivascular,4.379850516545134,CID44971-sample-proxy
CID44971_CTAACTTGTGACTACT,-10.243283,1.3404856,2,Perivascular,4.379850516545134,CID44971-sample-proxy
CID44971_GTTTCTACATCACCCT,-10.389691,0.9412961,2,Perivascular,4.379850516545134,CID44971-sample-proxy
CID44971_CTACGTCTCTTGTACT,-15.545156,5.0982127,1,Fibroblast,2.5191646260653004,CID44971-sample-proxy
CID44971_TGATTTCAGTCGTTTG,-15.019047,3.8392498,1,Fibroblast,2.5191646260653004,CID44971-sample-proxy
CID44971_AAACGGGAGGAGTAGA,-10.153114,0.6462302,2,Perivascular,4.379850516545134,CID44971-sample-proxy
CID44971_ACACCCTAGCTGGAAC,-10.263233,0.52443707,2,Perivascular,4.379850516545134,CID44971-sample-proxy
CID44971_ACGCCGAGTTGGGACA,-10.217112,0.4514419,2,Perivascular,4.379850516545134,CID44971-sample-proxy
CID44971_ACGGGCTTCCAGAGGA,-10.986122,1.1056408,2,Perivascular,4.379850516545134,CID44971-sample-proxy
CID44971_CAACCTCTCCTCCTAG,-10.231424,0.5262344,2,Perivascular,4.379850516545134,CID44971-sample-proxy
CID44971_CACAAACAGGGATCTG,-10.2641,0.76430655,2,Perivascular,4.379850516545134,CID44971-sample-proxy
CID44971_CAGAGAGTCGGCATCG,-10.20484,1.061568,2,Perivascular,4.379850516545134,CID44971-sample-proxy
CID44971_CAGCGACAGATGCCAG,-10.048881,0.8196091,2,Perivascular,4.379850516545134,CID44971-sample-proxy
CID44971_CCGTACTTCAGCTCGG,-10.075722,0.5934372,2,Perivascular,4.379850516545134,CID44971-sample-proxy
CID44971_CGAATGTAGTACACCT,-10.3840885,0.44490683,2,Perivascular,4.379850516545134,CID44971-sample-proxy
CID44971_CGACTTCGTGTCCTCT,-10.035764,0.39115775,2,Perivascular,4.379850516545134,CID44971-sample-proxy
CID44971_CTCTACGGTTTGTTGG,-10.169671,0.45373902,2,Perivascular,4.379850516545134,CID44971-sample-proxy
CID44971_GCGCAACGTTCCGGCA,-10.928452,0.9704803,2,Perivascular,4.379850516545134,CID44971-sample-proxy
CID44971_GCTGCAGGTCTAGGTT,-10.274383,0.48542628,2,Perivascular,4.379850516545134,CID44971-sample-proxy
CID44971_GGGCACTCATCGGGTC,-10.2626505,0.6519643,2,Perivascular,4.379850516545134,CID44971-sample-proxy
CID44971_TACTCATAGTTGAGAT,-10.045728,0.42379135,2,Perivascular,4.379850516545134,CID44971-sample-proxy
CID44971_TAGACCACAAGCGTAG,-10.133841,0.581703,2,Perivascular,4.379850516545134,CID44971-sample-proxy
CID44971_TATCTCAGTAGAAAGG,-10.242504,0.8676717,2,Perivascular,4.379850516545134,CID44971-sample-proxy
CID44971_TCACAAGCAGTGGAGT,-9.930737,0.6166448,2,Perivascular,4.379850516545134,CID44971-sample-proxy
CID44971_TGACAACGTTAGTGGG,-10.291435,0.60867673,2,Perivascular,4.379850516545134,CID44971-sample-proxy
CID44971_CTCGTCAGTCACTGGC,20.545418,22.805738,0,Endothelial,4.173164901300272,CID44971-sample-proxy
CID44971_ACGCCGAAGGCAGGTT,20.436073,22.93765,0,Endothelial,4.173164901300272,CID44971-sample-proxy
CID44971_ATTTCTGTCAAACCAC,20.318373,22.678534,0,Endothelial,4.173164901300272,CID44971-sample-proxy
CID44971_CAAGAAACAAACAACA,20.256432,22.932892,0,Endothelial,4.173164901300272,CID44971-sample-proxy
CID44971_CCTCAGTGTGAAAGAG,20.326248,22.83328,0,Endothelial,4.173164901300272,CID44971-sample-proxy
CID44971_CGCCAAGAGCCCAGCT,20.635155,22.86873,0,Endothelial,4.173164901300272,CID44971-sample-proxy
CID44971_CTTAACTAGGTGATTA,20.216084,22.95132,0,Endothelial,4.173164901300272,CID44971-sample-proxy
CID44971_GACGTTATCCTAGGGC,20.272787,22.828098,0,Endothelial,4.173164901300272,CID44971-sample-proxy
CID44971_GCGCCAATCCGCTGTT,20.493507,22.816538,0,Endothelial,4.173164901300272,CID44971-sample-proxy
CID44971_GTCGTAAGTGTGCGTC,20.297674,22.759033,0,Endothelial,4.173164901300272,CID44971-sample-proxy
CID44971_ACGCCAGCACCGAAAG,20.584772,22.81803,0,Endothelial,4.173164901300272,CID44971-sample-proxy
CID44971_ACGGGCTGTCCGTGAC,23.972746,-1.9097432,3,B cells,3.249953179598169,CID44971-sample-proxy
CID44971_CAGCGACAGTCGAGTG,24.639341,-1.7455729,3,B cells,3.249953179598169,CID44971-sample-proxy
CID44971_CTACGTCAGAGTACCG,22.56357,-3.5595315,3,B cells,3.249953179598169,CID44971-sample-proxy
CID44971_CTCCTAGCAGCAGTTT,22.644152,-3.2100587,3,B cells,3.249953179598169,CID44971-sample-proxy
CID44971_GTCACGGAGTCTCAAC,23.984776,-2.4218268,3,B cells,3.249953179598169,CID44971-sample-proxy
CID44971_ACATCAGAGAAACGAG,22.80429,-3.4544897,3,B cells,3.249953179598169,CID44971-sample-proxy
CID44971_ACGGGTCCAAGCCATT,22.93671,-1.116678,3,B cells,3.249953179598169,CID44971-sample-proxy
CID44971_ACTATCTTCTTAGCCC,23.590765,-2.0120232,3,B cells,3.249953179598169,CID44971-sample-proxy
CID44971_ACTGATGGTTGGGACA,22.930899,-0.990246,3,B cells,3.249953179598169,CID44971-sample-proxy
CID44971_AGCATACGTCTTCAAG,22.589434,-3.3905258,3,B cells,3.249953179598169,CID44971-sample-proxy
CID44971_AGCGTATCATATACGC,23.732662,-1.0623202,3,B cells,3.249953179598169,CID44971-sample-proxy
CID44971_AGCTCTCCATACTACG,23.614332,-1.0436267,3,B cells,3.249953179598169,CID44971-sample-proxy
CID44971_AGTAGTCTCTAACGGT,24.7981,-1.8278731,3,B cells,3.249953179598169,CID44971-sample-proxy
CID44971_ATAAGAGCACTAAGTC,22.8058,-1.7418168,3,B cells,3.249953179598169,CID44971-sample-proxy
CID44971_ATGTGTGAGCTAAGAT,23.166937,-1.3660445,3,B cells,3.249953179598169,CID44971-sample-proxy
CID44971_CAACCTCCATCGATTG,23.216095,-2.6182563,3,B cells,3.249953179598169,CID44971-sample-proxy
CID44971_CACACCTTCTTTAGGG,22.750675,-3.4631515,3,B cells,3.249953179598169,CID44971-sample-proxy
CID44971_CATGCCTCAGTGACAG,22.569904,-2.2778819,3,B cells,3.249953179598169,CID44971-sample-proxy
CID44971_CCTAAAGGTATAGTAG,24.590866,-1.7816437,3,B cells,3.249953179598169,CID44971-sample-proxy
CID44971_CGTGAGCCAGCTGTAT,23.187311,-1.8506662,3,B cells,3.249953179598169,CID44971-sample-proxy
CID44971_CTAGCCTTCTGTCTCG,22.482252,-1.5584935,3,B cells,3.249953179598169,CID44971-sample-proxy
CID44971_CTAGTGATCGGCATCG,23.180658,-2.6735747,3,B cells,3.249953179598169,CID44971-sample-proxy
CID44971_CTCGTACGTACTTAGC,23.563675,-2.1225064,3,B cells,3.249953179598169,CID44971-sample-proxy
CID44971_GACGTTACAATGAAAC,22.934511,-1.5503211,3,B cells,3.249953179598169,CID44971-sample-proxy
CID44971_GACTGCGGTCCCGACA,23.724388,-1.8020532,3,B cells,3.249953179598169,CID44971-sample-proxy
CID44971_GCCAAATGTGATGCCC,22.961699,-2.264657,3,B cells,3.249953179598169,CID44971-sample-proxy
CID44971_GCCTCTAAGTTGTCGT,22.658346,-3.3694718,3,B cells,3.249953179598169,CID44971-sample-proxy
CID44971_GCGACCATCCAGGGCT,22.768053,-3.5853589,3,B cells,3.249953179598169,CID44971-sample-proxy
CID44971_GCTCTGTCAGCTTCGG,23.559736,-1.2242696,3,B cells,3.249953179598169,CID44971-sample-proxy
CID44971_GGCAATTCAGTCGTGC,23.58962,-2.717736,3,B cells,3.249953179598169,CID44971-sample-proxy
CID44971_GGCAATTGTTTAAGCC,24.92532,-2.7385917,3,B cells,3.249953179598169,CID44971-sample-proxy
CID44971_GGTATTGAGCATCATC,22.764248,-3.3804681,3,B cells,3.249953179598169,CID44971-sample-proxy
CID44971_GTAACGTTCCTTGACC,22.794132,-2.5764294,3,B cells,3.249953179598169,CID44971-sample-proxy
CID44971_GTAGGCCGTGTGGCTC,23.252874,-1.7476332,3,B cells,3.249953179598169,CID44971-sample-proxy
CID44971_GTCGGGTTCACCATAG,23.01159,-0.9365933,3,B cells,3.249953179598169,CID44971-sample-proxy
CID44971_GTGCGGTCAGTAAGAT,25.607061,-2.244374,3,B cells,3.249953179598169,CID44971-sample-proxy
CID44971_GTGTTAGTCAACCAAC,22.75709,-3.404284,3,B cells,3.249953179598169,CID44971-sample-proxy
CID44971_GTTACAGTCCATGAAC,23.08773,-1.4531103,3,B cells,3.249953179598169,CID44971-sample-proxy
CID44971_TACAGTGAGTGCTGCC,23.281303,-1.5821095,3,B cells,3.249953179598169,CID44971-sample-proxy
CID44971_TACGGATTCCTACAGA,22.912413,-2.7988527,3,B cells,3.249953179598169,CID44971-sample-proxy
CID44971_TACTCGCTCCTCGCAT,23.606995,-1.6550531,3,B cells,3.249953179598169,CID44971-sample-proxy
CID44971_TCGGTAATCTGCGACG,23.222342,-1.7046627,3,B cells,3.249953179598169,CID44971-sample-proxy
CID44971_TTGACTTCAAACCTAC,22.973673,-3.2738535,3,B cells,3.249953179598169,CID44971-sample-proxy
CID44971_TTGCCGTCAGCGAACA,22.665285,-1.470236,3,B cells,3.249953179598169,CID44971-sample-proxy
CID44971_AGCTCCTAGCCGGTAA,23.583387,-2.3457901,3,B cells,3.249953179598169,CID44971-sample-proxy
CID44971_CCTCTGACAATAGCAA,22.497244,-3.1049604,3,B cells,3.249953179598169,CID44971-sample-proxy
CID44971_CGAATGTTCAATAAGG,24.679699,-2.9412217,3,B cells,3.249953179598169,CID44971-sample-proxy
CID44971_CGAGCACAGCGAAGGG,23.527477,-1.7655847,3,B cells,3.249953179598169,CID44971-sample-proxy
CID44971_CTGGTCTCAAGACGTG,23.121983,-2.6730125,3,B cells,3.249953179598169,CID44971-sample-proxy
CID44971_GATGAGGAGACTAAGT,25.642275,-3.169301,3,B cells,3.249953179598169,CID44971-sample-proxy
CID44971_GTGTTAGGTCGTCTTC,22.718004,-1.4075981,3,B cells,3.249953179598169,CID44971-sample-proxy
CID44971_GTTCTCGTCGGTTAAC,22.872368,-2.2572978,3,B cells,3.249953179598169,CID44971-sample-proxy
CID44971_AGCGGTCCAGCATGAG,23.661379,-1.6257719,3,B cells,3.249953179598169,CID44971-sample-proxy
CID44971_CAGCAGCTCCACGAAT,22.849876,-3.0188057,3,B cells,3.249953179598169,CID44971-sample-proxy
CID44971_GCATGCGGTGCTGTAT,23.212925,-3.0853157,3,B cells,3.249953179598169,CID44971-sample-proxy
CID44971_GTCGGGTGTGACTACT,22.634998,-3.458017,3,B cells,3.249953179598169,CID44971-sample-proxy
CID44971_TACCTTAAGGCGTACA,23.434862,-3.1576178,3,B cells,3.249953179598169,CID44971-sample-proxy
CID44971_TAGTTGGGTTCTCATT,24.62126,-1.5967929,3,B cells,3.249953179598169,CID44971-sample-proxy
CID44971_TGAAAGATCCGGGTGT,25.203316,-2.784522,3,B cells,3.249953179598169,CID44971-sample-proxy
CID44971_TGGGCGTCAGTTAACC,22.964426,-3.0135856,3,B cells,3.249953179598169,CID44971-sample-proxy
CID44971_ACGGGCTGTCTCTCTG,25.206675,-1.8669232,3,B cells,3.249953179598169,CID44971-sample-proxy
CID44971_ACTTTCAAGGGTCGAT,22.912722,-2.744802,3,B cells,3.249953179598169,CID44971-sample-proxy
CID44971_AGGGATGTCAGAAATG,24.511278,-1.4088689,3,B cells,3.249953179598169,CID44971-sample-proxy
CID44971_CAACTAGTCAATCTCT,24.281021,-1.87989,3,B cells,3.249953179598169,CID44971-sample-proxy
CID44971_CAAGATCAGTCGCCGT,23.251743,-2.899943,3,B cells,3.249953179598169,CID44971-sample-proxy
CID44971_CAGATCACACGTTGGC,26.003647,-2.2998066,3,B cells,3.249953179598169,CID44971-sample-proxy
CID44971_CAGTCCTCAAGTAGTA,22.704947,-2.2419446,3,B cells,3.249953179598169,CID44971-sample-proxy
CID44971_CATGCCTCAGGACCCT,22.807074,-1.5950819,3,B cells,3.249953179598169,CID44971-sample-proxy
CID44971_CCCAATCAGTACATGA,22.861813,-1.0540801,3,B cells,3.249953179598169,CID44971-sample-proxy
CID44971_CCTACACTCATAACCG,25.60766,-2.4308028,3,B cells,3.249953179598169,CID44971-sample-proxy
CID44971_CCTTACGCATCACCCT,23.711815,-2.2577994,3,B cells,3.249953179598169,CID44971-sample-proxy
CID44971_CGAACATTCATTATCC,24.247217,-1.1547811,3,B cells,3.249953179598169,CID44971-sample-proxy
CID44971_CGCCAAGTCCATGAGT,23.170353,-1.173103,3,B cells,3.249953179598169,CID44971-sample-proxy
CID44971_CGTAGCGCATCGGACC,22.405764,-1.6330354,3,B cells,3.249953179598169,CID44971-sample-proxy
CID44971_CTAAGACCATGGTTGT,23.045862,-1.5560293,3,B cells,3.249953179598169,CID44971-sample-proxy
CID44971_CTCAGAACACAGACTT,23.927904,-1.1309284,3,B cells,3.249953179598169,CID44971-sample-proxy
CID44971_CTCGTACAGACTAGAT,23.090235,-1.2825692,3,B cells,3.249953179598169,CID44971-sample-proxy
CID44971_GCGAGAAAGGTGATAT,22.715305,-1.1897583,3,B cells,3.249953179598169,CID44971-sample-proxy
CID44971_GGACGTCAGGACGAAA,24.72149,-1.702932,3,B cells,3.249953179598169,CID44971-sample-proxy
CID44971_GGGAGATAGCCCAATT,22.479383,-3.584069,3,B cells,3.249953179598169,CID44971-sample-proxy
CID44971_GTCTTCGGTTGTGGAG,22.637772,-1.4583812,3,B cells,3.249953179598169,CID44971-sample-proxy
CID44971_TACCTTATCAGAGACG,22.52558,-1.8847959,3,B cells,3.249953179598169,CID44971-sample-proxy
CID44971_TACTCGCTCTTCGGTC,22.626469,-1.5978647,3,B cells,3.249953179598169,CID44971-sample-proxy
CID44971_TAGAGCTGTTACGCGC,22.657019,-2.3125002,3,B cells,3.249953179598169,CID44971-sample-proxy
CID44971_TGAAAGAAGAAGGACA,22.784645,-1.5183872,3,B cells,3.249953179598169,CID44971-sample-proxy
CID44971_TGACTAGTCGCATGGC,23.376543,-2.5349886,3,B cells,3.249953179598169,CID44971-sample-proxy
CID44971_TGAGCATTCTCTTGAT,24.361868,-2.3526998,3,B cells,3.249953179598169,CID44971-sample-proxy
CID44971_TGCACCTTCACCTTAT,23.576958,-1.0101647,3,B cells,3.249953179598169,CID44971-sample-proxy
CID44971_TTGTAGGTCGTACCGG,23.224756,-1.1379802,3,B cells,3.249953179598169,CID44971-sample-proxy
CID44971_TTTCCTCCACCTTGTC,23.106531,-1.3461568,3,B cells,3.249953179598169,CID44971-sample-proxy
CID44971_TTTGCGCTCATGTCTT,22.901018,-2.5188327,3,B cells,3.249953179598169,CID44971-sample-proxy
CID44971_AAAGATGCAATGGAAT,24.049957,-1.031063,3,B cells,3.249953179598169,CID44971-sample-proxy
CID44971_AAAGATGGTAAACGCG,23.57194,-2.5952985,3,B cells,3.249953179598169,CID44971-sample-proxy
CID44971_AAAGATGTCCAGTATG,23.032099,-2.1614115,3,B cells,3.249953179598169,CID44971-sample-proxy
CID44971_AACCATGGTGGCCCTA,23.103655,-1.9535482,3,B cells,3.249953179598169,CID44971-sample-proxy
CID44971_AACTGGTGTTGCGCAC,22.734463,-2.0903256,3,B cells,3.249953179598169,CID44971-sample-proxy
CID44971_AACTTTCCATGCCCGA,23.825314,-1.1256229,3,B cells,3.249953179598169,CID44971-sample-proxy
CID44971_AACTTTCGTTCCACAA,22.902296,-2.948136,3,B cells,3.249953179598169,CID44971-sample-proxy
CID44971_AAGACCTCATACGCCG,23.877779,-1.1381866,3,B cells,3.249953179598169,CID44971-sample-proxy
CID44971_AAGGAGCAGTCTCCTC,22.900034,-2.62892,3,B cells,3.249953179598169,CID44971-sample-proxy
CID44971_ACACCCTTCCTAGAAC,23.234028,-2.151336,3,B cells,3.249953179598169,CID44971-sample-proxy
CID44971_ACATCAGGTTATCGGT,24.092558,-1.9478874,3,B cells,3.249953179598169,CID44971-sample-proxy
CID44971_ACGAGGACAGTAACGG,23.019466,-2.6840997,3,B cells,3.249953179598169,CID44971-sample-proxy
CID44971_ACGCAGCTCTCTGCTG,22.886011,-1.1470631,3,B cells,3.249953179598169,CID44971-sample-proxy
CID44971_ACTATCTAGTGTCCCG,22.933355,-2.0904999,3,B cells,3.249953179598169,CID44971-sample-proxy
CID44971_ACTGATGAGCAATATG,24.749199,-2.1463192,3,B cells,3.249953179598169,CID44971-sample-proxy
CID44971_AGAGCGAGTGGAAAGA,23.431824,-1.2549284,3,B cells,3.249953179598169,CID44971-sample-proxy
CID44971_AGATCTGAGATAGTCA,22.920603,-2.6110284,3,B cells,3.249953179598169,CID44971-sample-proxy
CID44971_AGATTGCGTCTCCACT,23.68668,-1.475778,3,B cells,3.249953179598169,CID44971-sample-proxy
CID44971_AGCAGCCCAGTTTACG,23.652113,-1.6826844,3,B cells,3.249953179598169,CID44971-sample-proxy
CID44971_AGCATACGTGGTTTCA,22.99362,-3.0218494,3,B cells,3.249953179598169,CID44971-sample-proxy
CID44971_AGCGTCGCAGGATTGG,23.698149,-2.3236063,3,B cells,3.249953179598169,CID44971-sample-proxy
CID44971_AGCTCCTCAGTCAGCC,22.520014,-1.8082638,3,B cells,3.249953179598169,CID44971-sample-proxy
CID44971_AGCTCTCAGTCCGGTC,23.477276,-2.4172864,3,B cells,3.249953179598169,CID44971-sample-proxy
CID44971_AGGCCGTGTCTAGCCG,23.74086,-1.4082855,3,B cells,3.249953179598169,CID44971-sample-proxy
CID44971_AGGGTGACACATAACC,22.783192,-1.3573126,3,B cells,3.249953179598169,CID44971-sample-proxy
CID44971_AGGTCCGAGAATTGTG,23.013521,-1.0864892,3,B cells,3.249953179598169,CID44971-sample-proxy
CID44971_AGGTCCGGTGACCAAG,23.72898,-1.3874569,3,B cells,3.249953179598169,CID44971-sample-proxy
CID44971_AGTGGGACACATGGGA,24.005026,-2.5475566,3,B cells,3.249953179598169,CID44971-sample-proxy
CID44971_AGTGTCAGTAATCGTC,23.96214,-1.1899143,3,B cells,3.249953179598169,CID44971-sample-proxy
CID44971_ATCCACCCATCACCCT,22.590685,-1.5494115,3,B cells,3.249953179598169,CID44971-sample-proxy
CID44971_ATCGAGTAGGCGCTCT,23.31393,-2.8502743,3,B cells,3.249953179598169,CID44971-sample-proxy
CID44971_ATTCTACTCACTCCTG,23.527685,-1.4531024,3,B cells,3.249953179598169,CID44971-sample-proxy
CID44971_ATTTCTGCAAGTTCTG,22.907335,-2.805465,3,B cells,3.249953179598169,CID44971-sample-proxy
CID44971_CAACCAAAGAGCTTCT,22.68707,-1.5682673,3,B cells,3.249953179598169,CID44971-sample-proxy
CID44971_CAACTAGGTCTCCACT,23.014975,-2.8101182,3,B cells,3.249953179598169,CID44971-sample-proxy
CID44971_CACAAACGTTTCGCTC,24.856785,-1.7826596,3,B cells,3.249953179598169,CID44971-sample-proxy
CID44971_CACACAAAGCACACAG,22.938766,-2.6867554,3,B cells,3.249953179598169,CID44971-sample-proxy
CID44971_CACACCTAGTTGTCGT,22.824234,-2.9806712,3,B cells,3.249953179598169,CID44971-sample-proxy
CID44971_CACACTCAGATATGGT,23.515648,-1.1779145,3,B cells,3.249953179598169,CID44971-sample-proxy
CID44971_CACACTCGTCGAGTTT,23.06319,-1.0869734,3,B cells,3.249953179598169,CID44971-sample-proxy
CID44971_CACATTTGTTCAGCGC,22.864012,-2.955388,3,B cells,3.249953179598169,CID44971-sample-proxy
CID44971_CACCACTAGTTTAGGA,23.421635,-2.6772807,3,B cells,3.249953179598169,CID44971-sample-proxy
CID44971_CACTCCAAGATGAGAG,24.710325,-2.3776891,3,B cells,3.249953179598169,CID44971-sample-proxy
CID44971_CACTCCACATGTCTCC,22.78614,-2.597038,3,B cells,3.249953179598169,CID44971-sample-proxy
CID44971_CAGAATCTCCCAAGAT,22.731918,-1.8061502,3,B cells,3.249953179598169,CID44971-sample-proxy
CID44971_CAGAGAGCAAGTACCT,23.691818,-2.609214,3,B cells,3.249953179598169,CID44971-sample-proxy
CID44971_CAGATCAAGTCCGTAT,22.820091,-1.6794491,3,B cells,3.249953179598169,CID44971-sample-proxy
CID44971_CAGCATACATTAGCCA,22.723425,-1.8245083,3,B cells,3.249953179598169,CID44971-sample-proxy
CID44971_CATCCACCAGTCAGAG,23.259193,-1.9784378,3,B cells,3.249953179598169,CID44971-sample-proxy
CID44971_CATCGAAAGTTTAGGA,22.943731,-0.9348838,3,B cells,3.249953179598169,CID44971-sample-proxy
CID44971_CATTATCTCCGTTGTC,22.8942,-2.5312526,3,B cells,3.249953179598169,CID44971-sample-proxy
CID44971_CCGTTCATCACTTATC,22.954464,-1.2420788,3,B cells,3.249953179598169,CID44971-sample-proxy
CID44971_CCGTTCATCCTACAGA,22.874945,-2.0398898,3,B cells,3.249953179598169,CID44971-sample-proxy
CID44971_CCTACACCATGCTGGC,23.412443,-2.1000578,3,B cells,3.249953179598169,CID44971-sample-proxy
CID44971_CCTTACGTCCGGCACA,23.447523,-1.8624133,3,B cells,3.249953179598169,CID44971-sample-proxy
CID44971_CCTTCGACATTTGCTT,23.291471,-1.9294842,3,B cells,3.249953179598169,CID44971-sample-proxy
CID44971_CGAACATAGCGATGAC,23.05187,-3.3747103,3,B cells,3.249953179598169,CID44971-sample-proxy
CID44971_CGAACATAGGAGTTTA,23.120142,-3.226898,3,B cells,3.249953179598169,CID44971-sample-proxy
CID44971_CGATCGGGTTAGTGGG,23.571997,-2.160568,3,B cells,3.249953179598169,CID44971-sample-proxy
CID44971_CGATGGCCAAGGACTG,22.907156,-1.6934875,3,B cells,3.249953179598169,CID44971-sample-proxy
CID44971_CGATTGACAAGCGTAG,23.07478,-2.1511192,3,B cells,3.249953179598169,CID44971-sample-proxy
CID44971_CGCTTCAAGTACCGGA,22.97758,-1.162942,3,B cells,3.249953179598169,CID44971-sample-proxy
CID44971_CGCTTCACAGCTTCGG,25.756968,-2.381158,3,B cells,3.249953179598169,CID44971-sample-proxy
CID44971_CGGAGTCCAATTGCTG,26.29011,-2.8251452,3,B cells,3.249953179598169,CID44971-sample-proxy
CID44971_CGGAGTCCATAGGATA,23.512625,-1.9879776,3,B cells,3.249953179598169,CID44971-sample-proxy
CID44971_CGGGTCAGTTGATTGC,23.780783,-2.7806127,3,B cells,3.249953179598169,CID44971-sample-proxy
CID44971_CGTCACTAGTCCGGTC,23.153378,-2.2453246,3,B cells,3.249953179598169,CID44971-sample-proxy
CID44971_CGTCACTTCTCCCTGA,22.901468,-1.1844808,3,B cells,3.249953179598169,CID44971-sample-proxy
CID44971_CGTGAGCGTGCTAGCC,23.799234,-1.9439857,3,B cells,3.249953179598169,CID44971-sample-proxy
CID44971_CGTTCTGAGCCCTAAT,22.596956,-2.05383,3,B cells,3.249953179598169,CID44971-sample-proxy
CID44971_CTAGCCTAGAGTAATC,23.29667,-1.6734598,3,B cells,3.249953179598169,CID44971-sample-proxy
CID44971_CTAGCCTGTCAAACTC,22.898153,-1.1206163,3,B cells,3.249953179598169,CID44971-sample-proxy
CID44971_CTAGTGAGTAGCACGA,23.542334,-2.4741628,3,B cells,3.249953179598169,CID44971-sample-proxy
CID44971_CTCGAGGCAAGTAATG,23.800808,-1.1008158,3,B cells,3.249953179598169,CID44971-sample-proxy
CID44971_CTCTACGCAACTGCTA,22.96121,-2.2875924,3,B cells,3.249953179598169,CID44971-sample-proxy
CID44971_CTCTGGTAGCTGCGAA,25.081991,-2.0760002,3,B cells,3.249953179598169,CID44971-sample-proxy
CID44971_CTGCCTACAGTGGAGT,23.095543,-2.2540944,3,B cells,3.249953179598169,CID44971-sample-proxy
CID44971_CTTAACTCAAGTAGTA,22.641354,-2.5461166,3,B cells,3.249953179598169,CID44971-sample-proxy
CID44971_CTTAACTTCGCGGATC,23.418056,-2.7054253,3,B cells,3.249953179598169,CID44971-sample-proxy
CID44971_GAAACTCGTTGTCGCG,22.704523,-1.8125468,3,B cells,3.249953179598169,CID44971-sample-proxy
CID44971_GAACATCTCGTCTGCT,23.657087,-2.2763953,3,B cells,3.249953179598169,CID44971-sample-proxy
CID44971_GAACCTAAGAACTGTA,22.732664,-2.554259,3,B cells,3.249953179598169,CID44971-sample-proxy
CID44971_GAACCTAGTCAACATC,22.821402,-1.1063321,3,B cells,3.249953179598169,CID44971-sample-proxy
CID44971_GAACGGAGTATCACCA,22.853159,-3.3381171,3,B cells,3.249953179598169,CID44971-sample-proxy
CID44971_GAATAAGCAAACCTAC,24.27082,-1.2382005,3,B cells,3.249953179598169,CID44971-sample-proxy
CID44971_GAATAAGGTACTCGCG,24.369705,-2.1700957,3,B cells,3.249953179598169,CID44971-sample-proxy
CID44971_GACACGCCATCCAACA,24.563848,-1.8492635,3,B cells,3.249953179598169,CID44971-sample-proxy
CID44971_GACGGCTAGTGCGTGA,23.729277,-1.870006,3,B cells,3.249953179598169,CID44971-sample-proxy
CID44971_GAGTCCGCACAGCCCA,23.421999,-1.5996311,3,B cells,3.249953179598169,CID44971-sample-proxy
CID44971_GATGCTACAAACAACA,24.310541,-1.0484691,3,B cells,3.249953179598169,CID44971-sample-proxy
CID44971_GATTCAGAGGCCGAAT,23.717241,-2.450698,3,B cells,3.249953179598169,CID44971-sample-proxy
CID44971_GCAGCCAGTGAGGCTA,24.922087,-2.4578316,3,B cells,3.249953179598169,CID44971-sample-proxy
CID44971_GCATGTATCATCTGCC,23.387854,-2.6623926,3,B cells,3.249953179598169,CID44971-sample-proxy
CID44971_GCGACCATCAGCTCGG,23.085926,-0.8563848,3,B cells,3.249953179598169,CID44971-sample-proxy
CID44971_GCGCAACAGGACGAAA,23.9973,-1.1044155,3,B cells,3.249953179598169,CID44971-sample-proxy
CID44971_GCGCCAACACCGAAAG,23.577047,-2.7137768,3,B cells,3.249953179598169,CID44971-sample-proxy
CID44971_GCGCGATGTTACGGAG,23.686655,-0.9352033,3,B cells,3.249953179598169,CID44971-sample-proxy
CID44971_GCTTCCACACTTGGAT,23.248014,-1.7530708,3,B cells,3.249953179598169,CID44971-sample-proxy
CID44971_GGAAAGCGTGTCAATC,24.952078,-2.6516194,3,B cells,3.249953179598169,CID44971-sample-proxy
CID44971_GGAATAATCTAACTGG,22.617443,-1.9922564,3,B cells,3.249953179598169,CID44971-sample-proxy
CID44971_GGAGCAACAAGGTTCT,23.538988,-1.3363283,3,B cells,3.249953179598169,CID44971-sample-proxy
CID44971_GGAGCAACACCCATGG,24.989769,-1.8716139,3,B cells,3.249953179598169,CID44971-sample-proxy
CID44971_GGATTACAGAAGGTGA,23.843405,-2.3600004,3,B cells,3.249953179598169,CID44971-sample-proxy
CID44971_GGCTCGAAGCGATGAC,23.65104,-1.7863401,3,B cells,3.249953179598169,CID44971-sample-proxy
CID44971_GGCTCGACACGGTAAG,22.7607,-2.4126499,3,B cells,3.249953179598169,CID44971-sample-proxy
CID44971_GGCTGGTAGTACGACG,24.070017,-1.309035,3,B cells,3.249953179598169,CID44971-sample-proxy
CID44971_GTAGTCAAGGGCACTA,24.002365,-1.9119775,3,B cells,3.249953179598169,CID44971-sample-proxy
CID44971_GTAGTCATCAAGCCTA,22.554897,-1.7704573,3,B cells,3.249953179598169,CID44971-sample-proxy
CID44971_GTATCTTAGTTAACGA,23.136295,-1.9814545,3,B cells,3.249953179598169,CID44971-sample-proxy
CID44971_GTCACGGGTTCACGGC,23.438574,-2.809098,3,B cells,3.249953179598169,CID44971-sample-proxy
CID44971_GTCCTCAAGACAGGCT,23.31558,-1.9888529,3,B cells,3.249953179598169,CID44971-sample-proxy
CID44971_GTGGGTCGTACCAGTT,24.452776,-2.2183406,3,B cells,3.249953179598169,CID44971-sample-proxy
CID44971_GTTCTCGGTCACCCAG,23.54664,-0.97037107,3,B cells,3.249953179598169,CID44971-sample-proxy
CID44971_TACGGATGTAAGCACG,23.883392,-2.1690805,3,B cells,3.249953179598169,CID44971-sample-proxy
CID44971_TACTCATAGCAACGGT,22.879417,-1.3982843,3,B cells,3.249953179598169,CID44971-sample-proxy
CID44971_TACTTGTAGCAGCGTA,23.832985,-2.111235,3,B cells,3.249953179598169,CID44971-sample-proxy
CID44971_TAGTGGTTCTTGACGA,23.142628,-0.93878394,3,B cells,3.249953179598169,CID44971-sample-proxy
CID44971_TAGTTGGAGAGTAATC,23.294836,-2.9014277,3,B cells,3.249953179598169,CID44971-sample-proxy
CID44971_TAGTTGGCACGGTAAG,23.454279,-1.4864948,3,B cells,3.249953179598169,CID44971-sample-proxy
CID44971_TCAACGACACAAGACG,23.26263,-0.88563126,3,B cells,3.249953179598169,CID44971-sample-proxy
CID44971_TCAGGTAAGTCCATAC,22.97998,-1.8290843,3,B cells,3.249953179598169,CID44971-sample-proxy
CID44971_TCGCGAGTCCACGACG,23.122774,-2.6815298,3,B cells,3.249953179598169,CID44971-sample-proxy
CID44971_TCGCGTTTCGGTCCGA,22.63158,-1.7931476,3,B cells,3.249953179598169,CID44971-sample-proxy
CID44971_TCTCTAATCACCCTCA,23.79807,-2.1248353,3,B cells,3.249953179598169,CID44971-sample-proxy
CID44971_TCTGGAATCAGCGATT,22.801224,-2.9525812,3,B cells,3.249953179598169,CID44971-sample-proxy
CID44971_TGAAAGAAGAATTGTG,22.744635,-1.7632589,3,B cells,3.249953179598169,CID44971-sample-proxy
CID44971_TGAAAGAGTATAAACG,24.141466,-1.6128756,3,B cells,3.249953179598169,CID44971-sample-proxy
CID44971_TGACGGCCACAAGACG,23.75068,-1.8979275,3,B cells,3.249953179598169,CID44971-sample-proxy
CID44971_TGAGAGGAGCCACTAT,23.795929,-1.1252072,3,B cells,3.249953179598169,CID44971-sample-proxy
CID44971_TGCCAAACATATACGC,23.330488,-2.4400373,3,B cells,3.249953179598169,CID44971-sample-proxy
CID44971_TGCCCATTCGAGGTAG,23.452961,-2.195088,3,B cells,3.249953179598169,CID44971-sample-proxy
CID44971_TGGTTAGCAATCTACG,23.981163,-1.4187111,3,B cells,3.249953179598169,CID44971-sample-proxy
CID44971_TGGTTCCGTCGCCATG,23.765543,-1.5652773,3,B cells,3.249953179598169,CID44971-sample-proxy
CID44971_TGTATTCCATGTCCTC,22.445185,-1.7999326,3,B cells,3.249953179598169,CID44971-sample-proxy
CID44971_TGTTCCGCACATAACC,24.484243,-1.7579614,3,B cells,3.249953179598169,CID44971-sample-proxy
CID44971_TTAGGACCAGGAATCG,22.758516,-3.5357993,3,B cells,3.249953179598169,CID44971-sample-proxy
CID44971_TTAGTTCAGAAGGACA,23.218075,-1.8725473,3,B cells,3.249953179598169,CID44971-sample-proxy
CID44971_TTCTACAAGTCCAGGA,23.435005,-0.92441064,3,B cells,3.249953179598169,CID44971-sample-proxy
CID44971_TTCTCAAGTTGAGTTC,24.928495,-2.279596,3,B cells,3.249953179598169,CID44971-sample-proxy
CID44971_TTCTCCTGTCCGAGTC,24.507973,-2.196197,3,B cells,3.249953179598169,CID44971-sample-proxy
CID44971_TTCTCCTTCCTCAATT,23.243738,-2.4265914,3,B cells,3.249953179598169,CID44971-sample-proxy
CID44971_TTGACTTTCGCGCCAA,24.132181,-1.0698487,3,B cells,3.249953179598169,CID44971-sample-proxy
CID44971_TTGCGTCTCGAATGGG,23.208946,-2.762727,3,B cells,3.249953179598169,CID44971-sample-proxy
CID44971_TTGGAACTCTGATACG,23.106897,-1.6323673,3,B cells,3.249953179598169,CID44971-sample-proxy
CID44971_TTTCCTCGTAGTGAAT,22.547386,-1.958087,3,B cells,3.249953179598169,CID44971-sample-proxy
CID44971_TTTGCGCTCAGCACAT,23.41532,-1.833012,3,B cells,3.249953179598169,CID44971-sample-proxy
CID44971_TTTGGTTAGAGAACAG,23.083162,-2.9916527,3,B cells,3.249953179598169,CID44971-sample-proxy
CID44971_TTTGGTTTCCCGGATG,22.914925,-2.0808053,3,B cells,3.249953179598169,CID44971-sample-proxy
CID44971_ATTCTACAGTCCCACG,25.352999,-2.425334,3,B cells,3.249953179598169,CID44971-sample-proxy
CID44971_CACACAATCAAAGTAG,25.58443,-2.6488569,3,B cells,3.249953179598169,CID44971-sample-proxy
CID44971_AAATGCCTCACCAGGC,26.147806,-2.638252,3,B cells,3.249953179598169,CID44971-sample-proxy
CID44971_ATTACTCAGCTATGCT,25.857454,-2.9297888,3,B cells,3.249953179598169,CID44971-sample-proxy
CID44971_CCACCTAAGATGCCTT,25.54965,-3.241311,3,B cells,3.249953179598169,CID44971-sample-proxy
CID44971_CCCTCCTAGTATCGAA,25.787975,-2.270819,3,B cells,3.249953179598169,CID44971-sample-proxy
CID44971_TGTGTTTCAATAACGA,25.98753,-2.6842504,3,B cells,3.249953179598169,CID44971-sample-proxy
CID44971_AGCTCTCTCTCTGCTG,26.204811,-2.5709796,3,B cells,3.249953179598169,CID44971-sample-proxy
CID44971_CAGGTGCTCAACGCTA,26.603716,-2.6141412,3,B cells,3.249953179598169,CID44971-sample-proxy
CID44971_AACTCAGTCACAGTAC,25.027315,-2.3742929,3,B cells,3.249953179598169,CID44971-sample-proxy
CID44971_AGCTCCTGTTTGTGTG,25.11344,-2.7427063,3,B cells,3.249953179598169,CID44971-sample-proxy
CID44971_TACACGAGTATATCCG,26.700062,-2.504975,3,B cells,3.249953179598169,CID44971-sample-proxy
CID44971_TGTTCCGAGACTTGAA,25.360619,-3.112684,3,B cells,3.249953179598169,CID44971-sample-proxy
CID44971_TTGCCGTAGGAATTAC,25.176407,-2.9698584,3,B cells,3.249953179598169,CID44971-sample-proxy
CID44971_ATAGACCGTTATCGGT,26.57769,-2.6864183,3,B cells,3.249953179598169,CID44971-sample-proxy
CID44971_CAGTAACTCTTCGAGA,25.539413,-2.1803083,3,B cells,3.249953179598169,CID44971-sample-proxy
CID44971_CCTACACGTCGAATCT,26.420946,-2.3584993,3,B cells,3.249953179598169,CID44971-sample-proxy
CID44971_CGAATGTAGATGGGTC,26.426994,-2.564718,3,B cells,3.249953179598169,CID44971-sample-proxy
CID44971_GAGGTGATCCTAAGTG,26.607536,-2.6457646,3,B cells,3.249953179598169,CID44971-sample-proxy
CID44971_AAATGCCTCTGAAAGA,26.496384,-2.6617663,3,B cells,3.249953179598169,CID44971-sample-proxy
CID44971_AACACGTCAAGCTGAG,26.408714,-2.382702,3,B cells,3.249953179598169,CID44971-sample-proxy
CID44971_AACTGGTAGCCAGTAG,25.770882,-2.5737004,3,B cells,3.249953179598169,CID44971-sample-proxy
CID44971_AATCGGTAGCTAGGCA,26.079414,-2.9356554,3,B cells,3.249953179598169,CID44971-sample-proxy
CID44971_AGATTGCTCCCTCTTT,25.742495,-2.2537477,3,B cells,3.249953179598169,CID44971-sample-proxy
CID44971_AGGGAGTTCGGATGTT,25.90931,-3.2256312,3,B cells,3.249953179598169,CID44971-sample-proxy
CID44971_AGGGATGTCCGAATGT,26.391502,-2.8382974,3,B cells,3.249953179598169,CID44971-sample-proxy
CID44971_ATTCTACAGGCAAAGA,26.01644,-3.280449,3,B cells,3.249953179598169,CID44971-sample-proxy
CID44971_ATTTCTGGTAGAGTGC,26.23607,-2.996857,3,B cells,3.249953179598169,CID44971-sample-proxy
CID44971_CAACTAGGTCGCGAAA,25.776438,-2.682505,3,B cells,3.249953179598169,CID44971-sample-proxy
CID44971_CACACAAAGGTAGCTG,25.692005,-2.377835,3,B cells,3.249953179598169,CID44971-sample-proxy
CID44971_CACATTTGTTCTGTTT,26.717113,-2.5057251,3,B cells,3.249953179598169,CID44971-sample-proxy
CID44971_CAGAATCCAGCCACCA,25.471146,-2.521972,3,B cells,3.249953179598169,CID44971-sample-proxy
CID44971_CATCGAACATCCGTGG,22.829727,-3.0981848,3,B cells,3.249953179598169,CID44971-sample-proxy
CID44971_CATCGAATCCGTCATC,26.129772,-3.2878745,3,B cells,3.249953179598169,CID44971-sample-proxy
CID44971_CCTAAAGGTCTCTCTG,25.338383,-2.4944777,3,B cells,3.249953179598169,CID44971-sample-proxy
CID44971_CCTACACGTTCCACGG,26.304407,-3.0027583,3,B cells,3.249953179598169,CID44971-sample-proxy
CID44971_CGATTGAGTTGCCTCT,25.431736,-1.9732975,3,B cells,3.249953179598169,CID44971-sample-proxy
CID44971_CGGACACCATCCCACT,25.84675,-3.1764107,3,B cells,3.249953179598169,CID44971-sample-proxy
CID44971_CGGACTGTCTGCCAGG,26.82056,-2.4767334,3,B cells,3.249953179598169,CID44971-sample-proxy
CID44971_CGTCACTTCTGGTTCC,25.64734,-2.755135,3,B cells,3.249953179598169,CID44971-sample-proxy
CID44971_CTCACACTCTTACCTA,25.437199,-3.0664792,3,B cells,3.249953179598169,CID44971-sample-proxy
CID44971_CTGGTCTGTCACTTCC,26.077843,-2.9366636,3,B cells,3.249953179598169,CID44971-sample-proxy
CID44971_GACGGCTGTCCCGACA,26.120062,-3.1491401,3,B cells,3.249953179598169,CID44971-sample-proxy
CID44971_GACGGCTTCGCCCTTA,25.856659,-3.3713813,3,B cells,3.249953179598169,CID44971-sample-proxy
CID44971_GACGTTAAGTTCGCAT,25.31436,-2.8219843,3,B cells,3.249953179598169,CID44971-sample-proxy
CID44971_GATGAAAAGACAGAGA,25.766651,-3.1970866,3,B cells,3.249953179598169,CID44971-sample-proxy
CID44971_GATGAGGGTAAATGTG,26.238472,-2.336376,3,B cells,3.249953179598169,CID44971-sample-proxy
CID44971_GCAGCCATCGTGGACC,26.02712,-2.6844432,3,B cells,3.249953179598169,CID44971-sample-proxy
CID44971_GCTGCGAGTTCCACTC,26.683678,-2.6021905,3,B cells,3.249953179598169,CID44971-sample-proxy
CID44971_GGAAAGCAGACCCACC,26.321821,-2.9021482,3,B cells,3.249953179598169,CID44971-sample-proxy
CID44971_GGACAAGAGGCGTACA,25.11261,-2.584841,3,B cells,3.249953179598169,CID44971-sample-proxy
CID44971_GGACGTCTCTCCAGGG,26.284437,-2.423886,3,B cells,3.249953179598169,CID44971-sample-proxy
CID44971_GGCTGGTCATTCTTAC,25.925108,-3.1783917,3,B cells,3.249953179598169,CID44971-sample-proxy
CID44971_GGTGAAGTCCAAACTG,25.39909,-2.3642676,3,B cells,3.249953179598169,CID44971-sample-proxy
CID44971_GTCACAATCACATGCA,25.970263,-3.3722153,3,B cells,3.249953179598169,CID44971-sample-proxy
CID44971_GTCACAATCTTGCAAG,25.336565,-2.2335799,3,B cells,3.249953179598169,CID44971-sample-proxy
CID44971_GTGCAGCCACGTCAGC,26.599754,-2.4209013,3,B cells,3.249953179598169,CID44971-sample-proxy
CID44971_TACGGATAGTGAAGTT,25.966805,-3.3282597,3,B cells,3.249953179598169,CID44971-sample-proxy
CID44971_TCAGATGAGCCAGTTT,26.617035,-2.4315164,3,B cells,3.249953179598169,CID44971-sample-proxy
CID44971_TCATTACAGTTACCCA,26.268488,-2.9829185,3,B cells,3.249953179598169,CID44971-sample-proxy
CID44971_TCCCGATTCCCTTGTG,24.690992,-2.165881,3,B cells,3.249953179598169,CID44971-sample-proxy
CID44971_TGCCCTAGTGATAAAC,25.5641,-3.0933871,3,B cells,3.249953179598169,CID44971-sample-proxy
CID44971_TGCGCAGCAGACTCGC,26.604898,-2.5808015,3,B cells,3.249953179598169,CID44971-sample-proxy
CID44971_TGTGTTTCAGGACCCT,25.968176,-2.3934715,3,B cells,3.249953179598169,CID44971-sample-proxy
CID44971_TTTGCGCTCGGAGGTA,26.40234,-3.0562723,3,B cells,3.249953179598169,CID44971-sample-proxy
CID44971_ACACCCTAGCGTTGCC,25.947666,-3.2775948,3,B cells,3.249953179598169,CID44971-sample-proxy
CID44971_ACGCCGAAGGGAGTAA,25.461622,-2.1252136,3,B cells,3.249953179598169,CID44971-sample-proxy
CID44971_AGAGCGATCTGGTATG,24.861559,-2.3913097,3,B cells,3.249953179598169,CID44971-sample-proxy
CID44971_AGCGTATGTCATATCG,26.090029,-2.6629646,3,B cells,3.249953179598169,CID44971-sample-proxy
CID44971_AGGGAGTAGCTATGCT,26.49314,-2.494518,3,B cells,3.249953179598169,CID44971-sample-proxy
CID44971_ATCATCTAGAGATGAG,26.063349,-3.047156,3,B cells,3.249953179598169,CID44971-sample-proxy
CID44971_ATGAGGGGTCGGGTCT,25.73089,-3.358377,3,B cells,3.249953179598169,CID44971-sample-proxy
CID44971_CAAGGCCGTACCGAGA,25.727642,-2.1798077,3,B cells,3.249953179598169,CID44971-sample-proxy
CID44971_CACAAACTCAGTTTGG,26.726439,-2.719433,3,B cells,3.249953179598169,CID44971-sample-proxy
CID44971_CGCCAAGAGATGCCAG,25.878424,-2.3358033,3,B cells,3.249953179598169,CID44971-sample-proxy
CID44971_CGGAGCTGTACCAGTT,26.625017,-2.384467,3,B cells,3.249953179598169,CID44971-sample-proxy
CID44971_CTACGTCTCGCTGATA,25.916235,-3.2437277,3,B cells,3.249953179598169,CID44971-sample-proxy
CID44971_GAGCAGACAGAGCCAA,25.956842,-2.6442459,3,B cells,3.249953179598169,CID44971-sample-proxy
CID44971_GCGCAGTAGACACGAC,25.28934,-3.0487258,3,B cells,3.249953179598169,CID44971-sample-proxy
CID44971_GCTTCCAAGCACAGGT,25.450346,-3.1684496,3,B cells,3.249953179598169,CID44971-sample-proxy
CID44971_GTACTCCAGAAGGTTT,26.262331,-2.996922,3,B cells,3.249953179598169,CID44971-sample-proxy
CID44971_GTCGTAAAGACCTTTG,25.501919,-2.3186831,3,B cells,3.249953179598169,CID44971-sample-proxy
CID44971_GTCTCGTCAATACGCT,26.009386,-3.2457511,3,B cells,3.249953179598169,CID44971-sample-proxy
CID44971_TACACGACACTACAGT,26.205885,-3.0556688,3,B cells,3.249953179598169,CID44971-sample-proxy
CID44971_TCATTACCACCTATCC,26.325808,-2.7992334,3,B cells,3.249953179598169,CID44971-sample-proxy
CID44971_TGAGGGAAGGTGATTA,26.20125,-3.0506048,3,B cells,3.249953179598169,CID44971-sample-proxy
CID44971_TTAACTCAGCAAATCA,25.624516,-2.3079262,3,B cells,3.249953179598169,CID44971-sample-proxy
CID44971_TTCTCCTGTACCGAGA,26.126368,-2.4569805,3,B cells,3.249953179598169,CID44971-sample-proxy
CID44971_CGGACGTAGATAGGAG,26.124588,-2.2274256,3,B cells,3.249953179598169,CID44971-sample-proxy
CID44971_TATGCCCAGCTCCTTC,26.031248,-3.2427163,3,B cells,3.249953179598169,CID44971-sample-proxy
CID44971_ATTGGTGAGTGTTTGC,-1.4409443,21.436628,4,Plasma cells,4.323402160763018,CID44971-sample-proxy
CID44971_CCGGTAGCAAGAGGCT,-1.4923975,21.376314,4,Plasma cells,4.323402160763018,CID44971-sample-proxy
CID44971_AGGCCGTTCATCATTC,-1.4089881,21.244907,4,Plasma cells,4.323402160763018,CID44971-sample-proxy
CID44971_TTCGGTCGTACTTCTT,-1.4237486,21.25043,4,Plasma cells,4.323402160763018,CID44971-sample-proxy
CID44971_GACTGCGGTAAGCACG,-1.3911836,21.204424,4,Plasma cells,4.323402160763018,CID44971-sample-proxy
CID44971_TTATGCTGTGCAACGA,-1.3975246,21.192532,4,Plasma cells,4.323402160763018,CID44971-sample-proxy
CID44971_AAGGAGCCACGGATAG,-1.3283225,21.268518,4,Plasma cells,4.323402160763018,CID44971-sample-proxy
CID44971_GTATCTTGTAGCGTCC,-1.2184091,21.37093,4,Plasma cells,4.323402160763018,CID44971-sample-proxy
CID44971_GTCAAGTCAGTAAGCG,-1.3773617,21.298914,4,Plasma cells,4.323402160763018,CID44971-sample-proxy
CID44971_CAGCAGCGTTCGTTGA,-1.3576554,21.34531,4,Plasma cells,4.323402160763018,CID44971-sample-proxy
CID44971_GACGGCTAGCGCTTAT,-1.2705567,21.262333,4,Plasma cells,4.323402160763018,CID44971-sample-proxy
CID44971_GGCCGATAGCTGTCTA,-1.5660462,21.330858,4,Plasma cells,4.323402160763018,CID44971-sample-proxy
CID44971_TCTCTAACAGAGCCAA,-1.5464123,21.290041,4,Plasma cells,4.323402160763018,CID44971-sample-proxy
CID44971_CGATGGCGTTACGCGC,-1.1822627,21.35578,4,Plasma cells,4.323402160763018,CID44971-sample-proxy
CID44971_CGGCTAGGTCTCCATC,-1.2165294,21.210165,4,Plasma cells,4.323402160763018,CID44971-sample-proxy
CID44971_CTACACCAGGAGTTGC,-1.183819,21.304579,4,Plasma cells,4.323402160763018,CID44971-sample-proxy
CID44971_GACAGAGTCAGCTCGG,-1.2995962,21.25891,4,Plasma cells,4.323402160763018,CID44971-sample-proxy
CID44971_TTTGTCACACCACCAG,-1.3858633,21.376932,4,Plasma cells,4.323402160763018,CID44971-sample-proxy
CID44971_TCTGGAAGTGACTCAT,-1.4991577,21.42318,4,Plasma cells,4.323402160763018,CID44971-sample-proxy
CID44971_CATATTCCACATTCGA,-1.4853235,21.30677,4,Plasma cells,4.323402160763018,CID44971-sample-proxy
CID44971_TCGAGGCCACCACGTG,-1.566286,21.32618,4,Plasma cells,4.323402160763018,CID44971-sample-proxy
CID44971_TGCCAAATCAGAAATG,15.5753565,-5.279896,5,Epithelial,1.2374549202659884,CID44971-sample-proxy
CID44971_GGACAGAGTTGGTGGA,-1.2717388,21.238804,4,Plasma cells,4.323402160763018,CID44971-sample-proxy
CID44971_GGGTCTGAGACCTAGG,-1.1910346,21.178095,4,Plasma cells,4.323402160763018,CID44971-sample-proxy
CID44971_ACGCCAGCAGTCTTCC,-1.4238298,21.249228,4,Plasma cells,4.323402160763018,CID44971-sample-proxy
CID44971_ACTGTCCGTCATACTG,-1.3500139,21.350441,4,Plasma cells,4.323402160763018,CID44971-sample-proxy
CID44971_ATAGACCAGCACCGTC,-1.4555473,21.224617,4,Plasma cells,4.323402160763018,CID44971-sample-proxy
CID44971_GCTTGAATCTTGTTTG,15.100887,-5.741133,5,Epithelial,1.2374549202659884,CID44971-sample-proxy
CID44971_GTGGGTCGTGCGCTTG,-1.2413676,21.291546,4,Plasma cells,4.323402160763018,CID44971-sample-proxy
CID44971_TCGCGAGGTGGTGTAG,-1.3579906,21.356037,4,Plasma cells,4.323402160763018,CID44971-sample-proxy
CID44971_TTTGTCAGTCTGGTCG,-1.448201,21.40958,4,Plasma cells,4.323402160763018,CID44971-sample-proxy
CID44971_AGATCTGTCATCGGAT,-1.4288013,21.304396,4,Plasma cells,4.323402160763018,CID44971-sample-proxy
CID44971_ACGCAGCAGATATACG,-1.6030749,21.20145,4,Plasma cells,4.323402160763018,CID44971-sample-proxy
CID44971_CTGAAGTCACATGTGT,-1.5626622,21.142195,4,Plasma cells,4.323402160763018,CID44971-sample-proxy
CID44971_GTCTCGTCACCCATGG,-1.5673318,21.342588,4,Plasma cells,4.323402160763018,CID44971-sample-proxy
CID44971_TGCGCAGGTTAAAGTG,-1.5359664,21.400465,4,Plasma cells,4.323402160763018,CID44971-sample-proxy
CID44971_GTCTTCGGTGTATGGG,-1.4638387,21.334799,4,Plasma cells,4.323402160763018,CID44971-sample-proxy
CID44971_ACTGTCCGTTCCTCCA,10.128316,12.399301,6,T / NK,0.8618196133881085,CID44971-sample-proxy
CID44971_AGGGAGTAGACTAGAT,10.4382105,10.831399,6,T / NK,0.8618196133881085,CID44971-sample-proxy
CID44971_AGTAGTCTCTTGCATT,10.982888,10.889197,6,T / NK,0.8618196133881085,CID44971-sample-proxy
CID44971_ATAGACCCACGACTCG,11.593073,10.021462,6,T / NK,0.8618196133881085,CID44971-sample-proxy
CID44971_ATCATCTCATGACGGA,9.186866,12.117189,6,T / NK,0.8618196133881085,CID44971-sample-proxy
CID44971_ATCCACCGTAAACACA,8.935052,11.20835,6,T / NK,0.8618196133881085,CID44971-sample-proxy
CID44971_ATCCACCTCTTTCCTC,9.43271,10.673888,6,T / NK,0.8618196133881085,CID44971-sample-proxy
CID44971_ATTTCTGTCGCGCCAA,8.28685,11.740399,6,T / NK,0.8618196133881085,CID44971-sample-proxy
CID44971_CAAGAAAGTATAGGTA,13.821517,8.030115,8,T / NK,0.6453881461079718,CID44971-sample-proxy
CID44971_CATCAAGTCCGATATG,10.178827,12.022848,6,T / NK,0.8618196133881085,CID44971-sample-proxy
CID44971_CATCAGACACCAGTTA,8.085717,11.521979,6,T / NK,0.8618196133881085,CID44971-sample-proxy
CID44971_CATCCACGTTGGACCC,12.546585,10.616851,7,T / NK,1.4860313519878239,CID44971-sample-proxy
CID44971_CCACTACCAAGCTGTT,9.232037,11.294071,6,T / NK,0.8618196133881085,CID44971-sample-proxy
CID44971_CCCAGTTGTACCTACA,11.526532,10.518016,6,T / NK,0.8618196133881085,CID44971-sample-proxy
CID44971_CGATCGGTCGTACGGC,11.867335,11.094023,7,T / NK,1.4860313519878239,CID44971-sample-proxy
CID44971_CGCGTTTAGAGATGAG,10.660177,9.989709,6,T / NK,0.8618196133881085,CID44971-sample-proxy
CID44971_CGTCAGGGTAGGGACT,11.700263,12.070846,7,T / NK,1.4860313519878239,CID44971-sample-proxy
CID44971_CGTGTAATCGCACTCT,11.328999,11.26551,6,T / NK,0.8618196133881085,CID44971-sample-proxy
CID44971_CTAATGGGTGGACGAT,10.736638,11.560391,6,T / NK,0.8618196133881085,CID44971-sample-proxy
CID44971_CTGCTGTTCTGCGGCA,8.889151,11.200887,6,T / NK,0.8618196133881085,CID44971-sample-proxy
CID44971_CTTAACTGTTCTGGTA,11.958788,9.857384,6,T / NK,0.8618196133881085,CID44971-sample-proxy
CID44971_GACCAATCAAAGCAAT,10.660906,11.87578,6,T / NK,0.8618196133881085,CID44971-sample-proxy
CID44971_GACTAACCATCCGCGA,9.218247,11.768231,6,T / NK,0.8618196133881085,CID44971-sample-proxy
CID44971_GATGAAAGTCAAGCGA,9.489633,10.966203,6,T / NK,0.8618196133881085,CID44971-sample-proxy
CID44971_GCATGATCAATGGAGC,10.434676,13.544139,6,T / NK,0.8618196133881085,CID44971-sample-proxy
CID44971_GCTCTGTCATCGATGT,9.528491,13.236761,6,T / NK,0.8618196133881085,CID44971-sample-proxy
CID44971_GCTGGGTAGCCAGGAT,10.966308,9.240603,6,T / NK,0.8618196133881085,CID44971-sample-proxy
CID44971_GGACATTAGGTGTTAA,11.276084,10.792816,6,T / NK,0.8618196133881085,CID44971-sample-proxy
CID44971_GGCAATTGTCATTAGC,9.417004,10.485613,6,T / NK,0.8618196133881085,CID44971-sample-proxy
CID44971_GGCTGGTAGACTAAGT,10.375426,9.719254,6,T / NK,0.8618196133881085,CID44971-sample-proxy
CID44971_GTATTCTGTTACAGAA,9.785202,13.553843,6,T / NK,0.8618196133881085,CID44971-sample-proxy
CID44971_GTCACGGGTTTGGGCC,8.950569,8.894105,6,T / NK,0.8618196133881085,CID44971-sample-proxy
CID44971_GTTTCTATCCAGGGCT,10.650834,10.848411,6,T / NK,0.8618196133881085,CID44971-sample-proxy
CID44971_TACCTATTCCTATGTT,9.832715,13.921868,6,T / NK,0.8618196133881085,CID44971-sample-proxy
CID44971_TAGACCATCTCTGTCG,10.328708,10.0899725,6,T / NK,0.8618196133881085,CID44971-sample-proxy
CID44971_TCAATCTAGATGGCGT,10.082141,11.625865,6,T / NK,0.8618196133881085,CID44971-sample-proxy
CID44971_TCAGGTATCAAAGTAG,8.761968,8.56655,6,T / NK,0.8618196133881085,CID44971-sample-proxy
CID44971_TCCACACTCGGTCTAA,9.359856,10.175466,6,T / NK,0.8618196133881085,CID44971-sample-proxy
CID44971_TCGCGAGGTGAACCTT,9.190451,9.135709,6,T / NK,0.8618196133881085,CID44971-sample-proxy
CID44971_TCTGGAATCGCTAGCG,9.614507,13.50586,6,T / NK,0.8618196133881085,CID44971-sample-proxy
CID44971_TGACAACGTCAAAGAT,10.871516,10.052467,6,T / NK,0.8618196133881085,CID44971-sample-proxy
CID44971_TGACAACGTCTTCGTC,9.156202,8.870176,6,T / NK,0.8618196133881085,CID44971-sample-proxy
CID44971_TGGGAAGAGCAGACTG,10.966342,10.874011,6,T / NK,0.8618196133881085,CID44971-sample-proxy
CID44971_TGTTCCGGTCTCATCC,8.9558115,9.119019,6,T / NK,0.8618196133881085,CID44971-sample-proxy
CID44971_TTAACTCCACGAAACG,8.307447,13.610728,6,T / NK,0.8618196133881085,CID44971-sample-proxy
CID44971_TTCTCAAAGGAGTCTG,10.376221,11.961189,6,T / NK,0.8618196133881085,CID44971-sample-proxy
CID44971_TTCTTAGTCCGCTGTT,10.981508,10.412803,6,T / NK,0.8618196133881085,CID44971-sample-proxy
CID44971_AACGTTGGTGGTGTAG,10.209256,10.521189,6,T / NK,0.8618196133881085,CID44971-sample-proxy
CID44971_AACTGGTCACGGCTAC,18.774477,3.9968858,9,T / NK,0.7929964621147112,CID44971-sample-proxy
CID44971_ACATGGTAGTCGATAA,11.415124,11.4319,6,T / NK,0.8618196133881085,CID44971-sample-proxy
CID44971_ACTGAACCACGAGGTA,9.136668,8.716788,6,T / NK,0.8618196133881085,CID44971-sample-proxy
CID44971_ACTGAGTTCAATACCG,9.888846,12.578675,6,T / NK,0.8618196133881085,CID44971-sample-proxy
CID44971_ATCCACCGTCTAACGT,10.796871,10.297171,6,T / NK,0.8618196133881085,CID44971-sample-proxy
CID44971_CAGCTAACACAACGCC,11.248101,11.286819,6,T / NK,0.8618196133881085,CID44971-sample-proxy
CID44971_CCTACACTCTCGCTTG,10.913932,10.693094,6,T / NK,0.8618196133881085,CID44971-sample-proxy
CID44971_CGAACATTCTCATTCA,10.465799,12.218812,6,T / NK,0.8618196133881085,CID44971-sample-proxy
CID44971_CGATGGCGTTGCGCAC,10.180281,13.831215,6,T / NK,0.8618196133881085,CID44971-sample-proxy
CID44971_CGTTGGGTCACTTATC,18.72613,4.0971084,9,T / NK,0.7929964621147112,CID44971-sample-proxy
CID44971_GAACCTACATTCACTT,10.784403,10.195758,6,T / NK,0.8618196133881085,CID44971-sample-proxy
CID44971_GAAGCAGCACATCTTT,11.065359,12.085082,6,T / NK,0.8618196133881085,CID44971-sample-proxy
CID44971_GATCGATGTACATCCA,9.935629,9.21764,6,T / NK,0.8618196133881085,CID44971-sample-proxy
CID44971_GATCGTAAGAGTACCG,10.384264,13.762421,6,T / NK,0.8618196133881085,CID44971-sample-proxy
CID44971_GCAGTTAAGTTGTCGT,18.75189,4.137953,9,T / NK,0.7929964621147112,CID44971-sample-proxy
CID44971_GCATACAAGCGATTCT,10.679399,11.206461,6,T / NK,0.8618196133881085,CID44971-sample-proxy
CID44971_GGCAATTAGATTACCC,12.014043,10.838693,6,T / NK,0.8618196133881085,CID44971-sample-proxy
CID44971_GTCACGGCATTCCTGC,10.393371,12.140982,6,T / NK,0.8618196133881085,CID44971-sample-proxy
CID44971_GTCATTTCACCACCAG,10.374591,13.611772,6,T / NK,0.8618196133881085,CID44971-sample-proxy
CID44971_GTGCAGCAGGCTAGAC,11.597224,9.917684,6,T / NK,0.8618196133881085,CID44971-sample-proxy
CID44971_TAAGAGACAAAGCAAT,10.477678,13.893488,6,T / NK,0.8618196133881085,CID44971-sample-proxy
CID44971_TGACTAGAGTAAGTAC,10.8064575,11.41141,6,T / NK,0.8618196133881085,CID44971-sample-proxy
CID44971_TGCGCAGAGATGGCGT,10.436182,13.960549,6,T / NK,0.8618196133881085,CID44971-sample-proxy
CID44971_TGGCCAGAGGGTCGAT,10.143371,11.026532,6,T / NK,0.8618196133881085,CID44971-sample-proxy
CID44971_TGTGTTTAGCCGTCGT,10.812381,12.075257,6,T / NK,0.8618196133881085,CID44971-sample-proxy
CID44971_GGCGACTTCCAACCAA,12.547074,8.642565,10,T / NK,0.35721909436771326,CID44971-sample-proxy
CID44971_TATTACCAGTACGACG,13.160563,8.88987,10,T / NK,0.35721909436771326,CID44971-sample-proxy
CID44971_CGAGCCACATACTACG,12.854751,10.07536,6,T / NK,0.8618196133881085,CID44971-sample-proxy
CID44971_CCTTCGAAGCGGCTTC,13.696115,9.070875,8,T / NK,0.6453881461079718,CID44971-sample-proxy
CID44971_AGGCCGTTCCGTAGTA,13.910903,8.464811,8,T / NK,0.6453881461079718,CID44971-sample-proxy
CID44971_ACCTTTAGTCTTCGTC,14.522588,8.305331,8,T / NK,0.6453881461079718,CID44971-sample-proxy
CID44971_TCTGAGATCCCAACGG,14.353255,8.499131,8,T / NK,0.6453881461079718,CID44971-sample-proxy
CID44971_TTGCCGTAGGGAGTAA,11.3868685,10.346316,6,T / NK,0.8618196133881085,CID44971-sample-proxy
CID44971_AAAGCAATCTAGCACA,11.181197,10.733118,6,T / NK,0.8618196133881085,CID44971-sample-proxy
CID44971_ACATGGTCAGCTCCGA,14.21384,7.501508,8,T / NK,0.6453881461079718,CID44971-sample-proxy
CID44971_ACCGTAACACGAGAGT,12.842396,8.831794,10,T / NK,0.35721909436771326,CID44971-sample-proxy
CID44971_AGCGGTCGTCTCTTAT,13.302853,10.7203045,7,T / NK,1.4860313519878239,CID44971-sample-proxy
CID44971_ATAAGAGCAATAACGA,11.858387,10.885359,7,T / NK,1.4860313519878239,CID44971-sample-proxy
CID44971_ATCATGGCAGGGTTAG,13.110396,10.846468,7,T / NK,1.4860313519878239,CID44971-sample-proxy
CID44971_CAACTAGTCACAAACC,12.933925,7.7856913,10,T / NK,0.35721909436771326,CID44971-sample-proxy
CID44971_CAAGGCCCATGGGAAC,12.606814,9.456714,10,T / NK,0.35721909436771326,CID44971-sample-proxy
CID44971_CCTAAAGGTAGAGTGC,18.479326,4.1258497,9,T / NK,0.7929964621147112,CID44971-sample-proxy
CID44971_CGAGAAGGTCTGCAAT,12.914945,11.568098,7,T / NK,1.4860313519878239,CID44971-sample-proxy
CID44971_CGCTGGAAGCGATATA,12.82604,8.3132,10,T / NK,0.35721909436771326,CID44971-sample-proxy
CID44971_GCATACAGTGTCTGAT,12.715508,8.104866,10,T / NK,0.35721909436771326,CID44971-sample-proxy
CID44971_GTGTGCGTCGAGAGCA,12.874852,7.5410852,10,T / NK,0.35721909436771326,CID44971-sample-proxy
CID44971_TCACGAAGTCCCGACA,14.454255,8.171997,8,T / NK,0.6453881461079718,CID44971-sample-proxy
CID44971_TGTGGTATCAAAGACA,12.43916,9.071869,10,T / NK,0.35721909436771326,CID44971-sample-proxy
CID44971_TTTGCGCGTGGCTCCA,12.135689,10.057398,6,T / NK,0.8618196133881085,CID44971-sample-proxy
CID44971_AAAGATGTCCAAGCCG,12.738693,10.227272,7,T / NK,1.4860313519878239,CID44971-sample-proxy
CID44971_AACCATGAGTACATGA,10.828749,11.187674,6,T / NK,0.8618196133881085,CID44971-sample-proxy
CID44971_AACTCTTCACATTTCT,10.596461,11.111675,6,T / NK,0.8618196133881085,CID44971-sample-proxy
CID44971_AACTGGTTCAACTCTT,12.903364,11.242867,7,T / NK,1.4860313519878239,CID44971-sample-proxy
CID44971_AAGACCTAGATCGGGT,12.598559,10.354724,7,T / NK,1.4860313519878239,CID44971-sample-proxy
CID44971_AAGGAGCGTAGCTTGT,12.419802,10.615611,7,T / NK,1.4860313519878239,CID44971-sample-proxy
CID44971_ACGAGGAAGACAGACC,11.037553,9.963156,6,T / NK,0.8618196133881085,CID44971-sample-proxy
CID44971_ACGCCGATCTAGAGTC,12.743005,10.86544,7,T / NK,1.4860313519878239,CID44971-sample-proxy
CID44971_ACTTGTTTCCGTAGGC,10.42917,12.30457,6,T / NK,0.8618196133881085,CID44971-sample-proxy
CID44971_AGAATAGCATAGAAAC,10.355642,12.0081,6,T / NK,0.8618196133881085,CID44971-sample-proxy
CID44971_CAAGATCCAGGCTCAC,11.401372,11.306248,6,T / NK,0.8618196133881085,CID44971-sample-proxy
CID44971_CACCAGGTCTGCCAGG,10.055754,11.306754,6,T / NK,0.8618196133881085,CID44971-sample-proxy
CID44971_CAGCATACATAGTAAG,10.442609,10.430071,6,T / NK,0.8618196133881085,CID44971-sample-proxy
CID44971_CATGACAAGCCTATGT,12.708227,11.146036,7,T / NK,1.4860313519878239,CID44971-sample-proxy
CID44971_CCTAGCTTCCGCGTTT,12.364927,10.719637,7,T / NK,1.4860313519878239,CID44971-sample-proxy
CID44971_CGGAGCTTCTTAGAGC,10.945924,11.75361,6,T / NK,0.8618196133881085,CID44971-sample-proxy
CID44971_CGGAGTCTCGATAGAA,9.641153,10.469391,6,T / NK,0.8618196133881085,CID44971-sample-proxy
CID44971_CGTCAGGAGATAGGAG,9.500532,10.266103,6,T / NK,0.8618196133881085,CID44971-sample-proxy
CID44971_CTACCCAAGGTCGGAT,12.609739,10.5941105,7,T / NK,1.4860313519878239,CID44971-sample-proxy
CID44971_CTCGAAACAGGGTATG,10.193544,12.2848,6,T / NK,0.8618196133881085,CID44971-sample-proxy
CID44971_CTTGGCTAGCGATGAC,10.490371,12.536883,6,T / NK,0.8618196133881085,CID44971-sample-proxy
CID44971_GCTCTGTGTTGCTCCT,10.602602,10.550589,6,T / NK,0.8618196133881085,CID44971-sample-proxy
CID44971_GCTGCGAAGAAGGTGA,12.226435,12.129016,7,T / NK,1.4860313519878239,CID44971-sample-proxy
CID44971_GGTGCGTTCCCAACGG,12.593441,10.319451,7,T / NK,1.4860313519878239,CID44971-sample-proxy
CID44971_GTACTTTGTAGATTAG,10.959582,9.802753,6,T / NK,0.8618196133881085,CID44971-sample-proxy
CID44971_TACGGTAGTTCATGGT,12.625296,9.442205,10,T / NK,0.35721909436771326,CID44971-sample-proxy
CID44971_TAGTGGTGTGTATGGG,10.003067,11.3926115,6,T / NK,0.8618196133881085,CID44971-sample-proxy
CID44971_TATGCCCTCAAGGTAA,10.768635,10.808912,6,T / NK,0.8618196133881085,CID44971-sample-proxy
CID44971_TCATTACCAACACCCG,12.763781,10.789791,7,T / NK,1.4860313519878239,CID44971-sample-proxy
CID44971_TGCCCTACAAATTGCC,12.245394,9.8344555,6,T / NK,0.8618196133881085,CID44971-sample-proxy
CID44971_TGTGGTAAGCTGCCCA,9.01472,8.712414,6,T / NK,0.8618196133881085,CID44971-sample-proxy
CID44971_TTAACTCTCGAGGTAG,11.347847,11.798206,6,T / NK,0.8618196133881085,CID44971-sample-proxy
CID44971_TTAGGCAGTCAAAGCG,10.01277,10.390248,6,T / NK,0.8618196133881085,CID44971-sample-proxy
CID44971_TTCTCAATCTTCATGT,11.370949,11.018863,6,T / NK,0.8618196133881085,CID44971-sample-proxy
CID44971_TTGGAACTCTGCGACG,11.346268,11.212009,6,T / NK,0.8618196133881085,CID44971-sample-proxy
CID44971_CAACCAATCGACCAGC,14.33844,9.524399,8,T / NK,0.6453881461079718,CID44971-sample-proxy
CID44971_GTAGTCATCGCTTAGA,14.636055,8.789052,8,T / NK,0.6453881461079718,CID44971-sample-proxy
CID44971_AAACCTGTCAGCGATT,12.321097,12.4771595,7,T / NK,1.4860313519878239,CID44971-sample-proxy
CID44971_AAACGGGAGCTGAACG,12.955859,11.759119,7,T / NK,1.4860313519878239,CID44971-sample-proxy
CID44971_AAATGCCAGGGCTTCC,12.491756,11.126199,7,T / NK,1.4860313519878239,CID44971-sample-proxy
CID44971_AACTCAGGTACTCAAC,11.208421,11.60542,6,T / NK,0.8618196133881085,CID44971-sample-proxy
CID44971_AACTGGTAGTGTCCAT,9.44368,9.6247635,6,T / NK,0.8618196133881085,CID44971-sample-proxy
CID44971_AACTTTCGTGCTAGCC,12.9834795,11.526587,7,T / NK,1.4860313519878239,CID44971-sample-proxy
CID44971_AAGACCTAGCGTGAGT,12.639238,12.598226,7,T / NK,1.4860313519878239,CID44971-sample-proxy
CID44971_AAGCCGCCAGGTCCAC,12.171519,11.907821,7,T / NK,1.4860313519878239,CID44971-sample-proxy
CID44971_AAGGCAGTCGCCAAAT,12.779995,9.767232,7,T / NK,1.4860313519878239,CID44971-sample-proxy
CID44971_ACATCAGGTCCAGTTA,11.722266,12.159706,7,T / NK,1.4860313519878239,CID44971-sample-proxy
CID44971_ACGATACAGACTTGAA,13.256162,10.325205,7,T / NK,1.4860313519878239,CID44971-sample-proxy
CID44971_ACGCCAGAGTGTACCT,13.239114,10.751373,7,T / NK,1.4860313519878239,CID44971-sample-proxy
CID44971_ACGCCAGGTCCGAACC,12.64082,10.501844,7,T / NK,1.4860313519878239,CID44971-sample-proxy
CID44971_ACGCCAGTCGAATCCA,13.48573,9.976632,8,T / NK,0.6453881461079718,CID44971-sample-proxy
CID44971_ACGGGCTGTTAGAACA,12.471157,11.542348,7,T / NK,1.4860313519878239,CID44971-sample-proxy
CID44971_ACGTCAAGTCAAAGCG,13.137716,10.6380415,7,T / NK,1.4860313519878239,CID44971-sample-proxy
CID44971_ACGTCAATCTTGCAAG,12.895342,9.656882,8,T / NK,0.6453881461079718,CID44971-sample-proxy
CID44971_ACTATCTGTTCAGCGC,13.963134,9.625979,8,T / NK,0.6453881461079718,CID44971-sample-proxy
CID44971_ACTGAGTAGGGAACGG,12.784216,9.951322,6,T / NK,0.8618196133881085,CID44971-sample-proxy
CID44971_AGAATAGGTCCTCCAT,12.153433,11.274044,7,T / NK,1.4860313519878239,CID44971-sample-proxy
CID44971_AGACGTTTCATGCATG,13.153628,11.311636,7,T / NK,1.4860313519878239,CID44971-sample-proxy
CID44971_AGCGGTCAGACCTAGG,10.4481735,10.087851,6,T / NK,0.8618196133881085,CID44971-sample-proxy
CID44971_AGCGGTCGTTACCGAT,12.550183,10.539243,7,T / NK,1.4860313519878239,CID44971-sample-proxy
CID44971_AGCTCTCGTCGTCTTC,12.75663,11.139687,7,T / NK,1.4860313519878239,CID44971-sample-proxy
CID44971_AGCTTGACAGTCGTGC,12.698673,12.653896,7,T / NK,1.4860313519878239,CID44971-sample-proxy
CID44971_AGGCCACAGGACGAAA,12.121474,11.688707,6,T / NK,0.8618196133881085,CID44971-sample-proxy
CID44971_AGTGGGACAAGAGTCG,14.439894,8.690012,8,T / NK,0.6453881461079718,CID44971-sample-proxy
CID44971_ATCTACTAGAACAACT,12.777531,10.594385,7,T / NK,1.4860313519878239,CID44971-sample-proxy
CID44971_ATTGGTGTCTTGCATT,12.233019,11.155457,7,T / NK,1.4860313519878239,CID44971-sample-proxy
CID44971_ATTTCTGCAAGGACAC,12.586008,11.392114,7,T / NK,1.4860313519878239,CID44971-sample-proxy
CID44971_CAACCTCAGTTATCGC,13.540604,9.645717,6,T / NK,0.8618196133881085,CID44971-sample-proxy
CID44971_CAACTAGCACGGCTAC,12.769608,9.222532,10,T / NK,0.35721909436771326,CID44971-sample-proxy
CID44971_CAAGAAACACAAGACG,13.184506,11.495679,7,T / NK,1.4860313519878239,CID44971-sample-proxy
CID44971_CACACTCGTAGTGAAT,13.282257,11.525925,7,T / NK,1.4860313519878239,CID44971-sample-proxy
CID44971_CACAGTAAGCTACCTA,12.8588,9.301599,7,T / NK,1.4860313519878239,CID44971-sample-proxy
CID44971_CACATAGTCCCTTGCA,11.40129,11.720284,6,T / NK,0.8618196133881085,CID44971-sample-proxy
CID44971_CACATTTCAGCTGTGC,12.7063875,9.363503,10,T / NK,0.35721909436771326,CID44971-sample-proxy
CID44971_CACCAGGAGTCATGCT,13.293311,10.438944,7,T / NK,1.4860313519878239,CID44971-sample-proxy
CID44971_CACCTTGGTTATCACG,11.897804,10.086257,6,T / NK,0.8618196133881085,CID44971-sample-proxy
CID44971_CACTCCAGTGCCTTGG,10.771872,11.504663,6,T / NK,0.8618196133881085,CID44971-sample-proxy
CID44971_CAGAATCCAAGCCTAT,13.182674,10.858499,7,T / NK,1.4860313519878239,CID44971-sample-proxy
CID44971_CAGCTGGGTCGCGGTT,10.730363,11.811414,6,T / NK,0.8618196133881085,CID44971-sample-proxy
CID44971_CATCAGAGTCATCCCT,12.591548,10.66807,7,T / NK,1.4860313519878239,CID44971-sample-proxy
CID44971_CATCAGAGTGCTGTAT,12.837008,11.305981,7,T / NK,1.4860313519878239,CID44971-sample-proxy
CID44971_CATCCACGTCTTCTCG,12.891858,11.119096,7,T / NK,1.4860313519878239,CID44971-sample-proxy
CID44971_CATGCCTAGGTGCTTT,12.83787,10.836243,7,T / NK,1.4860313519878239,CID44971-sample-proxy
CID44971_CATGGCGGTCCGAAGA,12.486081,12.54545,7,T / NK,1.4860313519878239,CID44971-sample-proxy
CID44971_CCGGTAGAGCAGCCTC,12.642617,12.067955,7,T / NK,1.4860313519878239,CID44971-sample-proxy
CID44971_CCTAAAGCAAGCGAGT,13.3220625,11.54164,7,T / NK,1.4860313519878239,CID44971-sample-proxy
CID44971_CCTACCATCAACGGGA,12.785499,11.436653,7,T / NK,1.4860313519878239,CID44971-sample-proxy
CID44971_CCTAGCTCAATAGAGT,12.492443,11.740392,7,T / NK,1.4860313519878239,CID44971-sample-proxy
CID44971_CCTAGCTGTCCGCTGA,12.622797,11.346116,7,T / NK,1.4860313519878239,CID44971-sample-proxy
CID44971_CCTTCGAGTCATACTG,12.775706,11.018091,7,T / NK,1.4860313519878239,CID44971-sample-proxy
CID44971_CCTTTCTAGTCCCACG,12.441396,10.230304,7,T / NK,1.4860313519878239,CID44971-sample-proxy
CID44971_CCTTTCTGTCTTCTCG,13.280841,12.038091,7,T / NK,1.4860313519878239,CID44971-sample-proxy
CID44971_CGACTTCGTAACGACG,12.680606,11.001212,7,T / NK,1.4860313519878239,CID44971-sample-proxy
CID44971_CGAGCCACACCAGTTA,12.954207,11.288277,7,T / NK,1.4860313519878239,CID44971-sample-proxy
CID44971_CGAGCCAGTACTCGCG,11.987599,10.390717,6,T / NK,0.8618196133881085,CID44971-sample-proxy
CID44971_CGAGCCAGTAGGGACT,13.365657,10.688671,7,T / NK,1.4860313519878239,CID44971-sample-proxy
CID44971_CGATGGCTCACGATGT,12.857357,11.153494,7,T / NK,1.4860313519878239,CID44971-sample-proxy
CID44971_CGATGTATCTGTCAAG,12.624972,12.24352,7,T / NK,1.4860313519878239,CID44971-sample-proxy
CID44971_CGCCAAGTCCCTGACT,12.971783,10.455591,7,T / NK,1.4860313519878239,CID44971-sample-proxy
CID44971_CGCTATCTCGCCAAAT,11.738439,11.179977,6,T / NK,0.8618196133881085,CID44971-sample-proxy
CID44971_CGGACACGTCCTAGCG,12.293534,12.190109,7,T / NK,1.4860313519878239,CID44971-sample-proxy
CID44971_CGGAGCTTCAGCTCTC,13.064197,11.297436,7,T / NK,1.4860313519878239,CID44971-sample-proxy
CID44971_CGGGTCATCAATCACG,13.902362,10.18958,7,T / NK,1.4860313519878239,CID44971-sample-proxy
CID44971_CGGTTAAGTACCGAGA,20.042324,23.023375,0,Endothelial,4.173164901300272,CID44971-sample-proxy
CID44971_CGTCAGGAGTCGAGTG,18.74929,4.221001,9,T / NK,0.7929964621147112,CID44971-sample-proxy
CID44971_CGTCCATAGGGCTCTC,12.470054,12.082028,7,T / NK,1.4860313519878239,CID44971-sample-proxy
CID44971_CGTCTACAGCTACCTA,10.393409,14.048823,6,T / NK,0.8618196133881085,CID44971-sample-proxy
CID44971_CGTGTAACATAGGATA,13.044777,12.131964,7,T / NK,1.4860313519878239,CID44971-sample-proxy
CID44971_CGTGTCTTCTGTCCGT,13.145026,10.483059,7,T / NK,1.4860313519878239,CID44971-sample-proxy
CID44971_CTAACTTGTGGCCCTA,13.06992,11.286842,7,T / NK,1.4860313519878239,CID44971-sample-proxy
CID44971_CTACATTGTGGACGAT,12.352086,10.887083,7,T / NK,1.4860313519878239,CID44971-sample-proxy
CID44971_CTACATTGTTGATTGC,12.918135,11.245332,7,T / NK,1.4860313519878239,CID44971-sample-proxy
CID44971_CTAGAGTTCTCGATGA,13.107034,11.658752,7,T / NK,1.4860313519878239,CID44971-sample-proxy
CID44971_CTCCTAGCATGTAGTC,18.594603,4.241597,9,T / NK,0.7929964621147112,CID44971-sample-proxy
CID44971_CTCGTACCACGTCAGC,13.0932045,11.211821,7,T / NK,1.4860313519878239,CID44971-sample-proxy
CID44971_CTCGTACGTGTGGTTT,12.935711,11.167417,7,T / NK,1.4860313519878239,CID44971-sample-proxy
CID44971_CTCGTCAAGTATCGAA,12.623245,8.652136,10,T / NK,0.35721909436771326,CID44971-sample-proxy
CID44971_CTCTAATGTCTAGAGG,12.890719,9.214697,10,T / NK,0.35721909436771326,CID44971-sample-proxy
CID44971_CTCTAATTCTACGAGT,12.525944,10.904091,7,T / NK,1.4860313519878239,CID44971-sample-proxy
CID44971_CTCTGGTAGAGTAAGG,12.91625,10.753015,7,T / NK,1.4860313519878239,CID44971-sample-proxy
CID44971_CTGATAGTCCAAATGC,13.222593,11.209807,7,T / NK,1.4860313519878239,CID44971-sample-proxy
CID44971_CTGCCTACAAAGGAAG,12.018734,11.102319,7,T / NK,1.4860313519878239,CID44971-sample-proxy
CID44971_CTGCGGAGTAGAGCTG,14.252671,9.796443,8,T / NK,0.6453881461079718,CID44971-sample-proxy
CID44971_CTTACCGCACCTCGTT,14.514705,9.854696,8,T / NK,0.6453881461079718,CID44971-sample-proxy
CID44971_CTTTGCGTCCCTTGTG,13.03347,11.865467,7,T / NK,1.4860313519878239,CID44971-sample-proxy
CID44971_GAAACTCAGCCCAATT,13.439186,11.787011,7,T / NK,1.4860313519878239,CID44971-sample-proxy
CID44971_GAAACTCAGGAGTTGC,13.000386,11.398155,7,T / NK,1.4860313519878239,CID44971-sample-proxy
CID44971_GAACATCCATGGTCAT,13.0380125,10.578315,7,T / NK,1.4860313519878239,CID44971-sample-proxy
CID44971_GACAGAGTCCAACCAA,12.210266,12.425152,7,T / NK,1.4860313519878239,CID44971-sample-proxy
CID44971_GACCTGGGTGTGAAAT,12.295417,11.063251,7,T / NK,1.4860313519878239,CID44971-sample-proxy
CID44971_GACGTGCAGACATAAC,12.976975,11.087582,7,T / NK,1.4860313519878239,CID44971-sample-proxy
CID44971_GACGTGCTCGGAATCT,12.779398,11.13025,7,T / NK,1.4860313519878239,CID44971-sample-proxy
CID44971_GACGTTACATCAGTCA,10.631725,9.312386,6,T / NK,0.8618196133881085,CID44971-sample-proxy
CID44971_GAGGTGATCCGTCAAA,12.283154,11.046797,7,T / NK,1.4860313519878239,CID44971-sample-proxy
CID44971_GATCGTACATTGTGCA,13.102764,12.026295,7,T / NK,1.4860313519878239,CID44971-sample-proxy
CID44971_GATTCAGAGACAGGCT,12.041546,11.923808,7,T / NK,1.4860313519878239,CID44971-sample-proxy
CID44971_GCAATCAGTCTAGCCG,13.24466,11.925012,7,T / NK,1.4860313519878239,CID44971-sample-proxy
CID44971_GCAGCCAAGTAACCCT,12.888134,11.179849,7,T / NK,1.4860313519878239,CID44971-sample-proxy
CID44971_GCATGATCACAGCGTC,12.479203,12.485876,7,T / NK,1.4860313519878239,CID44971-sample-proxy
CID44971_GCATGTAAGATGTGGC,12.777178,10.019359,7,T / NK,1.4860313519878239,CID44971-sample-proxy
CID44971_GCGAGAAGTATTCGTG,12.662832,11.449526,7,T / NK,1.4860313519878239,CID44971-sample-proxy
CID44971_GCGCAACTCATGCATG,12.68699,11.149988,7,T / NK,1.4860313519878239,CID44971-sample-proxy
CID44971_GCGCCAAAGCAATCTC,13.480443,10.992507,6,T / NK,0.8618196133881085,CID44971-sample-proxy
CID44971_GCGGGTTTCCTTGGTC,10.893106,12.14718,6,T / NK,0.8618196133881085,CID44971-sample-proxy
CID44971_GCGGGTTTCTGCTGCT,12.405107,11.39543,7,T / NK,1.4860313519878239,CID44971-sample-proxy
CID44971_GCTTCCATCTGTACGA,11.960104,11.093213,7,T / NK,1.4860313519878239,CID44971-sample-proxy
CID44971_GGAAAGCAGGTGCACA,18.458754,4.401484,9,T / NK,0.7929964621147112,CID44971-sample-proxy
CID44971_GGAAAGCGTACCATCA,11.546538,10.558947,6,T / NK,0.8618196133881085,CID44971-sample-proxy
CID44971_GGAACTTTCCAAAGTC,10.293955,13.921703,6,T / NK,0.8618196133881085,CID44971-sample-proxy
CID44971_GGATGTTTCCAGAAGG,12.843127,11.317285,7,T / NK,1.4860313519878239,CID44971-sample-proxy
CID44971_GGCCGATAGAAGGGTA,11.395845,11.795816,7,T / NK,1.4860313519878239,CID44971-sample-proxy
CID44971_GGCTGGTGTCAAAGAT,12.097025,11.552855,7,T / NK,1.4860313519878239,CID44971-sample-proxy
CID44971_GGGAGATAGGACCACA,12.99872,10.444224,7,T / NK,1.4860313519878239,CID44971-sample-proxy
CID44971_GGGAGATGTCTGCCAG,11.872547,9.470408,6,T / NK,0.8618196133881085,CID44971-sample-proxy
CID44971_GGGATGACAATGTAAG,14.171168,8.692851,8,T / NK,0.6453881461079718,CID44971-sample-proxy
CID44971_GGTATTGAGTGCCATT,12.177851,12.412941,7,T / NK,1.4860313519878239,CID44971-sample-proxy
CID44971_GGTGTTAAGTTAGGTA,12.341955,10.90008,7,T / NK,1.4860313519878239,CID44971-sample-proxy
CID44971_GTATCTTCACGTAAGG,12.362178,12.815947,7,T / NK,1.4860313519878239,CID44971-sample-proxy
CID44971_GTATTCTGTCGAATCT,12.576302,10.499523,7,T / NK,1.4860313519878239,CID44971-sample-proxy
CID44971_GTCATTTAGACGACGT,13.818457,9.510817,7,T / NK,1.4860313519878239,CID44971-sample-proxy
CID44971_GTCATTTTCAATCTCT,9.65909,12.221624,6,T / NK,0.8618196133881085,CID44971-sample-proxy
CID44971_GTCGGGTCAAGAGGCT,12.664047,11.447796,7,T / NK,1.4860313519878239,CID44971-sample-proxy
CID44971_GTCTTCGGTCCAAGTT,13.07839,10.984121,7,T / NK,1.4860313519878239,CID44971-sample-proxy
CID44971_GTGCGGTCATAACCTG,11.086743,11.3466215,6,T / NK,0.8618196133881085,CID44971-sample-proxy
CID44971_GTGCTTCCACGCTTTC,12.72574,10.646909,7,T / NK,1.4860313519878239,CID44971-sample-proxy
CID44971_GTTCATTGTCAGAAGC,12.53845,10.98985,7,T / NK,1.4860313519878239,CID44971-sample-proxy
CID44971_TAAACCGTCATTGCCC,13.138258,11.862032,7,T / NK,1.4860313519878239,CID44971-sample-proxy
CID44971_TACCTATAGGCCCTTG,13.374492,10.43965,7,T / NK,1.4860313519878239,CID44971-sample-proxy
CID44971_TACGGGCTCACCGGGT,12.339088,11.610564,7,T / NK,1.4860313519878239,CID44971-sample-proxy
CID44971_TACTTACTCGTGACAT,13.09434,11.86528,7,T / NK,1.4860313519878239,CID44971-sample-proxy
CID44971_TAGACCACATGTCTCC,12.625811,10.4435215,7,T / NK,1.4860313519878239,CID44971-sample-proxy
CID44971_TATTACCGTTGATTCG,11.966721,10.597745,6,T / NK,0.8618196133881085,CID44971-sample-proxy
CID44971_TCGGGACCACCTTGTC,12.302863,11.144623,7,T / NK,1.4860313519878239,CID44971-sample-proxy
CID44971_TCTGAGAGTTCCTCCA,13.376718,10.383208,6,T / NK,0.8618196133881085,CID44971-sample-proxy
CID44971_TCTTCGGTCAAAGACA,12.69762,9.992112,10,T / NK,0.35721909436771326,CID44971-sample-proxy
CID44971_TCTTCGGTCGGATGTT,12.612201,10.981556,7,T / NK,1.4860313519878239,CID44971-sample-proxy
CID44971_TCTTCGGTCTGTCAAG,13.34218,11.696388,7,T / NK,1.4860313519878239,CID44971-sample-proxy
CID44971_TGAAAGACACAGCCCA,12.513853,12.14486,7,T / NK,1.4860313519878239,CID44971-sample-proxy
CID44971_TGACAACAGGCTCATT,13.116072,11.304451,7,T / NK,1.4860313519878239,CID44971-sample-proxy
CID44971_TGACTAGTCGTCACGG,12.765726,12.413802,7,T / NK,1.4860313519878239,CID44971-sample-proxy
CID44971_TGCTACCAGTCACGCC,12.993678,10.065821,6,T / NK,0.8618196133881085,CID44971-sample-proxy
CID44971_TGCTACCGTCCAGTAT,12.6073475,11.21012,7,T / NK,1.4860313519878239,CID44971-sample-proxy
CID44971_TGCTGCTTCCTCTAGC,13.380301,9.150045,8,T / NK,0.6453881461079718,CID44971-sample-proxy
CID44971_TGGCGCAAGCTAAACA,11.977796,11.543757,6,T / NK,0.8618196133881085,CID44971-sample-proxy
CID44971_TGGTTAGAGGAGCGAG,13.700953,9.521706,8,T / NK,0.6453881461079718,CID44971-sample-proxy
CID44971_TGTATTCAGCGAAGGG,13.459136,11.2444105,7,T / NK,1.4860313519878239,CID44971-sample-proxy
CID44971_TTAGGCACATCCTAGA,11.909071,12.091926,7,T / NK,1.4860313519878239,CID44971-sample-proxy
CID44971_TTAGTTCAGAAACCAT,13.0461855,11.130182,7,T / NK,1.4860313519878239,CID44971-sample-proxy
CID44971_TTCGAAGCACGCATCG,12.805471,12.584642,7,T / NK,1.4860313519878239,CID44971-sample-proxy
CID44971_TTCGGTCTCTTCATGT,13.7753315,10.258441,7,T / NK,1.4860313519878239,CID44971-sample-proxy
CID44971_TTGAACGAGTGTACGG,12.997017,12.857354,7,T / NK,1.4860313519878239,CID44971-sample-proxy
CID44971_TTGTAGGCAGCTCGAC,12.955867,9.975913,6,T / NK,0.8618196133881085,CID44971-sample-proxy
CID44971_TTTATGCCATACTACG,12.3141165,11.252714,7,T / NK,1.4860313519878239,CID44971-sample-proxy
CID44971_TTTCCTCAGTACACCT,12.111697,12.025908,7,T / NK,1.4860313519878239,CID44971-sample-proxy
CID44971_TTTGGTTCACGTTGGC,13.240434,10.187266,6,T / NK,0.8618196133881085,CID44971-sample-proxy
CID44971_TTTGTCACAAAGGAAG,9.664637,8.878803,6,T / NK,0.8618196133881085,CID44971-sample-proxy
CID44971_TTTGTCATCAAACGGG,13.131595,11.751345,7,T / NK,1.4860313519878239,CID44971-sample-proxy
CID44971_AGGGTGACATAAGACA,15.033364,7.624771,8,T / NK,0.6453881461079718,CID44971-sample-proxy
CID44971_TCACAAGTCTACTCAT,9.49334,8.687746,6,T / NK,0.8618196133881085,CID44971-sample-proxy
CID44971_GTACGTAGTCGCATCG,10.449853,12.832117,6,T / NK,0.8618196133881085,CID44971-sample-proxy
CID44971_ACACCAAAGAATTCCC,10.67854,10.805578,6,T / NK,0.8618196133881085,CID44971-sample-proxy
CID44971_AACTCCCCAGACACTT,13.901167,8.248707,8,T / NK,0.6453881461079718,CID44971-sample-proxy
CID44971_GGGCATCCATACAGCT,8.07606,12.974665,6,T / NK,0.8618196133881085,CID44971-sample-proxy
CID44971_TGACTAGTCCGTCATC,12.686314,9.4251375,10,T / NK,0.35721909436771326,CID44971-sample-proxy
CID44971_TACTTACTCCGAAGAG,13.019656,8.056334,11,T / NK,0.6277997926081639,CID44971-sample-proxy
CID44971_AAAGTAGAGGATGGTC,11.161839,10.266297,6,T / NK,0.8618196133881085,CID44971-sample-proxy
CID44971_ACGTCAATCATGCAAC,8.867322,9.096298,6,T / NK,0.8618196133881085,CID44971-sample-proxy
CID44971_ATGTGTGGTAGTACCT,9.96112,9.816506,6,T / NK,0.8618196133881085,CID44971-sample-proxy
CID44971_CACACAACAAGCTGTT,10.705678,10.003547,6,T / NK,0.8618196133881085,CID44971-sample-proxy
CID44971_CAGTAACTCGCGTTTC,10.815448,9.237927,6,T / NK,0.8618196133881085,CID44971-sample-proxy
CID44971_TCATTTGGTCTCGTTC,10.140685,10.412024,6,T / NK,0.8618196133881085,CID44971-sample-proxy
CID44971_CTTAACTAGAGACGAA,7.8403883,9.865607,6,T / NK,0.8618196133881085,CID44971-sample-proxy
CID44971_GACCAATAGGTGGGTT,9.010493,12.308022,6,T / NK,0.8618196133881085,CID44971-sample-proxy
CID44971_TACCTATGTCTTCAAG,14.203595,9.600026,8,T / NK,0.6453881461079718,CID44971-sample-proxy
CID44971_TATTACCAGGGCACTA,14.079242,11.451836,6,T / NK,0.8618196133881085,CID44971-sample-proxy
CID44971_TCAACGAGTGTGAAAT,9.589261,10.992538,6,T / NK,0.8618196133881085,CID44971-sample-proxy
CID44971_TGACGGCAGCACCGTC,14.590503,7.7335114,8,T / NK,0.6453881461079718,CID44971-sample-proxy
CID44971_TTGGAACCAGCTCGCA,10.921032,11.842542,6,T / NK,0.8618196133881085,CID44971-sample-proxy
CID44971_GTTCTCGCATGTAAGA,12.950239,9.482439,7,T / NK,1.4860313519878239,CID44971-sample-proxy
CID44971_GAATAAGTCAACCATG,15.787921,10.416034,8,T / NK,0.6453881461079718,CID44971-sample-proxy
CID44971_TTCTCCTTCAAACCGT,16.026274,9.443524,8,T / NK,0.6453881461079718,CID44971-sample-proxy
CID44971_AGCAGCCCAGGTCTCG,15.848878,9.602451,8,T / NK,0.6453881461079718,CID44971-sample-proxy
CID44971_ACTTTCATCCGCAGTG,14.758048,11.144113,6,T / NK,0.8618196133881085,CID44971-sample-proxy
CID44971_AGGCCGTGTCAACATC,13.821213,10.879859,6,T / NK,0.8618196133881085,CID44971-sample-proxy
CID44971_AGGGAGTAGCGACGTA,10.955124,9.297419,6,T / NK,0.8618196133881085,CID44971-sample-proxy
CID44971_AGTGTCAAGAACAACT,9.838779,11.464654,6,T / NK,0.8618196133881085,CID44971-sample-proxy
CID44971_CCTTCGATCACCTCGT,15.017907,11.072566,6,T / NK,0.8618196133881085,CID44971-sample-proxy
CID44971_GTCAAGTCATGCCTTC,11.605087,9.660733,6,T / NK,0.8618196133881085,CID44971-sample-proxy
CID44971_TCAGGATGTAAGTGTA,14.557822,11.493328,6,T / NK,0.8618196133881085,CID44971-sample-proxy
CID44971_TGCCAAATCCAGGGCT,14.307852,11.382381,6,T / NK,0.8618196133881085,CID44971-sample-proxy
CID44971_AACTCAGAGCCTATGT,14.641843,11.618138,6,T / NK,0.8618196133881085,CID44971-sample-proxy
CID44971_AAGTCTGAGCTGCCCA,15.729645,8.3255005,8,T / NK,0.6453881461079718,CID44971-sample-proxy
CID44971_ACACCAAAGTTCGATC,13.755202,10.100974,8,T / NK,0.6453881461079718,CID44971-sample-proxy
CID44971_ACACCGGAGGGATCTG,10.658702,9.544218,6,T / NK,0.8618196133881085,CID44971-sample-proxy
CID44971_ACCAGTAAGCGTGAAC,14.4142,11.602975,6,T / NK,0.8618196133881085,CID44971-sample-proxy
CID44971_ACCCACTTCACCATAG,15.339121,10.985899,6,T / NK,0.8618196133881085,CID44971-sample-proxy
CID44971_ACGAGCCTCCCTCAGT,14.964329,11.6441,6,T / NK,0.8618196133881085,CID44971-sample-proxy
CID44971_ACGGGTCGTGTAATGA,15.91614,9.262734,8,T / NK,0.6453881461079718,CID44971-sample-proxy
CID44971_ACTGATGAGTGGGATC,13.222161,8.244736,10,T / NK,0.35721909436771326,CID44971-sample-proxy
CID44971_ACTTGTTCAGCTGCTG,15.069349,11.418367,6,T / NK,0.8618196133881085,CID44971-sample-proxy
CID44971_ACTTTCATCAGTTGAC,14.669362,11.696687,6,T / NK,0.8618196133881085,CID44971-sample-proxy
CID44971_AGAATAGCATACGCCG,14.892326,11.387038,6,T / NK,0.8618196133881085,CID44971-sample-proxy
CID44971_AGATTGCGTAACGCGA,15.155459,10.975533,6,T / NK,0.8618196133881085,CID44971-sample-proxy
CID44971_ATCCACCGTCGCGTGT,15.360962,10.837036,6,T / NK,0.8618196133881085,CID44971-sample-proxy
CID44971_ATGGGAGTCATTGCCC,14.383464,11.568006,6,T / NK,0.8618196133881085,CID44971-sample-proxy
CID44971_ATTATCCGTCTCAACA,14.967704,11.03341,6,T / NK,0.8618196133881085,CID44971-sample-proxy
CID44971_CACATTTTCGTCGTTC,14.894325,11.662583,6,T / NK,0.8618196133881085,CID44971-sample-proxy
CID44971_CACCACTCAATACGCT,15.289274,11.090014,6,T / NK,0.8618196133881085,CID44971-sample-proxy
CID44971_CAGCTGGTCGAGAGCA,16.016642,10.333323,8,T / NK,0.6453881461079718,CID44971-sample-proxy
CID44971_CAGGTGCAGATACACA,14.826668,11.284892,6,T / NK,0.8618196133881085,CID44971-sample-proxy
CID44971_CATCAAGTCATACGGT,14.164715,9.921681,8,T / NK,0.6453881461079718,CID44971-sample-proxy
CID44971_CCGTTCATCACCCGAG,16.30785,9.847117,8,T / NK,0.6453881461079718,CID44971-sample-proxy
CID44971_CCTCAGTGTAAAGGAG,13.351891,8.818147,10,T / NK,0.35721909436771326,CID44971-sample-proxy
CID44971_CGAGCACCAATCCGAT,14.909776,11.571645,6,T / NK,0.8618196133881085,CID44971-sample-proxy
CID44971_CGAGCACTCATGTCCC,16.388922,8.051636,8,T / NK,0.6453881461079718,CID44971-sample-proxy
CID44971_CGATGGCTCCGGCACA,14.7709055,10.81573,6,T / NK,0.8618196133881085,CID44971-sample-proxy
CID44971_CGGACGTCAGGGTACA,14.743688,11.62767,6,T / NK,0.8618196133881085,CID44971-sample-proxy
CID44971_CGTCCATGTTCCTCCA,15.598053,10.891177,6,T / NK,0.8618196133881085,CID44971-sample-proxy
CID44971_CTAGCCTGTCATCCCT,14.447183,11.363946,6,T / NK,0.8618196133881085,CID44971-sample-proxy
CID44971_CTCGGGAAGTGGACGT,14.938541,11.614858,6,T / NK,0.8618196133881085,CID44971-sample-proxy
CID44971_CTCGTCATCACAACGT,14.964705,11.419243,6,T / NK,0.8618196133881085,CID44971-sample-proxy
CID44971_GAAGCAGAGGAGTTGC,15.791559,10.734378,8,T / NK,0.6453881461079718,CID44971-sample-proxy
CID44971_GACACGCGTCGAGATG,15.044124,9.707045,8,T / NK,0.6453881461079718,CID44971-sample-proxy
CID44971_GACGCGTGTCGAACAG,14.843067,11.244146,6,T / NK,0.8618196133881085,CID44971-sample-proxy
CID44971_GACTAACAGGTGCACA,14.758522,11.678992,6,T / NK,0.8618196133881085,CID44971-sample-proxy
CID44971_GCGCCAAGTCTACCTC,14.543853,9.527537,8,T / NK,0.6453881461079718,CID44971-sample-proxy
CID44971_GCGGGTTGTGAGGCTA,15.098414,11.442261,6,T / NK,0.8618196133881085,CID44971-sample-proxy
CID44971_GGTGAAGCACCCAGTG,14.62437,11.667337,6,T / NK,0.8618196133881085,CID44971-sample-proxy
CID44971_GTATTCTAGCTGTCTA,16.148323,10.182132,8,T / NK,0.6453881461079718,CID44971-sample-proxy
CID44971_GTATTCTTCCAAACTG,14.645716,10.286974,6,T / NK,0.8618196133881085,CID44971-sample-proxy
CID44971_GTGCAGCTCTCGAGTA,16.187689,9.73661,8,T / NK,0.6453881461079718,CID44971-sample-proxy
CID44971_GTTCTCGCAACTGGCC,14.801692,11.630733,6,T / NK,0.8618196133881085,CID44971-sample-proxy
CID44971_TAGCCGGCACCGGAAA,15.801091,10.687409,8,T / NK,0.6453881461079718,CID44971-sample-proxy
CID44971_TAGGCATCACAAGCCC,15.247051,10.776219,6,T / NK,0.8618196133881085,CID44971-sample-proxy
CID44971_TCAGCTCAGGTGACCA,13.977778,11.593572,6,T / NK,0.8618196133881085,CID44971-sample-proxy
CID44971_TCGCGTTCATGCATGT,11.654521,9.757581,6,T / NK,0.8618196133881085,CID44971-sample-proxy
CID44971_TCTCTAAGTCGCGTGT,14.817265,11.575484,6,T / NK,0.8618196133881085,CID44971-sample-proxy
CID44971_TGCACCTCAGACTCGC,14.5357485,11.707977,6,T / NK,0.8618196133881085,CID44971-sample-proxy
CID44971_TGGCCAGCAGCTGTGC,14.293534,11.761851,6,T / NK,0.8618196133881085,CID44971-sample-proxy
CID44971_TGGGCGTAGGAATCGC,14.486519,11.208074,6,T / NK,0.8618196133881085,CID44971-sample-proxy
CID44971_TGTGTTTCACAACTGT,13.645843,9.891055,8,T / NK,0.6453881461079718,CID44971-sample-proxy
CID44971_TTAGGCACATGCAACT,14.67608,11.4943,6,T / NK,0.8618196133881085,CID44971-sample-proxy
CID44971_TTGAACGAGTGTTAGA,15.7514925,10.663591,8,T / NK,0.6453881461079718,CID44971-sample-proxy
CID44971_GGGACCTAGCCAGGAT,15.487636,10.094745,8,T / NK,0.6453881461079718,CID44971-sample-proxy
CID44971_AGCGTATTCTCACATT,13.267706,11.38128,7,T / NK,1.4860313519878239,CID44971-sample-proxy
CID44971_GCTCCTAAGAGTACAT,13.057168,9.895229,8,T / NK,0.6453881461079718,CID44971-sample-proxy
CID44971_TTCGAAGCACAACTGT,14.895708,10.064391,8,T / NK,0.6453881461079718,CID44971-sample-proxy
CID44971_CTGCCTAGTTCCACGG,13.615048,13.863578,7,T / NK,1.4860313519878239,CID44971-sample-proxy
CID44971_GATGAGGGTCTGGTCG,15.695924,4.8166494,11,T / NK,0.6277997926081639,CID44971-sample-proxy
CID44971_TCTTTCCGTAACGCGA,15.29478,4.3401656,11,T / NK,0.6277997926081639,CID44971-sample-proxy
CID44971_AAGGTTCAGGCATGTG,15.520475,7.9178486,8,T / NK,0.6453881461079718,CID44971-sample-proxy
CID44971_GGTGAAGCAAAGTCAA,13.404112,8.713654,10,T / NK,0.35721909436771326,CID44971-sample-proxy
CID44971_CAAGAAAAGAATGTGT,14.588931,9.492369,8,T / NK,0.6453881461079718,CID44971-sample-proxy
CID44971_CGGCTAGTCTCAAGTG,9.671231,10.811004,6,T / NK,0.8618196133881085,CID44971-sample-proxy
CID44971_GGTATTGGTATGGTTC,11.887102,11.996827,7,T / NK,1.4860313519878239,CID44971-sample-proxy
CID44971_AGTCTTTCATTAGGCT,12.522128,12.260227,7,T / NK,1.4860313519878239,CID44971-sample-proxy
CID44971_CCAATCCCAGCTTAAC,12.33272,11.992292,7,T / NK,1.4860313519878239,CID44971-sample-proxy
CID44971_GGAGCAACAGCGAACA,13.123778,10.527289,7,T / NK,1.4860313519878239,CID44971-sample-proxy
CID44971_GTCTCGTGTCGGCACT,13.456479,11.494295,7,T / NK,1.4860313519878239,CID44971-sample-proxy
CID44971_TTCTTAGCACATAACC,14.615719,9.698928,8,T / NK,0.6453881461079718,CID44971-sample-proxy
CID44971_ATCACGAAGATAGCAT,15.594464,9.537363,8,T / NK,0.6453881461079718,CID44971-sample-proxy
CID44971_CCACGGACACCCATGG,13.857837,9.249725,8,T / NK,0.6453881461079718,CID44971-sample-proxy
CID44971_CCCTCCTTCGCCATAA,14.869887,5.931614,8,T / NK,0.6453881461079718,CID44971-sample-proxy
CID44971_AGATCTGGTAGAGGAA,12.184478,9.596057,6,T / NK,0.8618196133881085,CID44971-sample-proxy
CID44971_CTGTGCTCACATCCAA,15.521344,7.2615733,8,T / NK,0.6453881461079718,CID44971-sample-proxy
CID44971_AGCGGTCGTAATCGTC,10.870488,11.3508835,6,T / NK,0.8618196133881085,CID44971-sample-proxy
CID44971_GTGCTTCAGCACGCCT,12.806314,8.38717,10,T / NK,0.35721909436771326,CID44971-sample-proxy
CID44971_AAACGGGTCAAGGTAA,9.524663,9.250391,6,T / NK,0.8618196133881085,CID44971-sample-proxy
CID44971_AAACGGGTCAGGCAAG,11.351133,10.499425,6,T / NK,0.8618196133881085,CID44971-sample-proxy
CID44971_AACACGTTCAACACGT,10.165646,10.584669,6,T / NK,0.8618196133881085,CID44971-sample-proxy
CID44971_AACACGTTCCGTAGGC,10.629771,9.267068,6,T / NK,0.8618196133881085,CID44971-sample-proxy
CID44971_AACCATGAGATTACCC,9.160042,8.823955,6,T / NK,0.8618196133881085,CID44971-sample-proxy
CID44971_AACCGCGAGCCGTCGT,10.995007,10.025019,6,T / NK,0.8618196133881085,CID44971-sample-proxy
CID44971_AACCGCGAGTGGAGTC,10.203649,9.235796,6,T / NK,0.8618196133881085,CID44971-sample-proxy
CID44971_AACCGCGTCACATACG,10.422469,9.161663,6,T / NK,0.8618196133881085,CID44971-sample-proxy
CID44971_AACTGGTGTTATCGGT,8.104059,9.9095125,6,T / NK,0.8618196133881085,CID44971-sample-proxy
CID44971_AACTTTCTCGCCGTGA,9.672977,9.21578,6,T / NK,0.8618196133881085,CID44971-sample-proxy
CID44971_AAGGTTCAGACTGGGT,8.895843,9.511069,6,T / NK,0.8618196133881085,CID44971-sample-proxy
CID44971_AAGGTTCCATTGGGCC,9.969166,8.777317,6,T / NK,0.8618196133881085,CID44971-sample-proxy
CID44971_AATCCAGTCCGCGCAA,9.763188,9.220874,6,T / NK,0.8618196133881085,CID44971-sample-proxy
CID44971_ACACCAAGTACAAGTA,9.888874,9.64591,6,T / NK,0.8618196133881085,CID44971-sample-proxy
CID44971_ACACCCTAGTATCTCG,10.511208,11.893906,6,T / NK,0.8618196133881085,CID44971-sample-proxy
CID44971_ACAGCTAAGGGATGGG,10.348657,9.931695,6,T / NK,0.8618196133881085,CID44971-sample-proxy
CID44971_ACATCAGTCTGCTTGC,11.869848,9.373676,6,T / NK,0.8618196133881085,CID44971-sample-proxy
CID44971_ACATGGTAGACTAGGC,10.081322,13.05749,6,T / NK,0.8618196133881085,CID44971-sample-proxy
CID44971_ACATGGTAGGGAAACA,10.641535,9.393533,6,T / NK,0.8618196133881085,CID44971-sample-proxy
CID44971_ACATGGTGTTACGACT,9.989217,10.653092,6,T / NK,0.8618196133881085,CID44971-sample-proxy
CID44971_ACATGGTTCGCCTGTT,9.809847,9.927411,6,T / NK,0.8618196133881085,CID44971-sample-proxy
CID44971_ACCCACTGTCTGCCAG,10.596549,9.890108,6,T / NK,0.8618196133881085,CID44971-sample-proxy
CID44971_ACGAGCCTCTTGCATT,10.87865,8.928424,6,T / NK,0.8618196133881085,CID44971-sample-proxy
CID44971_ACGATACTCAGGTAAA,9.944482,9.298713,6,T / NK,0.8618196133881085,CID44971-sample-proxy
CID44971_ACGCAGCTCTAGAGTC,12.220418,9.266273,6,T / NK,0.8618196133881085,CID44971-sample-proxy
CID44971_ACGGAGACATGCAACT,10.221298,9.722484,6,T / NK,0.8618196133881085,CID44971-sample-proxy
CID44971_ACGGAGACATGGATGG,9.775367,10.664248,6,T / NK,0.8618196133881085,CID44971-sample-proxy
CID44971_ACGGAGAGTTGTGGAG,9.029667,10.548337,6,T / NK,0.8618196133881085,CID44971-sample-proxy
CID44971_ACTATCTAGGCCATAG,8.901252,9.771539,6,T / NK,0.8618196133881085,CID44971-sample-proxy
CID44971_ACTGTCCCACATTTCT,9.702137,10.132267,6,T / NK,0.8618196133881085,CID44971-sample-proxy
CID44971_ACTTGTTCAGGAACGT,10.773247,9.029907,6,T / NK,0.8618196133881085,CID44971-sample-proxy
CID44971_AGAATAGGTTAAGTAG,11.245708,10.518012,6,T / NK,0.8618196133881085,CID44971-sample-proxy
CID44971_AGACGTTAGGAGCGAG,10.16631,10.207269,6,T / NK,0.8618196133881085,CID44971-sample-proxy
CID44971_AGACGTTTCTCTAGGA,11.569555,9.889887,6,T / NK,0.8618196133881085,CID44971-sample-proxy
CID44971_AGAGCTTCAATGTAAG,9.353802,8.557579,6,T / NK,0.8618196133881085,CID44971-sample-proxy
CID44971_AGAGTGGGTTCTCATT,10.509719,8.682809,6,T / NK,0.8618196133881085,CID44971-sample-proxy
CID44971_AGCATACTCATGTCTT,9.227018,8.5692005,6,T / NK,0.8618196133881085,CID44971-sample-proxy
CID44971_AGCCTAACAATGGAGC,8.521578,8.449001,6,T / NK,0.8618196133881085,CID44971-sample-proxy
CID44971_AGCCTAACATAGAAAC,11.435456,9.482339,6,T / NK,0.8618196133881085,CID44971-sample-proxy
CID44971_AGCCTAACATCGGAAG,11.539795,10.707695,6,T / NK,0.8618196133881085,CID44971-sample-proxy
CID44971_AGCGTATTCTCTGAGA,11.227365,9.349778,6,T / NK,0.8618196133881085,CID44971-sample-proxy
CID44971_AGCGTCGCATACTACG,10.122182,9.580806,6,T / NK,0.8618196133881085,CID44971-sample-proxy
CID44971_AGGCCACGTGCAGTAG,10.355649,9.265722,6,T / NK,0.8618196133881085,CID44971-sample-proxy
CID44971_AGGGAGTGTTCAGGCC,12.100341,9.553915,6,T / NK,0.8618196133881085,CID44971-sample-proxy
CID44971_AGGGATGTCCATTCTA,12.698879,9.802964,6,T / NK,0.8618196133881085,CID44971-sample-proxy
CID44971_AGGTCCGGTCGACTGC,11.400505,9.777995,6,T / NK,0.8618196133881085,CID44971-sample-proxy
CID44971_AGTCTTTGTCAGAATA,11.055888,9.215176,6,T / NK,0.8618196133881085,CID44971-sample-proxy
CID44971_AGTTGGTTCAAACCAC,9.537802,8.562686,6,T / NK,0.8618196133881085,CID44971-sample-proxy
CID44971_AGTTGGTTCGAATGGG,10.627813,9.040378,6,T / NK,0.8618196133881085,CID44971-sample-proxy
CID44971_ATAACGCAGGCCATAG,9.946586,9.15606,6,T / NK,0.8618196133881085,CID44971-sample-proxy
CID44971_ATAACGCGTAGCTTGT,9.5926895,9.58229,6,T / NK,0.8618196133881085,CID44971-sample-proxy
CID44971_ATAACGCGTTGCGTTA,11.667207,9.761794,6,T / NK,0.8618196133881085,CID44971-sample-proxy
CID44971_ATCATCTAGCGAGAAA,11.051313,10.044385,6,T / NK,0.8618196133881085,CID44971-sample-proxy
CID44971_ATCATGGGTCCTGCTT,12.12345,9.672858,6,T / NK,0.8618196133881085,CID44971-sample-proxy
CID44971_ATCCACCAGTTACGGG,8.278662,9.484164,6,T / NK,0.8618196133881085,CID44971-sample-proxy
CID44971_ATCTACTGTCTTTCAT,9.969778,9.468516,6,T / NK,0.8618196133881085,CID44971-sample-proxy
CID44971_ATGCGATTCCAAATGC,9.726291,11.056574,6,T / NK,0.8618196133881085,CID44971-sample-proxy
CID44971_ATGGGAGGTAGCGTGA,11.401383,9.345456,6,T / NK,0.8618196133881085,CID44971-sample-proxy
CID44971_ATTCTACAGGCTAGAC,9.211157,10.213171,6,T / NK,0.8618196133881085,CID44971-sample-proxy
CID44971_CAAGAAAGTAAGTTCC,9.198524,11.577168,6,T / NK,0.8618196133881085,CID44971-sample-proxy
CID44971_CAAGGCCCAGTAAGCG,9.8515835,9.501494,6,T / NK,0.8618196133881085,CID44971-sample-proxy
CID44971_CAAGGCCGTCTAGTCA,12.4397135,8.47108,10,T / NK,0.35721909436771326,CID44971-sample-proxy
CID44971_CAAGTTGCAAGTTAAG,10.929149,9.371662,6,T / NK,0.8618196133881085,CID44971-sample-proxy
CID44971_CACAGGCAGTGTGGCA,10.7092705,10.617148,6,T / NK,0.8618196133881085,CID44971-sample-proxy
CID44971_CACAGGCTCATGTCCC,11.212237,9.71426,6,T / NK,0.8618196133881085,CID44971-sample-proxy
CID44971_CACATAGGTCCAACTA,9.309577,8.711674,6,T / NK,0.8618196133881085,CID44971-sample-proxy
CID44971_CACCACTCACCTTGTC,11.008328,8.336259,6,T / NK,0.8618196133881085,CID44971-sample-proxy
CID44971_CACCAGGGTCACTGGC,10.28589,8.761621,6,T / NK,0.8618196133881085,CID44971-sample-proxy
CID44971_CACCTTGAGCAAATCA,11.411323,9.215945,6,T / NK,0.8618196133881085,CID44971-sample-proxy
CID44971_CAGAATCAGCTGCAAG,10.691394,11.288262,6,T / NK,0.8618196133881085,CID44971-sample-proxy
CID44971_CAGATCACACACATGT,9.399903,10.999598,6,T / NK,0.8618196133881085,CID44971-sample-proxy
CID44971_CAGCAGCAGGTGACCA,8.406636,8.491559,6,T / NK,0.8618196133881085,CID44971-sample-proxy
CID44971_CAGCCGATCGAACTGT,11.894418,9.329745,6,T / NK,0.8618196133881085,CID44971-sample-proxy
CID44971_CAGCGACTCACATGCA,11.137577,9.415541,6,T / NK,0.8618196133881085,CID44971-sample-proxy
CID44971_CAGCTAATCCTGTAGA,9.744617,11.545759,6,T / NK,0.8618196133881085,CID44971-sample-proxy
CID44971_CAGCTGGGTACGACCC,8.890039,8.7555275,6,T / NK,0.8618196133881085,CID44971-sample-proxy
CID44971_CAGTCCTAGGAATGGA,11.741162,9.372634,6,T / NK,0.8618196133881085,CID44971-sample-proxy
CID44971_CATATTCAGCTAACTC,11.601181,9.683443,6,T / NK,0.8618196133881085,CID44971-sample-proxy
CID44971_CATATTCAGTACATGA,11.646037,10.056537,6,T / NK,0.8618196133881085,CID44971-sample-proxy
CID44971_CATATTCCAATAAGCA,10.51067,8.685115,6,T / NK,0.8618196133881085,CID44971-sample-proxy
CID44971_CATCCACTCGAGAACG,11.439011,9.166036,6,T / NK,0.8618196133881085,CID44971-sample-proxy
CID44971_CATCGGGTCACAATGC,7.740035,9.783774,6,T / NK,0.8618196133881085,CID44971-sample-proxy
CID44971_CATGGCGAGAACTCGG,10.0308695,11.399934,6,T / NK,0.8618196133881085,CID44971-sample-proxy
CID44971_CATTATCTCACAGGCC,10.1676235,11.816995,6,T / NK,0.8618196133881085,CID44971-sample-proxy
CID44971_CATTCGCTCTCTTATG,9.3326,13.062529,6,T / NK,0.8618196133881085,CID44971-sample-proxy
CID44971_CCAATCCAGTGTACCT,8.50096,10.607787,6,T / NK,0.8618196133881085,CID44971-sample-proxy
CID44971_CCACCTAGTTCCACAA,11.928394,9.405895,6,T / NK,0.8618196133881085,CID44971-sample-proxy
CID44971_CCACTACAGACACTAA,9.0344515,8.862479,6,T / NK,0.8618196133881085,CID44971-sample-proxy
CID44971_CCACTACAGATCGATA,9.259505,10.117714,6,T / NK,0.8618196133881085,CID44971-sample-proxy
CID44971_CCATGTCTCCGAACGC,9.990747,9.329831,6,T / NK,0.8618196133881085,CID44971-sample-proxy
CID44971_CCATGTCTCGACCAGC,9.588144,10.818223,6,T / NK,0.8618196133881085,CID44971-sample-proxy
CID44971_CCATGTCTCTGCAGTA,10.199489,8.90218,6,T / NK,0.8618196133881085,CID44971-sample-proxy
CID44971_CCATGTCTCTTTAGGG,10.88149,9.677186,6,T / NK,0.8618196133881085,CID44971-sample-proxy
CID44971_CCCAGTTGTGAGCGAT,10.139346,9.998306,6,T / NK,0.8618196133881085,CID44971-sample-proxy
CID44971_CCCAGTTTCGCGTAGC,10.788698,8.85709,6,T / NK,0.8618196133881085,CID44971-sample-proxy
CID44971_CCCAGTTTCTTGACGA,11.330203,9.601847,6,T / NK,0.8618196133881085,CID44971-sample-proxy
CID44971_CCCTCCTAGAGCTGGT,8.052022,11.888855,6,T / NK,0.8618196133881085,CID44971-sample-proxy
CID44971_CCGTACTCATTATCTC,11.026135,9.046004,6,T / NK,0.8618196133881085,CID44971-sample-proxy
CID44971_CCTAAAGGTAAGGGAA,10.557356,9.453853,6,T / NK,0.8618196133881085,CID44971-sample-proxy
CID44971_CCTAGCTGTGGCTCCA,9.78824,9.408447,6,T / NK,0.8618196133881085,CID44971-sample-proxy
CID44971_CCTAGCTGTTTAAGCC,8.59288,8.564456,6,T / NK,0.8618196133881085,CID44971-sample-proxy
CID44971_CCTAGCTTCATAGCAC,11.131037,9.493761,6,T / NK,0.8618196133881085,CID44971-sample-proxy
CID44971_CCTCAGTAGACAATAC,9.511648,13.455728,6,T / NK,0.8618196133881085,CID44971-sample-proxy
CID44971_CCTCAGTTCGAACTGT,10.691354,9.87387,6,T / NK,0.8618196133881085,CID44971-sample-proxy
CID44971_CCTTCGAAGCAGATCG,10.016098,9.981388,6,T / NK,0.8618196133881085,CID44971-sample-proxy
CID44971_CCTTTCTGTAGCTGCC,10.732528,8.368131,6,T / NK,0.8618196133881085,CID44971-sample-proxy
CID44971_CGACTTCCATGAACCT,11.573674,9.94151,6,T / NK,0.8618196133881085,CID44971-sample-proxy
CID44971_CGAGCACAGATCGGGT,10.733587,8.609753,6,T / NK,0.8618196133881085,CID44971-sample-proxy
CID44971_CGAGCCAAGTGACTCT,7.844804,13.39054,6,T / NK,0.8618196133881085,CID44971-sample-proxy
CID44971_CGCTGGAAGTACCGGA,10.657618,9.082745,6,T / NK,0.8618196133881085,CID44971-sample-proxy
CID44971_CGGACACTCAACACCA,11.141517,9.238947,6,T / NK,0.8618196133881085,CID44971-sample-proxy
CID44971_CGGAGCTTCTTCCTTC,11.171323,8.821372,6,T / NK,0.8618196133881085,CID44971-sample-proxy
CID44971_CGGAGTCAGTCCCACG,11.962038,9.568164,6,T / NK,0.8618196133881085,CID44971-sample-proxy
CID44971_CGGCTAGCATAAGACA,9.69287,12.985713,6,T / NK,0.8618196133881085,CID44971-sample-proxy
CID44971_CGTCACTCAGCCTATA,12.3075905,9.489786,6,T / NK,0.8618196133881085,CID44971-sample-proxy
CID44971_CGTCACTTCGCATGAT,10.334257,9.147371,6,T / NK,0.8618196133881085,CID44971-sample-proxy
CID44971_CGTCTACCATTCCTGC,10.952372,8.882606,6,T / NK,0.8618196133881085,CID44971-sample-proxy
CID44971_CGTGAGCGTAACGCGA,8.986821,10.54369,6,T / NK,0.8618196133881085,CID44971-sample-proxy
CID44971_CGTGTAAGTCTTGATG,10.033485,9.857404,6,T / NK,0.8618196133881085,CID44971-sample-proxy
CID44971_CGTTAGAGTAGGGACT,10.796802,9.390751,6,T / NK,0.8618196133881085,CID44971-sample-proxy
CID44971_CTAATGGAGAGGGCTT,12.732124,10.857697,7,T / NK,1.4860313519878239,CID44971-sample-proxy
CID44971_CTACATTGTTTAAGCC,9.42115,11.22313,6,T / NK,0.8618196133881085,CID44971-sample-proxy
CID44971_CTACGTCTCACATACG,10.00446,10.887548,6,T / NK,0.8618196133881085,CID44971-sample-proxy
CID44971_CTAGCCTGTCACACGC,9.596434,9.239105,6,T / NK,0.8618196133881085,CID44971-sample-proxy
CID44971_CTCACACGTCGCGAAA,9.059388,9.340884,6,T / NK,0.8618196133881085,CID44971-sample-proxy
CID44971_CTCCTAGCAGCCTGTG,9.574775,8.655512,6,T / NK,0.8618196133881085,CID44971-sample-proxy
CID44971_CTCCTAGTCATTGCCC,10.138181,11.000674,6,T / NK,0.8618196133881085,CID44971-sample-proxy
CID44971_CTCTAATGTTGATTGC,10.225999,8.956204,6,T / NK,0.8618196133881085,CID44971-sample-proxy
CID44971_CTCTACGAGGAGTAGA,11.605619,9.520758,6,T / NK,0.8618196133881085,CID44971-sample-proxy
CID44971_CTCTGGTCATGTCTCC,10.62792,8.762209,6,T / NK,0.8618196133881085,CID44971-sample-proxy
CID44971_CTCTGGTGTCAATACC,11.524805,9.151117,6,T / NK,0.8618196133881085,CID44971-sample-proxy
CID44971_CTGAAGTAGGATCGCA,10.885133,9.28338,6,T / NK,0.8618196133881085,CID44971-sample-proxy
CID44971_CTGAAGTAGGATGGAA,9.317072,9.019726,6,T / NK,0.8618196133881085,CID44971-sample-proxy
CID44971_CTGCGGAGTGTGTGCC,10.42206,11.475742,6,T / NK,0.8618196133881085,CID44971-sample-proxy
CID44971_CTGCTGTGTTGAGGTG,9.709669,9.12419,6,T / NK,0.8618196133881085,CID44971-sample-proxy
CID44971_CTTAACTCATATGCTG,10.965557,9.309253,6,T / NK,0.8618196133881085,CID44971-sample-proxy
CID44971_CTTAACTGTAGAAGGA,11.108966,9.28884,6,T / NK,0.8618196133881085,CID44971-sample-proxy
CID44971_CTTACCGAGTCCATAC,11.080744,9.085167,6,T / NK,0.8618196133881085,CID44971-sample-proxy
CID44971_CTTAGGAAGGAATTAC,12.317419,9.8108015,6,T / NK,0.8618196133881085,CID44971-sample-proxy
CID44971_CTTAGGACAGGGTACA,10.094458,10.303263,6,T / NK,0.8618196133881085,CID44971-sample-proxy
CID44971_CTTAGGAGTTTCGCTC,10.535293,10.484615,6,T / NK,0.8618196133881085,CID44971-sample-proxy
CID44971_CTTGGCTAGGAATCGC,9.919557,11.109684,6,T / NK,0.8618196133881085,CID44971-sample-proxy
CID44971_CTTGGCTTCTTGAGAC,10.787114,9.722635,6,T / NK,0.8618196133881085,CID44971-sample-proxy
CID44971_GAAATGACAGTAAGAT,8.710031,8.545787,6,T / NK,0.8618196133881085,CID44971-sample-proxy
CID44971_GAAATGAGTATTCGTG,9.902077,8.657282,6,T / NK,0.8618196133881085,CID44971-sample-proxy
CID44971_GAACCTAAGCGTCAAG,9.331488,9.233565,6,T / NK,0.8618196133881085,CID44971-sample-proxy
CID44971_GAAGCAGGTTTCCACC,8.610637,8.620041,6,T / NK,0.8618196133881085,CID44971-sample-proxy
CID44971_GAATGAAAGTACGACG,11.72502,9.531647,6,T / NK,0.8618196133881085,CID44971-sample-proxy
CID44971_GACAGAGTCGTTTGCC,9.701524,13.466041,6,T / NK,0.8618196133881085,CID44971-sample-proxy
CID44971_GACCAATAGGACGAAA,10.862791,9.501477,6,T / NK,0.8618196133881085,CID44971-sample-proxy
CID44971_GACCTGGCAGCATGAG,8.834477,8.856977,6,T / NK,0.8618196133881085,CID44971-sample-proxy
CID44971_GACCTGGGTACAGACG,9.418114,8.896042,6,T / NK,0.8618196133881085,CID44971-sample-proxy
CID44971_GACGCGTGTTGTACAC,12.427052,9.879804,7,T / NK,1.4860313519878239,CID44971-sample-proxy
CID44971_GACGTGCTCCCTTGTG,10.820873,10.111137,6,T / NK,0.8618196133881085,CID44971-sample-proxy
CID44971_GACTGCGTCAGTACGT,10.881887,9.731885,6,T / NK,0.8618196133881085,CID44971-sample-proxy
CID44971_GAGCAGAAGCCAACAG,11.680383,9.014857,6,T / NK,0.8618196133881085,CID44971-sample-proxy
CID44971_GAGGTGAGTGAGCGAT,9.94984,13.974329,6,T / NK,0.8618196133881085,CID44971-sample-proxy
CID44971_GATCAGTAGCCAGTAG,8.153869,9.533933,6,T / NK,0.8618196133881085,CID44971-sample-proxy
CID44971_GATCGTAGTTAAGATG,9.62047,9.397785,6,T / NK,0.8618196133881085,CID44971-sample-proxy
CID44971_GCAAACTTCATGTCCC,11.13475,10.128686,6,T / NK,0.8618196133881085,CID44971-sample-proxy
CID44971_GCAGTTATCATTTGGG,8.96216,11.172393,6,T / NK,0.8618196133881085,CID44971-sample-proxy
CID44971_GCATGATAGGCCGAAT,9.261885,9.31276,6,T / NK,0.8618196133881085,CID44971-sample-proxy
CID44971_GCCAAATCATCGATGT,10.72233,8.647959,6,T / NK,0.8618196133881085,CID44971-sample-proxy
CID44971_GCCTCTATCCACGAAT,8.50003,8.913844,6,T / NK,0.8618196133881085,CID44971-sample-proxy
CID44971_GCGAGAATCTTGTCAT,11.030887,9.601551,6,T / NK,0.8618196133881085,CID44971-sample-proxy
CID44971_GCGCAACAGTCTCGGC,9.524556,11.092521,6,T / NK,0.8618196133881085,CID44971-sample-proxy
CID44971_GCGCAACGTTAAGATG,9.6092205,10.933325,6,T / NK,0.8618196133881085,CID44971-sample-proxy
CID44971_GCGCCAACAAGCGAGT,11.967868,9.67686,6,T / NK,0.8618196133881085,CID44971-sample-proxy
CID44971_GCTCCTACAAACTGCT,9.68796,8.754866,6,T / NK,0.8618196133881085,CID44971-sample-proxy
CID44971_GCTGCAGTCATCTGTT,10.015237,9.459521,6,T / NK,0.8618196133881085,CID44971-sample-proxy
CID44971_GCTTCCAAGCATCATC,9.823577,10.169674,6,T / NK,0.8618196133881085,CID44971-sample-proxy
CID44971_GCTTGAAAGTGTGAAT,8.568832,8.379647,6,T / NK,0.8618196133881085,CID44971-sample-proxy
CID44971_GGAAAGCCAGATGGGT,18.496552,4.1627874,9,T / NK,0.7929964621147112,CID44971-sample-proxy
CID44971_GGACAAGGTGTATGGG,10.271584,8.935942,6,T / NK,0.8618196133881085,CID44971-sample-proxy
CID44971_GGACATTTCAGCTCTC,8.5609455,10.467406,6,T / NK,0.8618196133881085,CID44971-sample-proxy
CID44971_GGAGCAAAGAAACCTA,9.426947,8.815229,6,T / NK,0.8618196133881085,CID44971-sample-proxy
CID44971_GGAGCAAGTGAAGGCT,11.145101,9.387949,6,T / NK,0.8618196133881085,CID44971-sample-proxy
CID44971_GGATGTTTCGCAAGCC,11.259588,9.376101,6,T / NK,0.8618196133881085,CID44971-sample-proxy
CID44971_GGCGTGTCATACTACG,10.062201,13.628365,6,T / NK,0.8618196133881085,CID44971-sample-proxy
CID44971_GGGAATGAGGCCCTCA,10.464374,10.145769,6,T / NK,0.8618196133881085,CID44971-sample-proxy
CID44971_GGGAATGTCGATCCCT,10.17189,10.45505,6,T / NK,0.8618196133881085,CID44971-sample-proxy
CID44971_GGGAGATCACAAGACG,8.391982,10.20547,6,T / NK,0.8618196133881085,CID44971-sample-proxy
CID44971_GGGTCTGTCAATCACG,10.535052,9.081276,6,T / NK,0.8618196133881085,CID44971-sample-proxy
CID44971_GGGTTGCCATATACCG,10.164196,11.047775,9,T / NK,0.7929964621147112,CID44971-sample-proxy
CID44971_GGTATTGAGCTATGCT,10.003952,8.820233,6,T / NK,0.8618196133881085,CID44971-sample-proxy
CID44971_GGTGCGTAGGCATTGG,10.033321,8.976586,6,T / NK,0.8618196133881085,CID44971-sample-proxy
CID44971_GTAACGTAGTGGACGT,10.58518,10.922164,6,T / NK,0.8618196133881085,CID44971-sample-proxy
CID44971_GTACTCCGTATCAGTC,11.509989,9.150335,6,T / NK,0.8618196133881085,CID44971-sample-proxy
CID44971_GTACTTTGTCTCATCC,10.938111,10.054934,6,T / NK,0.8618196133881085,CID44971-sample-proxy
CID44971_GTAGTCAAGGCAGTCA,9.359839,10.04646,6,T / NK,0.8618196133881085,CID44971-sample-proxy
CID44971_GTATCTTGTAAGGGAA,9.881132,9.353132,6,T / NK,0.8618196133881085,CID44971-sample-proxy
CID44971_GTATTCTCACTGTTAG,11.690528,9.651858,6,T / NK,0.8618196133881085,CID44971-sample-proxy
CID44971_GTCACAAGTTATCACG,9.370271,8.597569,6,T / NK,0.8618196133881085,CID44971-sample-proxy
CID44971_GTCACGGGTACAGTGG,10.36195,10.103861,6,T / NK,0.8618196133881085,CID44971-sample-proxy
CID44971_GTCGGGTGTGCAACGA,9.098257,9.153613,6,T / NK,0.8618196133881085,CID44971-sample-proxy
CID44971_GTCGGGTTCAAACCAC,8.845557,8.338195,6,T / NK,0.8618196133881085,CID44971-sample-proxy
CID44971_GTCGGGTTCGCAGGCT,7.8694816,10.602623,6,T / NK,0.8618196133881085,CID44971-sample-proxy
CID44971_GTCGTAAAGTGGGCTA,10.959314,8.482061,6,T / NK,0.8618196133881085,CID44971-sample-proxy
CID44971_GTCGTAAGTTATCACG,10.518722,9.423795,6,T / NK,0.8618196133881085,CID44971-sample-proxy
CID44971_GTCGTAATCAACGCTA,11.337152,9.650018,6,T / NK,0.8618196133881085,CID44971-sample-proxy
CID44971_GTGCGGTTCTCATTCA,10.619997,10.487883,6,T / NK,0.8618196133881085,CID44971-sample-proxy
CID44971_GTGTGCGTCACAATGC,9.519573,8.94496,6,T / NK,0.8618196133881085,CID44971-sample-proxy
CID44971_GTTCGGGAGATATGGT,9.975062,11.180738,6,T / NK,0.8618196133881085,CID44971-sample-proxy
CID44971_TAAGAGAGTGCACTTA,9.303505,8.463847,6,T / NK,0.8618196133881085,CID44971-sample-proxy
CID44971_TAAGTGCGTCATGCAT,10.045925,8.664489,6,T / NK,0.8618196133881085,CID44971-sample-proxy
CID44971_TACACGAGTAAAGGAG,10.048054,8.908859,6,T / NK,0.8618196133881085,CID44971-sample-proxy
CID44971_TACAGTGCAAGACACG,10.9008255,9.954013,6,T / NK,0.8618196133881085,CID44971-sample-proxy
CID44971_TACAGTGCAGCTGTAT,11.278057,9.063371,6,T / NK,0.8618196133881085,CID44971-sample-proxy
CID44971_TACAGTGCATCACAAC,9.830227,12.453777,6,T / NK,0.8618196133881085,CID44971-sample-proxy
CID44971_TACCTTACATCACGAT,11.921093,9.423448,6,T / NK,0.8618196133881085,CID44971-sample-proxy
CID44971_TACGGTATCTTGTCAT,9.993524,11.228207,6,T / NK,0.8618196133881085,CID44971-sample-proxy
CID44971_TAGAGCTCATCTACGA,10.075587,9.890752,6,T / NK,0.8618196133881085,CID44971-sample-proxy
CID44971_TAGGCATTCTCGCTTG,9.0728035,9.770956,6,T / NK,0.8618196133881085,CID44971-sample-proxy
CID44971_TAGTGGTAGGCTATCT,11.061425,10.212224,6,T / NK,0.8618196133881085,CID44971-sample-proxy
CID44971_TAGTTGGGTGTTTGGT,10.342224,9.619939,6,T / NK,0.8618196133881085,CID44971-sample-proxy
CID44971_TATGCCCCAGATCGGA,10.703136,11.820701,6,T / NK,0.8618196133881085,CID44971-sample-proxy
CID44971_TCAGATGTCGTCGTTC,13.257821,9.56778,8,T / NK,0.6453881461079718,CID44971-sample-proxy
CID44971_TCAGCAATCCAAAGTC,9.732704,11.830236,6,T / NK,0.8618196133881085,CID44971-sample-proxy
CID44971_TCAGGATGTTGATTCG,9.769135,10.256878,6,T / NK,0.8618196133881085,CID44971-sample-proxy
CID44971_TCAGGATTCCATGAGT,10.515794,10.558171,6,T / NK,0.8618196133881085,CID44971-sample-proxy
CID44971_TCATTACCAAATACAG,9.116754,8.828004,6,T / NK,0.8618196133881085,CID44971-sample-proxy
CID44971_TCATTTGGTCTAGGTT,9.135156,9.735396,6,T / NK,0.8618196133881085,CID44971-sample-proxy
CID44971_TCCACACGTTCATGGT,7.18791,11.76008,6,T / NK,0.8618196133881085,CID44971-sample-proxy
CID44971_TCGAGGCCACCCAGTG,10.394574,8.871694,6,T / NK,0.8618196133881085,CID44971-sample-proxy
CID44971_TCGAGGCGTGACAAAT,9.888886,8.87607,6,T / NK,0.8618196133881085,CID44971-sample-proxy
CID44971_TCGAGGCTCTGGCGAC,12.100779,9.6209755,6,T / NK,0.8618196133881085,CID44971-sample-proxy
CID44971_TCGCGTTTCGGCGCTA,10.157499,9.422173,6,T / NK,0.8618196133881085,CID44971-sample-proxy
CID44971_TCGTACCTCCCAAGAT,11.279514,9.106264,6,T / NK,0.8618196133881085,CID44971-sample-proxy
CID44971_TCTATTGGTGTTTGTG,11.414119,9.858218,6,T / NK,0.8618196133881085,CID44971-sample-proxy
CID44971_TCTCATAGTTGTGGAG,9.913366,10.080529,6,T / NK,0.8618196133881085,CID44971-sample-proxy
CID44971_TCTCTAAGTTAAGGGC,11.097266,9.804739,6,T / NK,0.8618196133881085,CID44971-sample-proxy
CID44971_TCTGGAAAGGCATGGT,10.617692,10.045386,6,T / NK,0.8618196133881085,CID44971-sample-proxy
CID44971_TCTGGAAAGGGAAACA,10.477485,9.361593,6,T / NK,0.8618196133881085,CID44971-sample-proxy
CID44971_TGACAACCAGATCGGA,7.0601606,11.865979,6,T / NK,0.8618196133881085,CID44971-sample-proxy
CID44971_TGACGGCCAGTTTACG,9.754606,9.128099,6,T / NK,0.8618196133881085,CID44971-sample-proxy
CID44971_TGACTAGTCGGCATCG,9.178369,8.737303,6,T / NK,0.8618196133881085,CID44971-sample-proxy
CID44971_TGACTTTGTCCGTCAG,10.296007,10.730466,6,T / NK,0.8618196133881085,CID44971-sample-proxy
CID44971_TGAGAGGAGTTAGCGG,11.381363,9.572222,6,T / NK,0.8618196133881085,CID44971-sample-proxy
CID44971_TGAGCATAGCAAATCA,10.797677,10.332344,6,T / NK,0.8618196133881085,CID44971-sample-proxy
CID44971_TGAGGGAAGTATCGAA,9.003198,8.442914,6,T / NK,0.8618196133881085,CID44971-sample-proxy
CID44971_TGAGGGAAGTTCCACA,9.430308,9.713865,6,T / NK,0.8618196133881085,CID44971-sample-proxy
CID44971_TGAGGGACAAAGGTGC,9.2877655,10.942168,6,T / NK,0.8618196133881085,CID44971-sample-proxy
CID44971_TGAGGGACAAAGTCAA,10.600892,9.454369,6,T / NK,0.8618196133881085,CID44971-sample-proxy
CID44971_TGATTTCGTAGTACCT,10.180401,10.10968,6,T / NK,0.8618196133881085,CID44971-sample-proxy
CID44971_TGCCAAAAGTTGTCGT,11.707448,9.478064,6,T / NK,0.8618196133881085,CID44971-sample-proxy
CID44971_TGCCCATCAAGGTTTC,12.47718,9.703493,6,T / NK,0.8618196133881085,CID44971-sample-proxy
CID44971_TGCCCATTCAGTACGT,9.49194,10.828942,6,T / NK,0.8618196133881085,CID44971-sample-proxy
CID44971_TGCCCTAGTATGAATG,10.703956,9.549687,6,T / NK,0.8618196133881085,CID44971-sample-proxy
CID44971_TGCGCAGAGGAGTTTA,9.807087,9.299604,6,T / NK,0.8618196133881085,CID44971-sample-proxy
CID44971_TGCGCAGGTCCAAGTT,8.684206,8.931202,6,T / NK,0.8618196133881085,CID44971-sample-proxy
CID44971_TGCGGGTGTAACGTTC,9.956491,9.568088,6,T / NK,0.8618196133881085,CID44971-sample-proxy
CID44971_TGCGGGTGTCATCCCT,9.966049,10.079625,6,T / NK,0.8618196133881085,CID44971-sample-proxy
CID44971_TGCGTGGGTAATCGTC,10.129281,12.077889,6,T / NK,0.8618196133881085,CID44971-sample-proxy
CID44971_TGCTACCAGTTGAGAT,10.789459,9.90603,6,T / NK,0.8618196133881085,CID44971-sample-proxy
CID44971_TGGCGCAAGTATCTCG,11.406832,9.431161,6,T / NK,0.8618196133881085,CID44971-sample-proxy
CID44971_TGGCGCACAAGTTCTG,13.747105,10.441273,6,T / NK,0.8618196133881085,CID44971-sample-proxy
CID44971_TGGCTGGGTTAAGACA,10.585307,8.879111,6,T / NK,0.8618196133881085,CID44971-sample-proxy
CID44971_TGGGCGTAGGCAATTA,10.491804,8.721922,6,T / NK,0.8618196133881085,CID44971-sample-proxy
CID44971_TGGGCGTGTCTCTTAT,11.043744,9.813868,6,T / NK,0.8618196133881085,CID44971-sample-proxy
CID44971_TGGGCGTTCTTGAGAC,10.755176,9.903432,6,T / NK,0.8618196133881085,CID44971-sample-proxy
CID44971_TGGTTCCGTGCGCTTG,10.54117,9.020491,6,T / NK,0.8618196133881085,CID44971-sample-proxy
CID44971_TGTATTCCACTAGTAC,10.493298,11.528739,6,T / NK,0.8618196133881085,CID44971-sample-proxy
CID44971_TGTCCCACATGCCACG,11.671318,9.677481,6,T / NK,0.8618196133881085,CID44971-sample-proxy
CID44971_TGTCCCAGTCATGCCG,11.6403675,9.301405,6,T / NK,0.8618196133881085,CID44971-sample-proxy
CID44971_TGTCCCAGTGGGTCAA,9.801143,9.312484,6,T / NK,0.8618196133881085,CID44971-sample-proxy
CID44971_TGTGGTACATACGCTA,9.17736,8.975201,6,T / NK,0.8618196133881085,CID44971-sample-proxy
CID44971_TGTGTTTGTGGTGTAG,9.617795,8.467739,6,T / NK,0.8618196133881085,CID44971-sample-proxy
CID44971_TTAGGACGTCGGCATC,8.431559,10.551805,6,T / NK,0.8618196133881085,CID44971-sample-proxy
CID44971_TTATGCTAGATGCGAC,11.180371,9.161152,6,T / NK,0.8618196133881085,CID44971-sample-proxy
CID44971_TTATGCTTCATCTGCC,9.778739,8.835249,6,T / NK,0.8618196133881085,CID44971-sample-proxy
CID44971_TTATGCTTCATTATCC,11.442328,9.875739,6,T / NK,0.8618196133881085,CID44971-sample-proxy
CID44971_TTCGAAGCACAAGACG,9.029813,8.909205,6,T / NK,0.8618196133881085,CID44971-sample-proxy
CID44971_TTCGGTCTCATAAAGG,11.793747,9.723975,6,T / NK,0.8618196133881085,CID44971-sample-proxy
CID44971_TTCTACACATACTCTT,10.465138,10.351136,6,T / NK,0.8618196133881085,CID44971-sample-proxy
CID44971_TTCTACAGTCATGCCG,10.683549,9.140225,6,T / NK,0.8618196133881085,CID44971-sample-proxy
CID44971_TTCTACATCTTCATGT,10.980342,9.148666,6,T / NK,0.8618196133881085,CID44971-sample-proxy
CID44971_TTCTCCTAGGCAAAGA,11.465093,9.434678,6,T / NK,0.8618196133881085,CID44971-sample-proxy
CID44971_TTCTCCTAGTAGCCGA,10.680318,8.863314,6,T / NK,0.8618196133881085,CID44971-sample-proxy
CID44971_TTCTCCTGTTGTACAC,10.575525,9.345277,6,T / NK,0.8618196133881085,CID44971-sample-proxy
CID44971_TTGCGTCCATATACGC,11.353181,9.835615,6,T / NK,0.8618196133881085,CID44971-sample-proxy
CID44971_TTGCGTCGTACCGTAT,9.002492,8.422404,6,T / NK,0.8618196133881085,CID44971-sample-proxy
CID44971_TTTACTGAGCGTGTCC,11.490407,9.042722,6,T / NK,0.8618196133881085,CID44971-sample-proxy
CID44971_TTTACTGTCGTTGCCT,10.01951,8.930238,6,T / NK,0.8618196133881085,CID44971-sample-proxy
CID44971_TTTATGCTCGCTAGCG,11.836062,9.760819,6,T / NK,0.8618196133881085,CID44971-sample-proxy
CID44971_TTTCCTCAGAGTTGGC,10.730051,9.905291,6,T / NK,0.8618196133881085,CID44971-sample-proxy
CID44971_TTTCCTCAGATATACG,9.541215,9.010393,6,T / NK,0.8618196133881085,CID44971-sample-proxy
CID44971_TTTCCTCAGTCCCACG,10.491714,9.839678,6,T / NK,0.8618196133881085,CID44971-sample-proxy
CID44971_TTTGGTTGTCTACCTC,14.222945,11.348905,6,T / NK,0.8618196133881085,CID44971-sample-proxy
CID44971_TTTGTCAAGGCTAGAC,9.800868,8.860964,6,T / NK,0.8618196133881085,CID44971-sample-proxy
CID44971_TTTGTCAGTCACCTAA,11.336133,9.983598,6,T / NK,0.8618196133881085,CID44971-sample-proxy
CID44971_ACTGCTCGTCAGAGGT,11.65999,1.4646578,12,T / NK,0.4770807032896049,CID44971-sample-proxy
CID44971_GACTGCGAGAACTCGG,14.699933,11.6671095,6,T / NK,0.8618196133881085,CID44971-sample-proxy
CID44971_GAGGTGAAGATATACG,13.632524,11.252874,6,T / NK,0.8618196133881085,CID44971-sample-proxy
CID44971_ACATGGTTCGCAGGCT,9.850758,8.543067,6,T / NK,0.8618196133881085,CID44971-sample-proxy
CID44971_ACGCAGCAGAGCAATT,10.985274,11.068683,6,T / NK,0.8618196133881085,CID44971-sample-proxy
CID44971_ACGCCGAAGCTTCGCG,18.299068,3.9664545,9,T / NK,0.7929964621147112,CID44971-sample-proxy
CID44971_AGAGCGAGTTGAGGTG,11.422893,9.428438,6,T / NK,0.8618196133881085,CID44971-sample-proxy
CID44971_ATCACGAGTTGACGTT,10.867505,10.447661,6,T / NK,0.8618196133881085,CID44971-sample-proxy
CID44971_ATGTGTGGTACTCGCG,10.531872,11.868945,7,T / NK,1.4860313519878239,CID44971-sample-proxy
CID44971_CAGCGACCACTGTGTA,11.835906,9.529008,6,T / NK,0.8618196133881085,CID44971-sample-proxy
CID44971_CATCAAGTCAGTCAGT,9.503648,9.218237,6,T / NK,0.8618196133881085,CID44971-sample-proxy
CID44971_CATCCACTCAGCACAT,8.814382,8.422905,6,T / NK,0.8618196133881085,CID44971-sample-proxy
CID44971_CATGGCGCAGGTGGAT,11.281533,10.449279,6,T / NK,0.8618196133881085,CID44971-sample-proxy
CID44971_CCTTCCCGTTGACGTT,11.856531,11.580357,7,T / NK,1.4860313519878239,CID44971-sample-proxy
CID44971_CGGACTGGTAGTAGTA,12.1608515,9.519153,6,T / NK,0.8618196133881085,CID44971-sample-proxy
CID44971_CTAATGGTCCGTTGCT,10.386609,10.672537,6,T / NK,0.8618196133881085,CID44971-sample-proxy
CID44971_CTCATTATCTACGAGT,12.630278,9.549315,10,T / NK,0.35721909436771326,CID44971-sample-proxy
CID44971_GATGAAACAACACCCG,12.025966,9.545159,6,T / NK,0.8618196133881085,CID44971-sample-proxy
CID44971_GCGAGAAAGGCAGTCA,10.926049,11.538346,6,T / NK,0.8618196133881085,CID44971-sample-proxy
CID44971_GCTCTGTCACAGCCCA,10.2901535,10.220012,6,T / NK,0.8618196133881085,CID44971-sample-proxy
CID44971_TACACGAGTCGCGAAA,12.633329,10.359031,7,T / NK,1.4860313519878239,CID44971-sample-proxy
CID44971_TAGGCATGTATATGGA,10.246992,8.683671,6,T / NK,0.8618196133881085,CID44971-sample-proxy
CID44971_TGGCTGGTCAGCACAT,9.14558,8.921676,6,T / NK,0.8618196133881085,CID44971-sample-proxy
CID44971_TTAACTCAGGACAGAA,9.86865,8.83975,6,T / NK,0.8618196133881085,CID44971-sample-proxy
CID44971_TTGACTTCATCTCGCT,10.597627,10.985674,6,T / NK,0.8618196133881085,CID44971-sample-proxy
CID44971_TTGACTTTCCGTTGCT,9.491419,10.128597,6,T / NK,0.8618196133881085,CID44971-sample-proxy
CID44971_GCCAAATAGCTGCGAA,18.635307,4.121109,9,T / NK,0.7929964621147112,CID44971-sample-proxy
CID44971_TAAGCGTCAGCCTATA,11.048274,8.6981325,6,T / NK,0.8618196133881085,CID44971-sample-proxy
CID44971_TACGGGCAGGCGTACA,12.0271225,9.691052,6,T / NK,0.8618196133881085,CID44971-sample-proxy
CID44971_TAGCCGGGTCAGCTAT,11.208514,8.76253,6,T / NK,0.8618196133881085,CID44971-sample-proxy
CID44971_TGGGCGTTCGCCGTGA,12.8357725,9.496356,6,T / NK,0.8618196133881085,CID44971-sample-proxy
CID44971_ATTACTCAGCTAACAA,13.860716,9.952796,8,T / NK,0.6453881461079718,CID44971-sample-proxy
CID44971_GATCGATCATGGGACA,13.867649,9.492409,8,T / NK,0.6453881461079718,CID44971-sample-proxy
CID44971_TTCCCAGTCGTCCGTT,12.344465,9.481902,6,T / NK,0.8618196133881085,CID44971-sample-proxy
CID44971_ATCCACCCATAGAAAC,11.571653,9.610041,6,T / NK,0.8618196133881085,CID44971-sample-proxy
CID44971_AGTTGGTAGGCTAGCA,11.35835,9.471034,6,T / NK,0.8618196133881085,CID44971-sample-proxy
CID44971_CGCCAAGTCGGAAACG,10.26883,9.756804,6,T / NK,0.8618196133881085,CID44971-sample-proxy
CID44971_CTAATGGCAGTTCATG,10.907369,9.6856785,6,T / NK,0.8618196133881085,CID44971-sample-proxy
CID44971_TGAGCCGGTAACGACG,12.194772,9.736301,6,T / NK,0.8618196133881085,CID44971-sample-proxy
CID44971_TGCCAAAGTTGTCGCG,12.493454,9.973672,7,T / NK,1.4860313519878239,CID44971-sample-proxy
CID44971_AAACCTGAGTTGTCGT,9.661254,9.673713,6,T / NK,0.8618196133881085,CID44971-sample-proxy
CID44971_AACCATGGTAAGCACG,9.968116,9.277774,6,T / NK,0.8618196133881085,CID44971-sample-proxy
CID44971_AACGTTGAGACTGTAA,10.523558,9.169484,6,T / NK,0.8618196133881085,CID44971-sample-proxy
CID44971_AATCCAGTCATACGGT,10.820229,9.116957,6,T / NK,0.8618196133881085,CID44971-sample-proxy
CID44971_AGTGGGACATCACAAC,11.362684,10.3349285,6,T / NK,0.8618196133881085,CID44971-sample-proxy
CID44971_ATGCGATTCTATCCTA,11.4418,9.967452,6,T / NK,0.8618196133881085,CID44971-sample-proxy
CID44971_CATCGGGGTATCGCAT,9.455675,10.996236,6,T / NK,0.8618196133881085,CID44971-sample-proxy
CID44971_CCAGCGAAGCTTATCG,10.319967,9.879218,8,T / NK,0.6453881461079718,CID44971-sample-proxy
CID44971_CTTACCGGTTTCCACC,10.51794,9.2541275,6,T / NK,0.8618196133881085,CID44971-sample-proxy
CID44971_GACTACAAGTCCAGGA,9.640385,9.937045,6,T / NK,0.8618196133881085,CID44971-sample-proxy
CID44971_GGGTCTGCAGCTCGAC,10.559542,9.765892,6,T / NK,0.8618196133881085,CID44971-sample-proxy
CID44971_GGTGTTACACGTAAGG,10.072864,13.694201,6,T / NK,0.8618196133881085,CID44971-sample-proxy
CID44971_GTCGGGTAGGTACTCT,9.450265,10.3388,6,T / NK,0.8618196133881085,CID44971-sample-proxy
CID44971_TCAGGTAAGAGGTTGC,11.217942,9.741404,6,T / NK,0.8618196133881085,CID44971-sample-proxy
CID44971_CTAATGGCAAACTGCT,9.554339,11.024058,6,T / NK,0.8618196133881085,CID44971-sample-proxy
CID44971_TGAGGGAGTCAGCTAT,14.31658,7.8607244,8,T / NK,0.6453881461079718,CID44971-sample-proxy
CID44971_CACACCTGTAGCGTGA,13.991367,7.8160853,8,T / NK,0.6453881461079718,CID44971-sample-proxy
CID44971_ACTATCTTCACAAACC,10.386535,11.688497,6,T / NK,0.8618196133881085,CID44971-sample-proxy
CID44971_TGTGGTATCAACGCTA,7.8680897,12.652968,6,T / NK,0.8618196133881085,CID44971-sample-proxy
CID44971_AAACCTGGTCGCATCG,10.020315,11.292026,6,T / NK,0.8618196133881085,CID44971-sample-proxy
CID44971_AAAGATGGTGCAACTT,8.523532,11.706947,6,T / NK,0.8618196133881085,CID44971-sample-proxy
CID44971_AAAGTAGGTCAAGCGA,7.6422653,13.267692,6,T / NK,0.8618196133881085,CID44971-sample-proxy
CID44971_AACACGTCATTAACCG,8.7111845,10.332234,6,T / NK,0.8618196133881085,CID44971-sample-proxy
CID44971_AACCATGCAAGCTGTT,7.5784364,9.992202,6,T / NK,0.8618196133881085,CID44971-sample-proxy
CID44971_AACCATGGTCTGATTG,10.329009,12.154772,6,T / NK,0.8618196133881085,CID44971-sample-proxy
CID44971_AACCGCGCATCGGTTA,8.1249485,10.026347,6,T / NK,0.8618196133881085,CID44971-sample-proxy
CID44971_AACGTTGAGCTGCAAG,8.267876,13.340247,6,T / NK,0.8618196133881085,CID44971-sample-proxy
CID44971_AACGTTGAGGGATGGG,6.9351454,12.264566,6,T / NK,0.8618196133881085,CID44971-sample-proxy
CID44971_AACTCAGAGAGTCGGT,9.161327,11.742458,6,T / NK,0.8618196133881085,CID44971-sample-proxy
CID44971_AACTCAGTCTGAAAGA,7.335008,11.43926,6,T / NK,0.8618196133881085,CID44971-sample-proxy
CID44971_AACTCCCAGGATCGCA,9.947315,11.924078,6,T / NK,0.8618196133881085,CID44971-sample-proxy
CID44971_AACTCCCCAGCTGCAC,8.080824,9.912231,6,T / NK,0.8618196133881085,CID44971-sample-proxy
CID44971_AACTCCCTCAACGGGA,9.321759,13.39263,6,T / NK,0.8618196133881085,CID44971-sample-proxy
CID44971_AAGACCTGTGGTGTAG,8.858452,11.56293,6,T / NK,0.8618196133881085,CID44971-sample-proxy
CID44971_AAGCCGCTCCCTCTTT,11.42733,11.833258,7,T / NK,1.4860313519878239,CID44971-sample-proxy
CID44971_AAGGAGCCATGACGGA,9.235335,8.8296385,6,T / NK,0.8618196133881085,CID44971-sample-proxy
CID44971_AAGGAGCGTGCGATAG,7.77741,10.742062,6,T / NK,0.8618196133881085,CID44971-sample-proxy
CID44971_AAGGAGCTCCACGTGG,7.8780227,10.13202,6,T / NK,0.8618196133881085,CID44971-sample-proxy
CID44971_AAGGCAGAGCTCAACT,7.3473206,11.001388,6,T / NK,0.8618196133881085,CID44971-sample-proxy
CID44971_AAGGCAGTCGTCCGTT,8.095612,9.746228,6,T / NK,0.8618196133881085,CID44971-sample-proxy
CID44971_AAGGTTCGTCCGAAGA,7.0287824,11.281276,6,T / NK,0.8618196133881085,CID44971-sample-proxy
CID44971_AAGTCTGTCGAGCCCA,8.298731,13.122646,6,T / NK,0.8618196133881085,CID44971-sample-proxy
CID44971_AATCCAGAGCCTCGTG,7.657951,12.057799,6,T / NK,0.8618196133881085,CID44971-sample-proxy
CID44971_AATCCAGTCGAACTGT,10.596264,9.683428,6,T / NK,0.8618196133881085,CID44971-sample-proxy
CID44971_AATCGGTAGACACGAC,9.394972,12.152706,6,T / NK,0.8618196133881085,CID44971-sample-proxy
CID44971_AATCGGTAGCTAACTC,8.114043,12.5789795,6,T / NK,0.8618196133881085,CID44971-sample-proxy
CID44971_AATCGGTGTCTTGATG,9.491411,11.830247,6,T / NK,0.8618196133881085,CID44971-sample-proxy
CID44971_AATCGGTGTGTTGGGA,10.423409,12.119575,6,T / NK,0.8618196133881085,CID44971-sample-proxy
CID44971_AATCGGTTCAAACGGG,9.353185,11.612992,6,T / NK,0.8618196133881085,CID44971-sample-proxy
CID44971_ACACCAAGTCCGTCAG,8.251759,9.03285,6,T / NK,0.8618196133881085,CID44971-sample-proxy
CID44971_ACACCCTCATCGGTTA,7.947062,13.303535,6,T / NK,0.8618196133881085,CID44971-sample-proxy
CID44971_ACACCGGTCCGCGTTT,10.066313,10.245603,6,T / NK,0.8618196133881085,CID44971-sample-proxy
CID44971_ACACTGATCAGGCGAA,9.323692,13.236633,6,T / NK,0.8618196133881085,CID44971-sample-proxy
CID44971_ACAGCCGGTACGAAAT,7.618702,9.915521,6,T / NK,0.8618196133881085,CID44971-sample-proxy
CID44971_ACAGCCGTCCCTCTTT,8.976142,8.660577,6,T / NK,0.8618196133881085,CID44971-sample-proxy
CID44971_ACAGCTAAGTACGATA,8.398022,11.667788,6,T / NK,0.8618196133881085,CID44971-sample-proxy
CID44971_ACAGCTACATCGTCGG,10.587797,10.936378,6,T / NK,0.8618196133881085,CID44971-sample-proxy
CID44971_ACATCAGCAAGTAGTA,8.221103,8.667595,6,T / NK,0.8618196133881085,CID44971-sample-proxy
CID44971_ACATCAGCATTATCTC,9.409413,10.195987,6,T / NK,0.8618196133881085,CID44971-sample-proxy
CID44971_ACCAGTACACCTTGTC,8.713402,10.799178,6,T / NK,0.8618196133881085,CID44971-sample-proxy
CID44971_ACCAGTAGTCAATGTC,9.138511,10.459677,6,T / NK,0.8618196133881085,CID44971-sample-proxy
CID44971_ACCAGTATCTGTCTAT,8.732408,12.739647,6,T / NK,0.8618196133881085,CID44971-sample-proxy
CID44971_ACCGTAATCGGCGCAT,8.779196,11.396262,6,T / NK,0.8618196133881085,CID44971-sample-proxy
CID44971_ACCTTTACACGAAACG,9.009506,13.003662,6,T / NK,0.8618196133881085,CID44971-sample-proxy
CID44971_ACCTTTAGTCAAGCGA,9.186097,11.177245,6,T / NK,0.8618196133881085,CID44971-sample-proxy
CID44971_ACCTTTATCGCACTCT,7.805995,11.96593,6,T / NK,0.8618196133881085,CID44971-sample-proxy
CID44971_ACGAGCCAGGACAGCT,10.4587555,11.517377,6,T / NK,0.8618196133881085,CID44971-sample-proxy
CID44971_ACGAGCCTCAACTCTT,8.513151,12.188044,6,T / NK,0.8618196133881085,CID44971-sample-proxy
CID44971_ACGATACCAAGCCCAC,8.742431,9.85973,6,T / NK,0.8618196133881085,CID44971-sample-proxy
CID44971_ACGATGTAGTGCGATG,9.259338,13.142794,6,T / NK,0.8618196133881085,CID44971-sample-proxy
CID44971_ACGATGTGTACCGAGA,8.462247,11.68328,6,T / NK,0.8618196133881085,CID44971-sample-proxy
CID44971_ACGATGTTCGTCTGCT,10.16672,10.83455,6,T / NK,0.8618196133881085,CID44971-sample-proxy
CID44971_ACGCCGACATCACGTA,11.574222,1.9255453,12,T / NK,0.4770807032896049,CID44971-sample-proxy
CID44971_ACGCCGATCACCTTAT,8.812473,11.819325,6,T / NK,0.8618196133881085,CID44971-sample-proxy
CID44971_ACGGAGACATCGATGT,6.9776826,11.223132,6,T / NK,0.8618196133881085,CID44971-sample-proxy
CID44971_ACGGAGACATCGGTTA,8.37179,8.640943,6,T / NK,0.8618196133881085,CID44971-sample-proxy
CID44971_ACGGCCACAGACTCGC,9.92837,13.831468,6,T / NK,0.8618196133881085,CID44971-sample-proxy
CID44971_ACGGCCATCATACGGT,8.323242,11.859071,6,T / NK,0.8618196133881085,CID44971-sample-proxy
CID44971_ACGGGCTCAAGCCATT,10.048241,11.021133,6,T / NK,0.8618196133881085,CID44971-sample-proxy
CID44971_ACGGGTCGTCCGAGTC,10.436579,13.40432,6,T / NK,0.8618196133881085,CID44971-sample-proxy
CID44971_ACGGGTCTCGGACAAG,7.606491,12.980721,6,T / NK,0.8618196133881085,CID44971-sample-proxy
CID44971_ACGTCAAAGAGGTTGC,7.2115226,13.441946,6,T / NK,0.8618196133881085,CID44971-sample-proxy
CID44971_ACGTCAATCCTAGAAC,8.7837105,10.788087,6,T / NK,0.8618196133881085,CID44971-sample-proxy
CID44971_ACTATCTTCCGAAGAG,10.279541,9.907484,6,T / NK,0.8618196133881085,CID44971-sample-proxy
CID44971_ACTGAACGTTCGGCAC,7.4811196,12.389229,6,T / NK,0.8618196133881085,CID44971-sample-proxy
CID44971_ACTGAGTGTATTCTCT,8.863607,10.973623,6,T / NK,0.8618196133881085,CID44971-sample-proxy
CID44971_ACTGATGCAAATTGCC,7.9261165,11.489265,6,T / NK,0.8618196133881085,CID44971-sample-proxy
CID44971_ACTGATGCAGTATAAG,8.906815,9.393064,6,T / NK,0.8618196133881085,CID44971-sample-proxy
CID44971_ACTGATGGTGAGGCTA,8.993297,11.36536,6,T / NK,0.8618196133881085,CID44971-sample-proxy
CID44971_ACTGCTCCAACACCTA,9.999248,10.079336,6,T / NK,0.8618196133881085,CID44971-sample-proxy
CID44971_ACTGCTCGTTAAGACA,9.092935,9.661758,6,T / NK,0.8618196133881085,CID44971-sample-proxy
CID44971_ACTGTCCAGAATTCCC,9.323933,11.198659,6,T / NK,0.8618196133881085,CID44971-sample-proxy
CID44971_ACTGTCCTCCTATTCA,8.610998,11.041212,6,T / NK,0.8618196133881085,CID44971-sample-proxy
CID44971_ACTTACTTCGCCATAA,7.7701244,13.883037,6,T / NK,0.8618196133881085,CID44971-sample-proxy
CID44971_ACTTGTTCAGGGTTAG,10.2141485,13.928652,6,T / NK,0.8618196133881085,CID44971-sample-proxy
CID44971_ACTTGTTGTACATCCA,8.103156,11.210725,6,T / NK,0.8618196133881085,CID44971-sample-proxy
CID44971_ACTTGTTGTGGCTCCA,9.360629,12.019201,6,T / NK,0.8618196133881085,CID44971-sample-proxy
CID44971_ACTTGTTTCTTCGAGA,6.850088,11.789488,6,T / NK,0.8618196133881085,CID44971-sample-proxy
CID44971_ACTTTCAAGATAGGAG,8.305342,10.637523,6,T / NK,0.8618196133881085,CID44971-sample-proxy
CID44971_ACTTTCACATGATCCA,8.557191,11.259788,6,T / NK,0.8618196133881085,CID44971-sample-proxy
CID44971_AGAATAGTCTGTCCGT,6.718329,11.568478,6,T / NK,0.8618196133881085,CID44971-sample-proxy
CID44971_AGACGTTCAGCTCCGA,7.543802,10.206226,6,T / NK,0.8618196133881085,CID44971-sample-proxy
CID44971_AGACGTTTCTAACTGG,9.574754,9.760482,6,T / NK,0.8618196133881085,CID44971-sample-proxy
CID44971_AGAGCGATCTATGTGG,10.304483,10.275429,6,T / NK,0.8618196133881085,CID44971-sample-proxy
CID44971_AGAGCGATCTTAGAGC,8.705026,9.175293,6,T / NK,0.8618196133881085,CID44971-sample-proxy
CID44971_AGAGCTTCAGGGCATA,7.336655,13.25418,6,T / NK,0.8618196133881085,CID44971-sample-proxy
CID44971_AGAGTGGGTCAAGCGA,7.3936615,11.579038,6,T / NK,0.8618196133881085,CID44971-sample-proxy
CID44971_AGAGTGGGTTTGTGTG,7.805858,9.954034,6,T / NK,0.8618196133881085,CID44971-sample-proxy
CID44971_AGATCTGAGGGTTCCC,7.7841187,11.729774,6,T / NK,0.8618196133881085,CID44971-sample-proxy
CID44971_AGATTGCAGAATGTTG,9.443645,9.522665,6,T / NK,0.8618196133881085,CID44971-sample-proxy
CID44971_AGATTGCAGACTTGAA,8.69037,10.085268,6,T / NK,0.8618196133881085,CID44971-sample-proxy
CID44971_AGATTGCAGGGCTTGA,8.034818,13.355295,6,T / NK,0.8618196133881085,CID44971-sample-proxy
CID44971_AGCAGCCCATTGAGCT,8.172055,9.789166,6,T / NK,0.8618196133881085,CID44971-sample-proxy
CID44971_AGCAGCCGTATTACCG,8.077318,10.682492,6,T / NK,0.8618196133881085,CID44971-sample-proxy
CID44971_AGCAGCCTCCAGAAGG,8.652639,12.702814,6,T / NK,0.8618196133881085,CID44971-sample-proxy
CID44971_AGCATACAGCATCATC,10.317007,11.664658,6,T / NK,0.8618196133881085,CID44971-sample-proxy
CID44971_AGCGGTCGTACAGTTC,8.120847,10.719104,6,T / NK,0.8618196133881085,CID44971-sample-proxy
CID44971_AGCTCCTCAAACTGTC,9.060907,11.958235,6,T / NK,0.8618196133881085,CID44971-sample-proxy
CID44971_AGCTCCTCAGGGTATG,8.057822,10.824826,6,T / NK,0.8618196133881085,CID44971-sample-proxy
CID44971_AGCTCCTTCTCAAGTG,7.85659,10.883581,6,T / NK,0.8618196133881085,CID44971-sample-proxy
CID44971_AGCTCTCAGAATGTGT,6.793339,12.081725,6,T / NK,0.8618196133881085,CID44971-sample-proxy
CID44971_AGCTCTCCACCCAGTG,10.1921,9.1721,6,T / NK,0.8618196133881085,CID44971-sample-proxy
CID44971_AGCTCTCGTCGCCATG,9.373055,12.064184,6,T / NK,0.8618196133881085,CID44971-sample-proxy
CID44971_AGGCCACCAAATTGCC,8.167699,8.649936,6,T / NK,0.8618196133881085,CID44971-sample-proxy
CID44971_AGGCCGTAGCTGCCCA,8.738482,12.658391,6,T / NK,0.8618196133881085,CID44971-sample-proxy
CID44971_AGGCCGTGTCAAAGCG,7.4182067,10.421452,6,T / NK,0.8618196133881085,CID44971-sample-proxy
CID44971_AGGCCGTGTTTACTCT,9.249646,12.296765,6,T / NK,0.8618196133881085,CID44971-sample-proxy
CID44971_AGGGATGTCACATACG,8.773516,13.227331,6,T / NK,0.8618196133881085,CID44971-sample-proxy
CID44971_AGGTCATCATTACCTT,8.012215,9.696353,6,T / NK,0.8618196133881085,CID44971-sample-proxy
CID44971_AGGTCCGAGTGTCCAT,8.606786,12.852373,6,T / NK,0.8618196133881085,CID44971-sample-proxy
CID44971_AGGTCCGCAGCTGTGC,8.385916,10.275187,6,T / NK,0.8618196133881085,CID44971-sample-proxy
CID44971_AGGTCCGCATTCTTAC,8.524349,12.362136,6,T / NK,0.8618196133881085,CID44971-sample-proxy
CID44971_AGGTCCGGTAAATGAC,8.649943,11.247608,6,T / NK,0.8618196133881085,CID44971-sample-proxy
CID44971_AGTAGTCGTGTAAGTA,9.086944,9.485363,6,T / NK,0.8618196133881085,CID44971-sample-proxy
CID44971_AGTCTTTAGCGATCCC,7.529612,12.9757595,6,T / NK,0.8618196133881085,CID44971-sample-proxy
CID44971_AGTCTTTAGCGTGTCC,9.385086,11.407279,6,T / NK,0.8618196133881085,CID44971-sample-proxy
CID44971_AGTCTTTTCCAAACAC,9.761627,10.442317,6,T / NK,0.8618196133881085,CID44971-sample-proxy
CID44971_AGTGAGGGTCGACTAT,8.588239,10.688202,6,T / NK,0.8618196133881085,CID44971-sample-proxy
CID44971_AGTGGGAAGCGATATA,7.743567,13.877301,6,T / NK,0.8618196133881085,CID44971-sample-proxy
CID44971_AGTGGGACATATGAGA,8.496103,11.338795,6,T / NK,0.8618196133881085,CID44971-sample-proxy
CID44971_AGTGGGATCAATCACG,8.464113,10.041892,6,T / NK,0.8618196133881085,CID44971-sample-proxy
CID44971_AGTGTCAAGATCCGAG,9.4260025,9.903997,6,T / NK,0.8618196133881085,CID44971-sample-proxy
CID44971_AGTGTCACACTGTTAG,7.9636035,11.410569,6,T / NK,0.8618196133881085,CID44971-sample-proxy
CID44971_AGTGTCAGTAACGCGA,9.413025,8.689047,6,T / NK,0.8618196133881085,CID44971-sample-proxy
CID44971_AGTTGGTCACCTCGTT,9.146334,8.383314,6,T / NK,0.8618196133881085,CID44971-sample-proxy
CID44971_AGTTGGTTCTGCTGTC,10.506994,11.153002,6,T / NK,0.8618196133881085,CID44971-sample-proxy
CID44971_ATAACGCGTTATTCTC,8.008818,10.675954,6,T / NK,0.8618196133881085,CID44971-sample-proxy
CID44971_ATAAGAGGTCACTGGC,8.616867,10.996423,6,T / NK,0.8618196133881085,CID44971-sample-proxy
CID44971_ATAGACCGTTTAGCTG,7.8698864,9.595229,6,T / NK,0.8618196133881085,CID44971-sample-proxy
CID44971_ATCACGACAGAGTGTG,8.760673,11.417917,6,T / NK,0.8618196133881085,CID44971-sample-proxy
CID44971_ATCACGAGTTAAAGTG,9.731271,9.547025,6,T / NK,0.8618196133881085,CID44971-sample-proxy
CID44971_ATCATCTAGAAACGCC,9.817853,13.919445,6,T / NK,0.8618196133881085,CID44971-sample-proxy
CID44971_ATCATCTCAACTGGCC,8.842415,11.546568,6,T / NK,0.8618196133881085,CID44971-sample-proxy
CID44971_ATCATCTGTCAGGACA,8.659109,10.807274,6,T / NK,0.8618196133881085,CID44971-sample-proxy
CID44971_ATCATGGGTCTCTCTG,9.102444,9.355577,6,T / NK,0.8618196133881085,CID44971-sample-proxy
CID44971_ATCATGGTCTCTGAGA,10.240249,10.578611,6,T / NK,0.8618196133881085,CID44971-sample-proxy
CID44971_ATCCGAACAAAGGAAG,8.741207,11.394534,6,T / NK,0.8618196133881085,CID44971-sample-proxy
CID44971_ATCGAGTAGGGTCTCC,9.763281,11.358288,6,T / NK,0.8618196133881085,CID44971-sample-proxy
CID44971_ATCGAGTGTGCTGTAT,10.168615,14.021232,6,T / NK,0.8618196133881085,CID44971-sample-proxy
CID44971_ATCTACTAGTGCCAGA,7.9167657,12.791774,6,T / NK,0.8618196133881085,CID44971-sample-proxy
CID44971_ATCTACTGTCTCTCTG,8.678406,8.478827,6,T / NK,0.8618196133881085,CID44971-sample-proxy
CID44971_ATCTGCCCAGTCGTGC,8.785126,10.39527,6,T / NK,0.8618196133881085,CID44971-sample-proxy
CID44971_ATCTGCCCATTAGCCA,8.111536,11.792982,6,T / NK,0.8618196133881085,CID44971-sample-proxy
CID44971_ATGGGAGAGATGGCGT,7.8662286,11.015768,6,T / NK,0.8618196133881085,CID44971-sample-proxy
CID44971_ATGGGAGCACAGTCGC,10.035349,12.093158,6,T / NK,0.8618196133881085,CID44971-sample-proxy
CID44971_ATGTGTGAGATCGGGT,7.3307447,12.6116295,6,T / NK,0.8618196133881085,CID44971-sample-proxy
CID44971_ATGTGTGTCGCAAACT,9.452058,11.310652,6,T / NK,0.8618196133881085,CID44971-sample-proxy
CID44971_ATTATCCAGTTGCAGG,9.780285,10.659285,6,T / NK,0.8618196133881085,CID44971-sample-proxy
CID44971_ATTCTACAGCGAGAAA,9.565391,10.602998,6,T / NK,0.8618196133881085,CID44971-sample-proxy
CID44971_ATTCTACTCGCGTTTC,10.130474,10.473084,6,T / NK,0.8618196133881085,CID44971-sample-proxy
CID44971_ATTGGTGGTGGGTCAA,7.2185154,11.997121,6,T / NK,0.8618196133881085,CID44971-sample-proxy
CID44971_CAACCTCAGAGCTTCT,9.606274,12.344604,6,T / NK,0.8618196133881085,CID44971-sample-proxy
CID44971_CAACCTCTCGCATGGC,9.860148,11.100235,6,T / NK,0.8618196133881085,CID44971-sample-proxy
CID44971_CAACTAGCATCCAACA,8.063818,9.444851,6,T / NK,0.8618196133881085,CID44971-sample-proxy
CID44971_CAAGAAATCGAATGGG,6.964411,12.821835,6,T / NK,0.8618196133881085,CID44971-sample-proxy
CID44971_CAAGATCAGTATGACA,8.065813,11.282219,6,T / NK,0.8618196133881085,CID44971-sample-proxy
CID44971_CAAGATCTCTTTAGGG,9.855118,13.302411,6,T / NK,0.8618196133881085,CID44971-sample-proxy
CID44971_CAAGGCCAGATGTAAC,8.006954,9.9524555,6,T / NK,0.8618196133881085,CID44971-sample-proxy
CID44971_CACAAACAGCACCGTC,8.617318,11.491298,6,T / NK,0.8618196133881085,CID44971-sample-proxy
CID44971_CACACAAAGCCGGTAA,7.9047356,11.407293,6,T / NK,0.8618196133881085,CID44971-sample-proxy
CID44971_CACACAATCATGCATG,8.48753,11.543718,6,T / NK,0.8618196133881085,CID44971-sample-proxy
CID44971_CACACCTAGATATACG,7.177621,10.9848995,6,T / NK,0.8618196133881085,CID44971-sample-proxy
CID44971_CACACCTGTAGAAGGA,8.715203,10.325019,6,T / NK,0.8618196133881085,CID44971-sample-proxy
CID44971_CACACCTGTCATTAGC,9.6607485,12.318258,6,T / NK,0.8618196133881085,CID44971-sample-proxy
CID44971_CACACTCAGAACAACT,7.3181596,13.303661,6,T / NK,0.8618196133881085,CID44971-sample-proxy
CID44971_CACACTCGTGGGTCAA,9.5627165,11.684261,6,T / NK,0.8618196133881085,CID44971-sample-proxy
CID44971_CACAGTACAAGTACCT,9.053936,12.346438,6,T / NK,0.8618196133881085,CID44971-sample-proxy
CID44971_CACAGTAGTAGTACCT,8.137899,12.935382,6,T / NK,0.8618196133881085,CID44971-sample-proxy
CID44971_CACATAGAGGCAGGTT,7.0259647,11.059066,6,T / NK,0.8618196133881085,CID44971-sample-proxy
CID44971_CACATAGAGTGTACTC,8.7469635,9.0849085,6,T / NK,0.8618196133881085,CID44971-sample-proxy
CID44971_CACATAGTCCCATTAT,10.478167,10.659799,6,T / NK,0.8618196133881085,CID44971-sample-proxy
CID44971_CACATTTTCCTGCCAT,9.778148,12.256558,6,T / NK,0.8618196133881085,CID44971-sample-proxy
CID44971_CACCAGGTCAGAGCTT,8.641573,10.264138,6,T / NK,0.8618196133881085,CID44971-sample-proxy
CID44971_CAGAATCAGTATCTCG,8.60025,10.085406,6,T / NK,0.8618196133881085,CID44971-sample-proxy
CID44971_CAGAGAGCACTCGACG,8.13546,11.9719095,6,T / NK,0.8618196133881085,CID44971-sample-proxy
CID44971_CAGAGAGGTGTCTGAT,10.929278,11.400543,6,T / NK,0.8618196133881085,CID44971-sample-proxy
CID44971_CAGAGAGTCTCTGAGA,10.55987,8.81472,6,T / NK,0.8618196133881085,CID44971-sample-proxy
CID44971_CAGAGAGTCTGCAAGT,7.7490005,9.823927,6,T / NK,0.8618196133881085,CID44971-sample-proxy
CID44971_CAGATCATCGGTTAAC,7.2986264,11.214954,6,T / NK,0.8618196133881085,CID44971-sample-proxy
CID44971_CAGCAGCGTCATATCG,8.022166,12.734577,6,T / NK,0.8618196133881085,CID44971-sample-proxy
CID44971_CAGCATACAAATACAG,7.1737185,10.871575,6,T / NK,0.8618196133881085,CID44971-sample-proxy
CID44971_CAGCATAGTTGACGTT,9.53794,12.326944,6,T / NK,0.8618196133881085,CID44971-sample-proxy
CID44971_CAGCCGATCGGACAAG,10.458878,12.048282,6,T / NK,0.8618196133881085,CID44971-sample-proxy
CID44971_CAGCCGATCTGTACGA,8.322019,10.4414215,6,T / NK,0.8618196133881085,CID44971-sample-proxy
CID44971_CAGCTAAAGCTAGTTC,8.603535,10.748112,6,T / NK,0.8618196133881085,CID44971-sample-proxy
CID44971_CAGCTAACAGCCTGTG,8.022879,9.546637,6,T / NK,0.8618196133881085,CID44971-sample-proxy
CID44971_CAGCTAAGTTCAGTAC,8.35211,12.672996,6,T / NK,0.8618196133881085,CID44971-sample-proxy
CID44971_CAGCTGGAGAAACCGC,8.3756895,8.358017,6,T / NK,0.8618196133881085,CID44971-sample-proxy
CID44971_CAGGTGCAGTGAAGTT,7.6225834,10.969121,6,T / NK,0.8618196133881085,CID44971-sample-proxy
CID44971_CAGTAACCATTCGACA,8.251089,13.896294,6,T / NK,0.8618196133881085,CID44971-sample-proxy
CID44971_CATATGGCAGTTCCCT,8.95129,8.754369,6,T / NK,0.8618196133881085,CID44971-sample-proxy
CID44971_CATATTCCAGTTCCCT,13.844013,11.389217,6,T / NK,0.8618196133881085,CID44971-sample-proxy
CID44971_CATCAGAAGACAGAGA,8.92317,10.22713,6,T / NK,0.8618196133881085,CID44971-sample-proxy
CID44971_CATCCACTCAGAGACG,9.810652,11.359166,6,T / NK,0.8618196133881085,CID44971-sample-proxy
CID44971_CATCCACTCTCTGCTG,11.150485,11.470601,6,T / NK,0.8618196133881085,CID44971-sample-proxy
CID44971_CATCGGGAGATATACG,9.321348,12.469198,6,T / NK,0.8618196133881085,CID44971-sample-proxy
CID44971_CATCGGGCAATCTGCA,8.414114,11.090779,6,T / NK,0.8618196133881085,CID44971-sample-proxy
CID44971_CATCGGGCACGAAACG,8.039112,11.439654,6,T / NK,0.8618196133881085,CID44971-sample-proxy
CID44971_CATGCCTTCAATACCG,9.1780815,10.524437,6,T / NK,0.8618196133881085,CID44971-sample-proxy
CID44971_CATGGCGGTGCGCTTG,10.144366,10.5607395,6,T / NK,0.8618196133881085,CID44971-sample-proxy
CID44971_CATTCGCCAAACAACA,8.301871,8.985217,6,T / NK,0.8618196133881085,CID44971-sample-proxy
CID44971_CATTCGCTCCTTGCCA,7.9203753,9.846665,6,T / NK,0.8618196133881085,CID44971-sample-proxy
CID44971_CCCAATCGTGGACGAT,7.9326296,9.524887,6,T / NK,0.8618196133881085,CID44971-sample-proxy
CID44971_CCCAGTTGTAAATACG,7.981555,11.985363,6,T / NK,0.8618196133881085,CID44971-sample-proxy
CID44971_CCCTCCTAGGAATCGC,10.362025,10.913807,6,T / NK,0.8618196133881085,CID44971-sample-proxy
CID44971_CCCTCCTTCCGCGCAA,8.364288,11.340887,6,T / NK,0.8618196133881085,CID44971-sample-proxy
CID44971_CCGGGATCAGTCAGCC,7.838537,11.758035,6,T / NK,0.8618196133881085,CID44971-sample-proxy
CID44971_CCGGTAGCAGCGTTCG,8.691902,12.373848,6,T / NK,0.8618196133881085,CID44971-sample-proxy
CID44971_CCGTACTCAGCTCGAC,10.071474,11.669768,6,T / NK,0.8618196133881085,CID44971-sample-proxy
CID44971_CCGTACTGTCCTAGCG,10.000243,11.757117,6,T / NK,0.8618196133881085,CID44971-sample-proxy
CID44971_CCGTACTTCTTAGAGC,9.249295,11.557995,6,T / NK,0.8618196133881085,CID44971-sample-proxy
CID44971_CCGTTCAAGCTACCTA,8.879827,11.704318,6,T / NK,0.8618196133881085,CID44971-sample-proxy
CID44971_CCGTTCATCAGGCCCA,10.164234,13.553067,6,T / NK,0.8618196133881085,CID44971-sample-proxy
CID44971_CCTAAAGCAAATCCGT,9.909283,9.149004,6,T / NK,0.8618196133881085,CID44971-sample-proxy
CID44971_CCTAAAGGTGCAACTT,10.389596,12.276945,6,T / NK,0.8618196133881085,CID44971-sample-proxy
CID44971_CCTACACAGGCATGGT,10.536873,12.288185,6,T / NK,0.8618196133881085,CID44971-sample-proxy
CID44971_CCTACACGTGGCGAAT,9.599995,10.637018,6,T / NK,0.8618196133881085,CID44971-sample-proxy
CID44971_CCTACCACACTCTGTC,9.794735,9.003558,6,T / NK,0.8618196133881085,CID44971-sample-proxy
CID44971_CCTAGCTGTACTTAGC,7.145348,12.123432,6,T / NK,0.8618196133881085,CID44971-sample-proxy
CID44971_CCTAGCTTCTGCTGTC,7.7830915,11.263024,6,T / NK,0.8618196133881085,CID44971-sample-proxy
CID44971_CCTATTAGTCTTTCAT,9.70064,12.433181,6,T / NK,0.8618196133881085,CID44971-sample-proxy
CID44971_CCTATTATCTGCTGCT,11.171016,11.524654,6,T / NK,0.8618196133881085,CID44971-sample-proxy
CID44971_CCTCAGTCATTGAGCT,8.549041,11.3355,6,T / NK,0.8618196133881085,CID44971-sample-proxy
CID44971_CCTCAGTGTACAGACG,8.645121,13.359201,6,T / NK,0.8618196133881085,CID44971-sample-proxy
CID44971_CCTCAGTTCGTGGGAA,9.559356,12.195753,6,T / NK,0.8618196133881085,CID44971-sample-proxy
CID44971_CCTCTGATCGTGACAT,7.7526083,11.082852,6,T / NK,0.8618196133881085,CID44971-sample-proxy
CID44971_CCTTACGTCCAGAAGG,7.80865,13.737479,6,T / NK,0.8618196133881085,CID44971-sample-proxy
CID44971_CCTTCGAGTCTCACCT,7.615891,10.20091,6,T / NK,0.8618196133881085,CID44971-sample-proxy
CID44971_CCTTCGAGTTCACGGC,7.0634346,11.725504,6,T / NK,0.8618196133881085,CID44971-sample-proxy
CID44971_CCTTTCTCAGGATTGG,7.573002,13.617135,6,T / NK,0.8618196133881085,CID44971-sample-proxy
CID44971_CCTTTCTGTCCGCTGA,8.558993,10.9663,6,T / NK,0.8618196133881085,CID44971-sample-proxy
CID44971_CCTTTCTTCACCCGAG,8.559468,10.939384,6,T / NK,0.8618196133881085,CID44971-sample-proxy
CID44971_CGAACATCACTAGTAC,7.5320034,13.830506,6,T / NK,0.8618196133881085,CID44971-sample-proxy
CID44971_CGAACATGTACAAGTA,7.13939,12.288713,6,T / NK,0.8618196133881085,CID44971-sample-proxy
CID44971_CGAATGTGTGGTTTCA,8.780221,9.100362,6,T / NK,0.8618196133881085,CID44971-sample-proxy
CID44971_CGACCTTCAAGCGATG,10.509448,12.171042,6,T / NK,0.8618196133881085,CID44971-sample-proxy
CID44971_CGACCTTGTAACGTTC,9.479027,11.98972,6,T / NK,0.8618196133881085,CID44971-sample-proxy
CID44971_CGACCTTGTCTAGAGG,10.057161,11.102934,6,T / NK,0.8618196133881085,CID44971-sample-proxy
CID44971_CGACTTCAGCTAGTCT,7.7242293,12.38075,6,T / NK,0.8618196133881085,CID44971-sample-proxy
CID44971_CGATCGGAGCGATCCC,9.956965,10.684234,6,T / NK,0.8618196133881085,CID44971-sample-proxy
CID44971_CGATCGGAGTATCGAA,10.498719,11.763167,6,T / NK,0.8618196133881085,CID44971-sample-proxy
CID44971_CGATCGGAGTATGACA,9.997216,10.729145,6,T / NK,0.8618196133881085,CID44971-sample-proxy
CID44971_CGATGGCCACGTAAGG,10.418605,12.0002,6,T / NK,0.8618196133881085,CID44971-sample-proxy
CID44971_CGATGGCCAGTCGTGC,11.458304,9.953772,6,T / NK,0.8618196133881085,CID44971-sample-proxy
CID44971_CGATGTAAGCACCGTC,10.331206,11.800692,6,T / NK,0.8618196133881085,CID44971-sample-proxy
CID44971_CGCGGTATCGTTTATC,8.390774,11.618574,6,T / NK,0.8618196133881085,CID44971-sample-proxy
CID44971_CGCGTTTAGCGTTCCG,9.196116,9.917237,6,T / NK,0.8618196133881085,CID44971-sample-proxy
CID44971_CGCGTTTCACCAACCG,8.84601,10.01748,6,T / NK,0.8618196133881085,CID44971-sample-proxy
CID44971_CGCTGGAAGCTGCGAA,9.462769,10.630632,6,T / NK,0.8618196133881085,CID44971-sample-proxy
CID44971_CGCTGGACAGCAGTTT,7.52303,10.237217,6,T / NK,0.8618196133881085,CID44971-sample-proxy
CID44971_CGGACACCAAACCCAT,8.828695,10.592234,6,T / NK,0.8618196133881085,CID44971-sample-proxy
CID44971_CGGACACCACCAGTTA,8.445565,13.060703,6,T / NK,0.8618196133881085,CID44971-sample-proxy
CID44971_CGGACACTCTAACTGG,9.603454,10.471265,6,T / NK,0.8618196133881085,CID44971-sample-proxy
CID44971_CGGACGTAGACCCACC,8.696294,13.126287,6,T / NK,0.8618196133881085,CID44971-sample-proxy
CID44971_CGGACGTCAAGTAATG,10.115627,10.620773,6,T / NK,0.8618196133881085,CID44971-sample-proxy
CID44971_CGGACTGGTTGAACTC,7.432248,13.515236,6,T / NK,0.8618196133881085,CID44971-sample-proxy
CID44971_CGGAGCTAGTGTACCT,6.9771943,11.604193,6,T / NK,0.8618196133881085,CID44971-sample-proxy
CID44971_CGGAGCTGTCCGCTGA,9.7646055,13.798937,6,T / NK,0.8618196133881085,CID44971-sample-proxy
CID44971_CGGAGCTGTCTCCATC,8.216128,9.255589,6,T / NK,0.8618196133881085,CID44971-sample-proxy
CID44971_CGGAGCTGTGGTAACG,9.074622,11.538387,6,T / NK,0.8618196133881085,CID44971-sample-proxy
CID44971_CGGAGCTGTTCCACAA,10.4683895,10.514851,6,T / NK,0.8618196133881085,CID44971-sample-proxy
CID44971_CGGAGTCCACCGGAAA,8.632009,10.627841,6,T / NK,0.8618196133881085,CID44971-sample-proxy
CID44971_CGGAGTCTCACATGCA,7.264791,11.691789,6,T / NK,0.8618196133881085,CID44971-sample-proxy
CID44971_CGGGTCAAGTCCGTAT,8.312104,11.074525,6,T / NK,0.8618196133881085,CID44971-sample-proxy
CID44971_CGGGTCAGTTCCACAA,9.841171,13.787455,6,T / NK,0.8618196133881085,CID44971-sample-proxy
CID44971_CGGTTAAAGAGGACGG,8.255676,13.222992,6,T / NK,0.8618196133881085,CID44971-sample-proxy
CID44971_CGGTTAACACCTGGTG,9.196928,10.648485,6,T / NK,0.8618196133881085,CID44971-sample-proxy
CID44971_CGGTTAACAGGGCATA,7.8938336,10.212415,6,T / NK,0.8618196133881085,CID44971-sample-proxy
CID44971_CGTAGCGTCGATCCCT,9.270145,11.987418,6,T / NK,0.8618196133881085,CID44971-sample-proxy
CID44971_CGTAGGCCAACTGGCC,7.9498334,11.032994,6,T / NK,0.8618196133881085,CID44971-sample-proxy
CID44971_CGTCACTTCGAGAACG,9.411088,12.921333,6,T / NK,0.8618196133881085,CID44971-sample-proxy
CID44971_CGTCACTTCGTCTGCT,8.221059,13.147106,6,T / NK,0.8618196133881085,CID44971-sample-proxy
CID44971_CGTCAGGAGACAAGCC,9.566438,11.334221,6,T / NK,0.8618196133881085,CID44971-sample-proxy
CID44971_CGTCAGGGTGGCAAAC,7.172874,13.069333,6,T / NK,0.8618196133881085,CID44971-sample-proxy
CID44971_CGTCCATCAGTAAGAT,7.3322015,11.343694,6,T / NK,0.8618196133881085,CID44971-sample-proxy
CID44971_CGTCCATGTTCCGGCA,9.443553,9.444152,6,T / NK,0.8618196133881085,CID44971-sample-proxy
CID44971_CGTCTACTCTGGCGTG,9.715709,11.01097,6,T / NK,0.8618196133881085,CID44971-sample-proxy
CID44971_CGTGAGCGTCAGTGGA,8.108783,12.327453,6,T / NK,0.8618196133881085,CID44971-sample-proxy
CID44971_CGTGAGCGTTAAGATG,11.674664,12.19296,7,T / NK,1.4860313519878239,CID44971-sample-proxy
CID44971_CGTGTAATCGCAAGCC,10.339032,12.176094,6,T / NK,0.8618196133881085,CID44971-sample-proxy
CID44971_CGTGTCTGTAGGACAC,10.0856495,10.906079,6,T / NK,0.8618196133881085,CID44971-sample-proxy
CID44971_CGTTAGATCGCAAGCC,7.731159,10.714816,6,T / NK,0.8618196133881085,CID44971-sample-proxy
CID44971_CGTTGGGGTAGAGCTG,8.331113,9.516343,6,T / NK,0.8618196133881085,CID44971-sample-proxy
CID44971_CTAACTTGTTGTGGCC,9.772287,13.422449,6,T / NK,0.8618196133881085,CID44971-sample-proxy
CID44971_CTAACTTTCGAGCCCA,8.945313,10.46332,6,T / NK,0.8618196133881085,CID44971-sample-proxy
CID44971_CTAATGGTCGGCTACG,10.616055,10.511337,6,T / NK,0.8618196133881085,CID44971-sample-proxy
CID44971_CTACACCTCTCATTCA,6.953101,12.284256,6,T / NK,0.8618196133881085,CID44971-sample-proxy
CID44971_CTACATTAGACAAGCC,8.652006,10.604524,6,T / NK,0.8618196133881085,CID44971-sample-proxy
CID44971_CTACATTCAGAGTGTG,7.9213204,13.158729,6,T / NK,0.8618196133881085,CID44971-sample-proxy
CID44971_CTACATTGTCGACTGC,7.481888,11.356101,6,T / NK,0.8618196133881085,CID44971-sample-proxy
CID44971_CTACCCACACGCGAAA,8.418164,9.064405,6,T / NK,0.8618196133881085,CID44971-sample-proxy
CID44971_CTACCCATCACCGGGT,9.592778,12.405787,6,T / NK,0.8618196133881085,CID44971-sample-proxy
CID44971_CTACGTCTCAACACTG,8.987982,8.806241,6,T / NK,0.8618196133881085,CID44971-sample-proxy
CID44971_CTAGAGTAGCTGGAAC,10.324558,10.386938,6,T / NK,0.8618196133881085,CID44971-sample-proxy
CID44971_CTAGAGTCAGTAAGAT,7.628698,13.498695,6,T / NK,0.8618196133881085,CID44971-sample-proxy
CID44971_CTAGTGATCAAGAAGT,8.091073,10.638391,6,T / NK,0.8618196133881085,CID44971-sample-proxy
CID44971_CTAGTGATCCGGGTGT,6.872099,11.621824,6,T / NK,0.8618196133881085,CID44971-sample-proxy
CID44971_CTCACACCAACTGCGC,8.196591,13.813942,6,T / NK,0.8618196133881085,CID44971-sample-proxy
CID44971_CTCACACCATCACCCT,10.259333,11.314406,6,T / NK,0.8618196133881085,CID44971-sample-proxy
CID44971_CTCAGAAAGCTGAACG,7.8441477,10.006418,6,T / NK,0.8618196133881085,CID44971-sample-proxy
CID44971_CTCAGAAAGCTGCGAA,8.806921,12.05533,6,T / NK,0.8618196133881085,CID44971-sample-proxy
CID44971_CTCAGAAAGGTACTCT,9.635944,11.957229,6,T / NK,0.8618196133881085,CID44971-sample-proxy
CID44971_CTCAGAAGTCCGTCAG,9.312993,11.723525,6,T / NK,0.8618196133881085,CID44971-sample-proxy
CID44971_CTCATTAGTACTCTCC,8.42033,12.473195,6,T / NK,0.8618196133881085,CID44971-sample-proxy
CID44971_CTCATTATCTTATCTG,10.081253,11.218565,6,T / NK,0.8618196133881085,CID44971-sample-proxy
CID44971_CTCCTAGCAAAGGTGC,10.130568,10.772956,6,T / NK,0.8618196133881085,CID44971-sample-proxy
CID44971_CTCCTAGGTTACCAGT,18.683512,4.0956573,9,T / NK,0.7929964621147112,CID44971-sample-proxy
CID44971_CTCGAGGGTAAGTTCC,10.241879,12.405051,6,T / NK,0.8618196133881085,CID44971-sample-proxy
CID44971_CTCGGAGAGGAACTGC,9.005595,10.735826,6,T / NK,0.8618196133881085,CID44971-sample-proxy
CID44971_CTCGGAGAGGTGGGTT,7.653569,10.403802,6,T / NK,0.8618196133881085,CID44971-sample-proxy
CID44971_CTCGGAGTCAACCAAC,9.42166,11.968578,6,T / NK,0.8618196133881085,CID44971-sample-proxy
CID44971_CTCGGGACAATGGAAT,8.26178,11.745115,6,T / NK,0.8618196133881085,CID44971-sample-proxy
CID44971_CTCGGGACACAGACTT,9.982473,11.807583,6,T / NK,0.8618196133881085,CID44971-sample-proxy
CID44971_CTCGTACTCCATGAGT,7.9276752,12.172261,6,T / NK,0.8618196133881085,CID44971-sample-proxy
CID44971_CTCTAATAGGATTCGG,9.27575,10.701068,6,T / NK,0.8618196133881085,CID44971-sample-proxy
CID44971_CTCTAATAGGGTCTCC,18.744972,3.9779577,9,T / NK,0.7929964621147112,CID44971-sample-proxy
CID44971_CTCTAATTCGGCTTGG,8.29214,13.552209,6,T / NK,0.8618196133881085,CID44971-sample-proxy
CID44971_CTCTACGCACCAGGCT,9.264877,12.134058,6,T / NK,0.8618196133881085,CID44971-sample-proxy
CID44971_CTGATAGGTGCTGTAT,7.1943083,11.392945,6,T / NK,0.8618196133881085,CID44971-sample-proxy
CID44971_CTGATAGTCACTGGGC,11.055686,11.242443,6,T / NK,0.8618196133881085,CID44971-sample-proxy
CID44971_CTGCCTACACCCATTC,9.3600645,10.149565,6,T / NK,0.8618196133881085,CID44971-sample-proxy
CID44971_CTGCTGTAGAGAGCTC,7.519463,10.978024,6,T / NK,0.8618196133881085,CID44971-sample-proxy
CID44971_CTGGTCTAGCAACGGT,8.951617,11.609875,6,T / NK,0.8618196133881085,CID44971-sample-proxy
CID44971_CTGTGCTTCGGAGCAA,8.697983,9.958857,6,T / NK,0.8618196133881085,CID44971-sample-proxy
CID44971_CTGTTTAAGCCACTAT,10.814575,11.5353,6,T / NK,0.8618196133881085,CID44971-sample-proxy
CID44971_CTGTTTAAGTATGACA,8.971541,10.349196,6,T / NK,0.8618196133881085,CID44971-sample-proxy
CID44971_CTTAACTAGGCATGTG,8.139523,13.479491,6,T / NK,0.8618196133881085,CID44971-sample-proxy
CID44971_CTTACCGTCACAGTAC,10.521163,11.145135,6,T / NK,0.8618196133881085,CID44971-sample-proxy
CID44971_CTTACCGTCTGCAGTA,7.283434,11.56932,6,T / NK,0.8618196133881085,CID44971-sample-proxy
CID44971_CTTAGGAAGTCACGCC,7.9373813,13.765356,6,T / NK,0.8618196133881085,CID44971-sample-proxy
CID44971_CTTCTCTTCTCTGCTG,7.4955583,11.195354,6,T / NK,0.8618196133881085,CID44971-sample-proxy
CID44971_CTTGGCTGTGGAAAGA,9.270668,10.53466,6,T / NK,0.8618196133881085,CID44971-sample-proxy
CID44971_CTTTGCGCACCAGCAC,6.967578,13.042822,6,T / NK,0.8618196133881085,CID44971-sample-proxy
CID44971_CTTTGCGCATGGGACA,9.576901,12.6483965,6,T / NK,0.8618196133881085,CID44971-sample-proxy
CID44971_GAAACTCAGTCAAGCG,7.7551184,11.689438,6,T / NK,0.8618196133881085,CID44971-sample-proxy
CID44971_GAAACTCGTGAAATCA,8.877279,9.585285,6,T / NK,0.8618196133881085,CID44971-sample-proxy
CID44971_GAAATGACAAGCTGAG,10.752749,10.652256,6,T / NK,0.8618196133881085,CID44971-sample-proxy
CID44971_GAACCTATCATGCAAC,7.990583,9.054886,6,T / NK,0.8618196133881085,CID44971-sample-proxy
CID44971_GAACGGAAGCGATGAC,9.064274,9.831948,6,T / NK,0.8618196133881085,CID44971-sample-proxy
CID44971_GAACGGACATGCTAGT,7.7446594,12.013252,6,T / NK,0.8618196133881085,CID44971-sample-proxy
CID44971_GAACGGATCTCGTATT,8.623458,12.4735,6,T / NK,0.8618196133881085,CID44971-sample-proxy
CID44971_GAAGCAGCATGCTGGC,18.724401,3.989571,9,T / NK,0.7929964621147112,CID44971-sample-proxy
CID44971_GAAGCAGTCCAAACAC,11.123655,10.166087,6,T / NK,0.8618196133881085,CID44971-sample-proxy
CID44971_GAATAAGTCCCATTTA,9.527828,10.271028,6,T / NK,0.8618196133881085,CID44971-sample-proxy
CID44971_GAATGAACATGTCTCC,9.373164,12.471126,6,T / NK,0.8618196133881085,CID44971-sample-proxy
CID44971_GAATGAATCGGCTTGG,8.272477,11.565407,6,T / NK,0.8618196133881085,CID44971-sample-proxy
CID44971_GACACGCAGACATAAC,9.518098,10.927962,6,T / NK,0.8618196133881085,CID44971-sample-proxy
CID44971_GACACGCAGAGGGATA,7.938805,9.977021,6,T / NK,0.8618196133881085,CID44971-sample-proxy
CID44971_GACACGCAGCAGCGTA,9.437786,12.238281,6,T / NK,0.8618196133881085,CID44971-sample-proxy
CID44971_GACACGCGTGGTCTCG,9.3583,10.62482,6,T / NK,0.8618196133881085,CID44971-sample-proxy
CID44971_GACACGCTCAGGATCT,9.973663,9.332119,6,T / NK,0.8618196133881085,CID44971-sample-proxy
CID44971_GACAGAGAGAAAGTGG,8.986868,8.436187,6,T / NK,0.8618196133881085,CID44971-sample-proxy
CID44971_GACAGAGGTGCTGTAT,7.3399463,12.768119,6,T / NK,0.8618196133881085,CID44971-sample-proxy
CID44971_GACCAATGTTCACCTC,9.369479,10.119851,6,T / NK,0.8618196133881085,CID44971-sample-proxy
CID44971_GACCTGGGTTACCGAT,8.978405,12.634914,6,T / NK,0.8618196133881085,CID44971-sample-proxy
CID44971_GACGCGTTCTCAAACG,8.3764,11.077943,6,T / NK,0.8618196133881085,CID44971-sample-proxy
CID44971_GACGGCTAGGACACCA,9.18373,10.60225,6,T / NK,0.8618196133881085,CID44971-sample-proxy
CID44971_GACGTGCAGTTTCCTT,10.176232,9.798167,6,T / NK,0.8618196133881085,CID44971-sample-proxy
CID44971_GACGTGCCACAAGTAA,9.724511,10.636658,6,T / NK,0.8618196133881085,CID44971-sample-proxy
CID44971_GACGTGCCATTATCTC,18.667236,4.1796913,9,T / NK,0.7929964621147112,CID44971-sample-proxy
CID44971_GACTACATCAGGTTCA,8.860928,9.242037,6,T / NK,0.8618196133881085,CID44971-sample-proxy
CID44971_GAGCAGAGTTTAGGAA,7.743465,13.717276,6,T / NK,0.8618196133881085,CID44971-sample-proxy
CID44971_GAGCAGATCCAAATGC,8.420954,10.872578,6,T / NK,0.8618196133881085,CID44971-sample-proxy
CID44971_GAGGTGACAACTGCTA,9.199196,9.449029,6,T / NK,0.8618196133881085,CID44971-sample-proxy
CID44971_GAGGTGACAAGTAATG,9.4748125,10.138916,6,T / NK,0.8618196133881085,CID44971-sample-proxy
CID44971_GAGGTGAGTAAAGGAG,7.7357726,9.877264,6,T / NK,0.8618196133881085,CID44971-sample-proxy
CID44971_GAGGTGATCAGCCTAA,9.64332,11.280629,6,T / NK,0.8618196133881085,CID44971-sample-proxy
CID44971_GAGTCCGAGCGCCTTG,8.476299,10.897304,6,T / NK,0.8618196133881085,CID44971-sample-proxy
CID44971_GAGTCCGAGTGTACCT,9.98391,12.057732,6,T / NK,0.8618196133881085,CID44971-sample-proxy
CID44971_GATCAGTAGCCCAGCT,10.324983,9.5812845,6,T / NK,0.8618196133881085,CID44971-sample-proxy
CID44971_GATCAGTCATGAACCT,8.013353,13.335378,6,T / NK,0.8618196133881085,CID44971-sample-proxy
CID44971_GATCAGTTCGGCCGAT,9.022522,12.196379,6,T / NK,0.8618196133881085,CID44971-sample-proxy
CID44971_GATCGATTCCGAAGAG,8.464518,10.916806,6,T / NK,0.8618196133881085,CID44971-sample-proxy
CID44971_GATCGCGCATTTGCCC,8.008984,12.371097,6,T / NK,0.8618196133881085,CID44971-sample-proxy
CID44971_GATCGCGGTGGAAAGA,10.201953,11.571462,6,T / NK,0.8618196133881085,CID44971-sample-proxy
CID44971_GATCGTAGTTGAGTTC,7.3035,10.577744,6,T / NK,0.8618196133881085,CID44971-sample-proxy
CID44971_GATCTAGAGAAGCCCA,9.414208,10.99836,6,T / NK,0.8618196133881085,CID44971-sample-proxy
CID44971_GATGAAAAGTCGATAA,8.933221,11.497167,6,T / NK,0.8618196133881085,CID44971-sample-proxy
CID44971_GATGAGGCACTGCCAG,8.038298,12.33494,6,T / NK,0.8618196133881085,CID44971-sample-proxy
CID44971_GATGCTACATCGATGT,9.724179,11.896504,6,T / NK,0.8618196133881085,CID44971-sample-proxy
CID44971_GATGCTAGTCAGCTAT,10.362363,10.7228155,6,T / NK,0.8618196133881085,CID44971-sample-proxy
CID44971_GCAAACTGTCACAAGG,10.101085,10.989699,6,T / NK,0.8618196133881085,CID44971-sample-proxy
CID44971_GCACATAAGCCAGGAT,9.248124,9.427386,6,T / NK,0.8618196133881085,CID44971-sample-proxy
CID44971_GCACATATCGTTTGCC,8.676657,12.670442,6,T / NK,0.8618196133881085,CID44971-sample-proxy
CID44971_GCACTCTGTCTAGTCA,8.017694,13.722876,6,T / NK,0.8618196133881085,CID44971-sample-proxy
CID44971_GCAGCCAAGTGGACGT,8.164865,11.48654,6,T / NK,0.8618196133881085,CID44971-sample-proxy
CID44971_GCAGTTACACTGTCGG,8.135834,11.361148,6,T / NK,0.8618196133881085,CID44971-sample-proxy
CID44971_GCAGTTAGTAGCGTCC,7.750187,13.357734,6,T / NK,0.8618196133881085,CID44971-sample-proxy
CID44971_GCATACACAAGACACG,7.3560967,10.338374,6,T / NK,0.8618196133881085,CID44971-sample-proxy
CID44971_GCATGCGAGAATTCCC,10.748124,12.153567,6,T / NK,0.8618196133881085,CID44971-sample-proxy
CID44971_GCATGTACAGCCACCA,8.574297,10.426189,6,T / NK,0.8618196133881085,CID44971-sample-proxy
CID44971_GCCAAATCACGCTTTC,10.218248,9.912826,6,T / NK,0.8618196133881085,CID44971-sample-proxy
CID44971_GCCAAATTCGCGCCAA,10.253464,13.705056,6,T / NK,0.8618196133881085,CID44971-sample-proxy
CID44971_GCCTCTACATCCCACT,9.9826565,13.70882,6,T / NK,0.8618196133881085,CID44971-sample-proxy
CID44971_GCCTCTAGTCGGATCC,8.201507,11.197337,6,T / NK,0.8618196133881085,CID44971-sample-proxy
CID44971_GCGACCACATCCGCGA,10.123138,12.299621,6,T / NK,0.8618196133881085,CID44971-sample-proxy
CID44971_GCGCAGTGTGGGTATG,7.4344816,12.186554,6,T / NK,0.8618196133881085,CID44971-sample-proxy
CID44971_GCGCAGTTCATCTGCC,8.333507,10.979951,6,T / NK,0.8618196133881085,CID44971-sample-proxy
CID44971_GCGCAGTTCCGATATG,9.133969,10.570261,6,T / NK,0.8618196133881085,CID44971-sample-proxy
CID44971_GCGCAGTTCGCGATCG,9.111491,11.049446,6,T / NK,0.8618196133881085,CID44971-sample-proxy
CID44971_GCGCGATTCGTTTAGG,9.517805,9.999852,6,T / NK,0.8618196133881085,CID44971-sample-proxy
CID44971_GCGGGTTAGAGTAATC,7.321904,12.178716,6,T / NK,0.8618196133881085,CID44971-sample-proxy
CID44971_GCGGGTTTCCACGTGG,9.788294,9.446696,6,T / NK,0.8618196133881085,CID44971-sample-proxy
CID44971_GCTCCTATCCACGCAG,8.231209,11.5731735,6,T / NK,0.8618196133881085,CID44971-sample-proxy
CID44971_GCTCCTATCTAACGGT,9.145388,11.964336,6,T / NK,0.8618196133881085,CID44971-sample-proxy
CID44971_GCTCTGTGTAGCGTGA,8.99774,9.394717,6,T / NK,0.8618196133881085,CID44971-sample-proxy
CID44971_GCTGCAGAGCCAGTTT,10.046534,9.735717,6,T / NK,0.8618196133881085,CID44971-sample-proxy
CID44971_GCTGCAGCAGAAGCAC,9.125295,10.918473,6,T / NK,0.8618196133881085,CID44971-sample-proxy
CID44971_GCTGCAGGTTTAGCTG,8.100439,11.281145,6,T / NK,0.8618196133881085,CID44971-sample-proxy
CID44971_GCTGCGAAGGGTTTCT,7.962331,13.833615,6,T / NK,0.8618196133881085,CID44971-sample-proxy
CID44971_GCTGCGATCTCGTTTA,10.368281,10.957716,6,T / NK,0.8618196133881085,CID44971-sample-proxy
CID44971_GCTGCTTTCCGTTGTC,8.5953,9.499667,6,T / NK,0.8618196133881085,CID44971-sample-proxy
CID44971_GCTGGGTCAGAAGCAC,9.732021,13.591311,6,T / NK,0.8618196133881085,CID44971-sample-proxy
CID44971_GCTGGGTTCCTCGCAT,8.664929,11.11997,6,T / NK,0.8618196133881085,CID44971-sample-proxy
CID44971_GCTGGGTTCTGTCTAT,8.005178,9.815167,6,T / NK,0.8618196133881085,CID44971-sample-proxy
CID44971_GCTTGAACATACTACG,8.591836,12.866013,6,T / NK,0.8618196133881085,CID44971-sample-proxy
CID44971_GCTTGAAGTCGGCACT,9.152279,10.640067,6,T / NK,0.8618196133881085,CID44971-sample-proxy
CID44971_GGAACTTCACGCATCG,7.240032,10.738019,6,T / NK,0.8618196133881085,CID44971-sample-proxy
CID44971_GGAACTTGTAGATTAG,7.519206,12.432825,6,T / NK,0.8618196133881085,CID44971-sample-proxy
CID44971_GGACAAGTCCCTTGCA,10.011415,11.155787,6,T / NK,0.8618196133881085,CID44971-sample-proxy
CID44971_GGACAGAGTCTCCCTA,10.1056185,13.971928,6,T / NK,0.8618196133881085,CID44971-sample-proxy
CID44971_GGACGTCAGCCATCGC,9.345941,12.085632,6,T / NK,0.8618196133881085,CID44971-sample-proxy
CID44971_GGACGTCCATCCCACT,9.324205,9.713623,6,T / NK,0.8618196133881085,CID44971-sample-proxy
CID44971_GGACGTCGTAAGTGGC,9.725449,11.342072,6,T / NK,0.8618196133881085,CID44971-sample-proxy
CID44971_GGACGTCGTGAGGGTT,10.040461,13.641622,6,T / NK,0.8618196133881085,CID44971-sample-proxy
CID44971_GGAGCAACACTAGTAC,9.34437,11.536636,6,T / NK,0.8618196133881085,CID44971-sample-proxy
CID44971_GGATGTTCAACACGCC,9.930491,9.55455,6,T / NK,0.8618196133881085,CID44971-sample-proxy
CID44971_GGATGTTCAGTGGAGT,10.538501,11.62405,6,T / NK,0.8618196133881085,CID44971-sample-proxy
CID44971_GGATGTTCAGTTCATG,7.4177876,11.658203,6,T / NK,0.8618196133881085,CID44971-sample-proxy
CID44971_GGATTACTCTTGCCGT,7.071933,11.642658,6,T / NK,0.8618196133881085,CID44971-sample-proxy
CID44971_GGCAATTCAGTTAACC,8.359138,10.773647,6,T / NK,0.8618196133881085,CID44971-sample-proxy
CID44971_GGCTCGAAGTACGCGA,9.207523,11.531426,6,T / NK,0.8618196133881085,CID44971-sample-proxy
CID44971_GGCTCGACAAGTAGTA,9.450436,9.258614,6,T / NK,0.8618196133881085,CID44971-sample-proxy
CID44971_GGCTCGACAGGGTATG,8.310812,10.607947,6,T / NK,0.8618196133881085,CID44971-sample-proxy
CID44971_GGCTCGAGTCGCATCG,8.565629,11.394852,6,T / NK,0.8618196133881085,CID44971-sample-proxy
CID44971_GGCTGGTTCGTGGGAA,8.889473,12.849742,6,T / NK,0.8618196133881085,CID44971-sample-proxy
CID44971_GGGACCTAGCCGATTT,7.7698016,13.999754,6,T / NK,0.8618196133881085,CID44971-sample-proxy
CID44971_GGGACCTCAAAGTCAA,9.762057,10.767712,6,T / NK,0.8618196133881085,CID44971-sample-proxy
CID44971_GGGATGACATGCAACT,8.572975,11.049711,6,T / NK,0.8618196133881085,CID44971-sample-proxy
CID44971_GGGATGAGTAGAGTGC,8.126092,13.639072,6,T / NK,0.8618196133881085,CID44971-sample-proxy
CID44971_GGGATGATCCAGTATG,7.7465477,13.520289,6,T / NK,0.8618196133881085,CID44971-sample-proxy
CID44971_GGGCACTCATGCATGT,8.739345,10.98224,6,T / NK,0.8618196133881085,CID44971-sample-proxy
CID44971_GGGCATCTCGGCATCG,9.7599325,10.898584,6,T / NK,0.8618196133881085,CID44971-sample-proxy
CID44971_GGGTCTGAGTGGAGTC,9.594887,9.758439,6,T / NK,0.8618196133881085,CID44971-sample-proxy
CID44971_GGGTCTGCAAGTCTGT,8.499296,13.059081,6,T / NK,0.8618196133881085,CID44971-sample-proxy
CID44971_GGGTTGCGTACAGACG,7.974989,13.48287,6,T / NK,0.8618196133881085,CID44971-sample-proxy
CID44971_GGTATTGCACTCGACG,9.219023,10.485303,6,T / NK,0.8618196133881085,CID44971-sample-proxy
CID44971_GGTGCGTCACAAGACG,7.731488,9.913562,6,T / NK,0.8618196133881085,CID44971-sample-proxy
CID44971_GGTGTTACATGTTGAC,9.127893,12.051176,6,T / NK,0.8618196133881085,CID44971-sample-proxy
CID44971_GTAACTGTCTCCTATA,10.320444,11.319682,6,T / NK,0.8618196133881085,CID44971-sample-proxy
CID44971_GTACGTAAGTCAATAG,7.7706804,11.622835,6,T / NK,0.8618196133881085,CID44971-sample-proxy
CID44971_GTACGTATCAGTGCAT,8.326083,11.426689,6,T / NK,0.8618196133881085,CID44971-sample-proxy
CID44971_GTACTTTAGACTGGGT,7.8032928,11.260557,6,T / NK,0.8618196133881085,CID44971-sample-proxy
CID44971_GTACTTTAGTGTTTGC,8.891058,11.229088,6,T / NK,0.8618196133881085,CID44971-sample-proxy
CID44971_GTACTTTTCGGTCTAA,10.181173,12.095268,6,T / NK,0.8618196133881085,CID44971-sample-proxy
CID44971_GTAGGCCCACGGTGTC,7.012891,11.899309,6,T / NK,0.8618196133881085,CID44971-sample-proxy
CID44971_GTAGTCAGTCCGACGT,10.073853,11.183708,6,T / NK,0.8618196133881085,CID44971-sample-proxy
CID44971_GTATCTTCAGCCTTTC,9.427221,9.712245,6,T / NK,0.8618196133881085,CID44971-sample-proxy
CID44971_GTATTCTAGCTTTGGT,8.843346,9.99001,6,T / NK,0.8618196133881085,CID44971-sample-proxy
CID44971_GTCAAGTAGTGAACGC,18.71275,4.18073,9,T / NK,0.7929964621147112,CID44971-sample-proxy
CID44971_GTCAAGTCAGACAGGT,9.995025,10.72399,6,T / NK,0.8618196133881085,CID44971-sample-proxy
CID44971_GTCACAAAGTGTACGG,9.399859,9.92151,6,T / NK,0.8618196133881085,CID44971-sample-proxy
CID44971_GTCACGGTCCCTGACT,9.177618,8.868958,6,T / NK,0.8618196133881085,CID44971-sample-proxy
CID44971_GTCATTTCATATACCG,8.22488,9.627458,6,T / NK,0.8618196133881085,CID44971-sample-proxy
CID44971_GTCGGGTCAGTATAAG,18.57189,3.9609826,9,T / NK,0.7929964621147112,CID44971-sample-proxy
CID44971_GTCGTAAAGGAGTTTA,8.71744,10.441452,6,T / NK,0.8618196133881085,CID44971-sample-proxy
CID44971_GTCGTAATCAAGGCTT,8.82369,10.511417,6,T / NK,0.8618196133881085,CID44971-sample-proxy
CID44971_GTCTCGTGTGAGTGAC,8.012386,11.164382,6,T / NK,0.8618196133881085,CID44971-sample-proxy
CID44971_GTCTTCGCAGCATACT,9.701159,11.052927,6,T / NK,0.8618196133881085,CID44971-sample-proxy
CID44971_GTGCAGCGTACTTAGC,9.18249,11.79209,6,T / NK,0.8618196133881085,CID44971-sample-proxy
CID44971_GTGCGGTGTCTTGTCC,8.422199,13.548504,6,T / NK,0.8618196133881085,CID44971-sample-proxy
CID44971_GTGCGGTGTGTTGGGA,8.713996,10.573515,6,T / NK,0.8618196133881085,CID44971-sample-proxy
CID44971_GTGCTTCCACCTATCC,7.7366796,12.026849,6,T / NK,0.8618196133881085,CID44971-sample-proxy
CID44971_GTGCTTCTCTGGTGTA,9.84058,11.162327,6,T / NK,0.8618196133881085,CID44971-sample-proxy
CID44971_GTGGGTCGTATGAAAC,8.608983,10.320012,6,T / NK,0.8618196133881085,CID44971-sample-proxy
CID44971_GTGTGCGGTCGCATCG,8.641996,11.672457,6,T / NK,0.8618196133881085,CID44971-sample-proxy
CID44971_GTGTGCGGTCTAAAGA,7.1919723,10.681006,6,T / NK,0.8618196133881085,CID44971-sample-proxy
CID44971_GTGTGCGTCAGAGACG,8.934169,9.206472,6,T / NK,0.8618196133881085,CID44971-sample-proxy
CID44971_GTTAAGCAGCGAGAAA,7.2016745,10.769653,6,T / NK,0.8618196133881085,CID44971-sample-proxy
CID44971_GTTAAGCTCCCAGGTG,8.1773405,8.73895,6,T / NK,0.8618196133881085,CID44971-sample-proxy
CID44971_GTTACAGTCCGTCATC,18.7068,3.930304,9,T / NK,0.7929964621147112,CID44971-sample-proxy
CID44971_GTTCTCGAGAGGTAGA,8.993932,12.1891,6,T / NK,0.8618196133881085,CID44971-sample-proxy
CID44971_GTTTCTACACTTAACG,8.136382,13.181572,6,T / NK,0.8618196133881085,CID44971-sample-proxy
CID44971_TAAACCGTCTAACGGT,9.414112,8.554349,6,T / NK,0.8618196133881085,CID44971-sample-proxy
CID44971_TAAGAGACATCAGTAC,10.561954,9.936243,6,T / NK,0.8618196133881085,CID44971-sample-proxy
CID44971_TAAGAGAGTTTGACAC,8.946456,11.520772,6,T / NK,0.8618196133881085,CID44971-sample-proxy
CID44971_TAAGCGTGTTATGTGC,9.870178,10.031309,6,T / NK,0.8618196133881085,CID44971-sample-proxy
CID44971_TAAGTGCGTTCCGGCA,8.575684,11.865068,6,T / NK,0.8618196133881085,CID44971-sample-proxy
CID44971_TACAGTGAGACTTGAA,6.9192843,11.362625,6,T / NK,0.8618196133881085,CID44971-sample-proxy
CID44971_TACCTATCACCCATTC,7.172271,13.174406,6,T / NK,0.8618196133881085,CID44971-sample-proxy
CID44971_TACTCATTCGCCATAA,9.747478,9.641688,6,T / NK,0.8618196133881085,CID44971-sample-proxy
CID44971_TACTCGCAGGCTAGAC,7.629528,10.263287,6,T / NK,0.8618196133881085,CID44971-sample-proxy
CID44971_TACTTACCACCTCGTT,8.685951,13.332576,6,T / NK,0.8618196133881085,CID44971-sample-proxy
CID44971_TACTTACGTTGTGGAG,9.152994,12.351744,6,T / NK,0.8618196133881085,CID44971-sample-proxy
CID44971_TACTTACTCCTGCAGG,8.871849,9.609384,6,T / NK,0.8618196133881085,CID44971-sample-proxy
CID44971_TAGACCAAGCGTGAGT,9.129584,12.773299,6,T / NK,0.8618196133881085,CID44971-sample-proxy
CID44971_TAGACCACATTTCAGG,9.879252,12.153084,6,T / NK,0.8618196133881085,CID44971-sample-proxy
CID44971_TAGAGCTAGATCCCGC,9.685757,10.793568,6,T / NK,0.8618196133881085,CID44971-sample-proxy
CID44971_TAGCCGGCATGTTGAC,8.531692,11.175977,6,T / NK,0.8618196133881085,CID44971-sample-proxy
CID44971_TAGCCGGGTGTTTGGT,18.750963,4.1027956,9,T / NK,0.7929964621147112,CID44971-sample-proxy
CID44971_TAGGCATAGCTAAACA,9.384159,12.195965,6,T / NK,0.8618196133881085,CID44971-sample-proxy
CID44971_TAGGCATCAAAGTCAA,8.181976,12.154303,6,T / NK,0.8618196133881085,CID44971-sample-proxy
CID44971_TAGGCATCACACTGCG,10.140901,11.44968,6,T / NK,0.8618196133881085,CID44971-sample-proxy
CID44971_TAGGCATGTTGATTGC,18.831835,4.142502,9,T / NK,0.7929964621147112,CID44971-sample-proxy
CID44971_TAGGCATTCAGCTGGC,9.185535,11.250836,6,T / NK,0.8618196133881085,CID44971-sample-proxy
CID44971_TAGTGGTAGGTGCTAG,9.293833,10.956819,6,T / NK,0.8618196133881085,CID44971-sample-proxy
CID44971_TAGTGGTAGTATCGAA,9.122331,12.007604,6,T / NK,0.8618196133881085,CID44971-sample-proxy
CID44971_TAGTGGTCACCGATAT,10.365712,11.6136465,6,T / NK,0.8618196133881085,CID44971-sample-proxy
CID44971_TATCAGGCATCGTCGG,11.468122,10.827663,6,T / NK,0.8618196133881085,CID44971-sample-proxy
CID44971_TATCAGGTCTGCTGTC,9.109339,13.003496,6,T / NK,0.8618196133881085,CID44971-sample-proxy
CID44971_TATCTCAGTCACTTCC,9.76572,11.696842,6,T / NK,0.8618196133881085,CID44971-sample-proxy
CID44971_TATCTCAGTCTAGTGT,7.113927,13.319436,6,T / NK,0.8618196133881085,CID44971-sample-proxy
CID44971_TATGCCCTCAAGGCTT,8.037118,11.497577,6,T / NK,0.8618196133881085,CID44971-sample-proxy
CID44971_TATTACCTCAACACTG,8.580866,9.480163,6,T / NK,0.8618196133881085,CID44971-sample-proxy
CID44971_TCAACGACAAGTCTAC,7.6102877,11.76605,6,T / NK,0.8618196133881085,CID44971-sample-proxy
CID44971_TCAATCTAGAGTCGGT,9.462139,12.254063,6,T / NK,0.8618196133881085,CID44971-sample-proxy
CID44971_TCAATCTTCAACCAAC,10.1851225,13.219559,6,T / NK,0.8618196133881085,CID44971-sample-proxy
CID44971_TCACAAGCACTGTCGG,8.548415,10.004603,6,T / NK,0.8618196133881085,CID44971-sample-proxy
CID44971_TCACAAGTCCACTCCA,8.241188,10.911218,6,T / NK,0.8618196133881085,CID44971-sample-proxy
CID44971_TCACGAAAGTGTCCAT,9.437038,10.721471,6,T / NK,0.8618196133881085,CID44971-sample-proxy
CID44971_TCACGAAGTACCGGCT,10.009651,10.604981,6,T / NK,0.8618196133881085,CID44971-sample-proxy
CID44971_TCACGAATCACGATGT,9.120349,9.497954,6,T / NK,0.8618196133881085,CID44971-sample-proxy
CID44971_TCAGCAAAGAATTCCC,8.577812,11.503191,6,T / NK,0.8618196133881085,CID44971-sample-proxy
CID44971_TCAGCAAAGGCTAGAC,9.064992,10.260816,6,T / NK,0.8618196133881085,CID44971-sample-proxy
CID44971_TCAGCTCGTGTCTGAT,9.260258,11.9166565,6,T / NK,0.8618196133881085,CID44971-sample-proxy
CID44971_TCAGGTAAGGATGGTC,9.805049,13.665809,6,T / NK,0.8618196133881085,CID44971-sample-proxy
CID44971_TCATTACGTTCACCTC,7.028809,11.371828,6,T / NK,0.8618196133881085,CID44971-sample-proxy
CID44971_TCCACACAGTGACATA,9.173337,12.4925375,6,T / NK,0.8618196133881085,CID44971-sample-proxy
CID44971_TCCACACTCATGTCCC,9.526527,13.496618,6,T / NK,0.8618196133881085,CID44971-sample-proxy
CID44971_TCCCGATAGCCACGCT,8.912343,10.397654,6,T / NK,0.8618196133881085,CID44971-sample-proxy
CID44971_TCCCGATAGTTTGCGT,10.824697,11.695282,6,T / NK,0.8618196133881085,CID44971-sample-proxy
CID44971_TCCCGATTCGCTTAGA,9.042175,10.318273,6,T / NK,0.8618196133881085,CID44971-sample-proxy
CID44971_TCCCGATTCTGCAGTA,7.4777055,12.001195,6,T / NK,0.8618196133881085,CID44971-sample-proxy
CID44971_TCGCGTTTCAAGATCC,7.920669,11.249351,6,T / NK,0.8618196133881085,CID44971-sample-proxy
CID44971_TCGCGTTTCTGAGTGT,8.296116,9.634659,6,T / NK,0.8618196133881085,CID44971-sample-proxy
CID44971_TCGGGACCATCTATGG,7.9598646,9.909739,6,T / NK,0.8618196133881085,CID44971-sample-proxy
CID44971_TCGGGACGTAACGTTC,7.7140636,12.497073,6,T / NK,0.8618196133881085,CID44971-sample-proxy
CID44971_TCGGGACGTCGCCATG,9.023996,10.363258,6,T / NK,0.8618196133881085,CID44971-sample-proxy
CID44971_TCGGTAACAGTTTACG,10.396028,12.015726,6,T / NK,0.8618196133881085,CID44971-sample-proxy
CID44971_TCGGTAAGTCACCTAA,8.525105,9.948265,6,T / NK,0.8618196133881085,CID44971-sample-proxy
CID44971_TCGGTAAGTGCACTTA,9.590564,13.601141,6,T / NK,0.8618196133881085,CID44971-sample-proxy
CID44971_TCGTAGAGTTAAGATG,8.864013,10.98527,6,T / NK,0.8618196133881085,CID44971-sample-proxy
CID44971_TCGTAGAGTTGACGTT,7.0298047,12.914974,6,T / NK,0.8618196133881085,CID44971-sample-proxy
CID44971_TCTATTGAGACCCACC,10.148951,9.057771,6,T / NK,0.8618196133881085,CID44971-sample-proxy
CID44971_TCTATTGGTATAATGG,8.268586,12.726478,6,T / NK,0.8618196133881085,CID44971-sample-proxy
CID44971_TCTATTGGTTCGGGCT,8.987822,10.81023,6,T / NK,0.8618196133881085,CID44971-sample-proxy
CID44971_TCTCTAAAGACTACAA,8.567462,10.641696,6,T / NK,0.8618196133881085,CID44971-sample-proxy
CID44971_TCTCTAAAGGCCCGTT,8.382074,9.282829,6,T / NK,0.8618196133881085,CID44971-sample-proxy
CID44971_TCTCTAACAGCTTAAC,7.1687093,12.914497,6,T / NK,0.8618196133881085,CID44971-sample-proxy
CID44971_TCTCTAAGTCAGGACA,10.205225,10.815225,6,T / NK,0.8618196133881085,CID44971-sample-proxy
CID44971_TCTCTAATCGTATCAG,9.1862755,10.366643,6,T / NK,0.8618196133881085,CID44971-sample-proxy
CID44971_TCTGGAAGTCTCCATC,11.594708,11.171533,7,T / NK,1.4860313519878239,CID44971-sample-proxy
CID44971_TCTTCGGCACTATCTT,8.548969,11.622948,6,T / NK,0.8618196133881085,CID44971-sample-proxy
CID44971_TCTTTCCTCAAAGACA,8.188851,10.57813,6,T / NK,0.8618196133881085,CID44971-sample-proxy
CID44971_TGACAACAGTGGGTTG,9.208241,10.646532,6,T / NK,0.8618196133881085,CID44971-sample-proxy
CID44971_TGACTTTGTAAACGCG,8.383585,10.819504,6,T / NK,0.8618196133881085,CID44971-sample-proxy
CID44971_TGAGAGGTCGGGAGTA,10.235483,12.96519,6,T / NK,0.8618196133881085,CID44971-sample-proxy
CID44971_TGAGAGGTCTTATCTG,8.8890505,10.956746,6,T / NK,0.8618196133881085,CID44971-sample-proxy
CID44971_TGAGCATGTAGCCTAT,7.9086785,9.66366,6,T / NK,0.8618196133881085,CID44971-sample-proxy
CID44971_TGAGCCGAGGTGCTTT,9.159526,11.048982,6,T / NK,0.8618196133881085,CID44971-sample-proxy
CID44971_TGAGCCGGTAATAGCA,8.262533,12.895049,6,T / NK,0.8618196133881085,CID44971-sample-proxy
CID44971_TGAGCCGGTGACTCAT,9.43002,11.21894,6,T / NK,0.8618196133881085,CID44971-sample-proxy
CID44971_TGAGGGATCCTTCAAT,7.971951,10.739414,6,T / NK,0.8618196133881085,CID44971-sample-proxy
CID44971_TGAGGGATCTAGCACA,18.627193,4.060761,9,T / NK,0.7929964621147112,CID44971-sample-proxy
CID44971_TGATTTCAGCAGATCG,9.531998,11.828729,6,T / NK,0.8618196133881085,CID44971-sample-proxy
CID44971_TGATTTCAGGCGCTCT,9.210583,9.364031,6,T / NK,0.8618196133881085,CID44971-sample-proxy
CID44971_TGATTTCCACCAGGTC,9.067223,11.086027,6,T / NK,0.8618196133881085,CID44971-sample-proxy
CID44971_TGCACCTAGCTGTTCA,9.381497,12.664149,6,T / NK,0.8618196133881085,CID44971-sample-proxy
CID44971_TGCACCTTCAGTCAGT,8.408855,9.635181,6,T / NK,0.8618196133881085,CID44971-sample-proxy
CID44971_TGCCAAACAGGTTTCA,7.148548,11.036232,6,T / NK,0.8618196133881085,CID44971-sample-proxy
CID44971_TGCCAAATCCTAGTGA,9.818619,13.820269,6,T / NK,0.8618196133881085,CID44971-sample-proxy
CID44971_TGCCCATAGATCCCAT,9.7036495,13.218739,6,T / NK,0.8618196133881085,CID44971-sample-proxy
CID44971_TGCCCATTCAACACCA,8.969763,11.340506,6,T / NK,0.8618196133881085,CID44971-sample-proxy
CID44971_TGCGCAGAGATGTGTA,9.54315,13.501692,6,T / NK,0.8618196133881085,CID44971-sample-proxy
CID44971_TGCGGGTAGATGCCTT,9.519277,9.20046,6,T / NK,0.8618196133881085,CID44971-sample-proxy
CID44971_TGCGTGGAGAGACGAA,8.877907,9.728629,6,T / NK,0.8618196133881085,CID44971-sample-proxy
CID44971_TGCGTGGGTGATGCCC,8.31881,11.111186,6,T / NK,0.8618196133881085,CID44971-sample-proxy
CID44971_TGCTACCCAAGCCGCT,8.241182,12.248389,6,T / NK,0.8618196133881085,CID44971-sample-proxy
CID44971_TGGACGCGTCGGCACT,8.235971,10.942569,6,T / NK,0.8618196133881085,CID44971-sample-proxy
CID44971_TGGCGCAAGAACAATC,8.038856,13.543612,6,T / NK,0.8618196133881085,CID44971-sample-proxy
CID44971_TGGCGCACACCCTATC,8.501096,8.774817,6,T / NK,0.8618196133881085,CID44971-sample-proxy
CID44971_TGGCGCAGTGCACTTA,9.379852,11.559719,6,T / NK,0.8618196133881085,CID44971-sample-proxy
CID44971_TGGCGCATCCATGAAC,11.137061,11.595018,6,T / NK,0.8618196133881085,CID44971-sample-proxy
CID44971_TGGCTGGAGCTAGTTC,7.3836355,12.990905,6,T / NK,0.8618196133881085,CID44971-sample-proxy
CID44971_TGGCTGGGTAAACCTC,7.9383554,13.848568,6,T / NK,0.8618196133881085,CID44971-sample-proxy
CID44971_TGGCTGGGTGTCCTCT,9.862351,10.603177,6,T / NK,0.8618196133881085,CID44971-sample-proxy
CID44971_TGGCTGGTCTACTATC,9.636678,11.753549,6,T / NK,0.8618196133881085,CID44971-sample-proxy
CID44971_TGGTTAGCATGTCTCC,8.032271,9.480723,6,T / NK,0.8618196133881085,CID44971-sample-proxy
CID44971_TGGTTCCTCACAACGT,9.167269,12.395502,6,T / NK,0.8618196133881085,CID44971-sample-proxy
CID44971_TGGTTCCTCACATGCA,6.887211,11.637565,6,T / NK,0.8618196133881085,CID44971-sample-proxy
CID44971_TGTATTCAGTCCGTAT,9.61135,10.283455,6,T / NK,0.8618196133881085,CID44971-sample-proxy
CID44971_TGTATTCGTTTAGGAA,10.124856,13.829333,6,T / NK,0.8618196133881085,CID44971-sample-proxy
CID44971_TGTATTCTCAAGAAGT,7.923269,13.745988,6,T / NK,0.8618196133881085,CID44971-sample-proxy
CID44971_TGTCCCACATGCAACT,8.128637,13.623129,6,T / NK,0.8618196133881085,CID44971-sample-proxy
CID44971_TGTCCCAGTCTCTTAT,10.283154,11.45256,9,T / NK,0.7929964621147112,CID44971-sample-proxy
CID44971_TGTGGTAAGACTAGAT,8.24072,12.044363,6,T / NK,0.8618196133881085,CID44971-sample-proxy
CID44971_TGTGGTAAGTGGACGT,7.68746,11.194775,6,T / NK,0.8618196133881085,CID44971-sample-proxy
CID44971_TGTGGTATCTGAAAGA,8.021018,9.1506815,6,T / NK,0.8618196133881085,CID44971-sample-proxy
CID44971_TGTGTTTCAGGGATTG,9.392507,10.5278425,6,T / NK,0.8618196133881085,CID44971-sample-proxy
CID44971_TGTGTTTGTAAGTGTA,9.449623,12.400711,6,T / NK,0.8618196133881085,CID44971-sample-proxy
CID44971_TGTGTTTGTCACTTCC,7.2266784,10.48847,6,T / NK,0.8618196133881085,CID44971-sample-proxy
CID44971_TGTGTTTGTGAGTATA,7.7726603,13.538986,6,T / NK,0.8618196133881085,CID44971-sample-proxy
CID44971_TGTGTTTTCAGCGATT,7.8031282,12.575383,6,T / NK,0.8618196133881085,CID44971-sample-proxy
CID44971_TTAACTCAGATCTGCT,9.969216,13.815569,6,T / NK,0.8618196133881085,CID44971-sample-proxy
CID44971_TTAACTCAGTTAGCGG,8.620693,11.611025,6,T / NK,0.8618196133881085,CID44971-sample-proxy
CID44971_TTAACTCCAAACAACA,8.807974,10.025694,6,T / NK,0.8618196133881085,CID44971-sample-proxy
CID44971_TTAGGACCAAGTTAAG,10.307981,10.788819,6,T / NK,0.8618196133881085,CID44971-sample-proxy
CID44971_TTAGGACCATCATCCC,11.307329,10.201741,6,T / NK,0.8618196133881085,CID44971-sample-proxy
CID44971_TTAGTTCTCACTTACT,9.048523,12.785888,6,T / NK,0.8618196133881085,CID44971-sample-proxy
CID44971_TTATGCTTCAAACCGT,8.2130995,11.630249,6,T / NK,0.8618196133881085,CID44971-sample-proxy
CID44971_TTCCCAGAGTTAACGA,8.219546,12.361761,6,T / NK,0.8618196133881085,CID44971-sample-proxy
CID44971_TTCGAAGAGTCCATAC,8.955413,10.664432,6,T / NK,0.8618196133881085,CID44971-sample-proxy
CID44971_TTCGGTCGTTCCAACA,8.043838,10.873882,6,T / NK,0.8618196133881085,CID44971-sample-proxy
CID44971_TTCGGTCTCGCCAAAT,9.735423,10.907964,6,T / NK,0.8618196133881085,CID44971-sample-proxy
CID44971_TTCTCAAGTCTAACGT,8.0221615,13.086628,6,T / NK,0.8618196133881085,CID44971-sample-proxy
CID44971_TTCTCCTGTATAGGTA,6.788722,11.854543,6,T / NK,0.8618196133881085,CID44971-sample-proxy
CID44971_TTCTCCTGTGTAACGG,9.086678,11.843951,6,T / NK,0.8618196133881085,CID44971-sample-proxy
CID44971_TTCTTAGAGGTGACCA,8.087959,9.858752,6,T / NK,0.8618196133881085,CID44971-sample-proxy
CID44971_TTCTTAGGTGATGATA,6.9204025,11.551551,6,T / NK,0.8618196133881085,CID44971-sample-proxy
CID44971_TTCTTAGGTGGCTCCA,8.352864,10.960314,6,T / NK,0.8618196133881085,CID44971-sample-proxy
CID44971_TTGAACGAGCACCGCT,7.9504323,9.597298,6,T / NK,0.8618196133881085,CID44971-sample-proxy
CID44971_TTGAACGCATGAACCT,7.866101,13.603331,6,T / NK,0.8618196133881085,CID44971-sample-proxy
CID44971_TTGACTTCACCGTTGG,9.136699,10.740512,6,T / NK,0.8618196133881085,CID44971-sample-proxy
CID44971_TTGACTTCAGCTTAAC,8.403037,11.550921,6,T / NK,0.8618196133881085,CID44971-sample-proxy
CID44971_TTGCCGTAGTCAAGGC,8.295072,9.3661175,6,T / NK,0.8618196133881085,CID44971-sample-proxy
CID44971_TTGCCGTGTATATCCG,8.885806,11.794365,6,T / NK,0.8618196133881085,CID44971-sample-proxy
CID44971_TTGCGTCCATCAGTCA,7.7601,11.545307,13,T / NK,0.7212837205132068,CID44971-sample-proxy
CID44971_TTGTAGGGTGCCTGTG,7.431476,13.5910845,6,T / NK,0.8618196133881085,CID44971-sample-proxy
CID44971_TTGTAGGGTGGCAAAC,9.714853,10.509955,6,T / NK,0.8618196133881085,CID44971-sample-proxy
CID44971_TTTACTGAGTTTGCGT,9.279127,11.824307,6,T / NK,0.8618196133881085,CID44971-sample-proxy
CID44971_TTTCCTCCACCTGGTG,8.898246,10.796143,6,T / NK,0.8618196133881085,CID44971-sample-proxy
CID44971_TTTCCTCGTTGAACTC,8.410526,10.018333,6,T / NK,0.8618196133881085,CID44971-sample-proxy
CID44971_TTTGGTTCACGAGGTA,9.616678,11.08045,6,T / NK,0.8618196133881085,CID44971-sample-proxy
CID44971_TTTGTCAAGACAAGCC,10.044223,13.923742,6,T / NK,0.8618196133881085,CID44971-sample-proxy
CID44971_TTTGTCAGTCTGCGGT,8.442513,11.060855,6,T / NK,0.8618196133881085,CID44971-sample-proxy
CID44971_ATTGGTGAGGAGTACC,7.249579,12.694729,6,T / NK,0.8618196133881085,CID44971-sample-proxy
CID44971_CATCGGGGTCTCATCC,8.626618,13.210986,6,T / NK,0.8618196133881085,CID44971-sample-proxy
CID44971_CGACCTTCACCTGGTG,7.939442,13.206711,6,T / NK,0.8618196133881085,CID44971-sample-proxy
CID44971_CGTTGGGCAGGAACGT,7.913252,13.2204485,6,T / NK,0.8618196133881085,CID44971-sample-proxy
CID44971_CTTTGCGGTACTCTCC,8.279488,12.341532,6,T / NK,0.8618196133881085,CID44971-sample-proxy
CID44971_AGGTCCGAGGAGTTTA,8.452698,10.152531,6,T / NK,0.8618196133881085,CID44971-sample-proxy
CID44971_AGTGAGGGTGCACTTA,9.502644,11.906051,6,T / NK,0.8618196133881085,CID44971-sample-proxy
CID44971_CCGGGATAGGTAGCCA,14.678809,11.323378,6,T / NK,0.8618196133881085,CID44971-sample-proxy
CID44971_GGAAAGCTCACCATAG,9.304773,10.589004,6,T / NK,0.8618196133881085,CID44971-sample-proxy
CID44971_TGACTTTGTCCAACTA,14.405511,11.614836,6,T / NK,0.8618196133881085,CID44971-sample-proxy
CID44971_ACCCACTAGCGTCAAG,10.2600565,13.856189,6,T / NK,0.8618196133881085,CID44971-sample-proxy
CID44971_AGCTCCTGTGCTCTTC,7.7540054,13.186366,6,T / NK,0.8618196133881085,CID44971-sample-proxy
CID44971_ATCTGCCTCATAGCAC,9.4210615,9.142537,6,T / NK,0.8618196133881085,CID44971-sample-proxy
CID44971_CAGCTAAAGCAGCCTC,9.432203,12.669179,6,T / NK,0.8618196133881085,CID44971-sample-proxy
CID44971_CAGTAACAGGAATGGA,8.350723,12.654218,6,T / NK,0.8618196133881085,CID44971-sample-proxy
CID44971_CGTGTAATCCTATTCA,11.582688,11.787287,6,T / NK,0.8618196133881085,CID44971-sample-proxy
CID44971_CTCTGGTGTTGAGGTG,9.74345,11.651529,6,T / NK,0.8618196133881085,CID44971-sample-proxy
CID44971_GAGGTGAGTTACGACT,9.385373,9.205155,6,T / NK,0.8618196133881085,CID44971-sample-proxy
CID44971_GATGAGGAGCAGCGTA,9.055386,9.037807,6,T / NK,0.8618196133881085,CID44971-sample-proxy
CID44971_GCGCAGTGTACCATCA,18.871563,4.1043916,9,T / NK,0.7929964621147112,CID44971-sample-proxy
CID44971_GGAATAACATCGGGTC,8.882719,13.071091,6,T / NK,0.8618196133881085,CID44971-sample-proxy
CID44971_GGACAAGTCCACGAAT,8.534585,9.159467,6,T / NK,0.8618196133881085,CID44971-sample-proxy
CID44971_GGACATTAGACGCTTT,9.939837,12.537778,6,T / NK,0.8618196133881085,CID44971-sample-proxy
CID44971_GTCAAGTAGCCGATTT,10.084764,13.469553,6,T / NK,0.8618196133881085,CID44971-sample-proxy
CID44971_GTCATTTGTCGCTTTC,8.903995,12.690339,6,T / NK,0.8618196133881085,CID44971-sample-proxy
CID44971_GTTCATTCAAGCGAGT,10.166271,13.877043,6,T / NK,0.8618196133881085,CID44971-sample-proxy
CID44971_TCATTTGGTTCACCTC,8.527797,13.412264,6,T / NK,0.8618196133881085,CID44971-sample-proxy
CID44971_TGACTTTAGTATTGGA,10.0413265,11.446683,6,T / NK,0.8618196133881085,CID44971-sample-proxy
CID44971_TTAGGCATCATAACCG,10.337857,13.949595,6,T / NK,0.8618196133881085,CID44971-sample-proxy
CID44971_CCTAAAGGTAGCCTCG,8.694598,11.975733,6,T / NK,0.8618196133881085,CID44971-sample-proxy
CID44971_CTAATGGCACCAGTTA,8.486032,11.291605,6,T / NK,0.8618196133881085,CID44971-sample-proxy
CID44971_CTGTGCTAGACAGGCT,8.634068,10.385698,6,T / NK,0.8618196133881085,CID44971-sample-proxy
CID44971_ACTGCTCAGGGCTTCC,10.227466,10.176375,6,T / NK,0.8618196133881085,CID44971-sample-proxy
CID44971_ACTTTCAAGTGTGGCA,10.108907,11.877497,6,T / NK,0.8618196133881085,CID44971-sample-proxy
CID44971_AGGCCGTGTATAGGTA,8.435558,11.314902,6,T / NK,0.8618196133881085,CID44971-sample-proxy
CID44971_AGGTCATGTAGGCTGA,9.286326,12.357718,6,T / NK,0.8618196133881085,CID44971-sample-proxy
CID44971_ATAGACCTCTGGCGAC,9.641728,11.631554,6,T / NK,0.8618196133881085,CID44971-sample-proxy
CID44971_ATAGACCTCTTACCTA,9.322783,11.527075,6,T / NK,0.8618196133881085,CID44971-sample-proxy
CID44971_ATTACTCGTTCGCTAA,9.639514,10.918876,6,T / NK,0.8618196133881085,CID44971-sample-proxy
CID44971_CACACTCTCAGAGGTG,8.196406,10.809596,6,T / NK,0.8618196133881085,CID44971-sample-proxy
CID44971_CAGCTAATCTTGCATT,8.99992,10.9682045,6,T / NK,0.8618196133881085,CID44971-sample-proxy
CID44971_CATTATCTCGTGGTCG,9.82415,10.854236,6,T / NK,0.8618196133881085,CID44971-sample-proxy
CID44971_CCTTCGAAGAAGCCCA,10.00363,12.120494,6,T / NK,0.8618196133881085,CID44971-sample-proxy
CID44971_CTGCGGAAGGGCACTA,18.657015,4.362761,9,T / NK,0.7929964621147112,CID44971-sample-proxy
CID44971_CTTACCGCATGTCGAT,9.429809,10.0799055,6,T / NK,0.8618196133881085,CID44971-sample-proxy
CID44971_CTTAGGATCCTTGGTC,10.097249,13.916243,6,T / NK,0.8618196133881085,CID44971-sample-proxy
CID44971_GACGGCTCATCGATGT,10.528347,12.088832,6,T / NK,0.8618196133881085,CID44971-sample-proxy
CID44971_GATCGTAAGTACGCGA,10.045678,13.715332,6,T / NK,0.8618196133881085,CID44971-sample-proxy
CID44971_GGATTACGTGATGATA,8.822323,11.393366,6,T / NK,0.8618196133881085,CID44971-sample-proxy
CID44971_GTACTCCGTTCCACTC,8.67218,9.685387,6,T / NK,0.8618196133881085,CID44971-sample-proxy
CID44971_GTATTCTCATCGGGTC,10.504352,12.181199,6,T / NK,0.8618196133881085,CID44971-sample-proxy
CID44971_GTCATTTCAAGCTGTT,9.609752,10.693985,6,T / NK,0.8618196133881085,CID44971-sample-proxy
CID44971_TACTTACTCCACGAAT,10.031007,13.287953,6,T / NK,0.8618196133881085,CID44971-sample-proxy
CID44971_TCAGCTCTCTCTTGAT,9.392311,9.636947,6,T / NK,0.8618196133881085,CID44971-sample-proxy
CID44971_GTTTCTATCTTCGGTC,8.294274,11.109481,6,T / NK,0.8618196133881085,CID44971-sample-proxy
CID44971_ACGCCAGAGCATGGCA,11.253262,9.36522,6,T / NK,0.8618196133881085,CID44971-sample-proxy
CID44971_CGGAGCTGTGACCAAG,9.10156,11.78425,6,T / NK,0.8618196133881085,CID44971-sample-proxy
CID44971_CTCCTAGCAGAGTGTG,10.806503,9.552074,6,T / NK,0.8618196133881085,CID44971-sample-proxy
CID44971_CACCACTTCCTAGGGC,8.819621,11.07718,6,T / NK,0.8618196133881085,CID44971-sample-proxy
CID44971_CTAATGGGTTGATTCG,10.275783,11.212077,6,T / NK,0.8618196133881085,CID44971-sample-proxy
CID44971_GGAACTTTCTGCGTAA,9.139618,13.103165,6,T / NK,0.8618196133881085,CID44971-sample-proxy
CID44971_TTCGGTCTCAGTGTTG,10.480754,10.609116,6,T / NK,0.8618196133881085,CID44971-sample-proxy
CID44971_AAAGATGAGCTCCTTC,11.233417,10.791083,6,T / NK,0.8618196133881085,CID44971-sample-proxy
CID44971_GGTGAAGTCTCTTGAT,10.885181,11.592414,8,T / NK,0.6453881461079718,CID44971-sample-proxy
CID44971_TGGACGCAGTTGAGAT,11.04839,11.723581,7,T / NK,1.4860313519878239,CID44971-sample-proxy
CID44971_ACGGAGAGTGTCCTCT,8.371515,12.389944,6,T / NK,0.8618196133881085,CID44971-sample-proxy
CID44971_AGCTCCTGTGAGGGAG,8.756505,11.529675,6,T / NK,0.8618196133881085,CID44971-sample-proxy
CID44971_CCTTCCCGTTAGATGA,7.625221,13.313911,6,T / NK,0.8618196133881085,CID44971-sample-proxy
CID44971_CGCGTTTAGTGAAGTT,7.098436,12.9728565,6,T / NK,0.8618196133881085,CID44971-sample-proxy
CID44971_CGCGTTTGTTGCGTTA,7.9689264,12.31611,6,T / NK,0.8618196133881085,CID44971-sample-proxy
CID44971_CGTTCTGGTCCCTACT,6.9078164,13.170448,6,T / NK,0.8618196133881085,CID44971-sample-proxy
CID44971_CTGATAGAGCTAGTCT,7.4622903,13.622904,6,T / NK,0.8618196133881085,CID44971-sample-proxy
CID44971_CTTACCGCATCTCCCA,8.379902,13.175499,6,T / NK,0.8618196133881085,CID44971-sample-proxy
CID44971_GATCAGTAGCGATCCC,9.603955,10.561095,6,T / NK,0.8618196133881085,CID44971-sample-proxy
CID44971_GCCAAATTCGGGAGTA,8.078204,12.672937,6,T / NK,0.8618196133881085,CID44971-sample-proxy
CID44971_GCGAGAACAGACAAAT,7.0868945,12.638348,6,T / NK,0.8618196133881085,CID44971-sample-proxy
CID44971_ACTGTCCCACTGAAGG,8.232563,13.318927,6,T / NK,0.8618196133881085,CID44971-sample-proxy
CID44971_TACCTTAAGTGTGAAT,8.819184,11.535966,6,T / NK,0.8618196133881085,CID44971-sample-proxy
CID44971_ACGGGCTAGTACGCCC,7.518905,13.230934,6,T / NK,0.8618196133881085,CID44971-sample-proxy
CID44971_TCAATCTGTCCGTGAC,10.110392,12.25947,6,T / NK,0.8618196133881085,CID44971-sample-proxy
CID44971_TTTATGCAGATCTGAA,8.611218,12.71521,6,T / NK,0.8618196133881085,CID44971-sample-proxy
CID44971_GGGCACTGTACCATCA,13.372561,13.028601,7,T / NK,1.4860313519878239,CID44971-sample-proxy
CID44971_ACGTCAATCAGAGGTG,13.521515,12.995543,7,T / NK,1.4860313519878239,CID44971-sample-proxy
CID44971_CCAGCGAGTGCAGGTA,10.158623,10.301758,6,T / NK,0.8618196133881085,CID44971-sample-proxy
CID44971_AAACCTGTCGCTTAGA,16.726934,8.225853,8,T / NK,0.6453881461079718,CID44971-sample-proxy
CID44971_AACTTTCCAGTATGCT,14.542367,8.391014,8,T / NK,0.6453881461079718,CID44971-sample-proxy
CID44971_AAGACCTTCACCATAG,12.565938,7.1550913,10,T / NK,0.35721909436771326,CID44971-sample-proxy
CID44971_AAGTCTGAGCCACGTC,12.561917,7.081863,10,T / NK,0.35721909436771326,CID44971-sample-proxy
CID44971_AATCCAGGTCAATACC,14.876694,8.253823,8,T / NK,0.6453881461079718,CID44971-sample-proxy
CID44971_ACACCAAAGGACCACA,13.368926,7.4283524,10,T / NK,0.35721909436771326,CID44971-sample-proxy
CID44971_ACACTGACACAGACTT,16.170029,8.158907,8,T / NK,0.6453881461079718,CID44971-sample-proxy
CID44971_ACATCAGGTACCCAAT,12.331933,7.4797564,10,T / NK,0.35721909436771326,CID44971-sample-proxy
CID44971_ACCGTAAAGAATGTGT,12.304241,7.029446,10,T / NK,0.35721909436771326,CID44971-sample-proxy
CID44971_ACCTTTAGTTAAGGGC,16.642862,8.40533,8,T / NK,0.6453881461079718,CID44971-sample-proxy
CID44971_ACGCAGCGTCGATTGT,14.76558,7.4080153,8,T / NK,0.6453881461079718,CID44971-sample-proxy
CID44971_ACGCCGAGTTATCGGT,15.456655,7.461187,8,T / NK,0.6453881461079718,CID44971-sample-proxy
CID44971_ACGGGTCTCAGCATGT,15.330973,9.334555,8,T / NK,0.6453881461079718,CID44971-sample-proxy
CID44971_ACTATCTCATACGCTA,16.73717,8.883658,8,T / NK,0.6453881461079718,CID44971-sample-proxy
CID44971_ACTGAGTGTAGGAGTC,12.610368,7.097975,10,T / NK,0.35721909436771326,CID44971-sample-proxy
CID44971_ACTGCTCAGACACTAA,13.428629,11.388555,7,T / NK,1.4860313519878239,CID44971-sample-proxy
CID44971_ACTTACTCATGGATGG,15.817819,7.8307376,8,T / NK,0.6453881461079718,CID44971-sample-proxy
CID44971_ACTTTCAAGACAAGCC,12.483825,8.692539,10,T / NK,0.35721909436771326,CID44971-sample-proxy
CID44971_AGACGTTTCATCGCTC,17.76095,8.838571,8,T / NK,0.6453881461079718,CID44971-sample-proxy
CID44971_AGACGTTTCCACGTGG,14.913228,7.642014,10,T / NK,0.35721909436771326,CID44971-sample-proxy
CID44971_AGCATACTCTTGCATT,12.3505335,7.5270243,10,T / NK,0.35721909436771326,CID44971-sample-proxy
CID44971_AGCGGTCAGATGTGTA,16.680147,7.7932844,8,T / NK,0.6453881461079718,CID44971-sample-proxy
CID44971_AGCGGTCCAGTGAGTG,12.992214,6.460005,10,T / NK,0.35721909436771326,CID44971-sample-proxy
CID44971_AGCTTGAGTCAAAGCG,12.639159,7.2179413,10,T / NK,0.35721909436771326,CID44971-sample-proxy
CID44971_AGTGAGGGTGACCAAG,14.816839,8.257602,8,T / NK,0.6453881461079718,CID44971-sample-proxy
CID44971_ATCATGGCATGTTCCC,14.893373,7.5405936,8,T / NK,0.6453881461079718,CID44971-sample-proxy
CID44971_ATGGGAGCATGCAACT,13.374495,6.62021,10,T / NK,0.35721909436771326,CID44971-sample-proxy
CID44971_ATTCTACCACAGAGGT,12.818941,6.616458,10,T / NK,0.35721909436771326,CID44971-sample-proxy
CID44971_ATTGGACCAAAGCAAT,14.790477,8.213711,8,T / NK,0.6453881461079718,CID44971-sample-proxy
CID44971_ATTTCTGTCTTCAACT,15.618435,7.2870264,8,T / NK,0.6453881461079718,CID44971-sample-proxy
CID44971_CAAGGCCGTAGGGTAC,13.444661,6.8683047,10,T / NK,0.35721909436771326,CID44971-sample-proxy
CID44971_CACAAACAGTTGTCGT,17.013021,9.147725,8,T / NK,0.6453881461079718,CID44971-sample-proxy
CID44971_CACCACTGTCACAAGG,14.029505,6.8953037,10,T / NK,0.35721909436771326,CID44971-sample-proxy
CID44971_CACCACTGTTGCGCAC,15.249857,8.518122,8,T / NK,0.6453881461079718,CID44971-sample-proxy
CID44971_CACTCCAGTTTAGGAA,12.8384,7.1457095,10,T / NK,0.35721909436771326,CID44971-sample-proxy
CID44971_CAGAATCTCCTAAGTG,15.537511,6.610024,8,T / NK,0.6453881461079718,CID44971-sample-proxy
CID44971_CAGCCGATCATAAAGG,15.838783,8.650652,8,T / NK,0.6453881461079718,CID44971-sample-proxy
CID44971_CAGGTGCTCTTCTGGC,14.459633,8.284418,8,T / NK,0.6453881461079718,CID44971-sample-proxy
CID44971_CATCGGGGTCCTCTTG,14.09842,7.4513917,10,T / NK,0.35721909436771326,CID44971-sample-proxy
CID44971_CCAATCCTCGGTCCGA,12.084775,7.074908,10,T / NK,0.35721909436771326,CID44971-sample-proxy
CID44971_CCTAAAGAGCCGCCTA,12.663527,7.232371,10,T / NK,0.35721909436771326,CID44971-sample-proxy
CID44971_CCTACACGTTGGTAAA,13.980736,6.400297,10,T / NK,0.35721909436771326,CID44971-sample-proxy
CID44971_CCTCAGTAGTTCCACA,16.031343,6.877579,8,T / NK,0.6453881461079718,CID44971-sample-proxy
CID44971_CCTTCGAGTAGAGCTG,12.357163,7.6447268,10,T / NK,0.35721909436771326,CID44971-sample-proxy
CID44971_CCTTTCTCACATCCAA,13.145862,7.7292237,10,T / NK,0.35721909436771326,CID44971-sample-proxy
CID44971_CGCTGGATCGTCTGAA,12.322929,7.3491,10,T / NK,0.35721909436771326,CID44971-sample-proxy
CID44971_CGGACGTGTTCGCTAA,12.713282,7.1400967,10,T / NK,0.35721909436771326,CID44971-sample-proxy
CID44971_CGGACTGGTTCCAACA,17.281946,8.309521,8,T / NK,0.6453881461079718,CID44971-sample-proxy
CID44971_CGTCAGGCAAACCTAC,16.188334,7.2267594,8,T / NK,0.6453881461079718,CID44971-sample-proxy
CID44971_CGTTCTGCAAGACGTG,12.882215,7.7511497,10,T / NK,0.35721909436771326,CID44971-sample-proxy
CID44971_CGTTGGGCATGCATGT,15.948265,9.74684,8,T / NK,0.6453881461079718,CID44971-sample-proxy
CID44971_CTACCCACACGACTCG,12.912616,7.932593,10,T / NK,0.35721909436771326,CID44971-sample-proxy
CID44971_CTCAGAAGTGGTAACG,17.467876,9.360199,8,T / NK,0.6453881461079718,CID44971-sample-proxy
CID44971_CTGCGGAAGCGCCTCA,13.921469,7.1826634,10,T / NK,0.35721909436771326,CID44971-sample-proxy
CID44971_CTGTTTATCGATGAGG,13.961512,7.378907,10,T / NK,0.35721909436771326,CID44971-sample-proxy
CID44971_GAACCTACATTGGGCC,16.197165,7.7379427,8,T / NK,0.6453881461079718,CID44971-sample-proxy
CID44971_GACGGCTCATGTCCTC,12.970027,8.440649,10,T / NK,0.35721909436771326,CID44971-sample-proxy
CID44971_GAGGTGAGTATCTGCA,13.9796,9.203021,8,T / NK,0.6453881461079718,CID44971-sample-proxy
CID44971_GATCGATCAGCTTCGG,12.988561,7.6298003,10,T / NK,0.35721909436771326,CID44971-sample-proxy
CID44971_GATCTAGAGGTCGGAT,15.941239,9.520919,8,T / NK,0.6453881461079718,CID44971-sample-proxy
CID44971_GATGAGGAGTCGTACT,14.178717,9.896867,8,T / NK,0.6453881461079718,CID44971-sample-proxy
CID44971_GCACTCTCAGCCTGTG,15.651546,8.110305,8,T / NK,0.6453881461079718,CID44971-sample-proxy
CID44971_GCAGCCATCACATGCA,13.680947,6.9277883,10,T / NK,0.35721909436771326,CID44971-sample-proxy
CID44971_GCCTCTAAGAGTGACC,16.991146,8.424822,8,T / NK,0.6453881461079718,CID44971-sample-proxy
CID44971_GCTTCCAAGAAACCAT,16.857006,8.649936,8,T / NK,0.6453881461079718,CID44971-sample-proxy
CID44971_GGACAAGAGTCGTACT,14.140887,8.609051,8,T / NK,0.6453881461079718,CID44971-sample-proxy
CID44971_GGCAATTCATCCCATC,14.220901,9.8101425,8,T / NK,0.6453881461079718,CID44971-sample-proxy
CID44971_GTACTTTAGTGTACCT,12.229066,7.332335,10,T / NK,0.35721909436771326,CID44971-sample-proxy
CID44971_GTAGGCCGTGCGATAG,15.075901,6.0980763,8,T / NK,0.6453881461079718,CID44971-sample-proxy
CID44971_GTATTCTTCACATACG,16.367891,6.8583097,8,T / NK,0.6453881461079718,CID44971-sample-proxy
CID44971_GTCAAGTAGGTGCTTT,14.944968,9.593181,8,T / NK,0.6453881461079718,CID44971-sample-proxy
CID44971_GTCACAAAGTCTCGGC,15.183514,8.223436,8,T / NK,0.6453881461079718,CID44971-sample-proxy
CID44971_GTGTTAGGTCTTCGTC,13.436467,7.1165953,10,T / NK,0.35721909436771326,CID44971-sample-proxy
CID44971_TAGCCGGGTCTAGCCG,15.456355,8.211493,8,T / NK,0.6453881461079718,CID44971-sample-proxy
CID44971_TAGTGGTCACTATCTT,15.897888,7.200173,8,T / NK,0.6453881461079718,CID44971-sample-proxy
CID44971_TAGTGGTCATTGGCGC,17.37667,8.680777,8,T / NK,0.6453881461079718,CID44971-sample-proxy
CID44971_TAGTTGGGTGAAAGAG,15.193413,8.697902,8,T / NK,0.6453881461079718,CID44971-sample-proxy
CID44971_TAGTTGGGTGCATCTA,15.664257,8.98614,8,T / NK,0.6453881461079718,CID44971-sample-proxy
CID44971_TATCAGGCAAGGTTCT,14.47596,7.1769886,10,T / NK,0.35721909436771326,CID44971-sample-proxy
CID44971_TATCAGGGTAGGCTGA,16.391312,9.271404,8,T / NK,0.6453881461079718,CID44971-sample-proxy
CID44971_TATCAGGTCTTCAACT,14.016723,8.780951,8,T / NK,0.6453881461079718,CID44971-sample-proxy
CID44971_TCACAAGGTCTCTCGT,14.65234,9.104879,8,T / NK,0.6453881461079718,CID44971-sample-proxy
CID44971_TCAGCAATCTGGTGTA,13.202256,7.352394,10,T / NK,0.35721909436771326,CID44971-sample-proxy
CID44971_TCGCGTTGTAGGAGTC,13.53641,6.930124,10,T / NK,0.35721909436771326,CID44971-sample-proxy
CID44971_TGCACCTTCCGAAGAG,13.1937,9.972025,7,T / NK,1.4860313519878239,CID44971-sample-proxy
CID44971_TGCGGGTAGGCTCATT,14.800654,9.065794,8,T / NK,0.6453881461079718,CID44971-sample-proxy
CID44971_TGGGAAGCATTAGCCA,14.104881,9.105917,8,T / NK,0.6453881461079718,CID44971-sample-proxy
CID44971_TGGGCGTGTCCTCCAT,14.116048,9.713443,8,T / NK,0.6453881461079718,CID44971-sample-proxy
CID44971_TTAACTCCAAGACGTG,12.393266,7.720111,10,T / NK,0.35721909436771326,CID44971-sample-proxy
CID44971_TTAGGCACAGTAAGAT,12.671333,6.96355,10,T / NK,0.35721909436771326,CID44971-sample-proxy
CID44971_TTCTACAGTCTGCGGT,17.839159,5.655837,9,T / NK,0.7929964621147112,CID44971-sample-proxy
CID44971_TTCTCAAGTACCGAGA,13.18851,7.193661,10,T / NK,0.35721909436771326,CID44971-sample-proxy
CID44971_TTCTTAGAGTGGTAAT,13.37822,7.415244,10,T / NK,0.35721909436771326,CID44971-sample-proxy
CID44971_TTTGCGCCAAAGGAAG,13.667585,7.4276476,10,T / NK,0.35721909436771326,CID44971-sample-proxy
CID44971_AACCATGCACTGTTAG,15.861742,6.542375,8,T / NK,0.6453881461079718,CID44971-sample-proxy
CID44971_TAAGAGAGTCTCTTTA,16.81389,7.395746,8,T / NK,0.6453881461079718,CID44971-sample-proxy
CID44971_AAAGTAGAGGAGTACC,16.191011,7.995021,8,T / NK,0.6453881461079718,CID44971-sample-proxy
CID44971_AACCATGGTAATCACC,15.27804,8.3791485,8,T / NK,0.6453881461079718,CID44971-sample-proxy
CID44971_AACGTTGAGTGTGGCA,12.61115,8.886771,10,T / NK,0.35721909436771326,CID44971-sample-proxy
CID44971_ACACCGGCAAGACACG,17.402617,6.739159,8,T / NK,0.6453881461079718,CID44971-sample-proxy
CID44971_ACCCACTCAACAACCT,12.473347,7.762317,10,T / NK,0.35721909436771326,CID44971-sample-proxy
CID44971_ACGGCCAGTCACTGGC,18.041088,3.9259737,9,T / NK,0.7929964621147112,CID44971-sample-proxy
CID44971_ACGGGTCCATGCCACG,16.117792,9.30331,8,T / NK,0.6453881461079718,CID44971-sample-proxy
CID44971_AGAGCGAAGCAGCGTA,12.706005,6.8712573,10,T / NK,0.35721909436771326,CID44971-sample-proxy
CID44971_AGCTCCTTCTACTCAT,16.587189,9.499585,8,T / NK,0.6453881461079718,CID44971-sample-proxy
CID44971_AGGTCATCATCCGGGT,12.794734,7.9311595,10,T / NK,0.35721909436771326,CID44971-sample-proxy
CID44971_AGTGGGACATTGGTAC,14.466144,7.808758,8,T / NK,0.6453881461079718,CID44971-sample-proxy
CID44971_AGTGGGAGTCGGCACT,15.762968,8.4826565,8,T / NK,0.6453881461079718,CID44971-sample-proxy
CID44971_AGTGGGAGTGCTAGCC,17.05136,8.933288,8,T / NK,0.6453881461079718,CID44971-sample-proxy
CID44971_ATAACGCGTGGTTTCA,15.459913,9.100048,8,T / NK,0.6453881461079718,CID44971-sample-proxy
CID44971_ATCATGGGTTTCCACC,12.885415,6.545012,10,T / NK,0.35721909436771326,CID44971-sample-proxy
CID44971_ATCATGGTCATAAAGG,13.754852,6.784836,10,T / NK,0.35721909436771326,CID44971-sample-proxy
CID44971_ATCATGGTCTGTCAAG,15.5530615,7.5432343,8,T / NK,0.6453881461079718,CID44971-sample-proxy
CID44971_ATTCTACCAGTGACAG,16.555618,7.484119,8,T / NK,0.6453881461079718,CID44971-sample-proxy
CID44971_ATTCTACTCGCCTGTT,12.355388,6.8956795,10,T / NK,0.35721909436771326,CID44971-sample-proxy
CID44971_ATTGGTGTCAGGTTCA,16.969849,9.076924,8,T / NK,0.6453881461079718,CID44971-sample-proxy
CID44971_CACACCTTCCCAGGTG,15.8365345,10.279693,8,T / NK,0.6453881461079718,CID44971-sample-proxy
CID44971_CACCAGGAGGCCCTTG,12.691913,8.838831,10,T / NK,0.35721909436771326,CID44971-sample-proxy
CID44971_CACCTTGAGCAATCTC,12.618037,8.981753,10,T / NK,0.35721909436771326,CID44971-sample-proxy
CID44971_CAGAATCCAGTGGGAT,15.19472,7.039519,8,T / NK,0.6453881461079718,CID44971-sample-proxy
CID44971_CAGAGAGTCGGATGTT,12.586103,6.774524,10,T / NK,0.35721909436771326,CID44971-sample-proxy
CID44971_CAGAGAGTCGGGAGTA,15.6332,7.149201,8,T / NK,0.6453881461079718,CID44971-sample-proxy
CID44971_CAGCAGCGTAAATACG,13.010845,6.9662557,10,T / NK,0.35721909436771326,CID44971-sample-proxy
CID44971_CAGCATATCCGTAGGC,15.354356,8.634209,8,T / NK,0.6453881461079718,CID44971-sample-proxy
CID44971_CAGTAACAGATGCGAC,16.968,9.333285,8,T / NK,0.6453881461079718,CID44971-sample-proxy
CID44971_CAGTAACCATGTAGTC,14.142947,7.2496066,10,T / NK,0.35721909436771326,CID44971-sample-proxy
CID44971_CATCAAGGTAGCTAAA,16.092297,8.961017,8,T / NK,0.6453881461079718,CID44971-sample-proxy
CID44971_CATCGAAAGTGTGAAT,15.292921,8.260819,8,T / NK,0.6453881461079718,CID44971-sample-proxy
CID44971_CATGCCTCAACTGCGC,14.957925,8.916591,8,T / NK,0.6453881461079718,CID44971-sample-proxy
CID44971_CATGCCTCACTAAGTC,12.947296,7.182143,10,T / NK,0.35721909436771326,CID44971-sample-proxy
CID44971_CCACCTACACGGATAG,15.89209,9.163417,8,T / NK,0.6453881461079718,CID44971-sample-proxy
CID44971_CCATGTCAGGATCGCA,13.66258,8.211146,10,T / NK,0.35721909436771326,CID44971-sample-proxy
CID44971_CCCTCCTGTGACCAAG,16.364826,8.672624,8,T / NK,0.6453881461079718,CID44971-sample-proxy
CID44971_CCGGGATCAGTTCATG,15.09607,7.957993,8,T / NK,0.6453881461079718,CID44971-sample-proxy
CID44971_CCGGTAGGTCTCACCT,16.7134,8.501231,8,T / NK,0.6453881461079718,CID44971-sample-proxy
CID44971_CCGTGGACAACTGGCC,12.710944,7.058147,10,T / NK,0.35721909436771326,CID44971-sample-proxy
CID44971_CCGTGGACAAGTAGTA,12.99887,7.389175,10,T / NK,0.35721909436771326,CID44971-sample-proxy
CID44971_CCTAAAGAGAGATGAG,16.283634,9.090845,8,T / NK,0.6453881461079718,CID44971-sample-proxy
CID44971_CCTACCAAGCTGCCCA,13.214483,9.568538,6,T / NK,0.8618196133881085,CID44971-sample-proxy
CID44971_CCTCTGAAGTTTAGGA,16.068436,8.474356,8,T / NK,0.6453881461079718,CID44971-sample-proxy
CID44971_CCTTCCCGTCTAAACC,16.080204,9.376096,8,T / NK,0.6453881461079718,CID44971-sample-proxy
CID44971_CCTTCCCTCTCCAACC,14.318165,9.045316,8,T / NK,0.6453881461079718,CID44971-sample-proxy
CID44971_CGAATGTGTTCCTCCA,16.466099,9.467507,8,T / NK,0.6453881461079718,CID44971-sample-proxy
CID44971_CGAATGTTCATGGTCA,15.639254,7.9425707,8,T / NK,0.6453881461079718,CID44971-sample-proxy
CID44971_CGACTTCAGTTAGGTA,12.307654,6.9476213,10,T / NK,0.35721909436771326,CID44971-sample-proxy
CID44971_CGATCGGAGTGGCACA,14.962947,8.091369,8,T / NK,0.6453881461079718,CID44971-sample-proxy
CID44971_CGGACACAGAACTCGG,15.162063,7.8840294,8,T / NK,0.6453881461079718,CID44971-sample-proxy
CID44971_CGGACGTAGTACGACG,17.103802,7.6649027,8,T / NK,0.6453881461079718,CID44971-sample-proxy
CID44971_CGTGTCTGTTAAAGAC,12.312069,8.0014305,10,T / NK,0.35721909436771326,CID44971-sample-proxy
CID44971_CGTTAGAAGTACGACG,16.321453,8.258246,8,T / NK,0.6453881461079718,CID44971-sample-proxy
CID44971_CGTTAGAGTTGGACCC,16.10608,9.402241,8,T / NK,0.6453881461079718,CID44971-sample-proxy
CID44971_CGTTGGGCAAACTGTC,16.447721,9.263073,8,T / NK,0.6453881461079718,CID44971-sample-proxy
CID44971_CTACCCATCACGATGT,18.126827,5.2116165,9,T / NK,0.7929964621147112,CID44971-sample-proxy
CID44971_CTACGTCAGGGTGTTG,15.991508,8.9145565,8,T / NK,0.6453881461079718,CID44971-sample-proxy
CID44971_CTAGCCTTCAATACCG,15.9581995,6.963211,8,T / NK,0.6453881461079718,CID44971-sample-proxy
CID44971_CTCGGAGGTGGTCTCG,15.854814,6.5998926,8,T / NK,0.6453881461079718,CID44971-sample-proxy
CID44971_CTCTACGCATTAGCCA,15.652375,8.406166,8,T / NK,0.6453881461079718,CID44971-sample-proxy
CID44971_CTGATCCCAGCATGAG,15.53396,8.384677,8,T / NK,0.6453881461079718,CID44971-sample-proxy
CID44971_CTGTTTATCTCGAGTA,13.488763,9.343653,8,T / NK,0.6453881461079718,CID44971-sample-proxy
CID44971_GAATAAGTCGTCCGTT,12.574106,6.743335,10,T / NK,0.35721909436771326,CID44971-sample-proxy
CID44971_GACTAACTCACTCCTG,13.070376,7.4422092,10,T / NK,0.35721909436771326,CID44971-sample-proxy
CID44971_GACTACACACAGTCGC,13.119212,7.084467,10,T / NK,0.35721909436771326,CID44971-sample-proxy
CID44971_GATCAGTAGGGTATCG,15.507279,8.406058,8,T / NK,0.6453881461079718,CID44971-sample-proxy
CID44971_GATCTAGAGTGGTCCC,16.745264,8.383472,8,T / NK,0.6453881461079718,CID44971-sample-proxy
CID44971_GCGCCAACACGGCTAC,15.521266,7.6680713,8,T / NK,0.6453881461079718,CID44971-sample-proxy
CID44971_GCGCCAAGTCAAAGAT,17.114504,9.247251,8,T / NK,0.6453881461079718,CID44971-sample-proxy
CID44971_GCGCGATAGCCAACAG,12.58878,7.709639,10,T / NK,0.35721909436771326,CID44971-sample-proxy
CID44971_GCTGCAGAGTGAATTG,17.35455,6.414872,8,T / NK,0.6453881461079718,CID44971-sample-proxy
CID44971_GCTTGAACAGACTCGC,14.171095,9.06309,8,T / NK,0.6453881461079718,CID44971-sample-proxy
CID44971_GCTTGAATCCCAAGAT,15.110411,9.077173,8,T / NK,0.6453881461079718,CID44971-sample-proxy
CID44971_GGACAAGAGTGTGAAT,15.550562,8.072594,8,T / NK,0.6453881461079718,CID44971-sample-proxy
CID44971_GGCAATTTCTCTGTCG,12.530281,7.625377,10,T / NK,0.35721909436771326,CID44971-sample-proxy
CID44971_GGCCGATCAGGACCCT,12.6408415,7.844057,10,T / NK,0.35721909436771326,CID44971-sample-proxy
CID44971_GGGACCTAGTCCTCCT,16.616507,8.901903,8,T / NK,0.6453881461079718,CID44971-sample-proxy
CID44971_GGGACCTTCCCGGATG,15.827723,7.4822903,8,T / NK,0.6453881461079718,CID44971-sample-proxy
CID44971_GGGAGATTCACCTCGT,13.383778,6.9415336,10,T / NK,0.35721909436771326,CID44971-sample-proxy
CID44971_GGTATTGTCGTTTGCC,17.305557,8.40659,8,T / NK,0.6453881461079718,CID44971-sample-proxy
CID44971_GGTGCGTCAAGCCATT,14.608344,7.520735,8,T / NK,0.6453881461079718,CID44971-sample-proxy
CID44971_GTAACGTCAAGGCTCC,12.697998,6.747555,10,T / NK,0.35721909436771326,CID44971-sample-proxy
CID44971_GTACTCCGTTAGAACA,16.13804,8.251638,8,T / NK,0.6453881461079718,CID44971-sample-proxy
CID44971_GTATCTTAGCCGATTT,15.64931,7.332037,8,T / NK,0.6453881461079718,CID44971-sample-proxy
CID44971_GTATCTTCAGGGAGAG,15.427942,8.276876,8,T / NK,0.6453881461079718,CID44971-sample-proxy
CID44971_GTATCTTCATGCTAGT,15.969216,7.4349694,8,T / NK,0.6453881461079718,CID44971-sample-proxy
CID44971_GTATTCTAGCTAAACA,12.954367,8.775153,10,T / NK,0.35721909436771326,CID44971-sample-proxy
CID44971_GTCATTTAGGCCCGTT,15.31293,8.8543415,8,T / NK,0.6453881461079718,CID44971-sample-proxy
CID44971_GTCTTCGTCAGCATGT,16.464607,9.312265,8,T / NK,0.6453881461079718,CID44971-sample-proxy
CID44971_GTGCGGTAGAAGGGTA,16.044641,6.393079,8,T / NK,0.6453881461079718,CID44971-sample-proxy
CID44971_GTGGGTCGTTTCCACC,17.760414,8.842081,8,T / NK,0.6453881461079718,CID44971-sample-proxy
CID44971_GTGTTAGGTCAGAGGT,12.552367,8.708698,10,T / NK,0.35721909436771326,CID44971-sample-proxy
CID44971_GTTTCTAGTGAAAGAG,18.139664,5.062726,9,T / NK,0.7929964621147112,CID44971-sample-proxy
CID44971_TAAACCGAGCCACCTG,13.030272,7.883786,10,T / NK,0.35721909436771326,CID44971-sample-proxy
CID44971_TAAGAGAAGTTACGGG,14.322684,9.110855,8,T / NK,0.6453881461079718,CID44971-sample-proxy
CID44971_TACACGACACCGATAT,13.329128,7.040826,10,T / NK,0.35721909436771326,CID44971-sample-proxy
CID44971_TACGGTAAGACATAAC,16.383741,7.23489,8,T / NK,0.6453881461079718,CID44971-sample-proxy
CID44971_TACGGTAAGTGTCCAT,16.143795,9.019725,8,T / NK,0.6453881461079718,CID44971-sample-proxy
CID44971_TACGGTATCCTGTAGA,15.814725,7.6083636,8,T / NK,0.6453881461079718,CID44971-sample-proxy
CID44971_TAGACCAGTAGATTAG,15.628533,7.5053554,8,T / NK,0.6453881461079718,CID44971-sample-proxy
CID44971_TAGAGCTAGCGATATA,12.119199,7.040417,10,T / NK,0.35721909436771326,CID44971-sample-proxy
CID44971_TCACGAAGTAGGAGTC,15.578626,7.5827446,8,T / NK,0.6453881461079718,CID44971-sample-proxy
CID44971_TCAGCAAGTACGAAAT,15.9154415,9.470234,8,T / NK,0.6453881461079718,CID44971-sample-proxy
CID44971_TCAGGTACAAGCTGGA,16.184511,7.7909975,8,T / NK,0.6453881461079718,CID44971-sample-proxy
CID44971_TCCACACGTTCAGCGC,15.918472,7.61949,8,T / NK,0.6453881461079718,CID44971-sample-proxy
CID44971_TCGAGGCGTAGAGCTG,16.263556,7.2412806,8,T / NK,0.6453881461079718,CID44971-sample-proxy
CID44971_TCGCGAGGTGATAAAC,16.396074,8.925292,8,T / NK,0.6453881461079718,CID44971-sample-proxy
CID44971_TCGTACCTCTTTAGTC,13.441612,7.1957483,10,T / NK,0.35721909436771326,CID44971-sample-proxy
CID44971_TCTTTCCTCATGTAGC,16.754723,7.9716535,8,T / NK,0.6453881461079718,CID44971-sample-proxy
CID44971_TGACAACGTCGTGGCT,13.173384,7.5049443,10,T / NK,0.35721909436771326,CID44971-sample-proxy
CID44971_TGACTAGGTCAAACTC,16.0939,7.8566623,8,T / NK,0.6453881461079718,CID44971-sample-proxy
CID44971_TGACTTTTCTCGGACG,15.004075,8.36874,8,T / NK,0.6453881461079718,CID44971-sample-proxy
CID44971_TGAGCATGTACACCGC,16.364601,8.122486,8,T / NK,0.6453881461079718,CID44971-sample-proxy
CID44971_TGCACCTGTTGTCTTT,16.72594,9.583289,8,T / NK,0.6453881461079718,CID44971-sample-proxy
CID44971_TGCACCTTCACTCTTA,15.638819,8.82164,8,T / NK,0.6453881461079718,CID44971-sample-proxy
CID44971_TGCACCTTCTGTCCGT,12.560209,8.598992,10,T / NK,0.35721909436771326,CID44971-sample-proxy
CID44971_TGCTGCTTCCCTCTTT,16.256197,8.232415,8,T / NK,0.6453881461079718,CID44971-sample-proxy
CID44971_TGGCGCAGTGCAACTT,16.028679,7.99551,8,T / NK,0.6453881461079718,CID44971-sample-proxy
CID44971_TGGTTAGTCGATAGAA,16.604954,8.327505,8,T / NK,0.6453881461079718,CID44971-sample-proxy
CID44971_TTAGGACCAATAGCGG,15.473999,8.646746,8,T / NK,0.6453881461079718,CID44971-sample-proxy
CID44971_TTAGGCAAGACTTGAA,12.604658,6.7537055,10,T / NK,0.35721909436771326,CID44971-sample-proxy
CID44971_TTAGGCAGTAAGGGAA,12.646002,6.8853145,10,T / NK,0.35721909436771326,CID44971-sample-proxy
CID44971_TTAGGCATCGGGAGTA,15.156686,7.7553725,8,T / NK,0.6453881461079718,CID44971-sample-proxy
CID44971_TTATGCTAGTACGCCC,13.129015,6.678124,10,T / NK,0.35721909436771326,CID44971-sample-proxy
CID44971_TTCTTAGCACTGTTAG,15.915294,7.532513,8,T / NK,0.6453881461079718,CID44971-sample-proxy
CID44971_TTGCGTCTCGGAGCAA,12.462047,7.7804847,10,T / NK,0.35721909436771326,CID44971-sample-proxy
CID44971_TTGGAACCAAGTAATG,17.1185,8.87597,8,T / NK,0.6453881461079718,CID44971-sample-proxy
CID44971_TTGGCAAGTGTGTGCC,15.795686,7.3341045,8,T / NK,0.6453881461079718,CID44971-sample-proxy
CID44971_TTTCCTCGTCTCAACA,15.47202,8.826509,8,T / NK,0.6453881461079718,CID44971-sample-proxy
CID44971_TTTGGTTGTGAGCGAT,13.5224495,6.630654,10,T / NK,0.35721909436771326,CID44971-sample-proxy
CID44971_ATTGGACGTTAAGACA,15.39414,4.980285,11,T / NK,0.6277997926081639,CID44971-sample-proxy
CID44971_GGCTCGAGTCACCTAA,15.400586,5.0452704,11,T / NK,0.6277997926081639,CID44971-sample-proxy
CID44971_AAACGGGTCAGTTAGC,13.146071,9.947342,6,T / NK,0.8618196133881085,CID44971-sample-proxy
CID44971_ACATACGTCCGGGTGT,13.981548,10.115413,8,T / NK,0.6453881461079718,CID44971-sample-proxy
CID44971_CTCGGAGGTGATGTGG,12.901817,9.736072,7,T / NK,1.4860313519878239,CID44971-sample-proxy
CID44971_TAGTGGTAGAAACCTA,12.596816,10.964272,7,T / NK,1.4860313519878239,CID44971-sample-proxy
CID44971_GTGCATATCCGCGCAA,15.442395,9.348857,8,T / NK,0.6453881461079718,CID44971-sample-proxy
CID44971_TTCGGTCCACAGCCCA,13.545381,8.329756,10,T / NK,0.35721909436771326,CID44971-sample-proxy
CID44971_CCAGCGACAGTGGGAT,13.656894,9.786935,6,T / NK,0.8618196133881085,CID44971-sample-proxy
CID44971_CGCGTTTCAGCCTATA,14.254238,9.466505,8,T / NK,0.6453881461079718,CID44971-sample-proxy
CID44971_CGCGTTTGTAAGGGAA,14.001132,9.347647,8,T / NK,0.6453881461079718,CID44971-sample-proxy
CID44971_CTCATTAGTGTGCGTC,15.124779,7.417169,8,T / NK,0.6453881461079718,CID44971-sample-proxy
CID44971_GAAATGAGTGACAAAT,13.776104,7.612055,10,T / NK,0.35721909436771326,CID44971-sample-proxy
CID44971_GAATGAATCAGCACAT,12.733022,9.125112,10,T / NK,0.35721909436771326,CID44971-sample-proxy
CID44971_GACTAACAGGGTTCCC,13.782132,9.305906,8,T / NK,0.6453881461079718,CID44971-sample-proxy
CID44971_TACGGTAAGTGGAGTC,13.204879,9.797146,6,T / NK,0.8618196133881085,CID44971-sample-proxy
CID44971_TCCACACCAAGTAATG,13.444582,8.807432,10,T / NK,0.35721909436771326,CID44971-sample-proxy
CID44971_TCGGGACGTCAGAATA,14.13005,9.219136,8,T / NK,0.6453881461079718,CID44971-sample-proxy
CID44971_TTTGGTTGTAGCGTAG,14.355676,8.087866,8,T / NK,0.6453881461079718,CID44971-sample-proxy
CID44971_AAGGAGCAGTCTCGGC,16.197142,9.473196,8,T / NK,0.6453881461079718,CID44971-sample-proxy
CID44971_ACATGGTAGAGCAATT,13.305684,6.737989,10,T / NK,0.35721909436771326,CID44971-sample-proxy
CID44971_ACGATGTGTCGGCACT,12.962857,7.4872947,10,T / NK,0.35721909436771326,CID44971-sample-proxy
CID44971_CAACCAACATCGTCGG,14.599746,9.687056,8,T / NK,0.6453881461079718,CID44971-sample-proxy
CID44971_CAAGGCCAGTTGCAGG,15.660337,7.366377,8,T / NK,0.6453881461079718,CID44971-sample-proxy
CID44971_CACACAAGTTCGAATC,17.448994,6.6517715,8,T / NK,0.6453881461079718,CID44971-sample-proxy
CID44971_CACACTCGTTACGCGC,13.429637,6.443831,10,T / NK,0.35721909436771326,CID44971-sample-proxy
CID44971_CAGGTGCTCTGCCAGG,17.257214,9.222732,8,T / NK,0.6453881461079718,CID44971-sample-proxy
CID44971_CAGTAACAGACAGGCT,15.904708,9.10577,8,T / NK,0.6453881461079718,CID44971-sample-proxy
CID44971_CCATGTCGTTTAGCTG,13.832364,8.529735,10,T / NK,0.35721909436771326,CID44971-sample-proxy
CID44971_CCTTCCCTCAGAAATG,15.936458,9.60645,8,T / NK,0.6453881461079718,CID44971-sample-proxy
CID44971_CCTTTCTGTTTGACAC,13.244808,6.3952384,10,T / NK,0.35721909436771326,CID44971-sample-proxy
CID44971_CGCGGTATCCTATTCA,15.692181,9.274911,8,T / NK,0.6453881461079718,CID44971-sample-proxy
CID44971_CGCTGGAGTTGCCTCT,13.007522,7.3292866,10,T / NK,0.35721909436771326,CID44971-sample-proxy
CID44971_CGTCTACTCGGATGGA,15.622035,8.0917845,8,T / NK,0.6453881461079718,CID44971-sample-proxy
CID44971_CTGAAACCACCCTATC,15.753134,7.7437906,8,T / NK,0.6453881461079718,CID44971-sample-proxy
CID44971_CTGCGGATCGCCTGTT,15.861674,7.953764,8,T / NK,0.6453881461079718,CID44971-sample-proxy
CID44971_GAAACTCTCATGCAAC,16.408138,9.83202,8,T / NK,0.6453881461079718,CID44971-sample-proxy
CID44971_GAACATCTCGAACGGA,15.421256,8.155076,8,T / NK,0.6453881461079718,CID44971-sample-proxy
CID44971_GACGGCTCATCGGTTA,16.234142,6.9831586,8,T / NK,0.6453881461079718,CID44971-sample-proxy
CID44971_GACTACAAGTGTTGAA,17.157957,7.4335136,8,T / NK,0.6453881461079718,CID44971-sample-proxy
CID44971_GATCAGTCACGACGAA,14.229573,8.564049,8,T / NK,0.6453881461079718,CID44971-sample-proxy
CID44971_GCACTCTCAACTGCTA,14.359474,8.878818,8,T / NK,0.6453881461079718,CID44971-sample-proxy
CID44971_GCTGCAGAGATCGGGT,14.398412,9.619104,8,T / NK,0.6453881461079718,CID44971-sample-proxy
CID44971_GCTGCGACACTGTTAG,16.087996,9.526074,8,T / NK,0.6453881461079718,CID44971-sample-proxy
CID44971_GTACTCCGTAAGGATT,12.76849,6.8773017,10,T / NK,0.35721909436771326,CID44971-sample-proxy
CID44971_GTACTCCTCAGGCCCA,17.998962,8.793531,8,T / NK,0.6453881461079718,CID44971-sample-proxy
CID44971_GTCACAATCTACTATC,13.512336,6.3698115,10,T / NK,0.35721909436771326,CID44971-sample-proxy
CID44971_GTCCTCATCGTTGCCT,17.200651,9.099391,8,T / NK,0.6453881461079718,CID44971-sample-proxy
CID44971_GTGCGGTTCTCCGGTT,17.554804,8.307383,8,T / NK,0.6453881461079718,CID44971-sample-proxy
CID44971_TAGCCGGCAAGGACAC,16.324053,8.020497,8,T / NK,0.6453881461079718,CID44971-sample-proxy
CID44971_TCACGAAAGCGTAGTG,13.133112,6.490862,10,T / NK,0.35721909436771326,CID44971-sample-proxy
CID44971_TCTCTAACAAGACGTG,12.846567,6.672427,10,T / NK,0.35721909436771326,CID44971-sample-proxy
CID44971_TCTGAGAGTTGTGGCC,15.952391,8.348105,8,T / NK,0.6453881461079718,CID44971-sample-proxy
CID44971_TGAGCCGTCGCTTGTC,14.916776,7.9671764,8,T / NK,0.6453881461079718,CID44971-sample-proxy
CID44971_TTAACTCAGAATGTTG,14.308929,7.580822,10,T / NK,0.35721909436771326,CID44971-sample-proxy
CID44971_ACGGAGATCTTCCTTC,8.5238905,12.672045,6,T / NK,0.8618196133881085,CID44971-sample-proxy
CID44971_CGTTAGAAGCAAATCA,16.735012,7.517566,8,T / NK,0.6453881461079718,CID44971-sample-proxy
CID44971_GTAGGCCCACTTGGAT,14.321688,6.9641466,10,T / NK,0.35721909436771326,CID44971-sample-proxy
CID44971_CTCGAGGTCTCGTTTA,16.539064,7.3426466,8,T / NK,0.6453881461079718,CID44971-sample-proxy
CID44971_GGAACTTAGATCCCAT,16.078806,10.415513,8,T / NK,0.6453881461079718,CID44971-sample-proxy
CID44971_TGAAAGAGTAAGTGGC,16.156473,10.353677,8,T / NK,0.6453881461079718,CID44971-sample-proxy
CID44971_AAACCTGAGGTTCCTA,15.561522,7.5815706,8,T / NK,0.6453881461079718,CID44971-sample-proxy
CID44971_AAAGATGGTAAGGGAA,15.295303,9.366903,8,T / NK,0.6453881461079718,CID44971-sample-proxy
CID44971_AAAGATGGTTACGCGC,16.868687,8.522128,8,T / NK,0.6453881461079718,CID44971-sample-proxy
CID44971_AAAGTAGGTCTTCTCG,17.25024,7.449091,8,T / NK,0.6453881461079718,CID44971-sample-proxy
CID44971_AAATGCCCAGGGATTG,15.846674,8.264133,8,T / NK,0.6453881461079718,CID44971-sample-proxy
CID44971_AACCATGAGTTTCCTT,16.224638,8.782096,8,T / NK,0.6453881461079718,CID44971-sample-proxy
CID44971_AACCGCGTCTGGCGAC,16.973713,9.309984,8,T / NK,0.6453881461079718,CID44971-sample-proxy
CID44971_AACGTTGGTGTGAAAT,16.582468,7.461007,8,T / NK,0.6453881461079718,CID44971-sample-proxy
CID44971_AACTCAGAGAATGTGT,17.591587,7.849073,8,T / NK,0.6453881461079718,CID44971-sample-proxy
CID44971_AACTCAGGTTGTGGCC,17.005476,8.218942,8,T / NK,0.6453881461079718,CID44971-sample-proxy
CID44971_AACTCCCGTGTGCGTC,15.991756,7.9679112,8,T / NK,0.6453881461079718,CID44971-sample-proxy
CID44971_AACTGGTGTACCGCTG,16.747034,9.256796,8,T / NK,0.6453881461079718,CID44971-sample-proxy
CID44971_AACTGGTGTGTCTGAT,16.774282,7.11942,8,T / NK,0.6453881461079718,CID44971-sample-proxy
CID44971_AAGACCTAGCCCAACC,16.155857,8.638929,8,T / NK,0.6453881461079718,CID44971-sample-proxy
CID44971_AAGACCTCACTGAAGG,14.622482,9.222423,8,T / NK,0.6453881461079718,CID44971-sample-proxy
CID44971_AAGCCGCAGAATGTTG,17.371283,9.267727,8,T / NK,0.6453881461079718,CID44971-sample-proxy
CID44971_AAGCCGCGTACAGACG,17.475067,9.001137,8,T / NK,0.6453881461079718,CID44971-sample-proxy
CID44971_AAGGCAGGTTGGTTTG,15.229399,9.739918,8,T / NK,0.6453881461079718,CID44971-sample-proxy
CID44971_AAGGTTCTCTTTACGT,16.22328,5.964911,11,T / NK,0.6277997926081639,CID44971-sample-proxy
CID44971_AAGTCTGTCGCAAGCC,16.0515,7.770697,8,T / NK,0.6453881461079718,CID44971-sample-proxy
CID44971_AAGTCTGTCTAACTCT,16.50606,7.778801,8,T / NK,0.6453881461079718,CID44971-sample-proxy
CID44971_AATCCAGAGCTTCGCG,15.629427,8.249236,8,T / NK,0.6453881461079718,CID44971-sample-proxy
CID44971_AATCCAGTCCTGCAGG,16.038694,9.009264,8,T / NK,0.6453881461079718,CID44971-sample-proxy
CID44971_AATCGGTCACTGTCGG,14.249512,5.734834,10,T / NK,0.35721909436771326,CID44971-sample-proxy
CID44971_ACACCAAAGCTCCTTC,15.342139,9.064957,8,T / NK,0.6453881461079718,CID44971-sample-proxy
CID44971_ACACCAACAGCCTTGG,15.05483,9.646409,8,T / NK,0.6453881461079718,CID44971-sample-proxy
CID44971_ACACCCTAGGAGTTTA,15.254987,9.515297,8,T / NK,0.6453881461079718,CID44971-sample-proxy
CID44971_ACACCCTGTGCACTTA,15.630372,9.512105,8,T / NK,0.6453881461079718,CID44971-sample-proxy
CID44971_ACACTGAGTACACCGC,16.099571,7.4833727,8,T / NK,0.6453881461079718,CID44971-sample-proxy
CID44971_ACACTGATCCACGTGG,16.647148,7.988172,8,T / NK,0.6453881461079718,CID44971-sample-proxy
CID44971_ACACTGATCGTAGATC,17.690432,8.732021,8,T / NK,0.6453881461079718,CID44971-sample-proxy
CID44971_ACAGCTAGTTCTCATT,16.528856,7.0025244,8,T / NK,0.6453881461079718,CID44971-sample-proxy
CID44971_ACATCAGCAGATGGGT,18.101158,4.015294,9,T / NK,0.7929964621147112,CID44971-sample-proxy
CID44971_ACATCAGGTCTACCTC,16.26306,9.319009,8,T / NK,0.6453881461079718,CID44971-sample-proxy
CID44971_ACCAGTAAGGTGGGTT,13.744113,7.6923532,10,T / NK,0.35721909436771326,CID44971-sample-proxy
CID44971_ACCCACTGTGACTACT,17.249771,8.679438,8,T / NK,0.6453881461079718,CID44971-sample-proxy
CID44971_ACCGTAATCATGGTCA,15.486493,8.472267,8,T / NK,0.6453881461079718,CID44971-sample-proxy
CID44971_ACCTTTACATTCACTT,16.49408,7.7185407,8,T / NK,0.6453881461079718,CID44971-sample-proxy
CID44971_ACGAGCCGTTAAGAAC,15.177266,9.163387,8,T / NK,0.6453881461079718,CID44971-sample-proxy
CID44971_ACGAGGACATCTATGG,17.620203,6.6873093,8,T / NK,0.6453881461079718,CID44971-sample-proxy
CID44971_ACGAGGAGTGAAATCA,14.702892,9.212585,8,T / NK,0.6453881461079718,CID44971-sample-proxy
CID44971_ACGATACCATTCTCAT,17.64454,8.400478,8,T / NK,0.6453881461079718,CID44971-sample-proxy
CID44971_ACGATGTCATCGGTTA,16.956968,9.14266,8,T / NK,0.6453881461079718,CID44971-sample-proxy
CID44971_ACGCAGCGTGATAAAC,16.962059,9.348389,8,T / NK,0.6453881461079718,CID44971-sample-proxy
CID44971_ACGCAGCTCGCTTGTC,12.72025,6.7804604,10,T / NK,0.35721909436771326,CID44971-sample-proxy
CID44971_ACGCAGCTCGTTTATC,17.388988,8.30503,8,T / NK,0.6453881461079718,CID44971-sample-proxy
CID44971_ACGCCAGAGGGCATGT,17.601404,8.859249,8,T / NK,0.6453881461079718,CID44971-sample-proxy
CID44971_ACGCCAGCAATCCAAC,15.235726,8.825249,8,T / NK,0.6453881461079718,CID44971-sample-proxy
CID44971_ACGCCAGTCTAGAGTC,17.673738,9.117521,8,T / NK,0.6453881461079718,CID44971-sample-proxy
CID44971_ACGCCAGTCTTACCGC,12.747718,6.720082,10,T / NK,0.35721909436771326,CID44971-sample-proxy
CID44971_ACGCCGAGTCCGAGTC,16.692938,7.185691,8,T / NK,0.6453881461079718,CID44971-sample-proxy
CID44971_ACGGAGAAGCTGCGAA,18.126152,8.772968,8,T / NK,0.6453881461079718,CID44971-sample-proxy
CID44971_ACGGGCTCAAACTGTC,16.279285,8.54212,8,T / NK,0.6453881461079718,CID44971-sample-proxy
CID44971_ACGGGCTCAGGGTACA,16.277105,8.670198,8,T / NK,0.6453881461079718,CID44971-sample-proxy
CID44971_ACGGGTCAGCTCCCAG,14.691537,9.628819,8,T / NK,0.6453881461079718,CID44971-sample-proxy
CID44971_ACGGGTCGTAGAAAGG,17.896976,8.2343645,8,T / NK,0.6453881461079718,CID44971-sample-proxy
CID44971_ACGTCAAGTAACGACG,15.1675825,8.650963,8,T / NK,0.6453881461079718,CID44971-sample-proxy
CID44971_ACTATCTAGAGCTGGT,13.025016,7.183871,10,T / NK,0.35721909436771326,CID44971-sample-proxy
CID44971_ACTATCTCATAGACTC,13.477308,7.274979,10,T / NK,0.35721909436771326,CID44971-sample-proxy
CID44971_ACTATCTCATGTCTCC,15.512353,9.278628,8,T / NK,0.6453881461079718,CID44971-sample-proxy
CID44971_ACTATCTTCTGGCGTG,16.8187,7.4487605,8,T / NK,0.6453881461079718,CID44971-sample-proxy
CID44971_ACTGAACCATGACGGA,16.919998,8.264225,8,T / NK,0.6453881461079718,CID44971-sample-proxy
CID44971_ACTGCTCAGTGGAGTC,16.201931,8.034965,8,T / NK,0.6453881461079718,CID44971-sample-proxy
CID44971_ACTGCTCGTGACTACT,17.480934,8.30552,8,T / NK,0.6453881461079718,CID44971-sample-proxy
CID44971_ACTTACTGTAGTACCT,16.603,9.248357,8,T / NK,0.6453881461079718,CID44971-sample-proxy
CID44971_ACTTACTTCTGGTTCC,16.901077,8.385883,8,T / NK,0.6453881461079718,CID44971-sample-proxy
CID44971_ACTTGTTAGGCCCTCA,16.545734,8.344535,8,T / NK,0.6453881461079718,CID44971-sample-proxy
CID44971_ACTTTCAAGTACGTTC,17.20673,7.946597,8,T / NK,0.6453881461079718,CID44971-sample-proxy
CID44971_AGAATAGCAGACAAAT,18.087217,8.606751,8,T / NK,0.6453881461079718,CID44971-sample-proxy
CID44971_AGAATAGTCTTGACGA,16.235325,9.726681,8,T / NK,0.6453881461079718,CID44971-sample-proxy
CID44971_AGACGTTCACGTCTCT,15.698426,8.406045,8,T / NK,0.6453881461079718,CID44971-sample-proxy
CID44971_AGAGCTTCAGATCCAT,15.7059965,8.298243,8,T / NK,0.6453881461079718,CID44971-sample-proxy
CID44971_AGAGCTTGTAAATGAC,17.745827,8.648774,8,T / NK,0.6453881461079718,CID44971-sample-proxy
CID44971_AGAGTGGAGCTACCGC,15.701245,8.535037,8,T / NK,0.6453881461079718,CID44971-sample-proxy
CID44971_AGAGTGGGTGCTGTAT,16.504066,7.3668537,8,T / NK,0.6453881461079718,CID44971-sample-proxy
CID44971_AGATTGCCAATCTGCA,15.959506,7.022818,8,T / NK,0.6453881461079718,CID44971-sample-proxy
CID44971_AGCAGCCTCAGTGTTG,16.582167,6.491212,8,T / NK,0.6453881461079718,CID44971-sample-proxy
CID44971_AGCATACAGGGTTCCC,16.664064,8.785939,8,T / NK,0.6453881461079718,CID44971-sample-proxy
CID44971_AGCCTAAAGCTAAACA,17.468094,8.482842,8,T / NK,0.6453881461079718,CID44971-sample-proxy
CID44971_AGCCTAAGTACTTAGC,15.303712,8.595678,8,T / NK,0.6453881461079718,CID44971-sample-proxy
CID44971_AGCCTAAGTCAACTGT,15.895216,8.061321,8,T / NK,0.6453881461079718,CID44971-sample-proxy
CID44971_AGCCTAATCGTGACAT,17.401802,7.505429,8,T / NK,0.6453881461079718,CID44971-sample-proxy
CID44971_AGCGGTCCATCGGTTA,16.099787,8.867815,8,T / NK,0.6453881461079718,CID44971-sample-proxy
CID44971_AGCGGTCTCCACGACG,16.471653,9.18377,8,T / NK,0.6453881461079718,CID44971-sample-proxy
CID44971_AGCGTATAGCAGGCTA,16.982609,9.0255375,8,T / NK,0.6453881461079718,CID44971-sample-proxy
CID44971_AGCGTATCACCAGGCT,12.707111,6.804976,10,T / NK,0.35721909436771326,CID44971-sample-proxy
CID44971_AGCGTCGCAAAGGAAG,16.137531,8.092966,8,T / NK,0.6453881461079718,CID44971-sample-proxy
CID44971_AGCTCCTAGACATAAC,17.864662,8.0029125,8,T / NK,0.6453881461079718,CID44971-sample-proxy
CID44971_AGCTCCTAGATCACGG,15.424973,7.924852,8,T / NK,0.6453881461079718,CID44971-sample-proxy
CID44971_AGCTTGAGTTGTGGAG,18.03132,9.063165,8,T / NK,0.6453881461079718,CID44971-sample-proxy
CID44971_AGGCCACGTGCTTCTC,16.289856,9.6882925,8,T / NK,0.6453881461079718,CID44971-sample-proxy
CID44971_AGGGAGTGTGGACGAT,16.79293,7.630871,8,T / NK,0.6453881461079718,CID44971-sample-proxy
CID44971_AGGGAGTTCGGAGGTA,12.960122,6.5874386,10,T / NK,0.35721909436771326,CID44971-sample-proxy
CID44971_AGGGATGGTCATGCAT,17.083336,7.969758,8,T / NK,0.6453881461079718,CID44971-sample-proxy
CID44971_AGGGATGGTCTCTCTG,17.70117,7.925641,8,T / NK,0.6453881461079718,CID44971-sample-proxy
CID44971_AGGGTGAAGGCTACGA,16.71002,7.2506714,8,T / NK,0.6453881461079718,CID44971-sample-proxy
CID44971_AGGGTGACAAGCGCTC,16.80606,7.563761,8,T / NK,0.6453881461079718,CID44971-sample-proxy
CID44971_AGGTCATCACCTATCC,18.145817,4.6507535,9,T / NK,0.7929964621147112,CID44971-sample-proxy
CID44971_AGGTCCGAGAGTGAGA,17.54271,8.557951,8,T / NK,0.6453881461079718,CID44971-sample-proxy
CID44971_AGGTCCGCACCAGGCT,15.029116,7.7174067,8,T / NK,0.6453881461079718,CID44971-sample-proxy
CID44971_AGGTCCGGTCATATGC,16.921963,8.282795,8,T / NK,0.6453881461079718,CID44971-sample-proxy
CID44971_AGTAGTCAGCTACCGC,18.031721,8.380286,8,T / NK,0.6453881461079718,CID44971-sample-proxy
CID44971_AGTAGTCGTAGCACGA,12.74176,7.708392,10,T / NK,0.35721909436771326,CID44971-sample-proxy
CID44971_AGTGAGGAGGGTGTTG,13.89178,8.936486,8,T / NK,0.6453881461079718,CID44971-sample-proxy
CID44971_AGTGAGGAGTCCGTAT,17.620039,9.060201,8,T / NK,0.6453881461079718,CID44971-sample-proxy
CID44971_AGTGAGGCATGCGCAC,16.709291,7.123245,8,T / NK,0.6453881461079718,CID44971-sample-proxy
CID44971_AGTGAGGCATTGCGGC,16.37992,7.0122743,8,T / NK,0.6453881461079718,CID44971-sample-proxy
CID44971_AGTGAGGGTCCAAGTT,17.026741,8.088383,8,T / NK,0.6453881461079718,CID44971-sample-proxy
CID44971_AGTGAGGGTCTGATCA,15.02599,9.53716,8,T / NK,0.6453881461079718,CID44971-sample-proxy
CID44971_AGTGGGACATGTCTCC,16.243498,7.791919,8,T / NK,0.6453881461079718,CID44971-sample-proxy
CID44971_AGTGTCAAGAGTAATC,16.54104,7.855615,8,T / NK,0.6453881461079718,CID44971-sample-proxy
CID44971_AGTGTCACAATCAGAA,16.585346,7.8564167,8,T / NK,0.6453881461079718,CID44971-sample-proxy
CID44971_AGTTGGTCAGCTTAAC,18.291294,8.63175,8,T / NK,0.6453881461079718,CID44971-sample-proxy
CID44971_AGTTGGTGTATTCTCT,16.929146,8.096124,8,T / NK,0.6453881461079718,CID44971-sample-proxy
CID44971_AGTTGGTTCACCATAG,16.688509,6.862084,8,T / NK,0.6453881461079718,CID44971-sample-proxy
CID44971_ATAACGCAGCGTCTAT,17.790432,7.9741683,8,T / NK,0.6453881461079718,CID44971-sample-proxy
CID44971_ATAACGCCAGTCACTA,13.668646,7.5807333,10,T / NK,0.35721909436771326,CID44971-sample-proxy
CID44971_ATAAGAGGTCGGATCC,13.109229,7.4510875,10,T / NK,0.35721909436771326,CID44971-sample-proxy
CID44971_ATAAGAGTCTGTACGA,17.119356,9.336992,8,T / NK,0.6453881461079718,CID44971-sample-proxy
CID44971_ATCACGACACGGTAAG,16.154234,7.9886556,8,T / NK,0.6453881461079718,CID44971-sample-proxy
CID44971_ATCACGACAGTATAAG,14.437195,7.4800873,10,T / NK,0.35721909436771326,CID44971-sample-proxy
CID44971_ATCACGATCCTCAATT,16.657164,8.499827,8,T / NK,0.6453881461079718,CID44971-sample-proxy
CID44971_ATCATCTAGTGTACGG,12.76186,6.605139,10,T / NK,0.35721909436771326,CID44971-sample-proxy
CID44971_ATCCACCCATGCTGGC,15.880136,8.016944,8,T / NK,0.6453881461079718,CID44971-sample-proxy
CID44971_ATCCGAAAGGGTTCCC,16.236973,7.1377606,8,T / NK,0.6453881461079718,CID44971-sample-proxy
CID44971_ATCCGAAAGTGAAGAG,15.411379,7.87562,8,T / NK,0.6453881461079718,CID44971-sample-proxy
CID44971_ATCCGAAGTATTACCG,17.171564,8.979041,8,T / NK,0.6453881461079718,CID44971-sample-proxy
CID44971_ATGAGGGAGCCCGAAA,15.648545,5.9161906,8,T / NK,0.6453881461079718,CID44971-sample-proxy
CID44971_ATGAGGGCAATGTAAG,17.334562,7.9708767,8,T / NK,0.6453881461079718,CID44971-sample-proxy
CID44971_ATGTGTGAGCGAAGGG,12.929985,6.8798256,10,T / NK,0.35721909436771326,CID44971-sample-proxy
CID44971_ATGTGTGAGCGTTTAC,16.466806,8.543022,8,T / NK,0.6453881461079718,CID44971-sample-proxy
CID44971_ATGTGTGGTCAAAGCG,16.709263,9.173628,8,T / NK,0.6453881461079718,CID44971-sample-proxy
CID44971_ATGTGTGGTTTAGCTG,17.458677,8.806862,8,T / NK,0.6453881461079718,CID44971-sample-proxy
CID44971_ATGTGTGTCTTGGGTA,16.970554,8.742332,8,T / NK,0.6453881461079718,CID44971-sample-proxy
CID44971_ATTATCCGTGACCAAG,15.554589,8.146123,8,T / NK,0.6453881461079718,CID44971-sample-proxy
CID44971_ATTATCCTCAGCTGGC,17.965662,9.211241,8,T / NK,0.6453881461079718,CID44971-sample-proxy
CID44971_ATTCTACCAAGCTGGA,16.494062,9.319836,8,T / NK,0.6453881461079718,CID44971-sample-proxy
CID44971_ATTCTACGTAGCGCAA,15.804626,6.439199,8,T / NK,0.6453881461079718,CID44971-sample-proxy
CID44971_ATTGGACTCACAAACC,16.284456,9.006856,8,T / NK,0.6453881461079718,CID44971-sample-proxy
CID44971_ATTGGACTCTATGTGG,16.545095,8.245972,8,T / NK,0.6453881461079718,CID44971-sample-proxy
CID44971_ATTTCTGAGATACACA,14.609667,9.077306,8,T / NK,0.6453881461079718,CID44971-sample-proxy
CID44971_ATTTCTGCATACAGCT,16.4654,7.8256016,8,T / NK,0.6453881461079718,CID44971-sample-proxy
CID44971_ATTTCTGGTGTGAAAT,17.543354,8.867412,8,T / NK,0.6453881461079718,CID44971-sample-proxy
CID44971_CAACCAAAGTGTCTCA,17.392813,8.684848,8,T / NK,0.6453881461079718,CID44971-sample-proxy
CID44971_CAACCAACAAGTAATG,18.238197,8.152349,8,T / NK,0.6453881461079718,CID44971-sample-proxy
CID44971_CAACCAAGTTGATTGC,15.400446,8.050276,8,T / NK,0.6453881461079718,CID44971-sample-proxy
CID44971_CAACCAATCTGCTGCT,16.436762,7.449476,8,T / NK,0.6453881461079718,CID44971-sample-proxy
CID44971_CAACCTCTCCACGAAT,17.05764,7.9572673,8,T / NK,0.6453881461079718,CID44971-sample-proxy
CID44971_CAACTAGCAACGATCT,16.495335,9.286305,8,T / NK,0.6453881461079718,CID44971-sample-proxy
CID44971_CAACTAGCAGAAGCAC,16.9747,7.9710784,8,T / NK,0.6453881461079718,CID44971-sample-proxy
CID44971_CAACTAGGTTTAGCTG,16.417583,9.777543,8,T / NK,0.6453881461079718,CID44971-sample-proxy
CID44971_CAAGAAAGTACCCAAT,16.159643,6.5632486,8,T / NK,0.6453881461079718,CID44971-sample-proxy
CID44971_CAAGATCAGTTTCCTT,15.928846,5.88711,8,T / NK,0.6453881461079718,CID44971-sample-proxy
CID44971_CAAGATCTCAGAGACG,15.155491,8.812033,8,T / NK,0.6453881461079718,CID44971-sample-proxy
CID44971_CAAGATCTCTCGAGTA,13.960462,7.3979754,10,T / NK,0.35721909436771326,CID44971-sample-proxy
CID44971_CAAGGCCAGACTAGAT,16.616117,6.960907,8,T / NK,0.6453881461079718,CID44971-sample-proxy
CID44971_CACAAACGTAGGACAC,13.780588,7.987281,10,T / NK,0.35721909436771326,CID44971-sample-proxy
CID44971_CACACAAAGAGTGAGA,16.00929,8.894672,8,T / NK,0.6453881461079718,CID44971-sample-proxy
CID44971_CACACAAGTCAGAGGT,17.4778,8.169228,8,T / NK,0.6453881461079718,CID44971-sample-proxy
CID44971_CACACAATCTCTAAGG,15.603894,8.374338,8,T / NK,0.6453881461079718,CID44971-sample-proxy
CID44971_CACACCTCACAAGCCC,13.995173,6.79218,10,T / NK,0.35721909436771326,CID44971-sample-proxy
CID44971_CACACCTGTGAGCGAT,16.798971,8.776311,8,T / NK,0.6453881461079718,CID44971-sample-proxy
CID44971_CACAGGCAGGGAGTAA,16.789312,8.392758,8,T / NK,0.6453881461079718,CID44971-sample-proxy
CID44971_CACAGTAAGCCTTGAT,16.377289,9.201166,8,T / NK,0.6453881461079718,CID44971-sample-proxy
CID44971_CACATAGAGCGTGAAC,15.693476,9.261948,8,T / NK,0.6453881461079718,CID44971-sample-proxy
CID44971_CACATAGCAACAACCT,12.388529,6.7651777,10,T / NK,0.35721909436771326,CID44971-sample-proxy
CID44971_CACATTTCAGGTGCCT,15.647231,7.7868443,8,T / NK,0.6453881461079718,CID44971-sample-proxy
CID44971_CACATTTGTAGAAGGA,16.983994,7.6933136,8,T / NK,0.6453881461079718,CID44971-sample-proxy
CID44971_CACCACTCATCTGGTA,12.967302,7.163104,10,T / NK,0.35721909436771326,CID44971-sample-proxy
CID44971_CACCAGGAGACGCACA,16.107239,8.785198,8,T / NK,0.6453881461079718,CID44971-sample-proxy
CID44971_CACCAGGGTACGCTGC,18.118904,8.303061,8,T / NK,0.6453881461079718,CID44971-sample-proxy
CID44971_CACCAGGTCTTGCAAG,17.872948,7.392631,8,T / NK,0.6453881461079718,CID44971-sample-proxy
CID44971_CACCTTGTCTCGTATT,12.946154,6.641611,10,T / NK,0.35721909436771326,CID44971-sample-proxy
CID44971_CACTCCAGTATTAGCC,16.626486,6.700266,8,T / NK,0.6453881461079718,CID44971-sample-proxy
CID44971_CACTCCATCGTCTGCT,13.867698,7.2714357,10,T / NK,0.35721909436771326,CID44971-sample-proxy
CID44971_CAGAATCGTAAACCTC,16.177011,8.321513,8,T / NK,0.6453881461079718,CID44971-sample-proxy
CID44971_CAGATCAGTAACGACG,17.943739,8.7230015,8,T / NK,0.6453881461079718,CID44971-sample-proxy
CID44971_CAGATCAGTGAACCTT,14.578537,9.590718,8,T / NK,0.6453881461079718,CID44971-sample-proxy
CID44971_CAGATCATCACTTCAT,15.004416,8.652821,8,T / NK,0.6453881461079718,CID44971-sample-proxy
CID44971_CAGCATAAGACAGACC,16.133368,7.409335,8,T / NK,0.6453881461079718,CID44971-sample-proxy
CID44971_CAGCATAAGGACCACA,17.03121,8.139536,8,T / NK,0.6453881461079718,CID44971-sample-proxy
CID44971_CAGCCGATCACTTACT,13.575237,7.056725,10,T / NK,0.35721909436771326,CID44971-sample-proxy
CID44971_CAGCGACGTTGGAGGT,17.35725,9.033708,8,T / NK,0.6453881461079718,CID44971-sample-proxy
CID44971_CAGCGACTCGCCGTGA,17.434736,8.5241,8,T / NK,0.6453881461079718,CID44971-sample-proxy
CID44971_CAGCGACTCTGCGGCA,15.842011,8.047731,8,T / NK,0.6453881461079718,CID44971-sample-proxy
CID44971_CAGCTAAAGTTAACGA,16.936804,7.781554,8,T / NK,0.6453881461079718,CID44971-sample-proxy
CID44971_CAGCTAATCGGCTACG,17.68281,7.910507,8,T / NK,0.6453881461079718,CID44971-sample-proxy
CID44971_CAGGTGCAGACTTTCG,13.6283655,7.890505,10,T / NK,0.35721909436771326,CID44971-sample-proxy
CID44971_CAGGTGCAGCAGGTCA,16.125025,8.841612,8,T / NK,0.6453881461079718,CID44971-sample-proxy
CID44971_CAGGTGCTCACGCGGT,16.013643,8.920581,8,T / NK,0.6453881461079718,CID44971-sample-proxy
CID44971_CAGTAACGTTCGCGAC,16.63574,6.85085,8,T / NK,0.6453881461079718,CID44971-sample-proxy
CID44971_CATATGGTCGGTCCGA,16.774054,9.4417305,8,T / NK,0.6453881461079718,CID44971-sample-proxy
CID44971_CATCGAATCGTAGATC,16.68347,9.457216,8,T / NK,0.6453881461079718,CID44971-sample-proxy
CID44971_CATGGCGCAGCATACT,16.12041,8.647655,8,T / NK,0.6453881461079718,CID44971-sample-proxy
CID44971_CATGGCGGTTCCTCCA,16.369965,6.6721773,8,T / NK,0.6453881461079718,CID44971-sample-proxy
CID44971_CCACGGAAGATACACA,16.54833,6.4616265,8,T / NK,0.6453881461079718,CID44971-sample-proxy
CID44971_CCACGGATCCATGCTC,17.946701,8.131204,8,T / NK,0.6453881461079718,CID44971-sample-proxy
CID44971_CCACGGATCTGCCCTA,15.906628,7.8844943,8,T / NK,0.6453881461079718,CID44971-sample-proxy
CID44971_CCAGCGACACCCAGTG,17.220097,8.106544,8,T / NK,0.6453881461079718,CID44971-sample-proxy
CID44971_CCAGCGATCAGAGGTG,17.962805,8.528459,8,T / NK,0.6453881461079718,CID44971-sample-proxy
CID44971_CCATGTCAGTGTCCAT,15.46798,9.083722,8,T / NK,0.6453881461079718,CID44971-sample-proxy
CID44971_CCATTCGCACGCGAAA,17.013445,8.534955,8,T / NK,0.6453881461079718,CID44971-sample-proxy
CID44971_CCCAATCAGCTGCGAA,16.466557,8.346649,8,T / NK,0.6453881461079718,CID44971-sample-proxy
CID44971_CCCAATCCACCGGAAA,17.101442,7.7625628,8,T / NK,0.6453881461079718,CID44971-sample-proxy
CID44971_CCCAATCTCGCCCTTA,18.056831,9.051616,8,T / NK,0.6453881461079718,CID44971-sample-proxy
CID44971_CCCAGTTGTCAGAGGT,17.11574,8.006315,8,T / NK,0.6453881461079718,CID44971-sample-proxy
CID44971_CCCAGTTTCTTCGAGA,16.539316,7.9897695,8,T / NK,0.6453881461079718,CID44971-sample-proxy
CID44971_CCGGGATTCCCTCTTT,16.912848,7.5288334,8,T / NK,0.6453881461079718,CID44971-sample-proxy
CID44971_CCGGTAGCATGCGCAC,12.947252,6.6142735,10,T / NK,0.35721909436771326,CID44971-sample-proxy
CID44971_CCGGTAGGTAGGCATG,17.186918,8.098498,8,T / NK,0.6453881461079718,CID44971-sample-proxy
CID44971_CCGGTAGTCTGGTTCC,17.750788,8.194589,8,T / NK,0.6453881461079718,CID44971-sample-proxy
CID44971_CCGTGGAGTCATATCG,17.348246,7.8270836,8,T / NK,0.6453881461079718,CID44971-sample-proxy
CID44971_CCGTTCAAGCACCGTC,16.24665,7.9574933,8,T / NK,0.6453881461079718,CID44971-sample-proxy
CID44971_CCTAAAGGTCTTCGTC,14.674396,9.0314045,8,T / NK,0.6453881461079718,CID44971-sample-proxy
CID44971_CCTAAAGGTTGAACTC,16.854944,8.313143,8,T / NK,0.6453881461079718,CID44971-sample-proxy
CID44971_CCTACACAGTTCCACA,16.631298,8.613536,8,T / NK,0.6453881461079718,CID44971-sample-proxy
CID44971_CCTACACGTTACAGAA,17.283459,8.796048,8,T / NK,0.6453881461079718,CID44971-sample-proxy
CID44971_CCTACCAAGCCCAACC,16.60548,7.4226966,8,T / NK,0.6453881461079718,CID44971-sample-proxy
CID44971_CCTACCACAATCGGTT,16.342115,7.2700276,8,T / NK,0.6453881461079718,CID44971-sample-proxy
CID44971_CCTACCATCTGTCTCG,17.87334,8.662178,8,T / NK,0.6453881461079718,CID44971-sample-proxy
CID44971_CCTAGCTTCTACTCAT,16.438946,8.390917,8,T / NK,0.6453881461079718,CID44971-sample-proxy
CID44971_CCTAGCTTCTATCCTA,14.195758,9.368877,8,T / NK,0.6453881461079718,CID44971-sample-proxy
CID44971_CCTATTACAGCTTCGG,17.131575,8.698309,8,T / NK,0.6453881461079718,CID44971-sample-proxy
CID44971_CCTCAGTGTGCGCTTG,16.89768,8.256229,8,T / NK,0.6453881461079718,CID44971-sample-proxy
CID44971_CCTCTGACAATAACGA,15.382262,8.274429,8,T / NK,0.6453881461079718,CID44971-sample-proxy
CID44971_CCTCTGATCAAAGTAG,17.950275,8.216173,8,T / NK,0.6453881461079718,CID44971-sample-proxy
CID44971_CCTTACGAGCGATCCC,16.015818,6.731161,8,T / NK,0.6453881461079718,CID44971-sample-proxy
CID44971_CCTTACGAGCTGTCTA,18.119421,8.481773,8,T / NK,0.6453881461079718,CID44971-sample-proxy
CID44971_CCTTACGCAAGCTGTT,16.120367,8.551481,8,T / NK,0.6453881461079718,CID44971-sample-proxy
CID44971_CCTTCGAAGACAGAGA,15.780437,7.7689304,8,T / NK,0.6453881461079718,CID44971-sample-proxy
CID44971_CCTTCGACACGAAACG,12.711669,7.7693667,10,T / NK,0.35721909436771326,CID44971-sample-proxy
CID44971_CCTTCGATCATGTAGC,15.28509,9.6863785,8,T / NK,0.6453881461079718,CID44971-sample-proxy
CID44971_CGAACATAGCTAGTTC,15.591363,9.764387,8,T / NK,0.6453881461079718,CID44971-sample-proxy
CID44971_CGAATGTAGTCGTACT,16.547651,9.044693,8,T / NK,0.6453881461079718,CID44971-sample-proxy
CID44971_CGAATGTCATATACCG,18.21432,4.859974,9,T / NK,0.7929964621147112,CID44971-sample-proxy
CID44971_CGAATGTCATTAGGCT,15.8322935,5.9208555,11,T / NK,0.6277997926081639,CID44971-sample-proxy
CID44971_CGAATGTGTGAGCGAT,16.977549,8.651058,8,T / NK,0.6453881461079718,CID44971-sample-proxy
CID44971_CGACTTCAGACCTAGG,17.025263,8.377733,8,T / NK,0.6453881461079718,CID44971-sample-proxy
CID44971_CGACTTCCATTACCTT,15.674736,7.975038,8,T / NK,0.6453881461079718,CID44971-sample-proxy
CID44971_CGAGAAGCAAGTTCTG,17.475689,7.95713,8,T / NK,0.6453881461079718,CID44971-sample-proxy
CID44971_CGAGAAGGTACAGTTC,14.79028,9.462295,8,T / NK,0.6453881461079718,CID44971-sample-proxy
CID44971_CGAGAAGTCAGTCCCT,17.155874,8.200856,8,T / NK,0.6453881461079718,CID44971-sample-proxy
CID44971_CGAGCACAGGACTGGT,13.250841,7.319166,10,T / NK,0.35721909436771326,CID44971-sample-proxy
CID44971_CGAGCACTCATACGGT,17.2658,8.087569,8,T / NK,0.6453881461079718,CID44971-sample-proxy
CID44971_CGAGCCACATATGAGA,17.731422,7.8381386,8,T / NK,0.6453881461079718,CID44971-sample-proxy
CID44971_CGAGCCAGTGGCCCTA,16.925104,7.880954,8,T / NK,0.6453881461079718,CID44971-sample-proxy
CID44971_CGAGCCATCAATCTCT,15.546385,7.9058857,8,T / NK,0.6453881461079718,CID44971-sample-proxy
CID44971_CGAGCCATCGCATGAT,16.634745,9.469929,8,T / NK,0.6453881461079718,CID44971-sample-proxy
CID44971_CGATCGGGTCCATGAT,14.808544,7.718687,8,T / NK,0.6453881461079718,CID44971-sample-proxy
CID44971_CGATGGCCACAAGTAA,17.714642,8.996119,8,T / NK,0.6453881461079718,CID44971-sample-proxy
CID44971_CGATGGCCATAGAAAC,18.057257,8.521282,8,T / NK,0.6453881461079718,CID44971-sample-proxy
CID44971_CGATGTAAGATCCTGT,18.119287,8.33501,8,T / NK,0.6453881461079718,CID44971-sample-proxy
CID44971_CGATGTACAAGTACCT,15.74858,9.426562,8,T / NK,0.6453881461079718,CID44971-sample-proxy
CID44971_CGATGTAGTAGTACCT,14.737888,9.263344,8,T / NK,0.6453881461079718,CID44971-sample-proxy
CID44971_CGATGTAGTTAAAGTG,13.212752,7.4787655,10,T / NK,0.35721909436771326,CID44971-sample-proxy
CID44971_CGATGTAGTTCTGAAC,13.08621,6.982335,10,T / NK,0.35721909436771326,CID44971-sample-proxy
CID44971_CGATGTATCACATAGC,17.122755,8.714982,8,T / NK,0.6453881461079718,CID44971-sample-proxy
CID44971_CGATTGACAGGTCTCG,17.764755,7.675528,8,T / NK,0.6453881461079718,CID44971-sample-proxy
CID44971_CGCCAAGAGTCTCGGC,16.578339,9.320375,8,T / NK,0.6453881461079718,CID44971-sample-proxy
CID44971_CGCCAAGGTCCAGTGC,15.228848,7.4926243,8,T / NK,0.6453881461079718,CID44971-sample-proxy
CID44971_CGCGGTAGTCTTGCGG,17.623755,9.081364,8,T / NK,0.6453881461079718,CID44971-sample-proxy
CID44971_CGCGTTTAGCTAACTC,17.746752,8.282372,8,T / NK,0.6453881461079718,CID44971-sample-proxy
CID44971_CGCGTTTCACGGTAGA,15.99383,7.7681003,8,T / NK,0.6453881461079718,CID44971-sample-proxy
CID44971_CGCGTTTCACTACAGT,16.959787,9.168454,8,T / NK,0.6453881461079718,CID44971-sample-proxy
CID44971_CGCTATCGTCTCCACT,16.17094,9.245871,8,T / NK,0.6453881461079718,CID44971-sample-proxy
CID44971_CGCTGGAAGCAATCTC,16.419989,10.18277,8,T / NK,0.6453881461079718,CID44971-sample-proxy
CID44971_CGCTGGAGTCCGTTAA,15.220956,7.8352566,8,T / NK,0.6453881461079718,CID44971-sample-proxy
CID44971_CGCTGGATCCGCGGTA,17.262926,8.480486,8,T / NK,0.6453881461079718,CID44971-sample-proxy
CID44971_CGCTTCACAGTACACT,15.88036,7.735705,8,T / NK,0.6453881461079718,CID44971-sample-proxy
CID44971_CGCTTCAGTGTCAATC,18.060884,8.724578,8,T / NK,0.6453881461079718,CID44971-sample-proxy
CID44971_CGCTTCATCACTTCAT,18.025774,8.999126,8,T / NK,0.6453881461079718,CID44971-sample-proxy
CID44971_CGGACACAGCACGCCT,17.072824,6.96975,8,T / NK,0.6453881461079718,CID44971-sample-proxy
CID44971_CGGACTGAGCACCGTC,16.918835,8.314699,8,T / NK,0.6453881461079718,CID44971-sample-proxy
CID44971_CGGACTGAGCTGAAAT,16.34555,6.2891173,8,T / NK,0.6453881461079718,CID44971-sample-proxy
CID44971_CGGACTGCACCGCTAG,17.95407,8.421719,8,T / NK,0.6453881461079718,CID44971-sample-proxy
CID44971_CGGACTGCACGTAAGG,16.258451,7.6637673,8,T / NK,0.6453881461079718,CID44971-sample-proxy
CID44971_CGGACTGCATTGCGGC,17.010841,7.1686316,8,T / NK,0.6453881461079718,CID44971-sample-proxy
CID44971_CGGACTGTCCAACCAA,13.336043,7.098858,10,T / NK,0.35721909436771326,CID44971-sample-proxy
CID44971_CGGAGCTAGATGTGGC,16.20369,7.641981,8,T / NK,0.6453881461079718,CID44971-sample-proxy
CID44971_CGGAGCTCAATCGGTT,17.951145,8.712897,8,T / NK,0.6453881461079718,CID44971-sample-proxy
CID44971_CGGAGCTTCATGCTCC,17.992535,8.145959,8,T / NK,0.6453881461079718,CID44971-sample-proxy
CID44971_CGGAGTCCATTATCTC,18.137608,4.9434977,9,T / NK,0.7929964621147112,CID44971-sample-proxy
CID44971_CGGAGTCTCGCAAGCC,14.591831,9.643792,8,T / NK,0.6453881461079718,CID44971-sample-proxy
CID44971_CGGCTAGAGGGCACTA,17.817577,7.4983187,8,T / NK,0.6453881461079718,CID44971-sample-proxy
CID44971_CGGCTAGCAACGCACC,15.472531,9.1690855,8,T / NK,0.6453881461079718,CID44971-sample-proxy
CID44971_CGGCTAGGTTTGCATG,17.245785,8.376393,8,T / NK,0.6453881461079718,CID44971-sample-proxy
CID44971_CGGCTAGTCCACGAAT,17.224365,7.9043193,8,T / NK,0.6453881461079718,CID44971-sample-proxy
CID44971_CGGGTCACAAGTCTAC,15.936987,8.147455,8,T / NK,0.6453881461079718,CID44971-sample-proxy
CID44971_CGTAGCGCATGGATGG,17.21341,9.055997,8,T / NK,0.6453881461079718,CID44971-sample-proxy
CID44971_CGTAGCGTCGAACTGT,16.64958,7.9200287,8,T / NK,0.6453881461079718,CID44971-sample-proxy
CID44971_CGTAGGCAGCACCGCT,12.316711,7.0187054,10,T / NK,0.35721909436771326,CID44971-sample-proxy
CID44971_CGTCACTGTATGAATG,14.889875,9.754124,8,T / NK,0.6453881461079718,CID44971-sample-proxy
CID44971_CGTCACTTCAAGGTAA,14.203118,7.15945,10,T / NK,0.35721909436771326,CID44971-sample-proxy
CID44971_CGTCACTTCGGTGTTA,15.11291,9.137947,8,T / NK,0.6453881461079718,CID44971-sample-proxy
CID44971_CGTCAGGAGGCTACGA,18.223656,8.696758,8,T / NK,0.6453881461079718,CID44971-sample-proxy
CID44971_CGTCAGGAGTCGATAA,15.80125,8.818172,8,T / NK,0.6453881461079718,CID44971-sample-proxy
CID44971_CGTCAGGCAGACGCAA,15.916549,9.091029,8,T / NK,0.6453881461079718,CID44971-sample-proxy
CID44971_CGTGAGCAGGCAAAGA,16.120394,8.328615,8,T / NK,0.6453881461079718,CID44971-sample-proxy
CID44971_CGTGAGCTCTAAGCCA,15.977159,8.585308,8,T / NK,0.6453881461079718,CID44971-sample-proxy
CID44971_CGTGTAAAGGCATGTG,17.310339,7.5085764,8,T / NK,0.6453881461079718,CID44971-sample-proxy
CID44971_CGTGTAAGTGAAAGAG,16.561052,8.407727,8,T / NK,0.6453881461079718,CID44971-sample-proxy
CID44971_CGTGTCTGTCTCAACA,16.216301,8.1300125,8,T / NK,0.6453881461079718,CID44971-sample-proxy
CID44971_CGTTAGAAGGACCACA,16.352886,8.054762,8,T / NK,0.6453881461079718,CID44971-sample-proxy
CID44971_CGTTAGACAATACGCT,16.641024,8.674866,8,T / NK,0.6453881461079718,CID44971-sample-proxy
CID44971_CGTTAGATCAGAAATG,15.916565,8.73652,8,T / NK,0.6453881461079718,CID44971-sample-proxy
CID44971_CGTTCTGCAGGCAGTA,16.199413,8.510077,8,T / NK,0.6453881461079718,CID44971-sample-proxy
CID44971_CGTTCTGGTATCAGTC,13.180234,7.739306,10,T / NK,0.35721909436771326,CID44971-sample-proxy
CID44971_CGTTCTGGTATCGCAT,16.870056,8.3265295,8,T / NK,0.6453881461079718,CID44971-sample-proxy
CID44971_CGTTGGGCAAGTCTGT,17.911545,8.661774,8,T / NK,0.6453881461079718,CID44971-sample-proxy
CID44971_CGTTGGGGTGGCGAAT,13.252087,6.510364,10,T / NK,0.35721909436771326,CID44971-sample-proxy
CID44971_CTAAGACAGGCACATG,16.427145,8.487586,8,T / NK,0.6453881461079718,CID44971-sample-proxy
CID44971_CTAATGGTCCTACAGA,16.824575,7.081792,8,T / NK,0.6453881461079718,CID44971-sample-proxy
CID44971_CTACACCAGTACGATA,13.359094,9.728223,6,T / NK,0.8618196133881085,CID44971-sample-proxy
CID44971_CTACATTAGTCAAGGC,16.587282,8.614629,8,T / NK,0.6453881461079718,CID44971-sample-proxy
CID44971_CTACATTCACCAGGCT,17.218603,8.738438,8,T / NK,0.6453881461079718,CID44971-sample-proxy
CID44971_CTACATTCATGAGCGA,17.879505,8.109467,8,T / NK,0.6453881461079718,CID44971-sample-proxy
CID44971_CTACATTGTTCCGTCT,14.688328,7.628815,10,T / NK,0.35721909436771326,CID44971-sample-proxy
CID44971_CTACCCACAAGGACTG,16.702393,8.216588,8,T / NK,0.6453881461079718,CID44971-sample-proxy
CID44971_CTACCCAGTCATGCAT,15.557896,8.738587,8,T / NK,0.6453881461079718,CID44971-sample-proxy
CID44971_CTACGTCGTCGTCTTC,17.755898,7.7894344,8,T / NK,0.6453881461079718,CID44971-sample-proxy
CID44971_CTACGTCTCTCCGGTT,17.188456,7.556564,8,T / NK,0.6453881461079718,CID44971-sample-proxy
CID44971_CTAGAGTAGTTTCCTT,17.551327,8.612727,8,T / NK,0.6453881461079718,CID44971-sample-proxy
CID44971_CTAGAGTGTATCAGTC,17.571732,7.7842503,8,T / NK,0.6453881461079718,CID44971-sample-proxy
CID44971_CTAGCCTCAATCTGCA,16.781631,7.46517,8,T / NK,0.6453881461079718,CID44971-sample-proxy
CID44971_CTAGCCTCAGGTGCCT,16.825909,8.233813,8,T / NK,0.6453881461079718,CID44971-sample-proxy
CID44971_CTAGCCTCATTTGCCC,13.245771,6.8123784,10,T / NK,0.35721909436771326,CID44971-sample-proxy
CID44971_CTAGCCTTCTTGCAAG,16.282412,7.7976756,8,T / NK,0.6453881461079718,CID44971-sample-proxy
CID44971_CTAGTGAAGCAGGTCA,15.809016,7.708402,8,T / NK,0.6453881461079718,CID44971-sample-proxy
CID44971_CTAGTGAGTAAGGGAA,16.6673,8.238683,8,T / NK,0.6453881461079718,CID44971-sample-proxy
CID44971_CTCAGAAGTAATAGCA,15.574166,9.247012,8,T / NK,0.6453881461079718,CID44971-sample-proxy
CID44971_CTCATTAGTCCGAAGA,17.764616,8.726052,8,T / NK,0.6453881461079718,CID44971-sample-proxy
CID44971_CTCGAAAAGGGTCTCC,16.880934,8.152196,8,T / NK,0.6453881461079718,CID44971-sample-proxy
CID44971_CTCGAAAGTACTCAAC,16.748816,9.539901,8,T / NK,0.6453881461079718,CID44971-sample-proxy
CID44971_CTCGAAAGTATGGTTC,16.458838,9.698782,8,T / NK,0.6453881461079718,CID44971-sample-proxy
CID44971_CTCGAAAGTCAACATC,17.637693,9.215056,8,T / NK,0.6453881461079718,CID44971-sample-proxy
CID44971_CTCGAGGGTGCAACGA,17.31776,8.83758,8,T / NK,0.6453881461079718,CID44971-sample-proxy
CID44971_CTCGAGGGTGGCAAAC,14.976726,8.842583,8,T / NK,0.6453881461079718,CID44971-sample-proxy
CID44971_CTCGGAGAGTAGGCCA,17.58865,9.372465,8,T / NK,0.6453881461079718,CID44971-sample-proxy
CID44971_CTCGGAGCAAGGTTTC,16.806433,7.9785967,8,T / NK,0.6453881461079718,CID44971-sample-proxy
CID44971_CTCGGGAGTCACTGGC,16.296934,8.011141,8,T / NK,0.6453881461079718,CID44971-sample-proxy
CID44971_CTCTACGAGGCGCTCT,17.428904,8.47019,8,T / NK,0.6453881461079718,CID44971-sample-proxy
CID44971_CTCTACGCAGCTCCGA,16.366556,7.5865355,8,T / NK,0.6453881461079718,CID44971-sample-proxy
CID44971_CTCTACGCATCCTTGC,14.878675,9.553998,8,T / NK,0.6453881461079718,CID44971-sample-proxy
CID44971_CTCTACGTCTGGCGTG,16.833727,7.756821,8,T / NK,0.6453881461079718,CID44971-sample-proxy
CID44971_CTCTGGTGTATTCGTG,15.806288,9.249853,8,T / NK,0.6453881461079718,CID44971-sample-proxy
CID44971_CTGAAACAGACGCTTT,16.545824,8.290237,8,T / NK,0.6453881461079718,CID44971-sample-proxy
CID44971_CTGAAACGTGTTTGGT,13.813289,7.027139,10,T / NK,0.35721909436771326,CID44971-sample-proxy
CID44971_CTGATCCGTAAGGATT,16.571625,7.0294676,8,T / NK,0.6453881461079718,CID44971-sample-proxy
CID44971_CTGATCCTCTGCCAGG,15.21692,8.360089,8,T / NK,0.6453881461079718,CID44971-sample-proxy
CID44971_CTGCCTACACATGACT,15.738341,7.482329,8,T / NK,0.6453881461079718,CID44971-sample-proxy
CID44971_CTGCCTATCACTATTC,16.181034,10.216337,8,T / NK,0.6453881461079718,CID44971-sample-proxy
CID44971_CTGCCTATCGGTGTTA,17.841982,8.636201,8,T / NK,0.6453881461079718,CID44971-sample-proxy
CID44971_CTGCGGACATGCCTTC,16.972168,8.664201,8,T / NK,0.6453881461079718,CID44971-sample-proxy
CID44971_CTGCGGAGTCCAAGTT,16.70775,7.4737597,8,T / NK,0.6453881461079718,CID44971-sample-proxy
CID44971_CTGCGGATCGGTTAAC,16.142591,8.939005,8,T / NK,0.6453881461079718,CID44971-sample-proxy
CID44971_CTGCTGTCAAGTCTGT,13.441559,6.7131243,10,T / NK,0.35721909436771326,CID44971-sample-proxy
CID44971_CTGGTCTCATCGACGC,14.061585,7.428801,10,T / NK,0.35721909436771326,CID44971-sample-proxy
CID44971_CTGTGCTGTACCGAGA,15.991508,9.664745,8,T / NK,0.6453881461079718,CID44971-sample-proxy
CID44971_CTGTGCTTCATCTGTT,18.144,7.987227,8,T / NK,0.6453881461079718,CID44971-sample-proxy
CID44971_CTTACCGGTAACGTTC,17.629293,7.9412274,8,T / NK,0.6453881461079718,CID44971-sample-proxy
CID44971_CTTACCGGTAGGACAC,16.410734,9.14945,8,T / NK,0.6453881461079718,CID44971-sample-proxy
CID44971_CTTACCGTCGGCTACG,16.960796,8.697783,8,T / NK,0.6453881461079718,CID44971-sample-proxy
CID44971_CTTCTCTCACAGACTT,15.970839,7.652592,8,T / NK,0.6453881461079718,CID44971-sample-proxy
CID44971_CTTTGCGCATGCAACT,15.14925,7.371244,8,T / NK,0.6453881461079718,CID44971-sample-proxy
CID44971_CTTTGCGCATGGATGG,16.223366,7.8164215,8,T / NK,0.6453881461079718,CID44971-sample-proxy
CID44971_CTTTGCGTCTGGAGCC,12.461658,7.094973,10,T / NK,0.35721909436771326,CID44971-sample-proxy
CID44971_GAAACTCCAACGATCT,15.420828,9.226522,8,T / NK,0.6453881461079718,CID44971-sample-proxy
CID44971_GAAACTCGTGCACTTA,17.02763,8.544411,8,T / NK,0.6453881461079718,CID44971-sample-proxy
CID44971_GAAACTCTCCGCAGTG,13.822554,7.313536,10,T / NK,0.35721909436771326,CID44971-sample-proxy
CID44971_GAAATGAAGTCCTCCT,16.432987,9.256393,8,T / NK,0.6453881461079718,CID44971-sample-proxy
CID44971_GAAATGACAGAGTGTG,13.696684,8.085591,10,T / NK,0.35721909436771326,CID44971-sample-proxy
CID44971_GAAATGATCAAGGCTT,15.14919,7.938228,8,T / NK,0.6453881461079718,CID44971-sample-proxy
CID44971_GAAATGATCAGCTCGG,13.849565,7.6588955,10,T / NK,0.35721909436771326,CID44971-sample-proxy
CID44971_GAAATGATCGAACTGT,17.765093,5.792744,8,T / NK,0.6453881461079718,CID44971-sample-proxy
CID44971_GAACGGATCGCCTGTT,15.60061,8.496863,8,T / NK,0.6453881461079718,CID44971-sample-proxy
CID44971_GAAGCAGAGCGATATA,17.559177,9.081763,8,T / NK,0.6453881461079718,CID44971-sample-proxy
CID44971_GAAGCAGGTTATTCTC,17.990063,8.301904,8,T / NK,0.6453881461079718,CID44971-sample-proxy
CID44971_GAAGCAGTCCAGGGCT,13.899297,6.916271,10,T / NK,0.35721909436771326,CID44971-sample-proxy
CID44971_GAATAAGAGGATCGCA,16.678047,7.751047,8,T / NK,0.6453881461079718,CID44971-sample-proxy
CID44971_GAATAAGGTTTAGGAA,16.038181,7.9285693,8,T / NK,0.6453881461079718,CID44971-sample-proxy
CID44971_GAATGAAAGTAGCGGT,17.94222,8.837133,8,T / NK,0.6453881461079718,CID44971-sample-proxy
CID44971_GAATGAAGTGCAACTT,18.279135,8.52992,8,T / NK,0.6453881461079718,CID44971-sample-proxy
CID44971_GACACGCTCAGGCCCA,16.948154,8.367375,8,T / NK,0.6453881461079718,CID44971-sample-proxy
CID44971_GACAGAGTCACATAGC,16.526196,8.422755,8,T / NK,0.6453881461079718,CID44971-sample-proxy
CID44971_GACCAATTCACGATGT,15.912882,9.64195,8,T / NK,0.6453881461079718,CID44971-sample-proxy
CID44971_GACCTGGAGAGCTATA,14.931242,8.366221,8,T / NK,0.6453881461079718,CID44971-sample-proxy
CID44971_GACCTGGAGCTACCTA,17.758478,8.189002,8,T / NK,0.6453881461079718,CID44971-sample-proxy
CID44971_GACCTGGAGTGGTAAT,17.439789,8.644686,8,T / NK,0.6453881461079718,CID44971-sample-proxy
CID44971_GACCTGGCAGCCAGAA,17.581673,9.267505,8,T / NK,0.6453881461079718,CID44971-sample-proxy
CID44971_GACCTGGGTAGCGTAG,16.807745,8.712491,8,T / NK,0.6453881461079718,CID44971-sample-proxy
CID44971_GACGGCTAGCGTAGTG,16.26215,8.453517,8,T / NK,0.6453881461079718,CID44971-sample-proxy
CID44971_GACGTTAAGCTGATAA,17.6179,8.306576,8,T / NK,0.6453881461079718,CID44971-sample-proxy
CID44971_GACTAACAGTCTTGCA,17.137241,7.3256464,8,T / NK,0.6453881461079718,CID44971-sample-proxy
CID44971_GACTACAAGGATCGCA,15.531976,9.730468,8,T / NK,0.6453881461079718,CID44971-sample-proxy
CID44971_GACTACAGTAAAGGAG,13.075957,9.475889,8,T / NK,0.6453881461079718,CID44971-sample-proxy
CID44971_GACTACAGTAATCGTC,16.663164,8.758076,8,T / NK,0.6453881461079718,CID44971-sample-proxy
CID44971_GACTGCGAGATGAGAG,14.2192545,9.870425,8,T / NK,0.6453881461079718,CID44971-sample-proxy
CID44971_GAGGTGACAAGCTGGA,16.04415,7.278196,8,T / NK,0.6453881461079718,CID44971-sample-proxy
CID44971_GAGTCCGCAATGGATA,15.239776,7.730681,8,T / NK,0.6453881461079718,CID44971-sample-proxy
CID44971_GAGTCCGCACAAGACG,13.411353,7.246646,10,T / NK,0.35721909436771326,CID44971-sample-proxy
CID44971_GATCAGTCACAACTGT,16.456026,8.575831,8,T / NK,0.6453881461079718,CID44971-sample-proxy
CID44971_GATCAGTGTCTGCGGT,14.687615,8.873355,8,T / NK,0.6453881461079718,CID44971-sample-proxy
CID44971_GATCAGTTCCATGCTC,16.158438,9.22596,8,T / NK,0.6453881461079718,CID44971-sample-proxy
CID44971_GATCGCGAGTACGTTC,15.579914,8.785363,8,T / NK,0.6453881461079718,CID44971-sample-proxy
CID44971_GATCGTAGTTGGGACA,12.881712,6.9386964,10,T / NK,0.35721909436771326,CID44971-sample-proxy
CID44971_GATCGTATCAGTGTTG,15.958622,8.777572,8,T / NK,0.6453881461079718,CID44971-sample-proxy
CID44971_GATCTAGGTAAACACA,15.904156,8.380551,8,T / NK,0.6453881461079718,CID44971-sample-proxy
CID44971_GATGAAACAATCCAAC,16.449347,7.091596,8,T / NK,0.6453881461079718,CID44971-sample-proxy
CID44971_GATGAAATCCGAGCCA,16.88073,8.845402,8,T / NK,0.6453881461079718,CID44971-sample-proxy
CID44971_GATGAGGAGTGTGAAT,16.557514,8.650916,8,T / NK,0.6453881461079718,CID44971-sample-proxy
CID44971_GATGAGGCAGACTCGC,14.480686,7.331225,10,T / NK,0.35721909436771326,CID44971-sample-proxy
CID44971_GCAAACTAGACAGACC,16.795885,7.718655,8,T / NK,0.6453881461079718,CID44971-sample-proxy
CID44971_GCAATCAAGCAGACTG,16.595787,7.6515226,8,T / NK,0.6453881461079718,CID44971-sample-proxy
CID44971_GCAATCAAGGAGTAGA,17.48481,6.603511,8,T / NK,0.6453881461079718,CID44971-sample-proxy
CID44971_GCAATCACAGTCAGCC,14.029842,9.280044,8,T / NK,0.6453881461079718,CID44971-sample-proxy
CID44971_GCACATAGTACATCCA,17.681133,9.037397,8,T / NK,0.6453881461079718,CID44971-sample-proxy
CID44971_GCACTCTAGCCACTAT,17.979963,7.787749,8,T / NK,0.6453881461079718,CID44971-sample-proxy
CID44971_GCAGCCAAGACCTTTG,16.717268,8.178673,8,T / NK,0.6453881461079718,CID44971-sample-proxy
CID44971_GCAGCCAGTGCAGGTA,12.703438,6.628018,10,T / NK,0.35721909436771326,CID44971-sample-proxy
CID44971_GCAGCCAGTTCAACCA,15.397833,8.179275,8,T / NK,0.6453881461079718,CID44971-sample-proxy
CID44971_GCAGTTAAGACAGGCT,17.121666,8.518348,8,T / NK,0.6453881461079718,CID44971-sample-proxy
CID44971_GCAGTTACAGGTCTCG,17.648893,8.611624,8,T / NK,0.6453881461079718,CID44971-sample-proxy
CID44971_GCATACAGTTTGACTG,17.781197,8.088195,8,T / NK,0.6453881461079718,CID44971-sample-proxy
CID44971_GCATGATAGATCACGG,17.050697,7.2917614,8,T / NK,0.6453881461079718,CID44971-sample-proxy
CID44971_GCATGATGTAGTGAAT,17.413092,7.579436,8,T / NK,0.6453881461079718,CID44971-sample-proxy
CID44971_GCATGCGAGAGCTGGT,12.835501,7.207023,10,T / NK,0.35721909436771326,CID44971-sample-proxy
CID44971_GCATGCGGTTACGCGC,13.671242,7.262705,10,T / NK,0.35721909436771326,CID44971-sample-proxy
CID44971_GCATGCGTCGTAGGAG,17.72883,7.949911,8,T / NK,0.6453881461079718,CID44971-sample-proxy
CID44971_GCGACCAAGGTGATTA,13.506808,7.2099695,10,T / NK,0.35721909436771326,CID44971-sample-proxy
CID44971_GCGACCAGTCACAAGG,18.152744,4.321924,9,T / NK,0.7929964621147112,CID44971-sample-proxy
CID44971_GCGAGAACAGGCGATA,14.018644,6.882296,10,T / NK,0.35721909436771326,CID44971-sample-proxy
CID44971_GCGCAACGTTTGTTGG,16.30215,9.55045,8,T / NK,0.6453881461079718,CID44971-sample-proxy
CID44971_GCGCAGTCAGTGAGTG,17.204247,8.816461,8,T / NK,0.6453881461079718,CID44971-sample-proxy
CID44971_GCGCAGTGTAGCAAAT,13.637215,7.8169184,10,T / NK,0.35721909436771326,CID44971-sample-proxy
CID44971_GCGCGATGTTCACCTC,17.4246,7.191027,8,T / NK,0.6453881461079718,CID44971-sample-proxy
CID44971_GCGCGATGTTGATTCG,17.299356,5.503839,8,T / NK,0.6453881461079718,CID44971-sample-proxy
CID44971_GCGCGATTCTCACATT,17.226383,8.304998,8,T / NK,0.6453881461079718,CID44971-sample-proxy
CID44971_GCTCCTAAGTGTTTGC,15.583267,8.171366,8,T / NK,0.6453881461079718,CID44971-sample-proxy
CID44971_GCTCTGTAGGACGAAA,15.9418745,8.050398,8,T / NK,0.6453881461079718,CID44971-sample-proxy
CID44971_GCTCTGTCAGCGATCC,13.781671,7.197003,10,T / NK,0.35721909436771326,CID44971-sample-proxy
CID44971_GCTGCAGCAGTTCCCT,17.569603,8.396716,8,T / NK,0.6453881461079718,CID44971-sample-proxy
CID44971_GCTGCGATCTTAGAGC,18.283745,4.874189,9,T / NK,0.7929964621147112,CID44971-sample-proxy
CID44971_GGAAAGCTCAATACCG,16.225922,9.135838,8,T / NK,0.6453881461079718,CID44971-sample-proxy
CID44971_GGAACTTAGGGCACTA,15.185217,6.3906045,8,T / NK,0.6453881461079718,CID44971-sample-proxy
CID44971_GGAACTTGTACATGTC,17.191113,8.31122,8,T / NK,0.6453881461079718,CID44971-sample-proxy
CID44971_GGAACTTGTTCAGACT,16.881186,7.6896772,8,T / NK,0.6453881461079718,CID44971-sample-proxy
CID44971_GGACATTCACGAAAGC,16.829594,7.8194685,8,T / NK,0.6453881461079718,CID44971-sample-proxy
CID44971_GGACGTCGTCGAGATG,16.465355,6.8744574,8,T / NK,0.6453881461079718,CID44971-sample-proxy
CID44971_GGAGCAATCGTCTGCT,17.521854,8.311606,8,T / NK,0.6453881461079718,CID44971-sample-proxy
CID44971_GGATGTTGTCTCTTAT,17.072561,9.609114,8,T / NK,0.6453881461079718,CID44971-sample-proxy
CID44971_GGATTACAGTCGAGTG,16.119541,5.9264154,11,T / NK,0.6277997926081639,CID44971-sample-proxy
CID44971_GGATTACAGTCGTACT,15.630158,9.4632,8,T / NK,0.6453881461079718,CID44971-sample-proxy
CID44971_GGATTACGTGAGGCTA,17.972607,9.03076,8,T / NK,0.6453881461079718,CID44971-sample-proxy
CID44971_GGATTACTCCCAGGTG,17.321817,8.737972,8,T / NK,0.6453881461079718,CID44971-sample-proxy
CID44971_GGCAATTAGTCTCAAC,16.957314,7.788302,8,T / NK,0.6453881461079718,CID44971-sample-proxy
CID44971_GGCAATTTCATCGGAT,16.679037,8.188699,8,T / NK,0.6453881461079718,CID44971-sample-proxy
CID44971_GGCGACTCAGGAATCG,16.747154,8.542671,8,T / NK,0.6453881461079718,CID44971-sample-proxy
CID44971_GGCGACTCATCAGTCA,15.574072,6.933069,8,T / NK,0.6453881461079718,CID44971-sample-proxy
CID44971_GGCGACTGTGAAATCA,16.276808,9.329021,8,T / NK,0.6453881461079718,CID44971-sample-proxy
CID44971_GGCGACTGTGACGCCT,16.398273,6.9326906,8,T / NK,0.6453881461079718,CID44971-sample-proxy
CID44971_GGCTCGACAGCTCGCA,16.595984,7.831788,8,T / NK,0.6453881461079718,CID44971-sample-proxy
CID44971_GGCTCGATCTGCGTAA,16.548853,8.149715,8,T / NK,0.6453881461079718,CID44971-sample-proxy
CID44971_GGCTGGTAGACTTGAA,16.94467,8.005178,8,T / NK,0.6453881461079718,CID44971-sample-proxy
CID44971_GGCTGGTAGATGCCTT,13.1824045,7.0424156,10,T / NK,0.35721909436771326,CID44971-sample-proxy
CID44971_GGCTGGTAGCGATATA,16.706661,6.4189434,8,T / NK,0.6453881461079718,CID44971-sample-proxy
CID44971_GGGAATGGTACCGTAT,13.847551,8.9872465,8,T / NK,0.6453881461079718,CID44971-sample-proxy
CID44971_GGGAATGTCCTTTCGG,16.080145,5.5925584,11,T / NK,0.6277997926081639,CID44971-sample-proxy
CID44971_GGGACCTAGTTTCCTT,15.099766,7.9738135,8,T / NK,0.6453881461079718,CID44971-sample-proxy
CID44971_GGGAGATCATTACCTT,17.50816,8.30002,8,T / NK,0.6453881461079718,CID44971-sample-proxy
CID44971_GGGATGACAAAGGCGT,14.405038,9.274519,8,T / NK,0.6453881461079718,CID44971-sample-proxy
CID44971_GGGATGACAATGGATA,14.238041,8.427224,8,T / NK,0.6453881461079718,CID44971-sample-proxy
CID44971_GGGATGACACACGCTG,16.238434,8.851157,8,T / NK,0.6453881461079718,CID44971-sample-proxy
CID44971_GGGATGAGTGAAAGAG,14.912499,6.4719224,8,T / NK,0.6453881461079718,CID44971-sample-proxy
CID44971_GGGCACTCACGCCAGT,13.265283,7.1672516,10,T / NK,0.35721909436771326,CID44971-sample-proxy
CID44971_GGGCACTGTAATCGTC,16.566923,7.52928,8,T / NK,0.6453881461079718,CID44971-sample-proxy
CID44971_GGGCATCGTTAAAGTG,17.299772,8.65029,8,T / NK,0.6453881461079718,CID44971-sample-proxy
CID44971_GGGTCTGAGGTGATAT,15.962214,7.905158,8,T / NK,0.6453881461079718,CID44971-sample-proxy
CID44971_GGGTCTGGTGAGCGAT,17.627518,7.772169,8,T / NK,0.6453881461079718,CID44971-sample-proxy
CID44971_GGGTTGCAGGGATCTG,18.273996,8.347122,8,T / NK,0.6453881461079718,CID44971-sample-proxy
CID44971_GGGTTGCCACATCCAA,15.390995,9.343862,8,T / NK,0.6453881461079718,CID44971-sample-proxy
CID44971_GGTATTGCAGGCTCAC,17.31933,8.406523,8,T / NK,0.6453881461079718,CID44971-sample-proxy
CID44971_GGTATTGTCTGCGACG,15.535375,9.673065,8,T / NK,0.6453881461079718,CID44971-sample-proxy
CID44971_GGTGAAGCAGGACGTA,16.458147,8.479242,8,T / NK,0.6453881461079718,CID44971-sample-proxy
CID44971_GGTGAAGGTTAAGACA,16.434965,8.164719,8,T / NK,0.6453881461079718,CID44971-sample-proxy
CID44971_GGTGCGTCAAGAGGCT,17.72675,8.464241,8,T / NK,0.6453881461079718,CID44971-sample-proxy
CID44971_GGTGTTACATTAGCCA,18.146788,4.9235344,9,T / NK,0.7929964621147112,CID44971-sample-proxy
CID44971_GGTGTTATCATCGCTC,15.729496,8.173516,8,T / NK,0.6453881461079718,CID44971-sample-proxy
CID44971_GTACGTAGTTGCGTTA,15.958562,8.993995,8,T / NK,0.6453881461079718,CID44971-sample-proxy
CID44971_GTACGTATCGAGCCCA,17.985615,8.935103,8,T / NK,0.6453881461079718,CID44971-sample-proxy
CID44971_GTACTCCGTCATACTG,15.377828,8.721151,8,T / NK,0.6453881461079718,CID44971-sample-proxy
CID44971_GTACTCCTCCATTCTA,15.967269,6.4361978,8,T / NK,0.6453881461079718,CID44971-sample-proxy
CID44971_GTACTTTGTTCAGACT,17.399862,9.400908,8,T / NK,0.6453881461079718,CID44971-sample-proxy
CID44971_GTACTTTTCCAGAAGG,17.185038,8.741989,8,T / NK,0.6453881461079718,CID44971-sample-proxy
CID44971_GTAGTCAAGCCACGCT,18.027876,5.1085854,9,T / NK,0.7929964621147112,CID44971-sample-proxy
CID44971_GTATTCTAGGCTACGA,17.108072,7.589485,8,T / NK,0.6453881461079718,CID44971-sample-proxy
CID44971_GTATTCTCACTGAAGG,17.22662,8.565502,8,T / NK,0.6453881461079718,CID44971-sample-proxy
CID44971_GTCAAGTGTAGCGTGA,14.964272,7.4285784,10,T / NK,0.35721909436771326,CID44971-sample-proxy
CID44971_GTCAAGTTCCGCGTTT,13.165008,6.772548,10,T / NK,0.35721909436771326,CID44971-sample-proxy
CID44971_GTCACAACAGCCAATT,15.981913,6.9773817,8,T / NK,0.6453881461079718,CID44971-sample-proxy
CID44971_GTCACAATCGCATGGC,15.699879,8.192397,8,T / NK,0.6453881461079718,CID44971-sample-proxy
CID44971_GTCACGGAGCAATATG,16.64169,9.369187,8,T / NK,0.6453881461079718,CID44971-sample-proxy
CID44971_GTCACGGGTAGAGCTG,17.298819,8.546881,8,T / NK,0.6453881461079718,CID44971-sample-proxy
CID44971_GTCACGGGTAGGAGTC,16.053843,9.253282,8,T / NK,0.6453881461079718,CID44971-sample-proxy
CID44971_GTCACGGGTGCTTCTC,16.066366,7.3826604,8,T / NK,0.6453881461079718,CID44971-sample-proxy
CID44971_GTCATTTAGAGTGACC,16.50902,9.178008,8,T / NK,0.6453881461079718,CID44971-sample-proxy
CID44971_GTCCTCACAGGAATGC,15.878384,8.409641,8,T / NK,0.6453881461079718,CID44971-sample-proxy
CID44971_GTCCTCAGTTTGCATG,18.261429,8.2196,8,T / NK,0.6453881461079718,CID44971-sample-proxy
CID44971_GTCCTCATCGGAGCAA,15.5334015,8.591382,8,T / NK,0.6453881461079718,CID44971-sample-proxy
CID44971_GTCCTCATCTGAGTGT,17.012241,8.096257,8,T / NK,0.6453881461079718,CID44971-sample-proxy
CID44971_GTCGTAAAGGCAATTA,16.31887,8.339615,8,T / NK,0.6453881461079718,CID44971-sample-proxy
CID44971_GTCTCGTAGGATGTAT,12.980589,6.846314,10,T / NK,0.35721909436771326,CID44971-sample-proxy
CID44971_GTCTTCGAGCCTTGAT,17.547827,8.160545,8,T / NK,0.6453881461079718,CID44971-sample-proxy
CID44971_GTGAAGGTCCACGTGG,15.032606,8.915725,8,T / NK,0.6453881461079718,CID44971-sample-proxy
CID44971_GTGCAGCGTGCACTTA,15.749696,7.646392,8,T / NK,0.6453881461079718,CID44971-sample-proxy
CID44971_GTGCATAAGTACATGA,17.720343,8.665254,8,T / NK,0.6453881461079718,CID44971-sample-proxy
CID44971_GTGCATACATCACGAT,12.866863,6.8478003,10,T / NK,0.35721909436771326,CID44971-sample-proxy
CID44971_GTGCATAGTATTCTCT,17.378742,8.336877,8,T / NK,0.6453881461079718,CID44971-sample-proxy
CID44971_GTGCATAGTGTAATGA,15.072498,9.447109,8,T / NK,0.6453881461079718,CID44971-sample-proxy
CID44971_GTGCGGTAGCCACGCT,15.308427,9.029095,8,T / NK,0.6453881461079718,CID44971-sample-proxy
CID44971_GTGCGGTTCGTTACAG,16.957151,8.18377,8,T / NK,0.6453881461079718,CID44971-sample-proxy
CID44971_GTGCGGTTCTGGAGCC,15.732117,7.184741,8,T / NK,0.6453881461079718,CID44971-sample-proxy
CID44971_GTGCTTCGTAGCAAAT,14.818956,9.449073,8,T / NK,0.6453881461079718,CID44971-sample-proxy
CID44971_GTGCTTCTCTCTAGGA,15.423242,8.858275,8,T / NK,0.6453881461079718,CID44971-sample-proxy
CID44971_GTGGGTCAGAGTCTGG,14.485254,9.359331,8,T / NK,0.6453881461079718,CID44971-sample-proxy
CID44971_GTGGGTCCACATGACT,17.660488,5.9348555,8,T / NK,0.6453881461079718,CID44971-sample-proxy
CID44971_GTGGGTCGTTTACTCT,16.20283,6.789482,8,T / NK,0.6453881461079718,CID44971-sample-proxy
CID44971_GTGTGCGCAGCTTAAC,16.515036,8.163273,8,T / NK,0.6453881461079718,CID44971-sample-proxy
CID44971_GTGTGCGCAGTATCTG,13.329919,7.237565,10,T / NK,0.35721909436771326,CID44971-sample-proxy
CID44971_GTGTGCGTCAGCAACT,16.472336,8.567373,8,T / NK,0.6453881461079718,CID44971-sample-proxy
CID44971_GTGTGCGTCGTCCAGG,16.709476,6.919287,8,T / NK,0.6453881461079718,CID44971-sample-proxy
CID44971_GTGTTAGTCCTTTCGG,13.511707,9.587763,6,T / NK,0.8618196133881085,CID44971-sample-proxy
CID44971_GTTAAGCCACCGGAAA,17.43172,7.8293405,8,T / NK,0.6453881461079718,CID44971-sample-proxy
CID44971_GTTAAGCGTCCGACGT,17.761923,9.368773,8,T / NK,0.6453881461079718,CID44971-sample-proxy
CID44971_GTTAAGCTCTCTGTCG,15.688014,8.739195,8,T / NK,0.6453881461079718,CID44971-sample-proxy
CID44971_GTTCATTAGGTGCTTT,16.7401,8.775654,8,T / NK,0.6453881461079718,CID44971-sample-proxy
CID44971_GTTCATTTCTCCCTGA,16.119827,5.2993965,11,T / NK,0.6277997926081639,CID44971-sample-proxy
CID44971_GTTCGGGCAGTCGATT,16.62176,8.735149,8,T / NK,0.6453881461079718,CID44971-sample-proxy
CID44971_GTTCGGGGTTACTGAC,18.184092,5.1320124,9,T / NK,0.7929964621147112,CID44971-sample-proxy
CID44971_GTTCTCGAGGGAACGG,17.959806,8.126475,8,T / NK,0.6453881461079718,CID44971-sample-proxy
CID44971_GTTCTCGAGGTGCAAC,17.736567,8.676123,8,T / NK,0.6453881461079718,CID44971-sample-proxy
CID44971_GTTCTCGGTCATCCCT,15.691774,7.997946,8,T / NK,0.6453881461079718,CID44971-sample-proxy
CID44971_GTTTCTAAGCTAGTGG,16.094824,9.246476,8,T / NK,0.6453881461079718,CID44971-sample-proxy
CID44971_TAAACCGTCGCGTTTC,14.361851,6.8864765,10,T / NK,0.35721909436771326,CID44971-sample-proxy
CID44971_TAAGAGAAGCTTTGGT,16.111725,9.981335,8,T / NK,0.6453881461079718,CID44971-sample-proxy
CID44971_TAAGAGAAGGTGACCA,15.79362,8.922628,8,T / NK,0.6453881461079718,CID44971-sample-proxy
CID44971_TAAGTGCCACATTCGA,16.615479,9.272484,8,T / NK,0.6453881461079718,CID44971-sample-proxy
CID44971_TAAGTGCCAGTGAGTG,18.103199,8.355181,8,T / NK,0.6453881461079718,CID44971-sample-proxy
CID44971_TAAGTGCGTAGGAGTC,16.318148,8.64668,8,T / NK,0.6453881461079718,CID44971-sample-proxy
CID44971_TAAGTGCGTCGCATAT,16.590466,7.555041,8,T / NK,0.6453881461079718,CID44971-sample-proxy
CID44971_TACACGAAGAGGGATA,14.5257635,7.571754,10,T / NK,0.35721909436771326,CID44971-sample-proxy
CID44971_TACAGTGTCAACGGGA,17.89073,8.569808,8,T / NK,0.6453881461079718,CID44971-sample-proxy
CID44971_TACAGTGTCGATAGAA,15.017808,7.5363607,10,T / NK,0.35721909436771326,CID44971-sample-proxy
CID44971_TACCTTACATAGACTC,17.258251,7.979124,8,T / NK,0.6453881461079718,CID44971-sample-proxy
CID44971_TACCTTACATGGTCTA,15.42418,9.107285,8,T / NK,0.6453881461079718,CID44971-sample-proxy
CID44971_TACCTTATCGAGGTAG,17.914526,8.812771,8,T / NK,0.6453881461079718,CID44971-sample-proxy
CID44971_TACGGGCAGTGCCATT,13.574017,7.7908897,10,T / NK,0.35721909436771326,CID44971-sample-proxy
CID44971_TACGGGCCAGACAAAT,14.420755,7.6952972,10,T / NK,0.35721909436771326,CID44971-sample-proxy
CID44971_TACGGGCGTACGCTGC,16.940952,8.562736,8,T / NK,0.6453881461079718,CID44971-sample-proxy
CID44971_TACGGTAAGCTATGCT,15.944508,8.862098,8,T / NK,0.6453881461079718,CID44971-sample-proxy
CID44971_TACTCGCTCCAATGGT,15.8702345,8.949454,8,T / NK,0.6453881461079718,CID44971-sample-proxy
CID44971_TACTTACAGTTGTAGA,17.827423,8.201732,8,T / NK,0.6453881461079718,CID44971-sample-proxy
CID44971_TACTTACCAATTGCTG,17.102001,8.914163,8,T / NK,0.6453881461079718,CID44971-sample-proxy
CID44971_TAGACCAAGCCAGTTT,16.860224,7.814002,8,T / NK,0.6453881461079718,CID44971-sample-proxy
CID44971_TAGACCATCTTTACGT,17.540703,6.1716003,8,T / NK,0.6453881461079718,CID44971-sample-proxy
CID44971_TAGCCGGAGCTCCTTC,16.245125,7.869105,8,T / NK,0.6453881461079718,CID44971-sample-proxy
CID44971_TAGCCGGTCATCTGTT,15.711906,8.606652,8,T / NK,0.6453881461079718,CID44971-sample-proxy
CID44971_TAGGCATTCAATAAGG,16.275003,8.292509,8,T / NK,0.6453881461079718,CID44971-sample-proxy
CID44971_TAGGCATTCTGAAAGA,15.742991,8.385524,8,T / NK,0.6453881461079718,CID44971-sample-proxy
CID44971_TAGTTGGGTTCCACTC,13.547835,6.8872523,10,T / NK,0.35721909436771326,CID44971-sample-proxy
CID44971_TAGTTGGGTTTCCACC,14.977312,9.319371,8,T / NK,0.6453881461079718,CID44971-sample-proxy
CID44971_TAGTTGGTCTGCGACG,17.30426,8.821859,8,T / NK,0.6453881461079718,CID44971-sample-proxy
CID44971_TATCAGGCACAACTGT,16.380281,8.45574,8,T / NK,0.6453881461079718,CID44971-sample-proxy
CID44971_TATCAGGGTACAGTGG,15.376254,8.998813,8,T / NK,0.6453881461079718,CID44971-sample-proxy
CID44971_TCAACGAAGATGCCTT,16.25713,9.7520895,8,T / NK,0.6453881461079718,CID44971-sample-proxy
CID44971_TCAACGAAGTGTGAAT,17.788765,8.794641,8,T / NK,0.6453881461079718,CID44971-sample-proxy
CID44971_TCAATCTGTGCGGTAA,16.777582,8.622671,8,T / NK,0.6453881461079718,CID44971-sample-proxy
CID44971_TCAATCTTCTTAACCT,13.707672,9.459423,8,T / NK,0.6453881461079718,CID44971-sample-proxy
CID44971_TCACAAGGTAGGGTAC,17.168491,7.8328733,8,T / NK,0.6453881461079718,CID44971-sample-proxy
CID44971_TCACAAGGTTGATTCG,17.805044,8.278417,8,T / NK,0.6453881461079718,CID44971-sample-proxy
CID44971_TCACAAGTCTTAGAGC,13.806991,6.8804455,10,T / NK,0.35721909436771326,CID44971-sample-proxy
CID44971_TCACGAAAGGATGGAA,17.305235,8.383191,8,T / NK,0.6453881461079718,CID44971-sample-proxy
CID44971_TCAGATGAGCGCCTCA,17.280313,7.980874,8,T / NK,0.6453881461079718,CID44971-sample-proxy
CID44971_TCAGCAATCAAAGACA,16.812357,7.365082,8,T / NK,0.6453881461079718,CID44971-sample-proxy
CID44971_TCAGCTCAGGAGTACC,16.0163,8.699414,8,T / NK,0.6453881461079718,CID44971-sample-proxy
CID44971_TCAGCTCGTGCAGACA,13.164703,7.7607822,10,T / NK,0.35721909436771326,CID44971-sample-proxy
CID44971_TCAGGATCAGTCAGAG,16.061892,6.796822,8,T / NK,0.6453881461079718,CID44971-sample-proxy
CID44971_TCAGGTACACTCGACG,16.818241,7.4958854,8,T / NK,0.6453881461079718,CID44971-sample-proxy
CID44971_TCATTACGTGCCTGGT,18.239588,8.101666,8,T / NK,0.6453881461079718,CID44971-sample-proxy
CID44971_TCCACACGTCCCGACA,15.470405,8.600759,8,T / NK,0.6453881461079718,CID44971-sample-proxy
CID44971_TCCCGATAGAGTCTGG,17.656965,8.019952,8,T / NK,0.6453881461079718,CID44971-sample-proxy
CID44971_TCCCGATAGTCAAGCG,17.537823,8.786156,8,T / NK,0.6453881461079718,CID44971-sample-proxy
CID44971_TCCCGATCACTGTTAG,15.765613,8.015083,8,T / NK,0.6453881461079718,CID44971-sample-proxy
CID44971_TCGAGGCGTTCGCGAC,17.332647,8.841363,8,T / NK,0.6453881461079718,CID44971-sample-proxy
CID44971_TCGAGGCTCAGAGCTT,17.962427,9.257153,8,T / NK,0.6453881461079718,CID44971-sample-proxy
CID44971_TCGCGAGCACCAACCG,14.904787,8.815171,8,T / NK,0.6453881461079718,CID44971-sample-proxy
CID44971_TCGCGTTAGATGTGGC,16.3546,9.185191,8,T / NK,0.6453881461079718,CID44971-sample-proxy
CID44971_TCGCGTTCAGCTGCAC,16.181093,7.5949526,8,T / NK,0.6453881461079718,CID44971-sample-proxy
CID44971_TCGCGTTGTTACGTCA,17.280247,7.214493,8,T / NK,0.6453881461079718,CID44971-sample-proxy
CID44971_TCGCGTTTCTGGCGTG,16.463213,7.9960065,8,T / NK,0.6453881461079718,CID44971-sample-proxy
CID44971_TCGGGACGTCAAGCGA,17.06076,8.161786,8,T / NK,0.6453881461079718,CID44971-sample-proxy
CID44971_TCGGTAAGTTAAGAAC,16.268625,9.554527,8,T / NK,0.6453881461079718,CID44971-sample-proxy
CID44971_TCGTACCAGAAACGCC,15.911817,7.8591256,8,T / NK,0.6453881461079718,CID44971-sample-proxy
CID44971_TCGTACCCACCAGATT,17.596663,7.042919,8,T / NK,0.6453881461079718,CID44971-sample-proxy
CID44971_TCGTACCGTGAGGCTA,16.515078,8.493656,8,T / NK,0.6453881461079718,CID44971-sample-proxy
CID44971_TCGTACCGTGTAATGA,17.815117,7.8987627,8,T / NK,0.6453881461079718,CID44971-sample-proxy
CID44971_TCGTAGATCTCATTCA,17.191181,7.662416,8,T / NK,0.6453881461079718,CID44971-sample-proxy
CID44971_TCGTAGATCTGTTGAG,17.3727,7.7664614,8,T / NK,0.6453881461079718,CID44971-sample-proxy
CID44971_TCTATTGAGCACCGTC,16.61999,7.4233584,8,T / NK,0.6453881461079718,CID44971-sample-proxy
CID44971_TCTCATAGTCCAACTA,14.612009,7.4079103,10,T / NK,0.35721909436771326,CID44971-sample-proxy
CID44971_TCTCATATCTACCAGA,15.093525,9.52451,8,T / NK,0.6453881461079718,CID44971-sample-proxy
CID44971_TCTCTAACAGATCTGT,16.249838,9.421903,8,T / NK,0.6453881461079718,CID44971-sample-proxy
CID44971_TCTCTAACAGTAAGAT,17.86197,8.903165,8,T / NK,0.6453881461079718,CID44971-sample-proxy
CID44971_TCTCTAATCGTTGACA,16.920273,9.224288,8,T / NK,0.6453881461079718,CID44971-sample-proxy
CID44971_TCTGAGACAATGGATA,15.945182,7.3979144,8,T / NK,0.6453881461079718,CID44971-sample-proxy
CID44971_TCTGGAACAAGGTTTC,16.748737,9.721863,8,T / NK,0.6453881461079718,CID44971-sample-proxy
CID44971_TCTGGAACATCGGAAG,16.49018,7.803004,8,T / NK,0.6453881461079718,CID44971-sample-proxy
CID44971_TCTGGAATCACCTCGT,18.149872,8.787954,8,T / NK,0.6453881461079718,CID44971-sample-proxy
CID44971_TCTGGAATCAGCAACT,17.023773,8.996567,8,T / NK,0.6453881461079718,CID44971-sample-proxy
CID44971_TCTTCGGAGCATCATC,17.2513,6.4232135,8,T / NK,0.6453881461079718,CID44971-sample-proxy
CID44971_TCTTTCCAGACGCTTT,13.314773,7.625432,10,T / NK,0.35721909436771326,CID44971-sample-proxy
CID44971_TCTTTCCAGAGGTTGC,14.327383,7.3243604,10,T / NK,0.35721909436771326,CID44971-sample-proxy
CID44971_TCTTTCCAGGCTCTTA,17.699444,8.499838,8,T / NK,0.6453881461079718,CID44971-sample-proxy
CID44971_TGAAAGACACGGCTAC,15.545988,9.596442,8,T / NK,0.6453881461079718,CID44971-sample-proxy
CID44971_TGAAAGAGTGGTCCGT,17.154621,8.73185,8,T / NK,0.6453881461079718,CID44971-sample-proxy
CID44971_TGACAACAGAGCTGGT,14.703008,9.203969,8,T / NK,0.6453881461079718,CID44971-sample-proxy
CID44971_TGACAACGTGCAGTAG,17.813774,8.925101,8,T / NK,0.6453881461079718,CID44971-sample-proxy
CID44971_TGACGGCGTAGCGTAG,17.12978,7.178846,8,T / NK,0.6453881461079718,CID44971-sample-proxy
CID44971_TGACTAGTCACCCTCA,17.238739,8.164799,8,T / NK,0.6453881461079718,CID44971-sample-proxy
CID44971_TGACTAGTCAGTTCGA,17.215069,8.303187,8,T / NK,0.6453881461079718,CID44971-sample-proxy
CID44971_TGACTAGTCGTTGCCT,16.627514,7.3711367,8,T / NK,0.6453881461079718,CID44971-sample-proxy
CID44971_TGACTTTTCAGCTTAG,16.678873,8.038435,8,T / NK,0.6453881461079718,CID44971-sample-proxy
CID44971_TGACTTTTCTGTTGAG,15.979872,5.4037833,11,T / NK,0.6277997926081639,CID44971-sample-proxy
CID44971_TGAGAGGGTAAGAGGA,16.161837,5.857931,11,T / NK,0.6277997926081639,CID44971-sample-proxy
CID44971_TGAGAGGTCAACACTG,17.036829,8.089186,8,T / NK,0.6453881461079718,CID44971-sample-proxy
CID44971_TGAGCATAGCTGAACG,16.490345,9.852238,8,T / NK,0.6453881461079718,CID44971-sample-proxy
CID44971_TGAGCATCAAGCCGTC,15.879296,6.8941536,8,T / NK,0.6453881461079718,CID44971-sample-proxy
CID44971_TGAGCATCATCTACGA,15.412311,8.0907,8,T / NK,0.6453881461079718,CID44971-sample-proxy
CID44971_TGCACCTGTGAAGGCT,16.920034,6.8800774,8,T / NK,0.6453881461079718,CID44971-sample-proxy
CID44971_TGCACCTTCCTGCTTG,18.049854,9.296846,8,T / NK,0.6453881461079718,CID44971-sample-proxy
CID44971_TGCCAAAGTAAGAGGA,16.181288,10.485966,8,T / NK,0.6453881461079718,CID44971-sample-proxy
CID44971_TGCCAAAGTCCAACTA,16.535582,8.444023,8,T / NK,0.6453881461079718,CID44971-sample-proxy
CID44971_TGCCAAAGTTCCTCCA,17.339588,8.731629,8,T / NK,0.6453881461079718,CID44971-sample-proxy
CID44971_TGCCCATCACCAGGTC,16.918056,8.742133,8,T / NK,0.6453881461079718,CID44971-sample-proxy
CID44971_TGCCCATGTCGCCATG,13.385607,6.60677,10,T / NK,0.35721909436771326,CID44971-sample-proxy
CID44971_TGCGCAGCATCGATGT,16.700594,8.748598,8,T / NK,0.6453881461079718,CID44971-sample-proxy
CID44971_TGCGCAGTCCATGAAC,15.929417,8.13563,8,T / NK,0.6453881461079718,CID44971-sample-proxy
CID44971_TGCGGGTAGCGTTTAC,15.982566,7.3639126,8,T / NK,0.6453881461079718,CID44971-sample-proxy
CID44971_TGCGGGTCAGTAACGG,16.066383,9.086836,8,T / NK,0.6453881461079718,CID44971-sample-proxy
CID44971_TGCTACCTCAGGCGAA,16.514284,8.186257,8,T / NK,0.6453881461079718,CID44971-sample-proxy
CID44971_TGCTGCTAGATGCCAG,14.623409,6.423618,10,T / NK,0.35721909436771326,CID44971-sample-proxy
CID44971_TGCTGCTTCCAGTAGT,14.971014,8.053411,8,T / NK,0.6453881461079718,CID44971-sample-proxy
CID44971_TGGACGCCACTGAAGG,15.874101,9.004923,8,T / NK,0.6453881461079718,CID44971-sample-proxy
CID44971_TGGCCAGAGAGCTGCA,15.878209,8.505028,8,T / NK,0.6453881461079718,CID44971-sample-proxy
CID44971_TGGCGCAAGTTAAGTG,17.986769,9.23617,8,T / NK,0.6453881461079718,CID44971-sample-proxy
CID44971_TGGCTGGAGCCACTAT,16.111347,8.280776,8,T / NK,0.6453881461079718,CID44971-sample-proxy
CID44971_TGGGAAGAGAGAACAG,15.964405,8.148726,8,T / NK,0.6453881461079718,CID44971-sample-proxy
CID44971_TGGGAAGCACGCGAAA,16.432425,8.802953,8,T / NK,0.6453881461079718,CID44971-sample-proxy
CID44971_TGGTTAGCAAAGGTGC,12.706691,6.49534,10,T / NK,0.35721909436771326,CID44971-sample-proxy
CID44971_TGGTTCCCACCAGGCT,13.68887,7.151812,10,T / NK,0.35721909436771326,CID44971-sample-proxy
CID44971_TGGTTCCTCAAACCAC,15.740959,6.1070714,11,T / NK,0.6277997926081639,CID44971-sample-proxy
CID44971_TGTATTCAGGATATAC,18.261114,8.646485,8,T / NK,0.6453881461079718,CID44971-sample-proxy
CID44971_TGTGGTAGTTGTCTTT,15.56837,8.734671,8,T / NK,0.6453881461079718,CID44971-sample-proxy
CID44971_TGTGGTATCTCGTATT,16.032854,8.110292,8,T / NK,0.6453881461079718,CID44971-sample-proxy
CID44971_TGTGGTATCTGCTGCT,17.7298,8.0196905,8,T / NK,0.6453881461079718,CID44971-sample-proxy
CID44971_TGTTCCGCAATCGGTT,17.099815,9.500339,8,T / NK,0.6453881461079718,CID44971-sample-proxy
CID44971_TTAACTCAGAAGATTC,14.081247,5.1451664,11,T / NK,0.6277997926081639,CID44971-sample-proxy
CID44971_TTAACTCCATGGGACA,12.87658,6.771685,10,T / NK,0.35721909436771326,CID44971-sample-proxy
CID44971_TTAACTCGTGCTGTAT,17.399641,8.799777,8,T / NK,0.6453881461079718,CID44971-sample-proxy
CID44971_TTAGGACAGATACACA,17.524794,8.627224,8,T / NK,0.6453881461079718,CID44971-sample-proxy
CID44971_TTAGGACCACGACGAA,16.477026,7.899696,8,T / NK,0.6453881461079718,CID44971-sample-proxy
CID44971_TTAGGCATCACTCCTG,15.43398,7.9268956,8,T / NK,0.6453881461079718,CID44971-sample-proxy
CID44971_TTAGGCATCCGATATG,16.221304,6.5193887,8,T / NK,0.6453881461079718,CID44971-sample-proxy
CID44971_TTAGTTCCACTAGTAC,16.059649,8.458094,8,T / NK,0.6453881461079718,CID44971-sample-proxy
CID44971_TTAGTTCCAGTCAGAG,16.738848,8.696364,8,T / NK,0.6453881461079718,CID44971-sample-proxy
CID44971_TTAGTTCCATGGGACA,17.486877,8.144549,8,T / NK,0.6453881461079718,CID44971-sample-proxy
CID44971_TTCCCAGAGACTCGGA,18.294428,8.2939,8,T / NK,0.6453881461079718,CID44971-sample-proxy
CID44971_TTCGGTCTCATGTCTT,17.611385,8.454075,8,T / NK,0.6453881461079718,CID44971-sample-proxy
CID44971_TTCGGTCTCTCTGTCG,16.898575,9.065546,8,T / NK,0.6453881461079718,CID44971-sample-proxy
CID44971_TTCTACAGTCGCTTCT,15.434581,9.057823,8,T / NK,0.6453881461079718,CID44971-sample-proxy
CID44971_TTCTCCTCACAAGCCC,16.351019,8.141801,8,T / NK,0.6453881461079718,CID44971-sample-proxy
CID44971_TTCTTAGAGACTAGAT,17.397915,7.561331,8,T / NK,0.6453881461079718,CID44971-sample-proxy
CID44971_TTCTTAGCAGTCCTTC,17.328053,8.498943,8,T / NK,0.6453881461079718,CID44971-sample-proxy
CID44971_TTCTTAGGTACTTAGC,16.528519,9.801145,8,T / NK,0.6453881461079718,CID44971-sample-proxy
CID44971_TTGAACGAGAGGGATA,16.831207,8.702428,8,T / NK,0.6453881461079718,CID44971-sample-proxy
CID44971_TTGACTTGTTACCGAT,16.559027,6.666213,8,T / NK,0.6453881461079718,CID44971-sample-proxy
CID44971_TTGCCGTGTATAATGG,15.632586,7.3718657,8,T / NK,0.6453881461079718,CID44971-sample-proxy
CID44971_TTGGAACTCTGGCGTG,15.540709,6.7850337,8,T / NK,0.6453881461079718,CID44971-sample-proxy
CID44971_TTGGCAACATAGGATA,13.028655,6.8764606,10,T / NK,0.35721909436771326,CID44971-sample-proxy
CID44971_TTGGCAAGTATTCTCT,16.611929,7.859611,8,T / NK,0.6453881461079718,CID44971-sample-proxy
CID44971_TTGTAGGAGGCACATG,16.72272,7.4151783,8,T / NK,0.6453881461079718,CID44971-sample-proxy
CID44971_TTGTAGGCACCGAAAG,12.786213,6.910287,10,T / NK,0.35721909436771326,CID44971-sample-proxy
CID44971_TTGTAGGCATTGGGCC,18.028473,9.015794,8,T / NK,0.6453881461079718,CID44971-sample-proxy
CID44971_TTTACTGTCAGGATCT,17.075735,9.532938,8,T / NK,0.6453881461079718,CID44971-sample-proxy
CID44971_TTTGCGCAGCTGAACG,16.975073,7.7059155,8,T / NK,0.6453881461079718,CID44971-sample-proxy
CID44971_TTTGCGCGTGGGTCAA,15.898346,9.666154,8,T / NK,0.6453881461079718,CID44971-sample-proxy
CID44971_TTTGTCACACGTCTCT,15.120878,8.596695,8,T / NK,0.6453881461079718,CID44971-sample-proxy
CID44971_TTTGTCATCACCAGGC,16.541368,9.838807,8,T / NK,0.6453881461079718,CID44971-sample-proxy
CID44971_AACTCTTGTAAGAGAG,14.835843,6.1531205,8,T / NK,0.6453881461079718,CID44971-sample-proxy
CID44971_ACCCACTGTCAGCTAT,14.213384,4.9996324,11,T / NK,0.6277997926081639,CID44971-sample-proxy
CID44971_ACGGAGATCGAGGTAG,16.505169,7.19946,8,T / NK,0.6453881461079718,CID44971-sample-proxy
CID44971_ACTGTCCGTAAATGTG,14.44921,5.1527276,11,T / NK,0.6277997926081639,CID44971-sample-proxy
CID44971_CAACTAGGTACGCACC,15.596643,4.782028,11,T / NK,0.6277997926081639,CID44971-sample-proxy
CID44971_CGGACGTAGCTAGTTC,15.163269,5.8604417,11,T / NK,0.6277997926081639,CID44971-sample-proxy
CID44971_CGTAGGCGTTAAGTAG,15.770183,5.7250524,11,T / NK,0.6277997926081639,CID44971-sample-proxy
CID44971_CTAACTTGTAAATGTG,17.716585,7.7266583,8,T / NK,0.6453881461079718,CID44971-sample-proxy
CID44971_CTGTTTATCAGCATGT,15.354005,5.3890595,11,T / NK,0.6277997926081639,CID44971-sample-proxy
CID44971_CTTAACTAGTTTAGGA,13.779123,5.2339687,11,T / NK,0.6277997926081639,CID44971-sample-proxy
CID44971_GAGCAGAAGACTGTAA,15.536481,5.385529,11,T / NK,0.6277997926081639,CID44971-sample-proxy
CID44971_GATCTAGCACTTAAGC,14.502306,5.3880806,11,T / NK,0.6277997926081639,CID44971-sample-proxy
CID44971_GCCAAATCACGAAATA,15.728409,4.3708315,11,T / NK,0.6277997926081639,CID44971-sample-proxy
CID44971_GTAGTCAGTTCGTGAT,14.625377,6.1465297,10,T / NK,0.35721909436771326,CID44971-sample-proxy
CID44971_GTTACAGGTACCGTTA,15.820989,6.204938,11,T / NK,0.6277997926081639,CID44971-sample-proxy
CID44971_TACCTATAGAGTAATC,16.355894,6.458697,8,T / NK,0.6453881461079718,CID44971-sample-proxy
CID44971_TAGAGCTGTTAAGATG,15.455192,4.9915147,11,T / NK,0.6277997926081639,CID44971-sample-proxy
CID44971_ATCATGGGTCTGCGGT,12.451812,7.8227706,10,T / NK,0.35721909436771326,CID44971-sample-proxy
CID44971_CGTAGCGCACCGATAT,15.942041,8.905448,8,T / NK,0.6453881461079718,CID44971-sample-proxy
CID44971_TAGCCGGCAGTGGAGT,13.560674,11.875168,7,T / NK,1.4860313519878239,CID44971-sample-proxy
CID44971_GACTGCGAGTGACATA,17.24682,8.933663,8,T / NK,0.6453881461079718,CID44971-sample-proxy
CID44971_CGGTTAAAGGCATGTG,16.812265,7.74729,8,T / NK,0.6453881461079718,CID44971-sample-proxy
CID44971_AAACCTGAGCATCATC,12.496269,7.6824203,10,T / NK,0.35721909436771326,CID44971-sample-proxy
CID44971_AACCGCGGTTTGCATG,12.222907,7.17464,10,T / NK,0.35721909436771326,CID44971-sample-proxy
CID44971_AACGTTGGTTCCGGCA,14.436451,8.339805,8,T / NK,0.6453881461079718,CID44971-sample-proxy
CID44971_AACTCAGGTGCCTGCA,15.020746,7.4987364,8,T / NK,0.6453881461079718,CID44971-sample-proxy
CID44971_AAGCCGCGTCAAAGCG,15.698217,9.350506,8,T / NK,0.6453881461079718,CID44971-sample-proxy
CID44971_AAGGAGCGTCTTGCGG,12.956365,7.212062,10,T / NK,0.35721909436771326,CID44971-sample-proxy
CID44971_AAGGTTCTCAAAGACA,16.918194,8.742592,8,T / NK,0.6453881461079718,CID44971-sample-proxy
CID44971_AAGTCTGAGGCGCTCT,13.359161,7.5955186,10,T / NK,0.35721909436771326,CID44971-sample-proxy
CID44971_AATCCAGGTAAGGGCT,14.748566,7.8699675,8,T / NK,0.6453881461079718,CID44971-sample-proxy
CID44971_AATCGGTTCCTTAATC,16.219608,7.584145,8,T / NK,0.6453881461079718,CID44971-sample-proxy
CID44971_ACACCAAGTAAATGAC,13.265325,8.602327,10,T / NK,0.35721909436771326,CID44971-sample-proxy
CID44971_ACACCCTAGTATCGAA,14.005812,7.999032,8,T / NK,0.6453881461079718,CID44971-sample-proxy
CID44971_ACATGGTAGAGTACCG,12.196186,6.85605,10,T / NK,0.35721909436771326,CID44971-sample-proxy
CID44971_ACGAGCCAGACAAAGG,14.2638235,9.119305,8,T / NK,0.6453881461079718,CID44971-sample-proxy
CID44971_ACGAGGACACACAGAG,13.438226,7.205863,10,T / NK,0.35721909436771326,CID44971-sample-proxy
CID44971_ACGGAGACACGAAAGC,14.775733,7.9648075,8,T / NK,0.6453881461079718,CID44971-sample-proxy
CID44971_ACGTCAACAAGTTAAG,12.320327,9.016758,10,T / NK,0.35721909436771326,CID44971-sample-proxy
CID44971_ACTGAACCAATTGCTG,12.938693,8.241391,10,T / NK,0.35721909436771326,CID44971-sample-proxy
CID44971_ACTGATGGTCCTAGCG,14.749919,8.764702,8,T / NK,0.6453881461079718,CID44971-sample-proxy
CID44971_ACTGTCCAGTACACCT,16.098661,8.70498,8,T / NK,0.6453881461079718,CID44971-sample-proxy
CID44971_ACTTTCAGTCCAACTA,13.364346,7.1850557,10,T / NK,0.35721909436771326,CID44971-sample-proxy
CID44971_ACTTTCAGTCGAAAGC,16.044762,10.024729,8,T / NK,0.6453881461079718,CID44971-sample-proxy
CID44971_AGAATAGGTTCCACAA,14.6172,8.623591,8,T / NK,0.6453881461079718,CID44971-sample-proxy
CID44971_AGAGCTTGTAGCTAAA,12.981947,8.938883,10,T / NK,0.35721909436771326,CID44971-sample-proxy
CID44971_AGCATACTCACATACG,12.318106,7.072526,10,T / NK,0.35721909436771326,CID44971-sample-proxy
CID44971_AGCCTAACAATAGCAA,17.681396,8.827753,8,T / NK,0.6453881461079718,CID44971-sample-proxy
CID44971_AGCTTGAAGGATTCGG,12.828253,6.9637775,10,T / NK,0.35721909436771326,CID44971-sample-proxy
CID44971_ATAACGCTCGAACTGT,15.3974,8.505136,8,T / NK,0.6453881461079718,CID44971-sample-proxy
CID44971_ATTCTACGTATTCTCT,11.980887,9.943603,6,T / NK,0.8618196133881085,CID44971-sample-proxy
CID44971_ATTGGACGTGTGACGA,15.129391,8.263886,8,T / NK,0.6453881461079718,CID44971-sample-proxy
CID44971_CAACCTCGTTCAGACT,13.428107,7.839321,10,T / NK,0.35721909436771326,CID44971-sample-proxy
CID44971_CACAAACCACGAAACG,13.282832,7.4067817,10,T / NK,0.35721909436771326,CID44971-sample-proxy
CID44971_CACAAACCAGTATCTG,14.868797,7.911052,8,T / NK,0.6453881461079718,CID44971-sample-proxy
CID44971_CACAAACTCTCTTGAT,12.549441,7.915571,10,T / NK,0.35721909436771326,CID44971-sample-proxy
CID44971_CACAGTACACTGTGTA,14.905995,8.290834,8,T / NK,0.6453881461079718,CID44971-sample-proxy
CID44971_CACATTTCACTCAGGC,12.159456,7.0099907,10,T / NK,0.35721909436771326,CID44971-sample-proxy
CID44971_CAGAATCAGCTGTTCA,12.521433,7.6039205,10,T / NK,0.35721909436771326,CID44971-sample-proxy
CID44971_CAGAATCTCTCCAGGG,12.805341,8.528635,10,T / NK,0.35721909436771326,CID44971-sample-proxy
CID44971_CAGCGACGTTAAGACA,12.400258,7.4113564,10,T / NK,0.35721909436771326,CID44971-sample-proxy
CID44971_CAGTAACGTTGGTTTG,14.650903,7.943811,8,T / NK,0.6453881461079718,CID44971-sample-proxy
CID44971_CAGTCCTAGGTGTTAA,12.86095,7.6002035,10,T / NK,0.35721909436771326,CID44971-sample-proxy
CID44971_CATATGGGTTAGTGGG,17.940073,8.715563,8,T / NK,0.6453881461079718,CID44971-sample-proxy
CID44971_CATCCACTCTAACGGT,16.785643,9.127924,8,T / NK,0.6453881461079718,CID44971-sample-proxy
CID44971_CCAGCGAAGTCATCCA,13.98338,7.107147,10,T / NK,0.35721909436771326,CID44971-sample-proxy
CID44971_CCCTCCTAGCAGGTCA,13.480316,6.915937,10,T / NK,0.35721909436771326,CID44971-sample-proxy
CID44971_CCGGGATGTACGAAAT,14.085501,9.333545,8,T / NK,0.6453881461079718,CID44971-sample-proxy
CID44971_CCGTTCAGTATATGGA,16.674128,8.486547,8,T / NK,0.6453881461079718,CID44971-sample-proxy
CID44971_CCTACCATCTTCATGT,13.093428,9.710687,6,T / NK,0.8618196133881085,CID44971-sample-proxy
CID44971_CCTATTAAGCCCGAAA,15.030621,5.5155973,11,T / NK,0.6277997926081639,CID44971-sample-proxy
CID44971_CCTCTGAAGCTACCTA,15.580661,8.390029,8,T / NK,0.6453881461079718,CID44971-sample-proxy
CID44971_CGAACATCAACTGGCC,12.696811,6.9880166,10,T / NK,0.35721909436771326,CID44971-sample-proxy
CID44971_CGAATGTTCGATGAGG,14.134133,7.9888186,8,T / NK,0.6453881461079718,CID44971-sample-proxy
CID44971_CGAGAAGAGCTGTTCA,12.040615,6.947726,10,T / NK,0.35721909436771326,CID44971-sample-proxy
CID44971_CGAGCACCAAAGGAAG,13.056056,7.1348124,10,T / NK,0.35721909436771326,CID44971-sample-proxy
CID44971_CGAGCCAGTCGCATAT,12.53292,7.2373047,10,T / NK,0.35721909436771326,CID44971-sample-proxy
CID44971_CGATTGAGTCTAGCCG,15.633271,8.43684,8,T / NK,0.6453881461079718,CID44971-sample-proxy
CID44971_CGCTATCAGGACATTA,16.462864,9.242798,8,T / NK,0.6453881461079718,CID44971-sample-proxy
CID44971_CGCTATCCATCCAACA,14.605648,9.5299635,8,T / NK,0.6453881461079718,CID44971-sample-proxy
CID44971_CGCTTCAGTCCTCCAT,13.523636,7.0559893,10,T / NK,0.35721909436771326,CID44971-sample-proxy
CID44971_CGGACACGTGCACTTA,12.676784,7.5417995,10,T / NK,0.35721909436771326,CID44971-sample-proxy
CID44971_CGGACGTTCGTGACAT,12.651734,8.503546,10,T / NK,0.35721909436771326,CID44971-sample-proxy
CID44971_CGGACTGTCAAGCCTA,15.272363,9.445739,8,T / NK,0.6453881461079718,CID44971-sample-proxy
CID44971_CGGGTCAGTCAAAGAT,15.281192,8.66914,8,T / NK,0.6453881461079718,CID44971-sample-proxy
CID44971_CGTCACTGTCAGCTAT,16.019062,8.994285,8,T / NK,0.6453881461079718,CID44971-sample-proxy
CID44971_CGTCCATAGAAACCTA,15.301794,7.811601,8,T / NK,0.6453881461079718,CID44971-sample-proxy
CID44971_CGTCTACAGTGACTCT,14.831028,8.091049,8,T / NK,0.6453881461079718,CID44971-sample-proxy
CID44971_CGTCTACGTTACCGAT,12.6230755,7.97878,10,T / NK,0.35721909436771326,CID44971-sample-proxy
CID44971_CGTGTAACAACAACCT,12.680695,7.1949687,10,T / NK,0.35721909436771326,CID44971-sample-proxy
CID44971_CGTTAGAAGCACACAG,14.552869,9.516567,8,T / NK,0.6453881461079718,CID44971-sample-proxy
CID44971_CTAAGACAGATCACGG,15.401282,7.6479816,8,T / NK,0.6453881461079718,CID44971-sample-proxy
CID44971_CTAATGGAGGCACATG,16.13141,7.56198,8,T / NK,0.6453881461079718,CID44971-sample-proxy
CID44971_CTAGTGATCTGGGCCA,14.978674,7.424218,8,T / NK,0.6453881461079718,CID44971-sample-proxy
CID44971_CTCAGAATCTTACCTA,18.221518,4.9996266,9,T / NK,0.7929964621147112,CID44971-sample-proxy
CID44971_CTCGAAATCTCGGACG,12.774178,7.0314083,10,T / NK,0.35721909436771326,CID44971-sample-proxy
CID44971_CTCTACGAGAAACCTA,13.759398,7.440268,10,T / NK,0.35721909436771326,CID44971-sample-proxy
CID44971_CTGAAGTAGTTCGCGC,12.369933,7.591985,10,T / NK,0.35721909436771326,CID44971-sample-proxy
CID44971_CTGATAGAGGACCACA,12.410197,8.110802,10,T / NK,0.35721909436771326,CID44971-sample-proxy
CID44971_CTGCTGTCAATCCAAC,13.942427,7.0509458,10,T / NK,0.35721909436771326,CID44971-sample-proxy
CID44971_CTGGTCTAGTACGCGA,12.161931,7.3474197,10,T / NK,0.35721909436771326,CID44971-sample-proxy
CID44971_CTGGTCTGTCCTCCAT,12.200329,7.3096066,10,T / NK,0.35721909436771326,CID44971-sample-proxy
CID44971_CTGTGCTTCAACACCA,15.468608,8.567149,8,T / NK,0.6453881461079718,CID44971-sample-proxy
CID44971_CTTCTCTCAGCAGTTT,12.578135,6.750126,10,T / NK,0.35721909436771326,CID44971-sample-proxy
CID44971_CTTGGCTTCAAAGTAG,12.950379,7.0766644,10,T / NK,0.35721909436771326,CID44971-sample-proxy
CID44971_GAACATCGTAGCTAAA,12.7237,7.0682335,10,T / NK,0.35721909436771326,CID44971-sample-proxy
CID44971_GAACGGACAATGGTCT,12.643679,7.396548,10,T / NK,0.35721909436771326,CID44971-sample-proxy
CID44971_GAACGGACACGCTTTC,15.954898,7.495455,8,T / NK,0.6453881461079718,CID44971-sample-proxy
CID44971_GAACGGACATACAGCT,15.654272,8.376902,8,T / NK,0.6453881461079718,CID44971-sample-proxy
CID44971_GACAGAGGTCGCCATG,15.843852,8.354792,8,T / NK,0.6453881461079718,CID44971-sample-proxy
CID44971_GACGGCTCAAGGACTG,13.049297,7.074016,10,T / NK,0.35721909436771326,CID44971-sample-proxy
CID44971_GACGTGCAGCTAGGCA,13.160647,7.9945703,10,T / NK,0.35721909436771326,CID44971-sample-proxy
CID44971_GAGGTGATCAGTTTGG,16.438562,9.582964,8,T / NK,0.6453881461079718,CID44971-sample-proxy
CID44971_GATCTAGTCATGCAAC,14.347383,7.24789,10,T / NK,0.35721909436771326,CID44971-sample-proxy
CID44971_GATTCAGAGCTAGGCA,14.238752,9.247635,8,T / NK,0.6453881461079718,CID44971-sample-proxy
CID44971_GCACTCTAGGAGTACC,12.762626,7.465771,10,T / NK,0.35721909436771326,CID44971-sample-proxy
CID44971_GCATACATCAGTCCCT,14.654532,7.5586147,8,T / NK,0.6453881461079718,CID44971-sample-proxy
CID44971_GCCTCTAAGACTGGGT,14.909164,8.341539,8,T / NK,0.6453881461079718,CID44971-sample-proxy
CID44971_GCCTCTACAATGCCAT,13.128489,7.499881,10,T / NK,0.35721909436771326,CID44971-sample-proxy
CID44971_GCGCCAACAGGTCGTC,16.563578,7.7554355,8,T / NK,0.6453881461079718,CID44971-sample-proxy
CID44971_GCTGCAGAGATCTGCT,12.894532,7.800158,10,T / NK,0.35721909436771326,CID44971-sample-proxy
CID44971_GCTTGAAAGATCGGGT,18.20856,4.873792,9,T / NK,0.7929964621147112,CID44971-sample-proxy
CID44971_GCTTGAAGTACAGTGG,12.3406,7.8528004,10,T / NK,0.35721909436771326,CID44971-sample-proxy
CID44971_GGAATAAAGTAACCCT,12.51438,8.156751,10,T / NK,0.35721909436771326,CID44971-sample-proxy
CID44971_GGAATAAGTCAAACTC,13.380768,7.2324305,10,T / NK,0.35721909436771326,CID44971-sample-proxy
CID44971_GGACAGAAGAAGGGTA,15.598917,8.260796,8,T / NK,0.6453881461079718,CID44971-sample-proxy
CID44971_GGATGTTGTTTGCATG,12.775765,8.424443,10,T / NK,0.35721909436771326,CID44971-sample-proxy
CID44971_GGCCGATAGCAGCGTA,14.927725,9.17803,8,T / NK,0.6453881461079718,CID44971-sample-proxy
CID44971_GGCCGATTCAGTACGT,16.538956,9.226236,8,T / NK,0.6453881461079718,CID44971-sample-proxy
CID44971_GGCTCGAGTCCGAGTC,13.28219,10.093644,7,T / NK,1.4860313519878239,CID44971-sample-proxy
CID44971_GGGCATCGTCTAGGTT,13.768218,9.695868,8,T / NK,0.6453881461079718,CID44971-sample-proxy
CID44971_GTAACTGTCAGTGCAT,12.797665,7.0995374,10,T / NK,0.35721909436771326,CID44971-sample-proxy
CID44971_GTCACGGTCAAAGACA,13.740197,9.734672,8,T / NK,0.6453881461079718,CID44971-sample-proxy
CID44971_GTCGGGTGTGTGACGA,13.188687,6.610875,10,T / NK,0.35721909436771326,CID44971-sample-proxy
CID44971_GTGAAGGTCATACGGT,15.347755,8.038358,8,T / NK,0.6453881461079718,CID44971-sample-proxy
CID44971_GTGAAGGTCTGAGGGA,16.144403,9.24139,8,T / NK,0.6453881461079718,CID44971-sample-proxy
CID44971_GTGCATATCGGCGCAT,15.672889,7.099579,8,T / NK,0.6453881461079718,CID44971-sample-proxy
CID44971_GTGTGCGGTGCAACTT,15.777624,8.540984,8,T / NK,0.6453881461079718,CID44971-sample-proxy
CID44971_GTTACAGCAGGGAGAG,15.578036,7.9138594,8,T / NK,0.6453881461079718,CID44971-sample-proxy
CID44971_TAAACCGCAAGACACG,15.482233,9.456478,8,T / NK,0.6453881461079718,CID44971-sample-proxy
CID44971_TAAGAGACATATGAGA,12.964444,8.446777,10,T / NK,0.35721909436771326,CID44971-sample-proxy
CID44971_TACGGATTCGAGAGCA,12.8356495,7.442,10,T / NK,0.35721909436771326,CID44971-sample-proxy
CID44971_TACGGGCCACAGCCCA,17.779417,5.755068,9,T / NK,0.7929964621147112,CID44971-sample-proxy
CID44971_TACGGTATCTGACCTC,14.08293,9.065606,8,T / NK,0.6453881461079718,CID44971-sample-proxy
CID44971_TACTTGTCAACCGCCA,15.754513,7.685671,8,T / NK,0.6453881461079718,CID44971-sample-proxy
CID44971_TAGCCGGTCGTTACAG,14.631736,8.306006,8,T / NK,0.6453881461079718,CID44971-sample-proxy
CID44971_TAGTGGTCATAACCTG,14.339018,9.639945,8,T / NK,0.6453881461079718,CID44971-sample-proxy
CID44971_TATCTCATCAATACCG,15.029973,7.803427,8,T / NK,0.6453881461079718,CID44971-sample-proxy
CID44971_TCAGGATAGGCTATCT,15.7747,9.944381,8,T / NK,0.6453881461079718,CID44971-sample-proxy
CID44971_TCAGGATTCTTCAACT,16.415705,7.671398,8,T / NK,0.6453881461079718,CID44971-sample-proxy
CID44971_TCATTTGTCTTGAGAC,16.85806,8.848744,8,T / NK,0.6453881461079718,CID44971-sample-proxy
CID44971_TCGAGGCAGGGTCGAT,15.041917,8.994648,8,T / NK,0.6453881461079718,CID44971-sample-proxy
CID44971_TCGAGGCCAATGGAGC,13.06471,7.289975,10,T / NK,0.35721909436771326,CID44971-sample-proxy
CID44971_TCGTACCCATCGGAAG,12.790306,8.331237,10,T / NK,0.35721909436771326,CID44971-sample-proxy
CID44971_TCGTAGAAGTCAATAG,17.260445,7.339293,8,T / NK,0.6453881461079718,CID44971-sample-proxy
CID44971_TCTGAGACAATCTGCA,12.655847,7.5818806,10,T / NK,0.35721909436771326,CID44971-sample-proxy
CID44971_TCTTCGGTCCGCGGTA,14.554385,8.079003,8,T / NK,0.6453881461079718,CID44971-sample-proxy
CID44971_TGACAACAGTTAGCGG,12.8674135,8.2959175,10,T / NK,0.35721909436771326,CID44971-sample-proxy
CID44971_TGACAACCAGTATAAG,12.087789,7.2069936,10,T / NK,0.35721909436771326,CID44971-sample-proxy
CID44971_TGACTAGGTTCAGTAC,12.296701,7.31866,10,T / NK,0.35721909436771326,CID44971-sample-proxy
CID44971_TGAGCCGAGATAGCAT,17.019762,8.342985,8,T / NK,0.6453881461079718,CID44971-sample-proxy
CID44971_TGAGCCGGTGTGGTTT,12.337128,8.311402,10,T / NK,0.35721909436771326,CID44971-sample-proxy
CID44971_TGAGGGACAATAGCGG,15.665068,8.0465355,8,T / NK,0.6453881461079718,CID44971-sample-proxy
CID44971_TGCCCATCACAACGTT,18.188248,4.111454,9,T / NK,0.7929964621147112,CID44971-sample-proxy
CID44971_TGCCCATTCTTGACGA,13.780945,10.133056,7,T / NK,1.4860313519878239,CID44971-sample-proxy
CID44971_TGCGCAGTCTGTCCGT,14.695403,7.6791735,8,T / NK,0.6453881461079718,CID44971-sample-proxy
CID44971_TGCTACCAGTACGCGA,14.383824,8.466983,8,T / NK,0.6453881461079718,CID44971-sample-proxy
CID44971_TGCTACCCAAGGACAC,12.620284,8.741286,10,T / NK,0.35721909436771326,CID44971-sample-proxy
CID44971_TGGCCAGGTTGCTCCT,12.365504,7.317044,10,T / NK,0.35721909436771326,CID44971-sample-proxy
CID44971_TGGTTCCGTTGGACCC,12.47726,6.989912,10,T / NK,0.35721909436771326,CID44971-sample-proxy
CID44971_TTAGGACGTAAGTAGT,13.729896,7.23459,10,T / NK,0.35721909436771326,CID44971-sample-proxy
CID44971_TTAGGACGTTCCATGA,13.04035,7.9992104,10,T / NK,0.35721909436771326,CID44971-sample-proxy
CID44971_TTATGCTAGTTGTAGA,16.712683,8.007677,8,T / NK,0.6453881461079718,CID44971-sample-proxy
CID44971_TTCCCAGAGACTGGGT,15.282141,9.196629,8,T / NK,0.6453881461079718,CID44971-sample-proxy
CID44971_TTCGGTCCATGAGCGA,15.153846,8.841123,8,T / NK,0.6453881461079718,CID44971-sample-proxy
CID44971_TTGAACGCACATTCGA,12.489002,7.7507815,10,T / NK,0.35721909436771326,CID44971-sample-proxy
CID44971_GATGAAAAGTTCGATC,13.97862,9.66663,8,T / NK,0.6453881461079718,CID44971-sample-proxy
CID44971_AACTCCCCAAGCGCTC,15.642684,9.125413,8,T / NK,0.6453881461079718,CID44971-sample-proxy
CID44971_AACTCCCTCGAACGGA,14.0436735,7.742086,10,T / NK,0.35721909436771326,CID44971-sample-proxy
CID44971_ACCCACTGTTGCGTTA,18.26297,4.470236,9,T / NK,0.7929964621147112,CID44971-sample-proxy
CID44971_ACTGATGTCATAAAGG,16.379229,8.562653,8,T / NK,0.6453881461079718,CID44971-sample-proxy
CID44971_AGGGTGACAGGCGATA,15.288229,9.236454,8,T / NK,0.6453881461079718,CID44971-sample-proxy
CID44971_ATGGGAGCACCATGTA,12.665513,7.070417,10,T / NK,0.35721909436771326,CID44971-sample-proxy
CID44971_ATTTCTGGTGTTAAGA,16.152288,8.142708,8,T / NK,0.6453881461079718,CID44971-sample-proxy
CID44971_CACACCTCACAGGAGT,17.272518,8.853738,8,T / NK,0.6453881461079718,CID44971-sample-proxy
CID44971_CCTACCATCGTAGGTT,14.497063,8.737421,8,T / NK,0.6453881461079718,CID44971-sample-proxy
CID44971_CGACCTTGTCTGCCAG,16.271948,8.654822,8,T / NK,0.6453881461079718,CID44971-sample-proxy
CID44971_CTGTGCTCATTCACTT,12.224535,7.1194906,10,T / NK,0.35721909436771326,CID44971-sample-proxy
CID44971_GAACATCTCAACCATG,16.055311,9.98518,8,T / NK,0.6453881461079718,CID44971-sample-proxy
CID44971_GAATAAGCATGGAATA,16.352669,7.9769697,8,T / NK,0.6453881461079718,CID44971-sample-proxy
CID44971_GAATAAGGTGTGAATA,13.434752,7.063138,10,T / NK,0.35721909436771326,CID44971-sample-proxy
CID44971_GATCGATCATAAAGGT,17.414248,8.306098,8,T / NK,0.6453881461079718,CID44971-sample-proxy
CID44971_GATGAAATCCCAAGTA,12.921763,7.118435,10,T / NK,0.35721909436771326,CID44971-sample-proxy
CID44971_GCAGTTACATGCAATC,16.164356,9.4259,8,T / NK,0.6453881461079718,CID44971-sample-proxy
CID44971_GCGACCACATTACCTT,16.324707,9.527542,8,T / NK,0.6453881461079718,CID44971-sample-proxy
CID44971_GGTGAAGAGATAGCAT,13.020355,6.863075,10,T / NK,0.35721909436771326,CID44971-sample-proxy
CID44971_GTACTCCTCTCGCTTG,12.315788,7.100335,10,T / NK,0.35721909436771326,CID44971-sample-proxy
CID44971_GTCACGGCATATGAGA,15.748406,8.595921,8,T / NK,0.6453881461079718,CID44971-sample-proxy
CID44971_GTGCAGCTCGCTTGTC,14.992293,8.576198,8,T / NK,0.6453881461079718,CID44971-sample-proxy
CID44971_TACTCGCCACGACTCG,12.841943,7.370706,10,T / NK,0.35721909436771326,CID44971-sample-proxy
CID44971_TCGGTAACAAACAACA,13.023087,6.651483,10,T / NK,0.35721909436771326,CID44971-sample-proxy
CID44971_TCGTAGATCGCATGGC,14.253822,9.725674,8,T / NK,0.6453881461079718,CID44971-sample-proxy
CID44971_TGGTTAGAGCACGCCT,14.106996,9.394062,8,T / NK,0.6453881461079718,CID44971-sample-proxy
CID44971_TTAACTCAGCCGCCTA,13.238627,7.1555595,10,T / NK,0.35721909436771326,CID44971-sample-proxy
CID44971_TTAGGCAAGTGAACGC,15.206929,6.4798255,8,T / NK,0.6453881461079718,CID44971-sample-proxy
CID44971_TTCTACATCATGTCTT,13.610987,6.9524927,10,T / NK,0.35721909436771326,CID44971-sample-proxy
CID44971_TTGGCAATCTGCCCTA,15.347234,7.769866,8,T / NK,0.6453881461079718,CID44971-sample-proxy
CID44971_ACGATACGTAATAGCA,15.471118,5.170395,11,T / NK,0.6277997926081639,CID44971-sample-proxy
CID44971_AGGGAGTGTTCCGTCT,15.74642,6.7771387,8,T / NK,0.6453881461079718,CID44971-sample-proxy
CID44971_TCTGGAACAGTAAGAT,15.934895,9.042621,8,T / NK,0.6453881461079718,CID44971-sample-proxy
CID44971_ACGCCAGTCCCTTGCA,13.669414,9.61026,8,T / NK,0.6453881461079718,CID44971-sample-proxy
CID44971_ATAACGCCATACTCTT,14.357117,9.352043,8,T / NK,0.6453881461079718,CID44971-sample-proxy
CID44971_CAGCATACATTCTTAC,13.503527,9.555073,8,T / NK,0.6453881461079718,CID44971-sample-proxy
CID44971_CGATCGGAGAGTCGGT,12.662773,10.976897,7,T / NK,1.4860313519878239,CID44971-sample-proxy
CID44971_CTGAAGTTCAACACGT,13.063402,9.891687,6,T / NK,0.8618196133881085,CID44971-sample-proxy
CID44971_GCCAAATAGGCTATCT,13.073985,11.274335,7,T / NK,1.4860313519878239,CID44971-sample-proxy
CID44971_GTTCATTAGAATGTGT,12.9168415,10.749072,7,T / NK,1.4860313519878239,CID44971-sample-proxy
CID44971_TACTCGCTCGACAGCC,12.992358,10.806716,7,T / NK,1.4860313519878239,CID44971-sample-proxy
CID44971_TCAGCAAAGCCTCGTG,12.996438,11.548343,7,T / NK,1.4860313519878239,CID44971-sample-proxy
CID44971_TGGGAAGGTCACTGGC,14.216896,10.135295,8,T / NK,0.6453881461079718,CID44971-sample-proxy
CID44971_TTGGAACAGTGTCCCG,13.257369,10.644021,7,T / NK,1.4860313519878239,CID44971-sample-proxy
CID44971_ATCCACCGTTTGACAC,13.012788,7.9144225,10,T / NK,0.35721909436771326,CID44971-sample-proxy
CID44971_TGACTTTAGGTCATCT,15.582741,9.8181,8,T / NK,0.6453881461079718,CID44971-sample-proxy
CID44971_CCGTGGAGTGTTTGGT,16.224026,6.8749747,8,T / NK,0.6453881461079718,CID44971-sample-proxy
CID44971_TGGCTGGAGCTGCAAG,13.132537,7.5487156,10,T / NK,0.35721909436771326,CID44971-sample-proxy
CID44971_AAGACCTAGCTGGAAC,13.338417,5.605863,11,T / NK,0.6277997926081639,CID44971-sample-proxy
CID44971_ACACTGATCATTGCCC,16.250397,6.918478,8,T / NK,0.6453881461079718,CID44971-sample-proxy
CID44971_ACGGGCTAGGGTCGAT,13.686545,7.1971827,10,T / NK,0.35721909436771326,CID44971-sample-proxy
CID44971_AGCAGCCAGAGCCTAG,16.22032,7.4922104,8,T / NK,0.6453881461079718,CID44971-sample-proxy
CID44971_AGCGTATTCAGCTTAG,16.463118,8.992105,8,T / NK,0.6453881461079718,CID44971-sample-proxy
CID44971_ATAAGAGAGCTAGGCA,14.253677,7.606994,8,T / NK,0.6453881461079718,CID44971-sample-proxy
CID44971_ATGGGAGTCAGATAAG,13.674197,6.9007134,10,T / NK,0.35721909436771326,CID44971-sample-proxy
CID44971_ATGGGAGTCCCTCTTT,13.973376,7.971442,10,T / NK,0.35721909436771326,CID44971-sample-proxy
CID44971_CAACCAAAGACCACGA,16.1651,7.660904,8,T / NK,0.6453881461079718,CID44971-sample-proxy
CID44971_CAGCATAAGCTTCGCG,14.803257,7.653881,8,T / NK,0.6453881461079718,CID44971-sample-proxy
CID44971_CAGCATACACACGCTG,13.147361,6.880503,10,T / NK,0.35721909436771326,CID44971-sample-proxy
CID44971_CAGCTAAAGGAATCGC,16.370031,7.7584915,8,T / NK,0.6453881461079718,CID44971-sample-proxy
CID44971_CATATGGCAGAGTGTG,14.900718,8.0956745,8,T / NK,0.6453881461079718,CID44971-sample-proxy
CID44971_CATATGGTCGTTGACA,14.788159,9.05582,8,T / NK,0.6453881461079718,CID44971-sample-proxy
CID44971_CCCAATCTCTGGAGCC,13.367362,7.5810685,10,T / NK,0.35721909436771326,CID44971-sample-proxy
CID44971_CGATTGACACACGCTG,15.576134,6.7943225,8,T / NK,0.6453881461079718,CID44971-sample-proxy
CID44971_CTAACTTGTCTCGTTC,14.452743,7.411059,8,T / NK,0.6453881461079718,CID44971-sample-proxy
CID44971_CTCGGAGGTCATGCCG,12.830572,7.267604,10,T / NK,0.35721909436771326,CID44971-sample-proxy
CID44971_GATCGATCATGCCCGA,15.123475,9.18343,8,T / NK,0.6453881461079718,CID44971-sample-proxy
CID44971_GCACTCTGTATATGGA,14.462214,6.840471,10,T / NK,0.35721909436771326,CID44971-sample-proxy
CID44971_GGAAAGCAGGATGGTC,13.101534,10.261684,7,T / NK,1.4860313519878239,CID44971-sample-proxy
CID44971_GGACAGAGTGCTCTTC,13.960683,9.538848,8,T / NK,0.6453881461079718,CID44971-sample-proxy
CID44971_GTACTCCTCCGCGGTA,14.988719,8.491027,8,T / NK,0.6453881461079718,CID44971-sample-proxy
CID44971_GTCACAACAGATCTGT,14.732598,7.76484,8,T / NK,0.6453881461079718,CID44971-sample-proxy
CID44971_TACAGTGAGCCATCGC,13.073706,6.409858,10,T / NK,0.35721909436771326,CID44971-sample-proxy
CID44971_TATGCCCTCACTTACT,15.277254,6.9738545,8,T / NK,0.6453881461079718,CID44971-sample-proxy
CID44971_TCAATCTAGGTGCACA,12.360525,8.085836,10,T / NK,0.35721909436771326,CID44971-sample-proxy
CID44971_TCGCGAGGTTCACGGC,15.62509,5.8830776,11,T / NK,0.6277997926081639,CID44971-sample-proxy
CID44971_TCTTTCCGTCCGAACC,15.401993,7.7862115,8,T / NK,0.6453881461079718,CID44971-sample-proxy
CID44971_TGACGGCAGAAACCAT,15.088221,8.316433,8,T / NK,0.6453881461079718,CID44971-sample-proxy
CID44971_TGCGGGTAGATGGCGT,13.69134,6.943505,10,T / NK,0.35721909436771326,CID44971-sample-proxy
CID44971_TGGCCAGGTTCGTGAT,14.749379,7.7427316,8,T / NK,0.6453881461079718,CID44971-sample-proxy
CID44971_TTTGGTTAGACACTAA,14.570867,7.8369527,8,T / NK,0.6453881461079718,CID44971-sample-proxy
CID44971_CGACCTTTCGGCGCAT,14.8016,8.350925,8,T / NK,0.6453881461079718,CID44971-sample-proxy
CID44971_GTGCTTCGTGCAGTAG,12.57472,8.006346,10,T / NK,0.35721909436771326,CID44971-sample-proxy
CID44971_ACACCAACACAGACTT,14.689911,9.021605,8,T / NK,0.6453881461079718,CID44971-sample-proxy
CID44971_GTAGTCAAGACATAAC,13.566773,7.9908147,10,T / NK,0.35721909436771326,CID44971-sample-proxy
CID44971_GTCCTCAGTACCGCTG,14.745169,5.3962593,11,T / NK,0.6277997926081639,CID44971-sample-proxy
CID44971_TTCTCAATCACCATAG,13.9445305,9.729823,8,T / NK,0.6453881461079718,CID44971-sample-proxy
CID44971_AGGCCACTCAGTGCAT,12.152812,7.252886,10,T / NK,0.35721909436771326,CID44971-sample-proxy
CID44971_CACAGTAAGACTCGGA,12.666412,9.108509,10,T / NK,0.35721909436771326,CID44971-sample-proxy
CID44971_TATCTCAGTGGTGTAG,13.232314,8.61756,10,T / NK,0.35721909436771326,CID44971-sample-proxy
CID44971_TTTACTGCACGAAATA,13.137809,10.53337,7,T / NK,1.4860313519878239,CID44971-sample-proxy
CID44971_CCGGTAGCAACAACCT,12.398082,9.839076,6,T / NK,0.8618196133881085,CID44971-sample-proxy
CID44971_ATGAGGGGTAGCACGA,12.919388,8.132461,10,T / NK,0.35721909436771326,CID44971-sample-proxy
CID44971_CATCCACCAGACACTT,13.512252,9.862599,6,T / NK,0.8618196133881085,CID44971-sample-proxy
CID44971_CTGTGCTTCAGGATCT,13.285478,11.008634,7,T / NK,1.4860313519878239,CID44971-sample-proxy
CID44971_GTGCGGTTCGGTGTTA,13.035999,10.815747,7,T / NK,1.4860313519878239,CID44971-sample-proxy
CID44971_ACATGGTGTGCAACTT,14.826328,7.7186747,8,T / NK,0.6453881461079718,CID44971-sample-proxy
CID44971_AGGCCGTTCGGTCTAA,12.218176,7.127173,10,T / NK,0.35721909436771326,CID44971-sample-proxy
CID44971_GAATGAAAGTGCGATG,17.5755,8.2813015,8,T / NK,0.6453881461079718,CID44971-sample-proxy
CID44971_CTCATTAGTGTCAATC,13.488766,7.1298366,10,T / NK,0.35721909436771326,CID44971-sample-proxy
CID44971_GTGGGTCCATTACGAC,11.96633,11.049859,7,T / NK,1.4860313519878239,CID44971-sample-proxy
CID44971_TCAATCTGTGTTAAGA,12.438458,8.777815,10,T / NK,0.35721909436771326,CID44971-sample-proxy
CID44971_TCGTACCAGACTCGGA,16.256834,7.035345,8,T / NK,0.6453881461079718,CID44971-sample-proxy
CID44971_CGTAGCGGTCCGAACC,16.85696,7.3172855,8,T / NK,0.6453881461079718,CID44971-sample-proxy
CID44971_TACAGTGCATGCAATC,14.666368,10.162628,8,T / NK,0.6453881461079718,CID44971-sample-proxy
CID44971_CAAGATCTCCAAATGC,16.00751,7.1468787,8,T / NK,0.6453881461079718,CID44971-sample-proxy
CID44971_AGAGCTTGTCTTGTCC,16.105623,8.973717,8,T / NK,0.6453881461079718,CID44971-sample-proxy
CID44971_CGTAGGCAGTGGTCCC,16.107422,6.168635,8,T / NK,0.6453881461079718,CID44971-sample-proxy
CID44971_CAGCCGATCCGCATAA,14.269493,6.252436,10,T / NK,0.35721909436771326,CID44971-sample-proxy
CID44971_AACACGTAGAAGGTTT,15.3146305,6.724149,8,T / NK,0.6453881461079718,CID44971-sample-proxy
CID44971_AACTCAGGTCCGAGTC,13.7801485,7.0549636,10,T / NK,0.35721909436771326,CID44971-sample-proxy
CID44971_AAGCCGCGTGCTCTTC,16.135027,7.3097997,8,T / NK,0.6453881461079718,CID44971-sample-proxy
CID44971_AGCAGCCAGTTAGCGG,13.045918,7.9508286,10,T / NK,0.35721909436771326,CID44971-sample-proxy
CID44971_AGTTGGTTCAGTCAGT,14.371199,7.3230104,10,T / NK,0.35721909436771326,CID44971-sample-proxy
CID44971_CAACCAAAGACTTGAA,15.3001,7.908682,8,T / NK,0.6453881461079718,CID44971-sample-proxy
CID44971_CATCGAACATGACATC,13.107707,6.8818316,10,T / NK,0.35721909436771326,CID44971-sample-proxy
CID44971_CATGGCGAGTCATCCA,15.897617,8.007543,8,T / NK,0.6453881461079718,CID44971-sample-proxy
CID44971_CGTTAGATCCATTCTA,13.744711,8.200675,10,T / NK,0.35721909436771326,CID44971-sample-proxy
CID44971_GAGCAGACAGTCTTCC,16.211899,7.118687,8,T / NK,0.6453881461079718,CID44971-sample-proxy
CID44971_TCTTCGGGTATTCGTG,14.933591,7.94424,8,T / NK,0.6453881461079718,CID44971-sample-proxy
CID44971_TGAGGGACACCATCCT,13.226958,7.278601,10,T / NK,0.35721909436771326,CID44971-sample-proxy
CID44971_TTCGAAGCAAGTACCT,14.016965,8.584663,8,T / NK,0.6453881461079718,CID44971-sample-proxy
CID44971_CACATAGTCCGAAGAG,14.09531,8.698883,8,T / NK,0.6453881461079718,CID44971-sample-proxy
CID44971_CCTTTCTTCATTATCC,15.220433,5.5236325,11,T / NK,0.6277997926081639,CID44971-sample-proxy
CID44971_CGGGTCATCCTATGTT,13.933576,7.854053,8,T / NK,0.6453881461079718,CID44971-sample-proxy
CID44971_CTGCCTATCTGTCTAT,14.581168,3.5756593,11,T / NK,0.6277997926081639,CID44971-sample-proxy
CID44971_GACTGCGGTCTTGCGG,14.432846,7.8922215,8,T / NK,0.6453881461079718,CID44971-sample-proxy
CID44971_ACGGAGAAGTGGGTTG,12.99533,8.598041,10,T / NK,0.35721909436771326,CID44971-sample-proxy
CID44971_AGAGTGGGTGATGATA,15.678679,7.3449044,8,T / NK,0.6453881461079718,CID44971-sample-proxy
CID44971_CGAGCACGTAAGTAGT,14.704683,8.11927,8,T / NK,0.6453881461079718,CID44971-sample-proxy
CID44971_CGTAGCGAGCGCTTAT,13.997215,5.9310822,11,T / NK,0.6277997926081639,CID44971-sample-proxy
CID44971_CTCTAATGTCGACTAT,16.551838,7.023083,8,T / NK,0.6453881461079718,CID44971-sample-proxy
CID44971_GTCGTAAGTCCTCCAT,15.863159,7.123825,8,T / NK,0.6453881461079718,CID44971-sample-proxy
CID44971_TGGCGCACATACGCTA,16.134352,6.4146643,8,T / NK,0.6453881461079718,CID44971-sample-proxy
CID44971_AAAGCAACATTGGCGC,15.514614,6.1355715,8,T / NK,0.6453881461079718,CID44971-sample-proxy
CID44971_CATATTCCATGCAACT,14.8532095,6.1597376,8,T / NK,0.6453881461079718,CID44971-sample-proxy
CID44971_GACGGCTAGGGTCTCC,11.867456,10.477137,6,T / NK,0.8618196133881085,CID44971-sample-proxy
CID44971_GGACAGAAGCGACGTA,13.515301,9.984269,8,T / NK,0.6453881461079718,CID44971-sample-proxy
CID44971_TCAGGTAAGCTCAACT,14.699571,8.052994,8,T / NK,0.6453881461079718,CID44971-sample-proxy
CID44971_GTGCATAAGACCTTTG,15.483148,6.3786163,8,T / NK,0.6453881461079718,CID44971-sample-proxy
CID44971_GTGTTAGTCATCATTC,15.570323,6.4367504,8,T / NK,0.6453881461079718,CID44971-sample-proxy
CID44971_AAAGATGAGTGACTCT,13.947183,7.9120355,8,T / NK,0.6453881461079718,CID44971-sample-proxy
CID44971_CACCTTGAGTCATCCA,14.730932,7.2086787,8,T / NK,0.6453881461079718,CID44971-sample-proxy
CID44971_ACTTTCAAGTCTCAAC,10.233451,12.096193,6,T / NK,0.8618196133881085,CID44971-sample-proxy
CID44971_AGCGTCGCAGCTGCAC,10.719811,11.403155,8,T / NK,0.6453881461079718,CID44971-sample-proxy
CID44971_GGACAAGAGCGTCAAG,11.199223,11.141826,8,T / NK,0.6453881461079718,CID44971-sample-proxy
CID44971_CTACATTAGTGTGAAT,14.720766,6.9032884,8,T / NK,0.6453881461079718,CID44971-sample-proxy
CID44971_TGGGCGTCATTTCACT,14.754911,7.4377055,8,T / NK,0.6453881461079718,CID44971-sample-proxy
CID44971_TTTCCTCTCCCTCTTT,15.059269,7.5151706,8,T / NK,0.6453881461079718,CID44971-sample-proxy
CID44971_CCTTCGAAGCCTCGTG,12.245116,1.8476362,12,T / NK,0.4770807032896049,CID44971-sample-proxy
CID44971_GGGATGAAGGAATCGC,11.981468,1.7351394,12,T / NK,0.4770807032896049,CID44971-sample-proxy
CID44971_TGCGCAGTCACTTCAT,12.296962,1.9529655,12,T / NK,0.4770807032896049,CID44971-sample-proxy
CID44971_TCTTTCCGTTACGTCA,14.299494,6.3157177,10,T / NK,0.35721909436771326,CID44971-sample-proxy
CID44971_AACTCCCGTGCAACTT,15.497264,2.3369584,11,T / NK,0.6277997926081639,CID44971-sample-proxy
CID44971_ACACCGGAGATGTGTA,15.2383795,1.9379174,11,T / NK,0.6277997926081639,CID44971-sample-proxy
CID44971_ATCATGGCAGCGAACA,14.556726,1.1264046,11,T / NK,0.6277997926081639,CID44971-sample-proxy
CID44971_CAGAGAGCACCGAAAG,14.175817,1.1176642,11,T / NK,0.6277997926081639,CID44971-sample-proxy
CID44971_CTGAAACGTTGCCTCT,15.260452,1.7433708,11,T / NK,0.6277997926081639,CID44971-sample-proxy
CID44971_TCCACACAGGGCATGT,15.412433,2.222257,11,T / NK,0.6277997926081639,CID44971-sample-proxy
CID44971_TTTGGTTTCAGTGCAT,15.64998,2.9057324,11,T / NK,0.6277997926081639,CID44971-sample-proxy
CID44971_TAGCCGGTCTGGCGAC,15.523591,5.7105484,11,T / NK,0.6277997926081639,CID44971-sample-proxy
CID44971_AAGGAGCGTCTAGTGT,15.949074,5.796967,11,T / NK,0.6277997926081639,CID44971-sample-proxy
CID44971_AGCTCCTCACCCATGG,14.563932,3.931192,11,T / NK,0.6277997926081639,CID44971-sample-proxy
CID44971_CACCTTGCATCTACGA,15.480162,4.1237693,11,T / NK,0.6277997926081639,CID44971-sample-proxy
CID44971_CGTCAGGTCACAATGC,14.824572,2.24934,11,T / NK,0.6277997926081639,CID44971-sample-proxy
CID44971_GGGCATCTCACATGCA,15.146378,4.3366237,11,T / NK,0.6277997926081639,CID44971-sample-proxy
CID44971_GCGCGATGTCGCTTCT,15.636738,6.9669275,8,T / NK,0.6453881461079718,CID44971-sample-proxy
CID44971_AATCCAGTCAACACAC,15.455158,5.347889,11,T / NK,0.6277997926081639,CID44971-sample-proxy
CID44971_AATCGGTCAGGGCATA,15.502667,6.2079496,11,T / NK,0.6277997926081639,CID44971-sample-proxy
CID44971_ACCTTTAAGCTAGTTC,15.712757,5.849336,11,T / NK,0.6277997926081639,CID44971-sample-proxy
CID44971_AGCAGCCAGCTGGAAC,15.6640415,3.8929274,11,T / NK,0.6277997926081639,CID44971-sample-proxy
CID44971_CAGTAACAGCGGCTTC,15.70364,4.4970803,11,T / NK,0.6277997926081639,CID44971-sample-proxy
CID44971_CCGGGATAGCAGATCG,15.68837,5.4916654,11,T / NK,0.6277997926081639,CID44971-sample-proxy
CID44971_CCGTGGAGTGTAAGTA,15.642025,4.8330617,11,T / NK,0.6277997926081639,CID44971-sample-proxy
CID44971_CGGCTAGAGCTAGGCA,15.870867,5.238031,11,T / NK,0.6277997926081639,CID44971-sample-proxy
CID44971_GGCAATTGTGAGTATA,15.1963825,4.4605765,11,T / NK,0.6277997926081639,CID44971-sample-proxy
CID44971_TACACGAAGACGCTTT,15.264075,5.067073,11,T / NK,0.6277997926081639,CID44971-sample-proxy
CID44971_TCTATTGAGAAGAAGC,15.893988,4.681027,11,T / NK,0.6277997926081639,CID44971-sample-proxy
CID44971_AGCGTATCATTCCTCG,14.997093,7.079348,8,T / NK,0.6453881461079718,CID44971-sample-proxy
CID44971_CACACTCAGAGGGATA,14.980536,6.563978,8,T / NK,0.6453881461079718,CID44971-sample-proxy
CID44971_CCACTACTCTCCCTGA,15.046354,5.641086,8,T / NK,0.6453881461079718,CID44971-sample-proxy
CID44971_CGCTATCCAGGCGATA,14.673832,7.342548,10,T / NK,0.35721909436771326,CID44971-sample-proxy
CID44971_CGGACGTCATGCAACT,16.039867,6.3690515,8,T / NK,0.6453881461079718,CID44971-sample-proxy
CID44971_CGTCACTTCTCTTGAT,14.925348,4.6002636,11,T / NK,0.6277997926081639,CID44971-sample-proxy
CID44971_GACTGCGTCAGCGATT,15.697804,6.296942,8,T / NK,0.6453881461079718,CID44971-sample-proxy
CID44971_GCACATAAGACCGGAT,15.160613,4.09645,11,T / NK,0.6277997926081639,CID44971-sample-proxy
CID44971_GTGCTTCAGGGCTCTC,15.239409,4.954979,11,T / NK,0.6277997926081639,CID44971-sample-proxy
CID44971_AAACGGGGTTACTGAC,13.989143,5.575133,11,T / NK,0.6277997926081639,CID44971-sample-proxy
CID44971_GAGGTGAGTTACGCGC,14.64918,3.7888906,11,T / NK,0.6277997926081639,CID44971-sample-proxy
CID44971_GCGCCAATCGGAAATA,13.584309,5.714144,11,T / NK,0.6277997926081639,CID44971-sample-proxy
CID44971_GCACATATCTCGGACG,15.612801,4.433084,11,T / NK,0.6277997926081639,CID44971-sample-proxy
CID44971_ATTGGACGTACATGTC,13.2858515,7.015204,10,T / NK,0.35721909436771326,CID44971-sample-proxy
CID44971_ATTGGTGCAACAACCT,14.1807785,5.6581745,11,T / NK,0.6277997926081639,CID44971-sample-proxy
CID44971_CACAGTAAGCGATATA,15.479464,4.85016,11,T / NK,0.6277997926081639,CID44971-sample-proxy
CID44971_AAACCTGGTGGTACAG,15.916541,4.594615,11,T / NK,0.6277997926081639,CID44971-sample-proxy
CID44971_AAACGGGTCCAGTATG,13.876373,1.0978366,11,T / NK,0.6277997926081639,CID44971-sample-proxy
CID44971_AAACGGGTCCCTAATT,15.579285,3.5607243,11,T / NK,0.6277997926081639,CID44971-sample-proxy
CID44971_AAAGATGAGATGGGTC,13.940968,3.964702,11,T / NK,0.6277997926081639,CID44971-sample-proxy
CID44971_AAAGATGGTAGCTAAA,14.320133,3.4890864,11,T / NK,0.6277997926081639,CID44971-sample-proxy
CID44971_AAATGCCAGGCCATAG,14.252006,3.4063945,11,T / NK,0.6277997926081639,CID44971-sample-proxy
CID44971_AACCATGAGCCTCGTG,15.204326,1.6061621,11,T / NK,0.6277997926081639,CID44971-sample-proxy
CID44971_AACCGCGAGTTGAGAT,15.173591,3.5152156,11,T / NK,0.6277997926081639,CID44971-sample-proxy
CID44971_AACGTTGGTCGGCATC,15.356128,2.4895809,11,T / NK,0.6277997926081639,CID44971-sample-proxy
CID44971_AACTCAGTCGCGCCAA,13.905613,6.2678857,10,T / NK,0.35721909436771326,CID44971-sample-proxy
CID44971_AACTCCCCAAATTGCC,14.871313,3.0659442,11,T / NK,0.6277997926081639,CID44971-sample-proxy
CID44971_AACTCTTAGTGGGTTG,14.393651,1.8975152,11,T / NK,0.6277997926081639,CID44971-sample-proxy
CID44971_AACTGGTAGTCAATAG,15.858224,2.1494982,11,T / NK,0.6277997926081639,CID44971-sample-proxy
CID44971_AACTGGTCAAGAAGAG,13.91319,4.0572405,11,T / NK,0.6277997926081639,CID44971-sample-proxy
CID44971_AACTGGTCAAGGACTG,15.510479,3.0930796,11,T / NK,0.6277997926081639,CID44971-sample-proxy
CID44971_AACTTTCTCCGTACAA,15.2492,2.2946546,11,T / NK,0.6277997926081639,CID44971-sample-proxy
CID44971_AACTTTCTCTTCAACT,13.831602,0.7861728,11,T / NK,0.6277997926081639,CID44971-sample-proxy
CID44971_AAGACCTCACAGACTT,15.25359,5.332065,11,T / NK,0.6277997926081639,CID44971-sample-proxy
CID44971_AAGCCGCAGTACTTGC,15.224972,1.6850038,11,T / NK,0.6277997926081639,CID44971-sample-proxy
CID44971_AAGCCGCGTCTTCAAG,15.326497,3.5572603,11,T / NK,0.6277997926081639,CID44971-sample-proxy
CID44971_AAGCCGCTCGAGGTAG,15.344005,3.3625362,11,T / NK,0.6277997926081639,CID44971-sample-proxy
CID44971_AAGGAGCGTTATGCGT,14.163467,4.7764792,11,T / NK,0.6277997926081639,CID44971-sample-proxy
CID44971_AAGGCAGGTAAGGGCT,15.87249,5.0210266,11,T / NK,0.6277997926081639,CID44971-sample-proxy
CID44971_AAGGTTCCACATGACT,15.381697,4.5124817,11,T / NK,0.6277997926081639,CID44971-sample-proxy
CID44971_AAGGTTCCACGTCTCT,14.838676,3.77416,11,T / NK,0.6277997926081639,CID44971-sample-proxy
CID44971_AAGGTTCGTAGAGGAA,16.39602,2.863324,11,T / NK,0.6277997926081639,CID44971-sample-proxy
CID44971_AAGTCTGGTTAAGTAG,17.988075,3.8512857,9,T / NK,0.7929964621147112,CID44971-sample-proxy
CID44971_AATCCAGAGACGCTTT,15.9901705,5.8070083,11,T / NK,0.6277997926081639,CID44971-sample-proxy
CID44971_AATCCAGTCATGCATG,15.210823,4.042403,11,T / NK,0.6277997926081639,CID44971-sample-proxy
CID44971_AATCGGTAGGATGGTC,15.3697815,4.128378,11,T / NK,0.6277997926081639,CID44971-sample-proxy
CID44971_AATCGGTTCATCGATG,15.04342,1.8157752,11,T / NK,0.6277997926081639,CID44971-sample-proxy
CID44971_ACACCCTCACGGTAAG,14.726174,3.3598473,11,T / NK,0.6277997926081639,CID44971-sample-proxy
CID44971_ACACCGGGTACCATCA,15.832775,2.4334614,11,T / NK,0.6277997926081639,CID44971-sample-proxy
CID44971_ACACCGGGTCTGATCA,14.877757,3.538453,11,T / NK,0.6277997926081639,CID44971-sample-proxy
CID44971_ACACTGATCGTTACAG,14.162397,6.5759883,10,T / NK,0.35721909436771326,CID44971-sample-proxy
CID44971_ACATACGAGACCGGAT,16.69795,2.937461,11,T / NK,0.6277997926081639,CID44971-sample-proxy
CID44971_ACATACGTCAGGCAAG,15.438447,5.1129346,11,T / NK,0.6277997926081639,CID44971-sample-proxy
CID44971_ACATGGTCATATGCTG,15.24098,2.6540573,11,T / NK,0.6277997926081639,CID44971-sample-proxy
CID44971_ACATGGTTCCTCAACC,14.411597,3.574048,11,T / NK,0.6277997926081639,CID44971-sample-proxy
CID44971_ACCAGTAGTGATAAGT,14.717004,4.3005133,11,T / NK,0.6277997926081639,CID44971-sample-proxy
CID44971_ACCCACTAGTGCGATG,14.113536,3.4472835,11,T / NK,0.6277997926081639,CID44971-sample-proxy
CID44971_ACCCACTCAGCTCGCA,13.737077,5.0403214,11,T / NK,0.6277997926081639,CID44971-sample-proxy
CID44971_ACCCACTTCATCTGCC,15.726922,4.6765165,11,T / NK,0.6277997926081639,CID44971-sample-proxy
CID44971_ACCTTTACATTATCTC,15.38771,4.3054924,11,T / NK,0.6277997926081639,CID44971-sample-proxy
CID44971_ACCTTTATCTCTAGGA,15.377356,3.1029475,11,T / NK,0.6277997926081639,CID44971-sample-proxy
CID44971_ACGAGCCAGATGCCTT,14.829462,1.2633581,11,T / NK,0.6277997926081639,CID44971-sample-proxy
CID44971_ACGAGCCAGGATTCGG,14.854124,3.446096,11,T / NK,0.6277997926081639,CID44971-sample-proxy
CID44971_ACGAGCCAGTGGGATC,14.38544,1.3360969,11,T / NK,0.6277997926081639,CID44971-sample-proxy
CID44971_ACGAGCCCACAGACAG,14.327538,1.1656227,11,T / NK,0.6277997926081639,CID44971-sample-proxy
CID44971_ACGAGCCCAGTCAGCC,14.348222,3.2162015,11,T / NK,0.6277997926081639,CID44971-sample-proxy
CID44971_ACGAGCCGTGTCTGAT,14.967846,2.89224,11,T / NK,0.6277997926081639,CID44971-sample-proxy
CID44971_ACGAGGACACCGGAAA,15.176963,4.848472,11,T / NK,0.6277997926081639,CID44971-sample-proxy
CID44971_ACGATGTCAGACACTT,14.873107,2.4540026,11,T / NK,0.6277997926081639,CID44971-sample-proxy
CID44971_ACGCCAGTCTGATTCT,15.25824,2.077414,11,T / NK,0.6277997926081639,CID44971-sample-proxy
CID44971_ACGCCGAGTACCGGCT,14.771509,2.8413815,11,T / NK,0.6277997926081639,CID44971-sample-proxy
CID44971_ACGGAGAGTTATCACG,14.55226,1.7063179,11,T / NK,0.6277997926081639,CID44971-sample-proxy
CID44971_ACGGCCAAGGTGCACA,14.901142,3.1835308,11,T / NK,0.6277997926081639,CID44971-sample-proxy
CID44971_ACGGCCACAGGCGATA,15.071778,1.1779621,11,T / NK,0.6277997926081639,CID44971-sample-proxy
CID44971_ACGGGCTGTCAAACTC,14.141926,1.5673441,11,T / NK,0.6277997926081639,CID44971-sample-proxy
CID44971_ACGGGCTGTCTCTTAT,15.057143,3.2600489,11,T / NK,0.6277997926081639,CID44971-sample-proxy
CID44971_ACGGGTCGTAGTGAAT,15.802835,5.011272,11,T / NK,0.6277997926081639,CID44971-sample-proxy
CID44971_ACGTCAATCTTAGAGC,15.475469,4.7969513,11,T / NK,0.6277997926081639,CID44971-sample-proxy
CID44971_ACTGAACGTCCCGACA,14.604123,1.9218789,11,T / NK,0.6277997926081639,CID44971-sample-proxy
CID44971_ACTGAACGTCTCCCTA,15.348594,2.9028418,11,T / NK,0.6277997926081639,CID44971-sample-proxy
CID44971_ACTGATGGTCTCATCC,15.403605,3.5453234,11,T / NK,0.6277997926081639,CID44971-sample-proxy
CID44971_ACTGATGTCGCAAGCC,14.802332,4.7344384,11,T / NK,0.6277997926081639,CID44971-sample-proxy
CID44971_ACTGCTCAGTACGTAA,14.352672,3.861738,11,T / NK,0.6277997926081639,CID44971-sample-proxy
CID44971_ACTGCTCGTATAGGTA,15.118485,3.3555677,11,T / NK,0.6277997926081639,CID44971-sample-proxy
CID44971_ACTGCTCTCCTGCTTG,15.645026,7.202074,8,T / NK,0.6453881461079718,CID44971-sample-proxy
CID44971_ACTTACTAGCCTATGT,14.112154,1.8575984,11,T / NK,0.6277997926081639,CID44971-sample-proxy
CID44971_ACTTACTGTGCCTGGT,14.213328,4.0338354,11,T / NK,0.6277997926081639,CID44971-sample-proxy
CID44971_ACTTGTTAGGCCGAAT,15.178324,3.6437836,11,T / NK,0.6277997926081639,CID44971-sample-proxy
CID44971_ACTTGTTCAAGACGTG,15.481973,4.5423136,11,T / NK,0.6277997926081639,CID44971-sample-proxy
CID44971_ACTTGTTGTATTAGCC,14.909838,4.8485603,11,T / NK,0.6277997926081639,CID44971-sample-proxy
CID44971_ACTTGTTTCCAATGGT,15.495854,2.8323495,11,T / NK,0.6277997926081639,CID44971-sample-proxy
CID44971_ACTTTCATCCGTAGGC,15.554406,1.7155374,11,T / NK,0.6277997926081639,CID44971-sample-proxy
CID44971_AGACGTTAGAATTGTG,14.984247,3.5830703,11,T / NK,0.6277997926081639,CID44971-sample-proxy
CID44971_AGACGTTAGCAGGTCA,14.456937,1.1250618,11,T / NK,0.6277997926081639,CID44971-sample-proxy
CID44971_AGACGTTGTGCCTGGT,14.139232,2.1794174,11,T / NK,0.6277997926081639,CID44971-sample-proxy
CID44971_AGAGCGAAGAGTAATC,15.267578,3.4897892,11,T / NK,0.6277997926081639,CID44971-sample-proxy
CID44971_AGAGCGACATCATCCC,14.428777,3.1357865,11,T / NK,0.6277997926081639,CID44971-sample-proxy
CID44971_AGAGCTTAGGGCTTCC,15.245911,3.4836888,11,T / NK,0.6277997926081639,CID44971-sample-proxy
CID44971_AGAGTGGAGTACACCT,15.542283,4.2165284,11,T / NK,0.6277997926081639,CID44971-sample-proxy
CID44971_AGAGTGGTCATCGATG,14.182162,4.3119707,11,T / NK,0.6277997926081639,CID44971-sample-proxy
CID44971_AGATCTGGTTTGTTGG,14.945276,4.685994,11,T / NK,0.6277997926081639,CID44971-sample-proxy
CID44971_AGCAGCCCACCATGTA,15.528495,4.6655154,11,T / NK,0.6277997926081639,CID44971-sample-proxy
CID44971_AGCATACGTCTAGCCG,14.698392,1.4136825,11,T / NK,0.6277997926081639,CID44971-sample-proxy
CID44971_AGCCTAACAGGGTATG,13.853266,4.4493833,11,T / NK,0.6277997926081639,CID44971-sample-proxy
CID44971_AGCCTAAGTATCAGTC,15.351799,2.7391508,11,T / NK,0.6277997926081639,CID44971-sample-proxy
CID44971_AGCCTAATCAGCTCTC,15.243186,3.8262515,11,T / NK,0.6277997926081639,CID44971-sample-proxy
CID44971_AGCCTAATCATGTGGT,15.006338,3.0843732,11,T / NK,0.6277997926081639,CID44971-sample-proxy
CID44971_AGCCTAATCTTACCGC,15.451223,3.3915129,11,T / NK,0.6277997926081639,CID44971-sample-proxy
CID44971_AGCGGTCCACATTAGC,15.632541,3.9963298,11,T / NK,0.6277997926081639,CID44971-sample-proxy
CID44971_AGCGGTCCATGACATC,14.62233,2.4563103,11,T / NK,0.6277997926081639,CID44971-sample-proxy
CID44971_AGCTCCTGTTATTCTC,14.451465,3.5666003,11,T / NK,0.6277997926081639,CID44971-sample-proxy
CID44971_AGCTTGACACATGTGT,14.24801,3.1061661,11,T / NK,0.6277997926081639,CID44971-sample-proxy
CID44971_AGGCCACAGTGCTGCC,17.730778,3.5697024,9,T / NK,0.7929964621147112,CID44971-sample-proxy
CID44971_AGGCCGTTCCTTTCGG,14.065715,4.9146256,11,T / NK,0.6277997926081639,CID44971-sample-proxy
CID44971_AGGGAGTTCACAATGC,16.567066,3.3623116,11,T / NK,0.6277997926081639,CID44971-sample-proxy
CID44971_AGGGATGGTTTCGCTC,14.318427,3.4781597,11,T / NK,0.6277997926081639,CID44971-sample-proxy
CID44971_AGGGATGTCGCAAACT,15.232612,4.3615665,11,T / NK,0.6277997926081639,CID44971-sample-proxy
CID44971_AGGGATGTCGGAATCT,14.598692,3.6365256,11,T / NK,0.6277997926081639,CID44971-sample-proxy
CID44971_AGGGTGACAATTGCTG,15.54353,2.5826545,11,T / NK,0.6277997926081639,CID44971-sample-proxy
CID44971_AGGTCATCATAAAGGT,14.707334,1.5220455,11,T / NK,0.6277997926081639,CID44971-sample-proxy
CID44971_AGTCTTTAGGACCACA,16.725777,2.7730489,11,T / NK,0.6277997926081639,CID44971-sample-proxy
CID44971_AGTGAGGTCCAAACAC,14.694307,3.4281356,11,T / NK,0.6277997926081639,CID44971-sample-proxy
CID44971_AGTGGGAGTTTAGGAA,13.956582,1.3906088,11,T / NK,0.6277997926081639,CID44971-sample-proxy
CID44971_AGTGTCACAGACAAGC,14.724075,1.4705513,11,T / NK,0.6277997926081639,CID44971-sample-proxy
CID44971_AGTGTCATCCGCAGTG,14.461812,5.203828,11,T / NK,0.6277997926081639,CID44971-sample-proxy
CID44971_ATAACGCAGTACGTAA,16.939054,3.1717317,11,T / NK,0.6277997926081639,CID44971-sample-proxy
CID44971_ATAAGAGAGGATCGCA,14.655077,3.0767658,11,T / NK,0.6277997926081639,CID44971-sample-proxy
CID44971_ATAAGAGCATACAGCT,16.518627,3.5037034,11,T / NK,0.6277997926081639,CID44971-sample-proxy
CID44971_ATAGACCCACCAGGTC,14.908233,2.2333136,11,T / NK,0.6277997926081639,CID44971-sample-proxy
CID44971_ATAGACCGTCACCTAA,15.16812,1.5549151,11,T / NK,0.6277997926081639,CID44971-sample-proxy
CID44971_ATCACGAAGTACGTTC,14.519304,1.6679198,11,T / NK,0.6277997926081639,CID44971-sample-proxy
CID44971_ATCCACCAGCCCAACC,15.599741,4.2063375,11,T / NK,0.6277997926081639,CID44971-sample-proxy
CID44971_ATCCGAATCCTCCTAG,15.773166,3.1713927,11,T / NK,0.6277997926081639,CID44971-sample-proxy
CID44971_ATCGAGTTCGGACAAG,14.548402,1.1953549,11,T / NK,0.6277997926081639,CID44971-sample-proxy
CID44971_ATCTACTTCCTTTACA,15.522692,3.1581047,11,T / NK,0.6277997926081639,CID44971-sample-proxy
CID44971_ATCTGCCTCCCTCAGT,15.191682,5.078314,11,T / NK,0.6277997926081639,CID44971-sample-proxy
CID44971_ATCTGCCTCTTAACCT,14.6350355,1.6650715,11,T / NK,0.6277997926081639,CID44971-sample-proxy
CID44971_ATGAGGGTCAAAGACA,14.997757,1.9676723,11,T / NK,0.6277997926081639,CID44971-sample-proxy
CID44971_ATGGGAGCATGGAATA,14.400257,1.4188341,11,T / NK,0.6277997926081639,CID44971-sample-proxy
CID44971_ATGTGTGAGCGATTCT,15.308647,4.9226527,11,T / NK,0.6277997926081639,CID44971-sample-proxy
CID44971_ATGTGTGCATCCCATC,14.305668,2.2668905,11,T / NK,0.6277997926081639,CID44971-sample-proxy
CID44971_ATTACTCAGATGTCGG,14.017958,1.9045881,11,T / NK,0.6277997926081639,CID44971-sample-proxy
CID44971_ATTACTCTCCTTCAAT,14.776338,4.9015512,11,T / NK,0.6277997926081639,CID44971-sample-proxy
CID44971_ATTGGTGAGGCATTGG,15.359432,2.21811,11,T / NK,0.6277997926081639,CID44971-sample-proxy
CID44971_ATTTCTGAGCGCTCCA,15.661749,4.718446,11,T / NK,0.6277997926081639,CID44971-sample-proxy
CID44971_ATTTCTGTCCGTAGGC,14.801164,2.470295,11,T / NK,0.6277997926081639,CID44971-sample-proxy
CID44971_CAACCAAAGCGCCTTG,14.38092,3.7712264,11,T / NK,0.6277997926081639,CID44971-sample-proxy
CID44971_CAACCAAAGGCAAAGA,13.983034,0.85895383,11,T / NK,0.6277997926081639,CID44971-sample-proxy
CID44971_CAACCAAGTGCTCTTC,14.039629,4.0082955,11,T / NK,0.6277997926081639,CID44971-sample-proxy
CID44971_CAACCTCAGTGTTAGA,15.587578,3.4514794,11,T / NK,0.6277997926081639,CID44971-sample-proxy
CID44971_CAACCTCTCTCCAGGG,14.121978,5.479261,11,T / NK,0.6277997926081639,CID44971-sample-proxy
CID44971_CAACTAGAGAGATGAG,14.079617,3.9794288,11,T / NK,0.6277997926081639,CID44971-sample-proxy
CID44971_CAACTAGCACCCATTC,15.394965,1.9476255,11,T / NK,0.6277997926081639,CID44971-sample-proxy
CID44971_CAAGAAAAGCGTCAAG,13.796896,4.334626,11,T / NK,0.6277997926081639,CID44971-sample-proxy
CID44971_CAAGGCCGTTATTCTC,15.440439,4.8778124,11,T / NK,0.6277997926081639,CID44971-sample-proxy
CID44971_CAAGGCCGTTTGGGCC,14.202439,0.79834145,11,T / NK,0.6277997926081639,CID44971-sample-proxy
CID44971_CACACAAAGTAGCCGA,15.603095,4.464566,11,T / NK,0.6277997926081639,CID44971-sample-proxy
CID44971_CACACAAGTAATTGGA,13.4410515,6.295326,10,T / NK,0.35721909436771326,CID44971-sample-proxy
CID44971_CACACAATCTACGAGT,15.220689,4.857985,11,T / NK,0.6277997926081639,CID44971-sample-proxy
CID44971_CACACCTAGGCCCGTT,14.365725,2.670641,11,T / NK,0.6277997926081639,CID44971-sample-proxy
CID44971_CACACCTCAATCGGTT,15.24933,3.4100885,11,T / NK,0.6277997926081639,CID44971-sample-proxy
CID44971_CACACTCCACCGAAAG,14.871654,3.6618783,11,T / NK,0.6277997926081639,CID44971-sample-proxy
CID44971_CACACTCCAGTAACGG,17.913546,3.6020892,9,T / NK,0.7929964621147112,CID44971-sample-proxy
CID44971_CACAGTACAAACCCAT,14.521056,3.0593402,11,T / NK,0.6277997926081639,CID44971-sample-proxy
CID44971_CACATAGGTGTTAAGA,15.126161,1.7551111,11,T / NK,0.6277997926081639,CID44971-sample-proxy
CID44971_CACATTTGTGACCAAG,15.277079,5.3054895,11,T / NK,0.6277997926081639,CID44971-sample-proxy
CID44971_CACCAGGCATTCCTGC,14.637916,0.9986805,11,T / NK,0.6277997926081639,CID44971-sample-proxy
CID44971_CACCAGGGTTATCGGT,14.8454075,2.9894032,11,T / NK,0.6277997926081639,CID44971-sample-proxy
CID44971_CACCAGGTCACTGGGC,14.99748,2.048543,11,T / NK,0.6277997926081639,CID44971-sample-proxy
CID44971_CACCTTGAGAGCTGCA,15.481246,3.8046079,11,T / NK,0.6277997926081639,CID44971-sample-proxy
CID44971_CACTCCATCTCAACTT,14.957559,4.0367384,11,T / NK,0.6277997926081639,CID44971-sample-proxy
CID44971_CAGAATCCATGAGCGA,15.240674,3.083859,11,T / NK,0.6277997926081639,CID44971-sample-proxy
CID44971_CAGAGAGAGAGCCCAA,14.299232,5.8840413,10,T / NK,0.35721909436771326,CID44971-sample-proxy
CID44971_CAGCAGCGTCCAAGTT,15.401382,2.2424667,11,T / NK,0.6277997926081639,CID44971-sample-proxy
CID44971_CAGCATAGTCATCGGC,14.278466,3.4379299,11,T / NK,0.6277997926081639,CID44971-sample-proxy
CID44971_CAGCCGACACCCATGG,14.013698,2.8128703,11,T / NK,0.6277997926081639,CID44971-sample-proxy
CID44971_CAGCCGACAGCTCCGA,15.503018,3.8127038,11,T / NK,0.6277997926081639,CID44971-sample-proxy
CID44971_CAGCCGAGTCCGAATT,15.29048,1.9808552,11,T / NK,0.6277997926081639,CID44971-sample-proxy
CID44971_CAGCTAAGTCACCCAG,15.179352,1.4938693,11,T / NK,0.6277997926081639,CID44971-sample-proxy
CID44971_CAGCTGGTCGGACAAG,14.683986,4.3100204,11,T / NK,0.6277997926081639,CID44971-sample-proxy
CID44971_CAGGTGCAGGCACATG,15.33032,4.613037,11,T / NK,0.6277997926081639,CID44971-sample-proxy
CID44971_CAGGTGCTCCTAGGGC,14.397128,3.5387511,11,T / NK,0.6277997926081639,CID44971-sample-proxy
CID44971_CAGTAACAGTTAAGTG,15.4835615,3.8416345,11,T / NK,0.6277997926081639,CID44971-sample-proxy
CID44971_CAGTCCTAGGCCATAG,14.419699,2.8236606,11,T / NK,0.6277997926081639,CID44971-sample-proxy
CID44971_CATATGGCAGACAGGT,15.228862,1.7688962,11,T / NK,0.6277997926081639,CID44971-sample-proxy
CID44971_CATATTCCAAGTTCTG,15.437546,2.086299,11,T / NK,0.6277997926081639,CID44971-sample-proxy
CID44971_CATATTCTCATCACCC,14.018032,3.6603143,11,T / NK,0.6277997926081639,CID44971-sample-proxy
CID44971_CATCAAGAGTTCGCGC,14.901212,3.5255222,11,T / NK,0.6277997926081639,CID44971-sample-proxy
CID44971_CATCAAGGTCTTCGTC,15.327442,4.802131,11,T / NK,0.6277997926081639,CID44971-sample-proxy
CID44971_CATCAGACAAGGTTCT,15.529842,4.487958,11,T / NK,0.6277997926081639,CID44971-sample-proxy
CID44971_CATCAGAGTCCGCTGA,13.988945,3.1781814,11,T / NK,0.6277997926081639,CID44971-sample-proxy
CID44971_CATCAGATCGCAGGCT,15.572072,2.5408027,11,T / NK,0.6277997926081639,CID44971-sample-proxy
CID44971_CATCGAAAGAAGGTGA,13.7888155,4.9168763,11,T / NK,0.6277997926081639,CID44971-sample-proxy
CID44971_CATCGAACATTCGACA,15.419897,2.855094,11,T / NK,0.6277997926081639,CID44971-sample-proxy
CID44971_CATGACAAGCCATCGC,14.779839,4.3641562,11,T / NK,0.6277997926081639,CID44971-sample-proxy
CID44971_CATGACATCAAGCCTA,15.592686,3.5820732,11,T / NK,0.6277997926081639,CID44971-sample-proxy
CID44971_CATGCCTTCCTCCTAG,15.18862,2.4254422,11,T / NK,0.6277997926081639,CID44971-sample-proxy
CID44971_CATGGCGGTGTGCGTC,14.049962,4.6993666,11,T / NK,0.6277997926081639,CID44971-sample-proxy
CID44971_CATTATCGTGCACCAC,13.985608,4.453757,11,T / NK,0.6277997926081639,CID44971-sample-proxy
CID44971_CATTCGCTCTACTTAC,14.734196,3.328365,11,T / NK,0.6277997926081639,CID44971-sample-proxy
CID44971_CCACCTATCAGAGCTT,15.889622,4.534779,11,T / NK,0.6277997926081639,CID44971-sample-proxy
CID44971_CCACTACCAGCTCGAC,14.041806,4.581017,11,T / NK,0.6277997926081639,CID44971-sample-proxy
CID44971_CCACTACTCTATCCCG,13.701772,4.7055435,11,T / NK,0.6277997926081639,CID44971-sample-proxy
CID44971_CCAGCGACAATGGAAT,15.253835,1.7231504,11,T / NK,0.6277997926081639,CID44971-sample-proxy
CID44971_CCATGTCCACCGAATT,14.45033,1.9012243,11,T / NK,0.6277997926081639,CID44971-sample-proxy
CID44971_CCATTCGGTAGCTAAA,17.91702,3.65978,9,T / NK,0.7929964621147112,CID44971-sample-proxy
CID44971_CCCAGTTTCCGTAGGC,14.698115,1.2858015,11,T / NK,0.6277997926081639,CID44971-sample-proxy
CID44971_CCCTCCTCATGCAACT,13.882793,1.0092722,11,T / NK,0.6277997926081639,CID44971-sample-proxy
CID44971_CCGGTAGAGAAGCCCA,15.531828,3.444978,11,T / NK,0.6277997926081639,CID44971-sample-proxy
CID44971_CCGGTAGCATACTACG,14.149814,1.2504925,11,T / NK,0.6277997926081639,CID44971-sample-proxy
CID44971_CCGTACTAGTTCCACA,14.845987,4.4227138,11,T / NK,0.6277997926081639,CID44971-sample-proxy
CID44971_CCGTACTCACAGGAGT,13.765494,4.0756583,11,T / NK,0.6277997926081639,CID44971-sample-proxy
CID44971_CCGTACTGTCTAACGT,14.934718,2.252412,11,T / NK,0.6277997926081639,CID44971-sample-proxy
CID44971_CCGTGGATCCGAATGT,14.171994,1.748222,11,T / NK,0.6277997926081639,CID44971-sample-proxy
CID44971_CCGTTCAAGAGTAATC,14.601312,1.3508676,11,T / NK,0.6277997926081639,CID44971-sample-proxy
CID44971_CCGTTCAGTCCCTACT,13.974462,4.1171646,11,T / NK,0.6277997926081639,CID44971-sample-proxy
CID44971_CCGTTCATCAGGTTCA,14.351559,4.5582232,11,T / NK,0.6277997926081639,CID44971-sample-proxy
CID44971_CCTAAAGCAATCCGAT,14.423367,1.9007132,11,T / NK,0.6277997926081639,CID44971-sample-proxy
CID44971_CCTAAAGTCCTCAACC,14.968653,3.2215288,11,T / NK,0.6277997926081639,CID44971-sample-proxy
CID44971_CCTACACGTAGCTCCG,14.2426405,1.3437496,11,T / NK,0.6277997926081639,CID44971-sample-proxy
CID44971_CCTACCAAGCACGCCT,13.835087,1.1202556,11,T / NK,0.6277997926081639,CID44971-sample-proxy
CID44971_CCTAGCTCAGCTGGCT,13.726314,5.2250133,11,T / NK,0.6277997926081639,CID44971-sample-proxy
CID44971_CCTAGCTGTTCGGCAC,14.69244,1.0273893,11,T / NK,0.6277997926081639,CID44971-sample-proxy
CID44971_CCTATTAGTTCTGGTA,15.284159,2.6772125,11,T / NK,0.6277997926081639,CID44971-sample-proxy
CID44971_CCTATTATCCAATGGT,14.272199,2.648762,11,T / NK,0.6277997926081639,CID44971-sample-proxy
CID44971_CCTATTATCGTAGATC,15.104922,2.1903124,11,T / NK,0.6277997926081639,CID44971-sample-proxy
CID44971_CCTTCCCCAGGCTGAA,15.556648,5.085573,11,T / NK,0.6277997926081639,CID44971-sample-proxy
CID44971_CCTTCGAGTATCAGTC,15.357663,1.8307492,11,T / NK,0.6277997926081639,CID44971-sample-proxy
CID44971_CCTTCGATCCCTCTTT,15.076868,3.6793766,11,T / NK,0.6277997926081639,CID44971-sample-proxy
CID44971_CCTTTCTCATTACCTT,15.800884,4.8736634,11,T / NK,0.6277997926081639,CID44971-sample-proxy
CID44971_CGAACATGTTAAGATG,15.568735,3.7961,11,T / NK,0.6277997926081639,CID44971-sample-proxy
CID44971_CGACCTTCATGTCTCC,15.87318,5.266378,11,T / NK,0.6277997926081639,CID44971-sample-proxy
CID44971_CGACTTCCAACTGGCC,14.656287,5.0560927,11,T / NK,0.6277997926081639,CID44971-sample-proxy
CID44971_CGAGAAGCAACACCCG,14.299062,2.0030696,11,T / NK,0.6277997926081639,CID44971-sample-proxy
CID44971_CGAGCACAGGAGCGTT,14.031047,2.6630182,11,T / NK,0.6277997926081639,CID44971-sample-proxy
CID44971_CGAGCCAAGACACTAA,14.487329,3.8605647,11,T / NK,0.6277997926081639,CID44971-sample-proxy
CID44971_CGATGTACAGGGATTG,16.179052,3.536124,11,T / NK,0.6277997926081639,CID44971-sample-proxy
CID44971_CGATTGAAGTGAAGAG,14.509625,4.9188538,11,T / NK,0.6277997926081639,CID44971-sample-proxy
CID44971_CGCCAAGGTGCTCTTC,15.208281,4.386016,11,T / NK,0.6277997926081639,CID44971-sample-proxy
CID44971_CGCGGTACAAAGGCGT,15.381919,2.0358105,11,T / NK,0.6277997926081639,CID44971-sample-proxy
CID44971_CGCGTTTGTTAGATGA,15.646719,4.8585668,11,T / NK,0.6277997926081639,CID44971-sample-proxy
CID44971_CGCTATCGTCTGATTG,14.572206,1.9556308,11,T / NK,0.6277997926081639,CID44971-sample-proxy
CID44971_CGCTATCGTTGGTGGA,15.05385,3.9594347,11,T / NK,0.6277997926081639,CID44971-sample-proxy
CID44971_CGCTATCTCCAATGGT,15.481378,3.9141884,11,T / NK,0.6277997926081639,CID44971-sample-proxy
CID44971_CGCTATCTCCCAGGTG,15.303438,3.7568877,11,T / NK,0.6277997926081639,CID44971-sample-proxy
CID44971_CGCTTCATCACGCGGT,14.773981,3.1945012,11,T / NK,0.6277997926081639,CID44971-sample-proxy
CID44971_CGGACACCATTACCTT,14.577401,3.9497912,11,T / NK,0.6277997926081639,CID44971-sample-proxy
CID44971_CGGACACTCAGCTGGC,14.456183,2.1026454,11,T / NK,0.6277997926081639,CID44971-sample-proxy
CID44971_CGGAGCTTCTATCCTA,15.58536,4.248716,11,T / NK,0.6277997926081639,CID44971-sample-proxy
CID44971_CGGCTAGCACAACTGT,14.365761,3.344214,11,T / NK,0.6277997926081639,CID44971-sample-proxy
CID44971_CGGCTAGCACACGCTG,13.748247,0.883697,11,T / NK,0.6277997926081639,CID44971-sample-proxy
CID44971_CGGCTAGTCATCTGTT,14.792266,2.7506006,11,T / NK,0.6277997926081639,CID44971-sample-proxy
CID44971_CGGCTAGTCTACCAGA,14.466911,3.2426002,11,T / NK,0.6277997926081639,CID44971-sample-proxy
CID44971_CGGGTCAGTGGTAACG,15.47198,3.2451842,11,T / NK,0.6277997926081639,CID44971-sample-proxy
CID44971_CGGTTAATCTGGAGCC,14.793938,5.2189236,11,T / NK,0.6277997926081639,CID44971-sample-proxy
CID44971_CGTAGCGAGATGTAAC,15.008764,2.595247,11,T / NK,0.6277997926081639,CID44971-sample-proxy
CID44971_CGTAGCGGTCAGAATA,13.95043,4.993293,11,T / NK,0.6277997926081639,CID44971-sample-proxy
CID44971_CGTAGCGGTCCTGCTT,15.554192,3.1597598,11,T / NK,0.6277997926081639,CID44971-sample-proxy
CID44971_CGTAGCGTCCGTTGTC,15.207895,1.4727043,11,T / NK,0.6277997926081639,CID44971-sample-proxy
CID44971_CGTAGCGTCTGTCTAT,15.0567255,4.2312117,11,T / NK,0.6277997926081639,CID44971-sample-proxy
CID44971_CGTCACTCAACGCACC,13.977698,5.37117,11,T / NK,0.6277997926081639,CID44971-sample-proxy
CID44971_CGTCACTCATGCAACT,15.447211,2.3807473,11,T / NK,0.6277997926081639,CID44971-sample-proxy
CID44971_CGTCACTTCACGACTA,14.466051,1.0571107,11,T / NK,0.6277997926081639,CID44971-sample-proxy
CID44971_CGTCAGGGTCTAGTCA,15.07916,5.131054,11,T / NK,0.6277997926081639,CID44971-sample-proxy
CID44971_CGTCAGGGTTCCAACA,15.479271,3.563924,11,T / NK,0.6277997926081639,CID44971-sample-proxy
CID44971_CGTCAGGTCCTAGTGA,15.592638,3.1477945,11,T / NK,0.6277997926081639,CID44971-sample-proxy
CID44971_CGTCCATGTTTCGCTC,14.274752,1.9509362,11,T / NK,0.6277997926081639,CID44971-sample-proxy
CID44971_CGTCTACCAAGAGTCG,15.145347,3.681867,11,T / NK,0.6277997926081639,CID44971-sample-proxy
CID44971_CGTGAGCGTGAAGGCT,14.352775,3.83352,11,T / NK,0.6277997926081639,CID44971-sample-proxy
CID44971_CGTGTAATCACAGTAC,13.694563,4.0617676,11,T / NK,0.6277997926081639,CID44971-sample-proxy
CID44971_CGTGTCTGTATTCTCT,14.376896,1.0364978,11,T / NK,0.6277997926081639,CID44971-sample-proxy
CID44971_CGTTAGAGTTGGTAAA,14.201636,5.00011,11,T / NK,0.6277997926081639,CID44971-sample-proxy
CID44971_CGTTAGATCCCAACGG,14.355627,4.8603773,11,T / NK,0.6277997926081639,CID44971-sample-proxy
CID44971_CGTTGGGCATCGATGT,14.227945,2.2744253,11,T / NK,0.6277997926081639,CID44971-sample-proxy
CID44971_CTAACTTTCCACGTGG,15.058192,2.1075976,11,T / NK,0.6277997926081639,CID44971-sample-proxy
CID44971_CTACACCAGAGGTTAT,15.120619,5.0818486,11,T / NK,0.6277997926081639,CID44971-sample-proxy
CID44971_CTACATTAGGCTCATT,15.5675125,2.1635733,11,T / NK,0.6277997926081639,CID44971-sample-proxy
CID44971_CTACATTCACTAGTAC,17.669569,3.4304104,9,T / NK,0.7929964621147112,CID44971-sample-proxy
CID44971_CTACATTTCTAACGGT,15.261336,3.6711814,11,T / NK,0.6277997926081639,CID44971-sample-proxy
CID44971_CTACGTCGTCCCTACT,15.084293,2.3404622,11,T / NK,0.6277997926081639,CID44971-sample-proxy
CID44971_CTAGCCTTCAACCAAC,14.600487,4.8169928,11,T / NK,0.6277997926081639,CID44971-sample-proxy
CID44971_CTCAGAAGTTATCACG,14.806742,1.5288122,11,T / NK,0.6277997926081639,CID44971-sample-proxy
CID44971_CTCATTAGTAGGCTGA,15.278769,3.8965826,11,T / NK,0.6277997926081639,CID44971-sample-proxy
CID44971_CTCCTAGGTAAGTGTA,14.242909,2.2095678,11,T / NK,0.6277997926081639,CID44971-sample-proxy
CID44971_CTCGAAAGTGTGACGA,14.666648,2.2413132,11,T / NK,0.6277997926081639,CID44971-sample-proxy
CID44971_CTCGGGACACTATCTT,15.102553,5.4491897,11,T / NK,0.6277997926081639,CID44971-sample-proxy
CID44971_CTCGGGATCGTACCGG,15.019722,2.2533004,11,T / NK,0.6277997926081639,CID44971-sample-proxy
CID44971_CTCGTACGTCGGCATC,14.447619,1.6919202,11,T / NK,0.6277997926081639,CID44971-sample-proxy
CID44971_CTCGTCAAGCGATGAC,14.047676,0.8765834,11,T / NK,0.6277997926081639,CID44971-sample-proxy
CID44971_CTCGTCATCTCGCATC,14.0510235,4.240807,11,T / NK,0.6277997926081639,CID44971-sample-proxy
CID44971_CTCTAATTCAACGAAA,15.045761,2.5733902,11,T / NK,0.6277997926081639,CID44971-sample-proxy
CID44971_CTCTACGTCCACGTGG,13.801917,0.82865494,11,T / NK,0.6277997926081639,CID44971-sample-proxy
CID44971_CTGAAGTCAGTCCTTC,14.517236,1.6829811,11,T / NK,0.6277997926081639,CID44971-sample-proxy
CID44971_CTGAAGTCATTCCTCG,15.169912,3.0454376,11,T / NK,0.6277997926081639,CID44971-sample-proxy
CID44971_CTGATAGTCGGAAACG,14.723531,2.0885437,11,T / NK,0.6277997926081639,CID44971-sample-proxy
CID44971_CTGCGGAAGGGAACGG,14.8375845,3.5401065,11,T / NK,0.6277997926081639,CID44971-sample-proxy
CID44971_CTGCTGTAGCGATGAC,15.372636,4.2474437,11,T / NK,0.6277997926081639,CID44971-sample-proxy
CID44971_CTGGTCTTCACTCCTG,14.904369,2.9936392,11,T / NK,0.6277997926081639,CID44971-sample-proxy
CID44971_CTGTGCTAGTGCGATG,15.053697,1.9109088,11,T / NK,0.6277997926081639,CID44971-sample-proxy
CID44971_CTGTGCTGTAGATTAG,14.956639,1.5429649,11,T / NK,0.6277997926081639,CID44971-sample-proxy
CID44971_CTGTGCTTCTTCGGTC,15.868975,4.1109414,11,T / NK,0.6277997926081639,CID44971-sample-proxy
CID44971_CTGTTTAAGGGTTCCC,15.5183115,2.4548485,11,T / NK,0.6277997926081639,CID44971-sample-proxy
CID44971_CTGTTTACAAGTAATG,15.050467,1.9571917,11,T / NK,0.6277997926081639,CID44971-sample-proxy
CID44971_CTGTTTACAATCTGCA,14.774689,5.2304645,11,T / NK,0.6277997926081639,CID44971-sample-proxy
CID44971_CTTAACTAGTCATCCA,14.727551,5.056462,11,T / NK,0.6277997926081639,CID44971-sample-proxy
CID44971_CTTAACTGTACCATCA,14.027002,1.5050168,11,T / NK,0.6277997926081639,CID44971-sample-proxy
CID44971_CTTAACTGTACCGTTA,14.46407,0.99912256,11,T / NK,0.6277997926081639,CID44971-sample-proxy
CID44971_CTTACCGAGACACGAC,16.400019,3.4464774,11,T / NK,0.6277997926081639,CID44971-sample-proxy
CID44971_CTTACCGTCTGTCAAG,14.949611,5.5404177,11,T / NK,0.6277997926081639,CID44971-sample-proxy
CID44971_CTTAGGATCGGAGCAA,15.055682,3.9968119,11,T / NK,0.6277997926081639,CID44971-sample-proxy
CID44971_CTTCTCTCAGCATACT,15.564763,3.6613295,11,T / NK,0.6277997926081639,CID44971-sample-proxy
CID44971_CTTGGCTCACAAGTAA,13.4981575,4.694417,11,T / NK,0.6277997926081639,CID44971-sample-proxy
CID44971_CTTTGCGTCCCAGGTG,13.939765,3.132291,11,T / NK,0.6277997926081639,CID44971-sample-proxy
CID44971_GAAATGAGTGGTGTAG,15.128149,4.1377015,11,T / NK,0.6277997926081639,CID44971-sample-proxy
CID44971_GAACATCTCGCTGATA,14.995212,1.9747176,11,T / NK,0.6277997926081639,CID44971-sample-proxy
CID44971_GAACGGACATCGGAAG,15.5553055,2.9838803,11,T / NK,0.6277997926081639,CID44971-sample-proxy
CID44971_GAACGGAGTGGCAAAC,14.523219,2.1812575,11,T / NK,0.6277997926081639,CID44971-sample-proxy
CID44971_GAAGCAGCACATTAGC,15.58012,2.4355311,11,T / NK,0.6277997926081639,CID44971-sample-proxy
CID44971_GAAGCAGTCATAACCG,14.303698,1.0459508,11,T / NK,0.6277997926081639,CID44971-sample-proxy
CID44971_GAAGCAGTCCGCTGTT,15.526164,2.9955444,11,T / NK,0.6277997926081639,CID44971-sample-proxy
CID44971_GAATAAGAGTGAACAT,14.560052,5.910532,10,T / NK,0.35721909436771326,CID44971-sample-proxy
CID44971_GAATAAGTCCAAATGC,15.5787735,2.5865674,11,T / NK,0.6277997926081639,CID44971-sample-proxy
CID44971_GAATGAAAGTCAATAG,14.948242,3.5186744,11,T / NK,0.6277997926081639,CID44971-sample-proxy
CID44971_GAATGAACACCACCAG,13.3469515,2.1365461,12,T / NK,0.4770807032896049,CID44971-sample-proxy
CID44971_GACACGCGTCTGCGGT,14.383434,3.6456635,11,T / NK,0.6277997926081639,CID44971-sample-proxy
CID44971_GACACGCGTTTGTTTC,14.774299,1.1556832,11,T / NK,0.6277997926081639,CID44971-sample-proxy
CID44971_GACCAATAGTGTGAAT,14.557543,1.0792727,11,T / NK,0.6277997926081639,CID44971-sample-proxy
CID44971_GACCTGGGTTGTGGCC,15.230052,1.7490762,11,T / NK,0.6277997926081639,CID44971-sample-proxy
CID44971_GACGGCTAGAATGTGT,14.837516,2.344863,11,T / NK,0.6277997926081639,CID44971-sample-proxy
CID44971_GACGGCTAGTGGCACA,14.01793,0.9721483,11,T / NK,0.6277997926081639,CID44971-sample-proxy
CID44971_GACGTTATCAACCAAC,14.991912,4.218958,11,T / NK,0.6277997926081639,CID44971-sample-proxy
CID44971_GACTAACAGGGAAACA,14.404125,3.4215903,11,T / NK,0.6277997926081639,CID44971-sample-proxy
CID44971_GACTAACGTTCGTGAT,15.506448,4.3650055,11,T / NK,0.6277997926081639,CID44971-sample-proxy
CID44971_GACTACAAGGGATACC,14.055538,1.3238891,11,T / NK,0.6277997926081639,CID44971-sample-proxy
CID44971_GACTACACATCAGTAC,13.928455,1.0413071,11,T / NK,0.6277997926081639,CID44971-sample-proxy
CID44971_GACTACATCGATGAGG,15.428134,4.730143,11,T / NK,0.6277997926081639,CID44971-sample-proxy
CID44971_GAGGTGAGTTTAAGCC,15.697135,5.4174614,11,T / NK,0.6277997926081639,CID44971-sample-proxy
CID44971_GAGTCCGAGATAGCAT,14.737859,2.669505,11,T / NK,0.6277997926081639,CID44971-sample-proxy
CID44971_GAGTCCGGTAAAGTCA,15.39823,4.625674,11,T / NK,0.6277997926081639,CID44971-sample-proxy
CID44971_GATCAGTCAATGGTCT,14.207321,1.8762498,11,T / NK,0.6277997926081639,CID44971-sample-proxy
CID44971_GATCGCGAGCAACGGT,14.801425,1.7291887,11,T / NK,0.6277997926081639,CID44971-sample-proxy
CID44971_GATCGCGGTAAGTTCC,15.117069,1.4983546,11,T / NK,0.6277997926081639,CID44971-sample-proxy
CID44971_GATCTAGGTCTAGGTT,13.872631,3.7969177,11,T / NK,0.6277997926081639,CID44971-sample-proxy
CID44971_GATGAAAAGCCGATTT,14.3296,3.041953,11,T / NK,0.6277997926081639,CID44971-sample-proxy
CID44971_GATGAAAGTACTCTCC,14.9479685,3.4228675,11,T / NK,0.6277997926081639,CID44971-sample-proxy
CID44971_GATGAAAGTCGAATCT,14.69117,2.3983269,11,T / NK,0.6277997926081639,CID44971-sample-proxy
CID44971_GATGAAAGTTAAAGAC,15.122249,1.4589424,11,T / NK,0.6277997926081639,CID44971-sample-proxy
CID44971_GATGCTACAATGGATA,15.53186,4.3870916,11,T / NK,0.6277997926081639,CID44971-sample-proxy
CID44971_GATGCTATCGGAATCT,15.371997,2.1287072,11,T / NK,0.6277997926081639,CID44971-sample-proxy
CID44971_GCAAACTAGGCAAAGA,15.264626,2.9873865,11,T / NK,0.6277997926081639,CID44971-sample-proxy
CID44971_GCAAACTTCGTATCAG,14.697762,5.70081,11,T / NK,0.6277997926081639,CID44971-sample-proxy
CID44971_GCAATCAAGCCACCTG,15.100753,3.5902803,11,T / NK,0.6277997926081639,CID44971-sample-proxy
CID44971_GCACATAGTCTGATTG,14.989604,3.0131133,11,T / NK,0.6277997926081639,CID44971-sample-proxy
CID44971_GCACATATCCGCATAA,15.06971,3.146635,11,T / NK,0.6277997926081639,CID44971-sample-proxy
CID44971_GCACTCTTCACAGGCC,15.740614,5.175867,11,T / NK,0.6277997926081639,CID44971-sample-proxy
CID44971_GCAGCCATCAACACTG,14.621123,5.3248386,11,T / NK,0.6277997926081639,CID44971-sample-proxy
CID44971_GCAGTTAAGAGTTGGC,14.886039,4.276821,11,T / NK,0.6277997926081639,CID44971-sample-proxy
CID44971_GCAGTTAAGCTAACTC,14.678003,3.6866524,11,T / NK,0.6277997926081639,CID44971-sample-proxy
CID44971_GCAGTTAGTCACTGGC,15.407826,1.9107001,11,T / NK,0.6277997926081639,CID44971-sample-proxy
CID44971_GCAGTTATCAACGCTA,15.655925,4.6484966,11,T / NK,0.6277997926081639,CID44971-sample-proxy
CID44971_GCATACATCGTCACGG,14.244256,1.0339016,11,T / NK,0.6277997926081639,CID44971-sample-proxy
CID44971_GCCAAATCAGATTGCT,15.3444605,2.4087207,11,T / NK,0.6277997926081639,CID44971-sample-proxy
CID44971_GCCAAATTCCTACAGA,15.292064,2.4810889,11,T / NK,0.6277997926081639,CID44971-sample-proxy
CID44971_GCGAGAATCAGAGGTG,15.652285,3.4970052,11,T / NK,0.6277997926081639,CID44971-sample-proxy
CID44971_GCGCAGTAGTTAACGA,13.451995,1.0198841,11,T / NK,0.6277997926081639,CID44971-sample-proxy
CID44971_GCGCCAAGTATGAAAC,15.55732,3.6385963,11,T / NK,0.6277997926081639,CID44971-sample-proxy
CID44971_GCGCCAAGTGTGACCC,14.238627,0.93873346,11,T / NK,0.6277997926081639,CID44971-sample-proxy
CID44971_GCGGGTTGTATCGCAT,15.240886,1.2300084,11,T / NK,0.6277997926081639,CID44971-sample-proxy
CID44971_GCGGGTTTCAGCTCTC,14.014141,4.828905,11,T / NK,0.6277997926081639,CID44971-sample-proxy
CID44971_GCTCCTAAGATCCTGT,14.308298,7.2878785,10,T / NK,0.35721909436771326,CID44971-sample-proxy
CID44971_GCTCTGTCATGCAATC,15.439699,1.937862,11,T / NK,0.6277997926081639,CID44971-sample-proxy
CID44971_GCTGCAGGTTGATTCG,14.670452,5.3939,11,T / NK,0.6277997926081639,CID44971-sample-proxy
CID44971_GCTGCAGTCAATCACG,14.01126,1.2254883,11,T / NK,0.6277997926081639,CID44971-sample-proxy
CID44971_GCTGCGATCATTGCGA,15.376299,1.4903516,11,T / NK,0.6277997926081639,CID44971-sample-proxy
CID44971_GCTGCTTTCCACGACG,17.486343,3.3104575,9,T / NK,0.7929964621147112,CID44971-sample-proxy
CID44971_GCTGCTTTCTGCAGTA,14.600072,3.520368,11,T / NK,0.6277997926081639,CID44971-sample-proxy
CID44971_GGAAAGCCATGGAATA,14.848543,2.4288855,11,T / NK,0.6277997926081639,CID44971-sample-proxy
CID44971_GGAAAGCGTCTGCAAT,13.765904,0.8361342,11,T / NK,0.6277997926081639,CID44971-sample-proxy
CID44971_GGAACTTTCTGGTATG,14.031385,1.8205723,11,T / NK,0.6277997926081639,CID44971-sample-proxy
CID44971_GGAATAAGTGTTTGGT,15.487105,2.3591342,11,T / NK,0.6277997926081639,CID44971-sample-proxy
CID44971_GGACAAGGTGCATCTA,14.230608,1.085345,11,T / NK,0.6277997926081639,CID44971-sample-proxy
CID44971_GGACAAGTCATCTGCC,13.597595,4.7253313,11,T / NK,0.6277997926081639,CID44971-sample-proxy
CID44971_GGACATTTCAAAGACA,15.530177,2.2719355,11,T / NK,0.6277997926081639,CID44971-sample-proxy
CID44971_GGACATTTCAGGCAAG,15.05024,1.6459068,11,T / NK,0.6277997926081639,CID44971-sample-proxy
CID44971_GGATGTTAGAGGGCTT,15.464638,5.2798843,11,T / NK,0.6277997926081639,CID44971-sample-proxy
CID44971_GGCAATTAGACAAAGG,14.322069,3.7502582,11,T / NK,0.6277997926081639,CID44971-sample-proxy
CID44971_GGCAATTAGTGGAGAA,15.27096,4.923081,11,T / NK,0.6277997926081639,CID44971-sample-proxy
CID44971_GGCAATTCATTCCTGC,14.1042795,2.8090892,11,T / NK,0.6277997926081639,CID44971-sample-proxy
CID44971_GGCAATTGTCAGATAA,14.856153,3.5330856,11,T / NK,0.6277997926081639,CID44971-sample-proxy
CID44971_GGCCGATTCAGTTCGA,15.622818,5.2147093,11,T / NK,0.6277997926081639,CID44971-sample-proxy
CID44971_GGCTCGATCAAGGTAA,14.773631,2.0417151,11,T / NK,0.6277997926081639,CID44971-sample-proxy
CID44971_GGCTGGTGTGCACTTA,15.321227,3.7126558,11,T / NK,0.6277997926081639,CID44971-sample-proxy
CID44971_GGGAATGTCTACTATC,15.146124,3.5613203,11,T / NK,0.6277997926081639,CID44971-sample-proxy
CID44971_GGGACCTTCCGCAAGC,14.192238,4.7492332,11,T / NK,0.6277997926081639,CID44971-sample-proxy
CID44971_GGGAGATAGTAGGCCA,14.798201,1.9497262,11,T / NK,0.6277997926081639,CID44971-sample-proxy
CID44971_GGGAGATGTTTAGGAA,15.55958,4.6455503,11,T / NK,0.6277997926081639,CID44971-sample-proxy
CID44971_GGGAGATTCCAAACTG,14.194409,2.8269382,11,T / NK,0.6277997926081639,CID44971-sample-proxy
CID44971_GGGAGATTCTGATACG,15.004027,3.2182364,11,T / NK,0.6277997926081639,CID44971-sample-proxy
CID44971_GGGATGAAGGGTCGAT,14.489163,2.7015254,11,T / NK,0.6277997926081639,CID44971-sample-proxy
CID44971_GGGATGACACCACGTG,14.89794,3.3595018,11,T / NK,0.6277997926081639,CID44971-sample-proxy
CID44971_GGGCATCGTATCACCA,15.161014,3.7598066,11,T / NK,0.6277997926081639,CID44971-sample-proxy
CID44971_GGGCATCTCACGCATA,14.835466,2.1192086,11,T / NK,0.6277997926081639,CID44971-sample-proxy
CID44971_GGGTCTGAGACCACGA,15.433225,4.537557,11,T / NK,0.6277997926081639,CID44971-sample-proxy
CID44971_GGGTCTGAGGATATAC,14.840877,3.7080803,11,T / NK,0.6277997926081639,CID44971-sample-proxy
CID44971_GGGTCTGCAATCCGAT,15.444328,3.1917388,11,T / NK,0.6277997926081639,CID44971-sample-proxy
CID44971_GGGTTGCCAAAGGAAG,15.485974,5.489502,11,T / NK,0.6277997926081639,CID44971-sample-proxy
CID44971_GGGTTGCTCCAACCAA,15.230549,4.916156,11,T / NK,0.6277997926081639,CID44971-sample-proxy
CID44971_GGTGAAGCATCGTCGG,15.014827,3.9522822,11,T / NK,0.6277997926081639,CID44971-sample-proxy
CID44971_GGTGAAGGTTAGATGA,15.507793,2.9541705,11,T / NK,0.6277997926081639,CID44971-sample-proxy
CID44971_GGTGCGTAGTGACTCT,14.817128,3.590841,11,T / NK,0.6277997926081639,CID44971-sample-proxy
CID44971_GGTGCGTCAAACAACA,15.658596,7.4839582,8,T / NK,0.6453881461079718,CID44971-sample-proxy
CID44971_GGTGCGTGTTGAGTTC,15.089474,4.306559,11,T / NK,0.6277997926081639,CID44971-sample-proxy
CID44971_GGTGTTATCATCGATG,15.340492,4.0879383,11,T / NK,0.6277997926081639,CID44971-sample-proxy
CID44971_GGTGTTATCTACCAGA,14.2324,1.4244279,11,T / NK,0.6277997926081639,CID44971-sample-proxy
CID44971_GTAACGTAGCCTCGTG,14.519956,1.9621764,11,T / NK,0.6277997926081639,CID44971-sample-proxy
CID44971_GTAACTGCATTTGCCC,13.8721895,0.87415606,11,T / NK,0.6277997926081639,CID44971-sample-proxy
CID44971_GTACGTACAAGTCATC,14.578613,2.8216527,11,T / NK,0.6277997926081639,CID44971-sample-proxy
CID44971_GTACGTAGTTACGTCA,17.749527,3.4955764,9,T / NK,0.7929964621147112,CID44971-sample-proxy
CID44971_GTACTCCAGCTGAACG,15.293569,3.3513994,11,T / NK,0.6277997926081639,CID44971-sample-proxy
CID44971_GTACTTTCACTGTTAG,15.161169,3.4511812,11,T / NK,0.6277997926081639,CID44971-sample-proxy
CID44971_GTAGGCCAGACCCACC,15.291303,3.3517132,11,T / NK,0.6277997926081639,CID44971-sample-proxy
CID44971_GTAGGCCAGCTCTCGG,14.060816,4.5248137,11,T / NK,0.6277997926081639,CID44971-sample-proxy
CID44971_GTAGGCCAGTGAATTG,14.815139,4.8722754,11,T / NK,0.6277997926081639,CID44971-sample-proxy
CID44971_GTAGGCCCATCAGTCA,14.379519,2.7167873,11,T / NK,0.6277997926081639,CID44971-sample-proxy
CID44971_GTCAAGTAGAAGATTC,15.424501,3.8584177,11,T / NK,0.6277997926081639,CID44971-sample-proxy
CID44971_GTCAAGTCACATCTTT,17.566048,3.3076534,9,T / NK,0.7929964621147112,CID44971-sample-proxy
CID44971_GTCACAAAGCACCGTC,15.220521,2.1584184,11,T / NK,0.6277997926081639,CID44971-sample-proxy
CID44971_GTCACGGCAAAGCAAT,14.51971,1.5309194,11,T / NK,0.6277997926081639,CID44971-sample-proxy
CID44971_GTCCTCAGTGTGACCC,15.283282,5.4937572,11,T / NK,0.6277997926081639,CID44971-sample-proxy
CID44971_GTCGGGTGTCCTCCAT,14.24178,1.2415835,11,T / NK,0.6277997926081639,CID44971-sample-proxy
CID44971_GTCGGGTTCAAACAAG,14.477582,2.3061101,11,T / NK,0.6277997926081639,CID44971-sample-proxy
CID44971_GTCGTAAGTTCACCTC,15.063468,2.5190043,11,T / NK,0.6277997926081639,CID44971-sample-proxy
CID44971_GTCTCGTTCGATCCCT,14.405423,0.94110876,11,T / NK,0.6277997926081639,CID44971-sample-proxy
CID44971_GTCTTCGGTCGGCATC,14.742945,3.8873816,11,T / NK,0.6277997926081639,CID44971-sample-proxy
CID44971_GTCTTCGGTGTGTGCC,15.330332,4.2253985,11,T / NK,0.6277997926081639,CID44971-sample-proxy
CID44971_GTCTTCGTCATCACCC,14.424703,1.3057485,11,T / NK,0.6277997926081639,CID44971-sample-proxy
CID44971_GTGAAGGTCCGATATG,15.6816,2.40776,11,T / NK,0.6277997926081639,CID44971-sample-proxy
CID44971_GTGAAGGTCGTTTGCC,14.788268,3.4392002,11,T / NK,0.6277997926081639,CID44971-sample-proxy
CID44971_GTGCAGCAGGATGCGT,15.652958,2.2022054,11,T / NK,0.6277997926081639,CID44971-sample-proxy
CID44971_GTGCAGCAGTAATCCC,15.482068,1.6650023,11,T / NK,0.6277997926081639,CID44971-sample-proxy
CID44971_GTGCGGTCAAGGTGTG,15.019072,1.6724644,11,T / NK,0.6277997926081639,CID44971-sample-proxy
CID44971_GTGCGGTTCTTCGAGA,15.560806,4.1387086,11,T / NK,0.6277997926081639,CID44971-sample-proxy
CID44971_GTGCTTCTCAAACGGG,15.131015,2.0148177,11,T / NK,0.6277997926081639,CID44971-sample-proxy
CID44971_GTGGGTCAGCGTTGCC,15.770857,5.422937,11,T / NK,0.6277997926081639,CID44971-sample-proxy
CID44971_GTGTGCGAGTACCGGA,14.072447,2.7016335,11,T / NK,0.6277997926081639,CID44971-sample-proxy
CID44971_GTGTTAGCACGGACAA,14.16728,3.955616,11,T / NK,0.6277997926081639,CID44971-sample-proxy
CID44971_GTTACAGGTACCTACA,15.099177,2.5321894,11,T / NK,0.6277997926081639,CID44971-sample-proxy
CID44971_GTTACAGTCTTGAGAC,15.535292,4.7805166,11,T / NK,0.6277997926081639,CID44971-sample-proxy
CID44971_GTTCATTAGCGATTCT,15.6725025,2.6707628,11,T / NK,0.6277997926081639,CID44971-sample-proxy
CID44971_GTTCATTCACTAAGTC,16.232243,2.8102815,11,T / NK,0.6277997926081639,CID44971-sample-proxy
CID44971_GTTCGGGCAAGCCATT,14.529677,5.327269,11,T / NK,0.6277997926081639,CID44971-sample-proxy
CID44971_GTTCTCGCAACACCTA,14.867576,1.8237178,11,T / NK,0.6277997926081639,CID44971-sample-proxy
CID44971_GTTCTCGCATCGGTTA,14.176837,4.9004817,11,T / NK,0.6277997926081639,CID44971-sample-proxy
CID44971_GTTCTCGGTTGATTGC,15.255411,2.829805,11,T / NK,0.6277997926081639,CID44971-sample-proxy
CID44971_GTTTCTACAGCTCGCA,13.704174,0.9153845,11,T / NK,0.6277997926081639,CID44971-sample-proxy
CID44971_GTTTCTAGTTGTCGCG,14.377104,0.88266087,11,T / NK,0.6277997926081639,CID44971-sample-proxy
CID44971_TAAACCGAGCTCCCAG,14.142289,4.121124,11,T / NK,0.6277997926081639,CID44971-sample-proxy
CID44971_TAAGAGAAGAACAATC,15.240267,1.1463953,11,T / NK,0.6277997926081639,CID44971-sample-proxy
CID44971_TAAGAGATCTCCGGTT,14.296188,1.7250444,11,T / NK,0.6277997926081639,CID44971-sample-proxy
CID44971_TAAGCGTTCGGTCTAA,14.79373,2.4392061,11,T / NK,0.6277997926081639,CID44971-sample-proxy
CID44971_TAAGTGCAGTACGACG,14.941277,1.407278,11,T / NK,0.6277997926081639,CID44971-sample-proxy
CID44971_TACACGAGTGCTCTTC,15.509863,3.1988187,11,T / NK,0.6277997926081639,CID44971-sample-proxy
CID44971_TACAGTGAGAAGGGTA,13.623316,5.6072693,11,T / NK,0.6277997926081639,CID44971-sample-proxy
CID44971_TACCTATGTAGAAGGA,15.748985,4.5735755,11,T / NK,0.6277997926081639,CID44971-sample-proxy
CID44971_TACGGATAGCTCCTTC,13.91147,4.459253,11,T / NK,0.6277997926081639,CID44971-sample-proxy
CID44971_TACGGATGTTCAGACT,14.511651,1.1417423,11,T / NK,0.6277997926081639,CID44971-sample-proxy
CID44971_TACGGGCGTAAGAGAG,15.514397,4.7346716,11,T / NK,0.6277997926081639,CID44971-sample-proxy
CID44971_TACGGGCGTCCTCCAT,16.79296,3.183957,11,T / NK,0.6277997926081639,CID44971-sample-proxy
CID44971_TACTTACTCTTGTCAT,15.216481,4.8754897,11,T / NK,0.6277997926081639,CID44971-sample-proxy
CID44971_TACTTGTTCACCTCGT,13.933634,4.266849,11,T / NK,0.6277997926081639,CID44971-sample-proxy
CID44971_TAGACCAAGCGCTTAT,15.569771,1.6020503,11,T / NK,0.6277997926081639,CID44971-sample-proxy
CID44971_TAGACCAGTTCAGTAC,15.652584,4.6843333,11,T / NK,0.6277997926081639,CID44971-sample-proxy
CID44971_TAGACCAGTTTGGGCC,14.983365,3.3484044,11,T / NK,0.6277997926081639,CID44971-sample-proxy
CID44971_TAGAGCTCACAGGCCT,15.452694,4.008957,11,T / NK,0.6277997926081639,CID44971-sample-proxy
CID44971_TAGGCATGTTATCCGA,13.686074,4.2643547,11,T / NK,0.6277997926081639,CID44971-sample-proxy
CID44971_TAGTTGGAGGCGCTCT,13.943481,3.1150463,11,T / NK,0.6277997926081639,CID44971-sample-proxy
CID44971_TAGTTGGGTACCGGCT,14.2357,0.8401916,11,T / NK,0.6277997926081639,CID44971-sample-proxy
CID44971_TAGTTGGTCAGAGGTG,15.681651,3.97622,11,T / NK,0.6277997926081639,CID44971-sample-proxy
CID44971_TATCAGGGTTATCCGA,15.357643,3.550358,11,T / NK,0.6277997926081639,CID44971-sample-proxy
CID44971_TATCTCACAATGAATG,14.737807,1.2929196,11,T / NK,0.6277997926081639,CID44971-sample-proxy
CID44971_TATTACCCAACACCTA,15.622208,3.3869076,11,T / NK,0.6277997926081639,CID44971-sample-proxy
CID44971_TCAACGACATGCTGGC,14.397296,3.9338353,11,T / NK,0.6277997926081639,CID44971-sample-proxy
CID44971_TCAATCTTCTATGTGG,14.227584,0.7284218,11,T / NK,0.6277997926081639,CID44971-sample-proxy
CID44971_TCACAAGGTCATACTG,14.7826185,4.1448317,11,T / NK,0.6277997926081639,CID44971-sample-proxy
CID44971_TCACGAAAGATCTGAA,16.378456,2.8368995,11,T / NK,0.6277997926081639,CID44971-sample-proxy
CID44971_TCACGAAGTCACTGGC,15.191229,1.5766131,11,T / NK,0.6277997926081639,CID44971-sample-proxy
CID44971_TCAGCAATCACGAAGG,15.345236,1.6325668,11,T / NK,0.6277997926081639,CID44971-sample-proxy
CID44971_TCAGCAATCAGGTAAA,15.404139,2.9749534,11,T / NK,0.6277997926081639,CID44971-sample-proxy
CID44971_TCAGCTCCACAACTGT,15.192072,1.1683947,11,T / NK,0.6277997926081639,CID44971-sample-proxy
CID44971_TCAGCTCTCTGCAAGT,14.398293,4.0232954,11,T / NK,0.6277997926081639,CID44971-sample-proxy
CID44971_TCAGGATAGTCCCACG,14.337086,5.4951267,11,T / NK,0.6277997926081639,CID44971-sample-proxy
CID44971_TCAGGATTCGGAAACG,15.3654785,5.1991324,11,T / NK,0.6277997926081639,CID44971-sample-proxy
CID44971_TCAGGTACATTAACCG,14.933198,1.0920414,11,T / NK,0.6277997926081639,CID44971-sample-proxy
CID44971_TCATTTGTCCGAAGAG,13.778858,4.8231053,11,T / NK,0.6277997926081639,CID44971-sample-proxy
CID44971_TCCACACAGCAAATCA,15.104693,3.3993042,11,T / NK,0.6277997926081639,CID44971-sample-proxy
CID44971_TCCACACAGCGTCAAG,15.261259,1.47241,11,T / NK,0.6277997926081639,CID44971-sample-proxy
CID44971_TCCACACTCACAACGT,15.273204,4.2653017,11,T / NK,0.6277997926081639,CID44971-sample-proxy
CID44971_TCCCGATAGCGTTTAC,15.737806,4.6130605,11,T / NK,0.6277997926081639,CID44971-sample-proxy
CID44971_TCGAGGCTCAGTTCGA,15.350312,3.5656028,11,T / NK,0.6277997926081639,CID44971-sample-proxy
CID44971_TCGCGAGCACAGCCCA,15.333619,2.650034,11,T / NK,0.6277997926081639,CID44971-sample-proxy
CID44971_TCGCGAGGTACATGTC,14.911392,5.2444925,11,T / NK,0.6277997926081639,CID44971-sample-proxy
CID44971_TCGCGAGTCACCCGAG,15.269756,2.3209748,11,T / NK,0.6277997926081639,CID44971-sample-proxy
CID44971_TCGGGACCATATGGTC,15.324962,4.8750906,11,T / NK,0.6277997926081639,CID44971-sample-proxy
CID44971_TCGGTAATCATATCGG,15.383078,3.643943,11,T / NK,0.6277997926081639,CID44971-sample-proxy
CID44971_TCGTACCAGCTCCCAG,13.893266,1.2570077,11,T / NK,0.6277997926081639,CID44971-sample-proxy
CID44971_TCGTAGACAGACAGGT,15.909162,3.9751072,11,T / NK,0.6277997926081639,CID44971-sample-proxy
CID44971_TCTATTGGTCATATGC,14.549553,1.3476168,11,T / NK,0.6277997926081639,CID44971-sample-proxy
CID44971_TCTCATATCTGCAGTA,14.685739,2.093776,11,T / NK,0.6277997926081639,CID44971-sample-proxy
CID44971_TCTCTAACAACAACCT,14.754781,4.9248343,11,T / NK,0.6277997926081639,CID44971-sample-proxy
CID44971_TCTCTAACATAGGATA,14.125854,4.1569777,11,T / NK,0.6277997926081639,CID44971-sample-proxy
CID44971_TCTCTAACATTGCGGC,15.543705,4.2055826,11,T / NK,0.6277997926081639,CID44971-sample-proxy
CID44971_TCTCTAAGTGACTCAT,15.467129,2.422113,11,T / NK,0.6277997926081639,CID44971-sample-proxy
CID44971_TCTGAGAGTCCGTCAG,15.344076,5.385883,11,T / NK,0.6277997926081639,CID44971-sample-proxy
CID44971_TCTTCGGAGAGTAAGG,17.208862,3.3963141,11,T / NK,0.6277997926081639,CID44971-sample-proxy
CID44971_TCTTCGGTCAGAGACG,13.846808,0.9069623,11,T / NK,0.6277997926081639,CID44971-sample-proxy
CID44971_TGAAAGACATCTACGA,14.276975,0.79069954,11,T / NK,0.6277997926081639,CID44971-sample-proxy
CID44971_TGACGGCCACATCCAA,15.25712,2.431319,11,T / NK,0.6277997926081639,CID44971-sample-proxy
CID44971_TGACTTTCAGCTTCGG,15.477806,2.4666617,11,T / NK,0.6277997926081639,CID44971-sample-proxy
CID44971_TGAGCATAGGAACTGC,15.069042,2.539605,11,T / NK,0.6277997926081639,CID44971-sample-proxy
CID44971_TGAGCATAGGGAAACA,14.620384,1.5739243,11,T / NK,0.6277997926081639,CID44971-sample-proxy
CID44971_TGAGCATCACCGAAAG,15.462606,4.7024417,11,T / NK,0.6277997926081639,CID44971-sample-proxy
CID44971_TGAGCATCACTGTGTA,14.565148,2.9476757,11,T / NK,0.6277997926081639,CID44971-sample-proxy
CID44971_TGAGCATGTCCGAATT,15.593682,2.4749095,11,T / NK,0.6277997926081639,CID44971-sample-proxy
CID44971_TGAGGGAAGAGCTTCT,14.834591,1.4872103,11,T / NK,0.6277997926081639,CID44971-sample-proxy
CID44971_TGAGGGAAGTTAAGTG,16.239758,2.3714035,11,T / NK,0.6277997926081639,CID44971-sample-proxy
CID44971_TGAGGGATCTCGTTTA,13.99994,2.0721757,11,T / NK,0.6277997926081639,CID44971-sample-proxy
CID44971_TGCCCATCACGCATCG,14.163405,2.2236056,11,T / NK,0.6277997926081639,CID44971-sample-proxy
CID44971_TGCCCTATCTTTACGT,17.838264,3.4548979,9,T / NK,0.7929964621147112,CID44971-sample-proxy
CID44971_TGCGCAGAGGATGCGT,14.862872,1.3034275,11,T / NK,0.6277997926081639,CID44971-sample-proxy
CID44971_TGCTGCTGTTCGCTAA,15.372021,3.378698,11,T / NK,0.6277997926081639,CID44971-sample-proxy
CID44971_TGCTGCTTCCACTCCA,15.1561,2.6072552,11,T / NK,0.6277997926081639,CID44971-sample-proxy
CID44971_TGGACGCCATTCGACA,15.368891,5.5439796,11,T / NK,0.6277997926081639,CID44971-sample-proxy
CID44971_TGGACGCGTACCGAGA,15.639759,5.0967383,11,T / NK,0.6277997926081639,CID44971-sample-proxy
CID44971_TGGCCAGCAGGTCTCG,15.044934,5.2950377,11,T / NK,0.6277997926081639,CID44971-sample-proxy
CID44971_TGGCGCAAGCTGCGAA,15.160652,2.9696357,11,T / NK,0.6277997926081639,CID44971-sample-proxy
CID44971_TGGCGCAAGTCCGGTC,15.630915,5.741072,11,T / NK,0.6277997926081639,CID44971-sample-proxy
CID44971_TGGCTGGCACCCATTC,14.048517,3.9055333,11,T / NK,0.6277997926081639,CID44971-sample-proxy
CID44971_TGGCTGGCACGGTAAG,17.797953,3.5457082,9,T / NK,0.7929964621147112,CID44971-sample-proxy
CID44971_TGGGAAGAGAGCTGCA,15.678074,4.3290434,11,T / NK,0.6277997926081639,CID44971-sample-proxy
CID44971_TGGGAAGAGCAGCCTC,15.711094,4.117048,11,T / NK,0.6277997926081639,CID44971-sample-proxy
CID44971_TGGGCGTAGCTACCGC,15.531857,1.8806959,11,T / NK,0.6277997926081639,CID44971-sample-proxy
CID44971_TGGTTAGCACATGACT,14.296476,0.9611059,11,T / NK,0.6277997926081639,CID44971-sample-proxy
CID44971_TGGTTCCGTAAACGCG,14.542745,5.435692,11,T / NK,0.6277997926081639,CID44971-sample-proxy
CID44971_TGTCCCACAAAGGCGT,15.386571,2.8890986,11,T / NK,0.6277997926081639,CID44971-sample-proxy
CID44971_TGTCCCATCTGGCGAC,15.637925,4.8254504,11,T / NK,0.6277997926081639,CID44971-sample-proxy
CID44971_TGTGGTAAGGTGACCA,15.5898905,3.9561646,11,T / NK,0.6277997926081639,CID44971-sample-proxy
CID44971_TGTTCCGGTAGGAGTC,15.498993,2.5787036,11,T / NK,0.6277997926081639,CID44971-sample-proxy
CID44971_TGTTCCGTCCAGTATG,15.828623,4.2621627,11,T / NK,0.6277997926081639,CID44971-sample-proxy
CID44971_TTAACTCTCTAACCGA,15.206342,1.9902465,11,T / NK,0.6277997926081639,CID44971-sample-proxy
CID44971_TTAGGCAAGACTCGGA,15.009927,3.6375422,11,T / NK,0.6277997926081639,CID44971-sample-proxy
CID44971_TTAGTTCTCACAGGCC,15.583182,3.9556665,11,T / NK,0.6277997926081639,CID44971-sample-proxy
CID44971_TTAGTTCTCGTCTGAA,14.78822,1.6120164,11,T / NK,0.6277997926081639,CID44971-sample-proxy
CID44971_TTATGCTAGCACCGCT,15.105127,1.3311399,11,T / NK,0.6277997926081639,CID44971-sample-proxy
CID44971_TTATGCTCAGTTTACG,14.656157,3.4214075,11,T / NK,0.6277997926081639,CID44971-sample-proxy
CID44971_TTATGCTTCTCTGAGA,14.153014,3.307354,11,T / NK,0.6277997926081639,CID44971-sample-proxy
CID44971_TTCTACAGTATTACCG,14.8495655,4.76492,11,T / NK,0.6277997926081639,CID44971-sample-proxy
CID44971_TTCTCAAAGGGTTCCC,15.308273,3.3983998,11,T / NK,0.6277997926081639,CID44971-sample-proxy
CID44971_TTCTCAAAGTGGCACA,15.602098,4.499594,11,T / NK,0.6277997926081639,CID44971-sample-proxy
CID44971_TTCTCAACAAACTGTC,14.174183,1.6233047,11,T / NK,0.6277997926081639,CID44971-sample-proxy
CID44971_TTCTCCTTCTACCTGC,15.66311,3.3515904,11,T / NK,0.6277997926081639,CID44971-sample-proxy
CID44971_TTCTTAGGTTAGAACA,13.703072,4.2980037,11,T / NK,0.6277997926081639,CID44971-sample-proxy
CID44971_TTGAACGAGAAGAAGC,13.860229,0.8114342,11,T / NK,0.6277997926081639,CID44971-sample-proxy
CID44971_TTGAACGTCGGCGCAT,15.560059,2.7874029,11,T / NK,0.6277997926081639,CID44971-sample-proxy
CID44971_TTGCGTCAGCGATGAC,13.974903,0.717952,11,T / NK,0.6277997926081639,CID44971-sample-proxy
CID44971_TTGCGTCTCTCACATT,15.195096,2.7565486,11,T / NK,0.6277997926081639,CID44971-sample-proxy
CID44971_TTGGCAAAGACGACGT,14.168357,5.0649624,11,T / NK,0.6277997926081639,CID44971-sample-proxy
CID44971_TTGGCAAGTAACGTTC,14.503992,2.783412,11,T / NK,0.6277997926081639,CID44971-sample-proxy
CID44971_TTGTAGGCAGATGAGC,15.481238,3.969835,11,T / NK,0.6277997926081639,CID44971-sample-proxy
CID44971_TTGTAGGGTTCATGGT,15.807591,4.8689704,11,T / NK,0.6277997926081639,CID44971-sample-proxy
CID44971_TTTACTGAGATGTAAC,15.7689085,3.9480226,11,T / NK,0.6277997926081639,CID44971-sample-proxy
CID44971_TTTATGCCAATTGCTG,15.678321,3.563638,11,T / NK,0.6277997926081639,CID44971-sample-proxy
CID44971_TTTCCTCCATCAGTAC,14.328472,3.0411983,11,T / NK,0.6277997926081639,CID44971-sample-proxy
CID44971_TTTCCTCGTGGGTATG,14.628779,3.3667986,11,T / NK,0.6277997926081639,CID44971-sample-proxy
CID44971_TTTGCGCGTAACGTTC,15.164733,3.865273,11,T / NK,0.6277997926081639,CID44971-sample-proxy
CID44971_TTTGCGCGTTGCGCAC,15.615914,3.9051511,11,T / NK,0.6277997926081639,CID44971-sample-proxy
CID44971_TTTGCGCTCACCGTAA,14.321753,2.513124,11,T / NK,0.6277997926081639,CID44971-sample-proxy
CID44971_TTTGTCATCGCCTGAG,15.188467,4.1436925,11,T / NK,0.6277997926081639,CID44971-sample-proxy
CID44971_CACCAGGTCGGCGCAT,14.315992,5.6611238,11,T / NK,0.6277997926081639,CID44971-sample-proxy
CID44971_CGAGCACCACGGTAGA,14.387877,5.6303782,11,T / NK,0.6277997926081639,CID44971-sample-proxy
CID44971_CAGTCCTAGTACGCCC,14.320211,5.039045,11,T / NK,0.6277997926081639,CID44971-sample-proxy
CID44971_AGCGTATTCCCTCTTT,15.107624,5.304248,11,T / NK,0.6277997926081639,CID44971-sample-proxy
CID44971_AGCTCTCGTTACGGAG,13.99177,1.9716779,11,T / NK,0.6277997926081639,CID44971-sample-proxy
CID44971_TTGCCGTGTCAAGCGA,13.573894,5.139951,11,T / NK,0.6277997926081639,CID44971-sample-proxy
CID44971_AACTCAGGTCATATGC,10.0583315,11.1184635,6,T / NK,0.8618196133881085,CID44971-sample-proxy
CID44971_TATCTCAAGAGACTTA,10.67881,10.191578,6,T / NK,0.8618196133881085,CID44971-sample-proxy
CID44971_CTGCCTACAGCTGCAC,10.303164,11.92904,6,T / NK,0.8618196133881085,CID44971-sample-proxy
CID44971_GTCGGGTCAGTGGAGT,12.683352,8.551478,10,T / NK,0.35721909436771326,CID44971-sample-proxy
CID44971_AATCGGTAGTCTCAAC,17.164988,7.784688,8,T / NK,0.6453881461079718,CID44971-sample-proxy
CID44971_AGTAGTCTCAACGGGA,14.578545,7.398456,8,T / NK,0.6453881461079718,CID44971-sample-proxy
CID44971_AGTTGGTCAAAGTCAA,15.134636,7.1020164,8,T / NK,0.6453881461079718,CID44971-sample-proxy
CID44971_ATCCGAACAATGCCAT,13.477142,6.9183073,10,T / NK,0.35721909436771326,CID44971-sample-proxy
CID44971_CGCTATCAGTACGTTC,15.592178,8.026732,8,T / NK,0.6453881461079718,CID44971-sample-proxy
CID44971_GATCGCGCATAGGATA,14.319267,7.540375,8,T / NK,0.6453881461079718,CID44971-sample-proxy
CID44971_GATCTAGCACATCTTT,14.034434,8.114058,8,T / NK,0.6453881461079718,CID44971-sample-proxy
CID44971_GGGCATCAGACAATAC,14.246265,7.6704173,8,T / NK,0.6453881461079718,CID44971-sample-proxy
CID44971_GGTGAAGCAGTAACGG,16.5173,5.240728,13,T / NK,0.7212837205132068,CID44971-sample-proxy
CID44971_GTCTCGTAGCCTCGTG,15.877402,6.6105895,8,T / NK,0.6453881461079718,CID44971-sample-proxy
CID44971_TATTACCGTAGAGCTG,17.059402,9.020581,8,T / NK,0.6453881461079718,CID44971-sample-proxy
CID44971_TTTACTGAGAGTTGGC,14.344144,7.803255,8,T / NK,0.6453881461079718,CID44971-sample-proxy
CID44971_ACCGTAAGTGCATCTA,18.737165,4.0702477,9,T / NK,0.7929964621147112,CID44971-sample-proxy
CID44971_ATCTGCCCACTACAGT,7.8342695,11.575162,6,T / NK,0.8618196133881085,CID44971-sample-proxy
CID44971_CATCGAATCTATGTGG,11.269643,10.303624,6,T / NK,0.8618196133881085,CID44971-sample-proxy
CID44971_GTAGGCCAGGTGCACA,8.243631,13.040299,6,T / NK,0.8618196133881085,CID44971-sample-proxy
CID44971_AAACGGGCACACATGT,17.317043,4.83114,13,T / NK,0.7212837205132068,CID44971-sample-proxy
CID44971_AACTCAGAGCAACGGT,16.08145,6.1075053,8,T / NK,0.6453881461079718,CID44971-sample-proxy
CID44971_AACTCAGCACATTAGC,17.217266,4.626156,13,T / NK,0.7212837205132068,CID44971-sample-proxy
CID44971_AACTCAGTCTTGCCGT,17.173487,4.559681,13,T / NK,0.7212837205132068,CID44971-sample-proxy
CID44971_AACTCCCAGCACAGGT,17.299414,4.789743,13,T / NK,0.7212837205132068,CID44971-sample-proxy
CID44971_AACTCTTTCATTTGGG,16.923805,4.7080917,13,T / NK,0.7212837205132068,CID44971-sample-proxy
CID44971_AAGCCGCTCGGCCGAT,17.908756,3.5121436,9,T / NK,0.7929964621147112,CID44971-sample-proxy
CID44971_AAGGTTCGTAAGTAGT,17.21252,4.3111925,13,T / NK,0.7212837205132068,CID44971-sample-proxy
CID44971_AATCCAGCATACTCTT,16.61596,5.149364,13,T / NK,0.7212837205132068,CID44971-sample-proxy
CID44971_AATCCAGTCCTCGCAT,18.132198,3.7358506,9,T / NK,0.7929964621147112,CID44971-sample-proxy
CID44971_ACACCAATCGGTTCGG,17.566221,4.6367016,13,T / NK,0.7212837205132068,CID44971-sample-proxy
CID44971_ACACCCTGTTCCGTCT,17.308289,4.8239923,13,T / NK,0.7212837205132068,CID44971-sample-proxy
CID44971_ACCCACTAGAGGTAGA,17.036139,4.6948843,13,T / NK,0.7212837205132068,CID44971-sample-proxy
CID44971_ACCGTAACAGTATCTG,17.23939,4.776384,13,T / NK,0.7212837205132068,CID44971-sample-proxy
CID44971_ACCGTAACATAACCTG,16.961266,5.2285104,13,T / NK,0.7212837205132068,CID44971-sample-proxy
CID44971_ACGGGCTCACTAAGTC,17.205091,7.6673517,8,T / NK,0.6453881461079718,CID44971-sample-proxy
CID44971_AGAGCGACACCGAATT,16.586308,4.6675954,13,T / NK,0.7212837205132068,CID44971-sample-proxy
CID44971_AGAGCGATCTTACCTA,15.236941,6.3606253,8,T / NK,0.6453881461079718,CID44971-sample-proxy
CID44971_AGCATACTCTTGACGA,7.207261,12.657002,6,T / NK,0.8618196133881085,CID44971-sample-proxy
CID44971_AGCTCCTGTCTTGCGG,16.634851,5.3908057,13,T / NK,0.7212837205132068,CID44971-sample-proxy
CID44971_AGTGAGGGTAAGAGAG,17.486319,4.5457325,13,T / NK,0.7212837205132068,CID44971-sample-proxy
CID44971_AGTGAGGGTCTAAAGA,7.564704,12.228933,6,T / NK,0.8618196133881085,CID44971-sample-proxy
CID44971_ATAAGAGCACGAAAGC,7.5114994,12.975677,6,T / NK,0.8618196133881085,CID44971-sample-proxy
CID44971_ATAAGAGTCTGTCTCG,7.669016,12.657971,6,T / NK,0.8618196133881085,CID44971-sample-proxy
CID44971_ATCGAGTTCTCGGACG,16.97326,5.170135,13,T / NK,0.7212837205132068,CID44971-sample-proxy
CID44971_ATGGGAGAGGATTCGG,18.026108,3.8132176,9,T / NK,0.7929964621147112,CID44971-sample-proxy
CID44971_CAACCTCAGTGTCCCG,16.871407,4.9522977,13,T / NK,0.7212837205132068,CID44971-sample-proxy
CID44971_CAACCTCGTTAAAGTG,15.930219,5.4332986,13,T / NK,0.7212837205132068,CID44971-sample-proxy
CID44971_CAACTAGCATCGGACC,14.758104,6.8681254,8,T / NK,0.6453881461079718,CID44971-sample-proxy
CID44971_CAAGATCGTGTGCGTC,15.268337,6.5935283,8,T / NK,0.6453881461079718,CID44971-sample-proxy
CID44971_CAAGTTGAGAAACGAG,6.955103,12.471994,6,T / NK,0.8618196133881085,CID44971-sample-proxy
CID44971_CACACAATCGCCTGAG,14.4235735,8.0649185,8,T / NK,0.6453881461079718,CID44971-sample-proxy
CID44971_CACCTTGAGGGAAACA,15.423868,6.3592668,8,T / NK,0.6453881461079718,CID44971-sample-proxy
CID44971_CAGAGAGCAGTTAACC,14.620411,4.0812593,11,T / NK,0.6277997926081639,CID44971-sample-proxy
CID44971_CAGTAACAGAGTGAGA,15.934692,5.7017355,13,T / NK,0.7212837205132068,CID44971-sample-proxy
CID44971_CATATGGAGTACGTTC,16.47199,6.53647,8,T / NK,0.6453881461079718,CID44971-sample-proxy
CID44971_CATATGGTCAGAAATG,16.414621,5.3969727,13,T / NK,0.7212837205132068,CID44971-sample-proxy
CID44971_CATCAAGAGGTGACCA,15.240279,6.0399547,13,T / NK,0.7212837205132068,CID44971-sample-proxy
CID44971_CATCAGAGTCAACTGT,14.267224,2.59807,11,T / NK,0.6277997926081639,CID44971-sample-proxy
CID44971_CATCGAACAAAGGAAG,16.383142,5.765942,8,T / NK,0.6453881461079718,CID44971-sample-proxy
CID44971_CATGGCGCACAAGACG,14.809147,6.4384108,8,T / NK,0.6453881461079718,CID44971-sample-proxy
CID44971_CATTATCCACATCCAA,18.305798,3.8439586,9,T / NK,0.7929964621147112,CID44971-sample-proxy
CID44971_CCCAGTTGTTTAGCTG,16.761036,5.39368,13,T / NK,0.7212837205132068,CID44971-sample-proxy
CID44971_CCCTCCTAGGTGCACA,16.061996,5.154696,13,T / NK,0.7212837205132068,CID44971-sample-proxy
CID44971_CCGTTCAAGGTGTGGT,17.406208,4.6984143,13,T / NK,0.7212837205132068,CID44971-sample-proxy
CID44971_CCTAAAGGTTTGTTGG,15.316566,5.9899297,8,T / NK,0.6453881461079718,CID44971-sample-proxy
CID44971_CCTACACCAGGCTGAA,16.412785,4.960113,13,T / NK,0.7212837205132068,CID44971-sample-proxy
CID44971_CGAGCACTCCTATTCA,15.927898,5.594553,13,T / NK,0.7212837205132068,CID44971-sample-proxy
CID44971_CGATGGCTCAGTTTGG,16.360712,4.9659004,13,T / NK,0.7212837205132068,CID44971-sample-proxy
CID44971_CGCCAAGAGTCCTCCT,15.492723,5.7180967,13,T / NK,0.7212837205132068,CID44971-sample-proxy
CID44971_CGGACGTGTACCGTTA,16.389978,5.451225,13,T / NK,0.7212837205132068,CID44971-sample-proxy
CID44971_CGGAGCTTCAGGTTCA,16.151764,5.6624403,13,T / NK,0.7212837205132068,CID44971-sample-proxy
CID44971_CGGAGTCCACTCTGTC,7.4156466,12.478678,6,T / NK,0.8618196133881085,CID44971-sample-proxy
CID44971_CGGGTCATCTGAGGGA,16.108807,6.296614,8,T / NK,0.6453881461079718,CID44971-sample-proxy
CID44971_CGTCACTCAAGGACTG,17.344913,4.409459,13,T / NK,0.7212837205132068,CID44971-sample-proxy
CID44971_CTAGAGTCACGGCCAT,15.627861,5.8330173,13,T / NK,0.7212837205132068,CID44971-sample-proxy
CID44971_CTCGTCAAGGGTCTCC,14.837222,6.5136466,8,T / NK,0.6453881461079718,CID44971-sample-proxy
CID44971_CTGATCCGTGTGAATA,15.877874,5.448421,13,T / NK,0.7212837205132068,CID44971-sample-proxy
CID44971_CTGCTGTTCCTCATTA,15.54864,7.0956025,8,T / NK,0.6453881461079718,CID44971-sample-proxy
CID44971_CTTCTCTTCATGTCTT,17.180305,4.932954,13,T / NK,0.7212837205132068,CID44971-sample-proxy
CID44971_GAATAAGGTGAAGGCT,17.119196,4.669303,13,T / NK,0.7212837205132068,CID44971-sample-proxy
CID44971_GACGCGTCAGCTGTGC,17.15813,4.536202,13,T / NK,0.7212837205132068,CID44971-sample-proxy
CID44971_GACGCGTGTGTTCTTT,17.520458,4.642948,13,T / NK,0.7212837205132068,CID44971-sample-proxy
CID44971_GATCAGTGTGCTTCTC,17.057241,4.562763,13,T / NK,0.7212837205132068,CID44971-sample-proxy
CID44971_GATCAGTTCGGCTACG,17.510931,4.4944735,13,T / NK,0.7212837205132068,CID44971-sample-proxy
CID44971_GATCGATTCTTGAGAC,7.209333,12.393228,6,T / NK,0.8618196133881085,CID44971-sample-proxy
CID44971_GATTCAGAGAGGTTAT,17.574276,4.490173,13,T / NK,0.7212837205132068,CID44971-sample-proxy
CID44971_GCACTCTTCGTGACAT,16.856138,5.151789,13,T / NK,0.7212837205132068,CID44971-sample-proxy
CID44971_GCATGATCATGCCTTC,17.297094,4.68498,13,T / NK,0.7212837205132068,CID44971-sample-proxy
CID44971_GCGAGAATCACGCGGT,17.000078,5.1748443,13,T / NK,0.7212837205132068,CID44971-sample-proxy
CID44971_GCGCAGTTCCCAAGAT,15.533004,6.5173016,8,T / NK,0.6453881461079718,CID44971-sample-proxy
CID44971_GCTGCAGGTGCACTTA,15.283079,6.075594,8,T / NK,0.6453881461079718,CID44971-sample-proxy
CID44971_GCTGCGATCATCGATG,17.432726,4.34048,13,T / NK,0.7212837205132068,CID44971-sample-proxy
CID44971_GCTGCGATCCACTCCA,14.90264,6.3476534,8,T / NK,0.6453881461079718,CID44971-sample-proxy
CID44971_GCTGGGTCACGGTGTC,17.258821,4.864676,13,T / NK,0.7212837205132068,CID44971-sample-proxy
CID44971_GCTTGAAAGATACACA,18.21022,3.8356788,9,T / NK,0.7929964621147112,CID44971-sample-proxy
CID44971_GGATTACAGCACACAG,17.427557,4.459067,13,T / NK,0.7212837205132068,CID44971-sample-proxy
CID44971_GGCAATTTCGGCGCAT,7.5614166,11.869709,6,T / NK,0.8618196133881085,CID44971-sample-proxy
CID44971_GGCGACTTCGTTGCCT,16.210886,4.718428,13,T / NK,0.7212837205132068,CID44971-sample-proxy
CID44971_GGGACCTGTAAGCACG,17.162636,4.6126432,13,T / NK,0.7212837205132068,CID44971-sample-proxy
CID44971_GGTGCGTGTTCATGGT,16.126266,6.4617825,8,T / NK,0.6453881461079718,CID44971-sample-proxy
CID44971_GTATCTTTCAATACCG,15.170884,5.869908,13,T / NK,0.7212837205132068,CID44971-sample-proxy
CID44971_GTCACAACATGTCTCC,17.400423,4.7356935,13,T / NK,0.7212837205132068,CID44971-sample-proxy
CID44971_GTCTCGTGTCGAATCT,17.019451,4.3867893,13,T / NK,0.7212837205132068,CID44971-sample-proxy
CID44971_GTCTTCGTCAGTTTGG,17.160414,4.847989,13,T / NK,0.7212837205132068,CID44971-sample-proxy
CID44971_GTGAAGGAGGCTATCT,17.43778,4.511435,13,T / NK,0.7212837205132068,CID44971-sample-proxy
CID44971_GTGAAGGGTACCGAGA,17.497179,4.3261213,13,T / NK,0.7212837205132068,CID44971-sample-proxy
CID44971_GTTCGGGTCACAAACC,17.305614,4.6073127,13,T / NK,0.7212837205132068,CID44971-sample-proxy
CID44971_TACACGATCTCGTATT,15.907109,6.349169,8,T / NK,0.6453881461079718,CID44971-sample-proxy
CID44971_TACCTATCAGCTCGAC,16.920137,4.378013,13,T / NK,0.7212837205132068,CID44971-sample-proxy
CID44971_TACGGGCGTCGGCTCA,15.003697,5.007091,11,T / NK,0.6277997926081639,CID44971-sample-proxy
CID44971_TACTCATTCTCTGTCG,17.593138,4.4690633,13,T / NK,0.7212837205132068,CID44971-sample-proxy
CID44971_TAGGCATTCCTAGGGC,17.425549,4.664631,13,T / NK,0.7212837205132068,CID44971-sample-proxy
CID44971_TAGTGGTAGTCCGGTC,16.5991,5.4612784,13,T / NK,0.7212837205132068,CID44971-sample-proxy
CID44971_TCAATCTCATGCATGT,16.993793,4.767213,13,T / NK,0.7212837205132068,CID44971-sample-proxy
CID44971_TCAGCTCGTAATTGGA,15.211774,6.573476,8,T / NK,0.6453881461079718,CID44971-sample-proxy
CID44971_TCAGGTATCGTCTGCT,14.067749,6.3139606,10,T / NK,0.35721909436771326,CID44971-sample-proxy
CID44971_TCGCGTTAGGCTATCT,14.278291,2.4408188,11,T / NK,0.6277997926081639,CID44971-sample-proxy
CID44971_TCGGGACGTGGCAAAC,17.357613,4.5709105,13,T / NK,0.7212837205132068,CID44971-sample-proxy
CID44971_TCGGGACTCGGCATCG,16.50321,5.6256366,13,T / NK,0.7212837205132068,CID44971-sample-proxy
CID44971_TCGGGACTCTAACTGG,16.25225,5.961376,13,T / NK,0.7212837205132068,CID44971-sample-proxy
CID44971_TCGGTAAAGGAGTACC,16.325256,5.4866333,13,T / NK,0.7212837205132068,CID44971-sample-proxy
CID44971_TCTTCGGTCCTTCAAT,13.811828,6.65807,10,T / NK,0.35721909436771326,CID44971-sample-proxy
CID44971_TGACAACAGCTGCAAG,16.516201,5.6037755,13,T / NK,0.7212837205132068,CID44971-sample-proxy
CID44971_TGACGGCGTCAGATAA,16.720694,3.8727903,11,T / NK,0.6277997926081639,CID44971-sample-proxy
CID44971_TGACTTTGTCGGATCC,16.536055,5.6774297,13,T / NK,0.7212837205132068,CID44971-sample-proxy
CID44971_TGAGGGACAGTCCTTC,16.33995,5.8673425,13,T / NK,0.7212837205132068,CID44971-sample-proxy
CID44971_TGCACCTTCTTTAGGG,17.045631,4.885916,13,T / NK,0.7212837205132068,CID44971-sample-proxy
CID44971_TGCCCTAAGTCCATAC,14.346374,7.8417497,8,T / NK,0.6453881461079718,CID44971-sample-proxy
CID44971_TGCCCTATCATTCACT,16.799221,5.2851777,13,T / NK,0.7212837205132068,CID44971-sample-proxy
CID44971_TGGCCAGGTCACTTCC,17.027937,7.170176,8,T / NK,0.6453881461079718,CID44971-sample-proxy
CID44971_TGGCTGGCAACTGCTA,14.527408,6.74229,8,T / NK,0.6453881461079718,CID44971-sample-proxy
CID44971_TGGCTGGCATACTACG,16.700308,4.5833526,13,T / NK,0.7212837205132068,CID44971-sample-proxy
CID44971_TGTGTTTGTCTGCCAG,17.255621,4.6660967,13,T / NK,0.7212837205132068,CID44971-sample-proxy
CID44971_TGTTCCGCAGGAATCG,14.384059,5.6365175,11,T / NK,0.6277997926081639,CID44971-sample-proxy
CID44971_TTATGCTGTAGCTCCG,16.412832,5.946381,13,T / NK,0.7212837205132068,CID44971-sample-proxy
CID44971_TTCCCAGGTAGCTTGT,16.4506,5.4531984,13,T / NK,0.7212837205132068,CID44971-sample-proxy
CID44971_TTCTCCTTCAGCAACT,15.81823,6.0324326,8,T / NK,0.6453881461079718,CID44971-sample-proxy
CID44971_TTGAACGCATTGGTAC,15.1098175,6.2913003,8,T / NK,0.6453881461079718,CID44971-sample-proxy
CID44971_TTGACTTGTCCTCTTG,17.39174,4.409299,13,T / NK,0.7212837205132068,CID44971-sample-proxy
CID44971_TTTATGCGTCTCCATC,8.481978,12.525068,8,T / NK,0.6453881461079718,CID44971-sample-proxy
CID44971_GGAACTTGTCAAACTC,14.196898,7.7112193,8,T / NK,0.6453881461079718,CID44971-sample-proxy
CID44971_ATCTACTAGTCCGGTC,16.288239,6.981553,8,T / NK,0.6453881461079718,CID44971-sample-proxy
CID44971_CACACAATCTCTTATG,17.609932,7.6385756,8,T / NK,0.6453881461079718,CID44971-sample-proxy
CID44971_CAGCATAAGCTAGCCC,17.86507,3.5506043,9,T / NK,0.7929964621147112,CID44971-sample-proxy
CID44971_TTCTCAAAGCGATGAC,16.598677,5.571783,13,T / NK,0.7212837205132068,CID44971-sample-proxy
CID44971_AAACCTGGTTAGTGGG,14.618417,3.3279035,11,T / NK,0.6277997926081639,CID44971-sample-proxy
CID44971_CTGTGCTCAGACAGGT,14.421985,3.1046786,11,T / NK,0.6277997926081639,CID44971-sample-proxy
CID44971_TAGAGCTTCGTGACAT,14.303873,3.1046126,11,T / NK,0.6277997926081639,CID44971-sample-proxy
CID44971_TCACAAGGTCGACTAT,14.4465685,2.822485,11,T / NK,0.6277997926081639,CID44971-sample-proxy
CID44971_TGTTCCGGTCAAGCGA,14.3516035,3.280236,11,T / NK,0.6277997926081639,CID44971-sample-proxy
CID44971_TTCCCAGTCAGAGGTG,15.549246,5.005259,11,T / NK,0.6277997926081639,CID44971-sample-proxy
CID44971_TTTCCTCCATCGGTTA,15.557001,4.562161,13,T / NK,0.7212837205132068,CID44971-sample-proxy
CID44971_AGCGGTCCATGGGAAC,18.9331,3.8582737,9,T / NK,0.7929964621147112,CID44971-sample-proxy
CID44971_GAGCAGATCTTTAGTC,14.601017,8.722632,8,T / NK,0.6453881461079718,CID44971-sample-proxy
CID44971_GGACATTTCAGCATGT,13.232732,11.1829,7,T / NK,1.4860313519878239,CID44971-sample-proxy
CID44971_TTCGAAGTCTTGAGAC,12.844284,11.123045,7,T / NK,1.4860313519878239,CID44971-sample-proxy
CID44971_AAATGCCGTGGGTCAA,13.123705,13.454036,7,T / NK,1.4860313519878239,CID44971-sample-proxy
CID44971_AACACGTAGGATGGTC,13.366392,13.473734,7,T / NK,1.4860313519878239,CID44971-sample-proxy
CID44971_AACTCAGAGATGGGTC,13.333081,13.356561,7,T / NK,1.4860313519878239,CID44971-sample-proxy
CID44971_AAGCCGCCAACTGCGC,13.248312,12.549075,7,T / NK,1.4860313519878239,CID44971-sample-proxy
CID44971_AAGGTTCAGCCATCGC,13.144782,13.5327215,7,T / NK,1.4860313519878239,CID44971-sample-proxy
CID44971_ACACCAAGTAGCCTCG,13.088278,13.230491,7,T / NK,1.4860313519878239,CID44971-sample-proxy
CID44971_ACATGGTTCATTATCC,13.345104,13.32051,7,T / NK,1.4860313519878239,CID44971-sample-proxy
CID44971_ACCGTAAAGCAGCCTC,13.415007,13.345947,7,T / NK,1.4860313519878239,CID44971-sample-proxy
CID44971_ACGAGCCGTCGCTTCT,13.414981,12.679552,7,T / NK,1.4860313519878239,CID44971-sample-proxy
CID44971_ACGGGCTTCCTAGGGC,13.47607,12.191052,7,T / NK,1.4860313519878239,CID44971-sample-proxy
CID44971_ACGGGCTTCTTGTCAT,13.360137,13.966348,7,T / NK,1.4860313519878239,CID44971-sample-proxy
CID44971_ACTGAACGTGCAGTAG,13.751152,11.855227,7,T / NK,1.4860313519878239,CID44971-sample-proxy
CID44971_ACTGATGAGATCCCAT,13.472769,13.505438,7,T / NK,1.4860313519878239,CID44971-sample-proxy
CID44971_ACTGCTCAGGAGCGTT,13.371006,12.185444,7,T / NK,1.4860313519878239,CID44971-sample-proxy
CID44971_AGCTCTCTCACCGTAA,13.338464,12.373032,7,T / NK,1.4860313519878239,CID44971-sample-proxy
CID44971_AGTGGGACAGTCGTGC,13.177239,13.332129,7,T / NK,1.4860313519878239,CID44971-sample-proxy
CID44971_ATAACGCGTCGAGATG,13.402595,13.4133625,7,T / NK,1.4860313519878239,CID44971-sample-proxy
CID44971_ATCATCTTCAGTCCCT,13.5059595,14.067361,7,T / NK,1.4860313519878239,CID44971-sample-proxy
CID44971_ATCCGAACATCGGTTA,13.460786,12.641547,7,T / NK,1.4860313519878239,CID44971-sample-proxy
CID44971_ATGGGAGGTGTCCTCT,13.191105,13.794334,7,T / NK,1.4860313519878239,CID44971-sample-proxy
CID44971_ATTTCTGTCATTCACT,13.41097,12.399022,7,T / NK,1.4860313519878239,CID44971-sample-proxy
CID44971_CAAGATCCATTACCTT,13.297202,12.521428,7,T / NK,1.4860313519878239,CID44971-sample-proxy
CID44971_CAAGGCCAGTACTTGC,13.164448,13.882898,7,T / NK,1.4860313519878239,CID44971-sample-proxy
CID44971_CAAGGCCGTTGGGACA,13.430372,13.979794,7,T / NK,1.4860313519878239,CID44971-sample-proxy
CID44971_CACTCCATCTTTACAC,13.586627,11.818906,7,T / NK,1.4860313519878239,CID44971-sample-proxy
CID44971_CAGAATCTCAGTTTGG,13.536886,12.394735,7,T / NK,1.4860313519878239,CID44971-sample-proxy
CID44971_CAGTCCTGTTGAACTC,13.81306,8.385916,8,T / NK,0.6453881461079718,CID44971-sample-proxy
CID44971_CATATGGTCATGCAAC,13.3084345,14.017695,7,T / NK,1.4860313519878239,CID44971-sample-proxy
CID44971_CATATTCCATCAGTCA,13.802652,11.649441,7,T / NK,1.4860313519878239,CID44971-sample-proxy
CID44971_CATCCACAGCAGCCTC,13.235667,13.8034115,7,T / NK,1.4860313519878239,CID44971-sample-proxy
CID44971_CATGCCTCAAGAAAGG,13.52159,13.902358,7,T / NK,1.4860313519878239,CID44971-sample-proxy
CID44971_CATTCGCGTAAATGAC,13.3956,13.010276,7,T / NK,1.4860313519878239,CID44971-sample-proxy
CID44971_CGAGAAGGTGTGGCTC,13.353718,13.523929,7,T / NK,1.4860313519878239,CID44971-sample-proxy
CID44971_CGAGCCAGTGCCTGGT,13.256614,12.173058,7,T / NK,1.4860313519878239,CID44971-sample-proxy
CID44971_CGCGTTTCAGGTTTCA,14.80302,8.320503,8,T / NK,0.6453881461079718,CID44971-sample-proxy
CID44971_CGTGTAAAGTCGCCGT,13.479153,12.804746,7,T / NK,1.4860313519878239,CID44971-sample-proxy
CID44971_CGTTCTGAGCCAGGAT,13.020873,13.354403,7,T / NK,1.4860313519878239,CID44971-sample-proxy
CID44971_CTACGTCTCGGCCGAT,13.222372,12.168489,7,T / NK,1.4860313519878239,CID44971-sample-proxy
CID44971_CTCTGGTTCGGCGGTT,13.42579,12.97052,7,T / NK,1.4860313519878239,CID44971-sample-proxy
CID44971_GACACGCCACTACAGT,13.285631,12.438168,7,T / NK,1.4860313519878239,CID44971-sample-proxy
CID44971_GACGCGTGTCAGCTAT,13.42577,13.2526245,7,T / NK,1.4860313519878239,CID44971-sample-proxy
CID44971_GCAGTTATCTTTACGT,13.198653,13.380156,7,T / NK,1.4860313519878239,CID44971-sample-proxy
CID44971_GCGCGATCAGGATTGG,13.273802,11.604578,7,T / NK,1.4860313519878239,CID44971-sample-proxy
CID44971_GCTTCCAAGGGATGGG,13.408798,12.694756,7,T / NK,1.4860313519878239,CID44971-sample-proxy
CID44971_GCTTGAACACCTGGTG,13.1256895,12.69697,7,T / NK,1.4860313519878239,CID44971-sample-proxy
CID44971_GGCTCGAAGCCAGAAC,13.426515,13.241364,7,T / NK,1.4860313519878239,CID44971-sample-proxy
CID44971_GGGACCTCATCACAAC,12.980929,13.522918,7,T / NK,1.4860313519878239,CID44971-sample-proxy
CID44971_GTATCTTTCTGAAAGA,12.993675,13.50118,7,T / NK,1.4860313519878239,CID44971-sample-proxy
CID44971_GTCTCGTGTGCAGACA,13.307841,13.794556,7,T / NK,1.4860313519878239,CID44971-sample-proxy
CID44971_GTGTGCGGTGTATGGG,13.348288,13.803485,7,T / NK,1.4860313519878239,CID44971-sample-proxy
CID44971_GTTAAGCAGTCCGTAT,13.38528,13.808758,7,T / NK,1.4860313519878239,CID44971-sample-proxy
CID44971_GTTCTCGAGCCAGGAT,13.12452,13.144989,7,T / NK,1.4860313519878239,CID44971-sample-proxy
CID44971_TAAACCGGTCTAGTGT,13.291679,13.439471,7,T / NK,1.4860313519878239,CID44971-sample-proxy
CID44971_TACCTTACACCCTATC,13.401378,14.163063,7,T / NK,1.4860313519878239,CID44971-sample-proxy
CID44971_TACGGGCCAGTAAGCG,13.473495,13.132395,7,T / NK,1.4860313519878239,CID44971-sample-proxy
CID44971_TACTTGTAGTGCGATG,13.318406,13.942269,7,T / NK,1.4860313519878239,CID44971-sample-proxy
CID44971_TAGTTGGGTGGTTTCA,13.400774,12.75645,7,T / NK,1.4860313519878239,CID44971-sample-proxy
CID44971_TCAACGATCGTTGCCT,12.931148,12.970647,7,T / NK,1.4860313519878239,CID44971-sample-proxy
CID44971_TCAGATGAGACTACAA,13.332764,13.244019,7,T / NK,1.4860313519878239,CID44971-sample-proxy
CID44971_TCAGGATTCACCGGGT,13.018672,13.635955,7,T / NK,1.4860313519878239,CID44971-sample-proxy
CID44971_TCAGGTAAGACTAGGC,13.243754,14.019287,7,T / NK,1.4860313519878239,CID44971-sample-proxy
CID44971_TCATTTGCAGGCAGTA,13.434787,13.600995,7,T / NK,1.4860313519878239,CID44971-sample-proxy
CID44971_TCGCGAGTCCAAATGC,13.253694,13.264403,7,T / NK,1.4860313519878239,CID44971-sample-proxy
CID44971_TCGGTAAAGTTAAGTG,13.38254,12.647248,7,T / NK,1.4860313519878239,CID44971-sample-proxy
CID44971_TCGTACCTCGAATCCA,12.7941885,13.051737,7,T / NK,1.4860313519878239,CID44971-sample-proxy
CID44971_TCTGGAAAGCGTGAGT,13.071368,13.26473,7,T / NK,1.4860313519878239,CID44971-sample-proxy
CID44971_TGACGGCAGCTGCCCA,13.084181,13.7529955,7,T / NK,1.4860313519878239,CID44971-sample-proxy
CID44971_TGACGGCTCTCTGTCG,13.4082575,13.093071,7,T / NK,1.4860313519878239,CID44971-sample-proxy
CID44971_TGAGAGGCACATGTGT,13.439696,12.586966,7,T / NK,1.4860313519878239,CID44971-sample-proxy
CID44971_TGATTTCTCTGATTCT,13.395947,12.269821,7,T / NK,1.4860313519878239,CID44971-sample-proxy
CID44971_TGCTACCGTTCGAATC,13.345197,12.357478,7,T / NK,1.4860313519878239,CID44971-sample-proxy
CID44971_TGGACGCGTATGGTTC,13.310726,13.416971,7,T / NK,1.4860313519878239,CID44971-sample-proxy
CID44971_TGGGCGTAGTACCGGA,13.253455,13.676649,7,T / NK,1.4860313519878239,CID44971-sample-proxy
CID44971_TGTGGTAGTACCAGTT,13.529274,13.030586,7,T / NK,1.4860313519878239,CID44971-sample-proxy
CID44971_TGTTCCGAGCTTCGCG,13.207294,13.334734,7,T / NK,1.4860313519878239,CID44971-sample-proxy
CID44971_TTAGGCAGTTCACCTC,13.250525,13.559526,7,T / NK,1.4860313519878239,CID44971-sample-proxy
CID44971_TTAGGCATCGAACTGT,13.335271,12.921414,7,T / NK,1.4860313519878239,CID44971-sample-proxy
CID44971_TTCTCAACATGCTAGT,12.927212,13.524136,7,T / NK,1.4860313519878239,CID44971-sample-proxy
CID44971_TTGGAACCAAAGAATC,13.37367,12.927413,7,T / NK,1.4860313519878239,CID44971-sample-proxy
CID44971_TTTACTGAGCGGATCA,13.535638,12.472376,7,T / NK,1.4860313519878239,CID44971-sample-proxy
CID44971_TTTATGCAGTCCAGGA,13.06976,13.570416,7,T / NK,1.4860313519878239,CID44971-sample-proxy
CID44971_CGAGCACAGGATTCGG,8.13509,10.676437,6,T / NK,0.8618196133881085,CID44971-sample-proxy
CID44971_AAAGTAGCATACGCCG,12.221327,1.154961,12,T / NK,0.4770807032896049,CID44971-sample-proxy
CID44971_AGAGTGGAGCTGCCCA,12.25362,1.225834,12,T / NK,0.4770807032896049,CID44971-sample-proxy
CID44971_AGGGAGTTCTCCCTGA,12.131376,1.3669001,12,T / NK,0.4770807032896049,CID44971-sample-proxy
CID44971_AGGTCCGAGGCATGGT,12.165292,1.024869,12,T / NK,0.4770807032896049,CID44971-sample-proxy
CID44971_CCAGCGAAGATCTGCT,12.348156,1.7052392,12,T / NK,0.4770807032896049,CID44971-sample-proxy
CID44971_CCTCAGTCAATTCCTT,12.090466,1.3173065,12,T / NK,0.4770807032896049,CID44971-sample-proxy
CID44971_CTAGCCTAGCGATGAC,12.198656,0.96118283,12,T / NK,0.4770807032896049,CID44971-sample-proxy
CID44971_GACAGAGCAAACTGTC,12.304633,1.2869407,12,T / NK,0.4770807032896049,CID44971-sample-proxy
CID44971_GATGCTAGTACTCGCG,12.4462385,1.2691213,12,T / NK,0.4770807032896049,CID44971-sample-proxy
CID44971_GCTTCCACACGGTAAG,12.075959,1.0573575,12,T / NK,0.4770807032896049,CID44971-sample-proxy
CID44971_GGAACTTGTTTGTGTG,11.97199,1.38066,12,T / NK,0.4770807032896049,CID44971-sample-proxy
CID44971_TATCTCAGTCTCGTTC,12.108061,1.416512,12,T / NK,0.4770807032896049,CID44971-sample-proxy
CID44971_TGATTTCGTAAATGTG,12.584509,1.589903,12,T / NK,0.4770807032896049,CID44971-sample-proxy
CID44971_ACACCAAAGGTGCAAC,14.849356,3.0037534,11,T / NK,0.6277997926081639,CID44971-sample-proxy
CID44971_AGCAGCCAGACTAGAT,13.003008,2.0568225,12,T / NK,0.4770807032896049,CID44971-sample-proxy
CID44971_CATCAGATCTTACCTA,12.815926,1.9620445,12,T / NK,0.4770807032896049,CID44971-sample-proxy
CID44971_CGCGGTACATGGATGG,13.15381,2.5399334,12,T / NK,0.4770807032896049,CID44971-sample-proxy
CID44971_GGCTCGATCGGACAAG,13.22814,2.3654327,12,T / NK,0.4770807032896049,CID44971-sample-proxy
CID44971_GGGACCTTCGAGCCCA,13.029154,2.210052,12,T / NK,0.4770807032896049,CID44971-sample-proxy
CID44971_TGTGTTTCATCACGTA,15.590369,4.2182717,11,T / NK,0.6277997926081639,CID44971-sample-proxy
CID44971_AGATCTGTCGGAAACG,14.81827,7.834911,8,T / NK,0.6453881461079718,CID44971-sample-proxy
CID44971_AACTGGTAGCCGTCGT,7.8865495,11.017474,6,T / NK,0.8618196133881085,CID44971-sample-proxy
CID44971_ACACTGAAGTAGTGCG,11.871011,-0.45646334,12,T / NK,0.4770807032896049,CID44971-sample-proxy
CID44971_AGGCCGTGTACCTACA,8.735403,12.960882,6,T / NK,0.8618196133881085,CID44971-sample-proxy
CID44971_ATCGAGTTCTTGGGTA,11.778482,1.8682045,12,T / NK,0.4770807032896049,CID44971-sample-proxy
CID44971_CACATTTGTATGCTTG,7.689027,10.124436,6,T / NK,0.8618196133881085,CID44971-sample-proxy
CID44971_CCTTCGAGTGGACGAT,6.7859592,12.289535,6,T / NK,0.8618196133881085,CID44971-sample-proxy
CID44971_CGATGTAGTAAAGTCA,11.324721,1.6774161,12,T / NK,0.4770807032896049,CID44971-sample-proxy
CID44971_CGGGTCACATCGGACC,11.409228,1.9358003,12,T / NK,0.4770807032896049,CID44971-sample-proxy
CID44971_GACGTGCAGGACATTA,11.330278,1.6993539,12,T / NK,0.4770807032896049,CID44971-sample-proxy
CID44971_GCCTCTAGTCATCGGC,11.299816,1.7680569,12,T / NK,0.4770807032896049,CID44971-sample-proxy
CID44971_GGCCGATTCCCTGACT,7.1590114,12.320769,6,T / NK,0.8618196133881085,CID44971-sample-proxy
CID44971_GTAACGTCAAAGGCGT,11.389738,2.1962779,12,T / NK,0.4770807032896049,CID44971-sample-proxy
CID44971_GTACGTACACGGTAAG,11.308014,2.4556599,12,T / NK,0.4770807032896049,CID44971-sample-proxy
CID44971_ACTGCTCGTCGTTGTA,12.396118,9.1064,10,T / NK,0.35721909436771326,CID44971-sample-proxy
CID44971_AGAGTGGGTCTCAACA,16.008501,4.192922,13,T / NK,0.7212837205132068,CID44971-sample-proxy
CID44971_ATCATGGTCACAGGCC,11.253306,10.929852,8,T / NK,0.6453881461079718,CID44971-sample-proxy
CID44971_TTCTCAAGTGCGCTTG,15.141852,4.4541373,11,T / NK,0.6277997926081639,CID44971-sample-proxy
CID44971_TTGCCGTGTCAAAGCG,11.79889,1.8598033,12,T / NK,0.4770807032896049,CID44971-sample-proxy
CID44971_AAACCTGGTGGCTCCA,11.275245,0.49638373,12,T / NK,0.4770807032896049,CID44971-sample-proxy
CID44971_AACCGCGCATCGGGTC,11.172524,0.3262987,12,T / NK,0.4770807032896049,CID44971-sample-proxy
CID44971_AAGGCAGGTACAGCAG,11.299496,0.2934191,12,T / NK,0.4770807032896049,CID44971-sample-proxy
CID44971_ACCAGTAAGTTAAGTG,11.317816,0.099405795,12,T / NK,0.4770807032896049,CID44971-sample-proxy
CID44971_ACCAGTATCGTGGACC,12.483799,1.2387016,12,T / NK,0.4770807032896049,CID44971-sample-proxy
CID44971_ACCCACTCATATGAGA,11.540113,-0.1986519,12,T / NK,0.4770807032896049,CID44971-sample-proxy
CID44971_ACCGTAAAGAAACCTA,11.382285,-0.15769967,12,T / NK,0.4770807032896049,CID44971-sample-proxy
CID44971_ACGAGGACACTATCTT,11.238372,2.01358,12,T / NK,0.4770807032896049,CID44971-sample-proxy
CID44971_ACGCAGCCAAAGTGCG,11.569037,0.00455494,12,T / NK,0.4770807032896049,CID44971-sample-proxy
CID44971_ACTATCTTCACCGGGT,11.60649,0.018632038,12,T / NK,0.4770807032896049,CID44971-sample-proxy
CID44971_ACTATCTTCAGAGCTT,12.31973,1.0484915,12,T / NK,0.4770807032896049,CID44971-sample-proxy
CID44971_ACTTACTTCAGGCCCA,11.244617,1.6594169,12,T / NK,0.4770807032896049,CID44971-sample-proxy
CID44971_AGACGTTGTCCAGTGC,11.583264,-0.3069833,12,T / NK,0.4770807032896049,CID44971-sample-proxy
CID44971_AGACGTTTCGATCCCT,12.251376,1.0805002,12,T / NK,0.4770807032896049,CID44971-sample-proxy
CID44971_AGCCTAATCGGCTACG,11.246936,0.3128534,12,T / NK,0.4770807032896049,CID44971-sample-proxy
CID44971_AGCGTCGCAATTGCTG,12.230587,0.98978055,12,T / NK,0.4770807032896049,CID44971-sample-proxy
CID44971_AGGTCATTCGGAAACG,11.169569,1.5352272,12,T / NK,0.4770807032896049,CID44971-sample-proxy
CID44971_AGTGAGGTCCACGTGG,12.084253,0.8280483,12,T / NK,0.4770807032896049,CID44971-sample-proxy
CID44971_AGTGGGACATGCATGT,11.637395,1.3335247,12,T / NK,0.4770807032896049,CID44971-sample-proxy
CID44971_AGTTGGTAGGGCTCTC,12.159912,-0.22153279,12,T / NK,0.4770807032896049,CID44971-sample-proxy
CID44971_ATCATCTGTCAAAGAT,11.157529,0.50189567,12,T / NK,0.4770807032896049,CID44971-sample-proxy
CID44971_ATCCACCGTTCCGGCA,12.517309,-0.25062418,12,T / NK,0.4770807032896049,CID44971-sample-proxy
CID44971_ATCCGAAAGCTACCTA,11.197417,0.15644251,12,T / NK,0.4770807032896049,CID44971-sample-proxy
CID44971_ATCGAGTCAGACAAGC,11.169167,0.32490462,12,T / NK,0.4770807032896049,CID44971-sample-proxy
CID44971_ATTACTCGTTATTCTC,11.18246,0.7283569,12,T / NK,0.4770807032896049,CID44971-sample-proxy
CID44971_CAAGAAACACCAGGCT,11.557424,0.27805513,12,T / NK,0.4770807032896049,CID44971-sample-proxy
CID44971_CAAGGCCGTCAATACC,11.232304,0.7337904,12,T / NK,0.4770807032896049,CID44971-sample-proxy
CID44971_CACACAAGTAAGTAGT,11.490277,1.7862625,12,T / NK,0.4770807032896049,CID44971-sample-proxy
CID44971_CACAGGCCATCACCCT,11.23848,0.12018665,12,T / NK,0.4770807032896049,CID44971-sample-proxy
CID44971_CACATTTGTGCATCTA,11.970146,0.71347976,12,T / NK,0.4770807032896049,CID44971-sample-proxy
CID44971_CACATTTGTGGTACAG,11.334762,0.06405112,12,T / NK,0.4770807032896049,CID44971-sample-proxy
CID44971_CACCACTAGCTGGAAC,11.413463,-0.108076215,12,T / NK,0.4770807032896049,CID44971-sample-proxy
CID44971_CACCAGGCACCACCAG,11.367986,1.4463116,12,T / NK,0.4770807032896049,CID44971-sample-proxy
CID44971_CACTCCATCTGGCGAC,12.409036,-0.32037205,12,T / NK,0.4770807032896049,CID44971-sample-proxy
CID44971_CAGCCGAAGAGCCTAG,11.7750635,-0.46504578,12,T / NK,0.4770807032896049,CID44971-sample-proxy
CID44971_CATATTCGTTACGCGC,12.479878,1.9321651,12,T / NK,0.4770807032896049,CID44971-sample-proxy
CID44971_CATCGAACAGGCGATA,12.145451,0.5581456,12,T / NK,0.4770807032896049,CID44971-sample-proxy
CID44971_CATGCCTTCATGCATG,12.190026,0.08606898,12,T / NK,0.4770807032896049,CID44971-sample-proxy
CID44971_CATGGCGAGAGCTTCT,11.49208,-0.34325096,12,T / NK,0.4770807032896049,CID44971-sample-proxy
CID44971_CCACGGACAAGGTTCT,11.657313,1.6458516,12,T / NK,0.4770807032896049,CID44971-sample-proxy
CID44971_CCCAGTTTCAGTTTGG,11.970392,0.55616826,12,T / NK,0.4770807032896049,CID44971-sample-proxy
CID44971_CCCTCCTTCGAACGGA,11.937996,0.04493686,12,T / NK,0.4770807032896049,CID44971-sample-proxy
CID44971_CCTCAGTGTGCCTGGT,11.90116,0.34345922,12,T / NK,0.4770807032896049,CID44971-sample-proxy
CID44971_CCTCAGTTCCTATTCA,11.292016,0.07285859,12,T / NK,0.4770807032896049,CID44971-sample-proxy
CID44971_CCTTCCCGTAGCACGA,12.452942,-0.12125214,12,T / NK,0.4770807032896049,CID44971-sample-proxy
CID44971_CGAGAAGGTAAATGTG,11.785231,-0.4387862,12,T / NK,0.4770807032896049,CID44971-sample-proxy
CID44971_CGATCGGGTCGCGGTT,11.729949,0.19562703,12,T / NK,0.4770807032896049,CID44971-sample-proxy
CID44971_CGCCAAGCATCCGCGA,11.246926,0.62119204,12,T / NK,0.4770807032896049,CID44971-sample-proxy
CID44971_CGGAGCTTCGGAATCT,11.256238,1.9904267,12,T / NK,0.4770807032896049,CID44971-sample-proxy
CID44971_CGTCACTAGTTTAGGA,11.289441,1.4941214,12,T / NK,0.4770807032896049,CID44971-sample-proxy
CID44971_CGTCAGGGTGTATGGG,12.639796,1.5902011,12,T / NK,0.4770807032896049,CID44971-sample-proxy
CID44971_CGTCTACTCCTTGCCA,11.722252,0.23974597,12,T / NK,0.4770807032896049,CID44971-sample-proxy
CID44971_CGTGAGCCAAAGGTGC,12.243597,1.2960235,12,T / NK,0.4770807032896049,CID44971-sample-proxy
CID44971_CGTGTAAGTACCGTAT,11.911477,-0.30341208,12,T / NK,0.4770807032896049,CID44971-sample-proxy
CID44971_CGTGTAAGTTCAGCGC,11.636916,-0.085363336,12,T / NK,0.4770807032896049,CID44971-sample-proxy
CID44971_CGTGTCTAGTGCAAGC,11.753229,-0.48212484,12,T / NK,0.4770807032896049,CID44971-sample-proxy
CID44971_CTAACTTGTCCGACGT,12.238885,0.15054083,12,T / NK,0.4770807032896049,CID44971-sample-proxy
CID44971_CTACGTCGTAACGCGA,11.654126,1.4844795,12,T / NK,0.4770807032896049,CID44971-sample-proxy
CID44971_CTCAGAATCTAAGCCA,11.481794,0.39026123,12,T / NK,0.4770807032896049,CID44971-sample-proxy
CID44971_CTCGGGACATGGAATA,11.292042,1.2547097,12,T / NK,0.4770807032896049,CID44971-sample-proxy
CID44971_CTCGTACTCCGCGCAA,12.012711,1.0175625,12,T / NK,0.4770807032896049,CID44971-sample-proxy
CID44971_CTCGTACTCTTGCCGT,11.624525,-0.3947874,12,T / NK,0.4770807032896049,CID44971-sample-proxy
CID44971_CTTAGGAGTTAGAACA,11.399704,-0.10567372,12,T / NK,0.4770807032896049,CID44971-sample-proxy
CID44971_GAAACTCTCTGTCAAG,12.381599,0.16811864,12,T / NK,0.4770807032896049,CID44971-sample-proxy
CID44971_GAACCTAAGCTGAAAT,11.73791,0.9962322,12,T / NK,0.4770807032896049,CID44971-sample-proxy
CID44971_GACAGAGAGGGAACGG,11.264654,1.3220572,12,T / NK,0.4770807032896049,CID44971-sample-proxy
CID44971_GACGCGTAGGTAAACT,11.231727,1.2594044,12,T / NK,0.4770807032896049,CID44971-sample-proxy
CID44971_GACTAACCACAAGCCC,11.170658,0.10935843,12,T / NK,0.4770807032896049,CID44971-sample-proxy
CID44971_GACTGCGGTCCTCTTG,11.750625,1.103815,12,T / NK,0.4770807032896049,CID44971-sample-proxy
CID44971_GAGTCCGCAGCAGTTT,11.139029,0.1487296,12,T / NK,0.4770807032896049,CID44971-sample-proxy
CID44971_GATCGTAAGGTAAACT,11.493303,2.068483,12,T / NK,0.4770807032896049,CID44971-sample-proxy
CID44971_GATGAGGGTTATGTGC,12.28139,1.0706522,12,T / NK,0.4770807032896049,CID44971-sample-proxy
CID44971_GCACATAAGGTACTCT,12.099196,0.86591256,12,T / NK,0.4770807032896049,CID44971-sample-proxy
CID44971_GCATGATGTAGGCATG,12.3124485,1.2437737,12,T / NK,0.4770807032896049,CID44971-sample-proxy
CID44971_GCGACCAGTCCCTTGT,11.271314,1.066284,12,T / NK,0.4770807032896049,CID44971-sample-proxy
CID44971_GCTGCGAAGGGCACTA,11.607575,1.3603454,12,T / NK,0.4770807032896049,CID44971-sample-proxy
CID44971_GGAATAACAGCTTAAC,11.953393,0.70711684,12,T / NK,0.4770807032896049,CID44971-sample-proxy
CID44971_GGAATAACATCTATGG,11.302389,-0.05437972,12,T / NK,0.4770807032896049,CID44971-sample-proxy
CID44971_GGATTACAGTTATCGC,11.268819,1.6681312,12,T / NK,0.4770807032896049,CID44971-sample-proxy
CID44971_GGGCACTCACTCAGGC,12.322299,-0.0032899475,12,T / NK,0.4770807032896049,CID44971-sample-proxy
CID44971_GGGCATCGTAAGTAGT,11.549714,-0.27277872,12,T / NK,0.4770807032896049,CID44971-sample-proxy
CID44971_GTAACTGCACGCATCG,12.366451,0.093811445,12,T / NK,0.4770807032896049,CID44971-sample-proxy
CID44971_GTCATTTAGGAGTTTA,12.056059,0.7338945,12,T / NK,0.4770807032896049,CID44971-sample-proxy
CID44971_GTCCTCAAGGACAGAA,11.467529,-0.2648793,12,T / NK,0.4770807032896049,CID44971-sample-proxy
CID44971_GTCGGGTCATACTCTT,12.153122,0.84373015,12,T / NK,0.4770807032896049,CID44971-sample-proxy
CID44971_GTCGTAAGTTCCGGCA,12.411224,1.2120359,12,T / NK,0.4770807032896049,CID44971-sample-proxy
CID44971_GTGCAGCCATCAGTCA,11.772527,0.33555514,12,T / NK,0.4770807032896049,CID44971-sample-proxy
CID44971_GTGCGGTGTGCTTCTC,11.431413,0.1534708,12,T / NK,0.4770807032896049,CID44971-sample-proxy
CID44971_GTGCTTCGTAGCTTGT,11.867319,-0.57443905,12,T / NK,0.4770807032896049,CID44971-sample-proxy
CID44971_GTGGGTCCATTGGTAC,11.798907,0.6511752,12,T / NK,0.4770807032896049,CID44971-sample-proxy
CID44971_GTTCGGGAGGATGTAT,11.170047,1.3033687,12,T / NK,0.4770807032896049,CID44971-sample-proxy
CID44971_GTTCTCGTCTACCAGA,12.436145,-0.11753138,12,T / NK,0.4770807032896049,CID44971-sample-proxy
CID44971_TAAACCGGTTACAGAA,11.402681,1.0476305,12,T / NK,0.4770807032896049,CID44971-sample-proxy
CID44971_TAAGAGATCCAGTAGT,12.176383,0.7666684,12,T / NK,0.4770807032896049,CID44971-sample-proxy
CID44971_TACCTATTCTGTCTCG,11.191881,1.0322559,12,T / NK,0.4770807032896049,CID44971-sample-proxy
CID44971_TACGGATCATGCAATC,11.383312,1.5269259,12,T / NK,0.4770807032896049,CID44971-sample-proxy
CID44971_TACTCGCGTACCTACA,11.572751,1.5079166,12,T / NK,0.4770807032896049,CID44971-sample-proxy
CID44971_TATGCCCAGAGCCCAA,12.082859,0.31603605,12,T / NK,0.4770807032896049,CID44971-sample-proxy
CID44971_TATGCCCGTTAAGAAC,12.287002,1.2456435,12,T / NK,0.4770807032896049,CID44971-sample-proxy
CID44971_TCAGGTACATGTCTCC,11.218512,0.3848545,12,T / NK,0.4770807032896049,CID44971-sample-proxy
CID44971_TCATTTGAGTGAAGAG,12.167839,0.9433269,12,T / NK,0.4770807032896049,CID44971-sample-proxy
CID44971_TCGTAGACATACAGCT,11.935783,0.5943059,12,T / NK,0.4770807032896049,CID44971-sample-proxy
CID44971_TCTTTCCGTCGACTAT,11.20996,0.06777471,12,T / NK,0.4770807032896049,CID44971-sample-proxy
CID44971_TGACGGCGTCAGAAGC,11.9677925,0.3745142,12,T / NK,0.4770807032896049,CID44971-sample-proxy
CID44971_TGAGAGGGTATCACCA,11.864099,0.018525064,12,T / NK,0.4770807032896049,CID44971-sample-proxy
CID44971_TGAGCATCATGTCTCC,11.297149,0.8366826,12,T / NK,0.4770807032896049,CID44971-sample-proxy
CID44971_TGAGGGAGTCAAAGCG,11.217736,1.3424747,12,T / NK,0.4770807032896049,CID44971-sample-proxy
CID44971_TGCCCTAAGGGTCGAT,11.867551,-0.61812174,12,T / NK,0.4770807032896049,CID44971-sample-proxy
CID44971_TGCTACCGTACGAAAT,12.256699,0.033049975,12,T / NK,0.4770807032896049,CID44971-sample-proxy
CID44971_TGGACGCCAAGCTGAG,11.307909,1.6899835,12,T / NK,0.4770807032896049,CID44971-sample-proxy
CID44971_TGGGCGTGTCAGAAGC,12.212677,-0.15445594,12,T / NK,0.4770807032896049,CID44971-sample-proxy
CID44971_TGGGCGTGTGTGGTTT,12.31496,-0.7789019,12,T / NK,0.4770807032896049,CID44971-sample-proxy
CID44971_TGTGGTAAGCCCAGCT,11.779712,0.664458,12,T / NK,0.4770807032896049,CID44971-sample-proxy
CID44971_TGTGTTTCATCGGGTC,11.750094,-0.41433805,12,T / NK,0.4770807032896049,CID44971-sample-proxy
CID44971_TTCGGTCCACGCCAGT,11.584035,0.30640095,12,T / NK,0.4770807032896049,CID44971-sample-proxy
CID44971_TTGACTTGTAGCTAAA,11.47182,-0.47762173,12,T / NK,0.4770807032896049,CID44971-sample-proxy
CID44971_TTGGCAATCGGCTACG,11.756114,1.6464803,12,T / NK,0.4770807032896049,CID44971-sample-proxy
CID44971_GCGGGTTAGATATGCA,11.032086,10.587596,6,T / NK,0.8618196133881085,CID44971-sample-proxy
CID44971_AACGTTGTCCGTCATC,15.986722,2.6272967,11,T / NK,0.6277997926081639,CID44971-sample-proxy
CID44971_ACTATCTTCAACTCTT,13.938137,2.2443259,11,T / NK,0.6277997926081639,CID44971-sample-proxy
CID44971_AGAGTGGTCCTGCCAT,13.23749,1.2654719,12,T / NK,0.4770807032896049,CID44971-sample-proxy
CID44971_CAGCTAATCGTTACAG,12.666781,1.3571177,12,T / NK,0.4770807032896049,CID44971-sample-proxy
CID44971_CCGTTCAAGAGATGAG,14.175912,1.950911,11,T / NK,0.6277997926081639,CID44971-sample-proxy
CID44971_CCGTTCAAGATAGTCA,14.157011,2.0106533,11,T / NK,0.6277997926081639,CID44971-sample-proxy
CID44971_CTCGGGATCCGCAAGC,12.712973,1.4634686,12,T / NK,0.4770807032896049,CID44971-sample-proxy
CID44971_GTGTTAGAGACAAAGG,12.582738,1.1643045,12,T / NK,0.4770807032896049,CID44971-sample-proxy
CID44971_TACCTTAGTTCGCGAC,12.686557,1.6728138,12,T / NK,0.4770807032896049,CID44971-sample-proxy
CID44971_CCGTACTGTTCGTGAT,13.640754,10.790893,8,T / NK,0.6453881461079718,CID44971-sample-proxy
CID44971_CTGGTCTCACGGTAAG,9.90178,10.192037,6,T / NK,0.8618196133881085,CID44971-sample-proxy
CID44971_AAATGCCCACCAGTTA,14.063808,15.076289,7,T / NK,1.4860313519878239,CID44971-sample-proxy
CID44971_AACTCTTGTAAGTAGT,13.822566,14.392856,7,T / NK,1.4860313519878239,CID44971-sample-proxy
CID44971_AAGTCTGTCACGACTA,13.970745,14.679572,7,T / NK,1.4860313519878239,CID44971-sample-proxy
CID44971_ACCTTTAAGATACACA,14.067005,15.03475,7,T / NK,1.4860313519878239,CID44971-sample-proxy
CID44971_AGATTGCAGGGTCGAT,14.000807,14.980121,7,T / NK,1.4860313519878239,CID44971-sample-proxy
CID44971_AGCTCCTCAAGGCTCC,13.9447775,14.7022295,7,T / NK,1.4860313519878239,CID44971-sample-proxy
CID44971_AGGCCACTCGAGAACG,13.770749,14.4420805,7,T / NK,1.4860313519878239,CID44971-sample-proxy
CID44971_ATGGGAGGTCTCGTTC,14.026331,14.978006,7,T / NK,1.4860313519878239,CID44971-sample-proxy
CID44971_CGAGCCACAGAAGCAC,13.822575,14.424283,7,T / NK,1.4860313519878239,CID44971-sample-proxy
CID44971_CGTCACTAGACATAAC,13.061211,13.129154,7,T / NK,1.4860313519878239,CID44971-sample-proxy
CID44971_CGTCCATTCCGGCACA,14.051027,14.88396,7,T / NK,1.4860313519878239,CID44971-sample-proxy
CID44971_CGTGTAAAGGAGTTTA,13.772128,14.180585,7,T / NK,1.4860313519878239,CID44971-sample-proxy
CID44971_CTAATGGCATGCCACG,13.876762,14.635646,7,T / NK,1.4860313519878239,CID44971-sample-proxy
CID44971_CTCACACAGCCCAGCT,14.000773,14.84676,7,T / NK,1.4860313519878239,CID44971-sample-proxy
CID44971_CTGCTGTAGAGCTGCA,14.059644,14.972873,7,T / NK,1.4860313519878239,CID44971-sample-proxy
CID44971_CTTAGGAGTTCCGTCT,13.98445,14.818563,7,T / NK,1.4860313519878239,CID44971-sample-proxy
CID44971_CTTTGCGGTGAGGGAG,13.705477,14.092829,7,T / NK,1.4860313519878239,CID44971-sample-proxy
CID44971_CTTTGCGGTTATGCGT,13.953927,14.7599325,7,T / NK,1.4860313519878239,CID44971-sample-proxy
CID44971_GAACGGAGTCAATACC,13.855931,14.349218,7,T / NK,1.4860313519878239,CID44971-sample-proxy
CID44971_GCACATAAGCTGTCTA,14.130696,15.090329,7,T / NK,1.4860313519878239,CID44971-sample-proxy
CID44971_GCATGATAGCACCGCT,14.013271,14.883556,7,T / NK,1.4860313519878239,CID44971-sample-proxy
CID44971_GCGCAACTCACATGCA,13.905924,14.830885,7,T / NK,1.4860313519878239,CID44971-sample-proxy
CID44971_GCTCTGTAGGCAATTA,14.078078,15.075708,7,T / NK,1.4860313519878239,CID44971-sample-proxy
CID44971_GGCGTGTGTGATGTGG,13.657728,14.290064,7,T / NK,1.4860313519878239,CID44971-sample-proxy
CID44971_GGGACCTGTCATTAGC,13.876496,14.46028,7,T / NK,1.4860313519878239,CID44971-sample-proxy
CID44971_GTAACTGGTCTCAACA,13.668364,14.154703,7,T / NK,1.4860313519878239,CID44971-sample-proxy
CID44971_GTCCTCATCCAAACAC,13.583851,14.301059,7,T / NK,1.4860313519878239,CID44971-sample-proxy
CID44971_GTCGTAAGTCCTGCTT,13.75694,14.36631,7,T / NK,1.4860313519878239,CID44971-sample-proxy
CID44971_TATCAGGTCTAACTGG,13.644777,13.754737,7,T / NK,1.4860313519878239,CID44971-sample-proxy
CID44971_TGACAACGTTACCGAT,14.083376,14.924241,7,T / NK,1.4860313519878239,CID44971-sample-proxy
CID44971_TGATTTCTCAGCTCTC,13.908525,14.145712,7,T / NK,1.4860313519878239,CID44971-sample-proxy
CID44971_TTCTACAAGAGTACCG,13.799645,14.16114,7,T / NK,1.4860313519878239,CID44971-sample-proxy
CID44971_TTGTAGGCATCGGACC,14.005312,14.915343,7,T / NK,1.4860313519878239,CID44971-sample-proxy
CID44971_TTGTAGGGTATTCTCT,11.464882,9.041283,6,T / NK,0.8618196133881085,CID44971-sample-proxy
CID44971_TTTGCGCGTAAAGTCA,13.350208,11.030926,7,T / NK,1.4860313519878239,CID44971-sample-proxy
CID44971_AACTCCCGTCTCTTAT,2.5983865,-10.51087,14,Myeloid,2.5683229306208584,CID44971-sample-proxy
CID44971_ACATGGTTCTGCCAGG,3.3814602,-11.424248,14,Myeloid,2.5683229306208584,CID44971-sample-proxy
CID44971_AGGGATGCATTGGCGC,2.5970569,-10.330306,14,Myeloid,2.5683229306208584,CID44971-sample-proxy
CID44971_CACAAACTCATGTCTT,2.982005,-10.38062,14,Myeloid,2.5683229306208584,CID44971-sample-proxy
CID44971_CAGCAGCTCAAACAAG,2.2645335,-11.804101,14,Myeloid,2.5683229306208584,CID44971-sample-proxy
CID44971_CATCGAATCTACTTAC,2.1851008,-10.786095,14,Myeloid,2.5683229306208584,CID44971-sample-proxy
CID44971_CCACTACTCGAACGGA,2.1105285,-11.0281725,14,Myeloid,2.5683229306208584,CID44971-sample-proxy
CID44971_CCGTGGATCTCGCTTG,2.800693,-10.1426325,14,Myeloid,2.5683229306208584,CID44971-sample-proxy
CID44971_CGAGCCAAGGACTGGT,3.5028636,-11.187421,14,Myeloid,2.5683229306208584,CID44971-sample-proxy
CID44971_CGTGAGCTCTCATTCA,2.3321917,-12.213812,14,Myeloid,2.5683229306208584,CID44971-sample-proxy
CID44971_CGTGTAATCGATAGAA,2.6839378,-10.043379,14,Myeloid,2.5683229306208584,CID44971-sample-proxy
CID44971_CTACACCTCATCATTC,2.616911,-12.153067,14,Myeloid,2.5683229306208584,CID44971-sample-proxy
CID44971_CTAGCCTCACAAGTAA,2.3779743,-10.773367,14,Myeloid,2.5683229306208584,CID44971-sample-proxy
CID44971_GAACATCCAAAGCAAT,2.1510715,-10.526737,14,Myeloid,2.5683229306208584,CID44971-sample-proxy
CID44971_GAATAAGTCAAGCCTA,1.86167,-11.421621,14,Myeloid,2.5683229306208584,CID44971-sample-proxy
CID44971_GACGCGTTCAAACCGT,2.702874,-11.907331,14,Myeloid,2.5683229306208584,CID44971-sample-proxy
CID44971_GGGTTGCAGAAACCGC,2.1986399,-11.182583,14,Myeloid,2.5683229306208584,CID44971-sample-proxy
CID44971_GTCGTAAGTACATCCA,1.5214831,-11.246008,14,Myeloid,2.5683229306208584,CID44971-sample-proxy
CID44971_GTCTTCGTCTGCCAGG,2.1275356,-10.73448,14,Myeloid,2.5683229306208584,CID44971-sample-proxy
CID44971_GTGGGTCTCCATGAAC,1.8590206,-10.991176,14,Myeloid,2.5683229306208584,CID44971-sample-proxy
CID44971_TATCTCAGTGTTTGGT,3.0930703,-10.177883,14,Myeloid,2.5683229306208584,CID44971-sample-proxy
CID44971_TGCCCTATCAAACGGG,2.0766096,-10.770994,14,Myeloid,2.5683229306208584,CID44971-sample-proxy
CID44971_TGTTCCGAGTGAACGC,1.6398795,-11.490121,14,Myeloid,2.5683229306208584,CID44971-sample-proxy
CID44971_TTAGGACCAGCATGAG,3.90759,-10.990711,14,Myeloid,2.5683229306208584,CID44971-sample-proxy
CID44971_TTGACTTTCAAGCCTA,1.7466601,-11.540651,14,Myeloid,2.5683229306208584,CID44971-sample-proxy
CID44971_CTAGAGTAGGTCGGAT,1.9370544,-11.278384,14,Myeloid,2.5683229306208584,CID44971-sample-proxy
CID44971_ACACTGAAGGCTAGAC,3.3546863,-12.595718,14,Myeloid,2.5683229306208584,CID44971-sample-proxy
CID44971_GTACTTTAGGAGCGTT,3.0951796,-12.753569,14,Myeloid,2.5683229306208584,CID44971-sample-proxy
CID44971_GTTCATTTCGGAATCT,2.9321067,-12.5522785,14,Myeloid,2.5683229306208584,CID44971-sample-proxy
CID44971_AAGCCGCAGGATGGAA,2.2985027,-10.863564,14,Myeloid,2.5683229306208584,CID44971-sample-proxy
CID44971_ACGATGTGTACTTCTT,2.2033432,-10.687675,14,Myeloid,2.5683229306208584,CID44971-sample-proxy
CID44971_CAACTAGGTTCGCGAC,2.5828736,-11.812125,14,Myeloid,2.5683229306208584,CID44971-sample-proxy
CID44971_CACAAACAGCACACAG,2.358033,-11.3814945,14,Myeloid,2.5683229306208584,CID44971-sample-proxy
CID44971_CATTATCTCCTTGGTC,2.2422566,-11.304388,14,Myeloid,2.5683229306208584,CID44971-sample-proxy
CID44971_CCAGCGATCCAATGGT,2.6967402,-10.096414,14,Myeloid,2.5683229306208584,CID44971-sample-proxy
CID44971_CGATCGGGTTGTCTTT,2.8527105,-10.090718,14,Myeloid,2.5683229306208584,CID44971-sample-proxy
CID44971_CGTAGGCGTCTAGTGT,2.2278457,-11.42366,14,Myeloid,2.5683229306208584,CID44971-sample-proxy
CID44971_CTGCCTAAGTCTCAAC,2.140734,-10.896142,14,Myeloid,2.5683229306208584,CID44971-sample-proxy
CID44971_CTGCTGTAGATCCTGT,3.1472197,-10.306903,14,Myeloid,2.5683229306208584,CID44971-sample-proxy
CID44971_CTTCTCTCACCACCAG,2.0376835,-10.508067,14,Myeloid,2.5683229306208584,CID44971-sample-proxy
CID44971_GATTCAGTCTGTTTGT,1.6002789,-11.552438,14,Myeloid,2.5683229306208584,CID44971-sample-proxy
CID44971_GCTGCAGTCTGAGTGT,2.0716586,-11.73826,14,Myeloid,2.5683229306208584,CID44971-sample-proxy
CID44971_GGACAGATCTGGAGCC,3.1244156,-10.598877,14,Myeloid,2.5683229306208584,CID44971-sample-proxy
CID44971_GTGCGGTTCGGCGGTT,3.184659,-10.225453,14,Myeloid,2.5683229306208584,CID44971-sample-proxy
CID44971_TCTGAGAGTCGCTTTC,2.5149834,-11.464034,14,Myeloid,2.5683229306208584,CID44971-sample-proxy
CID44971_TGTGTTTCATCAGTCA,2.4898603,-11.24974,14,Myeloid,2.5683229306208584,CID44971-sample-proxy
CID44971_TTTATGCTCTGCTGCT,2.3976164,-11.468979,14,Myeloid,2.5683229306208584,CID44971-sample-proxy
CID44971_CGACCTTGTTCACGGC,2.972577,-11.657646,14,Myeloid,2.5683229306208584,CID44971-sample-proxy
CID44971_GAACCTATCTCGATGA,1.3956174,-11.71671,14,Myeloid,2.5683229306208584,CID44971-sample-proxy
CID44971_AAAGCAAGTCGACTAT,3.463747,-10.946003,14,Myeloid,2.5683229306208584,CID44971-sample-proxy
CID44971_ACCGTAACACCGTTGG,3.361639,-10.639396,14,Myeloid,2.5683229306208584,CID44971-sample-proxy
CID44971_ACGATACCAGCCACCA,2.6355655,-12.909941,14,Myeloid,2.5683229306208584,CID44971-sample-proxy
CID44971_AGCGTCGGTCGAACAG,4.072981,-11.024958,14,Myeloid,2.5683229306208584,CID44971-sample-proxy
CID44971_CACCTTGAGCAATATG,3.6984832,-11.882561,14,Myeloid,2.5683229306208584,CID44971-sample-proxy
CID44971_CCTTCGAGTGTATGGG,3.458082,-10.820529,14,Myeloid,2.5683229306208584,CID44971-sample-proxy
CID44971_CGTCAGGAGACAGACC,2.0960007,-11.894052,14,Myeloid,2.5683229306208584,CID44971-sample-proxy
CID44971_CTCGTCATCTGTCCGT,4.294354,-11.255034,14,Myeloid,2.5683229306208584,CID44971-sample-proxy
CID44971_CTGCCTACATCCCATC,3.8482015,-11.072744,14,Myeloid,2.5683229306208584,CID44971-sample-proxy
CID44971_GCACATATCCTGTAGA,3.9949377,-11.014044,14,Myeloid,2.5683229306208584,CID44971-sample-proxy
CID44971_GCGCAGTCAGACACTT,3.3185444,-11.086555,14,Myeloid,2.5683229306208584,CID44971-sample-proxy
CID44971_GGCGACTCAGACGCTC,2.690654,-11.253509,14,Myeloid,2.5683229306208584,CID44971-sample-proxy
CID44971_GGGCACTCATCTGGTA,3.7042964,-10.977579,14,Myeloid,2.5683229306208584,CID44971-sample-proxy
CID44971_GGTGCGTTCACAGTAC,3.4413493,-10.584978,14,Myeloid,2.5683229306208584,CID44971-sample-proxy
CID44971_ACACCGGCAAGCTGAG,4.00819,-11.104887,14,Myeloid,2.5683229306208584,CID44971-sample-proxy
CID44971_ACACTGACAATGGATA,4.1811213,-12.3583145,14,Myeloid,2.5683229306208584,CID44971-sample-proxy
CID44971_ACCTTTATCGCATGGC,4.4899564,-12.524424,14,Myeloid,2.5683229306208584,CID44971-sample-proxy
CID44971_ACGCCGAAGCAGCGTA,3.5766861,-11.145045,14,Myeloid,2.5683229306208584,CID44971-sample-proxy
CID44971_ACGTCAAAGAACTCGG,3.9934046,-12.270686,14,Myeloid,2.5683229306208584,CID44971-sample-proxy
CID44971_AGAATAGTCGCGTTTC,4.5115194,-12.758311,14,Myeloid,2.5683229306208584,CID44971-sample-proxy
CID44971_AGATTGCAGCTGTTCA,3.2450345,-12.6596985,14,Myeloid,2.5683229306208584,CID44971-sample-proxy
CID44971_AGCGGTCGTTCAGTAC,4.2744226,-12.12944,14,Myeloid,2.5683229306208584,CID44971-sample-proxy
CID44971_AGCTCTCAGCTGTTCA,4.304963,-12.486518,14,Myeloid,2.5683229306208584,CID44971-sample-proxy
CID44971_AGGGAGTAGAAGAAGC,2.6057026,-12.053938,14,Myeloid,2.5683229306208584,CID44971-sample-proxy
CID44971_AGGTCCGCAAGGTTCT,4.3387036,-12.366023,14,Myeloid,2.5683229306208584,CID44971-sample-proxy
CID44971_AGTAGTCGTCCAACTA,2.511222,-12.542836,14,Myeloid,2.5683229306208584,CID44971-sample-proxy
CID44971_AGTGTCAGTTTCGCTC,4.424509,-12.027471,14,Myeloid,2.5683229306208584,CID44971-sample-proxy
CID44971_ATCACGAGTCGAAAGC,4.516775,-11.822125,14,Myeloid,2.5683229306208584,CID44971-sample-proxy
CID44971_ATGGGAGCAATGGTCT,4.00034,-11.424353,14,Myeloid,2.5683229306208584,CID44971-sample-proxy
CID44971_CAACCTCAGCCGATTT,4.7333374,-12.936357,14,Myeloid,2.5683229306208584,CID44971-sample-proxy
CID44971_CACATTTCACGAAAGC,4.0109596,-11.775825,14,Myeloid,2.5683229306208584,CID44971-sample-proxy
CID44971_CAGCGACAGCACACAG,4.049061,-12.453875,14,Myeloid,2.5683229306208584,CID44971-sample-proxy
CID44971_CAGCGACGTGTTTGTG,4.3227463,-11.8747835,14,Myeloid,2.5683229306208584,CID44971-sample-proxy
CID44971_CCCAATCTCCAAGCCG,4.2502766,-12.387259,14,Myeloid,2.5683229306208584,CID44971-sample-proxy
CID44971_CCGTACTCAGACGCTC,4.290302,-11.820472,14,Myeloid,2.5683229306208584,CID44971-sample-proxy
CID44971_CCTAAAGCACACGCTG,2.6629887,-12.663345,14,Myeloid,2.5683229306208584,CID44971-sample-proxy
CID44971_CCTAGCTTCAGGTTCA,3.6674833,-11.702035,14,Myeloid,2.5683229306208584,CID44971-sample-proxy
CID44971_CGCCAAGAGCTAGTGG,3.7539508,-11.267358,14,Myeloid,2.5683229306208584,CID44971-sample-proxy
CID44971_CGGACGTAGCGACGTA,3.9496818,-12.279613,14,Myeloid,2.5683229306208584,CID44971-sample-proxy
CID44971_CTAATGGGTGAGTGAC,3.4483654,-11.838261,14,Myeloid,2.5683229306208584,CID44971-sample-proxy
CID44971_CTACACCCACTGTTAG,3.5450406,-12.506489,14,Myeloid,2.5683229306208584,CID44971-sample-proxy
CID44971_CTCTGGTAGTGTCCAT,3.5556982,-12.73934,14,Myeloid,2.5683229306208584,CID44971-sample-proxy
CID44971_GACGGCTCATCGGAAG,3.9553528,-11.8061905,14,Myeloid,2.5683229306208584,CID44971-sample-proxy
CID44971_GACGTTATCACGGTTA,4.766938,-12.910194,14,Myeloid,2.5683229306208584,CID44971-sample-proxy
CID44971_GATCGTAGTTTGTTGG,4.460945,-12.451538,14,Myeloid,2.5683229306208584,CID44971-sample-proxy
CID44971_GCGCAGTTCTTATCTG,3.5086577,-12.584993,14,Myeloid,2.5683229306208584,CID44971-sample-proxy
CID44971_GCGCGATGTAGAAAGG,2.7567909,-11.9558115,14,Myeloid,2.5683229306208584,CID44971-sample-proxy
CID44971_GGCTCGAGTGCACGAA,4.15903,-11.792227,14,Myeloid,2.5683229306208584,CID44971-sample-proxy
CID44971_GGGTCTGAGCGTAATA,4.000676,-11.376827,14,Myeloid,2.5683229306208584,CID44971-sample-proxy
CID44971_GTATTCTCACTTAACG,4.66633,-12.9072075,14,Myeloid,2.5683229306208584,CID44971-sample-proxy
CID44971_GTCACAATCGCCAAAT,2.7791886,-12.709319,14,Myeloid,2.5683229306208584,CID44971-sample-proxy
CID44971_GTCACGGTCGCACTCT,3.8339515,-12.343594,14,Myeloid,2.5683229306208584,CID44971-sample-proxy
CID44971_GTGCGGTAGCCATCGC,2.657652,-13.0132,14,Myeloid,2.5683229306208584,CID44971-sample-proxy
CID44971_GTGCTTCGTCTCATCC,4.452494,-12.433688,14,Myeloid,2.5683229306208584,CID44971-sample-proxy
CID44971_TAAGAGAGTCGCATAT,3.0725205,-12.488617,14,Myeloid,2.5683229306208584,CID44971-sample-proxy
CID44971_TCAGGTATCAGTGTTG,4.25659,-12.5375395,14,Myeloid,2.5683229306208584,CID44971-sample-proxy
CID44971_TCGAGGCAGAAGGTTT,3.8736062,-12.5332155,14,Myeloid,2.5683229306208584,CID44971-sample-proxy
CID44971_TCGGTAAAGTGGCACA,2.6888316,-13.224876,14,Myeloid,2.5683229306208584,CID44971-sample-proxy
CID44971_TTGACTTTCACCATAG,4.123875,-11.719454,14,Myeloid,2.5683229306208584,CID44971-sample-proxy
CID44971_TTGGCAATCCGAATGT,3.9627514,-12.79377,14,Myeloid,2.5683229306208584,CID44971-sample-proxy
CID44971_AAACGGGTCTGACCTC,3.8372135,-12.795316,14,Myeloid,2.5683229306208584,CID44971-sample-proxy
CID44971_AGAGCGATCACTATTC,4.375192,-11.428296,14,Myeloid,2.5683229306208584,CID44971-sample-proxy
CID44971_AGCCTAAAGAACAACT,4.1340013,-12.064878,14,Myeloid,2.5683229306208584,CID44971-sample-proxy
CID44971_CAACCTCAGTGTTTGC,4.086791,-12.214098,14,Myeloid,2.5683229306208584,CID44971-sample-proxy
CID44971_CACATAGTCGTACCGG,3.7839005,-12.433901,14,Myeloid,2.5683229306208584,CID44971-sample-proxy
CID44971_CCTAGCTCATGTCCTC,4.358099,-12.750667,14,Myeloid,2.5683229306208584,CID44971-sample-proxy
CID44971_CGGACTGTCCCGGATG,3.9445598,-12.72741,14,Myeloid,2.5683229306208584,CID44971-sample-proxy
CID44971_GCGCAACCAGTATAAG,3.9198625,-12.695301,14,Myeloid,2.5683229306208584,CID44971-sample-proxy
CID44971_GCTGCTTTCGCCGTGA,4.100473,-12.685703,14,Myeloid,2.5683229306208584,CID44971-sample-proxy
CID44971_GTAACTGAGGCTCATT,4.162036,-12.54441,14,Myeloid,2.5683229306208584,CID44971-sample-proxy
CID44971_GTGGGTCCACCGAAAG,4.171944,-12.628845,14,Myeloid,2.5683229306208584,CID44971-sample-proxy
CID44971_TCCCGATCACTGTCGG,4.211094,-12.09888,14,Myeloid,2.5683229306208584,CID44971-sample-proxy
CID44971_TCTCATATCCAGATCA,4.546277,-12.076523,14,Myeloid,2.5683229306208584,CID44971-sample-proxy
CID44971_AGTCTTTTCTGTCTAT,1.9313841,-11.801628,14,Myeloid,2.5683229306208584,CID44971-sample-proxy
CID44971_CAGGTGCGTTGAGGTG,3.3318405,-10.679295,14,Myeloid,2.5683229306208584,CID44971-sample-proxy
CID44971_AGCCTAATCATCTGCC,2.0717955,-10.666727,14,Myeloid,2.5683229306208584,CID44971-sample-proxy
CID44971_GCTGGGTAGAAGGTTT,3.109972,-10.711421,14,Myeloid,2.5683229306208584,CID44971-sample-proxy
CID44971_ACTGAACTCTTGCATT,4.219344,-9.990123,14,Myeloid,2.5683229306208584,CID44971-sample-proxy
CID44971_TCATTACGTTCTGTTT,3.7025151,-11.762423,14,Myeloid,2.5683229306208584,CID44971-sample-proxy
CID44971_AATCCAGCAAGTAATG,3.4637616,-10.506108,14,Myeloid,2.5683229306208584,CID44971-sample-proxy
CID44971_ACAGCCGTCCCAAGAT,2.3497138,-10.7545395,14,Myeloid,2.5683229306208584,CID44971-sample-proxy
CID44971_ACGGGCTCAGTAAGCG,1.9641618,-11.245664,14,Myeloid,2.5683229306208584,CID44971-sample-proxy
CID44971_ACTGATGCAGGTTTCA,3.3092906,-10.311573,14,Myeloid,2.5683229306208584,CID44971-sample-proxy
CID44971_AGCAGCCAGATAGGAG,2.1885233,-11.08281,14,Myeloid,2.5683229306208584,CID44971-sample-proxy
CID44971_AGTCTTTGTTAAGACA,2.6554077,-10.000504,14,Myeloid,2.5683229306208584,CID44971-sample-proxy
CID44971_ATCATCTCAAGGGTCA,2.971902,-10.141016,14,Myeloid,2.5683229306208584,CID44971-sample-proxy
CID44971_ATGGGAGGTTGCCTCT,2.8287237,-10.293556,14,Myeloid,2.5683229306208584,CID44971-sample-proxy
CID44971_CACACCTCATTGGGCC,2.6956027,-10.123113,14,Myeloid,2.5683229306208584,CID44971-sample-proxy
CID44971_CACCACTGTACCGTAT,2.097084,-11.128572,14,Myeloid,2.5683229306208584,CID44971-sample-proxy
CID44971_CAGAGAGAGAATGTGT,2.282538,-10.93681,14,Myeloid,2.5683229306208584,CID44971-sample-proxy
CID44971_CAGGTGCTCGAGCCCA,2.8227556,-10.647403,14,Myeloid,2.5683229306208584,CID44971-sample-proxy
CID44971_CATATTCGTCAAGCGA,4.259741,-11.255301,14,Myeloid,2.5683229306208584,CID44971-sample-proxy
CID44971_CCAATCCGTAGGCTGA,2.1551158,-10.944814,14,Myeloid,2.5683229306208584,CID44971-sample-proxy
CID44971_CCCAGTTTCCCTAACC,3.7342434,-12.096801,14,Myeloid,2.5683229306208584,CID44971-sample-proxy
CID44971_CCCATACCACCAGATT,2.996199,-11.025183,14,Myeloid,2.5683229306208584,CID44971-sample-proxy
CID44971_CCGTACTAGTGAACAT,2.8701308,-10.693331,14,Myeloid,2.5683229306208584,CID44971-sample-proxy
CID44971_CCGTTCAAGTGGAGTC,2.8088007,-10.40684,14,Myeloid,2.5683229306208584,CID44971-sample-proxy
CID44971_CCTTCCCTCGGTCTAA,1.8564332,-11.445459,14,Myeloid,2.5683229306208584,CID44971-sample-proxy
CID44971_CCTTTCTCACTGTCGG,1.5564163,-11.238919,14,Myeloid,2.5683229306208584,CID44971-sample-proxy
CID44971_CGACTTCCAGACGTAG,1.7815068,-11.023751,14,Myeloid,2.5683229306208584,CID44971-sample-proxy
CID44971_CGAGCCACAAGTACCT,2.8062174,-10.31459,14,Myeloid,2.5683229306208584,CID44971-sample-proxy
CID44971_CGCGTTTGTCTTGTCC,1.7278041,-11.098762,14,Myeloid,2.5683229306208584,CID44971-sample-proxy
CID44971_CGCTTCAAGGACATTA,2.9488397,-10.646697,14,Myeloid,2.5683229306208584,CID44971-sample-proxy
CID44971_CGCTTCACATCACCCT,2.6469152,-10.165129,14,Myeloid,2.5683229306208584,CID44971-sample-proxy
CID44971_CGTTAGAAGTCTTGCA,2.3902342,-10.430785,14,Myeloid,2.5683229306208584,CID44971-sample-proxy
CID44971_CTAAGACTCACTATTC,2.360409,-10.605871,14,Myeloid,2.5683229306208584,CID44971-sample-proxy
CID44971_CTAGCCTAGAGTAAGG,2.8603194,-10.097473,14,Myeloid,2.5683229306208584,CID44971-sample-proxy
CID44971_CTCGAAACAATGGATA,2.7404923,-10.6808605,14,Myeloid,2.5683229306208584,CID44971-sample-proxy
CID44971_CTCGGAGTCCAAACTG,2.585876,-10.796986,14,Myeloid,2.5683229306208584,CID44971-sample-proxy
CID44971_CTCGGAGTCCAGTAGT,2.9956071,-10.353109,14,Myeloid,2.5683229306208584,CID44971-sample-proxy
CID44971_CTGAAACTCTCCAGGG,3.199916,-10.2989,14,Myeloid,2.5683229306208584,CID44971-sample-proxy
CID44971_CTGATCCTCAGGCGAA,2.8729765,-10.647261,14,Myeloid,2.5683229306208584,CID44971-sample-proxy
CID44971_CTGGTCTTCCTCATTA,2.5611076,-10.086045,14,Myeloid,2.5683229306208584,CID44971-sample-proxy
CID44971_CTGTTTAGTTGGACCC,2.8308485,-9.991873,14,Myeloid,2.5683229306208584,CID44971-sample-proxy
CID44971_GAAATGATCCAGATCA,2.7291167,-10.716471,14,Myeloid,2.5683229306208584,CID44971-sample-proxy
CID44971_GAGTCCGTCTATCCCG,1.9726049,-10.940512,14,Myeloid,2.5683229306208584,CID44971-sample-proxy
CID44971_GATGCTATCAGAGACG,1.973652,-10.649518,14,Myeloid,2.5683229306208584,CID44971-sample-proxy
CID44971_GCACTCTCAATGGATA,2.1302257,-12.0959015,14,Myeloid,2.5683229306208584,CID44971-sample-proxy
CID44971_GCAGCCAAGACTACAA,2.5923212,-11.33861,14,Myeloid,2.5683229306208584,CID44971-sample-proxy
CID44971_GCAGTTATCCAGGGCT,2.5671656,-10.242531,14,Myeloid,2.5683229306208584,CID44971-sample-proxy
CID44971_GGACAAGGTCTGGTCG,2.890987,-10.394309,14,Myeloid,2.5683229306208584,CID44971-sample-proxy
CID44971_GGGCACTCAGTTTACG,3.251321,-10.016999,14,Myeloid,2.5683229306208584,CID44971-sample-proxy
CID44971_GTCAAGTAGGGATCTG,2.0201511,-10.887079,14,Myeloid,2.5683229306208584,CID44971-sample-proxy
CID44971_GTGTTAGGTATATGAG,2.1489446,-11.275134,14,Myeloid,2.5683229306208584,CID44971-sample-proxy
CID44971_TAAGAGATCCGTACAA,3.0525858,-10.303478,14,Myeloid,2.5683229306208584,CID44971-sample-proxy
CID44971_TACGGGCGTCTCTCGT,3.0022886,-10.442352,14,Myeloid,2.5683229306208584,CID44971-sample-proxy
CID44971_TACTTGTGTGTTCTTT,2.9362016,-10.237016,14,Myeloid,2.5683229306208584,CID44971-sample-proxy
CID44971_TAGACCATCATACGGT,2.227364,-10.450544,14,Myeloid,2.5683229306208584,CID44971-sample-proxy
CID44971_TGCGGGTTCCGTCATC,3.3494017,-10.55857,14,Myeloid,2.5683229306208584,CID44971-sample-proxy
CID44971_TGCGTGGGTCGAGATG,2.6864147,-11.029491,14,Myeloid,2.5683229306208584,CID44971-sample-proxy
CID44971_TGTGGTAGTTTGTTTC,1.7422441,-11.076505,14,Myeloid,2.5683229306208584,CID44971-sample-proxy
CID44971_CACCACTGTCCAGTAT,2.970355,-10.141666,14,Myeloid,2.5683229306208584,CID44971-sample-proxy
CID44971_CAGCAGCTCTGAGGGA,2.746244,-13.102935,14,Myeloid,2.5683229306208584,CID44971-sample-proxy
CID44971_CATCGGGAGGGAGTAA,2.9504457,-10.36792,14,Myeloid,2.5683229306208584,CID44971-sample-proxy
CID44971_CCTTTCTCACAGTCGC,3.2329438,-10.28539,14,Myeloid,2.5683229306208584,CID44971-sample-proxy
CID44971_CTGAAGTCACAGAGGT,4.185506,-12.113387,14,Myeloid,2.5683229306208584,CID44971-sample-proxy
CID44971_GACGCGTGTTTGCATG,3.581024,-11.774417,14,Myeloid,2.5683229306208584,CID44971-sample-proxy
CID44971_TCGGTAAAGGATGGAA,3.3339198,-10.262182,14,Myeloid,2.5683229306208584,CID44971-sample-proxy
CID44971_TTGACTTAGCGCTCCA,3.0780976,-10.245679,14,Myeloid,2.5683229306208584,CID44971-sample-proxy
CID44971_ACGGGCTGTTGTACAC,1.4651626,-11.363797,14,Myeloid,2.5683229306208584,CID44971-sample-proxy
CID44971_AGCTTGAGTGCGATAG,0.8869663,-12.793209,14,Myeloid,2.5683229306208584,CID44971-sample-proxy
CID44971_CATGACACAAGCTGAG,2.067111,-11.716013,14,Myeloid,2.5683229306208584,CID44971-sample-proxy
CID44971_CATGACACACGTCTCT,2.2300675,-11.395756,14,Myeloid,2.5683229306208584,CID44971-sample-proxy
CID44971_CATGCCTGTAACGCGA,1.3295838,-11.889221,14,Myeloid,2.5683229306208584,CID44971-sample-proxy
CID44971_CGTGTCTTCATGCATG,1.3921912,-11.945192,14,Myeloid,2.5683229306208584,CID44971-sample-proxy
CID44971_CTACATTCATGAACCT,2.7444541,-10.964606,14,Myeloid,2.5683229306208584,CID44971-sample-proxy
CID44971_CTGATCCTCCTAGAAC,1.4315822,-11.68166,14,Myeloid,2.5683229306208584,CID44971-sample-proxy
CID44971_GAATGAAGTGTCTGAT,1.5064903,-11.733338,14,Myeloid,2.5683229306208584,CID44971-sample-proxy
CID44971_GCTTCCATCAGCTCGG,1.5820594,-11.917826,14,Myeloid,2.5683229306208584,CID44971-sample-proxy
CID44971_GGAATAAAGTACGCCC,2.7523377,-11.4113,14,Myeloid,2.5683229306208584,CID44971-sample-proxy
CID44971_TACCTATAGTCTCCTC,1.4187016,-11.46223,14,Myeloid,2.5683229306208584,CID44971-sample-proxy
CID44971_TACCTTAAGCTAGCCC,2.2690413,-11.081283,14,Myeloid,2.5683229306208584,CID44971-sample-proxy
CID44971_TAGGCATTCCTCAATT,2.7735844,-11.092003,14,Myeloid,2.5683229306208584,CID44971-sample-proxy
CID44971_CATCCACAGCACACAG,4.3107014,-10.342547,14,Myeloid,2.5683229306208584,CID44971-sample-proxy
CID44971_CCAATCCCAGCCTTTC,3.5553758,-10.613277,14,Myeloid,2.5683229306208584,CID44971-sample-proxy
CID44971_ACACCGGTCTAACGGT,4.2624288,-10.747437,14,Myeloid,2.5683229306208584,CID44971-sample-proxy
CID44971_AAAGTAGGTTCCACTC,1.6747,-11.65494,14,Myeloid,2.5683229306208584,CID44971-sample-proxy
CID44971_ATAACGCTCTCCCTGA,3.6562233,-11.510284,14,Myeloid,2.5683229306208584,CID44971-sample-proxy
CID44971_CATCGAAAGTGCTGCC,2.4131277,-11.155105,14,Myeloid,2.5683229306208584,CID44971-sample-proxy
CID44971_CGTTCTGGTGCTTCTC,2.7636924,-11.770258,14,Myeloid,2.5683229306208584,CID44971-sample-proxy
CID44971_CTAAGACAGTACACCT,2.8873005,-10.315823,14,Myeloid,2.5683229306208584,CID44971-sample-proxy
CID44971_CTCGGGAAGGATGGTC,1.9774994,-11.047466,14,Myeloid,2.5683229306208584,CID44971-sample-proxy
CID44971_GCTCTGTGTCCTCTTG,2.9591386,-10.195633,14,Myeloid,2.5683229306208584,CID44971-sample-proxy
CID44971_GGACATTTCGTTTAGG,2.009895,-11.671747,14,Myeloid,2.5683229306208584,CID44971-sample-proxy
CID44971_GGGTCTGAGTGTCCCG,3.3351269,-10.78144,14,Myeloid,2.5683229306208584,CID44971-sample-proxy
CID44971_TACTCATAGCTACCGC,2.569088,-11.131941,14,Myeloid,2.5683229306208584,CID44971-sample-proxy
CID44971_TCGGGACAGCTAAGAT,1.7371858,-10.739322,14,Myeloid,2.5683229306208584,CID44971-sample-proxy
CID44971_CAAGATCGTTCTGAAC,2.140547,-10.608875,14,Myeloid,2.5683229306208584,CID44971-sample-proxy
CID44971_CAAGTTGCAGGCGATA,3.3810034,-10.544053,14,Myeloid,2.5683229306208584,CID44971-sample-proxy
CID44971_CACAGTAGTGTGAAAT,3.004742,-10.597154,14,Myeloid,2.5683229306208584,CID44971-sample-proxy
CID44971_CCCATACTCTTACCGC,2.8570647,-10.375179,14,Myeloid,2.5683229306208584,CID44971-sample-proxy
CID44971_CCTATTACAGCAGTTT,2.2707963,-11.140737,14,Myeloid,2.5683229306208584,CID44971-sample-proxy
CID44971_CGTTCTGGTACAGCAG,2.777045,-10.1036625,14,Myeloid,2.5683229306208584,CID44971-sample-proxy
CID44971_GTGAAGGGTGCAACGA,2.8841958,-10.575497,14,Myeloid,2.5683229306208584,CID44971-sample-proxy
CID44971_TGTATTCTCTATCCTA,2.305307,-11.11798,14,Myeloid,2.5683229306208584,CID44971-sample-proxy
CID44971_AACCGCGTCAACACAC,1.5130944,-11.650716,14,Myeloid,2.5683229306208584,CID44971-sample-proxy
CID44971_ATAAGAGGTCGGCACT,1.4990629,-11.238538,14,Myeloid,2.5683229306208584,CID44971-sample-proxy
CID44971_CCTTCCCCAATGAATG,1.799951,-11.729366,14,Myeloid,2.5683229306208584,CID44971-sample-proxy
CID44971_GCGCGATGTATGAATG,0.6253096,-13.102684,14,Myeloid,2.5683229306208584,CID44971-sample-proxy
CID44971_GTGTGCGAGCTTTGGT,2.8167982,-11.600004,14,Myeloid,2.5683229306208584,CID44971-sample-proxy
CID44971_TACGGGCCACCGTTGG,2.030952,-11.655161,14,Myeloid,2.5683229306208584,CID44971-sample-proxy
CID44971_TTTATGCCATCTCGCT,1.0887651,-12.766187,14,Myeloid,2.5683229306208584,CID44971-sample-proxy
CID44971_CGATGTAGTTTGCATG,4.2745123,-10.089534,14,Myeloid,2.5683229306208584,CID44971-sample-proxy
CID44971_TTTACTGAGGGTCGAT,4.1273713,-10.031136,14,Myeloid,2.5683229306208584,CID44971-sample-proxy
CID44971_TTTCCTCCAGGAATCG,4.2421875,-10.2132015,14,Myeloid,2.5683229306208584,CID44971-sample-proxy
CID44971_CATGCCTAGCGATCCC,2.2256718,-11.3387785,14,Myeloid,2.5683229306208584,CID44971-sample-proxy
CID44971_CGTTCTGTCGGAGCAA,3.2474885,-11.478843,14,Myeloid,2.5683229306208584,CID44971-sample-proxy
CID44971_ATTATCCGTTATCACG,1.9975861,-10.661014,14,Myeloid,2.5683229306208584,CID44971-sample-proxy
CID44971_ATTGGACCAAACGTGG,1.7874411,-10.759141,14,Myeloid,2.5683229306208584,CID44971-sample-proxy
CID44971_CAAGAAAAGTAAGTAC,1.9643685,-11.480117,14,Myeloid,2.5683229306208584,CID44971-sample-proxy
CID44971_CAAGGCCCATATGCTG,1.8766844,-11.525586,14,Myeloid,2.5683229306208584,CID44971-sample-proxy
CID44971_CATTATCGTTCGAATC,1.7222706,-11.8942585,14,Myeloid,2.5683229306208584,CID44971-sample-proxy
CID44971_CATTCGCTCCGTAGGC,1.8103431,-10.765845,14,Myeloid,2.5683229306208584,CID44971-sample-proxy
CID44971_CCCTCCTAGTAGTGCG,2.5292306,-11.318633,14,Myeloid,2.5683229306208584,CID44971-sample-proxy
CID44971_CCTAAAGGTACAGACG,1.3828956,-11.59726,14,Myeloid,2.5683229306208584,CID44971-sample-proxy
CID44971_CCTTACGAGATGTGTA,2.7998962,-11.290859,14,Myeloid,2.5683229306208584,CID44971-sample-proxy
CID44971_CTACACCAGACCACGA,3.5483127,-11.940078,14,Myeloid,2.5683229306208584,CID44971-sample-proxy
CID44971_CTGCCTATCCGAACGC,1.6150402,-12.190258,14,Myeloid,2.5683229306208584,CID44971-sample-proxy
CID44971_GCCAAATCACTTACGA,1.0114294,-13.145508,14,Myeloid,2.5683229306208584,CID44971-sample-proxy
CID44971_GCGCCAAGTTTACTCT,3.635889,-11.573995,14,Myeloid,2.5683229306208584,CID44971-sample-proxy
CID44971_GGCGTGTTCTGTCTCG,2.0156953,-11.594288,14,Myeloid,2.5683229306208584,CID44971-sample-proxy
CID44971_GGGAATGAGAATTCCC,2.5106802,-10.30892,14,Myeloid,2.5683229306208584,CID44971-sample-proxy
CID44971_GTAGGCCAGTACGCCC,2.0817835,-10.581058,14,Myeloid,2.5683229306208584,CID44971-sample-proxy
CID44971_TACGGATTCCGTCATC,1.730326,-11.262408,14,Myeloid,2.5683229306208584,CID44971-sample-proxy
CID44971_TTAACTCGTCACACGC,2.1057625,-10.707793,14,Myeloid,2.5683229306208584,CID44971-sample-proxy
CID44971_AGGCCACAGAATGTTG,3.6952577,-11.566441,14,Myeloid,2.5683229306208584,CID44971-sample-proxy
CID44971_AGGGTGAGTTCGCGAC,3.9479923,-11.751178,14,Myeloid,2.5683229306208584,CID44971-sample-proxy
CID44971_GTTCTCGTCATCATTC,1.9866072,-11.9823065,14,Myeloid,2.5683229306208584,CID44971-sample-proxy
CID44971_GAACGGAAGAGTCTGG,2.146846,-12.013199,14,Myeloid,2.5683229306208584,CID44971-sample-proxy
CID44971_TCATTTGCATACTACG,4.0311685,-11.919149,14,Myeloid,2.5683229306208584,CID44971-sample-proxy
CID44971_AAACGGGCAGATCCAT,1.1085392,-12.312286,14,Myeloid,2.5683229306208584,CID44971-sample-proxy
CID44971_AACGTTGAGTGAAGAG,0.95259184,-12.891357,14,Myeloid,2.5683229306208584,CID44971-sample-proxy
CID44971_AAGGAGCCACCCAGTG,0.7597371,-13.157736,14,Myeloid,2.5683229306208584,CID44971-sample-proxy
CID44971_ACACCGGTCAGCTGGC,0.98602843,-12.915503,14,Myeloid,2.5683229306208584,CID44971-sample-proxy
CID44971_ACAGCTACAAAGCAAT,0.77758837,-13.076295,14,Myeloid,2.5683229306208584,CID44971-sample-proxy
CID44971_ACATACGAGAGCTATA,0.7099918,-13.217152,14,Myeloid,2.5683229306208584,CID44971-sample-proxy
CID44971_ACATCAGAGGGTGTTG,0.6308538,-13.254115,14,Myeloid,2.5683229306208584,CID44971-sample-proxy
CID44971_ACGATGTGTTGCGTTA,0.7308398,-13.273513,14,Myeloid,2.5683229306208584,CID44971-sample-proxy
CID44971_AGCGTCGTCAGTGCAT,2.5914676,-11.795201,14,Myeloid,2.5683229306208584,CID44971-sample-proxy
CID44971_AGGTCATAGAATAGGG,0.66307867,-13.228133,14,Myeloid,2.5683229306208584,CID44971-sample-proxy
CID44971_ATCATCTCACCAGGCT,1.6153873,-11.796874,14,Myeloid,2.5683229306208584,CID44971-sample-proxy
CID44971_ATTCTACGTCTAGAGG,1.2813734,-11.636397,14,Myeloid,2.5683229306208584,CID44971-sample-proxy
CID44971_ATTGGTGAGGACACCA,0.61959356,-13.184975,14,Myeloid,2.5683229306208584,CID44971-sample-proxy
CID44971_CACATTTGTGGTTTCA,1.7325066,-12.012876,14,Myeloid,2.5683229306208584,CID44971-sample-proxy
CID44971_CACCAGGCACTTACGA,0.66607225,-13.146991,14,Myeloid,2.5683229306208584,CID44971-sample-proxy
CID44971_CATATTCCAAAGTCAA,0.8111819,-13.109732,14,Myeloid,2.5683229306208584,CID44971-sample-proxy
CID44971_CCCTCCTAGGGAACGG,1.449648,-11.787363,14,Myeloid,2.5683229306208584,CID44971-sample-proxy
CID44971_CCGTACTAGCCAGGAT,0.72398674,-12.953357,14,Myeloid,2.5683229306208584,CID44971-sample-proxy
CID44971_CCGTACTGTAGCGTGA,0.6561942,-13.233241,14,Myeloid,2.5683229306208584,CID44971-sample-proxy
CID44971_CCTACCAGTAGGGTAC,1.2580498,-11.839481,14,Myeloid,2.5683229306208584,CID44971-sample-proxy
CID44971_CGAATGTGTAAACACA,1.3738806,-11.9251375,14,Myeloid,2.5683229306208584,CID44971-sample-proxy
CID44971_CGATGTAGTTACGTCA,0.6888247,-13.131181,14,Myeloid,2.5683229306208584,CID44971-sample-proxy
CID44971_CGGGTCAGTTGGTTTG,0.8432913,-13.140358,14,Myeloid,2.5683229306208584,CID44971-sample-proxy
CID44971_CGTGAGCCAACACCCG,0.8455403,-12.841736,14,Myeloid,2.5683229306208584,CID44971-sample-proxy
CID44971_CTAGTGAGTTATCACG,0.85431147,-12.956497,14,Myeloid,2.5683229306208584,CID44971-sample-proxy
CID44971_CTCACACAGGAGTACC,0.80245835,-13.28134,14,Myeloid,2.5683229306208584,CID44971-sample-proxy
CID44971_CTCAGAAGTTACTGAC,1.5270861,-12.139141,14,Myeloid,2.5683229306208584,CID44971-sample-proxy
CID44971_CTGATAGCAGCATGAG,0.5905022,-13.298536,14,Myeloid,2.5683229306208584,CID44971-sample-proxy
CID44971_GACTGCGCAATGACCT,1.4075298,-11.945112,14,Myeloid,2.5683229306208584,CID44971-sample-proxy
CID44971_GAGTCCGAGGACACCA,1.4926755,-11.8018055,14,Myeloid,2.5683229306208584,CID44971-sample-proxy
CID44971_GATGCTAGTCACTTCC,0.96171415,-13.156647,14,Myeloid,2.5683229306208584,CID44971-sample-proxy
CID44971_GATTCAGAGATATGGT,0.8326535,-13.112495,14,Myeloid,2.5683229306208584,CID44971-sample-proxy
CID44971_GCAGCCATCTGTCAAG,1.5447973,-11.571226,14,Myeloid,2.5683229306208584,CID44971-sample-proxy
CID44971_GCGCGATAGTACACCT,0.72598904,-13.178995,14,Myeloid,2.5683229306208584,CID44971-sample-proxy
CID44971_GCGCGATGTTCAGGCC,1.2788546,-11.670972,14,Myeloid,2.5683229306208584,CID44971-sample-proxy
CID44971_GGGACCTGTGTAATGA,1.0341601,-12.762639,14,Myeloid,2.5683229306208584,CID44971-sample-proxy
CID44971_GGGAGATAGACGCACA,1.1844761,-11.901512,14,Myeloid,2.5683229306208584,CID44971-sample-proxy
CID44971_GTAACGTGTGTAATGA,1.3604228,-11.997995,14,Myeloid,2.5683229306208584,CID44971-sample-proxy
CID44971_GTAACGTTCTTAGAGC,0.6682345,-13.124403,14,Myeloid,2.5683229306208584,CID44971-sample-proxy
CID44971_GTGTGCGCATAAAGGT,0.994725,-12.819396,14,Myeloid,2.5683229306208584,CID44971-sample-proxy
CID44971_TAAGTGCCATGGGAAC,0.86703736,-12.855708,14,Myeloid,2.5683229306208584,CID44971-sample-proxy
CID44971_TAGACCATCCCTAATT,0.86848426,-12.864639,14,Myeloid,2.5683229306208584,CID44971-sample-proxy
CID44971_TATTACCAGATGCCTT,0.9490856,-12.873881,14,Myeloid,2.5683229306208584,CID44971-sample-proxy
CID44971_TCATTACGTCGACTAT,1.3053184,-11.868963,14,Myeloid,2.5683229306208584,CID44971-sample-proxy
CID44971_TCGGGACCAATGAAAC,1.5184655,-11.262057,14,Myeloid,2.5683229306208584,CID44971-sample-proxy
CID44971_TGCCAAAAGTAGTGCG,1.6951267,-12.175233,14,Myeloid,2.5683229306208584,CID44971-sample-proxy
CID44971_TGCCAAACATTAACCG,1.1998184,-12.094947,14,Myeloid,2.5683229306208584,CID44971-sample-proxy
CID44971_TGGCTGGAGGTTACCT,1.0295429,-13.093096,14,Myeloid,2.5683229306208584,CID44971-sample-proxy
CID44971_TGTCCCAGTTAGTGGG,1.5929768,-12.080071,14,Myeloid,2.5683229306208584,CID44971-sample-proxy
CID44971_TTAACTCTCACGAAGG,1.2780958,-11.670808,14,Myeloid,2.5683229306208584,CID44971-sample-proxy
CID44971_TTAGTTCCAGCCTGTG,1.2599802,-11.633839,14,Myeloid,2.5683229306208584,CID44971-sample-proxy
CID44971_TTCTTAGTCCACGCAG,1.2497256,-12.17724,14,Myeloid,2.5683229306208584,CID44971-sample-proxy
CID44971_TTGGCAAAGCAATATG,0.8009786,-13.015582,14,Myeloid,2.5683229306208584,CID44971-sample-proxy
CID44971_GCATGCGTCGTTACAG,2.0731554,-11.613062,14,Myeloid,2.5683229306208584,CID44971-sample-proxy
CID44971_CAGAATCGTGGTCTCG,1.769543,-11.828519,14,Myeloid,2.5683229306208584,CID44971-sample-proxy
CID44971_TGGTTAGAGTGGTAAT,2.3934186,-11.674068,14,Myeloid,2.5683229306208584,CID44971-sample-proxy
CID44971_ACCTTTATCGAGGTAG,2.990191,-12.818159,14,Myeloid,2.5683229306208584,CID44971-sample-proxy
CID44971_ACTGAACTCAGCTCTC,2.9499068,-12.954696,14,Myeloid,2.5683229306208584,CID44971-sample-proxy
CID44971_AGTGAGGTCACCAGGC,2.484212,-13.152834,14,Myeloid,2.5683229306208584,CID44971-sample-proxy
CID44971_CAAGATCCAGTCGATT,3.027874,-12.702174,14,Myeloid,2.5683229306208584,CID44971-sample-proxy
CID44971_CATTCGCCACAAGACG,3.1110396,-12.820891,14,Myeloid,2.5683229306208584,CID44971-sample-proxy
CID44971_CCATGTCGTGGCTCCA,2.2914667,-13.140111,14,Myeloid,2.5683229306208584,CID44971-sample-proxy
CID44971_CGTCACTCAGGTGCCT,3.4245207,-12.558818,14,Myeloid,2.5683229306208584,CID44971-sample-proxy
CID44971_CTGCGGATCGTTTAGG,2.8363986,-12.530952,14,Myeloid,2.5683229306208584,CID44971-sample-proxy
CID44971_GAAACTCCACCCTATC,2.4962323,-13.439258,14,Myeloid,2.5683229306208584,CID44971-sample-proxy
CID44971_GCAATCACACGAAACG,2.868105,-12.37956,14,Myeloid,2.5683229306208584,CID44971-sample-proxy
CID44971_GCATGATGTCAAAGAT,2.6835346,-13.151324,14,Myeloid,2.5683229306208584,CID44971-sample-proxy
CID44971_GCTCTGTAGAAACCTA,3.2482836,-12.792327,14,Myeloid,2.5683229306208584,CID44971-sample-proxy
CID44971_GGGAATGTCATCGATG,3.226165,-12.62665,14,Myeloid,2.5683229306208584,CID44971-sample-proxy
CID44971_TCAGGATAGTGTGAAT,2.9959674,-12.519027,14,Myeloid,2.5683229306208584,CID44971-sample-proxy
CID44971_TGAGCATTCTAAGCCA,2.5437937,-13.470598,14,Myeloid,2.5683229306208584,CID44971-sample-proxy
CID44971_AACACGTAGAGCCTAG,2.5044544,-13.537766,14,Myeloid,2.5683229306208584,CID44971-sample-proxy
CID44971_ACACTGAAGGACTGGT,2.5876005,-13.872586,14,Myeloid,2.5683229306208584,CID44971-sample-proxy
CID44971_AGAGCTTAGACACGAC,2.8076236,-13.871877,14,Myeloid,2.5683229306208584,CID44971-sample-proxy
CID44971_AGATTGCGTCAGTGGA,2.7059202,-13.976598,14,Myeloid,2.5683229306208584,CID44971-sample-proxy
CID44971_AGGGAGTTCGCACTCT,2.6990654,-13.928088,14,Myeloid,2.5683229306208584,CID44971-sample-proxy
CID44971_CACAGTAAGTGTTGAA,2.6062002,-13.6572275,14,Myeloid,2.5683229306208584,CID44971-sample-proxy
CID44971_CATATTCAGTACACCT,2.4591022,-13.308876,14,Myeloid,2.5683229306208584,CID44971-sample-proxy
CID44971_CATCAAGCAGCTGTAT,2.5374506,-13.817943,14,Myeloid,2.5683229306208584,CID44971-sample-proxy
CID44971_CATCAGAGTCTTGCGG,2.6167693,-13.502087,14,Myeloid,2.5683229306208584,CID44971-sample-proxy
CID44971_CCCAATCGTGCCTGTG,2.353654,-13.783475,14,Myeloid,2.5683229306208584,CID44971-sample-proxy
CID44971_CCCAGTTCAAGGTGTG,2.7680933,-13.890896,14,Myeloid,2.5683229306208584,CID44971-sample-proxy
CID44971_CCTTCCCTCAGTGCAT,2.522749,-13.341656,14,Myeloid,2.5683229306208584,CID44971-sample-proxy
CID44971_CGACTTCGTCGGCACT,2.564863,-13.6696825,14,Myeloid,2.5683229306208584,CID44971-sample-proxy
CID44971_CGAGCCAAGAGACTTA,2.6218836,-13.881064,14,Myeloid,2.5683229306208584,CID44971-sample-proxy
CID44971_CGGACACCACCCATGG,2.7274103,-14.013149,14,Myeloid,2.5683229306208584,CID44971-sample-proxy
CID44971_CGTGTAAAGAGTAATC,2.453626,-13.692482,14,Myeloid,2.5683229306208584,CID44971-sample-proxy
CID44971_CTGCTGTCAAGCGAGT,2.4701107,-13.022806,14,Myeloid,2.5683229306208584,CID44971-sample-proxy
CID44971_CTTACCGAGGTTCCTA,2.6602135,-13.631632,14,Myeloid,2.5683229306208584,CID44971-sample-proxy
CID44971_CTTAGGAGTCCGAAGA,2.7556803,-14.047092,14,Myeloid,2.5683229306208584,CID44971-sample-proxy
CID44971_GAAACTCAGTGCGATG,2.9033935,-13.799537,14,Myeloid,2.5683229306208584,CID44971-sample-proxy
CID44971_GATGAGGTCGCAAACT,2.598569,-13.995742,14,Myeloid,2.5683229306208584,CID44971-sample-proxy
CID44971_GCACATAAGAGGGATA,2.7399836,-14.007897,14,Myeloid,2.5683229306208584,CID44971-sample-proxy
CID44971_GCATACATCCGTTGCT,2.7713435,-14.05294,14,Myeloid,2.5683229306208584,CID44971-sample-proxy
CID44971_GCATGCGCAGGCTGAA,2.6488616,-13.935331,14,Myeloid,2.5683229306208584,CID44971-sample-proxy
CID44971_GCGCCAAGTCGAATCT,2.5298588,-13.719773,14,Myeloid,2.5683229306208584,CID44971-sample-proxy
CID44971_GGTATTGCAAATCCGT,2.6409454,-14.03058,14,Myeloid,2.5683229306208584,CID44971-sample-proxy
CID44971_GTTCGGGTCGATCCCT,2.840543,-13.385035,14,Myeloid,2.5683229306208584,CID44971-sample-proxy
CID44971_TACACGATCTCATTCA,2.5264654,-13.563434,14,Myeloid,2.5683229306208584,CID44971-sample-proxy
CID44971_TAGTTGGCATGACGGA,2.7427168,-14.024968,14,Myeloid,2.5683229306208584,CID44971-sample-proxy
CID44971_TGACTTTAGACGCAAC,2.6627789,-13.827776,14,Myeloid,2.5683229306208584,CID44971-sample-proxy
CID44971_TGAGGGAGTACATGTC,2.5222085,-13.838503,14,Myeloid,2.5683229306208584,CID44971-sample-proxy
CID44971_TTCGGTCCAATGACCT,2.8153763,-13.866695,14,Myeloid,2.5683229306208584,CID44971-sample-proxy
CID44971_TTGTAGGGTTGGTAAA,2.508352,-13.774706,14,Myeloid,2.5683229306208584,CID44971-sample-proxy
CID44971_AGACGTTTCTTCGAGA,2.494828,-13.335189,14,Myeloid,2.5683229306208584,CID44971-sample-proxy
CID44971_CACCACTCACGAAGCA,2.542124,-13.372526,14,Myeloid,2.5683229306208584,CID44971-sample-proxy
CID44971_CTCGGAGTCGTCTGCT,2.6737258,-13.073188,14,Myeloid,2.5683229306208584,CID44971-sample-proxy
CID44971_TAAACCGCATCAGTCA,2.5472143,-13.32903,14,Myeloid,2.5683229306208584,CID44971-sample-proxy
CID44971_TGTGGTACATACTACG,2.51897,-13.392033,14,Myeloid,2.5683229306208584,CID44971-sample-proxy
CID44971_GGCAATTAGGCAAAGA,2.4553974,-10.787634,14,Myeloid,2.5683229306208584,CID44971-sample-proxy
CID44971_GCCAAATTCAGTCCCT,3.1683118,-12.622072,14,Myeloid,2.5683229306208584,CID44971-sample-proxy
CID44971_GTCCTCACATGGGACA,3.178844,-10.861677,14,Myeloid,2.5683229306208584,CID44971-sample-proxy
CID44971_CACCACTTCGCACTCT,1.514105,-11.939104,14,Myeloid,2.5683229306208584,CID44971-sample-proxy
CID44971_AACACGTTCCTTTCTC,1.3990988,-11.677503,14,Myeloid,2.5683229306208584,CID44971-sample-proxy
CID44971_ACACCAACACAAGACG,2.7384915,-10.412948,14,Myeloid,2.5683229306208584,CID44971-sample-proxy
CID44971_AGGTCATAGTGTTTGC,2.8215559,-10.439155,14,Myeloid,2.5683229306208584,CID44971-sample-proxy
CID44971_AGTTGGTGTAGCGCAA,2.424806,-10.374177,14,Myeloid,2.5683229306208584,CID44971-sample-proxy
CID44971_ATCACGATCAACACTG,2.4008098,-10.820039,14,Myeloid,2.5683229306208584,CID44971-sample-proxy
CID44971_ATCCACCTCGACGGAA,3.0310552,-10.439416,14,Myeloid,2.5683229306208584,CID44971-sample-proxy
CID44971_ATCGAGTGTTAGAACA,2.5482485,-11.630392,14,Myeloid,2.5683229306208584,CID44971-sample-proxy
CID44971_CACCAGGGTGATGTCT,2.7416751,-11.705855,14,Myeloid,2.5683229306208584,CID44971-sample-proxy
CID44971_CAGTAACAGTGTACCT,2.138601,-11.570379,14,Myeloid,2.5683229306208584,CID44971-sample-proxy
CID44971_CATGCCTCATTTCACT,3.0969274,-11.594338,14,Myeloid,2.5683229306208584,CID44971-sample-proxy
CID44971_CCGGGATGTTATCCGA,2.563667,-11.625971,14,Myeloid,2.5683229306208584,CID44971-sample-proxy
CID44971_CGAACATTCAAACCAC,2.4807825,-11.38304,14,Myeloid,2.5683229306208584,CID44971-sample-proxy
CID44971_CGGAGTCGTTCCACTC,3.4448102,-11.4823,14,Myeloid,2.5683229306208584,CID44971-sample-proxy
CID44971_CGTCTACAGCTAGGCA,2.6974816,-11.452969,14,Myeloid,2.5683229306208584,CID44971-sample-proxy
CID44971_CGTGAGCAGGCTCATT,2.3137627,-11.308649,14,Myeloid,2.5683229306208584,CID44971-sample-proxy
CID44971_CTGCGGAAGATATGCA,1.8346586,-11.287831,14,Myeloid,2.5683229306208584,CID44971-sample-proxy
CID44971_GAGCAGATCTCTTATG,1.9274762,-12.530713,14,Myeloid,2.5683229306208584,CID44971-sample-proxy
CID44971_GAGTCCGTCTACTCAT,2.527444,-11.506958,14,Myeloid,2.5683229306208584,CID44971-sample-proxy
CID44971_GCGCAACCATTGGGCC,2.7717538,-11.558575,14,Myeloid,2.5683229306208584,CID44971-sample-proxy
CID44971_GGGCATCCATGCCACG,3.1893609,-10.338552,14,Myeloid,2.5683229306208584,CID44971-sample-proxy
CID44971_GGTATTGGTTATCCGA,2.985047,-11.564274,14,Myeloid,2.5683229306208584,CID44971-sample-proxy
CID44971_GTCATTTCAATAGCAA,2.7418275,-11.1984005,14,Myeloid,2.5683229306208584,CID44971-sample-proxy
CID44971_GTCGGGTTCATCGCTC,2.5047083,-11.559666,14,Myeloid,2.5683229306208584,CID44971-sample-proxy
CID44971_TCGAGGCAGACAGGCT,2.840348,-10.178921,14,Myeloid,2.5683229306208584,CID44971-sample-proxy
CID44971_ATGCGATGTCTCTTTA,3.6393132,-10.945113,14,Myeloid,2.5683229306208584,CID44971-sample-proxy
CID44971_AACGTTGAGATAGTCA,4.343163,-10.176627,14,Myeloid,2.5683229306208584,CID44971-sample-proxy
CID44971_ACTATCTGTAAACGCG,4.254925,-10.197064,14,Myeloid,2.5683229306208584,CID44971-sample-proxy
CID44971_ACTTACTAGGCTAGCA,4.1333933,-10.20274,14,Myeloid,2.5683229306208584,CID44971-sample-proxy
CID44971_AGATTGCTCAATACCG,11.834556,1.0447199,12,T / NK,0.4770807032896049,CID44971-sample-proxy
CID44971_AGGTCATCATCCGTGG,11.680191,0.28535038,12,T / NK,0.4770807032896049,CID44971-sample-proxy
CID44971_AGGTCATGTGTGGCTC,4.258059,-10.20201,14,Myeloid,2.5683229306208584,CID44971-sample-proxy
CID44971_AGTAGTCCAGACAGGT,4.2533994,-11.992972,14,Myeloid,2.5683229306208584,CID44971-sample-proxy
CID44971_ATTGGACGTGCGAAAC,4.5320935,-11.710169,14,Myeloid,2.5683229306208584,CID44971-sample-proxy
CID44971_CAAGAAACATGCCCGA,4.3641453,-9.950352,14,Myeloid,2.5683229306208584,CID44971-sample-proxy
CID44971_CACAGTAGTAACGTTC,4.1014028,-10.030701,14,Myeloid,2.5683229306208584,CID44971-sample-proxy
CID44971_CCATGTCAGTCTCCTC,4.1962733,-10.734371,14,Myeloid,2.5683229306208584,CID44971-sample-proxy
CID44971_CGTGTCTTCTAACTCT,4.485774,-10.736056,14,Myeloid,2.5683229306208584,CID44971-sample-proxy
CID44971_CTGATAGTCTAACTTC,3.731488,-10.933986,14,Myeloid,2.5683229306208584,CID44971-sample-proxy
CID44971_CTTTGCGGTTCACGGC,3.7535284,-10.465167,14,Myeloid,2.5683229306208584,CID44971-sample-proxy
CID44971_GAGCAGAGTTCAGTAC,3.9134989,-10.579226,14,Myeloid,2.5683229306208584,CID44971-sample-proxy
CID44971_GCAAACTAGTAGATGT,4.1008244,-10.728869,14,Myeloid,2.5683229306208584,CID44971-sample-proxy
CID44971_GCTCCTAGTACAGTTC,4.627815,-10.604505,14,Myeloid,2.5683229306208584,CID44971-sample-proxy
CID44971_GCTGGGTTCTCTGAGA,4.2101145,-10.40581,14,Myeloid,2.5683229306208584,CID44971-sample-proxy
CID44971_GGCTGGTAGAGTACAT,23.92514,-2.6504066,3,B cells,3.249953179598169,CID44971-sample-proxy
CID44971_GTACTTTTCCTCATTA,3.8319888,-10.929567,14,Myeloid,2.5683229306208584,CID44971-sample-proxy
CID44971_GTATTCTAGTGTACGG,4.423566,-11.132621,14,Myeloid,2.5683229306208584,CID44971-sample-proxy
CID44971_GTTTCTAGTACCAGTT,3.995911,-10.43958,14,Myeloid,2.5683229306208584,CID44971-sample-proxy
CID44971_TACAGTGCACGGCGTT,3.7795045,-10.138265,14,Myeloid,2.5683229306208584,CID44971-sample-proxy
CID44971_TACTTACCAGCCTTGG,4.1597576,-10.0540285,14,Myeloid,2.5683229306208584,CID44971-sample-proxy
CID44971_TCAGGTAGTTGGACCC,4.2055006,-10.14946,14,Myeloid,2.5683229306208584,CID44971-sample-proxy
CID44971_TCGTAGACAAAGCAAT,4.3116684,-10.0136385,14,Myeloid,2.5683229306208584,CID44971-sample-proxy
CID44971_TGAAAGAGTGCATCTA,4.3340364,-10.032492,14,Myeloid,2.5683229306208584,CID44971-sample-proxy
CID44971_TGAAAGAGTTAAAGAC,11.630831,0.13830577,12,T / NK,0.4770807032896049,CID44971-sample-proxy
CID44971_TGACTTTCACAGGTTT,4.234875,-10.202206,14,Myeloid,2.5683229306208584,CID44971-sample-proxy
CID44971_TGAGAGGGTTACGGAG,3.5298526,-10.836068,14,Myeloid,2.5683229306208584,CID44971-sample-proxy
CID44971_TGAGCCGGTGGCGAAT,4.1211014,-10.668093,14,Myeloid,2.5683229306208584,CID44971-sample-proxy
CID44971_TGTGTTTAGTGTGAAT,4.088263,-10.581335,14,Myeloid,2.5683229306208584,CID44971-sample-proxy
CID44971_TTAGGACTCGACCAGC,4.3352523,-10.078576,14,Myeloid,2.5683229306208584,CID44971-sample-proxy
CID44971_TTAGTTCTCGTCTGCT,4.119341,-10.054276,14,Myeloid,2.5683229306208584,CID44971-sample-proxy
CID44971_TTATGCTAGTTACGGG,11.454672,0.46511737,12,T / NK,0.4770807032896049,CID44971-sample-proxy
CID44971_TTATGCTGTTATTCTC,4.137869,-10.698953,14,Myeloid,2.5683229306208584,CID44971-sample-proxy
CID44971_TTCTTAGTCGGAGGTA,2.4323766,-10.923591,14,Myeloid,2.5683229306208584,CID44971-sample-proxy
CID44971_TTGACTTAGATACACA,4.299234,-10.765225,14,Myeloid,2.5683229306208584,CID44971-sample-proxy
CID44971_TTTATGCAGTCTCGGC,1.9236846,-11.460612,14,Myeloid,2.5683229306208584,CID44971-sample-proxy
CID44971_TTTGGTTAGGAGCGTT,5.06086,-10.843298,14,Myeloid,2.5683229306208584,CID44971-sample-proxy
CID44971_AACTCCCAGACTTGAA,3.594813,-10.770035,14,Myeloid,2.5683229306208584,CID44971-sample-proxy
CID44971_AACCGCGTCACTTATC,4.1732516,-11.558325,14,Myeloid,2.5683229306208584,CID44971-sample-proxy
CID44971_AACGTTGAGCGTTGCC,4.652333,-13.002139,14,Myeloid,2.5683229306208584,CID44971-sample-proxy
CID44971_ACGTCAACACGACGAA,4.622999,-12.899487,14,Myeloid,2.5683229306208584,CID44971-sample-proxy
CID44971_ACTTACTTCACAGTAC,4.7360497,-12.65616,14,Myeloid,2.5683229306208584,CID44971-sample-proxy
CID44971_CAGTAACGTTGTCTTT,4.5718126,-12.892076,14,Myeloid,2.5683229306208584,CID44971-sample-proxy
CID44971_CAGTCCTCATTGGGCC,3.833116,-12.686084,14,Myeloid,2.5683229306208584,CID44971-sample-proxy
CID44971_CATGGCGCACACCGCA,4.6360006,-12.88758,14,Myeloid,2.5683229306208584,CID44971-sample-proxy
CID44971_CCACCTATCTCAAACG,4.4148297,-12.675052,14,Myeloid,2.5683229306208584,CID44971-sample-proxy
CID44971_CGATCGGAGGGATACC,4.7574835,-12.968843,14,Myeloid,2.5683229306208584,CID44971-sample-proxy
CID44971_CTAAGACCAATAACGA,4.3678517,-11.81918,14,Myeloid,2.5683229306208584,CID44971-sample-proxy
CID44971_GATCAGTAGAACTCGG,3.932807,-12.35642,14,Myeloid,2.5683229306208584,CID44971-sample-proxy
CID44971_GCTTCCACAGGGTTAG,4.6650877,-12.838304,14,Myeloid,2.5683229306208584,CID44971-sample-proxy
CID44971_GTGGGTCTCGAGGTAG,4.397223,-11.559889,14,Myeloid,2.5683229306208584,CID44971-sample-proxy
CID44971_GTGGGTCTCGCCTGTT,4.3389277,-12.318085,14,Myeloid,2.5683229306208584,CID44971-sample-proxy
CID44971_TAAGTGCTCATAACCG,4.604491,-12.723155,14,Myeloid,2.5683229306208584,CID44971-sample-proxy
CID44971_TAGACCAGTAGGACAC,4.587197,-12.789814,14,Myeloid,2.5683229306208584,CID44971-sample-proxy
CID44971_TTTGCGCTCGGACAAG,4.1172605,-12.381539,14,Myeloid,2.5683229306208584,CID44971-sample-proxy
CID44971_AAGGCAGAGATTACCC,4.687557,-12.250637,14,Myeloid,2.5683229306208584,CID44971-sample-proxy
CID44971_ACGATGTTCGCTTAGA,4.218414,-12.797424,14,Myeloid,2.5683229306208584,CID44971-sample-proxy
CID44971_ACGGGTCAGACTAAGT,4.456221,-12.544362,14,Myeloid,2.5683229306208584,CID44971-sample-proxy
CID44971_ACTTACTGTCCTAGCG,4.3782215,-12.717371,14,Myeloid,2.5683229306208584,CID44971-sample-proxy
CID44971_ATAACGCAGCAATCTC,4.6415286,-11.435056,14,Myeloid,2.5683229306208584,CID44971-sample-proxy
CID44971_ATCTGCCTCTATCCTA,4.9772615,-11.416771,14,Myeloid,2.5683229306208584,CID44971-sample-proxy
CID44971_CATTCGCGTAGATTAG,4.140303,-12.391945,14,Myeloid,2.5683229306208584,CID44971-sample-proxy
CID44971_CGGAGTCCAGACGCTC,4.3411994,-11.686428,14,Myeloid,2.5683229306208584,CID44971-sample-proxy
CID44971_CTCATTACAGGACCCT,4.102019,-12.539685,14,Myeloid,2.5683229306208584,CID44971-sample-proxy
CID44971_CTCGAAATCCTCGCAT,4.6144505,-12.171284,14,Myeloid,2.5683229306208584,CID44971-sample-proxy
CID44971_CTGAAACTCGCAGGCT,4.421286,-12.1691065,14,Myeloid,2.5683229306208584,CID44971-sample-proxy
CID44971_GATCAGTGTGCACGAA,3.741741,-12.615599,14,Myeloid,2.5683229306208584,CID44971-sample-proxy
CID44971_GCACATAGTCTAACGT,3.7905803,-12.653514,14,Myeloid,2.5683229306208584,CID44971-sample-proxy
CID44971_GCATGCGCAGCTGTAT,3.990702,-12.388433,14,Myeloid,2.5683229306208584,CID44971-sample-proxy
CID44971_GGGACCTTCCGTAGGC,4.618832,-12.094802,14,Myeloid,2.5683229306208584,CID44971-sample-proxy
CID44971_GTATTCTTCAGCTCTC,4.6172047,-11.455972,14,Myeloid,2.5683229306208584,CID44971-sample-proxy
CID44971_GTGCTTCAGAAAGTGG,4.624422,-12.38551,14,Myeloid,2.5683229306208584,CID44971-sample-proxy
CID44971_GTGGGTCCATCACAAC,4.635731,-11.641613,14,Myeloid,2.5683229306208584,CID44971-sample-proxy
CID44971_TAGACCAGTCTAACGT,4.577971,-12.090112,14,Myeloid,2.5683229306208584,CID44971-sample-proxy
CID44971_TATCTCAGTGTTCTTT,4.3928366,-11.599405,14,Myeloid,2.5683229306208584,CID44971-sample-proxy
CID44971_TCACGAAAGTGTACGG,4.196239,-11.797174,14,Myeloid,2.5683229306208584,CID44971-sample-proxy
CID44971_TCAGCAAGTCTGCGGT,4.192805,-12.8118515,14,Myeloid,2.5683229306208584,CID44971-sample-proxy
CID44971_TCGCGTTAGCAGCCTC,4.1870456,-12.933035,14,Myeloid,2.5683229306208584,CID44971-sample-proxy
CID44971_TCGGGACAGGTCATCT,4.6373954,-12.452893,14,Myeloid,2.5683229306208584,CID44971-sample-proxy
CID44971_TCGGTAAAGAAACCGC,4.604694,-12.332785,14,Myeloid,2.5683229306208584,CID44971-sample-proxy
CID44971_TGGTTAGAGAGGGATA,6.027096,-12.361894,15,Plasma cells,1.8445247617634044,CID44971-sample-proxy
CID44971_TTGAACGCATCACGAT,4.2792125,-12.92618,14,Myeloid,2.5683229306208584,CID44971-sample-proxy
CID44971_TTGAACGTCGCTTAGA,4.523961,-12.240232,14,Myeloid,2.5683229306208584,CID44971-sample-proxy
CID44971_AACCGCGTCCGTCATC,7.030786,-13.109071,15,Plasma cells,1.8445247617634044,CID44971-sample-proxy
CID44971_AACTCCCTCTAACCGA,7.2479544,-13.301585,15,Plasma cells,1.8445247617634044,CID44971-sample-proxy
CID44971_AAGGCAGAGCTACCTA,7.3809204,-13.30422,15,Plasma cells,1.8445247617634044,CID44971-sample-proxy
CID44971_ACATACGGTGGCCCTA,7.2564025,-13.382659,15,Plasma cells,1.8445247617634044,CID44971-sample-proxy
CID44971_ACATCAGAGGAGCGTT,6.40458,-12.596303,15,Plasma cells,1.8445247617634044,CID44971-sample-proxy
CID44971_ACGAGCCTCACCTTAT,6.66835,-12.8312025,15,Plasma cells,1.8445247617634044,CID44971-sample-proxy
CID44971_ACGATACCAACTGGCC,6.85787,-13.146734,15,Plasma cells,1.8445247617634044,CID44971-sample-proxy
CID44971_ACGGCCAAGATCCTGT,6.509214,-12.705564,15,Plasma cells,1.8445247617634044,CID44971-sample-proxy
CID44971_ACTGAGTCATATACGC,6.8971977,-12.98727,15,Plasma cells,1.8445247617634044,CID44971-sample-proxy
CID44971_AGAATAGGTAAACGCG,7.02284,-13.172305,15,Plasma cells,1.8445247617634044,CID44971-sample-proxy
CID44971_AGGGAGTTCTCAAGTG,7.3169193,-13.359412,15,Plasma cells,1.8445247617634044,CID44971-sample-proxy
CID44971_AGTAGTCAGTTTAGGA,6.829613,-12.978301,15,Plasma cells,1.8445247617634044,CID44971-sample-proxy
CID44971_AGTAGTCGTTCGCGAC,6.4133115,-12.588244,15,Plasma cells,1.8445247617634044,CID44971-sample-proxy
CID44971_ATTACTCTCAACACTG,6.4832106,-12.633898,15,Plasma cells,1.8445247617634044,CID44971-sample-proxy
CID44971_CAACTAGTCGTTTATC,6.857766,-12.967128,15,Plasma cells,1.8445247617634044,CID44971-sample-proxy
CID44971_CAGAATCCACGACTCG,6.9033346,-13.08218,15,Plasma cells,1.8445247617634044,CID44971-sample-proxy
CID44971_CATCGGGGTTTACTCT,6.700833,-12.821126,15,Plasma cells,1.8445247617634044,CID44971-sample-proxy
CID44971_CATGCCTAGCCACGTC,7.289065,-13.39273,15,Plasma cells,1.8445247617634044,CID44971-sample-proxy
CID44971_CCCTCCTAGCCCTAAT,6.9136443,-13.223278,15,Plasma cells,1.8445247617634044,CID44971-sample-proxy
CID44971_CCGTACTCACAGTCGC,6.9529166,-12.997622,15,Plasma cells,1.8445247617634044,CID44971-sample-proxy
CID44971_CCTAGCTCAAGACACG,7.2382603,-13.3059845,15,Plasma cells,1.8445247617634044,CID44971-sample-proxy
CID44971_CGAATGTTCTGTCCGT,6.4150395,-12.579363,15,Plasma cells,1.8445247617634044,CID44971-sample-proxy
CID44971_CGATCGGCACTCGACG,6.4564734,-12.64592,15,Plasma cells,1.8445247617634044,CID44971-sample-proxy
CID44971_CGCGGTAGTAAAGTCA,7.2567086,-13.351287,15,Plasma cells,1.8445247617634044,CID44971-sample-proxy
CID44971_CGGACTGGTACGCACC,7.45589,-13.5212,15,Plasma cells,1.8445247617634044,CID44971-sample-proxy
CID44971_CGGAGCTGTTGACGTT,6.668976,-12.804246,15,Plasma cells,1.8445247617634044,CID44971-sample-proxy
CID44971_CGTAGCGCACAGCCCA,6.560327,-12.698843,15,Plasma cells,1.8445247617634044,CID44971-sample-proxy
CID44971_CGTAGGCAGATATGGT,7.0278425,-13.042587,15,Plasma cells,1.8445247617634044,CID44971-sample-proxy
CID44971_CGTCACTTCAAGAAGT,7.3653445,-13.339975,15,Plasma cells,1.8445247617634044,CID44971-sample-proxy
CID44971_CGTCAGGGTCCGTTAA,7.484361,-13.453849,15,Plasma cells,1.8445247617634044,CID44971-sample-proxy
CID44971_CGTTAGAGTAGTGAAT,6.238244,-12.468671,15,Plasma cells,1.8445247617634044,CID44971-sample-proxy
CID44971_CGTTGGGGTTTGACAC,7.105005,-13.193041,15,Plasma cells,1.8445247617634044,CID44971-sample-proxy
CID44971_CTAACTTTCTGCCAGG,7.227773,-13.168633,15,Plasma cells,1.8445247617634044,CID44971-sample-proxy
CID44971_CTACGTCAGGTGGGTT,7.14456,-13.205294,15,Plasma cells,1.8445247617634044,CID44971-sample-proxy
CID44971_CTCAGAAAGCCTTGAT,7.2814035,-13.371402,15,Plasma cells,1.8445247617634044,CID44971-sample-proxy
CID44971_CTCTGGTTCGTCGTTC,7.4567237,-13.501264,15,Plasma cells,1.8445247617634044,CID44971-sample-proxy
CID44971_CTGATAGCACCTATCC,7.0928817,-13.238999,15,Plasma cells,1.8445247617634044,CID44971-sample-proxy
CID44971_CTGCCTACATCAGTCA,7.30785,-13.361781,15,Plasma cells,1.8445247617634044,CID44971-sample-proxy
CID44971_GAAACTCCACTTAACG,7.428086,-13.414639,15,Plasma cells,1.8445247617634044,CID44971-sample-proxy
CID44971_GAACCTAGTCTTCAAG,6.387305,-12.558423,15,Plasma cells,1.8445247617634044,CID44971-sample-proxy
CID44971_GACAGAGTCGCTAGCG,6.8866796,-12.981243,15,Plasma cells,1.8445247617634044,CID44971-sample-proxy
CID44971_GACGTGCTCTCGAGTA,7.391979,-13.436839,15,Plasma cells,1.8445247617634044,CID44971-sample-proxy
CID44971_GACTAACAGATCCGAG,7.5490937,-13.370021,15,Plasma cells,1.8445247617634044,CID44971-sample-proxy
CID44971_GACTACATCCTTTCGG,6.521624,-12.680637,15,Plasma cells,1.8445247617634044,CID44971-sample-proxy
CID44971_GACTGCGGTGCGAAAC,7.3960967,-13.413777,15,Plasma cells,1.8445247617634044,CID44971-sample-proxy
CID44971_GATCGCGGTCAGCTAT,6.518482,-12.692128,15,Plasma cells,1.8445247617634044,CID44971-sample-proxy
CID44971_GATCGCGTCCTATGTT,6.9916067,-13.059922,15,Plasma cells,1.8445247617634044,CID44971-sample-proxy
CID44971_GATGAAAGTCGCCATG,7.1285253,-13.206876,15,Plasma cells,1.8445247617634044,CID44971-sample-proxy
CID44971_GCGCAGTCATTCCTGC,7.0509434,-13.069477,15,Plasma cells,1.8445247617634044,CID44971-sample-proxy
CID44971_GCGCAGTGTAGCACGA,7.4458933,-13.4518385,15,Plasma cells,1.8445247617634044,CID44971-sample-proxy
CID44971_GGTGAAGAGGAATCGC,7.1493773,-13.193931,15,Plasma cells,1.8445247617634044,CID44971-sample-proxy
CID44971_GTACTTTCACTGCCAG,7.1920624,-13.266799,15,Plasma cells,1.8445247617634044,CID44971-sample-proxy
CID44971_GTACTTTTCTAACTGG,7.3347936,-13.385395,15,Plasma cells,1.8445247617634044,CID44971-sample-proxy
CID44971_GTCGTAAGTTCATGGT,6.590043,-12.718623,15,Plasma cells,1.8445247617634044,CID44971-sample-proxy
CID44971_TACCTATCACCAGGCT,7.034598,-13.111575,15,Plasma cells,1.8445247617634044,CID44971-sample-proxy
CID44971_TACGGATAGTGCGATG,6.62543,-12.757728,15,Plasma cells,1.8445247617634044,CID44971-sample-proxy
CID44971_TACTCGCAGTACGACG,7.231871,-13.283164,15,Plasma cells,1.8445247617634044,CID44971-sample-proxy
CID44971_TACTTGTAGACAAAGG,6.460671,-12.633365,15,Plasma cells,1.8445247617634044,CID44971-sample-proxy
CID44971_TATCAGGTCTCATTCA,6.8342032,-12.922436,15,Plasma cells,1.8445247617634044,CID44971-sample-proxy
CID44971_TCATTACGTCGCGTGT,6.364326,-12.529412,15,Plasma cells,1.8445247617634044,CID44971-sample-proxy
CID44971_TCGTAGAGTGATGCCC,6.910005,-12.997704,15,Plasma cells,1.8445247617634044,CID44971-sample-proxy
CID44971_TGACGGCAGCTTTGGT,6.888814,-12.986807,15,Plasma cells,1.8445247617634044,CID44971-sample-proxy
CID44971_TGCTGCTAGATGTAAC,7.4505177,-13.457181,15,Plasma cells,1.8445247617634044,CID44971-sample-proxy
CID44971_TGGCCAGTCGGCGCAT,7.440439,-13.498115,15,Plasma cells,1.8445247617634044,CID44971-sample-proxy
CID44971_TTCTTAGTCAGCTTAG,7.5596256,-13.446338,15,Plasma cells,1.8445247617634044,CID44971-sample-proxy
CID44971_TTTCCTCGTACAGACG,7.1622334,-13.067486,15,Plasma cells,1.8445247617634044,CID44971-sample-proxy
CID44971_AGGCCACAGAATAGGG,5.4052043,-11.127153,14,Myeloid,2.5683229306208584,CID44971-sample-proxy
CID44971_ATAAGAGAGTGGAGAA,5.265642,-11.015902,14,Myeloid,2.5683229306208584,CID44971-sample-proxy
CID44971_ATCGAGTGTTCCACAA,5.4312453,-11.119362,14,Myeloid,2.5683229306208584,CID44971-sample-proxy
CID44971_ATTACTCGTGATGATA,5.352004,-11.0607195,14,Myeloid,2.5683229306208584,CID44971-sample-proxy
CID44971_CACCACTTCGTCACGG,5.422978,-11.018012,14,Myeloid,2.5683229306208584,CID44971-sample-proxy
CID44971_CTAGCCTGTCACAAGG,5.5118375,-10.97292,14,Myeloid,2.5683229306208584,CID44971-sample-proxy
CID44971_GCCTCTATCGTTTAGG,5.0616426,-11.149112,14,Myeloid,2.5683229306208584,CID44971-sample-proxy
CID44971_GCTTGAATCATCTGTT,5.494658,-10.919577,14,Myeloid,2.5683229306208584,CID44971-sample-proxy
CID44971_GGCTCGAAGGATGCGT,5.475509,-10.923979,14,Myeloid,2.5683229306208584,CID44971-sample-proxy
CID44971_GTAACGTCAAGTAGTA,5.3812943,-11.033094,14,Myeloid,2.5683229306208584,CID44971-sample-proxy
CID44971_GTACGTAGTAGGAGTC,5.545122,-10.982193,14,Myeloid,2.5683229306208584,CID44971-sample-proxy
CID44971_GTCCTCAAGATGAGAG,5.3242965,-11.1051655,14,Myeloid,2.5683229306208584,CID44971-sample-proxy
CID44971_TACCTATAGTCATGCT,5.4389844,-11.162015,14,Myeloid,2.5683229306208584,CID44971-sample-proxy
CID44971_TACCTTATCTACTCAT,5.4593325,-10.981483,14,Myeloid,2.5683229306208584,CID44971-sample-proxy
CID44971_TATTACCTCATTATCC,5.3633556,-11.092743,14,Myeloid,2.5683229306208584,CID44971-sample-proxy
CID44971_TCAATCTGTGACGGTA,5.461033,-10.933612,14,Myeloid,2.5683229306208584,CID44971-sample-proxy
CID44971_TCGCGAGAGGCTCATT,5.212834,-11.109864,14,Myeloid,2.5683229306208584,CID44971-sample-proxy
CID44971_TCTGGAAGTCAGAATA,5.4351087,-11.040585,14,Myeloid,2.5683229306208584,CID44971-sample-proxy
CID44971_TGCTGCTGTTTGGGCC,5.595936,-10.880773,14,Myeloid,2.5683229306208584,CID44971-sample-proxy
CID44971_CACACTCCAATCTGCA,5.1274886,-10.851719,14,Myeloid,2.5683229306208584,CID44971-sample-proxy
CID44971_AGGCCGTCAGCTCCGA,5.324182,-11.3270235,14,Myeloid,2.5683229306208584,CID44971-sample-proxy
CID44971_CAACTAGGTAAAGTCA,5.2480073,-11.224294,14,Myeloid,2.5683229306208584,CID44971-sample-proxy
CID44971_CATCAGAAGCCTCGTG,5.146351,-11.236295,14,Myeloid,2.5683229306208584,CID44971-sample-proxy
CID44971_CGATTGACAGCCAGAA,5.317444,-11.324834,14,Myeloid,2.5683229306208584,CID44971-sample-proxy
CID44971_CGTTGGGCAGAAGCAC,4.7620564,-11.599464,14,Myeloid,2.5683229306208584,CID44971-sample-proxy
CID44971_GACGGCTGTCAATGTC,5.376101,-11.277762,14,Myeloid,2.5683229306208584,CID44971-sample-proxy
CID44971_GACTGCGAGTGACTCT,5.4502263,-11.20579,14,Myeloid,2.5683229306208584,CID44971-sample-proxy
CID44971_GGTGTTACAGGGAGAG,5.3633804,-11.232208,14,Myeloid,2.5683229306208584,CID44971-sample-proxy
CID44971_TATCTCACACCCATTC,5.453957,-11.192239,14,Myeloid,2.5683229306208584,CID44971-sample-proxy
CID44971_TGCGCAGAGTACGCGA,5.3226724,-11.156525,14,Myeloid,2.5683229306208584,CID44971-sample-proxy
CID44971_TTAACTCGTGTCTGAT,5.4564767,-11.186667,14,Myeloid,2.5683229306208584,CID44971-sample-proxy
CID44971_ACACCCTGTTCGTGAT,15.096501,-2.5893426,5,Epithelial,1.2374549202659884,CID44971-sample-proxy
CID44971_ACACTGAAGATACACA,13.70454,-1.5195295,5,Epithelial,1.2374549202659884,CID44971-sample-proxy
CID44971_ACCAGTATCCGTAGTA,12.977236,-1.1897968,5,Epithelial,1.2374549202659884,CID44971-sample-proxy
CID44971_ATCCGAAAGAGACTTA,14.304225,-1.8571168,5,Epithelial,1.2374549202659884,CID44971-sample-proxy
CID44971_CACATTTGTCATACTG,13.107449,-1.2410009,5,Epithelial,1.2374549202659884,CID44971-sample-proxy
CID44971_CATGACAAGAAAGTGG,14.677667,-2.062714,5,Epithelial,1.2374549202659884,CID44971-sample-proxy
CID44971_CATGCCTAGAGAACAG,14.553493,-1.9764464,5,Epithelial,1.2374549202659884,CID44971-sample-proxy
CID44971_GAACATCTCTGGTGTA,13.038703,-1.1181155,5,Epithelial,1.2374549202659884,CID44971-sample-proxy
CID44971_GGTATTGCACCTCGTT,13.2537775,-1.2596263,5,Epithelial,1.2374549202659884,CID44971-sample-proxy
CID44971_TCAGCAAAGTCATGCT,13.162537,-1.2460296,5,Epithelial,1.2374549202659884,CID44971-sample-proxy
CID44971_TCATTTGCAGACTCGC,13.18928,-1.289689,5,Epithelial,1.2374549202659884,CID44971-sample-proxy
CID44971_TGGGAAGGTTGTTTGG,14.284645,-4.7088385,5,Epithelial,1.2374549202659884,CID44971-sample-proxy
CID44971_AAACCTGGTAGAGCTG,15.078082,-2.336623,5,Epithelial,1.2374549202659884,CID44971-sample-proxy
CID44971_AAACCTGGTGGGTCAA,13.750749,-1.6284515,5,Epithelial,1.2374549202659884,CID44971-sample-proxy
CID44971_AAACGGGAGCTCAACT,16.331303,-3.888626,5,Epithelial,1.2374549202659884,CID44971-sample-proxy
CID44971_AAACGGGAGTACGTTC,14.559268,-5.9148192,5,Epithelial,1.2374549202659884,CID44971-sample-proxy
CID44971_AAAGATGCAAGAGGCT,14.768849,-5.567324,5,Epithelial,1.2374549202659884,CID44971-sample-proxy
CID44971_AAAGCAACAATGTAAG,13.936701,-1.6480057,5,Epithelial,1.2374549202659884,CID44971-sample-proxy
CID44971_AAGACCTAGCTTTGGT,16.614384,-3.3626084,5,Epithelial,1.2374549202659884,CID44971-sample-proxy
CID44971_AAGGAGCCAGGATTGG,15.998226,-5.4161234,5,Epithelial,1.2374549202659884,CID44971-sample-proxy
CID44971_AAGGCAGCAGACGCAA,15.58579,-4.6677656,5,Epithelial,1.2374549202659884,CID44971-sample-proxy
CID44971_AAGTCTGTCTATGTGG,15.311193,-4.555144,5,Epithelial,1.2374549202659884,CID44971-sample-proxy
CID44971_ACAGCCGAGCCCAATT,15.872085,-2.8900132,5,Epithelial,1.2374549202659884,CID44971-sample-proxy
CID44971_ACAGCTAAGACTCGGA,14.478245,-3.399453,5,Epithelial,1.2374549202659884,CID44971-sample-proxy
CID44971_ACAGCTACAGATCCAT,14.143719,-1.8136433,5,Epithelial,1.2374549202659884,CID44971-sample-proxy
CID44971_ACGAGGAAGCTCCTCT,16.534891,-3.5246582,5,Epithelial,1.2374549202659884,CID44971-sample-proxy
CID44971_ACGCCAGAGTGCCATT,14.511316,-2.21174,5,Epithelial,1.2374549202659884,CID44971-sample-proxy
CID44971_ACGCCAGCACGGTTTA,15.316699,-4.550488,5,Epithelial,1.2374549202659884,CID44971-sample-proxy
CID44971_ACGCCAGCAGGGAGAG,14.146809,-1.7703568,5,Epithelial,1.2374549202659884,CID44971-sample-proxy
CID44971_ACGGGTCAGCTAACAA,13.725608,-2.9118633,5,Epithelial,1.2374549202659884,CID44971-sample-proxy
CID44971_ACTGAACGTGCATCTA,14.14742,-2.3554573,5,Epithelial,1.2374549202659884,CID44971-sample-proxy
CID44971_ACTGATGTCGCCATAA,15.725392,-2.8125439,5,Epithelial,1.2374549202659884,CID44971-sample-proxy
CID44971_AGAATAGCAATGGATA,14.389468,-2.0046177,5,Epithelial,1.2374549202659884,CID44971-sample-proxy
CID44971_AGACGTTTCCTTTACA,14.12817,-2.6014545,5,Epithelial,1.2374549202659884,CID44971-sample-proxy
CID44971_AGAGCGACAATGAAAC,13.055301,-1.1360834,5,Epithelial,1.2374549202659884,CID44971-sample-proxy
CID44971_AGAGCGAGTCTCTTTA,13.521518,-1.4474405,5,Epithelial,1.2374549202659884,CID44971-sample-proxy
CID44971_AGAGCGATCATATCGG,14.368213,-2.27377,5,Epithelial,1.2374549202659884,CID44971-sample-proxy
CID44971_AGAGCTTCACAAGACG,13.942564,-3.1252065,5,Epithelial,1.2374549202659884,CID44971-sample-proxy
CID44971_AGAGCTTGTTGGTGGA,15.666403,-3.0912507,5,Epithelial,1.2374549202659884,CID44971-sample-proxy
CID44971_AGAGCTTTCGTCTGAA,13.457454,-1.507239,5,Epithelial,1.2374549202659884,CID44971-sample-proxy
CID44971_AGAGTGGCACCTCGTT,14.260819,-1.9928192,5,Epithelial,1.2374549202659884,CID44971-sample-proxy
CID44971_AGAGTGGTCTGAAAGA,17.034842,-4.434912,5,Epithelial,1.2374549202659884,CID44971-sample-proxy
CID44971_AGATCTGAGCACCGCT,14.1811285,-1.9458344,5,Epithelial,1.2374549202659884,CID44971-sample-proxy
CID44971_AGATTGCGTTGGGACA,15.632975,-2.8920696,5,Epithelial,1.2374549202659884,CID44971-sample-proxy
CID44971_AGCATACAGAGTCTGG,14.88689,-2.982398,5,Epithelial,1.2374549202659884,CID44971-sample-proxy
CID44971_AGCATACGTAAGTGGC,16.749641,-4.601946,5,Epithelial,1.2374549202659884,CID44971-sample-proxy
CID44971_AGCCTAACAAAGGCGT,15.188136,-5.330987,5,Epithelial,1.2374549202659884,CID44971-sample-proxy
CID44971_AGCGGTCAGAAGGTGA,14.3292265,-1.9886254,5,Epithelial,1.2374549202659884,CID44971-sample-proxy
CID44971_AGCGGTCCAGCTCGAC,15.163304,-2.669761,5,Epithelial,1.2374549202659884,CID44971-sample-proxy
CID44971_AGCGGTCCATGGATGG,15.813603,-3.6360197,5,Epithelial,1.2374549202659884,CID44971-sample-proxy
CID44971_AGCGGTCTCTTGTATC,15.632914,-3.1323802,5,Epithelial,1.2374549202659884,CID44971-sample-proxy
CID44971_AGGGATGCACATCCGG,15.744939,-3.1864636,5,Epithelial,1.2374549202659884,CID44971-sample-proxy
CID44971_AGGTCATTCTTGGGTA,14.002354,-2.8384871,5,Epithelial,1.2374549202659884,CID44971-sample-proxy
CID44971_AGGTCCGCAAAGTGCG,15.299592,-2.6910586,5,Epithelial,1.2374549202659884,CID44971-sample-proxy
CID44971_AGGTCCGTCAACGGGA,14.136031,-1.9241352,5,Epithelial,1.2374549202659884,CID44971-sample-proxy
CID44971_AGTGTCAAGTATCTCG,15.526685,-3.4821963,5,Epithelial,1.2374549202659884,CID44971-sample-proxy
CID44971_AGTGTCAAGTCGCCGT,13.13056,-1.1895931,5,Epithelial,1.2374549202659884,CID44971-sample-proxy
CID44971_ATAAGAGAGAGTGAGA,14.169555,-1.6519591,5,Epithelial,1.2374549202659884,CID44971-sample-proxy
CID44971_ATAGACCAGTTAGCGG,14.561818,-3.1935244,5,Epithelial,1.2374549202659884,CID44971-sample-proxy
CID44971_ATCTACTGTGGCGAAT,14.00953,-1.5820997,5,Epithelial,1.2374549202659884,CID44971-sample-proxy
CID44971_ATGCGATAGACTCGGA,13.738686,-1.5323522,5,Epithelial,1.2374549202659884,CID44971-sample-proxy
CID44971_ATTGGACGTGTCTGAT,14.343579,-1.7866204,5,Epithelial,1.2374549202659884,CID44971-sample-proxy
CID44971_ATTGGTGTCACAACGT,16.616596,-3.51336,5,Epithelial,1.2374549202659884,CID44971-sample-proxy
CID44971_ATTTCTGAGGAGTAGA,14.389916,-3.6603563,5,Epithelial,1.2374549202659884,CID44971-sample-proxy
CID44971_CAACTAGAGACAAGCC,13.187136,-1.2791886,5,Epithelial,1.2374549202659884,CID44971-sample-proxy
CID44971_CAAGATCGTCGAATCT,13.989082,-1.6293963,5,Epithelial,1.2374549202659884,CID44971-sample-proxy
CID44971_CACACAAGTCTAGGTT,14.401724,-2.7793505,5,Epithelial,1.2374549202659884,CID44971-sample-proxy
CID44971_CACTCCACAGCCAATT,15.400502,-4.206155,5,Epithelial,1.2374549202659884,CID44971-sample-proxy
CID44971_CACTCCAGTGTCGCTG,14.292396,-2.1746485,5,Epithelial,1.2374549202659884,CID44971-sample-proxy
CID44971_CAGAATCTCGGATGGA,13.063899,-1.2068565,5,Epithelial,1.2374549202659884,CID44971-sample-proxy
CID44971_CAGAGAGCACGGCCAT,14.389897,-3.4011648,5,Epithelial,1.2374549202659884,CID44971-sample-proxy
CID44971_CAGCTAAGTGTTTGTG,16.602297,-3.8088996,5,Epithelial,1.2374549202659884,CID44971-sample-proxy
CID44971_CAGGTGCGTGACTCAT,15.652987,-3.6871502,5,Epithelial,1.2374549202659884,CID44971-sample-proxy
CID44971_CATATGGAGCGCTTAT,13.63193,-3.133371,5,Epithelial,1.2374549202659884,CID44971-sample-proxy
CID44971_CATCAGATCGCTGATA,14.980714,-4.039621,5,Epithelial,1.2374549202659884,CID44971-sample-proxy
CID44971_CCAATCCTCCGTCAAA,14.816234,-2.4793189,5,Epithelial,1.2374549202659884,CID44971-sample-proxy
CID44971_CCGTTCAGTTAAGACA,14.428257,-2.2441914,5,Epithelial,1.2374549202659884,CID44971-sample-proxy
CID44971_CCTATTAGTTGTTTGG,15.725316,-2.9265819,5,Epithelial,1.2374549202659884,CID44971-sample-proxy
CID44971_CCTCAGTTCATACGGT,17.051064,-4.470013,5,Epithelial,1.2374549202659884,CID44971-sample-proxy
CID44971_CCTCAGTTCATTTGGG,16.904785,-3.929952,5,Epithelial,1.2374549202659884,CID44971-sample-proxy
CID44971_CCTCTGACATCCTAGA,14.961861,-2.3855798,5,Epithelial,1.2374549202659884,CID44971-sample-proxy
CID44971_CCTTACGGTCGGCACT,14.324243,-2.1272173,5,Epithelial,1.2374549202659884,CID44971-sample-proxy
CID44971_CGAATGTAGTGCCAGA,14.122976,-1.698841,5,Epithelial,1.2374549202659884,CID44971-sample-proxy
CID44971_CGACCTTGTTCGCGAC,14.283305,-2.039388,5,Epithelial,1.2374549202659884,CID44971-sample-proxy
CID44971_CGACTTCGTCGCCATG,16.605886,-3.2847638,5,Epithelial,1.2374549202659884,CID44971-sample-proxy
CID44971_CGAGCCAGTCAGAATA,13.841547,-2.814866,5,Epithelial,1.2374549202659884,CID44971-sample-proxy
CID44971_CGATGTAGTAATTGGA,13.523772,-3.3825898,5,Epithelial,1.2374549202659884,CID44971-sample-proxy
CID44971_CGATTGACAGTTCCCT,13.80525,-2.9944046,5,Epithelial,1.2374549202659884,CID44971-sample-proxy
CID44971_CGCCAAGTCTGACCTC,14.492382,-2.1052203,5,Epithelial,1.2374549202659884,CID44971-sample-proxy
CID44971_CGCTATCTCTCGAGTA,13.269555,-1.2723076,5,Epithelial,1.2374549202659884,CID44971-sample-proxy
CID44971_CGGACGTGTATGAAAC,13.892408,-1.7862653,5,Epithelial,1.2374549202659884,CID44971-sample-proxy
CID44971_CGGACTGAGGGAGTAA,14.463958,-4.1538796,5,Epithelial,1.2374549202659884,CID44971-sample-proxy
CID44971_CGGAGCTAGGAGTCTG,15.704546,-3.6623678,5,Epithelial,1.2374549202659884,CID44971-sample-proxy
CID44971_CGTTGGGTCAAACGGG,13.226596,-3.225946,5,Epithelial,1.2374549202659884,CID44971-sample-proxy
CID44971_CTAAGACAGTTTCCTT,13.83839,-1.7416939,5,Epithelial,1.2374549202659884,CID44971-sample-proxy
CID44971_CTACATTGTAGCGTGA,14.597884,-2.0489454,5,Epithelial,1.2374549202659884,CID44971-sample-proxy
CID44971_CTAGAGTTCACCGTAA,14.055429,-2.0833728,5,Epithelial,1.2374549202659884,CID44971-sample-proxy
CID44971_CTAGTGAGTAAATACG,13.673579,-1.4257989,5,Epithelial,1.2374549202659884,CID44971-sample-proxy
CID44971_CTCTACGTCCAAAGTC,14.145925,-2.2593148,5,Epithelial,1.2374549202659884,CID44971-sample-proxy
CID44971_CTGATAGCACAGCCCA,13.945797,-2.7251241,5,Epithelial,1.2374549202659884,CID44971-sample-proxy
CID44971_CTGCGGAAGCTAGTGG,17.110783,-4.401332,5,Epithelial,1.2374549202659884,CID44971-sample-proxy
CID44971_CTGCTGTAGAATTGTG,13.436009,-1.3975091,5,Epithelial,1.2374549202659884,CID44971-sample-proxy
CID44971_CTGCTGTGTTGCGCAC,14.345227,-2.4812932,5,Epithelial,1.2374549202659884,CID44971-sample-proxy
CID44971_CTGCTGTTCTGGTATG,14.013361,-3.0992126,5,Epithelial,1.2374549202659884,CID44971-sample-proxy
CID44971_CTGGTCTTCAACACGT,14.294448,-5.872997,5,Epithelial,1.2374549202659884,CID44971-sample-proxy
CID44971_CTTGGCTAGATGCCAG,14.739394,-2.3648548,5,Epithelial,1.2374549202659884,CID44971-sample-proxy
CID44971_CTTGGCTGTTAAGTAG,15.229964,-4.1418543,5,Epithelial,1.2374549202659884,CID44971-sample-proxy
CID44971_GAAACTCTCATAGCAC,16.327713,-3.1289737,5,Epithelial,1.2374549202659884,CID44971-sample-proxy
CID44971_GAACGGAAGAAGAAGC,14.609253,-2.881978,5,Epithelial,1.2374549202659884,CID44971-sample-proxy
CID44971_GAACGGACAATGGACG,14.509458,-2.6610467,5,Epithelial,1.2374549202659884,CID44971-sample-proxy
CID44971_GAATAAGCATCAGTCA,13.5742235,-3.142314,5,Epithelial,1.2374549202659884,CID44971-sample-proxy
CID44971_GACGTGCTCAGTTGAC,14.136316,-4.46678,5,Epithelial,1.2374549202659884,CID44971-sample-proxy
CID44971_GACGTTACAACTGCGC,13.705247,-3.0566282,5,Epithelial,1.2374549202659884,CID44971-sample-proxy
CID44971_GACGTTAGTTCCTCCA,14.421705,-1.893685,5,Epithelial,1.2374549202659884,CID44971-sample-proxy
CID44971_GACTGCGAGCCCTAAT,14.783067,-4.9371977,5,Epithelial,1.2374549202659884,CID44971-sample-proxy
CID44971_GATCAGTGTGGCGAAT,15.562249,-4.2085485,5,Epithelial,1.2374549202659884,CID44971-sample-proxy
CID44971_GCACTCTCAGGGCATA,14.150791,-2.0278609,5,Epithelial,1.2374549202659884,CID44971-sample-proxy
CID44971_GCAGCCATCAAACGGG,14.654933,-4.1906466,5,Epithelial,1.2374549202659884,CID44971-sample-proxy
CID44971_GCATACACAAGTACCT,13.498744,-1.3372097,5,Epithelial,1.2374549202659884,CID44971-sample-proxy
CID44971_GCATGTACAAGACGTG,14.963963,-2.487205,5,Epithelial,1.2374549202659884,CID44971-sample-proxy
CID44971_GCGAGAACAGGACCCT,13.098446,-1.2245796,5,Epithelial,1.2374549202659884,CID44971-sample-proxy
CID44971_GCGCAGTTCCCACTTG,13.553064,-1.161435,5,Epithelial,1.2374549202659884,CID44971-sample-proxy
CID44971_GCGCGATAGAGTTGGC,14.096912,-3.3416195,5,Epithelial,1.2374549202659884,CID44971-sample-proxy
CID44971_GCGGGTTAGGGATGGG,15.99645,-3.1121995,5,Epithelial,1.2374549202659884,CID44971-sample-proxy
CID44971_GCGGGTTCAAGTCATC,12.890356,-1.2228534,5,Epithelial,1.2374549202659884,CID44971-sample-proxy
CID44971_GCTCCTAGTCGAGATG,14.179407,-2.3516119,5,Epithelial,1.2374549202659884,CID44971-sample-proxy
CID44971_GCTCTGTAGGACTGGT,13.49593,-3.6881776,5,Epithelial,1.2374549202659884,CID44971-sample-proxy
CID44971_GCTGCGAGTGGTGTAG,13.7905445,-1.4873304,5,Epithelial,1.2374549202659884,CID44971-sample-proxy
CID44971_GCTGCTTCAGCTGGCT,13.948767,-3.8459966,5,Epithelial,1.2374549202659884,CID44971-sample-proxy
CID44971_GGACAGATCACGATGT,13.711141,-3.1528533,5,Epithelial,1.2374549202659884,CID44971-sample-proxy
CID44971_GGATGTTAGGGAACGG,15.459326,-2.5651007,5,Epithelial,1.2374549202659884,CID44971-sample-proxy
CID44971_GGATGTTTCATAACCG,13.587831,-1.519746,5,Epithelial,1.2374549202659884,CID44971-sample-proxy
CID44971_GGCCGATGTATATGAG,14.48993,-1.8955072,5,Epithelial,1.2374549202659884,CID44971-sample-proxy
CID44971_GGCTCGAAGAAACCAT,15.741076,-3.1217146,5,Epithelial,1.2374549202659884,CID44971-sample-proxy
CID44971_GGGAATGAGGTAGCTG,13.99726,-2.1624248,5,Epithelial,1.2374549202659884,CID44971-sample-proxy
CID44971_GGGACCTAGGGCTTCC,14.555242,-3.6891122,5,Epithelial,1.2374549202659884,CID44971-sample-proxy
CID44971_GGGTCTGAGGTGATTA,14.552041,-2.9834354,5,Epithelial,1.2374549202659884,CID44971-sample-proxy
CID44971_GGTATTGAGCTGCGAA,13.73909,-3.0701363,5,Epithelial,1.2374549202659884,CID44971-sample-proxy
CID44971_GGTGTTATCCTCAATT,15.402809,-3.711486,5,Epithelial,1.2374549202659884,CID44971-sample-proxy
CID44971_GTAACGTGTCCATGAT,14.203445,-2.2807744,5,Epithelial,1.2374549202659884,CID44971-sample-proxy
CID44971_GTACTCCAGTGCCATT,14.670963,-2.7139251,5,Epithelial,1.2374549202659884,CID44971-sample-proxy
CID44971_GTAGTCACAGGATTGG,16.313232,-3.1321104,5,Epithelial,1.2374549202659884,CID44971-sample-proxy
CID44971_GTCACAATCGAGCCCA,13.321193,-1.3416919,5,Epithelial,1.2374549202659884,CID44971-sample-proxy
CID44971_GTCCTCACATCACAAC,14.374242,-3.175426,5,Epithelial,1.2374549202659884,CID44971-sample-proxy
CID44971_GTCCTCAGTGAAGGCT,14.661737,-2.837651,5,Epithelial,1.2374549202659884,CID44971-sample-proxy
CID44971_GTCGTAAAGGGATGGG,14.2259245,-2.070731,5,Epithelial,1.2374549202659884,CID44971-sample-proxy
CID44971_GTCTCGTTCTCCGGTT,15.697223,-4.3375273,5,Epithelial,1.2374549202659884,CID44971-sample-proxy
CID44971_GTGCATATCAGAGCTT,14.1091,-4.0301538,5,Epithelial,1.2374549202659884,CID44971-sample-proxy
CID44971_GTGCATATCTCCGGTT,14.637241,-2.9808981,5,Epithelial,1.2374549202659884,CID44971-sample-proxy
CID44971_GTGGGTCAGCCAGAAC,14.252671,-5.7650485,5,Epithelial,1.2374549202659884,CID44971-sample-proxy
CID44971_GTTAAGCCATGGTCAT,15.086999,-2.85082,5,Epithelial,1.2374549202659884,CID44971-sample-proxy
CID44971_TACACGAGTGTTTGTG,13.972402,-1.8160611,5,Epithelial,1.2374549202659884,CID44971-sample-proxy
CID44971_TACAGTGAGCACCGCT,14.974577,-4.0476604,5,Epithelial,1.2374549202659884,CID44971-sample-proxy
CID44971_TACGGATCAAACTGCT,14.152628,-1.7124252,5,Epithelial,1.2374549202659884,CID44971-sample-proxy
CID44971_TACGGTAAGTGTGGCA,15.852455,-4.572954,5,Epithelial,1.2374549202659884,CID44971-sample-proxy
CID44971_TAGAGCTCACCTTGTC,17.081295,-4.2769246,5,Epithelial,1.2374549202659884,CID44971-sample-proxy
CID44971_TATGCCCCATCGTCGG,12.821615,-1.082377,5,Epithelial,1.2374549202659884,CID44971-sample-proxy
CID44971_TCAACGACACCCAGTG,14.183292,-5.559338,5,Epithelial,1.2374549202659884,CID44971-sample-proxy
CID44971_TCAATCTTCACAGGCC,15.174119,-2.5539038,5,Epithelial,1.2374549202659884,CID44971-sample-proxy
CID44971_TCACGAAGTCCTGCTT,14.340772,-2.6734166,5,Epithelial,1.2374549202659884,CID44971-sample-proxy
CID44971_TCATTTGGTTAAAGAC,16.791328,-3.5854068,5,Epithelial,1.2374549202659884,CID44971-sample-proxy
CID44971_TCCACACGTAAACCTC,14.665651,-2.3584478,5,Epithelial,1.2374549202659884,CID44971-sample-proxy
CID44971_TCGGGACGTGTTTGGT,13.523454,-1.3730056,5,Epithelial,1.2374549202659884,CID44971-sample-proxy
CID44971_TCTCATAAGATCCCAT,14.163941,-2.263584,5,Epithelial,1.2374549202659884,CID44971-sample-proxy
CID44971_TCTCATAAGCCAGTTT,15.087913,-2.9910207,5,Epithelial,1.2374549202659884,CID44971-sample-proxy
CID44971_TCTGAGAAGTCTCGGC,14.152441,-2.5257027,5,Epithelial,1.2374549202659884,CID44971-sample-proxy
CID44971_TGACGGCTCCACGTTC,15.041739,-4.0612407,5,Epithelial,1.2374549202659884,CID44971-sample-proxy
CID44971_TGACTAGCATTTGCTT,14.232103,-5.6519628,5,Epithelial,1.2374549202659884,CID44971-sample-proxy
CID44971_TGAGAGGCACAACGTT,14.873688,-2.2138584,5,Epithelial,1.2374549202659884,CID44971-sample-proxy
CID44971_TGCCCTAAGTACCGGA,13.457791,-3.471069,5,Epithelial,1.2374549202659884,CID44971-sample-proxy
CID44971_TGCGGGTAGCGATATA,16.119598,-4.794173,5,Epithelial,1.2374549202659884,CID44971-sample-proxy
CID44971_TGCGGGTTCTTACCGC,14.160664,-1.8513541,5,Epithelial,1.2374549202659884,CID44971-sample-proxy
CID44971_TGGCGCATCTTATCTG,14.210267,-1.6624594,5,Epithelial,1.2374549202659884,CID44971-sample-proxy
CID44971_TGGGCGTCATTGAGCT,14.55953,-2.0921757,5,Epithelial,1.2374549202659884,CID44971-sample-proxy
CID44971_TGTATTCGTAGATTAG,16.662775,-3.4427102,5,Epithelial,1.2374549202659884,CID44971-sample-proxy
CID44971_TTAGTTCCAGTCACTA,13.585934,-3.9321623,5,Epithelial,1.2374549202659884,CID44971-sample-proxy
CID44971_TTATGCTCACCGCTAG,15.369099,-4.4730053,5,Epithelial,1.2374549202659884,CID44971-sample-proxy
CID44971_TTCCCAGTCGGCTTGG,13.992678,-1.8441844,5,Epithelial,1.2374549202659884,CID44971-sample-proxy
CID44971_TTCGGTCCATCTATGG,14.128498,-1.7850266,5,Epithelial,1.2374549202659884,CID44971-sample-proxy
CID44971_TTGTAGGCACCGATAT,16.285295,-5.376613,5,Epithelial,1.2374549202659884,CID44971-sample-proxy
CID44971_TTTATGCAGGGTGTTG,14.395966,-2.284503,5,Epithelial,1.2374549202659884,CID44971-sample-proxy
CID44971_TTTCCTCAGGATGGTC,14.230251,-2.1143508,5,Epithelial,1.2374549202659884,CID44971-sample-proxy
CID44971_TTTCCTCTCATGCATG,13.297221,-1.217915,5,Epithelial,1.2374549202659884,CID44971-sample-proxy
CID44971_TCGTAGAAGTTACGGG,15.521809,-2.7455287,5,Epithelial,1.2374549202659884,CID44971-sample-proxy
CID44971_AAACCTGAGTCAAGCG,15.552661,-4.7569976,5,Epithelial,1.2374549202659884,CID44971-sample-proxy
CID44971_AAACGGGAGAATTCCC,13.345608,-3.5486326,5,Epithelial,1.2374549202659884,CID44971-sample-proxy
CID44971_AAACGGGAGACGCTTT,15.437011,-5.457462,16,Epithelial,2.2692811078896846,CID44971-sample-proxy
CID44971_AAAGCAATCTTTACGT,14.228959,-5.1095004,5,Epithelial,1.2374549202659884,CID44971-sample-proxy
CID44971_AAATGCCTCACTTCAT,14.213198,-4.890782,5,Epithelial,1.2374549202659884,CID44971-sample-proxy
CID44971_AACACGTAGCTCAACT,13.110002,-3.592885,5,Epithelial,1.2374549202659884,CID44971-sample-proxy
CID44971_AACCATGAGAGGTACC,17.062506,-4.361776,5,Epithelial,1.2374549202659884,CID44971-sample-proxy
CID44971_AACGTTGCAAGTTCTG,14.050269,-5.458211,5,Epithelial,1.2374549202659884,CID44971-sample-proxy
CID44971_AACTCCCTCCGTAGGC,14.90879,-5.302701,5,Epithelial,1.2374549202659884,CID44971-sample-proxy
CID44971_AACTGGTTCTGCTTGC,13.965923,-5.1014605,5,Epithelial,1.2374549202659884,CID44971-sample-proxy
CID44971_AAGCCGCCACGAAACG,12.8221035,-3.4599106,5,Epithelial,1.2374549202659884,CID44971-sample-proxy
CID44971_AAGGAGCGTCCTCCAT,12.9978,-3.5246227,5,Epithelial,1.2374549202659884,CID44971-sample-proxy
CID44971_AAGGTTCTCCAACCAA,16.186003,-4.687475,5,Epithelial,1.2374549202659884,CID44971-sample-proxy
CID44971_AATCCAGGTGGTCCGT,15.6651325,-5.724301,5,Epithelial,1.2374549202659884,CID44971-sample-proxy
CID44971_AATCGGTAGCTAGTGG,13.046021,-3.5647326,5,Epithelial,1.2374549202659884,CID44971-sample-proxy
CID44971_ACACCAAAGATCGGGT,15.472457,-5.7070045,5,Epithelial,1.2374549202659884,CID44971-sample-proxy
CID44971_ACACCAATCAGTTCGA,16.836744,-3.5763128,5,Epithelial,1.2374549202659884,CID44971-sample-proxy
CID44971_ACACCCTCACGAAACG,15.736271,-3.4468431,5,Epithelial,1.2374549202659884,CID44971-sample-proxy
CID44971_ACACCCTCATATGCTG,14.529975,-4.6933002,5,Epithelial,1.2374549202659884,CID44971-sample-proxy
CID44971_ACAGCCGTCAGCGATT,13.1379795,-3.9387405,5,Epithelial,1.2374549202659884,CID44971-sample-proxy
CID44971_ACAGCTAAGCTAGTCT,13.748645,-3.9415107,5,Epithelial,1.2374549202659884,CID44971-sample-proxy
CID44971_ACATACGCATTACCTT,15.637347,-5.742463,5,Epithelial,1.2374549202659884,CID44971-sample-proxy
CID44971_ACATACGTCGCAAACT,15.765771,-5.649689,5,Epithelial,1.2374549202659884,CID44971-sample-proxy
CID44971_ACATCAGCACGAAACG,15.235481,-4.300427,5,Epithelial,1.2374549202659884,CID44971-sample-proxy
CID44971_ACATCAGTCTCGTATT,13.937861,-3.7644832,5,Epithelial,1.2374549202659884,CID44971-sample-proxy
CID44971_ACCAGTAGTCCGAAGA,16.064804,-4.8408585,5,Epithelial,1.2374549202659884,CID44971-sample-proxy
CID44971_ACCTTTATCGGCCGAT,14.711152,-5.330403,5,Epithelial,1.2374549202659884,CID44971-sample-proxy
CID44971_ACGAGCCCACGAAAGC,16.787327,-4.2301984,5,Epithelial,1.2374549202659884,CID44971-sample-proxy
CID44971_ACGCAGCAGGATGTAT,14.178098,-4.758773,5,Epithelial,1.2374549202659884,CID44971-sample-proxy
CID44971_ACGCAGCTCGTCCGTT,16.65267,-3.4502518,5,Epithelial,1.2374549202659884,CID44971-sample-proxy
CID44971_ACGCCGACAGGGTATG,15.873559,-4.387592,5,Epithelial,1.2374549202659884,CID44971-sample-proxy
CID44971_ACGCCGAGTGACAAAT,13.656617,-3.7971735,5,Epithelial,1.2374549202659884,CID44971-sample-proxy
CID44971_ACGCCGATCGCCGTGA,15.359691,-3.4921682,5,Epithelial,1.2374549202659884,CID44971-sample-proxy
CID44971_ACGGCCAAGATGCCTT,14.437728,-5.7950764,5,Epithelial,1.2374549202659884,CID44971-sample-proxy
CID44971_ACGGCCAAGGACAGAA,14.056688,-4.9277787,5,Epithelial,1.2374549202659884,CID44971-sample-proxy
CID44971_ACGGGTCAGCCATCGC,12.785297,-3.4850924,5,Epithelial,1.2374549202659884,CID44971-sample-proxy
CID44971_ACGGGTCCAGCCACCA,16.173597,-3.65703,5,Epithelial,1.2374549202659884,CID44971-sample-proxy
CID44971_ACGGGTCGTCTGGTCG,15.413886,-5.433228,5,Epithelial,1.2374549202659884,CID44971-sample-proxy
CID44971_ACGTCAATCGTTTAGG,14.75262,-5.359579,5,Epithelial,1.2374549202659884,CID44971-sample-proxy
CID44971_ACTGTCCAGTCGCCGT,12.816175,-3.466482,5,Epithelial,1.2374549202659884,CID44971-sample-proxy
CID44971_ACTTGTTAGCCCAACC,12.815275,-3.6576483,5,Epithelial,1.2374549202659884,CID44971-sample-proxy
CID44971_AGAATAGGTTGAGTTC,15.528257,-4.776344,5,Epithelial,1.2374549202659884,CID44971-sample-proxy
CID44971_AGACGTTCACATCCAA,15.253051,-4.4777975,5,Epithelial,1.2374549202659884,CID44971-sample-proxy
CID44971_AGACGTTGTAGCACGA,16.505125,-3.965261,5,Epithelial,1.2374549202659884,CID44971-sample-proxy
CID44971_AGACGTTTCCGCAGTG,15.499668,-3.2624261,5,Epithelial,1.2374549202659884,CID44971-sample-proxy
CID44971_AGAGCGAAGAGTAAGG,15.383784,-4.7674184,5,Epithelial,1.2374549202659884,CID44971-sample-proxy
CID44971_AGAGCGAGTGCTCTTC,15.056145,-4.239701,5,Epithelial,1.2374549202659884,CID44971-sample-proxy
CID44971_AGAGTGGTCTTCTGGC,16.467678,-3.916457,5,Epithelial,1.2374549202659884,CID44971-sample-proxy
CID44971_AGATCTGCACAGACTT,13.902259,-3.8222387,5,Epithelial,1.2374549202659884,CID44971-sample-proxy
CID44971_AGATTGCAGGATGGAA,15.210989,-4.4209976,5,Epithelial,1.2374549202659884,CID44971-sample-proxy
CID44971_AGATTGCCACCCATGG,15.926659,-5.3716664,5,Epithelial,1.2374549202659884,CID44971-sample-proxy
CID44971_AGCAGCCCAATGCCAT,15.602157,-5.718776,5,Epithelial,1.2374549202659884,CID44971-sample-proxy
CID44971_AGCAGCCCAGTCGTGC,12.967304,-3.836897,5,Epithelial,1.2374549202659884,CID44971-sample-proxy
CID44971_AGCAGCCGTACAAGTA,14.098469,-3.8833575,5,Epithelial,1.2374549202659884,CID44971-sample-proxy
CID44971_AGCATACTCCTCATTA,15.926271,-4.632987,5,Epithelial,1.2374549202659884,CID44971-sample-proxy
CID44971_AGCGGTCGTAAGGATT,12.695696,-3.423256,5,Epithelial,1.2374549202659884,CID44971-sample-proxy
CID44971_AGCGTCGGTGAAGGCT,15.47374,-4.363975,5,Epithelial,1.2374549202659884,CID44971-sample-proxy
CID44971_AGCTCCTTCACGACTA,15.684684,-3.3093655,5,Epithelial,1.2374549202659884,CID44971-sample-proxy
CID44971_AGGGATGGTGCTTCTC,14.848996,-4.955359,5,Epithelial,1.2374549202659884,CID44971-sample-proxy
CID44971_AGGTCATCAAGTAGTA,16.543177,-3.6237025,5,Epithelial,1.2374549202659884,CID44971-sample-proxy
CID44971_AGTCTTTTCTATGTGG,13.445354,-3.9280968,5,Epithelial,1.2374549202659884,CID44971-sample-proxy
CID44971_AGTGAGGGTCCGAAGA,14.18286,-4.4681554,5,Epithelial,1.2374549202659884,CID44971-sample-proxy
CID44971_AGTGTCATCGCGTAGC,16.214384,-4.9327455,5,Epithelial,1.2374549202659884,CID44971-sample-proxy
CID44971_ATAACGCCAGACTCGC,15.2853365,-5.864056,5,Epithelial,1.2374549202659884,CID44971-sample-proxy
CID44971_ATAACGCTCGTAGGTT,13.261496,-4.18633,5,Epithelial,1.2374549202659884,CID44971-sample-proxy
CID44971_ATAGACCAGTACGTAA,14.108713,-5.56691,5,Epithelial,1.2374549202659884,CID44971-sample-proxy
CID44971_ATAGACCGTAGCCTCG,14.571368,-5.1627026,5,Epithelial,1.2374549202659884,CID44971-sample-proxy
CID44971_ATCACGAGTAGGGACT,14.66877,-4.232731,5,Epithelial,1.2374549202659884,CID44971-sample-proxy
CID44971_ATCACGATCCTAGAAC,16.783192,-4.315095,5,Epithelial,1.2374549202659884,CID44971-sample-proxy
CID44971_ATCATGGCACCTATCC,14.475488,-5.399736,5,Epithelial,1.2374549202659884,CID44971-sample-proxy
CID44971_ATCCACCTCTACCTGC,13.800328,-4.1425376,5,Epithelial,1.2374549202659884,CID44971-sample-proxy
CID44971_ATCCGAAAGTACGCCC,16.268688,-4.679916,5,Epithelial,1.2374549202659884,CID44971-sample-proxy
CID44971_ATCGAGTAGCTAACTC,15.650958,-3.5633388,5,Epithelial,1.2374549202659884,CID44971-sample-proxy
CID44971_ATCGAGTCAGTCGTGC,16.444311,-3.4083107,5,Epithelial,1.2374549202659884,CID44971-sample-proxy
CID44971_ATCTACTCATTACCTT,15.940091,-5.0090413,5,Epithelial,1.2374549202659884,CID44971-sample-proxy
CID44971_ATCTACTTCTCCCTGA,14.417782,-4.645262,5,Epithelial,1.2374549202659884,CID44971-sample-proxy
CID44971_ATGAGGGGTACCGTTA,16.979298,-4.6149178,5,Epithelial,1.2374549202659884,CID44971-sample-proxy
CID44971_ATGAGGGGTTACGTCA,14.578119,-4.6822066,5,Epithelial,1.2374549202659884,CID44971-sample-proxy
CID44971_ATGTGTGGTGCAGGTA,14.022492,-4.778979,5,Epithelial,1.2374549202659884,CID44971-sample-proxy
CID44971_ATGTGTGTCGCTGATA,14.3907,-5.915358,5,Epithelial,1.2374549202659884,CID44971-sample-proxy
CID44971_ATTATCCCAGGTGCCT,14.250973,-4.6586504,5,Epithelial,1.2374549202659884,CID44971-sample-proxy
CID44971_ATTCTACAGACGCACA,14.180378,-5.8428993,5,Epithelial,1.2374549202659884,CID44971-sample-proxy
CID44971_ATTGGTGAGTGTACGG,15.984878,-5.0124865,5,Epithelial,1.2374549202659884,CID44971-sample-proxy
CID44971_ATTGGTGTCCGTCATC,16.25663,-4.910521,5,Epithelial,1.2374549202659884,CID44971-sample-proxy
CID44971_ATTTCTGGTAAGGGCT,15.014287,-4.2155294,5,Epithelial,1.2374549202659884,CID44971-sample-proxy
CID44971_ATTTCTGTCACTCCTG,16.838245,-4.616078,5,Epithelial,1.2374549202659884,CID44971-sample-proxy
CID44971_ATTTCTGTCATACGGT,16.578236,-5.1804786,5,Epithelial,1.2374549202659884,CID44971-sample-proxy
CID44971_CAACCAAAGATTACCC,13.932719,-5.0801163,5,Epithelial,1.2374549202659884,CID44971-sample-proxy
CID44971_CAACCAAGTCAAACTC,14.416727,-5.3095202,5,Epithelial,1.2374549202659884,CID44971-sample-proxy
CID44971_CAACCAATCCGTTGCT,16.494698,-5.0819173,5,Epithelial,1.2374549202659884,CID44971-sample-proxy
CID44971_CAACCTCAGAGCCCAA,13.10115,-4.0922475,5,Epithelial,1.2374549202659884,CID44971-sample-proxy
CID44971_CAACCTCGTGCTTCTC,14.35773,-3.8829486,5,Epithelial,1.2374549202659884,CID44971-sample-proxy
CID44971_CAAGAAAAGGTTACCT,15.785643,-5.2969694,5,Epithelial,1.2374549202659884,CID44971-sample-proxy
CID44971_CAAGATCGTAAACCTC,15.711698,-5.5806923,5,Epithelial,1.2374549202659884,CID44971-sample-proxy
CID44971_CAAGGCCTCTCGTTTA,13.496635,-3.8758857,5,Epithelial,1.2374549202659884,CID44971-sample-proxy
CID44971_CAAGTTGAGTACCGGA,14.230994,-4.2823477,5,Epithelial,1.2374549202659884,CID44971-sample-proxy
CID44971_CACAAACAGTACGATA,16.257912,-5.1854224,5,Epithelial,1.2374549202659884,CID44971-sample-proxy
CID44971_CACAGGCGTTACGACT,15.494423,-4.293314,5,Epithelial,1.2374549202659884,CID44971-sample-proxy
CID44971_CACAGGCTCCTTTACA,13.313135,-4.571042,5,Epithelial,1.2374549202659884,CID44971-sample-proxy
CID44971_CACAGGCTCTATCGCC,14.394508,-4.273359,5,Epithelial,1.2374549202659884,CID44971-sample-proxy
CID44971_CACAGTACAACACGCC,15.405673,-4.606744,5,Epithelial,1.2374549202659884,CID44971-sample-proxy
CID44971_CACCACTTCAAGAAGT,16.871267,-4.370555,5,Epithelial,1.2374549202659884,CID44971-sample-proxy
CID44971_CACCAGGAGTTGTCGT,15.43944,-4.760208,5,Epithelial,1.2374549202659884,CID44971-sample-proxy
CID44971_CACCAGGCATTGGCGC,12.873052,-3.9675486,5,Epithelial,1.2374549202659884,CID44971-sample-proxy
CID44971_CACTCCAGTCACTTCC,15.73518,-5.2660303,5,Epithelial,1.2374549202659884,CID44971-sample-proxy
CID44971_CAGAATCAGGACCACA,15.896534,-4.6214643,5,Epithelial,1.2374549202659884,CID44971-sample-proxy
CID44971_CAGCAGCGTAGAGGAA,13.463442,-3.726253,5,Epithelial,1.2374549202659884,CID44971-sample-proxy
CID44971_CAGCATATCGGCTACG,14.939521,-4.998089,5,Epithelial,1.2374549202659884,CID44971-sample-proxy
CID44971_CAGCCGAGTTTGACAC,14.215302,-5.802804,5,Epithelial,1.2374549202659884,CID44971-sample-proxy
CID44971_CAGCGACTCGGCGCTA,14.652129,-5.2305393,5,Epithelial,1.2374549202659884,CID44971-sample-proxy
CID44971_CAGCTAAGTCAAAGAT,16.497149,-3.5272987,5,Epithelial,1.2374549202659884,CID44971-sample-proxy
CID44971_CAGGTGCAGTCGTACT,16.173792,-5.0079913,5,Epithelial,1.2374549202659884,CID44971-sample-proxy
CID44971_CAGGTGCTCTCTTGAT,15.974494,-4.380785,5,Epithelial,1.2374549202659884,CID44971-sample-proxy
CID44971_CAGTAACGTCTAGTCA,15.777426,-3.626092,5,Epithelial,1.2374549202659884,CID44971-sample-proxy
CID44971_CATATGGCATTGGGCC,13.641608,-3.4235466,5,Epithelial,1.2374549202659884,CID44971-sample-proxy
CID44971_CATATGGTCCTGTAGA,15.924771,-3.87832,5,Epithelial,1.2374549202659884,CID44971-sample-proxy
CID44971_CATCAAGAGAGAACAG,15.981231,-5.101815,5,Epithelial,1.2374549202659884,CID44971-sample-proxy
CID44971_CATCAGAAGGGTTTCT,15.779517,-5.4979634,5,Epithelial,1.2374549202659884,CID44971-sample-proxy
CID44971_CATCAGATCAGTCCCT,15.25769,-4.1935334,5,Epithelial,1.2374549202659884,CID44971-sample-proxy
CID44971_CATCCACAGAGCTATA,14.672893,-5.207605,5,Epithelial,1.2374549202659884,CID44971-sample-proxy
CID44971_CATCGAACAGCTGTAT,15.616917,-4.428859,5,Epithelial,1.2374549202659884,CID44971-sample-proxy
CID44971_CATCGAATCATGGTCA,13.452533,-4.214454,5,Epithelial,1.2374549202659884,CID44971-sample-proxy
CID44971_CATCGGGGTCCAGTTA,14.746859,-5.877824,5,Epithelial,1.2374549202659884,CID44971-sample-proxy
CID44971_CATGGCGCACATCTTT,15.070911,-5.8076386,5,Epithelial,1.2374549202659884,CID44971-sample-proxy
CID44971_CATTCGCGTACCCAAT,14.958156,-3.9843779,5,Epithelial,1.2374549202659884,CID44971-sample-proxy
CID44971_CCACCTACAGTAAGAT,13.935262,-4.5256,5,Epithelial,1.2374549202659884,CID44971-sample-proxy
CID44971_CCACCTAGTCGGCACT,16.121983,-5.039904,5,Epithelial,1.2374549202659884,CID44971-sample-proxy
CID44971_CCACGGAAGCGTTGCC,15.909829,-4.4433546,5,Epithelial,1.2374549202659884,CID44971-sample-proxy
CID44971_CCACGGAAGTGCAAGC,15.798135,-4.8816714,5,Epithelial,1.2374549202659884,CID44971-sample-proxy
CID44971_CCACTACGTATGCTTG,17.205208,-4.120381,5,Epithelial,1.2374549202659884,CID44971-sample-proxy
CID44971_CCATGTCTCGAATGCT,16.657091,-4.3355174,5,Epithelial,1.2374549202659884,CID44971-sample-proxy
CID44971_CCATTCGCATTCCTGC,16.009293,-5.1475625,5,Epithelial,1.2374549202659884,CID44971-sample-proxy
CID44971_CCCAATCGTCCGTGAC,13.185035,-3.6799302,5,Epithelial,1.2374549202659884,CID44971-sample-proxy
CID44971_CCCTCCTCACGAAAGC,16.770384,-3.348525,5,Epithelial,1.2374549202659884,CID44971-sample-proxy
CID44971_CCCTCCTTCTCGATGA,15.228324,-4.6200047,5,Epithelial,1.2374549202659884,CID44971-sample-proxy
CID44971_CCGGGATAGTCGCCGT,15.540178,-4.0971227,5,Epithelial,1.2374549202659884,CID44971-sample-proxy
CID44971_CCGGGATCAGGAATGC,13.407392,-4.008978,5,Epithelial,1.2374549202659884,CID44971-sample-proxy
CID44971_CCGGGATTCGAACGGA,14.623443,-4.9423013,5,Epithelial,1.2374549202659884,CID44971-sample-proxy
CID44971_CCGGGATTCGCCTGTT,14.501393,-4.077087,5,Epithelial,1.2374549202659884,CID44971-sample-proxy
CID44971_CCGTACTCAAGCCGCT,16.755949,-4.073529,5,Epithelial,1.2374549202659884,CID44971-sample-proxy
CID44971_CCGTACTTCTCACATT,14.352359,-4.038283,5,Epithelial,1.2374549202659884,CID44971-sample-proxy
CID44971_CCGTGGACACAGCCCA,15.691395,-2.993669,5,Epithelial,1.2374549202659884,CID44971-sample-proxy
CID44971_CCTACACTCCTACAGA,16.600878,-4.386689,5,Epithelial,1.2374549202659884,CID44971-sample-proxy
CID44971_CCTACCATCCTACAGA,14.617896,-5.111855,5,Epithelial,1.2374549202659884,CID44971-sample-proxy
CID44971_CCTTCCCGTCGTGGCT,16.281431,-5.057192,5,Epithelial,1.2374549202659884,CID44971-sample-proxy
CID44971_CGAATGTCAAGGGTCA,16.098454,-5.369977,5,Epithelial,1.2374549202659884,CID44971-sample-proxy
CID44971_CGAATGTGTTTAGGAA,13.325741,-4.141272,5,Epithelial,1.2374549202659884,CID44971-sample-proxy
CID44971_CGACCTTCAACACGCC,16.118694,-3.3900545,5,Epithelial,1.2374549202659884,CID44971-sample-proxy
CID44971_CGACTTCGTGGGTCAA,13.861513,-3.962146,5,Epithelial,1.2374549202659884,CID44971-sample-proxy
CID44971_CGAGAAGAGTCCGGTC,15.518498,-3.5583642,5,Epithelial,1.2374549202659884,CID44971-sample-proxy
CID44971_CGAGAAGTCCTCAACC,13.192141,-4.1585464,5,Epithelial,1.2374549202659884,CID44971-sample-proxy
CID44971_CGAGCCAAGCAGCCTC,15.549976,-4.5767665,5,Epithelial,1.2374549202659884,CID44971-sample-proxy
CID44971_CGATCGGAGCTGATAA,15.737421,-3.7455826,5,Epithelial,1.2374549202659884,CID44971-sample-proxy
CID44971_CGATGGCAGGTTCCTA,15.189478,-5.593269,5,Epithelial,1.2374549202659884,CID44971-sample-proxy
CID44971_CGATTGAAGAAACGCC,16.621063,-4.2650285,5,Epithelial,1.2374549202659884,CID44971-sample-proxy
CID44971_CGATTGAAGTCATCCA,13.779764,-4.435185,5,Epithelial,1.2374549202659884,CID44971-sample-proxy
CID44971_CGCCAAGAGGTGATAT,16.69111,-3.773031,5,Epithelial,1.2374549202659884,CID44971-sample-proxy
CID44971_CGCCAAGTCGGCATCG,14.134231,-4.0139575,5,Epithelial,1.2374549202659884,CID44971-sample-proxy
CID44971_CGCGGTAAGAGTACCG,13.626321,-4.7446604,5,Epithelial,1.2374549202659884,CID44971-sample-proxy
CID44971_CGCGTTTCAAGTTAAG,14.330076,-4.0225987,5,Epithelial,1.2374549202659884,CID44971-sample-proxy
CID44971_CGCTATCCAGTATCTG,15.186342,-4.2717767,5,Epithelial,1.2374549202659884,CID44971-sample-proxy
CID44971_CGCTATCGTGCTAGCC,13.268148,-4.107646,5,Epithelial,1.2374549202659884,CID44971-sample-proxy
CID44971_CGCTATCTCAGGCGAA,15.209363,-4.4400773,5,Epithelial,1.2374549202659884,CID44971-sample-proxy
CID44971_CGGACACCATGGGAAC,13.062047,-3.6577396,5,Epithelial,1.2374549202659884,CID44971-sample-proxy
CID44971_CGGACGTTCAAGAAGT,13.548553,-3.678087,5,Epithelial,1.2374549202659884,CID44971-sample-proxy
CID44971_CGGAGTCCAGACTCGC,13.155418,-4.11376,5,Epithelial,1.2374549202659884,CID44971-sample-proxy
CID44971_CGGCTAGTCAGTCCCT,16.033878,-4.8481135,5,Epithelial,1.2374549202659884,CID44971-sample-proxy
CID44971_CGGGTCATCGAATCCA,16.722298,-3.7498496,5,Epithelial,1.2374549202659884,CID44971-sample-proxy
CID44971_CGTAGCGAGGTGGGTT,13.170438,-3.8565032,5,Epithelial,1.2374549202659884,CID44971-sample-proxy
CID44971_CGTCAGGAGCGATCCC,14.92569,-4.370649,5,Epithelial,1.2374549202659884,CID44971-sample-proxy
CID44971_CGTCAGGAGTACGATA,14.045817,-4.3898516,5,Epithelial,1.2374549202659884,CID44971-sample-proxy
CID44971_CGTCAGGTCATGCTCC,15.428471,-4.3653116,5,Epithelial,1.2374549202659884,CID44971-sample-proxy
CID44971_CGTCCATGTCGCATCG,13.760911,-4.6946983,5,Epithelial,1.2374549202659884,CID44971-sample-proxy
CID44971_CGTCTACGTGCATCTA,16.034908,-5.231553,5,Epithelial,1.2374549202659884,CID44971-sample-proxy
CID44971_CGTGTAAAGCTAGCCC,16.408371,-4.0038757,5,Epithelial,1.2374549202659884,CID44971-sample-proxy
CID44971_CGTGTAATCAACCAAC,15.76024,-4.492649,5,Epithelial,1.2374549202659884,CID44971-sample-proxy
CID44971_CGTGTCTGTAAAGGAG,15.549805,-5.5215487,5,Epithelial,1.2374549202659884,CID44971-sample-proxy
CID44971_CGTTCTGTCGCCGTGA,16.261892,-5.345267,5,Epithelial,1.2374549202659884,CID44971-sample-proxy
CID44971_CTAACTTTCGTTTAGG,15.705554,-5.433701,5,Epithelial,1.2374549202659884,CID44971-sample-proxy
CID44971_CTAAGACAGTCGCCGT,15.415007,-3.3226657,5,Epithelial,1.2374549202659884,CID44971-sample-proxy
CID44971_CTACATTCACATAACC,16.316505,-3.5372822,5,Epithelial,1.2374549202659884,CID44971-sample-proxy
CID44971_CTACATTGTAGCCTAT,17.07144,-4.468375,5,Epithelial,1.2374549202659884,CID44971-sample-proxy
CID44971_CTACATTTCCTTGGTC,14.71483,-4.479431,5,Epithelial,1.2374549202659884,CID44971-sample-proxy
CID44971_CTACGTCGTCGACTAT,16.097338,-3.8592134,5,Epithelial,1.2374549202659884,CID44971-sample-proxy
CID44971_CTAGAGTAGCAATCTC,16.475212,-3.3619263,5,Epithelial,1.2374549202659884,CID44971-sample-proxy
CID44971_CTCATTAGTGCTCTTC,13.776847,-4.3466096,5,Epithelial,1.2374549202659884,CID44971-sample-proxy
CID44971_CTCTAATCAGCTCCGA,14.223696,-4.1431956,5,Epithelial,1.2374549202659884,CID44971-sample-proxy
CID44971_CTCTACGCACGCCAGT,16.234703,-3.4055321,5,Epithelial,1.2374549202659884,CID44971-sample-proxy
CID44971_CTCTACGTCCGCATCT,15.7798,-3.5898979,5,Epithelial,1.2374549202659884,CID44971-sample-proxy
CID44971_CTCTGGTCAGTATGCT,16.867144,-3.5230086,5,Epithelial,1.2374549202659884,CID44971-sample-proxy
CID44971_CTGAAGTGTCAATGTC,14.009482,-4.0648165,5,Epithelial,1.2374549202659884,CID44971-sample-proxy
CID44971_CTGATAGAGTGGACGT,15.187017,-3.8590527,5,Epithelial,1.2374549202659884,CID44971-sample-proxy
CID44971_CTGATAGCAAGCCTAT,16.655504,-3.607731,5,Epithelial,1.2374549202659884,CID44971-sample-proxy
CID44971_CTGATAGCAATCAGAA,15.294308,-5.7794785,5,Epithelial,1.2374549202659884,CID44971-sample-proxy
CID44971_CTGATAGGTCCGAAGA,13.367254,-4.6724224,5,Epithelial,1.2374549202659884,CID44971-sample-proxy
CID44971_CTGATCCAGAACAACT,15.224157,-3.494718,5,Epithelial,1.2374549202659884,CID44971-sample-proxy
CID44971_CTGATCCAGCCACGTC,14.323979,-4.3742504,5,Epithelial,1.2374549202659884,CID44971-sample-proxy
CID44971_CTGGTCTAGGCTCAGA,15.156768,-5.835769,5,Epithelial,1.2374549202659884,CID44971-sample-proxy
CID44971_CTGTTTATCGGCTTGG,15.551502,-3.5949347,5,Epithelial,1.2374549202659884,CID44971-sample-proxy
CID44971_CTTAACTAGCGTCAAG,15.4604645,-3.313564,5,Epithelial,1.2374549202659884,CID44971-sample-proxy
CID44971_CTTAACTCAGCAGTTT,13.104398,-3.4132152,5,Epithelial,1.2374549202659884,CID44971-sample-proxy
CID44971_CTTAACTCATAGGATA,15.5477085,-5.863629,5,Epithelial,1.2374549202659884,CID44971-sample-proxy
CID44971_CTTAGGAAGAAGGTGA,14.381741,-4.9434166,5,Epithelial,1.2374549202659884,CID44971-sample-proxy
CID44971_CTTAGGATCCTCATTA,14.98978,-5.637309,5,Epithelial,1.2374549202659884,CID44971-sample-proxy
CID44971_CTTAGGATCGGCGCTA,17.06121,-4.0709887,5,Epithelial,1.2374549202659884,CID44971-sample-proxy
CID44971_CTTCTCTCACTAGTAC,16.666962,-3.7904935,5,Epithelial,1.2374549202659884,CID44971-sample-proxy
CID44971_CTTGGCTAGCACACAG,14.254555,-5.1399236,5,Epithelial,1.2374549202659884,CID44971-sample-proxy
CID44971_GAAATGAGTCGAGATG,15.6014,-4.5875325,5,Epithelial,1.2374549202659884,CID44971-sample-proxy
CID44971_GAAATGAGTTACGGAG,14.56506,-5.032451,5,Epithelial,1.2374549202659884,CID44971-sample-proxy
CID44971_GAACGGAGTGTTGAGG,15.639217,-3.971761,5,Epithelial,1.2374549202659884,CID44971-sample-proxy
CID44971_GAATAAGAGGTTACCT,13.727562,-4.6847315,5,Epithelial,1.2374549202659884,CID44971-sample-proxy
CID44971_GACCAATAGCTAAACA,16.17245,-5.6265864,5,Epithelial,1.2374549202659884,CID44971-sample-proxy
CID44971_GACGGCTAGTCAATAG,16.082642,-4.715024,5,Epithelial,1.2374549202659884,CID44971-sample-proxy
CID44971_GACGTGCTCTAACTTC,14.187724,-3.868181,5,Epithelial,1.2374549202659884,CID44971-sample-proxy
CID44971_GACTAACCACGAAACG,15.81204,-3.7270734,5,Epithelial,1.2374549202659884,CID44971-sample-proxy
CID44971_GACTAACTCAAACCAC,16.934948,-4.156371,5,Epithelial,1.2374549202659884,CID44971-sample-proxy
CID44971_GACTAACTCGAGCCCA,16.456854,-3.6261065,5,Epithelial,1.2374549202659884,CID44971-sample-proxy
CID44971_GACTGCGCACCGAAAG,13.179599,-3.3603685,5,Epithelial,1.2374549202659884,CID44971-sample-proxy
CID44971_GACTGCGGTCCAAGTT,14.233471,-5.792942,5,Epithelial,1.2374549202659884,CID44971-sample-proxy
CID44971_GATCAGTCATCACCCT,13.002612,-3.545514,5,Epithelial,1.2374549202659884,CID44971-sample-proxy
CID44971_GATCAGTTCCTTGACC,15.7026615,-3.9287896,5,Epithelial,1.2374549202659884,CID44971-sample-proxy
CID44971_GATCGATTCTAACCGA,14.611161,-4.4623194,5,Epithelial,1.2374549202659884,CID44971-sample-proxy
CID44971_GATCGCGAGGTAAACT,15.873935,-3.772136,5,Epithelial,1.2374549202659884,CID44971-sample-proxy
CID44971_GATCGCGCAGCCACCA,13.806275,-3.8549569,5,Epithelial,1.2374549202659884,CID44971-sample-proxy
CID44971_GATCGTACACTAAGTC,14.645573,-5.7719975,5,Epithelial,1.2374549202659884,CID44971-sample-proxy
CID44971_GATCTAGAGCGTCTAT,13.442229,-3.3944337,5,Epithelial,1.2374549202659884,CID44971-sample-proxy
CID44971_GATCTAGAGTACGTTC,15.70648,-4.2235665,5,Epithelial,1.2374549202659884,CID44971-sample-proxy
CID44971_GATGAAATCTCGAGTA,15.989048,-4.999176,5,Epithelial,1.2374549202659884,CID44971-sample-proxy
CID44971_GATGAAATCTCGGACG,15.000207,-4.4162955,5,Epithelial,1.2374549202659884,CID44971-sample-proxy
CID44971_GATTCAGTCTCTGCTG,15.695912,-5.685326,5,Epithelial,1.2374549202659884,CID44971-sample-proxy
CID44971_GCAAACTGTGCCTGGT,15.422853,-5.8527145,5,Epithelial,1.2374549202659884,CID44971-sample-proxy
CID44971_GCACTCTGTACCGGCT,15.242127,-3.52978,5,Epithelial,1.2374549202659884,CID44971-sample-proxy
CID44971_GCACTCTTCATCACCC,13.2112055,-3.7472692,5,Epithelial,1.2374549202659884,CID44971-sample-proxy
CID44971_GCAGCCATCGTAGGAG,15.664285,-4.4387264,5,Epithelial,1.2374549202659884,CID44971-sample-proxy
CID44971_GCATGATAGGACACCA,14.0893545,-4.0706587,5,Epithelial,1.2374549202659884,CID44971-sample-proxy
CID44971_GCATGTACAGGCGATA,13.651054,-3.8102233,5,Epithelial,1.2374549202659884,CID44971-sample-proxy
CID44971_GCCTCTACATTGTGCA,14.881303,-5.0550556,5,Epithelial,1.2374549202659884,CID44971-sample-proxy
CID44971_GCCTCTATCCATTCTA,14.240691,-5.396686,5,Epithelial,1.2374549202659884,CID44971-sample-proxy
CID44971_GCGCAGTAGCCAGAAC,14.046923,-5.2627583,5,Epithelial,1.2374549202659884,CID44971-sample-proxy
CID44971_GCGCAGTCAAAGGAAG,15.858941,-3.7236602,5,Epithelial,1.2374549202659884,CID44971-sample-proxy
CID44971_GCGCCAAGTAGATTAG,16.827034,-3.4063275,5,Epithelial,1.2374549202659884,CID44971-sample-proxy
CID44971_GCGCGATCAGTATCTG,15.319605,-3.6168456,5,Epithelial,1.2374549202659884,CID44971-sample-proxy
CID44971_GCGCGATGTGCGATAG,15.493715,-3.235633,5,Epithelial,1.2374549202659884,CID44971-sample-proxy
CID44971_GCGGGTTAGGAATTAC,15.163666,-5.77702,5,Epithelial,1.2374549202659884,CID44971-sample-proxy
CID44971_GCGGGTTCATGTAGTC,16.702246,-4.671494,5,Epithelial,1.2374549202659884,CID44971-sample-proxy
CID44971_GCGGGTTCATTGTGCA,15.5425205,-5.134114,5,Epithelial,1.2374549202659884,CID44971-sample-proxy
CID44971_GCGGGTTTCTTAGAGC,15.339967,-4.8338447,5,Epithelial,1.2374549202659884,CID44971-sample-proxy
CID44971_GCTCTGTAGGCGCTCT,16.209295,-3.6945608,5,Epithelial,1.2374549202659884,CID44971-sample-proxy
CID44971_GCTGCGAAGATGAGAG,12.704571,-3.4801655,5,Epithelial,1.2374549202659884,CID44971-sample-proxy
CID44971_GCTGCGACACGACTCG,16.377556,-4.481158,5,Epithelial,1.2374549202659884,CID44971-sample-proxy
CID44971_GCTGCGACAGGGAGAG,13.057664,-3.351519,5,Epithelial,1.2374549202659884,CID44971-sample-proxy
CID44971_GCTGCTTAGTGGAGAA,12.857621,-3.5437615,5,Epithelial,1.2374549202659884,CID44971-sample-proxy
CID44971_GCTTCCAAGACTAAGT,15.34482,-3.4103758,5,Epithelial,1.2374549202659884,CID44971-sample-proxy
CID44971_GCTTGAACAGCCTTTC,14.406326,-3.9672313,5,Epithelial,1.2374549202659884,CID44971-sample-proxy
CID44971_GGACAAGGTGAAATCA,13.806911,-3.8149896,5,Epithelial,1.2374549202659884,CID44971-sample-proxy
CID44971_GGACAGAGTCGATTGT,13.217115,-4.0208673,5,Epithelial,1.2374549202659884,CID44971-sample-proxy
CID44971_GGACAGATCTATCCCG,14.623884,-5.6791935,5,Epithelial,1.2374549202659884,CID44971-sample-proxy
CID44971_GGACAGATCTGCGACG,15.895702,-4.6852117,5,Epithelial,1.2374549202659884,CID44971-sample-proxy
CID44971_GGACATTAGACACTAA,15.956148,-5.763899,5,Epithelial,1.2374549202659884,CID44971-sample-proxy
CID44971_GGACATTAGATGTGGC,15.889757,-5.4354086,5,Epithelial,1.2374549202659884,CID44971-sample-proxy
CID44971_GGACATTGTGGTAACG,16.25363,-3.4516213,5,Epithelial,1.2374549202659884,CID44971-sample-proxy
CID44971_GGACGTCGTGAAGGCT,14.491211,-4.858474,5,Epithelial,1.2374549202659884,CID44971-sample-proxy
CID44971_GGATGTTAGCTAAGAT,13.490886,-4.194487,5,Epithelial,1.2374549202659884,CID44971-sample-proxy
CID44971_GGATGTTGTCGGCACT,15.3807125,-3.4066212,5,Epithelial,1.2374549202659884,CID44971-sample-proxy
CID44971_GGCAATTTCTGCGTAA,15.771742,-4.8713036,5,Epithelial,1.2374549202659884,CID44971-sample-proxy
CID44971_GGCCGATAGTCGTTTG,13.40399,-4.3222427,5,Epithelial,1.2374549202659884,CID44971-sample-proxy
CID44971_GGCCGATAGTGCGTGA,13.332017,-3.563852,5,Epithelial,1.2374549202659884,CID44971-sample-proxy
CID44971_GGCTGGTTCTAACTTC,12.918843,-3.4862626,5,Epithelial,1.2374549202659884,CID44971-sample-proxy
CID44971_GGGAATGTCTTGCATT,16.248215,-4.366848,5,Epithelial,1.2374549202659884,CID44971-sample-proxy
CID44971_GGGACCTCATACCATG,13.263071,-3.4920487,5,Epithelial,1.2374549202659884,CID44971-sample-proxy
CID44971_GGGAGATCAGGGTACA,13.751142,-4.9519596,5,Epithelial,1.2374549202659884,CID44971-sample-proxy
CID44971_GGGCACTGTTAGATGA,15.433277,-3.7362633,5,Epithelial,1.2374549202659884,CID44971-sample-proxy
CID44971_GGGTCTGGTGACCAAG,12.818245,-3.9425,5,Epithelial,1.2374549202659884,CID44971-sample-proxy
CID44971_GTAACTGGTCGAGTTT,16.352528,-4.9617352,5,Epithelial,1.2374549202659884,CID44971-sample-proxy
CID44971_GTACTTTGTGCTTCTC,16.292807,-3.577678,5,Epithelial,1.2374549202659884,CID44971-sample-proxy
CID44971_GTCAAGTTCTGCGTAA,14.944475,-4.367582,5,Epithelial,1.2374549202659884,CID44971-sample-proxy
CID44971_GTCACGGGTGTGGTTT,14.045348,-5.7731867,5,Epithelial,1.2374549202659884,CID44971-sample-proxy
CID44971_GTCATTTAGGAATTAC,14.521733,-4.496747,5,Epithelial,1.2374549202659884,CID44971-sample-proxy
CID44971_GTCCTCACATTGGCGC,14.386437,-5.75033,5,Epithelial,1.2374549202659884,CID44971-sample-proxy
CID44971_GTCCTCAGTTCGGGCT,15.61019,-3.878546,5,Epithelial,1.2374549202659884,CID44971-sample-proxy
CID44971_GTCGGGTTCTGCAGTA,16.152494,-5.0323935,5,Epithelial,1.2374549202659884,CID44971-sample-proxy
CID44971_GTCGTAAAGTAGCGGT,13.651329,-4.857171,5,Epithelial,1.2374549202659884,CID44971-sample-proxy
CID44971_GTGCAGCCACATGTGT,16.42592,-5.29489,5,Epithelial,1.2374549202659884,CID44971-sample-proxy
CID44971_GTGGGTCGTCAGAATA,13.473097,-4.789701,5,Epithelial,1.2374549202659884,CID44971-sample-proxy
CID44971_GTGGGTCGTGATAAGT,14.651339,-4.024631,5,Epithelial,1.2374549202659884,CID44971-sample-proxy
CID44971_GTGTTAGTCACCATAG,14.305785,-5.3548045,5,Epithelial,1.2374549202659884,CID44971-sample-proxy
CID44971_GTTACAGAGCCGATTT,13.974436,-4.7551594,5,Epithelial,1.2374549202659884,CID44971-sample-proxy
CID44971_GTTCATTTCACGCATA,16.913094,-4.483664,5,Epithelial,1.2374549202659884,CID44971-sample-proxy
CID44971_GTTCATTTCCTAAGTG,15.815039,-5.4612346,5,Epithelial,1.2374549202659884,CID44971-sample-proxy
CID44971_GTTCGGGCAATGTTGC,14.804949,-4.4420285,5,Epithelial,1.2374549202659884,CID44971-sample-proxy
CID44971_GTTCTCGAGGCCCGTT,15.662413,-3.4440255,5,Epithelial,1.2374549202659884,CID44971-sample-proxy
CID44971_GTTCTCGTCTGTTGAG,16.149736,-3.573457,5,Epithelial,1.2374549202659884,CID44971-sample-proxy
CID44971_TAAACCGGTCTAGCCG,15.869236,-4.779571,5,Epithelial,1.2374549202659884,CID44971-sample-proxy
CID44971_TAAGCGTGTGCATCTA,16.195671,-3.7576687,5,Epithelial,1.2374549202659884,CID44971-sample-proxy
CID44971_TAAGTGCAGTCGTTTG,15.122184,-5.657398,5,Epithelial,1.2374549202659884,CID44971-sample-proxy
CID44971_TACACGAAGGTGATTA,12.852853,-3.3693137,5,Epithelial,1.2374549202659884,CID44971-sample-proxy
CID44971_TACCTTACATCCGCGA,14.728517,-4.1133003,5,Epithelial,1.2374549202659884,CID44971-sample-proxy
CID44971_TACGGATGTGCTTCTC,13.924144,-4.5510345,5,Epithelial,1.2374549202659884,CID44971-sample-proxy
CID44971_TACGGTAAGTTCGCGC,15.8548155,-4.9265223,5,Epithelial,1.2374549202659884,CID44971-sample-proxy
CID44971_TACTCATAGCGTCAAG,13.193358,-3.7986143,5,Epithelial,1.2374549202659884,CID44971-sample-proxy
CID44971_TACTCATTCGTTACAG,13.940162,-4.6248274,5,Epithelial,1.2374549202659884,CID44971-sample-proxy
CID44971_TACTTGTGTCACCTAA,13.089318,-4.4155874,5,Epithelial,1.2374549202659884,CID44971-sample-proxy
CID44971_TAGACCAAGAGAACAG,14.586349,-4.539069,5,Epithelial,1.2374549202659884,CID44971-sample-proxy
CID44971_TAGACCATCTCCGGTT,14.449201,-4.7825127,5,Epithelial,1.2374549202659884,CID44971-sample-proxy
CID44971_TAGCCGGCAATACGCT,16.74439,-3.8164823,5,Epithelial,1.2374549202659884,CID44971-sample-proxy
CID44971_TAGTGGTCAAAGCGGT,16.796886,-4.5493493,5,Epithelial,1.2374549202659884,CID44971-sample-proxy
CID44971_TAGTGGTCAGCCTGTG,16.152746,-3.450997,5,Epithelial,1.2374549202659884,CID44971-sample-proxy
CID44971_TAGTTGGCACGTCTCT,14.009197,-4.095078,5,Epithelial,1.2374549202659884,CID44971-sample-proxy
CID44971_TATTACCCACTATCTT,13.001999,-3.982952,5,Epithelial,1.2374549202659884,CID44971-sample-proxy
CID44971_TCAACGAAGTGGAGAA,16.30036,-3.914772,5,Epithelial,1.2374549202659884,CID44971-sample-proxy
CID44971_TCACAAGAGATAGTCA,15.480891,-3.2641246,5,Epithelial,1.2374549202659884,CID44971-sample-proxy
CID44971_TCATTACAGGCAAAGA,16.159348,-5.084728,5,Epithelial,1.2374549202659884,CID44971-sample-proxy
CID44971_TCATTACGTCATACTG,16.55567,-3.9260447,5,Epithelial,1.2374549202659884,CID44971-sample-proxy
CID44971_TCCACACCACATTTCT,16.044046,-3.2815747,5,Epithelial,1.2374549202659884,CID44971-sample-proxy
CID44971_TCCACACCAGTAAGCG,15.127031,-5.5560784,5,Epithelial,1.2374549202659884,CID44971-sample-proxy
CID44971_TCCCGATCAATACGCT,12.97625,-4.304285,5,Epithelial,1.2374549202659884,CID44971-sample-proxy
CID44971_TCGAGGCCATGGTCTA,16.999537,-4.35538,5,Epithelial,1.2374549202659884,CID44971-sample-proxy
CID44971_TCGCGTTTCAGCTGGC,15.908026,-3.5048985,5,Epithelial,1.2374549202659884,CID44971-sample-proxy
CID44971_TCGGGACTCATGTCTT,16.467255,-4.9401937,5,Epithelial,1.2374549202659884,CID44971-sample-proxy
CID44971_TCGGGACTCTGTCAAG,14.642673,-4.687754,5,Epithelial,1.2374549202659884,CID44971-sample-proxy
CID44971_TCGGTAAAGAGTGAGA,13.47641,-3.6367373,5,Epithelial,1.2374549202659884,CID44971-sample-proxy
CID44971_TCGGTAAAGTTAGGTA,15.199459,-3.8722134,5,Epithelial,1.2374549202659884,CID44971-sample-proxy
CID44971_TCGTAGAGTGGTACAG,14.371381,-5.039233,5,Epithelial,1.2374549202659884,CID44971-sample-proxy
CID44971_TCGTAGATCCCAACGG,15.735911,-3.421682,5,Epithelial,1.2374549202659884,CID44971-sample-proxy
CID44971_TCTCATAAGCTGATAA,16.393797,-4.4793286,5,Epithelial,1.2374549202659884,CID44971-sample-proxy
CID44971_TCTCATATCCTTGACC,15.46349,-3.6621552,5,Epithelial,1.2374549202659884,CID44971-sample-proxy
CID44971_TCTCTAAGTCTCAACA,15.903882,-4.186484,5,Epithelial,1.2374549202659884,CID44971-sample-proxy
CID44971_TCTTTCCGTCAGAGGT,13.538546,-4.91417,5,Epithelial,1.2374549202659884,CID44971-sample-proxy
CID44971_TGACAACAGAGTGAGA,13.33474,-4.3442802,5,Epithelial,1.2374549202659884,CID44971-sample-proxy
CID44971_TGACAACAGATATACG,15.364619,-3.4845526,5,Epithelial,1.2374549202659884,CID44971-sample-proxy
CID44971_TGACGGCGTAGCTCCG,16.591553,-4.315234,5,Epithelial,1.2374549202659884,CID44971-sample-proxy
CID44971_TGACTAGCAAGAGTCG,14.423651,-4.9859204,5,Epithelial,1.2374549202659884,CID44971-sample-proxy
CID44971_TGACTAGTCATGCTCC,15.986771,-3.909121,5,Epithelial,1.2374549202659884,CID44971-sample-proxy
CID44971_TGACTTTCACTCAGGC,13.211333,-4.1956716,5,Epithelial,1.2374549202659884,CID44971-sample-proxy
CID44971_TGACTTTCATGCCACG,14.771732,-4.3464227,5,Epithelial,1.2374549202659884,CID44971-sample-proxy
CID44971_TGAGCATAGTCCGTAT,15.463414,-5.7605324,5,Epithelial,1.2374549202659884,CID44971-sample-proxy
CID44971_TGAGCATCAGTATAAG,16.74234,-4.597931,5,Epithelial,1.2374549202659884,CID44971-sample-proxy
CID44971_TGATTTCCAAACCTAC,16.612734,-3.915634,5,Epithelial,1.2374549202659884,CID44971-sample-proxy
CID44971_TGCACCTCAAACCTAC,15.790374,-5.071071,5,Epithelial,1.2374549202659884,CID44971-sample-proxy
CID44971_TGCACCTGTAAATGAC,14.295789,-5.963044,5,Epithelial,1.2374549202659884,CID44971-sample-proxy
CID44971_TGCACCTGTTGATTGC,14.378796,-5.7290907,5,Epithelial,1.2374549202659884,CID44971-sample-proxy
CID44971_TGCCCATGTCTAGAGG,15.709667,-4.4820075,5,Epithelial,1.2374549202659884,CID44971-sample-proxy
CID44971_TGCCCTATCAGCATGT,15.374919,-3.3947606,5,Epithelial,1.2374549202659884,CID44971-sample-proxy
CID44971_TGCGCAGCAACACCCG,13.280116,-4.319195,5,Epithelial,1.2374549202659884,CID44971-sample-proxy
CID44971_TGCGTGGTCGCGATCG,16.144085,-5.360391,5,Epithelial,1.2374549202659884,CID44971-sample-proxy
CID44971_TGGACGCAGGGCATGT,16.42393,-3.9794395,5,Epithelial,1.2374549202659884,CID44971-sample-proxy
CID44971_TGGACGCCAACAACCT,14.297008,-4.524573,5,Epithelial,1.2374549202659884,CID44971-sample-proxy
CID44971_TGGCCAGTCTAAGCCA,13.37942,-3.877461,5,Epithelial,1.2374549202659884,CID44971-sample-proxy
CID44971_TGGTTAGAGCCCAACC,13.713946,-3.9193923,5,Epithelial,1.2374549202659884,CID44971-sample-proxy
CID44971_TGGTTAGAGGGTTTCT,14.680402,-4.3773565,5,Epithelial,1.2374549202659884,CID44971-sample-proxy
CID44971_TGGTTCCAGATCCTGT,13.510647,-4.6576557,5,Epithelial,1.2374549202659884,CID44971-sample-proxy
CID44971_TGGTTCCCAGTGACAG,15.910176,-3.5367928,5,Epithelial,1.2374549202659884,CID44971-sample-proxy
CID44971_TGTATTCTCGTCACGG,15.817153,-4.0959296,5,Epithelial,1.2374549202659884,CID44971-sample-proxy
CID44971_TGTCCCACAGTTAACC,15.139798,-3.744663,5,Epithelial,1.2374549202659884,CID44971-sample-proxy
CID44971_TGTCCCATCATGGTCA,15.098597,-5.521592,5,Epithelial,1.2374549202659884,CID44971-sample-proxy
CID44971_TTAGGACAGCTGAACG,13.8971,-3.6760154,5,Epithelial,1.2374549202659884,CID44971-sample-proxy
CID44971_TTAGGCATCTCGTTTA,15.7713995,-4.598772,5,Epithelial,1.2374549202659884,CID44971-sample-proxy
CID44971_TTAGTTCAGAGCTATA,15.768401,-4.710792,5,Epithelial,1.2374549202659884,CID44971-sample-proxy
CID44971_TTAGTTCAGCACCGTC,15.758493,-5.4906917,5,Epithelial,1.2374549202659884,CID44971-sample-proxy
CID44971_TTCCCAGTCAAGGTAA,16.739388,-3.8622115,5,Epithelial,1.2374549202659884,CID44971-sample-proxy
CID44971_TTCGAAGTCTAACTCT,16.218893,-5.466003,5,Epithelial,1.2374549202659884,CID44971-sample-proxy
CID44971_TTCGGTCAGAGTACCG,16.32591,-5.0719266,5,Epithelial,1.2374549202659884,CID44971-sample-proxy
CID44971_TTCGGTCCACATCTTT,15.903065,-5.698871,5,Epithelial,1.2374549202659884,CID44971-sample-proxy
CID44971_TTCGGTCCAGTATAAG,14.507658,-4.975796,5,Epithelial,1.2374549202659884,CID44971-sample-proxy
CID44971_TTCGGTCCATATGGTC,13.946162,-4.865203,5,Epithelial,1.2374549202659884,CID44971-sample-proxy
CID44971_TTCTCAAGTCCAGTGC,13.58448,-4.730469,5,Epithelial,1.2374549202659884,CID44971-sample-proxy
CID44971_TTCTCCTCACATTCGA,14.87151,-5.362287,5,Epithelial,1.2374549202659884,CID44971-sample-proxy
CID44971_TTGAACGAGTACGTTC,16.341967,-3.7226079,5,Epithelial,1.2374549202659884,CID44971-sample-proxy
CID44971_TTGAACGGTAAAGGAG,13.525005,-3.6413202,5,Epithelial,1.2374549202659884,CID44971-sample-proxy
CID44971_TTGCCGTAGATGTGGC,16.812153,-3.4382708,5,Epithelial,1.2374549202659884,CID44971-sample-proxy
CID44971_TTGCCGTTCCCAGGTG,16.55286,-3.3275003,5,Epithelial,1.2374549202659884,CID44971-sample-proxy
CID44971_TTGGCAAAGTGCGTGA,16.707487,-3.6718695,5,Epithelial,1.2374549202659884,CID44971-sample-proxy
CID44971_TTGGCAATCGAGAACG,15.000538,-5.6945496,5,Epithelial,1.2374549202659884,CID44971-sample-proxy
CID44971_TTTATGCTCGTGACAT,15.587447,-4.6466265,5,Epithelial,1.2374549202659884,CID44971-sample-proxy
CID44971_GCACTCTAGTGGGTTG,15.017399,-5.4544244,5,Epithelial,1.2374549202659884,CID44971-sample-proxy
CID44971_AAACCTGGTGTAATGA,7.430209,-0.26769623,17,Epithelial,0.3876705273685728,CID44971-sample-proxy
CID44971_AACTTTCGTCCGTCAG,7.6222816,-0.57320106,17,Epithelial,0.3876705273685728,CID44971-sample-proxy
CID44971_AACTTTCTCCTGCTTG,7.438333,-0.63113403,17,Epithelial,0.3876705273685728,CID44971-sample-proxy
CID44971_AAGGCAGCATAACCTG,6.834708,-0.6370793,17,Epithelial,0.3876705273685728,CID44971-sample-proxy
CID44971_AATCGGTAGCGTTGCC,6.0417647,-0.017013736,17,Epithelial,0.3876705273685728,CID44971-sample-proxy
CID44971_ACACCGGTCCAACCAA,6.9987903,-1.044054,17,Epithelial,0.3876705273685728,CID44971-sample-proxy
CID44971_ACGAGCCCAGCCACCA,6.0885515,0.19403884,17,Epithelial,0.3876705273685728,CID44971-sample-proxy
CID44971_ACGCCGAAGGGTTTCT,7.193291,-1.613034,17,Epithelial,0.3876705273685728,CID44971-sample-proxy
CID44971_ACGGAGAAGGATGCGT,7.028767,-0.30731317,17,Epithelial,0.3876705273685728,CID44971-sample-proxy
CID44971_ACTATCTGTTTAGCTG,7.4081607,-0.8296659,17,Epithelial,0.3876705273685728,CID44971-sample-proxy
CID44971_ACTGATGGTAAATGAC,7.070263,-1.4094971,17,Epithelial,0.3876705273685728,CID44971-sample-proxy
CID44971_ACTGCTCCAGATAATG,6.834035,-0.82370883,17,Epithelial,0.3876705273685728,CID44971-sample-proxy
CID44971_ACTGCTCCATGATCCA,7.318894,-0.5530808,17,Epithelial,0.3876705273685728,CID44971-sample-proxy
CID44971_ACTGCTCTCTTACCTA,7.08488,-1.2534304,17,Epithelial,0.3876705273685728,CID44971-sample-proxy
CID44971_ACTTACTAGCGATTCT,7.558548,-0.22245318,17,Epithelial,0.3876705273685728,CID44971-sample-proxy
CID44971_ACTTTCAGTACATGTC,7.583931,-0.25996822,17,Epithelial,0.3876705273685728,CID44971-sample-proxy
CID44971_ACTTTCAGTTGAGGTG,7.1006293,-1.5790315,17,Epithelial,0.3876705273685728,CID44971-sample-proxy
CID44971_AGCATACGTATAGTAG,7.6628056,-0.24704717,17,Epithelial,0.3876705273685728,CID44971-sample-proxy
CID44971_AGCTCCTTCTGGCGAC,7.0655427,-1.6599467,17,Epithelial,0.3876705273685728,CID44971-sample-proxy
CID44971_AGGGTGAAGGCTCAGA,6.0635567,0.13295849,17,Epithelial,0.3876705273685728,CID44971-sample-proxy
CID44971_AGTCTTTTCCACTGGG,7.123095,-1.5275049,17,Epithelial,0.3876705273685728,CID44971-sample-proxy
CID44971_AGTCTTTTCGCTGATA,6.8536344,-0.80072445,17,Epithelial,0.3876705273685728,CID44971-sample-proxy
CID44971_ATAACGCTCGGAGGTA,7.45175,-0.69946855,17,Epithelial,0.3876705273685728,CID44971-sample-proxy
CID44971_ATAGACCTCTTGAGGT,7.4423637,-0.4149664,17,Epithelial,0.3876705273685728,CID44971-sample-proxy
CID44971_ATCCACCTCACAAACC,5.9887457,0.1990753,17,Epithelial,0.3876705273685728,CID44971-sample-proxy
CID44971_ATGAGGGAGCGTCTAT,6.095515,0.19261418,17,Epithelial,0.3876705273685728,CID44971-sample-proxy
CID44971_ATGAGGGAGTGACATA,6.3860254,-0.17066258,17,Epithelial,0.3876705273685728,CID44971-sample-proxy
CID44971_ATTACTCTCAAGATCC,6.855681,-0.6396224,17,Epithelial,0.3876705273685728,CID44971-sample-proxy
CID44971_CAAGATCTCCATGAAC,6.0467277,0.09819708,17,Epithelial,0.3876705273685728,CID44971-sample-proxy
CID44971_CACACTCAGGGAGTAA,7.420135,-0.54394746,17,Epithelial,0.3876705273685728,CID44971-sample-proxy
CID44971_CACTCCAAGCGCCTCA,7.5961924,-0.37546337,17,Epithelial,0.3876705273685728,CID44971-sample-proxy
CID44971_CAGTAACAGAGAGCTC,6.136827,0.077563286,17,Epithelial,0.3876705273685728,CID44971-sample-proxy
CID44971_CAGTAACAGATATGCA,7.219902,-1.7133225,17,Epithelial,0.3876705273685728,CID44971-sample-proxy
CID44971_CATCCACTCTTACCTA,7.521411,-0.99344474,17,Epithelial,0.3876705273685728,CID44971-sample-proxy
CID44971_CATCGGGCAATGGTCT,6.9515452,-0.72721654,17,Epithelial,0.3876705273685728,CID44971-sample-proxy
CID44971_CATTCGCGTTGATTCG,6.0812135,0.3422118,17,Epithelial,0.3876705273685728,CID44971-sample-proxy
CID44971_CCAATCCAGGTGACCA,7.375775,-0.35422853,17,Epithelial,0.3876705273685728,CID44971-sample-proxy
CID44971_CCATGTCGTTCAGACT,6.9849305,-0.9394809,17,Epithelial,0.3876705273685728,CID44971-sample-proxy
CID44971_CCTACACGTCGACTAT,7.72013,-0.31747732,17,Epithelial,0.3876705273685728,CID44971-sample-proxy
CID44971_CGAACATCATCCCATC,7.596155,-0.250691,17,Epithelial,0.3876705273685728,CID44971-sample-proxy
CID44971_CGAATGTAGATTACCC,15.403009,-5.2126627,5,Epithelial,1.2374549202659884,CID44971-sample-proxy
CID44971_CGATTGAGTGTGACCC,7.627407,-0.36242884,17,Epithelial,0.3876705273685728,CID44971-sample-proxy
CID44971_CGCGTTTCACCGAATT,6.1946645,-0.037657633,17,Epithelial,0.3876705273685728,CID44971-sample-proxy
CID44971_CGCTATCTCATGTCCC,6.0249476,0.1315633,17,Epithelial,0.3876705273685728,CID44971-sample-proxy
CID44971_CGTAGCGCATGCCCGA,7.097777,-1.6191163,17,Epithelial,0.3876705273685728,CID44971-sample-proxy
CID44971_CGTCAGGCACAACTGT,6.0897794,0.03578926,17,Epithelial,0.3876705273685728,CID44971-sample-proxy
CID44971_CGTGTCTAGGAGTAGA,7.71697,-0.51751685,17,Epithelial,0.3876705273685728,CID44971-sample-proxy
CID44971_CGTTCTGCAAGAGTCG,7.095894,-1.2333133,17,Epithelial,0.3876705273685728,CID44971-sample-proxy
CID44971_CGTTGGGAGTGGACGT,7.4973745,-0.6030813,17,Epithelial,0.3876705273685728,CID44971-sample-proxy
CID44971_CTACACCCATCCAACA,7.2863917,-1.0241146,17,Epithelial,0.3876705273685728,CID44971-sample-proxy
CID44971_CTACCCAAGTTCGCAT,5.931615,0.25405717,17,Epithelial,0.3876705273685728,CID44971-sample-proxy
CID44971_CTACCCACAGTCGTGC,7.1429734,-1.3066177,17,Epithelial,0.3876705273685728,CID44971-sample-proxy
CID44971_CTAGTGAGTCACAAGG,7.186247,-1.3921789,17,Epithelial,0.3876705273685728,CID44971-sample-proxy
CID44971_CTCTGGTCAGGACCCT,5.9869657,0.17619655,17,Epithelial,0.3876705273685728,CID44971-sample-proxy
CID44971_CTGAAGTAGATAGGAG,6.884351,-1.0501728,17,Epithelial,0.3876705273685728,CID44971-sample-proxy
CID44971_CTGTTTACACACCGCA,7.6886096,-0.5112286,17,Epithelial,0.3876705273685728,CID44971-sample-proxy
CID44971_CTTAACTCAAGCCATT,6.4369636,-0.25655547,17,Epithelial,0.3876705273685728,CID44971-sample-proxy
CID44971_GAAACTCGTACATCCA,5.964444,0.15731521,17,Epithelial,0.3876705273685728,CID44971-sample-proxy
CID44971_GAATAAGGTCTGGTCG,7.0462394,-1.0279453,17,Epithelial,0.3876705273685728,CID44971-sample-proxy
CID44971_GACCTGGAGCTGCCCA,7.6666956,-0.6112167,17,Epithelial,0.3876705273685728,CID44971-sample-proxy
CID44971_GACGCGTAGATGTTAG,6.513682,-0.4183293,17,Epithelial,0.3876705273685728,CID44971-sample-proxy
CID44971_GACGTGCCATACCATG,7.0408764,-0.87584376,17,Epithelial,0.3876705273685728,CID44971-sample-proxy
CID44971_GACGTGCTCCGAAGAG,6.1890326,0.06617329,17,Epithelial,0.3876705273685728,CID44971-sample-proxy
CID44971_GACTACAGTGTAATGA,5.9844856,0.24782202,17,Epithelial,0.3876705273685728,CID44971-sample-proxy
CID44971_GACTGCGTCAACACGT,7.1322556,-1.4148074,17,Epithelial,0.3876705273685728,CID44971-sample-proxy
CID44971_GAGCAGAAGATGTTAG,6.6662145,-0.01414718,17,Epithelial,0.3876705273685728,CID44971-sample-proxy
CID44971_GATCTAGCAGCGTAAG,7.001348,-1.4137789,17,Epithelial,0.3876705273685728,CID44971-sample-proxy
CID44971_GATGCTAAGTGTACCT,-6.096256,8.992636,18,Epithelial,2.7114407719752034,CID44971-sample-proxy
CID44971_GATGCTAGTCTTTCAT,7.162884,-1.7271152,17,Epithelial,0.3876705273685728,CID44971-sample-proxy
CID44971_GATTCAGGTAATAGCA,7.187743,-1.2705278,17,Epithelial,0.3876705273685728,CID44971-sample-proxy
CID44971_GCAATCATCTCAAACG,6.2267056,-0.09354404,17,Epithelial,0.3876705273685728,CID44971-sample-proxy
CID44971_GCTTGAAGTACGAAAT,7.56092,-0.25862378,17,Epithelial,0.3876705273685728,CID44971-sample-proxy
CID44971_GGAATAACAGCGTTCG,7.049116,-1.566768,17,Epithelial,0.3876705273685728,CID44971-sample-proxy
CID44971_GGCAATTTCAACACAC,7.553517,-0.34247133,17,Epithelial,0.3876705273685728,CID44971-sample-proxy
CID44971_GGGTCTGAGACTAAGT,6.9416356,-1.020063,17,Epithelial,0.3876705273685728,CID44971-sample-proxy
CID44971_GGGTCTGCATGCCCGA,5.920737,0.2544602,17,Epithelial,0.3876705273685728,CID44971-sample-proxy
CID44971_GGTGAAGAGCACCGTC,7.2296553,-1.7297822,17,Epithelial,0.3876705273685728,CID44971-sample-proxy
CID44971_GTAACTGAGACTAAGT,6.378466,-0.22210228,17,Epithelial,0.3876705273685728,CID44971-sample-proxy
CID44971_GTAACTGAGTAGTGCG,7.1466665,-1.6356987,17,Epithelial,0.3876705273685728,CID44971-sample-proxy
CID44971_GTGCAGCAGCTACCGC,6.275376,-0.1289551,17,Epithelial,0.3876705273685728,CID44971-sample-proxy
CID44971_GTGCAGCAGGAACTGC,7.047546,-0.9726227,17,Epithelial,0.3876705273685728,CID44971-sample-proxy
CID44971_GTGCATACACAGGTTT,5.998696,0.13112143,17,Epithelial,0.3876705273685728,CID44971-sample-proxy
CID44971_GTGTGCGGTGTCCTCT,6.205576,-0.06923572,17,Epithelial,0.3876705273685728,CID44971-sample-proxy
CID44971_GTTCATTTCGTTGCCT,7.692894,-0.47730932,17,Epithelial,0.3876705273685728,CID44971-sample-proxy
CID44971_TAAGAGATCTAACCGA,7.10413,-0.70183337,17,Epithelial,0.3876705273685728,CID44971-sample-proxy
CID44971_TAAGCGTTCTCGTATT,7.340988,-0.42875004,17,Epithelial,0.3876705273685728,CID44971-sample-proxy
CID44971_TACAGTGCAATTCCTT,7.550964,-0.29335645,17,Epithelial,0.3876705273685728,CID44971-sample-proxy
CID44971_TACCTATCAAGACACG,6.1789584,0.31650332,17,Epithelial,0.3876705273685728,CID44971-sample-proxy
CID44971_TACCTTAGTACACCGC,6.527958,-0.19632687,17,Epithelial,0.3876705273685728,CID44971-sample-proxy
CID44971_TACTTACAGCACAGGT,7.0547843,-1.1446333,17,Epithelial,0.3876705273685728,CID44971-sample-proxy
CID44971_TAGAGCTGTGAGGCTA,7.318851,-0.18136168,17,Epithelial,0.3876705273685728,CID44971-sample-proxy
CID44971_TAGTGGTGTTTGTTGG,7.525123,-0.44618955,17,Epithelial,0.3876705273685728,CID44971-sample-proxy
CID44971_TATCTCAAGGTGATAT,5.912063,0.24697997,17,Epithelial,0.3876705273685728,CID44971-sample-proxy
CID44971_TATTACCTCTCTTGAT,7.6669893,-0.35106677,17,Epithelial,0.3876705273685728,CID44971-sample-proxy
CID44971_TCAGCAAGTGTGCGTC,7.708661,-0.25898632,17,Epithelial,0.3876705273685728,CID44971-sample-proxy
CID44971_TCGAGGCCAATACGCT,7.2251353,-1.5776366,17,Epithelial,0.3876705273685728,CID44971-sample-proxy
CID44971_TCGTAGAGTTGGTGGA,7.2841816,-1.432698,17,Epithelial,0.3876705273685728,CID44971-sample-proxy
CID44971_TGAAAGAAGTTATCGC,6.273653,0.1317342,17,Epithelial,0.3876705273685728,CID44971-sample-proxy
CID44971_TGACGGCTCCATGCTC,7.75461,-0.46846637,17,Epithelial,0.3876705273685728,CID44971-sample-proxy
CID44971_TGAGCATAGAGTAAGG,7.1437364,-1.447611,17,Epithelial,0.3876705273685728,CID44971-sample-proxy
CID44971_TGCGGGTGTCGATTGT,6.2633305,-0.1147462,17,Epithelial,0.3876705273685728,CID44971-sample-proxy
CID44971_TGCGTGGGTCGCTTCT,6.0995173,0.046541687,17,Epithelial,0.3876705273685728,CID44971-sample-proxy
CID44971_TGGCCAGCAGACTCGC,5.9385757,0.1297027,17,Epithelial,0.3876705273685728,CID44971-sample-proxy
CID44971_TGGCGCAGTTGGTAAA,6.058273,0.007178469,17,Epithelial,0.3876705273685728,CID44971-sample-proxy
CID44971_TGGCTGGGTGATGATA,7.008626,-1.518773,17,Epithelial,0.3876705273685728,CID44971-sample-proxy
CID44971_TTAGGACAGGACAGAA,7.494415,-0.33032617,17,Epithelial,0.3876705273685728,CID44971-sample-proxy
CID44971_TTAGGCAAGCGGATCA,6.8376875,-1.1278385,17,Epithelial,0.3876705273685728,CID44971-sample-proxy
CID44971_TTAGGCAAGGTCGGAT,6.0316377,0.27378228,17,Epithelial,0.3876705273685728,CID44971-sample-proxy
CID44971_TTCTACAGTCGCATCG,5.9260845,0.28087953,17,Epithelial,0.3876705273685728,CID44971-sample-proxy
CID44971_TTGAACGAGACTGTAA,7.121264,-0.9558367,17,Epithelial,0.3876705273685728,CID44971-sample-proxy
CID44971_TTTATGCCACAACGTT,7.001884,-0.89347726,17,Epithelial,0.3876705273685728,CID44971-sample-proxy
CID44971_AAAGATGCATGTCTCC,-4.6995983,7.0815315,16,Epithelial,2.2692811078896846,CID44971-sample-proxy
CID44971_AAAGCAAGTTGTCTTT,-2.246526,7.723089,16,Epithelial,2.2692811078896846,CID44971-sample-proxy
CID44971_AAAGTAGCATGTAGTC,-4.361095,7.07169,16,Epithelial,2.2692811078896846,CID44971-sample-proxy
CID44971_AAAGTAGGTGTATGGG,-3.5356994,5.9188013,16,Epithelial,2.2692811078896846,CID44971-sample-proxy
CID44971_AAATGCCCACGGTGTC,-3.6899707,7.521214,16,Epithelial,2.2692811078896846,CID44971-sample-proxy
CID44971_AACCATGCAATGAAAC,-2.703767,6.86779,16,Epithelial,2.2692811078896846,CID44971-sample-proxy
CID44971_AACTCAGAGCAGGTCA,-4.1384206,6.029344,16,Epithelial,2.2692811078896846,CID44971-sample-proxy
CID44971_AAGACCTCACCGAATT,-3.2807262,6.7295413,16,Epithelial,2.2692811078896846,CID44971-sample-proxy
CID44971_AAGACCTGTCCAACTA,-3.5471685,5.92427,16,Epithelial,2.2692811078896846,CID44971-sample-proxy
CID44971_AAGGTTCGTCTTCGTC,-2.8163347,6.4660287,16,Epithelial,2.2692811078896846,CID44971-sample-proxy
CID44971_AATCGGTAGCGTAGTG,-3.9530327,7.303772,16,Epithelial,2.2692811078896846,CID44971-sample-proxy
CID44971_ACACCAATCTTTACAC,-2.9034631,6.6652412,16,Epithelial,2.2692811078896846,CID44971-sample-proxy
CID44971_ACACCCTCAGATCCAT,-2.9831042,6.7686286,16,Epithelial,2.2692811078896846,CID44971-sample-proxy
CID44971_ACAGCCGGTTACTGAC,-2.8347611,6.3285346,16,Epithelial,2.2692811078896846,CID44971-sample-proxy
CID44971_ACAGCTAGTTGTCTTT,-4.110046,5.940331,16,Epithelial,2.2692811078896846,CID44971-sample-proxy
CID44971_ACATCAGAGGGCTTCC,-3.8362985,6.7564516,16,Epithelial,2.2692811078896846,CID44971-sample-proxy
CID44971_ACATGGTGTAGGGACT,-4.6998587,6.9562593,16,Epithelial,2.2692811078896846,CID44971-sample-proxy
CID44971_ACCCACTAGGATCGCA,-3.1022677,7.537626,16,Epithelial,2.2692811078896846,CID44971-sample-proxy
CID44971_ACCCACTCAAGTTCTG,-3.2869227,7.3402367,16,Epithelial,2.2692811078896846,CID44971-sample-proxy
CID44971_ACCCACTGTAGCCTCG,-2.3470628,7.318954,16,Epithelial,2.2692811078896846,CID44971-sample-proxy
CID44971_ACCGTAAAGCTAGCCC,-2.7613833,6.6589046,16,Epithelial,2.2692811078896846,CID44971-sample-proxy
CID44971_ACGGCCAGTCAAAGCG,-4.9783716,6.7147493,16,Epithelial,2.2692811078896846,CID44971-sample-proxy
CID44971_ACGGGCTAGGGATACC,-4.1963177,6.078967,16,Epithelial,2.2692811078896846,CID44971-sample-proxy
CID44971_ACGGGTCCATACGCTA,-2.7428563,6.850158,16,Epithelial,2.2692811078896846,CID44971-sample-proxy
CID44971_ACTGAACTCACGCGGT,-3.6619265,6.3678417,16,Epithelial,2.2692811078896846,CID44971-sample-proxy
CID44971_ACTGCTCTCTGTCTAT,-3.6786797,6.061585,16,Epithelial,2.2692811078896846,CID44971-sample-proxy
CID44971_ACTTTCAAGTACTTGC,-4.506823,6.4264975,16,Epithelial,2.2692811078896846,CID44971-sample-proxy
CID44971_ACTTTCAGTATTACCG,-2.3363059,7.3874846,16,Epithelial,2.2692811078896846,CID44971-sample-proxy
CID44971_AGACGTTAGCGATGAC,-3.2641609,7.0366893,16,Epithelial,2.2692811078896846,CID44971-sample-proxy
CID44971_AGACGTTGTAGCTCCG,-5.225579,7.236022,16,Epithelial,2.2692811078896846,CID44971-sample-proxy
CID44971_AGAGCGATCATCGATG,-3.1816976,6.5198584,16,Epithelial,2.2692811078896846,CID44971-sample-proxy
CID44971_AGCAGCCTCGTAGGAG,-2.5172484,7.1054306,16,Epithelial,2.2692811078896846,CID44971-sample-proxy
CID44971_AGCATACGTAGGACAC,-2.799434,7.1912246,16,Epithelial,2.2692811078896846,CID44971-sample-proxy
CID44971_AGCGTCGAGGGCTTGA,-2.263251,7.5983267,16,Epithelial,2.2692811078896846,CID44971-sample-proxy
CID44971_AGCTCCTGTCTAAACC,-4.535105,7.195302,16,Epithelial,2.2692811078896846,CID44971-sample-proxy
CID44971_AGCTCCTTCTGCAGTA,-5.4583898,7.070517,16,Epithelial,2.2692811078896846,CID44971-sample-proxy
CID44971_AGCTCTCCACCAGTTA,-3.1053278,6.7138476,16,Epithelial,2.2692811078896846,CID44971-sample-proxy
CID44971_AGGGAGTAGCACACAG,-5.314837,7.167473,16,Epithelial,2.2692811078896846,CID44971-sample-proxy
CID44971_AGTGAGGAGATGTTAG,-2.4465098,7.495678,16,Epithelial,2.2692811078896846,CID44971-sample-proxy
CID44971_ATCCACCTCAAAGACA,-5.028782,7.386893,16,Epithelial,2.2692811078896846,CID44971-sample-proxy
CID44971_ATCCGAAAGCCACGCT,-3.087659,7.350796,16,Epithelial,2.2692811078896846,CID44971-sample-proxy
CID44971_ATCCGAAAGCCGGTAA,-4.6292863,7.13722,16,Epithelial,2.2692811078896846,CID44971-sample-proxy
CID44971_ATCCGAAAGTTGAGTA,-3.4458637,7.4679203,16,Epithelial,2.2692811078896846,CID44971-sample-proxy
CID44971_ATCTGCCTCACTTATC,-2.85224,7.8291206,16,Epithelial,2.2692811078896846,CID44971-sample-proxy
CID44971_ATGAGGGGTAGAGCTG,-4.6592894,7.201283,16,Epithelial,2.2692811078896846,CID44971-sample-proxy
CID44971_ATTACTCTCCCTCAGT,-3.7608213,5.808999,16,Epithelial,2.2692811078896846,CID44971-sample-proxy
CID44971_CAACCAACAAGACGTG,-3.039127,7.8705015,16,Epithelial,2.2692811078896846,CID44971-sample-proxy
CID44971_CAACTAGAGGCTACGA,-4.982145,7.125294,16,Epithelial,2.2692811078896846,CID44971-sample-proxy
CID44971_CAACTAGGTGTGACCC,-2.6446302,6.5791917,16,Epithelial,2.2692811078896846,CID44971-sample-proxy
CID44971_CACACAAGTATCAGTC,-2.7204971,7.182764,16,Epithelial,2.2692811078896846,CID44971-sample-proxy
CID44971_CACAGGCGTCAGGACA,-3.6339505,5.81447,16,Epithelial,2.2692811078896846,CID44971-sample-proxy
CID44971_CACAGTACAACGCACC,-5.530601,8.342777,18,Epithelial,2.7114407719752034,CID44971-sample-proxy
CID44971_CACAGTACAAGGACAC,-5.1701794,6.909443,16,Epithelial,2.2692811078896846,CID44971-sample-proxy
CID44971_CACATAGCATCGATGT,-2.5490181,6.86002,16,Epithelial,2.2692811078896846,CID44971-sample-proxy
CID44971_CACCAGGTCTCAAACG,-4.873164,7.4908056,16,Epithelial,2.2692811078896846,CID44971-sample-proxy
CID44971_CAGAGAGGTAATTGGA,-5.2253475,6.5977006,16,Epithelial,2.2692811078896846,CID44971-sample-proxy
CID44971_CAGATCAAGGTTCCTA,-2.4573205,7.454022,16,Epithelial,2.2692811078896846,CID44971-sample-proxy
CID44971_CAGCAGCGTCGAGATG,-5.1860986,7.325821,16,Epithelial,2.2692811078896846,CID44971-sample-proxy
CID44971_CAGCAGCGTTTGACAC,-3.9180098,6.5119066,16,Epithelial,2.2692811078896846,CID44971-sample-proxy
CID44971_CATATGGCAACTGGCC,-2.9260564,6.772943,16,Epithelial,2.2692811078896846,CID44971-sample-proxy
CID44971_CATCCACAGATGTCGG,-4.6087446,7.288697,16,Epithelial,2.2692811078896846,CID44971-sample-proxy
CID44971_CATCCACAGTCCGTAT,-4.986873,6.5574007,16,Epithelial,2.2692811078896846,CID44971-sample-proxy
CID44971_CATCGAAAGGGTCTCC,-3.1897783,5.9411554,16,Epithelial,2.2692811078896846,CID44971-sample-proxy
CID44971_CATCGGGCATCACGAT,-3.6197069,6.9725995,16,Epithelial,2.2692811078896846,CID44971-sample-proxy
CID44971_CATGACAAGATTACCC,-4.793391,7.397283,16,Epithelial,2.2692811078896846,CID44971-sample-proxy
CID44971_CATGCCTGTCTTCAAG,-4.7671247,7.936035,16,Epithelial,2.2692811078896846,CID44971-sample-proxy
CID44971_CATGGCGAGATAGGAG,-4.357248,7.1300683,16,Epithelial,2.2692811078896846,CID44971-sample-proxy
CID44971_CATGGCGAGATAGTCA,-4.874696,6.7812476,16,Epithelial,2.2692811078896846,CID44971-sample-proxy
CID44971_CATGGCGAGCGTGAAC,-3.5835354,7.251474,16,Epithelial,2.2692811078896846,CID44971-sample-proxy
CID44971_CATTATCCACCAGTTA,-3.144582,7.01258,16,Epithelial,2.2692811078896846,CID44971-sample-proxy
CID44971_CATTATCCACCCATTC,-3.1806571,7.32284,16,Epithelial,2.2692811078896846,CID44971-sample-proxy
CID44971_CATTATCTCACCCTCA,-4.7784758,7.763024,16,Epithelial,2.2692811078896846,CID44971-sample-proxy
CID44971_CCACTACTCGAGGTAG,-3.0365179,6.066525,16,Epithelial,2.2692811078896846,CID44971-sample-proxy
CID44971_CCACTACTCGCAGGCT,-3.8969703,7.249282,16,Epithelial,2.2692811078896846,CID44971-sample-proxy
CID44971_CCACTACTCTACTATC,-5.1744184,7.171344,16,Epithelial,2.2692811078896846,CID44971-sample-proxy
CID44971_CCATGTCAGCTGGAAC,-4.0675073,7.005856,16,Epithelial,2.2692811078896846,CID44971-sample-proxy
CID44971_CCCAATCAGATCTGCT,-2.1762872,7.579544,16,Epithelial,2.2692811078896846,CID44971-sample-proxy
CID44971_CCCTCCTAGTGTTGAA,-5.214447,7.3919606,16,Epithelial,2.2692811078896846,CID44971-sample-proxy
CID44971_CCCTCCTAGTTGCAGG,-2.7170298,7.9731984,16,Epithelial,2.2692811078896846,CID44971-sample-proxy
CID44971_CCCTCCTGTCATATCG,-4.7191567,6.966936,16,Epithelial,2.2692811078896846,CID44971-sample-proxy
CID44971_CCCTCCTTCGGTCTAA,-4.470946,7.238028,16,Epithelial,2.2692811078896846,CID44971-sample-proxy
CID44971_CCGTGGAGTACACCGC,-3.5808861,7.0642667,16,Epithelial,2.2692811078896846,CID44971-sample-proxy
CID44971_CCGTGGATCAGAAATG,-3.7005515,6.692664,16,Epithelial,2.2692811078896846,CID44971-sample-proxy
CID44971_CCGTTCATCATGGTCA,-5.313074,6.486386,16,Epithelial,2.2692811078896846,CID44971-sample-proxy
CID44971_CCTACACAGAGTGACC,-3.4981532,6.271221,16,Epithelial,2.2692811078896846,CID44971-sample-proxy
CID44971_CCTACCAAGCCGATTT,-3.9993434,6.8529415,16,Epithelial,2.2692811078896846,CID44971-sample-proxy
CID44971_CCTACCAGTCGCGAAA,-4.560751,6.8055,16,Epithelial,2.2692811078896846,CID44971-sample-proxy
CID44971_CCTTACGTCACAGTAC,-3.7219038,5.7652736,16,Epithelial,2.2692811078896846,CID44971-sample-proxy
CID44971_CCTTCCCTCCTTTCGG,-2.5241687,6.914843,16,Epithelial,2.2692811078896846,CID44971-sample-proxy
CID44971_CGAATGTGTAGAAGGA,-2.8463457,7.589305,16,Epithelial,2.2692811078896846,CID44971-sample-proxy
CID44971_CGAGCCAGTTAAGACA,-4.190765,6.0076475,16,Epithelial,2.2692811078896846,CID44971-sample-proxy
CID44971_CGATGGCCAGCATACT,-2.87119,7.2154937,16,Epithelial,2.2692811078896846,CID44971-sample-proxy
CID44971_CGATGTAAGCGCCTCA,-4.6231656,6.6088715,16,Epithelial,2.2692811078896846,CID44971-sample-proxy
CID44971_CGCGTTTCACATGGGA,-4.4130735,7.393337,16,Epithelial,2.2692811078896846,CID44971-sample-proxy
CID44971_CGGACACGTGACGCCT,-2.7024438,7.896366,16,Epithelial,2.2692811078896846,CID44971-sample-proxy
CID44971_CGGACTGAGTAAGTAC,-4.7251153,8.414745,18,Epithelial,2.7114407719752034,CID44971-sample-proxy
CID44971_CGGACTGCACGCATCG,-5.134177,8.092516,18,Epithelial,2.7114407719752034,CID44971-sample-proxy
CID44971_CGGACTGTCATGGTCA,-4.435455,7.069502,16,Epithelial,2.2692811078896846,CID44971-sample-proxy
CID44971_CGGCTAGTCGCCGTGA,-5.2871656,6.7423286,16,Epithelial,2.2692811078896846,CID44971-sample-proxy
CID44971_CGTCAGGTCTGCGGCA,-3.7658238,6.4626565,16,Epithelial,2.2692811078896846,CID44971-sample-proxy
CID44971_CGTCTACGTCATGCCG,-3.0483596,7.035269,16,Epithelial,2.2692811078896846,CID44971-sample-proxy
CID44971_CGTGAGCAGGTGCTTT,-3.8424847,5.8218927,16,Epithelial,2.2692811078896846,CID44971-sample-proxy
CID44971_CGTTAGACATCGTCGG,-3.9680922,6.4890013,16,Epithelial,2.2692811078896846,CID44971-sample-proxy
CID44971_CGTTAGATCGCAGGCT,-5.3459873,7.1288023,16,Epithelial,2.2692811078896846,CID44971-sample-proxy
CID44971_CGTTCTGGTGGAAAGA,-2.237133,7.5827208,16,Epithelial,2.2692811078896846,CID44971-sample-proxy
CID44971_CTACATTTCCGCTGTT,-5.026116,6.3993816,16,Epithelial,2.2692811078896846,CID44971-sample-proxy
CID44971_CTACCCACAATAACGA,-4.5794735,6.9814196,16,Epithelial,2.2692811078896846,CID44971-sample-proxy
CID44971_CTACCCATCTTATCTG,-2.9682248,7.4073253,16,Epithelial,2.2692811078896846,CID44971-sample-proxy
CID44971_CTACGTCGTACCATCA,-3.5444107,7.2233458,16,Epithelial,2.2692811078896846,CID44971-sample-proxy
CID44971_CTAGCCTTCGGTCTAA,-4.023118,7.167175,16,Epithelial,2.2692811078896846,CID44971-sample-proxy
CID44971_CTAGTGAAGGCGTACA,-2.8198054,6.383752,16,Epithelial,2.2692811078896846,CID44971-sample-proxy
CID44971_CTAGTGACATCGACGC,-2.7925282,6.513784,16,Epithelial,2.2692811078896846,CID44971-sample-proxy
CID44971_CTCAGAAGTGTGACCC,-2.3979785,7.7961097,16,Epithelial,2.2692811078896846,CID44971-sample-proxy
CID44971_CTCCTAGGTATGCTTG,-2.9615428,6.941501,16,Epithelial,2.2692811078896846,CID44971-sample-proxy
CID44971_CTCGAAAAGAGTACAT,-3.9076984,5.9810805,16,Epithelial,2.2692811078896846,CID44971-sample-proxy
CID44971_CTCGAAAGTGACTACT,-2.8050177,7.811698,16,Epithelial,2.2692811078896846,CID44971-sample-proxy
CID44971_CTCGAAATCACTCTTA,-4.99116,7.2037883,16,Epithelial,2.2692811078896846,CID44971-sample-proxy
CID44971_CTCGTACCAAGCGAGT,-4.443669,6.3959656,16,Epithelial,2.2692811078896846,CID44971-sample-proxy
CID44971_CTCTAATAGTATCTCG,-2.7813885,7.8907695,16,Epithelial,2.2692811078896846,CID44971-sample-proxy
CID44971_CTGATCCGTGTGAAAT,-2.6613603,7.841177,16,Epithelial,2.2692811078896846,CID44971-sample-proxy
CID44971_CTGCGGAGTTGCGTTA,-3.924202,7.080793,16,Epithelial,2.2692811078896846,CID44971-sample-proxy
CID44971_CTGCTGTGTATATGAG,-2.9035494,7.9168825,16,Epithelial,2.2692811078896846,CID44971-sample-proxy
CID44971_CTTAGGAAGTCTCGGC,-3.0927732,6.579852,16,Epithelial,2.2692811078896846,CID44971-sample-proxy
CID44971_GAAACTCGTCTCTTAT,-5.3090167,7.08383,16,Epithelial,2.2692811078896846,CID44971-sample-proxy
CID44971_GAACCTAAGGATCGCA,-2.7701857,6.5393257,16,Epithelial,2.2692811078896846,CID44971-sample-proxy
CID44971_GAACGGATCTTGAGAC,-3.9384499,7.187514,16,Epithelial,2.2692811078896846,CID44971-sample-proxy
CID44971_GACACGCCAGCATGAG,-4.066861,7.17003,16,Epithelial,2.2692811078896846,CID44971-sample-proxy
CID44971_GACCAATAGTCGTACT,-3.976361,5.90957,16,Epithelial,2.2692811078896846,CID44971-sample-proxy
CID44971_GACCTGGCACGCGAAA,-3.3819306,5.8893723,16,Epithelial,2.2692811078896846,CID44971-sample-proxy
CID44971_GACGGCTAGACTACAA,-3.0126162,6.4973564,16,Epithelial,2.2692811078896846,CID44971-sample-proxy
CID44971_GACGTGCCAAGTAATG,-4.540019,6.480178,16,Epithelial,2.2692811078896846,CID44971-sample-proxy
CID44971_GACGTTAGTTGGTTTG,-3.0951147,8.016242,16,Epithelial,2.2692811078896846,CID44971-sample-proxy
CID44971_GACTAACTCTGAAAGA,-2.640934,6.6878014,16,Epithelial,2.2692811078896846,CID44971-sample-proxy
CID44971_GACTACAAGAGTACAT,-4.299248,7.4827113,16,Epithelial,2.2692811078896846,CID44971-sample-proxy
CID44971_GACTACACATCCGCGA,-2.3886492,7.690868,16,Epithelial,2.2692811078896846,CID44971-sample-proxy
CID44971_GACTACATCAGTCAGT,-5.272091,7.133155,16,Epithelial,2.2692811078896846,CID44971-sample-proxy
CID44971_GAGGTGAAGCCAGTAG,-4.8488173,7.217435,16,Epithelial,2.2692811078896846,CID44971-sample-proxy
CID44971_GATCGCGCAAGAGTCG,-4.436521,7.3685446,16,Epithelial,2.2692811078896846,CID44971-sample-proxy
CID44971_GATCGTACAAGAAAGG,-2.2130735,7.694235,16,Epithelial,2.2692811078896846,CID44971-sample-proxy
CID44971_GATCGTACAGTTCATG,-2.8304784,6.8911333,16,Epithelial,2.2692811078896846,CID44971-sample-proxy
CID44971_GATTCAGCAAATACAG,-4.5836506,7.160603,16,Epithelial,2.2692811078896846,CID44971-sample-proxy
CID44971_GCAATCAGTCAAGCGA,-3.8614326,6.0276856,16,Epithelial,2.2692811078896846,CID44971-sample-proxy
CID44971_GCAGCCAAGGCTATCT,-2.9156566,7.3098793,16,Epithelial,2.2692811078896846,CID44971-sample-proxy
CID44971_GCAGTTAAGCATCATC,-2.8041008,8.072061,16,Epithelial,2.2692811078896846,CID44971-sample-proxy
CID44971_GCATGCGGTGGTCTCG,-3.4533484,7.1148415,16,Epithelial,2.2692811078896846,CID44971-sample-proxy
CID44971_GCGACCAAGATCCTGT,-5.303305,8.513947,18,Epithelial,2.7114407719752034,CID44971-sample-proxy
CID44971_GCGAGAACATCCGCGA,-3.0484955,6.861752,16,Epithelial,2.2692811078896846,CID44971-sample-proxy
CID44971_GCGAGAATCAGTTAGC,-3.9550257,7.4939237,16,Epithelial,2.2692811078896846,CID44971-sample-proxy
CID44971_GCGCAGTTCGTAGATC,-5.063369,7.327902,16,Epithelial,2.2692811078896846,CID44971-sample-proxy
CID44971_GCGGGTTCATACAGCT,-4.152666,7.215331,16,Epithelial,2.2692811078896846,CID44971-sample-proxy
CID44971_GCTCTGTGTACAGCAG,-2.563775,7.917063,16,Epithelial,2.2692811078896846,CID44971-sample-proxy
CID44971_GCTCTGTTCCACTCCA,-4.5016184,6.983005,16,Epithelial,2.2692811078896846,CID44971-sample-proxy
CID44971_GCTGCAGTCTGGCGAC,-3.8244681,7.0826416,16,Epithelial,2.2692811078896846,CID44971-sample-proxy
CID44971_GCTGCGACAAGTAATG,-2.4412684,7.6046762,16,Epithelial,2.2692811078896846,CID44971-sample-proxy
CID44971_GCTTCCAAGCACACAG,-3.0929074,6.0966415,16,Epithelial,2.2692811078896846,CID44971-sample-proxy
CID44971_GCTTCCATCATCTGTT,-2.8291223,7.346485,16,Epithelial,2.2692811078896846,CID44971-sample-proxy
CID44971_GCTTGAAGTCACCTAA,-3.947624,6.28546,16,Epithelial,2.2692811078896846,CID44971-sample-proxy
CID44971_GGAACTTAGTCGCCGT,-3.3522022,6.7938557,16,Epithelial,2.2692811078896846,CID44971-sample-proxy
CID44971_GGAATAATCAATCTCT,-3.0796041,6.0853257,16,Epithelial,2.2692811078896846,CID44971-sample-proxy
CID44971_GGACAAGTCGGAAATA,-3.791893,6.2784767,16,Epithelial,2.2692811078896846,CID44971-sample-proxy
CID44971_GGACATTCAAAGGTGC,-2.7741222,8.026541,16,Epithelial,2.2692811078896846,CID44971-sample-proxy
CID44971_GGACATTCAATGGAGC,-3.9039593,7.1846976,16,Epithelial,2.2692811078896846,CID44971-sample-proxy
CID44971_GGACATTCAGGTCGTC,-4.1460695,7.1327496,16,Epithelial,2.2692811078896846,CID44971-sample-proxy
CID44971_GGATTACCAAACGTGG,-2.2654188,7.7119474,16,Epithelial,2.2692811078896846,CID44971-sample-proxy
CID44971_GGATTACCAACGATGG,-4.674505,7.2315946,16,Epithelial,2.2692811078896846,CID44971-sample-proxy
CID44971_GGCAATTGTGATAAAC,-2.5545263,7.5773606,16,Epithelial,2.2692811078896846,CID44971-sample-proxy
CID44971_GGCGACTTCATTATCC,-5.095297,7.45131,16,Epithelial,2.2692811078896846,CID44971-sample-proxy
CID44971_GGCTGGTAGGGAGTAA,-3.464662,7.1997375,16,Epithelial,2.2692811078896846,CID44971-sample-proxy
CID44971_GGCTGGTGTATAGGGC,-4.6371036,6.2358418,16,Epithelial,2.2692811078896846,CID44971-sample-proxy
CID44971_GGGAGATAGTATCTCG,-3.7070048,6.8258715,16,Epithelial,2.2692811078896846,CID44971-sample-proxy
CID44971_GGGATGAGTCTGCGGT,-2.888654,6.6918306,16,Epithelial,2.2692811078896846,CID44971-sample-proxy
CID44971_GGGTCTGAGCAATCTC,-4.8810897,6.6443334,16,Epithelial,2.2692811078896846,CID44971-sample-proxy
CID44971_GGTGCGTGTGTAACGG,-4.5701475,6.3800964,16,Epithelial,2.2692811078896846,CID44971-sample-proxy
CID44971_GTACTCCAGGCCGAAT,-5.136134,7.3139334,16,Epithelial,2.2692811078896846,CID44971-sample-proxy
CID44971_GTCACAAGTCTAAAGA,-2.562802,6.831421,16,Epithelial,2.2692811078896846,CID44971-sample-proxy
CID44971_GTCACGGTCCACGACG,-5.3953485,6.9871707,16,Epithelial,2.2692811078896846,CID44971-sample-proxy
CID44971_GTCATTTCATCCTAGA,-2.4057758,7.8187466,16,Epithelial,2.2692811078896846,CID44971-sample-proxy
CID44971_GTCGGGTTCGCCAGCA,-4.8229384,7.2840066,16,Epithelial,2.2692811078896846,CID44971-sample-proxy
CID44971_GTCTTCGGTTCAGCGC,-4.2595983,6.243815,16,Epithelial,2.2692811078896846,CID44971-sample-proxy
CID44971_GTGCGGTGTAAATGTG,-5.2209964,7.179884,16,Epithelial,2.2692811078896846,CID44971-sample-proxy
CID44971_GTGCTTCAGTGTCTCA,-3.7115223,6.0760083,16,Epithelial,2.2692811078896846,CID44971-sample-proxy
CID44971_GTGGGTCAGTGTCCCG,-5.4173045,7.2382936,16,Epithelial,2.2692811078896846,CID44971-sample-proxy
CID44971_GTTAAGCCACTGTCGG,-4.572854,7.2919493,16,Epithelial,2.2692811078896846,CID44971-sample-proxy
CID44971_GTTCGGGTCTTATCTG,-3.5839498,7.0294414,16,Epithelial,2.2692811078896846,CID44971-sample-proxy
CID44971_GTTCTCGAGAGGGATA,-2.9358652,6.1723785,16,Epithelial,2.2692811078896846,CID44971-sample-proxy
CID44971_TAAACCGAGCCAGTTT,-4.5272923,6.7869263,16,Epithelial,2.2692811078896846,CID44971-sample-proxy
CID44971_TACCTATTCACATAGC,-3.1225076,7.0647006,16,Epithelial,2.2692811078896846,CID44971-sample-proxy
CID44971_TACCTTAGTCAGCTAT,-4.22816,7.445303,16,Epithelial,2.2692811078896846,CID44971-sample-proxy
CID44971_TACGGTAAGTTGAGAT,-3.108108,6.129064,16,Epithelial,2.2692811078896846,CID44971-sample-proxy
CID44971_TACGGTACACCTATCC,-2.5801828,7.188763,16,Epithelial,2.2692811078896846,CID44971-sample-proxy
CID44971_TACGGTATCACCGGGT,-3.0016122,7.111847,16,Epithelial,2.2692811078896846,CID44971-sample-proxy
CID44971_TACTCGCTCATAAAGG,-5.2384,7.2593136,16,Epithelial,2.2692811078896846,CID44971-sample-proxy
CID44971_TACTCGCTCGTCTGCT,-2.260145,7.592397,16,Epithelial,2.2692811078896846,CID44971-sample-proxy
CID44971_TACTTACAGTTAGCGG,-5.3535223,6.93617,16,Epithelial,2.2692811078896846,CID44971-sample-proxy
CID44971_TACTTACGTGACGGTA,-2.5104392,7.863378,16,Epithelial,2.2692811078896846,CID44971-sample-proxy
CID44971_TATTACCAGTGTCTCA,-4.020675,5.911825,16,Epithelial,2.2692811078896846,CID44971-sample-proxy
CID44971_TCAACGATCACCACCT,-4.561079,7.3173985,16,Epithelial,2.2692811078896846,CID44971-sample-proxy
CID44971_TCAATCTGTTATTCTC,-2.1918538,7.673871,16,Epithelial,2.2692811078896846,CID44971-sample-proxy
CID44971_TCACGAAGTGCCTGGT,-4.9082403,6.850142,16,Epithelial,2.2692811078896846,CID44971-sample-proxy
CID44971_TCAGCAAAGCGCCTTG,-2.8122034,8.102465,16,Epithelial,2.2692811078896846,CID44971-sample-proxy
CID44971_TCAGCAATCCTTAATC,-3.4067132,6.5272236,16,Epithelial,2.2692811078896846,CID44971-sample-proxy
CID44971_TCAGCTCGTAGCGATG,-2.3423495,7.6461744,16,Epithelial,2.2692811078896846,CID44971-sample-proxy
CID44971_TCAGGATTCGCACTCT,-2.8625948,7.9868927,16,Epithelial,2.2692811078896846,CID44971-sample-proxy
CID44971_TCTCATACAGATCCAT,-3.606333,6.315029,16,Epithelial,2.2692811078896846,CID44971-sample-proxy
CID44971_TCTGGAATCCCATTTA,-4.878705,6.5175266,16,Epithelial,2.2692811078896846,CID44971-sample-proxy
CID44971_TCTTTCCAGAGGACGG,-3.380647,7.194795,16,Epithelial,2.2692811078896846,CID44971-sample-proxy
CID44971_TGACGGCGTTATGTGC,-4.061524,7.0211587,16,Epithelial,2.2692811078896846,CID44971-sample-proxy
CID44971_TGACTAGAGTGATCGG,-5.167011,7.5114894,16,Epithelial,2.2692811078896846,CID44971-sample-proxy
CID44971_TGACTTTGTCAAAGAT,-2.5960875,7.4886856,16,Epithelial,2.2692811078896846,CID44971-sample-proxy
CID44971_TGACTTTGTCATATCG,-3.4695418,5.9018393,16,Epithelial,2.2692811078896846,CID44971-sample-proxy
CID44971_TGACTTTTCTTTACGT,-5.029581,7.2222686,16,Epithelial,2.2692811078896846,CID44971-sample-proxy
CID44971_TGAGCATAGCGATAGC,-3.5119407,6.7827926,16,Epithelial,2.2692811078896846,CID44971-sample-proxy
CID44971_TGAGCCGTCCGTAGGC,-4.3867664,6.150954,16,Epithelial,2.2692811078896846,CID44971-sample-proxy
CID44971_TGAGCCGTCTTCTGGC,-4.650942,7.224043,16,Epithelial,2.2692811078896846,CID44971-sample-proxy
CID44971_TGCACCTAGGTGATAT,-4.3474317,7.0330315,16,Epithelial,2.2692811078896846,CID44971-sample-proxy
CID44971_TGCCAAAAGAAACGAG,-3.3761127,6.8411136,16,Epithelial,2.2692811078896846,CID44971-sample-proxy
CID44971_TGCCCTATCAGCTCTC,-3.8896613,6.2879853,16,Epithelial,2.2692811078896846,CID44971-sample-proxy
CID44971_TGCGGGTAGACAATAC,-3.0433674,7.8509884,16,Epithelial,2.2692811078896846,CID44971-sample-proxy
CID44971_TGCGTGGAGCAGGCTA,-5.2846565,6.552771,16,Epithelial,2.2692811078896846,CID44971-sample-proxy
CID44971_TGCGTGGCACCGAATT,-3.7150693,7.294545,16,Epithelial,2.2692811078896846,CID44971-sample-proxy
CID44971_TGCGTGGTCAGCAACT,-5.0710487,7.3211446,16,Epithelial,2.2692811078896846,CID44971-sample-proxy
CID44971_TGGACGCAGCTCTCGG,-3.670878,6.192469,16,Epithelial,2.2692811078896846,CID44971-sample-proxy
CID44971_TGGACGCCACCAACCG,-2.9202363,7.1368766,16,Epithelial,2.2692811078896846,CID44971-sample-proxy
CID44971_TGGCGCAAGTGCTGCC,-5.0261707,7.264228,16,Epithelial,2.2692811078896846,CID44971-sample-proxy
CID44971_TGGCGCAAGTTACGGG,-3.4155402,5.923392,16,Epithelial,2.2692811078896846,CID44971-sample-proxy
CID44971_TGGCGCAGTCGCTTCT,-5.190529,7.905944,18,Epithelial,2.7114407719752034,CID44971-sample-proxy
CID44971_TGGGCGTTCATGCTCC,-3.752496,6.8841596,16,Epithelial,2.2692811078896846,CID44971-sample-proxy
CID44971_TGTATTCAGGGAGTAA,-4.1503706,6.935539,16,Epithelial,2.2692811078896846,CID44971-sample-proxy
CID44971_TGTCCCACAGGGCATA,-4.3515334,6.0283546,16,Epithelial,2.2692811078896846,CID44971-sample-proxy
CID44971_TTAACTCGTAGCGTCC,-3.651269,7.036904,16,Epithelial,2.2692811078896846,CID44971-sample-proxy
CID44971_TTAGGCACATCGGACC,-4.1777596,7.362934,16,Epithelial,2.2692811078896846,CID44971-sample-proxy
CID44971_TTCGGTCTCGCCAGCA,-3.7901893,6.6584015,16,Epithelial,2.2692811078896846,CID44971-sample-proxy
CID44971_TTCTCAAAGCCAGTAG,-2.94942,7.6358438,16,Epithelial,2.2692811078896846,CID44971-sample-proxy
CID44971_TTCTTAGAGGCTCAGA,-4.222076,6.0159755,16,Epithelial,2.2692811078896846,CID44971-sample-proxy
CID44971_TTCTTAGGTCGGGTCT,-3.7233305,6.388504,16,Epithelial,2.2692811078896846,CID44971-sample-proxy
CID44971_TTGCCGTGTGGTAACG,-4.3016043,6.864342,16,Epithelial,2.2692811078896846,CID44971-sample-proxy
CID44971_TTGCGTCAGGACCACA,-5.214729,6.489336,16,Epithelial,2.2692811078896846,CID44971-sample-proxy
CID44971_TTGGAACGTCGCATCG,-3.754984,7.1028438,16,Epithelial,2.2692811078896846,CID44971-sample-proxy
CID44971_TTTATGCAGTTAAGTG,-5.4300284,6.634443,16,Epithelial,2.2692811078896846,CID44971-sample-proxy
CID44971_TTTATGCCACAGAGGT,-3.8570073,5.79,16,Epithelial,2.2692811078896846,CID44971-sample-proxy
CID44971_TTTGCGCTCTCCCTGA,-4.732547,6.298615,16,Epithelial,2.2692811078896846,CID44971-sample-proxy
CID44971_TTTGGTTCATTAACCG,-4.0545197,6.4797854,16,Epithelial,2.2692811078896846,CID44971-sample-proxy
CID44971_AAGGTTCAGTGGGCTA,-5.417502,9.023585,18,Epithelial,2.7114407719752034,CID44971-sample-proxy
CID44971_AAGTCTGTCCAATGGT,-5.6092954,9.194927,18,Epithelial,2.7114407719752034,CID44971-sample-proxy
CID44971_ACACCCTAGCACGCCT,-7.033728,9.000681,18,Epithelial,2.7114407719752034,CID44971-sample-proxy
CID44971_ACATACGGTTATCACG,-6.5387745,9.497591,18,Epithelial,2.7114407719752034,CID44971-sample-proxy
CID44971_ACCAGTAAGTGAAGTT,-5.7348084,9.066604,18,Epithelial,2.7114407719752034,CID44971-sample-proxy
CID44971_ACCCACTTCCGAACGC,-6.461648,10.286077,18,Epithelial,2.7114407719752034,CID44971-sample-proxy
CID44971_ACCGTAACACAGGCCT,-7.069051,9.35996,18,Epithelial,2.7114407719752034,CID44971-sample-proxy
CID44971_ACGAGCCCACTTAAGC,-7.0853653,9.799493,18,Epithelial,2.7114407719752034,CID44971-sample-proxy
CID44971_ACTTACTGTTCTGGTA,-5.7069354,9.244176,18,Epithelial,2.7114407719752034,CID44971-sample-proxy
CID44971_ACTTGTTGTTGTGGAG,-5.5521617,9.1804905,18,Epithelial,2.7114407719752034,CID44971-sample-proxy
CID44971_AGAGCGAAGGCAGTCA,-5.930636,9.399122,18,Epithelial,2.7114407719752034,CID44971-sample-proxy
CID44971_AGAGCGAAGTATCGAA,-6.9267387,10.040673,18,Epithelial,2.7114407719752034,CID44971-sample-proxy
CID44971_AGAGCTTAGACGCACA,-5.942291,8.652715,18,Epithelial,2.7114407719752034,CID44971-sample-proxy
CID44971_AGCATACAGTGGACGT,-6.3237495,10.261132,18,Epithelial,2.7114407719752034,CID44971-sample-proxy
CID44971_AGCGGTCCATTAACCG,-6.295951,9.899744,18,Epithelial,2.7114407719752034,CID44971-sample-proxy
CID44971_AGCTCTCAGCTAACTC,-6.056542,9.499681,18,Epithelial,2.7114407719752034,CID44971-sample-proxy
CID44971_AGCTCTCTCTGCTGCT,-7.005701,9.633219,18,Epithelial,2.7114407719752034,CID44971-sample-proxy
CID44971_AGGGAGTGTGCGCTTG,-6.809033,9.009054,18,Epithelial,2.7114407719752034,CID44971-sample-proxy
CID44971_AGGGTGAGTGACTCAT,-6.788869,8.856743,18,Epithelial,2.7114407719752034,CID44971-sample-proxy
CID44971_AGTGAGGAGATCACGG,-6.6266384,10.133144,18,Epithelial,2.7114407719752034,CID44971-sample-proxy
CID44971_ATCACGATCCGCTGTT,-6.280133,10.217069,18,Epithelial,2.7114407719752034,CID44971-sample-proxy
CID44971_ATCTGCCGTCGCGAAA,-7.1052494,9.631144,18,Epithelial,2.7114407719752034,CID44971-sample-proxy
CID44971_ATGCGATAGCTGTTCA,-6.5224757,10.041164,18,Epithelial,2.7114407719752034,CID44971-sample-proxy
CID44971_ATTACTCAGCGTTCCG,-6.1270733,10.050667,18,Epithelial,2.7114407719752034,CID44971-sample-proxy
CID44971_ATTACTCTCGCTTGTC,-5.8184404,9.17551,18,Epithelial,2.7114407719752034,CID44971-sample-proxy
CID44971_ATTGGACGTGTTTGGT,-6.4812284,9.845977,18,Epithelial,2.7114407719752034,CID44971-sample-proxy
CID44971_CAAGGCCCACCCATGG,-6.9616137,9.810026,18,Epithelial,2.7114407719752034,CID44971-sample-proxy
CID44971_CACACAAGTGTTTGGT,-6.8282647,10.155304,18,Epithelial,2.7114407719752034,CID44971-sample-proxy
CID44971_CACATAGTCTCAACTT,-5.887931,8.640361,18,Epithelial,2.7114407719752034,CID44971-sample-proxy
CID44971_CAGAATCAGTATCGAA,-6.846671,9.011344,18,Epithelial,2.7114407719752034,CID44971-sample-proxy
CID44971_CAGCTGGTCGTCACGG,-6.2782316,8.7686825,18,Epithelial,2.7114407719752034,CID44971-sample-proxy
CID44971_CATATGGGTACGACCC,-6.283446,9.377388,18,Epithelial,2.7114407719752034,CID44971-sample-proxy
CID44971_CATCCACCACGAAGCA,-6.0049787,10.037998,18,Epithelial,2.7114407719752034,CID44971-sample-proxy
CID44971_CATCGGGAGTGCGTGA,-6.02202,8.886211,18,Epithelial,2.7114407719752034,CID44971-sample-proxy
CID44971_CATGACAGTCGAGTTT,-6.6377797,10.27228,18,Epithelial,2.7114407719752034,CID44971-sample-proxy
CID44971_CATGCCTTCCAAACTG,-5.5981417,8.652238,18,Epithelial,2.7114407719752034,CID44971-sample-proxy
CID44971_CATGGCGTCAGCAACT,-6.2270384,10.106646,18,Epithelial,2.7114407719752034,CID44971-sample-proxy
CID44971_CATTATCTCTGCTTGC,-6.01178,8.548894,18,Epithelial,2.7114407719752034,CID44971-sample-proxy
CID44971_CCAGCGAGTCTCCACT,-5.4715424,8.844058,18,Epithelial,2.7114407719752034,CID44971-sample-proxy
CID44971_CCCATACTCAGTTAGC,-5.4954762,8.43605,18,Epithelial,2.7114407719752034,CID44971-sample-proxy
CID44971_CCGGTAGTCACCATAG,-6.761906,8.924582,18,Epithelial,2.7114407719752034,CID44971-sample-proxy
CID44971_CCGTACTGTGCGGTAA,-6.955785,9.0419235,18,Epithelial,2.7114407719752034,CID44971-sample-proxy
CID44971_CCGTGGAAGACTACAA,-5.820312,8.362803,18,Epithelial,2.7114407719752034,CID44971-sample-proxy
CID44971_CCTAAAGCAAGTAGTA,-6.173876,9.571357,18,Epithelial,2.7114407719752034,CID44971-sample-proxy
CID44971_CCTACCAAGTCCCACG,-6.7259455,8.934594,18,Epithelial,2.7114407719752034,CID44971-sample-proxy
CID44971_CCTAGCTAGTGGACGT,-6.225709,9.964626,18,Epithelial,2.7114407719752034,CID44971-sample-proxy
CID44971_CCTAGCTCAGACAAGC,-6.0281224,9.917409,18,Epithelial,2.7114407719752034,CID44971-sample-proxy
CID44971_CCTCTGAAGACCTTTG,-5.924185,8.74078,18,Epithelial,2.7114407719752034,CID44971-sample-proxy
CID44971_CCTTCGATCTGAAAGA,-5.7660213,9.639526,18,Epithelial,2.7114407719752034,CID44971-sample-proxy
CID44971_CCTTTCTAGTACACCT,-5.989708,9.926158,18,Epithelial,2.7114407719752034,CID44971-sample-proxy
CID44971_CGAGCACTCGACCAGC,-5.6299644,8.750138,18,Epithelial,2.7114407719752034,CID44971-sample-proxy
CID44971_CGCGGTATCCAAACTG,-5.8388386,9.525123,18,Epithelial,2.7114407719752034,CID44971-sample-proxy
CID44971_CGCGTTTAGACTAGAT,-5.5081024,9.085263,18,Epithelial,2.7114407719752034,CID44971-sample-proxy
CID44971_CGCTGGAAGAGGTAGA,-5.6175337,9.167708,18,Epithelial,2.7114407719752034,CID44971-sample-proxy
CID44971_CGGAGCTGTGTGGCTC,-6.048913,9.842099,18,Epithelial,2.7114407719752034,CID44971-sample-proxy
CID44971_CGGAGCTTCCATGAAC,-6.842177,9.0344,18,Epithelial,2.7114407719752034,CID44971-sample-proxy
CID44971_CGGCTAGTCGCGCCAA,-6.21282,9.740842,18,Epithelial,2.7114407719752034,CID44971-sample-proxy
CID44971_CGGTTAATCTTAGAGC,-5.462612,8.896166,18,Epithelial,2.7114407719752034,CID44971-sample-proxy
CID44971_CGTAGGCAGACAATAC,-5.8534217,8.6215515,18,Epithelial,2.7114407719752034,CID44971-sample-proxy
CID44971_CGTCACTGTGTTCGAT,-6.6033506,10.231842,18,Epithelial,2.7114407719752034,CID44971-sample-proxy
CID44971_CGTTCTGGTATAGGTA,-6.0671444,8.852568,18,Epithelial,2.7114407719752034,CID44971-sample-proxy
CID44971_CTACGTCCACGTTGGC,-5.966365,9.58145,18,Epithelial,2.7114407719752034,CID44971-sample-proxy
CID44971_CTCAGAACATCGGGTC,-5.5810738,9.24329,18,Epithelial,2.7114407719752034,CID44971-sample-proxy
CID44971_CTCATTAGTAGCTGCC,-6.88579,9.075027,18,Epithelial,2.7114407719752034,CID44971-sample-proxy
CID44971_CTCGAAAAGCTCCCAG,-6.189576,10.070702,18,Epithelial,2.7114407719752034,CID44971-sample-proxy
CID44971_CTCGGAGTCGACCAGC,-6.1977954,8.692968,18,Epithelial,2.7114407719752034,CID44971-sample-proxy
CID44971_CTCGGGAAGCCCAGCT,-6.643192,10.073599,18,Epithelial,2.7114407719752034,CID44971-sample-proxy
CID44971_CTGAAACTCAGATAAG,-6.8645997,8.900353,18,Epithelial,2.7114407719752034,CID44971-sample-proxy
CID44971_CTGCGGAAGGCAATTA,-6.959185,8.998845,18,Epithelial,2.7114407719752034,CID44971-sample-proxy
CID44971_CTGTGCTCACGCCAGT,-6.923419,9.962302,18,Epithelial,2.7114407719752034,CID44971-sample-proxy
CID44971_CTTACCGGTGTCTGAT,-6.315992,9.46469,18,Epithelial,2.7114407719752034,CID44971-sample-proxy
CID44971_GAAATGAGTTCCACTC,-6.013201,10.054841,18,Epithelial,2.7114407719752034,CID44971-sample-proxy
CID44971_GAACATCAGCTCCTTC,-6.074604,10.109483,18,Epithelial,2.7114407719752034,CID44971-sample-proxy
CID44971_GAACCTAAGAATCTCC,-5.817673,9.088332,18,Epithelial,2.7114407719752034,CID44971-sample-proxy
CID44971_GAACCTAAGGTAAACT,-7.0327992,9.0199795,18,Epithelial,2.7114407719752034,CID44971-sample-proxy
CID44971_GACGCGTTCTACGAGT,-6.465584,9.062768,18,Epithelial,2.7114407719752034,CID44971-sample-proxy
CID44971_GATCGCGCATGTCTCC,-6.643766,9.05738,18,Epithelial,2.7114407719752034,CID44971-sample-proxy
CID44971_GATGAAACACACCGCA,-5.7959146,9.238006,18,Epithelial,2.7114407719752034,CID44971-sample-proxy
CID44971_GCACATACAAGCGAGT,-5.8664713,8.4481,18,Epithelial,2.7114407719752034,CID44971-sample-proxy
CID44971_GCACTCTAGGCTAGGT,-6.751587,10.241939,18,Epithelial,2.7114407719752034,CID44971-sample-proxy
CID44971_GCATGTATCGCATGAT,-6.0190134,8.731267,18,Epithelial,2.7114407719752034,CID44971-sample-proxy
CID44971_GCCAAATCATACGCCG,-6.4392524,10.082017,18,Epithelial,2.7114407719752034,CID44971-sample-proxy
CID44971_GCGAGAAAGGAGTACC,-6.1915617,9.797987,18,Epithelial,2.7114407719752034,CID44971-sample-proxy
CID44971_GCGAGAATCCAACCAA,-5.787992,8.975776,18,Epithelial,2.7114407719752034,CID44971-sample-proxy
CID44971_GCTCCTAAGAAGGGTA,-6.0021014,9.590816,18,Epithelial,2.7114407719752034,CID44971-sample-proxy
CID44971_GCTGCTTCACTACAGT,-6.155265,9.419083,18,Epithelial,2.7114407719752034,CID44971-sample-proxy
CID44971_GCTTCCACATATACGC,-6.8114533,10.259991,18,Epithelial,2.7114407719752034,CID44971-sample-proxy
CID44971_GGAAAGCGTCAATGTC,-5.8441834,8.472759,18,Epithelial,2.7114407719752034,CID44971-sample-proxy
CID44971_GGAACTTAGGTGACCA,-5.6367836,9.154512,18,Epithelial,2.7114407719752034,CID44971-sample-proxy
CID44971_GGATTACAGTGAAGTT,-6.1749635,10.047073,18,Epithelial,2.7114407719752034,CID44971-sample-proxy
CID44971_GGCGTGTGTGCAACTT,-6.5977507,9.765989,18,Epithelial,2.7114407719752034,CID44971-sample-proxy
CID44971_GGCTGGTAGGCAGTCA,-6.4637556,9.740133,18,Epithelial,2.7114407719752034,CID44971-sample-proxy
CID44971_GGCTGGTGTAAAGTCA,-6.3335414,9.825141,18,Epithelial,2.7114407719752034,CID44971-sample-proxy
CID44971_GGGAATGGTCTAGCGC,-6.1828146,10.089471,18,Epithelial,2.7114407719752034,CID44971-sample-proxy
CID44971_GGGTTGCGTGGTCTCG,-6.8670955,9.693616,18,Epithelial,2.7114407719752034,CID44971-sample-proxy
CID44971_GGTGAAGCAGGTGGAT,-6.93918,8.953349,18,Epithelial,2.7114407719752034,CID44971-sample-proxy
CID44971_GGTGCGTAGCTGCAAG,-6.6349463,9.575098,18,Epithelial,2.7114407719752034,CID44971-sample-proxy
CID44971_GGTGTTATCTCTAAGG,-5.7096696,8.47704,18,Epithelial,2.7114407719752034,CID44971-sample-proxy
CID44971_GTACGTAAGCGATCCC,-6.310323,10.124543,18,Epithelial,2.7114407719752034,CID44971-sample-proxy
CID44971_GTACTCCTCTTCGAGA,-6.6195827,9.106534,18,Epithelial,2.7114407719752034,CID44971-sample-proxy
CID44971_GTAGGCCCACAAGACG,-6.128302,10.027488,18,Epithelial,2.7114407719752034,CID44971-sample-proxy
CID44971_GTGCGGTTCGCTTAGA,-6.805262,9.279737,18,Epithelial,2.7114407719752034,CID44971-sample-proxy
CID44971_GTGCGGTTCGGAGGTA,-6.5491624,9.138373,18,Epithelial,2.7114407719752034,CID44971-sample-proxy
CID44971_GTGGGTCCATCTGGTA,-7.0519423,9.063798,18,Epithelial,2.7114407719752034,CID44971-sample-proxy
CID44971_GTTAAGCAGTTAGCGG,-6.856071,8.956368,18,Epithelial,2.7114407719752034,CID44971-sample-proxy
CID44971_GTTCGGGGTCAATGTC,-5.9940557,8.595676,18,Epithelial,2.7114407719752034,CID44971-sample-proxy
CID44971_TAAACCGTCCGTTGCT,-6.85221,9.885399,18,Epithelial,2.7114407719752034,CID44971-sample-proxy
CID44971_TACCTTACAAGAAGAG,-5.6520762,9.3459,18,Epithelial,2.7114407719752034,CID44971-sample-proxy
CID44971_TACTTACGTGGCAAAC,-5.967129,9.399286,18,Epithelial,2.7114407719752034,CID44971-sample-proxy
CID44971_TACTTGTGTTGATTCG,-6.937616,9.660484,18,Epithelial,2.7114407719752034,CID44971-sample-proxy
CID44971_TACTTGTTCTGCTGTC,-5.739008,8.861748,18,Epithelial,2.7114407719752034,CID44971-sample-proxy
CID44971_TAGGCATTCGTCTGCT,-6.6387453,9.840697,18,Epithelial,2.7114407719752034,CID44971-sample-proxy
CID44971_TAGTGGTTCGTAGATC,-5.9693956,8.406595,18,Epithelial,2.7114407719752034,CID44971-sample-proxy
CID44971_TATCTCAAGCTGCGAA,-5.760435,8.371286,18,Epithelial,2.7114407719752034,CID44971-sample-proxy
CID44971_TATTACCAGACAAGCC,-5.7144012,9.344296,18,Epithelial,2.7114407719752034,CID44971-sample-proxy
CID44971_TCAACGAAGCCACTAT,-6.1963453,10.121533,18,Epithelial,2.7114407719752034,CID44971-sample-proxy
CID44971_TCGAGGCAGACCTTTG,-6.5141087,10.284328,18,Epithelial,2.7114407719752034,CID44971-sample-proxy
CID44971_TCGTAGAGTTAAAGTG,-6.255526,9.65777,18,Epithelial,2.7114407719752034,CID44971-sample-proxy
CID44971_TCTATTGTCACATGCA,-6.3319845,10.142748,18,Epithelial,2.7114407719752034,CID44971-sample-proxy
CID44971_TGACGGCTCATGGTCA,-6.7731876,9.404533,18,Epithelial,2.7114407719752034,CID44971-sample-proxy
CID44971_TGACTTTCACAGCCCA,-5.252299,8.311023,18,Epithelial,2.7114407719752034,CID44971-sample-proxy
CID44971_TGTATTCAGTGGAGAA,-6.143901,8.903267,18,Epithelial,2.7114407719752034,CID44971-sample-proxy
CID44971_TTCTACACATGTAAGA,-6.8795485,9.446418,18,Epithelial,2.7114407719752034,CID44971-sample-proxy
CID44971_TTCTACATCCAAAGTC,-7.024629,9.309862,18,Epithelial,2.7114407719752034,CID44971-sample-proxy
CID44971_TTCTACATCGAATGCT,-5.9983397,10.007868,18,Epithelial,2.7114407719752034,CID44971-sample-proxy
CID44971_TTGAACGTCTTATCTG,-7.018801,9.829318,18,Epithelial,2.7114407719752034,CID44971-sample-proxy
CID44971_TTGGCAAGTTCGTCTC,-5.9045157,9.661303,18,Epithelial,2.7114407719752034,CID44971-sample-proxy
CID44971_TTTATGCTCAGATAAG,-6.036684,9.853576,18,Epithelial,2.7114407719752034,CID44971-sample-proxy
CID44971_TTTCCTCCAAGCCATT,-7.085201,9.349871,18,Epithelial,2.7114407719752034,CID44971-sample-proxy
CID44971_TTTGGTTGTATCACCA,-6.839445,10.189551,18,Epithelial,2.7114407719752034,CID44971-sample-proxy
